0.618017 1.085371 1.277742 1.308216 1.132451 1.105857 1.431905 1.464068 1.303094 1.156986
1.094980 1.164067 1.314093 1.220724 1.129405 1.345160 1.334521 1.232705 1.237604 1.377179
1.438283 1.452613 1.467237 1.526878 1.449472 1.410514 1.511294 1.309896 1.454525 1.917636
1.934336 1.788232 1.713386 1.799296 1.817106 1.658113 1.657986 1.479562 1.463841 1.615784
1.632993 1.513807 1.371516 1.464756 1.688873 1.653798 1.553014 1.438689 1.374903 1.417993
1.491037 1.480875 1.348629 1.421163 1.630498 1.585952 1.526728 1.405484 1.243260 1.077362
1.202414 1.792302 2.016743 1.511898 1.457310 1.718278 1.693248 1.387137 1.271768 1.324835
1.303419 1.267149 1.282397 1.263788 1.225713 1.266840 1.185359 1.107849 1.086391 0.752746
0.555516 0.925891 1.086168 1.013113 0.861772 0.930851 1.183993 1.166654 0.973330 0.841167
0.824976 0.855987 0.868210 0.866850 0.977906 1.116139 1.043783 0.930234 1.040599 1.277922
1.475852 1.596655 1.678851 1.754426 1.730720 1.742141 1.796390 1.655181 1.748668 2.062825
2.173391 2.159672 2.122547 2.210648 2.208585 1.993266 1.896552 1.873131 1.868669 1.928490
1.894674 1.767143 1.684682 1.732576 1.862928 1.852673 1.652907 1.434056 1.367792 1.420758
1.478021 1.470177 1.463187 1.620228 1.815551 1.760712 1.552957 1.323155 1.094886 1.031994
1.279070 1.852042 2.094261 1.803953 1.702167 1.739439 1.592965 1.334685 1.231026 1.229672
1.163243 1.054801 1.011560 0.997487 1.001899 0.981379 0.879151 0.749865 0.613231 0.262028
0.555961 1.025786 1.328229 1.557485 1.381217 1.236075 1.350567 1.417719 1.377094 1.278007
1.163175 1.073159 1.044694 1.172990 1.383508 1.566318 1.577507 1.465350 1.505277 1.776341
2.049919 2.269866 2.467479 2.617640 2.640976 2.688024 2.763527 2.730090 2.687904 2.721584
2.739816 2.748853 2.795827 2.897935 2.891951 2.699622 2.665732 2.868345 3.002977 2.952386
2.826875 2.698244 2.664723 2.714633 2.748385 2.651822 2.395120 2.084418 1.919822 2.009311
2.187532 2.253366 2.318418 2.544310 2.713249 2.585199 2.140144 1.855648 1.865855 1.878551
2.020601 2.347899 2.533220 2.422323 2.348775 2.254472 2.077455 1.958640 1.988865 2.044355
1.892939 1.582243 1.509687 1.561249 1.601052 1.546794 1.379369 1.060720 0.680739 0.088854
0.533330 1.036640 1.415373 1.951165 1.828688 1.577528 1.557333 1.562147 1.677466 1.720655
1.588041 1.295262 1.127839 1.367539 1.752926 2.060146 2.203688 2.164927 2.022565 2.018026
2.075079 2.255397 2.597400 2.893489 3.031919 3.142080 3.250860 3.287437 3.251959 3.147221
3.020081 2.908653 2.919724 3.004287 2.995893 2.945075 3.036125 3.289946 3.505560 3.467382
3.279192 3.144126 3.152344 3.247674 3.268089 3.129965 2.839310 2.476745 2.282782 2.371090
2.615456 2.826237 2.928425 3.113041 3.275362 2.976252 2.184849 1.959930 2.354394 2.724357
2.878104 2.907351 2.722727 2.456773 2.376291 2.417532 2.407438 2.459385 2.520575 2.572286
2.520155 1.938494 1.875201 2.098264 2.226521 2.104641 1.913342 1.482005 0.809184 0.072904
0.542732 1.074804 1.459941 2.106288 2.008170 1.761212 1.732348 1.680186 1.811347 1.985939
1.987738 1.707778 1.352686 1.557929 2.044259 2.458103 2.692116 2.773444 2.572495 2.193557
1.935533 2.092268 2.551693 2.995004 3.293114 3.520420 3.686895 3.753813 3.756339 3.689254
3.493572 3.264267 3.148867 3.128510 3.126507 3.256736 3.466069 3.642544 3.806463 3.804845
3.640173 3.547879 3.579126 3.686654 3.722926 3.577265 3.305302 2.921236 2.632135 2.683601
2.973760 3.273991 3.411159 3.543792 3.720671 3.269134 2.187634 2.023438 2.692716 3.271596
3.592920 3.558078 2.975395 2.353647 2.259860 2.516688 2.772552 2.935127 2.950624 2.871940
2.936671 2.114900 2.113178 2.446807 2.737048 2.527071 2.208590 1.729477 0.984807 0.098962
0.541686 1.081880 1.434059 2.052691 1.930271 1.713046 1.679293 1.605466 1.632484 1.809026
2.091677 2.132766 1.790768 1.774793 2.212340 2.622604 2.884284 3.031558 2.867790 2.281089
1.769281 1.901015 2.363002 2.874542 3.296672 3.620090 3.830003 3.905519 3.932818 3.894991
3.742370 3.481623 3.242400 3.150784 3.197387 3.429714 3.681247 3.804830 3.858739 3.855962
3.755768 3.698458 3.715278 3.768525 3.737548 3.558788 3.359435 3.128015 2.808026 2.722376
2.982913 3.304201 3.482142 3.593541 3.835080 3.534830 2.300019 1.968755 2.602583 3.238981
3.725968 3.768560 2.919214 1.998820 1.912745 2.319769 2.825640 3.141065 3.107464 2.983280
3.137569 2.264243 2.178796 2.483884 2.868345 2.632826 2.194698 1.657655 0.959305 0.093584
0.542232 1.046356 1.397760 1.939261 1.726772 1.393622 1.298050 1.197729 1.153816 1.495136
2.106550 2.496142 2.406501 2.196701 2.427593 2.706386 2.920710 3.050731 3.009575 2.460365
1.767655 1.818937 2.277296 2.825955 3.298161 3.659978 3.872599 3.945290 3.985953 3.957727
3.860553 3.586901 3.229787 3.091733 3.229637 3.509701 3.750632 3.833650 3.838167 3.837579
3.790719 3.728501 3.691574 3.656883 3.530747 3.341697 3.268487 3.281109 3.047467 2.774694
2.916593 3.220832 3.388034 3.516769 3.819909 3.711767 2.605158 2.018421 2.508576 3.147855
3.684024 3.782418 2.769968 1.618509 1.524875 2.046955 2.726914 3.110005 3.084141 3.026408
3.209040 2.500522 2.199137 2.409635 2.730047 2.486841 2.009173 1.429426 0.815906 0.070624
0.541684 1.032395 1.377439 1.851858 1.489429 0.967951 0.902966 0.990898 0.935069 1.531809
2.295342 2.796276 2.900069 2.675126 2.723583 2.891030 3.027618 3.085823 3.125323 2.774786
2.024405 1.926350 2.354669 2.896108 3.348209 3.674872 3.850992 3.920770 3.968530 3.953854
3.886781 3.590875 3.109649 2.948605 3.164463 3.495755 3.705129 3.735523 3.749755 3.757491
3.696754 3.600041 3.522892 3.430979 3.210603 2.985580 3.029067 3.275285 3.253269 2.884194
2.839748 2.987224 3.129009 3.316990 3.681302 3.641740 2.807967 2.162257 2.453129 2.995133
3.481450 3.596420 2.536544 1.277137 1.191964 1.792655 2.530653 2.861597 2.916293 2.952515
3.103367 2.521252 2.130297 2.223340 2.396913 2.200570 1.766427 1.218929 0.704848 0.045717
0.537057 1.053394 1.381044 1.871093 1.489593 0.943411 0.814078 1.200959 1.113686 1.630371
2.478444 3.015890 3.265459 3.119239 3.100708 3.162514 3.198226 3.182193 3.231859 3.097243
2.514215 2.273531 2.573706 3.002721 3.336247 3.507107 3.585863 3.673417 3.754316 3.771410
3.724198 3.431538 2.916454 2.741428 3.028457 3.398656 3.570243 3.560305 3.615964 3.609797
3.438333 3.278792 3.256305 3.237607 3.005134 2.719063 2.744681 3.046391 3.254428 3.067634
2.930142 2.923498 2.995276 3.203467 3.503139 3.416109 2.874599 2.427859 2.569801 2.941992
3.253046 3.350284 2.509026 1.246284 1.106063 1.642609 2.305951 2.658798 2.768866 2.832529
2.882834 2.347678 1.983363 1.954943 2.017379 1.915070 1.584865 1.080512 0.603200 0.037513
0.526005 1.064251 1.397197 1.922938 1.615876 1.148469 0.929361 1.257138 1.491436 1.771533
2.528366 3.116815 3.363960 3.217213 3.190750 3.228910 3.214013 3.138281 3.158940 3.155751
2.938811 2.769006 2.905268 3.160443 3.249911 3.146863 3.177711 3.340809 3.482980 3.543742
3.505349 3.227667 2.720731 2.548962 2.881454 3.256104 3.389968 3.385136 3.500639 3.404395
3.074012 2.933125 3.095652 3.246900 3.075415 2.695946 2.553541 2.735774 3.035684 3.122004
3.087931 2.992368 3.007229 3.197891 3.397668 3.236049 2.874048 2.696255 2.808598 3.066400
3.218355 3.192388 2.610786 1.483551 1.191866 1.643382 2.238487 2.644206 2.759380 2.761874
2.703002 2.175592 1.839867 1.721665 1.701102 1.687924 1.482466 1.036765 0.553565 0.037483
0.529803 1.042581 1.398012 1.887352 1.657243 1.320699 1.123651 1.294162 1.623439 1.982403
2.519309 3.029139 3.166213 3.009064 3.049000 3.143196 3.080351 2.877513 2.846002 2.954251
3.017814 3.048869 3.175776 3.294043 3.050472 2.708862 2.804576 3.050888 3.230845 3.303770
3.263611 2.948168 2.413649 2.331080 2.709940 3.035693 3.139146 3.178864 3.352722 3.065212
2.668917 2.692394 3.024019 3.290512 3.245482 2.880998 2.525278 2.482291 2.743057 2.945162
2.884187 2.820805 3.001791 3.260412 3.381541 3.222167 2.940933 2.858016 2.992977 3.208519
3.293284 3.130877 2.684628 1.810161 1.346326 1.660866 2.249040 2.713017 2.790859 2.687068
2.581266 2.044094 1.732964 1.573323 1.507815 1.518255 1.383017 1.061363 0.617385 0.026781
0.538727 1.023855 1.347572 1.773395 1.536554 1.273609 1.176470 1.187767 1.398693 1.820998
2.343225 2.762717 2.775276 2.693210 2.824584 2.972407 2.864864 2.538348 2.461697 2.582666
2.793613 2.986796 3.209900 3.299543 2.835179 2.430126 2.601886 2.890881 3.031367 3.029690
2.954696 2.541093 1.999572 2.026088 2.415749 2.688284 2.800654 2.968935 3.145970 2.609735
2.279505 2.520463 2.958071 3.258148 3.299458 3.059443 2.647857 2.414400 2.559323 2.730446
2.499890 2.456325 2.858438 3.222156 3.358283 3.339459 3.195019 3.106022 3.160099 3.284887
3.340237 3.149329 2.644922 2.014431 1.606355 1.784693 2.318026 2.766738 2.768627 2.566743
2.450274 1.900811 1.637787 1.504833 1.439441 1.398171 1.266940 1.053122 0.672014 0.047516
0.539704 0.985642 1.312727 1.664417 1.355761 1.094401 0.944867 0.772892 1.024716 1.573101
2.196427 2.575977 2.486786 2.423681 2.500665 2.638300 2.537212 2.199061 2.022385 2.046104
2.264334 2.546567 2.913136 3.066392 2.641717 2.351758 2.533090 2.850133 2.934744 2.826993
2.683944 2.254726 1.689547 1.651794 1.920157 2.215638 2.449499 2.794928 2.883404 2.135215
1.863732 2.270642 2.798897 3.129088 3.240416 3.130480 2.855150 2.567362 2.519531 2.596816
2.372655 2.342846 2.769089 3.142740 3.303022 3.427196 3.473240 3.432193 3.392738 3.379018
3.388914 3.228874 2.639637 2.078596 1.855684 2.004698 2.465400 2.788674 2.707098 2.444227
2.335369 1.750288 1.560576 1.459165 1.432216 1.397777 1.225803 0.973339 0.660034 0.045238
0.535639 0.976263 1.300065 1.501655 1.083543 0.846657 0.610032 0.405520 0.778518 1.470419
2.180489 2.547437 2.452368 2.219293 2.078716 2.178023 2.154274 1.855439 1.525749 1.410342
1.534181 1.908383 2.410531 2.680559 2.471395 2.323154 2.453571 2.793244 2.906596 2.756083
2.594658 2.252396 1.631924 1.391654 1.512774 1.848086 2.214343 2.641084 2.539603 1.656025
1.409864 1.934619 2.585089 2.933773 3.072140 2.959774 2.764165 2.516937 2.307061 2.335880
2.412700 2.526288 2.828178 3.033026 3.149549 3.355064 3.539076 3.596996 3.561961 3.456277
3.379543 3.252994 2.611224 1.990942 1.826828 2.017635 2.437553 2.723602 2.647643 2.386136
2.334121 1.676450 1.461418 1.372782 1.427798 1.475350 1.303095 0.931866 0.651725 0.068433
0.538822 0.998753 1.205055 1.060300 0.759317 0.859679 0.747195 0.437931 0.695666 1.455887
2.217502 2.476818 2.421003 1.976464 1.683825 1.731928 1.775327 1.544403 1.188021 0.986992
1.032850 1.495927 2.030947 2.358325 2.349609 2.240690 2.301058 2.577160 2.737724 2.570990
2.371716 2.074141 1.562830 1.311787 1.337208 1.737312 2.171627 2.472562 2.184236 1.290505
1.039262 1.619054 2.330856 2.563276 2.599593 2.451622 2.434246 2.236395 1.818837 1.906938
2.355418 2.772413 2.973537 2.971429 3.006798 3.225004 3.447408 3.591209 3.638203 3.527509
3.352724 3.159209 2.461520 1.690360 1.463375 1.748336 2.264172 2.679693 2.641339 2.359119
2.426564 1.723005 1.357642 1.294541 1.399372 1.552008 1.483536 1.029363 0.678611 0.117806
0.532565 0.968721 0.889074 0.588227 0.683666 1.123488 1.298340 0.755150 0.765632 1.413696
2.041904 2.204119 2.164989 1.771518 1.414252 1.389510 1.466419 1.364328 1.106879 0.914173
0.846107 1.229061 1.665604 1.940026 2.025867 1.939047 1.921482 2.093229 2.231919 2.087153
1.889017 1.710200 1.454535 1.367359 1.370342 1.653006 1.937228 2.166858 1.937554 1.187212
0.871398 1.349843 1.892107 1.788129 1.612360 1.764066 2.219887 2.000890 1.523360 1.758320
2.393063 3.006479 3.243079 3.160951 3.073996 3.175223 3.319139 3.436884 3.579047 3.537810
3.295593 2.901737 2.004622 1.084631 1.037257 1.559537 2.210285 2.768730 2.668438 2.270364
2.439860 1.827834 1.377327 1.321219 1.447291 1.607396 1.669323 1.227340 0.718567 0.097224
0.531810 0.923217 0.776176 0.513389 0.742249 1.225276 1.568198 1.428411 1.054984 1.286406
1.614047 1.778910 1.801969 1.530225 1.165130 1.157647 1.281875 1.268170 1.150528 1.009368
0.763530 0.889653 1.177095 1.312836 1.364875 1.345277 1.357958 1.487475 1.581321 1.540240
1.388440 1.293814 1.267716 1.294611 1.276232 1.354450 1.507054 1.762228 1.608113 1.131756
0.835300 1.066311 1.261642 0.869081 0.789687 1.397558 2.244547 2.179955 1.533266 1.862521
2.610117 3.319344 3.598213 3.516309 3.345223 3.220412 3.157763 3.206547 3.496556 3.534286
3.211974 2.534095 1.486295 0.679556 0.846285 1.520172 2.288911 2.920858 2.727574 2.168293
2.341424 1.844676 1.387476 1.383627 1.593010 1.727087 1.760274 1.341123 0.710751 0.053611
0.538204 0.954295 0.936067 0.693597 0.826351 1.195420 1.439489 1.623359 1.461004 1.357826
1.345008 1.432030 1.591051 1.462184 1.136481 1.044798 1.101063 1.202477 1.232323 1.118069
0.764060 0.743142 0.861584 0.907444 0.981036 1.018360 1.038677 1.118295 1.207333 1.210163
1.072195 1.007247 1.066214 1.119117 1.125629 1.137036 1.175467 1.294526 1.184685 1.007410
0.881871 0.966599 0.923936 0.503720 0.498678 1.249702 2.124429 2.342637 1.690861 1.957787
2.677305 3.362894 3.670395 3.642529 3.443297 3.220300 2.993043 2.960433 3.389021 3.517991
3.140178 2.306942 1.213156 0.574624 0.774837 1.510650 2.344173 2.983521 2.755108 2.130572
2.244409 1.747120 1.301376 1.407737 1.717468 1.885601 1.787896 1.316429 0.663185 0.022842
0.540509 1.009569 1.137097 1.012356 0.901044 1.129371 1.295555 1.342619 1.206989 1.231167
1.314616 1.416691 1.625998 1.602766 1.345831 1.044082 0.979258 1.124019 1.268480 1.154443
0.891698 0.797981 0.866116 0.816045 0.927076 1.068526 1.077658 1.069453 1.063300 0.999867
0.925328 0.859203 0.876884 0.935271 0.954884 0.944664 0.947212 0.914774 0.881619 0.902799
0.903758 0.928451 0.805290 0.426627 0.446359 1.146328 1.956113 2.278718 1.812827 1.990840
2.663552 3.295670 3.601979 3.591938 3.339889 3.094310 2.855755 2.782307 3.276922 3.473191
3.060539 2.193697 1.084228 0.524026 0.737988 1.484033 2.309747 2.896527 2.684863 2.110091
2.155846 1.644749 1.242805 1.375822 1.732123 1.893761 1.735004 1.211057 0.629332 0.010292
0.533341 1.048611 1.222521 1.323771 1.110134 1.110672 1.066276 0.742724 0.755978 1.144315
1.534002 1.770605 1.864490 1.882455 1.754786 1.313861 1.018183 1.093805 1.249492 1.167607
1.034466 0.941389 0.937177 0.720512 0.766146 1.031580 1.073668 1.013801 0.913888 0.847616
0.780672 0.733994 0.773551 0.766352 0.759505 0.879358 0.874528 0.810092 0.814504 0.823383
0.843875 0.870428 0.770794 0.477658 0.488614 1.023479 1.668803 1.890403 1.623928 1.840155
2.422810 2.913332 3.139390 3.106415 2.857945 2.672011 2.482742 2.590136 3.147943 3.324770
2.893028 2.083657 1.023038 0.512413 0.720883 1.419876 2.228458 2.706438 2.481831 1.990166
2.019099 1.535319 1.198653 1.306779 1.619041 1.746221 1.518829 1.053044 0.586237 0.016650
0.530474 1.044501 1.259327 1.527760 1.339421 1.122209 0.864447 0.504931 0.669969 1.210896
1.781359 2.126564 2.251848 2.282901 2.302292 1.798899 1.307253 1.218431 1.259969 1.221956
1.118129 1.064492 0.858213 0.636016 0.659346 0.881179 0.912672 0.840921 0.786206 0.747096
0.675036 0.687575 0.699473 0.611722 0.595923 0.820877 0.815287 0.842327 0.880677 0.834027
0.788592 0.779969 0.712276 0.493959 0.536047 0.918216 1.288515 1.394752 1.323521 1.534033
1.952444 2.283789 2.418892 2.351189 2.188975 2.086443 2.118897 2.476124 3.024226 3.112315
2.702428 2.018767 1.042580 0.517531 0.714353 1.323282 2.041579 2.465711 2.239127 1.833258
1.861898 1.386888 1.097120 1.150329 1.388661 1.489913 1.266740 0.903238 0.503079 0.033816
0.538728 0.999026 1.276970 1.672409 1.480853 1.120840 0.749698 0.476513 0.681423 1.254084
1.870763 2.310318 2.468271 2.583412 2.751817 2.233537 1.696012 1.474326 1.363675 1.330000
1.168264 0.948860 0.736006 0.614609 0.593027 0.676944 0.710742 0.655532 0.653283 0.642921
0.621798 0.640864 0.624409 0.562573 0.510181 0.631573 0.630625 0.835002 1.040345 0.922093
0.827020 0.714031 0.596502 0.397990 0.624228 1.065558 1.376202 1.429891 1.381362 1.480735
1.726789 1.894802 1.927997 1.907828 1.844847 1.835260 2.033165 2.499368 2.932854 2.912868
2.525589 1.985924 1.094853 0.491206 0.673925 1.255552 1.936219 2.351190 2.120496 1.739265
1.705299 1.229572 0.977596 0.993495 1.149177 1.243083 1.074465 0.835524 0.501497 0.028104
0.544542 0.952391 1.257672 1.725929 1.541300 1.050790 0.555981 0.231476 0.618811 1.294723
1.978638 2.427489 2.535564 2.681301 2.949801 2.458281 1.988836 1.754100 1.557637 1.412211
1.077012 0.654459 0.581214 0.606462 0.536518 0.540616 0.590582 0.514468 0.563648 0.609127
0.597992 0.558295 0.585145 0.581165 0.525577 0.523730 0.557869 0.817973 1.088711 0.943416
0.834445 0.696709 0.565361 0.390901 0.621424 1.192001 1.606720 1.725032 1.668563 1.649158
1.735269 1.678266 1.584927 1.714934 1.872483 1.984452 2.306602 2.703398 2.936160 2.785590
2.350686 1.968146 1.385436 0.686244 0.692669 1.226622 1.891193 2.315514 2.074151 1.684651
1.530380 1.089462 0.917727 0.920768 1.017644 1.037627 0.909750 0.802148 0.595548 0.034506
0.528954 0.969978 1.265198 1.708045 1.553920 0.907156 0.357500 0.019706 0.561533 1.341895
2.093370 2.589419 2.656731 2.715453 3.017091 2.618428 2.226547 2.037950 1.785060 1.562452
1.142952 0.637980 0.501226 0.607252 0.555028 0.502914 0.514785 0.447434 0.554922 0.637722
0.715925 0.719352 0.684860 0.647387 0.637532 0.575593 0.614612 0.798606 0.882826 0.775352
0.742584 0.765303 0.676782 0.521027 0.685733 1.175590 1.569628 1.640523 1.561189 1.587973
1.695172 1.472580 1.347603 1.634561 2.009942 2.305695 2.678729 2.962603 3.080877 2.847495
2.320869 2.083056 2.028363 1.418292 0.947618 1.242706 1.814089 2.162000 1.902045 1.618025
1.373867 1.002073 0.936407 0.954584 0.984199 0.892915 0.793158 0.813104 0.661946 0.076878
0.524101 1.007069 1.288334 1.712083 1.564592 0.830712 0.284129 -0.021913 0.496956 1.327633
2.162295 2.784535 2.849157 2.757056 3.068064 2.786884 2.487599 2.307694 2.044097 1.748929
1.281880 0.706412 0.536474 0.531669 0.510892 0.501307 0.477264 0.427036 0.361255 0.577393
0.911808 1.306148 1.347947 0.984247 0.820828 0.742243 0.684867 0.644390 0.621437 0.640164
0.706901 0.845541 0.845757 0.638234 0.707529 1.009677 1.267809 1.285146 1.207074 1.369717
1.780883 1.680579 1.441220 1.673467 2.122005 2.563589 2.916566 3.196660 3.334030 3.129035
2.506723 2.244561 2.511000 2.546448 1.855807 1.482815 1.710107 1.900478 1.743382 1.581192
1.287982 1.006248 0.987169 1.020238 1.018228 0.856752 0.720800 0.837347 0.781632 0.140014
0.530681 0.993015 1.296238 1.739256 1.539235 0.835255 0.365131 0.128498 0.506650 1.322582
2.169937 2.778497 2.850630 2.785055 3.063928 2.906320 2.610959 2.419784 2.204881 1.863375
1.293304 0.740106 0.544754 0.480534 0.454503 0.521721 0.450894 0.287144 -0.037654 0.409684
1.235585 2.145833 2.481590 1.906415 1.060739 0.832968 0.708263 0.579522 0.591571 0.685091
0.793800 0.809799 0.780261 0.629499 0.712691 0.919818 1.127513 1.104632 1.002401 1.250367
1.924358 2.187174 1.835772 1.827866 2.211096 2.683010 3.006755 3.332018 3.516843 3.396958
2.769406 2.407807 2.639880 2.890990 2.677567 2.065430 1.865868 1.868730 1.719572 1.520330
1.237521 1.065352 1.040620 1.030476 1.037534 0.891188 0.702210 0.821374 0.825379 0.166057
0.536936 0.941132 1.312051 1.766579 1.515244 0.867782 0.481773 0.280596 0.607882 1.308601
2.033470 2.563567 2.775939 2.809983 3.037435 2.899379 2.522366 2.295413 2.143818 1.799794
1.261867 0.767344 0.543202 0.474830 0.481913 0.519856 0.490894 0.274805 -0.105962 0.444065
1.283995 2.242960 3.078606 2.736889 1.427709 0.852467 0.676555 0.617573 0.668977 0.719755
0.765465 0.711450 0.644345 0.562650 0.750207 0.992853 1.082999 0.984226 0.990496 1.296304
1.881806 2.361629 2.261659 2.083883 2.323280 2.755349 2.999294 3.365426 3.611527 3.590642
3.031803 2.521934 2.522878 2.631294 2.435690 2.152411 2.121566 2.080698 1.843882 1.488441
1.198898 1.076827 1.025106 1.007651 1.017811 0.905803 0.760118 0.805502 0.700608 0.121602
0.514778 1.001633 1.335458 1.824751 1.546104 0.918658 0.494869 0.261932 0.628135 1.314239
1.987439 2.496266 2.710051 2.735232 2.925902 2.777012 2.355131 2.112164 1.948614 1.689121
1.221642 0.807137 0.538495 0.495619 0.519770 0.565048 0.501822 0.364949 0.030021 0.421952
1.318916 2.246296 3.177260 3.125254 1.768687 0.900635 0.657547 0.644703 0.660744 0.664562
0.649731 0.610574 0.682062 0.672243 0.798474 0.914069 0.795609 0.771560 0.982866 1.429471
1.959237 2.424278 2.546304 2.466629 2.617776 2.838416 3.003762 3.366050 3.630500 3.670576
3.192376 2.583529 2.272400 1.997338 1.736655 1.851954 2.207734 2.310778 2.059597 1.556622
1.195748 1.024151 0.967554 0.961763 0.968188 0.880249 0.782651 0.831199 0.677810 0.114473
0.507969 1.048139 1.335596 1.854372 1.585266 0.945834 0.489029 0.273781 0.641980 1.355892
2.084336 2.614988 2.738315 2.718282 2.900093 2.823725 2.419466 2.138694 1.874444 1.616698
1.180943 0.826072 0.551529 0.531480 0.510085 0.543488 0.478926 0.389917 0.138208 0.480408
1.335231 2.319364 3.114954 2.898272 1.726488 0.966228 0.641631 0.585777 0.602295 0.611070
0.577558 0.631690 0.753880 0.840692 0.923478 0.851839 0.648850 0.652075 0.965127 1.570281
2.222331 2.689645 2.846335 2.874723 2.948961 3.012602 3.166811 3.467739 3.672818 3.691999
3.289957 2.693115 2.047045 1.465928 1.289096 1.634103 2.230084 2.466877 2.246209 1.689502
1.237458 0.953565 0.888309 0.907274 0.909786 0.814612 0.724884 0.848468 0.790627 0.163410
0.525197 0.990504 1.277631 1.793574 1.555818 0.954601 0.519764 0.298784 0.682319 1.428170
2.207258 2.777677 2.942773 2.894239 2.982043 2.887173 2.520717 2.230377 1.902588 1.605453
1.162168 0.768518 0.574705 0.550931 0.507945 0.530470 0.490812 0.461125 0.269291 0.520753
1.237187 2.181345 2.633946 2.090560 1.169693 0.782508 0.607702 0.540727 0.575189 0.636508
0.613439 0.694369 0.805389 0.865322 0.966695 0.924199 0.730564 0.595939 0.904747 1.566994
2.295775 2.808961 2.997234 3.068752 3.150464 3.206578 3.327198 3.530989 3.666340 3.660696
3.368988 2.863740 1.970471 1.165754 1.081145 1.548222 2.200477 2.553511 2.328248 1.822653
1.304374 0.909638 0.827268 0.860247 0.858125 0.751630 0.673230 0.848690 0.924871 0.280880
0.529451 0.925186 1.246600 1.694417 1.490348 0.920684 0.489445 0.344411 0.737194 1.496797
2.324526 2.950359 3.243521 3.246349 3.085889 2.810511 2.513044 2.292685 2.047879 1.744978
1.290811 0.749444 0.593849 0.633430 0.563329 0.560924 0.523549 0.425145 0.446879 0.595134
0.995954 1.482634 1.459659 1.032702 0.774947 0.637139 0.545775 0.532218 0.610220 0.665219
0.671061 0.693125 0.775650 0.821476 0.863169 0.937252 0.816882 0.615055 0.845389 1.503697
2.256109 2.827927 3.097424 3.161274 3.254394 3.309281 3.359292 3.470997 3.572830 3.580363
3.400242 2.961268 1.877296 0.851692 0.974281 1.534349 2.182804 2.629816 2.436128 1.944467
1.397747 0.908680 0.813158 0.824329 0.848453 0.762774 0.663116 0.825207 0.961904 0.417394
0.523728 0.949810 1.272703 1.654232 1.365070 0.852595 0.486611 0.375621 0.778358 1.543789
2.405061 3.078795 3.421751 3.411722 3.249734 3.051808 2.807222 2.604651 2.451582 2.171093
1.616101 0.929429 0.651902 0.694822 0.608255 0.584489 0.529635 0.450706 0.540847 0.614222
0.764197 0.705337 0.569838 0.590387 0.588353 0.442144 0.478820 0.620338 0.693727 0.731310
0.742713 0.700506 0.683226 0.699796 0.834748 0.951088 0.849906 0.676052 0.849535 1.459399
2.208961 2.789866 3.042384 3.080560 3.188518 3.247897 3.259284 3.309886 3.416876 3.491185
3.409700 2.929414 1.676909 0.721683 0.908852 1.543802 2.246973 2.750493 2.556214 2.005558
1.536398 0.982161 0.853667 0.833282 0.897499 0.869153 0.726217 0.793740 0.904894 0.398514
0.521257 1.033876 1.301439 1.584029 1.218524 0.759529 0.470595 0.342221 0.767384 1.561430
2.465218 3.258980 3.611886 3.526968 3.379162 3.344916 3.269200 3.122578 2.992513 2.722040
2.041398 1.173761 0.799425 0.718462 0.647589 0.603788 0.541347 0.537508 0.561789 0.544701
0.689130 0.597548 0.529930 0.494637 0.394939 0.123599 0.555888 0.982058 0.824699 0.809686
0.852179 0.754501 0.640642 0.639120 0.868470 1.037964 0.910803 0.709934 0.875821 1.494107
2.221985 2.769175 2.956739 2.968330 3.067432 3.127691 3.118750 3.152016 3.290737 3.451855
3.484459 2.953190 1.634271 0.821983 0.941725 1.562354 2.325695 2.854014 2.592038 2.016043
1.689098 1.114823 0.920400 0.863635 0.959443 0.990207 0.879211 0.754420 0.644074 0.175404
0.520109 1.041683 1.293575 1.546758 1.165201 0.725152 0.439977 0.258248 0.677786 1.519831
2.435233 3.278641 3.644821 3.415230 3.127413 3.185695 3.325246 3.331178 3.263146 3.048715
2.297704 1.398946 0.925713 0.707240 0.620704 0.608145 0.614529 0.601920 0.577714 0.554069
0.625059 0.581875 0.584801 0.539954 0.404231 0.211585 0.562721 1.092106 0.942994 0.808947
0.864181 0.816003 0.661529 0.674803 0.857628 1.086178 1.033893 0.818231 0.898805 1.491990
2.201424 2.743389 2.893533 2.881338 2.957435 3.024875 3.009351 3.064120 3.225905 3.456083
3.572759 3.077672 1.696662 0.876533 0.956779 1.541641 2.294718 2.789489 2.570184 2.035876
1.839007 1.265203 0.983305 0.867128 0.971367 1.035555 0.931581 0.747231 0.458182 0.028325
0.521363 0.962985 1.273776 1.624062 1.269424 0.798353 0.442621 0.228329 0.597567 1.454568
2.375820 3.234509 3.649812 3.280517 2.804230 2.781018 3.019591 3.208194 3.275256 3.085218
2.321694 1.499681 1.032134 0.686259 0.592251 0.618819 0.704734 0.764699 0.695081 0.658037
0.663765 0.632262 0.638508 0.644787 0.606853 0.516368 0.476900 0.708927 0.875215 0.749717
0.764105 0.852566 0.749654 0.721950 0.851916 1.076340 1.129407 0.973177 1.001742 1.454639
2.106388 2.625741 2.729088 2.718143 2.799572 2.910577 2.952569 3.057573 3.242945 3.493225
3.620743 3.253429 1.884893 0.922283 0.922880 1.468130 2.183865 2.651327 2.468763 2.017459
1.898495 1.319013 0.952384 0.859879 0.949773 1.004891 0.896460 0.760631 0.471881 0.012198
0.524675 0.934358 1.270895 1.719966 1.427801 0.925784 0.564761 0.333356 0.568815 1.360409
2.257821 3.132345 3.598654 3.159489 2.487003 2.280224 2.457743 2.791644 3.058539 2.997529
2.339751 1.509718 1.109400 0.724484 0.629840 0.670968 0.759844 0.855125 0.803568 0.685226
0.635645 0.655869 0.636818 0.611690 0.643170 0.588634 0.493038 0.611499 0.702407 0.695604
0.763353 0.889721 0.830000 0.745005 0.857777 1.059484 1.114125 1.037020 1.112386 1.522501
2.066720 2.479847 2.485971 2.454432 2.607756 2.830370 2.981211 3.124638 3.297196 3.510245
3.621278 3.437951 2.312015 1.105640 0.926335 1.365164 2.003092 2.388389 2.198002 1.875549
1.745912 1.198366 0.887618 0.843055 0.922808 0.958032 0.826487 0.664605 0.486125 0.025028
0.532891 0.964625 1.296468 1.785000 1.523441 1.087730 0.765615 0.509083 0.649783 1.272661
2.118891 2.983905 3.399289 2.884701 1.987113 1.598567 1.785463 2.242788 2.770991 2.955152
2.350103 1.518115 1.165211 0.807271 0.738125 0.791021 0.884344 0.974085 0.861305 0.741684
0.698082 0.672669 0.631161 0.621320 0.571634 0.580803 0.592623 0.653701 0.788958 0.782479
0.783403 0.854754 0.876474 0.803703 0.874075 1.043583 1.075373 1.050316 1.189556 1.638119
2.162262 2.508770 2.422350 2.329949 2.560000 2.911560 3.158603 3.289511 3.398598 3.534346
3.619667 3.545492 2.860023 1.547831 1.019369 1.233940 1.692161 1.977114 1.857141 1.679634
1.433878 1.026506 0.848633 0.807189 0.856783 0.925818 0.746760 0.521326 0.474141 0.096367
0.533023 1.009823 1.334276 1.828651 1.541955 1.150612 0.922877 0.784944 0.883086 1.307599
1.959034 2.666152 2.823631 2.202659 1.440495 1.171177 1.442253 2.025271 2.695616 2.966268
2.414100 1.599778 1.273947 0.925917 0.894378 0.982715 1.073448 1.099688 0.957254 0.863264
0.865086 0.795210 0.737986 0.647930 0.508626 0.670831 0.804730 0.735724 0.803053 0.818278
0.815724 0.844855 0.885749 0.873977 0.893118 1.026318 1.079069 1.076075 1.226895 1.711317
2.287954 2.689515 2.631435 2.475873 2.633776 2.992821 3.274183 3.375601 3.423267 3.514014
3.593123 3.565540 3.177981 2.079570 1.262431 1.331010 1.635618 1.835967 1.756734 1.533666
1.218332 0.967365 0.811082 0.737473 0.823447 0.968545 0.844915 0.480537 0.456703 0.192425
0.526646 1.013764 1.340938 1.868790 1.597574 1.166793 0.988861 0.968020 1.132134 1.483791
1.975667 2.362655 2.141735 1.490443 1.084859 1.009636 1.345363 1.954700 2.635950 2.876605
2.395012 1.726885 1.494864 1.259795 1.211052 1.331142 1.402822 1.294014 1.165719 1.218114
1.327717 1.290785 1.179083 1.000259 0.868501 1.032317 1.127615 0.902124 0.821790 0.838757
0.895060 0.930059 0.961053 0.976176 0.950240 1.006247 1.060109 1.057763 1.214101 1.721251
2.351605 2.856515 2.997849 2.877672 2.828561 2.993454 3.152492 3.201195 3.275227 3.438880
3.574876 3.597086 3.333406 2.396380 1.477950 1.484458 1.839286 2.045866 1.978483 1.582277
1.150590 0.951069 0.809134 0.785148 0.934350 1.121504 1.051069 0.630534 0.466364 0.135696
0.518778 1.009508 1.322299 1.865800 1.617498 1.247691 1.073229 1.095900 1.267620 1.586379
1.925915 2.075401 1.713207 1.118844 0.756506 0.764899 1.121631 1.716997 2.343762 2.517973
2.108632 1.818727 1.958060 1.973121 1.945487 2.042133 2.110720 1.889125 1.613463 1.743469
2.081299 2.249896 2.225236 2.102390 1.796359 1.731125 1.791312 1.652356 1.267663 1.102576
1.160074 1.229337 1.244582 1.217265 1.126827 1.094028 1.069117 1.048718 1.201935 1.734875
2.411495 2.976040 3.277150 3.263794 3.059448 2.893750 2.793057 2.837507 3.078701 3.365688
3.582584 3.644375 3.443423 2.542166 1.562011 1.506601 1.909748 2.291526 2.338882 1.887301
1.252390 1.035076 1.064996 1.084753 1.200109 1.334014 1.191454 0.748288 0.483291 0.086725
0.524004 1.023112 1.275381 1.763549 1.514546 1.330492 1.178590 1.135844 1.253013 1.476569
1.696558 1.787833 1.469340 0.939828 0.590153 0.579999 0.842505 1.270299 1.705831 1.823051
1.754951 1.901684 2.343457 2.642426 2.667134 2.736585 2.919763 2.673501 2.162721 2.202802
2.686185 3.046067 3.166271 3.140901 2.938612 2.763106 2.672562 2.653512 2.364242 1.827407
1.707503 1.812644 1.822295 1.722390 1.493633 1.369192 1.274339 1.193106 1.293091 1.844528
2.566199 3.146007 3.514611 3.556437 3.299513 2.886273 2.556447 2.600986 2.982056 3.337518
3.608033 3.685930 3.447349 2.445992 1.542782 1.571559 2.003512 2.513455 2.671555 2.331674
1.682528 1.260131 1.349137 1.443260 1.523534 1.507549 1.279946 0.816723 0.556772 0.162928
0.526256 0.980201 1.182722 1.473494 1.300126 1.262839 1.168154 1.017546 1.035282 1.183468
1.309927 1.298079 1.178902 0.968680 0.831385 0.804461 0.843186 1.037927 1.298408 1.476741
1.512470 1.810018 2.313137 2.652693 2.657292 2.772909 3.135359 3.186235 2.639019 2.454624
2.870383 3.310033 3.527453 3.583184 3.500477 3.383756 3.286684 3.300266 3.206689 2.736709
2.377733 2.387457 2.418769 2.296811 1.994586 1.817005 1.683195 1.490808 1.491423 1.984480
2.675318 3.249495 3.590385 3.618593 3.437496 3.057869 2.631860 2.602522 2.972217 3.349816
3.652642 3.705027 3.194259 2.100293 1.544839 1.772833 2.245310 2.733818 2.841952 2.662000
2.209210 1.636056 1.601282 1.684105 1.650884 1.490472 1.235366 0.888170 0.724030 0.295492
0.570993 0.786703 1.057153 1.211918 1.093347 1.144394 1.003989 0.747827 0.687670 0.784561
0.927508 0.859752 0.789022 0.852200 0.996826 1.209854 1.385294 1.292900 1.284459 1.445811
1.467484 1.700544 2.098444 2.253600 2.222567 2.533217 3.066989 3.392738 3.042458 2.686036
2.937814 3.340912 3.538765 3.518745 3.421067 3.310788 3.279095 3.361420 3.403741 3.187839
2.853962 2.744458 2.768942 2.698730 2.501517 2.374317 2.261269 2.002360 1.843396 2.171351
2.740834 3.242110 3.424809 3.385022 3.355416 3.275212 2.992617 2.880661 3.091608 3.402862
3.697751 3.639919 2.648457 1.663782 1.538463 1.961210 2.509524 2.936558 2.959756 2.816126
2.546751 1.935155 1.800834 1.769717 1.615189 1.385932 1.211194 0.980794 0.734617 0.218354
0.463290 0.854026 1.275696 1.456776 1.245715 1.202610 0.953387 0.454565 0.351053 0.668153
1.084793 0.967560 0.621396 0.809819 1.007721 1.214195 1.576158 1.635400 1.427868 1.578891
1.621233 1.676372 1.864368 1.805164 1.817166 2.261589 2.849384 3.325698 3.198817 2.847143
2.888044 3.055027 2.930523 2.691521 2.762211 2.978706 3.187216 3.326400 3.438283 3.398469
3.251309 3.147678 3.089117 3.026326 2.939510 2.920637 2.912056 2.718894 2.405064 2.441947
2.807787 3.114384 3.014690 2.923794 3.114378 3.315170 3.354623 3.287303 3.319139 3.502958
3.705888 3.443543 2.148067 1.377331 1.506125 2.011163 2.584204 2.996854 3.021769 2.866418
2.682240 2.062027 1.789743 1.735644 1.628038 1.426912 1.220419 0.913174 0.584548 0.192797
0.367042 0.975365 1.581313 1.895015 1.655963 1.544894 0.931428 0.364154 0.641390 0.787737
1.345770 1.384318 0.681087 0.792575 0.875248 1.014159 1.367722 1.659737 1.590418 1.707113
1.826929 1.804496 1.766761 1.563707 1.576184 2.007258 2.570464 3.141822 3.221762 2.860789
2.614195 2.276452 1.744688 1.878525 2.421843 2.969066 3.316799 3.447434 3.541398 3.606692
3.624391 3.570718 3.457289 3.348821 3.283722 3.279819 3.371539 3.293422 2.952600 2.722099
2.807896 2.810916 2.486206 2.435989 2.836019 3.193898 3.469403 3.552346 3.548360 3.603627
3.600407 3.071697 1.747768 1.082441 1.374202 1.936434 2.536982 2.964344 2.952779 2.777489
2.699973 2.029617 1.544507 1.501382 1.631442 1.621457 1.335287 0.890012 0.393062 0.346643
0.445680 1.064519 1.569119 2.079308 1.799155 1.702599 0.930215 0.424977 0.896739 1.044223
1.300054 1.264510 0.835766 0.733328 0.473561 0.677144 1.082656 1.599586 1.521051 1.641538
1.910015 1.930791 1.730084 1.430393 1.355054 1.709203 2.299418 2.901587 3.149122 2.791855
2.102127 1.259529 1.007647 1.558095 2.300500 2.964046 3.324911 3.366023 3.344019 3.454581
3.626033 3.672118 3.595973 3.485263 3.429839 3.434963 3.571270 3.577506 3.285817 2.940577
2.774202 2.451941 2.039061 2.123770 2.651589 3.070974 3.432049 3.632707 3.710151 3.687379
3.452079 2.667047 1.392684 0.895379 1.255453 1.880607 2.554669 2.950378 2.864098 2.600284
2.627154 1.911855 1.224774 1.203587 1.544197 1.884615 1.603815 1.042273 0.428730 0.339010
0.454623 1.094442 1.462166 1.910266 1.493659 1.209073 0.696474 0.770997 0.926924 0.922570
1.074336 0.983834 0.782646 0.758882 0.450407 0.616696 0.866167 1.382785 1.264504 1.505700
1.788299 1.815655 1.539100 1.321935 1.206167 1.521481 2.127995 2.688349 3.000477 2.627310
1.531536 0.751814 0.797870 1.486249 2.302911 2.989740 3.281652 3.072208 2.828339 2.994718
3.378431 3.526171 3.542583 3.476059 3.466644 3.535424 3.703359 3.768529 3.542613 3.172731
2.818393 2.250292 1.812489 2.028095 2.601762 3.041363 3.423403 3.682198 3.839532 3.801123
3.459827 2.632307 1.379068 0.887841 1.212205 1.877300 2.625340 2.993187 2.771075 2.395311
2.411281 1.794844 1.090372 1.064078 1.425703 1.854672 1.708266 1.250090 0.618437 0.231564
0.450043 1.100875 1.127671 1.407504 0.981249 0.782945 0.719117 1.060535 0.759250 0.615238
1.043616 1.058231 0.597260 0.865581 0.628902 0.458594 0.540043 1.048028 1.127507 1.243022
1.452104 1.515787 1.393953 1.340176 1.209318 1.427392 1.963528 2.459282 2.741632 2.458752
1.349396 0.648743 0.752887 1.416309 2.205239 2.832794 3.022499 2.535526 2.183732 2.428870
2.877071 3.088159 3.251277 3.290280 3.392149 3.566466 3.758153 3.857955 3.740793 3.412886
2.909736 2.155350 1.702834 1.934251 2.522832 3.048805 3.436053 3.692816 3.888995 3.888102
3.599477 3.015389 1.830478 1.117706 1.271184 1.862074 2.566645 2.834188 2.525537 2.127149
2.075326 1.649502 1.138901 1.031752 1.251085 1.423770 1.321104 1.121675 0.706590 0.244041
0.431980 0.983324 0.941145 1.080853 0.737925 1.009639 0.771594 0.992482 0.970524 0.622413
0.927043 1.097825 0.845162 0.960139 0.802406 0.510170 0.394342 0.684758 0.818621 0.869288
1.141667 1.390101 1.430433 1.444767 1.342587 1.446298 1.828820 2.161537 2.208654 2.004965
1.403462 0.786623 0.851476 1.334259 1.965190 2.491343 2.609724 2.040656 1.670724 1.808859
2.134646 2.418209 2.686605 2.851220 3.092628 3.393834 3.616572 3.725310 3.676660 3.361031
2.743425 1.928402 1.560544 1.841704 2.457738 3.044901 3.428778 3.672593 3.867814 3.922385
3.736427 3.364689 2.563742 1.708969 1.553701 1.866737 2.320413 2.435495 2.204710 1.928094
1.778723 1.403186 1.180490 1.020199 0.957839 0.813852 0.705212 0.851950 1.011316 0.445927
0.448296 0.924796 0.850839 0.892923 0.704184 1.035881 0.897686 0.982442 0.970813 0.680989
0.699627 0.837530 0.836430 1.259965 1.028195 0.815249 0.432567 0.248387 0.214022 0.470612
1.262196 1.578068 1.480600 1.506748 1.490421 1.558396 1.677940 1.678741 1.396084 1.386815
1.535077 1.423300 1.313138 1.596251 2.060979 2.509385 2.681871 2.239949 1.662866 1.524796
1.666656 1.873767 2.093291 2.335916 2.747865 3.160844 3.384021 3.461169 3.329627 2.953834
2.445712 1.781344 1.551057 1.912681 2.530591 3.029645 3.363744 3.563734 3.720809 3.801744
3.704402 3.441259 2.774189 2.098923 1.883094 2.048071 2.318023 2.347373 2.188972 1.894876
1.560835 1.152756 1.095232 1.061199 0.865225 0.503860 0.593548 0.880600 0.942599 0.453745
0.447531 0.794012 0.839350 1.161543 0.816311 0.738866 0.654379 0.783527 0.986211 0.675589
0.552444 0.904188 0.905814 1.327470 1.098197 0.830846 0.480200 0.337840 0.156739 0.445892
1.221677 1.427678 1.259392 1.397560 1.575206 1.692507 1.554506 1.281644 1.011566 1.192959
1.638662 1.972905 1.928755 2.012489 2.331660 2.640433 2.778151 2.469279 1.995536 1.809095
1.779450 1.787624 1.816401 2.073555 2.603142 3.024756 3.167769 3.137917 2.751899 2.351812
2.122276 1.630801 1.543076 1.959762 2.545981 2.938763 3.190948 3.311501 3.435673 3.522392
3.477019 3.256042 2.519971 1.859966 1.808921 2.185966 2.504404 2.507259 2.280558 1.896944
1.445991 1.091045 1.121899 1.118379 0.736340 0.248614 0.611941 0.848383 0.423827 0.490142
0.471113 0.909207 1.025157 1.104370 0.762011 0.713545 0.531555 0.715195 0.916996 0.751958
0.670030 0.961670 0.818229 0.513275 0.667052 0.859587 0.763240 0.650309 0.557121 0.477126
0.840173 0.943181 1.027971 1.270266 1.567204 1.728089 1.540335 1.210110 1.042886 1.233778
1.685931 2.118916 2.201469 2.177355 2.288606 2.451453 2.521370 2.240275 1.956019 1.924260
1.861823 1.726884 1.624558 1.859102 2.373609 2.711994 2.788103 2.707326 2.161948 1.825799
1.723126 1.374876 1.369192 1.781900 2.265636 2.570959 2.754834 2.821776 2.884773 2.920767
2.891994 2.760815 2.119154 1.525458 1.607329 2.104879 2.409147 2.391278 2.155153 1.826552
1.535475 1.235606 1.206798 1.049783 0.301664 0.417435 0.759885 0.716771 0.404452 0.675305
0.575569 1.035674 0.989288 0.862973 0.799851 0.824905 0.662592 0.607909 0.542710 0.690386
0.636046 0.509353 0.676545 0.242843 0.717332 1.179554 1.055680 0.612915 0.549756 0.446080
0.769680 1.016451 0.881899 1.142128 1.466549 1.706811 1.551331 1.206235 1.166514 1.381769
1.709121 2.047543 2.122932 1.931412 1.919694 2.013242 2.031235 1.780774 1.665655 1.724004
1.678938 1.496218 1.394104 1.601650 1.998646 2.173348 2.222753 2.186111 1.755213 1.387993
1.236089 1.080475 1.115304 1.410422 1.741599 1.977115 2.155767 2.217888 2.151698 2.095371
2.110873 2.116822 1.746141 1.307729 1.315434 1.560948 1.785921 1.864772 1.880075 1.849325
1.730599 1.437713 1.260754 0.820324 0.277988 0.524505 0.763211 0.798806 0.403060 0.627002
0.600909 1.072802 1.115444 0.893221 0.895558 0.919945 0.605149 0.488675 0.449099 0.566235
0.933224 0.657838 0.648764 0.683095 0.841075 1.086466 0.994289 1.029459 0.685101 0.405977
0.686516 1.017989 0.938982 1.172318 1.462040 1.719101 1.584617 1.131454 0.946314 1.218070
1.679439 2.086783 2.170247 1.874941 1.630534 1.525939 1.527504 1.446951 1.408402 1.380542
1.336497 1.231499 1.162980 1.231714 1.441200 1.561409 1.597930 1.568041 1.385773 1.123074
0.940554 0.867889 0.937531 1.122603 1.281465 1.457752 1.610494 1.593816 1.410191 1.369866
1.516874 1.642508 1.554407 1.297544 1.052292 0.947982 1.037554 1.314827 1.587309 1.740473
1.762074 1.599863 1.238731 0.531523 0.309444 0.430625 0.779301 0.994239 0.689318 0.387317
0.546499 1.211323 1.214018 1.059485 1.048443 0.985475 0.567230 0.573880 0.623795 0.660880
0.848623 0.919677 1.008815 1.076672 0.810867 0.571884 1.025056 1.276927 0.966296 0.271463
0.556227 1.004737 0.987157 1.274207 1.637256 1.800974 1.612684 1.077306 0.762841 1.047560
1.565596 2.083124 2.261947 1.959916 1.545623 1.242928 1.290740 1.341332 1.255895 1.148416
1.088758 1.098992 1.126890 1.139751 1.185025 1.226159 1.174871 1.118930 1.138033 1.080201
0.919243 0.900140 1.033691 1.182133 1.212187 1.271829 1.365115 1.274907 1.142823 1.172474
1.382587 1.493988 1.399584 1.101460 0.788351 0.752790 0.824552 1.126016 1.393150 1.441226
1.573448 1.537974 1.155060 0.488762 0.263059 0.227353 0.842976 1.066826 0.778155 0.409594
0.487104 1.182948 1.277397 1.210380 1.077179 1.078964 0.726065 0.409408 0.501601 0.741705
1.024606 1.049550 1.163845 1.116625 0.597518 0.582782 1.154106 1.187115 1.005888 0.297786
0.434449 1.073599 1.202626 1.414631 1.842171 1.970565 1.645427 1.159711 0.784763 0.977025
1.453667 1.968459 2.091515 1.798232 1.300319 0.996739 1.120241 1.261175 1.284772 1.154774
1.073722 1.134552 1.188668 1.187723 1.181913 1.174787 1.017723 0.938387 1.002617 1.028783
0.989340 0.936529 1.027899 1.133425 1.168061 1.238434 1.290956 1.225900 1.102698 1.125985
1.262142 1.210145 0.791799 0.628225 0.909679 0.963091 0.966083 1.062341 1.092475 1.076325
1.159902 1.168858 1.074397 0.691562 0.261683 0.516363 0.550909 0.620515 1.248302 0.580473
0.503591 0.890919 1.234792 1.336802 1.162624 1.062724 0.599758 0.345818 0.574425 0.814877
1.027322 0.985885 0.884197 0.624743 0.562703 0.783088 1.175919 1.071897 0.929066 0.653504
0.526660 1.120250 1.232029 1.436804 1.887414 1.941129 1.625137 1.272081 0.855729 0.872459
1.160761 1.422912 1.470689 1.306252 0.931867 0.767429 0.995881 1.145620 1.280204 1.198607
1.162095 1.227006 1.241731 1.232632 1.237138 1.160456 0.920030 0.770678 0.842053 0.942214
0.955353 0.880100 0.906167 1.003833 1.132048 1.267781 1.299892 1.216115 1.025758 0.903233
0.945904 0.828121 0.181526 0.484247 1.056282 1.478517 1.069741 0.535379 0.957641 1.134158
1.009323 1.062587 0.940259 0.590941 0.434563 0.933496 0.564834 0.395075 1.333685 0.936157
0.539201 0.738481 1.144445 1.378015 1.274722 1.166249 0.790540 0.537706 0.664068 0.653079
0.464942 0.765125 0.612127 0.373410 0.857529 0.958329 1.114470 0.639852 0.763922 1.130856
0.643650 0.910247 0.998093 1.323117 1.732868 1.706468 1.459235 1.352216 1.087934 0.854353
0.915601 1.077221 1.107700 1.059607 0.740924 0.605084 0.734735 0.986623 1.446742 1.369624
1.225210 1.222085 1.272697 1.220885 1.109843 0.892951 0.616734 0.548263 0.923070 1.070396
1.080333 0.991494 0.953778 1.028316 1.098181 1.170908 1.176622 1.031765 0.812088 0.826435
0.890575 0.832724 0.017537 0.462156 1.175341 1.750454 0.942640 0.359655 1.015321 1.277377
1.140512 1.381897 1.018974 0.506419 0.505229 1.127034 0.766532 0.424221 0.892772 0.508960
0.571081 0.978107 1.077429 1.205029 1.291671 1.242620 1.177271 0.945170 0.709836 0.670246
0.446696 0.747508 1.028964 0.368308 0.830544 0.969576 0.687162 0.487585 0.827697 1.323670
0.685545 0.827643 1.036384 1.243765 1.501406 1.487962 1.340101 1.285148 1.165564 0.947286
0.995301 1.149912 1.135041 1.004182 0.580909 0.598223 1.018808 1.225792 1.551394 1.569232
1.270225 1.117455 1.154427 1.129483 0.963922 0.763071 0.552681 0.488904 0.952020 1.306900
1.232316 1.214986 1.071167 1.034799 1.005116 0.935761 0.806522 0.561664 0.702242 1.074822
1.069399 0.780280 0.324776 0.596695 1.158034 1.202736 0.656462 0.603677 1.024480 1.190483
1.351638 1.654621 1.126453 0.696496 0.680129 0.909093 0.639921 0.365123 0.055877 0.245375
0.501044 1.124779 1.260128 1.049513 0.969237 1.317831 1.694940 1.414179 0.912957 0.679936
0.557178 0.672260 0.781062 0.801862 0.681725 0.470769 0.557337 0.596430 0.880044 1.087646
0.548082 0.932766 1.277672 1.157373 1.299316 1.371144 1.276629 1.160219 1.162291 1.182156
1.236224 1.297676 1.220607 0.940706 0.191099 0.378450 1.085027 1.719156 1.678876 1.440142
1.095687 0.985556 1.118852 1.171577 0.859833 0.842705 0.697546 0.670482 0.882900 0.950382
1.174178 1.330155 1.250600 1.130821 0.993831 0.679595 0.502887 0.697883 0.751456 1.289414
1.106126 0.457373 0.524073 0.699538 1.133581 1.021073 0.670815 0.661064 0.968699 0.941477
1.262130 1.209553 0.901131 1.166432 1.082416 0.980256 0.882481 0.543874 0.257408 0.249464
0.479828 1.120512 1.389528 1.241038 1.054531 1.419333 1.872729 1.657065 1.092710 0.795080
0.642201 0.814518 0.662683 1.008340 0.646201 0.212186 0.459860 0.643497 0.891143 1.095378
0.782146 0.976581 1.106602 0.975463 1.177078 1.335245 1.275596 1.143172 1.174150 1.318341
1.358082 1.309536 1.135708 0.609536 0.239611 0.411176 1.135067 1.631889 1.453633 0.906383
0.727404 0.995511 1.054591 1.018748 0.661677 0.825756 0.363696 0.756145 0.937607 0.777738
1.146421 1.409021 1.308514 1.270381 1.090702 0.550331 0.330252 0.872378 0.964081 1.267341
0.882320 0.443302 0.602851 0.755741 1.097363 1.085538 0.786613 0.665102 0.811369 0.488810
0.926169 1.025375 0.983639 1.282772 1.307927 1.058056 0.994691 0.790354 0.351104 0.163089
0.505382 1.021266 1.264903 1.366569 1.210255 1.398853 1.526181 1.354016 1.067137 0.875905
0.728436 0.895940 0.792218 0.966197 0.510427 0.138738 0.536387 0.761879 0.598116 0.696026
0.939986 0.934800 0.890462 0.838250 1.095999 1.282547 1.130578 1.025914 1.098385 1.201325
1.210537 1.115271 0.965088 0.503938 0.475812 0.667086 0.657356 0.813901 1.075837 0.684601
0.541818 1.010455 0.829019 0.740241 0.670167 0.866671 0.671930 0.797816 1.296407 0.786479
0.832348 1.249091 1.310657 1.469280 1.313959 0.685165 0.361880 0.698236 0.807022 1.093482
0.840285 1.020405 0.635743 0.806000 0.775932 0.711630 0.882776 0.838864 0.474626 0.627774
0.875602 0.903307 1.166530 1.170695 1.037609 0.896759 0.997126 0.978920 0.496426 0.287429
0.556951 0.909565 1.150570 1.331276 1.097463 1.004627 0.962997 0.975057 0.947019 0.895428
0.797880 0.707652 0.709931 0.591842 0.566464 0.260697 0.560300 0.904166 0.731752 0.569276
0.579963 0.722254 1.106426 0.903185 0.863478 0.794858 0.746027 1.054087 1.070313 1.051570
1.047181 1.067571 1.028329 0.788992 0.515015 0.822470 0.682433 0.660118 0.678097 0.533006
0.672690 0.879523 0.632382 0.971060 0.804375 0.973443 0.918450 0.664646 0.805687 0.070008
0.386915 1.179021 1.584410 1.512668 1.432674 0.686383 0.327756 0.677968 0.623926 0.951989
0.948731 1.239730 0.977770 0.894775 0.661338 0.525578 0.885294 0.891861 0.813957 0.821899
0.925341 1.000455 1.107263 0.918308 0.920199 0.909367 1.005207 1.129518 0.862579 0.386835
0.542918 1.012993 1.274688 1.068328 0.866235 0.795161 0.844542 1.105560 1.045653 0.766942
0.910370 0.774417 0.685662 0.684128 0.667222 0.549019 0.263285 0.906676 0.946377 0.467835
-0.164197 0.511093 1.320722 1.061218 0.501387 0.589848 0.846756 1.045988 0.787108 0.683255
1.025263 1.257161 1.283083 0.757146 0.441845 0.772127 1.102335 0.610648 0.360450 0.683530
0.753849 0.951135 0.659907 0.896873 0.818435 0.555725 0.477792 0.965216 0.548692 0.326176
0.366051 1.102581 1.429495 1.190166 1.213051 0.607836 0.477064 0.827531 0.728808 0.835929
0.874457 1.115576 0.910762 0.933912 0.824849 0.475909 0.634128 0.801158 0.839869 0.801116
0.735908 0.711714 0.620533 0.852328 1.008998 1.136853 1.049296 1.029305 0.933035 0.347408
0.526399 1.138813 1.269691 0.942104 0.785363 0.932955 1.065772 1.248404 1.225488 0.792931
0.893383 0.950650 0.677267 0.716623 0.836852 0.948981 0.468359 0.795781 1.206318 0.672397
-0.053056 0.565827 1.333373 0.762196 0.238791 0.627044 1.029185 0.936220 0.141620 0.392794
1.037945 1.570534 1.630795 0.802541 0.510890 0.839726 1.158724 0.638272 0.637754 0.816821
0.756839 0.802269 0.764210 0.933573 0.753177 0.170144 0.283215 1.046604 1.413812 0.820769
0.421279 0.758348 0.361659 0.793511 1.255926 0.814095 0.690517 0.812861 0.796588 0.974379
0.944495 0.873927 0.550551 0.699155 0.404346 0.569396 0.948297 0.997328 0.902655 0.711378
0.774776 0.723060 0.490875 0.903360 1.236456 1.300761 1.077466 1.061275 0.886914 0.365131
0.537202 1.017915 0.921111 0.845703 1.195995 1.325482 1.330232 1.287833 1.125578 0.926061
0.804171 0.708334 0.503947 0.656828 0.987353 1.132361 0.954406 0.822413 0.820075 0.690611
0.379034 0.450882 0.534781 0.465926 0.670283 0.718316 1.042080 0.712163 -0.076679 0.274271
0.987351 1.625195 1.565727 0.760474 0.528276 0.963807 0.995096 0.658125 0.815495 0.923692
1.004696 0.948950 0.792502 0.933454 0.537769 0.118283 0.372584 1.069002 1.231062 1.163077
0.525221 0.471241 0.349985 0.624434 1.236559 1.096918 0.911825 0.831291 0.753153 0.891112
0.671365 0.399097 0.228236 0.571394 0.822178 0.878861 1.224315 1.008017 0.880036 0.788915
0.820754 0.937378 0.882953 0.911251 1.247561 1.367542 1.093698 1.014298 0.987130 0.481029
0.573727 0.888306 1.085429 1.039768 1.323253 1.630563 1.491625 1.329435 1.189721 1.034583
0.789165 0.636373 0.488525 0.639147 0.952887 1.143906 1.113106 0.806904 0.700967 0.622429
0.651981 0.532735 0.634712 0.503087 0.825810 1.157264 0.848173 0.374502 0.184267 0.312321
0.791215 1.263943 0.873918 0.639238 0.651354 1.036569 1.073832 1.007074 0.983221 0.787111
0.832656 0.846722 0.720076 0.722035 0.848424 0.737266 0.255124 0.573184 0.833228 1.017735
0.474996 0.476207 0.975293 0.647138 0.910124 1.058591 0.964617 0.964887 0.769921 0.710588
0.594924 0.541739 0.458180 0.858036 1.306516 1.374196 0.779853 0.775293 0.863729 0.941297
0.868773 1.006193 1.331097 1.421340 1.352373 1.379529 1.187541 0.990422 0.855864 0.400361
0.515264 0.958661 1.428105 1.478585 1.470874 1.618766 1.652074 1.527102 1.442468 1.187645
0.867543 0.807533 0.775116 0.715042 0.673002 0.837117 1.162000 1.095595 0.966615 0.861312
0.710152 0.728403 0.771539 0.717832 0.751196 0.943092 0.926303 0.481245 0.358059 0.598171
0.583015 0.881170 0.733479 0.518007 0.756666 0.954901 0.906653 1.083848 0.704730 0.404323
0.672576 0.648415 0.815844 0.921323 0.876756 1.176291 0.563037 0.446705 0.618411 0.713398
0.960813 0.600758 0.956510 0.811209 1.043631 0.918560 1.054120 0.948613 0.692910 0.721630
0.755094 0.694862 0.681534 0.966292 1.283780 1.171480 0.771632 0.850895 1.071864 1.070983
1.018653 1.030761 1.323550 1.810407 1.710168 1.541236 1.379401 1.198238 0.820005 0.328443
0.395720 0.972961 1.652312 1.859869 1.916681 1.959190 1.993609 1.735647 1.576041 1.195437
1.016295 1.070191 1.036605 0.889771 0.625892 0.717173 1.077007 1.209761 1.251674 1.136880
0.868473 0.809899 0.963965 0.944139 0.643981 0.780314 1.019726 0.777300 0.469250 0.621131
0.672932 0.395734 0.615435 0.760758 0.757543 0.861400 0.824766 0.873037 0.593067 0.185831
0.497803 0.639092 0.973697 1.213916 0.924533 1.100435 0.805566 0.300014 0.060961 0.491404
1.175189 0.367944 0.657215 0.886316 1.358466 1.193029 1.038243 0.930981 0.841165 0.799441
0.914956 0.898505 0.756656 1.083502 1.473347 1.337772 0.916877 0.880689 0.979191 1.132456
1.193887 1.278457 1.455660 1.916462 2.032950 1.845636 1.646489 1.596798 1.166617 0.394179
0.397101 1.064322 1.747721 1.963980 2.189420 2.309168 2.272510 1.891298 1.589826 1.065863
1.093153 1.465648 1.408926 1.135588 0.871167 0.775144 1.016965 1.274301 1.401136 1.186971
0.955851 0.853993 0.860388 1.257536 1.267881 1.010982 0.966736 0.907982 0.638012 0.496901
0.742824 0.392326 0.446252 0.986450 0.825975 0.796412 0.723775 0.807676 0.630386 0.160549
0.425796 0.734311 1.147719 1.238186 1.032432 0.941647 0.622556 0.466808 0.073849 0.396224
1.193317 0.573580 0.575530 0.827086 1.295585 1.095847 0.831148 0.767761 0.733656 1.007966
1.229348 1.030424 0.843924 1.111904 1.479458 1.513885 1.214835 0.815832 0.907913 1.333009
1.558704 1.717784 1.850514 2.133287 2.423780 2.245556 1.817993 1.662482 1.119919 0.389057
0.470484 1.231157 1.659077 1.846091 1.986120 1.947947 1.927135 1.854024 1.805171 1.298795
1.187332 1.564929 1.570294 1.471794 1.277184 0.888223 0.925368 1.261638 1.346311 0.996913
0.827391 0.919328 0.768185 1.266248 1.724352 1.231854 1.020548 1.092403 0.883524 0.601897
0.838459 1.029569 0.578444 0.793394 0.804713 0.998476 0.842937 0.795660 0.735593 0.482350
0.637370 0.801664 0.999728 0.866389 0.846338 0.958629 0.631010 0.709301 0.686860 0.632590
0.875453 0.575508 0.424933 0.461070 0.700063 0.509293 0.518268 0.867636 0.803257 1.195022
1.440525 0.977164 0.972288 1.057740 1.434208 1.682854 1.653184 1.242787 1.069131 1.397906
1.633387 1.883167 2.164544 2.277062 2.579278 2.590098 1.905843 1.142403 0.495484 0.485930
0.507707 1.277941 1.687497 1.747058 1.332037 1.098373 1.638384 2.039657 2.114379 1.807212
1.343890 1.343082 1.594503 1.866292 1.790925 1.232154 0.956452 1.196360 1.207841 0.824521
0.673303 0.917222 0.917638 1.329833 1.668388 1.182624 1.134490 1.258883 1.110647 0.803616
0.788536 0.982050 0.862668 0.729897 0.833404 0.931479 1.039478 0.923792 0.884956 0.752584
0.630912 0.635565 0.834283 0.804330 0.488954 0.215327 0.556458 1.167960 1.475881 1.293367
0.651843 0.454882 0.553948 0.719459 0.697163 0.470819 0.399507 0.959835 1.304247 1.318636
1.296624 0.739081 1.061585 1.219394 1.555876 1.931447 1.774753 1.498619 1.171345 1.135524
1.400612 1.869635 2.244286 2.325287 2.569386 2.653219 2.032249 0.950876 0.238238 0.611274
0.580382 1.331073 1.767116 1.959028 1.074022 0.858618 1.506714 2.056739 2.223336 2.286717
2.080200 1.698033 1.856026 2.262687 2.361101 1.637562 0.876594 1.058591 1.301542 0.888084
0.485679 0.967916 1.199624 1.332704 1.335440 1.097441 1.162616 1.281338 1.159984 0.915017
0.835731 0.866074 0.967697 0.935007 0.742673 0.650692 0.986264 1.182608 1.004684 0.976355
0.905977 0.841609 0.853537 0.795555 0.569980 0.239970 0.471599 1.292562 1.940226 2.154732
1.265784 0.536938 0.696548 1.197581 1.586344 1.578986 1.138707 1.073675 1.362145 1.309708
0.839413 0.500142 1.051741 1.341677 1.675734 2.090779 1.809844 1.529124 1.212991 1.025570
1.418939 1.859757 2.167079 2.099535 2.357787 2.620259 2.205614 1.001889 0.127261 0.547280
0.552416 1.417039 1.815385 2.371888 1.291111 0.911171 1.300144 1.735190 2.190079 2.365105
2.766976 2.470526 2.425295 2.643193 2.576861 1.385327 0.663596 1.146994 1.694832 1.557105
0.765507 0.912086 1.217335 1.320021 1.247017 1.224659 1.214152 1.089910 1.095891 1.004855
0.862019 0.760204 0.900797 0.957301 0.800490 0.559269 0.909662 1.211543 1.106141 1.081034
1.119872 1.048450 1.006905 1.000340 0.873733 0.663114 0.570385 1.189371 2.025316 2.373517
1.344012 0.717728 0.979509 1.571828 2.233050 2.505700 2.179701 1.514738 1.272750 1.306235
0.807405 0.552634 0.902533 1.309625 1.659940 1.866501 1.734726 1.754240 1.800432 1.636426
1.696810 2.110151 1.990197 1.734893 1.957417 2.418593 2.550184 1.433395 0.226137 0.333157
0.516930 1.183893 1.651732 2.423138 2.220893 1.165679 1.233402 1.542787 2.041325 2.247203
2.769003 2.918914 2.909330 2.865829 2.319428 1.045205 0.610885 1.222724 1.961567 2.108732
1.408574 1.091667 1.097474 1.198917 1.375529 1.451734 1.272403 1.004963 1.016666 0.994711
0.768023 0.790414 0.955481 0.944813 0.835028 0.590325 0.802389 0.963143 1.010562 1.148797
1.212203 1.187163 1.113656 1.084624 1.050275 0.974001 0.861959 1.140065 1.683116 1.814652
0.835794 0.740405 1.239965 1.773498 2.249707 2.541997 2.160805 1.593839 1.142558 1.188598
0.843048 0.500144 0.869771 1.286865 1.450206 1.222990 1.355912 2.000722 2.616139 2.717995
2.322187 2.449949 2.031931 1.658702 1.840470 2.332167 2.598398 1.699587 0.750060 0.236475
0.484073 1.140391 1.672681 2.375321 2.518134 1.941299 1.448345 1.252995 1.557798 1.934632
2.527482 2.941025 3.088021 3.038005 2.014364 0.798667 0.792952 1.383931 1.833668 2.028480
1.939258 1.588292 1.278984 1.202967 1.444583 1.463880 1.073977 0.921917 1.162065 1.122458
0.903496 0.804491 0.963423 0.916736 0.832597 0.698791 0.763117 0.800488 0.909495 1.033662
1.091570 1.104214 0.930875 0.883624 0.974815 0.909281 0.783026 1.023674 1.337667 1.277794
0.656613 0.776744 1.339963 1.559850 1.240275 1.209810 1.572503 1.672849 0.631791 0.748240
0.927850 0.373731 0.904082 1.587572 1.274432 0.773358 1.115745 1.931188 2.802926 3.141418
2.814781 2.477942 2.031133 1.782138 1.915396 2.351783 2.125987 1.487401 0.819099 0.307628
0.495229 1.186654 1.701358 2.228805 2.406379 2.333795 1.903208 1.112216 1.141369 1.623864
2.300884 2.872010 3.094563 3.131391 1.790453 0.460504 0.797277 1.562688 1.648823 1.870629
2.211544 2.208032 1.793020 1.416135 1.492826 1.231517 0.641679 0.911448 1.390149 1.442202
1.139705 0.908526 0.792152 0.745165 0.851401 0.780256 0.677708 0.740323 0.855477 0.751239
0.898497 0.849022 0.521260 0.638148 1.014044 0.738365 0.446771 0.918560 1.303889 1.452976
0.909145 0.683212 0.905915 0.955075 0.375212 0.794108 1.543773 1.761909 0.391787 0.514985
1.150731 0.980066 1.046679 1.608163 1.228752 0.738537 0.994293 1.751117 2.553623 2.854170
2.510662 2.021959 1.776152 1.703113 1.779286 1.808746 1.556552 1.043711 0.572354 0.353874
0.644148 1.171045 1.537238 1.837506 1.977772 2.244078 2.064196 1.067789 0.932885 1.440976
2.121096 2.632004 2.941887 3.086426 1.619840 0.344207 0.768564 1.601212 1.682001 1.811659
2.170202 2.410653 2.059155 1.486331 1.427087 1.167407 0.605982 0.882157 1.131399 1.296942
1.304834 1.314390 1.097138 0.868239 0.957823 0.878202 0.636611 0.760941 0.798479 0.536267
0.857178 1.149252 0.478620 0.497665 1.036932 0.739507 0.243811 0.973882 1.424970 1.306560
0.836786 0.642982 0.823029 0.937339 0.503591 0.778579 1.396126 1.439689 0.561350 0.531216
1.180306 1.387468 0.835017 1.027852 1.128544 0.882205 1.023390 1.377671 1.714774 1.710896
1.355803 1.203269 1.297748 1.243875 1.279066 1.381983 1.231987 0.828207 0.358845 0.171523
0.609183 1.255474 1.456341 1.636739 1.711310 1.956537 1.824478 1.154747 0.862331 1.373880
1.776894 2.106566 2.520544 2.672214 1.518339 0.344406 0.788331 1.294855 1.305423 1.660825
1.978691 2.157426 1.819572 1.358989 1.380292 1.500011 1.083499 0.681226 0.756798 1.214682
1.588531 1.869173 1.862554 1.495451 1.296134 1.047451 0.751810 0.742372 0.378819 0.556151
1.105712 1.325801 0.905229 0.587815 0.737144 0.713693 0.374873 0.854544 0.986088 0.787517
0.800022 0.751752 0.691032 0.701800 0.871927 0.810473 0.784472 0.858124 0.778546 0.755099
0.651913 0.629829 0.744028 0.832736 0.939842 0.904572 0.834268 0.970363 1.066390 0.859360
0.754007 0.794289 0.852757 0.865234 0.944421 1.091290 1.111591 0.817123 0.338568 0.113791
0.587070 1.146291 1.498063 1.809460 1.830161 1.944323 1.775490 1.522491 1.065497 1.292810
1.638806 1.834948 2.209528 2.248286 1.692221 0.950726 0.627928 0.845511 1.230914 1.832873
2.017692 2.112470 1.862612 1.550003 1.646771 1.957224 1.833696 1.334293 1.002675 1.363302
1.833178 2.159827 2.286964 1.973698 1.710451 1.449575 1.249294 1.126237 0.897971 0.721690
1.195909 1.518540 1.386755 1.150509 0.903591 1.021069 0.899691 0.738450 0.830706 0.995075
1.115951 1.033298 1.018040 1.077866 1.155402 1.169432 0.972850 0.965923 1.011211 1.045424
0.965704 0.849292 0.907318 1.062796 1.198577 1.208470 1.013009 0.977482 1.228606 1.194502
1.090940 1.090422 1.089778 1.105278 1.108087 1.234358 1.337973 1.218086 0.931577 0.562167
0.635147 1.436564 2.483451 3.732612 4.600274 4.947639 4.824943 4.564788 4.623879 4.727521
4.694514 4.579797 4.498130 4.650361 5.023797 5.499343 5.781246 5.760221 5.811229 5.854264
5.934044 5.971467 5.854628 5.685398 5.441195 5.420485 5.590427 5.878604 6.113277 6.221775
5.814310 5.242186 4.490201 4.305512 4.612129 4.982553 5.237391 4.775833 3.228395 1.715100
0.474396 1.418487 2.522090 3.778777 4.719680 5.185833 5.308506 4.864829 4.827939 4.891627
4.779599 4.517662 4.288464 4.455461 4.897092 5.448347 5.905396 6.071417 6.075752 6.086220
6.151609 6.253735 6.137041 5.787792 5.223149 5.202910 5.488451 5.848693 6.149213 6.499023
6.304214 5.590163 4.367346 3.681950 3.879999 4.533684 5.211162 5.210697 3.632069 1.436772
0.437976 1.456391 2.609103 3.793210 4.782474 5.482972 5.729138 5.147023 5.185237 5.420949
5.287513 4.637493 3.964029 4.063018 4.607073 5.236417 5.661025 5.894248 6.019313 6.124102
6.121958 6.203751 6.062913 5.444043 4.596861 4.688688 5.102997 5.620797 6.107604 6.498426
6.288591 5.373762 3.808129 3.181957 3.488754 4.168293 5.101482 5.632241 4.460589 1.978717
0.408625 1.440126 2.613450 3.763555 4.758521 5.217855 5.146761 4.860946 5.243205 5.671350
5.552240 4.471634 3.611057 3.846534 4.438270 5.028090 5.407536 5.463405 5.683976 5.933630
5.969528 6.092259 6.074878 5.563633 4.739355 4.780700 5.125003 5.586870 5.957125 6.178223
5.944746 5.278502 3.682726 2.912590 3.230795 3.975352 4.889631 5.544406 4.686736 2.142282
0.410660 1.428213 2.568217 3.632646 4.252261 3.861541 3.763298 4.316499 5.009149 5.530744
5.173924 3.891565 3.450609 3.943760 4.554639 5.057059 5.328649 5.293361 5.491596 5.760707
5.840922 6.001991 6.096209 5.969363 5.176814 5.039587 5.252360 5.544450 5.734751 5.971830
5.941365 5.430519 3.897547 2.730510 3.060986 3.821367 4.772912 5.431886 4.685766 2.011715
0.423549 1.432589 2.527407 3.473322 3.178886 2.651786 3.198334 4.114703 4.901276 5.395644
4.421311 3.142540 3.307860 4.016426 4.622982 5.072959 5.262921 5.171270 5.249362 5.320679
5.467649 5.773174 5.918979 5.840993 5.071885 4.827412 4.926743 5.261704 5.442208 5.878671
6.142111 5.673597 3.690332 2.397805 2.818731 3.649137 4.710690 5.416761 4.662556 1.911953
0.416677 1.428722 2.542321 3.431906 2.423787 2.265531 3.083440 4.123715 4.982545 5.634713
4.266997 2.954650 3.353215 4.102455 4.629049 4.999681 5.094653 5.007347 5.013326 4.980943
5.200191 5.466243 5.210269 4.695269 4.144333 4.150407 4.225649 4.827220 5.188748 5.743754
6.122461 5.146214 2.526192 1.917001 2.425681 3.304988 4.509080 5.356051 4.593071 1.885410
0.411276 1.420335 2.557878 3.483509 2.438785 2.363132 3.142231 4.154865 5.045913 5.767966
4.676760 3.333517 3.510273 4.111455 4.548746 4.895967 4.967264 4.932894 4.972776 4.937061
5.138810 4.565514 3.085813 2.354129 2.568151 2.850427 3.324559 4.200916 5.039239 5.693676
6.055608 4.018476 1.224916 1.599538 2.171257 2.884735 4.098909 5.151150 4.426838 1.843948
0.432053 1.425246 2.575037 3.552803 2.880558 2.419866 3.024437 4.006600 4.955407 5.685903
5.078654 3.873038 3.501665 3.874840 4.274254 4.649837 4.779271 4.765162 4.904373 5.074770
5.251634 3.892874 1.532083 1.587768 2.168942 2.438050 3.017735 3.866862 4.862036 5.481503
5.832691 3.194790 0.805382 1.558325 2.217257 2.689958 3.783748 4.932899 4.246456 1.764109
0.435229 1.426358 2.537177 3.225694 2.345912 1.868972 2.628721 3.616837 4.756151 5.555358
5.154071 3.841472 2.940159 3.091213 3.456110 3.805348 3.881546 3.848216 4.159431 4.686141
4.883201 3.784308 1.553680 1.586427 2.355591 2.668183 3.204376 3.942280 4.805518 5.265874
5.549558 3.189221 0.805267 1.542319 2.255722 2.742762 3.756421 4.875560 4.076631 1.595707
0.423394 1.416101 2.425380 2.419089 1.277218 1.554382 2.384208 3.280360 4.380136 5.193069
4.771507 3.071707 1.848263 1.922268 2.120667 2.237966 2.301990 2.608546 2.967954 3.608278
4.030764 3.705107 2.079813 1.859070 2.592076 3.022121 3.406535 3.917348 4.667295 5.142944
5.504934 3.769833 1.135850 1.625294 2.312591 2.962528 3.978127 4.991541 3.942513 1.414987
0.420654 1.390747 2.269254 1.569124 0.728869 1.486646 2.402709 3.246570 4.249160 5.044636
4.530272 2.633812 1.339767 1.388122 1.329540 1.378167 1.656624 2.036316 2.351251 2.848361
3.284555 3.574945 2.636523 2.265260 2.770010 3.116409 3.356878 4.002848 4.722965 5.236355
5.604272 4.645967 2.025364 1.831629 2.396695 3.214285 4.254548 5.113975 3.841491 1.333866
0.425956 1.385377 2.240757 1.350743 0.702303 1.495571 2.574861 3.464267 4.358035 4.978541
4.557828 2.579840 1.225016 1.092686 0.630067 0.898050 1.687367 1.948969 2.115473 2.519975
2.997912 3.647572 3.244386 2.677595 2.738109 2.694718 3.028751 3.923503 4.734199 5.299417
5.707308 5.375594 3.330681 2.120970 2.422269 3.329257 4.469151 5.202142 3.769889 1.333050
0.432474 1.394655 2.300437 1.592603 0.779137 1.555491 2.727525 3.662424 4.531214 4.962851
4.654926 2.834139 1.399251 1.100533 0.406242 0.942966 1.885596 2.080159 2.084552 2.452370
3.017527 3.844437 3.680078 2.979481 2.391648 2.149608 2.842467 3.892343 4.744673 5.370894
5.869350 5.550499 3.472919 2.057919 2.346740 3.266523 4.516203 5.248617 3.752835 1.370831
0.429175 1.401810 2.318633 1.782661 0.985826 1.709864 2.812240 3.766441 4.659617 4.993833
4.627793 2.971717 1.805373 1.452182 0.642454 0.967758 1.921280 2.166417 2.102234 2.368338
2.965026 3.845437 3.779823 3.046541 1.831990 1.922992 2.840296 3.921172 4.722912 5.394057
5.970107 5.015023 2.084450 1.736233 2.195827 2.940924 4.202543 5.142066 3.758796 1.389546
0.429745 1.393230 2.300406 1.806180 1.042367 1.746796 2.798928 3.757663 4.646832 4.744456
3.876752 2.849750 2.215489 1.937475 1.246381 1.238693 1.874331 2.027670 2.000472 2.257091
2.944926 3.829569 3.826000 3.024072 1.636599 1.905389 2.915578 3.972608 4.733285 5.410658
5.963271 4.165512 1.107574 1.609647 2.158864 2.587640 3.702047 4.880629 3.775439 1.401884
0.425734 1.396505 2.373962 1.973175 1.116799 1.721453 2.746521 3.684580 4.543941 4.163954
3.022546 2.658591 2.828960 2.920101 2.386867 2.121840 2.221986 2.283185 2.243698 2.620786
3.346327 4.188747 4.215469 3.393807 1.914446 2.021507 2.985584 4.014376 4.786502 5.441178
5.940985 4.000768 1.026360 1.603565 2.229450 2.520966 3.557977 4.731087 3.830177 1.456814
0.418782 1.395697 2.470616 2.407967 1.452405 1.717573 2.698956 3.635608 4.122254 3.189086
2.498739 2.601265 3.453825 4.184885 3.953247 3.532000 3.170185 3.127872 3.057879 3.398104
4.146474 4.827461 4.882083 4.081844 2.479773 2.244488 3.067084 4.046458 4.847447 5.492316
6.023438 4.965890 1.687969 1.738269 2.365369 2.754430 3.754650 4.820487 4.026688 1.519288
0.424752 1.386685 2.577066 3.097476 2.262664 1.879815 2.712135 3.474323 2.799579 2.303745
2.346908 2.799790 3.844688 4.937307 5.304251 5.317397 4.787123 4.572493 4.559222 4.912220
5.377837 5.620447 5.553852 4.970387 3.409873 2.684239 3.238525 4.093635 4.878611 5.496388
6.058894 5.750401 3.277836 2.161223 2.524171 3.133822 4.166624 5.073213 4.375118 1.651603
0.438113 1.373219 2.569523 3.527326 3.097531 2.440897 2.900501 3.409494 2.063895 1.999379
2.417230 3.022305 3.835736 4.720642 5.263189 5.617602 5.497354 5.458101 5.404562 5.731587
6.121902 6.288479 6.129007 5.808117 4.609609 3.524018 3.605392 4.227311 4.904027 5.451731
5.979933 5.889238 4.067687 2.461237 2.705700 3.452289 4.513200 5.256564 4.667031 1.873556
0.443277 1.349959 2.520128 3.652528 3.990461 3.387651 3.160047 3.350251 2.261807 2.044057
2.590186 3.290192 3.956636 4.402015 4.722583 5.008623 5.065250 5.099869 5.090493 5.437469
5.934189 6.465655 6.417265 6.187759 5.552414 4.566849 4.256591 4.512920 4.966720 5.410999
5.888392 5.605160 3.421847 2.214645 2.670012 3.480556 4.560725 5.297890 4.772183 1.967324
0.423137 1.330525 2.381635 3.330460 4.042575 3.537740 3.187479 3.217106 2.661740 2.466023
2.976157 3.687466 4.264272 4.548580 4.714101 4.849330 4.571030 4.075403 3.996361 4.657170
5.287761 6.054395 6.459942 6.330480 5.893029 5.530678 5.175200 5.015651 5.131084 5.440347
5.833666 5.218692 2.378775 1.924490 2.530991 3.329111 4.473301 5.332006 4.735367 1.691161
0.485467 1.443754 2.325354 3.012935 3.463906 2.962955 2.628420 2.549290 2.570101 2.782688
3.354679 4.147019 4.728898 4.958972 4.981909 4.934439 3.523603 2.447765 3.026614 3.950284
4.762402 5.529227 6.229441 6.260096 5.989650 6.076593 5.999637 5.620518 5.371791 5.512680
5.789481 5.112427 1.844469 1.814457 2.480814 3.279941 4.443365 5.345222 4.464273 1.132111
0.486012 1.459424 2.277893 2.773730 2.835796 2.016665 1.783736 1.827309 2.154168 2.519252
3.167171 3.988902 4.667932 4.836224 4.839505 4.733240 3.011264 2.180554 2.883442 3.809406
4.614157 5.427442 5.934757 5.888336 5.817507 6.093860 6.224622 5.842848 5.276596 5.263053
5.539931 5.194453 2.293013 1.975834 2.547535 3.404283 4.442003 5.190884 3.719633 0.724524
0.497343 1.401440 2.146301 2.286234 1.687791 1.073313 1.010324 1.280210 1.517527 1.723879
2.433396 3.537098 4.590491 4.641004 4.574026 4.192707 3.103342 2.579371 3.127239 3.856686
4.632960 5.461451 5.851386 5.681256 5.650436 5.917143 5.978374 5.417379 4.736735 4.815506
5.206823 5.509161 4.046463 2.636389 2.866685 3.625247 4.631887 5.054949 2.442574 0.326998
0.491052 1.312249 2.005230 1.856551 1.024329 0.692953 0.675884 0.928359 1.184162 1.417059
1.944917 3.012563 4.191165 4.528354 4.395221 3.324714 2.941159 3.095390 3.623228 4.288502
5.022791 5.559513 5.686800 5.482737 5.463165 5.672216 5.555554 4.894072 4.448436 4.577474
4.962399 5.339454 4.714926 3.502173 3.527534 4.112453 4.838253 4.386740 1.177629 0.318326
0.487668 1.289237 2.009722 1.728243 0.686098 0.647451 0.663385 0.804476 1.144716 1.450545
1.682090 2.530476 3.693471 4.434407 4.195100 2.960368 2.843638 3.218575 3.750079 4.299747
4.821306 5.214053 5.386438 5.337892 5.334386 5.420703 5.277289 4.738739 4.325154 4.342854
4.577310 4.626547 3.952746 3.372203 3.678700 4.269246 4.397357 2.435543 0.607662 0.336368
0.517582 1.322349 2.114468 1.898901 0.600371 0.809082 0.820940 0.805341 1.115255 1.440716
1.473491 2.153483 3.325693 4.357893 4.427936 3.359493 3.030143 3.083091 3.060795 3.360144
4.109756 4.859326 5.289640 5.481443 5.518438 5.447591 5.277604 4.871698 4.565016 4.488375
4.291169 2.982938 1.839409 2.203287 2.641673 3.044268 2.801857 0.786243 0.305258 0.509365
0.485541 1.334137 2.250350 2.510386 0.958737 0.955573 0.983495 0.836373 0.965182 1.115914
1.217508 1.760408 2.879776 4.109992 4.777609 4.031259 2.975577 1.860692 1.287250 1.924735
2.926084 4.093985 4.890882 5.140807 4.959323 4.887458 4.900360 4.810762 4.679622 4.365194
3.167394 1.020005 1.066331 1.464665 1.493104 1.905316 1.789497 0.572198 0.268244 0.618492
0.478910 1.376614 2.362122 3.184383 2.202321 1.473022 1.230277 0.826597 0.691485 0.829087
1.018258 1.432541 2.412579 3.574530 4.398322 3.932198 2.650567 0.638321 0.905301 1.623102
2.399389 3.263168 3.780367 3.333947 2.962465 3.328251 3.807688 4.021302 3.876334 2.866318
1.849240 0.694287 0.957724 1.195891 1.157403 1.583471 1.626869 0.982518 0.492620 0.515447
0.502071 1.388658 2.432560 3.439699 3.361699 2.230627 1.450945 0.907232 0.526816 0.612405
0.671631 1.114278 1.937375 2.675146 3.003134 2.588623 1.996184 0.616046 0.838990 1.422650
1.877161 2.379285 2.083973 1.448731 1.531020 1.798635 2.187537 2.610505 2.233791 1.313915
1.129088 0.751438 1.040555 1.355393 1.403176 1.557976 1.690969 1.586762 1.307133 0.670244
0.473558 1.394352 2.502165 3.508841 3.904653 3.048592 1.838771 1.222301 0.695753 0.593107
0.375601 1.000227 1.479617 1.459731 1.026795 1.143364 1.555545 1.072440 0.883574 1.137142
1.321718 1.463832 0.941590 0.684040 0.949431 0.973195 1.377512 1.680921 1.347849 0.865520
0.840135 0.835810 1.168849 1.567656 1.822930 1.946968 2.090521 2.152035 1.852123 0.860964
0.477353 1.421697 2.522352 3.621428 4.334812 4.025738 2.844169 1.984277 1.364687 1.067781
0.437133 0.974301 1.234840 0.936468 0.408654 0.916232 1.476732 1.199870 1.041531 1.043187
1.045892 0.962296 0.656683 0.564889 0.897916 0.831022 0.948526 1.186535 1.218027 0.999748
0.882548 1.000273 1.516187 2.078747 2.403660 2.751297 2.836460 2.789160 2.218566 0.947873
0.465752 1.437763 2.550137 3.712332 4.613305 4.957014 4.370048 3.214339 2.412399 1.961619
1.180333 1.278907 1.347039 1.074148 0.439652 0.800761 1.347878 1.153693 1.086901 1.058097
0.913008 0.918416 0.808204 0.613661 0.817827 0.860577 0.893866 1.145266 1.447822 1.673638
1.684766 1.752620 2.244327 3.007544 3.454806 3.908355 3.965147 3.606331 2.488085 0.924111
0.473974 1.445405 2.552626 3.743493 4.753211 5.459555 5.607041 4.709226 3.550489 2.809571
2.295837 2.183619 2.065918 1.824582 1.223952 1.236042 1.607736 1.556306 1.410782 1.354875
1.018127 1.083196 1.122884 0.937629 0.935204 1.008241 0.897614 1.349858 1.924272 2.534904
3.049184 3.268728 3.347496 3.938638 4.453538 4.886947 5.106751 4.553897 2.767174 0.672168
0.443029 1.449924 2.562343 3.765406 4.790226 5.621476 6.173456 5.849159 4.679041 3.708232
3.168552 3.266677 3.326630 3.218655 2.694949 2.368176 2.490822 2.619964 2.556122 2.390518
1.877415 1.670193 1.720982 1.555772 1.497983 1.388542 1.058645 1.517787 2.239990 3.110550
4.097157 4.712407 4.638745 4.693823 4.758410 5.084498 5.472361 5.296700 3.271370 0.367530
0.447605 1.482656 2.628133 3.832017 4.775061 5.605325 6.320561 6.324031 5.403479 4.667036
4.312563 4.462815 4.613945 4.796729 4.562026 3.976940 3.721937 3.837475 3.950702 3.866189
3.475861 3.135676 3.058351 2.449308 2.118636 1.819210 1.352324 1.905356 2.748912 3.682810
4.748055 5.488307 5.242842 4.507043 4.224801 4.760607 5.380333 5.542740 3.836001 0.376787
0.487915 1.521756 2.677650 3.813146 4.703393 5.504078 6.214109 6.411008 5.694316 5.403279
5.324465 5.489731 5.360968 5.765957 5.887210 5.420480 4.949172 4.947848 5.140721 5.404969
5.359298 5.004862 4.693618 3.922137 2.966163 2.431220 1.825909 2.355458 3.340769 4.249887
5.202290 5.819238 5.465758 3.871594 3.775298 4.530102 5.236122 5.563340 4.350027 0.804145
0.513726 1.536577 2.753931 3.883959 4.776998 5.597825 6.280407 6.554345 5.981571 5.940259
6.170749 6.372414 5.844745 6.045874 6.224233 5.928143 5.435109 5.649215 5.963764 6.473357
6.805123 6.645695 6.109948 5.463407 4.604199 3.782214 2.996001 3.170268 4.150669 5.065162
5.906260 6.159674 5.704936 4.520681 4.347767 4.859078 5.489316 5.842715 4.868150 1.571995
0.965141 1.800186 3.157304 4.542434 5.684177 6.475543 6.779340 7.000427 6.630467 6.746324
6.971737 7.085955 6.524186 6.515081 6.558887 6.211139 5.858500 6.264817 6.581606 6.920577
7.086063 6.943928 6.536118 6.196405 5.952250 5.295129 4.770454 4.942013 5.632296 6.291933
6.774724 6.783002 6.254974 5.897315 5.898372 6.164751 6.421410 6.533107 5.784970 3.007474
0.762305 1.517816 2.492921 3.373632 4.142386 4.598377 4.753724 4.728549 4.717345 4.944399
5.203900 5.316471 5.221191 4.872522 4.276787 4.131231 4.196855 3.435806 2.331522 1.766919
0.527593 1.504476 2.585845 3.454752 4.251313 4.757960 5.028282 5.001241 5.043647 5.395164
5.780113 5.949713 5.976852 5.536426 4.794269 4.631772 4.897079 4.154954 2.340959 1.730939
0.513291 1.467253 2.521280 3.379778 4.168683 4.759498 5.113759 4.962027 4.912929 5.209951
5.482928 5.656810 5.899460 5.550371 4.524996 4.367202 4.945367 4.392613 2.014567 1.540600
0.506060 1.450991 2.436949 3.211722 3.886249 4.517963 4.841873 4.134206 4.118271 4.531686
4.806160 5.131738 5.494876 5.131266 3.819251 3.805963 4.239883 3.783911 1.776440 1.428086
0.512833 1.468166 2.314990 2.787201 3.393701 4.141462 4.139086 2.396270 2.678698 3.456160
4.092267 4.794549 5.313901 4.905975 3.378899 3.489285 3.544286 3.013015 1.712707 1.392717
0.531561 1.465327 2.050021 2.151646 2.934312 3.721406 3.011315 1.225022 1.956126 2.964923
3.766098 4.552459 5.383995 5.061476 3.118649 3.390472 3.552639 3.219717 1.728236 1.370885
0.556199 1.414049 1.614815 1.775675 2.702105 3.533326 2.644649 0.910890 1.806849 2.858063
3.763759 4.529959 5.591985 5.213294 2.961609 3.414582 3.736098 3.613427 1.794597 1.341316
0.569575 1.331846 1.325947 1.708755 2.619326 3.564170 2.964376 1.027474 1.934876 3.061045
4.001524 4.807729 5.916566 5.678366 3.066055 3.475726 3.889783 4.034612 1.907334 1.329508
0.561411 1.291247 1.410437 1.819749 2.689366 3.846580 4.054958 2.177571 2.577267 3.566090
4.440813 5.286055 6.242968 5.924319 3.387356 3.569312 3.993906 4.419216 2.050902 1.362670
0.554437 1.363073 1.843654 2.350726 3.194228 4.400619 5.436717 4.256597 3.531546 3.997900
4.799030 5.649669 6.269836 5.636253 3.725449 3.672722 4.101893 4.688168 2.154107 1.443010
0.546437 1.484525 2.238052 3.103050 4.112242 5.030375 6.182969 5.570728 4.247355 4.245356
4.953136 5.767413 5.920456 5.078332 3.824422 3.686214 4.076952 4.558940 2.179276 1.571170
0.502975 1.552671 2.449322 3.432032 4.520235 5.468254 6.746358 6.869410 5.517385 4.899917
5.583515 6.302984 6.011203 4.990232 4.015492 3.691283 4.013759 4.104680 2.186606 1.718463
0.534368 1.551931 2.543185 3.538997 4.621684 5.700663 7.239292 7.969868 7.084507 6.322717
6.514090 6.910954 6.649418 5.497039 4.736846 4.187814 4.486612 4.139458 2.204801 1.753608
0.546795 1.532962 2.542902 3.575473 4.630201 5.679583 7.315031 8.229304 7.970104 7.173717
7.002849 7.081883 7.159025 6.736165 6.609776 6.009430 5.710625 4.479930 2.160268 1.575031
0.566289 1.521575 2.542372 3.544184 4.487822 5.375701 6.777488 7.429602 7.067217 6.208949
6.171650 6.442475 6.912887 7.242810 7.479617 7.215493 6.499669 4.606314 2.029259 1.308233
0.575419 1.538957 2.536857 3.575745 4.335993 4.995933 5.744639 5.833851 5.007974 4.446755
4.971275 5.673925 6.362379 7.034333 7.585749 7.603951 7.155239 4.597628 1.928352 1.169070
0.583750 1.559839 2.553363 3.628079 4.427013 5.067425 5.487640 5.053545 4.443761 4.330979
4.904222 5.611324 6.049378 6.707149 7.569556 8.093765 7.983191 5.041565 1.981112 1.201863
0.585890 1.551960 2.568175 3.658556 4.541737 5.275479 5.620434 5.360813 4.967248 4.917969
5.262222 5.681331 5.869332 6.389666 7.381359 8.239898 8.237578 5.157766 2.230791 1.396057
0.655664 1.548346 2.538617 3.602904 4.483183 5.214573 5.556591 5.447597 5.222901 5.151145
5.254061 5.442163 5.583452 5.936526 6.575336 7.410368 7.363050 4.437033 2.430129 1.655423
1.102350 1.608791 2.253657 2.839555 3.229753 3.435849 3.373149 3.249906 3.224246 3.237531
3.344261 3.437310 3.469235 3.568472 3.726672 3.846195 3.621605 2.601335 2.145667 1.728677
0.494335 0.575362 0.618785 0.611499 0.581657 0.555757 0.564903 0.584079 0.594049 0.592484
0.588440 0.583493 0.582720 0.568944 0.557093 0.576569 0.591597 0.587666 0.576129 0.580184
0.589940 0.600460 0.603802 0.598047 0.578921 0.576903 0.580592 0.553595 0.536381 0.559628
0.573891 0.580214 0.567975 0.566387 0.570704 0.578494 0.571625 0.578442 0.581937 0.581735
0.582681 0.579751 0.584926 0.582312 0.578270 0.581547 0.583826 0.573364 0.569124 0.581296
0.593619 0.590593 0.578689 0.578272 0.590871 0.598778 0.596571 0.599722 0.585564 0.537427
0.500822 0.543632 0.581045 0.595148 0.588125 0.584530 0.587060 0.595678 0.599262 0.598646
0.592493 0.589935 0.593526 0.591228 0.590482 0.591212 0.577468 0.572127 0.577059 0.395537
1.036077 1.145252 1.146503 1.181578 1.140736 1.169344 1.138216 1.123640 1.111767 1.113207
1.150421 1.165813 1.136859 1.098863 1.124681 1.171595 1.222446 1.254873 1.304349 1.542259
1.854381 2.091671 2.268148 2.323702 2.192649 2.063820 2.090094 1.721171 1.668113 2.277166
2.601508 2.597978 2.502823 2.490001 2.646051 2.561393 2.451972 2.280559 2.201883 2.303979
2.376593 2.290148 2.126967 2.057455 2.140750 2.202709 2.269259 2.189661 2.126748 2.149895
2.182061 2.109918 1.916143 1.883856 2.094874 2.094699 2.008740 1.922268 1.642361 1.354420
1.327363 1.663690 2.563085 2.356206 2.083660 2.138296 2.088435 1.856918 1.651167 1.522740
1.445452 1.361739 1.306777 1.285318 1.279898 1.219262 1.106659 1.065190 1.058459 1.068987
1.063115 1.593750 1.459980 1.667857 1.684721 1.623697 1.590440 1.589548 1.683601 1.765442
1.757290 1.749705 1.612307 1.528136 1.658376 1.997187 2.252448 2.372462 2.403963 2.623289
2.858308 3.122759 3.288491 3.428948 3.552592 3.809228 4.036261 4.080276 4.092529 4.004790
3.797722 3.581053 3.504174 3.414556 3.207331 2.921635 2.958866 3.456039 3.763807 3.703187
3.517640 3.429904 3.515903 3.604048 3.601960 3.375432 3.004349 2.567756 2.100917 2.001332
2.343421 2.716393 3.031400 3.410376 3.521925 3.436084 3.251364 3.120773 3.347836 3.620795
3.696837 3.847249 3.626073 3.230367 3.051919 2.410467 1.879315 2.017780 2.587211 2.777135
2.757448 2.603557 2.477261 2.380628 2.369772 2.241854 1.919495 1.567318 1.219938 0.877388
1.244709 1.836896 1.637141 1.825860 2.016734 2.050830 1.900827 1.671833 1.759800 1.885195
1.789863 1.331186 0.700839 0.566524 0.795902 1.496858 2.359216 2.857167 2.808091 2.746467
2.642407 2.607735 2.759012 2.964114 3.216428 3.555170 3.822905 3.997791 3.999102 3.766481
3.421788 3.045126 2.788046 2.567830 2.453719 2.606121 2.993040 3.532340 3.809903 3.689373
3.452690 3.333285 3.368853 3.459877 3.320812 2.907306 2.292633 1.619811 1.087246 0.940976
1.252847 2.009659 2.747583 3.113010 3.118495 2.683605 1.589722 1.114267 1.639363 2.606834
3.284783 3.361100 3.057880 2.589087 1.956507 1.232193 0.925815 1.550575 2.299969 2.225934
2.275116 2.082582 2.113769 2.309108 2.592963 2.617740 2.435672 2.036364 1.337652 0.734306
1.353771 2.171834 1.957421 2.201359 2.438221 2.367051 2.121609 1.808896 1.823949 2.057345
2.003703 1.495613 1.096734 1.056925 1.134266 1.474523 2.232560 2.950683 3.157037 2.751051
1.945344 1.586388 1.656739 1.892569 2.220335 2.662531 2.995438 3.218384 3.333725 3.230889
2.870322 2.406861 1.931395 1.464687 1.391805 1.985174 2.656852 3.208913 3.468464 3.263965
2.846163 2.660364 2.705421 2.775917 2.754712 2.536840 2.139336 1.503568 0.960466 0.767847
0.919341 1.782951 2.428806 2.597191 2.529223 1.871749 0.839296 0.668099 1.203525 2.035504
2.608077 2.784292 2.384874 1.564496 0.987260 0.726526 0.670713 1.262511 2.208321 1.673620
1.507974 1.223913 1.646441 2.063352 2.642516 2.796186 2.490968 1.945544 1.268597 0.758680
1.334761 2.170304 1.928671 2.319571 2.592414 2.598876 2.436450 2.216434 2.223888 2.446851
2.554892 2.264218 1.748784 1.667575 1.707659 2.111686 2.733401 3.211063 3.174930 2.565588
1.787883 1.486938 1.427117 1.565236 1.905653 2.374746 2.718317 2.849063 2.927939 2.884006
2.731433 2.477091 2.078749 1.684772 1.723870 2.365204 2.817536 3.069272 3.216807 3.144292
2.936757 2.761876 2.682665 2.671485 2.667411 2.610167 2.350707 1.800865 1.437621 1.344368
1.280625 1.536262 2.265050 2.184691 2.112325 1.721065 1.333334 1.274556 1.344765 1.726725
2.068572 2.183981 1.799206 1.432909 1.282593 1.235597 1.229668 1.524040 2.455601 1.846802
1.586257 1.469530 1.804461 2.101189 2.656525 2.824790 2.415498 1.810232 1.182684 0.751647
1.284617 1.972695 1.758141 2.243179 2.565856 2.382721 1.984925 1.703394 1.089270 1.210384
2.119797 3.172284 3.611354 3.652818 3.777675 3.708411 3.693129 3.776804 3.633172 3.057311
2.254439 1.924848 1.855967 2.011558 2.434319 2.877890 3.173901 3.338466 3.472370 3.496358
3.534705 3.536708 3.325936 2.990705 3.070865 3.352620 3.388714 3.441275 3.567008 3.696774
3.679184 3.536597 3.433365 3.468192 3.504810 3.472930 3.254427 2.755835 2.173947 2.018414
1.939863 1.935478 2.251239 2.303632 2.346974 2.356156 2.049057 1.980040 2.005382 2.183516
2.402460 2.599370 2.344880 1.985845 1.791605 1.745858 1.794191 1.999792 2.766959 2.381835
2.387640 2.398710 2.562228 2.510538 2.970543 2.962823 2.387205 1.652342 1.028786 0.704203
1.185410 1.780988 1.561595 1.865979 1.681492 0.972309 0.451338 0.166900 0.016527 0.248781
0.913759 1.739260 2.269332 2.448310 2.911854 3.264229 3.706005 4.113070 4.311965 4.020120
3.014118 2.240129 2.143409 2.562568 3.275183 3.868450 4.250632 4.418489 4.545786 4.551459
4.508191 4.218664 3.541659 3.209954 3.573617 4.145786 4.361504 4.430761 4.597866 4.688002
4.641674 4.478801 4.225605 3.845859 3.296807 2.911288 2.824820 2.951117 2.651059 2.155664
2.023654 2.024533 2.623194 3.021676 3.383264 3.622263 3.058365 2.515462 2.551217 2.957873
3.486341 3.757746 3.179973 1.975942 1.661341 1.605836 1.683641 2.074161 3.118261 3.016064
3.247569 3.308378 3.107704 2.869016 3.120076 2.930496 2.214970 1.408359 0.913369 0.715207
1.056962 1.595664 1.437492 1.739974 1.480290 1.080302 0.935257 0.856041 0.830901 0.847966
1.057419 1.527036 1.921892 2.192419 2.369971 2.303514 2.486802 3.032641 3.686193 4.063834
3.620069 3.101130 2.921802 3.124441 3.515169 3.944358 4.192050 4.244839 4.241499 4.209764
4.133899 3.628697 2.758552 2.403630 2.860270 3.893858 4.587278 4.689857 4.722739 4.678468
4.499211 4.142192 3.644366 3.035210 2.352160 2.003853 1.998038 2.202904 2.566804 2.660922
2.643901 3.106622 3.630451 3.799349 3.976776 4.157107 3.981987 3.720667 3.644998 3.629501
3.733567 3.757939 3.195210 2.030385 1.530532 1.526601 1.597064 2.372869 3.222856 3.102015
3.261567 3.221639 2.825955 2.417438 2.493246 2.399277 1.878808 1.220837 0.817539 0.610592
1.122547 1.530089 1.435774 1.828322 1.816872 1.635295 1.593056 1.561553 1.559655 1.587081
1.973595 2.278676 2.405821 2.266854 1.954352 1.648451 1.588369 1.864099 2.283181 2.852981
3.480687 3.744674 3.746479 3.701000 3.667172 3.515703 3.307623 3.116270 3.034484 2.994258
2.868109 2.403502 1.843992 1.648705 1.759834 2.493634 3.596695 3.899918 3.960644 3.845935
3.488542 3.188469 3.015487 2.812656 2.359934 2.013844 1.977085 2.125109 2.625547 3.152760
3.617130 4.053754 4.285371 4.276491 4.359321 4.357946 4.262427 4.313426 4.309114 4.219788
4.177325 4.178477 3.717897 2.592103 1.669779 1.671470 2.104460 2.880133 3.399499 3.216089
3.275590 3.100072 2.610904 2.171612 2.060705 1.937790 1.602983 1.111794 0.785549 0.663581
1.258082 1.622696 1.517034 1.848622 2.033679 2.306414 2.470242 2.884739 3.210005 3.463285
3.691636 3.557505 3.383677 2.845289 2.269476 1.939828 1.754315 1.634647 1.697430 2.106320
2.871993 3.561214 3.786810 3.641901 3.061191 2.357450 2.111516 2.066213 2.147152 2.265321
2.271936 2.109324 1.908104 1.762386 1.705991 1.768634 2.480620 2.893253 3.071466 2.939952
2.699738 2.754430 3.027555 3.164006 3.013168 2.603709 2.249727 2.112553 2.221688 2.396051
2.361179 2.619167 3.325742 4.016970 4.189846 3.968877 3.758026 3.911173 4.240478 4.502162
4.582868 4.476562 4.166224 3.284397 2.114084 1.691824 1.984590 2.830659 3.434575 3.259541
3.295816 3.077247 2.680372 2.245295 1.987949 1.770566 1.390013 0.997773 0.796936 0.727147
1.299594 1.771506 1.467944 1.690360 1.825460 2.068978 2.556412 3.122795 3.463073 3.707959
3.653716 3.388381 3.141392 2.916518 2.686697 2.423633 2.176149 1.975648 1.994132 2.258632
2.851084 3.474100 3.673978 3.476491 2.701254 2.111617 1.924990 1.896874 1.970006 2.110585
2.174760 2.081315 1.986498 1.870967 1.775741 1.686508 2.387897 2.813013 2.943743 2.702890
2.665738 3.019810 3.514912 3.703405 3.639096 3.386681 2.910820 2.496473 2.357769 2.134241
1.575931 1.405737 1.858833 2.485703 2.936286 3.106895 2.999766 3.040504 3.431810 3.890171
4.150225 4.107163 3.735183 2.961465 1.998493 1.538887 1.784144 2.653829 3.269494 2.999480
2.953777 2.704217 2.516140 2.337894 2.230752 1.956904 1.414979 1.036791 0.820248 0.693142
1.215198 1.598858 1.290498 1.479776 1.606865 1.778694 2.170050 2.211908 1.982794 1.976856
1.988350 1.780236 1.732258 2.001430 2.388065 2.591076 2.624883 2.571489 2.728538 2.843424
3.209548 3.469855 3.585403 3.666552 3.381538 3.277348 3.074147 2.952446 2.979611 2.977435
2.939631 2.694718 2.180195 1.898075 1.858288 2.510867 3.164105 3.203366 3.137987 2.780226
2.775869 3.255868 3.790275 4.034554 4.139708 4.168117 4.100225 3.765237 3.263529 2.559273
1.759186 1.507909 1.553543 1.878752 2.219014 2.578252 2.612243 2.560610 2.714066 2.982443
3.204431 3.187276 2.746913 2.018097 1.426594 1.253710 1.494226 2.347059 3.044537 2.665358
2.439345 2.032207 2.101613 2.282245 2.481761 2.276765 1.671656 1.177549 0.863493 0.706754
1.141158 1.457877 1.244071 1.349879 1.278780 1.138081 0.883913 0.485442 0.400309 0.630441
1.085637 1.396069 1.508034 1.641027 1.851432 2.270981 2.760707 2.988397 2.772970 2.276761
2.001167 1.948939 1.981608 1.932854 2.104972 2.696842 2.940770 3.227612 3.599357 3.772854
3.724166 3.617695 3.178169 2.429816 1.918855 2.421579 3.001643 3.268744 3.273971 2.546733
2.088343 2.469898 3.419344 4.043614 4.458017 4.727551 4.807289 4.739460 4.736426 4.523134
3.592154 2.765524 2.509125 2.515743 2.743408 3.069656 3.060542 2.902587 2.877795 3.025919
3.110258 3.130834 2.726509 2.162381 1.738008 1.580120 1.632103 2.273806 2.941123 2.640690
2.415820 1.950042 1.959312 2.014975 2.268026 2.217566 1.719742 1.137123 0.776217 0.638290
1.053658 1.390963 1.132918 0.955084 0.542459 0.361408 0.443727 0.528884 0.526746 0.658293
1.028087 1.316307 1.463025 1.503864 1.452441 1.702246 2.157050 2.199711 1.810347 1.552785
1.444748 1.399501 1.435575 1.454513 1.450861 1.556656 1.944078 2.383009 3.053539 3.404291
3.185414 2.571503 1.528233 0.920318 0.730285 0.824569 1.587284 2.487447 2.766783 1.993625
1.639933 1.630464 2.323605 3.257143 4.109608 4.476730 4.354099 4.186183 3.624605 3.584485
4.152337 4.281283 4.111818 3.795107 3.886368 4.064772 3.885400 3.734996 3.769760 3.765929
3.667595 3.688165 3.413481 2.771559 1.732508 1.059864 0.880038 1.437323 2.497267 2.485295
2.708310 2.390665 2.003439 1.662279 1.670784 1.743029 1.540774 1.048497 0.724730 0.621140
1.029129 1.285304 0.741881 0.159776 -0.045553 -0.011396 0.494657 1.036649 1.222135 1.231269
1.262263 1.338984 1.558102 1.595923 1.473188 1.471034 1.645195 1.697153 1.563058 1.534867
1.575207 1.556916 1.576132 1.570276 1.509229 1.422599 1.541553 1.882686 2.490116 2.674282
2.386873 2.056352 1.637459 1.436007 1.342363 1.239420 1.373547 1.855382 2.249157 1.866836
1.710550 1.625283 1.848934 2.136828 2.313360 2.303447 2.485096 2.570848 1.832140 1.536887
1.992233 2.535082 2.831779 2.793631 3.061674 3.867575 4.229464 4.158585 4.183487 4.228940
4.155176 4.047234 3.469220 2.174091 1.050313 0.663587 0.636248 1.130103 2.064206 2.047019
2.408566 2.328992 2.028683 1.708336 1.648700 1.611609 1.456502 1.085097 0.832469 0.678121
1.011121 1.220933 0.809732 0.628252 0.593872 0.568289 0.500234 0.919287 1.402277 1.414004
1.367511 1.620475 1.929618 1.783825 1.343846 1.110369 1.204529 1.400517 1.511491 1.647039
1.644741 1.592411 1.558318 1.545897 1.423562 1.453952 1.513258 1.655619 1.793158 1.812287
1.707946 1.661136 1.677079 1.657796 1.551412 1.362515 1.255470 1.456520 1.821158 1.889031
1.772017 1.780961 1.649042 1.261064 0.920383 1.086403 1.537859 1.611435 0.819630 0.736056
1.063592 1.723081 2.139406 2.088572 2.119347 2.667346 3.458668 3.840412 4.063365 4.122920
3.975608 3.464389 2.364973 1.221181 0.784765 0.627949 0.624748 0.727663 1.605540 1.686413
2.001245 2.080840 1.984523 1.831488 1.953561 1.963365 1.737848 1.302679 0.925845 0.655126
1.027344 1.337338 1.140363 1.209520 1.310495 1.240818 1.105483 1.094086 1.654031 2.041502
1.856559 1.550022 1.615468 1.530355 1.261772 1.095948 0.962316 0.946389 1.087756 1.236966
1.195338 0.910766 0.931902 0.940939 0.905839 0.968678 0.914281 0.949449 1.083821 1.301629
1.349205 1.367202 1.432115 1.445931 1.327409 1.253197 1.149120 1.166022 1.208570 1.305848
1.470005 1.685069 1.535928 1.349614 1.225902 1.286217 1.456596 1.528915 1.309506 1.280904
1.325501 1.425962 1.544301 1.493519 1.405734 1.633965 2.327401 2.909111 3.318041 3.497026
3.431157 2.903627 1.854014 1.172225 1.050490 0.995775 1.024770 0.993155 1.538683 1.638444
1.834826 1.794715 1.550631 1.630254 1.981552 2.276729 2.014621 1.426204 0.905128 0.681150
1.042752 1.457397 1.384739 1.613133 1.665481 1.571318 1.432232 1.468299 1.575003 1.379927
0.936314 0.791162 1.125620 1.347159 1.386443 1.249017 0.975714 0.808727 0.771976 0.617319
0.414401 0.413372 0.593216 0.590197 0.425263 0.406729 0.589470 0.775620 0.930800 1.002894
1.032634 1.109564 1.116634 1.059665 1.002577 0.944957 0.881987 0.818474 0.717817 0.883081
1.135926 1.365818 1.394855 1.506074 1.751464 1.930397 1.998528 1.961757 1.948718 1.952148
2.006499 2.063799 2.084557 2.033752 1.880006 1.687785 1.950410 2.418221 2.891964 3.238135
3.288670 2.872148 1.937707 1.389416 1.394459 1.438154 1.456502 1.334314 1.666068 1.772097
1.868748 1.700907 1.607453 1.722287 1.988439 2.214392 1.936014 1.299949 0.797354 0.638552
1.025984 1.448735 1.353357 1.783199 1.985875 1.844342 1.615124 1.187988 0.401319 0.120995
0.191455 0.529613 0.933921 1.101607 1.467242 1.434265 1.066303 0.885282 0.721240 0.557659
0.525781 0.672042 0.790164 0.840702 0.721075 0.672233 0.697295 0.738623 0.754421 0.768225
0.785822 0.778376 0.761743 0.672704 0.431647 0.337489 0.372436 0.381749 0.498504 0.707034
0.857137 0.989119 1.173770 1.461844 1.827834 2.102563 2.171999 2.137630 2.150093 2.200174
2.287126 2.355659 2.382672 2.316040 2.121357 1.836161 2.101723 2.635904 3.171799 3.554851
3.564867 3.083217 1.993611 1.395925 1.465592 1.582339 1.558044 1.392956 1.792297 1.855646
1.903150 1.792076 1.814743 1.942624 2.183613 2.260493 1.729812 1.051076 0.669969 0.566340
1.134151 1.558237 1.371787 1.724109 2.156559 2.037329 1.591539 0.769414 0.383470 0.292687
0.317048 0.448058 1.059663 1.384472 1.832684 1.761432 1.325272 1.108162 0.926495 0.801320
0.759355 0.833451 0.832354 0.863529 0.872134 0.801081 0.738829 0.649887 0.571283 0.578178
0.575697 0.626624 0.720471 0.718342 0.630984 0.466773 0.247971 0.144333 0.320621 0.506490
0.676160 0.832557 1.071770 1.418195 1.635524 1.844299 1.861346 1.816267 1.783139 1.822279
1.922242 2.104256 2.272481 2.178720 2.016567 2.375419 2.841807 3.175959 3.500820 3.727708
3.638607 3.123113 2.060698 1.420799 1.389987 1.520898 1.495152 1.366249 1.743770 1.776616
1.837799 1.765779 1.857844 1.987287 2.212203 2.141974 1.519332 0.912646 0.601537 0.433313
1.255899 1.743494 1.431464 1.782065 2.161229 1.997659 1.533233 1.082624 0.855667 0.751659
0.753157 0.985852 1.780371 2.095092 2.497162 2.433368 1.966163 1.518536 1.270529 1.201491
1.128613 0.908993 0.725268 0.722180 0.796930 0.707955 0.615014 0.507146 0.421915 0.365716
0.370462 0.423758 0.509176 0.675113 0.796308 0.689540 0.440815 0.295542 0.350612 0.417653
0.464811 0.569473 0.675994 0.710711 0.813951 1.408752 1.961728 2.134486 2.110775 2.129119
2.334820 2.716445 3.017897 3.138217 3.207435 3.420435 3.621426 3.792603 3.982374 4.007017
3.853175 3.312534 2.149700 1.253051 0.987238 1.070535 1.141836 1.174173 1.632304 1.629624
1.639373 1.543908 1.576377 1.744353 1.868206 1.705230 1.215250 0.839238 0.659060 0.659231
1.221335 1.712291 1.317221 1.529873 1.780008 1.683854 1.347155 0.979949 0.458347 0.305163
0.359563 1.063417 1.891829 2.228469 2.839338 2.911148 2.629963 2.125201 1.685635 1.426732
1.195553 0.765920 0.500349 0.470644 0.522378 0.421635 0.333594 0.217941 0.124243 0.134971
0.169121 0.198516 0.246551 0.478319 0.779337 0.942492 0.938325 0.884595 0.753134 0.601314
0.434467 0.407974 0.458791 0.516427 0.602517 0.748530 1.128042 1.564380 2.072862 2.428416
2.580719 2.523122 2.064704 1.688825 1.530962 1.596280 2.484817 3.510068 4.008868 3.979098
3.714129 3.131590 2.133478 1.205522 1.056509 1.148151 1.219398 1.188341 1.409593 1.418209
1.331888 1.153573 1.144318 1.352068 1.502614 1.401989 1.028947 0.748893 0.631701 0.662901
1.015513 1.399419 1.234561 1.322007 1.425971 1.217881 0.873021 0.576804 0.367497 0.230005
0.206452 0.515774 1.301799 1.468412 1.901459 2.150251 2.039005 1.649230 1.297124 1.072851
0.846617 0.531038 0.451547 0.392050 0.373964 0.344666 0.228324 0.138206 0.023557 -0.055987
-0.089439 -0.072065 -0.030967 0.148941 0.454728 0.858500 1.184911 1.233993 0.959452 0.628734
0.359480 0.300671 0.531931 0.824805 1.068883 1.176653 1.336322 1.558610 1.780456 2.061120
2.123690 1.670285 1.117327 0.995698 0.964375 1.032289 1.618310 2.276186 2.560653 2.390835
2.083230 2.080413 2.263033 1.888649 1.403888 1.480714 1.462972 1.320398 1.426122 1.347865
1.157027 0.898099 0.857012 1.057661 1.201918 1.094036 0.823468 0.655180 0.596555 0.565824
1.060949 1.393106 1.328157 1.318734 1.343668 1.058041 0.711281 0.649579 0.689252 0.581943
0.554113 0.526492 0.986033 1.074661 1.172645 1.352459 1.536839 1.324807 1.086771 0.882543
0.704952 0.479597 0.453119 0.442046 0.316653 0.238124 0.184190 0.065976 -0.060885 -0.023865
-0.403381 -0.506797 -0.208457 -0.041432 0.131693 0.460903 0.850956 0.959684 0.718871 0.552944
0.544948 0.542321 0.629337 0.925724 1.189456 1.290315 1.398654 1.321114 1.190840 1.206547
1.422830 1.252705 0.984966 0.883703 0.905593 1.021041 1.263703 1.644293 1.768861 1.457086
1.073106 1.107227 1.730223 2.676328 2.682041 1.903636 1.644028 1.759753 1.722772 1.482493
1.156850 0.938313 0.922380 1.034595 1.136330 1.035465 0.834303 0.625876 0.596306 0.591677
1.239264 1.677499 1.484121 1.537336 1.553290 1.123816 0.843861 0.970530 1.205689 1.172277
1.124827 1.027732 1.089677 1.264574 1.327825 1.430685 1.604111 1.478787 1.325962 1.110880
0.779049 0.502706 0.433802 0.386189 0.332729 0.272860 0.196511 0.065407 -0.196948 -0.395411
-0.402512 -0.268327 0.096005 0.487141 0.311855 0.300913 0.428408 0.468690 0.490963 0.600169
0.692420 0.725940 0.662100 0.723317 0.916850 1.220932 1.459266 1.511785 1.287458 1.163145
1.854755 2.106714 1.663734 1.456864 1.471531 1.572661 1.905067 2.292828 2.220162 1.867787
1.546317 1.647427 2.033958 2.652899 3.188308 3.085839 2.743429 2.540338 2.161707 1.665799
1.297833 1.155641 1.164832 1.222134 1.260343 1.202631 1.065948 0.935782 0.793194 0.665286
1.225107 1.656796 1.491977 1.701344 1.695859 1.306589 1.015008 1.125219 1.325074 1.397587
1.312893 1.205247 1.587205 1.759840 1.802489 1.971776 1.976562 1.684764 1.501240 1.199570
0.776833 0.563116 0.460984 0.393383 0.387227 0.436383 0.462825 0.535311 0.593627 0.617536
0.685451 0.698458 1.062236 1.597177 0.707552 0.441250 0.369678 0.433861 0.584060 0.710398
0.739535 0.649952 0.524712 0.508327 0.577028 0.820720 1.382242 1.996631 2.336579 2.551690
3.054093 3.360817 3.112107 2.371581 2.069784 2.596695 3.048046 3.248527 3.178196 3.013836
2.666669 2.457280 2.286039 2.273220 1.988559 1.672259 1.820780 2.093035 2.144609 1.790451
1.463689 1.334621 1.295306 1.276818 1.295425 1.247784 1.145581 1.057258 0.896244 0.683696
0.944551 1.411048 1.461893 1.709958 1.760343 1.478166 1.132601 0.971801 0.709622 0.683007
0.762209 1.085498 1.794035 1.887214 2.144022 2.397854 2.140706 1.691425 1.419799 1.108051
0.740030 0.604703 0.482728 0.431772 0.465671 0.517914 0.663499 0.851018 1.407221 1.550496
1.745320 1.754943 1.587753 2.028392 1.050902 0.611444 0.452788 0.502041 0.582070 0.595182
0.505445 0.352988 0.263562 0.427564 0.642228 0.728939 0.754339 0.770246 1.114038 1.645150
1.915786 2.194662 2.261804 2.139770 2.472405 3.255363 3.529321 3.636199 3.747765 3.865176
3.650564 3.026151 2.222622 1.435006 0.805842 0.655626 0.964856 1.392974 1.683819 1.564545
1.401164 1.259804 1.189222 1.197566 1.239785 1.190209 1.098331 1.028957 0.882791 0.658618
1.144003 1.577026 1.482436 1.615833 1.766328 1.528438 1.173149 0.957987 0.818495 0.767584
0.801609 1.028418 1.135358 1.016787 1.323050 2.086307 2.236281 1.925539 1.549490 1.186534
0.844833 0.630363 0.540696 0.502824 0.519949 0.531530 0.588174 0.822722 1.453729 2.269444
2.682475 2.693089 2.275063 1.643326 0.896261 0.588268 0.493492 0.494080 0.491929 0.489001
0.449354 0.395423 0.424963 0.459425 0.623142 0.732432 0.686987 0.622850 0.644836 0.769866
0.930121 1.047917 1.163799 1.339448 1.741069 2.675264 3.521316 4.012904 4.253328 4.352881
4.080291 3.313045 2.211114 1.251137 0.725684 0.469125 0.484061 0.789582 1.211317 1.279562
1.215341 1.032752 0.975767 1.053704 1.144269 1.088503 0.925809 0.819600 0.844947 0.764382
1.364670 1.914463 1.476118 1.498281 1.622296 1.408736 1.231661 1.133837 0.953855 0.889241
0.987830 1.570055 1.735007 1.473132 1.749762 2.670951 2.844424 2.576803 1.946734 1.368670
0.931729 0.623907 0.453297 0.439804 0.430980 0.437298 0.486889 0.610617 1.081385 1.950616
2.564240 2.648949 2.097384 1.185246 0.592898 0.414957 0.403552 0.413146 0.447467 0.526410
0.618667 0.688515 0.735678 0.817662 0.866981 1.007310 1.119449 1.149034 1.225592 1.280536
1.331145 1.363652 1.407956 1.554786 2.004011 2.838694 3.617594 4.071562 4.253162 4.351920
4.241812 3.809959 2.768614 1.641333 0.930669 0.674574 0.720491 1.086048 1.363112 1.370596
1.175325 0.881796 0.824134 0.919296 1.004262 0.914501 0.773929 0.696311 0.763060 0.747939
1.375092 1.821043 1.401821 1.373944 1.417068 1.263137 1.124159 1.049850 0.956724 0.889935
1.108884 1.970321 2.813771 3.375230 3.510289 3.035191 2.415632 2.007909 1.544130 1.123034
0.852012 0.589768 0.430477 0.429674 0.418447 0.426676 0.421053 0.463060 0.532981 1.071247
1.610925 1.697816 1.209330 0.577371 0.361717 0.281130 0.259051 0.265052 0.393554 0.553499
0.688981 0.818214 0.830188 0.868723 0.928607 1.159801 1.532280 1.669742 1.785681 1.915142
1.969406 1.966751 2.088516 2.392163 2.767527 3.192401 3.553285 3.839210 4.017761 4.192350
4.241717 4.062916 3.271431 1.684952 0.665939 0.450102 0.454146 0.954256 1.571503 1.550606
1.239736 0.769801 0.743743 0.849276 0.918911 0.885975 0.849448 0.789075 0.741414 0.745716
1.152411 1.566678 1.418977 1.413979 1.345616 1.147443 1.111485 1.260119 1.236400 1.246705
1.475947 1.865577 2.396604 2.641032 2.391551 2.010375 1.637831 1.174821 0.843794 0.755401
0.710664 0.527796 0.471720 0.419596 0.407776 0.386032 0.339111 0.321752 0.446681 0.463991
0.602336 0.645891 0.498695 0.350317 0.216470 0.085717 0.021923 0.091282 0.227773 0.328160
0.531721 0.656360 0.681530 0.601515 0.618366 0.874834 1.250857 1.656097 1.968806 2.250765
2.486588 2.683013 3.066498 3.159178 3.216582 3.256023 3.338129 3.467713 3.713864 3.973742
3.999049 3.640433 2.506864 1.019348 0.595345 0.503576 0.505637 0.693755 1.487754 1.324603
1.063604 0.651029 0.655595 0.750901 0.873354 0.971639 1.056009 1.055011 0.946591 0.817987
1.028013 1.540577 1.423721 1.380664 1.173715 0.955270 1.004072 1.354139 1.457617 1.603574
1.833829 2.057840 2.266083 2.242455 1.930009 1.545679 1.223033 0.899872 0.737517 0.744723
0.852492 0.571440 0.582377 0.513408 0.440568 0.370439 0.323453 0.310404 0.358992 0.399007
0.394923 0.390601 0.377614 0.374213 0.251083 -0.033350 -0.205037 0.091038 0.334937 0.359348
0.426074 0.534462 0.572961 0.554987 0.566186 0.716057 0.994324 1.248486 1.623392 2.295987
3.077654 3.466248 3.564117 3.384584 3.242366 3.063240 2.950457 2.992639 3.288783 3.532108
3.471784 2.941110 1.781474 1.001510 0.922345 0.866460 0.859594 0.855123 1.353990 1.180062
0.950886 0.688535 0.665468 0.734075 0.856694 0.995090 1.143253 1.179383 0.989402 0.753724
1.113684 1.549892 1.219091 1.127624 0.920455 0.791509 0.789365 0.945887 1.223478 1.552243
1.804484 1.836910 1.925060 1.872309 1.674054 1.544187 1.494343 1.430284 1.391914 1.462867
1.336737 0.814248 0.717584 0.597827 0.450677 0.311897 0.203079 0.226666 0.226566 0.218975
0.275167 0.294028 0.272928 0.307208 0.373588 0.570499 0.584350 0.511871 0.521448 0.595980
0.502706 0.485313 0.554319 0.658230 0.737666 0.806278 1.046664 1.315858 1.585940 2.319305
3.181110 3.589935 3.641081 3.471975 3.314255 3.097157 2.969972 3.021729 3.176954 3.283230
3.220033 2.882108 1.919441 1.235949 1.178142 1.194169 1.170049 1.077256 1.373878 1.224067
1.046585 0.907533 0.843484 0.889711 0.951215 0.997179 0.955105 0.788217 0.648254 0.505986
1.207458 1.530959 1.165325 1.075015 0.967527 0.849038 0.861826 1.058744 1.363885 1.714348
2.052290 2.126884 2.108593 2.039246 1.899950 1.838385 1.989657 2.251085 2.426462 2.460099
1.810567 0.995908 0.800524 0.650862 0.553880 0.487307 0.395990 0.341609 0.367679 0.438145
0.431151 0.412294 0.450606 0.424022 0.459194 0.714123 0.940545 0.782125 0.675131 0.594699
0.504290 0.503633 0.630294 0.779434 0.877867 0.962303 1.216440 1.595675 1.978355 2.490977
2.848681 3.206051 3.336214 3.376405 3.344631 3.314111 3.383099 3.488173 3.494771 3.564601
3.575478 3.267533 2.175812 1.340536 1.247880 1.311159 1.336558 1.272317 1.418288 1.360388
1.285910 1.125146 0.992295 1.026489 1.099488 1.060019 0.865327 0.635344 0.508861 0.498484
1.236258 1.631346 1.327383 1.242339 1.169336 1.002979 0.969028 1.209018 1.568373 1.789395
2.179830 2.464373 2.740522 2.535475 1.995616 1.612747 1.486763 1.672117 1.836495 1.851441
1.702649 0.948945 0.785685 0.650042 0.632436 0.655986 0.646284 0.604573 0.552274 0.538703
0.545460 0.536532 0.532483 0.491587 0.493951 0.521157 0.539801 0.528355 0.536956 0.547239
0.579211 0.586565 0.693566 0.850687 0.949845 1.064938 1.283012 1.570342 1.971534 2.421255
2.524549 2.470277 2.273455 2.112383 2.048919 2.205365 2.700490 3.289300 3.617069 3.841781
3.928601 3.750139 2.731012 1.569072 1.451581 1.540105 1.550683 1.431246 1.534432 1.501182
1.411614 1.149976 0.978142 1.032083 1.117408 1.064168 0.866348 0.608627 0.474913 0.564437
1.210677 1.838183 1.567754 1.551751 1.521001 1.292652 1.154149 1.297741 1.594611 2.310954
3.166432 3.547559 3.930085 3.785248 3.012016 1.952672 1.262357 1.075817 1.189248 1.506727
1.547164 0.912242 0.820023 0.683459 0.712653 0.794251 0.801455 0.719840 0.598175 0.482511
0.464783 0.484028 0.457288 0.427277 0.364627 0.268202 0.349731 0.434481 0.455314 0.619114
0.735740 0.741163 0.784738 0.932309 1.029695 1.152709 1.287798 1.441206 1.813897 2.351717
2.421879 2.229253 1.820005 1.449042 1.372056 1.556201 1.955338 2.495404 3.030652 3.582220
3.983319 4.080166 3.615367 2.534710 1.647076 1.500046 1.479328 1.470031 1.679240 1.591647
1.352191 0.996919 0.907815 0.986895 0.996101 0.927161 0.757041 0.526940 0.320779 0.391372
1.117062 1.800664 1.604162 1.740742 1.691315 1.369739 1.107810 1.193765 1.707787 2.546111
2.967297 3.152413 3.280084 2.687242 1.679136 0.960168 0.753816 0.750270 0.789189 0.919105
1.218589 0.942760 0.918047 0.804047 0.933512 1.146305 1.177010 1.053179 0.822133 0.564492
0.515339 0.501541 0.445044 0.401922 0.254658 0.262227 0.435868 0.562471 0.556841 0.595457
0.689835 0.769007 0.846153 1.000855 1.100743 1.216698 1.362978 1.580529 2.021407 2.666219
2.840684 2.740262 2.259828 1.886033 1.854633 2.035335 2.277642 2.545615 2.839519 3.224446
3.677486 3.897153 3.689156 2.833497 1.693622 1.209124 1.371876 1.720952 1.861366 1.582667
1.088638 0.819708 0.838988 0.787564 0.673395 0.580375 0.585354 0.519077 0.470928 0.456688
1.058090 1.586113 1.391053 1.501186 1.506252 1.233096 0.982860 0.916845 1.063015 1.550463
2.039896 2.109179 1.790386 1.418174 1.214140 1.128721 1.109848 1.112210 1.123839 0.999402
0.994067 1.034822 1.203347 1.306843 1.539737 1.644539 1.669771 1.340234 0.796974 0.554125
0.631998 0.700736 0.581791 0.357754 0.025759 0.078705 0.437601 0.554490 0.483428 0.471114
0.543415 0.692857 0.809776 0.992689 1.161012 1.302116 1.466493 1.648482 2.043366 2.916491
3.447611 3.635777 3.647787 3.441509 3.195361 3.152925 3.150971 3.031003 2.962254 3.145358
3.474147 3.576854 3.252421 2.127217 0.877829 0.501629 0.816007 1.393878 1.817073 1.504653
0.970017 0.724533 0.665517 0.525179 0.483607 0.510942 0.546356 0.514456 0.587715 0.600178
1.068949 1.501694 1.315004 1.391291 1.459883 1.386304 1.330934 1.382319 1.508632 1.877139
2.160430 1.980911 1.644296 1.472741 1.437968 1.482549 1.518805 1.515192 1.459972 1.214278
1.112069 1.136992 1.182356 1.228541 1.282634 1.351829 1.318282 1.080405 0.589071 0.341625
0.402644 0.562505 0.527437 0.292255 0.050872 0.171696 0.462572 0.598835 0.510536 0.356853
0.367221 0.558205 0.727482 0.872147 0.997426 1.151708 1.260070 1.266600 1.385390 2.142212
3.151663 3.805083 4.185929 4.140026 3.664703 2.932665 2.196382 1.898675 2.053255 2.507952
3.135377 3.406926 3.185778 2.420824 1.304757 0.613350 0.509828 1.013255 1.557119 1.367308
0.827343 0.411017 0.367776 0.459911 0.599397 0.646276 0.639711 0.562063 0.528957 0.497232
1.098067 1.563184 1.394821 1.432492 1.404797 1.521865 1.777850 1.931894 2.041385 2.263823
2.427252 2.585610 2.415375 1.906753 1.503800 1.387838 1.455025 1.527205 1.429582 1.401120
1.274512 1.016606 1.034258 1.185393 1.288117 1.382463 1.502307 1.140420 0.599912 0.462943
0.440448 0.554000 0.625104 0.534361 0.520793 0.740777 0.919442 1.159916 1.108858 0.684683
0.661242 0.931041 1.111676 1.111161 1.068571 1.077095 1.022236 0.899619 0.845325 1.242172
2.204677 3.027207 3.675496 3.776097 3.214717 2.221259 1.513897 1.395349 1.681546 2.330546
3.161314 3.523285 3.462276 2.723946 1.265175 0.613553 0.515266 0.754671 1.486538 1.321874
0.896055 0.679503 0.689423 0.820474 0.889050 0.838034 0.677968 0.478757 0.283284 0.355399
1.180622 1.591332 1.505627 1.563358 1.437228 1.514034 1.838089 1.890421 1.711778 1.759524
1.811251 1.580867 1.337767 1.345175 1.532543 1.825282 1.749594 1.749202 1.904580 1.890278
1.423207 1.260947 1.300536 1.307850 1.334468 1.447649 1.608853 1.539885 1.322592 1.267542
1.258488 1.369442 1.529641 1.517026 1.592062 2.202179 2.535947 2.649123 2.548549 2.164433
2.005921 2.140787 2.161800 2.040511 1.820677 1.685683 1.526106 1.243714 1.129524 1.426761
2.073995 2.587840 3.132617 3.313227 2.928693 2.148274 1.639261 1.585454 1.902828 2.697065
3.384191 3.577659 3.426620 2.374461 1.167613 0.815331 0.851143 1.220659 1.715726 1.498984
1.305083 1.183932 1.208215 1.290030 1.264793 1.109519 0.823533 0.588957 0.546312 0.556540
1.127187 0.948847 1.008097 1.195819 1.044056 1.038666 1.091403 0.844451 0.604252 0.305601
0.097006 -0.057812 -0.280853 -0.435897 -0.431390 -0.055943 1.254224 2.070609 2.251358 2.119697
1.830375 1.803444 1.779260 1.700599 1.691380 1.830437 2.029346 2.127476 2.033399 1.990165
2.147915 2.661311 3.184830 3.636636 3.867180 3.840894 3.570402 3.533746 3.575906 3.473989
3.098717 2.767685 2.738662 2.744618 2.712316 2.672703 2.451328 2.024974 1.751720 1.933654
2.201003 2.483021 2.906097 3.207573 3.141985 2.790123 2.304914 2.215264 2.637711 3.238384
3.575246 3.555892 2.822352 1.425209 0.761770 0.735360 0.911672 1.615282 2.155298 1.890807
1.730026 1.559424 1.626505 1.654150 1.563436 1.203723 0.931426 0.802443 0.706651 0.593845
0.183792 -0.442712 -0.124982 0.609912 0.765801 0.610027 0.429902 0.062907 -0.201229 -0.330213
-0.147555 0.270620 0.331847 0.197664 0.113010 -0.010979 0.102159 1.051815 1.731207 2.183990
2.402166 2.310618 2.098925 1.878364 1.825277 1.968967 2.408504 2.750565 2.935054 3.205389
3.466417 3.619981 3.533559 2.759695 2.071573 2.051144 2.355895 2.570075 2.746100 2.729784
2.540022 2.331200 2.298758 2.463055 2.785207 3.135819 3.300451 3.152483 2.769592 2.620595
2.526513 2.357458 2.078725 2.337147 2.982040 3.329530 3.401942 3.500271 3.670599 3.798934
3.831783 3.557133 2.275521 1.181768 0.852136 0.903103 1.176898 1.909966 2.675164 2.420000
2.083155 1.780533 1.693820 1.647906 1.693796 1.420110 1.148860 0.877578 0.508928 0.367308
0.252553 0.157624 0.018595 0.703649 1.101181 0.823487 0.308741 -0.118430 0.138204 0.409972
0.583827 0.871132 0.978886 0.971895 0.901835 0.606596 0.195659 0.236130 1.187350 2.069223
2.832032 3.094109 2.897306 2.295650 2.078906 2.522246 2.944556 3.461741 3.969767 4.099631
3.779471 3.260599 2.020722 1.269567 1.174091 1.529609 1.961568 2.111649 2.083527 2.070330
2.043574 1.895249 1.882703 2.246117 2.729501 3.140345 3.594750 3.865336 3.676964 3.288817
2.923824 2.379656 1.671916 1.710663 2.682396 3.582072 4.067773 4.281797 4.253983 4.102947
3.915077 3.471049 2.375440 1.237679 0.790997 0.742406 1.004927 2.030120 2.718601 2.591321
2.494692 2.064278 1.380189 0.981703 1.128975 1.361573 1.135013 0.780126 0.374986 0.150892
0.726354 0.869607 0.792320 1.055872 1.562298 1.081577 0.599380 0.577253 0.791590 1.139017
1.211364 0.878209 1.281322 1.374820 1.198819 1.105530 0.788393 0.789431 1.287911 1.897905
2.601623 3.030074 3.090121 2.670364 2.197636 2.153069 2.517349 3.091909 3.572263 3.470131
2.887880 1.871728 1.208139 1.114886 1.161037 1.230524 1.345685 1.325180 1.227422 1.259532
1.424106 1.514658 1.674316 2.181479 2.724137 2.955405 3.217693 3.480228 3.465631 3.155478
2.672341 1.890260 1.166537 1.072506 2.074929 3.292347 4.015582 4.260577 4.322933 4.161084
3.790003 2.926952 1.570644 0.812371 0.621364 0.555635 0.583376 0.890949 1.870312 2.061112
2.261654 1.763969 0.853357 0.546039 0.452482 0.943949 1.295632 1.097185 0.911924 0.840719
1.367890 1.494113 1.489695 1.305289 1.367070 0.752234 0.180158 0.532185 0.907325 0.762726
0.625693 0.808879 0.728386 0.957441 1.294314 1.389468 1.114835 0.736157 0.952585 1.577236
2.139121 2.499214 2.319698 1.890135 1.605139 1.555338 1.721433 2.155685 2.790014 2.757905
1.932868 1.407349 1.415231 1.554681 1.727871 1.787098 1.756315 1.662010 1.527995 1.521274
1.620114 1.641290 1.540635 1.773553 2.395914 2.691415 2.881147 3.011209 2.921568 2.620725
2.186849 1.502080 0.969832 0.866448 1.648726 2.757471 3.730898 4.180403 4.324475 4.148218
3.691941 2.731406 1.504889 1.108323 1.056231 1.033997 1.061192 1.071945 1.281435 1.494410
1.729366 1.491056 1.056468 0.929744 0.820749 0.760121 1.072942 1.202286 1.164416 1.153293
1.470115 1.624391 0.955024 0.309398 0.127694 0.157396 0.340718 0.545659 0.661906 0.513604
0.200091 0.264889 0.501340 0.569797 1.000283 1.306904 1.197075 0.672154 0.744938 1.094664
1.615884 1.957187 1.924186 1.827297 1.688581 1.650923 1.732436 2.119035 2.794446 2.935747
2.011912 1.486187 1.651703 1.855288 2.039085 2.135482 2.093872 1.964219 1.793559 1.740224
1.792890 1.784574 1.650041 1.895767 2.644820 3.026235 3.140888 3.219874 3.178127 2.976536
2.536323 1.692769 1.080036 0.871885 1.257679 2.349538 3.384032 3.866858 4.071614 4.057148
3.860503 3.467587 2.392770 1.515141 1.586770 1.641215 1.625955 1.476582 1.378536 1.311029
1.272500 1.241112 1.221579 1.244507 1.091454 0.781265 0.576345 0.673183 0.813098 0.930746
1.375392 1.051045 1.032111 0.457859 0.139184 0.331101 0.670754 0.380317 0.526030 0.742667
0.577361 0.213952 0.190762 0.434999 0.742607 0.965445 0.998191 0.694505 0.018551 -0.282732
0.006437 0.912665 1.758170 2.194625 2.299733 2.354012 2.542711 2.737258 3.060033 3.196788
3.015708 2.588992 2.222716 2.449098 2.855263 3.112588 3.301949 2.670198 2.028966 2.062123
2.429948 2.515570 2.646826 2.986014 3.271061 3.522121 3.665635 3.787280 3.898726 3.922083
3.566185 2.562512 1.353023 0.865635 1.216142 2.342666 3.202817 3.537968 3.684477 3.759161
3.698771 3.488043 3.053591 2.496907 2.057552 1.861997 1.744539 1.735767 1.712640 1.396680
1.131973 0.993235 1.016909 1.037768 0.865335 0.469625 0.057008 -0.146439 -0.082462 0.393299
1.174838 1.113385 0.739069 0.729281 0.661790 0.677870 0.584268 0.846425 0.561915 0.816663
0.745790 0.539451 0.228847 0.249321 0.300830 0.720301 0.974826 0.831931 0.249587 -0.149680
-0.163775 0.237407 1.040704 1.749260 2.484549 2.875634 2.851636 2.448420 1.573764 0.853436
0.668238 0.754509 0.768678 1.000548 1.469543 2.031529 2.563726 2.700095 2.459070 2.023939
1.755661 1.606511 1.486839 1.459708 1.738449 2.205049 2.444349 2.518150 2.536047 2.278550
1.720383 1.003048 0.664372 0.646677 0.763097 1.375956 2.083978 2.478602 2.672369 2.785717
2.732732 2.555268 1.990470 1.490442 1.228849 1.295082 1.434503 1.597735 1.764434 1.496017
1.145473 0.848189 0.691091 0.656602 0.534382 0.364367 0.342037 0.457632 0.352731 0.216704
0.838051 0.702435 0.826451 0.803218 1.112280 1.057202 0.823048 0.422986 0.336386 0.630043
0.574068 0.657398 1.003839 0.952838 0.836588 0.542571 0.552638 0.488063 0.849707 0.810020
0.763702 0.629123 0.703786 0.835271 1.462334 2.356701 2.338568 1.564646 0.856316 0.628863
0.544181 0.531642 0.544151 0.574908 0.638413 0.692920 0.646997 0.458973 0.298279 0.285588
0.391036 0.554626 0.677148 0.809509 1.051647 1.400353 1.568225 1.556729 1.467671 1.395727
1.316853 1.207283 1.112472 1.088826 1.124724 1.228269 1.442710 1.653438 1.825538 1.961627
1.966515 1.818664 1.429160 0.952260 0.646652 0.615582 0.699978 0.815933 1.059304 1.023207
0.780331 0.591774 0.569518 0.593387 0.447231 0.228750 0.222853 0.264262 -0.058526 -0.120236
0.773572 0.896114 1.234629 1.139475 0.857846 0.783945 0.792314 0.772511 0.728979 0.637777
0.964326 1.052502 0.858554 0.632335 0.063665 0.108783 0.593783 0.656602 0.654820 0.916744
0.712954 0.695557 0.665303 0.681196 0.934846 1.689903 1.806540 1.528147 1.251899 1.269688
1.318552 1.356627 1.370910 1.356531 1.327612 1.301880 1.234499 1.132077 1.061369 1.037634
1.059585 1.109324 1.150815 1.199948 1.327772 1.481758 1.596925 1.622697 1.618626 1.612300
1.623303 1.642564 1.604283 1.582569 1.575471 1.565595 1.603902 1.682023 1.753070 1.839627
1.888396 1.832460 1.677962 1.456891 1.247844 1.195665 1.147200 0.977554 0.817202 0.752796
0.730610 0.711368 0.708908 0.647441 0.536436 0.449126 0.677112 0.699549 0.411762 0.352417
0.575086 0.921342 1.088517 1.024349 0.895505 0.836695 0.786235 0.823328 0.532942 0.263187
0.512298 0.464202 0.341402 0.254089 0.088948 0.303822 0.367025 0.766253 0.677049 0.626413
0.459403 0.462399 0.802954 0.860137 0.898173 1.224144 1.369355 1.273465 1.401221 1.832164
2.253223 2.311484 2.258014 1.924490 1.673126 1.603786 1.576698 1.518050 1.513039 1.482170
1.443998 1.468194 1.554081 1.588376 1.562040 1.608159 1.686167 1.711988 1.691282 1.600455
1.508876 1.536411 1.586176 1.574492 1.520031 1.487327 1.522740 1.580958 1.596726 1.619009
1.636421 1.643802 1.604984 1.495689 1.469733 1.295830 1.039470 0.849003 0.755475 0.828950
0.901206 0.872810 0.776671 0.532963 0.424309 0.805685 0.822796 0.526187 1.190088 1.156390
0.723661 0.609586 0.754441 0.713970 0.685575 0.661293 0.457458 0.215206 0.082573 0.207109
-0.091902 0.169120 0.301323 0.367227 0.762351 0.474335 0.092029 0.205574 0.657484 0.693833
0.720538 0.655480 0.869920 1.061022 1.152939 1.338397 1.392138 1.166470 0.774645 0.472025
0.565981 1.426436 2.123308 2.154241 1.918080 1.732244 1.648979 1.576493 1.684071 1.734610
1.651413 1.561188 1.564875 1.604280 1.652923 1.646819 1.597154 1.529140 1.452267 1.361044
1.240379 1.135823 1.134032 1.207192 1.281162 1.364528 1.474483 1.539258 1.454909 1.310722
1.291388 1.340729 1.303652 1.203568 1.068937 0.773370 0.497164 0.379435 0.622514 0.903069
1.160362 1.137987 0.871090 0.584648 0.459758 0.361608 0.233712 0.588074 0.516207 1.020472
0.262098 0.324543 0.536161 0.689753 0.765185 0.595509 0.426430 0.395737 0.417387 0.302096
0.347206 0.059573 0.245171 0.783484 0.921769 0.735769 0.524634 0.601206 0.535025 0.628074
0.412901 0.402383 0.845315 1.191275 1.446577 1.700693 1.547757 1.223891 0.976139 0.740829
0.649112 0.679435 0.985832 1.098448 1.026375 0.817306 0.770488 1.001189 1.277908 1.269939
1.089063 0.960107 1.020100 1.219542 1.325121 1.299959 1.170803 0.960322 0.806899 0.717668
0.620064 0.546284 0.545488 0.621753 0.714053 0.809453 0.891548 0.835539 0.722000 0.764044
0.905794 1.041162 1.021613 0.828966 0.400761 0.143025 0.036103 0.160586 0.213569 0.206287
0.442278 0.520172 0.372724 0.293590 0.503322 0.708711 0.567099 0.445039 0.691601 0.790149
0.881235 0.667971 0.521373 0.819806 0.945760 0.880798 0.834917 0.719020 0.436373 0.324171
0.347913 0.702547 0.840544 0.828577 0.606367 0.519701 0.817564 0.580058 0.438046 0.350147
0.306609 0.299873 0.890219 1.340690 1.820144 2.245914 1.855317 1.480935 1.429413 1.327770
1.228829 1.147227 1.065362 1.056188 0.815532 0.562297 0.351796 0.319091 0.436198 0.509608
0.490653 0.545115 0.614212 0.732284 0.885116 0.977679 0.940483 0.856560 0.802294 0.797877
0.865724 0.908845 0.880027 0.802294 0.743574 0.763570 0.806211 0.832765 0.863928 0.893157
0.910191 0.827155 0.455522 -0.088539 -0.183131 0.253406 0.562995 0.630455 0.285180 0.269357
0.075854 -0.033910 -0.087932 -0.095067 -0.019681 0.097804 0.572042 -0.174058 -0.233035 0.571436
1.184616 0.918697 0.633299 0.691600 0.903024 0.950814 0.895341 0.902933 1.061614 1.074297
1.013100 0.906204 0.685291 0.524097 0.635052 0.791162 0.662948 0.591433 0.428238 0.513806
0.865073 1.004775 1.158907 1.597329 1.974413 2.162111 1.904341 1.634324 1.474356 1.430188
1.365606 1.222594 1.132027 0.775164 0.387417 0.206344 0.175798 0.234498 0.456466 0.637271
0.701168 0.687532 0.704612 0.711594 0.744089 0.773719 0.741008 0.664263 0.619479 0.677992
0.807835 0.828856 0.793237 0.757484 0.734896 0.709049 0.728723 0.778458 0.881654 0.900586
0.700641 0.437537 0.082428 -0.049038 -0.036393 0.042787 0.442561 -0.005560 -0.208396 0.082876
0.227426 0.449266 0.532248 0.521459 0.264576 0.489243 0.654238 0.427269 0.357267 0.342521
0.958812 0.893749 0.780309 0.523693 0.559831 0.590975 0.569687 0.748294 0.797797 0.780301
0.442163 0.340477 0.544142 0.377937 0.391967 0.832167 0.780958 0.217575 -0.288137 0.040661
0.938297 0.943331 1.036489 1.372692 1.575814 1.419187 1.017253 0.799645 0.917290 0.885188
0.690625 0.494749 0.308907 0.160178 0.086015 0.135443 -0.062457 -0.236334 0.045724 0.661222
0.841819 0.845854 0.853048 0.826554 0.717137 0.487152 0.122713 -0.265507 -0.306997 0.127496
0.435677 0.679572 0.821797 0.872741 0.846219 0.726431 0.584517 0.468925 0.425874 0.466255
0.584056 0.613017 0.780975 0.715419 0.747302 0.845759 0.522840 0.409284 0.393618 0.229245
-0.104046 -0.011315 0.792133 1.032372 1.072758 1.142036 1.259614 1.376776 1.109351 0.313586
0.319748 0.569919 0.890206 0.628161 0.486047 0.459244 0.541091 0.813352 0.990287 0.925221
0.753920 0.500882 0.291020 0.647089 0.626664 0.765559 0.599849 0.324593 0.386194 0.436086
0.096265 0.216774 0.649036 1.106303 1.246196 1.108242 0.891959 0.682884 0.525633 0.387612
0.369515 0.375103 0.333304 0.212271 0.041108 -0.352153 -0.316230 0.226959 0.384879 0.673897
0.845043 0.804699 0.738384 0.521754 0.280877 0.085278 0.160062 0.170623 0.149032 0.094711
0.252258 0.522369 0.773467 0.843971 0.778628 0.566298 0.294905 -0.112604 -0.270003 0.281159
0.587705 0.545851 0.529860 1.328145 1.481515 1.139895 0.804770 0.996965 1.131937 0.954020
0.786900 0.755590 0.633752 0.866264 1.172791 1.199052 1.086281 1.181769 1.021082 0.876315
0.319436 0.255903 0.361384 0.534809 0.171022 -0.024026 0.291799 0.600666 0.717343 0.799578
0.901582 0.978201 0.712411 0.694068 0.848311 0.600839 0.410844 0.354039 0.277907 0.194133
0.462402 0.352411 0.703911 0.974497 1.046992 1.019494 0.883284 0.675170 0.526107 0.597473
0.712926 0.771079 0.801437 0.706515 0.502433 0.244420 0.165670 0.240817 0.415452 0.466618
0.455069 0.387553 0.342194 0.281711 0.179441 0.277252 0.415383 0.676740 0.656755 0.208982
-0.055268 0.344457 0.600200 0.690244 0.583403 0.362274 -0.033382 0.021470 0.391880 0.376617
0.586165 0.489342 0.391205 0.506887 0.485064 0.811519 1.035225 1.104971 1.265039 1.450833
1.207984 0.659544 0.152835 0.261831 0.710689 0.832607 0.723748 0.941662 1.135242 1.212919
0.981838 0.964838 0.989930 1.020461 1.038507 0.937102 0.898303 0.821962 0.771904 0.773453
0.709527 0.645386 0.604294 0.485684 0.735586 0.676722 0.715066 0.746144 0.661445 0.523549
0.586381 0.897507 0.744174 0.718055 0.811934 0.887741 0.888552 0.878058 0.892704 0.918743
0.958810 0.969538 0.919069 0.764900 0.741645 1.091146 1.067200 0.953931 0.331040 0.360561
0.011311 0.143313 0.489945 0.315435 0.234387 0.164677 -0.080011 -0.112112 0.177595 0.243001
0.325344 0.201445 0.464545 0.569049 0.443431 0.273732 0.222805 0.253282 0.259722 0.550210
0.392575 0.499570 0.775118 1.018326 0.982221 0.882370 1.026835 1.204141 1.203142 1.226023
0.987813 0.641340 0.739421 0.855364 0.890852 0.837080 0.699717 0.663912 0.820165 1.014932
1.409778 1.374081 1.217946 1.338717 1.570925 1.474974 1.181918 0.926847 0.816581 0.879659
1.040258 1.053042 1.079076 0.896144 0.450516 0.311015 0.358224 0.700957 0.924700 0.744056
0.570717 0.684371 0.516175 0.672829 0.748436 0.785211 0.781048 0.831119 0.962240 1.051605
0.946865 0.683683 0.365098 0.201584 0.237724 0.730014 1.157425 0.621622 0.439939 0.269305
0.343001 0.391179 0.141124 0.298419 0.199011 0.247235 0.596364 0.697854 0.731331 0.869847
0.183895 -0.049473 0.229418 0.385654 0.480588 0.445370 0.687027 0.640671 0.330596 -0.086648
-0.220765 0.054568 0.621050 0.777007 1.012054 0.512863 0.512879 0.537475 0.424715 0.317440
0.690253 0.835651 0.893328 1.001530 0.817717 0.584752 0.367757 0.344234 0.319531 0.210202
1.394296 1.245231 1.185993 1.234571 1.415226 1.258718 0.866482 0.693989 0.679208 0.686689
0.793306 0.866800 0.734800 0.641276 0.522827 0.615338 0.492780 0.629199 0.903007 1.020808
0.708942 -0.121323 -0.112591 0.503265 0.629672 0.288622 -0.037104 -0.068595 0.377129 0.389468
0.204551 0.058501 0.095644 0.087718 0.358695 0.211656 0.566602 0.823938 0.526113 -0.005632
0.209679 0.258323 0.374271 0.531411 0.753935 0.873917 0.974343 1.190146 0.900868 0.455070
0.221037 0.044369 0.352491 0.546742 0.477278 0.326094 0.253364 0.544287 0.806168 0.614804
0.512129 0.533581 0.552568 0.963507 0.947848 1.029651 1.029491 0.992907 1.015911 1.010348
0.969943 1.003712 1.087792 0.870324 0.703392 0.724440 0.794316 0.702956 0.686576 0.759174
0.738277 0.736426 0.884938 0.900305 0.758227 0.438648 0.281370 0.274231 0.471125 0.411275
0.187179 0.337883 0.345533 0.330836 0.243667 0.170650 0.391466 0.083371 0.602024 0.706181
0.302133 0.131007 0.133355 0.329204 -0.034052 -0.041115 0.212148 0.417548 0.148659 -0.238665
-0.356498 -0.132932 0.090100 0.224019 0.058256 0.039799 -0.031704 0.234040 0.309029 0.476731
0.604180 0.470493 0.541337 0.477344 0.690759 0.514868 0.020889 0.156121 0.507688 0.626904
0.847116 0.762033 0.521822 0.481818 0.271808 0.281681 0.263619 0.442166 0.665061 1.066223
1.044629 0.857917 0.760208 0.434861 0.586972 0.742590 0.640117 0.941290 1.001290 0.924813
0.961574 1.013724 0.508355 0.262429 0.480528 0.650603 0.803889 0.881629 0.856139 0.840311
0.734778 0.821884 0.729613 0.510517 0.435428 0.528292 0.721867 0.796363 0.791931 0.803294
0.709386 0.631079 0.568650 0.479340 0.519347 0.569210 0.602199 0.684874 0.659807 0.800578
1.088388 1.052391 0.973291 0.323651 0.538732 0.514631 0.689760 0.753386 0.307434 0.049813
-0.042919 -0.038998 0.096148 0.217460 0.385731 0.539668 0.508792 0.092308 -0.031994 0.158001
0.353039 0.633446 0.480815 0.721844 0.781798 0.513452 0.161016 0.118705 0.285726 0.694009
0.922891 0.749082 0.037458 -0.271039 -0.058252 0.091150 0.539963 0.755736 0.819762 0.980331
1.212883 1.275967 1.041108 0.787049 -0.041911 -0.317861 0.176343 0.503147 0.871261 0.807376
0.570336 0.664356 0.795615 0.756612 0.785724 0.800573 0.664176 0.518736 0.424875 0.394053
1.075274 1.017960 0.376886 0.121412 0.036885 0.649021 0.994884 1.033694 0.945911 0.973357
0.982982 0.854600 0.688372 0.629898 0.669548 0.856581 1.060175 1.181886 0.820141 0.719521
0.898339 1.333318 0.808136 0.400964 0.182383 0.960756 1.164171 0.960873 0.902380 0.815665
0.797207 0.770516 0.635737 0.162858 0.073891 0.152432 0.180039 0.311224 0.482675 0.441837
0.385263 0.476319 0.757771 0.644329 0.706604 0.819636 0.982407 1.011002 0.523206 0.680116
0.695981 0.416739 0.487479 0.597034 0.519964 0.608482 0.737845 0.733882 0.847981 1.044020
0.910199 0.460976 0.115254 -0.086542 0.137169 0.453101 0.670569 0.695651 0.588204 0.544067
0.570607 0.399457 0.716015 1.138743 1.187284 1.118086 0.973092 0.790509 0.635210 0.601711
1.285390 0.993053 0.863199 0.936206 0.889378 0.864822 0.921752 0.877720 0.878914 0.911220
0.847832 0.718839 0.842152 0.961382 0.940210 0.707869 0.705007 0.749417 0.730543 0.735597
0.775183 0.992207 1.002554 0.853341 0.724932 0.914614 1.065683 0.778457 0.703567 1.419672
1.470725 1.213732 0.979531 0.768022 0.779938 0.775688 0.657884 0.574657 0.789960 0.756232
0.629461 0.339220 0.072950 0.051588 0.011073 0.765533 0.992594 0.462401 0.329486 0.114869
-0.074807 0.087859 0.372067 0.987085 1.026968 0.966248 0.940465 1.008622 0.975540 0.836708
0.788137 0.862214 0.900360 0.858027 0.961408 1.059920 0.678453 0.360075 0.481590 0.634103
0.619490 0.464111 0.221061 0.872628 1.398534 1.488461 1.183316 1.021457 0.893487 0.788811
0.706601 0.256780 0.531947 1.008611 1.136923 0.872441 0.741417 0.642939 0.703714 0.731361
0.509028 0.492940 0.702221 1.014445 0.987200 0.733793 0.598111 0.561466 0.648701 0.798166
0.946729 0.947003 1.160015 1.310221 1.264557 0.824397 0.693171 0.719528 0.754534 0.776256
1.059678 0.874580 0.685562 0.843020 1.073706 1.144303 1.073013 1.063355 0.857382 0.468192
0.203664 0.209756 0.163012 0.496189 0.546918 0.413292 0.889627 0.913359 0.531587 0.068421
0.159846 0.493742 0.186101 -0.161262 0.276406 0.684305 0.815027 0.692815 0.764056 0.699820
0.861003 0.964151 1.096556 1.308363 1.307237 1.002517 0.618598 0.587481 0.671179 0.876538
1.041603 1.055693 0.877334 0.863989 1.363208 1.221835 0.807998 0.589511 0.540001 0.488637
0.677267 0.577668 0.652810 0.772452 0.986387 1.001097 0.871662 0.714176 0.569243 0.309563
0.112293 0.328873 0.552911 0.676857 0.687880 0.712896 0.690171 0.713550 0.769761 0.829052
0.954061 0.944942 1.039328 1.063938 1.012349 0.955202 0.856501 0.885341 1.073334 1.161246
1.265338 1.042560 0.475308 0.843084 0.976775 0.969204 0.995069 0.898189 0.758569 0.715028
0.456414 0.138586 0.291389 0.414969 1.052767 1.117810 0.944844 0.989922 0.744924 0.351873
0.510594 0.693178 0.499503 0.340650 0.327660 0.689692 0.797012 0.643784 0.553065 0.553103
0.701738 0.741230 0.668286 0.651401 0.875037 0.864739 0.729402 0.535293 0.310170 0.499223
0.717969 0.871776 1.088469 1.461233 1.389398 0.974413 0.740321 0.604268 0.514591 0.592144
1.234990 1.316553 1.281766 1.222190 1.465231 1.558585 1.298059 0.896294 0.595421 0.362865
0.245055 0.405524 0.652106 0.702226 0.828282 0.914077 0.877183 0.924037 0.994092 1.008702
0.827064 0.580379 0.256817 0.183250 0.695067 0.916423 0.825438 0.689085 0.684463 0.568025
0.354068 0.499765 0.537769 0.348809 0.584654 0.876115 0.832751 0.844519 0.679282 0.549513
0.650331 0.719960 0.872281 0.860857 0.475372 0.596219 0.704789 0.574992 0.661623 0.798402
0.867390 1.206510 1.295999 1.159557 0.988275 0.877191 0.736544 0.602139 0.323440 0.425501
0.736425 0.944668 1.092360 1.049948 0.957671 0.725867 0.561436 0.400883 0.209730 0.266943
0.507211 0.748196 1.042438 1.698473 2.081181 1.650616 1.312669 1.042356 0.655354 0.443983
1.488644 1.713782 1.857113 1.727528 2.115996 1.849701 1.575664 1.259416 1.103504 1.134750
1.064938 0.996154 0.907420 0.906160 0.985016 1.023311 0.964302 1.058280 1.185766 0.972665
0.704315 0.624470 0.551152 0.441205 0.512095 0.552492 0.365118 0.430785 0.650481 0.778124
0.700856 0.679795 0.926938 0.649657 0.416281 0.221862 0.688553 0.780079 0.832663 1.015752
1.226029 1.368202 1.318048 1.091929 0.836542 0.433542 0.426178 0.451149 0.824120 1.298970
1.244128 1.065183 1.270128 1.350454 0.989388 0.325396 -0.073072 -0.099388 0.414309 0.531328
0.672298 0.541569 0.561107 0.973986 0.935563 0.822102 0.793409 0.862108 0.944280 1.040253
1.064175 1.180106 1.621639 2.376300 2.714641 2.828093 2.131895 1.141293 0.217511 0.072961
1.462252 1.803983 1.802814 1.329136 0.613111 -0.113157 -0.119208 0.650459 1.295014 1.424477
1.234982 0.931963 0.836179 1.070632 1.205026 1.022205 0.885224 0.965800 1.101037 0.904445
0.813921 0.910570 1.086353 1.052919 0.809865 0.631942 0.617819 0.654090 0.729573 0.856644
0.915234 0.687205 0.657811 0.882749 0.839410 0.685776 0.405428 0.708429 0.763380 0.815620
1.012596 1.074118 1.079469 1.044652 0.851210 0.292098 -0.250451 -0.218546 0.330911 1.258773
1.107957 0.660235 0.659905 0.950437 0.741403 0.406085 0.421625 0.446148 0.878747 1.147834
0.924505 0.648009 0.715052 1.342643 1.513125 1.467751 1.352575 1.063871 0.895254 0.881149
0.702778 0.901443 1.262171 1.763806 2.094640 2.085804 1.423865 0.834649 0.541263 0.471799
1.112145 2.096104 1.620360 1.195343 0.725571 0.582737 0.473708 0.405546 0.810094 1.057520
1.295023 1.050011 0.889316 0.943220 1.072632 1.122437 0.779160 0.602236 0.739991 0.693044
0.730513 0.754768 1.112666 1.173154 0.894789 0.820156 0.862979 0.797510 0.764787 0.924489
0.998541 0.930054 0.858810 0.879881 0.873626 0.726574 0.581440 0.605627 0.763503 0.738622
0.861447 0.929620 1.001077 0.954278 0.833862 0.777886 0.677883 0.602486 0.572213 0.743495
0.862090 0.457606 -0.093835 -0.416793 -0.499810 -0.177369 0.529811 1.125578 1.204198 1.264639
0.819813 0.528083 0.378625 0.991728 1.631459 2.305072 2.045858 1.462440 0.842164 0.347522
0.580456 0.949185 1.333027 1.208831 1.323550 1.769211 1.531392 1.094845 1.023061 0.912285
0.839292 1.072266 1.128189 1.578853 1.427599 1.395823 1.182499 0.844534 0.855927 1.082064
1.525278 1.657783 1.391413 1.290604 1.192233 0.622106 -0.220388 -0.284177 0.034789 0.527212
0.953026 1.130583 1.101870 0.907551 0.720857 0.883740 1.029532 0.958845 0.831465 0.911396
0.913935 0.902664 0.993953 1.060094 1.104667 1.044918 0.949060 0.846775 0.799441 0.830372
0.865192 0.926737 1.008942 1.206518 1.264962 1.364012 1.502030 1.488118 1.318503 1.295319
1.030098 0.494463 0.360010 0.363010 0.347226 0.404779 0.650504 1.155419 1.061352 1.123554
0.877798 0.778321 0.651668 0.745289 0.948000 0.968578 0.902074 0.471289 0.115045 0.119370
0.450697 1.222126 1.230621 0.657145 0.469962 0.552549 0.983115 1.265098 1.229730 1.274648
1.054703 0.794472 0.713568 0.819589 1.672667 1.872893 1.782676 1.540662 1.344906 1.570178
2.525684 2.891979 2.678700 2.132427 1.322583 0.304031 0.153747 0.273249 0.440156 0.627428
0.940151 1.144428 1.105023 0.914790 0.818750 0.825549 0.843156 0.713430 0.723981 0.774210
0.705330 0.596766 0.673445 0.780325 0.992508 1.189050 1.223477 1.029001 0.880168 0.858996
0.938653 1.017193 1.146015 1.367532 1.559058 2.113380 2.455387 2.349150 1.944651 1.579998
1.051013 0.972868 1.243446 1.342409 1.284894 1.260015 1.049934 0.939732 0.871352 0.814009
0.875642 0.844329 0.934493 1.017071 1.151099 0.929855 0.629193 0.468718 0.458564 0.505949
0.644421 1.178526 1.274330 1.232437 1.160998 1.170510 1.090652 0.961341 1.095100 1.272935
1.286419 1.275017 1.294500 1.354123 1.664757 2.222979 2.081437 1.724447 1.357166 1.433979
2.034597 2.708723 2.646596 2.102696 1.048370 0.361265 0.423993 0.743673 0.884807 0.951292
1.185230 1.494077 1.290751 1.039243 1.020770 0.914624 0.618624 0.243595 0.329961 0.551397
0.600866 0.669796 0.562672 0.686009 0.729563 0.793187 0.895439 0.965522 1.005001 0.982717
0.987872 0.980445 0.944542 0.824276 0.895304 1.054627 1.090289 1.275316 1.187525 0.993806
0.698328 1.146624 1.591362 1.758962 1.348282 0.354172 0.099291 0.489230 0.575050 0.053373
0.025512 0.041668 0.080837 0.660662 1.235998 1.249697 1.257807 1.295064 1.319055 1.339208
1.362276 1.447080 1.714570 1.934346 1.895060 1.821363 1.509904 1.232435 1.008564 0.901744
1.685835 1.726350 1.748572 1.653818 2.453703 3.065890 3.063463 2.140055 1.073314 0.942268
1.346387 2.443771 2.395292 1.901055 0.914061 0.074731 -0.248487 -0.046501 0.580987 0.894821
1.520632 1.677125 1.337322 1.216151 1.278966 0.977175 0.312699 0.149212 0.252375 0.432823
0.575675 0.549915 0.409805 0.218850 0.203996 0.467616 0.488113 0.336664 0.459852 0.556906
0.534312 0.513575 0.273759 0.001894 0.232048 0.424274 0.174255 0.338733 0.493865 0.624025
0.751980 0.664272 0.367487 0.506861 0.771600 0.700039 0.709475 0.746774 0.585899 0.384045
0.192247 0.793881 0.974251 0.882971 0.962643 1.051106 1.594187 2.037509 2.159636 2.127926
1.926262 1.742586 1.861464 2.103806 2.318812 2.387511 1.674210 1.206135 0.958201 0.735612
1.635198 2.143455 1.829083 2.060707 2.338501 2.536011 2.845052 1.612624 0.717380 0.845978
1.483342 2.655022 2.586554 2.296121 0.986237 0.497821 0.330109 0.364436 0.594320 1.245502
1.831429 1.901140 1.960931 1.762069 1.825172 1.447436 0.805933 0.782541 0.474255 0.416220
0.302725 0.225784 0.174796 -0.027848 0.098692 0.222204 0.171796 0.334427 0.242626 0.059166
-0.100827 0.232647 0.449097 0.577347 0.626000 0.680219 0.753022 0.792023 1.042765 0.881692
0.526153 0.663832 0.717446 0.636557 0.911285 1.198398 1.178053 0.890441 0.961186 1.098961
1.039236 1.150131 1.087863 0.782219 0.690745 0.878277 1.249813 1.810323 2.115207 2.000343
1.583659 1.245003 1.421260 1.945186 2.243720 2.192253 1.728716 1.277986 1.103123 1.177135
0.276109 0.334139 0.486214 0.820669 0.936895 0.932353 0.872103 0.571847 0.441489 0.549356
0.927548 1.452012 1.625630 1.811622 1.364838 1.071777 0.994035 0.464658 0.150232 0.531983
0.837111 0.768558 0.629574 0.357760 0.130998 0.141557 0.185190 0.084187 -0.241475 -0.304337
-0.260969 -0.215080 -0.200448 -0.147752 0.011795 0.148991 0.225328 0.176189 -0.091321 -0.302380
-0.119438 0.003761 0.215011 0.470763 0.484095 0.538531 1.101165 1.205224 0.845562 0.533490
0.415239 0.338106 0.309896 0.187173 0.349991 0.883451 0.894053 0.579904 0.663160 1.064025
1.141917 0.748469 0.456933 0.421558 0.389107 0.405409 0.532700 0.749893 0.948843 0.924830
0.526913 0.470955 0.594185 0.552031 0.420983 0.358163 0.305612 0.267545 0.206623 0.256593
0.613034 0.310562 0.323781 0.340472 0.539721 0.522130 0.444503 0.377956 0.421191 0.389275
0.284671 0.462260 0.656180 0.539519 0.298361 0.200038 0.232589 0.020060 -0.001194 0.043682
0.223900 0.300664 0.185410 0.093085 0.070380 0.108955 0.195363 0.311965 0.413945 0.448785
0.445128 0.374262 0.376252 0.357112 0.198521 0.033957 0.085325 0.160803 0.204400 0.280076
0.207883 0.023957 0.005554 -0.030537 -0.003853 -0.009949 -0.017530 0.014414 -0.003474 -0.044972
-0.050063 -0.016941 0.014634 0.031062 0.029367 -0.114501 -0.054150 -0.005849 -0.049363 -0.007153
-0.020736 -0.024649 -0.059293 -0.025484 0.051864 0.039596 -0.026406 -0.062006 -0.090469 -0.068194
-0.048562 -0.055355 0.008685 0.025789 0.054508 0.032318 0.002332 -0.032166 0.031823 0.311710
0.405778 0.458444 0.456722 0.479768 0.495579 0.500173 0.491920 0.496576 0.505891 0.512604
0.512682 0.510427 0.503416 0.496832 0.496143 0.498878 0.509589 0.526761 0.540395 0.540791
0.538149 0.546448 0.558691 0.572703 0.591631 0.609935 0.610634 0.599203 0.581749 0.564665
0.553812 0.547228 0.534025 0.525939 0.556292 0.538732 0.531318 0.524523 0.529119 0.495516
1.169201 1.193772 1.267966 1.323094 1.338518 1.336140 1.312484 1.290054 1.297387 1.318430
1.344423 1.357237 1.345275 1.324879 1.311183 1.317862 1.342159 1.391801 1.421813 1.398927
1.336787 1.255988 1.170505 1.068036 0.986816 1.005655 1.110547 1.219747 1.271339 1.261926
1.204679 1.079554 0.904738 0.835033 1.041319 1.272503 1.373853 1.405514 1.429433 1.478871
1.962658 2.166536 2.318295 2.364616 2.354980 2.320753 2.268064 2.225693 2.232908 2.258028
2.254603 2.159790 1.973124 1.802345 1.687074 1.650952 1.680593 1.789709 1.948338 1.979271
1.847209 1.550409 1.221920 0.964946 0.829843 0.833705 0.948869 1.251034 1.545384 1.463563
1.073568 0.746631 0.568145 0.572497 1.009541 1.790660 2.261411 2.415596 2.500458 2.526134
2.134647 2.661775 3.097385 3.138165 2.994976 2.849262 2.771826 2.790637 2.810946 2.802786
2.733837 2.494214 2.119655 1.837756 1.713123 1.687917 1.711277 1.797841 1.991814 2.112186
2.034174 1.892531 1.775403 1.687647 1.620331 1.606545 1.638092 1.727224 1.809541 1.757307
1.614070 1.500428 1.411350 1.366040 1.522298 2.201832 2.847451 3.160292 3.274900 3.115685
1.799165 2.408506 3.117813 3.045227 2.692139 2.407638 2.485406 2.804049 3.031268 3.058064
2.971841 2.754924 2.544291 2.432382 2.408175 2.400758 2.390625 2.419723 2.490279 2.603263
2.599503 2.585836 2.595180 2.621228 2.602309 2.559009 2.505808 2.526130 2.538800 2.520700
2.487292 2.471654 2.464996 2.388978 2.363058 2.840097 3.367224 3.675962 3.666200 3.230832
1.748641 2.133952 2.740222 2.598452 2.311431 2.060936 2.158431 2.561753 2.965513 3.153143
3.211843 3.067236 2.998141 3.004767 3.035956 3.035796 3.016073 3.047769 3.104554 3.188227
3.228522 3.325095 3.428199 3.476494 3.421973 3.297592 3.187292 3.230781 3.285290 3.340034
3.421733 3.509976 3.525859 3.306427 3.082021 3.388588 3.725464 3.835519 3.522239 2.896717
1.941826 2.354959 2.881895 2.821880 2.745687 2.493696 2.579271 2.830046 3.157905 3.405014
3.633022 3.593951 3.607624 3.678308 3.711751 3.662529 3.622419 3.646724 3.674857 3.710220
3.775617 3.926952 4.051318 4.066220 3.920890 3.652991 3.439674 3.549766 3.694340 3.805474
3.915919 3.888962 3.418906 2.719457 2.721457 3.351040 3.739113 3.660427 3.181558 2.624455
1.748863 2.235018 2.954462 2.940125 2.978026 2.885735 3.012268 3.170035 3.262924 3.382854
3.680982 3.818419 3.946393 4.158607 4.307370 4.317695 4.260685 4.204166 4.176199 4.096999
3.872345 3.393136 2.682064 2.037714 1.786587 1.570261 1.687294 2.292485 3.050788 3.579032
3.524989 2.666384 1.270040 0.589612 0.966139 2.212336 3.092912 3.173064 2.860715 2.492182
1.371478 1.822169 2.779498 2.986570 3.096072 3.020188 3.237374 3.437090 3.464502 3.554691
3.880338 4.133625 4.273238 4.429744 4.572917 4.653440 4.615202 4.458487 4.253148 3.874226
3.089410 1.785588 0.818257 0.504987 0.523156 0.497365 0.516418 0.806838 1.846561 2.884878
2.624531 1.573208 0.704956 0.496704 0.656719 1.307855 2.430548 2.861886 2.756523 2.484145
1.517938 1.942941 2.764252 2.674794 1.943055 1.626295 2.367985 3.145759 3.337530 3.459618
3.678105 3.748010 3.658103 3.564632 3.575466 3.560780 3.487726 3.329264 3.132460 2.898921
2.370047 1.774278 1.521679 1.419161 1.439508 1.429888 1.392479 1.486039 1.890870 2.673503
2.481644 1.894269 1.393523 1.200725 1.199344 1.620062 2.458913 2.918637 2.864686 2.550810
1.766367 2.139820 2.474205 1.635790 0.749568 0.462285 0.825459 1.657429 2.408383 2.696822
2.629485 2.082328 1.439947 1.165073 1.085300 1.027853 1.059548 1.171120 1.391490 1.817825
2.227404 2.397488 2.631700 2.565119 2.510209 2.473578 2.369802 2.371123 2.515302 2.889338
2.857042 2.669219 2.400505 2.023274 1.772520 2.110693 2.822318 3.157985 3.003613 2.549326
1.766756 1.954240 1.857851 1.044315 0.435546 0.277716 0.573994 1.258140 1.875830 2.083636
1.781416 1.094529 0.646645 0.470715 0.393657 0.299377 0.399511 0.726776 1.000875 1.251389
1.763965 2.336677 2.854925 3.012580 2.938495 2.752290 2.524024 2.502424 2.742959 3.123450
3.329143 3.366401 3.331163 2.912370 2.304232 2.495726 3.114166 3.319240 3.042470 2.477042
1.647119 1.706630 1.511007 1.041131 0.735704 0.648580 0.773047 1.130154 1.632132 1.702775
1.327988 0.827834 0.488857 0.233495 0.002395 -0.177808 -0.080413 0.302731 0.737419 1.094917
1.486608 2.157645 2.948981 3.146671 3.032456 2.676574 2.340463 2.409403 2.836627 3.343329
3.742126 3.935518 4.034822 3.584548 2.823900 2.841704 3.283993 3.306390 2.924990 2.376043
1.720168 1.901385 2.012545 1.807155 1.631089 1.491108 1.535894 1.849642 2.074228 2.063823
1.711071 1.227257 0.854118 0.692277 0.697321 0.647362 0.648188 0.716160 0.729186 0.871422
1.225352 1.821258 2.505475 2.778565 2.757498 2.466648 2.327411 2.569139 2.972612 3.460808
4.008981 4.312566 4.133515 3.252960 2.695368 2.952813 3.314346 3.181976 2.808350 2.340783
1.838367 2.175143 2.499293 2.498761 2.505204 2.405874 2.395366 2.628093 2.826728 2.742876
2.258573 1.717213 1.325577 1.252730 1.600378 1.643106 1.522321 1.379680 1.312238 1.366833
1.468073 1.672614 2.036613 2.213545 2.406998 2.468525 2.638487 2.966358 3.245838 3.568180
3.935780 3.797084 2.536352 1.307624 1.450233 2.325720 2.925339 2.926742 2.729587 2.391724
1.874095 2.269458 2.745202 2.892040 2.951800 2.875211 2.899179 3.000128 2.957532 2.624540
1.990451 1.453753 1.018968 1.026138 1.702488 2.184627 1.702357 1.081177 1.077937 1.467360
1.800658 1.996491 2.113961 2.113015 2.381002 2.627008 2.953387 3.331817 3.524621 3.664735
3.580364 2.700178 1.121642 0.468214 0.678256 1.406775 2.274107 2.658662 2.677210 2.458388
1.860789 2.206980 2.681774 2.862029 2.898302 2.769760 2.665936 2.521633 2.164362 1.684144
1.254238 0.997295 0.896998 0.818007 0.852520 0.872897 0.702977 0.496711 0.529688 0.948841
1.827394 2.438525 2.660850 2.696497 2.904991 3.083568 3.359952 3.674752 3.785352 3.805155
3.454951 2.393643 1.323746 0.891425 0.883385 1.138603 1.952282 2.567275 2.710827 2.561520
1.874709 2.233465 2.724594 2.859355 2.877945 2.687630 2.556806 2.430320 2.145048 1.628389
1.264479 1.245688 1.352682 1.323270 1.207123 1.112629 1.063998 1.087119 1.144162 1.340598
1.942256 2.615484 2.991610 3.168019 3.393368 3.523171 3.669519 3.844973 3.902336 3.895516
3.646886 3.017484 2.300351 1.748193 1.499092 1.667312 2.247508 2.735211 2.729917 2.535164
1.899065 2.346868 2.934825 3.113978 3.246753 3.114147 3.012246 2.722332 2.094017 1.059491
0.814671 1.076958 1.549323 1.611531 1.488200 1.429128 1.486930 1.616330 1.762292 1.931683
2.233625 2.583402 2.878969 3.185389 3.580122 3.825315 3.911860 3.953792 3.929415 3.912777
3.864796 3.659658 3.422470 2.876169 2.255254 2.325505 2.727334 3.003274 2.757456 2.418673
1.792698 2.355154 3.113192 3.445776 3.562503 3.430625 3.191332 2.498350 1.561658 0.969591
0.754118 0.634818 0.669056 0.644661 0.542635 0.515649 0.578929 0.706877 0.942671 1.361241
1.853438 2.257725 2.550309 2.900152 3.433105 3.890959 4.047589 4.028105 3.918246 3.886402
3.979321 4.009972 3.887705 3.265652 2.553017 2.630877 2.953199 3.047211 2.648478 2.309406
1.594163 2.089704 2.988775 3.482168 3.610273 3.576260 3.337595 2.806664 2.144875 1.399525
0.988317 0.768695 0.688435 0.655793 0.643703 0.638483 0.632521 0.652908 0.747007 0.929289
1.252940 1.823759 2.421261 2.906688 3.387119 3.775890 3.939944 3.943605 3.823793 3.786500
3.877722 3.792870 3.314032 2.439145 2.105855 2.416182 2.711310 2.721771 2.366093 2.173260
0.978940 0.883748 1.503545 1.959381 2.000357 1.870244 1.597686 1.376356 1.351792 1.424833
1.547017 1.691723 1.679701 1.652985 1.639172 1.602680 1.453631 1.177255 1.003062 0.996144
1.132465 1.599994 2.364793 2.995013 3.399036 3.668789 3.770192 3.762634 3.674556 3.592803
3.435318 2.787229 1.811625 1.168338 1.454515 2.051601 2.425401 2.492562 2.197690 2.051011
0.478876 0.379454 0.571884 0.704638 0.783040 0.858186 0.932763 0.997734 1.277302 1.815708
2.372730 2.615753 2.630497 2.605818 2.584020 2.356412 1.610235 0.725557 0.479645 0.449408
0.536895 1.033399 2.044272 2.837356 3.250141 3.526685 3.607732 3.527003 3.387096 3.204046
2.870392 2.153914 1.259289 0.754091 1.157872 1.987379 2.535725 2.619864 2.122365 1.818439
1.281143 1.274236 1.339509 1.378368 1.275195 1.124142 1.194995 1.432470 1.717724 2.217577
2.899973 3.316153 3.405629 3.383618 3.234206 2.728549 1.925066 1.432204 1.306861 1.300251
1.347371 1.538009 1.953999 2.347237 2.638820 2.817618 2.818758 2.652936 2.467339 2.374501
2.223692 1.777292 1.312226 1.042959 1.182914 1.957939 2.707996 2.746059 2.207609 1.825242
2.131293 2.151000 1.762173 1.248227 0.680193 0.339493 0.302177 0.704776 1.151434 1.349409
2.192925 3.153075 3.703121 3.800300 3.588455 3.176489 2.730346 2.352400 2.167964 2.148712
2.210498 2.249261 2.255043 2.242528 2.219741 2.107502 1.930328 1.750596 1.730399 1.847589
1.938729 1.918628 1.928840 1.684827 1.647153 2.189268 2.835602 2.490241 1.400831 1.037164
2.477142 2.266591 1.039217 0.504527 0.358778 0.323160 0.312979 0.256033 0.413104 0.634359
1.005789 2.150096 3.201934 3.397202 2.985948 2.210820 1.712343 1.666370 1.866816 2.095282
2.219255 2.318752 2.311129 2.207570 2.091208 1.926162 1.726558 1.630741 1.730663 1.945178
2.104668 2.151811 2.146343 1.906122 1.698575 2.261487 2.570693 1.686219 0.499152 0.312231
1.615255 1.276636 0.753129 0.445372 0.205354 0.110411 0.192675 0.242288 0.334818 0.710586
1.211344 1.790989 2.530882 2.677304 2.390985 2.011657 1.804716 1.860368 2.046191 2.238027
2.347707 2.468744 2.574181 2.603917 2.571961 2.485518 2.361508 2.264527 2.315882 2.518893
2.680690 2.606224 2.351874 2.025854 1.913810 2.184994 1.957817 1.077596 0.673313 0.796116
0.800685 0.729345 0.723276 0.488032 0.263651 0.258583 0.380190 0.423103 0.390205 0.464700
0.945803 1.801807 2.594421 2.736556 2.612553 2.397982 2.220203 2.100689 2.018101 2.115845
2.354733 2.511450 2.622714 2.673393 2.623676 2.467835 2.292158 2.195849 2.235487 2.293039
1.988469 1.250837 0.627999 0.702738 0.934107 0.959497 0.523612 0.115669 0.111028 0.543409
1.084236 0.967294 0.973342 0.891359 0.753756 0.634758 0.597404 0.539631 0.436615 0.372424
0.679516 1.571035 2.591452 2.899250 2.840439 2.520579 1.840310 0.968437 0.364540 0.778649
1.616275 2.182304 2.471456 2.555895 2.507197 2.443971 2.375644 2.322831 2.303462 2.034550
1.087719 0.419329 0.203999 0.195702 0.033668 0.006164 0.253986 0.379595 0.450824 0.439535
1.078731 0.956313 1.009609 1.065885 0.999532 0.734627 0.606615 0.542219 0.400975 0.264410
0.364646 0.968768 2.078098 2.530269 2.357014 1.723989 0.652170 0.084106 -0.061973 0.172215
0.648500 1.115718 1.257763 1.211042 1.320402 1.702989 2.033737 2.114307 1.971415 1.609131
1.155016 1.038975 0.914284 0.877244 0.777586 0.699271 0.689505 0.788469 0.947886 1.065705
1.135056 1.156509 1.391611 1.468377 1.269250 0.939892 0.653105 0.518815 0.483591 0.442246
0.411391 0.538329 1.355345 1.877143 1.789565 1.377560 0.929491 0.790333 0.710546 0.661676
0.688899 0.764278 0.540703 0.308973 0.271755 0.435191 0.769543 0.944746 0.707345 0.448729
0.552906 1.010729 1.207848 1.338002 1.408790 1.247850 1.088808 1.242586 1.460164 1.666489
1.695396 1.806707 2.048065 2.075846 1.730625 1.256575 0.756530 0.513341 0.459068 0.356835
0.159723 0.094610 0.324546 0.447059 0.365275 0.135697 0.315687 0.595011 0.572770 0.443502
0.383525 0.350257 0.292104 0.213996 0.250628 0.232295 0.218322 0.314430 0.398110 0.372420
0.311079 0.326598 0.647089 1.275365 1.607472 1.469391 1.304219 1.618971 1.883903 2.046947
1.940747 2.175904 2.350491 2.332269 1.951517 1.460842 1.009087 0.791008 0.703591 0.658765
0.656468 0.553389 0.445436 0.365497 0.293973 0.239515 0.295453 0.285772 0.238058 0.235060
0.286366 0.345895 0.368172 0.348460 0.421652 0.456916 0.359244 0.290364 0.401289 0.526815
0.477591 0.316103 0.267466 0.555134 1.004626 1.308021 1.573709 2.015159 2.261572 2.285678
1.818141 2.119463 2.381893 2.421349 2.225318 1.974491 1.694893 1.457836 1.222052 0.986851
0.939128 0.781798 0.644181 0.601033 0.733083 0.800030 0.815330 0.735048 0.618381 0.524198
0.407851 0.334949 0.483268 0.589645 0.535327 0.373444 0.316897 0.365991 0.516014 0.610863
0.683916 0.729023 0.745385 0.855183 1.157735 1.574966 2.089464 2.505543 2.609991 2.441417
1.442589 1.786283 2.323632 2.583543 2.590943 2.488450 2.344412 2.129726 1.756762 1.352299
1.039759 0.881519 0.776273 0.695132 0.712929 0.729586 0.695717 0.775531 0.799586 0.695047
0.579805 0.528161 0.589906 0.678009 0.612740 0.571230 0.524864 0.457407 0.594445 0.887735
1.237331 1.508570 1.625925 1.685035 1.892050 2.155399 2.535788 2.790454 2.639183 2.291457
1.644221 1.844182 2.343423 2.727879 2.847486 2.790249 2.705377 2.531607 2.201875 1.828000
1.580766 1.429099 1.270108 1.099435 0.979595 0.859046 0.776395 0.788997 0.880814 0.957655
0.976292 0.832023 0.633000 0.557559 0.506771 0.502184 0.502923 0.430990 0.649191 1.207140
1.830885 2.158902 2.332726 2.419289 2.546798 2.696978 2.896979 2.917467 2.298879 1.696380
1.839813 2.088597 2.427972 2.696970 2.796111 2.772939 2.689297 2.556780 2.398447 2.245767
2.183930 2.113187 1.966239 1.831861 1.702873 1.577671 1.513089 1.497409 1.475419 1.447332
1.390506 1.126356 0.869182 0.680523 0.465400 0.301238 0.126229 0.102149 0.413040 1.175197
2.025234 2.360538 2.360742 2.199738 2.290547 2.620836 2.976690 2.913064 2.240249 1.768065
1.948740 2.278347 2.560432 2.618977 2.499568 2.371453 2.370490 2.350595 2.246656 2.116246
2.058067 2.027046 2.027832 2.049894 2.025388 1.966391 1.958654 1.992141 1.988930 2.000916
1.975820 1.895875 1.813933 1.736111 1.522343 1.292980 1.114742 0.987255 1.034623 1.502016
2.174764 2.330886 1.732155 0.924973 0.858373 1.690201 2.617140 2.852504 2.546578 2.378235
1.938505 2.337630 2.621629 2.639202 2.484893 2.278703 2.056054 1.727660 1.525429 1.457850
1.561735 1.561002 1.426309 1.239631 1.073994 0.929762 0.883610 0.943569 1.119539 1.306281
1.493637 1.683174 1.875911 2.005157 1.962051 1.750415 1.567155 1.370231 1.338778 1.657322
2.036371 2.017357 1.691837 1.457992 1.438481 1.700078 2.318631 2.673563 2.664060 2.656230
1.118910 1.217570 1.589803 1.951747 2.062282 1.848523 1.392688 1.104308 0.915887 0.837943
0.836029 0.677138 0.416132 0.266396 0.196470 0.158297 0.173439 0.236480 0.299844 0.296740
0.239250 0.218563 0.291573 0.365945 0.328869 0.205174 0.180972 0.311240 0.501544 0.708328
0.785993 0.705941 0.584116 0.648401 0.914819 1.321939 1.638095 1.702449 1.583576 1.923670
0.575976 0.547029 0.534505 0.566109 0.592380 0.610468 0.615132 0.610757 0.624176 0.656080
0.684148 0.701867 0.703584 0.686905 0.667375 0.679303 0.670012 0.594416 0.552727 0.682424
1.463515 1.495451 1.477043 1.468799 1.462266 1.490989 1.525008 1.548065 1.551913 1.543132
1.527546 1.499371 1.468232 1.444079 1.470009 1.507668 1.529816 1.513187 1.531370 1.563603
2.367975 2.495175 2.504630 2.545032 2.500526 2.516838 2.539393 2.560372 2.547117 2.498664
2.423956 2.348368 2.271341 2.202252 2.228439 2.352318 2.473821 2.511122 2.501302 2.598262
3.103035 3.495921 3.494231 3.486274 3.408431 3.427304 3.420666 3.400661 3.345009 3.287635
3.221329 3.164479 3.113247 3.045137 3.037865 3.137292 3.310470 3.398945 3.401454 3.439433
3.525868 4.200244 4.284776 4.173214 4.049119 3.907002 3.378919 2.886386 2.988523 3.426451
3.700669 3.789002 3.802825 3.741858 3.714997 3.788110 3.992572 4.150714 4.190266 4.046995
3.532784 4.246367 4.156671 3.920002 3.970725 3.416431 1.912152 1.161642 1.444411 2.553676
3.841987 4.352793 4.509264 4.435842 4.379626 4.434513 4.655748 4.851684 4.819504 4.443332
3.297275 3.764154 3.169521 2.924433 3.135112 2.534942 0.980859 0.514966 0.775571 1.815260
3.708821 4.753067 5.060688 4.974895 4.879628 4.931625 5.183089 5.350535 5.184206 4.652125
2.992084 3.209563 2.717156 2.756846 3.122634 2.649506 1.693356 1.471200 1.431387 2.176993
3.961749 5.035029 5.312457 5.159990 5.025676 5.098709 5.454367 5.688159 5.404799 4.708606
3.094860 3.512689 3.409277 3.488380 3.828118 3.601187 2.744200 2.379520 2.411862 3.155093
4.319061 5.064486 5.292526 5.110411 4.942604 5.004257 5.429035 5.768619 5.415919 4.677685
3.477469 4.425166 4.583868 4.642858 4.837560 4.558993 3.864910 3.508753 3.409707 3.648621
4.131860 4.579738 4.824644 4.761374 4.627076 4.711172 5.132980 5.502687 5.223651 4.623121
3.251626 4.750873 5.319560 5.487586 5.578329 5.268370 4.676110 4.269320 3.962660 3.694146
3.783906 4.126922 4.371473 4.347935 4.238084 4.355407 5.009965 5.487340 5.192078 4.580404
1.801429 3.622899 5.252036 5.928195 6.047027 5.803771 5.349290 4.937908 4.617454 4.395270
4.347644 4.430946 4.448601 4.378505 4.288443 4.556359 5.269949 5.543511 5.015801 4.315865
1.587026 2.405598 4.420988 6.021470 6.435606 6.197709 5.739140 5.369678 5.280220 5.240183
5.229138 5.282667 5.289629 5.172628 5.080371 5.294567 5.686744 5.558406 4.794534 4.042452
1.992984 2.187503 2.832422 4.807593 5.830891 5.928611 5.591123 5.450464 5.651844 5.837027
5.895253 5.910219 5.837598 5.722188 5.715810 5.880383 6.025138 5.661622 4.814420 3.921200
2.312222 2.139483 1.927824 2.359881 3.759820 4.605813 4.624423 4.377207 4.270387 4.372251
4.704566 5.154628 5.496692 5.691918 5.837714 5.964317 6.033916 5.719821 4.763583 3.699221
2.723538 2.685524 2.418407 2.223448 2.350717 2.937031 2.660519 1.737537 1.259177 1.268857
1.689756 2.632952 3.892446 4.719559 5.024892 5.133337 5.327077 5.130031 4.193966 3.428203
3.127103 3.580912 3.352030 2.888928 2.620532 2.382275 1.794301 1.130883 1.101533 1.276661
1.466434 1.600995 1.900673 2.592482 3.079865 3.467444 3.938175 4.121299 3.766123 3.614980
2.772943 3.263015 3.115196 2.684340 2.223097 1.755785 1.279234 1.048069 0.999673 1.019315
0.981232 0.894358 0.836572 1.099292 1.709954 2.168507 2.507224 2.831547 3.038619 3.497310
1.775417 1.786306 1.619454 1.500794 1.227606 0.941043 0.855444 0.874974 0.883813 0.835230
0.745005 0.662706 0.646776 0.734594 0.996726 1.293711 1.510402 1.696811 1.983270 2.676984
2.186242 2.369252 2.188168 1.943817 1.654723 1.484261 1.411841 1.400842 1.401927 1.379120
1.351908 1.333584 1.333934 1.379637 1.525328 1.739077 1.932984 2.107728 2.487133 2.900241
0.638114 1.002610 1.177424 1.290686 1.466230 1.221255 0.967127 0.971352 1.068459 1.248955
1.289373 1.125212 1.054120 1.305106 1.162065 1.024433 1.120051 1.213961 1.212675 1.219335
1.307551 1.359869 1.397655 1.465784 1.617347 1.576317 1.708408 1.699708 1.198422 1.193915
1.489219 1.655385 1.638356 1.486285 1.501287 1.387439 1.469873 1.589024 1.441698 1.331313
1.390602 1.551137 1.583590 1.358742 1.302020 1.329106 1.376439 1.448709 1.474792 1.412870
1.372811 1.472294 1.534541 1.339824 1.313302 1.330207 1.337860 1.470488 1.670965 1.769194
1.343559 0.999969 1.432680 1.702220 1.401349 1.107739 1.186382 1.344702 1.304731 1.257446
1.236085 1.187348 1.163696 1.236842 1.238883 1.294997 1.294100 1.186925 1.068662 0.290217
0.389368 0.739807 0.985097 1.226263 1.373946 1.238812 1.031884 1.022727 1.086174 1.181247
1.215127 1.161629 1.145335 1.209868 1.115213 1.036292 1.091987 1.157786 1.135854 1.112264
1.059273 1.058393 1.044014 1.166496 1.303669 1.258313 1.440664 1.533587 1.220833 0.926828
1.019443 1.234536 1.269941 1.210777 1.118032 0.992385 1.033262 1.163953 1.110596 1.012887
0.976996 1.073735 1.162245 1.087375 0.996499 0.937028 0.935614 1.001254 1.005309 1.033946
1.003571 1.091199 1.210256 1.091559 1.000589 0.982556 0.957893 1.056482 1.406969 1.701720
1.463098 1.015725 0.885178 1.181247 1.130399 0.924777 0.863046 0.918302 0.985124 1.051953
1.077004 1.063657 1.063687 1.103930 1.114902 1.191000 1.241271 1.151857 1.082655 0.542508
0.119617 0.316337 0.763775 0.904692 0.920540 0.859808 0.797860 0.744312 0.714652 0.709812
0.712535 0.666951 0.738975 0.836875 0.739110 0.570991 0.573400 0.708836 0.923544 1.085740
1.114896 1.201814 1.234119 1.328827 1.285592 1.151115 1.127492 0.947242 0.930272 1.077471
1.340348 1.558761 1.523784 1.514785 1.371437 1.364523 1.377982 1.267288 1.134161 1.121107
1.196467 1.188250 1.131580 0.998559 0.896865 0.901373 0.884153 0.914333 0.965702 0.954204
0.887202 0.961466 1.047162 0.999708 0.966028 0.802386 0.634334 0.634518 0.682668 0.744556
0.815371 0.958540 1.143413 1.222055 1.087428 1.005578 0.898240 0.744762 0.626684 0.708498
0.593535 0.521651 0.628390 0.776262 0.754036 0.791337 0.823536 0.809530 0.892469 0.553737
0.049758 0.496709 1.263112 1.371554 1.296540 1.249766 1.308401 1.288558 1.257646 1.238705
1.305309 1.474004 1.580173 1.430531 1.143485 1.095448 1.323359 1.753866 2.120031 2.321910
2.385234 2.471058 2.476582 2.437279 2.352515 2.284162 2.330615 2.335661 2.425432 2.497163
2.576839 2.664160 2.569311 2.392119 2.271628 2.319623 2.408055 2.452765 2.449215 2.425320
2.451103 2.478377 2.474291 2.419857 2.319330 2.265028 2.257960 2.300560 2.243263 1.980548
1.730224 1.871731 2.150789 2.326453 2.209401 1.974322 1.805605 1.779021 1.867388 2.019512
2.176773 2.309603 2.387982 2.369069 2.208254 1.818023 1.201442 1.020793 1.402806 1.595613
1.355304 1.259712 1.499411 1.642181 1.546132 1.385783 1.126785 0.887235 0.910602 0.528634
-0.010466 0.492965 1.456868 1.605887 1.573262 1.595252 1.712385 1.711540 1.698819 1.762875
1.960838 2.153581 2.004639 1.611338 1.384321 1.524302 1.840098 2.192585 2.344623 2.501349
2.659761 2.833320 2.864989 2.801041 2.697138 2.617528 2.672815 2.692279 2.742054 2.709756
2.752767 2.858743 2.838720 2.697469 2.492248 2.523193 2.587847 2.627104 2.619824 2.603475
2.694576 2.799813 2.902963 2.916092 2.845401 2.839374 2.900562 3.013627 2.964095 2.455983
1.915187 2.038677 2.414881 2.693840 2.671432 2.585196 2.456653 2.364434 2.642826 2.777036
2.700838 2.635006 2.579219 2.795557 2.791478 2.116927 1.179864 0.998928 1.595305 2.042588
1.711122 1.448566 1.857113 1.999313 1.890708 1.704057 1.389163 1.046642 0.932865 0.513263
-0.034969 0.362988 1.382390 1.541451 1.515903 1.532266 1.685060 1.709069 1.689196 1.779536
2.014390 2.160822 2.055778 1.757279 1.687686 1.756752 2.012032 2.303709 2.457267 2.723037
3.018203 3.142157 3.131995 3.134780 3.135630 3.148381 3.233443 3.279955 3.292771 3.241731
3.211887 3.186826 3.131964 2.875356 2.660589 2.714174 2.804384 2.847878 2.861820 2.910162
3.018848 3.183646 3.321408 3.387545 3.365488 3.321932 3.376600 3.446154 3.285321 2.523000
1.774073 2.057752 2.797878 3.201194 3.150780 3.052278 2.751553 2.435254 2.938472 3.282271
3.234231 3.145500 3.140373 3.296391 2.915264 2.011151 1.077392 1.001588 1.847607 2.126240
1.631256 1.354405 1.788213 1.978393 1.852144 1.684111 1.421555 1.092169 0.932544 0.507879
-0.033928 0.364027 1.256597 1.404588 1.409738 1.384233 1.458637 1.457162 1.576163 1.617525
1.741111 1.735585 1.592960 1.394790 1.452217 1.784220 2.132314 2.384084 2.521293 2.741345
3.008493 3.126170 3.102852 3.187724 3.282275 3.352201 3.475206 3.517050 3.512749 3.413687
3.260597 3.114743 3.014741 2.798914 2.682213 2.794556 2.879255 2.896853 2.927688 3.029563
3.152579 3.300811 3.354369 3.346108 3.291916 3.234981 3.255382 3.257441 3.174286 2.528930
1.727960 1.966166 2.950948 3.371705 3.153189 2.877891 2.689437 2.552115 2.976352 3.342187
3.272187 3.004070 2.875545 3.047162 2.678667 1.801545 1.039803 1.102451 1.916142 2.028942
1.528731 1.322114 1.627804 1.885894 1.733280 1.583088 1.362064 1.100807 0.936505 0.506236
-0.043714 0.409836 1.229267 1.503912 1.736365 1.929147 1.936174 1.967585 1.533627 1.460616
1.861147 1.963124 1.866965 1.726522 1.866423 2.029220 2.103868 2.228049 2.264536 2.307687
2.514535 2.836197 2.947292 3.004803 3.044386 3.053578 3.163828 3.222697 3.235951 3.152876
3.007440 2.901902 2.905726 2.723353 2.523463 2.536133 2.586484 2.596548 2.641445 2.757382
2.883519 2.983189 2.982432 3.016916 3.115090 3.137815 2.994466 2.727328 2.539397 2.219111
1.597458 1.579616 2.057033 2.520337 2.378917 2.099943 1.962523 2.064193 2.386277 2.564787
2.407268 2.193882 2.061746 2.404576 2.339170 1.536560 0.965258 0.993594 1.580059 1.797459
1.393440 1.210961 1.575336 1.755924 1.565241 1.419531 1.289338 1.085296 0.902912 0.504297
-0.056459 0.432511 1.236139 1.710030 2.130346 2.394688 2.254881 2.146516 1.833378 1.635812
2.240301 2.448897 2.404971 2.336635 2.385401 2.317369 2.149995 2.190211 2.243404 2.294487
2.404795 2.617838 2.796099 2.917729 3.032989 3.078336 3.172359 3.219400 3.220855 3.084478
2.910071 2.831738 2.867473 2.582364 2.139903 2.048074 2.241827 2.371435 2.514229 2.615562
2.752149 2.918237 2.971659 3.032829 3.131120 3.052454 2.819610 2.456933 2.029642 1.575274
1.113668 0.810758 1.332518 2.060110 2.052108 1.762527 1.556731 1.523977 1.838823 2.203872
2.195175 1.979369 1.728987 1.822538 1.890615 1.442229 1.018978 0.901513 1.428880 1.617852
1.328830 1.287405 1.627089 1.679444 1.453752 1.292855 1.211361 1.071907 0.909827 0.503020
-0.046657 0.436829 1.165983 1.607625 1.835811 2.051888 2.179096 2.215527 2.225478 2.126720
2.477635 2.639974 2.643933 2.800856 2.927938 2.715091 2.420636 2.409425 2.501488 2.515820
2.529964 2.613219 2.776212 2.886168 2.951192 3.086360 3.279958 3.396248 3.457407 3.376742
3.289124 3.247133 3.064398 2.425144 1.778853 1.686207 2.121280 2.462257 2.628640 2.667823
2.809354 2.992923 2.994234 2.924200 2.887717 2.773551 2.578282 2.320802 1.954673 1.440290
1.017374 1.031409 1.671657 2.168129 2.090363 1.850051 1.678679 1.638020 1.795604 1.997788
1.929285 1.746617 1.461187 1.402177 1.527465 1.355944 1.015103 0.939825 1.364449 1.477482
1.253233 1.289753 1.626780 1.680109 1.459492 1.268816 1.167551 1.062801 0.936684 0.499279
-0.045411 0.441007 1.097469 1.428467 1.438846 1.419203 1.629870 1.859422 2.087204 2.166600
2.487636 2.613674 2.692588 2.942876 3.062899 2.792647 2.461831 2.382513 2.560463 2.640491
2.687177 2.726645 2.751371 2.686750 2.708322 2.976642 3.192790 3.228553 3.289894 3.340326
3.315697 3.241068 2.917675 2.156136 1.377111 1.327530 1.997939 2.543373 2.644368 2.575852
2.695565 2.773840 2.790606 2.671633 2.508878 2.411780 2.381674 2.339020 2.281537 2.031006
1.800201 1.811643 2.071263 2.253598 2.263091 2.201563 2.119274 2.053098 2.030392 2.068490
1.979148 1.844457 1.610360 1.583198 1.769445 1.548897 1.075226 0.964472 1.290183 1.389795
1.218259 1.248801 1.527041 1.649388 1.488426 1.339697 1.196161 1.016360 0.875963 0.505857
-0.087582 0.349417 1.030879 1.295688 1.301378 1.256347 1.534556 1.957995 2.268778 2.439335
2.533236 2.424735 2.333543 2.519821 2.650249 2.470253 2.245577 2.143214 2.365064 2.564578
2.677433 2.745406 2.692293 2.514803 2.450867 2.638545 2.721260 2.571834 2.525607 2.616392
2.677202 2.687853 2.518363 1.895495 1.141288 1.101078 1.529160 2.314716 2.366055 2.272757
2.302822 2.299381 2.296301 2.204261 2.021194 1.909416 1.958426 2.231934 2.497092 2.516761
2.366870 2.317016 2.396890 2.484559 2.536942 2.585168 2.519927 2.329854 2.213450 2.258426
2.291170 2.254960 2.074749 2.101213 2.148370 1.694302 1.060420 0.838748 1.166701 1.395767
1.260984 1.214039 1.401342 1.522831 1.452044 1.412951 1.249608 1.002768 0.834067 0.501078
-0.093958 0.348766 0.977618 1.132965 1.135487 1.112779 1.363310 1.749113 2.019591 2.190119
2.187984 1.943227 1.578915 1.691010 1.898234 1.868116 1.799657 1.713935 1.999829 2.297658
2.529844 2.694412 2.490357 2.107900 1.867753 1.916398 1.899090 1.692074 1.415797 1.404857
1.508968 1.529783 1.490561 1.382553 0.986872 0.719818 1.417384 2.251756 2.220510 2.089758
1.943648 1.909191 1.989736 1.962603 1.811746 1.702018 1.719294 1.991004 2.418838 2.688177
2.750995 2.696584 2.650659 2.575195 2.576406 2.699206 2.696274 2.485375 2.267662 2.294304
2.376361 2.417817 2.346895 2.478796 2.405654 1.801055 1.065451 0.710964 1.034663 1.414656
1.314499 1.163273 1.273275 1.403136 1.358785 1.363291 1.259662 1.034435 0.838746 0.508106
-0.078867 0.377851 0.897406 1.000870 1.023901 1.116724 1.575808 1.987792 1.788095 1.428467
1.489246 1.318840 1.102643 1.145170 1.308820 1.379876 1.414248 1.556727 2.043001 2.456792
2.732712 2.816921 2.453701 1.867411 1.450069 1.649393 1.755135 1.564729 1.272067 1.212277
1.191496 1.088818 0.996247 1.055088 0.885642 1.003481 1.742745 2.109429 2.113610 2.042653
1.670753 1.566557 1.796049 1.851948 1.780721 1.743106 1.790961 1.871729 1.919182 2.137743
2.453282 2.642994 2.613322 2.422243 2.357475 2.531840 2.608053 2.502560 2.314100 2.363921
2.444943 2.479130 2.466782 2.582814 2.467846 1.828459 1.044633 0.582077 0.930237 1.335837
1.284120 1.130349 1.250489 1.442212 1.362803 1.317057 1.252293 1.076285 0.823676 0.500187
-0.086860 0.304842 0.836828 1.071980 1.150128 1.312357 1.809512 2.032865 1.227059 0.586535
0.798555 0.865811 0.943247 1.052804 1.170632 1.208826 1.363285 1.710827 2.120454 2.460002
2.525842 2.475291 2.084370 1.439719 0.984517 1.184786 1.561741 1.587073 1.581517 1.670337
1.755789 1.814915 1.848908 1.657943 1.023624 0.899340 1.457539 1.752146 1.923344 2.011712
1.429311 1.202503 1.634810 1.748091 1.735860 1.833972 1.962050 1.937448 2.079467 2.338976
2.484634 2.467292 2.373886 2.143825 2.048340 2.385487 2.588473 2.501611 2.333959 2.380408
2.417363 2.408308 2.325745 2.404433 2.430327 1.922286 1.086730 0.502222 0.894320 1.253055
1.189519 1.080968 1.321588 1.601333 1.465343 1.325865 1.247244 1.126183 0.815819 0.473972
-0.086790 0.365398 1.238066 1.577094 1.265902 0.817510 1.143910 1.652385 1.054222 0.470242
0.638940 0.812128 0.932066 1.095902 1.144023 1.114839 1.247144 1.545630 1.775989 2.006856
2.025468 1.938520 1.662495 1.129873 0.744227 0.820783 1.170708 1.339800 1.450591 1.717762
1.907865 1.982425 1.949357 1.616230 1.025709 0.838587 1.083503 1.341734 1.540843 1.732221
1.369596 1.155956 1.461576 1.763040 1.629943 2.024354 2.175438 2.095134 2.307316 2.582204
2.677897 2.568616 2.378167 2.052629 1.731420 1.943712 2.376683 2.496831 2.389557 2.341646
2.287157 2.261806 2.237038 2.394384 2.553866 1.967543 1.054404 0.374453 0.809706 1.213122
1.197018 1.121981 1.488657 1.760852 1.610113 1.423673 1.280970 1.086185 0.837669 0.483351
-0.073323 0.562205 1.603845 1.783884 1.244429 0.707241 0.515364 0.859724 0.972481 0.789825
0.734878 0.828651 0.968399 1.189322 1.225675 1.078417 1.109348 1.252506 1.224637 1.217841
1.240597 1.301929 1.188710 0.969318 0.744150 0.711798 0.933662 1.161194 1.310980 1.590842
1.725203 1.684519 1.568911 1.355978 1.039173 0.957813 0.968450 1.061557 1.196259 1.290783
1.161758 1.090201 1.570796 2.011300 2.105260 2.648971 2.704180 2.623789 2.955580 3.179387
3.133814 2.864827 2.548195 2.052490 1.400106 1.308230 1.760491 2.183600 2.217643 2.135341
1.963694 1.961361 2.090274 2.492352 2.764827 2.022436 1.052841 0.307491 0.601243 1.078449
1.201426 1.236402 1.619909 1.772494 1.600875 1.452851 1.295340 1.063418 0.896160 0.501293
-0.088477 0.502319 1.427644 1.612754 1.260325 1.001971 0.655715 0.664933 0.620417 0.632736
0.872364 0.932042 0.979537 1.197205 1.267366 1.208746 1.191733 1.141229 1.020801 0.889938
0.882105 0.852077 0.865458 0.741636 0.630064 0.735908 0.937746 1.039874 1.071701 1.237657
1.357032 1.314394 1.200902 1.112699 0.881947 0.858275 0.864456 0.912089 1.018741 1.076036
1.000611 1.146734 1.745848 2.347954 2.787752 3.132992 3.180649 3.342720 3.467534 3.429599
3.339779 3.176559 2.883759 2.132747 1.228294 0.940253 1.580183 2.186689 2.309678 2.203770
1.981358 1.987054 2.150136 2.624252 2.919070 2.037223 1.066880 0.289568 0.534345 0.983144
1.194879 1.345246 1.672344 1.710316 1.510396 1.356554 1.232229 1.059165 0.913256 0.509660
-0.108280 0.351529 1.035646 1.266937 1.228968 1.143708 0.858404 0.706463 0.825067 0.996224
1.096416 0.958676 0.942630 1.086683 1.200500 1.379641 1.400737 1.278573 1.174993 1.022793
0.990769 0.785099 0.977293 0.960424 0.759940 0.758969 0.828084 0.850392 0.912686 1.040994
1.074950 1.079711 1.034164 0.941332 0.800051 0.787144 0.817160 0.909009 0.941377 0.984605
0.985787 1.219689 1.672595 2.351063 2.874352 3.068208 3.048770 3.232024 3.332281 3.325032
3.266234 3.196307 2.921988 2.088605 1.096798 0.747820 1.491509 2.225300 2.385106 2.236147
1.947709 1.881297 1.958420 2.423937 2.776427 2.015230 1.074510 0.333303 0.550700 0.974582
1.234918 1.413259 1.668051 1.653079 1.494859 1.355382 1.205372 1.055169 0.865095 0.508372
-0.100780 0.310762 0.931070 1.003172 1.028504 0.975580 0.857245 1.055429 1.428908 1.385184
0.950074 0.679098 0.973068 1.103817 1.184837 1.421546 1.585230 1.496768 1.305440 1.007471
0.761445 0.596535 0.870318 1.113640 0.897263 0.708358 0.727588 0.746622 0.838795 0.925049
0.963566 0.996882 0.969626 0.988527 0.868524 0.772844 0.797125 0.824369 0.771210 0.877684
0.924800 1.088543 1.351105 1.783613 2.198616 2.439092 2.402134 2.497013 2.582686 2.639456
2.638149 2.635890 2.504923 1.915544 1.019393 0.766501 1.121045 1.976840 2.166594 1.992483
1.689210 1.629692 1.695680 2.007318 2.387987 1.965685 1.082523 0.387695 0.505336 0.937654
1.181011 1.262003 1.480634 1.576410 1.467420 1.346694 1.232069 1.054058 0.819513 0.497211
-0.091754 0.314539 1.018191 1.026208 1.008091 0.997117 1.225408 1.730765 1.870433 1.494609
0.828940 0.520415 1.011025 1.338379 1.336562 1.492673 1.708433 1.705399 1.310481 0.920684
0.521964 0.513238 0.799551 1.053500 0.895438 0.746870 0.752648 0.769076 0.768445 0.823026
0.870427 0.863027 0.925870 1.112758 1.065485 0.922531 0.868745 0.628627 0.590242 0.696557
0.808680 0.916984 1.029081 1.123374 1.268761 1.391527 1.506538 1.559047 1.562969 1.581996
1.544762 1.458656 1.490555 1.439623 0.926936 0.515826 1.071783 1.962062 2.039429 1.845014
1.568667 1.492539 1.506142 1.648618 1.912823 1.815559 1.073464 0.426225 0.514336 0.903987
1.075198 1.078404 1.252019 1.435135 1.396118 1.327562 1.238024 1.052111 0.890553 0.497742
-0.086767 0.325685 1.083805 1.060550 1.038507 1.096646 1.390950 1.768890 1.954750 1.513783
0.795047 0.596376 1.081393 1.573066 1.442420 1.466217 1.674448 1.722280 1.299970 0.859658
0.552705 0.615682 0.765450 0.890801 0.852365 0.774142 0.775147 0.778288 0.747723 0.780050
0.776764 0.751171 0.803962 0.988213 1.143718 1.192668 1.055531 0.488281 0.468000 0.617135
0.701817 0.861920 1.026183 1.125324 0.942957 0.861317 0.862554 0.925804 0.916178 0.883387
0.801705 0.752791 0.825059 0.737624 0.503061 0.654484 1.441128 1.958752 1.910730 1.719300
1.450994 1.382667 1.449817 1.571355 1.748546 1.693296 0.984198 0.383526 0.532134 0.897925
0.996956 0.968292 1.099786 1.330487 1.387560 1.341902 1.207483 1.027112 0.899276 0.499365
-0.075513 0.404055 1.125287 1.065689 1.025085 1.106065 1.336325 1.524793 1.786821 1.539397
0.889751 0.599352 1.185127 1.687780 1.434865 1.381959 1.557183 1.539143 1.168133 0.779133
0.727703 0.827521 0.798929 0.762326 0.843593 0.794534 0.778698 0.817976 0.737374 0.715577
0.722919 0.742780 0.687851 0.755448 0.990492 1.311636 1.127669 0.515087 0.503028 0.657348
0.686145 0.903776 1.204083 1.430806 0.977695 0.802466 1.084365 1.169774 1.071224 0.955077
0.938865 1.057925 1.199697 1.246686 1.255433 1.355751 1.637600 1.828063 1.780444 1.652704
1.416130 1.398080 1.524282 1.793891 1.947416 1.605700 0.840037 0.352157 0.608002 0.937836
0.993663 0.930851 1.010231 1.233893 1.332825 1.342946 1.185670 1.006260 0.797214 0.500182
-0.033597 0.501516 1.125109 1.063408 1.016729 1.221564 1.554159 1.911620 2.170736 1.649573
0.940233 0.727221 1.382327 1.756349 1.467179 1.386972 1.585585 1.559754 1.112584 0.671482
0.718540 0.834762 0.842359 0.707659 0.801679 0.829424 0.859548 0.925398 0.783301 0.763764
0.699750 0.688369 0.669170 0.662730 0.771850 1.124414 1.063546 0.685910 0.754097 0.834071
0.784266 0.788168 1.092936 1.333995 0.962775 0.861845 1.226823 1.444242 1.378259 1.357912
1.591519 1.891947 2.035095 2.054333 1.918451 1.754037 1.822949 1.959856 2.026211 1.941497
1.681232 1.557175 1.424925 1.625153 1.861965 1.540280 0.795242 0.504336 0.687485 0.999692
1.038676 0.963383 0.968835 1.153805 1.301756 1.368286 1.179251 0.968256 0.758065 0.491177
-0.016737 0.508332 1.134627 1.081975 1.036623 1.311064 1.718988 2.286415 2.553276 1.666629
0.889396 0.591786 1.398300 1.795315 1.463181 1.365180 1.652162 1.654996 1.139124 0.643324
0.736856 0.779539 0.791456 0.791203 0.838726 0.852356 0.919492 0.933572 0.969374 0.863073
1.083082 0.817438 0.564101 0.671455 0.696663 0.836795 0.847637 0.829080 0.905208 0.926402
0.849234 0.664199 0.796563 1.021285 0.919495 0.950314 1.314937 1.696385 1.710672 1.792269
2.194661 2.477376 2.580653 2.387247 1.927852 1.849823 2.071811 2.323593 2.451989 2.331363
2.011663 1.871451 1.566799 1.168377 1.094505 1.237642 0.881040 0.623570 0.866215 1.094092
1.083766 0.975609 0.979554 1.138018 1.326699 1.428335 1.256125 0.913570 0.701840 0.469082
-0.024450 0.422743 1.098710 1.109290 1.085048 1.277368 1.583699 2.167865 2.512730 1.649157
0.890818 0.578162 1.315410 1.772439 1.378083 1.324103 1.662095 1.668824 1.148955 0.715120
0.810626 0.747022 0.770257 0.839371 0.908315 0.867024 1.005828 1.154024 1.488290 1.484528
1.526694 0.977545 0.413799 0.584820 0.799592 0.754335 0.749781 0.860388 0.899825 0.850860
0.777369 0.736012 0.784046 0.870149 0.804588 0.893439 1.213717 1.665494 1.919687 1.972651
2.342043 2.577337 2.642848 2.294710 1.693992 1.825071 2.128531 2.453578 2.651013 2.494307
2.210692 2.144526 1.956286 1.493251 0.980708 0.755313 0.652781 0.759603 1.054516 1.147568
1.060082 0.945387 0.996186 1.149349 1.296991 1.390620 1.318766 0.947500 0.719904 0.470104
-0.017481 0.421519 1.028700 1.106740 1.098478 1.211628 1.296125 1.573614 1.875202 1.602323
1.056408 0.811877 1.144839 1.683182 1.352429 1.262105 1.628676 1.660028 1.163414 0.811566
0.804568 0.726387 0.788421 0.846688 0.875191 0.878217 0.985500 1.246907 1.575523 1.964657
1.971408 1.090128 0.356297 0.405772 0.801820 0.789577 0.767233 0.846196 0.835848 0.826836
0.778581 0.793017 0.882429 1.004487 0.848560 0.877277 1.085728 1.457832 1.779779 2.028574
2.281804 2.346172 2.280213 1.977634 1.485413 1.537036 1.943425 2.432496 2.573845 2.378229
2.228793 2.272010 2.234325 1.873211 1.438744 1.084182 0.850815 0.868349 1.028745 1.103703
1.010868 0.929854 1.005739 1.142581 1.243786 1.289284 1.190134 0.974715 0.868751 0.500297
-0.007278 0.421985 1.001198 1.095506 1.090725 1.174071 1.286180 1.415061 1.512155 1.412479
1.033226 0.869853 1.168983 1.552774 1.241905 1.198899 1.599195 1.648446 1.178709 0.874321
0.716002 0.716559 0.833947 0.835739 0.830373 0.815745 0.973658 1.195968 1.911608 2.718862
2.060385 1.164023 0.482210 0.502776 0.758728 0.873653 0.795969 0.820786 0.838804 0.871981
0.882037 0.879698 0.798445 0.922094 0.923651 1.086679 1.416128 1.710086 2.015203 2.302821
2.484420 2.418864 2.145866 1.680902 1.321193 1.498042 2.162469 2.582488 2.560998 2.312546
2.191731 2.274024 2.358873 2.175885 1.775147 1.302652 0.934045 0.731454 0.869802 0.998452
0.969746 0.934339 1.013017 1.141410 1.233496 1.269467 1.108218 0.918582 0.919123 0.505151
-0.026338 0.402609 1.062060 1.112594 1.069068 1.149414 1.373746 1.641953 1.853315 1.455230
1.134551 1.167127 1.605934 1.531901 1.178850 1.193360 1.545168 1.577053 1.201414 0.919312
0.712794 0.709619 0.846618 0.796602 0.840635 0.831277 1.000085 1.205846 1.974696 2.759100
2.094111 1.198396 0.548402 0.637878 0.686437 0.829684 0.812435 0.866399 0.882929 0.950234
1.013041 0.910187 0.777042 0.768160 0.909331 1.348352 1.858524 2.182268 2.429345 2.625041
2.617392 2.370134 2.003589 1.614671 1.444053 1.675185 2.156867 2.403343 2.346292 2.160687
2.055522 2.184705 2.348138 2.341068 2.027414 1.420935 0.916988 0.622261 0.693731 0.861229
0.912608 0.930377 0.995539 1.132058 1.252744 1.328421 1.173866 0.894036 0.866613 0.494298
-0.052982 0.381070 1.156826 1.138985 1.084429 1.164010 1.369469 1.701015 2.002663 1.602112
1.327466 1.364039 1.818359 1.651048 1.275512 1.246927 1.461590 1.427733 1.123828 0.843230
0.775184 0.783787 0.818076 0.771079 0.834786 0.823794 0.952895 1.012678 1.452856 2.076188
1.988187 1.163556 0.542978 0.648917 0.762193 0.839716 0.816930 0.884490 0.894708 0.933294
1.015062 0.867436 0.808226 0.814294 0.942793 1.333238 1.977024 2.485168 2.665205 2.654706
2.487998 2.108391 1.827244 1.682993 1.636940 1.808115 2.145001 2.353770 2.278993 2.138583
1.957353 1.954195 2.060173 2.193007 2.205867 1.585079 0.883567 0.521257 0.605887 0.786686
0.893487 0.917297 0.989276 1.144070 1.331141 1.440789 1.253222 0.862969 0.765971 0.468699
-0.036630 0.414532 1.191586 1.162197 1.080501 1.195026 1.450271 1.763364 2.097695 1.861551
1.623237 1.439392 1.357643 1.185701 1.079404 1.398417 1.580776 1.413284 1.013828 0.665877
0.692858 0.893101 0.810437 0.712614 0.796674 0.765753 0.825703 0.948039 0.977050 1.245019
1.379036 1.001024 0.860048 0.787206 0.811018 0.838649 0.835894 0.855057 0.809098 0.856575
0.903009 0.856942 0.790340 0.832647 0.973451 1.177698 1.627025 2.136761 2.402291 2.450341
2.368753 2.064350 1.854442 1.767111 1.852340 2.110339 2.359020 2.496440 2.416944 2.293776
2.077738 1.842356 1.677060 1.880434 2.200586 1.769259 0.923143 0.374495 0.518257 0.755283
0.921659 0.881117 0.974645 1.179849 1.381609 1.486322 1.282306 0.870424 0.706674 0.415623
-0.025983 0.471182 1.139697 1.158654 1.097531 1.203123 1.488037 1.881596 2.321054 2.382079
2.318268 2.112718 1.859295 1.775508 1.914312 2.101134 2.070385 1.675514 0.987837 0.426391
0.582568 0.876870 0.831231 0.697878 0.780227 0.756631 0.790700 0.869234 0.773432 0.790336
0.770336 0.848195 0.903441 0.810839 0.809999 0.840137 0.823832 0.827112 0.752498 0.734521
0.766756 0.828908 0.868641 0.925789 0.928898 1.078562 1.373609 1.686681 1.892579 2.002536
2.064083 1.883623 1.732497 1.861102 2.080387 2.291586 2.431074 2.501901 2.458181 2.408885
2.246235 2.012383 2.007200 2.361285 2.575548 1.827243 0.927838 0.302443 0.494777 0.805257
0.993562 0.843070 0.975333 1.195345 1.323403 1.360899 1.250541 0.935415 0.707905 0.422037
-0.050954 0.372032 1.058604 1.158610 1.111602 1.188551 1.409381 1.796477 2.375259 2.748055
2.935090 2.770347 2.529018 2.555448 2.805217 2.882786 2.647946 1.956547 1.002794 0.308542
0.516456 0.819976 0.844738 0.740548 0.777192 0.771416 0.810756 0.769486 0.749373 0.792419
0.686691 0.758301 0.801629 0.859188 1.033684 1.244319 0.578802 0.485209 0.760095 0.672968
0.651219 0.804238 0.994010 1.080394 0.916423 1.048121 1.398823 1.644468 1.591291 1.677826
1.776207 1.807858 1.812498 1.973290 2.149949 2.257269 2.320349 2.407376 2.436671 2.477885
2.282746 2.126161 2.201091 2.597444 2.796135 1.909700 0.952946 0.296504 0.549012 0.887491
1.033122 0.819199 0.998642 1.159286 1.203374 1.129140 1.035525 0.960604 0.853847 0.498898
-0.068850 0.337685 1.028550 1.143668 1.078611 1.235513 1.517456 2.056145 2.506201 3.014964
3.506097 3.452618 3.294900 3.322619 3.463796 3.352612 2.887308 2.042462 1.040674 0.349399
0.476761 0.735060 0.881773 0.821131 0.860717 0.839417 0.797674 0.747967 0.747429 0.777490
0.716300 0.786664 0.766342 0.845493 1.081050 1.338840 0.627855 0.369043 0.681392 0.736045
0.646532 0.772817 1.022423 1.105902 0.981532 1.032687 1.335556 1.599870 1.545830 1.654611
1.870091 1.974759 1.934802 2.031948 2.145544 2.220187 2.275225 2.430966 2.595195 2.694412
2.454638 2.249266 2.199522 2.506275 2.696306 1.938760 0.991096 0.312814 0.610544 0.949755
1.005395 0.811456 1.013497 1.161791 1.146086 1.020775 0.928798 0.859885 0.899274 0.526479
-0.067140 0.441127 1.068684 1.086331 1.028987 1.232221 1.558666 2.107365 2.102138 2.645745
3.508208 3.587048 3.464455 3.436680 3.421721 3.260811 2.812390 2.000843 1.047270 0.365336
0.459938 0.682761 0.863095 0.904236 0.968295 0.974090 0.825015 0.681845 0.713147 0.714810
0.726273 0.781289 0.765554 0.787788 0.838570 0.950065 0.897107 0.728155 0.638164 0.813987
0.745451 0.717007 0.965842 1.081191 1.028611 1.042578 1.260627 1.484653 1.578464 1.849371
2.157234 2.195923 2.075940 2.111235 2.123975 2.153556 2.215753 2.476915 2.697728 2.751518
2.453425 2.188021 2.072096 2.259371 2.411317 1.837147 0.955809 0.339670 0.721965 0.975314
0.955008 0.851489 1.029229 1.152648 1.139060 1.057097 0.985764 0.851555 0.846584 0.510832
-0.075734 0.461038 1.116845 1.058286 0.980341 1.139776 1.342396 1.690513 1.668508 1.914726
2.653587 2.881898 2.633517 2.630569 2.805912 2.937414 2.741572 2.009791 1.093624 0.361817
0.418654 0.654779 0.828835 0.908252 0.997976 1.059102 0.935598 0.732365 0.699829 0.729794
0.786851 0.761554 0.796590 0.827479 0.760434 0.783828 0.820821 0.720326 0.729178 0.845623
0.761275 0.701369 0.916218 1.094113 1.057123 1.099546 1.326468 1.518493 1.665312 2.029685
2.398620 2.448770 2.352561 2.395196 2.380760 2.342389 2.365892 2.548039 2.701139 2.691884
2.382456 2.020400 1.825758 1.980706 2.037962 1.645390 0.886503 0.444270 0.722103 0.973855
0.935258 0.881859 1.003344 1.094293 1.070782 1.027801 1.017413 0.919361 0.773813 0.496408
-0.102199 0.348957 1.122665 1.097846 0.979823 0.997657 1.077814 1.198961 1.154674 1.184388
1.948914 2.285963 1.978536 1.915897 2.174754 2.580409 2.736035 2.010727 1.074543 0.294815
0.413266 0.654530 0.875145 0.938271 1.012978 1.113471 1.043583 0.859874 0.817008 0.771834
0.784935 0.792282 0.833597 0.824407 0.856640 0.835365 0.838018 0.730462 0.604801 0.765731
0.808167 0.820207 0.920050 1.114662 1.116548 1.193299 1.441883 1.607803 1.747612 2.104702
2.430930 2.529073 2.507432 2.562990 2.562921 2.508214 2.451040 2.464113 2.503546 2.452023
2.249825 1.862470 1.447532 1.286361 1.391320 1.364388 0.926902 0.628766 0.730892 0.961022
0.961632 0.897828 0.955138 1.055629 0.998636 0.934761 1.041548 1.023634 0.736315 0.465893
-0.100452 0.273239 1.091227 1.116320 1.067225 1.116089 1.188944 1.176897 1.207014 1.660961
2.515169 2.753179 2.444563 2.235723 2.285838 2.669760 2.833277 1.965766 1.011387 0.248743
0.390996 0.672600 0.918220 0.982194 1.006513 1.130433 1.131766 0.983950 0.905859 0.865177
0.816227 0.829365 0.828670 0.855988 0.957899 0.803676 0.765942 0.804453 0.617357 0.732101
0.788356 0.875206 0.957748 1.116235 1.175062 1.266624 1.496105 1.635104 1.746359 2.071914
2.336892 2.445570 2.501580 2.557873 2.609996 2.587444 2.548608 2.495423 2.449600 2.383055
2.294138 2.040124 1.570490 1.133754 1.030079 0.996488 0.768394 0.561874 0.757892 1.003546
0.946347 0.846462 0.957675 1.115500 1.027174 0.823007 0.954811 1.114281 0.775935 0.425736
-0.082583 0.374481 1.138352 1.163996 1.168598 1.372309 1.526534 1.517351 1.588057 1.985184
2.528708 2.706204 2.576544 2.518218 2.595925 2.918283 2.729410 1.840615 0.909293 0.249924
0.453148 0.686069 0.847671 0.878673 0.963675 1.108130 1.179193 1.137727 1.081517 1.006267
0.889537 0.842798 0.875937 0.978859 0.910175 0.622367 0.674531 0.902402 0.766737 0.787299
0.794264 0.898554 0.997365 1.117373 1.210461 1.332240 1.553713 1.675007 1.734742 2.043238
2.326430 2.375379 2.285326 2.289814 2.445295 2.494928 2.493038 2.483021 2.430889 2.360203
2.295577 2.224525 1.974259 1.760939 1.621020 1.252308 0.823413 0.603299 0.735113 1.013334
0.930124 0.891009 1.128154 1.307957 1.073996 0.728420 0.882308 1.013835 0.807702 0.462958
-0.079202 0.440990 1.175004 1.175344 1.102881 1.258530 1.492447 1.595266 1.603519 1.703452
1.955670 2.134506 2.080420 2.046650 2.104784 2.352416 2.314504 1.645624 0.847208 0.572255
0.631177 1.044118 1.394423 1.546769 1.705991 1.857509 1.899251 1.875646 1.868775 1.752308
1.582583 1.499884 1.485409 1.432009 1.053527 0.726265 0.751117 0.911561 1.031715 0.963560
0.891026 1.003702 1.155996 1.280903 1.348542 1.489656 1.761323 1.873959 1.850736 2.110561
2.442771 2.553364 2.469563 2.398796 2.530190 2.625956 2.678308 2.638568 2.513614 2.436345
2.383629 2.383573 2.244770 2.107653 2.066755 1.619177 0.956957 0.697821 0.877788 1.177154
1.125024 1.015034 1.255398 1.322578 1.027170 0.770952 0.916360 0.969006 0.816255 0.500007
-0.079076 0.440264 1.206682 1.207567 1.060286 1.077372 1.310441 1.475595 1.467007 1.496282
1.494695 1.341634 1.119828 1.126838 1.248870 1.399004 1.502077 1.419037 1.089072 0.881618
1.333371 2.026685 2.423717 2.564678 2.669013 2.768150 2.758833 2.768527 2.781497 2.628285
2.483687 2.471920 2.393107 1.975560 1.341455 1.171431 1.211510 1.300466 1.396464 1.291698
1.143163 1.221250 1.423107 1.543634 1.568665 1.739912 2.017430 2.126049 2.027035 2.226376
2.509428 2.650039 2.604938 2.567263 2.689098 2.814682 2.817804 2.581666 2.475016 2.461011
2.424098 2.421375 2.208454 2.092169 2.280026 1.935572 1.055028 0.800769 1.114325 1.431592
1.307255 1.164271 1.336843 1.254949 1.052058 0.973582 1.058011 1.095092 0.830348 0.485258
-0.043813 0.356707 1.129711 1.221875 1.050757 1.012730 1.181440 1.387150 1.344000 1.216531
1.145454 1.023641 0.799484 0.669445 0.614923 0.635472 0.762206 0.738689 0.846898 1.527708
2.381171 2.877279 3.165605 3.260539 3.299829 3.376085 3.337558 3.257262 3.134172 2.915711
2.820426 2.859210 2.752806 2.364077 1.809702 1.556608 1.584476 1.705507 1.681744 1.515988
1.424282 1.510498 1.672875 1.765384 1.821730 2.039394 2.306687 2.416013 2.299155 2.530941
2.797743 2.864762 2.814120 2.812321 2.840644 2.855245 2.728433 2.477655 2.429111 2.435726
2.468462 2.448154 2.196121 2.229257 2.483763 2.007922 1.119997 0.951372 1.361246 1.524774
1.207295 1.090931 1.323786 1.350127 1.260465 1.257040 1.333159 1.234841 0.787587 0.440235
0.024547 0.426760 0.858904 1.076154 1.040221 0.976972 1.107076 1.243410 1.151451 1.092424
1.196075 1.247495 1.072340 0.890002 0.797181 0.632942 0.465704 0.642973 1.284616 2.147976
2.676423 2.970867 3.135811 3.106488 2.983263 3.168672 3.183688 2.978080 2.777011 2.675909
2.610172 2.520014 2.346951 1.998592 1.633117 1.604272 1.811993 1.858548 1.684175 1.468312
1.506157 1.636312 1.710570 1.776481 1.892166 2.125651 2.354241 2.508522 2.549428 2.769156
2.937152 2.824857 2.689687 2.722743 2.742585 2.676709 2.540510 2.417083 2.413621 2.533026
2.573085 2.441679 2.222188 2.463745 2.580249 1.963471 1.168091 0.992637 1.419315 1.538536
1.163056 0.956815 1.054625 1.286450 1.293431 1.380495 1.405380 1.176705 0.918262 0.499194
0.553975 0.574912 0.604696 0.823545 1.038995 1.174905 1.212731 1.358065 1.348009 0.841268
0.612054 1.248654 1.350186 0.990548 1.018557 0.656811 0.314559 0.761402 1.350486 1.788654
2.039011 2.271311 2.511225 2.548267 2.332074 2.473870 2.469024 2.239392 1.952377 1.843666
2.089293 2.288875 2.273317 2.299874 2.331937 2.297025 2.262730 2.227628 2.144276 2.053599
2.033829 1.969849 1.849477 1.871284 2.030458 2.205983 2.316608 2.396937 2.552883 2.797699
2.882537 2.671623 2.400593 2.376407 2.461352 2.404330 2.237205 2.141389 2.322472 2.567156
2.527473 2.409395 2.367043 2.668960 2.578173 1.875638 1.150733 1.022990 1.418649 1.496137
1.189804 0.985046 1.065368 1.275076 1.291344 1.378555 1.418564 1.265391 1.030098 0.519037
0.912730 0.643738 0.390155 0.592030 0.941777 1.361779 1.558871 1.141717 0.982249 0.791283
0.230294 1.064750 1.567548 1.088307 1.199492 0.805376 0.221443 0.223970 1.016932 1.424869
1.547983 1.655378 1.847526 1.968669 1.835290 1.923360 1.984141 1.750337 1.400128 1.519170
1.932196 2.157063 2.350759 2.851336 3.055394 2.947212 2.803096 2.779258 2.793296 2.748973
2.592026 2.291511 1.908854 1.841187 2.038319 2.279434 2.396331 2.428242 2.562479 2.723862
2.721400 2.491836 2.126038 1.863009 2.049340 2.212364 2.235922 2.259726 2.453341 2.633248
2.506976 2.317143 2.283370 2.574141 2.493884 1.824635 1.123062 0.826766 1.284595 1.390643
1.194620 1.063573 1.339645 1.406792 1.207221 1.329463 1.502341 1.541807 1.282192 0.466603
0.636190 0.964964 0.387510 0.527375 1.047755 1.344806 1.421629 0.974443 0.565718 0.570041
0.458746 0.801692 1.270666 1.168086 1.506492 1.084523 0.294287 -0.163009 0.730565 1.248668
1.491932 1.615406 1.766637 1.879611 1.869711 1.920695 1.989147 1.930318 1.838564 2.014399
2.253942 2.608576 3.044582 3.493130 3.616736 3.547497 3.497393 3.498640 3.432256 3.222310
2.931055 2.426664 1.884439 1.875870 2.189184 2.563083 2.736062 2.752156 2.771386 2.811298
2.750345 2.538692 2.071358 1.632155 1.820709 2.221818 2.519266 2.640902 2.660992 2.660296
2.468831 2.306023 2.382731 2.682422 2.641823 1.844857 1.060328 0.642987 1.028097 1.248605
1.269462 1.453120 1.889060 1.524204 0.896634 1.114768 1.464718 1.614324 1.384798 0.481137
0.532073 1.081481 0.341067 0.320516 1.154471 1.471793 1.031768 0.529804 0.576798 0.616751
0.505425 0.669142 0.910889 0.868996 1.275360 1.067194 0.373108 -0.122264 0.584375 1.080667
1.401307 1.642368 1.858266 2.024254 1.916759 1.735095 1.873240 1.972125 1.918470 2.070178
2.284187 2.650744 3.076275 3.321389 3.577749 3.594466 3.579762 3.484026 3.098243 2.768792
2.796733 2.442041 1.960939 1.950924 2.261873 2.679720 2.864449 2.874299 2.833575 2.820587
2.786982 2.688496 2.188780 1.707525 1.761656 2.150537 2.544886 2.711493 2.631557 2.547738
2.381334 2.324785 2.522599 2.857337 2.730748 1.848382 1.006981 0.482351 0.822149 1.110948
1.319521 1.782266 2.045577 1.527851 0.810750 0.907698 1.212051 1.351600 1.269280 0.538490
0.453793 1.095952 0.534607 0.226340 1.069208 1.186317 0.774855 0.112317 0.805819 0.891730
0.361957 0.388028 0.903328 0.535050 0.983729 1.127133 0.651494 0.046217 0.370646 0.819151
1.094536 1.421918 1.658540 1.783874 1.732837 1.615155 1.732426 1.821918 1.642273 1.714267
1.876102 2.187861 2.446877 2.533553 2.848701 2.905105 2.912247 2.868429 2.389972 2.084014
2.365043 2.364841 2.060997 1.988041 2.293867 2.718359 2.872102 2.842633 2.740691 2.619329
2.585203 2.648749 2.419304 1.952013 1.858414 2.171098 2.586113 2.872614 2.806894 2.693569
2.340947 2.030760 2.051526 2.434732 2.577926 1.832206 1.003448 0.519262 0.722484 1.043561
1.278790 1.530156 1.729493 1.498939 1.048562 0.968720 1.004922 0.972970 1.024002 0.548301
0.590823 0.909993 0.636985 0.466942 0.967620 0.533887 0.843357 0.218643 0.639301 1.054811
0.557620 0.308219 0.582146 0.447663 0.759651 0.964647 0.838187 0.462349 0.461262 0.559858
0.687099 1.038399 1.281074 1.360991 1.347409 1.311417 1.501917 1.733085 1.525699 1.295748
1.037334 1.066790 1.093186 0.993128 1.056221 1.177781 1.231019 1.368334 1.277125 1.025323
1.208834 1.723132 1.772079 1.964530 2.389792 2.745659 2.870613 2.839237 2.647647 2.348519
2.187284 2.276979 2.453341 2.082381 1.858369 2.144960 2.614124 3.013796 3.008502 2.873089
2.497539 1.975201 1.447869 1.321154 1.466735 1.429649 1.017799 0.596901 0.604347 1.050441
1.256247 1.249164 1.290356 1.309194 1.233370 1.252153 1.189687 0.880099 0.596230 0.446795
0.610248 0.820655 0.742007 0.683998 0.893138 0.436611 0.657472 0.324142 0.587978 1.011256
0.815128 0.715178 0.657187 0.325576 0.574410 0.620414 0.816340 1.002899 1.169776 0.619228
-0.082344 0.592241 1.009495 1.140219 1.208339 1.338180 1.662129 1.916423 1.897158 1.771208
1.546312 1.282892 1.112021 1.034173 1.132253 1.158062 0.899679 0.629594 0.544849 0.740622
1.251747 1.796566 2.113174 2.422995 2.719231 2.911198 3.036889 3.032940 2.897021 2.715484
2.659681 2.813388 2.750871 2.130842 1.912058 2.287982 2.796804 3.194159 3.297282 3.263650
3.032341 2.590506 2.063635 1.649186 1.441779 1.182701 0.803657 0.509331 0.604405 1.049280
1.260046 1.257040 1.285967 1.302497 1.269916 1.215611 0.948638 0.747678 0.617330 0.453660
0.581580 0.934228 0.885760 0.503032 0.899863 0.778522 0.865919 0.613995 0.444569 0.978876
0.957542 0.633826 0.765798 0.344439 0.534439 0.623399 0.903710 0.943755 1.193580 0.719033
-0.095842 0.476188 0.973859 1.073545 1.168819 1.418890 1.859275 2.219795 2.402281 2.425064
2.270635 2.175818 2.065948 1.993857 2.065450 2.114607 2.114661 2.093210 2.041728 2.048557
2.216993 2.466513 2.475479 2.285730 2.496103 2.961112 3.225894 3.219761 3.101228 2.910492
2.985302 3.022654 2.580539 1.949487 1.699335 2.063186 2.663278 2.960525 3.137030 3.315001
3.232657 3.020698 2.798884 2.428946 1.719016 1.150388 0.730181 0.524773 0.816649 1.123058
1.316241 1.428474 1.426780 1.371567 1.256351 1.248400 0.698353 0.800838 1.020222 0.458519
0.476681 0.760362 0.938548 0.823571 1.029802 0.821501 1.010064 0.688157 0.562133 0.795806
0.848193 0.518661 0.790469 1.046188 0.820186 0.595120 0.866188 0.786750 0.711991 0.812786
0.382075 0.695379 1.056947 1.057885 1.229885 1.689193 2.108293 2.271611 2.400433 2.341029
2.147143 2.054562 2.003736 1.972431 1.977878 2.022233 2.228076 2.384871 2.203356 1.987801
2.066624 2.242822 2.090454 1.658928 1.822425 2.484050 2.819051 2.744215 2.515175 2.226373
2.351081 2.428173 2.020045 1.564349 1.372004 1.540740 1.937447 2.095352 2.202842 2.504812
2.578112 2.477888 2.480691 2.320556 1.591988 1.046697 0.705583 0.576657 0.939565 1.271380
1.459022 1.509369 1.365827 1.209220 1.453737 1.053217 0.575980 0.989970 1.125419 0.415602
0.243460 0.595562 0.982135 1.193405 1.096327 0.839951 0.860995 0.802164 0.905474 0.729841
0.883982 0.995927 0.787217 1.351434 0.736126 0.309164 0.575933 0.954013 0.800943 0.873263
0.409608 0.402979 1.040427 1.213260 1.309920 1.756287 2.078476 1.929363 1.729459 1.487120
1.335574 1.251807 1.244013 1.405272 1.538467 1.584593 1.791454 1.949449 1.797453 1.616075
1.632973 1.760352 1.694421 1.371543 1.452643 1.874876 2.092435 1.945206 1.767869 1.601151
1.594493 1.592523 1.456561 1.272173 1.184635 1.201362 1.351322 1.462309 1.461892 1.670306
1.825255 1.693830 1.694493 1.678123 1.456437 1.153922 0.858262 0.785719 0.962515 1.217977
1.423135 1.441555 1.236026 1.076490 1.147639 0.928560 0.750547 0.718076 1.128482 0.434520
0.198693 0.585487 0.938817 1.266648 1.145245 0.904083 0.929212 0.933879 1.040303 0.967907
0.625608 0.900045 0.919393 0.995392 0.849485 0.526641 0.621017 0.545668 0.848591 0.973862
0.496273 0.290757 0.919856 1.248514 1.403444 1.756291 2.073297 2.022450 1.809476 1.383554
0.996792 0.824294 0.837262 0.942845 0.994391 1.071324 1.218763 1.251390 1.140841 1.059029
1.055186 1.112402 1.115539 1.033010 1.070046 1.428730 1.482256 1.308155 1.131778 1.096050
1.120252 1.090447 1.016716 0.964159 0.964666 0.962754 1.021818 1.081155 1.136650 1.236652
1.332400 1.277367 1.214287 1.127954 1.056137 1.086098 0.969088 0.724294 0.796417 1.076667
1.296716 1.257440 1.157719 1.142482 1.057031 1.059932 0.679316 0.395830 0.823147 0.503282
0.361546 0.534796 1.019467 1.300485 1.191232 1.004183 1.015904 0.907014 0.954837 1.055921
0.871959 0.743912 0.614718 0.622956 1.025536 1.112304 0.665367 0.391814 0.712371 1.076882
0.546396 0.114864 0.800906 1.143070 1.432537 1.885139 2.191428 2.268646 2.027906 1.410726
0.802701 0.591211 1.071981 1.188507 1.070174 0.969074 0.909515 0.828135 0.803736 0.879345
0.966193 0.933327 0.842428 0.841979 1.017656 1.279364 1.303887 1.189605 1.029854 1.086929
1.203025 1.073505 0.953538 0.888609 0.944091 0.985396 1.084571 1.236493 1.270855 1.278747
1.268484 1.226684 1.136838 1.129883 1.220286 1.171459 0.988999 0.638809 0.834509 0.938358
1.128645 1.125705 0.979341 0.962212 1.029348 1.281911 0.540109 0.270524 0.538626 0.442970
0.557281 0.621403 0.690192 1.189609 1.309335 1.033540 1.060194 1.295051 1.313909 1.001399
0.736112 0.623028 0.432600 0.568324 1.167695 1.074244 0.669320 0.860651 0.808580 1.210812
0.662780 -0.099477 0.580246 1.030297 1.268013 1.643612 1.903214 1.968244 1.887848 1.437827
0.843651 0.622812 1.056035 1.303680 1.320833 1.179372 0.962071 0.831207 0.950261 1.094389
1.100188 0.978228 0.905381 0.965173 1.097337 1.212828 1.242443 1.096580 0.949100 1.029208
1.130370 1.103009 1.008542 0.979049 0.999025 1.047597 1.198941 1.361051 1.414919 1.357291
1.286400 1.237128 1.293016 1.238099 0.866915 0.893457 0.781099 0.659987 0.911194 1.058461
1.216116 1.188802 0.823315 0.708305 1.051324 0.930244 0.885815 0.504334 -0.096333 0.337435
0.649325 0.941908 0.500731 0.875247 1.139259 1.100821 1.345229 1.489807 1.377691 1.058634
0.586145 0.568651 0.630747 0.824760 1.186439 1.125586 0.956432 1.004062 0.843228 0.920472
0.682767 -0.103948 0.550272 1.076606 1.389717 1.609241 1.464369 1.324819 1.343827 1.212700
0.941260 0.829482 0.991023 1.342592 1.303593 1.097854 0.763291 0.561904 0.881599 1.202117
1.133133 1.022557 1.047365 1.061740 1.071748 1.037205 0.999562 0.914695 0.861706 0.890058
1.011548 1.116166 1.118440 1.142802 1.083219 1.076466 1.140172 1.199030 1.241793 1.318158
1.360197 1.500338 1.716293 1.236209 0.492390 0.213845 0.751357 1.107113 0.717126 0.839752
0.893666 0.883559 0.872089 1.027324 1.052309 0.559126 1.146057 0.707373 -0.285377 0.126052
0.520890 1.052127 0.597975 0.832450 1.014890 1.044174 1.203401 1.325977 1.193871 1.146074
0.980317 0.514983 0.799403 0.921912 0.756000 1.209439 1.263541 1.490530 0.848253 0.363571
0.657150 0.205198 0.634160 1.105551 1.456408 1.650913 1.402530 1.077999 1.004150 0.973674
0.922308 0.973510 1.304082 1.271052 1.080940 1.011937 0.950536 0.433927 0.370625 0.947105
1.164739 1.084909 1.087262 1.085669 1.091669 1.149610 1.142851 0.894076 0.476494 0.690038
0.830901 1.009016 1.087518 1.162241 1.194321 1.174709 1.077596 1.017250 1.278658 1.475195
1.384049 1.231977 1.815107 1.291110 0.447120 0.110085 1.032874 1.425649 0.835086 1.141896
0.768113 0.115381 0.693041 1.370506 1.150040 0.448154 1.058514 0.847066 0.441679 0.398836
0.317606 0.641688 0.956080 1.082239 1.027534 1.077850 1.092319 1.181143 1.204739 1.132545
1.054318 0.592096 0.351899 1.058754 0.650918 1.071312 1.543535 1.457314 0.816925 0.208254
0.678699 0.294246 0.593888 1.009033 1.448622 1.686013 1.499818 1.264027 1.291826 1.364883
1.332385 1.533259 1.600905 1.250148 1.065278 0.952760 0.587270 0.248698 0.164695 0.617115
0.987929 1.065002 1.118746 1.212893 1.161115 1.157920 1.245303 0.937809 0.294877 0.308654
0.642015 0.799260 0.996065 1.139107 1.236916 1.245279 1.189373 1.257821 0.968557 1.091781
1.192236 1.030554 1.109319 1.083567 0.516939 0.907421 1.205644 1.400063 1.382503 1.676652
0.797661 -0.096075 0.286440 0.934646 1.090258 0.796611 1.001878 1.015670 1.562703 0.567559
0.451221 0.431306 0.854306 1.454055 1.453956 0.749210 0.809688 1.053594 1.179445 1.186416
1.115921 0.817613 0.637931 0.699959 0.951892 1.294835 1.375242 1.282656 0.916513 0.429352
0.919620 0.190922 0.369524 0.978354 1.444832 1.674207 1.601532 1.499208 1.435452 1.436339
1.442491 1.662594 1.555270 1.276763 1.605270 1.336493 0.498310 -0.077209 0.125317 0.653053
1.065723 1.346209 1.380735 1.239369 1.050377 0.715216 0.835798 0.707323 0.604119 0.602707
0.454292 0.618660 0.928365 1.127307 1.256801 1.377674 1.182189 0.852468 0.781599 0.635670
1.011492 1.194488 0.807839 0.911131 0.398056 0.833618 1.108747 1.268895 1.340950 1.618464
0.839889 0.531908 0.509335 0.454719 0.755744 0.847416 0.873109 1.102693 1.338057 0.540739
0.562487 0.584459 0.795338 1.654868 1.542394 0.814252 0.788706 1.034564 1.179435 1.172266
1.122169 0.796244 0.840038 0.387288 0.903682 1.297750 1.368227 1.288983 0.940011 0.361275
0.728690 0.189306 0.504749 0.898355 1.277405 1.505550 1.467924 1.409031 1.383608 1.369998
1.348972 1.342526 1.249938 1.274278 1.310771 1.391178 0.590400 0.130708 0.115525 0.980278
1.029375 0.972686 1.337652 1.097630 0.854125 0.591342 1.110483 0.464024 0.720792 0.741094
0.293326 0.409128 0.863068 1.212519 1.296283 1.456774 1.186755 0.540410 0.511940 0.227801
0.836098 0.984018 0.695530 0.820955 0.367188 0.499401 0.876990 1.097902 0.993501 1.421432
0.879794 0.667263 0.480258 0.416957 0.723294 0.993435 1.074888 1.154136 1.193283 0.568737
0.570922 0.804121 0.840023 1.369764 1.452255 1.095067 1.116042 1.175136 1.159459 1.107146
1.103317 0.749216 0.865103 0.532892 1.001722 1.176315 1.069646 1.111159 1.320594 0.731288
0.455690 0.294929 0.568211 0.920902 1.057228 1.091151 1.039152 1.132949 1.154881 1.191017
1.185959 1.152478 1.000647 1.065557 0.808408 0.930953 1.110366 0.848827 0.181949 0.863473
0.880871 0.582903 1.076659 1.073868 0.771047 0.522381 0.955707 0.543301 0.344634 0.791602
0.573410 0.274613 0.938209 1.149787 1.188724 1.129231 1.072161 0.871478 0.760392 0.344925
0.603372 0.360689 0.782896 0.759359 0.755551 0.745129 0.684627 0.918421 1.265683 0.958343
0.826099 0.757654 0.265897 0.709802 1.010169 1.263047 1.236022 1.242586 1.278876 0.558056
0.389858 0.824328 0.761417 0.857722 1.032764 1.029518 1.124864 1.152333 1.087709 0.923648
0.957259 0.911915 0.913719 1.082095 0.989384 1.144092 0.885157 0.695070 1.148604 0.868120
0.647240 0.439105 0.100055 0.641835 0.976145 1.155683 0.972053 0.634527 0.909664 1.129542
1.290259 1.198195 0.837512 0.663766 0.743604 0.538747 0.818647 0.780896 0.635887 0.811603
0.691326 0.504271 0.810029 0.663076 0.687014 0.425202 0.603533 0.866424 0.753944 1.490321
0.920404 0.026421 0.726485 1.045512 1.044896 1.059957 0.960731 0.800880 1.053615 0.658958
0.625905 0.175699 0.526326 0.519955 0.931968 0.844887 0.703873 1.013548 1.152026 0.846137
0.756030 0.635966 0.391434 0.903278 1.186457 1.468611 1.523588 1.349391 1.217196 0.545646
0.303256 0.628323 0.662696 0.869342 1.004692 1.219808 1.204847 0.900582 1.029228 1.094294
0.771369 0.891414 0.946334 1.115666 1.078562 0.976407 1.119451 0.384965 0.821832 1.082197
1.441846 0.604136 -0.236721 0.629995 1.076586 0.859596 0.602609 0.479085 0.989463 1.116899
0.859634 0.941398 0.712954 0.836851 0.927997 0.621648 0.342424 0.777959 0.953337 0.698054
0.722004 0.382350 0.775509 0.579886 0.679833 0.808690 0.798508 0.408722 1.091495 1.167333
1.019484 0.100371 0.414208 0.902755 0.924402 1.068739 0.803107 0.528847 0.865486 0.810826
0.766326 0.389381 0.705995 0.414692 0.499582 0.797244 0.861836 1.043892 1.132228 0.941231
0.849585 0.918774 0.956497 0.972181 1.194947 1.256254 1.455547 1.449744 1.194467 0.577634
0.291193 0.597811 0.816770 0.992492 1.228974 1.274718 1.143831 0.826346 0.955817 1.272229
0.883282 0.871461 1.149642 1.263902 1.109311 0.718850 1.139116 0.427053 0.531810 0.918603
1.431506 0.699474 -0.102293 0.741434 1.053853 0.678717 0.230448 0.629941 1.454762 1.215122
0.507015 0.525875 0.331906 0.920174 0.839766 0.623973 0.332129 0.878131 0.760793 0.610418
0.741260 0.635345 0.695165 0.456152 0.788977 1.285113 0.991839 0.136234 0.500589 0.883632
1.020079 0.605608 1.228115 0.627144 0.595220 0.816000 0.666183 0.516673 0.637002 0.573036
0.661854 0.597247 0.962385 0.628359 0.926442 0.575489 0.491595 0.736649 0.948856 1.038465
0.774831 1.027930 1.333906 1.106343 1.192719 1.398519 1.516073 1.425020 1.235810 0.578644
0.351428 0.710837 1.431249 1.048539 0.445548 0.930816 1.017994 1.026162 1.075829 1.198080
1.158326 1.208874 1.366866 1.267584 0.922956 0.712711 0.861013 0.717854 0.927778 0.877017
1.054800 1.039349 1.043800 0.973165 0.592824 0.628409 0.274761 0.853847 1.584519 1.222538
0.542402 0.335740 0.490135 0.931212 0.858684 0.479726 0.576352 0.990365 0.750514 0.568041
0.494612 0.547236 0.626536 0.360319 0.953536 1.429867 0.952346 0.191115 0.611666 0.575501
0.970357 0.790593 1.144429 0.755437 0.574080 0.519102 0.567661 0.484249 0.551272 0.557041
0.859650 1.079969 1.270727 0.956515 0.661285 0.399054 0.283891 0.700759 0.941209 1.098549
1.047516 0.892208 1.065877 1.352407 1.434384 1.684352 1.960216 1.637443 1.126374 0.533219
0.484655 1.136682 1.271966 1.002125 0.339410 0.679231 0.938395 1.005166 1.020047 1.065818
1.135249 1.248179 1.370973 1.189375 0.816598 0.594460 0.690379 0.927339 1.070353 1.058794
0.849575 1.179098 1.246791 1.206639 0.438531 0.252062 0.678176 1.146996 1.200777 1.240485
0.776923 0.572916 0.962647 0.949965 0.859062 0.481370 0.661509 0.661443 0.622509 0.645032
0.635478 0.655234 0.706801 0.599620 0.516624 0.740484 1.247784 0.810164 0.768150 0.611451
1.173243 0.851636 0.264055 0.758668 0.714386 0.624566 0.618730 0.413592 0.540615 0.791901
1.105205 1.362626 1.452132 0.888597 0.385265 0.370832 0.922528 0.919301 0.995264 1.226215
1.488183 1.119521 0.672920 0.919407 1.144768 1.586269 1.894320 1.729829 1.214886 0.553341
0.785570 0.904642 0.722680 0.837687 0.890881 1.037502 1.224027 1.141140 1.016072 1.102438
1.185812 1.063974 1.009002 1.058645 1.049005 0.775019 0.644096 0.857250 0.974026 1.023109
1.050373 1.093184 1.287961 1.171662 0.720998 0.524559 0.727931 1.217559 1.066121 0.925649
0.961179 0.567237 0.805198 0.964886 0.801364 0.640774 0.916261 0.589713 0.892878 0.913329
0.676525 0.832183 0.587082 0.490732 0.556735 0.225250 1.094828 0.962441 0.924694 0.741396
0.615427 0.870898 0.342845 0.472251 0.344687 0.719325 0.641953 0.621676 0.792005 0.902664
1.106346 1.330796 1.238997 0.920654 0.778386 1.028760 1.174284 0.936121 0.869333 1.259572
1.595639 1.478939 0.880556 1.066550 1.342396 1.766815 1.831352 1.599906 1.283467 0.579775
1.055871 0.651354 0.296074 0.582173 0.972670 1.434699 1.698505 1.522865 1.361792 1.296155
0.984878 0.838977 0.775727 0.918479 1.080271 0.887584 0.827529 0.993041 1.009122 0.995499
1.057565 1.064381 0.933964 0.896922 1.002613 0.896512 0.828485 1.073748 1.144561 0.876232
0.884307 1.023072 0.662477 0.641402 0.819180 0.722293 0.923381 0.852782 0.962542 1.158170
0.922239 0.878773 0.505521 0.147045 0.550589 0.365873 0.854590 1.160083 1.378802 0.821746
0.244953 1.296080 0.830794 0.470213 -0.141801 0.464591 0.745526 0.760161 0.834192 1.035923
1.200003 1.278470 1.144036 0.718476 0.697831 1.166045 1.253805 1.022171 0.966823 1.149205
1.424116 1.427332 1.193667 1.382846 2.015319 2.347046 2.127627 1.559865 1.157865 0.556709
0.877206 0.575739 0.537376 0.849038 1.204363 1.827527 2.022850 1.905323 1.896876 1.406605
0.671785 0.436860 0.666856 0.953776 1.044340 0.983933 0.986613 1.124330 1.208023 1.318671
1.410036 1.532530 1.212976 0.594006 0.706618 0.885774 0.988133 0.989449 1.069595 1.072610
0.822190 1.249037 0.856309 0.384760 0.683421 0.731887 0.925142 0.896170 0.996440 1.336888
1.112695 0.855109 0.426054 0.248265 0.348818 0.540996 0.921019 1.037163 1.389270 0.859076
0.098714 1.217118 1.019239 0.674678 -0.061573 0.460829 0.816908 1.025643 1.128273 0.991956
1.174857 1.214618 1.184219 0.994280 1.144795 1.357424 1.364207 1.370620 1.142766 1.081187
1.450153 1.319468 1.224161 1.623778 2.283595 2.606373 2.262630 1.601002 1.187939 0.555859
0.575896 0.568076 0.640759 0.830463 1.195312 1.564161 1.917050 2.017194 1.885619 1.348241
0.643745 0.508410 0.881200 1.057894 1.112148 1.180565 1.132229 1.218819 1.433305 1.770851
1.890223 1.789451 1.316901 0.447265 0.550270 1.020909 1.045168 0.874838 1.084653 1.289403
0.830351 0.761754 1.101456 0.751732 0.860280 0.485648 0.825856 0.996271 1.009973 1.210737
1.003228 0.932757 0.726381 0.852096 0.583019 0.447510 0.840588 0.917198 0.949048 0.879700
0.575844 0.917085 1.078672 1.061025 0.768163 0.933744 0.942207 0.762684 1.353684 0.923781
1.080108 1.115849 1.003770 1.212740 1.736674 1.634576 1.311377 1.394608 1.163371 1.277121
1.710322 1.415990 1.357970 1.599540 2.025513 1.992484 1.784174 1.747512 1.457960 0.510684
0.394567 0.469955 0.996012 1.681964 1.920332 1.588568 1.121496 1.333943 1.382787 1.271528
0.977810 0.886937 1.097234 1.223903 1.268545 1.284544 1.100367 1.195642 1.551643 1.834870
1.802798 1.619269 1.329638 0.527031 0.722879 1.161442 0.945053 0.757029 1.003527 1.272158
1.145918 0.888579 1.029927 1.064884 1.015015 0.662469 0.616644 0.921810 0.917702 0.976977
1.003863 1.022206 0.843551 0.970421 1.186497 1.359793 1.001957 0.770455 0.614082 0.522779
0.795251 0.831164 0.680995 0.658687 0.959211 1.201865 1.175202 0.471673 1.189377 1.150512
1.190934 1.028016 0.825683 1.554356 2.091640 1.937679 1.626425 1.399156 1.242947 1.215369
1.685651 1.475833 1.411630 1.747181 2.132394 2.032493 1.827258 1.743096 1.405804 0.479865
0.268723 0.430867 1.910067 2.414844 2.307749 1.630068 0.814241 0.685061 1.050019 0.991398
0.951929 1.176728 1.614020 1.647452 1.403009 1.205039 1.105740 1.203151 1.445545 1.768338
1.594077 1.079118 1.069327 0.774096 0.941366 1.125893 0.900966 0.768703 0.980893 1.227804
1.207764 1.026158 0.869181 1.006062 1.140232 1.036225 0.603166 0.806772 0.969935 0.902318
0.891873 0.894620 0.864203 1.017823 1.380165 1.854199 1.540804 1.099348 0.993051 0.908907
0.919202 1.109940 1.268623 1.435559 1.121040 0.646447 0.854003 0.691305 0.985684 1.249549
1.457577 1.117361 0.807975 1.570188 2.037484 1.895719 1.727970 1.543198 1.467431 1.343371
1.364946 1.467071 1.643740 2.082502 2.111270 1.826230 1.635061 1.705709 1.469644 0.479710
0.405924 1.026888 2.000761 1.907076 2.231649 1.881602 1.253340 0.523802 0.863972 1.130838
1.358937 1.842643 2.215229 2.029048 1.643712 1.645141 1.483749 1.121777 1.081459 1.259912
1.357371 1.070529 0.955555 0.908289 0.954341 0.942695 0.930348 0.989753 0.973175 1.141001
1.142076 1.041697 0.859322 0.980375 1.097599 1.154317 0.729415 0.784501 0.953981 0.958506
0.950277 0.979562 0.960186 1.140736 1.376538 1.831665 1.997853 1.727737 1.582379 1.565838
1.693270 1.992760 2.481931 2.119520 1.172368 0.511009 0.526937 0.778755 0.896617 1.281468
1.398317 1.183677 1.017579 1.646681 1.996788 2.012083 1.995219 2.144016 1.894465 1.456312
1.019332 1.467379 1.962883 2.311248 1.928142 1.388844 1.315608 1.360729 1.606437 0.533088
0.650318 1.446059 1.445238 1.027826 1.481036 2.126818 1.573248 0.724741 0.788228 1.193407
1.481451 1.783494 2.045562 2.042247 1.885718 1.979773 1.418259 0.761576 0.662586 0.868970
1.057446 1.132108 1.239228 1.188081 0.958621 0.860580 0.873751 0.944293 1.006610 1.113802
1.231827 0.929526 0.763113 0.879166 0.997414 1.135354 0.953559 1.017402 0.951584 0.883291
0.983203 1.029354 1.020227 1.132865 1.196872 1.199992 1.293178 1.588281 1.801144 1.706588
2.054072 2.166880 2.341579 1.986405 1.051943 0.593502 0.782269 1.029289 0.929092 1.012170
1.160567 1.090277 0.781813 1.491121 1.908245 2.135384 2.498122 2.873629 2.201554 1.463934
0.924542 1.576377 2.528206 2.258042 1.589123 1.127235 1.475526 1.261314 1.299190 0.545910
0.779759 1.466519 1.113849 0.824170 1.096415 1.453517 1.623747 1.170305 0.801040 1.420166
1.768272 2.027992 2.281284 2.155690 1.931347 1.510032 0.762213 0.428089 0.718779 0.926996
1.012900 1.102234 1.339278 1.360075 1.164347 1.025297 1.041720 1.013232 0.912315 1.133725
1.217119 1.001937 0.693739 0.768440 0.869052 0.933040 0.896283 0.997230 0.930411 0.904826
0.989279 1.010394 1.047576 1.235379 1.294395 1.229841 1.265912 1.330162 1.432531 1.454117
1.583020 1.352672 1.216518 1.517466 1.402562 1.025978 0.656503 0.581127 1.230435 0.981687
0.770285 1.186544 0.384467 0.689795 1.569552 2.230284 2.925091 3.016847 2.221869 1.416139
1.006908 1.604818 2.158922 1.967990 1.466790 1.364063 1.814909 1.427568 1.287632 0.546867
0.584178 1.092903 1.094915 0.903324 0.873612 1.156497 1.187893 1.170148 1.642701 1.723729
1.945695 2.297625 2.541014 2.253722 1.901754 1.470019 0.433869 -0.097934 0.584906 0.829121
1.079461 1.495845 1.448423 1.322814 1.306739 1.522390 1.565143 0.952859 0.814859 0.950909
1.038640 1.053987 0.951224 0.873469 0.744086 0.863239 0.945902 0.886003 0.794495 0.905769
0.901418 1.168122 1.331285 1.168610 1.082090 1.463890 1.415127 1.181313 0.988726 0.815859
0.944084 1.144799 0.915449 1.057371 1.660661 1.009564 0.438246 0.391795 1.706838 1.118866
0.314114 0.764921 0.333348 0.424732 1.223515 1.834128 2.362796 2.623560 2.127729 1.470624
1.174435 1.268124 1.470372 1.311100 1.001951 0.903951 1.578676 1.643697 1.399181 0.535797
0.105128 0.364053 0.714994 0.551490 0.881072 1.349465 1.391227 1.574664 1.588665 1.261976
1.600137 2.054508 2.485614 2.183052 1.944008 1.404211 0.365225 -0.257005 0.445852 0.814096
1.246124 1.566613 1.261175 1.000390 1.083789 1.509114 1.629279 1.130489 1.051059 1.091369
1.125771 1.085667 1.099856 1.018498 0.742296 0.905714 1.045615 0.904057 0.852154 1.099573
0.891588 0.830431 1.435694 1.123622 0.786160 1.408999 1.317739 0.706171 0.684554 0.928203
0.892766 1.100303 0.887827 0.844783 1.330330 1.005926 0.589208 0.849627 1.653390 1.232420
0.284977 0.421272 0.767162 0.842251 1.142379 1.329192 1.285064 1.378059 1.374610 1.151639
1.035676 0.782246 0.657342 0.490693 0.364119 0.603593 1.096504 1.293846 1.260326 0.544581
0.116759 0.403123 0.796479 1.031260 1.609428 2.012640 1.836883 1.752710 1.190035 0.631449
1.136044 2.029650 2.388800 1.869485 1.467011 1.298347 0.366430 0.309045 0.694154 0.975064
1.479985 1.732698 1.466476 1.343431 1.442092 1.438205 1.301447 1.261685 1.383698 1.491325
1.599327 1.560193 1.314571 0.896911 0.693320 0.903663 1.067637 1.069981 1.419783 1.073874
0.645952 0.689255 0.931632 0.967044 0.856748 0.931145 1.100696 0.682969 0.839221 1.097558
0.875395 0.940003 1.062676 1.077634 0.802342 0.872988 0.947039 0.899966 0.951301 0.921492
0.839386 0.746162 0.721462 0.844040 1.031496 1.018021 0.867436 0.704245 0.653582 0.687283
0.747798 0.700116 0.633809 0.755141 0.877921 0.983929 1.045375 1.058635 1.123930 0.587871
0.452273 0.886723 1.000602 1.740335 2.266030 2.360066 1.951821 1.485267 0.972397 0.538376
1.212188 2.014825 2.148630 1.704784 0.965523 0.878567 0.787950 1.039016 0.820408 1.286697
1.932680 2.013659 2.015102 2.014869 1.868418 1.643092 1.510229 1.636127 1.565628 1.753851
1.932022 1.714161 1.393008 1.028637 0.851324 0.970737 1.102088 1.303635 1.376481 1.028160
0.716955 0.937361 0.798566 0.893479 0.851701 0.628486 0.767910 0.988562 1.113745 0.939011
0.927350 1.126612 1.124052 0.978429 0.630551 0.746564 0.940833 0.908015 0.800180 0.716596
0.884943 1.007761 0.936609 1.006512 1.102654 1.161466 1.137630 0.835499 0.768998 0.858166
0.843237 0.897166 1.023008 1.129231 1.091149 1.123076 1.118913 1.036535 0.773364 0.308137
0.837373 1.550595 2.089718 3.022745 3.471339 3.259842 3.217221 3.795666 4.321378 4.520587
4.632268 4.763269 4.771362 4.672969 4.458769 4.121391 4.161752 4.829720 5.518846 5.809872
5.620507 5.231176 4.801843 4.499399 4.765240 5.298674 5.735558 6.047544 5.675518 4.740095
3.647898 2.711895 1.857301 2.353047 3.748747 4.324852 3.719602 2.709275 1.550678 0.532813
0.509983 1.426275 2.262064 3.054661 3.683855 3.868896 4.260139 4.749355 4.924856 4.893376
5.137369 5.410235 5.299800 5.007880 4.534764 4.024460 4.017432 5.234713 6.307453 6.565437
6.083461 5.364389 4.575809 3.988748 4.275185 5.222751 6.018761 6.342849 5.659207 4.655591
3.693566 2.726440 1.682068 1.115820 2.467392 3.920707 3.564017 2.556099 1.415281 0.506339
0.462716 1.745291 2.676432 3.197882 3.763577 4.156692 4.537925 4.813313 4.785015 4.836974
5.372151 5.681635 5.312030 4.829690 4.294226 3.631808 3.111224 3.965262 5.631948 6.215394
5.608464 4.839408 4.089096 3.244362 3.052807 3.778091 4.869903 5.632850 5.286329 4.530100
3.636520 2.549997 1.436002 0.587040 1.537453 3.160159 3.425805 2.562542 1.426064 0.526792
0.396484 2.018729 3.071497 3.478673 3.777426 3.867483 4.102281 4.474829 4.622069 4.797352
5.365312 5.679254 5.161702 4.675579 4.017647 3.133736 2.419618 2.551795 4.463436 5.478292
5.039122 4.536622 3.845393 2.887009 2.669484 3.431762 4.513535 5.521544 5.267830 4.475041
3.579009 2.514323 1.389562 0.553951 1.446915 3.024898 3.351129 2.544278 1.420637 0.536947
0.327346 2.108741 3.187447 3.308512 3.255729 3.125740 3.280640 3.906462 4.317947 4.391956
4.561954 4.862646 4.820581 4.535698 3.920172 3.013496 2.261076 2.214586 3.809489 4.928566
4.746363 4.396105 3.849797 3.196735 3.135645 3.520039 4.490904 5.349885 5.130441 4.385265
3.506755 2.453773 1.417725 0.595172 1.562615 2.999398 3.282963 2.523262 1.409400 0.535985
0.310378 2.024992 2.963003 2.757535 2.525645 2.375707 2.751139 3.638782 4.145310 3.929625
3.625778 3.709886 4.121638 4.251273 3.825485 3.137302 2.451447 2.528521 3.811939 4.494972
4.526047 4.361124 4.098881 3.864737 3.599213 3.374122 3.751080 4.825446 4.873799 4.300935
3.533124 2.518110 1.506557 0.637068 1.580620 2.909373 3.218695 2.510778 1.403650 0.530966
0.311588 1.992496 2.849207 2.415475 2.026588 2.006645 2.677575 3.791513 4.191701 3.753116
3.201828 3.077788 3.620779 3.988685 3.659104 2.991592 2.435791 2.943485 3.927236 4.322077
4.444903 4.459376 4.473517 4.338138 3.780896 3.151303 2.864012 4.238407 4.707648 4.229659
3.463509 2.419257 1.471893 0.500378 1.261266 2.712933 3.160204 2.513093 1.408989 0.527562
0.279246 1.953481 2.831339 2.376276 1.870217 2.088962 3.145307 4.085097 4.216392 3.794920
3.153651 2.978935 3.495172 3.822674 3.496835 2.872569 2.382487 2.985988 4.055203 4.486361
4.736199 4.769420 4.542757 4.235094 3.583524 2.745043 1.985456 2.788411 4.465638 4.173675
3.354286 2.269988 1.376782 0.324131 0.684826 2.254503 3.014162 2.477191 1.396557 0.524982
0.233565 1.896712 2.815107 2.373770 1.715616 2.047463 3.172491 3.790222 3.741165 3.457442
2.996285 2.960899 3.355753 3.576413 3.278867 2.740267 2.304657 2.679050 4.054015 4.849701
5.191349 5.005070 4.152179 3.936936 3.305872 2.316388 1.374474 0.986920 3.598069 4.066265
3.302793 2.191429 1.312563 0.349338 0.424400 1.803295 2.830998 2.418904 1.379290 0.524448
0.235749 1.897522 2.831018 2.341725 1.601084 1.189629 2.404543 3.135044 3.117376 2.883578
2.579924 2.564085 2.937376 3.206799 2.868061 2.321398 1.935109 1.873333 2.869831 4.104169
4.748447 4.807900 4.075201 3.990861 3.495850 2.484848 1.405702 0.985549 3.577023 4.023923
3.276538 2.190261 1.316955 0.376106 0.430625 1.777881 2.823000 2.406975 1.372923 0.522928
0.266072 1.943545 2.886876 2.232042 1.425608 0.621615 1.494451 2.326019 2.351450 2.151217
1.955416 1.942154 2.348447 2.546280 2.110135 1.469398 1.158148 1.203737 1.213357 2.211049
3.457615 4.123454 3.886762 3.878901 3.338380 2.472844 1.620715 1.836248 4.010490 4.017639
3.258149 2.191238 1.336751 0.378437 0.498705 2.101036 2.972185 2.437219 1.377127 0.519876
0.301339 1.970744 2.947343 2.180461 1.369619 0.507115 1.108368 1.942974 1.829600 1.707062
1.821047 1.982420 2.374595 2.506557 1.801893 1.002412 0.502161 0.798029 0.747187 1.099148
2.189532 3.624283 3.904948 3.894149 3.388549 2.679274 2.148303 3.353819 4.316976 4.084425
3.325701 2.283222 1.360470 0.408551 0.734825 2.451146 3.119277 2.457744 1.387572 0.517580
0.334794 1.976282 2.963620 2.165697 1.362488 0.592679 1.349052 1.966651 1.566391 1.327518
1.977287 2.290422 2.606956 2.448569 1.706169 0.814118 0.155825 0.428181 0.558877 0.825344
1.433307 3.350618 3.913958 3.724276 3.228434 2.621313 2.509070 3.729768 4.438096 4.178820
3.438278 2.346667 1.391969 0.503497 1.022916 2.625521 3.171018 2.455560 1.397677 0.517238
0.380625 1.993078 2.845107 2.094978 1.533741 1.179893 2.167581 2.217847 1.501423 0.948065
1.937547 2.522864 2.663558 2.401811 1.739604 0.812605 0.066186 0.276014 0.495650 0.746451
1.309553 3.231999 3.733274 3.430113 2.969698 2.363039 2.592025 3.987394 4.535347 4.217478
3.461865 2.408233 1.454472 0.551981 1.090282 2.572284 3.120624 2.444883 1.408796 0.519034
0.420888 2.035670 2.833149 2.257685 2.103353 2.581333 2.924133 2.403353 1.487509 0.701842
1.632027 2.626564 2.862873 2.613053 1.803809 0.850693 0.122912 0.338331 0.547182 0.811514
1.448695 3.195783 3.549346 3.166310 2.612036 2.198923 2.802036 4.332421 4.624164 4.169297
3.358555 2.294576 1.382888 0.391028 0.810382 2.112011 2.908287 2.412143 1.417439 0.520450
0.423741 2.050277 2.970659 2.623638 2.914674 3.475665 3.324381 2.493943 1.456320 0.502546
0.950707 2.332323 2.903733 2.797361 1.684095 0.904546 0.327589 0.468597 0.566397 0.876814
1.719828 3.164628 3.299890 2.917524 2.428478 2.308305 3.214607 4.625669 4.691917 4.138595
3.259413 2.189598 1.290572 0.312598 0.492359 1.362540 2.582711 2.348751 1.404021 0.521472
0.397264 2.088838 3.344204 3.271440 3.557986 3.871122 3.441777 2.482321 1.389146 0.325774
0.525665 1.754967 2.998092 3.047028 2.078989 1.252136 0.837381 0.771091 0.655448 1.048975
2.327245 3.429349 3.305707 2.875520 2.561058 2.621204 3.465887 4.599395 4.655606 4.137002
3.244046 2.174772 1.265294 0.357718 0.423108 1.052796 2.361932 2.303419 1.381518 0.523019
0.354621 2.039490 3.629214 3.945097 3.897406 3.967981 3.450072 2.458953 1.394854 0.259040
0.416475 1.714169 3.429419 3.618335 2.941036 2.166351 1.614029 1.331555 1.209541 1.768354
3.228869 3.815814 3.507182 3.073277 2.846291 2.955408 3.551286 4.447262 4.599077 4.164368
3.324762 2.250728 1.308402 0.374856 0.544315 1.199800 2.435606 2.341389 1.377989 0.523305
0.337652 1.826677 3.710596 4.502219 4.138177 3.983098 3.505388 2.445565 1.373183 0.235375
0.392715 2.509747 4.107558 4.308834 4.028278 3.545398 3.121023 2.874102 2.941901 3.428633
4.084992 4.214211 3.820889 3.366528 3.113606 3.156296 3.611837 4.362515 4.555808 4.192732
3.419798 2.343687 1.380744 0.442594 0.819852 1.625899 2.686186 2.444359 1.399190 0.522949
0.338669 1.534660 3.264827 4.449373 4.347775 4.054185 3.554061 2.498402 1.343547 0.374170
0.828695 3.422354 4.575307 4.578502 4.488834 4.332544 4.285356 4.236491 3.997150 3.958740
4.269374 4.396357 4.071360 3.632747 3.316702 3.292797 3.789287 4.517723 4.609947 4.217319
3.498633 2.500152 1.523216 0.621672 1.128585 2.056805 2.918222 2.544091 1.428598 0.524825
0.447066 1.390427 2.750100 3.832997 4.125264 3.991039 3.344735 2.300652 1.416415 0.806488
2.155672 4.409873 4.851669 4.704041 4.638188 4.514126 4.378651 4.123185 3.564116 3.071082
3.069444 3.877983 4.108392 3.832051 3.532037 3.482600 4.131787 4.837349 4.714490 4.216606
3.495620 2.518929 1.556180 0.658614 1.204734 2.066978 2.913334 2.538769 1.419866 0.525962
0.657907 1.048498 2.059968 2.514669 2.787623 2.783937 2.418472 1.780540 1.335060 1.640801
3.656948 4.969857 5.183650 5.073103 4.961386 4.846951 4.568480 4.206227 3.534147 2.744134
2.154995 3.124733 4.211800 4.162469 3.835865 3.843948 4.703286 5.288962 4.888830 4.243004
3.440367 2.425727 1.452056 0.527813 1.037802 1.793933 2.829464 2.491724 1.383446 0.522102
0.756865 0.502655 1.359902 1.449772 1.334478 1.483695 1.553744 1.228059 1.052507 2.073940
4.152544 5.309680 5.423219 5.316327 5.316463 5.404533 4.583612 4.025359 3.190485 2.326201
1.670903 2.292385 4.490591 4.594354 4.165553 4.288618 5.342311 5.814982 5.175227 4.363975
3.448941 2.377136 1.383150 0.429187 0.804711 1.912178 2.948217 2.489634 1.363501 0.512823
0.770211 0.400788 1.090788 1.032556 0.920052 0.763917 1.033711 0.958859 0.923215 1.657620
3.651243 4.866207 5.026304 4.991303 5.311182 5.647897 4.633592 4.013501 3.422529 2.652642
2.218015 3.732529 4.872847 4.729815 4.257010 4.401238 5.444942 5.842760 5.168278 4.361487
3.451383 2.342078 1.327810 0.372872 0.732896 2.434846 3.086941 2.413090 1.310690 0.504299
0.658233 0.427945 0.881510 0.776797 0.710549 0.435341 0.568361 0.707571 0.889544 1.166875
2.370565 4.263321 4.688765 4.454741 4.604491 4.823656 4.467299 4.012537 3.590209 3.247139
3.785396 4.903401 5.071917 4.649160 4.223798 4.281677 4.827110 5.054895 4.707954 4.220479
3.469523 2.386912 1.380655 0.437901 1.038795 2.954636 3.171600 2.299238 1.237378 0.486351
0.524574 0.588289 0.841388 0.687949 0.554211 0.288257 0.399753 0.550416 0.802659 0.823587
1.102832 3.422688 4.334267 4.300212 4.402905 4.282056 4.047444 3.878890 3.899832 4.110835
4.796940 5.259415 5.094811 4.672417 4.351201 4.435205 4.683305 4.848140 4.788589 4.315649
3.575393 2.626622 1.567292 0.850463 2.184399 3.215037 2.980307 2.029049 1.133002 0.475509
0.433152 0.775782 1.030438 0.799811 0.582364 0.256820 0.362136 0.553807 0.808589 0.687890
0.702749 2.844876 3.867494 3.767598 3.600416 3.322711 3.062863 2.855384 3.322552 3.929885
4.506792 4.791680 4.715963 4.500103 4.335661 4.504704 4.764908 4.934500 4.960272 4.362331
3.347429 2.397067 1.665385 1.786231 2.440911 2.790177 2.354995 1.527628 0.872496 0.442062
0.396799 0.861404 1.353266 1.065753 0.698073 0.275614 0.362743 0.773646 0.880616 0.615923
0.525084 2.526731 3.750791 3.862711 3.633137 3.139610 2.516610 1.882595 2.063741 3.023361
3.670312 3.817580 3.814076 3.911699 4.088541 4.317978 4.462973 4.507581 4.449484 3.832530
2.700188 1.747059 1.272074 1.688419 1.678827 1.604709 1.583581 1.085354 0.675711 0.374472
0.454966 0.964529 1.591157 1.261098 0.791939 0.366467 0.568986 1.064088 0.959451 0.508806
0.407934 2.194453 3.542733 3.847685 3.831643 3.068129 2.025498 1.266076 0.743568 1.606186
2.669671 2.879402 2.727275 2.736914 3.137281 3.662749 3.684978 3.549589 3.466928 2.969522
1.982059 1.198757 0.563765 1.197846 1.089542 0.520585 0.884811 0.917044 0.649199 0.389645
0.531927 1.097903 1.787761 1.602492 1.067612 0.669233 0.962347 1.220359 0.986455 0.431068
0.372696 1.605024 3.008532 3.403960 3.355907 2.677573 1.649022 1.051582 0.337254 0.647540
1.821305 2.072161 1.782486 1.596051 1.811820 2.579876 2.765630 2.459137 2.180318 1.877679
1.319919 0.925722 0.475638 1.163646 1.004717 0.367753 0.731470 1.092747 0.843836 0.429264
0.538102 1.157194 1.914782 1.945871 1.467647 1.169231 1.366664 1.261845 0.940703 0.409040
0.433924 0.905949 2.304208 2.657013 2.349482 1.862171 1.237689 0.864433 0.292392 0.574034
1.344605 1.477782 1.160736 0.914084 1.026897 1.375932 1.652572 1.480455 1.199092 1.015431
0.835066 0.760099 0.677032 1.257410 1.044919 0.421055 1.048349 1.674747 1.186185 0.494423
0.557601 1.147562 1.981360 2.257760 2.049649 1.911912 1.800888 1.459620 1.051785 0.650111
0.575324 0.452727 1.513772 1.699565 1.415064 0.879832 0.758103 0.730008 0.399530 0.630473
0.912077 0.939976 0.768614 0.557055 0.718588 0.779611 0.863776 0.787975 0.716556 0.668368
0.562992 0.616269 0.654982 1.286262 1.177337 0.859498 1.970912 2.172299 1.376567 0.516708
0.601033 1.144262 2.030852 2.767839 2.926465 2.746806 2.388742 1.986882 1.516953 0.963188
0.656335 0.505384 1.187709 1.290027 1.100207 0.450716 0.417575 0.654361 0.605887 0.680458
0.668409 0.603314 0.673635 0.448226 0.593575 0.681277 0.637135 0.450092 0.501923 0.633660
0.705694 0.781802 0.684803 1.307153 1.527315 2.225340 2.844466 2.465150 1.432658 0.519357
0.625453 1.155773 2.095705 2.999372 3.582927 3.581134 3.241252 2.858008 2.300643 1.512854
0.991721 0.847036 1.301778 1.255255 1.013632 0.439570 0.465821 0.796707 0.865278 0.812753
0.681893 0.452903 0.620817 0.536785 0.827344 0.799666 0.602619 0.335478 0.543246 0.901005
1.076508 1.137267 1.183221 1.901964 2.536049 3.644077 3.390190 2.571547 1.419758 0.519355
0.626062 1.238683 2.101191 3.068304 4.027905 4.248981 4.002814 3.603779 2.976476 2.233945
1.601655 1.460342 1.788592 1.735012 1.255426 0.738958 0.762065 1.098128 1.265779 1.123971
0.817162 0.461270 0.737084 1.071718 1.354639 1.093828 0.714439 0.382259 0.777499 1.340216
1.730341 2.063124 2.350049 3.353597 4.316842 4.378132 3.648977 2.614665 1.385837 0.518650
0.653040 1.400290 2.231198 3.502307 4.467609 4.549486 4.186774 4.017466 3.600781 3.007630
2.421736 2.534660 2.861233 2.737304 2.038312 1.538603 1.471177 1.795221 1.860915 1.575447
1.170107 0.970747 1.639900 2.327644 2.187207 1.521137 0.985343 0.492286 0.920496 1.906828
3.116948 3.443077 3.236007 4.051453 4.796753 4.518234 3.691381 2.578266 1.373716 0.518898
0.754810 1.663679 2.771590 4.188212 4.680144 4.364207 3.874430 4.121886 4.450341 4.420024
4.261910 4.344930 4.309307 3.947124 3.184709 2.578142 2.425239 2.767658 2.853481 2.594077
2.324050 2.716594 3.560468 3.476168 2.916764 2.090514 1.277783 0.572819 0.928860 2.775526
4.068069 3.994690 3.437124 3.544401 4.440865 4.481011 3.727658 2.577460 1.364377 0.515316
0.962965 2.046653 3.318160 4.461936 4.456938 3.925258 3.461717 4.188224 5.449265 5.920063
5.704947 5.365365 4.939121 4.393267 3.666955 3.216598 3.328543 3.696992 3.705674 3.557966
3.425155 3.722041 4.391241 4.045643 3.295135 2.430415 1.543108 0.927979 1.547573 3.647486
4.460607 4.275991 3.586395 3.149220 3.776212 4.178093 3.627889 2.547742 1.368153 0.520555
1.244261 2.513549 4.021371 4.705483 4.405061 3.731761 3.296006 4.646677 6.214202 6.753617
6.406526 6.033158 5.430286 4.763923 3.885810 3.477971 3.752835 4.260516 4.289160 4.158175
4.113811 4.482337 4.932306 4.664254 4.044863 3.117143 2.165172 2.156525 3.707188 4.664716
4.767677 4.429342 3.920001 3.725469 4.429482 4.276464 3.595765 2.612095 1.462201 0.539701
1.725547 3.388790 4.790066 5.192670 4.977635 4.251251 3.913837 5.365565 6.398940 6.782600
6.672598 6.407893 5.782829 5.274166 4.415438 3.752785 3.950705 4.387083 4.514958 4.321274
4.211470 4.389914 4.658082 4.666940 4.396944 3.787626 3.376758 3.956667 4.829673 5.140745
5.065114 4.830891 4.774666 5.023438 5.048911 4.706450 3.929699 2.903329 1.902807 0.545503
1.881430 2.343013 4.258626 5.050621 5.306595 5.322593 5.351902 5.426940 5.325279 5.490093
5.430740 5.029330 4.307529 3.800870 3.866693 3.487754 3.153965 2.350986 1.556897 0.665322
1.769104 1.974184 4.644827 5.879496 6.058490 5.932538 6.054555 6.363105 6.261022 6.380621
6.042220 5.412783 4.569689 3.909645 3.989006 3.617874 3.353527 2.471033 1.519836 0.530832
1.640261 1.777146 4.237908 5.495302 5.946068 5.733702 5.861805 6.351385 6.419756 6.492100
6.115717 5.377413 4.503150 3.773594 3.570991 3.131242 3.322254 2.466834 1.493735 0.502625
1.643043 1.865649 3.618563 4.698335 5.640521 5.182693 4.635698 4.796187 5.470582 5.876626
5.984565 5.242762 4.420279 3.630505 2.949147 2.317511 3.051310 2.436760 1.514443 0.511355
1.748116 2.078242 2.997200 3.178826 4.828988 4.071992 2.934786 2.224892 3.475540 5.144332
5.811372 5.177697 4.422361 3.579369 2.680127 1.910080 2.575851 2.390319 1.536233 0.514455
1.992253 2.620527 2.642906 2.154979 4.316911 3.376573 2.228442 1.235127 1.402868 3.773812
5.737708 5.339386 4.476335 3.556681 2.614294 1.763483 2.454269 2.383087 1.549131 0.513379
2.400112 3.208322 2.565795 1.703706 4.027146 3.211111 2.093439 1.058100 0.953273 2.459226
5.658761 5.502298 4.532884 3.551395 2.582095 1.698464 2.532119 2.406046 1.567575 0.511911
2.731993 3.439999 2.569868 1.573645 3.689118 3.435929 2.243537 1.262590 1.313810 2.739872
5.949647 5.586301 4.538065 3.546770 2.547333 1.619313 2.476340 2.413886 1.577819 0.504382
2.694464 3.486356 2.573817 1.597541 3.876452 4.750973 3.323547 2.489214 2.804761 4.236080
6.322081 5.615623 4.548958 3.538864 2.510301 1.537961 2.259957 2.393426 1.569765 0.495002
2.335965 3.537565 2.710424 2.036496 5.909761 6.496423 5.032877 4.334099 4.342236 5.444881
6.369793 5.548981 4.555466 3.534896 2.506903 1.496729 2.141251 2.384933 1.564338 0.493613
1.849208 3.263942 3.102837 3.721729 7.526501 7.632786 6.157906 5.354060 5.455600 6.375425
6.290152 5.496539 4.540113 3.535470 2.535490 1.547879 2.395418 2.426417 1.578416 0.501884
1.452340 2.340801 3.438144 5.760949 8.324387 8.321308 7.054534 6.336106 6.716054 7.036098
6.508438 5.599613 4.561749 3.590707 2.633716 1.833718 2.947684 2.500489 1.597647 0.508607
1.387686 1.670398 3.215543 6.535177 8.667190 8.642823 7.640153 6.971374 7.348957 7.399002
6.783766 6.204520 5.002470 4.079029 3.339278 2.761264 3.439043 2.570904 1.595314 0.502948
1.559998 1.650916 2.979775 5.657305 8.450623 8.548452 7.768975 7.037083 7.214594 7.287609
6.939887 6.986947 5.858761 5.252723 4.702500 4.051515 3.623396 2.593033 1.579769 0.483785
1.920503 2.218523 3.260250 4.572662 7.411326 7.888394 7.248687 6.356875 6.152539 6.375594
6.588947 7.119544 6.294021 6.048176 5.465128 4.587102 3.664750 2.612343 1.570986 0.457536
2.246630 3.283984 3.848329 4.543686 6.860395 7.039804 6.323982 5.368617 4.949657 5.139256
5.749732 6.421985 6.168866 6.297106 5.568224 4.637990 3.650666 2.603882 1.551776 0.439300
2.606812 4.165203 4.868781 5.600269 6.744432 6.535089 5.794998 5.003577 4.766428 4.967170
5.178877 5.568647 5.810965 6.203596 5.418400 4.587945 3.605383 2.599810 1.541402 0.433485
3.065582 4.558990 5.387666 5.821779 6.230173 6.105963 5.836358 5.506491 5.424942 5.579757
5.397677 5.370633 5.758260 6.181833 5.446116 4.577614 3.580886 2.594327 1.533623 0.428732
3.308651 4.621773 5.487155 5.669760 5.513901 5.447087 5.535499 5.632224 5.719438 5.455935
5.112891 5.137169 5.791058 6.191723 5.467895 4.495067 3.504273 2.574928 1.589055 0.480797
2.607654 3.687680 4.699376 4.730677 4.279905 4.129053 4.267504 4.486955 4.709304 4.456862
4.058638 4.207058 4.834449 4.951170 4.275327 3.348392 2.708460 2.002908 1.289057 0.653128
0.384259 0.059429 -0.066824 -0.100321 -0.074521 -0.048584 -0.080768 -0.136075 -0.151604 -0.142155
-0.138110 -0.143944 -0.137330 -0.104374 -0.096807 -0.133580 -0.151146 -0.114031 -0.059392 -0.015706
0.020750 0.051090 0.093389 0.159798 0.220037 0.221171 0.195051 0.136378 0.100608 0.142248
0.271236 0.364914 0.411237 0.412066 0.380793 0.290042 0.262771 0.216677 0.164247 0.150693
0.158650 0.153799 0.094869 0.046176 0.048265 0.048988 0.051634 0.069090 0.074502 0.052871
0.035113 0.051273 0.064056 0.049301 0.041166 0.019447 0.004839 -0.008571 0.011382 0.080622
0.145343 0.150876 0.213877 0.197258 0.097963 0.059100 0.045033 -0.013059 -0.076813 -0.105529
-0.126999 -0.144138 -0.150540 -0.137342 -0.129802 -0.120231 -0.111783 -0.120531 -0.092394 0.184124
0.856116 0.339758 0.265511 0.167409 0.175981 0.101487 0.102656 0.134124 0.103667 0.072649
0.051859 0.034009 0.062043 0.131896 0.161941 0.097651 0.080802 0.146590 0.291743 0.284715
0.151167 0.032089 -0.056044 -0.032296 0.139139 0.250280 0.220212 0.579598 0.606308 0.036845
-0.139591 0.007405 0.156107 0.164243 -0.079906 -0.130683 -0.129969 0.084959 0.170515 0.033243
-0.103247 -0.065372 0.091308 0.122760 -0.026428 -0.136086 -0.293952 -0.284814 -0.232361 -0.240680
-0.337353 -0.264850 0.060536 0.198137 0.030637 -0.045770 -0.162201 -0.240909 -0.031407 0.323129
0.514748 0.426779 -0.315875 0.032806 0.170360 -0.066845 -0.265527 -0.192265 -0.015417 0.103343
0.106256 0.087389 0.094827 0.145600 0.169095 0.189900 0.217351 0.116693 0.078512 0.361009
1.080845 0.337939 0.565752 0.370310 0.393747 0.401195 0.371656 0.355397 0.233397 0.121705
0.106115 0.039598 0.180656 0.369055 0.338436 0.022137 -0.162482 -0.084726 0.206257 0.227559
0.149452 -0.003544 -0.075854 -0.081344 -0.085706 -0.256260 -0.396358 -0.419824 -0.425548 -0.374491
-0.198044 0.001925 0.082053 0.099606 0.083224 0.178370 0.199212 -0.068031 -0.251073 -0.240804
-0.174520 -0.162895 -0.234237 -0.325829 -0.414006 -0.375057 -0.276360 -0.085360 0.229308 0.314925
0.024493 -0.200651 -0.206435 -0.279290 -0.239181 -0.299444 -0.418976 -0.518001 -0.717203 -0.724198
-0.464304 -0.410400 -0.226477 0.070179 0.018285 0.313255 0.520954 0.231105 -0.222855 -0.117318
-0.216234 -0.268632 -0.208378 0.022417 0.074047 0.182758 0.326402 0.305622 0.385931 0.744415
1.104696 0.419140 0.889690 0.801665 0.714493 0.654143 0.709657 0.855289 0.748559 0.607907
0.633923 0.857681 1.287249 1.409023 1.290833 0.833215 0.344226 0.280878 0.661854 0.841894
0.915336 0.898783 0.793725 0.688857 0.566136 0.339850 0.197127 0.140543 0.210536 0.351266
0.504045 0.710827 0.838618 0.868300 0.819418 0.725480 0.647560 0.467954 0.349523 0.351821
0.386826 0.397490 0.376107 0.304583 0.294493 0.413570 0.639967 0.964409 1.304195 1.374218
1.107038 0.622469 0.368397 0.432233 0.557238 0.563425 0.998374 1.158900 0.813816 0.390119
0.259958 0.420456 0.626846 0.840787 1.102334 1.431125 1.394919 0.720873 0.306456 0.816272
0.631388 0.559964 0.570002 0.735216 0.629178 0.628936 0.583230 0.456864 0.574911 0.922574
1.067481 0.242351 0.859566 0.790011 0.705723 0.711744 0.822656 1.011794 1.003775 0.844991
0.873879 1.114765 1.186212 1.102093 1.114565 1.061097 0.715766 0.531199 0.621447 0.903059
1.391121 1.578661 1.506190 1.329842 1.117623 0.798645 0.593429 0.535475 0.533119 0.589721
0.759359 1.010204 1.236676 1.414471 1.402672 1.104138 0.905249 0.740512 0.603726 0.623988
0.751192 0.800979 0.788830 0.770183 0.758592 0.840034 1.002205 1.327263 1.615682 1.663709
1.532829 0.929815 0.650286 0.850050 0.965240 1.032021 1.414379 1.438567 1.207899 0.908320
0.765164 0.746378 0.895116 1.353525 1.661187 1.694913 1.574268 1.083611 0.405806 1.361364
1.240729 1.227025 0.986844 1.131163 0.898171 0.821375 0.806887 0.716052 0.738650 0.955819
1.051823 0.131155 0.809475 0.638433 0.589044 0.559138 0.675458 0.757108 0.765831 0.663111
0.709541 1.001753 1.294218 1.187933 1.183536 0.996308 0.680616 0.557586 0.694010 1.088395
1.570209 1.669254 1.683526 1.649374 1.540625 1.290752 1.134963 1.209113 1.254219 1.348457
1.442401 1.544906 1.701425 1.842549 1.787313 1.388494 1.253848 1.213801 1.114760 1.107017
1.186596 1.303831 1.379161 1.426997 1.444726 1.445200 1.508247 1.643009 1.528016 1.305782
1.308269 1.291653 0.950771 1.330684 1.423327 1.385567 1.201622 1.080366 1.332831 1.459324
1.439576 1.384584 1.416346 1.380825 1.257256 1.192837 1.197916 1.106155 0.487543 1.471154
1.404137 1.172007 0.940727 1.179982 0.944516 0.815242 0.826074 0.733808 0.739737 0.935377
1.057485 0.212554 0.807008 0.542242 0.480033 0.513032 0.763915 0.800833 1.296334 1.244020
0.859221 0.460169 0.308095 0.265885 0.112577 0.274222 0.409876 0.475508 0.645274 0.961664
1.388183 1.421713 1.455369 1.535245 1.510802 1.406681 1.371801 1.451956 1.470301 1.534173
1.472893 1.358663 1.402517 1.567516 1.476037 1.314635 1.419823 1.464827 1.358164 1.213666
1.196370 1.342386 1.406080 1.337837 1.259130 1.214349 1.236233 1.312962 1.264723 0.902835
0.764820 0.879235 0.895550 1.234481 1.328242 1.141043 1.021055 0.843253 1.007703 1.270669
1.380198 1.240386 0.996905 0.803366 0.679688 0.662965 0.729047 0.802545 0.477421 1.376976
1.277107 0.935941 0.664840 1.071677 0.787374 0.683903 0.728874 0.706970 0.748265 0.910468
1.085261 0.343927 0.834680 0.587886 0.792937 1.088169 1.339072 1.347594 1.304063 1.416869
1.320221 1.114858 0.889215 0.832261 0.608501 0.593524 0.406325 0.217337 0.175078 0.318291
0.952271 1.385269 1.465656 1.333004 1.094577 0.923056 0.862444 0.910260 0.884883 0.933694
0.880900 0.843685 1.136482 1.316389 1.148342 0.917657 0.940749 1.000623 0.849156 0.698531
0.668024 0.765036 0.809742 0.861276 1.042462 1.175734 1.131194 0.921358 0.898040 0.864075
0.547579 0.518636 0.366166 0.710490 0.729936 0.424585 0.580805 0.801528 0.856452 0.841127
0.633618 0.394369 0.195674 0.434207 0.280357 0.251868 0.422177 0.528626 0.194353 0.980730
0.709901 0.283534 0.372768 0.812723 0.597578 0.549345 0.657157 0.714813 0.731775 0.875029
1.102008 0.477906 0.864277 0.581723 0.809084 0.808291 0.704422 0.701783 0.644506 0.916883
1.273474 1.292107 1.101466 0.954590 0.898918 1.070253 0.954121 0.622350 0.351364 0.258117
0.681815 1.063785 1.256930 1.241829 1.138937 0.967936 0.902388 0.927472 0.934627 0.967384
0.916137 1.007357 1.409875 1.544785 1.287750 0.730430 0.436820 0.577563 0.614790 0.527084
0.519449 0.713249 0.922546 1.104823 1.274060 1.248448 1.148782 1.035184 0.762212 0.594436
0.356728 -0.236465 -0.357571 0.212397 0.384522 0.177083 0.136543 0.192562 0.289518 0.470566
0.458271 0.342682 0.138925 0.341932 0.433467 0.475058 0.663423 0.314502 0.130249 0.810087
0.546860 0.241958 0.489271 0.931598 0.816316 0.683384 0.689666 0.709205 0.732564 0.898023
1.062694 0.546632 0.860844 0.574521 0.674826 0.600536 0.539442 0.767775 1.215932 1.584613
1.583515 1.531924 1.352283 1.375143 1.533784 1.631713 1.500248 1.200337 1.007371 0.885659
0.715395 0.719703 0.897246 1.001194 0.937521 0.949472 1.090294 1.217085 1.265157 1.313114
1.342447 1.461857 1.571378 1.473139 1.402570 1.024360 0.416763 0.593163 0.730891 0.704450
0.858145 1.089434 1.193580 1.209812 1.286203 1.204222 1.038101 0.997332 0.738822 0.372083
-0.081060 -0.469077 -0.359735 0.167367 0.331422 0.254508 0.209041 0.125275 0.194179 0.364582
0.389758 0.266586 0.084540 0.242779 0.735453 0.890098 0.733549 0.230178 0.148323 0.710844
0.488276 0.315333 0.608654 0.994375 0.965530 0.852629 0.779370 0.730124 0.712266 0.831254
1.018381 0.512734 0.785782 0.570373 0.553143 0.253662 0.303338 0.478007 0.892915 1.044067
0.996378 1.098969 1.060075 1.318414 1.589352 1.543636 1.332526 1.200943 1.203705 1.220478
0.982517 0.758194 0.804546 0.813477 0.893864 1.161063 1.234837 1.195852 1.125768 1.085317
1.057985 0.978643 0.853519 0.757502 0.734649 0.809832 0.515372 0.802807 0.943772 1.021768
1.231317 1.289700 1.161867 1.014695 0.902770 0.870672 0.842246 0.869009 0.936305 0.911802
0.893089 0.693540 0.387787 0.238966 0.316661 0.494107 0.638518 0.549693 0.389703 0.259857
0.195320 0.202955 0.094625 0.219387 0.883304 1.221015 1.074484 0.430882 0.120833 0.586707
0.384617 0.283987 0.481991 0.859273 0.940706 0.893714 0.874238 0.791526 0.724259 0.841396
0.985549 0.347552 0.739184 0.563090 0.552013 0.353723 0.206214 0.301579 0.680395 0.796896
0.908468 0.968710 0.936190 0.979821 1.106946 1.147872 1.042158 0.953459 1.030597 1.206128
1.096071 0.936857 0.992865 0.959395 1.184137 1.341932 1.304464 1.070299 0.795151 0.627596
0.551823 0.390630 0.222035 0.122518 0.121048 0.404413 0.281444 0.798170 0.981059 1.197389
1.324914 1.194876 0.895927 0.742469 0.620097 0.526389 0.633211 0.896798 1.054738 1.101056
1.280702 1.349295 1.128712 0.898871 0.783904 0.796982 0.987430 0.982796 0.692079 0.398230
0.293299 0.337995 0.387378 0.639715 1.194280 1.480797 1.280756 0.513883 0.053552 0.602349
0.475115 0.416457 0.453805 0.713590 0.781419 0.806567 0.877258 0.788408 0.733035 0.878369
0.970501 0.365735 0.759420 0.556877 0.526030 0.406051 0.207007 0.451533 1.035339 1.232762
1.243245 1.181413 0.965622 0.773221 0.685490 0.657224 0.600990 0.564723 0.622575 0.891331
0.870542 0.936427 1.001950 0.831068 0.849270 0.734395 0.866850 0.786519 0.351312 0.088771
0.012190 -0.024758 0.215857 0.376279 0.414287 -0.137411 -0.131983 0.731417 0.968595 1.228824
1.273454 1.010716 0.688234 0.557437 0.395305 0.224156 0.138814 0.417252 0.890675 1.279999
1.558802 1.501674 1.469711 1.320583 1.163634 1.024637 1.163164 1.205035 0.950450 0.671268
0.588427 0.641605 0.815778 1.191207 1.560841 1.660830 1.436355 0.584239 -0.035435 0.664185
0.655770 0.684594 0.548649 0.636935 0.574263 0.652745 0.804201 0.758973 0.746630 0.897988
0.970724 0.422629 0.710437 0.504827 0.507265 0.518604 0.735927 1.163902 1.375986 1.324012
1.147259 0.961059 0.713264 0.511092 0.512808 0.444648 0.220488 0.103172 0.453799 0.994461
1.304424 1.461093 1.493784 1.404397 1.137987 0.716262 0.702664 0.557557 0.105400 -0.138206
-0.161813 -0.314035 -0.246601 0.119686 0.341292 0.067212 0.185614 0.629484 0.715934 1.084236
1.271370 1.095192 0.637255 0.460918 0.240440 0.074616 0.060405 0.135708 0.136065 0.230329
0.878669 1.464538 1.562346 1.486880 1.265255 1.027855 1.199976 1.376268 1.215856 0.930292
0.881865 0.897488 1.095699 1.360002 1.599896 1.634686 1.393297 0.561144 -0.103474 0.632646
0.693449 0.711339 0.547113 0.747933 0.675394 0.676862 0.772552 0.792242 0.803427 0.923202
0.966632 0.427462 0.714319 0.660700 0.942390 1.073587 0.918767 0.776133 0.656114 0.616571
0.638534 0.620423 0.541891 0.443739 0.583406 0.568362 0.365444 0.384869 0.732076 0.837682
0.822925 0.850926 0.846331 0.778747 0.711171 0.714601 0.716278 0.716632 0.374170 0.207691
0.357922 0.540758 0.993928 1.043359 0.877442 0.938622 0.844757 0.668752 0.513590 0.844352
0.762978 0.892812 0.817561 0.557480 0.089723 -0.062325 0.186635 0.173716 0.532442 0.618736
0.367687 0.438952 0.624550 0.854278 0.705445 0.538503 0.836006 1.080555 0.938257 0.790064
0.827130 0.780637 0.826283 1.003568 1.568874 1.848748 1.733858 1.009650 0.028784 0.657063
0.512982 0.437531 0.534438 0.999972 1.054503 0.962958 0.880400 0.846704 0.778676 0.875995
0.968019 0.405087 0.834136 1.095870 1.212976 1.168847 0.857745 0.278897 -0.078177 -0.089644
0.154850 0.395561 0.389700 0.454422 0.607078 0.650499 0.562154 0.533517 0.588731 0.391989
0.152615 0.127475 0.126632 0.078520 0.075049 0.199885 0.403116 0.564559 0.368365 0.403388
0.681546 0.811765 0.925901 0.694459 0.419526 0.499464 0.685808 0.597212 0.408594 0.600666
0.430394 0.535502 0.681398 0.740691 0.550439 0.896246 0.980279 0.593653 1.094923 1.367266
1.246319 1.079982 1.023284 1.152055 0.942575 0.338900 0.376558 0.715782 0.737685 0.571084
0.507311 0.400111 0.423529 0.867817 1.528365 1.696568 1.632277 1.067881 0.161090 0.715359
0.567560 0.417743 0.608246 1.098522 1.184711 1.104826 0.956569 0.834748 0.715358 0.839260
0.972907 0.434626 0.745881 0.691347 0.582112 0.549634 0.705794 0.515380 0.226212 0.160516
0.298792 0.349658 0.234098 0.409993 0.692299 0.805642 0.783124 0.669857 0.542979 0.302934
0.110128 0.091100 0.112309 0.131747 0.163830 0.126944 0.283851 0.438955 0.498168 0.610050
0.760095 0.785874 0.757623 0.675601 0.557066 0.484526 0.586099 0.548806 0.384599 0.386289
0.464364 0.386651 0.572512 0.919344 1.361390 1.619173 1.521309 1.077310 1.576074 1.667326
1.646413 1.380917 1.243361 1.380044 1.244079 0.682494 0.192621 0.480315 0.553831 0.430267
0.319147 0.319054 0.566243 0.912697 1.160619 1.261993 1.265041 1.174104 0.338150 0.743133
0.693726 0.518984 0.685567 1.119175 1.157828 1.049198 0.887763 0.746386 0.674994 0.836900
0.985285 0.398774 0.619825 0.375185 0.206507 0.185370 0.235254 0.380594 0.151045 -0.099578
0.123325 0.432144 0.466938 0.597374 0.721997 0.756897 0.873530 0.898243 0.785704 0.535328
0.292694 0.421984 0.442425 0.406924 0.465629 0.466166 0.648698 0.714919 0.706633 0.631989
0.672165 0.658233 0.630586 0.593603 0.534407 0.454135 0.517468 0.501372 0.529081 0.554205
0.501462 0.340707 0.576127 0.820413 1.280157 1.570802 1.654952 1.426291 1.372617 1.298147
1.446744 1.641056 1.708341 1.696017 1.514161 1.115751 0.645671 0.693512 0.778605 0.675024
0.532399 0.503420 0.647356 0.708276 0.793313 0.837711 0.859744 0.911431 0.455901 0.714682
0.702509 0.630218 0.909443 1.141181 1.082968 0.825252 0.721704 0.656927 0.673230 0.811321
1.019247 0.368516 0.597206 0.414122 0.419144 0.373424 0.341390 0.257555 0.314913 0.540941
0.961972 1.034982 0.758670 0.686569 0.663503 0.700520 0.873760 0.993905 1.013403 0.982867
0.925834 0.782226 0.661238 0.664637 0.788546 0.853917 0.784392 0.679648 0.622875 0.608085
0.642628 0.616785 0.616361 0.635828 0.630692 0.573773 0.600059 0.589319 0.690925 0.664120
0.584028 0.451619 0.517483 0.589489 0.761488 0.879500 0.953440 0.924346 0.779750 0.721940
0.798638 0.926223 0.975240 0.897522 0.754528 0.698674 0.607897 0.816366 0.965682 0.838668
0.652451 0.514224 0.495806 0.455327 0.450769 0.432354 0.468982 0.618786 0.377732 0.611968
0.638906 0.669139 0.799232 0.964718 0.982173 0.767508 0.672562 0.663227 0.698175 0.817544
1.018294 0.403511 0.706328 0.386503 0.398245 0.428173 0.349108 0.431580 1.148820 1.515025
1.429965 1.068322 0.808487 0.880129 0.685659 0.674785 0.929286 1.024634 1.081488 0.989093
0.796432 0.549855 0.505333 0.518113 0.543350 0.560518 0.602318 0.602083 0.603941 0.604935
0.617180 0.626340 0.624518 0.680228 0.825394 0.916759 0.915008 0.883493 0.760157 0.629977
0.571812 0.498584 0.420082 0.296825 0.225877 0.143141 0.152176 0.148243 0.082149 0.074105
0.122800 0.202862 0.265236 0.234442 0.140900 0.267827 0.262649 0.646539 0.794973 0.620777
0.433763 0.316579 0.353783 0.279637 0.213394 0.210597 0.275508 0.471147 0.187791 0.502912
0.554066 0.550552 0.597700 0.797772 0.816798 0.659493 0.689190 0.726823 0.727293 0.847065
0.985388 0.361346 0.819249 0.603817 0.400063 0.342082 0.347448 0.808195 1.163295 1.282807
1.209788 1.060732 0.740936 0.959611 0.678389 0.644755 0.911492 0.990942 0.910196 0.740867
0.568975 0.503022 0.502847 0.510204 0.462523 0.502231 0.569723 0.618167 0.648338 0.637571
0.633512 0.600172 0.555177 0.573438 0.625417 0.801063 1.026668 1.066399 0.889321 0.699476
0.572379 0.467772 0.361728 0.162665 0.191884 0.069935 0.067802 0.005541 -0.036475 -0.029269
0.002372 -0.050640 -0.021912 0.192134 0.227521 -0.211245 -0.148162 0.472230 0.672616 0.523846
0.345681 0.242964 0.275768 0.194549 0.202443 0.269094 0.340943 0.447945 0.146066 0.471972
0.478077 0.432701 0.400321 0.587306 0.620259 0.589910 0.720403 0.739565 0.744724 0.884907
0.981704 0.259240 0.868408 0.656547 0.430789 0.359076 0.437973 0.699930 1.116723 1.295184
1.163826 0.877425 0.343715 0.823384 0.608584 0.486319 0.730067 0.982537 0.830902 0.517912
0.325969 0.409532 0.521098 0.542005 0.493985 0.528267 0.583989 0.629853 0.659087 0.674386
0.652016 0.610104 0.582896 0.534225 0.511115 0.663745 0.886220 0.920949 0.906081 0.792559
0.666025 0.571750 0.552656 0.622798 0.680031 0.377072 -0.003487 -0.121133 -0.127810 -0.114669
-0.221695 -0.429911 -0.456696 -0.405239 -0.493461 -0.588351 -0.235801 0.305570 0.487932 0.404123
0.186979 0.099418 0.230342 0.264508 0.401873 0.507825 0.524024 0.538962 0.179988 0.488913
0.479115 0.430779 0.404714 0.508280 0.605141 0.672157 0.788195 0.741293 0.690406 0.763904
0.992856 0.277633 0.903414 0.758500 0.561349 0.446790 0.509261 0.632071 1.370852 1.705290
1.577859 0.732348 0.281919 0.867761 0.557338 0.340181 0.449922 0.834780 0.890171 0.642001
0.407628 0.494801 0.618950 0.640758 0.594448 0.625256 0.675408 0.757568 0.809415 0.788701
0.734258 0.677130 0.664410 0.565812 0.489543 0.572040 0.622202 0.536836 0.635374 0.666927
0.651935 0.636539 0.639485 0.694019 0.652144 0.723191 0.682347 0.550264 0.255155 0.032980
-0.055394 0.004537 0.427461 0.787919 0.882488 0.912853 0.598924 0.317642 0.233622 0.216028
0.087995 0.123184 0.324443 0.388048 0.362853 0.350283 0.335672 0.404475 0.294834 0.542201
0.562373 0.565427 0.551009 0.561548 0.615864 0.680678 0.805207 0.776601 0.712020 0.798468
1.055156 0.515848 0.901023 0.820622 0.665807 0.574339 0.658226 0.837401 1.343728 1.539984
1.500716 1.164611 0.596568 1.154417 1.001960 0.656958 0.687908 1.052193 1.032090 0.785095
0.575717 0.618447 0.588397 0.603059 0.623881 0.616314 0.679931 0.743613 0.823562 0.882721
0.919261 0.872827 0.821553 0.700718 0.592443 0.524252 0.438340 0.332234 0.459299 0.589615
0.673960 0.672752 0.514350 0.345003 0.173219 0.265994 0.489290 0.656610 0.641912 0.491302
0.479672 0.809584 1.260958 1.400655 1.409340 1.335532 0.999193 0.735773 0.738276 0.836682
0.840041 0.685355 0.420847 0.308448 0.306772 0.061720 0.036995 0.244075 0.288930 0.596493
0.652085 0.698433 0.679594 0.649568 0.665245 0.754625 0.863697 0.852782 0.766330 0.849762
0.987854 0.564429 0.837646 0.809571 0.671908 0.584004 0.623320 0.632491 0.854141 0.917079
0.911580 0.968881 0.784407 1.198697 1.243081 0.978707 0.833987 1.119489 1.047709 0.819922
0.632969 0.598768 0.537983 0.532571 0.626410 0.661497 0.666198 0.749690 0.887666 0.858355
1.428729 1.437724 1.011534 0.838351 0.753854 0.626295 0.492674 0.406834 0.518961 0.581251
0.486925 0.432412 0.425984 0.323043 0.243509 0.305949 0.400041 0.689465 0.911874 1.038095
1.032136 1.220751 1.393783 1.404241 1.331154 1.282109 1.260948 1.103423 1.103265 1.237372
1.319817 1.275045 0.947677 0.194888 -0.084261 0.342666 0.367027 0.159485 0.307891 0.629313
0.718445 0.685660 0.627916 0.636668 0.656696 0.729618 0.775533 0.811400 0.775877 0.860838
0.954549 0.378698 0.784029 0.738012 0.593410 0.605075 0.520564 0.328341 0.282536 0.257736
0.267312 0.437778 0.680458 1.047874 1.113882 0.913149 0.789081 1.064371 0.982374 0.734954
0.606584 0.570402 0.524986 0.547869 0.596718 0.635824 0.692937 0.803815 0.964653 1.288619
1.699475 1.807766 1.406257 0.769828 0.724104 0.646819 0.573165 0.558287 0.564921 0.490921
0.416065 0.375580 0.433399 0.471810 0.467099 0.372236 0.362552 0.577426 0.898139 1.201070
1.061071 1.130819 1.467665 1.380712 1.154461 1.107758 1.127518 1.043293 1.237743 1.388277
1.408299 1.274083 1.093211 0.638836 -0.015586 -0.191148 -0.136591 -0.072971 0.291915 0.646692
0.731542 0.654193 0.584388 0.584473 0.604520 0.661716 0.659191 0.589752 0.660568 0.871846
1.021630 0.389820 0.791401 0.657897 0.558758 0.578030 0.488162 0.228588 0.234927 0.232402
0.283923 0.440225 0.369406 0.858289 0.962205 0.600190 0.581718 0.956596 0.903446 0.698982
0.619947 0.518317 0.491341 0.516172 0.543673 0.555272 0.623595 0.737132 0.804645 1.357049
1.845375 2.007430 1.582710 0.588903 0.802936 0.589135 0.525274 0.497325 0.445048 0.414010
0.412446 0.465078 0.534964 0.589939 0.631255 0.637641 0.482559 0.389916 0.563927 0.805646
0.680784 0.627112 0.889180 1.331256 1.250988 0.651398 0.534206 0.731736 1.013413 1.074491
1.135753 1.145809 1.227701 1.060267 0.898537 0.871016 0.566681 0.343572 0.365259 0.596317
0.672380 0.614405 0.562228 0.588758 0.604524 0.677969 0.727474 0.689680 0.718837 0.927700
1.064003 0.582676 0.818947 0.665640 0.542183 0.495630 0.494402 0.341874 0.614590 0.755138
0.711840 0.578108 0.264068 0.767545 0.628084 0.221569 0.448480 0.887167 0.853180 0.691737
0.594285 0.477799 0.457498 0.447806 0.444038 0.496731 0.543955 0.666017 0.666618 1.414259
1.589957 1.610616 1.535061 0.581208 0.772482 0.589257 0.471702 0.428282 0.426127 0.465591
0.546367 0.649252 0.713580 0.646330 0.565492 0.631181 0.776047 1.052125 1.219731 1.242975
1.294722 1.169337 1.132106 1.185981 0.817071 0.139455 0.349725 0.715139 0.860924 0.679062
0.574835 0.798047 1.130836 1.302728 1.423560 1.416812 1.110528 0.679356 0.467024 0.570877
0.595840 0.576698 0.572725 0.595381 0.614830 0.722465 0.805767 0.792294 0.822616 1.009735
0.954762 0.450794 0.825537 0.731785 0.511033 0.441388 0.491653 0.452545 0.690987 0.769394
0.784754 0.686751 0.745074 1.005374 0.889447 0.324200 0.455440 0.794395 0.829891 0.671904
0.524807 0.452568 0.401125 0.364000 0.354126 0.388801 0.449716 0.490048 0.498999 0.707675
0.791968 0.791252 0.778405 0.532715 0.628506 0.527575 0.432114 0.413283 0.447676 0.479581
0.510500 0.530703 0.500103 0.551320 0.554518 0.571116 0.700059 0.928152 1.199620 1.396495
1.449547 1.390716 1.279340 1.186363 0.981445 0.473760 0.389344 0.503302 0.535674 0.354018
0.287503 0.560223 0.913445 1.088370 1.184424 1.330254 1.349803 1.011786 0.590845 0.587724
0.552012 0.582485 0.597693 0.612205 0.642707 0.791316 0.937327 0.969443 0.919186 1.062922
0.965882 0.208111 0.816277 0.766757 0.557359 0.495399 0.466868 0.449156 0.853738 1.001422
1.023772 0.643942 0.726069 0.992091 0.728946 0.083776 0.214288 0.498120 0.695080 0.644320
0.541816 0.487671 0.483050 0.413013 0.385477 0.360564 0.325014 0.306886 0.223767 0.089798
0.050902 -0.034597 -0.015013 0.232430 0.442380 0.467499 0.433736 0.443241 0.454894 0.430765
0.389715 0.335810 0.350694 0.364316 0.458069 0.470036 0.534514 0.674514 0.857694 1.038076
1.128423 1.119454 1.094847 1.108892 0.928328 0.536206 0.398522 0.470121 0.495692 0.346194
0.244671 0.290800 0.503677 0.788055 1.181690 1.399616 1.373395 0.910256 0.540628 0.550928
0.544445 0.610898 0.616830 0.631547 0.691781 0.858858 0.973827 1.002579 0.978033 1.084963
0.962078 0.217046 0.802731 0.772407 0.622006 0.537671 0.517872 0.565905 0.947313 1.212819
1.257842 0.724353 0.250800 -0.060720 -0.325729 -0.012522 0.552032 0.864690 0.944514 0.783786
0.575611 0.557061 0.506346 0.412400 0.380455 0.327033 0.301294 0.267039 0.254639 -0.044138
-0.307241 -0.387452 -0.173823 0.169354 0.341940 0.442020 0.502920 0.551975 0.498622 0.419859
0.366343 0.296302 0.345063 0.431265 0.510618 0.462654 0.360271 0.523248 0.765391 0.928385
1.037981 1.080715 0.982737 0.776140 0.617713 0.533917 0.570573 0.614895 0.596999 0.435654
0.294640 0.135243 0.028006 0.600440 1.374661 1.621128 1.561727 0.982643 0.405900 0.495262
0.552897 0.695805 0.655956 0.661025 0.715385 0.795312 0.772001 0.766692 0.853255 0.984644
1.003133 0.411943 0.745836 0.689167 0.604159 0.553320 0.526998 0.519960 1.035491 1.380447
1.347355 1.083387 0.635006 0.365960 0.473313 0.757842 1.049398 1.348105 1.344890 0.924701
0.621069 0.597673 0.500563 0.445032 0.408316 0.372153 0.371885 0.367999 0.249420 0.213355
0.084130 0.016947 0.116860 0.266222 0.433189 0.607019 0.730389 0.716174 0.641376 0.593256
0.475949 0.413370 0.447180 0.594189 0.689928 0.613306 0.493994 0.495688 0.742090 0.888418
0.985167 0.889638 0.470789 0.394883 0.449034 0.581656 0.663784 0.677351 0.578797 0.402688
0.324914 0.205852 0.326106 0.952259 1.208030 1.259941 1.244187 1.065228 0.337192 0.654650
0.707361 0.791377 0.713326 0.728178 0.730533 0.713228 0.566382 0.446825 0.547964 0.798390
1.022825 0.397610 0.720911 0.623676 0.609503 0.594178 0.557333 0.495832 1.094960 1.431533
1.473344 1.277424 0.884520 0.730039 0.945795 1.241667 1.450241 1.594112 1.487640 1.074005
0.539629 0.604664 0.460892 0.405114 0.393556 0.393886 0.383722 0.370129 0.336432 0.300384
0.312904 0.319795 0.318541 0.312438 0.444965 0.699287 0.813508 0.684806 0.561694 0.533714
0.513469 0.464616 0.479402 0.555751 0.632402 0.647334 0.590675 0.651543 0.787746 0.774741
0.567817 0.426702 0.297942 0.386212 0.499351 0.661442 0.766290 0.778146 0.633674 0.494364
0.460040 0.435865 0.668375 0.827904 0.775731 0.776017 0.816179 0.893727 0.469663 0.799466
0.812901 0.752753 0.680931 0.718284 0.728359 0.692536 0.546868 0.403551 0.472663 0.735753
0.971935 0.341241 0.791254 0.693951 0.658343 0.585466 0.601915 0.717146 1.070812 1.264376
1.396103 1.467299 1.306815 1.271199 1.449438 1.589228 1.645563 1.664261 1.530479 0.923636
0.398960 0.593893 0.461642 0.397620 0.430361 0.494758 0.544437 0.499694 0.484090 0.497383
0.444480 0.442638 0.464958 0.443869 0.403027 0.200460 0.065791 0.262515 0.415415 0.350289
0.430582 0.492244 0.489665 0.501383 0.544644 0.610370 0.578269 0.624417 0.795678 0.737993
0.537712 0.463249 0.428228 0.501615 0.593712 0.747555 0.845199 0.829729 0.811105 0.799788
0.758786 0.594016 0.649867 0.636987 0.506814 0.466203 0.536816 0.683276 0.495297 0.805523
0.763176 0.594588 0.553213 0.610973 0.660500 0.675764 0.633927 0.588675 0.638802 0.799619
0.964473 0.368880 0.820571 0.715234 0.599240 0.460898 0.410321 0.390492 0.465471 0.612992
0.844651 1.046376 1.078857 1.095882 1.216028 1.355190 1.429176 1.410697 1.192917 0.493761
0.222169 0.587252 0.488250 0.420706 0.396234 0.402975 0.421766 0.438509 0.406671 0.343281
0.357063 0.387567 0.358664 0.395903 0.399100 0.220509 0.016594 0.109683 0.258868 0.374824
0.427981 0.439833 0.433401 0.454273 0.525238 0.593274 0.598051 0.618872 0.722575 0.698265
0.832561 0.729338 0.623331 0.541366 0.549617 0.580052 0.572659 0.599609 0.768410 0.809634
0.717401 0.528913 0.548505 0.494500 0.332039 0.248317 0.264174 0.399921 0.405131 0.672559
0.606155 0.492630 0.474701 0.545466 0.576941 0.595892 0.601257 0.614727 0.663881 0.758910
0.965436 0.342076 0.787393 0.711431 0.585840 0.432311 0.309299 0.115493 0.039088 0.273062
0.707557 0.981293 0.724598 0.673866 0.863834 1.098731 1.409768 1.489776 1.322697 0.772022
0.188157 0.596854 0.516550 0.462759 0.408351 0.390310 0.368424 0.351169 0.370080 0.368318
0.352725 0.357652 0.375580 0.410632 0.410009 0.421106 0.413334 0.417349 0.417699 0.391046
0.339064 0.370900 0.421291 0.457606 0.539204 0.600119 0.632782 0.701260 0.751580 0.755576
0.988657 1.044750 1.064906 1.073327 1.098103 1.036907 0.810753 0.593969 0.612980 0.606581
0.517928 0.349765 0.350804 0.361983 0.025143 -0.106623 -0.073322 0.125274 0.203328 0.515914
0.468665 0.448549 0.462417 0.518109 0.548120 0.542825 0.525774 0.578194 0.640265 0.705935
0.984967 0.216916 0.777767 0.687567 0.530848 0.434194 0.410181 0.234703 0.232808 0.044580
0.169477 0.421099 0.077611 -0.090653 0.163088 0.794468 1.390679 1.569458 1.478981 0.855586
0.225170 0.591894 0.504907 0.504448 0.481723 0.507804 0.544352 0.554492 0.557633 0.572928
0.549625 0.522032 0.519889 0.521343 0.565829 0.656074 0.609293 0.524054 0.509232 0.416534
0.352183 0.375525 0.453706 0.499586 0.585665 0.618983 0.684899 0.810152 0.867999 0.788508
1.007141 1.088943 1.142349 1.213060 1.248148 1.203521 1.033067 0.829131 0.699894 0.526195
0.342191 0.194278 0.027853 -0.017516 0.118655 0.082045 0.099759 0.136621 0.068756 0.395089
0.423436 0.483612 0.473762 0.543809 0.604287 0.600795 0.546472 0.582152 0.724676 0.788695
1.018350 0.216612 0.808874 0.648992 0.534654 0.537943 0.653804 0.557693 0.355895 0.105162
0.475767 0.710730 0.437810 0.452989 0.830711 1.120946 1.230659 1.220338 1.252467 1.020428
0.379845 0.523911 0.450394 0.504463 0.468952 0.505841 0.608757 0.629702 0.634265 0.736543
0.685067 0.624097 0.615549 0.611452 0.682578 0.635785 0.509983 0.444979 0.459816 0.486282
0.473787 0.454280 0.502335 0.526335 0.603255 0.639099 0.727986 0.841661 0.882995 0.738923
0.915839 1.020391 1.239147 1.336979 1.302456 1.210607 1.063308 0.917392 0.804480 0.648538
0.398318 0.267516 0.084140 -0.048757 0.165891 0.415240 0.340374 0.022182 0.025603 0.352848
0.518253 0.556480 0.499171 0.668011 0.807670 0.784512 0.635946 0.562656 0.548269 0.661812
1.013777 0.357664 0.898441 0.769922 0.660125 0.654918 0.765769 0.798479 0.826530 0.741491
0.769334 0.801057 0.763154 0.710652 0.709676 0.690052 0.665913 0.652054 0.658577 0.653294
0.451773 0.412684 0.299065 0.327707 0.265180 0.398360 0.499311 0.646195 0.922130 1.028498
0.847246 0.672435 0.712782 0.809502 1.002475 0.921091 0.668842 0.600743 0.623044 0.645654
0.645174 0.575883 0.603475 0.601575 0.626244 0.648826 0.752349 0.887191 0.934962 0.613697
0.591020 0.640852 0.616404 0.673631 0.809078 0.781869 0.707494 0.759345 0.817895 0.699104
0.436845 0.380785 0.360326 0.601742 1.101476 1.226361 0.968662 0.446965 0.148694 0.472769
0.690877 0.698601 0.669462 0.901456 0.898335 0.768251 0.660576 0.595306 0.512192 0.639769
0.989939 0.393954 0.919217 0.823814 0.722101 0.621824 0.685613 0.780749 0.824149 0.651862
0.585361 0.658515 0.511317 0.191416 0.016174 -0.062969 -0.062122 -0.046449 0.000215 0.270551
0.339906 0.505118 0.700758 0.741076 0.771943 0.847613 0.938531 1.014109 1.293845 1.405781
1.274638 1.064024 1.065477 1.258909 1.358951 1.132905 0.847361 0.779436 0.863702 0.885856
0.877600 0.766196 0.765062 0.768726 0.772854 0.763066 0.888030 1.080673 1.215184 0.928520
0.611136 0.469365 0.278281 0.259993 0.503985 0.819133 1.144990 1.280619 1.207868 0.984295
0.595806 0.503047 0.540274 0.652204 1.096882 1.368548 1.325192 0.828928 0.425323 0.665113
0.828131 0.935099 0.974860 0.990503 0.841969 0.749186 0.684700 0.650655 0.607539 0.736748
0.910530 0.345669 0.861789 0.797870 0.803056 0.623181 0.529781 0.629876 0.698663 0.550830
0.384670 0.125820 -0.165564 -0.240018 -0.141255 -0.121380 -0.152030 -0.108676 0.077021 0.126782
0.501668 1.064701 1.264855 1.227979 1.176278 1.180638 1.119719 1.196788 1.377638 1.362090
1.358142 1.287524 1.264715 1.327535 1.275186 1.081259 1.003563 0.889515 0.858397 1.025847
0.960482 0.809044 0.788708 0.818635 0.844439 0.875926 1.038344 1.208276 1.351978 1.281561
0.951395 0.707382 0.385492 0.335248 0.622891 1.061859 1.304937 1.293528 1.254767 1.044784
0.606022 0.514239 0.380411 0.395483 1.184903 1.411925 1.255668 1.041867 0.566643 0.945478
1.052058 0.893215 0.788894 0.714249 0.682629 0.719256 0.784123 0.812000 0.854887 0.857477
0.715503 0.225912 0.652549 0.590910 0.724469 0.607847 0.400608 0.520834 0.725633 0.640226
0.513406 0.551612 0.458536 0.144432 -0.134838 -0.388947 -0.271481 -0.233261 -0.171270 0.137629
0.952111 1.332961 1.451245 1.462455 1.454661 1.441569 1.393067 1.307883 1.159642 1.020041
1.113495 1.262326 1.326172 1.441278 1.348375 0.741590 0.520156 0.532106 0.584450 0.704801
0.614003 0.468152 0.516974 0.581536 0.692764 0.807010 0.989968 1.189412 1.326938 1.315322
1.160853 1.048249 0.732099 0.625644 0.854361 1.219559 1.298263 1.211233 1.174495 0.836238
0.547965 0.542158 0.288625 0.562567 1.313047 1.450162 1.272831 0.890749 0.594572 1.090543
1.048768 0.822862 0.665813 0.632328 0.596371 0.623028 0.765798 0.778082 0.658878 0.802596
0.717707 0.484797 0.607927 0.547644 0.748910 0.730726 0.632386 0.849386 1.012218 1.223256
1.203047 1.167257 1.201715 1.280944 1.337978 1.206133 0.198649 -0.290384 -0.066330 0.477043
0.989231 1.057883 1.031122 0.970538 0.962749 1.021580 1.114884 1.060442 0.968805 0.988601
1.083374 0.937680 0.719088 0.410019 0.062193 -0.110417 0.105671 0.203213 0.130023 0.038798
0.165689 0.374026 0.398912 0.357053 0.405941 0.524222 0.771797 1.081861 1.320678 1.301306
1.325216 1.212280 0.845401 0.614765 0.729884 0.993058 1.218970 1.153253 0.871303 0.604902
0.560022 0.482913 0.439812 1.073432 1.490044 1.517624 1.394846 0.775053 0.525043 1.094363
0.974974 0.695109 0.495492 0.567662 0.485956 0.616171 0.753727 0.743559 0.780921 1.006384
0.962703 1.398569 1.320897 0.751968 0.727884 0.946168 0.945969 1.148854 1.260715 1.279316
1.191267 0.909134 0.786405 0.840428 1.027244 1.259138 1.286040 0.663692 0.446537 0.568997
0.722559 0.846621 0.865693 0.759250 0.702243 0.853691 0.937608 0.810105 0.534666 0.287465
0.281532 0.289439 0.273068 0.672142 1.024450 0.977782 0.769889 0.664764 0.535089 0.487976
0.592725 0.742655 0.725035 0.569335 0.432395 0.394851 0.449648 0.599752 0.936739 1.126914
1.248787 1.204081 1.154058 0.920785 0.656452 0.692008 0.712552 0.560094 0.439430 0.475561
0.525601 0.421748 0.720541 1.127375 1.336164 1.404168 1.276167 0.716817 0.289718 0.896455
0.859529 0.584103 0.424888 0.567411 0.456702 0.552464 0.727312 0.824546 1.026535 1.250972
1.113165 0.981396 1.334678 0.875007 0.661392 0.986488 1.025692 1.075637 0.910004 0.676316
0.529100 0.489943 0.348959 0.159123 0.249962 0.602244 0.928425 1.022043 0.743279 0.560247
0.317576 0.283083 0.431657 0.794860 0.911334 0.675903 0.661066 0.370073 -0.201873 -0.336390
0.004601 0.138057 0.808334 1.371790 1.531455 1.340336 1.044602 0.951728 0.978321 1.011873
1.065283 1.201550 1.125274 0.755942 0.467534 0.439383 0.352886 0.271559 0.492220 0.861707
1.069489 1.171270 1.332754 1.131687 0.590681 0.389471 0.309186 0.225916 0.273479 0.439208
0.508840 0.414970 0.596391 1.016675 1.316323 1.472155 1.385126 0.484126 0.194074 0.719085
0.578987 0.349982 0.696313 1.056422 0.894894 0.584291 0.732923 0.855359 0.969378 1.018366
1.063436 1.147423 1.225726 1.059228 0.611598 1.053615 1.053985 0.645698 0.363253 0.196917
0.213740 0.455050 0.254967 0.096815 0.225622 0.264023 0.405682 0.508652 0.566510 0.575943
0.387458 0.270995 0.315470 0.547003 0.826395 0.902450 0.816629 0.523469 0.079151 0.072961
0.291124 0.704537 1.162925 1.359016 1.495981 1.594712 1.567819 1.560849 1.602712 1.591159
1.547221 1.549719 1.366539 0.877501 0.489014 0.570410 0.578243 0.456548 0.502254 0.778654
1.017821 1.267150 1.461253 1.380226 0.774899 0.363054 0.306502 0.392952 0.367333 0.422406
0.479400 0.553644 0.847188 0.980389 1.062647 1.135301 1.197169 1.071478 0.442101 0.714847
0.470461 0.400466 0.958823 1.022434 1.047709 0.772508 0.623357 0.664163 0.597034 0.698701
1.092880 0.911046 0.769855 0.824469 0.755304 1.138072 1.130844 0.671376 0.359304 0.511501
0.573734 0.346222 0.448846 0.296897 -0.027728 -0.113490 0.104195 0.582170 0.730703 0.594427
0.454191 0.313641 0.568625 0.787444 0.789931 0.769848 0.861284 0.813031 0.410174 0.295424
0.474343 0.621849 0.678562 0.761424 0.840841 0.924825 0.961449 0.938432 0.900560 0.890054
0.951464 1.041922 1.145531 0.975455 0.629302 0.704305 0.744383 0.656158 0.664871 0.843893
0.992961 1.199835 1.344232 1.418979 0.956657 0.481386 0.295181 0.349907 0.276552 0.291022
0.402107 0.579852 0.743735 0.588341 0.542522 0.574318 0.602318 0.654060 0.614258 0.673846
0.494372 0.465367 0.629843 0.480012 0.462612 0.700725 0.626449 0.560643 0.610096 0.771196
0.732066 0.625241 0.707413 0.896682 1.032441 0.968660 0.672837 0.438089 0.490568 0.612701
0.750627 0.718835 0.528401 0.400822 0.192123 -0.055373 -0.020509 0.406427 0.660921 0.625172
0.383768 0.314763 0.590772 0.714072 0.684260 0.646459 0.786671 0.767132 0.317807 0.051847
0.205961 0.214425 0.058253 0.050678 0.157621 0.267449 0.252231 0.141993 0.061753 0.069691
0.248948 0.542495 0.838389 0.827746 0.514837 0.608154 0.756895 0.735737 0.716869 0.750205
0.781109 1.051779 1.333810 1.469469 1.257437 0.672755 0.371604 0.490123 0.453843 0.403757
0.377744 0.242263 0.326156 0.408404 0.110799 0.008068 0.046699 0.219074 0.351684 0.506006
0.536274 0.467967 0.402371 0.197242 0.183005 0.450679 0.740693 0.739650 0.728930 0.806716
0.618701 0.546281 0.282530 0.537389 0.812842 0.631457 0.350655 0.477196 0.454611 0.361239
0.377278 0.686280 0.767001 0.539207 0.335241 0.133637 0.036669 0.242790 0.872976 1.251032
1.215705 0.699110 0.493253 0.433890 0.459509 0.436298 0.458721 0.517810 0.237615 -0.057433
-0.368695 -0.447535 -0.217850 -0.338922 -0.523522 -0.562080 -0.813255 -0.467443 -0.098931 -0.251851
-0.409235 0.027007 0.274390 0.239470 0.304123 0.452771 0.584610 0.584408 0.462758 0.277817
0.174628 0.521225 1.326628 1.644283 1.435867 0.737478 0.451967 0.654040 0.693646 0.622529
0.554736 0.351741 0.091340 -0.046370 0.097521 0.310376 0.353518 0.180411 0.029252 0.354850
0.474330 0.459594 0.399501 0.365087 0.376198 0.593176 0.894092 1.036310 1.089073 1.050369
0.362396 0.114924 0.290044 0.168037 0.191593 0.170789 0.309516 0.071369 0.343453 0.209897
0.219479 0.389726 0.613788 0.636086 0.591372 0.242807 0.013640 0.092873 0.499876 0.701482
0.791268 0.925049 0.776263 0.559768 0.223780 0.075451 0.302827 0.578858 0.965482 1.271551
1.209519 0.912215 0.798262 0.646484 0.411138 0.138377 -0.341839 -0.684019 -0.737815 -0.446117
0.003643 0.500904 0.910437 1.160180 1.150313 1.012494 1.027470 1.046288 0.967606 0.990446
1.115346 1.355728 1.436764 1.405555 1.478857 1.242395 1.010764 1.087156 1.123428 1.091228
1.108419 0.991227 0.956026 0.898168 0.873214 0.777430 0.608546 0.327548 0.036661 0.321019
0.441797 0.506196 0.576385 0.608431 0.628170 0.696644 0.735914 0.629111 0.856793 1.152222
0.437976 0.280181 0.115390 0.036084 -0.167339 -0.148189 0.041824 0.376262 0.439116 0.293924
0.293473 0.183280 -0.094577 -0.026951 0.206851 0.513881 0.490487 0.440660 -0.010875 -0.140177
-0.062368 0.520705 0.822640 0.916056 0.700261 0.237243 0.459197 0.861371 1.059543 1.013943
1.010924 0.985952 0.932958 0.915973 0.940860 0.975772 0.975396 0.991558 1.013634 1.013731
1.003687 1.011341 1.018462 1.008793 1.029726 0.997774 1.045152 1.061351 1.044425 1.015728
0.960661 0.872417 0.789313 0.752603 0.796940 0.899713 0.963798 1.016650 1.063555 1.086252
1.136695 1.100591 1.034976 1.002023 0.971791 0.942495 0.894881 0.791728 0.513816 0.529856
0.607659 0.678629 0.640071 0.602149 0.666777 0.795304 0.789918 0.870620 1.146529 1.178157
0.423594 0.052967 -0.164958 -0.130548 0.103409 0.067306 0.041597 0.036169 0.099840 0.211406
-0.118708 -0.161671 0.150954 0.400238 0.853649 0.843780 0.449760 0.303906 0.232880 0.079027
0.291364 0.427105 0.647471 0.820516 0.933448 0.583883 0.733018 0.859920 0.860646 0.571476
0.403432 0.326405 0.248597 0.233084 0.286967 0.363035 0.438139 0.475883 0.417431 0.351059
0.321504 0.317040 0.287970 0.262049 0.308903 0.463235 0.546562 0.453571 0.291579 0.214483
0.202031 0.122604 0.028680 0.002058 0.037108 0.129384 0.224776 0.273121 0.331266 0.415967
0.494113 0.457519 0.297820 0.158041 0.096800 0.123029 0.216978 0.398760 0.523359 0.637082
0.634469 0.628572 0.557604 0.524234 0.513029 0.560202 0.348626 0.385768 0.616087 0.589592
0.518937 0.187573 0.085575 0.091383 0.157525 0.104419 0.058148 -0.000188 0.257971 0.553141
0.372449 0.408559 0.518826 0.649873 0.740756 0.601950 0.615735 0.280002 0.209861 0.287622
0.488787 0.699380 0.701200 0.755272 0.894634 0.854756 0.947348 0.971327 0.905775 0.660095
0.335346 0.157694 -0.011600 0.129901 0.211997 0.212161 0.207063 0.228195 0.129423 0.075057
0.056974 0.003386 -0.102444 -0.112220 0.029798 0.168432 0.275446 0.228260 0.094451 -0.013331
-0.040851 -0.087330 -0.132576 -0.116822 -0.048386 0.005947 0.046442 0.086473 0.079919 0.127099
0.231261 0.216983 0.124729 0.034569 -0.115059 -0.059937 0.120690 0.324789 0.448144 0.498222
0.513657 0.565191 0.498697 0.528454 0.525360 0.297838 0.368760 0.523454 -0.131326 -0.016925
0.622369 0.480231 0.412735 0.404904 0.388776 0.308961 0.384488 0.578413 0.747180 0.672075
0.934831 0.718281 0.569833 0.475070 0.135955 0.425652 0.803626 0.685941 0.264411 0.223165
0.286346 0.556585 0.714264 0.721655 0.763730 0.780331 0.913875 0.958907 1.125052 1.296547
1.279740 0.594914 -0.012715 -0.018523 0.058125 0.117843 0.123645 0.169610 0.062584 -0.008098
0.011217 0.033211 0.011714 -0.028563 -0.045623 0.106401 0.226518 0.220810 0.154998 0.086548
0.093176 0.128904 0.122956 0.089588 0.054170 0.030897 0.011593 0.005579 0.050777 0.185515
0.279104 0.239991 0.203064 0.154543 0.087823 0.259613 0.446332 0.634476 0.593307 0.529093
0.420558 0.523471 0.549509 0.521104 0.501304 0.651160 0.762348 0.302311 0.425362 0.167392
0.760874 0.739962 0.610512 0.419847 0.344164 0.389880 0.415763 0.451635 0.504196 0.676487
0.558720 0.764123 0.584427 0.128557 0.080612 0.278023 0.445921 0.358801 0.473159 0.329984
0.540746 0.727179 0.739363 0.710833 0.724455 0.656477 0.798278 0.750744 0.672891 0.672341
0.722535 0.803471 0.722726 0.699615 0.561097 0.592882 0.586485 0.381960 0.171969 0.228805
0.379176 0.439313 0.371712 0.234740 0.215027 0.326257 0.404866 0.460403 0.485745 0.487118
0.498369 0.482714 0.491696 0.475252 0.453655 0.417380 0.403288 0.467367 0.556236 0.575081
0.535851 0.446244 0.424441 0.461981 0.638314 0.734240 0.793801 0.736717 0.823539 0.903914
0.869658 0.880116 0.847962 0.721013 0.475506 0.378219 0.449728 0.570278 0.273696 0.393942
0.358553 0.438847 0.530431 0.312854 0.195531 0.105816 0.048512 0.168248 0.408291 0.436477
0.455511 0.163497 -0.007135 0.097708 0.340435 0.407448 0.220078 0.555201 0.649543 0.665361
0.643200 0.680756 0.637080 0.685389 0.564013 0.380840 0.597525 0.426205 0.088405 -0.028075
-0.011780 0.122754 0.388601 0.550975 0.624077 0.673498 0.747617 0.785534 0.760312 0.765948
0.795094 0.721931 0.677685 0.624748 0.561099 0.497551 0.431436 0.352143 0.319248 0.317065
0.256590 0.189575 0.226135 0.348796 0.463884 0.473712 0.452756 0.428293 0.408565 0.471932
0.568835 0.630290 0.837832 1.210862 1.294079 0.812278 0.444912 0.404991 0.762208 0.785684
0.863052 0.919302 0.907013 0.920111 0.894025 0.872093 0.516591 1.031785 1.077844 0.697176
0.408541 0.281112 0.411151 0.391657 0.289648 0.101636 0.031862 -0.024073 -0.204341 -0.313908
-0.321776 -0.084905 0.166838 0.373836 0.357506 0.260694 0.478125 0.602264 0.650354 0.491496
0.209701 0.150720 0.490548 0.600138 0.485248 0.448569 0.490496 0.339622 0.156517 0.060858
0.073238 0.165964 0.250592 0.590354 0.711904 0.701443 0.663143 0.628245 0.565890 0.544946
0.535698 0.586883 0.600690 0.601935 0.581290 0.555733 0.529732 0.504497 0.486795 0.427591
0.358109 0.339381 0.386055 0.430707 0.476878 0.532084 0.523888 0.461147 0.414690 0.532705
0.770185 0.908286 1.024334 1.094545 1.036787 0.983726 0.682799 1.018321 1.184800 1.012719
0.782073 0.485002 0.367755 0.380175 0.569979 0.426754 0.352559 0.385829 0.434246 0.854423
0.516205 0.227374 0.192699 0.505312 0.557363 0.436615 0.342696 0.132848 0.076618 0.066623
0.275853 0.377608 0.267444 0.426294 0.508280 0.296746 0.438991 0.844360 1.129943 0.853912
0.193792 0.333404 0.544976 0.654554 0.613678 0.772209 0.853823 0.759335 0.485989 0.414250
0.501338 0.636813 0.891415 0.974714 0.879285 0.696087 0.826780 0.918967 0.819622 0.574290
0.503228 0.513838 0.569591 0.602594 0.602034 0.700038 0.904675 1.108729 1.140450 0.858412
0.628949 0.481423 0.415015 0.410630 0.457813 0.533585 0.622359 0.680109 0.808542 0.912563
0.870425 0.756001 0.461087 0.382391 0.282889 0.240728 0.613113 0.659040 0.624325 0.908720
0.994134 0.794001 0.150471 -0.057927 -0.223374 -0.285106 -0.302005 -0.416498 -0.062951 0.862774
0.755384 0.455516 0.210014 0.440740 0.658566 0.632434 0.472254 0.199047 0.010031 0.014079
0.041904 0.204433 0.423308 0.216637 0.240510 0.363426 0.586704 0.686289 0.507984 0.472041
0.905983 0.891049 0.769560 0.666896 0.651121 0.800924 0.795660 0.796677 0.815412 0.829066
0.770474 0.754451 0.798054 0.749755 0.790799 1.183142 1.186967 0.636769 0.592212 0.585858
0.537462 0.593083 0.685867 0.856521 0.866877 0.896097 0.747348 0.579301 0.520192 0.733417
0.780920 0.640486 0.533122 0.503502 0.534921 0.596789 0.715407 0.967166 1.078902 0.815842
0.651638 0.603601 0.544452 -0.040442 -0.199962 0.075871 0.292610 0.190397 0.153411 0.400725
0.320513 0.164942 0.365644 0.228857 -0.097234 -0.192321 -0.085561 -0.017706 0.360456 0.554006
0.688151 0.715250 0.728380 0.609858 0.830176 0.863881 0.737601 0.492444 0.309008 0.192518
0.052076 -0.092173 0.087339 0.103083 -0.003469 0.266989 0.559969 0.640078 0.687591 0.726668
0.563272 0.608977 0.627375 0.662635 0.660462 0.741528 0.735475 0.746551 0.758946 0.657953
0.542682 0.483984 0.404368 0.332640 0.416712 0.601172 0.599474 0.631817 0.605808 0.712019
0.790820 0.883629 0.943983 0.948990 0.891487 0.668750 0.542050 0.280768 0.240954 0.708239
1.009678 0.800817 0.675202 0.610055 0.667817 0.710681 0.948491 0.890580 0.501173 0.627954
0.565934 0.567944 0.588918 0.562287 0.555026 0.295489 0.122373 0.096282 0.102670 0.072769
0.188246 0.512076 0.798651 0.714229 0.345916 0.162216 0.202961 0.138231 0.157756 0.246621
0.360856 0.264667 0.320963 0.319634 0.173708 0.074028 0.221768 0.363070 0.336860 0.288686
0.266740 0.234150 0.184063 0.205979 0.042022 0.110909 0.175118 0.139234 0.186899 0.287387
0.344641 0.092057 0.436898 0.636258 0.632770 0.624880 0.533278 0.480864 0.464253 0.507776
0.527546 0.452915 0.405800 0.333909 0.199540 -0.161192 -0.181071 -0.015976 0.573317 0.619856
0.869790 0.843977 0.685250 0.769777 0.671676 0.658929 0.835919 0.789632 0.690669 0.637807
0.538190 0.817483 0.759628 0.744703 0.786299 0.741785 0.633101 0.566356 0.683088 0.460871
0.658904 0.409263 0.162780 0.078365 0.077088 0.181562 0.087960 -0.155094 -0.112027 0.021750
0.174548 0.472809 0.348223 0.205586 0.287684 0.302310 0.370368 0.384174 0.306344 0.410150
0.516800 0.112850 0.167070 0.068973 -0.136947 -0.199497 -0.002472 0.190502 0.229491 0.126653
-0.100204 -0.188975 -0.260622 -0.168519 0.288072 0.390008 0.416548 0.151852 -0.030248 0.071144
0.295507 0.305249 0.538139 0.546680 0.542477 0.582497 0.598711 0.592753 0.500627 0.510471
0.572481 0.660407 0.762327 0.698930 0.537916 0.188874 -0.054009 0.299737 0.320601 0.543435
0.462355 0.435734 0.782603 0.606516 0.580337 0.499414 0.181231 -0.005344 0.078598 0.035076
0.691927 0.987214 0.936258 0.891383 0.782737 0.583295 0.245451 0.301189 0.560931 0.848784
0.987510 0.773806 0.310371 0.190192 0.002087 0.385176 0.416773 0.396506 0.464781 0.527077
0.331499 0.202189 0.109484 0.203482 0.382015 0.525810 0.704792 0.754649 0.714423 0.754627
0.627056 0.266159 0.072291 0.027403 -0.019450 -0.004949 0.238891 0.312331 0.246876 0.209278
0.081169 -0.044828 0.008042 0.106174 0.225964 0.143832 0.291645 0.185500 -0.017760 -0.231491
0.049565 0.957341 1.074456 0.682348 0.627735 0.854646 1.012647 1.043818 0.836161 0.884746
1.014920 1.006854 0.816933 0.696120 0.401596 0.527156 0.267069 0.007751 0.257975 0.703764
0.530985 0.481819 0.352196 0.258826 0.066640 -0.084464 -0.106980 -0.267826 -0.074322 0.367520
0.526433 0.669164 0.810608 0.804240 0.775963 0.720952 0.609243 0.345534 0.154772 0.268344
0.374823 0.317194 0.340016 -0.044226 -0.027734 -0.174652 -0.113637 0.030605 0.015860 -0.119397
-0.040555 -0.020663 -0.076142 0.223641 0.449395 0.457171 0.376835 0.493083 0.465586 0.438253
0.767473 0.521139 0.337002 0.168897 0.282108 0.547643 0.656449 0.617888 0.448004 0.454687
0.587582 0.468774 0.416257 0.484619 0.586293 0.601795 0.384854 0.647882 0.336039 0.235018
0.524690 0.633992 0.658652 0.686387 0.963572 0.940213 0.750586 0.552122 0.847028 1.181513
1.287236 1.114503 0.859443 0.574182 0.687856 0.721791 0.806401 0.567612 0.466262 0.284400
0.185437 0.294673 0.282431 0.309425 0.145218 0.273486 0.729040 0.665254 0.388971 0.203187
-0.035073 -0.005449 0.532807 0.780145 0.843447 0.706900 0.577680 0.386453 0.309221 -0.010571
-0.066009 0.018839 0.105317 0.302776 0.188529 0.110359 0.195878 0.050191 0.047650 0.022405
-0.068194 -0.120091 0.352504 0.680524 0.626458 0.535627 0.468544 0.485559 0.411834 0.540736
0.652174 0.415884 0.547800 0.549038 0.559309 0.387927 0.208594 0.089306 0.136490 0.083089
0.067872 0.196139 0.319382 0.462753 0.386326 0.238114 0.226870 0.054197 0.218953 0.213025
-0.116886 -0.170295 -0.124037 0.575411 0.316304 0.341870 0.276559 0.346439 0.719629 0.950497
0.969694 1.025816 0.887017 0.708449 0.465491 0.353101 0.350837 0.743788 0.820885 0.651075
0.459271 0.170908 0.304881 0.057386 0.082264 0.331814 0.599342 0.612025 0.686459 0.410755
0.039125 0.178712 0.747913 0.963379 0.920195 0.796847 0.330706 0.066420 0.009085 -0.094460
-0.262591 -0.417041 -0.237610 -0.085441 0.659157 0.911798 0.589440 0.392340 0.160133 0.124509
0.241491 0.232919 0.134952 0.250295 0.380366 0.428339 0.558750 0.763944 0.779502 0.782161
0.728195 0.333626 0.864531 0.820115 0.791655 0.391923 0.132366 0.033466 0.077241 0.028441
-0.028970 0.079699 0.288093 0.413824 0.350544 0.111412 -0.163817 -0.337083 -0.016206 0.155493
0.073585 -0.216018 0.200298 0.459864 0.620809 -0.012797 -0.136717 0.145013 0.199561 0.218394
0.229083 0.288892 0.472668 0.794264 0.804380 0.750467 0.792707 0.697367 0.464504 0.431347
0.454565 0.361223 0.070623 0.163807 0.224816 0.145552 -0.117412 -0.149658 0.457519 0.423101
0.266924 0.444452 0.448865 0.214034 0.378698 0.294230 0.195643 0.122494 -0.018077 -0.176933
-0.001802 0.311147 0.638160 0.828295 0.595551 0.201756 0.127213 0.234266 0.378386 0.412752
0.452097 0.585632 0.387304 0.046913 0.100398 0.236558 0.420099 0.489242 0.540715 0.619305
0.767999 0.633645 0.521340 0.181040 0.088695 0.339195 0.371968 0.319521 0.292099 0.218010
0.221970 0.301084 0.196251 0.098332 0.098850 0.272747 0.237722 0.098542 0.088099 0.100010
0.093138 -0.002099 -0.027415 0.067777 0.046197 0.000789 -0.020579 0.148960 0.231082 -0.281458
-0.315401 -0.082536 0.027920 0.238823 0.218484 0.199983 0.343194 0.367131 0.170457 0.174185
0.277626 0.517782 0.763625 0.774641 0.830227 0.254395 0.026849 0.359811 0.510638 0.753245
0.946970 0.762772 0.494580 0.056692 -0.089948 -0.032399 -0.038765 -0.169485 -0.088988 0.088748
0.202269 0.145716 0.081448 -0.017017 -0.110352 -0.110124 0.253817 0.519401 0.479493 0.449669
0.549171 0.650759 0.838248 0.386990 0.079955 0.141414 0.491707 0.462503 0.340620 0.500048
1.093686 1.162495 0.863751 0.384683 0.201844 0.396329 0.587798 0.656976 0.569153 0.481066
0.565540 0.482040 0.302126 0.052888 0.052714 0.198607 0.319114 0.374500 0.305292 0.162226
0.074986 0.094814 0.011407 -0.268652 -0.362987 0.017875 0.217774 0.166796 0.068033 0.084041
-0.146789 -0.018362 0.202366 0.090520 -0.084632 -0.170163 -0.123145 -0.175307 -0.003154 0.318670
0.596547 0.669078 0.710266 0.401351 0.343289 0.423647 0.098501 -0.092332 0.253018 0.681678
0.682355 0.465593 0.722131 1.047065 0.653718 0.245140 0.093118 0.188580 0.170980 0.259508
0.277028 0.239010 0.122939 -0.020306 -0.037175 0.127705 0.383090 0.332921 0.336174 0.329901
0.322741 0.249674 0.310475 0.531163 0.234725 0.455853 0.800062 0.791353 0.619712 0.635727
1.020491 0.751420 0.568515 0.533320 0.373372 0.519871 0.672836 0.746889 0.776378 0.903960
0.924214 0.607142 0.375554 0.269367 0.240504 0.205131 0.294925 0.393353 0.401822 0.376231
0.304147 0.392789 0.333740 0.281444 0.123257 0.098692 0.197328 0.151457 -0.092187 -0.222603
-0.258834 -0.188887 0.247493 -0.037631 -0.106330 -0.105120 -0.099734 -0.047384 0.022750 0.090137
0.425775 0.761325 0.650111 0.476322 -0.015706 -0.197196 0.037537 -0.097600 0.046514 0.403573
0.326394 0.311696 0.430788 0.517885 0.523278 0.343460 0.263195 0.367412 0.501371 0.584943
0.523680 0.516699 0.515470 0.497175 0.382150 0.415511 0.362400 0.414927 0.648658 0.622911
0.645878 0.662297 0.602417 0.315845 0.498500 0.789806 0.839141 0.737473 0.658976 0.692265
0.739522 0.213879 0.170564 0.348739 0.191282 0.405164 0.511808 0.737534 0.811774 0.714597
0.609260 0.463546 0.327267 0.302785 0.176069 0.113116 0.294777 0.434582 0.467452 0.478701
0.708264 0.962958 1.176232 1.117397 0.565956 0.328645 0.313224 0.322979 0.251684 0.312223
0.474988 0.303699 0.117015 0.282961 0.176762 -0.045165 0.012559 0.037444 0.196733 0.285618
0.200073 0.125539 0.048306 0.091209 0.406119 0.284074 0.200357 0.235417 0.097798 -0.092389
-0.104990 -0.200269 -0.335575 -0.204830 -0.076933 0.188474 0.322420 0.465227 0.765458 0.747864
0.581585 0.393532 0.140109 0.238620 0.483859 0.767669 0.721351 0.577624 0.675117 0.751403
0.860293 0.899232 0.759998 0.397644 0.454317 0.813542 0.687889 0.521289 0.630582 0.936728
0.874628 0.504394 0.199970 0.295217 0.021969 0.430286 0.504623 0.597813 0.483995 0.049676
-0.114465 -0.000132 0.281283 0.340322 0.321750 0.276997 0.393217 0.468572 0.442339 0.603346
0.848194 0.900576 0.771077 0.692211 0.698393 0.612773 0.629468 0.494565 0.306852 0.167645
0.137482 0.165728 -0.063126 0.093126 0.347067 0.484452 0.179488 0.136599 0.088302 -0.146848
-0.359648 -0.440885 -0.347255 -0.200897 -0.037554 0.362590 0.477423 0.397873 0.009333 -0.464763
-0.414078 -0.152728 -0.198369 -0.305048 -0.059225 0.468865 0.873135 0.995507 0.640806 0.563625
0.582592 0.638304 0.594160 0.452779 0.790440 0.929497 0.850576 0.650440 0.348433 0.401788
0.697487 0.816033 0.538301 0.065811 0.202193 0.160424 0.406305 0.676097 1.024714 1.130553
0.884361 0.220038 0.315460 0.736207 1.073278 1.382927 1.411340 0.963408 0.605818 0.462210
0.216611 0.245659 0.521288 0.528726 0.438655 0.405609 0.451937 0.495471 0.487056 0.623454
0.690260 0.541200 0.193033 0.072275 0.334197 0.495480 0.422893 0.316531 0.280653 0.208488
0.111067 0.243633 0.257213 -0.024119 0.028495 0.166835 0.502459 0.309683 0.238265 0.125590
-0.079281 -0.193446 -0.196270 -0.147380 0.015915 0.477948 1.024398 1.146302 0.714821 -0.200040
-0.197914 0.212671 0.253902 0.004068 0.225476 0.447753 0.390188 0.369688 0.360425 0.228995
0.386650 0.557561 0.607217 0.463423 0.908081 0.994134 0.851104 0.806470 0.762910 0.539730
1.024166 0.965095 0.695348 0.504776 0.568748 0.527667 0.704208 0.764511 0.834385 0.917738
0.876279 -0.244030 0.730283 0.915649 0.886928 0.700919 0.743365 1.058801 0.834889 0.674351
0.282518 0.380049 0.721557 0.829540 0.714720 0.416058 0.547081 0.705649 0.700451 0.673477
0.437502 0.334722 0.141734 0.023843 0.192543 0.255601 0.171061 0.243826 0.321132 0.220862
0.094735 0.082660 0.147867 0.167232 0.158220 0.281282 0.418571 0.506446 0.372394 0.310790
0.173222 0.075415 0.058274 0.109937 0.240541 0.321347 0.469920 0.726782 0.964629 0.794076
0.391618 0.539991 1.014266 1.437370 1.468718 1.088052 0.617538 0.233196 0.353966 0.451562
0.583060 0.597428 0.845640 0.783040 0.950577 0.547421 0.696063 0.831453 1.002611 1.167123
1.047754 0.911756 0.667400 0.973764 1.018102 0.664713 0.589481 0.572909 0.400554 0.568081
0.924016 0.646027 1.202568 0.722110 0.482120 0.254768 0.406918 0.557048 0.615976 0.650153
0.373723 0.411864 0.753309 0.824636 0.687758 0.680810 1.196515 1.243210 1.071417 0.697551
0.272463 0.029968 0.120630 0.340827 0.422369 0.244964 0.085104 0.105237 0.217778 0.211852
0.212823 0.169863 0.070142 0.045176 0.025130 0.069128 0.178647 0.353513 0.427094 0.346847
0.300943 0.272691 0.268045 0.222138 0.293364 0.260287 0.154272 0.311113 0.670258 0.745860
0.632737 0.975342 1.064266 1.009826 0.874395 0.732195 0.749028 0.397950 0.560106 0.614668
0.611322 0.488238 0.635447 0.791531 0.953767 1.002043 1.041197 1.360604 1.565634 1.460189
1.175495 0.910829 0.856457 1.294702 1.315043 1.267924 0.901915 0.559950 0.546025 0.543776
1.001560 0.840267 0.886612 0.838988 0.338677 0.232006 -0.028899 -0.032465 0.258147 0.544869
0.039810 -0.045234 0.270768 0.553012 0.612318 0.900559 0.705061 0.488055 0.469919 0.521249
0.340365 0.193874 0.249431 0.405309 0.442429 0.438146 0.326488 0.368592 0.374030 0.331612
0.402322 0.408515 0.341236 0.270234 0.155552 0.015514 -0.005780 0.194001 0.327193 0.378469
0.396914 0.379294 0.347697 0.295783 0.295376 -0.069011 -0.119961 0.248612 0.645361 0.590527
0.701775 0.743809 0.490819 0.210627 0.094283 0.196187 0.544225 0.582778 0.539367 0.701806
0.611704 0.416805 0.350594 0.429985 0.542722 0.664796 0.958916 1.213931 1.205092 1.130288
1.048225 0.853876 0.950912 0.799328 0.632348 0.543612 0.684066 0.792708 0.655264 0.762652
0.790794 0.479196 0.282113 0.278238 0.286808 0.111056 0.239360 0.200183 0.289023 0.701111
0.516613 0.164618 0.432876 0.683899 0.888937 0.785662 0.398757 0.128507 0.247612 0.400753
0.365682 0.247802 0.421413 0.549172 0.507652 0.525893 0.622762 0.849356 0.740945 0.576499
0.485700 0.319725 0.368750 0.310878 0.299106 0.244029 0.192470 0.164770 0.167969 0.273061
0.378310 0.419760 0.493516 0.720517 0.721150 0.585070 0.645247 0.590766 0.735718 0.783861
0.664012 0.180231 -0.049049 0.037507 0.332673 0.875842 1.112501 0.883041 0.735150 1.096847
1.078035 0.937808 0.760472 0.633200 0.441366 0.387719 0.628554 0.717489 0.664087 0.600769
0.556499 0.547977 0.359962 0.077849 -0.066143 0.007588 0.235571 0.388582 0.554031 0.708463
0.675994 0.282920 0.189421 0.232657 -0.258899 -0.315126 -0.341867 -0.027077 0.869141 1.108286
1.019431 0.358947 0.763399 0.942999 1.021531 1.004083 0.951950 0.896671 0.599524 0.507176
0.229827 0.409367 0.570709 0.578701 0.462518 0.520322 0.748822 0.755789 0.790048 0.678372
0.559384 0.490252 0.494991 0.592521 0.630920 0.446072 0.453948 0.583694 0.518376 0.502944
0.603675 0.658336 0.785448 1.031890 0.991319 0.850182 1.008536 0.943599 0.773212 0.595624
0.351684 0.351213 0.542114 0.544773 0.491606 0.437774 0.437321 0.502165 0.638816 0.593894
0.610968 0.205840 -0.059896 0.265672 0.425444 0.422905 0.264524 0.105356 0.046651 0.034559
0.106063 0.170429 0.059309 -0.038691 -0.214633 -0.534057 0.060765 0.313369 0.369572 0.447222
0.428233 -0.191118 0.165241 -0.292086 -0.282177 0.080004 -0.157550 0.524426 1.137598 1.071267
0.847128 0.156139 0.719049 0.736583 0.933229 0.549002 0.396200 0.459937 0.682393 0.339616
0.111114 0.486240 0.308671 0.256432 0.062884 0.254369 0.496311 0.285536 0.671332 0.754980
0.822020 0.813676 0.784433 0.919559 0.739074 0.611848 0.673672 0.566563 0.693575 0.889803
1.075155 0.812605 0.710394 0.525215 0.542011 0.584184 0.363641 0.302608 0.196539 0.303067
0.401632 0.175287 0.065715 0.221396 0.078975 -0.175008 -0.105076 0.221688 0.102552 -0.237774
-0.301035 -0.164817 0.018624 0.212528 0.375695 0.237903 0.029894 -0.138197 -0.144896 -0.168223
-0.121467 0.021427 -0.033515 -0.391094 -0.623404 -0.549525 -0.076203 0.174975 0.148221 0.258513
0.891267 0.981943 0.999136 0.608854 0.755378 1.019378 1.132228 1.293058 1.124444 1.000004
0.927926 0.797781 1.066194 0.854114 0.758722 0.190383 -0.092868 0.646821 1.124200 0.854786
0.801562 1.060567 0.993141 1.046716 1.192823 1.161785 1.005771 0.938964 1.315880 1.385446
1.387877 1.382171 1.297445 1.178368 1.011027 0.868532 0.792728 0.836604 1.075672 1.231228
1.126577 1.112325 0.975793 0.726289 0.655738 0.544031 -0.010648 -0.174344 0.267390 0.512777
0.481554 0.546251 0.623848 0.717659 0.551305 0.158008 0.138661 0.381516 0.327815 -0.003248
-0.138036 0.136622 0.480528 0.562844 0.641343 0.616069 0.470345 0.279618 0.114779 0.051909
0.417948 0.505600 0.428118 0.592410 0.831655 0.902068 0.921794 0.840696 0.834374 0.806499
0.324560 0.526010 0.536096 0.615766 0.591660 0.576354 0.558596 0.506406 0.388896 0.381378
0.568913 0.623436 0.609585 0.595820 0.576977 0.500680 0.358096 0.513985 0.549762 0.619124
0.650961 0.624831 0.627860 0.629175 0.626471 0.595161 0.576284 0.535630 0.494364 0.501108
0.516290 0.532179 0.477291 0.443285 0.508459 0.604620 0.589870 0.548884 0.507666 0.400761
0.459017 0.598815 0.590018 0.609048 0.555238 0.539556 0.559825 0.519778 0.506242 0.533643
0.549239 0.544643 0.527132 0.493777 0.450775 0.587951 0.551642 0.507174 0.536121 0.505034
0.506640 0.513388 0.567130 0.579900 0.559807 0.558837 0.555664 0.542898 0.585496 0.581216
0.569374 0.588612 0.580719 0.602173 0.588223 0.605623 0.618583 0.610150 0.559342 0.390895
0.928970 0.694467 0.847196 1.028575 0.931472 0.730553 0.613201 0.646895 0.774280 1.016582
1.334042 1.670071 1.983898 2.339881 2.780428 3.063076 3.085950 2.893952 2.632838 2.467936
2.456696 2.535859 2.618220 2.673231 2.678708 2.638847 2.605578 2.649692 2.697380 2.668154
2.664039 2.644511 2.542054 2.370918 2.004007 1.768100 1.769035 1.746337 1.473969 1.398939
1.554436 1.731772 2.474609 2.860776 2.757779 2.632143 2.639511 2.746972 2.819873 2.853560
2.925716 3.124530 3.386286 3.541213 3.641383 3.712291 3.743168 3.754306 3.679971 3.572291
3.438920 3.263977 3.058614 2.883764 2.758766 2.637220 2.511889 2.433200 2.394137 2.361897
2.311218 2.248353 2.211782 2.245975 2.213860 2.430248 2.826539 3.101435 2.983108 2.359114
1.973731 2.477942 3.432869 3.817316 3.774144 3.840656 3.958605 4.000810 3.977051 3.889910
3.731470 3.480886 3.232044 3.140984 3.152121 3.196086 3.226771 3.214438 3.164221 3.137099
3.146862 3.029065 2.749965 2.416654 2.182035 2.054372 1.966096 1.949008 1.977502 1.927737
1.775019 1.525058 1.359169 1.359097 1.601314 2.529872 3.460845 3.868901 3.942852 3.350836
2.076807 2.727738 3.767266 4.115707 4.025887 3.961440 3.946895 3.936293 3.917669 3.920377
3.895914 3.674270 3.142452 2.632267 2.377279 2.298262 2.297574 2.349759 2.504380 2.895195
3.343870 3.552397 3.389676 2.814217 2.476857 2.599903 2.838101 3.108925 3.223736 3.243551
3.181105 2.716768 1.990283 1.797341 2.258170 3.437395 4.153858 4.393741 4.357637 3.705353
1.966622 2.526504 3.308497 3.495735 3.383065 3.254585 3.160243 3.136444 3.153452 3.194452
3.273626 3.293821 3.177520 2.795007 2.170038 1.686316 1.512152 1.667768 2.385670 3.411160
4.044913 4.411791 4.620877 4.629543 4.571605 4.574961 4.588098 4.595478 4.509584 4.462320
4.471745 4.424673 4.126087 3.781716 3.522395 3.885800 4.295004 4.463441 4.366609 3.661740
1.889404 2.312752 2.789607 2.684158 2.466282 2.317993 2.279367 2.345339 2.417874 2.441213
2.476057 2.443177 2.483998 2.702480 2.878760 2.609262 2.274391 2.604112 3.412050 4.024034
4.176507 4.155497 4.135185 4.138175 4.120170 4.062942 4.014034 4.034121 4.024385 4.127810
4.181375 4.048322 3.822870 3.544246 3.208012 3.477036 3.980522 4.272943 4.189653 3.490943
1.839547 2.192635 2.709813 2.386536 1.814282 1.537036 1.715346 2.166667 2.378567 2.282958
2.109261 1.974767 2.245435 2.909898 3.572249 3.863568 3.840984 3.999369 4.174845 4.010805
3.621073 3.345318 3.259022 3.262614 3.297806 3.294227 3.247974 3.233202 3.256795 3.459406
3.640979 3.486157 3.174060 2.856076 2.565893 2.865282 3.550895 4.024622 4.021550 3.368798
1.727488 2.089428 3.061083 3.068415 2.322845 2.039859 2.821191 3.523831 3.669118 3.386515
2.995368 2.833997 3.241487 3.826136 4.127954 4.238756 4.299026 4.357583 4.157256 3.586843
2.935764 2.523911 2.368038 2.350128 2.370219 2.376922 2.359129 2.408272 2.537780 2.883818
3.037097 2.636822 2.215489 1.966572 1.813080 2.253930 3.166366 3.792284 3.886269 3.290705
1.656479 2.087856 3.333796 3.646632 3.244866 3.079083 3.442099 3.786403 3.948875 3.847878
3.568273 3.320683 3.331214 3.391902 3.396651 3.426656 3.495672 3.563397 3.519028 3.109268
2.381529 1.691016 1.365842 1.267276 1.235113 1.204179 1.188644 1.268622 1.692234 2.673830
2.820071 1.940217 1.249143 1.046223 1.071672 1.747557 2.920946 3.687720 3.824808 3.235363
1.765546 2.248764 3.110303 3.167950 2.908365 2.799364 2.833695 3.121841 3.399103 3.422771
3.114179 2.670177 2.448939 2.397223 2.389719 2.386868 2.447118 2.547289 2.695662 2.643509
2.158756 1.414229 0.890319 0.598257 0.448472 0.340988 0.318589 0.648854 1.985090 3.340647
3.365549 2.107085 0.839112 0.556458 0.770839 1.752613 3.052430 3.839288 3.905930 3.235905
1.913258 2.332940 2.758243 2.539754 2.274492 2.187500 2.172758 2.491725 2.828346 2.889321
2.522063 1.977991 1.657183 1.616154 1.655351 1.613934 1.587492 1.648849 1.871382 2.049518
2.070422 1.876057 1.711933 1.581171 1.603413 1.649625 1.723015 2.458907 3.454899 4.131109
4.193938 3.181272 1.444697 0.830570 1.012693 2.260189 3.616447 4.184843 4.095280 3.304715
2.008785 2.354325 2.493269 1.933539 1.533814 1.419929 1.535561 2.152431 2.662794 2.650477
2.181293 1.627569 1.383368 1.508472 1.783224 1.805527 1.582770 1.360278 1.383739 1.587861
1.899183 2.199561 2.598613 2.893122 3.192940 3.281529 3.266738 3.483260 3.879436 4.385494
4.743237 4.617467 3.279577 2.037893 2.117124 3.233568 4.073750 4.316381 4.146429 3.365428
2.103397 2.545456 2.869827 1.937015 0.954391 0.811027 1.579509 3.012862 3.398883 3.138307
2.362648 1.701980 1.541167 1.688197 1.917008 2.038607 1.863023 1.443508 1.329875 1.480149
1.810968 2.275641 2.764009 2.999403 3.073344 3.044800 3.053813 3.320444 3.795455 4.294808
4.644732 4.702734 4.373034 3.626304 3.113820 3.448095 3.936713 4.114739 4.014123 3.342299
2.187977 2.723246 3.338531 3.113361 2.436883 2.580861 3.452389 4.045847 4.006807 3.629207
2.653934 1.688701 1.272476 1.157885 1.123221 1.130301 1.102632 0.970708 0.992100 1.181482
1.559811 2.108052 2.554904 2.702188 2.787425 2.772924 2.954365 3.452152 3.879545 4.170850
4.304754 4.135066 3.737759 3.285144 2.816370 2.991336 3.481775 3.767706 3.829374 3.289901
2.135568 2.554482 3.017737 3.205837 3.373617 3.704584 4.098345 4.284986 4.128335 3.727931
2.681917 1.602704 0.981050 0.667542 0.423250 0.330944 0.341410 0.475471 0.788669 1.094660
1.515002 2.051642 2.396793 2.489021 2.653052 2.831302 3.388798 3.935867 4.164248 4.251567
4.144288 3.597999 2.915740 2.498370 2.178388 2.390213 2.961852 3.406908 3.598674 3.176757
1.973125 2.214241 2.582806 2.779772 3.062490 3.433326 3.780448 3.949860 3.881190 3.528949
2.507437 1.597886 1.037407 0.727156 0.519556 0.432071 0.419665 0.590524 0.859273 1.104296
1.587819 2.281069 2.726398 2.840337 3.001018 3.240585 3.836881 4.285356 4.458830 4.524587
4.239482 3.145257 2.068670 1.645672 1.494810 1.825895 2.555378 3.213499 3.437802 3.000501
1.900168 2.136057 2.593400 2.725824 2.859870 2.995329 3.113362 3.237791 3.223333 2.977257
2.177513 1.619490 1.446342 1.224609 0.915776 0.686019 0.551016 0.525777 0.670144 1.066200
1.958578 2.813026 3.272057 3.426716 3.591556 3.839526 4.245803 4.511503 4.629972 4.709019
4.480891 3.103638 1.279098 0.833544 0.878127 1.446276 2.526342 3.315612 3.412183 2.881289
1.942212 2.334264 2.916584 2.728549 2.441423 2.275265 2.222560 2.225082 2.224042 2.123355
1.756832 1.710181 2.212236 2.497987 2.226983 1.776446 1.458565 1.291917 1.412829 1.914849
2.673774 3.218657 3.492112 3.659994 3.910592 4.198115 4.477057 4.646525 4.722927 4.781739
4.724211 4.023448 2.019482 0.930561 1.004878 1.976450 3.117738 3.671618 3.548517 2.900400
1.926646 2.388428 3.169454 2.959750 2.246717 1.659098 1.414852 1.278871 1.229602 1.162501
1.140436 1.618964 2.431241 2.706572 2.689486 2.632975 2.612296 2.645782 2.824007 3.150062
3.542240 3.782957 3.841267 3.887978 4.083740 4.341350 4.562316 4.697038 4.738921 4.760910
4.755880 4.636061 4.009832 3.015788 2.670835 3.212409 3.820754 4.034631 3.800128 3.095256
1.837842 2.319736 3.268171 3.483208 2.870931 2.038268 1.418649 0.693635 0.291718 0.322792
0.706608 1.720949 2.343488 2.545678 2.730577 2.988572 3.202024 3.309207 3.379735 3.492111
3.627671 3.750541 3.886632 4.092237 4.368540 4.610344 4.761007 4.830819 4.863763 4.871579
4.767511 4.459828 4.059669 3.713681 3.291352 3.481395 3.746487 3.824661 3.695941 3.199221
2.044754 2.521277 3.156816 3.430389 3.277950 2.766723 2.214977 1.604285 0.922871 0.771628
1.267863 1.944523 2.333419 2.556067 2.805499 3.011095 3.107549 3.109826 3.079467 3.059602
3.063725 3.190850 3.553423 4.150555 4.662798 4.947786 5.010368 4.960359 4.929437 4.924810
4.768668 4.214811 3.451757 3.003721 2.731283 2.863644 3.115720 3.261370 3.272398 2.987336
2.227581 2.636865 2.756589 2.859915 2.807132 2.474870 1.966178 1.696397 1.557191 1.604209
2.108007 2.522347 2.597481 2.526511 2.436385 2.340595 2.263139 2.232420 2.220985 2.222165
2.288295 2.556193 3.203488 3.822345 4.183643 4.337366 4.345391 4.252126 4.196434 4.207209
4.152305 3.607068 2.688917 2.112434 1.940171 2.152356 2.576179 2.931755 2.915132 2.580390
1.819412 1.964383 1.982723 2.073456 2.040471 1.859585 1.474627 1.301334 1.503412 1.965508
2.538198 2.779791 2.825375 2.678271 2.269100 1.724716 1.360864 1.219475 1.180068 1.183787
1.302001 1.875600 2.883916 3.250821 3.300710 3.313084 3.272427 3.214366 3.208592 3.248131
3.265332 2.850131 1.881627 1.232929 1.167386 1.647987 2.509065 2.991766 2.723374 2.248938
1.263961 1.121274 1.176795 1.275129 1.231579 1.204770 1.102038 1.036435 1.281543 1.810370
2.350828 2.751014 2.991946 2.957395 2.637540 1.896683 1.078468 0.605681 0.476677 0.578378
1.066293 1.929430 2.309199 2.348310 2.364883 2.376402 2.344962 2.298778 2.286640 2.305377
2.336682 2.194036 1.362519 0.720872 0.832777 1.871043 2.872561 3.055809 2.625662 2.074303
1.115735 0.793955 0.759009 0.745359 0.654685 0.596578 0.637697 0.819361 1.134861 1.419033
1.775215 2.452417 2.940894 2.920829 2.464547 1.852649 1.409788 1.192926 1.133367 1.195312
1.338094 1.462439 1.498260 1.479509 1.460124 1.439946 1.412912 1.381528 1.357508 1.355268
1.375800 1.379060 1.260352 1.075951 1.229695 2.332214 3.314667 2.986121 2.243594 1.785616
1.383033 1.008913 0.779651 0.641990 0.469596 0.336966 0.365555 0.646293 0.821650 0.909793
1.312490 2.105598 2.641303 2.662411 2.290232 1.681919 1.190781 0.999461 1.003929 1.069288
1.119351 1.152597 1.118471 1.013335 0.879797 0.739437 0.642056 0.612449 0.674815 0.865727
1.049359 1.056588 0.933750 1.100347 1.863206 2.837431 3.041617 2.486478 1.560618 1.079719
1.382424 1.095374 0.951249 0.799737 0.672435 0.555859 0.444665 0.547909 0.863159 1.127611
1.478053 2.059161 2.636159 2.572867 2.053266 1.651494 1.497292 1.530354 1.646794 1.812477
2.109134 2.499687 2.637913 2.473891 2.157545 1.849988 1.627995 1.573529 1.759898 2.091345
2.264616 2.100920 1.886427 1.904371 2.157109 2.315196 2.094723 1.747334 1.106057 0.733186
1.181515 0.995822 0.943758 0.602534 0.407076 0.352615 0.258861 0.512712 0.996348 1.266543
1.492837 2.191895 3.225429 3.422385 2.772983 2.109096 1.846703 1.780250 1.769166 1.898412
2.377738 2.964898 3.223242 3.210074 3.082981 2.929071 2.830007 2.753504 2.660551 2.446421
2.053721 1.718825 1.581760 1.520511 1.675194 1.684082 1.319866 0.972689 0.819648 0.770432
1.292884 1.198318 1.277753 0.747973 0.107212 0.071253 0.262896 0.652496 0.958490 1.120860
1.255897 2.026357 3.157936 3.673182 3.465957 2.655272 1.799947 1.452174 1.417590 1.444895
1.875357 2.401896 2.607951 2.591291 2.591115 2.707990 2.877207 2.914136 2.742767 2.297075
1.514525 0.908775 0.717822 0.767867 0.979196 1.002434 0.662514 0.298551 0.183569 0.426947
1.168732 1.013975 1.099921 1.001265 0.568551 0.391593 0.419840 0.491392 0.549044 0.629690
0.812195 1.599551 2.575416 3.019766 3.077085 2.632625 1.401762 0.732373 0.663709 0.729806
1.197880 1.647762 1.687122 1.628321 1.677951 1.938010 2.261465 2.311567 2.111215 1.805279
1.231159 0.609636 0.357283 0.315631 0.359688 0.393105 0.411749 0.412345 0.311855 0.580755
0.966888 0.694284 0.836284 0.925331 0.763186 0.579145 0.494528 0.386128 0.238984 0.227733
0.538215 1.231853 1.798631 2.159315 2.254370 2.146224 1.399083 0.295270 0.040091 0.346603
0.919531 1.113517 0.967136 0.839481 0.917656 1.235919 1.506667 1.539540 1.285294 1.047108
0.847823 0.513854 0.345811 0.309170 0.308280 0.323899 0.532731 1.089350 1.136931 1.076985
1.354299 1.177146 1.406494 1.447611 1.190963 0.899889 0.684598 0.518819 0.358072 0.314570
0.492343 0.738857 1.011769 1.292485 1.364063 1.425361 1.292165 0.951170 0.752238 0.849252
1.025427 0.891987 0.658304 0.641783 0.651582 0.811006 0.992012 0.973826 0.671843 0.386038
0.332579 0.319589 0.448961 0.531596 0.523585 0.559106 1.086601 1.750455 1.741153 1.481874
1.668425 1.657187 1.947777 2.062082 1.671778 1.156157 0.746555 0.473620 0.229016 -0.013716
-0.109790 0.180458 0.431610 0.507551 0.466987 0.525975 0.575825 0.673112 0.797560 0.890073
0.969607 0.864444 0.549273 0.473986 0.564954 0.739092 0.763730 0.609524 0.403362 0.243879
0.259262 0.450176 0.611409 0.717340 0.949503 1.247412 1.823923 2.318624 2.257147 1.865360
1.704689 1.741349 2.217210 2.542485 2.353332 1.902883 1.412956 1.074902 0.825301 0.568171
0.340467 0.341869 0.403525 0.294085 0.058142 0.041470 0.124781 0.290122 0.477924 0.595877
0.746789 0.761472 0.527493 0.385830 0.494890 0.621028 0.652001 0.554728 0.485161 0.595065
0.552541 0.456303 0.691463 1.244622 1.940531 2.528771 3.009347 3.182107 2.885753 2.282473
1.638150 1.826378 2.543682 3.152315 3.270290 3.127529 2.780685 2.255092 1.674694 1.266574
1.042523 0.960873 0.823275 0.574882 0.320865 0.245554 0.289659 0.356718 0.383249 0.324363
0.298173 0.286745 0.260384 0.256960 0.204191 0.098281 0.114795 0.344540 0.720962 1.272227
1.697666 1.990250 2.437651 2.960681 3.403300 3.661633 3.834261 3.761851 3.141570 2.425843
1.882760 2.177525 2.964213 3.609690 3.832884 3.919443 3.853268 3.434069 2.721792 2.074797
1.690327 1.638611 1.611081 1.391907 1.112450 0.925272 0.862897 0.900591 0.890310 0.688400
0.450094 0.457088 0.704814 0.946818 0.901719 0.759137 0.806665 1.020634 1.306733 1.977466
2.663816 2.905099 2.925739 2.910926 2.973742 3.176188 3.523814 3.603250 2.869444 2.068662
2.172819 2.636111 3.112009 3.355030 3.401064 3.467377 3.543513 3.513706 3.354271 3.125268
2.990152 2.971565 2.948998 2.844769 2.630420 2.377070 2.191516 2.137020 2.144613 2.065706
1.940638 1.893249 1.808788 1.620763 1.216900 0.926491 0.885547 0.959619 1.289500 2.165673
2.724617 2.693272 2.393718 2.205982 2.266468 2.608935 3.083580 3.210516 2.620444 1.748338
2.079395 2.350673 2.440768 2.426474 2.426014 2.477030 2.536160 2.533091 2.492736 2.443273
2.460682 2.460296 2.441057 2.422935 2.394055 2.337199 2.278023 2.250831 2.255421 2.262538
2.251993 2.228125 2.175632 2.018523 1.597401 0.926555 0.510974 0.656608 1.333013 2.040427
2.354446 2.289755 1.899543 1.498837 1.559240 2.064085 2.468543 2.530954 2.203659 1.643284
1.550445 1.491646 1.503097 1.510493 1.524794 1.532965 1.540180 1.512669 1.495388 1.480895
1.477369 1.461857 1.464237 1.474964 1.494083 1.505276 1.492582 1.482500 1.501059 1.514446
1.514292 1.497703 1.479212 1.442459 1.350250 1.196031 1.025073 0.997337 1.190969 1.431903
1.536777 1.510592 1.411488 1.241571 1.222506 1.398059 1.554954 1.585667 1.478485 1.307518
0.790862 0.627684 0.640609 0.645479 0.638267 0.610864 0.569758 0.543312 0.544512 0.554759
0.546765 0.530860 0.522445 0.517278 0.520242 0.509114 0.498991 0.512596 0.538028 0.551071
0.547669 0.549569 0.560454 0.571876 0.566790 0.552134 0.534350 0.540584 0.580970 0.629756
0.635731 0.618952 0.601352 0.607292 0.627366 0.648111 0.679837 0.703124 0.687839 0.790837
2.830101 3.038576 3.289605 3.279397 3.258843 3.325306 3.378972 3.345465 3.344465 3.471853
3.640049 3.715236 3.684874 3.609555 3.532622 3.491068 3.470161 3.205977 3.045027 3.452435
2.663435 3.128788 3.734232 3.612528 3.438900 3.646245 3.995934 4.127536 4.035274 3.867241
3.706999 3.548293 3.390047 3.301755 3.359414 3.596475 4.007711 3.846225 3.653249 4.072493
3.015559 4.967087 5.850540 5.624840 5.122353 4.864449 4.876517 4.843341 4.580301 4.060441
3.572346 3.361050 3.247251 3.044959 3.155658 4.037359 5.292706 5.321576 4.946900 4.703032
4.094512 6.107673 6.523427 6.293919 5.966320 5.483167 5.117705 4.927790 4.792501 4.490928
4.117585 4.152990 4.616267 4.753324 4.735466 5.515147 6.217851 6.233609 5.728465 4.950501
4.273609 5.597309 5.719091 5.575291 5.472243 5.051005 4.211152 3.775558 3.935587 4.374017
4.652299 4.932274 5.719854 6.353079 6.516612 6.874421 7.008663 6.741463 6.091807 5.059145
4.021559 4.839947 4.704675 4.570068 4.516781 3.886484 2.714629 2.453352 2.583438 3.405120
4.646383 5.403037 6.167397 6.683759 6.869633 7.087967 7.037695 6.832249 6.238689 5.096519
3.644039 4.042979 3.620449 3.513604 3.553695 3.086646 1.630774 1.382908 1.415352 2.467046
4.634744 5.606790 6.022539 6.179893 6.147187 6.281480 6.352716 6.373261 5.928329 4.925773
3.309981 3.447319 2.692105 2.569969 2.762425 3.113772 1.847020 0.653476 0.900269 2.705823
4.737393 5.236304 5.428942 5.427404 5.265377 5.292150 5.494606 5.799222 5.569654 4.727482
3.732907 5.094696 3.867385 3.250442 3.782706 4.399184 3.850801 2.979968 3.071814 3.803438
4.306759 4.425070 4.463595 4.437665 4.364918 4.454664 4.790309 5.388197 5.317473 4.592473
4.378107 6.400269 6.838151 6.963876 6.709187 5.875798 4.536283 3.624437 3.382321 3.456075
3.552009 3.528294 3.498432 3.459282 3.429433 3.551208 3.978311 4.854475 4.923053 4.442614
3.892339 5.439258 6.272113 6.817748 6.982839 6.564056 5.712671 4.527682 4.024776 3.766298
3.167670 2.691481 2.515731 2.465841 2.466594 2.649682 3.413574 4.564832 4.393642 4.142630
2.928990 3.849867 5.029191 5.707900 6.060038 6.218339 6.322044 6.192035 5.930864 5.664974
5.085113 3.888481 2.965900 2.605726 2.501277 2.996706 4.653869 4.657589 3.772866 3.691871
2.385288 2.800160 3.901060 4.687919 5.078962 5.357630 5.606117 5.750752 5.822397 5.879466
6.059615 6.216962 6.209222 6.019485 5.688932 5.437702 5.368472 4.654593 3.456879 3.407976
2.008860 2.055529 2.653884 3.378470 4.043754 4.580131 4.856725 4.940440 5.009669 5.066735
5.236921 5.480814 5.662249 5.763700 5.685103 5.510388 5.402409 4.844387 3.720110 3.383065
1.935770 1.722362 1.866328 2.177757 2.818582 3.660316 3.907262 3.673425 3.549078 3.557621
3.785918 4.201518 4.587809 4.900677 5.028831 5.049382 5.017384 4.632737 3.686117 3.359925
2.559434 2.667240 2.542766 2.387422 2.657269 3.198992 3.052983 2.539951 2.321287 2.358831
2.661794 3.180235 3.659453 4.014137 4.175414 4.216566 4.229105 3.993547 3.483203 3.430925
3.152438 3.494435 3.560920 3.484929 3.431523 3.346079 3.034443 2.341420 2.052893 2.240588
2.665722 2.943800 3.081656 3.220034 3.302922 3.322289 3.340092 3.235260 3.032351 3.281656
2.604808 2.555170 2.561369 2.527884 2.518590 2.511730 2.462141 2.386010 2.324195 2.326407
2.357150 2.355316 2.332836 2.347850 2.395245 2.419307 2.433749 2.387906 2.347044 2.766056
1.727538 1.510849 1.488009 1.479217 1.491869 1.493177 1.480085 1.456442 1.435750 1.425072
1.424469 1.415660 1.396626 1.401051 1.430492 1.445327 1.455029 1.435614 1.467604 1.993053
4.103420 4.503768 4.365879 4.268690 4.224931 4.200471 4.172676 4.156408 4.162796 4.150919
4.126490 4.110313 4.103621 4.143229 4.216400 4.314981 4.364711 4.332432 4.329597 4.324378

