-0.035451 0.619575 0.773031 0.874309 0.840030 1.003065 0.968885 0.910799 0.969116 0.975081
0.992763 1.131412 1.303760 1.084123 0.880553 0.802093 0.773510 0.972784 1.024934 1.070692
1.120689 1.123962 1.089208 1.116175 1.113463 1.076443 0.987124 0.980223 0.997591 0.985492
1.001897 0.979829 0.912618 0.866710 0.903006 0.930770 0.977263 1.083989 1.030082 1.066035
-0.578962 0.175321 0.374418 0.335807 0.280608 0.396632 0.423049 0.334429 0.384029 0.507258
0.546624 0.581826 0.554194 0.427738 0.210435 0.356472 0.355455 0.234424 0.413850 0.562581
0.616359 0.611691 0.583825 0.630839 0.574833 0.562011 0.438574 0.419708 0.554339 0.612792
0.433892 0.394866 0.409029 0.330665 0.480867 0.483866 0.590099 0.753367 0.607071 0.814854
-0.744433 0.117939 0.552704 0.643196 0.454668 0.549811 0.679789 0.539942 0.471679 0.659553
0.717658 0.703835 0.667369 0.735507 0.541819 0.509938 0.488592 0.570503 0.509002 0.527050
0.628535 0.641794 0.647770 0.794507 0.750665 0.667080 0.639355 0.558283 0.637701 0.733078
0.681329 0.690116 0.675498 0.661500 0.593012 0.639021 0.740326 0.927229 0.761277 0.864265
-0.732760 0.106652 0.580277 0.838463 0.412530 0.546697 0.537707 0.519109 0.678694 0.675927
0.788402 0.801350 0.552402 0.715951 0.796833 0.529742 0.614324 0.663420 0.619398 0.672133
0.583977 0.611526 0.654414 0.751675 0.777529 0.595486 0.587617 0.690574 0.708042 0.672132
0.648673 0.576105 0.624843 0.666397 0.627745 0.646238 0.618440 0.815606 0.747490 0.915541
-0.774301 0.084142 0.612917 0.955417 0.468953 0.240470 0.604352 0.620419 0.706043 0.608221
0.864768 0.923541 0.483538 0.409819 0.461981 0.512368 0.614962 0.566339 0.703980 0.625339
0.586485 0.742868 0.653619 0.610099 0.688905 0.538492 0.601060 0.735976 0.801628 0.681132
0.672298 0.601706 0.578174 0.549641 0.642125 0.651396 0.650881 0.863861 0.726321 0.958423
-0.815537 -0.154062 0.308679 0.686502 0.608485 0.286355 0.597460 0.709823 0.606230 0.620645
0.609154 0.547679 0.435890 0.353310 0.335308 0.436957 0.455169 0.594453 0.764683 0.664846
0.609485 0.652863 0.660011 0.708095 0.623972 0.521100 0.675710 0.655391 0.658441 0.602887
0.683873 0.590760 0.581753 0.488208 0.626445 0.662465 0.677800 0.850460 0.725673 1.002355
-0.784991 -0.103996 0.372042 0.616531 0.787165 0.572888 0.509321 0.473943 0.606482 0.615087
0.654849 0.685293 0.571638 0.545090 0.503431 0.531462 0.578822 0.659008 0.608848 0.741355
0.590039 0.506549 0.630277 0.797849 0.711939 0.569169 0.438004 0.580081 0.605909 0.573036
0.573982 0.559046 0.633483 0.600876 0.603166 0.675823 0.698488 0.859254 0.746533 0.997022
-0.685650 -0.017798 0.425059 0.351066 0.536710 0.474590 0.525742 0.516761 0.645155 0.781031
0.627127 0.600575 0.426001 0.433166 0.620824 0.692238 0.695703 0.641348 0.515641 0.674681
0.556019 0.527807 0.592196 0.728832 0.767227 0.686426 0.446355 0.520245 0.624400 0.604317
0.541734 0.616729 0.633635 0.616805 0.639562 0.702678 0.607554 0.848880 0.844213 1.002423
-0.512808 0.033341 0.542145 0.363684 0.341445 0.457078 0.522362 0.510034 0.626235 0.798232
0.567629 0.490029 0.481431 0.521346 0.665890 0.738641 0.800077 0.634866 0.475661 0.561710
0.705493 0.518415 0.534498 0.667421 0.689585 0.604111 0.565392 0.451286 0.539444 0.570700
0.530431 0.507491 0.620315 0.587751 0.555965 0.624899 0.639068 0.812611 0.689310 0.948028
-0.575379 0.036601 0.473132 0.452789 0.343536 0.513340 0.602876 0.488790 0.563529 0.621233
0.598024 0.590304 0.483320 0.704861 0.887589 0.779171 0.705983 0.688427 0.557095 0.603060
0.748351 0.743416 0.543282 0.511924 0.554318 0.596085 0.521611 0.536375 0.585396 0.527797
0.502050 0.526812 0.611539 0.586017 0.542709 0.586836 0.613927 0.707264 0.585264 0.905704
-0.623750 0.081209 0.419388 0.488515 0.513746 0.655624 0.708181 0.610583 0.685230 0.652271
0.508367 0.512047 0.552683 0.654358 0.859270 0.888986 0.672388 0.654669 0.642788 0.757667
0.791699 0.702964 0.616203 0.613984 0.551903 0.675717 0.671805 0.601304 0.517009 0.568767
0.541174 0.604873 0.652999 0.604620 0.516672 0.659043 0.636800 0.666981 0.606120 0.926486
-0.639904 0.156546 0.501091 0.493810 0.542323 0.779669 0.680510 0.543553 0.651759 0.799005
0.447856 0.483952 0.757418 0.850138 0.740776 0.634742 0.388696 0.571187 0.684767 0.581198
0.539009 0.624279 0.606455 0.742790 0.775465 0.613831 0.695457 0.782446 0.591044 0.545207
0.510827 0.621751 0.649014 0.622365 0.545655 0.666559 0.761638 0.721573 0.545697 0.922512
-0.583297 0.204984 0.545392 0.519467 0.661896 0.848001 0.687423 0.547210 0.518551 0.651706
0.543507 0.785088 1.092281 1.282638 1.252946 1.080967 1.145533 0.593591 0.759502 0.453592
0.468657 0.655468 0.725335 0.749267 0.874329 0.683104 0.618770 0.730349 0.599627 0.490399
0.542968 0.545364 0.612983 0.670822 0.618364 0.738128 0.850998 0.736043 0.466612 0.881263
-0.634556 0.164195 0.471860 0.544709 0.558569 0.922497 0.791448 0.465882 0.540892 0.684413
0.619712 0.953250 1.344198 1.241081 1.358865 1.651141 1.030544 0.983462 0.662542 0.605165
0.531264 0.578093 0.698983 0.793484 0.799492 0.631119 0.443946 0.587741 0.594323 0.592278
0.531653 0.430312 0.570062 0.710717 0.700511 0.776413 0.905650 0.763945 0.389788 0.878896
-0.660352 0.066285 0.515271 0.649559 0.548944 0.857706 0.830956 0.454539 0.499389 0.584566
0.464054 0.724469 1.075873 1.303892 1.280988 0.771316 -0.727274 -0.219951 0.598592 0.855076
0.680928 0.747982 0.700111 0.716690 0.692468 0.629141 0.635086 0.624339 0.550859 0.562291
0.590549 0.518092 0.588461 0.588736 0.668951 0.760277 0.981092 0.849517 0.433699 0.950455
-0.625222 0.230503 0.528217 0.582145 0.551577 0.791482 0.778396 0.389167 0.288027 0.681399
0.579625 0.458362 0.679926 0.744227 1.240068 0.963723 -0.357486 0.024524 0.392498 0.657871
0.768900 0.694468 0.595633 0.656511 0.641065 0.680642 0.650968 0.648107 0.549432 0.608154
0.750417 0.616294 0.587727 0.673970 0.535353 0.617357 0.975551 0.811137 0.446133 0.833742
-0.658591 0.148448 0.493113 0.583418 0.481077 0.690146 0.775952 0.535492 0.487828 0.657434
0.591965 0.539927 0.540857 0.568939 0.677922 0.765969 0.849949 0.623246 0.527229 0.641150
0.653951 0.600579 0.647485 0.660915 0.689678 0.678250 0.767655 0.773026 0.618316 0.632489
0.664861 0.701875 0.677951 0.618938 0.559350 0.620321 0.696582 0.783221 0.615269 0.784907
-0.709198 0.085727 0.562191 0.687917 0.540432 0.701335 0.748319 0.671134 0.622922 0.565435
0.609193 0.706739 0.657105 0.681367 0.642825 0.615285 0.854148 0.823119 0.603873 0.559279
0.580645 0.557087 0.649462 0.676239 0.704553 0.663084 0.735370 0.760875 0.672819 0.411750
0.412487 0.639560 0.720081 0.648765 0.651916 0.552062 0.609259 0.756702 0.626504 0.928909
-0.622304 0.216429 0.531337 0.721274 0.579166 0.647251 0.917221 0.852204 0.662807 0.594835
0.612358 0.605302 0.568737 0.679827 0.661413 0.683459 0.784132 0.750110 0.503349 0.457678
0.636352 0.589382 0.650110 0.569707 0.640592 0.645861 0.668603 0.666052 0.611596 0.386450
0.327600 0.491343 0.626300 0.655814 0.698137 0.665488 0.700318 0.933173 0.770687 1.098056
-0.745936 0.038278 0.610921 0.981584 0.825971 0.746518 0.968039 1.070981 0.911441 0.837430
0.639571 0.579755 0.598498 0.698264 0.736780 0.667225 0.655406 0.682150 0.536451 0.417301
0.418048 0.646061 0.685922 0.614496 0.572366 0.579019 0.653848 0.647055 0.573233 0.492716
0.500033 0.578578 0.701491 0.769549 0.801914 0.891219 0.838143 1.039062 0.872615 1.151648
-0.397660 -0.019961 0.554026 1.009550 0.970159 0.439603 -0.071497 -0.168994 0.229681 0.487008
0.639981 0.592315 0.588431 0.592414 0.627846 0.522126 0.655383 0.622638 0.533954 0.605258
0.522503 0.584126 0.625339 0.694213 0.602099 0.587846 0.666544 0.674772 0.699528 0.720552
0.696641 0.688783 0.814811 0.907444 0.768293 0.709053 0.816891 1.008478 0.887318 1.039523
-0.352312 -0.222473 0.409988 1.052560 0.207248 -0.416656 -0.165826 -0.188570 0.106624 0.469344
0.711530 0.588324 0.697734 0.571741 0.622147 0.585560 0.608500 0.620892 0.662145 0.738657
0.688340 0.534663 0.633396 0.758981 0.706064 0.668022 0.650273 0.640326 0.754655 0.789519
0.743853 0.818229 0.872119 0.863571 0.753513 0.733835 0.728599 0.887440 0.962469 1.102040
-0.230870 0.660857 1.705921 0.856117 0.161320 0.968271 1.507295 1.043960 0.138578 0.768334
0.716007 0.734146 0.698132 0.519112 0.552262 0.637690 0.704209 0.658640 0.637388 0.598019
0.658844 0.626331 0.645531 0.785975 0.809464 0.795894 0.777460 0.735606 0.799654 0.827487
0.897508 0.824457 0.685030 0.732861 0.776775 0.784318 0.926277 1.053318 0.990680 1.205123
0.038043 -0.010395 0.580353 0.779415 0.960009 1.277239 1.478479 1.383531 0.315351 0.330279
0.529557 0.511360 0.746326 0.578403 0.489827 0.595722 0.837399 0.733197 0.682759 0.817201
0.881317 0.894181 0.929032 0.865444 0.901711 0.904356 0.818006 0.774883 0.809767 0.856216
0.844820 0.764837 0.676198 0.816176 0.993618 0.992390 0.894157 0.867178 0.612371 0.607414
0.403116 0.355670 0.712190 0.821408 1.214060 0.971967 0.998343 1.138201 1.069517 0.644594
0.691102 0.666995 0.724106 0.794320 0.709504 0.705813 0.799323 0.804088 1.006095 1.062294
0.919618 0.851916 0.992971 0.935371 0.797699 0.826812 0.766848 0.775930 0.813627 0.776003
0.793521 0.915100 1.006394 1.117632 1.303310 1.169003 0.982312 0.743931 0.099862 0.806397
0.337134 0.168673 0.165394 0.505583 0.610679 0.148932 0.414366 0.806441 1.194432 0.821037
0.051197 0.287109 0.749415 0.900109 0.720548 0.817344 0.858333 0.885158 1.121815 1.035751
0.755110 0.441248 0.695451 0.844180 0.808124 0.721913 0.824118 0.925247 0.853679 0.867655
0.881915 1.020142 1.005649 0.796293 0.752831 1.441757 1.256215 0.167754 0.872596 1.802906
-0.110857 0.098755 0.624448 0.312039 0.271987 0.424449 0.928939 0.744656 0.975112 1.225446
0.282301 -0.446122 0.540837 0.856773 0.777267 0.862229 0.910256 0.916371 0.750486 0.268872
0.553552 0.609312 0.515033 0.668131 0.681392 0.625656 0.608811 0.790025 0.939884 0.839037
0.690876 0.546286 0.341688 -0.876332 -0.179611 0.499479 0.518657 0.156465 1.269109 1.706723
0.166440 0.370316 1.135297 0.884660 0.795508 0.671386 0.690628 0.751799 0.427068 0.611906
-0.154641 -0.694141 0.526218 0.844250 0.972777 1.086591 1.256477 0.836076 -0.305369 -0.357520
0.311240 0.918658 0.837588 0.770912 0.414329 0.422232 0.538810 0.544235 0.867856 0.872940
0.960417 -0.238875 -0.341687 0.070078 0.482024 0.840598 -0.136460 0.406922 1.057967 1.047477
0.458591 0.188771 0.487126 0.691150 0.755043 0.159403 -0.152825 0.637461 0.924205 0.533779
0.284803 -0.309243 0.633780 1.016909 1.218612 1.728827 1.816258 0.219341 -0.602268 0.149150
0.473460 0.891090 0.769288 -0.013082 -0.477274 0.110368 0.407788 0.645528 0.993464 0.532963
0.421545 -0.291424 0.285595 2.214840 1.234028 1.384735 1.680925 0.519241 0.013752 0.505760
-0.251479 0.000105 0.172375 0.641893 1.357629 1.356198 0.733584 0.662012 0.825713 0.516774
0.301152 -0.121616 0.982272 1.072952 1.093581 1.998058 1.073822 -0.679476 -0.667626 0.226944
0.291434 0.981568 0.648058 0.289479 0.578910 0.756745 1.016621 1.041804 0.425967 0.678966
1.297008 -0.245020 0.806929 1.343466 0.212694 0.343967 0.394112 0.947112 0.977002 1.066535
-0.085136 0.420676 0.595686 0.053019 0.583557 1.185961 0.941025 0.435247 1.528839 0.979284
0.600582 0.536567 1.450047 0.799150 1.027560 1.865664 0.669855 -0.055768 0.401619 0.709565
0.498743 1.120049 0.704755 1.131097 1.588660 0.717712 1.659493 1.173230 1.245269 1.456077
0.549891 0.228919 0.450294 0.608612 0.161895 0.006982 -0.360375 0.345333 1.207626 1.189137
-0.089443 0.161355 0.357460 0.202665 0.343450 0.763466 0.972598 1.119667 0.982858 1.329361
0.191615 0.295037 0.663247 0.220488 0.856106 1.064889 -0.490295 -0.615877 0.716659 1.053715
1.084122 1.193739 1.257498 1.194602 0.574208 0.094545 0.338717 0.167663 0.875562 2.177868
0.441296 0.506669 0.064088 0.325529 1.210728 0.267071 -0.589971 0.019871 0.838697 1.305662
-0.147521 0.305369 0.465278 0.607081 0.296193 0.456805 0.251864 1.474771 0.576445 0.372266
0.609054 0.573180 1.028964 1.389977 1.234471 1.006905 0.291803 0.006657 0.401988 0.083784
0.708423 0.662513 0.951851 0.737353 0.623792 0.108530 0.422879 0.548367 0.283737 1.166964
0.991993 0.815109 0.445428 0.180670 0.843832 0.665092 0.267820 0.805810 0.941036 0.819161
-0.187302 0.586524 0.315490 0.241506 0.519366 0.330963 0.435245 0.983461 0.700125 0.080969
0.578209 0.820160 0.603434 0.777651 0.680072 1.052118 0.576933 0.175349 -0.328362 -0.866424
0.132511 0.369928 1.487046 0.890879 1.077484 0.934071 -0.224977 0.352961 0.340378 -0.099283
0.365325 1.275130 0.821285 -0.626563 -0.084624 0.290765 0.596274 0.955551 0.938082 0.699381
-0.029674 0.670037 0.659403 0.110296 0.164627 0.022062 0.214268 0.610348 0.324027 0.592061
0.810127 0.863079 1.126232 1.035363 1.074972 1.399919 1.333914 0.255582 0.683224 1.022920
0.580038 0.270289 0.878636 1.574417 1.540747 1.225564 0.341518 0.145224 1.151201 0.468225
0.319105 0.708776 0.642532 0.196868 0.149705 0.363041 0.629283 0.760453 1.073499 0.817649
0.045055 0.245593 0.738687 0.347234 0.167542 0.042160 0.519920 0.598278 -0.145942 0.000228
0.773863 0.882893 0.519307 0.512790 0.450427 0.820645 0.451117 -0.105540 0.539556 1.049990
0.297476 0.196623 -0.200381 0.965222 1.310442 0.471097 0.575575 -0.133068 1.009554 1.390015
0.778060 0.521489 1.194510 1.542404 1.420591 1.168597 0.914126 1.083941 0.879007 0.753381
-0.018533 0.060185 0.557635 0.517453 0.420645 0.131104 0.553340 0.467117 -0.414071 -0.742217
0.423217 0.715968 0.326349 0.496762 0.654221 0.750361 0.630708 0.350263 -0.110534 0.505101
0.672243 0.868552 0.659727 0.968565 1.339158 0.957979 1.206756 1.466943 1.344436 0.653896
0.479339 0.605811 1.738451 2.070003 0.943756 0.446460 0.676357 1.357691 1.003925 0.770660
-0.176820 -0.074101 0.694330 1.113861 0.265028 0.657815 1.127379 0.604874 -0.343799 -0.394768
-0.290824 0.380547 0.740422 0.987592 1.436099 1.074998 0.921866 1.486935 0.238474 -0.243572
0.424981 0.553496 0.903793 1.216221 0.534633 0.576804 1.326229 1.431236 0.701698 0.078367
0.581159 0.674383 1.223192 1.456419 0.256755 0.082957 1.340982 1.591906 1.244984 0.935875
0.260665 0.090249 0.423884 0.776362 0.423677 1.124300 1.620923 0.995928 -0.055637 0.481792
-0.175432 0.485275 0.985285 1.314840 1.279461 0.733961 -0.493449 0.456442 0.633790 0.598129
0.944829 0.678549 0.989147 1.543948 1.210322 0.656783 1.638300 1.285532 0.980937 0.833229
0.324714 0.620102 1.061975 0.808242 0.620362 0.203291 0.285060 0.753563 0.842682 0.958305
0.488700 0.640920 0.842620 1.144309 1.023454 1.109421 1.293453 0.777797 -0.206297 0.474910
0.787838 0.793479 0.940694 1.582814 0.987725 0.718705 0.367041 0.639231 1.290606 1.125158
1.289328 1.395212 1.428894 1.557209 1.275947 0.938862 1.089778 1.206940 0.966656 0.911838
0.620150 0.505994 1.024588 0.846816 0.829988 0.904828 0.998211 1.091689 1.188509 1.018271
-2.000787 -1.699672 -1.859004 -2.117503 -1.758300 -1.782615 -2.218469 -1.703221 -1.891975 -1.840351
-1.827107 -1.720437 -1.716147 -2.366806 -1.504774 -1.826748 -1.799874 -2.020582 -1.776531 -1.801574
-1.864847 -1.823635 -1.648573 -1.813462 -1.680293 -1.871018 -1.724581 -1.661339 -1.610986 -1.968741
-1.881605 -2.031705 -1.835003 -1.817919 -1.644870 -1.640153 -1.559431 -1.719684 -2.202231 -1.095208
-1.016562 -1.022025 -1.514799 -1.589488 -1.165947 -1.821887 -1.917140 -1.117137 -1.612450 -1.705900
-1.754626 -1.520381 -1.379143 -1.422928 -0.832652 -1.193342 -1.161920 -1.710824 -1.583025 -1.558627
-1.840495 -1.696124 -1.422007 -1.747606 -1.630590 -1.718841 -1.474622 -1.394831 -1.684408 -1.916481
-1.427385 -1.350842 -1.545726 -1.740286 -1.682095 -1.948113 -1.610379 -1.725121 -2.585957 -0.965514
-0.973244 -0.045645 -1.276878 -1.735050 -1.050323 -1.282756 -1.216206 -1.116630 -1.311229 -1.209654
-1.603078 -1.401770 -1.509851 -0.784957 -0.963404 -0.745910 -1.137409 -1.163344 -1.346225 -1.452092
-1.366552 -1.320572 -1.318099 -1.350932 -1.145243 -1.259695 -1.204123 -1.453712 -1.492780 -1.207396
-1.048615 -1.120244 -1.287074 -1.310276 -1.612751 -1.478756 -1.232101 -1.277415 -2.433615 -0.819631
-1.054250 0.228907 -1.565432 -2.333555 -1.256929 -1.058877 -1.220379 -1.392159 -1.287420 -1.216897
-1.175992 -0.904549 -1.274241 -0.148909 -1.144334 -0.760845 -1.096657 -0.970184 -1.247731 -1.086485
-1.120270 -1.316575 -1.424088 -1.135787 -1.219807 -1.158104 -1.153809 -1.254307 -1.069227 -1.156926
-1.291600 -1.419007 -1.299531 -1.172468 -1.350082 -0.820240 -1.048802 -1.171848 -2.199346 -0.595541
-1.286190 0.271496 -1.318852 -1.553009 -0.532275 -0.895742 -0.856924 -1.077661 -1.608672 -0.915792
-0.750167 -0.774476 -0.949461 -0.223540 -1.420601 -0.913490 -1.335109 -1.053537 -0.666563 -1.390113
-0.986122 -1.003078 -1.252090 -1.337571 -1.507124 -1.335597 -1.162273 -1.288579 -1.099188 -1.380736
-1.432964 -1.155000 -1.006163 -1.105671 -0.873083 -0.825683 -1.198430 -1.159129 -1.992369 -0.611710
-1.283057 0.311238 -0.744483 -0.433032 -0.352803 -1.080090 -0.625579 -0.895147 -1.618189 -0.566408
-0.844520 -1.590893 -1.120204 -1.018226 -1.267090 -0.876909 -1.622228 -1.178160 -1.067345 -1.550682
-0.530178 -0.821199 -1.013427 -1.226252 -1.727979 -1.209917 -0.893943 -1.157084 -1.424008 -1.276298
-0.895183 -1.052294 -1.060333 -1.050041 -0.873401 -1.213160 -1.095807 -0.947355 -1.887067 -0.621647
-1.171754 -0.002148 -0.851329 -0.767704 -0.873175 -1.411311 -1.007183 -0.611721 -0.962177 -0.677888
-1.155564 -1.628112 -0.431315 -0.842981 -1.102949 -1.125581 -1.428088 -1.117536 -1.441034 -0.993680
-0.980888 -1.215257 -0.903719 -1.047223 -1.248711 -0.578602 -0.948029 -0.856324 -1.280855 -1.017431
-0.745165 -0.948234 -1.298755 -1.171404 -1.266039 -1.385156 -1.088823 -0.902102 -1.826662 -0.704778
-1.113531 -0.373604 -1.094405 -1.207200 -0.977651 -1.048786 -1.401909 -1.033954 -0.872029 -1.185006
-1.051061 -0.761842 0.017516 -1.226292 -0.933127 -1.520396 -1.186211 -1.251027 -1.024383 -0.841653
-1.471229 -1.587918 -0.994431 -1.214919 -0.988191 -0.840649 -1.355770 -1.081061 -1.076196 -1.023096
-1.013405 -0.810487 -1.375889 -1.123402 -0.989195 -1.184448 -1.278863 -0.988789 -1.735347 -0.785420
-0.980272 -0.437132 -0.956811 -0.903288 -1.086676 -1.072450 -1.278508 -1.139071 -1.252632 -1.457920
-1.150185 -0.920161 -0.957233 -1.607198 -1.103844 -1.264190 -0.880963 -0.933532 -0.755082 -1.059911
-1.165210 -1.528483 -0.971273 -1.170720 -0.882591 -1.189661 -1.363902 -1.391047 -0.981383 -1.160177
-1.180783 -1.025596 -1.261896 -1.035299 -1.047507 -1.271577 -1.117507 -0.728903 -1.936267 -0.820457
-0.874498 0.106409 -0.653770 -1.064530 -1.287656 -0.940067 -1.048982 -0.733688 -1.052392 -1.527892
-0.664797 -0.755667 -1.403009 -1.210904 -0.928201 -1.052507 -1.121878 -1.353426 -1.419034 -1.043690
-0.894915 -1.311352 -0.825194 -1.016390 -0.657808 -1.005829 -1.372529 -0.989734 -0.675038 -1.136253
-1.051969 -1.030852 -1.208560 -1.152180 -1.058076 -1.075525 -0.766246 -0.966449 -1.885046 -0.822625
-0.972145 0.100442 -0.911106 -1.115877 -1.296075 -0.742774 -1.189161 -0.840330 -0.551077 -1.175498
-0.443934 -1.002839 -1.135276 -1.137800 -1.005983 -0.674894 -1.021154 -1.374843 -1.696381 -0.772982
-0.822251 -1.432495 -0.890838 -0.776463 -0.900230 -1.131384 -1.476637 -0.879285 -1.094619 -1.129300
-1.080033 -0.712430 -1.026430 -1.155825 -1.057992 -0.831536 -0.786122 -1.391669 -1.737557 -0.887375
-0.937842 -0.254708 -1.100072 -1.061617 -1.183794 -0.660282 -1.361069 -0.892051 -0.458104 -1.059084
-1.069873 -1.348300 -1.182940 -1.744301 -1.357557 -0.194637 -0.523601 -0.744391 -0.851842 -0.997933
-1.042341 -1.291133 -0.997958 -1.171230 -1.398269 -1.436907 -1.222003 -1.032686 -1.433238 -1.124821
-1.097682 -0.550417 -0.900698 -1.081681 -1.205595 -1.156832 -0.969558 -1.607788 -1.496514 -0.766507
-0.953178 -0.141119 -1.338995 -1.013426 -0.856624 -0.850189 -1.340034 -0.927222 -0.953716 -1.450847
-1.553200 -1.030233 -1.285137 -2.855653 -1.638876 -0.538568 -1.248772 -0.843142 -0.810346 -1.443144
-1.153110 -1.130218 -1.088499 -1.583020 -1.677051 -1.202072 -0.533594 -0.864711 -1.379815 -1.089240
-1.163952 -1.078325 -0.998131 -1.250998 -1.267695 -1.105514 -0.731929 -1.487401 -1.079392 -0.681798
-1.081052 0.049476 -1.313553 -1.026795 -0.742796 -1.241328 -1.746390 -1.136782 -0.661776 -1.398665
-0.922996 -0.596374 -0.810063 -1.566322 2.778318 -0.444881 -3.472883 -0.420594 -0.637474 -1.348403
-1.162466 -1.129071 -1.086126 -1.146831 -0.928661 -1.099166 -0.850562 -1.072999 -1.065111 -0.751414
-1.313003 -1.256933 -0.974102 -1.203287 -1.025160 -0.769895 -0.432165 -1.476897 -0.719007 -0.269113
-1.239400 0.172891 -0.985822 -1.067526 -1.063447 -1.391570 -1.761381 -0.921137 -0.109402 -1.079447
-0.597953 -0.782798 -0.895233 -1.269274 2.860154 1.109148 -3.806888 -0.144267 -0.431223 -1.438783
-1.411972 -1.127356 -1.005252 -0.974984 -0.960102 -1.094871 -1.111563 -1.222616 -1.260762 -0.765095
-1.111534 -1.226075 -1.004311 -1.302228 -1.079239 -0.970521 -0.650055 -1.492444 -0.612044 -0.218235
-0.984113 0.088233 -1.041350 -1.517273 -1.176569 -0.872063 -0.970515 -1.408508 -0.939406 -1.240870
-1.269514 -1.298310 -0.905907 -1.377446 -0.478990 -0.596958 -2.428566 -1.945905 -1.493764 -1.234946
-0.803922 -1.049096 -1.043572 -1.195089 -1.208357 -1.214424 -1.187853 -1.505864 -1.504563 -0.722940
-0.977030 -1.391204 -1.112628 -1.131861 -1.047431 -1.145034 -0.798551 -1.373533 -0.655125 -0.442202
-1.188979 -0.212012 -1.254621 -1.606500 -0.848672 -0.652601 -1.191259 -1.677225 -0.734242 -1.249559
-1.551864 -1.135986 -0.842736 -1.255095 -1.067779 -0.779988 -1.261826 -1.712444 -1.291792 -0.599905
-1.030111 -1.446846 -1.453407 -1.311599 -1.134766 -1.241808 -1.131323 -1.393313 -0.996491 -0.735047
-0.874633 -1.148559 -0.906745 -1.162662 -1.096204 -0.984954 -1.067110 -1.050136 -1.108982 -0.926830
-1.301556 -0.410730 -0.913260 -1.539813 -0.897963 -0.530563 -1.207733 -1.231782 -0.820322 -1.375514
-1.237300 -0.806436 -1.049291 -1.252778 -1.320851 -0.993774 -1.192864 -1.135462 -0.881947 -0.719008
-1.044429 -1.181402 -1.170439 -1.111274 -0.862815 -1.320840 -0.908170 -0.763590 -0.574953 -0.834870
-0.964233 -1.011263 -1.075522 -1.067813 -1.188473 -1.045051 -1.035389 -0.600416 -1.674849 -0.943176
-0.989122 0.023950 -0.789492 -1.103109 -0.743908 -0.364047 -0.832040 -1.161524 -1.496644 -1.411445
-0.863273 -1.011693 -1.181299 -1.251754 -1.337819 -1.043619 -1.409300 -1.280106 -0.882249 -0.786305
-0.964997 -1.068022 -1.008802 -1.217299 -0.929747 -1.031637 -1.027920 -0.753684 -1.270955 -1.545577
-1.183007 -1.093586 -1.332305 -1.118337 -1.146606 -1.063439 -1.090351 -0.799820 -2.013294 -0.863515
-0.837549 -0.035734 -0.616746 -0.951696 -1.262599 -0.676697 -0.967751 -1.164407 -1.085203 -1.134585
-1.230288 -1.329158 -1.140388 -1.013223 -1.205672 -1.253848 -1.505407 -1.090489 -1.092884 -1.143724
-1.142280 -1.028494 -1.180718 -1.341606 -0.864959 -0.882080 -0.874513 -1.174970 -1.615084 -1.682849
-1.095639 -1.116245 -1.371458 -1.144047 -1.286503 -1.097902 -1.058018 -0.954218 -1.971304 -0.811264
-0.874631 -0.417851 -0.206204 -1.086359 -1.989294 -1.263519 -1.497020 -1.053981 -0.891169 -1.086060
-1.220761 -1.300685 -1.198799 -1.019182 -1.028067 -1.102277 -1.118512 -0.711806 -1.109367 -1.328647
-1.095929 -1.031464 -1.252600 -1.231781 -1.044720 -1.012142 -1.077716 -1.130185 -1.172350 -0.857585
-1.093503 -1.231427 -1.109158 -1.104590 -1.195477 -1.078465 -1.017924 -0.859601 -1.720487 -0.726370
-1.842305 -0.583648 -0.633956 -1.905897 -1.558571 -0.907589 -2.362799 -2.169113 -1.187280 -0.242782
-0.925032 -1.317878 -1.220752 -1.101824 -1.038799 -1.021211 -1.419795 -1.029779 -0.763889 -0.910015
-0.945765 -1.283779 -0.957628 -1.093029 -1.079857 -1.187044 -1.265478 -0.889166 -0.758032 -0.833739
-1.303035 -1.403382 -1.035759 -1.132043 -1.254863 -0.963146 -0.913820 -1.103822 -1.984680 -0.677576
-1.154737 -0.703295 -2.035901 -2.208294 0.672696 1.333005 -2.364530 -2.477810 -2.025732 0.529735
-0.322747 -0.671331 -1.031235 -1.298633 -0.957608 -1.088127 -1.161924 -0.933178 -1.087427 -1.087156
-1.308633 -1.301332 -0.755413 -1.020396 -0.927318 -1.212256 -1.195829 -0.948672 -1.163555 -1.360162
-1.317037 -1.069558 -0.928322 -0.996019 -1.324272 -1.210293 -0.895520 -0.873252 -2.071218 -1.194853
1.048312 -1.317815 -1.538318 1.685793 0.965744 -1.043400 -1.808448 -0.937746 -0.815792 -0.771151
-0.574735 -0.287453 -1.163784 -1.174353 -1.052858 -0.882546 -0.769746 -0.636030 -1.370663 -1.262256
-1.317864 -1.168749 -0.945271 -1.249260 -1.341256 -1.200565 -1.192856 -1.239655 -1.283115 -1.242011
-0.853084 -0.973488 -1.099608 -1.209705 -1.160012 -1.041897 -1.253886 -1.588457 -1.736127 -0.609041
-0.044364 -1.853871 -1.311937 1.556098 -1.979860 -1.754470 -1.277899 -1.318512 -1.278577 -2.366956
-1.773666 0.075473 -1.180088 -1.256196 -1.273113 -0.606861 -0.809074 -0.875314 -1.225198 -0.998151
-1.350650 -0.859229 -0.893333 -1.196491 -1.385295 -1.076289 -1.032417 -1.127307 -1.126851 -0.882232
-0.923164 -0.975612 -1.119927 -1.174151 -1.365231 -1.066679 -1.181404 -2.038697 -0.831686 -0.494382
-0.447301 -1.278443 -2.545074 -0.163344 -1.600854 -1.139877 -1.167090 -1.408450 -1.012447 -0.408578
-2.131716 -0.021803 -0.657279 -1.162652 -1.268321 -0.754855 -1.199896 -1.093342 -1.314129 -1.192967
-1.436841 -0.754353 -1.073461 -1.477605 -1.209604 -1.008073 -1.020263 -1.119204 -1.346831 -0.898627
-0.624927 -0.883494 -1.335216 -0.913494 -1.385204 -1.101220 -2.258375 -0.409295 1.891701 -0.990008
-0.645684 -1.039888 -2.588067 -1.264563 -1.297155 -1.413612 -1.815848 -2.189992 -2.091936 -1.343565
-2.269970 -0.106056 -0.301269 -1.066570 -1.261423 -0.877819 -1.538310 -0.963672 -1.303900 -1.139425
-1.145222 -0.811556 -1.170681 -1.000497 -0.828578 -1.173867 -1.265755 -0.978167 -1.227172 -1.134731
-0.833637 -1.482475 -1.177679 -1.172643 -1.594061 -1.675114 -2.461711 1.515970 0.781178 -2.264213
-1.100717 -0.349261 -2.072477 -0.464731 0.681443 -0.946361 -1.792475 -1.241861 -1.814243 -1.048635
-0.948782 0.109093 -0.412501 -1.198083 -1.317876 -0.776494 -1.373191 -1.246259 -0.706542 0.154162
-0.602098 -1.220996 -1.356076 -1.160377 -0.954388 -1.172313 -1.324488 -0.853526 -1.170798 -1.517077
-1.967944 -2.339339 0.034276 -1.986033 -1.741420 -1.293453 -2.113758 0.281622 -2.815447 -2.464564
-1.107584 -0.157212 -1.210385 -0.620481 -1.517226 -1.048481 -1.886085 -1.147398 -1.359846 -0.215174
-0.710561 -0.693087 -0.618531 -0.961380 -1.197230 -0.744369 -2.185521 -1.942629 -0.888211 -1.005238
-0.953528 -1.778528 -2.294091 -1.786461 -0.985956 -0.745959 -0.778751 -1.125751 -1.383950 -1.544737
-2.306220 -0.347193 4.624290 -2.416869 -3.266183 -1.534898 -2.142503 -1.212968 -1.534417 -1.539525
-1.542060 -0.582867 -1.764586 -1.842349 -2.530329 -0.602011 -0.723543 -0.950304 -1.271054 0.263932
-1.701371 -1.498435 -0.193463 -0.749262 -0.870780 -1.102209 -2.414094 2.340527 0.947275 -2.096909
-0.988013 -1.399431 -2.257628 -0.731943 -1.372512 -1.101980 -0.151291 -2.288236 -1.817513 -0.698827
-1.015970 2.226842 0.218787 -3.283503 -2.174157 -1.573753 -1.851885 -1.367867 -1.337403 -1.504631
-1.258580 -0.568045 -1.860546 -1.154468 -1.740701 -1.622794 -0.148919 -1.183731 0.129652 -1.852984
-1.774638 -1.612122 -0.979311 -1.397030 -0.341637 -1.870675 -1.408998 5.063264 0.072624 -1.828439
-1.987436 -0.690744 1.051731 2.865361 -1.270546 -2.100271 -0.089642 -1.885322 1.812421 0.928977
-1.833941 1.524447 -2.111724 -1.438182 -1.227254 -1.815138 -1.634225 -0.276244 -2.418921 -2.049552
-1.182508 -0.894980 -1.074502 -1.873369 -2.046205 -1.732783 -0.260904 -1.388598 -0.407659 -2.912205
-1.027870 -2.098731 -1.724745 -1.165382 -0.316075 -2.193554 -0.663993 3.819658 -0.664548 -0.823114
-0.047238 -0.732638 1.831541 -0.211256 -2.831719 -1.799821 -1.031039 -0.631291 2.023875 -1.793405
-1.771119 -0.292485 -1.664597 -1.029485 -2.087880 -2.103741 -1.975595 -0.323596 -1.230878 -1.998472
-1.556615 -1.312418 -1.328227 -1.237523 -1.681724 -1.990185 -0.983460 -1.145896 -0.268414 -2.251121
-0.319869 -0.869930 0.267119 0.487674 -1.483049 -2.314917 -1.426106 0.604849 -2.857835 -2.401903
-0.488203 -0.842828 0.133796 -0.375625 -0.940300 -0.467880 -1.902710 -0.309389 -0.979692 -2.257038
-1.327696 -2.287180 -1.036507 -1.224941 -1.006559 -1.604072 -0.972986 -0.959494 -1.242099 -1.838644
-1.528844 -0.614989 -0.491078 -0.002685 -1.047592 -1.977158 -2.536369 -2.031885 -1.195511 -1.829811
-1.251592 -1.730602 -0.537062 -2.116476 -1.353667 -0.823512 -0.930507 -1.025757 -3.006925 -2.237640
-1.158803 -1.357820 -1.231500 -0.765591 -0.120254 -0.097556 -1.151308 -0.700934 -1.266754 -1.647592
-1.794159 -1.874627 -0.300955 -1.344078 -0.597020 -1.428779 -1.601624 -1.324311 -2.191706 -1.304355
-2.196323 0.018187 -0.088881 -0.764538 -1.723585 -1.121338 -1.309567 -2.048693 -1.279256 -1.586096
-1.699132 -1.609881 -0.867062 -1.927294 -2.450058 -1.668766 -0.790353 -1.658737 -1.601645 -2.242296
-1.097524 -2.224928 -0.938734 -1.723613 0.425717 -1.469789 -1.398373 -1.286146 -0.970250 -2.139972
-2.346282 -0.113388 -1.736214 -2.167023 -2.001912 -1.693257 -1.019399 -0.531632 -2.402727 -0.938419
-1.431097 -0.286743 -1.271980 -1.352198 -1.580353 0.109729 -0.107835 -1.789858 -0.510616 -1.377697
-1.736013 -1.327256 -1.202469 -0.943875 -2.421115 -1.648725 -1.820531 -2.070432 -1.284334 -2.449405
-1.854042 -2.784729 -1.256265 -1.099374 -1.060008 -1.672760 -1.508554 -1.804636 -0.640031 -1.442584
-1.899492 0.283065 -0.500150 -1.467045 -0.451803 -0.448917 -0.976725 -0.008054 -2.893039 -0.539330
-1.822972 -1.390370 -1.520613 -2.022041 -0.577555 0.708134 -0.895784 -1.459956 -0.238455 -1.766060
-1.565748 -0.905852 -1.001857 -0.711497 -1.206362 -1.561886 -1.681097 -2.075368 -1.500646 -1.435820
-1.429440 -1.557899 -1.320379 -1.774828 -2.356749 -1.672297 -2.004571 -1.247905 -0.612988 -1.297193
-0.320321 0.889156 -0.671671 -0.505663 0.306837 -1.044192 -1.805089 -1.149663 -2.379227 2.208447
-1.972674 -1.358335 0.235752 -1.932818 -0.458952 0.844050 -1.940265 -2.159892 -0.257653 -1.433765
-0.744588 -0.888112 -1.258849 -0.759007 -0.639075 -1.471599 -0.638025 -1.039972 -1.143359 -1.242699
-1.146672 -1.523246 -1.692863 -1.342883 -2.540704 0.605312 -0.150772 -1.835299 -2.711342 -1.058782
-0.597942 -0.523829 -1.881730 -1.713875 -1.357734 -1.467882 -0.833599 -1.425280 -1.494302 1.276036
-1.562873 -0.036528 0.381321 -1.994958 0.592392 0.466348 -1.910506 -1.347945 1.908992 -0.104098
-0.082882 -0.840290 -1.058492 -0.984068 -1.987384 -1.087107 -1.170607 -1.001896 -1.428271 -1.495203
-0.884035 -1.360930 -1.790700 -1.219737 -1.465953 1.649572 -0.562204 -0.883820 -1.023058 0.884814
-1.450500 -0.993371 -0.268182 0.062965 -1.015218 -1.698789 -1.256349 -0.795744 -1.966751 -1.038002
-0.954363 0.486364 -0.475174 -1.475816 -0.236356 -0.432173 -1.259969 0.718213 2.493332 -0.421482
-0.952289 -1.481534 -1.014114 -0.756597 -2.572065 -1.230255 -1.951143 -1.561776 -0.322998 -0.973173
-0.910785 -0.268521 -0.567438 -0.365725 -1.693334 -0.728682 -1.698202 -1.503029 -1.514032 -1.141342
-2.005344 -1.361060 -0.965750 -0.995316 -1.057566 -1.468830 -1.016319 -1.187741 -1.880679 -1.176016
0.404255 -0.393719 -0.658786 -0.802794 -0.740695 -0.762525 -0.700230 -0.580715 -0.833636 -0.729714
-0.684657 -0.690176 -0.505279 -0.413043 -0.126590 -0.436803 -0.602712 -0.749241 -0.787251 -0.839990
-0.693510 -0.672011 -0.620519 -0.637211 -0.566544 -0.643389 -0.615088 -0.633132 -0.719323 -0.737934
-0.857939 -0.677112 -0.759169 -0.668911 -0.751480 -0.779246 -0.784824 -0.723518 -0.446975 -0.311994
1.095003 0.895021 0.589914 0.193327 0.236387 0.402435 0.565188 0.305586 0.334981 0.299227
0.335737 0.451523 0.666543 0.693670 0.399453 0.576234 0.304088 0.383333 0.271108 0.129506
0.211756 0.290670 0.237851 0.262790 0.334011 0.396071 0.202989 0.258108 0.382497 0.595926
0.246018 0.492432 0.276723 0.362845 0.289508 0.198233 0.195151 0.356696 0.928582 0.671200
0.961318 0.800234 0.743507 0.275570 0.283030 0.361292 0.416484 0.294442 0.301626 0.366690
0.379057 0.430440 0.662793 0.738605 -0.053795 0.469709 0.565122 0.363581 0.420652 0.338082
0.341029 0.337204 0.276828 0.262932 0.278729 0.371786 0.260134 0.253656 0.457083 0.705580
0.479378 0.389208 0.343152 0.347596 0.415573 0.324671 0.286085 0.500853 1.042825 0.632623
0.763521 0.400002 0.331037 -0.046631 0.074733 0.137275 0.250730 0.415043 0.148972 0.308474
0.290698 0.315037 0.613679 0.772177 -0.103389 0.292544 0.377175 0.507343 0.534641 0.322449
0.429735 0.220492 0.193259 0.312394 0.221157 0.290868 0.320936 0.266664 0.374479 0.370626
0.260546 0.224425 0.312286 0.320777 0.379991 0.358884 0.289116 0.487249 0.853732 0.533086
0.539119 0.317799 0.356691 -0.071263 -0.003737 0.109737 0.135440 0.209382 0.126769 0.441371
0.217689 0.341129 0.298001 0.135252 -0.059490 -0.026696 -0.029485 0.321620 0.438376 0.309695
0.358892 0.143941 0.136820 0.096272 -0.011880 0.203605 0.179217 0.149403 0.179935 0.109899
0.048313 0.145415 0.086897 0.168662 0.204801 0.241816 0.192940 0.343057 0.711129 0.319307
0.682264 0.497401 0.626830 0.478551 0.345363 -0.041366 0.190750 0.260925 0.240530 0.376794
0.198150 0.246242 0.311493 -0.250463 0.059843 -0.030889 0.037636 0.249756 0.287400 0.273728
0.327924 0.249731 0.214507 0.120042 -0.028207 0.143737 0.022152 0.001698 0.072853 0.321979
0.198912 0.347166 0.248127 0.142501 0.095669 0.079896 0.253233 0.333384 0.680619 0.332400
0.718750 0.426031 0.321595 0.409132 0.430665 0.206833 0.173274 0.374231 0.168022 0.177496
0.286062 0.139680 0.252915 -0.089561 0.174312 0.109618 0.094200 0.041260 0.123353 0.097274
0.123858 0.194360 0.303743 0.395032 0.391597 0.244337 0.236008 0.138365 0.203582 0.368485
0.283249 0.216560 0.216374 0.190809 0.086149 0.078195 0.195957 0.297683 0.559610 0.304424
0.521306 0.293153 0.085363 0.176743 0.211454 0.232554 0.054696 0.289829 0.218650 0.117077
0.464416 0.299624 0.177967 -0.061485 0.155424 0.222072 0.281026 0.151924 0.125628 -0.008229
-0.056351 0.117425 0.427493 0.306094 0.423902 0.259693 0.311747 0.350902 0.385368 0.223530
0.299520 0.155756 0.111561 0.139844 0.088071 0.152973 0.210203 0.202472 0.474072 0.223287
0.577671 0.357573 0.153963 0.087594 0.078577 0.092302 0.011279 0.097606 0.182271 0.190818
0.358806 0.175802 -0.031852 0.107195 0.289126 0.414072 0.365917 0.296489 0.190600 0.177231
0.175604 0.203886 0.227575 0.140569 0.068542 0.090113 0.064697 0.370086 0.185730 0.089081
0.228482 0.226546 0.102891 0.218949 0.204870 0.188723 0.174828 0.242896 0.578128 0.286662
0.677127 0.362240 0.362050 0.284317 0.189273 0.260733 0.189908 0.190934 0.113807 0.032353
0.235033 -0.069543 -0.104927 0.203197 0.243494 0.230639 0.255610 0.287406 0.271851 0.306532
0.316254 0.327792 0.248802 0.194059 0.128440 0.123296 0.204748 0.361002 0.124129 0.110702
0.278321 0.265974 0.109777 0.209952 0.297123 0.214642 0.162105 0.295860 0.646830 0.272584
0.709386 0.172475 0.225700 0.365749 0.278737 0.356950 0.366299 0.563421 0.325937 0.156890
0.094063 -0.090893 -0.130507 0.062346 -0.081133 -0.370380 -0.057358 0.153330 0.270307 0.325129
0.243719 0.335672 0.430847 0.256370 0.087128 0.120304 0.335806 0.282916 0.128092 0.165080
0.323762 0.299461 0.157020 0.245620 0.302744 0.110436 0.175952 0.273832 0.787638 0.232035
0.547763 0.123282 0.199514 0.184543 0.232245 0.222994 0.344180 0.569486 0.439710 0.051764
0.072197 0.013701 0.021652 -0.154422 -0.441597 -1.349662 -0.611846 0.181434 0.143268 0.168489
0.088645 0.148217 0.241126 0.158936 0.002188 0.001588 0.218193 0.106947 0.090671 0.212510
0.246731 0.246123 0.188322 0.210990 0.236272 0.108552 0.219018 0.286428 1.000118 0.445883
0.429570 0.111538 0.124707 0.174342 0.103473 0.043843 0.013707 0.142363 0.247265 0.068716
0.203854 0.140670 0.348371 0.171431 -0.262729 -2.680831 -1.385610 0.342216 -0.013852 0.137722
0.125919 0.058317 -0.031541 -0.029352 -0.045956 0.075512 0.056215 0.064309 0.189230 0.175950
0.000759 0.112946 0.113126 0.070477 0.150036 0.203067 0.262797 0.339438 1.171762 0.623519
0.536068 0.272203 0.137499 0.160947 0.134216 -0.037765 -0.217873 0.034475 0.195026 0.110132
0.396567 0.291085 0.766520 0.773403 0.621665 -0.744075 -0.262622 0.496824 0.216542 0.352381
0.307848 0.231038 0.103430 0.174319 0.256852 0.324410 0.106943 0.188876 0.308573 0.155667
-0.086277 0.151924 0.196489 0.076736 0.216975 0.316020 0.467240 0.473159 1.206506 0.786083
0.609842 0.297685 0.140024 0.057185 0.164828 0.097034 0.097598 0.231071 0.394765 0.174835
0.344332 0.377635 0.931501 0.318392 -1.215924 0.348567 1.451205 0.682025 0.324379 0.361504
0.273112 0.186720 0.143026 0.191411 0.329038 0.259469 0.132768 0.115176 0.311386 0.240886
0.058581 0.128883 0.276075 0.090650 0.122745 0.332983 0.456829 0.369610 0.743094 0.500475
0.662354 0.167916 0.098550 0.068215 0.380498 0.223386 0.236772 0.059901 0.225031 0.132179
0.101542 0.338478 0.636729 0.075487 -1.354380 -1.221298 -0.987161 -0.913461 -0.040837 0.344866
0.225145 0.210693 0.336212 0.297361 0.344247 0.213854 0.275888 0.094825 0.254714 0.286370
0.139306 0.151835 0.262521 0.110203 0.045631 0.175273 0.302701 0.267171 0.118161 0.229602
0.521826 0.099525 0.269694 0.165320 0.533432 0.264433 0.097852 0.181461 0.044420 0.054020
0.179057 0.315785 0.282832 0.233313 0.188092 0.422273 0.121485 0.047483 0.371350 0.325241
-0.020962 0.049680 0.190803 0.276008 0.187948 0.200765 0.254066 0.174553 0.236559 0.320650
0.134592 0.090991 0.155377 0.258743 0.118350 0.072646 0.167066 0.100838 -0.174189 0.024462
0.621071 0.209458 0.337194 0.246850 0.296060 0.287760 0.171156 0.244184 0.051890 0.056736
0.199313 0.186419 0.112425 0.165715 0.396296 0.446665 0.422728 0.265564 0.431315 0.372452
0.105787 0.186588 0.204067 0.280192 0.249257 0.270998 0.312810 0.263760 -0.035015 0.212194
0.132007 0.195107 0.200015 0.304030 0.274092 0.338190 0.268390 0.238141 0.323448 0.138492
0.616798 0.419822 0.415960 0.338827 0.326782 0.390131 0.072382 -0.001855 0.165857 0.238281
0.216666 0.089301 0.160355 0.202952 0.278318 0.156943 0.232908 0.327777 0.192945 0.318460
0.244956 0.318162 0.237396 0.354901 0.402603 0.415470 0.338037 0.216547 -0.022897 -0.018156
0.131454 0.146036 0.180426 0.268015 0.206569 0.336582 0.272799 0.333582 0.587808 0.230220
0.503663 0.163898 0.063634 -0.178777 -0.206689 -0.054316 -0.237892 -0.047425 0.264877 0.167589
0.035153 0.027118 0.119300 0.155127 0.078106 0.136484 0.224371 0.219058 0.081552 -0.005145
0.343290 0.215383 0.309038 0.380123 0.349793 0.348837 0.144418 0.104897 0.104218 0.068041
0.166794 0.049339 0.003165 0.067151 -0.002994 0.044649 0.120478 0.149623 0.486861 0.217256
-0.381774 -0.492557 -0.480324 -0.947617 -0.653784 -0.281543 -0.820042 -0.454556 0.130717 0.407954
-0.008722 0.198028 0.242183 0.227516 0.191914 0.316838 0.323788 0.193267 0.212744 0.018071
0.302227 0.174710 0.235004 0.255518 0.216929 0.203059 0.174613 0.186612 0.264603 0.260970
0.131162 0.079679 0.127796 0.031913 0.021386 0.014457 0.067381 0.111536 0.238226 0.055888
-0.874446 -0.641296 -0.865738 -0.906557 -0.669435 -0.174062 -0.768356 -1.093114 -0.478359 0.454317
0.004865 0.359140 0.286192 0.267787 0.245054 0.316793 0.288576 0.423591 0.225687 0.119879
0.240935 0.258905 0.211653 0.142332 0.128698 0.145561 0.207814 0.336521 0.344081 0.302815
0.197967 0.128421 0.260788 0.115704 0.178057 0.109310 0.202404 0.270783 0.281703 0.072019
-0.284514 0.051084 0.259125 -0.247442 -0.561683 -0.203095 0.113454 0.632039 0.849975 0.862634
-0.024163 0.085135 0.192881 0.299692 0.335390 0.466553 0.278396 0.261703 0.161967 0.092235
0.097021 0.387538 0.293322 0.105916 0.120045 0.076961 0.163673 0.163772 0.122073 0.118310
0.094015 0.142186 0.321265 0.223237 0.265637 0.311317 0.109939 -0.070554 0.036570 -0.008839
0.378272 0.890736 0.808096 0.388142 -0.628125 0.004310 0.882085 0.982543 1.196826 0.416384
0.065138 0.199941 -0.063297 0.240161 0.369463 0.423526 0.268549 0.172678 0.156256 0.116029
0.037075 0.232966 0.119620 0.003759 -0.019511 -0.005451 0.066448 0.089893 0.062004 0.161721
0.333492 0.335116 0.267517 0.378263 0.319206 0.119973 0.013726 -0.266645 0.258891 0.382882
-0.428297 -0.410847 -0.427180 -0.126448 -0.950156 0.100672 -0.016812 -0.052872 -0.792462 -1.035291
0.212919 0.647597 0.051594 0.129925 0.269232 0.213166 0.092507 0.098513 0.042117 0.064679
0.039617 0.157824 0.073870 0.137256 0.039741 0.128454 0.151151 0.121068 0.161553 0.300493
0.245587 0.261100 0.140806 0.350638 0.174399 -0.010358 -0.045047 0.467168 0.447985 0.441649
-1.160556 -1.348028 -1.125717 -1.037210 -1.194010 -0.275021 -0.767544 -0.633104 -0.586558 -0.220413
1.409138 1.611048 0.319272 -0.032845 0.030744 0.040786 -0.130247 0.024070 -0.291218 -0.121038
-0.186147 -0.242622 -0.180748 0.105441 0.107525 0.076703 0.126511 0.110278 0.092187 0.153381
-0.164353 -0.248841 -0.276609 0.100172 -0.011619 -0.180063 0.329157 0.857285 -0.080037 0.020600
-0.903306 -0.445299 -0.297580 -0.252082 -0.641374 -0.830826 -1.063725 -0.545163 -0.551255 -0.595480
0.971884 2.164560 0.612045 0.023727 -0.215593 -0.144318 -0.212128 -0.031296 -0.049823 0.187531
0.054993 -0.157125 -0.122402 0.029564 0.250973 0.182295 0.261863 0.266823 0.160473 -0.099762
-0.319127 -0.267753 -0.551339 -0.747228 -0.081729 -0.131699 0.338617 0.374167 -0.552829 -0.047363
-0.429657 0.147721 0.662139 0.107509 -0.464131 -0.806896 -0.852772 -0.649504 -1.021842 -0.001505
0.737964 2.583554 0.871155 0.389817 0.047093 -0.031567 -0.208736 0.325161 0.328112 0.568145
-0.180159 -0.119960 -0.067914 -0.335732 0.124288 0.188943 0.129114 0.056864 -0.199450 -0.418147
0.288595 0.184213 -0.657605 -0.487478 -0.270812 0.079223 0.037918 -0.116160 -0.777698 -0.462313
-0.061488 0.206103 0.141584 -0.365309 -1.137228 -1.300997 -1.618119 -1.066338 -0.869226 -0.544733
-0.009192 1.020828 0.516932 0.224057 0.074534 0.197889 0.423610 1.110635 0.749782 0.616577
-0.650340 -0.635196 -0.214141 -0.553503 -0.247928 0.121043 0.243762 -0.101793 -0.402538 0.164424
0.609149 0.084718 -0.124990 0.075990 0.026340 0.096403 0.017559 -0.629873 -0.518344 -1.135391
-0.377111 -0.182276 -0.848133 -0.842536 -0.225498 -0.887502 -0.204504 -0.318410 -1.084607 -0.914846
-1.012233 -0.594854 -0.112921 -0.130446 0.070291 0.326063 0.974861 0.516066 1.180519 0.402956
-0.126545 -0.131343 0.289902 -0.002662 -0.275681 -0.259017 -0.156011 -0.024239 -0.054639 0.762765
0.767392 0.231914 0.098402 0.301710 0.056008 0.102169 0.202788 0.059021 -0.248972 -0.496420
-0.384864 -0.240480 -0.634817 -0.025396 1.077257 0.466567 -0.034937 0.026440 -0.208268 -0.841980
-0.301397 -0.643496 -0.067256 0.281704 0.586070 0.506677 1.344034 -0.123727 0.084720 -0.114786
0.796856 0.962530 0.124728 -0.914785 -0.344910 0.158765 0.170032 -0.099101 -0.365359 0.793337
-0.010983 -0.170733 -0.188107 -0.256012 -0.891052 0.091026 0.141708 0.881473 1.248565 0.398493
-0.258524 -0.331394 -0.222857 -0.022626 0.568582 0.268442 0.024840 -0.231190 0.139497 -0.116955
-0.434575 -1.077647 -0.034179 0.230827 0.388211 0.121623 0.889389 0.049409 -0.777738 -0.819532
1.050465 1.219496 -0.361874 -1.620108 -1.018935 0.412878 0.791232 0.367072 0.259191 -0.424970
-0.911251 -0.895469 -0.299847 -0.597886 -0.747875 -0.066282 0.347472 0.221882 0.910606 0.299872
-0.099355 0.006977 0.175905 0.285903 0.478741 0.530508 -0.008562 -0.357837 -0.355744 0.225618
-0.533216 -1.244592 -0.756561 -0.567505 -0.337773 -0.290394 -0.005864 -0.833670 -1.187258 -0.597604
0.291037 0.204417 -0.955382 -1.375199 -0.266871 -0.172123 0.363621 -0.025680 -0.371862 -1.030871
-1.405887 -1.319589 -1.012782 -0.232732 -0.053972 -0.317422 -0.103612 -0.404872 -0.178825 0.018547
-0.337877 0.110326 0.218294 0.206592 0.167851 1.105748 0.799198 -0.188621 -0.563845 -0.070246
-0.618493 -1.281132 -1.010835 -1.320356 -0.656056 -0.302228 -0.661039 -1.719480 -1.334623 -1.017004
-0.192186 -0.758291 -0.426616 -0.732561 -0.046169 -0.431946 -0.086760 0.049193 -0.856419 -0.961959
-0.434967 -0.379803 -0.615449 -0.264307 -0.507871 -0.355126 -0.370446 -0.037438 0.006827 0.143740
-0.203510 0.142934 -0.329823 -0.477214 -0.292435 0.819801 0.649589 0.505218 0.711872 0.950821
0.450052 0.198822 0.066120 0.118145 0.330124 0.168332 -1.183714 -1.929875 -1.248381 -1.393421
-1.289986 -1.381688 -0.198345 -0.059184 -1.024963 -1.257046 -1.378916 -0.703692 -0.767525 -0.410014
0.339198 0.260904 -0.324947 -0.531021 -0.201149 0.039550 -0.023051 -0.123207 0.042766 0.409716
-0.195861 -0.001329 -0.341144 -0.317999 -0.125609 0.666813 0.226554 0.695189 0.815170 0.515340
0.572568 0.431813 0.332915 0.435940 0.741030 0.370910 -0.442953 -0.901043 -0.238980 -0.589480
-1.574376 -1.202518 -0.630611 -0.327439 -1.520413 -1.004334 -1.242876 -0.657529 -1.063432 -0.411065
0.153822 0.215792 -0.041048 -0.112308 0.315927 0.247988 -0.180049 -0.742675 0.175790 0.786903
-0.318941 -0.226420 0.009445 0.151603 0.210965 -0.441556 -0.287195 -0.288754 -0.011566 -0.177039
0.314108 0.264225 -0.025220 0.304033 0.186602 0.006581 0.461716 -0.147056 0.282935 0.296567
-0.300816 -0.562091 -0.620657 -0.979870 -0.646808 -0.396755 -1.089428 -0.839201 -0.884216 0.368710
0.165026 0.605828 -0.161523 -0.680303 -0.428155 -0.020704 -0.182689 -0.236611 0.624031 1.057105
-0.193305 0.288620 0.239488 0.259311 0.261409 -1.049304 -0.437184 -0.680570 -0.295359 -0.136735
0.254465 0.145175 -0.514226 -0.272283 -0.684681 -0.189275 0.403873 -0.454746 -0.226836 0.244123
-0.105540 0.031932 -0.025470 -0.033049 0.162501 0.925581 -0.337998 0.118489 -0.422707 0.334894
-0.394838 -0.066673 0.015635 -0.917887 -1.554130 -1.460063 -1.620575 -0.622558 -0.424049 -0.516243
-0.575965 0.416532 0.077918 0.606433 -0.139510 -0.464766 0.368968 0.301577 1.155956 0.562599
0.220223 -0.034334 -0.768189 -1.146255 -1.300312 -1.088974 -0.868806 -0.757690 -0.376871 -0.481094
-0.505282 -0.443325 -0.015784 -0.074026 -0.250432 -0.701089 -1.699056 -1.015782 -1.620061 -1.466696
-1.934530 -0.903050 -0.510758 -0.858050 -1.246243 -1.174203 -1.227131 -0.670314 -0.583967 -0.471090
-0.204479 0.287420 0.287382 0.459755 -0.320148 -0.156879 0.674041 0.319218 0.697802 -0.094425
-0.055499 -0.277619 -0.631127 -0.394781 -0.406440 -0.558793 -0.585820 -0.781365 -0.253719 -0.093132
-0.139883 -0.257355 0.076603 0.086399 -0.616430 -1.183616 -0.515197 -0.431794 -1.257302 -1.391963
-1.126133 -0.294903 0.100308 -0.138612 -0.192046 0.181661 0.554439 0.825961 1.040642 0.583264
-0.187992 -0.432989 -0.393003 -0.553736 -0.741413 -0.577143 -0.331222 -0.377433 -0.499223 -0.547872
-0.489503 -0.418992 -0.376531 -0.243526 -0.556035 -0.375001 -0.177111 -0.309709 -0.215964 -0.273340
-0.287364 -0.217885 -0.288043 -0.297715 -0.309608 -0.207371 -0.200158 -0.311865 -0.361071 -0.108722
0.011981 -0.236881 -0.293690 -0.449456 -0.422950 -0.454466 -0.331519 -0.319687 -0.289853 -0.247813
-0.034775 -0.342564 -0.421365 -0.666498 -0.724430 -0.541490 -0.542205 -0.573708 -0.638760 -0.675076
-0.631912 -0.530926 -0.464254 -0.434385 -0.464544 -0.650503 -0.333767 -0.088653 -0.329414 -0.474187
-0.415195 -0.491116 -0.587448 -0.552787 -0.606596 -0.641359 -0.563455 -0.536156 -0.443800 -0.452844
-0.437226 -0.516910 -0.676885 -0.689609 -0.708878 -0.620499 -0.678191 -0.679855 -0.467025 -0.445297
0.483352 0.237836 0.300668 0.451113 0.414252 0.143841 -0.007999 0.290468 0.226323 0.064086
0.261626 0.272151 0.150626 0.071290 0.527559 0.026522 0.374644 0.384326 0.566334 0.380305
0.126646 0.361381 0.232458 0.109383 0.092926 0.109189 0.175060 0.327500 0.360868 0.124443
0.116882 0.205877 0.293863 0.242437 0.336962 0.380547 0.226429 0.066783 0.346153 0.038901
0.606545 0.382076 0.490067 0.870057 0.509081 0.105142 0.341249 0.431550 0.416893 0.308546
0.432392 0.337428 0.251008 -0.115224 0.380895 0.547961 0.523907 0.349570 0.594288 0.402755
0.254223 0.469529 0.439977 0.244933 0.210017 0.255270 0.520206 0.451530 0.284988 0.406860
0.419674 0.579426 0.530577 0.417891 0.475703 0.359467 0.636321 0.379545 0.451197 0.218762
0.626640 0.493751 0.415068 0.203048 0.226571 0.247210 0.147740 0.297288 0.431316 0.309057
0.052606 0.030509 0.328794 0.463840 0.444984 0.615957 0.531546 0.577299 0.381130 0.521880
0.291834 0.139365 0.152830 0.340877 0.453008 0.354351 0.360780 0.337285 0.138116 0.261227
0.315758 0.263486 0.435702 0.368066 0.164557 0.113263 0.354982 0.357063 0.345122 0.183185
0.567846 0.438894 0.156515 -0.434611 -0.002636 0.389270 0.173453 0.184965 0.446414 0.185390
0.317365 0.486300 0.285284 0.502523 0.378538 0.503400 0.563484 0.495989 0.376249 0.596645
0.248917 0.069422 0.006990 0.119292 0.432513 0.355540 0.105972 0.276089 0.430730 0.284910
0.189585 0.124457 0.250378 0.309687 0.259021 0.344895 0.288012 0.289792 0.373489 0.103134
0.435014 0.341727 0.248877 -0.003032 0.156346 0.087701 0.321040 0.195001 0.082303 0.198050
0.391182 0.480934 -0.037118 0.124040 0.148985 0.205157 0.424525 0.631048 0.639928 0.401140
0.509197 0.430785 0.255185 0.206974 0.194766 0.271133 0.302784 0.160042 0.282041 0.332216
0.172504 0.271198 0.198271 0.283385 0.238890 0.315441 0.337154 0.330591 0.489524 0.208223
0.393827 0.462568 0.478858 0.279195 0.198296 0.011840 0.271703 0.284381 0.079021 0.297162
0.378488 0.497316 0.395117 0.494854 0.538345 0.314400 0.177339 0.430884 0.415807 0.230870
0.694967 0.640963 0.392287 0.388665 0.006832 0.051064 0.414050 0.342009 0.196035 0.228338
0.317056 0.300884 0.395584 0.330606 0.232744 0.234411 0.467330 0.289173 0.295217 0.306499
0.395751 0.434377 0.312433 0.280009 0.332058 0.286940 0.278256 0.277143 0.226745 0.192148
0.175423 0.329761 0.515391 0.528397 0.501522 0.347083 0.052472 0.077224 0.283902 0.318595
0.287067 0.508763 0.429656 0.303822 0.146051 0.188181 0.285791 0.415162 0.210613 0.071609
0.178148 0.325514 0.345334 0.258715 0.281011 0.310385 0.337227 0.191848 0.380281 0.242468
0.470258 0.381276 0.167339 0.191682 0.329487 0.132971 0.184481 0.224045 0.575628 0.461181
0.007731 0.108905 0.606935 0.394924 0.350820 0.408695 0.349923 0.335846 0.505607 0.411522
0.193933 0.215601 0.367849 0.347321 0.104824 0.119770 0.255941 0.343090 0.216366 0.131987
0.154608 0.300173 0.306107 0.304470 0.222686 0.232602 0.179322 0.216806 0.396188 0.285751
0.381034 0.420047 0.393288 0.355677 0.433211 0.074294 0.060057 0.161266 0.254066 0.378725
0.136051 0.334918 0.587532 0.425701 0.383926 0.531381 0.501713 0.423234 0.356942 -0.009212
0.021724 0.127798 0.098812 0.196670 0.318573 0.269306 0.242469 0.343681 0.433251 0.232132
0.238985 0.177373 0.205045 0.330874 0.245577 0.123651 0.145971 0.243992 0.245345 0.332897
0.372386 0.402139 0.436492 0.372336 0.452864 0.239177 0.250816 0.251903 0.082244 0.086223
0.446040 0.557257 0.067531 0.341098 0.924809 0.790937 0.418554 0.481579 0.607205 0.539837
0.204743 0.181050 0.120488 0.268852 0.559964 0.441771 -0.019304 0.172358 0.398982 0.381776
0.414075 0.171995 0.139276 0.231899 0.287938 0.305525 0.239698 0.151064 -0.020023 0.258996
0.423439 0.358626 0.425219 0.239044 0.194208 0.324610 0.436545 0.443836 0.456746 0.424937
0.442566 0.278209 -0.031557 -0.428735 -0.380366 -0.359083 0.282675 0.347986 0.421844 0.684807
0.394818 0.202464 0.276692 0.378172 0.478590 0.339644 0.088215 0.212882 0.440409 0.388871
0.473906 0.430100 0.332165 0.339878 0.269553 0.278177 0.178243 0.075942 -0.124160 0.165391
0.572918 0.394664 0.519851 0.233189 -0.014063 0.219259 0.458939 0.479472 0.299399 0.498078
0.169548 0.120993 0.234009 -0.359553 -0.833214 0.144775 -0.075362 0.138542 0.317797 0.372338
0.417469 0.305644 0.418669 0.346062 0.245947 0.337628 0.347284 0.306401 0.256242 0.353733
0.556197 0.543733 0.404648 0.376129 0.232130 0.128813 0.131732 0.135786 -0.053879 0.204654
0.520670 0.442258 0.256800 0.242489 0.298978 0.151511 0.254934 0.424567 0.113621 0.582115
0.412459 0.501194 0.505777 -0.006248 -1.182515 0.958576 1.533812 -0.009509 0.099493 0.239355
0.269169 0.131057 0.136863 0.178339 0.198280 0.231959 0.196334 0.230408 0.216554 0.213939
0.387225 0.445622 0.501783 0.543014 0.239863 0.176155 0.243452 0.204175 0.052643 0.165971
0.511049 0.366745 0.297912 0.325621 0.287929 0.164892 0.036734 0.593185 0.499283 0.227767
0.522810 0.720771 0.390848 0.190666 -0.182831 -0.034659 1.566250 1.696776 0.779581 0.583192
0.214945 0.258546 0.354447 0.321592 0.332702 0.380343 0.289592 0.477309 0.375857 0.230672
0.117085 0.214782 0.247043 0.357346 0.403720 0.430236 0.288442 0.223905 0.254987 0.315702
0.571898 0.642856 0.399613 0.257791 0.064667 0.001188 0.152468 0.411210 0.324307 0.227581
0.375309 0.369012 0.165251 -0.106190 -0.059301 -0.135539 0.222909 0.544937 0.143671 0.175562
0.304764 0.385056 0.410837 0.334316 0.203388 0.342290 0.465402 0.382502 0.411683 0.140152
0.172627 0.083156 0.120073 0.240701 0.318135 0.414276 0.449912 0.107870 0.156185 0.383395
0.514051 0.589199 0.237669 0.225115 0.188223 -0.024645 0.233275 0.155314 0.267166 0.486585
0.363727 0.101025 0.137484 0.075255 0.168713 0.364428 0.262745 0.256265 0.155142 0.089412
0.362565 0.297349 0.373906 0.131002 0.111166 0.362940 0.373945 0.312415 0.305938 0.548061
0.381037 0.208068 0.107638 0.166950 0.219013 0.248625 0.336430 0.071277 0.254125 0.264376
0.426370 0.405802 0.357327 0.263658 0.391042 0.124385 0.159870 0.201772 0.513761 0.488732
0.358940 0.404981 0.317634 0.211470 0.166211 0.235298 0.283725 0.179236 0.351478 0.178311
0.122572 0.222068 0.214569 0.368562 0.175036 0.104560 0.171240 -0.010110 0.323306 0.695495
0.527450 0.374246 0.372515 0.265722 0.211021 0.230877 0.272599 0.161903 0.283622 0.248906
0.445375 0.682478 0.560557 -0.005760 0.475758 0.641127 0.382708 0.101092 0.067843 0.248020
0.267300 0.443217 0.396156 0.226696 0.303368 0.264581 0.343748 0.158635 0.202576 0.488323
0.241336 0.187404 0.123177 0.354861 0.301809 0.113558 0.099438 0.154330 0.282731 0.406989
0.181693 0.146588 0.349509 0.300541 0.260653 0.194232 0.248418 0.277101 0.357734 0.215344
0.564411 0.730817 0.440284 0.166264 0.614340 0.763138 0.837146 0.711813 0.240472 0.551987
0.483352 0.151938 0.397655 0.182653 0.281672 0.378183 0.264894 0.336161 0.409092 0.322844
0.229431 0.192509 0.240742 0.159679 0.219423 0.284193 0.278142 0.243169 0.160558 0.071304
0.269342 0.205176 0.136635 0.323808 0.347022 0.274893 0.185993 0.263169 0.499272 0.286563
1.162719 0.643977 0.663682 0.933495 -0.002062 -1.292637 -0.573012 -0.115307 0.064562 0.549902
0.697505 0.228589 0.180990 0.166748 0.125284 0.123440 0.260888 0.256096 0.308111 0.115618
0.143281 0.321647 0.251307 0.105088 0.096075 0.234960 0.372238 0.184824 0.086730 0.151809
0.370898 0.316627 0.033016 0.150747 0.286337 0.259726 0.168558 -0.039968 0.307948 0.317092
0.355436 -0.403711 0.625080 0.375373 -1.591533 -2.093258 -0.092398 0.597904 -0.200352 0.021883
0.821078 0.333437 0.144083 0.241581 0.143913 0.201575 0.218223 0.174245 0.347432 0.426441
0.449260 0.333228 0.345231 0.246404 0.127993 0.275350 0.345974 0.228815 0.251079 0.432178
0.321718 0.249037 0.228682 0.141245 0.138290 0.123526 0.197306 0.111452 0.238103 0.342278
0.586661 1.710216 1.650500 0.011308 -0.920441 0.688591 0.841468 0.833365 0.685032 0.606119
0.591660 0.511652 0.429482 0.375919 0.365601 0.315433 -0.029262 -0.033102 0.279236 0.252052
0.174946 0.116834 0.064288 0.238060 0.257935 0.273070 0.370087 0.346290 0.351388 0.309213
0.136192 0.087910 0.211741 0.173844 0.208312 0.096602 0.102801 0.539147 0.793245 0.462661
-0.006930 0.209938 0.339943 0.073274 0.729351 1.143704 1.161321 1.864732 1.094401 0.522858
-0.193406 0.513427 0.768945 0.379670 0.271130 0.159236 0.136977 0.109024 0.225742 0.076019
0.262995 0.194706 0.173399 0.264626 0.475243 0.203449 0.269916 0.295868 0.266084 0.168069
0.105219 -0.039566 0.149637 0.152271 0.038238 -0.027424 0.340109 0.893048 0.506480 -0.486386
0.022072 0.208322 0.748556 0.527465 1.375382 1.346521 0.921988 0.984819 1.311208 0.636844
0.114687 0.323096 0.891383 0.366486 0.265573 0.117187 0.277479 0.141399 0.013886 -0.252233
-0.088776 0.083817 0.124411 0.129382 0.191859 0.204501 0.058607 0.112866 0.323262 0.259081
0.030431 -0.031392 0.265644 0.319558 0.133663 -0.005285 0.493049 0.578962 -0.315558 -0.310718
0.624483 -0.020412 -0.161314 -0.225809 0.597802 0.757380 0.654015 1.029276 1.291197 0.944495
1.147310 0.597378 1.124469 0.486124 0.436174 0.192840 0.221443 -0.059409 -0.042558 -0.167295
-0.391007 -0.351398 -0.007205 0.042032 -0.151814 0.188811 0.311813 0.028226 0.084498 0.226412
0.223777 0.384202 0.179033 -0.140909 0.757820 1.110681 0.863018 0.067518 0.033657 0.542647
0.882802 0.147772 0.334607 -0.545910 -0.733935 0.398282 0.585084 0.947856 2.053460 2.294388
0.638186 0.188798 0.989985 0.385380 0.279791 0.123237 0.108788 0.393247 0.176887 -0.015772
0.309581 -0.113768 -0.166978 0.086645 0.162606 0.115516 0.233719 -0.326476 -0.337865 0.052364
0.394503 -0.020754 -1.969733 -1.253013 -0.101309 0.541199 0.718400 -0.373216 0.274967 0.824268
0.940142 0.765936 0.763267 -0.182625 0.006051 0.828388 1.265748 0.433995 1.245027 0.492715
0.088733 -0.066289 0.872632 0.424708 0.055083 0.035088 -0.392604 -0.512317 -1.031103 -0.727926
0.188650 0.441038 0.499131 0.911254 0.321623 0.124938 -0.038945 -0.015537 0.681547 0.897331
0.521466 -0.132189 -2.019603 -0.573334 0.580611 -0.589618 -0.307793 -0.337202 0.306870 0.682675
1.032122 0.938602 1.153319 0.730390 -0.301962 -0.188922 0.787290 1.227140 0.837206 0.789142
1.305606 0.665503 0.849570 0.723692 0.677091 0.684119 0.189915 -0.544067 -0.748028 0.422502
0.377708 0.734135 0.312095 -0.763140 -1.062305 -0.452646 0.041738 0.719765 0.660913 0.248754
0.469666 -0.124122 -0.516529 0.965584 2.138459 0.667688 0.226888 -0.575538 -0.216212 0.104038
0.660376 -0.098264 0.101787 1.027100 0.203581 -0.220537 -0.048669 1.132053 0.208004 0.265886
1.412830 0.945364 0.682225 0.433052 0.403812 0.736501 -0.334087 -1.551786 -0.205249 1.242735
0.637673 0.456685 -0.006688 -0.938776 0.343880 0.568141 0.386666 0.851713 -0.392041 -0.381214
0.888648 -0.207009 0.183933 0.183885 1.202065 1.983943 1.520162 -0.097706 0.050098 0.413661
0.823738 0.742379 0.700561 0.869456 0.698018 0.040274 -0.768638 0.570602 0.273331 0.686380
0.827813 1.277861 0.506551 -0.505298 0.131936 1.143472 0.813887 -0.319491 0.923234 1.340398
0.301054 0.164724 -0.596516 0.277803 2.296647 2.382309 1.926329 1.906697 -0.487593 0.536453
0.943858 0.697179 1.089277 0.199914 -0.074475 1.193741 1.486173 0.415626 0.079827 0.441161
0.760740 0.915879 0.154358 -0.101998 0.148669 0.323347 -0.042510 0.291995 0.198075 0.784194
-0.790581 -0.446360 -0.473879 -1.188948 -0.344677 0.684183 0.001177 -1.065371 1.204964 1.919472
1.057895 0.650681 0.544841 0.753611 1.025568 1.067133 0.687131 0.465960 0.943453 -0.272720
-0.484921 0.700894 0.565054 0.074185 0.377469 0.283301 0.329535 0.249958 0.297222 0.783229
1.092900 0.795769 0.191988 -0.339750 0.016378 0.331908 0.415473 -0.453619 -0.035785 0.342216
0.656044 -0.134513 -0.189714 0.195111 -0.106514 0.616410 0.523680 -1.092777 -1.193866 0.173451
0.327242 0.622827 -0.265545 -0.240812 0.317269 0.612456 0.591733 -0.683860 0.452328 1.130161
0.220773 -0.164631 -0.108574 1.292374 0.715607 0.651666 0.851118 0.285767 0.645406 0.532500
1.149143 0.008351 0.302936 0.917180 0.800770 0.178186 0.263330 -0.047174 -0.334136 -0.131431
0.312327 -0.047888 -0.711212 -0.519576 0.138194 -0.344321 0.429836 0.906857 -0.204490 -0.099037
0.045679 1.192900 0.311097 0.560855 -0.178501 0.364537 0.938466 0.527454 0.581055 0.629495
0.424275 -0.065391 0.055356 0.653525 0.885521 0.544208 0.518279 -0.005366 0.158173 -0.002500
1.132411 0.244984 0.463693 0.643699 0.704131 -0.096734 -0.035922 0.365079 0.042904 0.818855
0.443484 0.348390 0.477998 0.173841 0.535230 -0.011995 0.154590 1.139808 0.361476 -0.026521
-0.787825 0.403651 1.129379 0.530303 -0.431668 0.599102 1.129044 1.545565 0.302771 0.474843
0.611173 -0.992424 -0.792513 -0.322261 -0.686106 -0.313690 0.410006 0.416974 0.305802 -0.672900
1.529397 0.878443 -0.043715 0.091017 0.157249 0.317978 0.236796 0.721984 0.628564 1.636308
0.461930 0.121262 0.680026 0.198776 0.173055 -0.323643 -0.395142 0.478678 0.401951 -0.161589
-0.275989 -0.608612 0.241069 0.470033 0.688043 -0.275604 0.606627 0.601131 0.848972 1.409935
0.962396 -0.265746 -0.098398 -0.086791 -0.002943 0.631085 0.549019 0.432070 1.117661 -0.739465
1.319980 0.894665 -0.060112 0.360998 0.499460 0.106431 0.380542 0.346844 -0.249165 1.239881
1.030207 0.135555 0.807202 0.402130 -0.096017 0.502724 -0.180783 -0.430838 0.418558 0.490464
0.172547 0.054036 0.050695 0.637714 0.585395 -0.929213 -0.713607 -0.286074 0.729057 0.024327
0.289257 0.260843 0.139753 -0.841280 -0.607987 0.130152 0.327388 0.323688 0.362953 -0.030497
0.865876 0.470728 0.206587 0.345261 -0.049229 -0.081477 0.785508 0.094034 -1.510533 -0.408956
0.604717 0.621250 0.447367 0.357523 0.054876 0.076779 1.023941 0.506091 0.227267 0.433374
0.547191 0.262641 -0.078827 -0.645533 -0.479379 -1.229969 -0.780718 -0.224668 -0.249132 -0.370526
0.869036 0.322878 -0.462754 -1.041448 -0.349067 0.425721 0.557943 0.222552 0.528179 0.831214
0.773250 0.649722 0.656331 0.605777 -0.020051 0.611948 1.482013 0.541089 -0.520913 -0.271257
0.697741 0.483910 -0.151213 -0.012107 -0.736523 -1.693333 0.013484 0.444231 0.403153 0.232680
-0.328353 -0.051050 -0.078209 -0.531721 -0.453431 -0.037104 0.159791 0.473715 0.161449 0.394129
1.281490 0.943593 0.458510 -0.429655 -0.420421 0.253494 0.219162 -0.143436 0.110408 0.301382
-0.517567 -0.305669 -0.417187 -0.381145 -0.568041 -0.638055 -0.817353 -0.492949 -0.417875 -0.688658
-0.872712 -1.065480 -0.865068 -1.021216 -0.908118 -0.597357 -0.947909 -0.664329 -0.586926 -0.747940
-0.765711 -0.922997 -0.835883 -0.981839 -1.058556 -1.013276 -0.988417 -1.082668 -0.989654 -1.062701
-0.648527 -0.541865 -0.752990 -0.871742 -0.860247 -0.962393 -1.077997 -1.236637 -1.253495 -0.764712
-1.340042 -1.311468 -1.569669 -1.504475 -1.522900 -1.699477 -1.791672 -1.489604 -1.435830 -1.397806
-1.619534 -1.591337 -1.526717 -1.641285 -1.925547 -1.428008 -1.444360 -1.384191 -1.340762 -1.335614
-1.413734 -1.417602 -1.325977 -1.440507 -1.516716 -1.400637 -1.399206 -1.424900 -1.505168 -1.621321
-1.378263 -1.265861 -1.376416 -1.365719 -1.207158 -1.265468 -1.538746 -1.556004 -1.637859 -0.823570
-1.283159 -1.109851 -1.160330 -1.091671 -1.012786 -1.369808 -1.240905 -1.068234 -1.194477 -1.313981
-1.461787 -1.357552 -1.520851 -1.387979 -1.348938 -1.221479 -1.319588 -1.330994 -1.093066 -1.248260
-1.256035 -1.122857 -1.133585 -1.291554 -1.329675 -1.300446 -1.240164 -1.292470 -1.342510 -1.476298
-1.185756 -1.150591 -1.320511 -1.394127 -1.455173 -1.389545 -1.436222 -1.203297 -1.367623 -0.923048
-1.149231 -1.039316 -1.200322 -1.308306 -1.118258 -1.466163 -1.321731 -1.002769 -1.049994 -1.198893
-1.119069 -0.976858 -1.489715 -1.426856 -1.236913 -1.186715 -1.346125 -1.398491 -1.264364 -1.209258
-1.255819 -1.290092 -1.284332 -1.139071 -1.079906 -1.183010 -1.159721 -1.143523 -1.105903 -1.279443
-1.289094 -1.224101 -1.184611 -1.180643 -1.276626 -1.237140 -1.256475 -1.118868 -1.321683 -0.898174
-1.149936 -0.916631 -1.436468 -1.314349 -0.926013 -1.399137 -1.120476 -0.953890 -1.217182 -1.348608
-1.194055 -1.120445 -1.541523 -1.522854 -1.251081 -1.133991 -1.120378 -1.238161 -0.995905 -1.132366
-1.241952 -1.149850 -1.214693 -1.018941 -1.026319 -1.239009 -1.416334 -1.174226 -0.910505 -0.868904
-1.086341 -1.005026 -0.929466 -0.996388 -1.129614 -1.062025 -1.147737 -1.001354 -1.236598 -0.745507
-1.159049 -1.063102 -1.824169 -1.519060 -1.168218 -1.562328 -1.388344 -1.367896 -1.575259 -1.560055
-1.082082 -1.387279 -1.367770 -1.314684 -1.007506 -1.014534 -1.076690 -1.075099 -0.939789 -1.182589
-1.187663 -1.206486 -1.260999 -1.168857 -1.265824 -1.218637 -1.160558 -1.068782 -1.117297 -1.157861
-1.236190 -1.267270 -1.195388 -1.222637 -1.159628 -1.097065 -1.351092 -1.209374 -1.340275 -0.726370
-1.107325 -1.177281 -1.763682 -1.454745 -0.973114 -0.982224 -1.287544 -1.206624 -1.307394 -1.133603
-1.151583 -1.325415 -1.224502 -0.887553 -1.081280 -1.229149 -1.409483 -1.252728 -1.355590 -1.326741
-1.106587 -1.226942 -1.205937 -1.376347 -1.430757 -1.316785 -1.201116 -1.037281 -1.269737 -1.340739
-1.249819 -1.101949 -1.144933 -1.174369 -1.222737 -1.084607 -1.333373 -1.157394 -1.261448 -0.773200
-1.164787 -1.078243 -1.497612 -1.350152 -1.210005 -1.135590 -1.301542 -1.268477 -1.205601 -1.375631
-1.521018 -1.469965 -1.278057 -1.065774 -1.029937 -1.369608 -1.563736 -1.514439 -1.258890 -1.119486
-0.913021 -1.076991 -1.265741 -1.499535 -1.414398 -1.142120 -1.232064 -1.353094 -1.378947 -1.430084
-1.290661 -1.173120 -1.129220 -1.283016 -1.199273 -1.159431 -1.409028 -1.211392 -1.166856 -0.688193
-0.952978 -1.003057 -1.377453 -1.152492 -1.237792 -1.146443 -1.125315 -1.070321 -0.926428 -1.222667
-1.412118 -1.263787 -0.972745 -0.933164 -1.121074 -1.197238 -1.260754 -1.222647 -1.140388 -1.035788
-0.853333 -1.003637 -1.182333 -1.069029 -1.170304 -0.961793 -1.101822 -1.137319 -1.173686 -1.105547
-1.159338 -1.042965 -1.113116 -1.064771 -1.141629 -1.197597 -1.263437 -1.057734 -1.207230 -0.676689
-1.258261 -1.380941 -1.456348 -1.163917 -1.149970 -1.271657 -1.165439 -1.243350 -1.098403 -1.397876
-1.293497 -1.168899 -1.074634 -1.216363 -1.403096 -1.481118 -1.245037 -1.058772 -1.085070 -1.361629
-1.213539 -1.362648 -1.341181 -1.134284 -1.068584 -1.079079 -1.361052 -1.337538 -1.105589 -1.169573
-1.259677 -1.225500 -1.162437 -1.069697 -1.184992 -1.348520 -1.337194 -1.141560 -1.236113 -0.750367
-1.374147 -1.247938 -1.377318 -1.069444 -1.323044 -1.154322 -1.333095 -1.335258 -1.132171 -0.950397
-0.940934 -0.872658 -0.989602 -0.882611 -1.012541 -1.104815 -1.051082 -0.914447 -0.981751 -1.134351
-1.210862 -1.422280 -1.180809 -0.963400 -1.004820 -1.152441 -1.307962 -1.166363 -1.034774 -1.182450
-1.312983 -1.232586 -1.180087 -1.083619 -1.134105 -1.231757 -1.070210 -1.114860 -1.321753 -0.766820
-1.198865 -1.022656 -1.228239 -1.064919 -1.214091 -1.072913 -1.270279 -1.604362 -1.304594 -1.206200
-1.107809 -1.249298 -0.896840 -0.578226 -0.486602 -0.774864 -0.990989 -0.900193 -0.958443 -1.148178
-1.228220 -1.417278 -1.365254 -1.028942 -0.899385 -1.096162 -1.372876 -0.977776 -1.021019 -1.159915
-1.345154 -1.232052 -1.215381 -1.145687 -1.180506 -1.224975 -1.013683 -1.160693 -1.447823 -0.830380
-1.144937 -0.858150 -1.339225 -1.253620 -1.365774 -1.165971 -1.430645 -1.648481 -1.320595 -1.337900
-1.303199 -0.890267 0.196592 0.418062 0.259603 -0.088396 -0.921475 -0.515398 -0.451060 -0.907711
-1.049236 -1.195086 -1.059791 -1.043004 -0.969382 -1.138948 -1.289055 -1.191016 -1.270176 -1.345870
-1.168369 -1.063947 -1.062662 -1.126411 -1.154440 -1.228245 -0.973782 -1.206203 -1.479842 -0.785757
-1.259917 -1.040627 -1.425064 -1.363346 -1.331062 -1.129465 -1.183038 -1.320507 -0.984084 -1.037347
-1.196853 -0.941311 -0.660972 -1.781024 -3.126498 -0.652210 -1.284342 -0.444221 -0.268291 -1.051939
-1.226062 -1.438262 -1.402626 -1.393647 -1.407712 -1.418647 -1.423363 -1.286350 -1.318055 -1.390225
-1.171755 -1.130669 -1.098962 -1.244236 -1.187795 -1.320938 -0.990734 -1.467986 -1.800703 -0.999834
-1.297550 -0.958508 -1.242281 -0.949853 -0.923694 -0.974582 -0.964978 -1.219610 -0.967289 -1.010650
-1.077407 -1.037828 -0.943279 -1.140960 -2.068567 -1.080573 -2.028869 -1.381302 -0.923803 -1.028768
-1.019127 -0.982929 -0.972174 -1.070885 -1.031107 -0.991037 -0.957105 -0.937828 -1.196769 -1.249243
-1.079726 -1.133863 -1.102355 -1.083437 -1.165883 -1.201405 -1.006547 -1.439298 -1.803681 -0.878246
-1.032681 -0.947732 -1.121287 -1.057068 -1.269621 -1.480010 -1.344995 -1.654998 -1.420978 -1.250011
-1.271537 -1.473996 -1.502203 -1.330946 -0.481530 0.316858 -0.058345 -0.717049 -0.954733 -1.668372
-1.399297 -1.480464 -1.521148 -1.560237 -1.445321 -1.235856 -1.083954 -1.213326 -1.440954 -1.199867
-1.157537 -1.225604 -1.264032 -1.085039 -1.129176 -1.155063 -1.052901 -1.448505 -1.546780 -0.794462
-1.183046 -0.955220 -1.305792 -1.347355 -1.423426 -1.343240 -1.145914 -1.137317 -0.895217 -0.922553
-1.153815 -1.345474 -1.553041 -1.669989 -1.212426 -0.688144 -0.781569 -0.870722 -1.360759 -1.335395
-1.076771 -1.059903 -1.157262 -1.238476 -1.075884 -1.089891 -1.138562 -1.465860 -1.296260 -1.196274
-0.951808 -1.121470 -1.076224 -1.073851 -1.123424 -1.080547 -1.029271 -1.109521 -0.990366 -0.522791
-1.120560 -0.907656 -1.163459 -1.105034 -1.268172 -0.999013 -1.077386 -1.107489 -0.867053 -0.921398
-1.079223 -0.961885 -1.003534 -0.949296 -0.895527 -0.891382 -1.036691 -1.315405 -1.459196 -1.413536
-1.254544 -1.227055 -0.977662 -1.106456 -1.066009 -1.252295 -1.357865 -1.244446 -1.132651 -1.045607
-1.271912 -1.237724 -1.213066 -1.101356 -1.242427 -1.230982 -1.358555 -1.221646 -1.048386 -0.573975
-1.122329 -0.973951 -1.522151 -1.436854 -1.373120 -1.174445 -1.018973 -1.198923 -1.257333 -1.349078
-1.214161 -1.064359 -1.115749 -1.151506 -1.234517 -1.177390 -1.138585 -1.158175 -0.999327 -0.980185
-1.164253 -1.305475 -1.100873 -1.058656 -1.196187 -1.349657 -1.321173 -1.168254 -0.897818 -1.042952
-1.041132 -1.136892 -1.161610 -1.245571 -1.325906 -1.293609 -1.413035 -1.195517 -1.342683 -0.765160
-1.218751 -1.177025 -1.530972 -1.383574 -1.772745 -1.584235 -1.440332 -1.220623 -0.983017 -0.884468
-0.938865 -1.035791 -1.118324 -1.140110 -1.068286 -1.096805 -1.236672 -1.297258 -1.216830 -1.186369
-1.196275 -1.354300 -1.246768 -1.313355 -1.405442 -1.317903 -1.165123 -1.036521 -0.968317 -0.940707
-0.935063 -1.031712 -1.183008 -1.236038 -1.348908 -1.402677 -1.535751 -1.302298 -1.383276 -0.859052
-1.134758 -1.438959 -1.591682 -0.920361 -0.835629 -0.721036 -0.837623 -0.796484 -1.141765 -1.129714
-0.959739 -1.239399 -1.134396 -1.154910 -1.188520 -1.270893 -1.384231 -1.211187 -1.060120 -1.144368
-1.114536 -1.164022 -1.169792 -1.204253 -1.243210 -1.146699 -1.042418 -1.151402 -1.239309 -1.212127
-1.145681 -1.300530 -1.455787 -1.294559 -1.173987 -1.122768 -1.413189 -1.216424 -1.241311 -0.658445
-0.832116 -0.732761 0.786264 1.133424 1.092180 0.253429 0.609766 0.251121 0.265245 -0.254100
-0.589076 -1.047336 -1.105090 -1.090580 -1.125714 -1.161766 -1.346388 -1.250248 -1.095206 -1.041490
-1.090134 -1.214229 -1.232228 -1.209690 -1.128272 -1.114434 -1.230156 -1.399633 -1.272900 -1.119984
-1.010722 -1.174050 -1.177865 -1.022011 -1.052501 -0.870078 -0.922091 -0.972378 -1.141518 -0.515099
-0.678438 -0.102693 0.597261 0.591317 -0.324442 -1.074965 -1.623511 -1.357758 -1.512825 -0.649038
-0.731157 -1.044945 -1.184195 -1.290927 -1.298775 -1.289778 -1.444276 -1.329482 -1.143997 -1.087739
-1.226990 -1.426262 -1.538881 -1.478909 -1.441364 -1.470375 -1.434117 -1.367470 -1.212196 -1.199312
-1.240746 -1.380498 -1.491317 -1.349586 -1.244810 -1.367897 -1.441475 -1.381705 -1.522763 -0.805644
-0.634519 -1.540794 -1.471152 -1.591146 -2.643116 -3.028407 -3.125467 -2.261585 -2.356983 -2.414767
-1.419694 -0.875516 -0.748261 -1.065167 -1.305280 -1.361764 -1.250097 -1.177932 -1.278961 -1.265611
-1.316151 -1.432332 -1.400872 -1.225143 -1.242499 -1.178944 -1.129284 -1.065311 -1.222092 -1.225629
-1.254707 -1.127705 -1.208510 -1.166703 -1.342167 -1.474897 -1.344993 -0.936745 -0.805709 -0.214507
0.730297 0.590167 0.121541 0.091481 -0.030781 -0.768571 -1.223899 -0.286103 0.285539 -0.500542
-0.247796 -0.347175 -0.581241 -0.915029 -1.421786 -1.429358 -1.458801 -1.447698 -1.585943 -1.504795
-1.700242 -1.730967 -1.510242 -1.445301 -1.393853 -1.373235 -1.203752 -1.190980 -1.226953 -1.250313
-1.464692 -1.513643 -1.492799 -1.431160 -1.738694 -1.656237 -0.839877 0.137739 0.303924 0.286366
-0.025891 -0.773454 -1.344456 -0.627105 0.263535 -0.671726 -0.364608 -0.309511 -0.840984 -1.224599
-2.026456 -2.174642 -1.106997 -1.162051 -1.438794 -1.348391 -1.130543 -0.821633 -0.806431 -0.884452
-1.143710 -0.704253 -0.597173 -0.815706 -1.077989 -0.990333 -1.030717 -1.112595 -1.325764 -1.408753
-1.318448 -1.443241 -1.501338 -1.288507 -0.874718 -0.535956 -0.025142 -0.572491 -0.039191 -0.346261
-0.749888 -0.785711 -0.651301 0.007579 -0.348472 -0.636190 -0.016932 0.009320 -0.039417 0.723294
-1.499119 -2.206241 -1.007056 -1.079328 -0.982141 -0.929572 -0.862497 -0.789588 -0.688124 -0.918970
-0.854810 -0.763760 -0.667193 -0.948792 -1.319957 -1.245531 -1.241081 -1.328188 -1.355188 -1.412771
-0.588286 -0.018463 0.013654 -1.380496 -1.232645 -0.330401 -0.543857 -1.768885 -1.720255 -1.508725
-0.575070 -0.623526 -0.733831 -1.255561 -0.581932 -1.111610 -0.915574 -0.624017 -0.479266 0.026719
-1.267186 -1.493740 -0.739755 -0.943780 -1.050094 -0.767880 -0.508217 -0.454835 -0.910888 -1.261594
-1.177794 -1.327899 -1.322852 -1.181761 -0.933477 -0.859683 -0.955534 -0.768433 -0.897139 -0.162597
1.202567 0.863107 0.859121 -0.014178 -0.427989 1.004347 0.586479 0.427203 -0.004064 -0.344076
-0.797469 -0.945064 -0.197477 -0.140934 -0.440671 -0.789877 -0.243543 0.876020 0.316760 0.209486
-0.539449 -1.873004 -1.573701 -2.025625 -1.962313 -0.431722 0.343711 0.072181 -0.198345 -0.508706
0.360188 0.267083 0.456520 0.286142 -0.312774 -0.602984 -0.853665 -0.320684 -0.489309 -0.097696
-0.570147 -1.302393 -0.796281 -1.571509 -1.641780 -0.730736 -0.021539 -0.266333 0.081597 0.689598
-0.398532 -0.371737 -0.545915 -1.045871 -0.694955 -0.806204 -1.042312 -0.398634 -0.860911 -0.580571
-0.812957 -1.732296 -0.300504 -1.064375 -0.678464 0.169205 -0.615095 -1.610217 -1.011296 -2.217563
-0.839632 0.294786 -0.007319 -0.148546 -0.425860 -0.507354 0.675090 0.546233 -0.685553 -1.312033
-0.961553 -0.999703 -1.296089 -2.446402 -1.583707 -0.471013 -1.363773 -0.851911 -0.351190 0.087680
-0.208107 -0.108460 -1.135010 -1.158873 -0.562566 -0.446305 -0.381256 -0.113712 0.122047 -0.664078
-0.608516 -0.761154 0.197702 -1.301807 -1.121881 -0.299496 -1.206269 -1.251126 0.366275 -1.187482
-0.044003 -0.376639 -0.887437 -0.748526 -1.561459 -1.878298 -0.707515 -0.693109 -1.223099 -0.759916
-1.459792 -0.435291 -1.387192 -1.861117 -1.517013 -0.389772 -1.567189 -1.888232 -1.144732 -0.498072
-0.372584 -0.780486 -0.685732 -1.176866 -0.946823 -0.647892 -0.264183 -1.086974 -0.744564 -1.200724
-0.293579 -0.554839 0.285529 -1.499810 -0.762700 -0.568388 -2.580504 -2.850640 -2.517484 -3.322530
-1.940243 -2.458664 -1.696733 -1.729037 -1.827858 -1.376978 -1.626323 -2.117326 -2.104275 -1.374454
-1.202518 -0.130403 -1.102584 -1.198732 -0.479547 -0.379326 -0.632465 -0.547646 -0.677835 -0.401156
-0.546731 -0.566276 -0.653265 -1.293079 -1.291343 -1.574032 -0.678851 -0.722021 -1.104574 -0.474244
1.037236 0.726401 1.087539 0.579451 -0.292703 0.197571 -0.941344 -0.296510 -1.040367 -1.061406
-1.196166 -1.799441 -1.702356 -0.727660 -0.491700 -0.753941 -0.708729 -0.495302 -0.072559 0.051189
0.220575 -0.309364 -0.346689 -0.035889 -0.067881 -0.194936 -0.547877 -0.795685 -0.818388 -0.713243
-0.579577 -0.894508 -1.365280 -1.243887 -1.895766 -2.100079 -1.378931 -0.402457 -0.377154 0.517494
0.366673 -0.106951 -0.194049 -0.286475 -0.809220 -1.247157 -0.773091 -0.039947 0.523755 -0.108836
0.656497 -0.386896 -0.287159 -0.582571 -0.753112 -1.125348 -1.411446 -1.396956 -1.568035 -0.167861
0.209286 -0.662300 -1.300174 -0.698457 -0.318057 -0.702781 -1.289300 -0.914078 -0.502275 -0.361827
-0.563466 -1.028226 -0.585623 -0.644353 -0.996625 -1.553864 -0.963212 -1.116811 -1.127071 -0.693160
-0.897417 -1.365092 -1.501359 -1.617510 -1.908816 -0.883745 -0.127153 -1.098975 -0.090863 -1.276787
-0.594349 -1.587055 -0.497443 -0.929841 -0.678875 -0.093987 -0.328802 -0.048931 -0.741661 -0.440098
-1.227929 -0.936337 -0.135165 -0.144734 -0.680624 -0.765849 -0.490256 -0.198770 0.155227 -0.142414
-0.630200 -0.809310 -0.084998 -0.252079 -0.708176 -1.352630 -0.433659 -0.937522 -0.952359 -0.886917
-1.274423 -1.227198 -1.153105 -1.335885 -1.797218 -1.030109 -0.570422 -1.009559 0.022127 -0.029242
-0.108848 -0.687706 0.009539 0.928277 0.118913 -0.927594 -0.792758 -0.975270 0.012625 0.314083
-0.460537 -0.352292 0.294120 -1.466640 -2.223744 -2.055454 -1.867299 -0.916409 -0.901898 -0.780885
-0.346198 -0.516533 -0.489769 -0.223647 -1.200908 -1.097995 -0.170660 -0.675613 -1.262415 -1.850379
-1.762625 -0.978441 -1.123388 -1.280263 -1.314324 -1.142188 -0.805661 -0.480772 -0.399039 -0.581838
-0.974058 -0.975011 -0.900084 -0.596068 -0.403642 -0.466659 -0.566176 -0.930103 -0.865558 -1.658453
-2.081298 -1.455723 -0.730290 -1.632736 -1.594202 -1.155463 -1.121712 -0.363815 -1.101435 -0.895492
-0.556415 -0.980563 -0.619364 -0.913494 -1.697132 -0.269077 0.541441 -0.026184 -1.206949 -1.499515
-1.480077 -0.716143 -0.304125 -0.769904 -1.329787 -1.290861 -0.837156 -0.468502 -0.560692 -0.994249
-0.753987 -0.791375 -0.608694 0.153082 -0.999243 -1.648681 -0.918131 -1.310179 -0.706642 -0.380687
-0.289272 -0.295857 -0.380060 -0.702406 -0.037146 0.429119 0.606767 -0.183517 -0.720672 -0.058020
-1.417050 -1.971787 -1.254992 -1.998069 -2.228384 -1.120699 -0.854041 -1.684659 -2.535294 -2.216012
-2.445308 -2.129623 -1.054904 -0.605392 -1.035534 -1.561270 -1.539171 -0.917499 -0.548123 -0.708145
-0.511891 -0.356350 0.221722 0.529499 0.383537 0.149571 1.026592 0.517831 -0.218304 -0.310303
-0.580367 0.406639 -0.326758 -1.006999 -1.175982 -0.399375 -0.874150 -0.913982 -0.565366 -0.232053
-0.833007 -0.848956 -0.663585 -0.766918 -0.597865 -0.780912 -0.882822 -1.014838 -0.974432 -1.607615
-0.602538 -0.207084 0.556084 0.874203 0.644212 -0.200416 -0.524789 0.142627 0.554068 -0.249874
-0.331586 0.021261 -0.029484 -0.138812 -0.311612 -0.411392 0.064220 -0.539394 -0.320528 -0.112065
-0.206855 0.221207 -0.319757 0.096799 0.107444 -0.096009 -0.784119 -0.997564 -1.265605 -0.514937
1.010564 -1.045165 -1.361999 -1.128585 -1.248848 -1.585067 -1.499021 -0.803040 -1.407223 -1.351058
-1.466714 -1.496968 -1.605945 -1.486378 -0.038678 -1.200686 -0.857038 -0.846213 -1.277377 -1.283179
-1.443431 -1.478971 -1.297944 -1.502540 -1.326930 -1.596612 -1.095535 -0.925037 -1.437936 -1.616588
-0.965754 -1.079728 -1.324371 -1.268025 -1.402081 -1.379498 -1.304030 -1.638451 -1.749045 -1.335708
0.031529 -0.880934 -1.140499 -1.566742 -1.604438 -1.567036 -1.370984 -1.056377 -1.456395 -1.453429
-1.628041 -1.592499 -1.729298 -1.490017 -0.854176 -1.119718 -0.999588 -1.047338 -0.967853 -1.170975
-1.511424 -1.382514 -1.392291 -1.627318 -1.419810 -1.503139 -1.352184 -1.272146 -1.556099 -1.277015
-1.202267 -1.326165 -1.202548 -1.275802 -1.304488 -1.303662 -1.269787 -1.941026 -1.824298 -0.574219
0.161835 -0.725798 -0.956996 -0.857385 -1.315652 -1.316051 -1.061393 -1.178362 -1.353378 -1.291056
-1.520415 -1.388128 -1.466911 -1.295624 -1.728743 -0.813720 -0.809583 -0.828404 -1.281694 -0.884753
-1.146176 -1.334075 -1.293612 -1.516300 -1.594472 -1.378960 -1.378708 -1.410614 -1.548077 -1.263415
-1.136602 -1.156394 -1.265861 -1.311892 -1.260474 -1.168747 -1.258280 -1.718022 -1.825926 -0.500662
0.330164 -0.818397 -1.180020 -0.583258 -1.002898 -0.578555 -1.311309 -1.135830 -1.272019 -1.184399
-1.420154 -1.754701 -1.627915 -0.430945 -1.360532 -1.074493 -1.214584 -0.636833 -0.806794 -1.069928
-0.956286 -1.204582 -1.335696 -1.464146 -1.245984 -1.230794 -1.292558 -1.361794 -1.346802 -1.323665
-1.303423 -1.240442 -1.219817 -1.163082 -1.223630 -1.188776 -1.455395 -1.590107 -1.684658 -0.498976
0.427773 -0.898969 -1.469073 -1.072300 -1.751971 -0.818127 -1.140219 -1.020658 -1.161671 -1.050403
-1.121054 -1.583925 -1.323396 -0.784368 -1.377780 -1.198570 -1.554147 -1.135755 -1.120016 -0.933756
-0.546899 -1.090197 -1.339285 -1.568682 -1.192955 -1.179693 -1.144216 -1.315855 -1.272408 -1.174480
-1.162298 -1.251271 -1.426529 -1.132288 -1.155965 -1.118817 -1.235669 -1.618781 -1.736627 -0.683662
0.287143 -0.961184 -1.303275 -1.102176 -1.833704 -1.512333 -1.312142 -1.078704 -1.402214 -1.076942
-1.370574 -0.995534 -0.637265 -1.017407 -1.424178 -1.494507 -1.646369 -1.218523 -1.017177 -0.973904
-0.832914 -0.798393 -1.052960 -1.450600 -1.401397 -1.167922 -0.799200 -1.142231 -1.373379 -1.215016
-1.100064 -0.966851 -1.131074 -1.126419 -1.291817 -1.348699 -1.240831 -1.451474 -1.666898 -0.701997
0.297360 -0.866265 -1.122157 -1.178831 -1.322813 -1.258086 -1.478266 -1.418200 -1.473652 -1.364136
-1.652260 -1.450075 -0.413127 -0.724417 -0.759699 -1.167223 -1.542216 -1.634925 -1.267288 -1.201748
-1.183320 -0.796895 -1.118231 -1.440123 -1.273839 -1.267852 -0.971268 -1.086816 -1.389379 -1.285022
-1.079683 -1.187801 -0.990869 -1.079320 -1.083493 -1.338042 -1.310206 -1.497554 -1.834262 -0.704284
0.100112 -1.159686 -1.004304 -0.857628 -0.941492 -1.234217 -1.281746 -1.233220 -1.499830 -1.656746
-1.575669 -1.292119 -0.939665 -1.030387 -1.063602 -1.099724 -1.103146 -1.277063 -1.258463 -1.251998
-1.397479 -1.174178 -1.141548 -1.380281 -0.905318 -1.119644 -1.167543 -1.085834 -1.144033 -1.262023
-1.191149 -1.254656 -1.229716 -1.082501 -1.151480 -1.398913 -1.232195 -1.355945 -1.667539 -0.836689
-0.039629 -0.854020 -0.780582 -1.044618 -1.151582 -1.322828 -1.400128 -1.219353 -1.346630 -1.169786
-1.009851 -1.141345 -1.352732 -1.207980 -1.287434 -1.345581 -0.959220 -0.977726 -1.055906 -1.010251
-1.263272 -1.358293 -0.987489 -1.164949 -1.180403 -1.246612 -1.296866 -1.206268 -1.070281 -1.349529
-1.244429 -1.272517 -1.221852 -1.150362 -1.098956 -1.338231 -1.089446 -1.463373 -1.647616 -0.701911
-0.080253 -1.135334 -0.964693 -1.126651 -1.076764 -1.008885 -1.445703 -1.457453 -1.559050 -1.329210
-0.887720 -0.995666 -1.061659 -1.151680 -1.359438 -1.391341 -1.129115 -0.842990 -0.968834 -1.035205
-1.463316 -1.430340 -1.351047 -1.210975 -1.074102 -1.386428 -1.543820 -0.932509 -1.086538 -1.226226
-1.195506 -1.120358 -1.352528 -1.214336 -1.283675 -1.264233 -1.200755 -1.546618 -1.678713 -0.726551
0.085968 -1.260500 -1.342213 -1.108587 -1.285525 -1.087971 -1.222294 -1.003968 -1.236558 -1.713165
-1.026002 -0.912270 -1.323389 -1.526451 -0.998206 -1.152588 -1.655407 -1.137143 -0.745502 -0.469196
-0.964391 -1.438054 -1.041366 -1.382828 -1.238622 -1.408478 -1.301389 -1.179301 -1.086043 -1.080312
-0.934139 -0.963084 -1.356732 -1.369035 -1.228487 -1.213832 -1.324406 -1.535056 -1.542394 -0.939701
0.289582 -1.008617 -1.252628 -1.186544 -1.386704 -1.415949 -1.404541 -0.625450 -0.816744 -1.340811
-1.284412 -1.175760 -1.537500 -1.207546 -0.466660 -1.581986 -1.813790 -1.426265 -1.467551 -0.638796
-0.754899 -1.248494 -1.124311 -1.089149 -1.331313 -1.299993 -1.027687 -1.191131 -1.260749 -1.219905
-0.863379 -0.696929 -1.054445 -1.182108 -1.157769 -1.265567 -1.382443 -1.601542 -1.176891 -0.830772
0.235345 -0.953160 -0.987622 -0.977133 -1.350914 -1.765239 -1.675725 -0.960021 -0.959198 -1.308314
-0.981790 -1.416346 -1.878968 -0.402741 0.488721 -1.732586 -0.711870 -0.732381 -1.735000 -1.341099
-1.219133 -1.291435 -1.466974 -1.197091 -1.440674 -1.512748 -1.342740 -1.295919 -1.435954 -1.192506
-1.025949 -0.695533 -1.040554 -1.189036 -1.191633 -1.271850 -1.663572 -1.820678 -1.128617 -0.546036
0.358692 -0.769308 -1.226112 -1.101938 -1.223684 -1.443957 -1.692144 -0.921610 -0.827675 -1.246458
-0.673290 -0.967174 -1.927831 -1.251305 -1.171082 -4.450410 3.912883 2.124210 -0.925304 -1.480487
-1.290616 -1.222777 -1.341244 -1.293852 -1.355327 -1.145877 -1.269271 -1.503048 -1.329136 -1.337453
-1.338223 -1.011797 -0.975664 -1.035825 -1.131974 -1.208755 -1.680579 -1.811193 -0.797841 -0.461716
0.328213 -0.967017 -1.164696 -1.319278 -1.396007 -1.432290 -1.695511 -0.873766 -0.394770 -1.093018
-0.923423 -1.115908 -1.756434 -1.730236 -1.708720 -5.159355 0.937970 3.496199 -0.358814 -1.040675
-1.139616 -1.140756 -1.272427 -1.373537 -1.282994 -1.069917 -1.225909 -1.372967 -0.976555 -0.958067
-1.333617 -1.275377 -1.154625 -1.231138 -0.886930 -1.151553 -1.702560 -1.958680 -0.869712 -0.500419
0.433961 -0.626085 -1.096509 -1.345476 -1.360517 -1.605532 -1.881683 -1.473155 -0.910868 -1.400907
-1.350054 -1.410378 -1.656698 -1.968081 -1.895089 -2.865666 -1.870834 -0.871873 -1.405002 -1.195382
-1.226699 -1.217623 -1.305165 -1.306836 -1.323798 -1.222763 -1.248422 -1.175484 -0.901776 -0.735673
-1.221544 -1.275805 -0.991275 -1.266859 -1.369277 -1.203128 -1.483370 -1.795410 -1.262529 -0.857992
0.371581 -0.873386 -1.056168 -1.472402 -0.987661 -1.204096 -1.684460 -1.405076 -1.033111 -1.227996
-0.982210 -1.124503 -1.335731 -1.751361 -1.452714 -0.856520 -1.406880 -0.951983 -1.035725 -1.196882
-1.261716 -1.281388 -1.234732 -1.250647 -1.284563 -1.339135 -1.348712 -1.365222 -1.019197 -0.320343
-0.810959 -1.161198 -1.268268 -1.264809 -1.302873 -1.293819 -1.493315 -1.584978 -1.777637 -1.164546
0.397385 -1.008693 -1.212989 -1.369475 -0.918090 -0.952684 -1.585020 -1.139209 -1.005940 -1.207538
-1.100201 -0.845253 -1.113963 -1.498189 -1.643689 -1.358252 -1.533534 -1.249288 -1.118218 -0.504933
-1.212119 -1.344320 -1.325312 -1.058252 -1.197047 -1.343140 -1.426127 -1.481407 -1.411117 -0.876979
-0.568533 -1.202267 -1.229232 -1.271381 -1.263833 -1.266505 -1.326493 -1.611023 -1.941868 -0.781791
0.313924 -1.101158 -0.964446 -1.261485 -1.006468 -0.209376 -1.120303 -1.342157 -1.575283 -1.419957
-1.108341 -0.840339 -1.040948 -1.235738 -1.122338 -1.146060 -1.378791 -1.320656 -1.133194 -0.755790
-0.948105 -1.222653 -1.362904 -1.435040 -0.942886 -1.248810 -1.185152 -1.250564 -1.418382 -1.080096
-1.048731 -1.211397 -1.228765 -1.134563 -1.314728 -1.256547 -1.281627 -1.576576 -1.857065 -0.755266
0.049184 -1.164081 -1.036422 -1.575342 -1.239588 -0.645226 -1.033466 -1.170285 -1.325948 -1.254106
-1.050359 -1.244994 -1.418113 -1.359784 -1.331711 -1.268918 -1.456647 -1.213500 -1.185618 -1.281539
-1.089381 -1.133336 -1.325200 -1.497908 -1.335963 -1.218621 -1.221420 -1.329129 -1.294034 -1.223613
-1.016956 -1.170305 -1.429117 -1.429098 -1.361169 -1.151877 -1.246545 -1.536532 -1.740705 -0.645632
-0.000694 -0.977215 -1.257408 -1.323824 0.211456 -0.570920 -1.558221 -1.723512 -0.986728 -0.901159
-1.265251 -1.254653 -1.291512 -1.164418 -1.210914 -1.337358 -1.449337 -1.389916 -1.173720 -1.145367
-1.212112 -1.112349 -1.193471 -1.335109 -1.268783 -1.337188 -1.309356 -1.174575 -1.461410 -1.442972
-1.303420 -1.216511 -1.286094 -1.348102 -1.474663 -1.104628 -1.129496 -1.580363 -1.994208 -0.828252
0.725217 -0.318722 -1.156747 0.263693 -0.600766 -1.691020 -2.480833 -2.178309 -0.645132 -0.931314
-1.303902 -1.114587 -0.991617 -1.151268 -1.262190 -1.481174 -1.363986 -1.003617 -1.191893 -1.069926
-1.045238 -1.061497 -1.219483 -1.317668 -1.280722 -1.299653 -1.303545 -1.211064 -1.350945 -1.196577
-1.086845 -1.273530 -1.001214 -1.073686 -1.428396 -1.401461 -1.579912 -1.274111 -1.529149 -1.042940
-1.382213 0.853852 2.389826 0.525948 -2.391430 -2.353683 -3.682676 -3.224215 1.403173 1.337031
-0.699186 -0.786331 -1.203560 -1.086234 -1.098114 -1.332370 -1.416364 -1.249594 -1.205742 -1.318874
-1.195774 -1.122252 -1.205262 -1.385452 -1.361894 -1.247153 -1.257707 -1.255860 -1.199253 -1.224616
-1.234016 -1.627767 -1.335459 -1.309315 -1.591190 -1.299842 -1.629018 -1.685868 -1.410259 -0.808300
-3.692199 -1.022248 1.589391 -1.030666 -3.058051 -1.192640 -1.031653 -1.609526 -0.831030 3.017543
-0.236043 -0.615699 -1.420266 -1.351854 -1.184565 -1.160133 -1.221448 -1.329358 -1.358163 -1.496692
-1.521398 -1.288875 -1.146262 -1.412642 -1.328848 -1.291702 -1.241993 -1.123594 -1.303717 -1.327613
-1.336960 -1.410586 -1.314948 -1.384915 -1.760982 -1.685176 -1.637946 -0.860710 -0.501006 -1.648225
-2.477415 -0.781353 -1.021590 -2.046423 -2.460001 -0.361831 -0.291625 -1.253549 -1.748626 0.128028
0.769099 -0.314112 -0.931301 -1.172755 -1.117812 -1.049707 -1.331451 -1.320325 -1.557573 -1.647891
-1.467735 -1.175142 -1.117889 -1.299147 -1.247560 -1.070985 -1.191002 -1.302518 -1.432337 -1.202325
-1.232919 -1.344051 -1.780414 -1.723710 -1.579373 -1.937373 -1.686077 -0.355292 -1.085781 -2.409345
-1.112803 -1.013732 -2.238690 -1.674579 -3.004609 -0.963903 0.138787 -1.531988 -1.392845 -2.944141
1.120379 2.574395 -0.931019 -1.100738 -1.152966 -0.899037 -1.573884 -1.535894 -1.333843 -1.167877
-1.439126 -1.365834 -1.072161 -1.053851 -1.068964 -1.469951 -1.306624 -1.311206 -1.418993 -1.527206
-1.558544 -1.549455 -1.150600 -0.936286 -1.248903 -1.064771 -1.100133 -0.565660 -2.474672 -2.656173
-0.769643 -0.899740 -1.161200 -0.279254 -2.683095 -2.696330 -0.913669 -2.184784 -0.805891 -1.909582
-0.118324 2.608977 -1.216225 -1.171795 -1.575479 -1.350067 -1.716970 -1.247163 -1.290141 -1.297891
-1.328765 -1.572860 -1.820169 -1.619138 -1.146396 -1.395254 -1.161707 -1.074129 -1.788020 -1.763329
-1.621406 -0.134253 -0.267847 -2.837346 -2.086523 -1.868762 -0.562463 -0.585576 -2.532501 -1.863920
-1.434674 -1.406596 -1.045445 -0.007464 -2.584464 -1.555867 0.616535 -1.044566 -0.795188 -1.098322
0.308884 2.560767 -0.857400 -1.036249 -1.375870 -1.964016 -1.845794 0.083237 -1.326056 -1.579621
-1.533356 -1.863926 -1.660053 -1.346876 -1.460607 -1.447824 -1.506240 -1.860193 -1.844383 -1.654757
-1.207413 0.206917 -0.959379 -4.668440 0.237052 -1.916986 -3.061765 -2.107221 -2.068102 -0.582981
-0.904056 -0.743016 -0.315510 0.093479 -0.842541 -1.920154 -0.618006 0.475282 0.461718 -2.182938
-1.053727 2.559513 -1.655940 -1.312137 -1.363614 -2.252172 -0.834508 1.782180 -0.846231 1.781417
-0.156479 -1.038649 -0.230117 -0.274475 -2.162661 -2.268222 -1.850142 -1.754533 -0.213274 -2.648959
-1.640154 -0.277354 -3.713227 -3.644935 1.073882 1.257932 -1.065284 -1.708192 -1.297727 -0.837217
-0.183252 -0.547158 -1.364768 -1.647228 -1.513863 -0.896776 -0.976950 0.340066 -0.573549 -3.039514
-2.103636 2.393445 -1.408112 -1.281382 -1.649687 -2.366672 -0.794683 -0.855507 -4.038248 4.212055
0.478658 -0.172486 -0.065098 -1.274065 -1.189537 0.868344 -0.938004 -0.701190 -0.536569 -3.042187
-0.074575 -1.017373 -3.758726 -1.619285 -0.496923 0.594862 3.566123 1.237041 -1.398976 -1.141943
-1.055760 -0.942085 -0.963867 -1.896479 -1.798978 -0.241282 -0.392367 -1.020370 -1.675967 -2.249669
-1.166745 2.829817 1.189971 -0.941086 -1.849595 -2.395896 -0.400059 -1.196109 -3.776787 2.884842
-1.011524 -0.438930 -2.004270 -3.685394 -2.457521 1.996142 2.159746 0.230647 -2.335665 -3.465141
1.454593 -1.541430 -1.556773 -0.394917 -2.483189 -1.575278 1.784927 0.760614 -0.792010 -0.621018
-0.896191 -0.553683 -0.698132 -1.476182 -2.047106 -1.701287 -0.412660 -1.448709 -0.370743 -1.051788
-1.347663 -1.054117 -1.013369 -2.141155 -1.507931 -2.131223 -2.102621 -1.674231 -2.974452 -0.327645
-2.380497 0.476448 -0.591730 -1.773435 -3.538057 -0.621677 2.228997 -0.541657 -1.656771 -0.966449
-0.169584 -1.892406 -0.417059 -0.039103 -1.315599 -1.761781 -0.746955 -0.678252 -0.921780 -0.784174
-0.620178 -0.287704 -0.357420 -0.944103 -1.983448 -2.507868 -1.374670 -1.532161 -1.235936 -0.444734
-0.244092 -1.113038 -2.501746 -2.793954 -0.601498 -1.901945 -1.907223 -2.062398 -2.476479 -2.135856
-1.468599 0.475320 -0.178571 -2.145710 -2.450467 -1.090240 1.160548 -1.606412 -3.102936 0.895112
0.639838 -1.302557 -1.972387 -0.183979 0.135247 -0.804230 -0.828561 -0.891242 -1.949172 -1.545956
-1.160021 -0.954029 -1.254044 -0.001576 -1.265490 -1.946888 -1.583704 -0.533336 -0.612055 -1.678342
-1.355540 -1.340952 -1.273530 -2.189844 -1.516018 -3.172745 -2.333189 -0.196399 -0.297267 -3.760838
-2.633492 -0.461581 -0.620202 -2.116669 -1.756371 -1.273223 0.592011 0.998035 -0.389844 -1.837061
-1.666625 -0.433301 -1.940015 -0.188479 -0.060015 -0.982198 -1.158753 -1.000333 -2.017757 -1.627359
-1.150980 -0.376961 -1.945306 -0.734472 -1.566929 -1.346282 -1.647062 -1.620044 -0.330876 -0.504919
-0.773486 -0.987581 -0.760271 -1.966918 -2.094516 -1.009845 -0.203379 -0.332277 -1.341335 -3.125861
-1.390029 -2.340221 -0.645816 -1.489899 -1.655258 -0.751225 -0.426198 0.297752 1.007435 -1.479084
-1.484197 -0.619673 -2.098043 -0.918257 -1.935437 -2.291153 -0.909146 -0.349298 -1.007514 -1.312933
-0.717312 0.862298 0.072498 -1.714383 -1.973116 -0.815429 -1.674656 -1.662992 0.101718 -0.350699
-0.188032 -1.257524 -0.380163 -2.223887 -1.996468 -0.810705 0.147289 -1.064084 -1.142547 -0.868115
-0.384025 -2.949949 -1.554377 -0.784053 -0.386851 -0.821630 -1.622500 -0.432578 0.106839 -0.679866
-0.676211 -0.167223 -2.472626 -1.953710 -1.415392 0.615752 1.002146 -1.462909 -1.700534 -1.026883
-0.756808 -0.242779 0.147736 -2.295392 -0.239438 -1.251196 -2.434116 -1.348370 -0.416915 -1.043010
-0.301691 -0.616468 -0.468070 -1.850894 -1.603891 -1.464613 -1.190280 -1.523288 -0.638224 -0.321969
-0.811193 -1.880753 -1.768838 -1.815045 -0.866126 -0.383595 -1.581414 -1.173533 -1.013619 -0.323176
-0.934549 -0.215637 -1.703676 -1.309992 -1.091464 0.092411 0.933695 -1.285993 -1.428900 -1.079645
-1.383591 -0.435513 -0.601922 -2.323078 0.576038 -0.753647 -2.034962 -0.098310 -0.229300 -0.671077
-1.110859 0.128172 0.119786 -1.055405 -1.553411 -1.534683 -0.109489 -0.191414 -1.456503 -1.541602
-0.940571 -1.207069 -1.244896 -2.247768 -1.202018 0.550642 -2.081893 -1.085461 -0.620435 -1.233027
-0.864444 -0.373497 -1.542098 -1.685463 -2.676844 -1.857452 -0.893041 -1.511836 -0.009533 -1.276799
-1.043991 -0.663286 -0.801520 -1.087389 0.126370 -0.579624 -1.496611 0.240629 0.111765 2.623732
0.207333 -0.001454 -0.000851 0.061996 -0.690152 -0.912565 -1.457847 -0.030660 -0.516737 -0.591285
-1.301388 -2.118198 -1.653092 -1.386318 -1.542913 -0.538477 -1.303899 -2.257074 -1.303322 -1.847633
-0.330845 0.446716 -0.518812 -1.510757 -2.500934 -1.210146 -0.283609 -1.834127 -1.596855 -1.322681
-0.319211 -0.135171 -1.196094 -1.343991 -1.065474 -1.086573 -1.742906 -1.346681 -1.037438 2.131647
-0.233014 -0.142430 -0.131622 -1.291097 -1.886808 0.051816 -1.057337 -0.712251 -1.152518 -0.460653
-0.565238 -1.008501 -1.302677 -0.981035 -0.765198 -1.278488 -1.163192 -0.944872 -1.157729 -1.060562
-0.876630 -0.292864 -0.471523 -1.020477 -0.753885 -0.792214 -0.949284 -1.134313 -1.287809 -0.737941
0.162285 0.769146 0.525108 0.474014 0.424346 0.414226 0.384885 0.319715 0.497174 0.364184
0.353467 0.414142 0.443020 0.442855 0.191475 0.417343 0.359941 0.435323 0.421073 0.456361
0.421226 0.372091 0.362856 0.366312 0.287595 0.382022 0.299818 0.384927 0.408442 0.560456
0.556541 0.503956 0.408160 0.300093 0.310049 0.305967 0.358484 0.397743 0.422310 0.467899
0.734637 1.399984 1.081419 1.036249 1.070220 1.021700 0.926539 0.933320 1.102591 1.038318
1.004731 0.919977 0.829458 0.839792 0.845639 0.842088 1.098947 1.094255 1.047607 1.056144
1.002181 0.889177 0.862074 0.906101 0.828576 0.906811 0.902768 1.020701 1.034752 0.964485
1.075772 1.113781 1.092721 0.980873 0.992406 0.934378 0.933088 1.072432 0.946249 0.562602
0.425537 1.127572 1.169724 1.040719 0.906288 0.967782 1.039398 1.022272 1.004169 1.051254
1.117060 0.945999 0.802752 0.766523 0.939614 0.810077 0.994076 1.000684 1.168242 1.048271
1.113677 1.113652 1.055960 1.027229 1.094417 1.028256 1.087964 1.117312 1.142534 1.102946
1.080282 1.039089 1.077403 1.139572 1.148174 1.136709 1.250891 1.303430 1.091774 0.468735
0.162628 0.647889 0.771811 0.851705 0.531512 0.570717 0.734427 0.700598 0.647407 0.572612
0.713614 0.668415 0.619257 0.448128 0.661890 0.552060 0.621997 0.825434 0.794230 0.828283
0.748751 0.793350 0.727567 0.752130 0.697614 0.641193 0.698941 0.728307 0.800525 0.827186
0.650444 0.633998 0.638050 0.723189 0.695229 0.767650 0.930884 0.831313 0.743001 0.357739
0.127225 0.546684 0.650518 0.781083 0.837057 0.680895 0.832534 0.703498 0.567024 0.480116
0.601927 0.535406 0.458791 0.293016 0.475376 0.543545 0.633968 0.625682 0.708118 0.731263
0.535653 0.731511 0.786390 0.707851 0.577238 0.495784 0.578160 0.627837 0.577382 0.613091
0.497640 0.508770 0.596368 0.638091 0.646630 0.706751 0.744992 0.620075 0.562544 0.292862
0.190558 0.547758 0.604408 0.755271 0.979850 0.781497 0.692186 0.732593 0.759093 0.552848
0.635704 0.537349 0.355757 0.532372 0.453422 0.587742 0.694590 0.579208 0.665374 0.597807
0.606817 0.736311 0.784096 0.748398 0.768122 0.560695 0.614439 0.713506 0.680985 0.546767
0.730640 0.695791 0.684144 0.592004 0.666279 0.612656 0.624251 0.694425 0.589082 0.344003
0.150007 0.444213 0.533295 0.722864 0.808577 0.609709 0.463423 0.585123 0.774685 0.693952
0.553110 0.594594 0.414549 0.821281 0.649255 0.668635 0.557880 0.603042 0.586650 0.611790
0.647824 0.568046 0.642886 0.707427 0.765943 0.835612 0.696198 0.726215 0.806701 0.655681
0.722163 0.749891 0.688574 0.567508 0.606207 0.560674 0.567586 0.572105 0.551519 0.338021
0.164616 0.444205 0.431324 0.531000 0.549979 0.545199 0.674323 0.533776 0.637673 0.607021
0.474830 0.446237 0.512908 0.601046 0.762932 0.719373 0.652187 0.628289 0.537292 0.665648
0.644677 0.596947 0.547569 0.703337 0.583367 0.750851 0.647973 0.582782 0.656545 0.659755
0.583842 0.666892 0.673361 0.547860 0.619708 0.664686 0.697694 0.548947 0.573444 0.307306
0.247032 0.495439 0.538101 0.612611 0.687600 0.548204 0.651545 0.583714 0.515355 0.528964
0.425992 0.481139 0.649375 0.617844 0.682718 0.712725 0.729735 0.703071 0.661927 0.667501
0.668101 0.730818 0.630453 0.692934 0.696118 0.799219 0.619908 0.537644 0.544883 0.678349
0.539549 0.609515 0.618505 0.639737 0.651636 0.681064 0.678019 0.722560 0.698180 0.375073
0.176517 0.548489 0.753121 0.766816 0.682098 0.558373 0.561054 0.568252 0.646665 0.674486
0.474808 0.731089 0.566589 0.529614 0.586466 0.599027 0.635109 0.570475 0.564077 0.559731
0.783792 0.703697 0.746660 0.692868 0.751069 0.708561 0.704201 0.585175 0.655494 0.590078
0.591777 0.601418 0.673467 0.660559 0.701149 0.712557 0.795351 0.740656 0.613194 0.355718
0.131884 0.461138 0.582997 0.638316 0.654571 0.604391 0.676664 0.501042 0.603639 0.693073
0.582279 0.702619 0.631201 0.437319 0.247387 0.339460 0.495728 0.662714 0.534277 0.572174
0.746971 0.720287 0.578034 0.620918 0.624119 0.645681 0.528394 0.565366 0.555023 0.517483
0.513870 0.596360 0.733164 0.726587 0.663926 0.644834 0.811474 0.693411 0.465633 0.322821
0.098326 0.437448 0.466817 0.507934 0.576945 0.578371 0.700861 0.446083 0.523261 0.544432
0.606743 0.635495 0.660092 0.237111 -0.272899 -0.120741 0.051292 0.412807 0.705522 0.635056
0.561245 0.625651 0.551763 0.597711 0.488905 0.491794 0.535918 0.647065 0.557103 0.567372
0.518437 0.550553 0.640687 0.682600 0.605214 0.614470 0.658668 0.615315 0.335880 0.309995
0.126556 0.586281 0.530371 0.438124 0.549640 0.499738 0.443884 0.367313 0.413245 0.619571
0.624550 0.708649 0.656090 0.195131 -0.532659 -0.459739 -0.399846 0.326447 0.710095 0.603595
0.573375 0.678800 0.648376 0.682272 0.575924 0.516589 0.744308 0.792431 0.767875 0.635138
0.599530 0.492664 0.542084 0.647050 0.594960 0.667357 0.684806 0.550066 0.334678 0.291716
0.108883 0.532614 0.697204 0.520441 0.599275 0.515497 0.358546 0.256302 0.496749 0.712286
0.618053 0.827407 0.533053 0.401686 1.006356 1.828957 0.346514 0.795136 0.846265 0.702975
0.643920 0.633246 0.665868 0.675860 0.810906 0.750778 0.774697 0.713827 0.659217 0.661851
0.660666 0.552497 0.549507 0.656670 0.598124 0.653726 0.656345 0.461654 0.244377 0.290732
0.185525 0.500113 0.649524 0.606323 0.533739 0.586894 0.600441 0.478000 0.585734 0.699650
0.665224 0.713617 0.468575 0.132745 0.899021 2.416434 0.597183 0.105524 0.521693 0.681391
0.657758 0.624429 0.726910 0.759023 0.781264 0.764739 0.684858 0.620530 0.431008 0.528026
0.669069 0.668510 0.570536 0.641407 0.548253 0.587991 0.452611 0.387717 0.170085 0.155382
0.198771 0.524536 0.580917 0.608342 0.521423 0.635638 0.727823 0.675879 0.443510 0.638276
0.667265 0.508576 0.496151 0.463614 0.362015 0.588975 0.078378 0.063928 0.368399 0.532056
0.751701 0.732785 0.747662 0.792285 0.756663 0.743839 0.618313 0.562089 0.418916 0.491929
0.694025 0.689490 0.576236 0.536561 0.570929 0.572770 0.387946 0.315592 0.262804 0.225414
0.074430 0.550905 0.578927 0.626170 0.531357 0.708143 0.749806 0.612356 0.459560 0.609558
0.554782 0.552531 0.596840 0.729419 0.717656 0.688462 0.649972 0.620795 0.497072 0.598493
0.689866 0.709452 0.646718 0.682007 0.644808 0.651500 0.568990 0.607504 0.617999 0.507158
0.651916 0.635940 0.723266 0.676287 0.644374 0.603385 0.501685 0.402111 0.479524 0.314303
0.224875 0.588134 0.625075 0.701732 0.444173 0.669153 0.795774 0.642247 0.513691 0.535718
0.523031 0.692458 0.701350 0.703277 0.845536 0.907936 0.798757 0.675800 0.718976 0.626918
0.654124 0.712372 0.794628 0.688391 0.692345 0.667823 0.585614 0.622572 0.620330 0.533401
0.552798 0.693699 0.697851 0.719018 0.706513 0.693605 0.668872 0.640689 0.681396 0.323987
0.170117 0.681620 0.739696 0.729743 0.571182 0.478254 0.683892 0.671356 0.629577 0.557879
0.613398 0.589904 0.568876 0.642998 0.645809 0.647453 0.607300 0.513548 0.584674 0.539110
0.653770 0.716460 0.736504 0.749705 0.598500 0.730901 0.704715 0.595480 0.641349 0.500955
0.470805 0.633502 0.603610 0.551576 0.610934 0.601006 0.660446 0.628164 0.542184 0.290727
0.078846 0.508021 0.537794 0.528895 0.317443 0.146400 0.456897 0.664797 0.720389 0.598974
0.536952 0.533554 0.597038 0.707965 0.726716 0.644449 0.628538 0.617296 0.710214 0.598568
0.568006 0.672688 0.653206 0.635446 0.606127 0.638110 0.698433 0.692677 0.686399 0.654744
0.575369 0.632309 0.580952 0.558126 0.606680 0.503901 0.523580 0.451732 0.378807 0.255180
-0.036063 0.291590 0.275252 0.302413 0.028053 -0.239557 -0.014656 0.058577 0.473716 0.557931
0.605699 0.652925 0.615465 0.631848 0.700606 0.717865 0.683920 0.696517 0.772836 0.741917
0.560893 0.656855 0.574940 0.548869 0.569238 0.550528 0.600097 0.669045 0.738271 0.840334
0.823266 0.585685 0.570538 0.546622 0.502285 0.524503 0.578776 0.479119 0.371026 0.189702
0.142831 -0.075869 0.337038 -0.062904 -0.430881 -0.103310 0.570464 0.317871 0.242977 0.664125
0.794533 0.704352 0.646694 0.655960 0.706581 0.753010 0.723681 0.617655 0.666342 0.725055
0.627824 0.543378 0.589368 0.635265 0.618329 0.589788 0.539444 0.596445 0.704128 0.696195
0.656754 0.512992 0.533837 0.656463 0.598278 0.557984 0.672548 0.595288 0.466330 0.317280
0.847146 0.582072 0.618304 -0.113058 0.150053 1.155893 2.124515 2.148003 0.343885 0.419912
0.683418 0.508895 0.718574 0.589109 0.651148 0.659869 0.715642 0.749774 0.618413 0.538028
0.568012 0.446693 0.488917 0.552015 0.499032 0.527791 0.488154 0.522975 0.503016 0.480646
0.455796 0.631133 0.688945 0.717026 0.694285 0.619509 0.621778 0.453771 0.498055 0.284356
1.223802 0.638065 0.252694 0.349289 1.558594 1.648745 1.655373 1.403816 0.756542 -0.568802
-0.099440 0.237683 0.654163 0.546708 0.562347 0.575366 0.628082 0.724831 0.696683 0.493281
0.539827 0.454555 0.418678 0.421919 0.359949 0.369478 0.456439 0.451543 0.467707 0.551156
0.590511 0.672399 0.678155 0.641901 0.646459 0.629797 0.602412 0.525064 0.583833 0.384358
0.334804 -0.150524 -0.387971 0.309014 1.182681 0.594871 0.804699 0.457424 0.765900 -0.088396
-0.201388 0.411307 0.652151 0.564906 0.470456 0.428223 0.514900 0.549432 0.474325 0.333430
0.294161 0.299776 0.372054 0.348673 0.401861 0.380452 0.474654 0.515948 0.548255 0.551299
0.652152 0.589430 0.602214 0.512017 0.510808 0.370770 0.351725 0.460989 0.632786 0.625181
-0.049922 -0.270905 -0.108992 0.261874 0.822722 0.437345 0.814374 0.852284 1.006086 1.430748
0.447654 0.167223 0.562802 0.522324 0.535257 0.439158 0.479023 0.288590 0.273591 0.113209
0.037759 0.146720 0.412041 0.391818 0.418918 0.549143 0.574058 0.594475 0.529694 0.423526
0.430034 0.264295 0.173732 -0.054883 0.221766 0.193752 0.298493 0.192988 0.895516 0.720352
0.389290 0.475362 0.694233 0.652356 1.062788 0.926229 0.680107 0.720639 0.352567 1.002489
0.259870 -0.191371 0.510598 0.449739 0.513262 0.503682 0.426093 0.088205 0.317832 0.438149
0.722260 0.604173 0.730069 0.710193 0.747162 0.654601 0.578293 0.523866 0.562913 0.455449
0.335262 -0.029458 -0.224690 -0.384907 0.022120 0.493645 0.283966 0.391313 1.422387 0.758007
1.017097 0.673176 0.899507 0.379664 1.049334 0.902554 0.739714 0.709192 0.549021 0.877468
0.181129 -0.275509 0.478617 0.465475 0.588738 0.527309 0.491612 -0.062444 -0.230322 0.217146
1.038476 0.771444 0.438456 0.415182 0.471483 0.700515 0.600237 0.435928 0.518072 0.548335
0.299218 0.342306 0.207804 1.300304 0.471522 0.472212 0.144054 0.497442 0.722528 0.471985
0.797833 0.407658 0.328458 0.338385 0.562961 0.640716 0.808443 0.752348 0.483360 0.439197
0.003761 -0.601477 0.257486 0.336014 0.560633 0.221061 -0.062731 -0.395198 -0.112093 -0.176152
0.799567 0.502150 0.043514 0.024003 0.059256 0.562228 0.703823 0.429076 0.364781 0.300161
0.425122 0.170011 1.587087 2.726940 0.717102 0.413251 0.270862 0.307621 0.526855 0.498380
0.428993 0.471141 0.537119 0.515266 0.966283 1.113702 0.725145 0.764742 0.126161 0.568879
0.329109 -0.453120 0.110671 0.182669 0.333746 -0.078401 -0.213142 0.108003 1.225655 0.062816
0.325844 0.006272 0.134078 0.339335 0.775379 0.397489 0.668481 0.144354 0.144698 -0.083584
0.274279 0.761715 1.783136 1.802369 1.030968 1.080699 0.981675 0.936793 0.503251 0.288816
0.643340 0.773464 0.875046 0.712341 0.778238 1.079794 1.077047 0.488183 1.108744 0.908881
0.890307 -0.108441 0.001753 0.146246 0.205031 0.130366 -0.237249 0.603172 0.978480 0.043841
0.363320 0.260379 0.217923 1.025707 1.290159 0.181604 0.450577 0.262494 0.280894 0.982258
0.049373 0.728122 1.246209 1.166217 1.060513 0.901083 0.650458 1.507464 1.277676 0.433234
0.677145 0.450109 0.953897 0.851914 0.440293 0.430653 0.591468 0.821197 0.829744 0.849658
0.323456 0.072716 0.056674 0.244668 0.206789 -0.009866 -0.646720 -0.085788 0.446442 0.263020
1.047569 0.070438 0.298656 0.557238 0.923408 0.475019 0.136478 0.411925 1.167718 1.006576
-0.378572 0.314698 0.706309 0.731707 0.690234 0.551876 0.491418 0.985891 1.140297 0.752617
0.755664 0.785426 0.747798 0.875076 0.796143 0.746073 0.873047 0.938467 1.001068 0.471927
-0.007254 -0.258474 -0.120864 0.468088 0.058201 0.561510 -0.140192 -0.355084 0.246490 0.094849
0.416328 0.175508 0.698059 0.862929 1.065070 1.002863 0.214695 0.444840 0.837981 0.236327
-0.169051 0.390066 0.463972 0.621722 1.039519 0.776423 0.465664 0.413581 0.437548 0.365714
0.818605 0.705278 0.633047 0.768250 0.841685 0.816334 0.822464 0.955400 0.731740 0.298120
0.185892 0.297616 0.143183 0.005311 0.156668 1.410802 0.843254 -0.100051 -0.423896 -0.375079
0.421055 0.602061 1.037019 1.368165 0.863978 0.734486 0.497509 0.387443 0.202474 -0.031284
0.246447 0.808564 1.070280 0.261078 0.476709 0.855659 0.633802 0.455751 0.445110 0.292266
0.705319 0.297026 0.501342 0.259477 0.583639 0.401476 0.666252 0.847848 0.844658 0.681309
0.798314 1.080823 0.983336 1.102496 0.883675 0.925360 0.634671 -0.156422 -0.503810 -0.292566
-0.589661 -0.051168 0.165340 0.823912 0.765640 -0.008599 -0.219152 0.338610 0.599103 0.212886
0.217912 0.929095 1.218944 0.521916 0.542526 0.922324 0.955266 0.745196 0.612916 0.158025
0.828728 0.554306 0.646131 0.313034 0.378047 0.489153 0.587042 0.647796 0.488508 0.630165
0.801371 1.049400 0.918322 1.246389 1.037864 0.762688 0.542775 0.606152 0.518113 0.390093
-0.150672 0.094515 0.230913 0.379918 0.426183 -0.028483 0.081716 0.051286 0.235736 0.500872
0.600579 0.616373 1.135763 1.001234 0.902953 0.733231 0.741524 0.563175 0.884564 0.302517
0.699696 0.624219 0.544676 0.911325 0.465089 0.619372 0.157736 0.027481 -0.158895 0.050347
0.514262 0.894695 0.715613 0.893744 0.970559 0.813230 0.645589 1.065164 0.805352 0.972578
0.734947 0.746132 0.556523 0.562897 0.692268 0.426607 0.359910 0.242820 0.598049 0.753419
0.593191 0.765765 0.659647 0.519337 0.413186 0.045301 0.476788 0.348963 0.173477 0.407427
0.903912 0.390653 0.885229 1.645566 0.473048 0.715505 0.177271 0.101130 -0.233987 0.278951
0.780457 0.803116 0.747345 0.507514 0.486267 0.309848 0.334535 0.559022 0.426909 0.726793
1.356733 1.285061 1.228068 0.956709 0.726749 0.151089 1.184035 0.659555 -0.029384 -0.019476
0.106561 0.231883 0.091273 0.260685 0.049488 -0.181852 0.452679 0.409758 -0.410258 0.002915
0.578742 0.355167 0.650258 1.125938 0.557079 0.363757 0.375925 0.339342 0.517575 0.376952
0.478775 0.143675 0.192679 -0.008844 -0.528204 -0.415685 -0.434783 -0.036445 0.337970 0.228874
0.498903 0.765954 1.027115 0.628346 0.260651 -0.055304 0.193219 -0.036031 -0.171191 0.087196
-0.331881 -0.587597 -0.122808 0.520379 0.977494 0.298493 -0.020965 0.305573 0.154946 0.109851
0.263020 -0.131504 -0.359251 -0.096457 0.130277 -0.329047 -0.403108 -0.578073 -0.094263 -0.763904
-0.315837 -0.650090 -0.726857 -0.623139 -0.452582 -0.174032 -0.170811 -0.164015 0.226229 0.003420
-0.135317 -0.031701 0.105749 0.198392 0.126293 -0.013553 0.021263 0.156173 -0.065304 -0.230025
-0.351147 -0.534788 -0.042911 0.298688 0.647915 0.391519 0.443642 0.502483 0.396619 0.277961
-0.870178 -0.503019 -0.186872 -0.551591 -0.622868 -0.351721 -0.420122 -0.278080 -0.513585 -0.428296
-0.484462 -0.414907 -0.285623 -0.306201 -0.452606 -0.878582 -0.444424 -0.780978 -0.433584 -0.250536
-0.273722 -0.141056 -0.241437 -0.273817 -0.263801 -0.162203 -0.088771 -0.532962 -0.541582 -0.143474
0.014589 -0.565303 -0.205407 -0.493354 -0.349771 -0.439367 -0.382640 -0.439547 -0.609550 0.220255
-0.270322 0.083355 0.002424 -0.632468 -0.661790 -0.467744 -0.381585 -0.557710 -0.513713 -0.357782
-0.390452 -0.385437 -0.344463 -0.558387 -0.285764 -0.514702 -0.465712 -0.538828 -0.518224 -0.577287
-0.447634 -0.596040 -0.689207 -0.518482 -0.424635 -0.470229 -0.513737 -0.673091 -0.499583 -0.376319
-0.541513 -0.689650 -0.613787 -0.613716 -0.778295 -0.748168 -0.648040 -0.656860 -0.872132 0.069471
0.093362 0.505036 0.043172 -0.398429 -0.291336 -0.145420 0.039344 -0.280675 0.021771 -0.084992
-0.083046 -0.310939 -0.405372 -0.284618 0.229226 0.015642 -0.349853 -0.208096 -0.258242 -0.188132
-0.389339 -0.250445 -0.208482 -0.041504 -0.066883 -0.173865 -0.257032 -0.023990 0.138797 -0.174344
-0.334246 -0.006159 -0.049241 -0.119650 -0.048573 0.129265 -0.328065 -0.542009 -0.396154 0.505261
0.092711 0.282069 -0.046982 -0.360481 -0.207272 -0.641658 -0.274649 -0.309693 -0.154596 -0.262208
-0.064361 -0.224205 -0.160301 0.101697 0.085548 0.187980 -0.077250 -0.117760 -0.215708 -0.510979
-0.695511 -0.275081 -0.084010 -0.235750 -0.352380 -0.362097 -0.144780 -0.116371 -0.307990 -0.259203
-0.000987 0.044125 -0.099023 -0.300735 -0.052597 -0.237540 -0.450986 -0.389982 -0.207083 0.529842
0.058012 0.333692 0.397285 0.262470 0.110251 -0.720055 -0.099783 -0.053571 0.058385 -0.162369
-0.297345 -0.321276 0.051478 0.538188 0.206739 0.266572 0.176252 0.014791 -0.215795 -0.336411
-0.130647 -0.302731 -0.194499 -0.147428 -0.311243 -0.432641 -0.166215 -0.089405 -0.362691 -0.242616
0.057857 -0.161374 -0.136064 -0.090048 -0.081183 -0.315078 -0.179604 -0.161445 -0.240404 0.476159
0.040571 0.538708 0.492126 -0.236766 -0.615847 0.121875 0.593435 0.108217 0.191802 -0.044348
-0.581836 -0.128844 -0.021131 0.083457 0.085397 0.166350 0.250910 0.020263 -0.108562 0.210346
-0.023862 -0.454810 -0.316033 -0.220608 -0.280027 -0.112419 -0.481274 -0.109075 -0.031425 -0.172404
-0.249971 -0.316223 -0.219901 -0.045998 -0.015738 0.038424 -0.088309 -0.178102 -0.232752 0.350985
0.012788 0.443281 0.466290 -0.031531 0.053322 0.554040 0.526956 -0.006462 -0.049328 -0.092587
-0.028350 0.409716 0.197773 -0.406484 -0.114366 -0.081943 0.257583 0.236644 0.293699 0.349666
-0.101118 -0.175436 -0.199507 -0.194084 -0.191599 0.020129 -0.336100 -0.170884 -0.012293 0.002949
-0.234557 -0.131854 -0.151824 -0.120224 -0.018236 0.048584 -0.344711 -0.234706 -0.071942 0.433132
-0.058761 0.466591 0.550305 0.178873 0.026282 0.024809 0.004900 -0.058338 0.046834 0.131959
0.424269 0.503276 -0.118158 -0.094025 0.114178 -0.153253 -0.000187 0.070264 -0.081169 -0.124675
0.030649 -0.158623 -0.215489 -0.112006 -0.208758 -0.533760 -0.123266 -0.081632 -0.054735 0.042910
0.044738 0.000582 0.113266 0.019248 -0.196819 -0.265095 -0.198566 -0.049967 -0.206775 0.458715
0.022411 0.590923 0.394385 -0.291006 -0.235752 0.133644 0.149242 0.065865 0.028964 0.008126
-0.150377 0.038037 -0.138085 0.224072 0.321258 0.076008 -0.093773 -0.350939 -0.266502 -0.233168
-0.136871 -0.178835 0.029217 -0.037622 -0.011792 -0.075282 0.114545 -0.070575 0.007713 -0.035306
-0.122851 -0.087004 0.082117 -0.279683 -0.374531 -0.097627 -0.031400 -0.255817 -0.345312 0.432736
0.250039 0.694297 0.168167 -0.449196 -0.085622 0.173146 -0.044852 -0.196392 0.147485 0.161626
-0.158937 -0.174445 0.416963 0.179514 0.164518 0.241755 -0.168657 -0.538377 -0.363769 0.016316
-0.068529 -0.094727 0.142247 0.265157 -0.247363 -0.055832 0.014567 -0.021197 -0.272532 -0.085998
-0.261369 0.014268 0.121452 -0.249770 -0.221977 0.181182 -0.095075 -0.392253 -0.340142 0.504893
0.185544 0.773831 0.393927 -0.025961 0.220295 -0.000869 -0.282634 -0.226615 0.061276 0.292338
0.026609 -0.111548 0.395782 0.021952 -0.235791 0.290102 0.104928 -0.023171 -0.279031 -0.483230
-0.214634 0.066125 0.055264 -0.092775 -0.195025 -0.060159 -0.184936 -0.256812 -0.196001 -0.053687
-0.208194 -0.092816 0.012964 -0.141596 -0.074374 0.042132 -0.382283 -0.316457 -0.356316 0.448604
0.152566 0.687678 0.386381 0.019978 0.344749 0.181531 0.064659 0.009404 -0.027106 0.046637
-0.182001 0.019284 -0.355005 -0.610659 -1.299889 -0.509385 0.205146 0.258882 0.210082 -0.214334
-0.107191 0.143622 -0.075024 -0.359577 -0.125597 -0.062237 -0.084999 -0.228267 -0.202837 -0.109522
-0.035952 -0.230026 -0.183292 -0.220038 -0.141727 -0.050410 -0.318869 -0.308506 -0.690267 0.137909
0.167593 0.576071 0.436203 -0.039648 0.153744 0.242336 0.217849 -0.009630 -0.013179 0.079731
-0.178567 -0.230890 -0.737775 -1.402868 -2.714568 -3.366660 -1.445234 0.034769 0.126611 0.074262
0.047858 -0.003296 -0.145887 -0.098828 0.226386 -0.284561 -0.148678 -0.169917 -0.196731 0.103132
-0.009539 -0.205234 -0.204202 -0.079369 -0.015697 -0.096402 -0.270262 -0.191162 -0.762579 0.073892
0.094435 0.462774 0.501532 0.081672 -0.284834 0.137166 0.143233 -0.219102 -0.187157 0.120143
-0.301373 -0.585760 -0.421584 -1.324410 -0.826749 -1.162425 -2.340939 -0.684833 -0.174194 -0.247368
-0.287284 -0.180118 -0.002382 -0.116865 -0.320622 -0.420764 -0.119151 0.017476 -0.133092 0.183911
0.106165 -0.023866 -0.210739 -0.051212 -0.066297 -0.418599 -0.329555 -0.041609 -0.493889 0.306699
0.077085 0.597088 0.367234 -0.166597 -0.067554 0.396398 0.364485 -0.256092 -0.295997 0.151011
-0.017735 -0.177275 0.179419 0.018564 0.858644 1.777038 -1.051754 -0.803861 0.036670 -0.103529
0.007036 -0.076551 -0.262160 -0.197735 -0.424800 -0.247708 -0.106214 -0.052997 -0.233157 -0.181874
-0.035000 -0.064258 -0.096548 0.057030 -0.131474 -0.494908 -0.024054 0.209730 0.080959 0.433545
0.107736 0.563001 0.339712 -0.055011 0.034332 0.225290 -0.197985 -0.330906 0.198058 0.111621
0.140529 0.261077 0.422652 0.563326 0.470006 0.289886 0.126829 0.903571 0.574656 0.178790
0.003111 -0.194434 -0.246365 -0.089886 0.033591 -0.095598 -0.215684 -0.065638 -0.159412 -0.417247
-0.197349 -0.004922 0.034398 -0.015481 -0.118944 -0.142766 0.025318 0.341647 0.470564 0.591403
0.155883 0.559439 0.202782 -0.068023 -0.197098 -0.235262 -0.212851 -0.059558 0.316277 0.166157
-0.000103 -0.100461 0.045157 0.323808 -0.031747 -0.729996 -0.363273 0.252350 0.146692 -0.389310
-0.159562 -0.219574 -0.108236 -0.064460 -0.070808 -0.221792 -0.080167 -0.038076 0.012667 -0.437913
-0.178851 0.174557 -0.139090 -0.254952 -0.154739 0.031265 0.229460 0.175197 -0.037368 0.545344
0.069733 0.443502 0.228690 -0.046619 -0.180566 -0.242867 0.036820 0.086668 -0.078291 0.051157
-0.058017 -0.402255 -0.090983 0.252314 0.006414 0.049380 0.278352 0.029372 -0.303212 -0.359129
-0.011493 0.116406 -0.063018 -0.245013 -0.269822 -0.068514 0.099301 0.146643 0.048445 -0.151480
0.056672 0.168398 -0.168724 -0.170634 -0.032153 -0.104117 0.031028 -0.188734 -0.238156 0.510087
0.085559 0.265517 0.260809 0.326513 0.051639 -0.019799 0.113833 -0.044014 -0.089513 -0.067536
-0.109633 -0.214367 -0.067702 -0.125124 -0.331487 -0.266328 -0.038462 -0.151709 -0.112191 -0.118299
-0.232176 0.069256 -0.079023 -0.049768 -0.079513 -0.064863 0.077890 -0.175385 -0.229112 0.003656
0.071883 0.113472 -0.006044 -0.119039 -0.076749 -0.195235 -0.146799 -0.106348 -0.026326 0.553387
0.041175 0.515848 0.686672 0.302550 0.094353 -0.037214 0.324431 0.298168 0.105350 -0.128662
-0.226184 -0.084946 -0.055802 -0.095164 -0.059607 -0.150623 0.152653 -0.021705 -0.302548 0.026514
-0.146358 -0.009408 -0.002462 0.199702 0.169186 -0.014752 -0.032598 -0.096210 0.021814 0.019759
-0.357702 -0.205207 0.021074 -0.197482 -0.158966 -0.091308 -0.029696 0.033786 -0.121342 0.345139
-0.102847 0.601325 0.548416 -0.368363 -1.104519 -1.725874 -0.988873 -0.161497 -0.085637 0.214781
-0.195105 -0.357538 -0.130245 -0.071719 -0.158800 -0.174266 -0.075375 -0.293840 -0.258279 0.053710
0.019051 -0.244786 0.037459 0.007220 -0.060015 0.066611 0.108897 0.166401 0.099375 -0.257686
-0.373071 -0.111330 -0.090638 -0.049559 -0.097845 -0.186078 -0.231382 -0.209540 -0.074748 0.260300
-0.957643 -0.713374 -0.926501 -1.789022 -2.857333 -3.175895 -2.181448 -1.537546 -1.089104 -0.025918
0.030436 -0.264905 -0.115015 -0.110594 -0.292631 -0.286698 -0.074941 -0.136094 -0.056632 -0.089810
-0.188231 -0.185987 0.054718 -0.007397 -0.098451 0.053550 0.112225 -0.059820 -0.232832 -0.401190
-0.078540 0.243311 -0.327790 -0.374411 -0.139822 -0.278610 -0.501394 -0.406619 -0.389528 0.160240
-0.780316 -1.995554 -2.242796 -2.164018 -2.661991 -1.564645 -1.061111 -0.759006 -0.895222 -1.044777
0.066691 0.046806 -0.224229 -0.072623 -0.285221 -0.109708 0.271766 0.183487 -0.152264 -0.009172
-0.094911 -0.228494 0.003075 0.046662 -0.031578 0.035411 -0.105345 -0.270072 -0.106408 0.030854
0.210084 -0.007545 -0.265265 -0.240019 -0.150345 -0.103302 0.140613 -0.238558 -0.433867 0.225218
0.146675 -0.212056 -1.076563 -1.461115 -1.040970 -0.151638 0.124700 -0.461164 -0.471772 -1.307354
-0.225764 0.301588 -0.076530 -0.156921 -0.196191 0.200411 0.145017 -0.221966 0.079769 0.205240
-0.019057 -0.108466 -0.049130 -0.053694 -0.006529 -0.083098 -0.277624 -0.077247 0.184211 0.044156
-0.184174 -0.259178 -0.224529 -0.121640 0.176527 0.234428 -0.132385 -0.918451 -1.619435 -0.700928
1.183210 0.214139 -0.462652 -0.082743 -0.083116 -0.285442 -0.021046 -0.275409 -0.203372 -0.941422
-1.095022 -0.491529 0.065937 -0.140056 -0.131813 0.068825 0.015324 -0.122965 0.254183 0.054802
-0.050445 -0.030578 -0.270469 -0.220406 -0.110064 -0.248362 -0.304140 -0.035280 -0.091231 -0.244502
-0.145059 0.071824 0.192310 0.341394 0.326471 0.107241 -1.006500 -1.880997 -2.521555 -0.918534
1.435737 0.310727 0.077872 0.668181 0.437024 -0.298129 -0.860530 -0.003618 -0.241186 -0.239969
-0.868605 -0.722117 0.369332 -0.034528 -0.051240 -0.220455 -0.167379 -0.089321 -0.177850 -0.419002
-0.419954 -0.380872 -0.664765 -0.452299 -0.254683 -0.380590 -0.399453 -0.060497 0.201578 -0.052303
0.083238 0.034717 0.025136 0.464190 -0.028428 -0.661688 -1.896217 -1.830624 -0.521351 1.139805
0.162850 -0.822473 -0.611558 0.084791 0.078082 -0.466896 -0.214434 0.238818 -0.711580 -0.471919
-0.050861 -0.136341 0.333384 -0.019033 -0.214271 -0.367813 -0.195538 -0.215773 -0.556215 -0.523300
-0.650247 -0.418553 -0.075121 -0.005586 -0.398826 -0.268444 -0.093694 -0.114461 -0.156607 -0.326788
-0.864759 -1.522405 -2.731081 -0.986597 -0.421325 -1.213263 -1.155258 -0.538672 1.646502 1.566431
-0.362168 -0.300418 -0.828947 -0.352801 0.122117 0.348595 -0.481837 0.015376 -0.693974 -0.370614
-0.337049 -0.285171 0.155942 0.026336 -0.149536 -0.607094 -1.015808 -1.537299 -2.359993 -1.298890
0.065358 0.001497 -0.104008 -0.098449 -0.295258 0.100401 0.286842 -0.370941 -0.858106 -0.981435
-1.975187 -3.276285 -3.466570 -2.173717 -2.168394 -1.675277 -0.399212 1.286183 1.020464 -0.009069
0.199587 0.568578 -0.180486 0.003308 0.676268 1.181459 -0.229265 -0.917016 -1.063213 -0.990412
-0.408159 0.125483 0.887308 0.533339 -0.421079 -0.949845 -2.010250 -3.556251 -4.107929 -2.665187
-0.427347 -0.536917 -1.834392 -2.624110 -1.517951 -0.269944 0.064226 -0.966945 -1.792114 -2.111527
-1.625897 -1.763403 -0.453285 0.601488 -0.739143 -0.946948 -0.558559 0.612688 0.346153 0.393508
0.062628 0.015585 0.748562 -0.442182 -1.180600 -0.106239 0.375201 -0.983265 -1.490749 0.570319
-0.081226 0.237361 0.440247 0.009191 -0.430580 -0.976094 -2.170443 -1.810363 -0.769480 -1.733512
-1.640817 -1.975636 -3.347651 -3.416578 -2.472496 -1.722990 -1.008642 -1.719254 -2.843410 -2.203656
-1.966359 0.798038 1.392843 1.559237 0.758192 -0.627661 -0.712931 -0.490227 -0.537710 0.241482
0.232240 0.342697 0.763910 -0.035435 -0.935325 -0.439892 -0.225155 -0.790277 0.102714 1.060104
0.490851 -0.553484 -1.336250 -1.609380 -1.248443 -1.079149 -0.815154 0.917443 1.589391 -1.010811
-1.787096 -3.009280 -1.656549 0.042771 0.125855 -0.967786 -1.560687 -1.340621 -1.611746 -0.972574
-0.609997 1.664022 1.408144 0.042223 0.481186 0.499617 -0.244148 -0.472575 -0.321338 -0.015299
0.490498 0.506058 -0.431821 -0.351732 0.631060 -0.158829 -0.417060 0.385385 1.455255 -0.509822
0.554197 -0.233861 -1.649050 -2.251233 -2.205422 -0.916843 0.777829 2.461410 1.667547 -0.114688
-0.133728 -1.136055 0.671627 1.124169 -0.026009 -0.061722 -1.232932 -0.981753 -0.635724 0.128270
0.242032 0.823273 0.458337 -0.736564 -0.577311 0.141152 -0.200816 0.423352 0.722557 0.364588
0.219845 0.085306 -0.249558 -0.177794 0.523624 -0.406327 -0.182811 1.002360 1.161553 -0.020089
0.281742 -0.170455 -0.565170 -1.117124 -0.770381 -0.493299 -0.334932 0.732545 0.506714 -0.164506
-0.225195 0.359657 0.105171 0.315190 -0.674151 0.138284 -0.787446 -0.096785 1.165800 0.190873
-0.580836 -0.328105 0.285068 -1.456417 -0.694557 0.104304 0.474214 0.932771 0.860061 0.837437
0.613938 1.036733 0.828727 -0.417524 -0.027656 0.006217 0.434111 0.745606 -0.409088 -0.184385
0.531925 -0.002752 0.340441 -0.524697 -0.189141 0.424745 1.266175 0.828502 -0.483865 0.996407
0.483266 0.251774 -0.858923 0.359989 0.841649 0.329562 -0.245297 0.072998 1.378121 -0.227616
-1.378318 -0.510420 -0.569193 -1.388648 -0.345823 0.509196 0.467941 0.154027 0.330282 0.542005
0.691774 0.334940 -0.132324 0.557243 0.623515 0.543283 0.898896 -0.124446 -1.081978 -0.633363
-0.114243 0.058634 -0.459250 -0.511768 -0.796022 -0.306877 2.297011 1.459166 -0.189213 0.678989
2.093267 1.024996 -0.014335 -0.929952 2.013260 0.742168 0.410747 0.324664 -0.407444 -0.683703
-0.083495 0.074432 -1.398892 -0.944994 -0.488246 -0.241500 0.130281 -0.096843 -0.659872 -0.942615
0.367981 -0.611383 -0.905309 0.172264 0.738962 1.100372 0.802841 0.274918 -0.335159 -0.168931
0.464215 1.249494 0.454304 0.130293 0.420673 1.128232 0.420781 -0.408247 -0.497885 0.502926
1.077983 0.513724 0.386874 0.610480 1.014934 -0.185205 0.277663 0.305908 0.083739 -0.370438
-0.315501 -0.783384 -0.769701 -0.047573 0.047557 -0.869500 -0.644119 0.016780 -0.327583 -0.303896
0.209902 -0.003677 -0.087924 0.215757 0.082915 0.773592 0.374969 0.357593 0.158625 0.606436
0.708429 0.266623 0.074417 0.223192 1.371145 0.642476 -0.775014 0.472742 0.657198 -0.201865
-0.344729 -0.695105 -0.091477 1.189937 -0.492060 -1.789495 0.010038 -0.560739 -1.248800 -1.231667
0.036089 -0.318708 -0.324294 0.551364 0.543383 -0.972618 -1.230225 0.141085 -0.629384 0.674921
0.601811 0.254671 -0.283170 0.252286 0.009517 0.009016 0.019496 -0.307691 -0.662782 -0.159387
0.838896 -0.062514 -0.279495 0.577285 0.947032 0.826428 0.423372 -0.040884 0.007616 -0.173819
-0.351737 -0.600873 -0.220768 0.453194 -0.546790 -0.258889 -0.538041 -1.603413 -2.622367 -1.560596
-0.458775 -0.498091 1.121496 0.917532 -0.351118 -0.197032 0.871818 0.831605 0.226705 0.941268
0.520959 0.473811 0.071516 -0.217120 0.479459 0.229253 -0.073896 -1.184705 -1.292407 -1.605452
0.100654 -0.024140 -0.050620 0.094026 -1.158493 -0.179279 0.054658 -1.242595 -0.983354 -0.460726
-0.136129 0.099313 -0.038695 0.414664 0.079855 1.075229 0.040041 -0.492228 -0.298468 1.370710
0.909362 0.166954 1.186822 0.411730 0.411269 0.856505 0.394717 -0.562991 -0.160013 0.858112
-0.034811 -0.048763 0.550304 0.449597 -0.151480 -0.195051 0.288369 0.725879 0.343416 0.079825
1.041736 0.259214 -0.318242 -0.829982 -1.689777 -2.076434 -1.479851 -0.923876 -0.040063 -0.530486
-1.027698 -0.697430 -0.150961 -0.437984 -0.661025 -0.683782 -1.179191 -1.359801 -1.284320 -0.895167
-1.046078 -0.896911 -0.980379 -1.552429 -1.225815 -1.133408 -1.386406 -1.380186 -0.837373 -0.593762
-0.702595 -0.698952 -0.775989 -0.536828 -0.541727 -0.640064 -0.571738 -0.535258 -0.664194 -0.613966
-0.486032 -0.411725 -0.585824 -0.372763 -0.410685 -0.491938 -0.586318 -0.535889 -0.536929 -0.623864
-0.669576 -0.569199 -0.580823 -0.550902 -0.559841 -0.641150 -0.604002 -0.563444 -0.501244 -0.915337
-0.686289 -0.663957 -0.479648 -0.545176 -0.588284 -0.652223 -0.670156 -0.492431 -0.480234 1.491523
-1.070182 -1.371007 -1.091784 -0.723312 -0.861248 -1.189378 -1.079119 -0.962805 -1.153066 -1.163749
-1.005140 -0.941985 -1.064427 -0.780337 -1.055645 -1.243898 -1.186287 -1.325515 -1.202377 -1.146655
-1.324545 -1.119037 -1.169822 -1.223852 -1.231533 -1.216767 -1.101571 -1.253931 -1.173472 -1.413575
-1.242059 -1.203843 -0.976855 -1.034801 -1.021489 -1.185550 -1.125393 -1.142157 -1.170239 1.254353
-0.568543 -1.153947 -0.811085 -0.679062 -0.482347 -0.798681 -1.066439 -0.862965 -0.970348 -1.068753
-1.086257 -0.921194 -0.710253 -0.684902 -0.832680 -1.290202 -1.152224 -1.226207 -1.117959 -1.066187
-1.150289 -0.979864 -1.043236 -1.114003 -1.060098 -0.965723 -0.813090 -1.202904 -1.091794 -0.690665
-0.826175 -0.973577 -0.821646 -0.937896 -1.040441 -1.158767 -0.965316 -1.059853 -1.002835 1.293306
-0.253122 -1.057504 -1.236232 -1.556609 -0.567973 -0.565521 -1.200447 -1.208201 -0.798277 -1.063602
-1.255171 -1.027961 -0.750181 -0.984494 -0.713724 -1.247435 -1.128838 -1.344274 -1.297401 -0.903399
-0.980680 -1.016506 -0.981838 -0.887785 -0.777063 -0.789788 -0.870867 -1.096823 -0.954542 -0.709877
-0.732788 -0.985883 -0.889076 -1.032408 -1.169714 -1.148189 -0.946918 -0.952017 -0.919403 1.161519
-0.180557 -1.124013 -1.624397 -2.158270 -1.058595 -0.775290 -1.113150 -1.300155 -0.998535 -1.004108
-1.037242 -0.735811 -0.641855 -0.992538 -0.904204 -1.092052 -0.985735 -1.258961 -1.160161 -0.975573
-1.042602 -0.973730 -1.085850 -0.980904 -0.803684 -0.691828 -0.851863 -0.920403 -0.806454 -1.006224
-0.952070 -0.940154 -0.873419 -0.937130 -0.814174 -0.966124 -1.035053 -0.822489 -0.846032 1.064667
-0.118412 -0.934756 -1.075767 -1.570564 -1.246014 -0.995370 -1.193878 -1.303142 -1.342923 -0.962915
-0.821332 -0.895940 -0.759271 -0.972631 -0.994090 -0.874445 -0.999505 -1.020079 -1.062702 -1.105472
-0.907466 -0.807602 -1.077339 -1.137032 -1.207796 -0.903918 -0.901285 -1.068651 -1.082835 -1.003229
-1.023802 -0.927974 -0.782882 -0.754853 -0.735569 -0.929434 -0.977882 -0.912592 -0.970895 1.065780
0.071000 -0.807590 -0.556748 -0.776352 -0.919745 -1.057200 -1.108299 -1.170641 -1.192989 -1.120763
-1.066133 -1.216065 -1.104951 -1.043094 -1.129020 -0.795177 -0.981269 -0.933892 -1.120891 -1.092992
-0.806472 -0.730465 -0.837764 -1.032534 -1.297649 -0.987484 -0.852948 -0.889373 -1.069495 -0.807613
-0.870098 -0.932886 -0.909494 -0.732463 -0.895355 -0.933696 -0.822096 -0.959430 -1.024635 1.041445
-0.124957 -1.186166 -0.863853 -0.835409 -0.903048 -1.052224 -1.060316 -0.888112 -0.805959 -1.004369
-1.155142 -0.942277 -1.043810 -1.143614 -1.172941 -1.052657 -1.056384 -0.904916 -0.882603 -1.131274
-1.034596 -0.872630 -0.783959 -0.853650 -0.888087 -0.798553 -0.761508 -0.694649 -0.722593 -0.741791
-0.840349 -0.945584 -1.114940 -0.926299 -0.953102 -1.076230 -0.976366 -0.913832 -0.971328 0.982932
-0.268982 -1.453837 -1.063645 -0.874266 -1.028739 -1.073364 -1.062753 -1.134149 -1.017978 -0.898405
-0.911259 -0.783974 -0.857035 -1.066915 -1.149867 -1.199681 -1.066092 -0.854188 -0.753251 -1.047668
-1.083212 -0.980840 -1.080569 -0.954875 -0.853400 -0.865806 -0.941972 -0.876512 -0.696266 -0.766038
-0.843377 -0.934581 -1.084254 -0.889146 -0.938805 -1.134047 -1.111544 -0.886324 -1.066625 0.991000
-0.190874 -1.189152 -1.091178 -0.861331 -1.105654 -1.142081 -0.890454 -1.110336 -1.269863 -1.194564
-0.917457 -0.998563 -1.165354 -1.059828 -0.961833 -0.974981 -0.948798 -0.923869 -0.814661 -0.759532
-0.893806 -0.865258 -1.199805 -1.001923 -0.720911 -0.827270 -0.981908 -0.849763 -0.693226 -0.718121
-0.834932 -0.954553 -1.081886 -0.891129 -0.925285 -1.077399 -1.011010 -0.813147 -0.997257 1.062130
-0.133895 -0.895841 -0.997566 -1.032296 -1.065967 -1.121944 -0.898583 -0.844844 -1.192882 -1.190492
-1.033038 -1.095208 -1.026985 -0.722621 -0.586100 -0.480297 -0.534635 -1.049902 -1.034772 -0.624895
-0.692872 -0.742187 -0.855322 -0.667871 -0.619364 -0.715909 -0.790371 -0.767471 -0.696441 -0.683656
-0.777029 -0.931317 -1.078964 -0.872396 -0.818487 -0.839622 -0.902398 -0.792850 -0.894415 1.153190
-0.297551 -1.144328 -0.861408 -1.042948 -1.137938 -1.085274 -0.957620 -0.846886 -1.050574 -0.828960
-0.971161 -0.990537 -0.703195 -0.388502 -0.427993 0.327630 0.142806 -0.773378 -1.163667 -0.869073
-0.732260 -0.779964 -0.697380 -0.798970 -0.855749 -0.895994 -0.901230 -0.978411 -0.870087 -0.704093
-0.749106 -0.828305 -0.964508 -0.857001 -0.835855 -0.804562 -0.860784 -0.745103 -1.028528 1.115206
-0.423558 -1.266437 -1.022732 -0.951601 -1.004504 -0.985089 -0.783902 -0.864474 -1.174307 -0.918615
-1.123460 -1.059589 -1.168932 -0.799181 -0.921616 -0.721587 0.223449 -0.298063 -0.979051 -0.980600
-0.745996 -0.818275 -0.811256 -1.239141 -1.169536 -0.782398 -0.928193 -1.147237 -0.958529 -0.809725
-0.763181 -0.865400 -0.862589 -0.914158 -1.060215 -0.968202 -0.862664 -0.623676 -1.095284 0.919433
-0.383551 -1.183372 -1.130779 -0.923694 -0.989151 -1.277562 -0.970202 -0.887089 -1.355121 -1.247198
-1.019795 -1.141562 -1.547995 -0.925214 -1.184986 -1.696157 -0.183273 0.500907 -0.831278 -0.978657
-0.798755 -0.870143 -0.969418 -1.300779 -1.224933 -0.593635 -0.651484 -0.905170 -0.844280 -0.928338
-0.922426 -0.986678 -0.857885 -0.951107 -0.992320 -0.824507 -0.797284 -0.418119 -0.963835 0.865268
-0.457074 -1.128237 -1.121663 -0.958383 -1.231178 -1.612554 -1.153468 -0.799899 -1.262395 -1.195397
-0.874770 -0.960969 -1.367363 -1.226242 -1.817327 -2.324632 -1.254452 -0.008700 -0.917213 -0.951599
-1.040499 -0.962933 -0.987124 -0.967753 -1.017072 -0.779898 -0.647728 -0.691296 -0.636401 -0.800560
-0.914724 -1.039458 -0.907127 -0.871263 -0.829868 -0.708412 -0.804440 -0.406744 -0.864318 0.701153
-0.379230 -1.124351 -1.065299 -1.088686 -1.255054 -1.343849 -0.915396 -0.527088 -0.958957 -0.847657
-0.885503 -0.886981 -0.804117 -1.219861 -2.306064 -2.280088 -0.390016 -0.084941 -0.768783 -0.931828
-0.990978 -0.947269 -0.749064 -0.835965 -0.853452 -0.812350 -0.739219 -0.838942 -0.802742 -0.761174
-0.860403 -1.039094 -1.122735 -0.836574 -0.815069 -0.937547 -0.891966 -0.543400 -0.825301 0.597410
-0.423432 -1.278699 -1.142989 -1.077150 -1.061265 -1.148225 -1.001429 -0.817485 -0.858330 -0.938659
-1.153516 -0.932129 -0.655169 -0.768464 -1.241977 -1.208042 -0.399728 -0.885079 -0.736287 -0.709274
-0.940157 -1.123368 -0.928956 -0.892991 -0.921619 -0.906261 -0.997335 -1.038139 -1.113989 -0.998827
-0.871076 -1.024319 -1.153196 -0.987433 -0.790131 -1.008244 -1.007770 -0.653059 -0.822535 0.715303
-0.515959 -1.263078 -1.125606 -1.094422 -0.958274 -1.293631 -1.182351 -0.911061 -0.917351 -1.167379
-1.061917 -0.940349 -0.928374 -0.836078 -0.794234 -0.930567 -1.036320 -1.238755 -0.915095 -0.785091
-0.884750 -1.146503 -1.118427 -0.992548 -0.930913 -1.058317 -1.020561 -0.970772 -0.928606 -0.948215
-0.832460 -0.774092 -0.858177 -0.937395 -0.757454 -0.897621 -0.852145 -0.538685 -0.817996 0.984854
-0.364572 -1.142301 -1.080293 -0.960232 -0.813849 -1.319921 -1.142458 -1.013723 -1.031163 -0.917359
-0.740726 -0.955030 -1.132409 -1.039005 -0.770789 -0.704788 -0.997413 -0.769805 -0.649854 -0.914309
-0.837111 -0.911587 -0.943362 -0.896074 -0.811204 -0.910092 -0.941384 -0.754000 -0.759538 -0.787649
-0.703232 -0.778859 -0.793402 -0.751930 -0.767116 -0.811480 -0.740467 -0.565986 -0.903229 1.038908
-0.158720 -1.089591 -0.881105 -0.806063 -0.803460 -0.957918 -0.771527 -0.593261 -0.738564 -0.742976
-0.681375 -0.979662 -1.052651 -1.194264 -1.074978 -0.875063 -1.082816 -0.895263 -0.702537 -0.811712
-0.755927 -0.672599 -0.875083 -0.847543 -0.659649 -0.788727 -0.971236 -0.922426 -1.019864 -0.978824
-0.702703 -0.838306 -0.955988 -0.775259 -0.953198 -0.953163 -0.877916 -0.835678 -1.015470 0.959643
-0.007932 -0.489518 -0.145711 -0.597269 -0.895194 -0.904911 -0.804558 -0.234689 -0.433398 -0.934910
-0.683564 -0.859334 -0.856528 -1.013825 -1.009339 -0.986387 -0.970824 -0.866222 -0.883936 -0.966263
-0.781208 -0.659014 -0.910097 -0.851195 -0.687340 -0.784309 -0.903551 -1.076614 -1.191124 -1.016810
-0.864687 -0.870363 -1.025957 -0.944856 -1.029232 -1.187376 -1.126661 -1.093067 -1.041782 0.853650
-0.540537 -0.006922 -0.525859 -0.889800 -0.660098 -0.691686 -0.965106 -0.775823 0.025177 -0.597134
-0.777590 -0.759933 -0.805282 -0.806582 -0.821325 -0.927331 -0.934783 -0.808637 -0.806341 -1.031659
-0.866182 -0.807659 -0.834970 -0.810219 -0.823944 -0.939368 -0.765933 -0.845185 -0.869718 -0.866485
-1.134190 -1.047824 -0.974477 -1.127142 -1.008879 -1.067368 -1.105907 -1.020252 -1.067153 0.995571
-1.163072 -0.883565 -1.317707 -0.509964 0.432865 -0.799266 -1.098586 -0.608010 -0.136647 0.045175
-0.584103 -0.466358 -0.673578 -0.710682 -0.722956 -0.959484 -1.074276 -0.961426 -0.772447 -0.819980
-0.953366 -0.862360 -0.712335 -0.778858 -0.834531 -1.041980 -0.804466 -0.694509 -0.839412 -1.057926
-1.260140 -1.062748 -0.904298 -1.083066 -1.023036 -0.936781 -0.752362 -0.813288 -1.170913 1.244706
-0.931768 -1.298341 -1.496171 0.058883 0.444950 -1.071979 -1.031661 -0.006311 -0.176466 -0.256725
-0.040642 -0.516305 -0.875691 -0.622553 -0.691517 -0.925485 -0.835945 -0.896243 -1.019174 -0.791731
-0.822692 -0.923926 -0.765637 -0.900900 -0.920147 -1.028687 -1.024766 -0.923042 -1.131472 -1.230614
-1.070108 -0.915461 -0.916745 -1.160264 -1.030893 -0.843056 -0.753865 -0.904783 -1.136225 1.356457
-0.412740 -1.305410 -0.759184 -0.809373 -1.181918 -1.601844 -1.421314 -0.778262 -0.378116 -1.370701
-0.040479 -0.054319 -1.192129 -0.715121 -0.639588 -0.731802 -0.607734 -0.898721 -1.133836 -0.950486
-0.912494 -0.943144 -0.903978 -1.085376 -1.126562 -0.988231 -1.063812 -1.120660 -1.045635 -1.007447
-0.907730 -0.923486 -1.028628 -1.115068 -0.988043 -0.657520 -0.855978 -1.216139 -1.251594 1.543259
-0.591248 -1.337299 -0.692866 -1.302491 -0.255401 -0.547391 -1.260609 -0.566479 -0.310786 -1.353087
-0.571067 -0.224385 -1.068227 -0.857503 -0.774824 -0.849311 -0.870199 -1.152981 -1.379235 -1.220683
-0.991773 -1.013331 -1.279529 -1.227384 -1.151987 -1.042543 -0.990558 -1.060442 -0.962250 -0.813515
-0.701733 -0.729071 -0.701529 -0.476653 -0.631826 -0.837064 -0.996148 -1.184027 -0.558329 1.464039
-0.640371 -1.329642 -1.144896 -1.478065 -0.158842 0.272453 -0.654023 -0.856763 -0.870768 -1.083929
0.078176 -0.708489 -1.039214 -0.974313 -0.880684 -1.050945 -0.955908 -0.729292 -0.674012 -0.640515
-0.586485 -0.829892 -1.187392 -1.028040 -1.035448 -0.979784 -0.922206 -0.946452 -0.950809 -0.709971
-0.153135 -0.403852 -0.304598 -0.336439 -0.389837 -1.016560 -0.587357 -0.531403 -0.321817 0.916974
-0.412849 -0.398702 -1.039404 -1.272145 -0.361645 0.040902 -1.264706 -1.358199 -1.372352 -0.269653
1.365161 -0.073516 -1.247050 -0.937608 -0.620084 -0.777470 -0.318968 0.163013 0.478732 0.288160
-0.381716 -0.051485 -0.218280 -0.257274 -0.372460 -0.781875 -0.775711 -0.496900 -0.651741 -0.848191
-0.550776 -0.799064 -0.578003 0.524790 -0.358026 -0.371313 -1.116729 -0.939100 -1.535775 0.373129
-0.946838 -0.453099 -0.596105 -1.547112 -1.363444 -0.404421 -1.291790 -1.316452 -0.141925 0.307251
1.768630 0.146364 -1.190368 -0.852179 -0.520599 -0.635576 -0.162187 -0.267114 -0.010053 0.406124
-0.541113 0.000901 0.093204 -0.310785 0.273332 0.165176 -0.219843 -0.025811 -0.525741 -0.373934
-0.517645 -0.790835 -0.465527 0.387912 -1.054881 -1.029624 -0.882560 -1.030632 -2.163411 0.384591
-0.985276 -0.313806 -0.151280 -1.586285 -2.060856 -0.606710 -0.940067 -1.463039 -0.256548 0.349225
1.628037 -0.023618 -1.232638 -1.003342 -0.826837 -0.916600 -0.662131 -0.946527 -1.173457 -0.764181
-0.555994 -0.681701 -0.787693 -0.612048 -0.303129 0.419118 -0.190744 -0.755952 -1.405522 -0.131317
-0.321956 -1.108248 -0.638061 -1.057244 -1.273646 -1.773199 -1.763006 -0.703334 -1.606688 1.369657
-0.878988 -1.162817 -1.071171 -1.212315 -1.896180 -2.144002 -1.566906 -1.481835 -0.631385 -0.232923
1.006632 -0.681083 -0.683024 0.003793 -0.246353 -0.204170 -0.327911 -1.296113 -1.476144 -2.267839
-1.403630 -1.064299 -0.415001 -0.149635 -0.748741 -0.691236 -0.701266 -1.220060 -1.367529 -0.425259
-0.763638 -0.867405 -1.280101 -1.689067 -1.013441 -0.920398 -1.387530 -1.221272 -1.557472 1.663072
-0.690197 -1.136349 -0.928627 -0.659849 -1.103544 -1.636108 -1.926816 -0.788452 -1.000078 -0.406543
0.765916 -0.891698 -0.628477 0.083717 -0.938295 -0.407594 0.181286 -1.103492 -1.131721 -2.295763
-1.664140 -1.473520 -0.815180 -0.680933 -0.801630 -0.423675 -0.923571 -0.983433 -1.409191 -0.430678
-1.332744 -1.028054 -0.639853 -1.073786 -0.856810 -0.938506 -0.730338 -0.915416 -1.633266 1.351584
-0.665469 -1.042105 -0.547028 -0.487438 -0.814342 -1.210185 -2.211137 -1.075137 -1.079454 -0.924962
0.325338 -0.951119 -1.126600 -0.681078 -1.520022 -0.914864 0.499092 -1.080760 -1.306327 -1.286845
-1.232213 -1.730357 -1.489305 -1.641043 0.039253 0.487235 -0.607421 -0.095481 -1.521084 -2.541037
-2.166410 -1.474107 -0.762670 -0.801587 -1.040187 -0.981363 -0.312956 -0.981198 -1.242539 1.063576
-0.876600 -1.392104 -0.946640 -0.418729 -0.271809 -1.159298 -2.368085 -2.039780 -1.233999 -1.271375
-0.594706 -0.808614 -1.450243 -1.136791 -2.229996 -1.603938 0.194471 -1.027109 -1.782441 -0.406585
-0.561277 -1.461723 -2.119444 -1.489956 -0.534507 -0.269062 -0.330146 -0.228242 -0.867282 -1.851918
-1.770159 -1.626749 -0.852028 -0.368354 -0.644862 -1.209020 -0.541904 -0.890991 -0.719864 1.114248
-0.811698 -0.997839 -0.326334 -0.983842 -0.645761 -1.094872 -1.462045 -1.349399 -1.083754 -0.672212
-0.659627 -0.793454 -0.963372 -0.503264 -1.854647 -2.002902 0.017055 -1.248498 -2.058765 -0.425540
-1.050054 -1.660156 -1.665850 -1.225724 -0.839601 -0.805070 -0.186503 -1.133198 -0.301376 -0.300545
-0.421435 -1.377076 -1.106435 0.132532 -0.259324 -0.889743 -0.546619 -1.165181 -0.894851 1.207631
-0.247499 -0.702273 -0.678874 -0.742387 -0.152874 -0.795347 -0.902135 -0.542814 -0.788688 -1.190073
-1.415760 -1.476453 -1.218305 -1.323370 -2.049094 -2.399776 -1.882549 -1.634300 -1.591632 -1.198863
-1.983487 -1.701541 -1.632287 -0.727058 -0.567159 -1.115749 -0.266357 -0.871089 -0.709817 -1.189720
-0.709154 -1.455500 -1.217280 -0.631764 -0.562691 -0.738821 -0.277339 -0.604025 -0.806597 1.294655
0.048943 -0.604772 -1.624474 -0.788688 0.112180 -0.512444 -0.781632 0.023145 -0.097256 -1.042422
-1.537438 -1.314045 -1.424203 -1.460838 -1.409613 -1.748466 -1.691911 -1.490470 -1.096007 -0.882389
-1.824626 -1.086473 -0.823104 -0.812075 -0.255556 -0.397525 -0.114675 -0.086154 0.177020 -0.590527
0.485654 -1.427541 -1.941808 -1.303121 -0.970050 -1.039793 -1.210312 -1.274624 -0.742429 1.280951
-0.313744 -0.824926 -1.927457 -0.692424 -0.320376 -0.405853 -1.099770 -0.053054 -0.527768 -0.506696
-0.931654 -1.430655 -1.468295 -1.116560 -0.526490 -0.845478 -1.031462 -1.001192 -0.476721 -0.353768
-0.670629 -0.492303 -1.032924 -1.157187 -0.474774 -0.843682 -0.866051 -0.692644 0.580474 -0.028836
0.433592 -1.466059 -1.592630 -0.792695 -0.508762 -1.488441 -1.913750 -2.171085 -0.944433 1.140084
-0.343497 -0.431907 -1.149437 -0.901085 -0.078768 -0.862852 -1.343835 -0.772223 -1.005728 -0.284818
-0.579054 -1.288453 -1.490776 -1.893445 -1.249569 -0.828495 -0.473208 -0.991324 -1.050220 -0.616435
-0.567874 -1.148642 -1.950246 -1.304352 -0.226096 -1.266582 -1.640629 -1.555499 -0.309332 -0.798666
-1.140393 -1.535195 -1.449058 -1.204597 -1.131196 -1.667159 -1.619920 -1.097203 -0.712722 1.782694
0.722360 0.451154 -0.015671 -0.105514 0.100835 -0.490743 -0.072334 0.356164 0.152164 -0.129540
0.024129 -0.325126 -0.421406 -0.890908 0.002670 0.489832 0.861113 0.076757 -0.290171 -0.579758
-0.464667 -0.249144 -0.544109 -0.309676 0.244446 -0.158542 -0.397930 0.299885 0.561415 -0.259927
0.328993 1.158400 0.883157 0.233808 0.131952 0.384344 0.721050 0.723218 0.629423 2.176763
0.067383 0.912977 0.847560 0.789445 0.762898 0.846192 0.668899 0.425579 0.749414 0.711545
0.709964 0.654344 0.567524 0.345992 0.211453 0.720518 0.778388 0.775511 0.659176 0.708891
0.669021 0.477607 0.469312 0.526780 0.453504 0.467921 0.366605 0.478351 0.555745 0.452218
0.335194 0.529649 0.580340 0.711846 0.671971 0.665244 0.521106 0.507743 0.334120 -0.145316
-0.953791 0.908378 1.220261 0.913197 0.712177 0.834472 0.700207 0.365971 0.700257 0.828211
0.760549 0.611495 0.443913 0.321567 0.152736 0.554185 0.710644 0.730659 0.779843 0.819876
0.767058 0.591461 0.511692 0.526533 0.406675 0.461245 0.286772 0.275934 0.445241 0.492924
0.273613 0.396221 0.600845 0.614951 0.618236 0.625686 0.501474 0.345999 0.174224 0.138547
-1.222617 0.756175 1.434166 1.067197 0.549561 0.784349 0.819856 0.561842 0.645509 0.868437
0.729402 0.554120 0.513395 0.427726 0.428367 0.469231 0.777343 0.734269 0.694070 0.799169
0.760718 0.581619 0.575321 0.590996 0.440139 0.443435 0.475761 0.461108 0.362366 0.412139
0.565753 0.490177 0.537630 0.465565 0.531543 0.556836 0.543856 0.435220 0.344929 0.346015
-1.173690 0.718553 1.276762 0.571158 0.125104 0.685862 0.799856 0.670968 0.790866 0.858355
0.711021 0.460811 0.466888 0.535222 0.681079 0.366907 0.581970 0.654587 0.665000 0.682522
0.781372 0.746008 0.630905 0.609530 0.598839 0.556178 0.481759 0.417905 0.379940 0.415117
0.540662 0.495133 0.467847 0.466538 0.482238 0.420643 0.351889 0.361857 0.313484 0.233382
-1.288744 0.590840 1.190855 0.552392 0.169510 0.486351 0.845296 0.910399 0.865606 0.615425
0.747234 0.704198 0.446458 0.389408 0.693289 0.580877 0.648456 0.478726 0.529943 0.747061
0.702187 0.832515 0.757278 0.659411 0.565245 0.481275 0.523056 0.586865 0.577177 0.629847
0.669602 0.533726 0.397377 0.502288 0.588915 0.594860 0.511700 0.372950 0.333161 0.193763
-1.317109 0.615535 1.413652 0.941285 0.412030 0.521491 0.856671 0.965777 0.773293 0.361306
0.593773 0.648389 0.565063 0.584901 0.626946 0.606022 0.664320 0.443483 0.545013 0.603660
0.511680 0.738284 0.917104 0.894471 0.470356 0.264395 0.453043 0.678296 0.666529 0.523335
0.548332 0.536849 0.515913 0.508150 0.541268 0.534029 0.540122 0.417175 0.313586 0.180402
-1.228202 0.667455 1.325662 1.060811 0.820686 1.017329 0.857493 0.672401 0.717399 0.579699
0.543467 0.476115 0.403067 0.711320 0.819665 0.845595 0.637746 0.461428 0.467160 0.485264
0.436248 0.580870 0.863549 0.898214 0.568562 0.280105 0.414599 0.695639 0.734610 0.418050
0.420684 0.485333 0.616838 0.584663 0.655225 0.634976 0.488786 0.315812 0.243087 0.221735
-1.198987 0.601202 1.192662 0.882386 0.838723 0.917871 0.838154 0.570796 0.819504 0.895360
0.640234 0.475370 0.266424 0.497602 0.665089 0.848682 0.791286 0.643916 0.572452 0.603717
0.392319 0.326004 0.500056 0.699466 0.675067 0.545101 0.564672 0.635479 0.694574 0.596192
0.477582 0.465257 0.621086 0.546797 0.580044 0.630029 0.504443 0.430977 0.430124 0.201419
-1.031096 0.846615 1.169128 0.496283 0.519069 0.776996 0.739213 0.664808 0.885947 0.997260
0.768350 0.450548 0.406258 0.584691 0.610056 0.702173 0.761186 0.826662 0.677239 0.740923
0.518016 0.274425 0.288911 0.516590 0.578154 0.721648 0.699468 0.535061 0.545511 0.728575
0.581685 0.550108 0.634843 0.527616 0.531086 0.567233 0.503703 0.403305 0.426133 0.219054
-1.030251 0.726001 1.152796 0.608704 0.706271 0.866272 0.732487 0.624599 0.651613 0.626014
0.472699 0.566974 0.619456 0.685760 0.665282 0.646945 0.572055 0.554592 0.625428 0.730333
0.780852 0.562409 0.268095 0.368836 0.598265 0.727827 0.642461 0.376099 0.448079 0.658802
0.683244 0.639575 0.666983 0.468133 0.483054 0.626312 0.537757 0.467649 0.443974 0.244709
-1.032166 0.757161 1.139700 0.765426 0.734508 0.809405 0.879022 0.785344 0.704362 0.631482
0.396420 0.599230 0.601762 0.692667 0.768116 0.635322 0.403604 0.395614 0.507546 0.557346
0.835606 0.819924 0.615242 0.481850 0.580499 0.621688 0.543152 0.276582 0.404950 0.613310
0.636430 0.601274 0.699639 0.514905 0.548974 0.650041 0.601375 0.560272 0.521514 0.348834
-0.931574 0.881084 1.159807 0.759414 0.698290 0.633431 0.714795 0.634144 0.772679 0.914572
0.683262 0.619276 0.665571 0.715939 0.410677 0.241264 0.232241 0.245448 0.276136 0.344881
0.693689 0.844426 0.628749 0.526854 0.406893 0.398050 0.536459 0.493099 0.303815 0.341947
0.417251 0.544527 0.767726 0.690882 0.601890 0.568540 0.431635 0.484642 0.484080 0.474817
-1.024697 0.822636 1.190517 0.751904 0.696499 0.677589 0.539415 0.365340 0.559781 0.917369
0.761653 0.595973 0.804425 0.450819 -0.030335 0.018160 -0.544299 0.226979 0.666158 0.589112
0.434546 0.611857 0.552347 0.560740 0.508477 0.252125 0.336070 0.539570 0.354217 0.349154
0.356528 0.426514 0.674103 0.753046 0.627037 0.533453 0.362729 0.390730 0.328076 0.543897
-1.075967 0.735233 1.226728 0.753814 0.781464 0.842623 0.601614 0.238320 0.393533 0.672354
0.510466 0.765971 0.611977 -0.711128 -1.310076 0.049990 -1.161565 -0.114811 1.088789 0.871593
0.299688 0.454478 0.530299 0.538240 0.489597 0.285849 0.466938 0.576014 0.601098 0.498196
0.410665 0.330399 0.517894 0.625239 0.567592 0.550368 0.432311 0.256509 -0.032405 0.424312
-1.053276 0.768768 1.394034 0.972384 0.838205 0.958771 0.714059 -0.063344 0.109027 0.511487
0.348635 0.638285 0.549341 -0.023300 -0.741406 -0.112864 -0.503409 0.542977 0.985248 1.063876
0.548218 0.593756 0.663009 0.592148 0.517650 0.366469 0.510605 0.695393 0.782835 0.669479
0.585274 0.342209 0.289109 0.422655 0.531419 0.592586 0.394288 0.196949 -0.236748 0.315641
-0.896122 0.967746 1.414182 1.106488 0.835256 0.805712 0.643752 0.099044 0.213641 0.817388
0.673374 0.557220 0.503847 0.606143 0.125555 -0.258257 -0.480130 0.037599 0.430902 0.743432
0.609380 0.547142 0.550760 0.566172 0.500605 0.455790 0.541657 0.630210 0.466063 0.500154
0.709630 0.713384 0.521975 0.408833 0.275267 0.492287 0.449008 0.310460 -0.134625 0.245272
-1.109221 0.695298 1.303110 1.048391 0.813419 0.976053 0.798661 0.414077 0.354913 0.788187
0.737795 0.549146 0.590816 0.677989 0.294867 0.140289 0.521902 0.454081 0.404790 0.398344
0.602302 0.696148 0.553655 0.514539 0.521254 0.561434 0.524468 0.427503 0.263209 0.337271
0.757317 0.915043 0.736165 0.507245 0.388821 0.443034 0.401563 0.458058 0.128560 0.102180
-1.099258 0.723547 1.183619 1.089850 0.702416 0.918117 0.961385 0.735102 0.519447 0.456291
0.399227 0.475353 0.724319 0.836050 0.677365 0.511879 0.646775 0.537542 0.349083 0.498042
0.679078 0.618166 0.488340 0.499147 0.589443 0.652552 0.505406 0.466047 0.274624 0.212810
0.613320 0.755073 0.730498 0.555115 0.558165 0.543575 0.468140 0.391717 0.246639 0.108826
-1.078660 0.799463 1.244855 0.977899 0.655348 0.779790 0.974908 0.855032 0.461221 0.378882
0.348988 0.447794 0.675814 0.702587 0.569960 0.546747 0.609800 0.566225 0.362201 0.437591
0.689297 0.633478 0.530355 0.467684 0.548166 0.672537 0.625833 0.591071 0.483025 0.286968
0.281762 0.515296 0.628357 0.508019 0.530049 0.471069 0.471043 0.470361 0.392302 0.149390
-1.019634 0.899554 1.366977 1.147467 0.690743 0.431587 0.822337 0.909653 0.764681 0.700168
0.587883 0.499403 0.478992 0.517428 0.533023 0.586048 0.606533 0.554020 0.327503 0.334541
0.571654 0.681084 0.690777 0.525882 0.423900 0.563678 0.678148 0.709030 0.661094 0.434338
0.327273 0.488253 0.517277 0.348941 0.468028 0.481603 0.543640 0.449860 0.366233 0.142217
-0.767093 1.032007 1.318074 1.349280 0.704581 0.030018 0.174194 0.139307 0.396506 0.693514
0.704362 0.665962 0.556310 0.621655 0.633302 0.512093 0.500668 0.378372 0.401663 0.544007
0.478174 0.642371 0.710829 0.652336 0.462664 0.447717 0.602861 0.665478 0.549154 0.396702
0.330400 0.538466 0.654257 0.511335 0.497066 0.487113 0.535211 0.383597 0.340480 0.117805
-0.311993 1.026962 1.482326 1.200644 0.069484 0.847058 1.088780 -0.246213 -0.412620 0.594855
0.994054 0.986590 0.690770 0.650227 0.667990 0.608789 0.574584 0.438377 0.388353 0.667366
0.614460 0.567248 0.581018 0.661122 0.484617 0.493260 0.453133 0.455933 0.496437 0.468164
0.556636 0.670798 0.698941 0.683677 0.550722 0.398894 0.544701 0.825289 0.602907 0.096780
-0.758535 0.842874 1.159542 0.554933 1.289903 1.382067 1.031319 0.192682 -0.171779 0.064340
1.046497 1.051824 0.830344 0.618366 0.663152 0.651496 0.619664 0.500924 0.483601 0.497542
0.563411 0.455056 0.420181 0.528464 0.527315 0.563942 0.421418 0.414822 0.608777 0.669592
0.647167 0.626553 0.509147 0.614533 0.633373 0.615733 0.674513 0.804357 0.750974 0.388292
-0.887811 0.668988 1.085809 1.150664 1.368759 0.954009 1.296389 0.841037 0.227391 0.532636
0.902537 0.925634 0.890202 0.598534 0.516159 0.617960 0.760559 0.662472 0.631273 0.525782
0.468854 0.505658 0.529244 0.601772 0.580099 0.483907 0.319184 0.407679 0.532390 0.545213
0.609748 0.654859 0.597993 0.651952 0.597473 0.637580 0.842181 0.905454 0.564879 0.423462
-0.344151 1.275447 1.143832 0.160102 0.467389 0.262577 1.100954 0.787820 0.287265 0.236590
-0.170292 0.489093 1.107995 0.774907 0.489495 0.500054 0.684003 0.637572 0.552074 0.448860
0.448349 0.486466 0.620611 0.618022 0.545792 0.456643 0.353982 0.339661 0.462963 0.548025
0.639549 0.647350 0.564254 0.672789 0.869191 0.778485 0.679966 -0.116430 0.068753 1.339287
0.200988 1.395166 0.554612 -0.022832 0.723569 0.387402 0.913586 0.943289 0.170971 -0.453157
-0.471329 -0.014555 0.909140 0.885898 0.577636 0.528341 0.650923 0.771342 0.917789 0.772732
0.562309 0.211436 0.413664 0.565078 0.516909 0.367114 0.501693 0.643978 0.702076 0.423422
0.433646 0.788821 0.914561 0.822413 0.934598 0.586887 -0.141742 -0.763223 0.807510 1.967104
-0.056797 0.977291 0.750220 0.382386 0.622353 0.803510 0.979994 0.664601 0.097544 -0.068225
-1.027409 -0.485326 1.055497 1.120636 0.616776 0.552767 0.792226 0.867858 1.034564 0.904837
1.080342 0.523141 0.375594 0.509286 0.602143 0.723437 0.881345 0.886367 0.764499 0.628463
0.844048 1.295226 0.640630 0.251109 0.058621 -0.281507 -0.386648 -0.076224 1.566404 1.646338
-0.247328 0.604599 0.514891 0.210160 0.983776 1.179898 0.820084 0.411880 0.217204 0.355023
-1.048243 -0.654174 1.028559 1.172990 0.785063 0.667113 0.789968 0.853972 0.518008 0.479434
0.822057 0.988564 1.147081 0.951095 0.941726 1.204393 0.993289 0.995887 1.293973 1.190220
0.558397 -0.275248 0.541928 2.114780 0.275863 0.332876 -0.164457 0.086076 1.162024 1.212858
-0.315388 0.529440 0.613925 0.927774 0.592360 0.004404 0.072614 0.983580 0.888767 0.202059
-0.369428 -0.897015 0.677611 1.164844 0.791980 0.805738 0.221546 -0.599532 0.498257 0.812870
1.220447 1.658917 1.573259 0.644550 0.530644 0.880506 1.195673 1.487134 1.160578 0.274291
-0.507019 -0.221909 1.817069 2.384690 1.257275 1.461159 0.570460 -0.369246 -0.180827 0.428847
-0.301546 0.774690 0.616227 0.472174 0.838309 0.254419 0.364659 0.647146 0.473082 0.573523
0.031849 -0.625490 0.933901 1.245960 0.785178 0.270199 -1.586051 -1.951719 0.469926 1.428488
1.812867 1.329488 0.194876 0.293917 1.253953 0.802778 1.328445 1.277353 -0.019602 0.342066
0.349474 0.824338 1.807856 1.640044 1.159187 0.286082 0.541381 1.741153 0.756447 0.460409
-0.339133 0.877867 1.058622 0.226379 0.495284 0.873583 0.298665 0.297802 0.865750 0.490573
0.020804 -0.324754 0.924105 1.089563 0.662097 -0.201292 -1.279618 -0.418849 1.685232 2.065932
1.982829 0.721637 0.335565 1.045414 1.181839 0.427550 0.725932 0.377595 0.167306 0.450895
1.152184 1.878121 1.928090 1.358186 0.134980 -0.817946 -0.482850 0.907473 1.388487 0.899316
-0.442052 0.924053 1.236217 0.644095 0.586420 0.971392 0.789525 0.378989 0.638483 0.289591
-0.723397 0.039474 0.657076 1.494576 1.146345 0.014246 -0.989772 -0.059669 1.711885 1.367904
1.242806 0.993975 1.569153 1.540927 0.057710 -0.526060 -0.009088 0.212351 0.611323 1.056390
1.204245 1.494388 1.085215 1.068728 0.737279 -0.119127 -0.246049 0.554909 1.318795 1.163410
-0.197679 1.018948 1.017391 1.068051 1.129203 0.829510 0.441875 0.548485 0.142639 0.452903
0.324928 0.592294 0.399449 1.035896 0.947541 0.755193 -1.007892 -1.013008 1.049224 1.222252
0.925119 1.467202 1.597522 0.853437 0.615145 0.536806 0.249764 0.657350 0.788892 1.205822
1.357314 0.618040 -0.166078 0.231542 1.132200 1.035352 0.984511 0.961523 0.892465 0.807998
-0.454406 0.739242 0.692395 0.967606 1.066207 0.943080 0.537763 0.895148 0.820717 0.565678
1.264673 1.227894 0.991807 0.677683 0.321764 -0.325324 -1.150837 0.706081 1.653963 0.647834
-0.223612 0.956790 1.073775 0.974738 1.005479 0.589118 0.483296 1.479105 1.120886 0.774511
0.872754 0.888787 0.296239 0.070491 1.157402 1.424236 1.035676 1.206630 1.172261 0.406960
-0.337438 0.878816 0.831955 0.587174 0.551875 0.519065 1.063438 1.325364 0.782630 1.180020
1.458650 1.058983 0.738238 0.992529 0.624791 0.187949 0.667786 1.536466 1.223254 0.035842
-0.091446 0.874706 0.396470 0.444334 -0.058864 0.662238 0.046780 0.214675 0.775320 1.410131
1.125167 0.974348 1.147250 1.281253 1.097104 1.056937 1.186633 1.402756 1.608217 0.452105
-0.620715 0.979390 1.115078 0.540595 0.328456 0.382034 0.909253 1.195984 0.718092 0.930260
1.064117 0.734514 0.869285 1.184996 1.178806 1.227240 0.804603 0.541901 0.649198 1.162046
1.193042 0.537146 -0.549569 0.503758 0.874566 0.076473 -0.610486 -0.405056 0.363408 1.149683
0.930031 1.109120 1.299483 0.865177 0.829754 1.405843 1.343959 1.277126 0.625987 0.609542
-0.750038 0.714966 0.780237 1.198474 0.491663 0.619009 1.120902 0.708493 0.146210 0.336605
0.870603 0.998809 0.923912 1.194225 1.331547 1.349006 0.931424 0.692596 0.588283 1.270458
1.344313 1.060228 0.218506 0.259190 0.378703 0.344629 0.753581 0.241100 -0.045590 0.203085
0.386538 1.004795 1.139685 0.615867 0.322103 0.582944 1.351941 1.353924 -0.009983 0.533766
-0.712695 0.434890 0.685595 1.134485 0.176660 1.036854 1.380773 0.586148 -0.231296 -0.095457
0.511385 1.123230 0.903082 1.202521 1.340111 1.023594 1.178961 1.237839 0.542953 0.873867
1.101085 1.185277 0.738777 0.698962 0.351756 0.635007 1.612973 0.776965 0.204409 0.432298
0.823930 0.772070 1.372257 1.195126 0.455365 -0.020281 0.988760 1.076454 0.020022 0.325589
-0.326793 0.678141 1.041087 0.829584 0.233037 1.141049 0.900973 -0.521568 -0.346080 0.539481
1.130467 1.075806 0.733788 1.287031 0.897527 0.184865 0.034012 0.300494 0.636780 0.902436
0.844155 0.963348 1.242769 1.210847 0.593984 0.599819 1.171338 0.495583 0.172846 0.019182
0.475719 0.679605 1.402829 1.223727 0.751805 0.704986 1.227708 0.871759 0.152992 -0.121552
-0.112046 0.797510 1.044539 0.980152 0.696683 0.650613 0.407665 -0.052552 0.624499 1.274359
1.441303 1.590686 1.383903 1.180043 1.098489 1.324411 0.578799 0.191353 0.779450 1.094991
1.273034 1.412634 1.612953 1.827876 1.517713 1.147398 1.213254 1.179985 0.995683 0.599670
0.496755 0.534747 1.115487 0.950766 1.047762 0.902696 1.055805 1.155667 0.802142 0.208340
-0.268728 0.101210 0.025487 -0.098834 0.012670 0.143312 0.067550 0.018751 0.036846 0.192197
0.272486 0.123537 0.063060 -0.173883 -0.156253 0.179601 0.352323 0.298555 0.136543 0.171081
0.338167 0.282054 0.265472 0.259308 0.370669 0.301325 0.293797 0.342795 0.364966 0.154047
0.084292 0.028137 0.145262 0.279994 0.262932 0.350397 0.438459 0.358088 0.292683 -1.036375
-0.623861 0.199029 0.390088 0.173710 0.409105 0.366656 0.636865 0.357680 0.373355 0.353699
0.544033 0.436354 0.276585 0.548526 0.048397 0.625536 0.500362 0.688000 0.628347 0.456010
0.647891 0.665186 0.518116 0.590719 0.681382 0.786399 0.683631 0.618778 0.759712 0.785816
0.163757 0.494830 0.408596 0.610937 0.601367 0.674600 0.609967 0.532438 0.741689 -0.907381
-1.330634 -0.661085 -0.110490 -0.220483 -0.167036 -0.227645 0.130034 -0.122501 -0.247692 -0.024970
0.036892 -0.025604 -0.530942 -0.229774 -0.270303 0.184271 -0.007656 -0.178740 -0.081181 -0.317167
-0.152233 0.019393 -0.048252 0.053654 0.136821 0.208017 0.027023 -0.135193 0.042466 0.163121
-0.095490 -0.134274 -0.106162 -0.202271 -0.181482 -0.002359 0.001727 -0.149236 0.250168 -1.015391
-1.527707 -0.946070 -0.373652 -0.197623 -0.282831 -0.648258 -0.069393 -0.113026 -0.381225 -0.174440
-0.061600 -0.240801 -0.317306 -0.308969 -0.111370 0.233473 0.205769 0.086773 0.082995 -0.349682
-0.255688 -0.226176 -0.165454 -0.011600 -0.056339 -0.014843 0.041808 0.012038 -0.021322 -0.185736
-0.099972 -0.060977 -0.031955 -0.138967 -0.033598 -0.097494 -0.255458 -0.424312 0.105519 -0.839678
-1.499161 -0.944313 -0.200847 0.010893 -0.362950 -0.757837 -0.084061 0.109611 -0.137537 0.063845
-0.127298 -0.183105 0.153570 -0.168292 -0.080501 0.101680 0.307042 0.366963 0.056643 -0.122848
-0.133277 -0.113880 -0.014686 0.093668 0.026909 0.028768 -0.150662 0.089271 0.092376 -0.053191
-0.016273 0.156507 -0.006901 -0.031821 0.141413 0.083104 -0.098037 -0.248918 0.300630 -0.713032
-1.585495 -0.985000 0.068551 0.648938 -0.306028 -0.704035 -0.105779 0.121128 0.102320 0.078297
-0.151830 -0.175040 0.216813 -0.120782 0.055593 -0.135966 0.175196 0.250826 -0.055565 0.125649
0.046556 -0.066553 0.049234 0.086118 -0.033826 0.013828 -0.287037 -0.095623 0.084575 0.125080
-0.006410 0.131637 -0.067632 -0.076825 0.080225 0.149611 0.034435 -0.188260 0.433455 -0.657886
-1.685989 -0.994650 -0.175698 0.255998 0.064236 0.126480 0.293656 0.346852 0.328889 -0.089716
-0.249148 -0.043763 0.113353 -0.062192 0.052303 -0.149858 0.126459 0.150595 -0.027673 0.160834
0.071397 -0.275477 -0.036007 0.195910 0.282234 -0.055029 -0.228636 -0.215848 -0.051913 0.097016
0.011809 0.044416 -0.071798 -0.090032 -0.184495 0.090528 0.176144 -0.124708 0.295127 -0.651222
-1.644850 -0.807475 -0.155602 -0.038462 -0.051685 0.257759 0.273773 0.143446 0.208983 0.094445
0.160047 0.476978 0.185336 -0.076485 0.011296 -0.082963 0.120620 0.143404 0.250758 0.115863
-0.011862 -0.300139 -0.238431 -0.083998 0.504961 0.079661 -0.149784 -0.214604 -0.029648 -0.026845
0.066170 0.027456 0.048165 0.070669 -0.025885 0.015741 0.071455 -0.102343 0.397782 -0.624331
-1.724070 -0.564063 0.097798 0.106523 -0.266324 -0.002210 0.083985 -0.032956 -0.032674 0.175072
0.321274 0.305198 0.060406 -0.162187 -0.093470 0.108008 0.327929 0.291499 0.264016 0.291132
0.087627 -0.152911 -0.235726 -0.119956 -0.167432 0.047766 0.150051 0.101133 -0.185896 0.070254
0.143240 0.108094 0.176786 0.091418 -0.140292 0.074513 0.222115 -0.117404 0.368947 -0.663216
-1.620798 -0.403000 0.209184 -0.101469 -0.279201 0.033699 0.083269 -0.024694 -0.034279 0.069705
0.248143 0.040364 0.207370 0.040810 -0.071653 0.211509 0.415567 0.262860 -0.065749 -0.047839
0.088529 0.211856 -0.001484 0.014757 -0.183728 -0.051764 0.161107 0.212305 -0.158789 -0.057560
0.012228 0.013240 0.204481 0.128972 -0.159005 0.117791 0.292898 -0.079258 0.400976 -0.650816
-1.625567 -0.474697 0.159763 -0.003264 -0.000456 0.175406 0.034467 -0.031567 -0.087303 0.346386
0.245913 0.131698 0.143430 0.129223 -0.059716 0.073368 0.333553 0.300583 0.156022 -0.373785
-0.354538 0.104890 0.383367 0.049172 -0.179170 -0.082352 0.283215 0.044979 -0.240100 -0.208219
-0.018911 -0.034866 0.097517 0.024529 -0.053384 0.096886 0.176248 -0.195363 0.451277 -0.721284
-1.599576 -0.516094 0.112306 -0.107356 0.084756 0.193268 0.273517 0.138776 0.145370 0.493458
0.354199 0.054675 -0.069757 0.339491 0.731922 0.297648 -0.179238 0.028191 0.166618 -0.170512
-0.428992 -0.038779 0.386951 0.268776 -0.059588 -0.232306 0.005315 0.142774 -0.058964 -0.072917
-0.045989 -0.097579 0.040850 0.034579 0.033583 -0.004615 -0.016887 -0.136338 0.494879 -0.711173
-1.560530 -0.453531 0.105019 0.040580 -0.050067 0.135119 0.431500 0.178958 0.071734 0.155489
0.357473 -0.034871 -0.481180 -0.483225 0.632079 0.155232 -1.158655 -1.181456 -0.301346 -0.028552
-0.358321 -0.101883 0.126966 0.039562 -0.014289 -0.033367 0.047813 0.041230 -0.236307 -0.081879
0.046091 -0.129947 -0.148113 -0.086413 0.115359 -0.047544 -0.268488 -0.279337 0.336776 -0.720566
-1.507863 -0.680382 0.024689 0.079165 0.028272 0.114044 0.352781 -0.052357 -0.278988 -0.072240
0.154526 -0.306700 -0.504003 -1.255595 0.024200 1.031512 -1.841499 -2.531891 -0.675850 0.442054
0.078739 -0.099334 0.064579 0.301456 -0.014098 -0.291336 -0.201828 0.015035 -0.006477 0.007500
0.037758 -0.084691 -0.180298 -0.134390 0.187780 -0.190731 -0.466762 -0.520287 0.191860 -0.627929
-1.454677 -0.586354 0.198430 0.061762 0.030749 0.094904 0.461834 0.275901 0.086113 0.160737
0.143803 -0.321095 -0.212332 -0.751471 -2.047701 0.822382 -0.669777 -2.319275 -1.033465 0.094241
0.130756 0.183611 0.090713 0.261107 0.298285 -0.110902 -0.174470 -0.062514 0.129318 0.102642
0.206200 0.073109 -0.176261 -0.252874 -0.009474 -0.288672 -0.535669 -0.506262 0.164310 -0.461449
-1.461275 -0.628152 0.189476 0.183157 0.270656 0.420042 0.475552 -0.041338 -0.116642 0.083871
0.077616 -0.204611 -0.078017 0.623227 -0.401903 -0.686422 -0.944929 -1.249679 -0.450733 -0.103321
0.221140 0.247297 0.183216 -0.007577 0.113744 -0.041532 -0.074560 -0.013567 0.038183 -0.177668
-0.127593 0.215086 0.118810 -0.082315 -0.171846 -0.273095 -0.480712 -0.455100 0.125206 -0.124565
-1.389461 -0.610723 0.002486 0.079928 0.249541 0.327443 0.404237 0.156440 -0.107756 0.108268
0.219372 0.003182 -0.043739 0.487662 0.954134 0.528172 -0.215064 -0.242480 -0.090288 -0.147502
0.032209 0.120027 0.006569 -0.025466 0.087287 -0.099069 -0.131944 -0.008010 0.278824 -0.212240
-0.389995 0.180446 0.316398 0.086703 -0.011329 -0.123071 -0.134627 -0.112557 0.180810 -0.274168
-1.443578 -0.670486 -0.129142 0.212693 -0.018881 -0.055111 0.229634 0.490439 0.353736 0.118650
0.150144 -0.080024 -0.159516 0.236521 0.508948 0.145830 0.072027 0.520303 0.142482 -0.287219
-0.140188 0.185370 0.232394 0.049288 -0.076962 -0.023850 -0.016078 0.199928 0.319660 0.026822
-0.388223 -0.006658 0.194939 0.113916 0.079644 0.155880 0.102062 -0.079835 0.334837 -0.397365
-1.521340 -0.736449 -0.191251 0.269072 0.267751 0.039899 0.258754 0.392089 0.298143 0.199698
0.128503 -0.070950 -0.044345 0.130542 0.239603 -0.024241 -0.066738 0.163338 0.195634 0.039741
-0.024027 0.179469 0.066340 0.073815 -0.020067 0.008638 0.190565 0.279404 0.337696 0.167491
-0.217068 -0.244639 0.072020 0.128533 0.026533 0.217295 0.007117 -0.191403 0.304605 -0.496749
-1.392523 -0.442538 0.077460 0.380908 0.718146 0.332889 0.044138 0.103355 0.187250 0.312248
0.096825 -0.012887 0.118883 0.131055 0.016078 -0.164277 -0.053982 0.260820 0.227140 0.069249
0.037100 -0.129350 -0.007957 0.088324 0.055656 0.193652 0.153545 0.063370 0.178779 0.291608
0.011746 -0.196719 -0.005197 -0.022848 0.026643 0.048365 -0.028164 -0.278034 0.395070 -0.480226
-1.320152 -0.309601 0.063707 0.532926 1.320164 1.424115 1.142005 0.280127 -0.627124 -0.109786
0.071786 0.087547 0.056561 0.097094 0.067337 0.045964 0.190427 -0.011463 -0.082569 -0.088584
0.048722 -0.178582 0.026359 0.175769 0.132078 0.116518 0.191918 0.101865 0.303777 0.271386
-0.128226 -0.172738 -0.084782 -0.128224 0.096119 0.114433 0.186478 -0.068120 0.375002 -0.440219
-0.313881 -0.164136 -0.919867 0.165600 0.109845 0.914005 2.093329 1.096677 -1.291299 -1.193817
-0.425706 0.143903 0.003589 0.130859 0.013189 -0.023275 0.099663 0.123929 -0.031861 0.182110
0.090270 -0.153143 -0.088663 0.100076 0.197899 0.194418 0.222993 0.154469 0.258506 0.094413
-0.090669 0.052064 0.217093 0.050548 0.297790 0.283922 0.243870 0.134245 0.623872 -0.176579
0.994838 0.575417 -1.107327 -1.212439 -0.195905 0.798042 1.124736 0.843022 -0.835875 -2.221760
-0.829896 0.097919 0.044974 0.005367 -0.189444 -0.067204 0.110812 0.253678 0.079556 0.195450
0.151086 0.092072 -0.041433 -0.039278 0.090224 0.195799 0.139511 -0.004861 0.094453 0.143507
0.153416 0.284204 0.311075 0.129802 0.090296 0.139775 0.377461 0.468313 0.849966 -0.301250
-0.005485 -0.162445 -1.142846 -0.305739 0.132928 -0.071520 -0.119683 0.057621 -0.277559 -1.295772
-1.153494 -0.643060 -0.062131 0.094255 -0.227062 -0.046518 0.277466 0.179970 -0.019767 0.018430
0.052458 0.315271 0.130659 0.079614 0.156655 0.271318 0.132037 -0.041138 -0.006992 0.261596
0.303387 0.267389 0.088233 0.153815 0.172173 0.277609 0.449159 0.658963 1.427169 0.139146
-0.756678 0.142941 -0.452850 0.241392 0.782998 0.391573 -1.304135 -0.503605 0.004813 -0.310493
-0.969528 -1.571187 -0.627098 -0.032427 -0.073172 0.006817 0.106734 0.324352 0.277056 0.082730
0.026169 0.312348 0.222644 0.194673 0.310238 0.268756 0.204896 0.220167 0.220646 0.161644
0.159045 0.387258 0.211978 0.246149 0.286973 0.503611 0.629347 0.518839 0.444655 0.224620
-1.227223 -0.427161 -0.288709 0.266218 0.965953 1.142830 -0.154256 0.088961 -0.100944 -0.059371
-0.561734 -1.978343 -0.870428 -0.042382 0.091877 0.313560 0.166721 0.351237 0.255769 0.430458
0.394341 0.663536 0.411534 0.229448 0.412754 0.386395 0.233639 0.111396 0.320238 0.346828
0.253286 0.370159 0.380721 0.402759 0.267094 0.069957 0.110757 -0.243232 -0.074846 -0.201593
-0.431337 0.099193 0.063043 -0.636803 0.104339 0.834406 0.501855 0.476423 -0.521045 -0.048389
-0.962250 -2.145122 -0.891123 0.098333 0.161727 0.113324 0.209391 0.349408 0.306758 0.476601
0.589533 0.563144 0.299785 0.434856 0.606694 0.476096 0.333437 0.336060 0.517584 0.586128
0.549470 0.766786 1.284029 1.384405 0.473672 -0.641253 -0.344393 0.045623 0.411247 -0.384405
-0.544949 0.152661 -0.088707 -1.286348 -0.805163 0.108591 -0.366640 -0.485866 -1.161884 -0.109258
-1.291812 -1.918743 -0.629515 0.092225 0.021267 0.241157 0.533714 0.650382 0.812914 0.178402
-0.086729 0.239265 0.444648 0.477575 0.544445 0.561614 0.519016 0.372069 0.394220 0.313924
-0.043843 0.145976 1.040969 2.252669 0.065997 -0.931286 0.225811 1.093304 -0.242576 -1.084130
-0.575708 -0.249143 -0.271204 -0.956668 -0.488301 -0.079414 -0.013257 -0.234267 -0.994914 0.382245
-0.614260 -1.943035 -0.242279 0.548578 -0.037999 -0.295530 -0.596273 -0.324939 0.825344 -0.876538
-1.429436 -0.212167 0.744829 1.205884 0.519446 -0.392728 -0.072029 0.433187 0.613538 0.323032
-0.578576 -0.313737 0.020839 1.317808 -0.243800 -1.321055 -0.286733 -0.441271 -0.094626 -1.326249
-0.559218 -0.212764 -0.053316 0.050868 0.133275 -0.882548 -0.642640 -0.344508 -1.665537 -0.808842
-1.004052 -2.165328 -0.505475 0.301935 -0.160274 -0.769044 -1.225460 -1.113809 1.125724 0.147340
-0.864736 -1.079665 -0.523576 1.214444 1.105956 -0.559660 -1.393529 -0.775289 0.080510 0.007028
-1.180894 -0.309550 0.183046 -0.125205 0.691481 -0.607718 -0.785934 -0.302188 0.610770 -1.056238
-0.732689 0.092679 -0.449228 0.128353 1.472311 0.104272 -0.947328 -0.112181 -0.942740 -1.780115
-0.626813 -1.399176 0.079054 1.013013 0.375787 -0.993783 -1.731348 -2.028409 0.567004 0.431428
-0.205159 -1.390971 -1.425532 0.213801 1.371516 -0.061476 -2.366381 -1.590296 -0.473959 -0.936428
-0.503125 0.296812 0.372747 -0.676387 0.014443 0.399236 -1.416746 -1.179929 1.369989 -0.432639
-0.780067 -0.082315 -0.361051 -0.539318 0.423560 0.603038 -0.089624 -0.072393 -0.087949 -1.154070
-0.886105 -1.531342 -0.263415 1.027997 0.972763 -0.201958 -1.690195 -1.060919 0.348077 0.232852
-0.162845 -0.869506 -0.712402 0.053690 0.174092 -0.015133 -1.648126 -1.087525 -0.575168 -1.525143
-0.653543 0.602799 0.251372 0.005104 -0.535025 0.010322 -0.975156 -1.040675 0.478702 -0.261440
-0.635594 -0.152329 -0.228792 -0.727193 0.581886 1.346365 0.377788 -0.077653 -0.875460 -0.557129
-0.756014 -1.722024 -0.754142 -0.053291 0.016320 0.199168 -0.672804 -0.769971 -0.334068 0.812826
0.232859 -0.071914 0.225206 -0.359019 -0.866270 -0.072846 -0.952516 -1.249711 0.667465 -0.839221
-0.585286 0.531000 0.558324 -0.557983 -0.593929 -0.103197 -0.061854 -0.081256 0.402552 -0.212166
-0.884702 -0.661233 -0.495185 -0.443093 0.131568 1.526186 1.587992 0.207940 -0.864167 -0.359998
0.006914 -0.937474 -0.226712 0.894347 0.081197 -1.009806 -1.573760 -1.052589 -1.112715 0.185251
0.396543 1.005919 0.460255 -1.679135 -1.183153 -0.793829 -0.844310 -1.004803 0.081311 0.421977
0.311055 0.331427 -0.044392 0.221873 0.832437 0.994922 0.183214 0.137031 0.775780 0.012381
-0.547558 -0.871989 -0.480437 -0.649730 -0.537423 0.516466 2.013083 1.223929 -0.040645 -0.129413
0.273590 -0.406924 -0.886506 0.676268 1.188197 -0.761509 -2.098190 -1.550212 -0.300336 -0.205124
-0.422956 0.584500 0.486379 -0.914531 -1.429146 -1.284769 -0.880381 -0.628299 -0.730322 -0.746519
-0.441058 0.325674 0.308271 0.621741 0.596623 0.565772 -0.381486 -0.216670 1.561170 0.530520
-0.483925 -0.545856 0.335511 -0.471416 -0.586955 -0.367990 0.805037 1.215171 0.365267 0.099271
0.683237 -0.078657 -0.989818 0.146786 1.494021 1.274792 -0.002725 -0.453862 0.714118 0.205487
-0.524824 0.853754 0.825099 0.535261 -0.632087 -0.446399 0.211401 0.531135 -0.755507 -0.832649
-0.318855 -0.810869 -0.212247 0.416785 0.059856 0.454807 -0.207882 -0.628468 0.113999 -0.119910
-0.768186 -0.767384 -0.044410 -0.130828 -0.129576 -0.479103 0.191897 0.621245 0.018289 0.208356
0.585120 -0.251107 -0.762821 -0.327221 0.936623 1.650491 0.118323 -0.199143 0.788607 0.768598
0.609555 1.089528 1.398590 0.657254 -0.444182 -1.032224 -0.149265 1.337273 0.230300 0.096956
-0.039519 -0.622246 -0.509209 0.128979 0.932588 0.928465 0.097748 -0.425878 -0.835113 -0.813792
-1.102924 -0.485705 -0.039026 -0.237573 -0.538199 -1.036559 -0.312550 0.425676 -0.147145 -0.991995
0.043584 0.252818 -0.599282 -0.006120 0.402790 1.175954 0.815538 -0.089920 0.262031 0.384877
0.663123 1.197632 1.464639 0.174673 -0.910932 -0.614006 -0.294551 0.756336 -0.193121 0.525749
-0.038341 -1.231464 -1.222504 -0.933278 0.884387 0.584308 -0.342516 -0.107610 -0.810773 -0.216531
-1.479688 -1.349090 0.392746 0.426448 -0.688286 -1.424024 -0.425306 0.304316 -0.126363 -1.854708
0.019379 0.330158 -0.486063 0.569343 1.110142 1.736437 1.256785 -0.290601 0.093513 -0.184591
-0.309247 -0.366228 0.440592 -0.462568 -0.441957 -0.055660 -0.442951 -0.826594 -1.061881 0.467820
0.029470 -0.427924 -0.210739 -0.428451 0.863438 1.062029 0.591813 0.534918 -0.087933 -0.446147
0.025602 -0.019849 0.633896 1.923220 0.599624 -0.794419 -0.825566 0.015970 0.921618 -0.505271
0.293615 0.741184 0.545526 0.006963 -0.212702 1.080852 1.721155 -0.128719 0.357261 0.898389
0.572443 -0.029785 0.727255 0.268093 0.340885 1.063896 0.869004 0.345439 0.511992 0.948871
0.755947 0.998493 1.143934 0.766471 1.112507 1.368187 0.910605 0.879399 0.864566 0.345592
-2.714226 -0.684780 -1.106719 -1.428562 -1.306026 -1.189945 -1.447283 -1.294093 -0.953776 -1.341031
-1.216839 -1.035257 -1.134906 -1.101696 -1.228475 -0.935498 -0.778394 -1.326076 -1.391485 -1.214081
-1.403400 -1.404222 -1.419504 -1.273426 -1.471796 -1.051203 -1.293122 -1.283524 -1.379504 -1.461203
-1.270887 -1.462665 -1.132855 -1.610926 -1.255493 -1.531764 -1.259182 -0.975364 -1.641366 -0.918320
-2.070710 -0.589065 0.361336 -0.110782 -0.505257 -0.045255 -0.483910 0.324756 -0.382053 -0.244827
-0.254081 -0.509154 -0.645780 -0.443743 0.945535 -1.590737 0.201252 -0.731865 -0.582324 -0.321309
-0.527264 -0.383424 -0.355469 -0.410950 -0.489089 -0.454060 -0.140060 -0.490824 -1.014076 -0.537807
0.219801 -1.131176 -0.087024 -0.747598 -0.162723 -0.410803 -0.220331 -0.262601 -1.538965 -0.553257
-1.481595 -1.248304 -0.239634 -0.432963 -1.234474 -0.663725 -0.470612 -0.329665 -0.852677 -0.932028
-0.751542 -0.974627 -0.880718 -0.607150 1.599591 -1.422178 -0.663095 -0.842963 -1.090426 -1.170873
-1.355256 -1.047101 -1.063602 -1.203219 -1.055651 -1.232712 -0.668552 -0.914912 -1.826768 -1.117397
-0.447412 -0.839941 -1.049847 -1.038434 -1.220571 -1.236564 -1.138589 -1.569487 -1.945158 -0.378305
-0.978706 -0.285499 -0.273171 -0.554267 -1.361655 -0.407419 0.096103 -0.715219 -0.060537 -0.615054
-0.212244 -0.530894 -0.711671 -0.664695 0.836751 -0.280724 -0.673303 -0.767785 -1.053350 -0.601541
-1.206102 -0.476517 -0.821675 -1.124800 -0.832394 -0.960091 -0.623868 -0.820092 -1.138675 -0.540339
-0.601485 -0.417699 -0.754702 -0.620717 -0.887177 -0.631642 -0.767875 -1.446845 -1.273607 -0.233062
-0.893718 -0.348614 -0.534859 -0.782161 -0.620879 -0.634587 -0.579521 -0.055166 -0.113226 -1.108578
-0.086098 -0.807504 -0.762274 0.267500 -0.731225 0.173696 -0.212892 -0.864069 -0.713841 -0.411220
-1.086836 -0.514740 -0.699639 -0.741516 -0.605074 -1.168453 -0.538220 -0.479532 -0.665324 -0.537908
-0.432034 -0.616468 -0.366918 -0.747822 -0.529242 -0.444291 -0.704996 -0.929210 -0.907409 -0.153975
-0.969195 -0.425304 -0.440009 -0.116840 0.396221 0.046298 -0.663410 -0.172608 -0.421084 -0.864873
-0.270013 -0.639624 -0.769807 1.211457 -1.034550 0.155092 -0.392058 -0.628521 -0.139709 -0.707856
-0.796144 -1.021080 -0.916928 -0.669168 -0.707835 -1.311247 -0.736356 -0.489963 -0.501919 -0.992611
-0.494258 -0.888564 -0.530840 -0.686915 -0.344288 -0.475627 -0.903146 -0.751462 -0.910247 -0.259803
-0.841933 -0.240734 -0.292127 -0.127144 0.105523 0.293949 0.037448 -0.905348 -0.445699 -0.018113
-0.756962 -0.122802 -0.689920 0.096501 -0.954629 -0.346108 -0.661041 -0.232956 -0.556242 -0.562505
-0.492520 -1.113197 -1.084049 -0.669471 -1.249574 -0.532025 -0.966712 -0.913419 -0.761782 -0.832234
-0.649029 -0.706209 -0.663753 -0.739126 -0.271210 -0.559086 -0.773140 -0.861522 -0.783139 -0.221214
-0.477979 -0.396919 -0.275519 -0.134302 0.125978 -0.013465 0.144886 -0.530378 -0.178428 -0.041856
-1.019699 -0.140621 0.279297 -0.651243 -0.587191 -0.726552 -0.644583 -0.221752 -0.347054 -0.086372
-0.310297 -0.658558 -1.283055 -0.592229 -0.792137 0.044631 -0.589663 -0.972721 -0.861554 -0.244144
-0.740825 -0.460925 -0.603049 -0.904993 -0.422153 -0.671022 -0.821014 -0.849592 -0.673493 -0.260071
-0.432347 -0.285791 -0.237104 -0.329785 -0.429645 -0.562433 -0.185744 -0.364859 -0.045966 -0.393389
-0.678748 0.465877 0.315991 -0.549487 -0.256579 -0.829643 -0.776134 -0.916802 -0.538256 -0.523753
-0.447088 -0.564530 -0.906351 -1.001383 -0.476290 -0.371618 -0.453892 -1.215291 -0.390762 -0.372049
-0.658415 -0.395575 -0.438292 -0.890638 -0.571173 -0.819958 -0.904804 -0.709977 -1.011521 -0.406497
-0.751024 0.000865 -0.129247 -0.372992 -0.183522 -0.731682 -0.125141 -0.431152 -0.063724 -0.324298
-1.300964 0.323202 -0.185273 -0.815462 -0.420781 -0.351349 -0.478143 -1.027062 -0.802710 -0.759655
-0.423322 -0.698504 -0.678570 -1.026117 -0.542665 -0.604890 -0.899554 -1.264432 -0.294087 -0.659988
-0.885935 -0.477624 -0.225614 -0.870379 -0.846374 -0.838972 -0.631054 -0.847633 -1.393553 -0.147766
-0.764458 0.360410 0.162210 -0.426025 -0.020096 -0.384017 -0.067515 -0.695743 -0.107197 -0.271739
-0.638255 -0.665061 -0.597223 -0.984009 -1.169272 -0.165536 -0.516482 -0.825769 -1.213269 -1.029236
-0.483563 -0.495340 -0.631258 -0.112756 -0.497159 -0.774613 -0.994825 -0.310898 -0.488289 -0.569304
-0.902174 -0.526548 -0.325883 -0.732795 -0.775552 -0.493315 -0.423676 -0.785673 -1.616222 0.342345
-0.633754 0.309142 0.169842 -0.126600 0.044611 -0.057163 -0.458378 -1.132616 -0.523894 0.078013
0.175404 -0.712925 -0.709628 -0.916743 -1.853895 -0.362480 -0.789543 -1.177552 -0.860687 -1.006965
-1.128895 -0.744190 -0.563027 -0.267510 -0.522191 -0.728768 -0.670813 -0.105924 -0.589924 -0.647299
-0.808109 -0.820691 -0.592896 -0.536519 -0.637056 -0.366930 -0.462643 -0.609509 -1.787051 0.318039
-0.729351 -0.067109 0.109234 -0.744749 -0.063725 -0.128825 -0.594506 -0.691639 -0.563254 -0.050255
-0.574863 -0.149425 -0.471729 -0.996716 -2.296249 -1.573833 -1.785428 -1.020274 0.268855 -0.397405
-1.150732 -0.814240 -0.475594 -0.634868 -0.871590 -1.024992 -0.255494 -0.751599 -0.782698 -0.602338
-0.328136 -0.853817 -0.807318 -0.368061 -0.750746 -0.652663 -0.450523 -0.537962 -1.937211 0.074305
-0.916124 -0.345292 -0.027343 -0.808439 -0.517932 -0.376761 -0.006691 -0.320013 -0.268491 -0.187653
-1.239309 -0.233535 -1.072738 -1.725452 -2.131873 -1.263595 -3.414858 -1.158254 -0.130193 -0.479007
-0.897739 -0.841712 -0.493733 -0.829313 -0.878712 -1.029088 -0.181738 -0.880878 -1.138676 -0.227038
-0.016467 -0.839652 -1.051733 -0.421246 -0.949764 -0.688812 -0.691092 -0.434162 -1.740224 -0.101674
-0.857313 -0.120369 -0.008175 -0.213463 -0.493709 -0.516140 -0.493567 -0.746614 -1.161456 -0.489650
-0.838338 -1.137652 -1.629994 -0.921383 -1.015090 -1.976390 -2.127343 -0.569472 -1.615199 -0.878776
-0.499766 -0.769267 -0.691692 -0.656280 -0.774637 -0.797828 -0.552898 -0.413408 -1.017380 -0.204297
-0.070758 -0.481573 -1.098416 -0.460915 -0.699721 -0.877410 -0.937839 -0.368456 -0.881560 -0.077881
-0.930582 0.024190 0.030019 -0.293213 -0.817543 -0.205145 -0.619530 -0.113165 -0.758612 -0.359269
0.069787 -1.074133 -1.028127 -0.055252 0.084067 -0.824423 1.960237 1.060229 -1.840025 -0.868407
-0.471374 -0.790923 -1.110770 -0.792833 -0.937863 -0.492849 -0.791708 -0.221508 -0.963576 -0.854404
-0.186885 -0.351015 -0.869726 -0.542812 -0.470863 -0.992835 -1.041317 -0.451238 0.050923 -0.465020
-0.876817 -0.150572 -0.364723 -0.414921 -1.121469 -0.158005 -0.095695 -0.463364 0.027831 -0.233701
-0.588405 -0.839557 -0.521208 -0.047202 -0.460422 -0.217242 0.762487 0.307697 -1.435189 -0.808048
-0.189013 -0.629076 -0.942853 -0.794085 -0.617490 -0.445364 -0.709728 -0.546486 -0.646982 -1.340806
-0.634653 -0.595238 -0.577609 -0.763630 -0.583836 -0.686370 -0.965708 -0.226769 0.447663 -0.625325
-0.765894 -0.091225 -0.456079 -0.254618 -0.449412 -0.597656 -0.489018 -0.543919 -0.094649 -0.633060
-0.984447 -0.715622 -0.547215 -0.287275 -0.308506 -0.132794 -0.421010 -0.555650 -0.921649 -0.896775
-0.328845 -0.795337 -0.884001 -0.828862 -0.717678 -0.557872 -0.878076 -0.823407 -0.125249 -1.016052
-1.128213 -0.701190 -0.724403 -0.867056 -0.561022 -0.702997 -0.713953 -0.347123 -0.451053 -0.478356
-0.706896 -0.385705 -0.182469 -0.273534 -0.513364 -1.113481 -0.597427 -0.202500 -0.698300 -1.026834
-0.730394 -0.503903 -1.004198 -0.787874 -0.755806 -0.314224 -0.677755 -1.010486 -0.201741 -0.986161
-1.080243 -0.665103 -0.769309 -0.743268 -0.976562 -0.805990 -0.766535 -0.628854 0.017168 -0.312715
-1.004059 -0.556899 -0.933302 -0.764275 -0.507586 -0.927828 -0.363572 -0.331780 -0.612270 -0.285936
-0.960293 -0.598600 -0.222998 0.152969 -0.511429 -1.249575 -0.812710 -1.342779 -1.263412 -0.758008
-0.297621 -0.530707 -0.909215 -0.839587 -0.687442 -0.775753 -0.826268 -1.078485 -0.359491 -0.278442
-1.638244 -0.420452 -0.710949 -0.650812 -0.722215 -0.828030 -0.467871 -0.476311 -0.292510 -0.481266
-0.818067 -0.579388 -0.843053 -0.684796 -0.496985 -0.893943 -0.559684 -0.543511 -0.750918 -0.312851
-0.893396 -1.305085 -0.408311 -0.555039 -1.159247 -1.139005 -0.953135 -2.735907 -2.294404 -0.959508
-0.253983 -1.003011 -0.796593 -0.693611 -0.637263 -1.017259 -0.910412 -0.669686 -0.396405 -0.106044
-1.191031 -0.609681 -0.838083 -0.419251 -0.377937 -0.492081 -0.467992 -0.473256 -0.696570 -0.678452
-0.590385 -0.837511 -0.901223 -0.439550 -0.661129 -0.874214 -0.860720 -1.030544 -0.713672 -0.344956
0.090503 -2.070861 0.206564 -1.381651 -1.228689 -0.662330 0.556424 -1.099290 -2.105573 -0.516579
0.186169 -1.116204 -0.674823 -0.545632 -0.796100 -0.841024 -0.562332 -0.900809 -0.410362 -0.599229
-0.590245 -1.049777 -0.820387 -0.418059 -0.640822 -0.555309 -0.645476 -0.800092 -0.777096 -0.759300
-0.780011 -0.761900 -0.874797 -0.479791 -0.750397 -0.664506 -0.873300 -0.927065 -0.945117 -0.671674
-0.218890 -3.330582 -0.172430 -1.642898 -0.262155 -0.865844 -0.375526 0.949694 -1.782668 -1.422694
0.003889 -0.863058 -0.678622 -0.893602 -0.907890 -0.970800 -0.557638 -0.631436 -0.439945 -0.592818
-0.470792 -1.314548 -0.698825 -0.524201 -0.834567 -0.627030 -0.868424 -0.638485 -0.567527 -0.661406
-0.643529 -0.512439 -0.780193 -0.818135 -0.919824 -0.690029 -0.400793 -0.982094 -1.832502 -0.931055
-0.066892 -1.843773 0.051403 -0.573171 -1.388024 -3.461592 -2.532393 -0.002032 -0.642771 -1.828242
-1.694882 -0.436259 -0.561407 -0.959144 -0.904889 -0.891981 -0.315716 -0.222512 -0.694226 -0.791464
-0.562410 -1.278234 -0.754107 -0.650787 -0.743861 -0.734990 -0.803403 -0.676172 -0.616407 -0.875065
-0.695475 -0.726456 -0.480793 -0.907974 -0.804559 -0.505533 -0.600900 -1.376419 -2.030403 -0.822573
-0.225903 0.389162 0.964063 -0.065714 -1.527491 -3.179907 -1.711649 -1.627518 2.252390 0.086024
-3.048003 -0.241940 -0.094934 -0.514922 -0.913050 -0.719622 -0.316673 -0.994936 -0.848046 -0.961032
-0.438942 -0.935840 -0.877282 -1.041219 -0.809746 -0.985043 -0.912205 -0.875412 -0.753737 -0.886563
-0.612985 -0.746487 -0.609261 -1.007380 -0.285776 -0.137058 -0.649867 -2.166170 -1.437657 -0.044575
0.248611 0.696473 -1.276316 -0.826776 -0.984181 -0.465710 -0.967342 -0.290201 1.141914 -0.775898
-3.458180 -2.002726 -0.295533 -0.636293 -0.973102 -0.839632 -0.544989 -1.635430 -0.591067 -1.006009
-0.473898 -0.772127 -1.164409 -1.328500 -0.696709 -0.755602 -1.105674 -0.703866 -0.463561 -0.958813
-1.042340 -1.528221 -1.308929 -1.323080 -0.617206 -0.692778 -1.422725 -2.211001 -0.661563 -0.217223
0.566613 -1.305928 -0.859580 -0.489181 -0.713727 1.006217 -0.163751 -0.062971 0.035359 -1.109058
-2.149314 -2.859600 -0.103275 -0.578670 -0.502230 -0.794375 -1.104487 -2.037214 -1.170421 -1.574474
-0.889950 -0.847374 -1.251347 -1.481184 -1.373046 -0.816190 -1.014575 -0.950696 -0.683723 -0.863358
-1.200464 -2.353008 -2.288033 -0.794911 -1.258908 -0.717152 -2.778794 -2.171355 -0.580059 0.059493
0.290847 -1.583067 -1.205300 -0.714001 -0.456036 -0.069379 -0.838459 -0.335007 0.206345 0.523343
-0.505771 -1.995591 0.075933 -0.878662 -0.209915 -0.487211 -1.349193 -2.138159 -1.599031 -1.388375
-0.116690 -1.015366 -1.243988 -1.074670 -1.424926 -0.700512 -0.574683 -1.247541 -1.206078 -0.664044
-1.686849 -1.479745 -2.798111 0.011354 -1.476683 0.335450 0.727127 -0.626802 -0.483002 0.412624
-0.762854 -1.597830 -1.045786 0.381549 -1.123790 -0.903714 -1.268955 -1.281098 0.102305 0.073550
0.202870 -1.546450 -0.974552 -1.278765 -0.520008 -0.729753 -1.473819 -1.431358 -1.519238 -2.174778
0.635110 -0.685606 -1.270674 -1.026299 -1.358300 -1.193819 -0.212744 -0.934729 -1.321212 -0.992232
-1.199748 -1.968307 -3.089962 -1.201119 -0.156278 -0.802934 -0.004778 1.019538 -0.390815 -0.536089
-0.511552 -0.544348 0.831136 0.957147 -1.855518 -0.313396 -0.505181 -0.957832 -1.504078 0.123806
0.590497 -1.107113 -1.364345 -0.787546 -0.599866 -0.590557 -1.824146 -0.904441 -1.361309 -2.048323
-0.156168 0.094989 -0.437998 -0.425018 -0.173786 -1.880358 0.259408 -0.648503 -1.071965 -2.278991
0.415491 -0.044234 -2.293076 -0.445672 0.132621 -2.593129 -4.206839 0.498951 0.540150 0.323677
0.152232 -1.065880 0.154952 -0.027266 -1.413935 -0.751208 -0.567124 -0.736647 -2.005804 0.117410
-0.208463 -0.141042 -1.671402 -0.814109 -1.026932 -1.074730 -2.530421 0.279113 1.771590 1.127982
-1.304114 -0.875178 -1.176524 -0.673406 0.372658 -3.104988 -1.648191 -1.515789 -3.070673 -1.168536
1.409916 1.063583 -1.433085 -0.244577 0.684488 -0.199795 -1.441277 -2.279585 -0.784467 0.957152
0.276504 0.073998 -0.579139 -0.512341 -0.270778 -0.014374 -0.358733 -1.006655 -1.353941 0.076474
0.913396 2.078769 -1.090652 -1.324994 -1.602728 -1.223721 -1.363043 -0.634853 2.796052 0.621282
-2.792108 -1.648733 0.465071 0.724940 -0.537781 -0.881302 -1.750532 -1.019932 -2.255901 1.063320
2.125451 0.300781 -0.152520 -1.091056 0.027466 1.794238 0.634263 -0.595354 -1.496662 0.399816
0.006834 1.145949 -1.045511 -0.143714 0.719136 0.331695 -0.512749 -1.222615 0.733341 -2.056901
1.219680 1.564965 -0.533050 -0.724908 -1.241322 0.211725 0.387810 1.462949 2.436338 0.387125
-1.510081 -1.018955 -0.082621 -1.040746 -1.316191 2.249910 -1.446840 0.328292 0.260723 0.119084
0.161917 -0.781214 0.234557 -1.177600 -0.923463 0.895110 0.573592 -0.392213 0.271664 -0.961178
-0.717625 -0.208604 -0.134676 -0.769192 -0.040433 -0.108056 0.678431 -0.127106 0.981436 -0.196708
1.703957 0.374284 0.222692 -0.735292 -1.453621 -2.928661 0.147350 2.599473 0.415670 -0.641526
-1.110916 1.515497 -2.521802 -0.970636 -1.566373 2.535393 -0.447178 -1.502477 1.038191 2.001919
-2.026608 -1.982459 -0.011962 -1.949051 -1.525873 -0.700861 0.069103 0.050716 0.254343 -0.959514
-1.302456 -0.441604 0.805625 0.265222 -1.108118 -1.002847 1.961992 2.212963 -1.293248 0.961696
1.295545 -0.337829 1.618921 -0.496717 -0.491573 -2.894073 1.092677 1.794872 -1.289490 -1.088958
0.608278 1.402835 -2.152927 -1.771054 -0.688616 0.993769 1.204573 -2.301288 -0.525628 2.058755
-0.767168 0.040526 0.131403 -0.007465 -0.123782 -0.743564 -0.243390 0.612341 -0.533532 -1.294459
-1.022264 0.763914 -0.989667 0.510437 -0.899671 -0.693403 0.714547 0.610420 -0.279671 0.699718
-1.288861 0.425362 0.710673 -0.505474 -0.075426 0.443378 1.290201 0.842107 -2.189419 -0.027879
2.784483 -0.077734 -1.532090 -2.123443 2.042301 -0.822664 1.040610 -0.206015 -1.658667 -0.884181
-0.225855 0.623946 0.567445 -0.379097 -0.733934 -1.185641 -0.026124 0.490690 -1.163693 -2.442732
-0.059860 1.102302 -1.860619 -0.443023 -1.395257 1.702420 -0.627561 -1.337429 -0.703704 0.532031
-0.829578 1.098786 1.325691 -1.426821 0.790911 1.637587 0.539411 0.864857 -1.167863 -0.586250
0.706767 -1.054273 -0.167324 -0.029247 0.024155 -1.567276 0.565365 0.866547 -0.110147 -2.393678
-0.291129 -0.916420 -1.498617 -0.550285 -0.493976 -2.090280 -0.475273 -0.655993 -0.799253 -1.019429
-0.017181 0.730331 -0.664125 -0.400739 -1.215142 1.927964 -0.058216 -1.034185 -1.771532 0.533599
0.940138 -0.255764 1.119311 -0.785419 0.561179 0.333544 -0.683855 1.667781 0.795700 -1.420557
-0.391880 -0.496553 -0.721981 0.398809 -0.070291 -1.629036 0.558839 0.285000 -0.523549 -0.940761
0.586743 -0.335961 -1.252027 1.509164 0.645389 -1.334269 -0.295647 -1.515636 -0.571334 0.094977
-0.354850 0.936303 0.104450 -1.532185 -0.308685 -0.725204 -0.225299 -0.789473 -3.450015 -0.896526
1.809985 0.115597 -0.292988 0.374380 -1.043453 -0.512338 -0.209010 -1.052683 -0.508156 -0.002358
-0.064175 0.205405 -1.100750 -0.563542 0.052187 -0.522037 -1.161411 -0.904817 -1.939625 -0.630061
-0.586549 -1.610211 0.580737 0.802225 -0.481831 -0.470541 -0.584836 -1.745251 -0.233064 0.192522
-1.427087 0.098160 -0.638252 -0.498813 0.780307 -1.244637 -1.813066 -0.972606 -1.738135 -1.624326
-0.640730 0.256900 -0.434294 0.254189 -1.814967 -0.957204 -0.101161 -1.354093 -0.776351 -0.573804
-1.334884 0.180773 -0.082034 0.258018 -0.115098 0.746010 -1.970470 -0.571287 -1.144435 -0.514832
0.130626 -0.883818 1.345104 -0.663237 -0.964571 -0.188128 -0.407476 -1.211462 -0.538831 -0.236160
-0.715062 -1.291211 -0.799292 -1.101290 -1.192371 -1.282841 -0.994210 -1.533712 -1.159498 -1.220154
-1.263971 -1.478030 -1.132104 -1.016615 -1.366389 -0.857349 -1.172427 -1.117754 -1.111117 -1.241606
-1.193038 -1.327503 -1.410240 -1.240507 -1.482259 -1.223669 -1.337698 -1.426467 -1.403548 -0.889059
-1.509803 -0.907988 -1.207159 -1.109485 -1.311974 -1.235931 -1.563749 -1.682293 -1.387187 -1.322125
-0.938285 -1.518038 -0.493848 -0.901118 -1.429132 -1.038176 -0.879819 -1.263925 -0.947425 -1.092616
-1.098821 -1.272437 -0.796595 -0.365619 -0.971691 -0.750028 -0.603394 -0.637936 -0.768403 -0.680933
-0.933979 -0.958571 -1.099779 -0.999734 -1.240725 -0.752321 -0.942473 -1.090124 -1.249710 -0.611876
-0.987096 -1.037478 -0.823255 -1.196648 -0.921349 -1.002988 -1.412587 -1.378679 -0.848115 -0.671888
-0.888151 -1.562502 -0.633600 -0.579187 -1.515394 -0.766449 -0.726772 -0.891948 -0.742891 -0.824803
-0.942969 -1.142310 -0.733608 -0.605823 -0.609526 -0.977604 -0.656079 -0.564788 -0.757117 -0.675638
-0.634804 -1.004807 -0.883021 -0.769833 -0.972163 -0.871976 -0.951230 -0.900789 -1.322752 -0.799590
-0.634764 -1.174464 -0.964964 -1.161179 -0.666220 -0.782818 -1.090269 -1.127551 -0.627439 -0.418157
-0.807829 -1.246001 -0.106125 0.068332 -1.618035 -0.153215 -0.251873 -1.040877 -0.764045 -0.614789
-0.798580 -0.872415 -0.684510 -1.144848 -0.433136 -0.689967 -0.516306 -0.602375 -0.865224 -0.716790
-0.766088 -1.227789 -0.931921 -0.999972 -0.967546 -1.138689 -1.209242 -0.876899 -1.343863 -1.224255
-0.827473 -0.877071 -1.037346 -0.802067 -0.672788 -0.829184 -1.204764 -1.411823 -0.386243 -0.517811
-0.741697 -0.845256 0.751951 0.524888 -1.647455 -0.278381 -0.506042 -0.742894 -0.504341 -0.553905
-0.649737 -0.537277 -0.465771 -0.890204 -0.527440 -0.679562 -0.564233 -0.606611 -0.845017 -0.539810
-0.902620 -0.725493 -0.665124 -0.910658 -0.739004 -1.050777 -1.176311 -0.854983 -0.896646 -0.728128
-0.827786 -0.514220 -0.794874 -0.665003 -0.683487 -0.830361 -1.155033 -1.378105 0.045251 -0.360713
-0.852786 -0.870377 0.630128 0.623098 -1.372045 -0.805239 -0.706961 -0.234529 -0.367469 -0.873977
-0.662120 -0.496980 -0.580639 -0.598192 -0.519439 -0.621364 -0.510271 -0.998257 -0.655256 -0.334631
-0.818046 -0.745977 -0.704333 -0.721999 -0.345850 -1.222830 -0.707296 -0.634053 -0.706795 -0.349392
-0.673091 -0.924888 -0.747374 -0.858201 -0.865711 -0.775791 -0.990543 -1.275388 -0.122680 -0.330261
-1.014603 -0.908798 -0.064410 -0.594470 -1.200855 -0.489098 -0.522976 -0.368306 -0.466340 -1.016884
-0.590975 -0.115107 -0.884103 -0.311448 -0.870630 -0.663125 -0.403689 -0.829514 -0.526268 -0.401590
-0.810091 -0.925659 -0.860037 -0.519825 -0.235419 -1.346848 -0.830170 -0.648444 -0.686725 -0.822663
-0.587654 -1.071053 -0.741401 -0.972416 -0.948882 -0.790227 -0.799118 -1.001019 -0.233588 -0.375493
-0.945821 -0.594984 -0.255963 -0.860030 -0.627531 0.022265 -0.791470 -1.055772 -0.584227 -0.608620
-0.532548 -0.076227 -0.826538 -0.583117 -1.029422 -0.757106 -0.566741 -0.677763 -0.488403 -0.435364
-0.985059 -1.137581 -1.053242 -0.548645 -0.329894 -0.810383 -1.106913 -0.912599 -0.752900 -0.831733
-0.883914 -0.850477 -0.634334 -0.968767 -0.770954 -0.691824 -0.917448 -1.159514 0.074272 -0.329386
-0.770598 -0.250768 -0.140777 -0.583621 -0.539883 -0.117817 -0.439945 -1.029026 -0.659112 -0.348494
-0.550516 -0.708883 -0.786286 -0.867465 -0.793000 -0.659814 -0.611811 -0.640599 -0.710613 -0.440206
-0.700208 -0.817177 -0.934976 -0.432224 -0.660295 -0.595642 -0.592120 -0.912461 -0.889411 -0.514925
-0.932835 -0.779904 -0.474627 -1.042817 -0.843321 -0.399426 -0.845484 -1.103528 0.039901 -0.438074
-0.640335 -0.083096 -0.244373 -0.940628 -0.483997 -0.600406 -0.391475 -0.489523 -0.645971 -0.240099
-0.658694 -0.556745 -0.721095 -0.871335 -0.764464 -0.891848 -0.866306 -0.965435 -0.814504 -0.773194
-0.720470 -0.456963 -0.564732 -0.864303 -0.757752 -0.765527 -0.556342 -1.245777 -1.077308 -0.627445
-0.903939 -0.844670 -0.433273 -0.931888 -0.781447 -0.321220 -0.971981 -1.082145 -0.043643 -0.548949
-0.737058 -0.469679 -0.297988 -1.015816 -0.397965 -0.619767 -0.631743 -0.614481 -0.509658 -0.163218
-0.762933 -0.475992 -0.946125 -1.045272 -0.780503 -1.297904 -1.212295 -1.121673 -1.008092 -0.855020
-0.706486 -0.694625 -0.627824 -1.135625 -1.132250 -1.132725 -0.563028 -1.111408 -0.996555 -0.685747
-0.897858 -0.879655 -0.470513 -1.050430 -0.740138 -0.529687 -1.211886 -1.244418 -0.307677 -0.537007
-0.730243 -0.754589 -0.226189 -0.705072 -0.603175 -0.571525 -0.421037 -0.840804 -0.570680 -0.156932
-0.565103 -1.110303 -1.364849 -1.033744 -0.341409 -1.994948 -1.937081 -1.114861 -1.178170 -0.927725
-0.788794 -0.698901 -0.975269 -0.958102 -0.985680 -0.941411 -0.740626 -0.763607 -0.741493 -0.504317
-0.906379 -0.889886 -0.620649 -0.989443 -0.776537 -0.828890 -1.165461 -0.744525 -0.389408 -0.459822
-0.598951 -0.821277 -0.143001 -0.612541 -0.708648 -0.493648 -0.342964 -1.063738 -0.964506 -0.437672
-0.514233 -1.311952 -0.962671 0.005911 -0.920463 -2.637982 -2.768375 -1.608796 -0.788147 -0.945975
-1.160275 -0.807201 -1.099865 -0.723652 -0.816924 -0.523277 -0.424971 -0.690775 -0.926430 -0.664577
-0.814123 -0.859159 -0.759544 -0.757174 -0.572466 -0.943787 -1.024364 -0.208525 -0.353998 -0.554015
-0.700646 -0.669791 -0.117749 -0.991054 -0.777816 -0.408695 -0.235376 -0.798478 -0.804874 -0.502792
-0.619414 -1.103084 -0.419921 2.281156 0.831980 -3.347968 -2.272080 -1.086816 -0.490318 -0.592581
-1.041309 -1.012372 -0.833024 -0.362370 -0.769188 -1.312831 -0.680368 -0.759394 -0.660873 -0.765007
-0.776307 -0.907081 -0.950001 -0.683114 -0.637099 -1.075054 -1.125282 -0.303590 -0.389773 -0.628220
-0.701388 -0.727539 0.014700 -0.992242 -0.749387 -0.205996 -0.361494 -0.616484 -0.567607 -0.516115
-0.831709 -1.056935 -0.443450 2.123962 0.876364 -0.512457 -0.569667 -0.616563 -1.031088 -1.026099
-0.964837 -0.850659 -0.671613 -0.542083 -0.607744 -1.416392 -1.051591 -0.814812 -0.770522 -0.800189
-0.789870 -0.801368 -1.098579 -0.728317 -0.771592 -1.242215 -1.036617 -0.001183 -0.316697 -0.509692
-0.724109 -1.009068 -0.097384 -0.603039 -0.632522 0.066344 -0.533592 -0.992439 -1.084756 -0.595023
-0.673674 -1.226401 -0.682399 1.117425 -0.127224 -1.283015 -1.001100 -0.962691 -1.102372 -0.751721
-0.745385 -0.889571 -0.936003 -0.909733 -1.043117 -1.127587 -1.016630 -0.528814 -0.941590 -0.930249
-0.587209 -0.388604 -1.029950 -0.585140 -0.645843 -1.319383 -0.972722 0.008047 -0.139028 -0.266837
-0.556918 -1.012838 -0.236701 -0.398696 -0.699119 -0.300501 -0.659418 -0.980057 -1.325213 -0.783910
-0.482954 -1.248279 -1.041517 0.033407 -0.602464 -0.917936 -1.350102 -0.784382 -1.151137 -0.594071
-0.793336 -0.808735 -1.229231 -0.746443 -0.871590 -0.832581 -0.884671 -0.172885 -0.747951 -1.040249
-0.565495 -0.243414 -0.681017 -0.852998 -0.629054 -0.999403 -0.687011 -0.339389 0.072758 -0.399956
-0.682059 -0.932281 -0.184649 -0.392452 -0.695745 -0.591101 -0.689762 -0.731989 -0.774062 -0.516294
-0.643975 -1.241755 -1.158069 -0.572925 -0.571214 -1.127710 -0.676526 0.134231 -1.303479 -1.066609
-0.787021 -0.390685 -0.961902 -0.707987 -0.785559 -0.685005 -0.590446 -0.328111 -0.373333 -1.002663
-1.050529 -0.836152 -0.745415 -1.048646 -0.949577 -0.829406 -0.843258 -1.051797 -0.065598 -0.494562
-0.680948 -1.065395 -0.319742 -0.456187 -0.545199 -0.833711 -0.720510 -0.847709 -1.014685 -0.572685
-0.842343 -1.001327 -0.848224 -0.713352 -0.963006 -1.146338 -0.666948 -0.464637 -0.650455 -0.889267
-0.863077 -0.752046 -0.893894 -0.808094 -0.861397 -0.703738 -0.874306 -0.613966 -0.560367 -0.899643
-1.268703 -0.901295 -0.945662 -1.003749 -0.961371 -0.975003 -1.016052 -1.622437 -0.058543 -0.629632
-0.722193 -0.999142 -0.760072 -0.762977 -0.481049 -1.381948 -1.373494 -1.344896 -1.494940 -1.103158
-1.020080 -0.736932 -0.780269 -0.613450 -1.069698 -1.039430 -0.283440 -0.813987 -0.524739 -0.727854
-1.049918 -1.038674 -0.940673 -0.829390 -1.030852 -0.751480 -0.842105 -0.957552 -0.531391 -0.824664
-1.109287 -0.592193 -1.013294 -1.193075 -0.861127 -0.928152 -1.005944 -1.475316 0.090499 -0.683831
-0.936389 -1.559176 -1.530846 -0.527280 -1.222459 -1.875302 -1.552161 -0.509018 -1.332796 -1.622784
-1.271654 -0.729255 -0.971534 -0.539226 -0.867341 -0.985099 -0.274244 -0.851312 -1.051281 -0.829552
-1.206165 -0.873446 -0.902439 -0.742718 -1.078972 -0.865936 -0.719181 -0.745350 -0.652076 -0.854395
-1.162293 -0.689458 -0.970885 -1.173678 -0.649517 -0.750453 -0.944219 -1.136007 -0.103763 -0.862363
-1.558482 -2.170481 -2.052281 -1.024722 -1.675767 -1.851255 -1.131018 -0.624422 -0.843333 -1.671615
-1.454341 -1.043844 -1.091402 -0.565619 -0.909569 -0.896762 -0.571371 -0.909803 -0.730500 -0.562899
-1.111572 -0.982282 -1.021577 -0.858241 -1.025980 -0.887636 -0.901141 -0.788260 -0.871927 -1.084062
-0.981719 -0.887158 -0.705229 -0.929611 -0.816640 -0.632847 -1.177309 -1.498129 -0.155751 -0.923984
-1.163002 -1.423075 -1.068368 -0.605620 -1.828881 -2.496957 -1.197966 0.169436 -0.537356 -1.047792
-1.473288 -1.400247 -1.032127 -0.813768 -1.098797 -0.852711 -0.461188 -1.150288 -0.634249 -0.549373
-0.933707 -1.075867 -1.101628 -1.102524 -1.014482 -0.957743 -1.314541 -1.166356 -0.996617 -0.949068
-0.594468 -0.635452 -1.002735 -0.893094 -1.024973 -1.089730 -1.251810 -1.242143 -0.517021 -1.357333
-0.358681 -0.619339 -1.216785 -0.703358 -3.127918 -2.490617 -1.949255 0.921135 -0.361738 -0.065922
-1.396039 -1.834518 -1.092190 -0.981449 -1.023800 -0.987239 -0.563943 -0.923214 -1.040578 -1.155316
-0.811489 -1.238689 -1.311612 -1.141514 -0.957674 -0.866978 -1.337187 -1.184276 -0.815355 -0.800516
-0.733051 -0.924084 -1.392667 -1.144450 -0.986002 -1.388093 -1.623037 -1.409225 -0.920118 -1.065887
-0.706106 -0.373517 -0.373934 -0.302807 -2.643473 -1.230995 -1.444885 0.096709 0.892977 -0.288132
-1.715955 -1.311101 -1.173248 -1.070969 -0.968165 -1.043500 -0.908576 -0.724607 -0.704910 -1.292354
-1.087577 -1.334948 -1.423638 -1.062035 -1.008305 -1.098015 -0.923530 -1.018451 -0.843785 -1.088626
-1.353820 -1.221494 -1.333244 -1.448466 -1.496481 -1.787574 -1.630393 -1.191098 -1.282555 -1.165187
-0.882912 -1.196878 -0.328313 -0.031348 -1.501013 -0.638895 -1.228496 -1.837670 0.671860 1.485094
-1.390966 -0.600334 -0.838080 -0.587533 -1.005624 -1.103850 -0.933454 -0.756524 -0.539116 -0.897457
-0.584860 -0.704793 -0.962880 -0.813800 -0.841689 -1.070323 -1.003508 -1.181634 -1.191165 -1.087893
-1.271403 -1.367002 -1.604358 -2.024530 -1.966945 -2.531046 -1.386255 -0.842411 -1.701195 -1.380856
-0.826337 -1.767863 -0.653407 -0.763649 -1.683183 -0.851312 -1.003330 -1.188444 -0.010970 2.259584
0.013542 -0.779122 -0.823794 -0.324260 -0.812994 -1.467202 -0.893330 -0.732084 -0.581057 -1.353684
-1.289925 -1.151050 -1.105451 -0.897855 -1.115492 -1.062704 -1.216832 -1.196086 -1.137410 -1.605119
-1.744818 -2.216311 -2.813228 -2.074189 -1.817931 -1.971555 -1.278986 -1.001354 -0.976569 -0.900616
-1.225532 -1.325190 0.651451 0.770114 -1.574645 -0.823650 -0.667715 -0.780821 -1.133905 1.114605
0.187860 -1.192065 -1.139807 -0.843749 -1.398975 -1.606300 -0.859321 -1.887023 -2.050429 -1.574876
-2.095094 -1.979032 -1.301196 -1.508815 -1.758806 -1.423942 -1.609378 -1.570815 -1.229488 -2.361444
-1.955668 -1.555124 -3.288010 -2.256368 -1.258549 -1.470940 -0.970442 -1.827944 -0.163952 0.066130
-1.385278 -1.183610 0.026286 -0.168373 -1.024687 -0.441281 -0.480003 -1.971668 -1.157237 -0.044133
1.383297 -0.952269 -0.963534 -0.930359 -1.737201 -1.955873 -0.430254 -2.376319 -3.258166 -1.111337
-2.026166 -2.658471 -2.142102 -2.858159 -1.626493 -1.129791 -2.468250 -1.863870 -2.386763 -3.031118
-1.211072 -0.218006 -2.565602 -2.654782 -0.656456 -0.893829 1.014255 0.022172 1.012101 -0.281531
-1.206967 -0.676411 0.102801 -0.066927 -0.576972 -0.057599 -0.282527 -0.434484 -1.538100 -1.638437
1.223879 -1.319532 -1.101449 -1.129192 -2.531648 -2.007930 1.004450 -1.126721 -2.372756 -1.015912
-1.447981 -1.682366 -1.467286 -2.396257 -2.035489 -0.875830 -2.311943 -1.325901 -2.159047 -3.592947
0.425961 0.679803 -1.450199 0.218242 0.106581 0.020324 -0.279067 0.033448 -0.195044 -0.537780
-0.983275 -0.199552 -0.778540 -0.945063 0.586793 0.711516 -0.695259 0.106018 -1.937979 -2.219271
0.792746 -0.633477 -1.826547 -1.374653 -2.152174 -1.188237 0.608283 -1.907100 -1.508082 -0.113549
-1.715408 -0.035181 -0.228460 -1.244715 -0.460111 -0.495332 -1.903898 0.433902 -1.191851 -2.636714
-0.378151 0.101414 -0.456780 0.455727 -0.431029 -0.098362 -0.562437 -1.272518 -0.822810 0.177136
-1.586775 -0.202497 -0.930604 -2.498020 -0.301277 1.425379 -0.961687 0.552391 -1.921415 -1.608081
1.391325 -0.730208 -1.664686 -1.839403 -1.171630 -1.619331 0.075750 -2.767113 -0.918059 0.208292
-1.678015 -0.198245 -0.450267 -1.268854 0.071139 -0.636013 -1.787038 0.772436 -1.390056 -1.303590
0.996365 0.520229 0.341608 -0.892368 -1.078129 0.065161 -0.808953 -1.597616 -0.750672 0.180895
-1.725820 0.064826 -1.509153 -1.930901 -1.206813 0.345800 0.054896 0.922203 -0.355737 -1.357006
1.073652 0.040715 -0.875794 -0.931758 0.294328 -2.175412 -0.736608 -3.008663 -1.756797 -0.419230
-0.669323 0.106431 0.758278 -0.880384 -0.251633 -0.150636 -1.719900 0.415386 -0.684889 -0.589186
0.105563 1.294974 -0.787689 -1.563328 -0.483004 -0.478547 -0.879753 -1.110505 -0.039063 -0.258776
-1.066085 0.421772 -1.348904 -1.613626 -1.580612 -0.521391 -0.050770 0.114953 -0.588256 -1.707519
0.292791 -0.908675 -1.702681 -1.221356 0.924455 -1.572483 -0.616094 -1.211458 -0.993356 -0.076664
-1.234889 1.070022 0.032549 -0.242963 -1.476897 -0.014331 -0.938859 -0.928993 -0.421959 -0.618525
-0.008128 -0.053938 -1.056857 -0.812206 -0.630111 -1.012993 -1.331416 -1.256656 -0.372850 -0.375129
-1.539188 0.255119 -1.021144 -1.695475 -1.699086 -0.785712 -0.291192 0.817327 -1.596256 -1.523169
0.585910 -1.026313 -1.123555 -1.226362 0.702930 -1.501241 -1.099634 -0.722172 -1.153386 -0.496804
-0.243257 1.255146 -0.163809 0.881372 -1.303066 -0.729956 -0.131592 -1.121883 -1.197074 -1.304137
-0.011246 -0.519539 -1.746277 -1.305198 -0.849375 -0.479019 -0.934934 -1.325776 -0.490878 -0.417097
-1.892639 -0.893126 -1.110403 -0.529996 -0.327695 -1.413515 -0.700612 0.751547 -1.356996 -1.237291
0.045952 -1.206361 -0.656785 -0.367471 0.861717 -0.067903 0.198619 0.442661 -1.022443 -0.137549
-0.921390 0.289542 -0.252855 -0.884624 -0.509727 -1.133357 -1.196992 -0.795040 -2.427323 -1.394489
0.187759 -0.923409 -0.527236 -0.506522 -1.800165 -1.245224 -0.593521 -1.130498 -0.228376 -2.142558
-2.376772 -0.675848 -0.475909 -0.618247 0.422332 -1.484627 -0.729824 1.137762 -1.541665 -0.928301
-0.523394 -0.383216 -0.406914 -0.861232 -0.060146 -0.267537 0.183707 -0.368838 -0.887500 0.782794
0.146167 -1.126011 -1.248051 -1.052477 -0.107356 -0.673294 -1.350934 -1.091023 -2.176611 -1.578954
-0.323679 -1.273157 0.316224 0.360013 -1.109071 -0.525520 -0.654062 -1.502009 1.544900 -2.039452
-2.253988 0.023000 -0.045487 -0.434035 -0.396760 -2.082860 -1.093590 0.492586 -2.121239 -1.154318
-0.832561 -0.500640 -1.180521 -1.334877 -0.631203 -0.993360 -1.506938 -1.172807 -1.342301 -0.753358
-1.076990 -1.103216 -0.307557 -0.056753 -0.565181 0.286400 -1.654936 -1.484074 -1.111190 -1.921027
-0.513170 -0.833864 0.604285 0.216222 0.179337 -0.063052 0.627438 -0.773889 0.802946 -1.029027
-1.967977 -1.146701 -1.189531 0.121245 -0.685719 -1.837730 0.006642 1.979827 -1.589830 -2.006864
-1.299549 -0.023683 -1.152057 -1.194776 -0.209277 -0.902919 -0.872733 -0.905849 -1.667035 -1.271921
-1.141649 -0.499255 0.013785 0.280046 0.828871 0.525754 -1.300073 -0.506388 -0.666268 -1.082722
-0.747937 -0.920255 0.976158 0.207076 -0.818087 -0.713482 -0.537188 -0.986373 -1.359156 -1.539138
-1.693495 -1.517029 -0.537957 0.613505 -0.384081 -1.659890 0.420871 1.639955 -0.945253 -1.828938
-1.279911 -0.357329 -0.847533 -0.228750 -0.718360 -1.997044 -0.897715 -0.648116 -0.686520 -0.080454
-1.279966 0.094278 -0.130506 -0.427775 -0.521579 -0.950992 -1.700763 -1.442160 -1.420525 -1.934388
-1.783455 -1.862554 -0.137205 -0.361795 -1.308093 -1.432373 -1.306018 -1.980128 -1.300256 -0.957515
-1.148742 -0.240664 0.209992 0.185320 -0.130053 0.190784 0.399334 0.387090 -0.096076 -0.063340
-0.005520 -0.045817 0.198445 0.173691 0.466433 -0.239675 -0.284902 -0.210455 -0.285830 -0.250935
-0.316469 -0.039832 -0.023605 -0.174667 0.055831 0.097104 0.150008 -0.055085 -0.223020 0.616144
0.648083 -0.030099 -0.002875 -0.149790 -0.078502 -0.008664 0.070200 -0.143359 0.139112 1.859548
-1.432232 -1.425679 -1.424352 -1.510675 -1.632187 -1.545454 -1.422771 -1.113783 -1.589054 -1.609764
-1.444430 -1.526883 -1.417229 -1.432452 -1.007428 -1.379380 -1.075947 -1.323278 -1.366690 -1.518528
-1.655012 -1.738147 -1.570981 -1.643099 -1.544071 -1.664582 -1.550898 -1.438520 -1.685515 -1.601951
-0.684839 -1.149140 -1.257158 -1.499028 -1.540955 -1.709262 -1.700453 -1.965325 -1.804553 0.447280
-0.924410 -1.157658 -1.574702 -1.380597 -1.367184 -1.732899 -1.640515 -1.569653 -1.759982 -1.801701
-1.597537 -1.594106 -1.863864 -1.607963 -1.825489 -1.558016 -1.328874 -1.471641 -1.177860 -1.341660
-1.548551 -1.462190 -1.563329 -1.844893 -1.629360 -1.685146 -1.756979 -1.600984 -1.613628 -1.717050
-1.755469 -1.435413 -1.639229 -1.522711 -1.427555 -1.505930 -1.730000 -2.187626 -2.239127 -0.114867
-0.904757 -0.836048 -1.376618 -0.237723 -0.538671 -1.318776 -1.345527 -0.818948 -1.304027 -1.481627
-1.332989 -1.226377 -1.379203 -0.910316 -1.381896 -1.195376 -1.283408 -0.964588 -0.923921 -0.994360
-1.214175 -1.132053 -1.250923 -1.465870 -1.543116 -1.348689 -1.251438 -1.341879 -1.266438 -1.064332
-1.288644 -1.238597 -1.406910 -1.340321 -1.362841 -1.052648 -1.024373 -1.440858 -1.809173 0.428552
-0.635152 -0.522732 -1.470344 -0.261973 0.587365 -0.627893 -1.192612 -0.971617 -1.037269 -0.885672
-1.264819 -1.132352 -0.898536 -0.762092 -1.017059 -1.053996 -1.399361 -1.024144 -0.951983 -0.948837
-0.928744 -1.210246 -1.098142 -0.871649 -1.146103 -1.220577 -1.045344 -1.352850 -1.343472 -1.185680
-0.993858 -1.130661 -0.980314 -1.125149 -1.256402 -1.101969 -1.036243 -1.188853 -1.692859 0.536787
-0.629195 -0.522249 -1.839957 -1.447871 0.128861 -0.099898 -0.994943 -1.238959 -0.862938 -0.573537
-1.117812 -1.019416 -0.993434 -0.930031 -1.121038 -0.967127 -1.127892 -1.001403 -0.953506 -0.982457
-0.960194 -1.126253 -1.249343 -1.038889 -0.569903 -0.716021 -0.987525 -1.313937 -1.060054 -1.120085
-0.941423 -0.903855 -0.964677 -1.093880 -1.101391 -1.209651 -1.229786 -1.141457 -1.484838 0.474933
-0.760151 -0.535805 -1.403060 -1.204503 -1.048330 -1.023947 -0.928496 -0.922606 -1.176312 -0.645026
-0.841420 -1.069997 -0.537226 -1.036417 -0.987383 -0.925084 -1.042579 -0.820872 -0.984880 -0.931946
-0.848127 -1.124200 -1.321519 -1.301024 -0.989402 -0.222048 -0.748336 -1.226452 -1.140819 -0.774614
-0.914692 -1.133872 -1.116891 -1.107685 -1.121332 -1.291543 -1.201203 -1.312305 -1.432021 0.350433
-0.690958 -0.568620 -0.981673 -1.049147 -1.201198 -1.259917 -0.896856 -0.795509 -1.358067 -1.405119
-0.809743 -1.288393 -0.730719 -0.895275 -0.916049 -1.120061 -1.102258 -0.848831 -1.129193 -1.008745
-0.664100 -0.818765 -0.879612 -1.250508 -1.455451 -0.899957 -0.906860 -0.922069 -1.333797 -1.157808
-0.980258 -1.091677 -1.107931 -0.980790 -1.150363 -1.190123 -0.928248 -1.223565 -1.653039 0.269628
-0.764332 -0.782869 -0.784691 -0.683510 -0.673732 -1.010899 -0.921517 -0.918319 -1.193352 -1.473781
-1.016820 -0.935624 -1.110698 -1.130312 -0.971699 -1.232079 -1.023879 -0.959100 -0.832438 -1.111432
-0.976254 -0.613525 -0.408410 -1.077102 -1.159718 -1.122397 -1.244440 -1.019453 -1.007437 -1.362417
-1.090556 -0.991988 -1.176987 -0.987553 -0.958935 -1.037479 -1.032322 -1.072319 -1.469079 0.418406
-0.656079 -1.000229 -0.988923 -0.825828 -1.012735 -1.029289 -0.971221 -0.878705 -0.894878 -0.858323
-0.952142 -0.844682 -1.223832 -1.413995 -1.324343 -1.423720 -1.143818 -0.925377 -0.815867 -1.139616
-1.257713 -1.338642 -0.488884 -0.607332 -1.170198 -1.115854 -0.945768 -0.807763 -0.982096 -1.260341
-1.124760 -1.002952 -1.155849 -0.985168 -0.988972 -1.165504 -1.025329 -1.060150 -1.476363 0.373860
-0.639380 -0.942020 -1.290337 -1.029829 -1.213544 -1.196513 -1.149387 -1.031310 -1.057804 -1.084589
-0.643978 -0.988200 -1.129821 -1.374535 -1.583548 -1.803958 -1.650553 -1.129223 -1.026185 -0.990282
-1.314450 -1.347083 -1.278646 -0.906098 -0.916816 -1.122942 -1.289473 -0.798163 -0.999182 -1.369444
-1.231469 -1.023165 -1.252521 -1.050112 -0.984983 -1.234298 -1.054420 -1.166311 -1.388276 0.237523
-0.944901 -0.888002 -1.250015 -1.095118 -1.193394 -1.189833 -1.245099 -0.786839 -1.094773 -1.532713
-0.946143 -0.706803 -1.098055 -1.410584 -1.690007 -1.651654 -1.791100 -1.693481 -1.050235 -0.678461
-1.203070 -1.538190 -1.226535 -1.121345 -0.904617 -1.115988 -1.337702 -1.029694 -0.866940 -1.097654
-1.074709 -1.010566 -1.422749 -1.171645 -0.996282 -1.045555 -1.000388 -1.427438 -1.316040 0.267765
-0.788523 -0.844632 -1.079897 -1.074235 -1.207453 -1.164923 -1.313699 -0.903191 -0.809251 -1.342865
-1.110621 -1.019667 -1.549918 -1.082046 -1.299606 -0.609240 -0.606662 -0.005207 -1.746420 -1.121421
-0.812536 -1.193128 -1.164114 -1.089140 -0.796451 -1.166929 -1.267717 -1.131924 -0.834277 -0.760453
-1.116231 -0.964438 -1.317472 -1.300664 -1.078672 -1.005849 -1.088815 -1.539814 -1.255369 0.489760
-0.646069 -0.780627 -1.289847 -0.885670 -1.238645 -1.162420 -1.117118 -1.237787 -0.868025 -0.936076
-0.949804 -1.164279 -1.668976 -0.508564 1.003733 0.754209 -0.673132 0.810138 -1.223081 -1.122537
-0.848563 -0.970865 -1.110466 -1.394920 -0.919071 -0.687137 -1.055286 -1.225905 -1.232773 -0.986949
-0.945543 -0.754074 -1.067327 -1.257463 -1.195243 -1.131090 -1.202840 -1.521518 -1.155517 0.655530
-0.596241 -0.763594 -1.577955 -1.142063 -1.054322 -1.204842 -0.683536 -0.525526 -0.760414 -1.005766
-0.760827 -0.974034 -1.695547 -2.782357 0.390593 4.251544 -0.993980 -1.137169 -1.118518 -1.215984
-1.125013 -1.045376 -1.174264 -1.044054 -1.106893 -0.773974 -0.880227 -1.207481 -1.116725 -1.132238
-1.182473 -0.910917 -0.706621 -1.082957 -1.263807 -1.294674 -1.146342 -1.464927 -1.239823 0.569466
-1.003754 -0.769048 -1.280914 -1.117648 -1.010376 -1.357141 -1.229610 -0.639970 -0.690769 -1.668300
-1.219944 -0.811356 -1.418631 -2.029580 -1.825282 1.055141 -0.727610 -0.588028 -0.817355 -1.316374
-1.366772 -1.085220 -1.009903 -0.986799 -1.009728 -1.098063 -0.983904 -1.178489 -0.935030 -0.898825
-1.301256 -1.381561 -0.833336 -1.085550 -1.070339 -1.044649 -1.113887 -1.507593 -1.211463 0.333610
-0.639807 -0.612734 -1.169553 -1.220844 -0.992446 -1.444382 -1.329760 -1.200230 -1.050580 -1.359527
-1.290775 -0.984611 -1.091670 -1.434745 -1.312162 -1.365424 -1.300040 -0.705338 -0.562024 -0.999528
-1.149773 -1.336003 -1.058667 -1.103848 -1.057662 -1.154569 -0.983380 -0.904491 -0.931299 -0.656706
-1.269080 -1.471844 -1.164203 -0.863568 -0.997599 -0.921951 -1.021144 -1.408126 -1.310056 0.686560
-0.616862 -0.658817 -1.193182 -1.338235 -1.018066 -1.064818 -1.172480 -1.129741 -1.103051 -1.081644
-1.151578 -0.959893 -1.093725 -1.341381 -1.127461 -1.217490 -1.487035 -1.441111 -0.670532 -0.640412
-1.072124 -1.114740 -0.943182 -1.070289 -0.962142 -0.954584 -0.947787 -1.108771 -1.030441 -0.791120
-0.958372 -1.324763 -1.327272 -1.090179 -1.078463 -0.926064 -1.056527 -1.158313 -1.416649 0.549164
-0.815541 -0.776291 -1.136345 -1.206761 -1.174445 -1.229479 -1.598664 -1.361516 -1.002312 -1.123692
-1.111770 -1.000263 -1.279756 -1.192055 -1.062345 -1.067612 -1.175505 -1.175674 -1.061257 -0.932045
-1.219171 -1.157292 -0.986432 -1.104245 -0.978781 -1.082562 -0.833296 -0.954384 -1.112785 -0.906763
-0.926112 -1.150790 -1.307617 -1.344268 -1.284927 -1.137055 -1.172879 -1.301676 -1.717057 0.235845
-0.886372 -1.055862 -1.869346 -1.778997 -1.472487 -1.213444 -1.814592 -1.932717 -1.795860 -1.485267
-1.240723 -1.216215 -1.216381 -1.104982 -1.080812 -1.030728 -1.223335 -0.817495 -0.827577 -0.989684
-1.319705 -1.452428 -1.290176 -1.048021 -0.991446 -1.293811 -1.171275 -1.008785 -1.078030 -1.033440
-1.006098 -1.276506 -1.132015 -1.083527 -1.372071 -1.286308 -1.334926 -1.344340 -1.912375 0.172869
-0.895894 -0.812416 -1.774834 -2.623139 -2.041343 -1.293586 -1.174500 -1.112325 -1.237569 -1.457665
-1.646582 -1.374148 -1.131601 -1.217791 -1.163232 -0.908134 -1.231325 -0.911106 -0.984794 -1.051327
-0.981369 -1.260815 -1.463867 -1.367915 -1.139582 -1.071500 -1.240123 -1.275544 -1.119137 -1.106188
-0.868669 -1.226856 -1.244109 -1.090676 -1.305397 -1.196633 -1.221072 -1.244977 -1.736709 -0.035191
-1.244774 -1.109442 -1.200314 -2.089653 -2.224262 -2.133403 -1.914029 -0.820219 -0.395707 -0.358794
-1.564080 -1.617623 -1.150313 -1.113728 -1.219938 -1.119732 -0.961114 -0.848736 -0.894123 -1.366439
-1.210872 -0.947866 -1.228453 -1.408177 -1.249383 -1.128421 -1.160317 -1.283665 -1.314476 -1.143672
-1.028128 -1.152633 -1.270548 -1.050271 -1.086446 -1.101341 -1.248505 -1.522343 -1.457648 0.104010
-0.778912 -0.554869 -0.029839 -0.963008 -2.803909 -2.765862 -0.622339 -0.244299 -0.437968 0.485495
-0.995407 -1.883826 -1.541007 -1.301567 -1.062633 -1.209229 -1.083146 -0.845777 -0.978445 -1.175590
-1.347165 -1.229739 -1.146524 -1.439113 -1.504537 -1.431664 -1.234352 -1.253764 -1.337130 -1.376804
-1.463454 -1.273537 -1.062132 -1.242570 -1.316127 -1.239975 -1.342162 -1.651705 -1.943448 0.335754
-0.277152 -0.651414 -0.833823 -2.550053 -1.108423 -0.257131 -2.575844 -1.548635 -1.922263 -1.062376
-0.758577 -1.084334 -1.807922 -1.464943 -1.006505 -1.207284 -1.529330 -1.378137 -0.967852 -1.050525
-1.342684 -1.475048 -1.225666 -1.437788 -1.499361 -1.467339 -1.238498 -1.270717 -1.342969 -1.260670
-1.289583 -1.239971 -1.159435 -1.408516 -1.367352 -1.169588 -1.067833 -1.425227 -2.051943 0.234760
0.459282 -1.064340 -1.588559 -1.250446 0.294675 1.384061 -1.304789 -1.568310 0.100329 -1.178281
-0.691226 0.505392 -1.588590 -1.449628 -1.215320 -1.246727 -1.361313 -1.442204 -1.471495 -1.290037
-1.276889 -1.441027 -1.439584 -1.341820 -1.267135 -1.322122 -1.430310 -1.226149 -1.424986 -1.321584
-1.424961 -1.484702 -1.474812 -1.588590 -1.638968 -1.501590 -1.618183 -0.665362 -0.574892 -0.873259
-0.316225 -2.016798 0.097241 0.370895 -1.147546 -0.139231 -0.130123 -1.739648 0.100023 0.302696
-0.953233 1.138808 -0.853536 -1.490212 -1.320151 -1.216663 -1.424468 -1.418323 -1.687118 -1.685691
-1.476761 -1.034688 -1.091161 -1.444345 -1.519783 -1.309445 -1.508725 -1.492949 -1.325017 -1.140970
-1.428154 -1.815227 -1.643615 -1.808013 -2.337334 -2.192523 -1.501288 -0.686259 -1.495148 -0.203587
-0.522266 -2.028122 -1.758322 1.412238 0.363074 -0.838297 -0.485199 -0.222305 -0.798150 -0.147123
-1.097339 0.551503 -0.599697 -1.572945 -1.396404 -1.122280 -1.331384 -1.429620 -1.657735 -1.748243
-2.040761 -1.701654 -1.145785 -1.204772 -1.311025 -1.473297 -1.384561 -1.650482 -1.315604 -0.934827
-1.486557 -2.623736 -1.675019 -1.524860 -1.094241 -1.100604 -2.077577 -2.355871 -0.554725 0.367776
-0.789371 -1.570201 -2.148583 0.767622 0.512777 0.365778 -0.284698 0.037587 -1.490920 -2.646315
-1.835178 -0.825695 -0.460656 -1.281697 -1.176401 -1.286695 -1.526098 -2.252416 -2.216554 -1.213573
-1.872527 -2.657759 -2.196000 -1.864155 -1.733192 -1.771175 -1.462185 -1.590914 -1.833670 -1.792904
-1.192160 -0.107384 -0.536821 -2.042111 -0.571192 -1.962542 -1.543765 0.673379 1.607263 0.729070
-0.326717 -0.815485 -2.906178 -1.391163 0.975122 2.257955 -0.818188 -0.733555 -1.397021 -2.138376
-1.844178 -0.780583 -0.693548 -1.528884 -1.486679 -1.943333 -1.941585 -0.641804 -1.401257 -0.479407
-0.403703 -2.385216 -2.484605 -1.696733 -1.035174 -1.282827 -1.775985 -2.033625 -2.182215 -1.175384
0.693695 -1.020321 -3.353938 -0.736869 -0.796165 -2.356843 -2.486538 1.331805 1.687974 0.599944
-0.714787 -1.047504 -0.649567 -2.073370 -0.928680 1.757985 -0.323427 -0.834370 -0.510199 -1.705228
-2.617022 -1.826492 -0.874476 -1.608809 -1.888652 -2.235584 -0.378911 0.355889 -1.916069 -0.668794
-1.228397 -1.255777 -0.230961 -0.780806 -1.276844 -0.356224 -1.435369 -1.925816 -0.726403 -1.380179
-0.540203 -1.229088 -1.026809 1.533086 -0.382244 -0.473172 -1.548313 -2.644650 -1.548128 2.477877
-0.285958 -1.026862 0.275200 -1.532184 -2.209770 1.235494 1.504614 -0.126168 -0.364169 1.791348
0.007505 -1.629016 -0.882375 -1.347088 -1.338488 -2.130310 -1.148374 -1.476316 -2.161677 -1.596355
-0.722314 0.571839 -1.225348 -1.712424 -1.384019 -0.032156 0.333243 -1.135190 -1.575161 -0.068259
-0.420156 -1.273900 0.361614 0.454517 0.542074 0.356336 -1.073624 -1.213825 -2.612021 0.605917
-0.851922 -0.987608 -1.055629 -0.221253 -2.253200 -1.909886 0.130612 0.484005 0.972083 0.860196
3.552591 -0.347820 -1.017577 -2.032844 -0.819199 -2.149915 -1.348868 -0.341347 -1.469077 -2.099422
-1.819321 -0.073363 -1.438268 -0.455048 0.598952 -0.663687 0.494205 -1.640666 0.199791 1.735465
-0.947273 -0.626539 -0.173835 -0.625756 -0.856144 0.873783 -1.518584 -1.187693 -1.847433 -0.965541
-0.576556 -1.135463 -0.591754 -1.415978 -2.277813 -1.359913 0.521035 -1.194574 2.666083 -1.177251
1.291520 0.544432 -0.836132 -1.700678 0.106523 -1.628339 -1.837675 3.189122 1.869970 -1.740786
-1.902412 -1.620306 -0.446380 0.313242 -0.724436 -0.094998 -0.621252 -0.827776 0.190540 1.203068
-1.645387 0.654897 -0.219908 -0.367137 -1.296165 -1.402570 -1.014237 -1.471124 -1.626380 -0.972587
-0.753266 -1.366892 -1.098990 -1.670531 -2.194417 -2.049290 0.317553 1.423282 -0.281158 -0.926085
-1.167556 -0.274802 -0.068692 -2.254493 -0.219593 1.126291 -1.039799 -0.180561 0.261501 -0.088484
0.083241 -1.966253 -0.896591 2.276677 -0.736747 0.470442 -1.242344 -1.572048 -0.509212 -0.082287
-1.961547 -0.631438 0.999576 -1.075625 -1.716889 -1.740068 -0.994393 -1.662338 -1.737677 0.009842
-0.502824 -1.278682 -1.301920 -0.330891 -1.677248 -2.341759 -2.545027 0.601976 0.044446 -2.072843
-1.323445 -0.623728 -1.063026 -2.718806 -1.081059 2.023523 0.368063 -1.967688 -3.544777 0.765246
3.132587 -1.204446 -1.619287 0.658830 4.027521 -0.715299 -0.145080 -0.623144 -1.923373 -2.078113
-2.335359 -1.331049 -1.756352 -1.540323 -0.854538 -0.375495 -0.781108 -1.880532 -2.085054 0.256614
-0.584319 -1.011016 -0.990706 -0.911114 -1.187119 -0.955312 -2.763798 -1.336447 -0.647238 -2.122707
-1.358963 0.548634 -0.713854 -2.421966 -1.438374 0.219864 2.495262 0.097459 -1.909804 -2.838064
1.259091 -0.770174 0.602620 -2.819037 1.516183 -0.913061 -0.287465 -0.874010 -0.504341 -1.202105
-1.219149 -0.092446 -1.471601 -0.626587 -0.574069 -1.138609 -0.845240 -2.456026 -2.058545 0.396155
-0.348340 -1.175364 -0.807915 -0.802325 -0.754151 -1.182316 -1.774189 -2.268846 -1.339279 -2.507720
-1.629304 0.147474 -0.667922 -1.453734 -2.662782 -1.132871 -0.486058 0.319900 -0.644724 -2.444676
-1.132370 -1.438172 0.205739 0.758254 -0.681834 -0.973030 -2.296236 -2.742344 -0.319523 -0.462357
-1.405347 -1.012366 -1.550810 -0.895262 0.699753 -0.855348 -1.168226 -1.029985 -2.211631 0.738012
0.032180 -1.550208 -2.358131 0.812698 0.749114 -1.248916 -2.255700 -1.533483 -0.603011 -0.979341
-1.778904 -0.083952 -0.577830 -1.961056 -2.190108 -2.007032 -2.377624 -2.239173 -1.184304 -1.237498
-2.104351 -2.408264 -2.164961 -0.203784 0.227894 -0.311250 -1.004776 -1.160878 -1.302095 -0.637645
-1.422244 -0.803448 -1.272359 -1.597592 -1.038722 -0.515458 -0.952091 -0.497189 -1.802314 -0.059819
-0.969703 -1.788826 -3.007918 -0.765643 0.265632 -1.430006 -2.724377 -0.648170 0.287131 -1.093966
-2.436751 -1.442347 -1.448571 -2.229780 -2.225359 -1.369829 -1.527141 -2.255266 -2.484295 -1.714788
-1.592603 -1.351476 -2.012744 -0.762031 -1.745144 -1.855616 -1.091169 -1.350560 -2.273140 -1.096666
-1.350145 -2.391173 -1.372462 -0.913610 -1.299057 -1.880817 -1.505420 -2.016854 -1.758692 0.357064
-0.618137 -1.014546 -1.798311 -1.647324 0.961644 0.645509 -1.334699 -1.827275 -0.646552 -1.124847
-1.586914 -1.905759 -1.831433 -1.224089 -1.785643 -1.228471 -1.314773 -0.563303 -1.074220 -1.121067
-0.491125 -0.929801 -1.561088 -0.186403 -1.087285 -0.615142 -0.467281 -0.987630 -2.167805 -1.111532
-1.261787 -1.725049 -1.185411 -0.911188 -1.398102 -1.220846 -1.028717 -1.195276 -1.423137 0.509816
-1.026170 -0.131607 0.103768 -0.389073 -0.211795 0.129048 0.084579 -0.119536 -0.035959 0.028828
-0.043090 -0.073700 0.212020 0.154408 0.129059 0.379084 0.279697 -0.169037 -0.291369 -0.125692
-0.124205 -0.193091 -0.232675 -0.165523 -0.080167 0.108570 0.063545 -0.449076 -0.179482 0.235933
0.343004 -0.088482 0.120363 -0.251618 -0.156948 -0.147399 -0.003243 -0.106704 -0.618874 0.590791
-1.188984 -0.725509 -0.637566 -0.884191 -0.849624 -0.081266 -0.235856 -0.626320 -0.806694 -0.559164
-0.603104 -0.737907 -0.714401 -0.529291 -0.098878 -0.439040 -0.191032 -0.281446 -0.644986 -0.540835
-0.519357 -0.888536 -0.666440 -0.443455 -0.485439 -0.790902 -0.705358 -0.738333 -0.737254 -0.784623
-0.224269 -0.345008 -0.317675 -0.763088 -0.589315 -0.489233 -0.817191 -0.789236 -1.278083 0.078373
-1.129232 -0.546582 -0.417367 -0.284076 -0.670764 -0.064554 -0.033596 -0.680102 -0.537842 -0.332570
-0.085546 -0.123924 -0.448510 -0.491431 0.016753 -0.272353 -0.161991 -0.010876 -0.214205 -0.508088
-0.516064 -0.337639 -0.351881 -0.374060 -0.190461 -0.447065 -0.469174 -0.420842 -0.479433 -0.707741
-0.372407 -0.354143 -0.509447 -0.397885 -0.055803 0.003654 -0.530922 -0.406021 -0.854925 -0.113877
-1.250858 -0.785190 -0.662866 0.813887 -0.315276 -0.837477 -0.175143 -0.275638 -0.543447 -0.554706
-0.389683 -0.169388 -0.035180 -0.467292 -0.643608 -0.491354 -0.394849 -0.128992 -0.382054 -0.453119
-0.336323 -0.400248 -0.465621 -0.518012 -0.695392 -0.808021 -0.672804 -0.610282 -0.602228 -0.465912
-0.503948 -0.466097 -0.735276 -0.517406 -0.374425 -0.387285 -0.574939 -0.569663 -0.940094 -0.059374
-1.313922 -0.697949 -0.789194 0.659543 -0.096852 -0.158879 -0.163973 -0.180129 -0.296310 -0.634957
-0.737947 -0.462443 -0.178424 -0.388296 -0.855572 -0.736436 -0.599715 -0.804264 -0.508714 -0.208305
-0.587321 -0.782451 -0.591330 -0.441967 -0.415389 -0.860978 -0.688460 -0.549025 -0.758767 -0.633043
-0.399708 -0.656394 -0.700691 -0.761696 -0.801657 -0.607513 -0.766368 -0.530789 -1.083936 -0.260919
-1.280995 -0.670901 -0.954517 -0.542071 -0.310789 0.225539 -0.363732 -0.547459 -0.170442 -0.523552
-0.617718 0.035743 -0.702516 -0.401360 -1.111917 -0.743532 -0.652684 -0.692023 -0.341091 -0.210029
-0.620105 -0.861225 -0.727010 -0.569516 0.188243 -0.267068 -0.934496 -0.593090 -0.477543 -0.739421
-0.245724 -0.430949 -0.751995 -0.890975 -0.760806 -0.725260 -0.972459 -0.458478 -0.923559 -0.288223
-1.321980 -0.732891 -0.673592 -0.749613 -0.786513 -0.470845 -0.633207 -0.858042 -0.524541 -0.486350
-0.368867 0.207273 -0.672473 -0.643088 -0.794427 -0.708891 -0.546778 -0.656365 -0.651074 -0.186227
-0.658623 -1.200747 -1.118385 -0.474729 -0.143772 -0.258107 -0.787091 -0.830042 -0.600238 -0.447370
-0.512430 -0.507843 -0.534938 -0.731277 -0.744930 -0.834137 -0.798195 -0.541484 -0.860549 -0.291854
-0.926397 -0.109416 0.036541 -0.830096 -1.116353 -0.796165 -0.550195 -0.821121 -0.962745 -0.795056
-0.075554 -0.609073 -1.033530 -0.950226 -0.720050 -0.480218 -0.317656 -0.469773 -0.715781 -0.651897
-0.642941 -0.741858 -0.837026 -0.398237 -0.602897 -0.455886 -0.682902 -0.841382 -0.811674 -0.522327
-0.834944 -0.720068 -0.482792 -0.685038 -0.734948 -0.456823 -0.415576 -0.490006 -1.142919 -0.430790
-0.547314 0.080163 0.034905 -0.687361 -0.691198 -0.463042 -0.456999 -0.585358 -0.717889 -0.746763
-0.449850 -0.647024 -0.859076 -1.088661 -0.738066 -0.500810 -0.413198 -0.626889 -0.799390 -0.764349
-0.734127 -0.605335 -0.052171 -0.663561 -0.790422 -0.709813 -0.482251 -0.859487 -0.749677 -0.704525
-0.867941 -0.623799 -0.430080 -0.908600 -0.831405 -0.197594 -0.451938 -0.600151 -1.027278 -0.286061
-0.549007 0.075348 -0.155176 -0.707298 -0.575531 -0.421606 -0.571049 -0.687528 -0.426732 0.028857
-0.537599 -0.597209 -0.700797 -1.160359 -0.867227 -0.636212 -0.553670 -0.516948 -0.834464 -1.058916
-0.738413 -0.681199 -0.055902 -0.412809 -0.898476 -0.666509 -0.356428 -0.567458 -0.671110 -0.639878
-0.820782 -0.624072 -0.467116 -0.894588 -0.667186 -0.290590 -0.602238 -0.687314 -0.908759 -0.231822
-0.612261 -0.249485 -0.710946 -0.645795 -0.625884 -0.366657 -0.343677 -0.774599 -0.459228 -0.206102
-0.393722 -0.735785 -0.682257 -0.937644 -0.906721 -0.781806 -0.751126 -0.016771 -0.461535 -1.279438
-0.959664 -0.640436 -0.687805 -1.044194 -1.016487 -0.665421 -0.535556 -0.447989 -0.853369 -0.622943
-0.800195 -0.643427 -0.558882 -0.838199 -0.709184 -0.686551 -0.801595 -0.652623 -0.927050 -0.242961
-0.675119 -0.195822 -0.818954 -0.680094 -0.707042 -0.496444 -0.260214 -0.495893 -0.661588 -0.622746
-0.487741 -0.784856 -0.828789 -1.041277 -1.228283 -1.501959 -1.540468 -0.677667 -0.104970 -0.896331
-0.935076 -0.826247 -0.918800 -0.767566 -0.778744 -0.713980 -0.457594 -0.397236 -0.737103 -0.384834
-0.634542 -0.871372 -0.797670 -0.748417 -0.559148 -0.746047 -0.761386 -0.665491 -0.564745 -0.221456
-0.869143 -0.195228 -0.205091 -0.756802 -0.989226 -0.586501 -0.433498 -0.581685 -0.648415 -0.586930
-0.820979 -0.833472 -1.270035 -1.944293 -0.678277 -1.381686 -3.274462 -1.159415 -0.545028 -0.914279
-0.884140 -0.664719 -0.678270 -0.578321 -0.321604 -0.876450 -0.424331 -0.604335 -0.460533 -0.116472
-0.491145 -0.966859 -0.946538 -0.739138 -0.405104 -0.917526 -0.695379 -0.801489 -0.520970 -0.102669
-0.924862 -0.352753 -0.213506 -0.604187 -1.050184 -0.393393 -0.069705 -1.131073 -0.644389 -0.236385
-0.817288 -1.005589 -1.408358 -1.689282 1.440829 2.554071 -5.632975 -1.992387 -0.717561 -0.760212
-0.441010 -0.523887 -0.516895 -0.456972 -0.194923 -0.475450 -0.764799 -0.668925 -0.630817 -0.339652
-0.407304 -0.653619 -0.875812 -0.584978 -0.614879 -1.081986 -0.644783 -0.853267 -0.295568 -0.086590
-0.674853 -0.206948 -0.451883 -0.581944 -0.911133 -0.391509 -0.132345 -0.868595 -0.856911 -0.456288
-0.544170 -1.167095 -1.177781 -1.440043 -0.084726 1.971016 -4.183808 -3.036451 -1.240762 -0.745364
-0.335946 -0.696306 -0.825465 -0.637645 -0.370670 -0.663445 -0.819791 -0.515538 -0.797390 -0.885433
-0.726647 -0.591685 -0.674213 -0.665544 -0.796405 -1.285862 -0.877910 -0.716518 -0.068964 -0.191110
-0.906348 -0.598210 -0.568235 -0.596555 -0.914315 -0.486513 -0.328620 -0.646977 -0.698069 -0.816230
-0.724833 -1.221322 -1.235868 -1.510867 -1.434995 -1.046965 -3.203997 -1.194534 -0.717035 -0.790799
-0.576833 -0.567919 -0.758263 -0.479745 -0.673803 -0.874094 -0.708113 -0.315137 -0.368213 -1.256286
-0.834292 -0.538591 -0.443644 -0.890068 -0.595257 -0.813016 -0.564450 -0.615353 -0.123271 -0.381765
-0.841688 -0.308521 -0.409168 -0.229519 -0.787138 -0.709418 -0.340367 -0.640019 -0.672535 -0.735548
-0.779181 -1.029867 -0.959219 -1.236480 -1.215220 -0.693277 -1.087907 -0.316243 -0.542488 -0.791955
-0.545185 -0.618989 -0.721537 -0.788605 -0.605311 -0.718075 -0.492617 0.038616 0.191988 -1.142498
-0.878800 -0.798475 -0.674545 -0.619975 -0.569165 -0.650684 -0.557802 -0.702531 -0.661799 -0.232142
-0.706475 -0.526100 -0.289736 -0.170706 -0.666912 -0.748660 -0.306361 -0.525930 -0.976541 -0.815413
-0.803065 -0.830570 -0.776784 -0.812755 -1.229112 -1.179644 -1.044859 -0.483738 -0.059776 -0.717386
-0.669376 -0.722342 -0.630309 -0.781651 -0.721045 -0.513916 -0.473487 -0.385377 -0.541440 -0.935478
-1.053162 -0.909435 -0.997822 -0.711563 -0.676828 -0.494989 -0.628600 -0.695798 -0.890846 -0.276049
-0.803216 -0.370144 -0.164695 0.221271 -0.416394 -0.992518 -0.620945 -0.543888 -0.576768 -0.620660
-0.633287 -0.667870 -0.743163 -0.339965 -0.787354 -1.045425 -0.782172 -0.661556 -0.515868 -0.923344
-0.792367 -0.836802 -0.696163 -0.745955 -0.697714 -0.629006 -0.392178 -0.679865 -0.488528 -0.971736
-1.278954 -0.775586 -0.882860 -0.945717 -0.740219 -0.594431 -0.681791 -0.613591 -1.264756 -0.470663
-0.493345 -0.053139 -0.469436 -0.293449 -0.455996 -1.005705 -0.927067 -1.011936 -0.698765 -0.577867
-0.872188 -0.846711 -0.736501 -0.359000 -0.686050 -0.847920 -0.536666 -0.279900 -0.603491 -0.479025
-1.172642 -1.088931 -0.818860 -0.845747 -0.681401 -0.761443 -0.749996 -0.460977 -0.436191 -0.687845
-1.145057 -0.827333 -0.605375 -0.644323 -0.602237 -0.429384 -0.660089 -0.714483 -1.261403 -0.430511
-0.199285 -0.089669 -0.779138 -1.210763 -1.214908 -1.545504 -1.744913 -2.301691 -0.793533 -0.312854
-0.585295 -0.703561 -0.680733 -0.588007 -0.849305 -0.660846 -0.644891 -0.428068 -0.402602 -0.426006
-0.818184 -0.954876 -0.766614 -0.755669 -0.740470 -0.810137 -0.920759 -0.711461 -0.533564 -0.827207
-0.660037 -0.435381 -0.555188 -0.453819 -0.587432 -0.366855 -0.852256 -0.485588 -0.949169 -0.331120
-0.287073 -2.240099 -1.708521 -2.739083 -1.935555 -0.790017 -0.687377 -1.123438 -1.769142 -0.472116
-0.240888 -0.703522 -0.586733 -0.808555 -1.076951 -0.840537 -0.247285 -0.468346 -0.827841 -0.562845
-0.709901 -0.940286 -0.727705 -0.845987 -0.732441 -0.575305 -0.937852 -1.033372 -0.893057 -0.731894
-0.335396 -0.293396 -0.786812 -0.456806 -0.593216 -0.489067 -0.547691 -0.495949 -0.723737 -0.172634
1.654398 -2.225895 -2.512286 -2.252667 -0.012832 -1.451240 -1.052878 0.569315 -2.403108 -1.609178
-0.285396 -0.700702 -0.646002 -0.989095 -0.962981 -0.684265 -0.366691 -0.445359 -0.764283 -0.728344
-0.657904 -0.772988 -0.649661 -0.800490 -0.727623 -0.571027 -0.888839 -0.841753 -0.652832 -0.829787
-0.756397 -0.457210 -0.650980 -0.691404 -0.717474 -0.396065 -0.497761 -0.565967 -0.674598 -0.078645
1.994461 -1.776223 -1.335781 -0.710934 0.067984 -1.374933 0.068326 0.397595 -0.946266 -1.886701
-2.148726 -1.105816 -0.676244 -0.815379 -0.845567 -0.536742 -0.824847 -0.701110 -0.663016 -0.768174
-0.587911 -0.494425 -0.726168 -0.920660 -0.848045 -0.748011 -0.736963 -0.918446 -0.795884 -0.754771
-0.528311 -0.573117 -0.835206 -0.953403 -0.670651 -0.090381 -0.556741 -0.931181 -1.365405 -0.265342
1.744176 -0.350551 -1.141285 -1.497447 -0.185540 -1.418010 0.110531 -0.405790 -0.563447 0.305900
-3.280041 -1.164561 -0.621675 -0.543251 -0.599496 -0.746660 -1.056136 -0.960105 -0.903651 -0.543080
-0.335784 -0.494181 -0.772549 -0.764773 -0.415309 -0.695236 -0.932221 -0.660100 -0.473430 -0.783115
-0.705549 -0.828316 -0.887045 -0.868111 -0.817438 -0.880800 -1.550753 -2.103975 0.258661 0.013721
0.478649 -1.232324 -1.172843 0.282513 -0.707587 -1.478142 0.249922 -0.887004 -1.338829 0.867643
-3.461959 -1.184838 -0.629729 -0.352515 -0.488315 -0.839328 -0.883294 -0.945142 -0.866773 -0.984210
-0.820399 -0.847821 -0.641072 -0.707208 -0.688139 -0.735274 -0.973918 -0.735387 -0.750257 -0.972190
-0.853057 -1.014700 -0.977555 -0.973117 -1.881552 -1.781761 -2.836775 -2.123558 0.563548 -1.042592
0.175021 -0.916200 -1.486276 -0.925540 0.178178 -0.703608 -0.273198 -1.299613 -2.224699 -0.307511
-3.239090 -0.875172 -0.334344 -0.477617 -0.598775 -0.503425 -0.484253 -0.538099 -0.758265 -0.434133
-0.471221 -1.060144 -0.634903 -0.242581 -0.431886 -0.405609 -1.126016 -1.091807 -0.643368 -0.332588
-1.109109 -2.489054 -1.512842 -1.472929 -2.418761 -1.337001 -2.051013 -0.731503 -0.733383 -0.084350
0.249446 -1.335088 -1.660801 0.737355 1.589883 0.045311 -0.778862 -1.035433 -2.050852 -0.687415
-2.811495 -1.531969 -0.310344 -0.363997 -0.726638 -0.844021 -0.819712 -0.839139 -1.560930 -1.583696
-0.405183 -1.002301 -1.088423 -0.751731 -0.637813 -0.690066 -0.871780 -1.125896 -0.906854 -1.152916
-2.448560 -3.720326 1.016077 -0.191649 -2.054688 -1.670806 -1.211079 -0.527411 -1.278504 -0.933097
0.268357 -0.849805 -1.474752 -1.117620 -0.723382 0.109118 0.402244 -1.269786 -2.341338 -0.491291
-2.477520 -1.725023 0.094036 -0.113488 -0.616018 -1.219529 -2.708197 -0.408856 -0.340683 -3.404161
-1.311594 -1.342682 -2.124477 -1.372243 -2.235839 -1.204541 -0.684452 -1.544341 -0.938469 -2.008219
-1.960449 -1.888854 -0.733775 0.611594 -0.180412 -2.386831 -2.708920 -0.055514 0.636940 -0.834588
0.200104 -0.738044 -0.375533 -1.608347 -1.380801 0.896073 0.720253 -1.806038 -0.766211 -0.811753
-1.692317 -2.544822 -0.562548 -0.690864 -1.141103 -2.531068 -3.159488 1.188750 -0.475466 -2.369354
-2.148482 -2.558754 -1.423847 1.577876 -0.690120 -2.479988 -1.558470 -2.395494 0.478491 -1.884356
-1.933483 -0.561373 -2.538228 1.918405 0.835892 -0.683313 -2.411651 -1.339760 -1.322252 -0.213202
0.684254 -0.539158 -0.156133 -1.807506 -1.837172 0.272096 1.182419 -0.177978 -0.856079 -0.667899
-1.265719 -2.668579 -1.501067 -0.722375 -1.882060 -2.124319 -1.123004 0.689021 -0.729775 -1.095739
-0.672580 -2.351297 0.396824 0.176998 -1.526558 -2.887204 -1.541173 -1.844738 1.068591 -1.178080
-0.861772 -1.160412 -1.228483 -0.567239 -0.659903 -0.899031 -3.738687 -0.693070 -0.948113 0.469307
-0.162736 -1.156095 -0.304361 -0.964062 -1.393509 -1.634276 0.070993 0.332478 -0.007746 -1.807384
-0.679749 -1.176516 -0.253162 0.895572 -1.940371 -1.949372 -1.362245 -1.615497 -1.659155 -1.184046
0.056935 -0.441523 0.930344 -1.372937 -0.968053 -0.821564 -1.510474 -1.092292 1.114402 -0.143247
0.166282 -0.718563 -0.599551 -1.310789 -1.234634 -0.873029 -1.522204 -0.627116 -0.891558 -0.468580
-0.168381 0.255176 -1.013794 -1.228232 -1.081511 -1.778735 -0.091909 -0.811323 0.621906 -1.421014
-0.979651 -0.163172 1.178907 0.095204 -1.027672 -0.221690 -2.160145 -1.259851 -0.651719 -1.224030
-1.225857 -0.684073 -0.746318 -0.054824 -1.110981 -0.186375 -1.509900 -1.290277 0.962750 -1.590930
-2.002119 -0.311753 1.090325 -1.896331 -0.628870 -0.238587 -1.113235 -1.269476 -0.590999 -0.419499
-0.222604 -0.267053 -0.454515 -1.001598 -1.163392 -2.001404 -0.432870 -1.437053 -0.606920 -1.323156
-0.504751 -0.021937 0.086924 -0.685744 -0.573780 -1.149975 0.270548 -0.514670 -1.840628 -2.555463
-0.431641 -0.632668 -1.367184 0.000631 -0.134532 0.122239 -1.228225 -1.622320 -1.954412 -1.734894
-1.721568 0.575138 -0.474597 -0.999197 -0.847869 -0.239843 -0.743592 -0.749953 -1.131860 -0.241492
-0.610714 -0.765184 -1.072264 -0.845606 -0.704080 -2.093538 -1.748169 -1.331290 -0.441749 -1.141831
-0.202950 0.217119 -0.411182 -0.518033 -0.063242 1.086884 0.482903 -1.142881 -1.574740 -1.885925
1.288154 -1.032909 -2.367710 -1.227783 1.583145 -0.414041 -1.134798 -1.373599 -0.833496 -1.140008
-1.638115 -0.277723 0.008733 -0.915524 -0.618430 -0.114727 -1.320475 -0.707133 -1.387419 -0.753094
-1.136612 -0.428025 -0.998709 -1.091125 -0.161558 -1.083462 -1.538641 -1.070403 -0.281875 -0.662171
-0.248166 0.753399 -0.933160 -1.450700 -0.502526 -0.135934 -0.071178 -0.236867 -1.719905 -2.149826
-0.091542 -0.853434 -1.239430 -1.603970 -1.822043 -1.860892 0.031049 -0.919318 0.259962 -0.622217
-0.606820 -0.857187 -0.060210 0.451872 2.293602 -1.378100 -1.861236 -1.081681 -1.899786 0.403521
-0.819736 -1.181782 0.110565 0.307789 -0.780233 -0.722992 -1.435915 -1.124123 -0.620910 -1.129912
-0.493497 -0.158633 -0.208979 -1.014464 -0.411712 -1.428781 -0.219221 0.990276 -0.914622 -2.678740
-0.464361 -1.040442 -0.757478 -0.537802 -1.115130 -1.468334 0.602557 -1.495062 -0.759816 -0.194714
-0.031512 -1.542295 -1.884662 -0.868807 1.213026 -1.454621 -0.230453 -0.865008 -2.211461 0.236834
0.285148 -1.338755 -0.462578 -0.385952 -0.284932 -1.099884 -1.429693 -1.128922 -1.383158 -2.441047
-0.656329 -1.368229 0.052549 -0.492637 -1.156066 0.157857 -0.762821 -0.874534 -1.455510 -1.458983
-0.516107 -1.309776 -1.696357 -1.042912 -0.832183 0.347051 -0.288538 -0.999847 -0.260167 1.195060
-1.301813 -1.553622 -2.475158 -0.117173 0.925047 -0.470558 -0.337510 -0.857728 -1.367230 -0.640325
-0.472115 -1.720221 -1.183427 -0.693132 -0.259838 -2.052071 -2.709206 -0.871195 -0.658650 -2.171310
-1.661115 -1.850393 -0.337476 -1.293488 -2.433995 -1.051050 -2.667986 -1.107589 -0.534674 -0.996489
-1.401235 -0.603505 -0.672227 -0.034029 0.474841 0.077034 -0.399500 -0.574146 0.252333 0.197756
-1.619228 -1.345919 -1.708528 -0.308750 0.020192 -1.437481 -1.814425 -1.407955 -1.467921 -0.393850
-0.090605 -1.420428 -1.718271 -1.081384 -0.909564 -1.555093 -2.136453 -0.655448 -1.422704 -2.070528
-1.816621 -1.358912 -1.453868 -2.279690 -1.285269 -0.154098 -2.032929 -1.529370 -0.653816 -0.638193
-0.746688 -1.181338 -1.771475 -1.033926 -0.784688 -0.986131 -0.204430 -0.790990 -0.537920 -0.971022
-1.545557 -1.046267 -1.289361 -0.233241 -0.705835 -0.898279 -0.978712 -0.835651 -1.046055 0.436535
-0.002430 -0.089405 0.127650 0.043794 -0.120166 -0.039222 0.195470 -0.137293 0.074773 -0.042934
-0.059245 -0.171486 -0.265000 0.215574 -0.265320 -0.047581 0.128896 0.043843 0.080075 0.083593
0.075937 0.165397 0.044886 0.087374 -0.051749 0.161031 0.231895 0.055060 -0.176308 0.348854
0.204140 0.226576 0.136795 0.082157 0.136475 0.182442 0.067632 -0.053976 0.072490 0.549772
-0.303260 -0.792991 -0.115953 -0.127232 -0.563092 -0.382033 -0.253183 -0.243262 -0.370536 -0.336840
-0.430068 -0.429534 -0.467495 -0.520552 -0.185024 -0.406710 -0.144283 -0.161141 0.043493 -0.114027
-0.198349 -0.203167 -0.342585 -0.354090 -0.417052 -0.316268 -0.182592 -0.323764 -0.547793 -0.102150
0.031433 -0.269280 -0.119074 -0.291829 -0.285708 -0.318032 -0.435882 -0.538046 -0.488307 0.412025
-0.619363 -1.441035 -1.057165 -0.494630 -0.824512 -0.907876 -0.674626 -0.755890 -0.810392 -0.729132
-0.690830 -0.798730 -0.833393 -1.649129 -0.796076 -0.606672 -0.574732 -0.524549 -0.521062 -0.364854
-0.491076 -0.538190 -0.476666 -0.454911 -0.422095 -0.586868 -0.628533 -0.464041 -0.623160 -0.904218
-0.514914 -0.542531 -0.571962 -0.501472 -0.487349 -0.449081 -0.458540 -0.779375 -0.947991 0.080014
-0.599935 -1.533401 -1.384991 -0.578859 -0.802036 -1.030221 -0.875433 -0.762664 -0.893928 -0.953546
-0.942972 -1.124030 -0.883473 -1.251300 -1.180731 -0.910227 -0.832227 -0.564817 -0.605510 -0.377350
-0.680990 -0.709949 -0.592428 -0.603862 -0.674266 -0.799681 -0.825046 -0.579481 -0.713912 -0.934453
-0.876630 -0.676258 -0.755435 -0.773332 -0.674069 -0.591768 -0.790682 -1.006008 -1.216100 -0.012476
-0.503159 -1.259521 -1.039795 -0.627954 -0.631624 -1.055299 -0.814499 -0.637200 -0.593546 -0.858808
-0.847994 -0.897154 -0.997598 -0.701627 -1.086152 -0.988685 -0.871243 -0.657498 -0.709529 -0.543661
-0.616239 -0.640515 -0.674688 -0.609683 -0.474050 -0.654220 -0.862461 -0.724298 -0.731021 -0.687881
-0.690659 -0.609890 -0.641607 -0.775796 -0.770325 -0.695288 -0.695024 -0.942057 -1.147053 0.071131
-0.541746 -1.215196 -1.126148 -0.735056 -0.969880 -1.138563 -0.784185 -0.806710 -0.566681 -0.864483
-0.880374 -0.664571 -1.151329 -0.619110 -0.696778 -0.963224 -0.870450 -0.828518 -0.735558 -0.620887
-0.369158 -0.727551 -0.734222 -0.682278 -0.383077 -0.460599 -0.594797 -0.732384 -0.634186 -0.596091
-0.550053 -0.698428 -0.578622 -0.669787 -0.760557 -0.672379 -0.678995 -0.949026 -1.147109 0.129764
-0.740153 -1.232665 -1.191408 -1.154837 -1.148266 -0.862700 -0.728225 -0.998867 -0.873779 -0.815100
-1.148129 -0.609632 -0.763579 -0.702957 -0.631782 -0.764534 -0.635077 -0.667723 -0.612640 -0.604222
-0.411052 -0.670863 -0.896092 -0.797280 -0.503324 -0.397175 -0.578844 -0.686720 -0.575998 -0.653379
-0.523079 -0.643131 -0.600950 -0.702921 -0.766839 -0.663041 -0.721576 -0.925066 -1.156016 0.039351
-0.768939 -1.097422 -0.893509 -0.887429 -1.129259 -1.135978 -0.820503 -1.119304 -1.203013 -0.722239
-0.828675 -0.843178 -0.625762 -0.809637 -0.648347 -0.741142 -0.714880 -0.713166 -0.743371 -0.600041
-0.551371 -0.532215 -0.840730 -0.758248 -0.946943 -0.635438 -0.660723 -0.580306 -0.771969 -0.732804
-0.717042 -0.692942 -0.514526 -0.586307 -0.697882 -0.633120 -0.693903 -0.854816 -0.996747 0.055664
-0.868965 -1.014726 -0.756936 -0.625537 -0.744736 -0.952426 -0.738947 -0.884764 -1.045748 -0.899159
-1.044268 -1.167431 -0.817954 -0.841713 -0.716094 -0.666295 -0.656084 -0.613636 -0.766273 -0.638887
-0.472194 -0.404456 -0.569460 -0.529031 -0.827408 -0.811965 -0.579760 -0.577947 -0.829410 -0.704586
-0.784908 -0.797666 -0.559772 -0.604021 -0.812456 -0.646778 -0.555740 -0.771422 -1.058321 0.157624
-0.823272 -1.159593 -0.742214 -1.050561 -0.833547 -0.766392 -0.746838 -0.794373 -0.881814 -0.467527
-0.860683 -0.856724 -0.527560 -0.517609 -0.801852 -0.895082 -0.651938 -0.694539 -0.677188 -0.775050
-0.686137 -0.620278 -0.489485 -0.410953 -0.621174 -0.840928 -0.482947 -0.530254 -0.621096 -0.659733
-0.665120 -0.857796 -0.662881 -0.557133 -0.779459 -0.690735 -0.594292 -0.748798 -1.044887 0.148951
-0.823838 -1.335212 -0.849740 -0.999614 -0.945793 -0.844711 -0.800562 -0.978456 -1.111718 -0.632389
-0.491389 -0.752478 -0.635614 -0.421517 -0.538973 -1.012056 -0.971553 -0.479991 -0.317190 -0.585220
-0.935693 -0.929661 -0.660164 -0.645220 -0.743637 -0.781194 -0.696828 -0.702644 -0.804215 -0.663869
-0.655934 -0.837003 -0.676679 -0.654970 -0.725097 -0.796037 -0.840723 -0.778738 -1.056760 0.056836
-0.842116 -1.233944 -0.960063 -0.979747 -1.082229 -0.920141 -0.671501 -0.760391 -0.945942 -0.936694
-0.629632 -0.805105 -0.979398 -0.709916 -0.071400 -0.314761 -0.799453 -0.648516 -0.382354 -0.179537
-0.680971 -0.832889 -0.925618 -0.683096 -0.627876 -0.731046 -0.900129 -0.705364 -0.641381 -0.706760
-0.556975 -0.717198 -0.810424 -0.706848 -0.799482 -0.767965 -1.025291 -0.794880 -1.064953 0.073956
-0.540036 -1.114352 -0.729499 -0.826106 -1.066617 -0.967351 -0.745349 -0.663809 -0.780627 -0.960815
-0.702968 -0.730224 -1.132796 -1.205226 -1.149236 0.281002 -1.109074 -0.938839 -0.846120 -0.485460
-0.506712 -0.650950 -0.778199 -0.626470 -0.482877 -0.631687 -0.673879 -0.517601 -0.705651 -0.704190
-0.399727 -0.516371 -0.880845 -0.814225 -0.694628 -0.667245 -1.056912 -0.952397 -1.075137 0.044806
-0.546722 -1.111767 -0.744969 -0.713518 -0.991826 -0.901392 -0.790409 -0.826038 -0.899928 -0.625684
-0.752302 -0.864725 -1.059917 -1.672598 -3.206828 1.216089 1.391289 -0.239198 -0.654457 -0.456623
-0.369747 -0.628453 -0.640121 -0.427803 -0.257433 -0.915980 -0.895525 -0.542483 -0.618610 -0.775290
-0.597714 -0.404682 -0.668695 -0.688481 -0.634238 -0.761922 -1.170377 -1.170932 -1.274831 0.136443
-0.437052 -1.137983 -0.694876 -0.787504 -1.060618 -0.691857 -0.754779 -0.547718 -0.615168 -0.515280
-0.468269 -0.832601 -0.932092 -1.256950 -2.772734 -3.114630 0.280121 0.160184 -0.525241 -0.800327
-0.613417 -0.550255 -0.617730 -0.771168 -0.514903 -0.663509 -0.793293 -0.548582 -0.715931 -0.917220
-0.757085 -0.374657 -0.621261 -0.708208 -0.658426 -0.848738 -1.238018 -1.194918 -1.512241 0.030819
-0.599227 -1.081955 -0.904229 -0.623751 -0.911364 -0.635284 -0.622240 -0.952441 -0.900883 -0.692569
-0.605990 -0.698231 -1.193422 -0.942863 -0.545846 -1.945572 -2.695420 -1.014658 -0.369628 -0.689545
-0.624165 -0.566404 -0.655236 -0.547518 -0.691606 -0.599703 -0.822465 -0.543445 -0.457060 -0.760621
-0.999285 -0.649388 -0.469447 -0.566944 -0.644300 -0.728314 -0.935466 -1.222457 -1.518479 0.107260
-0.497735 -1.036481 -0.988215 -0.508302 -0.833158 -0.923515 -0.760321 -0.734557 -0.702077 -0.769212
-0.572816 -0.664825 -1.168145 -1.248695 -0.532993 -0.481419 -0.956410 -0.302309 -0.248800 -0.620417
-0.728296 -0.604317 -0.623356 -0.714600 -0.670531 -0.689009 -0.833583 -0.670742 -0.342372 -0.200882
-0.832320 -0.739556 -0.563472 -0.656993 -0.565857 -0.529360 -0.708357 -1.106858 -1.125441 0.047710
-0.540636 -0.842593 -0.861989 -0.660658 -0.761649 -1.053241 -0.809874 -0.708461 -0.549864 -0.520150
-0.498681 -0.638798 -0.851296 -0.910456 -0.875124 -0.807445 -0.889489 -0.441902 -0.368006 -0.684425
-0.734809 -0.537367 -0.526073 -0.542620 -0.670345 -0.676460 -0.636335 -0.821655 -0.498731 -0.299045
-0.586098 -0.721106 -0.717616 -0.669844 -0.775880 -0.637145 -0.637114 -1.032174 -1.020356 0.168050
-0.619913 -1.060602 -0.959104 -0.805011 -0.399817 -0.596887 -0.773406 -0.851242 -0.702474 -0.475457
-0.495086 -0.510520 -0.561150 -0.624605 -0.740270 -0.739055 -0.567783 -0.928364 -0.746645 -0.443101
-0.653066 -0.646988 -0.639364 -0.598927 -0.644583 -0.674055 -0.649540 -0.854819 -0.687166 -0.388131
-0.513277 -0.655831 -0.651654 -0.786485 -0.723404 -0.810494 -0.756851 -1.068145 -1.122067 0.074765
-0.507669 -1.028485 -1.123245 -0.997912 -0.575983 -0.461356 -0.512305 -0.528869 -0.794589 -0.747735
-0.677056 -0.542542 -0.558532 -0.522980 -0.499198 -0.765944 -0.583767 -0.681421 -0.597718 -0.296128
-0.548684 -0.836091 -0.792505 -0.671773 -0.596352 -0.749694 -0.645407 -0.829064 -0.773269 -0.430010
-0.549605 -0.592083 -0.542595 -0.783812 -0.649158 -0.704826 -0.769321 -0.927810 -1.253783 0.049327
-0.449769 -0.668335 -1.072736 -0.883694 -0.717007 -0.316946 0.150663 0.268121 -0.604521 -1.030148
-0.605749 -0.498340 -0.673746 -0.601369 -0.550881 -0.714119 -0.495705 -0.565856 -0.869069 -0.420437
-0.391823 -0.635761 -0.778332 -0.722514 -0.719831 -0.834425 -0.640835 -0.633247 -0.567592 -0.471482
-0.577753 -0.638426 -0.455062 -0.730637 -0.763645 -0.534968 -0.597450 -0.682601 -1.060087 0.030624
-0.275265 -0.702912 -1.135651 -0.945787 -1.008136 -2.046396 -1.288381 0.892573 0.262691 -0.795093
-0.770261 -0.525297 -0.547517 -0.576711 -0.652384 -0.818453 -0.773579 -0.610975 -0.697227 -0.387447
-0.466424 -0.609432 -0.669292 -0.752560 -0.733269 -0.614058 -0.668187 -0.659139 -0.717465 -0.830913
-0.637685 -0.462553 -0.506297 -0.715485 -0.796491 -0.551503 -0.529662 -0.794844 -0.936154 0.231028
-0.633443 0.529601 -0.725977 -1.417884 -0.744188 -0.727188 -1.690869 -0.205077 1.390114 0.219735
-0.654144 -0.600513 -0.504930 -0.554754 -0.656703 -0.888777 -0.686745 -0.583037 -0.642832 -0.691209
-0.461075 -0.480986 -0.655520 -0.704456 -0.716273 -0.588003 -0.603430 -0.774220 -0.842394 -0.695841
-0.612443 -0.497846 -0.684002 -0.664699 -0.790876 -0.825782 -0.632555 -0.702807 -0.621761 0.190814
-1.508188 0.025154 -1.298801 -0.440397 -0.221562 0.212543 -1.255367 -1.142203 0.681112 0.245712
-0.581630 -0.938974 -0.708432 -0.540179 -0.584538 -0.800322 -0.760095 -0.828599 -0.740268 -0.741811
-0.534983 -0.564547 -0.596555 -0.603060 -0.661523 -0.688303 -0.647070 -0.780155 -0.680404 -0.649969
-0.721846 -0.618515 -0.771439 -0.811119 -0.677840 -0.888606 -0.842207 -0.667967 -0.932001 0.312713
-2.298314 -1.516436 -0.983515 -1.892810 -1.267618 0.673612 -1.059396 -2.064046 -0.784417 0.841702
0.124520 -0.768677 -0.963028 -0.718500 -0.606263 -0.685237 -0.822960 -0.795923 -0.524737 -0.610366
-0.640220 -0.568937 -0.664457 -0.699131 -0.484948 -0.541792 -0.635149 -0.545529 -0.451724 -0.563495
-0.733411 -0.771316 -0.607003 -0.868858 -1.036153 -1.123125 -1.124908 -1.269610 -1.435383 0.086065
-0.792813 -1.817347 -1.833261 -1.586399 -1.009446 -0.280464 -0.198962 -0.918396 -1.089130 -0.032331
0.750093 -0.297334 -0.588408 -0.620368 -0.515843 -0.646425 -0.595321 -0.675508 -0.480705 -0.622914
-0.857847 -0.731900 -0.528582 -0.596479 -0.630384 -0.452257 -0.504993 -0.611140 -0.573560 -0.636173
-0.694661 -0.769079 -0.503426 -0.574912 -0.994398 -1.697955 -1.916193 -1.419581 -1.251582 0.178463
-0.401056 -1.136445 -0.604397 -1.135758 -1.456982 -1.065100 -0.833391 -0.408418 -1.450904 -0.394920
0.177996 -0.523784 -0.422193 -0.633072 -0.485708 -0.848006 -0.706647 -0.389112 -0.236775 -0.414009
-0.795239 -0.500555 -0.354080 -0.264483 -0.433401 -0.474537 -0.458588 -0.659357 -0.735583 -0.921780
-0.983809 -0.432179 -0.809022 -0.168035 -0.356181 -1.065591 -0.919421 -1.404741 -1.161875 0.432908
-0.485820 -1.398779 -1.017832 -1.418128 -1.667002 -1.021606 -0.474879 -0.985698 -1.040559 -1.363334
-0.517490 -0.732897 -0.477723 -0.731578 -0.835083 -1.064827 -0.871350 0.010947 0.021226 -0.323403
-0.752968 -0.858921 -0.417784 -0.161079 -0.485818 -0.717697 -0.657737 -0.828125 -0.978587 -1.115698
-1.558620 -2.022159 -2.252510 0.468665 1.013403 -0.904091 -1.225564 -0.974507 0.192688 0.046416
-0.736350 -0.761256 -1.733668 -0.710768 -1.551577 -1.450129 -0.731754 -0.393338 -0.962898 -1.562688
-0.063625 -0.544995 -0.668624 -0.512320 -0.755562 -1.540050 -1.419844 -2.010373 -0.768724 -0.689117
-0.918117 -1.061213 -0.950332 -0.486167 -0.369025 -0.740364 -1.182861 -0.876948 -0.895767 -1.164095
-1.422266 -2.246584 -0.832341 -1.206323 0.505040 -0.691851 -1.491248 -1.583646 -0.575074 0.612291
-0.949501 -0.988854 -1.428734 -0.964085 -0.184395 -0.540491 -1.254343 -0.229499 -1.399400 -1.736883
-0.296763 -0.114234 -0.376924 -0.600121 -1.057110 -1.614299 -2.323707 -3.292423 -0.505658 0.266824
-0.460605 -1.406958 -2.454099 -1.835854 0.857136 0.315734 -1.363986 -1.830796 -1.511104 -1.200283
-1.503482 -2.085436 -1.168649 -1.387796 -0.152949 2.273022 -0.192451 -0.704846 -0.499215 0.789585
-0.684716 -0.763427 -0.775453 -1.484523 -1.095857 0.264959 -0.874312 -1.344340 -0.792048 -0.699916
-0.933445 0.420605 -0.110849 -0.366999 -0.602078 -1.015813 -2.390186 -3.635847 -2.561117 -1.330603
-1.530889 -0.850437 -1.806567 -2.305209 -1.020206 1.143752 -0.664965 -1.153363 -1.566461 -0.843637
-2.334743 -1.615624 -0.522779 -1.304102 -1.642508 -0.238880 0.878786 -0.881764 -1.353495 0.671738
-0.694924 -0.693799 -0.610055 -1.749027 -2.136782 -0.586742 -0.364131 -1.036442 -0.827276 -1.132854
-0.927432 -0.350688 -0.601106 -0.855781 -0.037722 -0.495825 -1.673123 -2.533863 -2.870736 -0.859468
-0.993824 -1.229443 -1.399375 -2.158849 -2.022017 0.028803 0.090773 -1.017619 -0.463463 -1.679141
-2.177592 -0.428245 -0.482153 -0.883725 -1.744379 -1.136294 -0.572888 -0.828777 -1.266558 -0.117056
-0.759569 -0.701805 -0.514905 -1.608791 -2.352459 -1.343881 0.099564 -0.812639 -1.001348 -1.803472
-1.012774 -0.772105 -1.545993 -1.202601 -1.239665 -1.932024 -1.852855 -1.483434 -2.346973 -0.888817
-0.421742 -0.866476 -1.660127 -1.772420 -2.361221 -0.979768 -0.305697 -1.892380 -1.425351 0.003544
-2.158926 -1.178901 -0.719901 -0.479367 -1.078811 -0.899073 -1.056674 -0.864081 -0.982184 -0.032579
-0.234649 -0.917834 -0.478071 -1.476183 -2.342372 -2.614197 -0.722121 1.083565 -0.900885 -1.681424
-1.005731 -0.277807 -1.277267 -1.760060 0.177796 -1.402586 -2.907966 -2.497197 -2.430038 -2.521464
-1.462681 -0.995476 -0.448500 -0.408043 -2.109184 -1.597145 -0.318371 -0.991513 -1.902568 -0.607203
-0.851577 -1.062173 -0.620614 -0.729202 -0.232663 0.350794 -0.526405 -1.170874 -0.850263 0.334784
0.307651 -0.150358 -0.733831 -1.220492 -1.461968 -2.668556 -2.684659 0.308937 -0.229902 -1.421286
-0.313980 -0.227073 -1.404855 -2.135052 -0.548307 0.121016 -0.867490 -1.163982 -1.559078 -2.044319
-1.918907 -0.931072 -0.364728 -0.514209 -0.590433 -1.074302 -0.405181 -0.112108 -1.153938 -1.259415
-1.145181 -1.587429 -1.561592 -1.185744 -0.811105 -0.309504 -0.313340 -1.530811 -1.336941 0.576556
-0.033006 -0.713219 -0.663927 -0.340826 -1.133140 -1.645869 -2.749483 -1.205024 -0.734044 -1.105978
-0.389311 0.276519 -0.312349 -2.351334 -1.866994 -0.479880 -0.173802 -0.560418 -0.979701 -0.879968
-1.573716 -2.172662 -0.424315 -1.458840 -0.181305 -1.451517 -0.928391 0.165198 -0.108685 -0.872077
-0.981544 -1.342732 -2.418025 -1.769335 -0.968329 -0.184098 -0.024810 -0.783911 -1.322342 -0.511812
-0.543148 -0.807378 -1.067655 0.055987 -1.004186 -1.351804 -1.870293 -1.192980 -1.140786 -1.397153
-0.788210 -0.706187 -0.880611 -1.492704 -2.107211 -0.977802 -0.701034 -0.807748 -0.650923 -0.794798
-0.221084 -1.422091 -1.184670 -0.642783 -0.181456 -0.962126 -1.216285 -1.244233 -0.179273 -0.421223
-0.985669 -0.527633 -1.331941 -1.186778 -1.404359 -0.379422 -0.758840 -0.583274 -1.248541 -0.271849
-0.743429 -1.296322 -0.634662 0.398215 -0.978971 -1.924958 -1.498501 -1.085560 -0.657242 -1.460637
-1.162932 -0.302692 -0.600257 -1.168849 -1.575304 -1.052995 -0.911579 -1.117804 -1.260103 -1.116116
-0.839656 -1.184351 -1.317862 -0.670497 -0.604624 -1.444517 -0.250828 -1.547568 -1.306163 -1.333439
-0.770558 -0.591437 -1.437517 -1.877753 -1.985947 -0.916469 -1.041777 -0.423178 -1.661711 -0.133717
-0.494905 -1.868489 -1.998875 -0.193550 -0.501739 -1.651119 -2.004827 -2.064137 -0.532388 -1.177003
-1.843896 -0.825532 -0.962037 -1.310300 -1.031202 -1.109376 -0.408983 -1.082217 -1.402274 -1.010460
-1.347472 -1.710058 -1.341164 -0.815937 -1.188501 -0.214026 -0.445194 -1.008620 -1.698163 -1.773164
-0.602928 -0.620506 0.340813 -0.516760 -1.131830 -0.334565 0.090121 -0.428392 -0.747738 -0.109087
0.289705 -0.256633 -0.825210 -0.838900 0.693187 -0.480177 -1.583833 -2.024498 -0.838593 -0.754288
-1.421810 -0.451545 -0.483728 -0.826931 -0.908346 -1.683920 -0.114490 0.222712 -0.740757 -0.400656
-0.041790 -0.277511 -0.482812 0.209112 -0.560561 -0.366665 0.643816 0.835244 0.024132 -0.458924
-0.544212 -0.353239 0.150019 0.581040 -0.256435 -0.463878 -0.122631 -0.338945 -0.555920 -0.036676
-1.328292 -1.425877 -1.105760 -0.827203 -1.070337 -1.098907 -1.106268 -0.546839 -0.867781 -0.887523
-0.905878 -0.908772 -0.796665 -0.714429 -0.518955 -1.514203 -0.927952 -1.275032 -1.027220 -0.701685
-1.031909 -0.608794 -0.770670 -0.949464 -0.718541 -0.715008 -0.553916 -0.739933 -1.108183 -0.709600
-0.431210 -1.174505 -0.676966 -1.068535 -0.754784 -0.863942 -0.879079 -0.928634 -0.816458 -0.116478
-1.116004 -1.457019 -1.581335 -1.345985 -1.790332 -1.669778 -1.149093 -0.863181 -1.574674 -1.175987
-1.097746 -1.325578 -1.198757 -1.372848 -1.015111 -1.293902 -1.536317 -1.123371 -1.427535 -1.802655
-1.419998 -1.422119 -1.415840 -1.426247 -1.150872 -1.345010 -1.286235 -1.583005 -1.738755 -1.389342
-0.952989 -1.246343 -1.523968 -1.491814 -1.832848 -1.766053 -1.313154 -1.263148 -1.100235 -0.389655
-1.222112 -1.346228 -1.310630 -1.122691 -1.296947 -0.918534 -0.596591 -1.363687 -1.284320 -1.255088
-0.890996 -0.979752 -1.105096 -1.218802 -1.090364 -0.899167 -1.240021 -1.103554 -1.339029 -1.081441
-1.256631 -1.272479 -1.192891 -1.097895 -0.874329 -1.251102 -1.472905 -1.314060 -0.939845 -1.015986
-1.397832 -1.168007 -1.388845 -0.816056 -1.125894 -0.700892 -0.863517 -1.248891 -0.684303 -0.217590
-1.208414 -1.397885 -1.229088 -0.346266 -0.233870 -0.966920 -1.199071 -0.805571 -0.974944 -1.223252
-0.602037 -0.498354 -0.773001 -0.315151 -1.465639 -0.973387 -0.921788 -0.858645 -0.768857 -1.075720
-1.424784 -0.815534 -0.848849 -1.025256 -0.975341 -0.972167 -1.193187 -1.119728 -0.642044 -0.749573
-1.366747 -1.003393 -0.765699 -0.966149 -0.862665 -0.854395 -1.118917 -1.109362 -0.433345 0.025474
-1.177696 -1.445754 -1.155404 0.461252 0.423414 -1.324475 -1.498783 -0.644438 -1.115662 -0.796928
-0.600479 -1.007413 -1.155518 -0.714260 -1.306523 -0.914493 -1.136712 -1.313052 -0.699209 -1.210894
-0.744904 -0.823896 -0.938159 -0.950473 -1.262848 -1.256361 -0.550874 -0.713387 -0.833571 -0.763914
-0.548818 -1.035906 -0.891163 -1.162647 -0.955333 -0.992699 -1.008063 -0.869175 -0.632256 0.044669
-1.112456 -1.535913 -1.621857 -1.334722 -1.024430 -0.980694 -0.972385 -1.070712 -0.891901 -0.482226
-1.477086 -1.210237 -1.001822 -0.915262 -1.306228 -1.298204 -1.248387 -0.807368 -0.860588 -0.888720
-0.391298 -1.069475 -1.075338 -0.782571 -0.835568 -0.669902 -0.999840 -0.956126 -0.873663 -1.125579
-0.676255 -0.795484 -0.973138 -1.140730 -1.292221 -1.158267 -0.782850 -0.528575 -0.514158 -0.012140
-1.094364 -1.668044 -1.788920 -1.259759 -0.804133 -0.919409 -0.908062 -1.071560 -1.219414 -0.653195
-1.356314 -0.759408 -0.184430 -1.316565 -0.852904 -1.299272 -1.331387 -0.990080 -0.910585 -0.722157
-1.053093 -1.222139 -1.212850 -0.981585 -0.587606 -0.062018 -1.239766 -1.580402 -1.098732 -0.695569
-1.296272 -0.939687 -1.158290 -1.065087 -0.746692 -0.858873 -1.076672 -1.127148 -0.257340 0.072975
-1.006976 -1.560982 -1.220882 -0.595868 -0.927138 -1.392588 -0.925858 -0.700648 -1.118546 -0.946935
-0.640013 -1.109763 -0.772709 -1.688919 -1.146276 -0.888829 -0.685385 -0.797435 -1.197136 -1.389284
-1.074123 -1.089587 -1.214441 -0.636144 -0.720459 -0.920885 -0.888677 -1.135397 -1.176709 -0.787287
-1.015803 -1.016309 -0.983065 -0.668101 -0.972613 -1.091398 -0.657850 -0.556298 -0.652702 -0.226638
-0.946559 -0.940404 -0.765481 -0.861967 -1.367008 -1.463552 -1.023016 -0.491418 -0.815783 -1.058492
-0.912592 -0.925476 -1.416213 -1.250303 -0.803478 -0.643572 -0.568147 -0.759871 -1.218085 -1.532133
-0.987957 -0.662505 -0.556678 -1.230202 -0.419323 -1.036006 -1.364096 -1.162705 -0.677322 -1.178583
-0.927076 -1.004640 -1.075313 -0.686612 -0.945497 -1.053401 -0.655455 -0.690242 -0.884714 -0.286951
-1.046677 -1.519662 -1.174738 -0.919415 -1.046556 -0.859416 -0.936773 -1.088730 -1.025695 -0.935082
-0.753211 -0.817874 -1.140064 -1.171981 -0.975485 -0.770797 -1.003421 -1.188337 -0.985192 -0.716165
-0.670657 -1.113874 -0.783999 -0.698289 -1.204588 -1.431657 -1.115666 -0.457996 -1.038061 -1.423863
-1.033485 -0.982258 -1.004091 -0.779823 -0.942303 -0.719750 -0.637701 -1.194667 -1.122152 -0.178526
-1.115988 -1.789858 -1.524698 -0.830233 -1.096422 -0.639017 -0.804509 -0.962365 -1.061332 -0.776579
-0.321825 -1.634789 -1.435662 -1.363141 -1.344737 -1.053297 -0.920583 -0.546325 -0.884460 -0.753458
-1.046120 -0.990758 -1.119821 -0.879557 -1.018867 -1.285881 -1.179758 -0.440128 -0.889036 -1.046768
-1.050545 -0.940765 -1.058455 -0.738536 -0.996134 -1.015414 -0.962427 -1.016354 -0.885009 -0.058471
-1.132270 -1.528457 -1.501924 -0.967372 -0.954232 -0.684084 -0.948533 -0.654247 -0.886436 -1.232132
-1.327003 -0.902691 -0.853495 -1.329400 -2.287072 -1.402965 -1.107177 -1.499822 -0.579939 -1.066207
-1.699955 -1.181087 -0.709486 -1.137163 -1.155339 -0.530796 -0.090877 -0.358682 -0.953381 -1.310505
-0.788323 -0.903618 -1.102805 -0.847207 -1.117441 -0.902988 -0.720836 -0.775985 -0.619575 -0.240708
-1.270060 -1.460767 -1.246366 -1.144003 -0.891214 -0.992990 -1.089738 -0.995068 -1.099320 -1.273874
-1.149026 -0.552216 -0.582907 0.375887 0.580776 -0.779391 -1.265180 -1.663302 -1.971944 -1.355959
-0.989499 -1.254523 -0.848704 -0.648590 -0.298659 -0.756550 -0.737449 -1.172961 -0.744886 -0.886847
-1.027363 -1.291824 -1.210392 -0.797040 -0.834468 -0.467956 -0.545317 -1.052787 -0.854305 -0.304276
-1.229126 -1.750288 -1.198629 -0.443099 -1.008608 -1.113605 -1.177024 -1.090773 -0.843834 -1.037456
-0.819667 -0.660070 -0.751783 2.311718 4.203882 -0.260228 -4.223997 -2.377887 -2.432911 -1.498276
-1.119918 -0.933364 -0.548060 -0.911498 -0.516126 -0.609457 -1.417680 -1.237692 -1.304183 -0.965421
-1.088068 -1.038102 -1.010284 -1.093964 -0.835835 -0.628201 -0.895123 -0.966266 -0.727253 -0.134748
-1.147618 -1.526210 -1.677377 -0.853366 -1.022961 -0.495445 -0.155514 -0.400680 -1.577641 -1.192289
-0.626607 -1.500126 -0.624555 0.466972 1.359875 -0.523317 -1.954233 -2.379531 -2.014110 -0.977776
-0.324753 -0.604280 -0.884833 -0.972952 -1.325552 -0.807270 -1.092406 -1.191552 -1.177954 -0.997621
-1.012472 -1.057940 -1.138693 -0.968421 -0.872500 -1.008052 -0.731122 -0.598411 -0.392470 0.023625
-1.212204 -1.297841 -1.656856 -1.073559 -1.008807 -0.920487 -0.869882 -1.118147 -1.162537 -1.348000
-1.142837 -1.081358 -0.768148 -0.989134 -1.592938 -0.676323 -1.024797 -2.090786 -1.686911 -0.514449
-0.604340 -0.828163 -1.229154 -1.125232 -0.920859 -0.650039 -1.074324 -1.061879 -0.960981 -0.897718
-0.954715 -0.976966 -0.451466 -1.119083 -1.067607 -0.808696 -0.635659 -0.414971 0.057103 -0.373942
-1.397840 -1.538889 -1.258033 -0.880005 -0.902226 -1.201856 -1.231889 -1.168367 -0.647235 -1.244693
-1.273032 -0.623170 -0.905755 -1.569282 -1.520841 -0.691381 -0.797321 -0.604172 -0.623130 -1.169364
-1.440315 -1.190800 -0.804374 -0.931750 -0.721063 -1.075789 -0.605081 -0.798047 -0.294555 -0.792987
-1.305194 -1.265616 -0.690723 -0.856776 -1.022349 -0.987545 -0.809087 -0.700582 -0.976841 -0.289970
-1.077093 -1.462651 -1.386449 -1.200971 -0.758674 -1.062869 -0.694645 -0.469898 -1.308635 -1.307167
-0.964080 -0.786261 -1.069813 -1.242641 -1.234845 -0.889497 -1.017259 -0.996970 -0.310249 -0.853723
-1.303679 -1.223391 -0.777035 -0.922643 -0.947729 -0.888591 -0.932489 -0.786820 -1.065782 -1.113911
-1.544245 -1.300060 -1.171289 -0.822311 -0.727583 -1.025574 -0.743345 -0.858748 -1.046705 -0.208754
-1.241210 -1.381107 -1.057672 -0.775168 -0.765767 -1.230371 -1.003256 -0.882574 -0.836067 -0.889651
-0.808116 -1.063312 -1.072504 -0.777410 -0.560219 -0.865915 -1.082693 -0.990989 -0.722000 -0.898468
-1.161771 -0.980071 -0.992838 -1.130487 -0.930483 -0.833395 -0.499472 -0.970961 -1.393756 -1.415534
-1.226523 -1.090521 -1.011510 -0.955878 -0.901345 -0.858044 -0.833201 -0.742598 -0.567990 0.014628
-1.505076 -1.912735 -1.357297 -0.867650 -1.421955 -1.255823 -0.521649 -0.382877 -0.726729 -0.941162
-0.952856 -1.090926 -1.117754 -0.980817 -0.610093 -1.070850 -0.839959 -0.210999 -1.138189 -1.382450
-1.550997 -0.928432 -1.017511 -0.843023 -0.689444 -1.090038 -0.928172 -0.677676 -1.001960 -0.638105
-0.753840 -1.333261 -1.022974 -0.778587 -0.769643 -0.815370 -0.849052 -0.684427 -0.583096 0.009724
-1.475948 -1.711844 -1.346624 -1.658475 -1.348267 -0.713479 -0.902178 -1.324846 -1.129898 -1.195217
-0.928698 -1.390664 -1.073022 -0.989455 -0.938076 -0.882291 -1.243808 -0.922950 -0.938624 -1.014304
-0.717937 -1.447616 -1.184299 -0.835197 -0.870407 -0.983164 -1.078477 -0.856362 -0.713965 -0.699750
-0.882443 -1.409292 -0.628082 -0.458630 -1.055020 -0.504147 -0.776400 -1.091760 -0.780909 -0.363537
-1.701214 -1.739946 -0.737711 -1.969494 0.045708 1.216390 -0.323515 -1.824494 -3.247917 -2.002223
-1.503904 -1.214644 -0.773432 -1.145778 -1.134240 -1.066725 -1.005678 -0.826262 -0.643749 -1.110860
-0.878125 -1.201781 -1.033869 -0.916104 -0.902170 -0.992897 -1.044440 -1.115237 -0.982940 -0.997280
-0.826429 -0.378363 -0.496526 -0.583695 -0.918258 -1.189176 -0.908747 -0.655824 -0.742221 -0.519880
0.121598 -1.273974 -1.257114 0.736666 0.467037 -1.015214 -1.747873 -0.115468 -1.881192 -2.337931
-2.065987 -1.462004 -1.181416 -1.167516 -1.069573 -1.201049 -0.507921 -0.155143 -1.245588 -1.647422
-1.092325 -1.109838 -0.982505 -0.967024 -0.984172 -0.921296 -0.769621 -0.898484 -1.118224 -0.759334
-0.560243 -0.597681 -0.829902 -1.317632 -0.837453 -0.680000 -0.830490 -1.080902 -0.324773 0.234409
-1.372720 -1.213566 0.565422 0.637037 -0.903477 -1.131639 -0.805759 -0.967537 -1.404833 -2.497370
-1.904110 -1.254961 -1.648998 -1.429131 -1.152358 -0.837243 -0.877495 -1.013341 -0.886166 -0.836106
-1.020387 -0.765163 -0.858398 -1.139459 -1.231600 -1.195663 -0.767605 -0.940461 -0.709526 -0.628537
-0.983967 -1.195307 -0.888681 -1.102063 -0.679681 -0.482674 -0.398382 -0.733248 -1.286622 -0.188828
-0.492309 -0.717683 -1.350412 -1.141536 -1.332725 -1.078703 -0.555949 -0.540374 -0.858400 -1.522182
-2.612192 -2.587173 -1.961825 -0.913967 -1.068404 -0.943552 -0.883526 -1.294447 -0.936746 -0.526391
-0.577946 -0.549222 -0.779532 -0.986599 -0.736404 -0.819448 -0.788369 -0.936014 -1.223676 -1.097819
-0.978267 -1.212499 -1.170390 -0.776677 -0.119512 -0.618362 -1.002634 -0.936561 0.582030 0.542518
-0.062136 -1.280911 0.365894 -0.132038 -1.784003 -0.880899 -0.773662 -0.775827 -1.053600 -1.185199
-2.304083 -2.706247 -2.051860 -1.040190 -0.488845 -0.931664 -1.289082 -1.014487 -0.442719 -0.736318
-0.971772 -0.867134 -1.275512 -1.211974 -1.001834 -0.958514 -1.273635 -1.266438 -1.176588 -1.204431
-1.255318 -1.093333 -0.949210 -0.853536 -0.825641 -0.697200 -0.395789 0.730338 1.402090 0.730101
-0.901673 -1.461202 -0.123460 0.334318 0.191013 -0.332109 -0.741323 -0.735145 -0.827474 -1.680325
-2.055239 -1.804964 -1.225525 -1.707776 -1.237235 -0.817501 -0.755367 -0.690632 -1.269945 -0.751213
-1.003151 -1.104831 -1.274331 -0.982421 -1.273225 -1.342746 -1.201099 -1.338575 -0.936318 -0.139090
-0.752313 -1.751303 -2.364857 -1.595090 -0.931763 -0.271738 0.648423 0.682070 0.168398 -0.248271
-1.350844 -1.399751 -0.587451 1.411447 0.492200 -1.392761 -1.408804 -1.598423 -1.195173 -1.240670
-2.152380 -2.187174 -1.092386 -1.420480 -0.525432 -0.495683 -0.527554 -1.797068 -2.696016 -1.802414
-1.684517 -1.518754 -1.194134 -1.056802 -1.054637 -1.036371 -1.277916 -1.167756 -1.020519 -0.766030
-1.370545 0.337026 1.513529 -0.560785 -1.276216 -1.805267 0.534233 0.366381 -1.372198 -0.648185
-0.698632 -0.768798 -1.400591 -0.209984 -0.087063 -0.351214 -1.879606 -0.253012 -0.326570 -0.860226
-1.960899 -2.641435 -1.202386 -1.007635 -0.906106 -0.368672 0.134854 0.002838 -0.212136 -1.188582
-1.799896 -1.576271 -1.919736 -1.929072 -0.918826 -0.989027 -0.833468 -1.434221 -2.474663 -1.241315
2.187627 1.712926 0.052560 0.179256 -0.294110 -0.356650 -1.750121 0.097080 -1.347184 -1.571717
-0.434963 -1.126457 -1.338249 -1.135992 1.018085 1.034193 0.004543 -1.044791 -0.019267 -0.951415
-3.157684 -3.344183 -1.264886 -1.654424 -0.807656 -0.173575 0.541990 0.547386 -0.288100 -0.663122
-2.838538 -1.133528 0.857907 1.401378 0.366519 -1.997672 -2.400201 -1.102379 0.267626 1.196170
1.986282 0.591701 -0.569974 0.434270 -0.827918 -0.838177 -0.496127 -2.666628 -1.134804 0.492690
-0.528696 -0.787032 -0.643607 -1.873069 -1.604696 0.390745 0.203905 -0.453081 -0.633835 -0.544715
-2.361015 -3.560005 -1.526320 -1.314583 -0.375663 0.004724 0.610668 -0.502912 -1.136784 0.382060
-0.042469 0.421154 0.661360 0.761149 -0.990970 -1.284233 -1.537189 -0.211079 0.276127 1.401355
-0.776423 -0.986175 -0.728037 -1.893221 -1.813887 -1.190211 -2.107149 -1.596899 -1.239292 0.448297
-1.219173 -1.136517 -1.685568 -0.471176 -1.185391 -0.873573 -0.601656 1.297015 0.460612 -1.422372
-1.360136 -2.291569 0.142030 0.071882 -0.247444 -0.903712 1.238467 -0.496217 -1.713616 -1.404321
0.334673 0.669389 0.247089 -0.637655 -1.094096 -1.457221 -1.253577 0.290986 -0.061302 -0.424976
-1.580251 -2.061338 -1.827943 -0.780255 -1.473543 -1.631876 -2.349383 -2.181865 -0.036164 -0.076622
-0.832684 -1.371886 -0.641941 0.194219 -0.370473 -1.092513 -1.024977 -0.798951 -0.195132 -1.049303
-1.326885 -1.743024 -0.809451 -1.641927 -0.283149 -0.529620 -1.553187 0.168959 -1.764900 -2.754134
-1.085172 0.073853 -0.218827 0.683029 -0.918360 -1.681718 -0.897102 -1.140363 -0.939537 -0.611234
-1.321958 -0.853998 -0.498570 -1.586709 -1.028365 -1.093639 -0.544616 -1.039356 -0.766484 -0.700625
-1.326853 -1.351937 0.139367 -1.421933 -1.846996 -1.082967 -0.908182 -0.584325 -2.683944 -0.726166
-0.806321 -0.951632 0.463440 -0.928479 0.233254 -1.037055 0.045595 -1.184269 -2.388579 -2.535263
-1.336620 -2.141767 -0.394876 0.478365 -0.741370 -0.738645 -0.241970 -1.438849 -1.397617 -1.684795
-0.960135 1.638824 -0.418940 -0.970371 -2.011351 -1.316083 -0.170681 -0.864463 -0.383647 0.285117
-0.701681 -1.674078 -2.025967 -0.950747 -1.188593 -0.647812 -1.347618 -2.176671 -1.065986 -0.768963
-1.296017 0.029636 0.472486 -0.266411 -0.297008 1.765729 0.319274 -0.963953 -0.579349 1.660314
1.097278 -2.701924 -1.331318 -1.080905 0.864479 -1.794173 -1.592522 -1.654716 -1.873176 -0.934004
-0.552809 -0.028526 -0.392593 -0.254710 -1.021820 -0.656304 -0.419819 -0.244713 -0.700942 -0.555557
-0.646915 -1.612006 -2.084472 -1.575395 -0.395792 -0.083173 -1.684505 -1.728846 -1.196807 -1.053646
-0.791300 0.650520 -0.871449 -1.686456 -0.465323 0.521395 -0.661120 -1.418310 -1.088681 0.316877
-0.143922 -1.175815 -0.951714 -2.162384 -0.921581 -1.345819 -1.646229 -0.394699 -0.291837 -0.665095
-0.487038 -0.320669 0.058928 1.643388 0.280888 -0.867088 -1.352125 -2.131091 0.449257 0.296126
-1.040360 -1.559817 0.700206 0.358635 -1.307125 -1.026941 -1.242323 -2.065204 -2.221984 -1.196210
-0.542155 -1.369908 -1.408886 -1.327875 -1.186281 -1.364730 -1.723830 0.263268 -0.190816 -2.211782
-1.146038 0.070729 0.378179 0.655748 -1.141816 -1.026483 0.420321 -0.062926 -0.441568 -0.759921
-0.076911 -0.289623 -0.564084 1.022100 0.767359 -0.645461 -0.310848 -1.410573 0.412336 1.165359
-0.471682 -1.372493 -1.057648 -1.193939 -0.328515 -1.245402 -0.041730 -0.123209 -2.020982 -2.075830
-2.391314 -2.171433 -1.547373 -0.575892 -0.580655 -0.166360 -0.183322 -0.899816 -1.092032 -1.219793
-1.393337 -0.709441 -0.486716 -0.543439 0.888936 1.150215 -0.326854 -0.349476 -0.200652 0.155860
-0.989909 -0.924001 1.347764 0.480714 -1.401852 -0.906225 -1.890689 -1.710702 -0.699794 -0.916852
-1.484240 -1.361800 -1.813833 -0.960686 -0.203551 -1.510424 -0.674266 1.067226 -0.858083 -2.259115
-3.345041 -2.189183 -1.321952 0.108565 -0.705816 -1.037327 -1.075704 -1.650418 -1.319623 -0.957632
-0.850992 0.770027 0.915233 1.094755 -0.113527 -1.127028 -2.404246 -0.822249 -0.877612 -1.609637
-1.899569 -2.673307 -0.667832 -1.599572 -1.063189 -1.070783 -1.715493 -2.074258 -0.793110 -0.306119
-0.449922 -0.886865 -0.445684 0.646602 -0.114850 -0.353539 0.146881 1.564202 0.588056 -0.799927
-0.218528 0.463776 0.065862 0.777742 1.946084 0.524144 -0.389426 -0.796525 -0.086581 1.032298
0.523471 -0.628672 0.087210 0.447203 0.432897 -0.177472 0.508712 -0.031803 -0.267941 0.360521
-0.397860 -0.149667 -1.216901 -0.311170 -0.398168 -0.258286 -0.035420 0.430306 0.705055 1.206967
-1.114367 -0.680942 -0.729735 -1.189591 -1.380893 -1.375037 -1.056783 -1.201378 -0.985697 -1.202456
-1.322241 -1.509008 -1.467058 -0.890229 -1.548805 -1.163502 -1.024199 -1.322136 -1.005189 -1.107650
-1.164571 -1.161478 -1.451447 -1.408913 -1.466855 -1.092126 -1.142255 -1.456050 -1.683013 -0.782499
-1.309210 -0.948590 -1.297360 -1.399046 -1.325373 -1.335910 -1.405165 -1.833016 -1.788490 -1.171397
-1.864001 -1.072338 -0.931001 -1.877407 -1.875891 -1.192856 -0.718544 -1.439598 -1.317686 -1.281528
-1.362776 -1.227153 -0.962421 -0.762932 -1.733150 -1.228586 -0.981831 -1.340927 -1.077598 -1.084092
-1.108408 -1.140383 -1.510518 -1.249867 -1.321764 -0.851937 -1.055572 -1.799874 -1.490325 -0.101638
-1.030175 -1.443851 -1.379119 -1.443237 -1.440499 -1.383251 -1.185388 -1.449778 -1.633077 -1.357178
-1.384492 -1.191245 -1.371460 -1.399699 -1.314015 -0.359800 -0.580984 -1.107682 -1.010820 -0.863040
-0.923553 -1.049318 -1.134158 -1.092349 -0.737598 -1.113724 -0.898662 -0.785665 -1.031712 -0.683681
-0.475113 -0.845790 -1.032993 -0.405697 -0.652812 -0.842028 -1.115037 -0.926031 -0.717208 -0.718990
-0.614004 -1.182448 -0.797385 -1.158915 -0.974436 -0.600953 -0.757529 -1.096366 -1.882397 -1.606407
-1.419947 -1.645955 -1.535278 -0.696752 -1.026026 -0.499957 -0.523871 -1.103852 -1.312194 -0.980248
-0.502296 -0.910906 -1.010380 -1.168302 -0.471467 -0.691179 -0.912956 -0.778687 -0.568464 -0.855568
-0.967385 -0.851798 -0.705478 -0.677845 -0.776091 -1.090713 -1.066837 -0.450860 -0.638815 -1.349167
-0.932339 -0.686804 -0.777319 -0.895598 -0.528275 -0.515677 -1.118744 -1.499046 -1.752338 -1.720877
-1.451376 -1.664178 -0.771611 0.662139 -0.528052 -1.545055 -0.477236 -0.883954 -1.078174 -0.615196
-0.440017 -0.835067 -0.691891 -1.010980 -0.708521 -0.345941 -0.834910 -0.243235 -0.812094 -1.195409
-0.857610 -0.580923 -0.592892 -0.860304 -0.996508 -0.923884 -0.630804 -0.532211 -0.931514 -0.998706
-0.822475 -0.271215 -0.768954 -0.699346 -0.483645 -0.754361 -0.752630 -1.425402 -1.486337 -1.488686
-1.348216 -1.562180 -0.632573 0.408139 -0.939187 -1.671382 -0.934476 -0.725988 -0.242895 -0.723420
-1.163654 -1.215359 -0.659658 -0.437823 -0.517958 -0.717868 -0.540708 -0.470236 -0.937882 -0.272357
-0.573145 -1.078231 -0.876964 -0.877078 -0.817220 -0.774263 -0.498727 -0.584099 -1.021725 -0.637342
-0.518363 -0.711951 -0.696154 -0.734163 -0.825232 -0.851046 -0.576873 -1.307833 -1.575874 -1.507798
-1.644900 -1.578763 -0.913895 -0.655264 -0.832287 -0.414186 -0.513054 -0.693208 -0.103256 -1.231387
-1.354006 -0.155172 -0.571706 -0.568081 -0.901154 -0.814197 -0.259825 -0.720505 -0.490570 -0.165632
-1.000904 -1.364558 -1.164066 -0.839583 0.160005 -0.561331 -1.261214 -0.876312 -0.340779 -0.812660
-0.571640 -0.839420 -0.883844 -0.962238 -0.841613 -0.573704 -0.835960 -1.018464 -1.442085 -1.608622
-1.673689 -1.497179 -0.884786 -0.931252 -0.920876 -0.507155 -0.405373 -0.920616 -0.827079 -0.582694
-0.650268 0.141396 -0.860560 -0.994856 -1.123508 -1.065902 -0.588419 -0.486265 -0.654202 -0.374205
-0.776555 -1.310972 -1.068609 -0.570457 -0.196823 -0.651764 -1.233129 -1.057311 -0.494399 -0.783310
-0.734246 -0.901597 -0.784116 -0.848151 -0.840495 -0.805348 -0.853110 -1.004694 -1.289934 -1.500002
-1.636830 -0.952804 -0.295149 -0.616031 -1.155390 -0.759529 -0.321514 -0.890455 -1.177857 -0.670049
-0.300788 -0.427786 -0.915626 -0.705327 -0.485349 -0.556077 -0.503146 -0.658742 -1.103381 -0.501538
-0.402151 -0.633032 -1.050148 -0.280188 -0.629841 -0.859865 -1.027781 -0.844008 -0.872241 -0.666896
-0.875811 -0.920864 -0.511617 -0.852354 -1.060809 -0.655008 -0.302727 -1.195612 -1.545790 -1.432234
-1.262097 -0.486047 -0.518603 -1.225045 -1.151424 -0.675384 -0.526740 -0.809920 -0.873608 -0.624669
-0.475084 -0.547143 -0.603727 -0.492201 -0.340769 -0.567325 -0.911602 -1.110316 -0.961574 -0.478345
-0.434562 -0.457905 -0.409191 -0.564397 -1.153655 -1.259327 -0.541530 -0.633774 -1.131983 -0.930227
-1.043512 -0.857391 -0.395364 -0.783657 -0.979022 -0.290452 -0.451910 -1.472739 -1.531170 -1.410293
-1.313499 -0.845165 -0.521405 -1.208382 -0.816659 -0.745591 -1.035528 -1.030973 -0.471834 0.240115
-0.927351 -0.814596 -0.348338 -0.842030 -0.591507 -0.386338 -0.289612 -0.674340 -0.651076 -0.688717
-0.737050 -0.758698 -0.212761 -0.839988 -1.432984 -1.128546 -0.257457 -0.973022 -1.217001 -0.923165
-0.999524 -0.787050 -0.280063 -0.905868 -0.946301 -0.580940 -0.874410 -1.678056 -1.386375 -1.365940
-1.417095 -0.840421 -0.593385 -0.914953 -0.517629 -0.727256 -0.882450 -1.041964 -0.614671 -0.287545
-1.006793 -0.889833 -0.736944 -1.044337 -0.396836 0.042973 -0.394630 0.310424 -0.224951 -1.353074
-1.227041 -0.622318 -0.829517 -1.085848 -1.168231 -0.734039 -0.443351 -0.627009 -0.924614 -0.746643
-0.814183 -0.878328 -0.535737 -1.004629 -1.088217 -0.799424 -1.034259 -1.460222 -1.502913 -1.413894
-1.116222 -0.655346 -0.779117 -0.656672 -0.522676 -0.766701 -0.651476 -0.929049 -1.149812 -1.061584
-0.202694 -0.856599 -1.954211 -2.372106 -1.380415 -0.632845 -0.138715 0.152713 -0.371791 -1.034970
-1.172265 -0.635866 -1.150285 -0.867857 -0.414604 -0.228634 -0.638408 -0.648025 -0.946349 -0.597557
-0.772090 -1.050858 -0.932938 -0.916775 -0.757348 -0.596515 -1.200678 -1.418349 -1.708449 -1.548063
-1.248062 -0.806957 -0.373060 -0.779068 -1.191832 -0.776617 -0.906593 -0.793046 -0.515895 -0.436543
-0.527223 -1.389602 -2.093215 -2.344568 -2.255618 -2.638525 -0.127262 0.370582 -0.625635 -0.458775
-1.048684 -0.840192 -0.853147 -0.340289 -0.239803 -1.260572 -0.809947 -0.695798 -0.665329 -0.585228
-0.763686 -0.895268 -0.903286 -0.658440 -0.394721 -0.860149 -1.567644 -1.548204 -1.761229 -1.772847
-1.114276 -0.901486 -0.307467 -1.100154 -1.443661 -0.373477 0.153132 -0.543257 -0.441569 0.127998
-0.919601 -1.381180 -1.261151 -1.924565 -0.774031 1.784127 -0.651039 -1.261609 -1.176165 -0.662506
-0.647628 -0.660935 -0.594758 -0.505212 -0.380975 -1.052101 -0.820730 -0.966390 -0.889111 -0.615016
-0.277852 -0.554879 -0.944335 -0.570910 -0.595303 -1.276323 -1.368970 -1.315559 -1.697848 -1.754628
-1.221582 -0.963650 -0.656050 -0.969384 -0.857860 0.113253 -0.215565 -1.262273 -1.026715 -0.386955
-0.866414 -1.005033 -1.164801 -1.060498 -0.315149 1.063807 -2.257699 -2.191550 -0.879967 -0.404924
-0.331022 -0.920443 -0.969399 -0.700782 -0.405718 -0.762827 -1.237407 -0.853069 -0.970358 -0.734773
-0.602439 -0.381551 -0.723373 -0.543407 -0.869420 -1.190667 -1.189980 -0.733961 -1.450637 -1.702559
-1.124205 -1.077370 -0.643048 -0.556725 -0.888550 -0.404360 -0.701792 -0.538142 -0.806975 -0.901996
-0.386590 -0.631315 -1.127173 -0.593191 -0.408914 -0.919033 -1.216732 -0.597183 -0.415820 -0.569528
-0.786869 -0.778114 -0.940484 -0.520859 -0.649944 -0.942648 -1.160337 -0.254811 -0.415382 -1.003918
-1.118462 -0.372815 -0.631992 -0.988374 -0.760555 -0.867146 -0.841236 -0.879172 -1.472798 -1.712182
-1.218740 -0.744573 -0.672960 -0.561586 -1.153759 -0.706516 -0.269959 -0.559100 -0.914646 -0.640301
-0.280718 -0.851008 -1.088140 -0.584517 -0.447672 -1.185449 -0.994278 0.047348 -1.042742 -1.397550
-0.861563 -0.309926 -0.643504 -0.734118 -0.907005 -0.868938 -0.560707 -0.087178 -0.126120 -1.330366
-1.159631 -0.776615 -0.683121 -0.846214 -0.916988 -0.669998 -0.371402 -1.223084 -1.516407 -1.499925
-1.051428 -0.974152 -0.729605 -0.343175 -1.017447 -0.717025 -0.447560 -0.696558 -0.618192 -0.237919
-0.540539 -1.089369 -0.788254 -0.559111 -0.896262 -1.058796 -0.983680 -0.443824 -0.626193 -1.033795
-0.713933 -0.376895 -0.651628 -1.009874 -0.964184 -0.517313 -0.552874 -0.617793 -0.726139 -0.916181
-0.822456 -0.760127 -0.804469 -0.761379 -0.784521 -0.647115 -0.586270 -1.468962 -1.448507 -1.446433
-1.246147 -1.027968 -0.270420 -0.580794 -0.749944 -0.736430 -0.591550 -0.265167 -0.240864 -0.471594
-0.756623 -0.661060 -0.636595 -0.391311 -1.012058 -1.333684 -0.467175 -0.682764 -0.437859 -1.007955
-0.933496 -0.769805 -0.839220 -0.653642 -0.909893 -0.783406 -0.670483 -1.149274 -0.735371 -0.326386
-0.781847 -0.661514 -0.654655 -0.871034 -0.735492 -0.812519 -0.671373 -1.225692 -1.360952 -1.437557
-1.292178 -0.632277 -0.341927 -0.452141 -0.364035 -0.360021 -0.871580 -0.798780 -0.827842 -0.365608
-0.781810 -0.622860 -0.705757 -0.496564 -0.688761 -1.075792 -0.363713 -0.811057 -1.208112 -0.535873
-0.908302 -1.156891 -0.776698 -0.612325 -0.922567 -0.984120 -0.802778 -0.686883 -0.331541 -0.413412
-1.449077 -0.950533 -0.394197 -0.880168 -0.684623 -0.696983 -0.454684 -0.895471 -1.417772 -1.478890
-1.409925 0.362875 -0.827769 -0.379133 -0.570806 -1.794243 -1.570188 -0.962336 -0.481164 0.044274
-0.504538 -0.520782 -0.577792 -0.716938 -0.798622 -0.949631 -0.780568 -0.582546 -0.724832 -0.292862
-1.118676 -1.146229 -0.773932 -0.656312 -0.769850 -0.818857 -0.748859 -0.452921 -0.576827 -1.155185
-1.127059 -0.630237 -0.458505 -0.637376 -0.522296 -0.384423 -0.690926 -1.223785 -1.259416 -1.279455
-1.057012 -0.581838 -1.575520 -0.340733 -1.070953 -2.201963 -0.908648 -1.307876 -0.900918 -0.030059
-0.325781 -0.517909 -0.764177 -0.871351 -1.222269 -0.986393 -0.126863 -0.545158 -0.998034 -0.765710
-0.734159 -0.809027 -0.764254 -0.751712 -0.816154 -0.692993 -0.732358 -0.945630 -1.073040 -0.940621
-0.247037 -0.243155 -0.928266 -0.719765 -0.684538 -0.589551 -0.838374 -1.305956 -0.883818 -1.279466
-0.190629 -1.277148 -1.136804 -1.411304 -1.790685 -0.764856 -0.388404 -0.314191 -1.206641 -1.099099
-0.297106 -0.458724 -0.632993 -0.906485 -1.125193 -0.830641 -0.284066 -0.876598 -1.085182 -0.653853
-0.482730 -0.765482 -0.712459 -0.885851 -0.813939 -0.296844 -0.828162 -0.989748 -0.556237 -0.353752
-0.400723 -0.421828 -0.873096 -0.559684 -0.315345 -0.624337 -0.776556 -1.314267 -0.672819 -1.189056
-0.010091 -0.922588 -1.331184 -1.352345 -0.581598 -0.292033 -0.688228 -1.022448 -1.538219 -1.965705
-0.488976 -0.568413 -0.501869 -0.795233 -0.806267 -0.633305 -0.995449 -0.928720 -0.454483 -0.636622
-0.712086 -0.939663 -0.968933 -0.794389 -0.658840 -0.316786 -0.417403 -0.416781 -0.343379 -0.468620
-0.640968 -0.436712 -0.585390 -0.537355 -0.470567 -0.399140 -1.750342 -1.413404 -1.157432 -1.110440
-0.627528 -0.734336 -0.841769 -0.228341 0.308518 1.085349 0.079983 -1.125903 -0.352526 -1.275144
-2.053222 -0.945012 -0.468318 -0.421552 -0.775820 -0.831309 -1.215452 -0.972084 -0.672277 -0.712547
-0.415462 -0.758667 -0.864934 -0.459914 0.074311 -0.362957 -0.565085 -0.430948 -0.465077 -0.484769
-0.628678 -0.704779 -0.377329 -0.427522 -0.463319 -0.946383 -1.094224 0.111490 -1.533157 -1.324235
-0.471840 -1.480485 -1.485082 -0.340703 -0.497591 -0.456969 -0.106179 0.429736 -0.309227 -0.195536
-1.916368 -0.873356 -0.869428 -0.522175 -0.706369 -1.359118 -1.189902 -0.929121 -0.490097 -0.583099
-0.205803 0.020480 -0.254153 -0.315076 -0.176520 -0.464983 -0.911596 -0.495741 -0.155746 -0.758380
-1.043576 -1.274367 -0.218358 -0.423511 0.339523 -0.666649 -1.091880 -1.297624 -1.278247 -0.766157
-0.596312 -1.481757 -0.862844 -0.753556 -1.706841 -1.114282 0.707564 1.905737 0.144618 -1.059363
-2.284361 -0.622181 -1.083552 -0.556079 -0.427143 -0.933168 -1.193414 -0.987403 -0.843929 -0.922013
-0.713686 -0.618065 -0.581906 -0.508337 -0.796989 -0.364985 -0.346411 -0.899457 -0.599336 -1.518416
-2.335802 -2.290872 -2.046691 0.060049 0.242930 -0.255436 -1.053051 -2.209652 0.286428 -0.570570
-0.149757 -1.072710 -2.004313 -1.443066 -0.756434 0.856055 0.018072 1.164665 -0.006168 -1.077809
-1.751759 -1.045373 -0.573582 -0.313425 -0.789996 -2.096416 -2.674532 -2.044274 -2.533026 -0.621086
0.262654 -0.864679 -1.023012 -0.575122 -0.846002 -0.021954 -0.164169 -1.586784 -1.358244 -1.370864
-1.952462 -2.050658 -1.046245 -0.843631 -1.571200 -2.354925 0.352443 0.412631 0.543896 -1.033677
-0.336489 -0.955683 -1.154541 -1.108470 -0.483430 -0.383978 0.261145 -0.645266 -0.851530 -0.683672
-1.977956 -0.796698 -0.006979 -0.043242 -1.028918 -2.881017 -2.398681 -1.965445 -1.922208 -2.451434
-1.807354 -2.297535 -1.400033 -1.087476 -1.441294 -0.843984 -1.320996 -2.035852 -1.079175 -0.050570
-0.723519 -3.038889 -1.553094 0.842339 0.057722 -0.481202 -1.336125 0.667565 0.315957 -1.614995
0.232587 -0.556639 0.576810 -0.964659 -1.419134 -0.002382 -0.423921 -2.069573 -0.811754 -0.438960
-1.127900 -0.050809 -0.001728 0.038118 -1.203751 -2.447402 -2.041355 -1.259057 -1.073043 -3.129096
-2.095521 -0.745649 -0.134515 -0.400678 -1.958026 -1.733809 -1.815319 -1.165730 0.994748 -0.403160
-2.353905 -1.818384 -0.191328 1.553154 1.167096 -0.729359 -0.882398 -1.178399 -0.693761 -1.313824
-0.342684 -0.580749 0.188290 -1.556642 -1.174381 -0.290627 -1.144568 -1.002503 -1.198198 0.555942
-0.090971 -0.793309 -0.836937 -0.563117 -0.859977 -1.634856 -2.091004 -2.024771 -1.049919 -0.449799
-1.355916 -1.727060 -2.004654 -1.298546 -0.316965 -0.902022 -1.408679 -0.603271 -0.896831 -1.166193
-1.215192 -0.103916 0.071965 -0.548103 0.896730 1.015984 -0.952464 -0.567933 -0.966494 -1.702817
-0.412066 -0.558103 -0.124700 -0.319084 -1.241968 -1.184179 -1.334706 0.474263 0.820143 -1.012993
-0.698855 -0.431202 -0.624903 -1.829798 -1.940711 -1.972781 -0.242895 -0.439121 -0.728769 -0.795818
-0.862623 -1.951517 -0.854305 -0.469761 -0.194632 -0.384966 -0.543688 0.603542 0.117385 0.073735
-0.582993 0.458007 -0.088758 -0.648068 -0.138241 0.372856 -0.496515 0.010941 -1.396733 -1.911909
-0.736245 0.864487 0.357203 -1.542572 -1.357466 -1.086863 -0.208135 -0.154511 0.330429 -1.431858
-1.624604 -0.068200 -0.405567 -1.693165 -0.794367 -0.249428 -0.796815 -0.850299 -0.516682 0.064751
-0.495817 -1.197341 0.040793 -0.903926 -0.693495 0.841020 -1.321338 -1.008183 2.391931 0.043566
-1.654014 -0.029667 1.490933 -1.721877 -1.422334 -0.129095 -0.517585 -1.282055 -0.871887 -1.413878
-0.123339 0.615075 -0.346771 -1.538029 -1.433490 -0.798949 -0.156911 0.134707 -1.198165 -1.984039
-1.229227 -0.280823 -0.502603 -1.217747 -0.298208 -1.072074 -0.844830 -0.056674 -0.692900 0.758460
-0.454496 -0.160061 -1.318163 0.374992 -0.902359 -0.180864 -0.287305 -1.497819 0.115900 -1.175968
-0.325998 -0.115620 -0.960079 -2.773458 -1.006083 0.405737 0.301687 -1.068535 -1.203551 -1.112222
-0.001838 -1.611257 -0.939629 -0.451053 -0.340977 -0.820225 -1.413075 -0.116636 -1.205662 -2.484168
0.168833 0.045296 -1.028971 -1.457291 -0.358169 -0.236854 -0.189542 -1.223041 -1.571199 -0.219510
-0.054216 1.296941 -0.860318 -1.717902 0.997441 -0.870920 0.214857 -0.767824 -1.177414 -0.842986
-0.344408 -0.819092 -0.927881 -0.933020 -0.708752 -0.226605 -0.545959 -1.726653 -1.828158 -1.451227
-0.764931 -1.430950 -0.660256 -0.475989 0.054163 -0.723359 -2.276956 -1.072957 -0.848863 -1.183216
-0.067733 0.253410 -0.882507 -1.198345 -0.765881 -0.210322 0.280797 0.503134 -1.449930 -0.971883
0.630771 0.059184 -0.795513 -1.529447 -0.971738 -0.679438 0.156716 0.843796 -0.355171 -1.304984
-0.966897 -0.931540 -0.833294 -0.193014 -0.662938 -1.706494 -1.911627 -0.991355 0.088243 -1.853131
-0.252049 -0.344295 -0.577902 -0.588559 -1.438960 -1.231822 -2.163722 -2.026217 -0.656592 0.958019
-0.008816 -0.106305 -0.510326 -0.929375 -0.176423 0.080304 -0.395344 0.806564 -0.796300 -1.222418
-0.488096 -1.287977 -0.963165 -0.227647 -1.598115 -0.763517 0.283389 -0.542398 -0.707291 -1.050454
-0.374599 -1.060406 -0.618182 0.483261 0.285984 -0.786981 -0.508187 0.856400 -0.699180 -2.198017
0.159733 -1.066190 -1.898038 -0.521390 -1.387025 -1.664806 -2.171123 -2.048094 -1.304571 -0.920122
-1.158041 -0.505529 -0.571387 -1.255997 -0.715219 0.399727 -1.174205 -1.330330 -0.853524 -1.468275
-0.930703 -1.363949 -0.789897 0.076576 -0.683000 -0.734274 -0.355791 -0.711494 -0.754747 0.558309
-0.248828 -0.893113 -0.667656 -0.354779 0.025606 -0.591459 0.110519 -0.395684 -1.680001 -1.766704
-0.562816 -1.550640 -1.033010 -0.485268 -0.622448 -2.279261 -1.030070 -0.809500 -1.969296 -2.459169
-1.201597 -0.963901 -1.040820 -0.747661 -0.806861 -0.296633 0.036383 -0.727763 -0.655509 -0.934840
-0.852286 -0.719648 -0.898076 -1.010094 -1.156158 -0.808298 -0.722978 -0.097489 -0.316891 1.007297
-0.336158 -1.485547 -0.242187 -0.301097 -0.462937 -0.789658 -0.655550 -1.066327 -0.311662 -1.383272
-1.202190 -0.910183 -0.613606 -0.578988 -0.499723 -0.367831 -0.271169 -0.474150 -0.342921 -0.440138
-0.438901 -0.339421 -0.296114 -0.335118 -0.817120 -0.449289 -0.622416 -0.644635 -0.396718 -0.383407
-0.290042 -0.309606 -0.339640 -0.235661 -0.349316 -0.270582 -0.419563 -0.452168 -0.328423 -0.273480
-0.506883 -0.465543 -0.501735 -0.533516 -0.368806 -0.373789 -0.328494 -0.309078 -0.305969 0.007938
-1.051412 -0.493551 0.074616 0.040588 0.107418 0.214918 -0.109869 -0.128591 0.039522 0.178752
0.123007 0.220509 0.200883 0.096810 0.016599 -0.320458 -0.103540 -0.232326 -0.375749 -0.157020
-0.102764 -0.145316 -0.057465 -0.035639 -0.188823 -0.133095 -0.123939 -0.095376 -0.076911 -0.127778
-0.067307 -0.151998 -0.153532 -0.321951 -0.167656 -0.169137 -0.173895 -0.040923 -0.051624 -0.082104
-0.819766 -0.225364 0.453993 0.309700 0.225230 0.225394 0.025321 0.035770 0.132478 0.308761
0.224415 0.130712 0.112045 -0.112764 0.193438 -0.270657 0.044372 -0.046469 -0.085762 -0.065434
0.002945 -0.010071 0.071759 0.088364 0.074077 -0.006610 0.071121 0.149580 0.071756 0.086628
0.252874 0.222398 0.143636 0.033594 -0.004276 -0.208747 -0.237622 0.055267 0.142876 -0.165779
-0.740105 -0.098138 0.437806 -0.270243 -0.591943 -0.241967 0.143444 0.153357 0.346722 0.390063
0.337629 0.159318 0.194712 -0.154301 0.213504 0.245773 0.226041 0.213181 0.094832 0.118164
0.138301 0.166444 0.147464 0.205432 0.345917 0.352866 0.354281 0.324396 0.308743 0.341412
0.309135 0.349114 0.198737 0.262873 0.267798 0.182883 0.259604 0.363222 0.196816 -0.131530
-0.798295 -0.188068 0.387762 -0.394523 -0.534974 -0.430450 -0.096597 0.156617 0.168548 0.086811
0.254017 0.331454 0.441551 0.241542 0.217706 0.388100 0.265226 0.356124 0.243908 0.248047
0.014003 0.098726 0.219060 0.191142 0.115703 0.065783 0.152479 0.131072 0.124143 0.254785
0.069405 0.076090 0.095854 0.161727 0.192677 0.264067 0.304241 0.295888 0.063690 -0.185937
-0.836571 -0.197121 0.478605 0.382853 0.755921 0.804360 0.463558 0.400588 0.329734 0.046711
0.266117 0.203737 -0.128578 0.074388 0.129714 0.394809 0.343123 0.207968 0.233566 0.085233
-0.117006 -0.010762 0.335653 0.332151 0.033631 -0.431775 -0.194003 0.133795 0.183297 0.076299
0.066600 0.036121 0.103890 0.141373 0.176538 0.261035 0.259328 0.320008 0.043482 -0.213460
-0.780727 -0.227253 0.364967 0.304830 0.494666 0.619246 0.600518 0.425536 0.518119 0.584489
0.374144 0.047002 -0.576787 -0.185184 0.030928 0.282133 0.316013 0.333425 0.332243 0.072425
0.006037 0.098973 0.329415 0.377013 0.205953 0.016619 -0.011651 0.196290 0.333771 0.117573
0.156720 0.138378 0.103540 0.138618 0.166966 0.138368 0.131201 0.308888 0.121434 -0.128094
-0.718006 -0.386866 -0.074724 -0.045311 0.152166 0.360902 0.396321 0.296136 0.358218 0.612420
0.495017 0.461276 0.122336 0.161723 0.281118 0.292154 0.122494 0.108182 0.238913 0.310545
0.174962 0.055272 0.006376 0.117046 -0.120242 0.137113 0.261888 0.251776 0.264688 0.255474
0.225378 0.262802 0.221412 0.075570 0.197284 0.228121 0.129417 0.065222 0.094693 -0.018238
-0.510008 -0.218335 -0.065990 -0.038805 0.102857 0.184058 0.165629 0.165932 0.187778 0.203813
0.158239 0.152172 0.161074 0.260983 0.329334 0.257094 0.123507 0.235712 0.345692 0.349340
0.193751 0.201631 -0.089418 -0.034581 -0.054817 0.073234 0.151099 0.073968 0.039478 0.133754
0.116852 0.257362 0.235235 0.136527 0.288424 0.212102 0.062555 0.154664 0.155967 0.001543
-0.437820 -0.051318 0.285887 0.183089 0.329156 0.158542 0.253908 0.393196 0.465250 0.181759
-0.300195 -0.102588 0.028889 0.222977 0.501699 0.566941 0.280308 -0.004986 0.179026 0.124161
0.169348 0.355347 0.281544 0.085485 0.142854 0.298040 0.294484 0.027001 0.065272 0.100310
0.153081 0.232981 0.164951 0.053058 0.225212 0.187785 0.086544 0.254736 0.195226 0.000558
-0.499573 0.007017 0.493944 0.361409 0.378153 0.185110 0.250202 0.250996 0.461550 0.427125
0.004761 0.140597 0.282186 0.418745 0.543172 0.694392 0.394438 -0.161071 -0.492334 -0.409221
0.148423 0.383575 0.323212 0.334409 0.430376 0.381156 0.176382 -0.014486 0.037310 0.033390
0.035527 0.126535 0.234558 0.152143 0.226694 0.227104 0.261999 0.375555 0.076582 0.000014
-0.575866 -0.133193 0.329313 0.335424 0.338879 0.274875 0.293462 0.103776 0.287703 0.370071
0.404315 0.316688 0.385825 0.579948 0.300714 0.622367 0.470101 0.237067 -0.021565 -0.235929
-0.035841 0.243588 0.170424 0.232722 0.225276 0.177060 -0.137212 -0.258797 -0.208455 -0.097876
-0.158718 -0.026986 0.186550 0.249656 0.228662 0.170689 0.108068 0.130965 -0.317185 -0.095919
-0.557642 -0.017534 0.278515 0.194877 0.365780 0.418884 0.390937 0.152509 0.241250 0.231696
0.107690 0.175279 0.444189 -0.120279 -2.843942 -2.392495 -0.748760 0.211519 0.548219 0.370180
0.173024 0.251772 0.206572 0.174996 -0.059771 -0.060326 0.087526 0.113927 0.175793 -0.026503
-0.204355 -0.140087 0.092749 0.220150 0.098480 0.103694 0.114300 0.151811 -0.432181 -0.217341
-0.594526 -0.033710 0.423868 0.187727 0.414529 0.391387 0.184440 0.000381 -0.019195 0.144535
-0.136995 0.189691 0.459577 -0.745785 -3.648987 -3.599886 -2.896865 -0.916822 0.419166 0.484907
0.227478 0.209562 0.197645 0.138819 0.118160 0.107254 0.276904 0.265033 0.413512 0.375705
0.162695 -0.036256 -0.040466 0.134763 0.047141 0.173350 0.319541 0.277809 -0.409803 -0.179757
-0.660036 -0.170225 0.315855 0.343035 0.547752 0.372865 0.025086 -0.098685 0.002613 0.350468
0.063907 0.289475 0.499863 -0.448845 -1.673053 -1.717342 -2.377465 -1.447003 0.103127 0.395238
0.111299 -0.001662 0.223209 0.299669 0.315160 0.239230 0.233213 0.253397 0.171466 0.261666
0.311162 0.290037 0.127103 0.180318 -0.017930 0.208024 0.320859 0.196517 -0.596696 -0.296649
-0.546684 0.049798 0.482219 0.407395 0.401074 0.420675 0.243297 0.314948 0.227599 0.369754
0.327261 0.354155 0.461675 0.121183 -0.221287 -0.011370 0.116534 -0.079953 0.272146 0.231537
0.179588 0.238955 0.278342 0.395697 0.329890 0.328736 0.234574 0.207889 -0.215591 -0.189158
0.065648 0.200887 0.078982 0.152748 0.079654 0.101715 0.141606 0.076578 -0.345123 -0.146583
-0.759573 -0.067556 0.349543 0.415347 0.300609 0.355400 0.311283 0.263949 0.219625 0.267616
0.232334 0.120597 0.283367 0.223108 0.253278 0.469517 0.350889 0.209001 -0.105657 -0.014504
0.144014 0.203987 0.104279 0.214064 0.125617 0.249960 0.194261 -0.044817 -0.370868 -0.535658
-0.001456 0.218102 0.303294 0.240535 0.241543 0.317828 0.264341 0.096562 0.029204 0.047824
-0.745719 -0.049043 0.331178 0.295097 0.126360 0.205425 0.374739 0.255637 0.284917 0.283804
0.086851 0.087387 0.325143 0.196626 0.139720 0.405465 0.427977 0.336859 0.079139 0.015653
0.249889 0.212462 0.151028 0.205499 0.222330 0.351662 0.258040 0.192241 0.150336 0.007613
0.165204 0.242273 0.279022 0.321222 0.315523 0.339422 0.318020 0.276795 0.185595 -0.014116
-0.608224 0.025996 0.498452 0.200466 0.093929 0.155582 0.391006 0.399186 0.332255 0.202942
0.073877 0.126831 0.203371 0.044261 -0.129245 0.071951 0.311921 0.128401 0.043959 -0.105059
0.183224 0.328265 0.322340 0.345180 0.215986 0.330259 0.312382 0.237499 0.259318 0.138537
0.116684 0.220570 0.187626 0.179591 0.233314 0.223810 0.255772 0.321516 0.177005 -0.123191
-0.661686 0.103890 0.534588 0.359463 0.252667 0.339264 0.534612 0.469229 0.377935 0.256375
0.178147 0.200567 0.205490 0.207350 0.107477 0.124681 0.208662 -0.110430 -0.100439 -0.071389
-0.013009 0.240964 0.373285 0.354320 0.200929 0.238238 0.392526 0.350355 0.155825 -0.199584
-0.225376 0.111155 0.103141 0.076601 0.179702 0.024943 0.079164 0.263910 0.136371 -0.092644
-0.600421 0.139790 0.450286 0.764816 0.557524 0.185241 0.277235 0.476521 0.571118 0.503849
0.253911 0.161098 0.241987 0.253738 0.276257 0.312957 0.290582 0.176957 0.066743 -0.014647
-0.175247 0.035579 0.190166 0.171457 0.168712 0.237136 0.341388 0.351790 0.260277 0.112841
0.153230 0.196321 0.160037 0.202548 0.274808 0.227270 0.233778 0.435780 0.266151 0.052710
-0.569178 -0.570691 0.793074 0.940623 -0.175158 -1.569172 -1.578142 -1.901978 -0.895934 0.185535
0.451266 0.109392 0.072310 0.132362 0.177431 0.357798 0.219478 -0.007940 0.043147 0.107377
0.094132 0.125832 0.158702 0.159033 0.138831 0.177924 0.170153 0.224489 0.326751 0.415141
0.430842 0.137433 0.058020 0.354688 0.398232 0.352517 0.329553 0.512919 0.425917 0.209746
-1.498231 -2.334980 0.271505 -0.769160 -1.888532 -2.018213 -0.721455 -1.486008 -1.451936 -0.875566
0.459391 0.134442 0.127693 0.082663 0.149031 0.322332 0.224238 -0.001869 0.041753 0.169061
0.193010 0.088627 0.157970 0.259787 0.272927 0.235217 0.131211 0.199929 0.280468 0.311933
0.254532 0.278684 0.284095 0.497949 0.596973 0.497705 0.389227 0.485257 0.320293 0.145427
0.339063 -0.877225 0.096959 -1.344065 -1.649389 -0.863539 0.109418 -0.176777 -1.135621 -1.334590
0.087599 0.186896 0.255937 0.097289 0.163198 0.186675 0.190623 0.383575 0.433263 0.263489
0.224203 0.017505 0.057736 0.393177 0.413364 0.355676 0.279611 0.308855 0.357584 0.290870
0.284887 0.351287 0.516990 0.652507 0.646190 0.556301 0.615608 0.687833 0.383473 0.180445
0.443292 -0.294483 0.571240 -0.231137 -0.437433 -0.046254 0.883892 0.410013 -0.988653 -2.177382
-1.592968 -0.332499 0.499527 0.141252 -0.048086 0.064495 0.233195 0.399724 0.459470 0.279635
0.339339 0.080456 0.164646 0.458560 0.345234 0.162722 0.237874 0.217048 0.348982 0.416181
0.437939 0.413705 0.761640 0.829499 0.829524 0.891008 1.003159 0.256747 -0.946299 -1.017014
0.471019 0.456476 0.412238 -0.156746 0.501730 0.557038 0.785942 0.314240 -0.589365 -1.004693
-1.540698 -1.135608 0.294765 0.207628 0.025328 0.020073 0.355017 0.358703 0.397476 0.280938
0.351392 0.168018 0.174177 0.365054 0.273444 0.238902 0.397345 0.558465 0.640846 0.484747
0.529738 0.655003 1.151824 1.083372 1.018647 0.765867 0.668163 -0.752839 -1.157396 -0.394477
0.551188 0.897736 0.535494 -0.375277 -0.032813 -0.316770 0.053323 0.471679 -0.199564 -0.348956
-1.038599 -1.386868 0.407500 0.424979 0.278388 0.190158 0.370945 0.165514 0.422079 0.155456
0.328802 0.334959 0.471642 0.515790 0.379663 0.451083 0.511483 0.597953 0.754390 0.678937
0.741849 0.730883 0.748954 0.643799 0.587378 0.837145 -0.110625 -1.368187 -0.875066 0.224909
-0.017382 0.167687 0.145525 -1.071499 -0.352409 -0.180911 0.284640 0.617966 0.763954 -0.138202
-1.255924 -1.822783 0.529639 0.625891 0.481721 0.504651 0.640785 -0.113994 0.206298 -0.088273
0.726912 0.798371 0.846774 1.000038 0.837174 0.753368 0.538629 0.493485 0.799077 1.109106
0.789704 -0.637433 -2.176404 -1.616208 -0.710959 0.765074 0.097329 -1.076089 -0.889514 0.486734
0.216647 0.056038 0.385362 -0.073906 0.378998 0.191190 0.225401 0.257206 0.383502 -0.422097
-1.334137 -2.275983 0.146686 0.416998 0.530630 0.669024 0.292539 -2.376864 -2.083946 -2.286482
0.129935 0.999942 0.688752 0.360336 -0.024151 0.332874 0.735055 0.664892 0.701011 0.767363
-0.309925 -1.825862 -1.650952 -1.383101 -0.855239 -0.362839 -0.773444 0.041928 0.244128 0.504677
0.464911 -0.037701 -0.074052 -0.088677 -0.587065 -0.629120 -0.295579 -0.090172 -0.620948 -0.638142
-0.905613 -1.994472 0.505061 1.036244 1.069932 1.039680 -0.169579 -2.743395 -2.560380 -3.093125
-0.192219 0.580795 -0.668498 -2.934596 -3.247828 -1.589886 0.469005 0.549704 -1.466593 -1.858041
-0.869991 -0.820751 -0.730794 -0.508973 -0.064033 -0.606148 -0.919954 0.071969 0.563587 0.505846
0.091279 -0.584576 -0.203686 0.508692 0.245951 -0.728400 -0.094023 0.128558 -0.416406 0.262659
-0.329539 -1.678807 0.552423 1.042417 0.656953 1.039361 -0.754242 -1.510530 -0.803379 -1.534966
-1.195889 -0.672867 -1.156795 -1.594113 -1.264216 -1.686892 -0.250935 -0.509326 -2.101818 -1.317817
-0.172426 -0.950437 -0.785065 0.168247 0.479390 -0.462876 -0.923620 0.000704 0.636446 0.508905
0.467292 0.759525 0.975314 1.219762 0.641489 -0.241898 -0.118284 -0.189015 -0.943176 -0.314938
-0.355490 -0.698320 -0.836528 -1.345084 -1.391030 0.233290 -0.597745 -0.970333 0.081192 0.284738
-0.190090 -0.526770 -0.129896 -0.241571 0.028307 -0.460471 -0.049354 -0.247602 -1.644966 -0.597165
0.419258 0.018515 0.088399 0.364562 0.349030 0.659699 -0.194784 0.356135 0.759445 0.280762
0.316352 0.210700 -0.081954 0.362486 0.667844 0.301125 0.006338 -0.725514 -0.023995 0.093103
-0.298522 0.305136 0.199258 -0.356427 -1.493783 -0.467018 -1.423570 -1.205832 0.232369 0.492755
0.366792 0.459741 -0.011036 -0.126079 0.156875 -0.552824 -0.896426 -0.447009 -0.566169 0.182034
0.685262 -0.305000 -0.814792 -0.400125 0.553386 0.968455 0.613025 0.846385 1.529623 0.701393
0.420274 0.299997 -0.007453 0.172313 0.830359 0.508632 -0.110496 -0.372207 0.466487 1.464072
0.553646 1.020187 1.502542 0.524139 -0.538377 -0.044407 -0.308850 0.284679 1.611172 0.693846
-0.440807 0.069411 -0.954936 -0.627204 -0.705971 -0.234484 -0.624399 -0.364032 0.759049 1.846268
1.550634 -0.064444 0.084632 0.127551 0.602658 0.631929 0.649949 0.988569 1.090378 0.617156
-0.216281 0.146288 1.179369 1.372675 1.018500 0.424069 0.093500 0.330876 0.568429 0.910446
0.688631 0.511297 1.068230 0.297771 -0.384016 -0.809068 0.236745 1.196340 1.328476 0.005740
0.202632 0.525213 -1.296651 -0.933192 -0.499578 0.101894 -0.416379 -0.337845 0.548568 1.619537
1.132503 0.620699 0.599110 -0.011671 -0.484522 -0.494493 0.157547 0.851834 0.545060 0.008110
-0.168375 0.522937 0.650202 1.068442 0.669776 0.213189 0.513888 0.515226 0.519776 0.786182
-0.214753 0.235941 0.465498 0.678233 0.525867 0.144198 0.749645 0.930902 0.462785 0.089672
1.145305 0.793578 0.198613 -0.332793 0.348217 1.419520 0.796916 0.098407 -0.427670 0.747491
0.232209 0.259096 0.129163 -0.905621 -1.346382 -0.972802 0.003623 1.371315 0.544607 -1.149631
0.024509 0.603312 -0.730841 -0.606346 -0.343106 0.525142 0.745549 0.592740 0.176055 0.289669
-0.681729 0.136217 1.119092 1.187541 0.891314 1.041004 1.197581 0.944933 -0.027796 0.075024
1.140747 1.117325 0.844794 0.648795 1.082979 0.598183 0.414523 -0.093479 0.260407 0.811064
0.330104 0.685873 1.134111 0.258948 -0.054235 -0.632337 -0.768695 -0.129116 -0.432087 -0.904434
-0.001622 0.306376 -0.086147 -0.162390 -0.554078 0.428614 0.923345 -0.738902 -1.488619 -0.453423
0.179069 0.135791 1.114584 1.081308 0.855594 0.880316 0.730153 1.004017 1.074141 0.479448
0.919228 1.077836 0.932534 0.749290 0.752173 -0.676734 0.345674 0.413241 -0.243647 -0.751467
-0.790721 0.476835 0.457061 0.137185 -0.322837 -0.858153 -0.083226 0.119882 0.476464 0.448566
0.596270 1.314387 0.899480 -0.083738 -0.465872 0.557328 1.120703 -1.791554 -2.393626 -1.028239
1.184165 0.787353 1.058447 1.281454 0.680348 0.432287 1.168166 0.985897 1.094765 0.327510
0.267568 0.013970 -0.454549 -0.559595 0.019963 -0.825972 0.546946 1.629168 0.270033 -0.159124
-0.104094 0.754730 0.826044 0.945392 1.025268 0.673807 1.079391 1.522868 1.782862 0.824325
0.677109 1.566151 1.337288 0.229855 -0.121301 1.059570 1.295576 -0.493942 -1.097497 -0.350570
1.362980 1.011839 0.940601 1.373939 0.142365 -0.674625 -0.370782 0.018490 1.002156 0.100294
-0.015386 0.870618 0.883993 0.698058 0.753718 0.527262 1.135572 1.689144 1.016067 0.916384
1.301503 1.121747 1.089578 1.151094 1.010617 1.037677 0.996801 0.876470 0.706081 0.157462
-1.004100 -1.312903 -0.618382 -0.097704 0.008327 -0.094022 -0.111622 -0.057336 0.090893 -0.041154
0.039660 0.025637 -0.131752 -0.248157 0.021955 0.095017 -0.252879 0.156497 -0.102767 -0.096920
0.076811 0.043985 0.210164 0.102175 -0.047064 -0.079171 -0.039112 0.206024 -0.021674 -0.496840
0.079652 0.382366 0.037815 0.145116 -0.152083 -0.096582 -0.119372 -0.066351 -0.152287 -0.512648
-1.007103 -1.162747 -0.714735 -0.041505 0.154952 -0.661686 -0.855119 -0.332005 0.089506 -0.432994
-0.164578 -0.211414 -0.517450 -0.601338 -0.530424 -0.083917 -0.573550 -0.185901 -0.066990 -0.148353
-0.197128 -0.205522 -0.137905 -0.321986 -0.338530 -0.383736 -0.403173 -0.102912 -0.286047 -1.052391
-0.699380 0.154164 -0.223809 -0.009233 -0.256797 -0.397482 -0.496094 -0.493900 -0.874487 -1.830782
-1.545522 -1.063674 -0.583912 0.044008 0.078236 -0.706615 -0.758470 0.186230 0.110524 -0.296809
-0.159819 -0.049384 -0.272735 -0.496789 -0.622986 -0.247388 -0.376680 -0.312555 -0.016012 0.036100
-0.056078 -0.086225 -0.046778 -0.277481 -0.342750 -0.024607 -0.119829 -0.191481 -0.383702 -0.383801
-0.386888 -0.168945 -0.042545 -0.229967 -0.230603 -0.392709 -0.057451 -0.245955 -0.815436 -1.184890
-1.693231 -0.789709 -0.463548 -0.369128 0.079387 -0.124530 -0.326251 0.047962 0.224425 0.073845
-0.322141 -0.021253 -0.019806 -0.380260 0.048846 -0.173552 -0.106710 -0.141151 0.043923 0.046933
0.084913 -0.189115 0.122959 0.168086 0.116530 0.259285 0.148163 -0.204355 -0.342888 0.047161
0.166502 -0.117469 0.069072 -0.045607 -0.298039 -0.258247 0.203485 -0.020324 -0.542153 -0.881526
-1.551583 -0.808117 -1.208954 -1.700263 0.066074 1.251326 0.017790 -0.292154 0.527591 0.355506
-0.114010 -0.000239 -0.103547 -0.382791 0.287828 -0.022238 0.144072 0.011740 -0.160247 0.300980
0.098917 -0.100044 -0.030405 0.222258 0.464448 0.290773 -0.131511 -0.087425 0.100652 0.091381
0.121616 0.152521 0.043300 0.127845 -0.144436 -0.089490 0.043692 0.000224 -0.266851 -0.865825
-1.682018 -0.778216 -0.854599 -1.025682 -0.171225 0.484034 0.083500 0.055779 0.060093 0.123222
0.399521 -0.094246 -0.175254 -0.159666 0.167634 -0.013589 0.167090 0.021713 0.040691 0.090682
-0.005573 0.411297 0.016588 -0.132579 0.149198 0.171602 0.004447 -0.130475 0.161101 0.212879
-0.150406 0.117911 -0.024970 0.100059 0.011396 -0.001481 -0.102876 -0.180877 -0.141881 -0.793501
-1.631472 -0.612239 -0.653231 -0.515339 -0.212561 0.068163 0.266961 0.310526 -0.210385 -0.227080
0.384576 -0.556493 -0.190784 0.259033 0.036142 0.125863 -0.072951 -0.085481 0.121374 -0.047869
0.434498 0.669854 0.271381 -0.209987 -0.755252 -0.285065 0.624694 0.071201 -0.282285 -0.126440
0.044990 -0.085203 0.071224 0.091449 0.018277 0.084510 0.156104 -0.219317 -0.458726 -0.622429
-1.561652 -0.667613 -0.754148 -0.151164 0.320787 0.141793 -0.032447 0.251666 0.160218 -0.139935
-0.207003 -0.195529 -0.009120 0.558869 -0.060369 0.094633 -0.148667 0.057802 0.254218 -0.048374
0.164884 0.597092 0.268384 -0.351772 -0.252675 -0.040025 0.356977 0.248933 -0.184087 -0.284552
0.072834 -0.018957 -0.030403 0.034464 0.211071 0.045503 -0.081459 -0.050201 -0.189865 -0.531948
-1.678584 -0.987205 -0.704012 0.176548 0.246081 -0.181914 -0.327898 0.116346 0.473154 0.256536
-0.097876 0.065867 0.209642 0.069715 -0.099475 0.031222 0.026774 0.267152 0.512422 0.114881
-0.270748 -0.007200 0.063446 -0.072562 -0.202876 0.282448 0.288491 0.040464 -0.100812 -0.037311
-0.016898 0.017848 -0.111726 0.013467 0.287269 -0.132210 -0.267366 0.079082 0.076116 -0.768480
-1.674437 -0.965696 -0.671515 0.102209 0.091536 -0.321251 -0.121493 0.128270 0.074154 0.033760
0.019877 -0.095871 0.228314 0.183753 -0.063782 0.133898 0.476399 0.487234 0.090997 -0.104441
-0.262150 -0.212295 -0.331553 0.101041 0.311885 0.371801 -0.159016 -0.254410 0.096996 0.118752
-0.189394 -0.164925 -0.106638 0.055009 0.042559 -0.391035 -0.095608 0.297899 -0.124127 -0.955424
-1.799525 -0.803623 -0.497666 -0.048759 0.196055 -0.177063 0.112841 0.173876 -0.278690 -0.508763
-0.025334 0.560287 0.117975 0.145958 0.036703 0.050972 0.180728 0.013312 0.318232 0.138741
-0.026067 -0.117049 -0.187809 0.028615 0.580146 0.273581 -0.331049 -0.342220 0.395626 0.048773
-0.164154 -0.274571 -0.297615 -0.116843 0.092331 -0.121376 0.105313 0.171019 -0.364365 -0.956135
-1.676274 -0.614209 -0.299131 -0.163486 0.000640 -0.048759 0.150411 0.030856 0.039088 0.017361
0.184227 0.496953 0.370001 0.381322 -0.216146 -0.601674 -0.152565 -0.669930 -0.240865 0.539197
0.444468 -0.111568 0.108663 0.330063 0.149426 -0.051739 -0.299378 -0.101762 0.520096 0.147471
-0.242005 -0.154445 -0.144563 -0.125352 0.108674 0.102378 0.191847 0.016326 -0.543825 -1.050256
-1.602996 -0.752204 -0.320270 0.103951 -0.014935 -0.078258 0.066509 -0.060211 0.197580 0.313615
0.263008 0.017836 0.371287 0.127006 -0.564965 -0.936537 -0.766915 -1.057467 -0.426854 0.331196
0.320633 0.001417 -0.146222 0.017780 -0.030568 0.248416 -0.070176 -0.014757 -0.053543 0.058982
-0.032048 0.235482 0.037617 -0.193250 -0.107428 -0.093892 0.144617 -0.025644 -0.745852 -1.224201
-1.489465 -0.782715 -0.657398 0.016393 0.439326 0.062358 0.194048 0.378383 -0.114198 -0.055992
0.039099 0.020876 -0.022999 -1.058179 -1.162118 -0.249592 -1.385921 -2.665479 -0.488131 -0.163933
-0.039577 0.005427 -0.027107 -0.068328 -0.309331 0.397302 0.437261 -0.036162 -0.245783 -0.281113
0.106663 0.243607 0.079403 -0.129299 -0.237897 -0.021575 0.073783 -0.113692 -0.869442 -1.436472
-1.666570 -0.717624 -0.431798 0.010391 0.547547 -0.234961 0.025039 0.626910 0.130340 -0.576360
-0.123042 0.544024 -0.605633 -2.076258 -1.545234 1.084162 0.468100 -0.900176 0.021218 -0.671020
-0.165414 0.186967 0.153302 0.139843 0.011448 0.075847 0.446298 0.045169 0.061734 -0.077938
-0.067374 -0.107895 -0.010909 -0.008122 0.022945 0.198606 -0.040459 -0.386802 -0.867648 -1.164002
-1.688017 -0.587359 -0.079315 0.187311 0.400099 -0.293312 -0.208954 0.464634 0.317492 -0.276720
-0.081803 0.367768 -0.155431 -0.489781 -1.168175 -0.921652 0.411507 0.995310 0.012676 -0.614202
-0.145512 0.252280 0.369269 0.033262 -0.042836 0.106551 0.359781 0.140334 0.003598 -0.029185
-0.142089 -0.302528 -0.172011 0.200678 0.172419 0.161543 -0.264734 -0.567556 -0.477921 -0.343678
-1.515100 -0.548651 -0.110160 -0.103789 0.157580 0.008677 0.055453 0.171085 -0.007424 0.353391
0.145143 0.013774 0.146478 0.019557 0.048126 -0.012139 -0.109456 -0.188075 0.077609 -0.015328
0.043625 0.058421 0.111837 0.074489 0.018050 0.177393 0.108932 -0.094766 -0.323019 0.170715
0.069256 -0.160987 -0.260143 0.212523 0.084890 -0.039338 -0.152521 -0.222947 -0.072082 -0.425749
-1.699755 -0.565741 -0.264556 -0.076479 0.136311 0.050160 -0.186973 0.118814 0.594651 0.329534
-0.001253 -0.041053 0.210955 0.056645 0.084270 0.135780 0.201168 -0.362151 -0.287920 0.359306
0.151803 -0.098399 -0.109344 0.114813 -0.016490 0.136105 -0.112821 -0.295305 -0.061765 0.234211
0.371624 -0.034160 -0.018995 -0.144606 0.003382 0.050155 -0.182206 -0.006297 0.000300 -0.794554
-1.693438 -0.716012 -0.400850 -0.221214 0.139406 0.210026 -0.137142 0.306988 0.464204 0.032251
-0.103118 0.224474 0.187314 0.051802 0.328936 0.383196 0.070004 -0.136347 -0.011108 0.250113
0.047595 -0.255684 -0.118715 0.165643 0.089272 -0.179711 -0.183142 0.275779 0.265144 0.301296
0.116017 -0.106056 -0.015864 0.035026 0.031070 -0.029916 -0.072061 -0.014315 -0.095843 -0.719359
-1.605349 -0.712420 -0.564082 -0.133018 0.447792 0.299043 0.137497 0.296366 0.284468 0.214911
0.329545 0.333786 0.037132 -0.167925 0.014128 0.428843 -0.096811 -0.125128 0.326831 0.201736
0.178766 -0.240678 -0.116106 -0.072676 -0.030669 0.047312 -0.162253 0.101442 0.296139 0.188842
0.262720 -0.026882 -0.227757 0.054590 0.084825 -0.012625 0.025030 0.201079 0.055264 -0.576107
-1.367470 -0.774830 -0.416318 0.466895 0.366742 -0.011504 0.278065 0.312055 -0.093901 -0.118150
0.183163 0.403568 -0.041920 0.002002 0.075403 0.276279 -0.129673 -0.286128 0.193690 0.063539
0.075714 0.196757 -0.056101 -0.201052 0.036783 0.181089 -0.005058 -0.107612 0.042718 0.021993
0.246390 0.100811 -0.353506 0.147818 0.414960 0.065524 0.364293 0.086948 -0.048521 -0.316209
-0.782568 -1.051427 -0.767419 0.367776 -0.828568 -0.389056 -0.184563 -0.766998 -1.508518 -1.187797
-0.292201 0.160273 -0.029404 0.220505 0.163157 -0.064433 -0.130923 -0.094377 0.099935 0.081296
-0.016086 0.352455 -0.072661 -0.106777 0.038304 0.038347 0.192429 0.156146 -0.087323 0.028220
0.003744 0.166676 0.341250 0.374270 0.489421 0.291188 0.258355 0.207789 0.306394 -0.240144
-0.559907 -1.168463 -1.320860 -0.854159 -0.745380 -0.446602 -0.298785 -1.688616 -1.803557 -2.608867
-0.901415 -0.351680 0.077936 0.270210 0.150875 -0.141056 -0.636299 -0.191521 0.469886 0.322177
0.049457 0.052039 -0.139862 0.051761 -0.005653 -0.031152 0.195428 0.271118 0.153062 0.105231
0.045435 0.214677 0.576418 0.456026 0.180175 0.375840 0.550716 0.685335 0.029992 -0.335271
-1.573727 -2.244565 -1.471416 -0.877467 0.488912 0.368402 -0.789406 -1.351432 -1.254572 -1.162149
-1.012564 -0.682254 0.043643 0.112326 -0.019485 -0.285368 -0.336504 -0.020061 0.161706 0.189098
0.171761 0.110109 0.161466 0.393914 0.333444 0.151489 0.152839 0.312265 0.151373 0.126369
0.286915 0.302368 0.462387 0.421309 0.018758 0.370824 0.837529 1.049168 0.364235 -0.802449
-1.039738 -0.952427 -0.234308 -0.350507 -0.020365 -0.822981 -0.716503 -0.495584 -0.566128 0.222329
-1.223348 -1.466973 -0.589814 -0.182575 0.032345 -0.210607 0.139914 0.311260 -0.205197 -0.118136
0.296181 0.452574 0.497569 0.460735 0.233082 0.365231 0.281441 0.272132 0.170795 0.242333
0.459589 0.460153 0.399239 0.316950 0.278097 0.874577 1.224441 0.535746 -0.359982 -1.516100
-0.714519 0.461368 -0.131362 -0.047780 0.008835 -0.705699 -0.733998 -0.286929 -0.356154 -0.022331
-0.978449 -1.871130 -0.890570 -0.435820 0.096326 0.419910 0.398652 0.129394 -0.008760 0.524654
0.645336 0.560202 0.579471 0.166217 -0.007535 0.216540 0.312260 0.061704 0.419519 0.759411
0.507661 0.385536 0.430448 0.338444 0.916688 1.215699 0.822677 -1.209919 -1.583183 -0.630369
-0.533678 0.343890 -1.440929 -0.382988 0.776192 0.226941 0.000293 0.041184 -0.049202 -0.760895
-1.365442 -2.387990 -1.373483 0.072656 0.237122 0.519516 0.646209 0.331283 0.296286 0.306051
0.140664 -0.126108 -0.091599 0.005336 0.394232 0.344422 0.545484 0.512644 0.319200 0.591276
1.069321 0.949303 0.267501 -0.184924 -0.156045 -0.056435 -0.304170 -1.674444 -0.405094 0.489321
-0.399326 -0.194501 -1.500637 -1.787898 0.315108 0.978080 0.250734 -1.184485 -0.634278 -0.939361
-1.578960 -2.876982 -1.350792 0.127321 0.247527 0.872247 0.617895 0.269239 0.182113 -0.414543
-0.504201 -0.057310 0.133091 0.349975 0.460778 0.306791 0.461481 0.567365 0.464160 0.759832
1.192993 0.564178 -0.346536 -2.185831 -2.037143 -1.515588 -0.774655 0.671355 0.619990 0.678428
-1.086532 -0.776719 -0.890405 -1.520458 1.021024 0.685591 0.584841 -0.499770 0.056803 -0.192505
-1.760627 -2.430868 -1.081747 -0.090374 0.651094 1.062877 0.570822 0.136895 -0.530423 -2.558443
-1.482055 0.008648 0.857079 0.360797 0.164994 -0.332777 -0.310565 0.734231 0.592713 -0.249980
-0.413019 -0.937153 -1.931645 -1.397634 0.323364 0.751818 -0.775037 -2.056041 -0.657410 -0.295708
-0.896710 -0.422148 0.240095 -0.480820 -0.990782 -0.646164 1.002707 -0.008631 -0.137997 -0.348018
-1.523649 -2.577308 -1.243834 -0.187832 0.346865 0.916438 0.042798 -1.890461 -2.903147 -2.324863
-0.346004 -0.028996 -0.233858 -1.072885 -1.915284 -0.721188 -0.296378 -0.150098 -0.678472 -1.317231
-2.682343 -0.909317 -0.359871 -1.073949 1.041169 0.368249 0.155987 -0.342342 -1.070102 -0.455929
-0.987509 -0.372794 -0.334799 0.646170 -0.756449 -1.953009 0.786055 1.006903 0.025298 -0.252427
0.398562 -0.946155 -0.568208 -0.371281 -0.005890 -0.086634 -1.547929 -2.450016 -1.931702 -0.683554
0.485761 -1.588527 -2.539125 -2.012371 0.382909 -0.090838 -0.932257 -1.141114 -2.398434 -2.655059
0.157996 -0.384730 -0.158124 -0.572512 -0.050440 -0.062489 0.248619 -0.384949 -0.634790 -1.420963
-1.029679 -0.160539 -0.010560 0.222618 -0.097528 -1.175585 -0.373494 0.259995 0.824063 0.337124
-0.973787 -0.401208 0.012725 -0.702191 -1.092990 -1.044308 -1.463210 -0.636529 -0.017530 -0.404321
-1.014635 -1.409429 -1.447033 0.954737 0.943016 -1.657140 -1.430688 -2.138625 -1.816384 -0.253850
0.970455 -0.566724 -0.550154 0.131944 -0.321578 -0.421308 0.360249 -0.285494 -1.063793 -0.346157
-0.858723 0.094730 0.031947 -0.527278 0.045339 -0.260564 -0.965329 -0.935962 -0.151739 0.953118
-1.263984 0.554653 -0.235257 -1.056814 -0.883161 -0.285746 -1.546209 -1.477910 0.712438 -0.220639
-1.372480 -1.047733 -0.100589 0.126689 -0.364180 -0.865943 -1.088989 -1.650680 -1.011542 0.071811
1.248837 -0.125135 -0.321793 0.078020 -0.292102 -0.586516 0.393705 0.511271 -0.183962 0.232998
-1.051533 -0.767897 -0.339849 0.964221 0.482359 -0.671839 -1.637552 -0.485459 0.572656 0.201285
-0.453971 0.374282 0.323785 0.384441 -1.308411 -0.200879 -0.928053 -0.301409 -0.102149 0.289640
-0.095124 -0.290474 -1.500170 -0.388083 1.165161 -1.014868 -0.207311 -0.006649 -0.173811 0.429297
0.722746 -1.142275 0.128161 0.502161 0.204057 -0.332453 0.376952 0.926489 0.143047 0.144762
-1.009871 -0.292392 0.019400 0.329632 0.227564 -0.508291 -1.107038 -0.552128 0.470381 0.184018
-0.225935 -0.342971 0.215497 0.153716 -1.414415 -1.592913 0.488620 2.587966 0.786399 -1.026751
-0.028297 1.071426 -0.821061 -1.070877 -0.644980 0.726799 -0.196157 0.538577 -0.282886 0.273557
0.216033 -0.268234 0.205498 0.366165 0.386787 -0.818592 -0.688950 0.519170 0.835842 -0.562987
-1.073413 0.382819 0.194054 -0.815185 -0.556345 -0.612969 0.022420 -0.489067 -0.782790 -0.227485
-1.196799 -0.950658 1.391098 1.095480 -1.047059 -1.399418 0.682807 2.567364 0.573580 -1.538210
0.176677 1.534180 -0.063404 -0.340101 -0.998611 1.738390 -0.240059 -0.178299 -0.008537 0.923983
0.146909 0.375053 0.410285 -0.091438 -0.134269 -0.627243 -0.223380 0.140843 -0.360465 -0.893954
-0.859965 0.299479 -0.620049 -0.621073 0.178900 -0.435480 0.473185 -0.555870 -1.729480 -1.131874
-1.400351 -0.510571 0.996658 0.639058 -0.653635 -0.008803 -0.173400 -0.270890 0.937748 0.846734
-0.277247 -0.076061 -0.377492 0.766889 1.213948 -0.190142 -0.717733 0.189865 0.424550 0.720091
-0.759406 -0.323925 -0.190390 -1.098378 0.687886 1.020974 0.014635 0.256922 -0.962487 -1.030624
-1.102525 0.072851 -0.984898 -0.744404 0.196479 0.148729 -0.141251 -0.315086 -0.946900 -2.293281
-1.852917 -0.211549 0.454329 0.057676 0.014841 0.285448 0.215979 0.241666 0.812264 0.807153
-0.339657 0.098985 -0.382658 -0.723136 0.316181 -0.102953 -0.029233 1.255518 0.572820 -0.434571
-0.519421 -0.561882 -0.733214 0.298051 1.128852 -0.021982 -0.455103 -0.879559 -1.179623 -0.542894
-1.311306 -0.200611 -0.035716 -1.501345 -0.401173 1.156219 -0.009791 -1.054144 -1.625928 -3.260763
-1.240161 -1.251475 -0.805489 0.537315 1.324999 0.186424 0.707497 0.875004 0.167678 -0.195845
-0.169931 -0.058765 -0.112786 -0.234251 0.373576 0.077498 0.527449 -0.355720 -0.293941 -0.459047
-0.342762 -0.501447 -0.656859 1.653148 0.757823 0.339778 0.766984 -0.116280 -0.515003 0.158462
-0.576598 0.122273 -0.222703 -1.141782 -0.191885 0.713708 -0.815774 -1.829859 -0.604751 -0.352778
-0.550277 -0.799470 0.056142 0.015510 0.051978 0.402062 -0.115068 -0.170748 -0.420048 -0.408606
0.129418 -0.080569 0.190240 0.297572 1.336252 1.218454 0.753681 0.486800 0.274779 0.379383
0.407692 0.801040 0.227269 -0.055060 0.274374 0.608726 0.390509 -0.310373 -0.571208 -0.663495
1.469768 1.185400 1.256451 1.425563 1.304314 1.245088 1.323416 1.424007 1.339540 1.318710
1.261682 1.186168 1.118599 1.442211 1.588175 1.326917 1.350381 1.372386 1.333696 1.454648
1.381660 1.431505 1.475697 1.395169 1.395908 1.377716 1.474938 1.384325 1.211443 1.231503
1.669956 1.453690 1.513923 1.345662 1.338963 1.313152 1.276969 1.252279 1.236549 1.656960
1.742963 1.038973 1.013794 1.063293 0.914251 0.963287 1.097568 1.212912 1.057122 1.030967
0.958428 0.940496 1.024367 1.396148 1.327779 1.001280 1.153674 0.922364 1.068721 1.127680
1.074440 1.134362 1.065938 1.036133 1.167836 1.132963 1.243420 1.075028 0.906973 0.978108
1.327100 1.174830 1.178624 1.063635 1.095999 1.019436 0.951731 0.874428 0.963491 1.491427
1.812274 1.436658 1.241804 1.181669 1.258122 1.184729 1.405842 1.303009 1.225248 1.307662
1.349572 1.346358 1.446643 1.399438 1.366424 1.434222 1.291366 1.234255 1.256593 1.207391
1.376907 1.412328 1.303531 1.338647 1.502577 1.505226 1.457408 1.268141 1.405020 1.466978
1.341518 1.388731 1.365985 1.441656 1.364368 1.414984 1.495923 1.354372 1.211350 1.578920
1.686962 1.268295 1.050202 1.186872 1.379372 1.216590 1.156291 1.114062 1.103636 1.105071
1.100054 1.210507 1.356020 1.341382 1.425469 1.500748 1.248029 1.259204 1.173439 1.361778
1.255075 1.193853 1.278930 1.444761 1.354030 1.301175 1.203637 1.216392 1.409899 1.337521
1.289963 1.360224 1.385369 1.315132 1.230786 1.386899 1.275523 1.192285 1.091953 1.583750
1.618684 1.166310 0.700795 1.026279 1.667063 1.339195 1.061901 1.022816 1.109906 1.149439
1.214148 1.332124 1.406430 1.431433 1.395560 1.507620 1.423189 1.397415 1.367031 1.250511
1.163984 1.205964 1.240860 1.378447 1.453921 1.390984 1.240385 1.286231 1.320748 1.168349
1.215675 1.308145 1.414165 1.307477 1.364419 1.318243 1.206396 1.248452 1.120766 1.614074
1.673391 1.282359 0.950159 1.208054 1.371363 1.068162 1.156515 1.055023 1.181734 1.327782
1.296186 1.358275 1.382759 1.372349 1.301497 1.338004 1.374423 1.505689 1.402309 1.310624
1.502319 1.292018 1.096824 1.127432 1.283288 1.436909 1.288005 1.219915 1.261343 1.300626
1.369781 1.321682 1.305677 1.344148 1.362350 1.242559 1.244337 1.218275 1.159341 1.645484
1.643499 1.229824 1.125690 1.333873 1.235854 1.287796 1.452555 1.316216 1.304669 1.260108
1.018933 1.195109 1.538267 1.407832 1.282778 1.122937 1.282566 1.427370 1.365015 1.555563
1.623030 1.337924 1.155805 1.098196 1.105065 1.537325 1.341319 1.207100 1.224374 1.385052
1.432623 1.397214 1.325250 1.310985 1.215859 1.261040 1.344428 1.165075 1.137062 1.595390
1.526008 1.186680 1.075178 1.264032 1.205611 1.292531 1.467409 1.344367 1.253710 1.153146
1.203110 1.428893 1.546818 1.188707 1.278849 1.002960 1.127754 1.173320 1.281025 1.276485
1.381680 1.431701 1.289181 1.280666 1.343696 1.470836 1.212064 1.245460 1.350091 1.361146
1.311425 1.366536 1.274389 1.294620 1.253956 1.280817 1.203920 1.169001 1.129904 1.575901
1.466015 1.102112 1.175534 1.273822 1.251070 1.143200 1.334057 1.283451 1.229614 1.251587
1.336990 1.514014 1.437827 1.128127 1.260982 1.238626 1.312903 1.282817 1.240223 1.158500
1.194222 1.287139 1.372088 1.380962 1.382431 1.331556 1.332884 1.273949 1.322348 1.356500
1.325042 1.296585 1.298973 1.344835 1.163709 1.242916 1.267636 1.258284 1.036589 1.605443
1.637399 1.400325 1.363265 1.208484 0.995073 1.065901 1.173920 1.193185 1.131743 1.370683
1.424398 1.367704 1.225666 1.326777 1.306687 1.390348 1.541910 1.439741 1.260640 1.246251
1.292948 1.255030 1.366662 1.537281 1.471682 1.161920 1.269085 1.397369 1.394378 1.318311
1.322638 1.237150 1.344515 1.414482 1.270606 1.222419 1.406479 1.318005 1.071187 1.577008
1.663557 1.393383 1.326345 1.250508 1.150470 1.271509 1.218660 1.148544 1.097655 1.258650
1.546134 1.250457 1.276417 1.308895 1.251661 1.273865 1.436129 1.450440 1.433207 1.440009
1.226691 1.282084 1.372746 1.474919 1.270240 1.262062 1.338838 1.429991 1.261290 1.332643
1.284431 1.255177 1.312591 1.398640 1.293839 1.319613 1.339071 1.198813 1.048577 1.572764
1.597221 1.276228 1.211434 1.161722 1.188690 1.354670 1.383964 1.354150 1.316107 1.410332
1.375190 1.111441 1.255856 1.322695 1.506042 1.737194 1.823256 1.361689 1.474173 1.496069
1.318973 1.287856 1.382882 1.338350 1.176891 1.237315 1.333880 1.310670 1.392263 1.452258
1.373459 1.326268 1.289473 1.325676 1.269312 1.308085 1.245070 1.194379 1.094709 1.508701
1.643924 1.365272 1.277206 1.189242 1.187158 1.231968 1.383613 1.427900 1.357634 1.330352
1.205917 1.223886 0.946151 0.825982 0.786026 2.020269 2.256521 1.651158 1.522079 1.168123
1.194876 1.283771 1.290526 1.088305 1.237631 1.463647 1.395872 1.286276 1.287133 1.415927
1.481422 1.366202 1.244601 1.201504 1.223740 1.261276 1.213585 1.224320 1.212208 1.518153
1.678429 1.381670 1.147704 1.224909 1.177295 1.075300 1.299735 1.274566 1.195647 1.267367
1.322726 1.110468 0.855898 0.655018 -0.145336 0.530725 1.187994 1.461770 1.461733 1.266235
1.297211 1.246760 1.198815 1.105870 1.354632 1.438132 1.357101 1.370241 1.298842 1.315723
1.391815 1.381431 1.279226 1.268339 1.325249 1.328460 1.143760 1.250952 1.318445 1.599927
1.676501 1.311064 1.186103 1.199411 0.927652 0.975484 1.231656 1.526454 1.449484 1.312055
1.412921 1.156790 1.035910 0.988424 0.962451 1.135326 1.543120 1.073053 1.212839 1.128993
1.206164 1.321680 1.257482 1.219116 1.315572 1.247858 1.265951 1.411617 1.319037 1.318715
1.272537 1.380936 1.315363 1.286000 1.479053 1.294230 1.053849 1.357500 1.330477 1.593801
1.643735 1.234677 1.124572 1.164131 1.042791 1.131130 1.491215 1.488331 1.341769 1.356793
1.274663 1.161209 1.230929 1.458555 1.375633 1.761438 1.294083 0.853058 1.226283 1.334676
1.389754 1.402521 1.352498 1.350947 1.380170 1.363232 1.277296 1.260053 1.453783 1.369670
1.285656 1.245493 1.282572 1.305680 1.446827 1.223952 1.148692 1.348216 1.442683 1.667980
1.666366 1.380550 1.128689 1.176774 1.254436 1.166266 1.260246 1.191604 1.239763 1.305465
1.343189 1.373609 1.195412 1.372141 1.571284 1.530628 0.848970 0.887978 1.478140 1.473142
1.386914 1.289368 1.290749 1.261233 1.374675 1.285458 1.125597 1.246364 1.439230 1.482898
1.257955 1.232408 1.267897 1.246757 1.248600 1.222831 1.142354 1.329897 1.376722 1.702466
1.592828 1.283803 1.194080 1.214698 1.236789 1.162435 1.215505 1.235738 1.250037 1.225000
1.388920 1.395603 1.140986 1.242174 1.490807 1.273298 1.092489 1.259478 1.598870 1.276270
1.203388 1.253483 1.324656 1.280196 1.283631 1.173675 1.244940 1.274266 1.502107 1.474242
1.236493 1.364431 1.293996 1.309629 1.256584 1.311702 1.283635 1.396047 1.209306 1.692138
1.607851 1.322322 1.075409 1.295233 1.377543 1.280263 1.399567 1.327363 1.260871 1.350785
1.432994 1.294682 1.230714 1.349095 1.364032 1.228667 1.209874 1.399615 1.495194 1.374458
1.228339 1.272530 1.382258 1.380667 1.307395 1.256073 1.355760 1.436991 1.462942 1.347589
1.303603 1.353369 1.353631 1.353921 1.356425 1.327856 1.339902 1.230411 1.053198 1.655134
1.669066 1.318195 1.081121 1.212367 1.332663 1.373618 1.313896 1.442612 1.431802 1.366618
1.334941 1.196462 1.282366 1.309559 1.303085 1.220187 1.131013 1.429638 1.571699 1.567314
1.379531 1.268003 1.256137 1.366489 1.503920 1.372920 1.395478 1.319820 1.278762 1.370277
1.336686 1.196250 1.278599 1.318884 1.279491 1.316876 1.218989 1.190192 1.033128 1.626359
1.486475 1.226302 1.184923 1.045124 1.039014 1.131199 1.588708 1.905503 1.751772 1.387915
1.343158 1.298702 1.280696 1.330019 1.305908 1.186874 1.235912 1.436475 1.261280 1.255440
1.386731 1.335773 1.244674 1.343169 1.410421 1.292763 1.316983 1.242850 1.306469 1.415124
1.293340 1.106578 1.216885 1.160165 1.206351 1.183225 1.135548 1.135408 0.991672 1.537463
1.386313 0.980619 1.006941 0.475774 1.017650 1.339616 1.104191 1.382869 1.738532 1.574364
1.395389 1.221504 1.294644 1.383060 1.333948 1.197069 1.304459 1.351801 1.267035 1.383227
1.321975 1.148261 1.322272 1.284623 1.348843 1.331314 1.374711 1.378717 1.368764 1.312481
1.109942 1.194176 1.275120 1.125508 1.183145 1.313769 1.282729 1.046273 0.991493 1.583331
1.229071 1.068069 0.152903 0.391406 1.612684 1.187987 0.339408 0.479127 0.919863 1.583338
1.538524 1.375631 1.339419 1.300566 1.341469 1.156103 1.202855 1.482512 1.409037 1.393872
1.336483 1.274568 1.322603 1.307508 1.322508 1.290033 1.387045 1.363678 1.274154 1.142319
1.163115 1.454474 1.370538 1.200422 1.228099 1.330342 1.321845 1.111486 0.865947 1.561699
1.513375 0.571773 -0.272736 0.908633 1.440842 1.633914 1.022730 1.221774 1.584758 1.408689
1.676587 1.477586 1.350729 1.373594 1.280872 1.235830 1.371267 1.386028 1.195634 1.302210
1.430213 1.370432 1.273111 1.268188 1.264886 1.258561 1.337381 1.195748 1.135587 1.270530
1.386621 1.423568 1.302501 1.137144 1.239861 1.353223 1.226806 1.077787 0.916670 1.514549
1.174225 0.677193 0.079259 0.566344 0.729137 1.630541 1.034376 0.698776 1.029592 1.151377
1.699154 1.707640 1.377938 1.302044 1.275057 1.345510 1.355968 1.235297 1.164331 1.358774
1.330059 1.474743 1.264104 1.114479 1.259699 1.372397 1.300568 1.306451 1.383257 1.401612
1.384912 1.320754 1.291873 1.198524 1.180771 1.233104 1.162372 0.720779 1.517711 1.622441
1.540636 0.951316 0.789783 1.264768 1.419460 1.258833 1.144881 1.030677 1.048382 1.337725
1.557023 1.282450 1.560431 1.288180 1.276202 1.299987 1.227726 1.098999 1.136932 1.242110
1.145716 1.314931 1.284204 1.141842 1.180221 1.360602 1.261137 1.183651 1.239629 1.325593
1.274315 1.099136 1.076507 1.301827 1.500740 1.405264 1.064241 1.431959 1.599185 1.428379
1.558974 0.958595 0.882696 0.718387 1.215688 1.122755 0.502713 0.827940 1.048238 1.409883
1.738137 1.323722 1.542538 1.230898 1.254924 1.209077 1.083592 1.222701 1.279434 1.639556
1.339559 1.251028 1.381784 1.401035 1.471246 1.299991 1.245638 1.140665 1.208813 1.164578
1.078412 0.880678 0.962914 1.700817 1.637445 1.571029 1.516694 1.860041 1.258240 1.503079
1.584609 0.792041 0.599248 0.842806 1.018498 0.639709 1.179870 0.918519 0.817787 0.715562
1.433470 1.190219 1.617473 1.256948 1.130504 1.080242 1.000805 1.279330 1.570308 1.657884
1.269840 1.268069 1.229825 1.347191 1.351299 1.165200 1.329447 1.353306 1.071227 1.044462
1.165744 0.615229 1.100192 0.963719 0.751103 0.321513 0.809275 1.621615 1.558255 2.039951
1.295518 1.266737 0.711184 0.667518 0.638330 1.101371 1.317943 0.926947 0.246456 0.667151
1.413433 1.174349 1.858173 1.446255 1.328477 1.065887 0.703967 0.891050 1.565234 0.791363
0.945916 1.110427 0.998958 1.572085 1.985274 1.625214 1.260101 1.104318 0.986330 1.346139
1.316275 1.083870 0.904210 0.491902 1.014185 0.745764 0.383220 0.770644 1.176098 1.608338
1.369669 1.151215 0.419651 0.915515 0.910140 1.156689 0.647330 0.736684 0.558764 0.860771
1.350592 1.125930 1.594411 1.304053 1.097217 1.074632 1.176079 1.436029 1.075865 0.153212
0.499313 0.605938 0.248968 1.276199 1.456942 1.503835 1.234489 0.382554 0.775063 1.636821
0.910275 0.672772 0.520255 0.877306 1.444914 1.856008 1.645735 0.670301 0.560702 1.454244
1.799911 0.907262 0.859715 1.025061 0.727918 0.667420 1.074679 0.586414 0.510263 0.817619
1.679320 1.501322 1.472252 1.236074 1.352814 1.043655 1.507964 1.968614 1.107892 -0.116152
-0.063174 0.673054 0.926657 0.872442 0.532128 1.137067 1.013177 0.721014 1.174575 1.334731
0.590700 0.514148 0.840573 1.141163 1.215138 1.185012 1.340661 1.134683 0.552177 0.996621
1.630850 0.968495 1.106023 0.797287 0.594736 1.201579 1.198971 0.688400 1.156214 0.774558
1.618436 1.155263 1.106052 1.256996 1.146355 0.687174 1.534401 2.244008 1.534479 1.136282
0.978847 0.700653 0.745381 0.389111 0.997637 1.571872 0.963590 0.780903 1.742461 1.327884
0.741584 0.943616 1.101952 1.371199 0.939586 0.919644 1.237341 0.813165 0.831739 1.009345
1.394042 0.931788 0.870859 0.832513 0.535313 1.003874 1.887697 0.920299 1.330990 0.958537
0.970988 0.649522 0.819091 0.808734 0.468017 0.391606 0.610013 1.400998 1.495500 1.872498
1.771084 1.443122 0.701719 0.741574 0.768418 1.104601 0.754571 0.867256 1.102606 1.887745
1.224920 0.813722 1.067849 1.378886 1.043876 1.052330 0.949998 0.932584 0.977993 1.117058
1.450082 0.819642 1.297899 1.310709 0.686430 0.659835 1.122268 2.021328 1.668979 0.935362
1.188392 1.022112 1.186624 1.218549 1.403179 1.737566 1.343480 0.724736 0.466909 1.403881
2.025035 1.454277 1.050315 1.722055 1.048740 1.045112 1.576116 1.250513 0.941288 1.619796
1.227923 0.903645 1.303674 0.984014 0.859483 1.110603 1.068980 0.874451 0.486811 1.281024
1.437091 1.372763 1.175894 0.681891 1.093994 0.993011 0.980819 1.276653 1.616811 0.901131
1.038035 1.474965 1.570634 1.225464 1.207898 1.819857 1.386715 1.371799 1.042192 1.070491
1.430496 1.276824 1.448347 1.157180 1.304879 1.110415 1.183607 1.753968 1.295679 0.956574
0.645796 1.124175 1.152118 0.533475 0.609327 1.281804 1.032336 0.732135 0.693915 1.285456
1.665526 1.199143 0.656204 0.736902 1.204005 1.364178 0.981233 0.988736 1.084880 0.800047
0.796755 1.575150 1.785954 1.151380 0.894297 0.904905 1.126033 1.500676 1.196826 0.678564
0.861408 0.906527 1.804795 0.919404 0.742429 1.002637 0.911403 0.894888 0.808840 0.950768
0.811948 1.218844 0.675443 0.392562 0.989185 1.287288 1.030736 0.466519 0.239014 1.435284
1.419145 0.644097 0.516851 1.041885 1.581570 1.214071 0.806704 1.152348 1.176462 0.791084
1.156970 1.380384 1.218697 0.911130 0.701357 1.244963 1.248633 1.025889 1.649057 1.225164
1.068480 1.060042 0.870753 0.728655 1.385390 0.625561 0.746014 0.577914 0.651585 0.959532
0.871154 0.958534 0.597309 0.742718 1.111368 1.278530 0.692379 0.407447 0.375367 1.348496
1.342416 0.696329 0.853417 1.166144 1.702736 1.070085 0.302027 1.063936 1.360791 1.185186
1.256362 1.376980 1.247905 0.887328 0.871056 1.395178 1.255246 1.209631 1.384134 1.220730
1.263030 0.970303 0.521549 0.282931 0.815907 0.558473 0.881451 0.747552 0.743996 1.042931
0.773308 0.757659 0.476843 1.469194 1.809602 1.104475 0.431170 0.656094 0.631715 1.374135
1.576633 0.781838 0.543855 1.189556 1.844318 1.069990 0.245425 0.695660 1.373243 0.745753
0.717228 0.691228 0.786672 0.844362 0.963250 1.502413 1.392962 1.124659 1.039260 0.930431
0.707068 0.918306 0.564690 0.823543 1.045944 0.747161 0.739582 0.736051 1.011509 0.766314
1.035814 0.729812 1.024646 1.434927 1.440378 1.166436 1.108157 1.349853 0.888698 1.640707
1.461601 0.895900 0.566349 0.885514 1.432759 1.173849 0.727088 1.113029 1.463451 0.464262
0.543266 0.508310 0.660744 0.354257 1.662235 2.293838 1.235692 0.923906 0.767144 0.607565
0.999128 1.026419 0.851753 1.170643 1.596401 1.749839 1.553086 1.775844 1.785337 1.643976
1.690978 1.399722 1.375593 1.586242 1.875032 1.607902 1.604896 1.306293 1.069979 1.795112
-0.019114 -0.671802 -1.031033 -0.679782 -0.554600 -0.926024 -0.969992 -0.381206 -0.685859 -0.927374
-0.890938 -0.829652 -0.927091 -1.065317 -0.358350 -0.794450 -0.938440 -0.900683 -0.850309 -0.804003
-0.995252 -0.912847 -0.779986 -0.940761 -0.807294 -0.892060 -0.819749 -0.646989 -0.655846 -0.936475
-0.449518 -0.626887 -0.604593 -0.843483 -0.684365 -0.691218 -0.608674 -0.853750 -1.061797 -0.125942
-1.241675 -1.149209 -1.569539 -1.031617 -0.829054 -1.082208 -1.000508 -0.730820 -1.086163 -1.145993
-1.188641 -1.080300 -1.111738 -0.866118 -0.948923 -1.174967 -1.186690 -0.907190 -0.862123 -1.154236
-1.171721 -1.037541 -0.941422 -1.078748 -1.006906 -1.046382 -0.872959 -0.863688 -1.186955 -0.938518
-0.401063 -0.676366 -1.051459 -1.201847 -1.100232 -1.141556 -0.883857 -1.156297 -1.147207 0.676809
-1.506062 -1.466606 -2.296574 -1.679312 -1.212794 -1.366569 -1.265997 -1.494155 -1.476848 -1.615952
-1.597667 -1.518170 -1.501672 -1.241526 -1.710837 -1.694084 -1.694089 -1.112261 -1.381826 -1.376897
-1.203696 -1.238300 -1.404803 -1.233727 -1.214417 -1.268528 -1.335503 -1.458099 -1.363403 -1.157530
-1.212496 -1.227888 -1.665401 -1.343733 -1.591237 -1.296568 -1.221637 -1.453975 -1.306271 0.165605
-1.724868 -1.563131 -2.465663 -1.770593 -1.328216 -1.050376 -1.334015 -1.478521 -1.576834 -1.618299
-1.452132 -1.224925 -1.380032 -1.430477 -2.015007 -1.936259 -1.713113 -1.554304 -1.188389 -1.083433
-1.157473 -1.217183 -1.347028 -1.375991 -1.266054 -1.177369 -1.337273 -1.410287 -1.018818 -1.220924
-1.554633 -1.476580 -1.347804 -1.271869 -1.361888 -1.085018 -1.157084 -1.419973 -1.366672 0.083328
-1.666209 -1.248406 -2.118326 -1.057051 -0.675806 -1.342785 -1.833204 -1.701367 -1.852708 -1.686674
-1.156579 -1.453072 -1.413758 -1.686285 -2.006900 -1.909545 -1.850978 -1.890731 -1.179330 -1.577141
-1.373848 -1.208311 -1.419819 -1.525878 -1.455437 -1.393484 -1.260978 -1.471829 -1.431855 -1.422784
-1.319236 -1.425852 -1.198551 -1.442307 -1.410310 -1.440505 -1.428265 -1.553009 -1.602403 0.050645
-1.329138 -1.215198 -2.044568 -1.443070 -0.984444 -1.560251 -1.991019 -1.874636 -1.802378 -1.340849
-1.505490 -1.764148 -1.555493 -1.739391 -1.965442 -1.757279 -1.956862 -1.722431 -1.714169 -1.659384
-1.188263 -1.280390 -1.483714 -1.351597 -1.369378 -1.258551 -1.206114 -1.245130 -1.444524 -1.328967
-1.049740 -1.176192 -1.328160 -1.413514 -1.507095 -1.738945 -1.426592 -1.328727 -1.420366 0.047937
-1.522552 -1.516331 -2.228094 -1.835388 -1.726785 -2.089914 -1.990240 -1.735996 -1.506586 -1.417632
-1.642532 -1.744861 -1.437054 -1.810425 -1.639236 -1.935050 -1.723758 -1.683677 -1.645384 -1.530146
-1.695261 -1.553924 -1.449704 -1.315315 -1.003167 -0.646557 -1.155165 -1.477239 -1.457439 -1.242856
-1.397055 -1.344628 -1.594303 -1.627705 -1.515857 -1.620962 -1.375135 -1.439357 -1.358366 -0.036802
-1.500626 -1.563948 -2.142097 -1.760825 -1.657534 -1.886532 -1.741992 -1.687972 -1.762543 -1.865242
-1.673372 -1.641735 -1.270211 -1.769727 -1.799599 -1.650850 -1.472711 -1.372724 -1.384020 -1.597175
-1.459776 -1.516745 -1.497613 -1.430425 -1.324214 -1.267527 -1.540870 -1.732643 -1.544726 -1.402716
-1.631619 -1.412185 -1.613374 -1.406051 -1.366496 -1.332364 -1.302221 -1.402810 -1.551856 -0.027460
-1.460848 -1.575499 -1.897191 -1.578699 -1.460992 -1.823891 -1.698446 -1.469590 -1.803000 -1.944492
-1.568692 -1.471704 -1.948228 -1.998012 -1.787943 -1.468727 -1.403705 -1.243465 -1.336018 -1.467049
-1.413877 -1.482804 -1.116518 -1.477794 -1.107233 -1.622864 -1.736852 -1.658862 -1.155129 -1.621662
-1.484795 -1.450723 -1.545289 -1.298790 -1.184198 -1.326934 -1.217666 -1.231191 -1.426940 0.028224
-1.600641 -1.549559 -2.020338 -1.528344 -1.637745 -1.670189 -1.482358 -1.248229 -1.447052 -1.781587
-1.481645 -1.498358 -1.984808 -1.926540 -1.663198 -1.564726 -1.726927 -1.477080 -1.385140 -1.265188
-1.383838 -1.410386 -1.103534 -1.094655 -1.361410 -1.683474 -1.714263 -1.078222 -1.205894 -1.623515
-1.475211 -1.429182 -1.520710 -1.284219 -1.158198 -1.281706 -1.126701 -1.398605 -1.504303 -0.044515
-1.544275 -1.859479 -2.408774 -1.871184 -1.913013 -1.658945 -1.572688 -1.462628 -1.345842 -1.559923
-1.177701 -1.836698 -1.815684 -1.857726 -1.702437 -1.678239 -1.682379 -1.607131 -1.750687 -1.369213
-1.450602 -1.685278 -1.594459 -1.283356 -1.596229 -1.745137 -1.624310 -1.210158 -1.493953 -1.460049
-1.444539 -1.314525 -1.475861 -1.265689 -1.365784 -1.353367 -1.305106 -1.549991 -1.504579 0.064430
-1.700695 -1.961750 -2.460408 -1.809263 -1.763998 -1.767086 -1.892435 -1.616389 -1.653737 -1.580510
-1.597833 -1.591462 -1.660069 -1.784149 -1.626330 -1.860507 -1.868493 -1.972807 -1.533512 -1.608340
-1.733898 -1.802301 -1.588891 -1.620290 -1.793166 -1.486523 -1.085538 -1.447807 -1.575529 -1.526377
-1.429340 -1.402042 -1.456865 -1.410809 -1.502018 -1.544247 -1.429128 -1.617866 -1.159523 0.068806
-1.743714 -1.741305 -2.209089 -2.049996 -1.450932 -1.897374 -1.925487 -1.486473 -1.608108 -1.837473
-1.773811 -1.214100 -1.809189 -1.562770 -0.568165 -1.967553 -2.468870 -1.909679 -1.858646 -1.841819
-1.347608 -1.440699 -1.358741 -1.581640 -1.382002 -1.012184 -0.885956 -1.553317 -1.318430 -1.526300
-1.650259 -1.652567 -1.528290 -1.444096 -1.470177 -1.253173 -1.211778 -1.565917 -1.030172 0.050418
-1.690820 -1.475551 -2.185595 -1.710345 -1.582676 -2.036037 -2.080005 -1.545404 -1.076596 -1.718056
-1.360543 -1.112487 -1.778530 -0.676475 1.662702 -2.081814 -4.182049 -1.223639 -2.101273 -1.836299
-1.237455 -1.254044 -1.207103 -1.431112 -0.920551 -0.670083 -1.370719 -1.605896 -1.495784 -1.401801
-1.554293 -1.613449 -1.376869 -1.368420 -1.380517 -1.053729 -1.455911 -1.688448 -1.128787 -0.219844
-1.405290 -1.591963 -2.340178 -1.704524 -1.558240 -1.898503 -1.576509 -1.234119 -1.383353 -1.399435
-1.265995 -1.678673 -1.817591 -1.034160 -0.436605 -3.027987 -2.665872 -1.065984 -2.016187 -1.660098
-1.289250 -1.354306 -1.194674 -1.240884 -1.126045 -1.119016 -1.487993 -1.611487 -1.599400 -1.353317
-1.538244 -1.519180 -1.433898 -1.569100 -1.397377 -1.400403 -1.756040 -1.733210 -1.419867 -0.547547
-1.606497 -1.662364 -2.269337 -1.765755 -1.305923 -1.495599 -1.375909 -1.207648 -1.401761 -1.701073
-1.842628 -1.730156 -1.503209 -1.659415 -2.512828 -2.787642 -2.268664 -2.188301 -2.096448 -1.230613
-1.182972 -1.260919 -1.406955 -1.462118 -1.419011 -1.294588 -1.513562 -1.701206 -1.451329 -1.437079
-1.401300 -1.768786 -1.538807 -1.476486 -1.286982 -1.386920 -1.680831 -1.619860 -1.569677 -0.872191
-1.659413 -1.533124 -1.950771 -1.586032 -1.278538 -1.507451 -1.706202 -1.614280 -1.408239 -1.905213
-1.913230 -1.271431 -1.398308 -1.712319 -2.017068 -2.265812 -2.129793 -1.965285 -1.370481 -1.184834
-1.486789 -1.719487 -1.542500 -1.486336 -1.311418 -1.409734 -1.448094 -1.420938 -1.262747 -1.306467
-1.524238 -1.760777 -1.429984 -1.240716 -1.429208 -1.240820 -1.429923 -1.293496 -1.703426 -0.592448
-1.520774 -1.442206 -1.942259 -1.708543 -1.304360 -1.416125 -1.550518 -1.539834 -1.723778 -1.642419
-1.341090 -1.096735 -1.513169 -1.769185 -1.787616 -1.611875 -1.747010 -1.517162 -0.719176 -1.156242
-1.602941 -1.605103 -1.248943 -1.153696 -1.207576 -1.347039 -1.459432 -1.205708 -1.232612 -1.260400
-1.585600 -1.631775 -1.572080 -1.271791 -1.229962 -1.230126 -1.149055 -1.247215 -1.758516 -0.385710
-1.554104 -1.356079 -2.066977 -1.819547 -1.844261 -1.651202 -1.568251 -1.738512 -1.634847 -1.384877
-1.176078 -1.365955 -1.503007 -1.468536 -1.434624 -1.372180 -1.797261 -1.463005 -1.072445 -1.337952
-1.436071 -1.475417 -1.271682 -1.411847 -1.302411 -1.328034 -1.378771 -1.476055 -1.531180 -1.764790
-1.520266 -1.517415 -1.628747 -1.405254 -1.411098 -1.377323 -1.262494 -1.677379 -1.877236 -0.241911
-1.492300 -1.559796 -2.187721 -2.234112 -2.096018 -1.793369 -1.788154 -2.024054 -1.762845 -1.655582
-1.466188 -1.372231 -1.318135 -1.198798 -1.202385 -1.413830 -1.620860 -1.039685 -1.116042 -1.438016
-1.739973 -1.433368 -1.591288 -1.532304 -1.316649 -1.485640 -1.483753 -1.386857 -1.704889 -1.603152
-1.282944 -1.398458 -1.435143 -1.451147 -1.502470 -1.417492 -1.599416 -1.798361 -1.669710 -0.019824
-1.298129 -1.746265 -2.196623 -2.297647 -1.607408 -1.232064 -1.436906 -2.026914 -1.639488 -1.408920
-1.467833 -1.567949 -1.341200 -1.225178 -1.256505 -1.319159 -1.357544 -0.866691 -1.050597 -1.657644
-1.649335 -1.695964 -1.706053 -1.545843 -1.461127 -1.473832 -1.518138 -1.381580 -1.470185 -1.152570
-1.013008 -1.535498 -1.355782 -1.300137 -1.355402 -1.115342 -1.179044 -1.362922 -1.332696 0.173872
-1.899914 -1.835627 -1.825108 -1.805027 -0.323072 -0.184736 -1.998255 -2.228954 -2.017570 -1.295329
-1.651606 -1.938655 -1.425876 -1.529125 -1.298759 -1.338606 -1.419464 -1.365725 -1.366362 -1.547427
-1.425891 -1.570705 -1.446432 -1.548051 -1.434866 -1.547256 -1.611855 -1.435910 -1.303352 -1.229635
-1.483745 -1.571049 -1.342386 -1.184999 -1.229515 -0.911219 -0.951115 -1.476726 -1.438307 -0.154823
-1.569401 -3.180104 -1.870444 0.353740 -0.193067 -2.673319 -2.653202 -1.787965 -2.226579 -1.275320
-1.950570 -2.085401 -1.901606 -1.613863 -1.291598 -1.437753 -1.461934 -1.171655 -1.604052 -1.819566
-1.592262 -1.419021 -1.434286 -1.529384 -1.568773 -1.625472 -1.465616 -1.453018 -1.638260 -1.680783
-1.258053 -1.041068 -1.113749 -1.361932 -1.208867 -1.012596 -1.550162 -1.803227 -1.136765 0.424756
-1.151904 -2.442358 -0.649048 0.037220 -2.694283 -3.830252 -3.204153 -2.376550 -2.919942 -2.356899
-2.383735 -1.928166 -2.204247 -1.868700 -1.389224 -1.352235 -1.486005 -1.437074 -1.760296 -1.713302
-1.657863 -1.517205 -1.756927 -1.802629 -1.706214 -1.623227 -1.286561 -1.391634 -1.388313 -1.120432
-1.077535 -1.387253 -1.466381 -1.618750 -1.348667 -1.429184 -1.735936 -1.359289 -0.398992 0.504901
-1.710174 -2.799000 -2.840070 -1.516236 -1.386080 -3.199014 -1.612235 -2.550022 -2.733136 -3.405741
-2.877120 -2.000382 -2.030052 -1.796344 -1.629058 -1.564545 -1.589208 -1.737393 -1.724613 -1.577021
-1.647502 -1.507779 -1.551450 -1.531423 -1.507263 -1.297843 -1.085057 -1.238157 -1.455130 -1.336650
-1.394856 -1.661525 -1.726332 -1.568548 -1.485853 -1.893155 -1.548083 -0.486817 0.566334 -0.629603
-1.804926 -2.423188 -1.968806 -1.042441 -1.271766 -1.117712 -0.871060 -2.365745 -2.094406 -2.844302
-2.784023 -1.252165 -2.042963 -1.670845 -1.587494 -1.565640 -1.618686 -1.617608 -1.427490 -1.493685
-1.287687 -1.227511 -1.156613 -1.220092 -1.020819 -0.904032 -1.106596 -1.512650 -1.766650 -1.507061
-1.284906 -1.379177 -1.574765 -1.626577 -2.269401 -1.629115 -1.372055 0.484908 -0.107596 -2.666472
-1.110520 -2.013473 -2.357223 -1.635628 -0.262741 -1.800867 -2.506843 -3.177539 -2.043333 -2.190190
-2.899657 -0.593747 -1.364155 -1.726026 -1.522449 -1.326630 -1.503392 -0.865076 -0.820364 -0.519631
-1.060104 -1.298348 -0.889055 -1.110542 -1.218775 -1.295986 -1.595953 -1.657904 -1.595016 -1.215670
-1.172592 -0.683075 -0.624493 -1.611273 -2.327911 -1.482598 -0.685024 0.294540 -3.096612 -2.830317
-1.358924 -2.299299 -2.136342 -0.605018 -0.782684 -2.386185 -1.772190 -1.237391 -0.362487 -1.214068
-2.831976 -1.363307 -1.586895 -2.026493 -1.404118 -1.397297 -1.368049 -0.210753 -0.794179 -0.942193
-1.265743 -1.814147 -1.557759 -1.188275 -1.055499 -1.407731 -1.676381 -1.594307 -1.414937 -0.994874
-1.092856 -0.260155 1.930682 -3.181725 -3.619257 -1.201235 -0.666271 -1.454812 -3.004145 -1.554277
-1.354769 -1.084848 -1.684600 -2.009177 -1.810263 -0.668836 -0.752163 -1.133354 -1.711238 -2.023714
-4.187025 -2.911830 -2.173413 -2.336479 -1.855933 -1.853308 -2.024650 0.009341 -1.049582 -1.937948
-1.686655 -2.386940 -1.896413 -1.028580 -1.312436 -1.746646 -1.826134 -2.158386 -1.222010 -1.481812
-1.612126 2.200561 0.323041 -5.046647 -3.944927 -2.275000 -1.474261 -0.273031 -0.273536 -0.450048
-1.124041 -0.996111 -2.751027 -2.391116 -1.301854 -1.557624 -1.071555 -1.776925 0.044458 -1.764091
-4.293145 -3.608477 -2.060309 -2.112643 -1.537263 -1.987283 -1.415224 2.038868 -1.419004 -2.739131
-2.781432 -2.166083 -0.591717 -0.342499 -3.036342 -3.534420 -2.483115 -1.960907 -1.362831 -2.776063
-0.600063 1.118211 -4.219435 -3.047738 -2.939857 -1.999227 -1.341487 -0.782097 -2.430319 -0.131439
-0.708457 -2.220824 -1.659147 -1.705744 -1.655474 -1.421042 -0.698194 0.110848 -0.515134 -2.382907
-4.930024 -4.025055 -1.791357 -2.177901 -2.032216 -2.533444 -0.106360 -0.000539 -4.746984 -4.867633
-2.731456 -1.996640 0.613303 -2.124584 -3.451432 -3.265084 -1.928744 -1.604836 -0.429496 -2.519576
-1.134552 -2.097688 -3.174745 -2.592926 -2.439307 -2.036611 -1.501665 -0.967064 -2.444370 0.059481
-1.569074 -1.237292 -1.627909 -1.833503 -1.877164 -2.489453 -1.509264 -0.819298 -2.390686 -2.604213
-3.140161 -2.183578 -1.128784 -2.540690 -3.197857 -2.044673 -1.276750 -3.555213 -4.996099 -4.056404
-2.568216 -1.230739 -1.496333 -4.223141 -2.437532 -1.925817 -1.838253 -0.264806 -2.220922 -3.679635
-2.928781 -3.334301 -1.727847 -2.542877 -2.377679 -2.288521 -0.918459 -2.021548 -2.076415 -0.429277
-1.235425 -1.580050 -2.377077 -0.773407 -2.016588 -2.664908 -2.237488 -2.258007 -1.939762 -2.199628
-2.183377 -2.310461 -0.676299 -2.423316 -2.861741 -1.792615 -2.240395 -2.493718 -4.231560 -4.028929
-2.629410 -1.935210 -2.889779 -1.683683 -0.863692 -3.006843 -2.435088 -0.788242 -3.253809 -3.788340
-1.564282 -1.703562 -2.364968 -1.825272 -1.463810 -2.182705 -2.634704 -2.170161 -1.607931 -0.597058
-1.404479 -1.660711 -1.252769 -2.276433 -2.874657 -2.255805 -2.149843 -3.424078 -2.415792 -1.553551
-2.056013 -2.185932 -1.284785 -1.612012 -2.913324 -2.201325 -0.880856 -1.884047 -2.329414 -2.822250
-2.394119 -2.910460 -2.467442 -1.840252 -2.578920 -3.760305 -2.681564 -2.382360 -2.861313 -1.487893
-1.649215 -1.447145 -1.584766 -0.217949 -0.936905 -2.248050 -2.276903 -1.767532 -2.029255 -0.200006
-1.408109 -1.634988 -1.954341 -2.240128 -2.107145 -1.992185 -2.005585 -3.195993 -2.305281 -1.631492
-2.509170 -2.497611 -1.430678 -2.237560 -3.679957 -1.994404 -2.920959 -2.858747 -3.037981 -3.484324
-2.466759 -3.103204 -2.289069 -1.546421 -3.085301 -3.286672 -1.877133 -2.244962 -2.738147 -1.996359
-1.746745 -0.562201 -0.306686 -1.585205 -2.273546 -1.852186 -1.680932 -1.602625 -1.777164 -0.060696
-1.229417 -1.285514 -1.593032 -1.732412 -1.576975 -1.982498 -3.073997 -2.969437 -1.550739 -1.439972
-2.603251 -1.871563 -2.509548 -3.004980 -2.498397 -2.095843 -2.097334 -1.977390 -2.203604 -2.135518
-2.280667 -2.165808 -1.673818 -1.814384 -2.625833 -1.544060 -0.951217 -1.590949 -2.095442 -1.662599
-1.390118 -0.778635 -1.780300 -2.318756 -2.023283 -2.367868 -1.496905 -2.448395 -1.832640 0.421989
-1.038517 -1.781051 -0.411727 -2.145359 -1.991705 -1.835941 -3.119657 -2.226353 -1.273904 -1.911099
-1.969347 -2.011365 -1.710437 -2.016953 -2.272940 -2.959436 -1.775362 -1.860233 -2.078192 -2.306396
-2.465716 -1.835880 -1.292760 -1.898979 -2.457009 -0.948795 -1.770129 -2.702903 -1.192006 -0.164608
-0.465624 -1.919124 -2.143914 -1.809550 -1.749638 -2.169396 -2.164374 -3.738022 -1.484866 0.029015
-1.442637 -1.149081 -0.322593 -2.718336 -1.625961 -2.163351 -2.796337 -1.799623 -1.989690 -1.806298
-2.488297 -3.335569 -1.906021 -2.264345 -3.347954 -2.757938 -2.903900 -2.311115 -1.461766 -1.487927
-2.050365 -2.114017 -1.379157 -1.529921 -0.650332 0.759279 -2.711038 -2.840437 -0.737282 -0.932320
-2.802093 -1.891852 -1.621508 -1.374081 -2.491099 -1.681358 -2.322535 -2.552472 -0.369234 -0.572010
-1.255607 -0.535183 -1.760165 -2.348972 -2.058667 -2.770096 -2.827335 -0.531795 -0.633082 -2.265073
-3.527934 -2.766735 -1.450464 -2.408681 -2.483037 -1.420358 -2.846547 -1.887725 -1.694347 -1.805479
-2.147881 -1.111869 -1.487744 -1.267066 -0.393819 -1.621934 -2.377874 -1.330768 -0.229999 -1.977704
-1.425876 -0.704148 -1.334097 -1.962837 -1.074479 -1.700794 -1.790117 -1.712414 -1.338584 -0.179197
-1.200077 -1.606495 -2.157140 -0.997995 -1.317881 -1.379091 -1.394509 0.982951 -1.088040 -2.873261
-2.447139 -1.318269 -1.207357 -0.732558 0.255291 -1.237034 -2.435452 -1.129919 -0.558262 -0.417204
-0.538402 -0.529434 -0.532054 -0.599349 -0.712830 -1.295401 -0.775225 -1.021327 -1.141003 -1.946413
-0.635763 -0.923845 -1.235411 -0.697681 -1.188918 -1.595085 -1.660092 -1.524478 -0.937691 0.431457
0.908663 0.888524 0.851670 0.930220 0.952869 1.133862 1.128523 1.141948 1.114692 1.105418
1.115864 1.183844 1.242963 1.120049 0.930206 1.097738 1.128600 1.082451 1.096933 1.240027
1.248656 1.292177 1.271161 1.250651 1.266108 1.303971 1.262302 1.197242 1.184600 1.198115
1.303113 1.088317 1.171183 1.103843 1.188352 1.189655 1.196987 1.190484 1.170774 1.211317
0.326390 0.552246 0.718943 0.723914 0.691573 0.875168 0.901380 0.775709 0.713669 0.848713
0.839098 0.753514 0.751402 0.504635 0.590896 0.743959 0.780087 0.757525 0.649060 0.593019
0.710827 0.722989 0.655253 0.716281 0.819418 0.712824 0.725568 0.646843 0.789837 0.801119
0.878969 0.650584 0.640363 0.657284 0.591962 0.673793 0.701153 0.782151 0.823440 0.932461
0.262213 0.311062 0.529898 0.732726 0.829772 0.842917 0.865854 0.912568 0.722628 0.731472
0.864666 0.793214 0.709772 0.651452 0.794047 0.819214 0.755735 0.831574 0.723084 0.637486
0.546782 0.543605 0.549882 0.715448 0.733545 0.700255 0.655611 0.776928 0.875221 0.647758
0.631912 0.707488 0.771746 0.767579 0.834676 0.917077 0.748570 0.717039 0.829902 1.087890
0.236786 0.258932 0.579693 0.902031 0.838773 0.494047 0.691824 0.743312 0.620487 0.742120
0.877929 0.863892 0.591170 0.505998 0.677305 0.712091 0.682602 0.695850 0.741576 0.543554
0.501578 0.641905 0.683305 0.578111 0.575118 0.549452 0.613143 0.612443 0.559763 0.518521
0.544401 0.675362 0.727789 0.625124 0.686098 0.679160 0.598890 0.573766 0.669277 0.990619
0.296653 0.385380 0.803713 1.166341 1.269852 0.609179 0.692209 0.760046 0.900505 0.763166
0.706950 0.682856 0.464694 0.690287 0.699330 0.683466 0.701152 0.678698 0.625819 0.588008
0.649243 0.530200 0.435060 0.486911 0.584554 0.609238 0.644448 0.719264 0.592049 0.669614
0.802813 0.619576 0.620409 0.557812 0.564955 0.572314 0.658841 0.638937 0.596635 0.999243
0.387652 0.378188 0.607820 0.774646 0.579849 0.498203 0.675029 0.769241 0.786257 0.611026
0.478148 0.656759 0.641048 0.675142 0.520089 0.529975 0.731312 0.678970 0.678891 0.825948
0.694591 0.511074 0.473828 0.574609 0.740582 0.723698 0.421550 0.557931 0.686455 0.642836
0.633832 0.595169 0.555857 0.527077 0.500227 0.618872 0.644292 0.696950 0.732937 1.012421
0.258239 0.316437 0.561101 0.671627 0.647711 0.626885 0.692323 0.606155 0.547794 0.700159
0.828171 0.928442 0.782857 0.559622 0.553389 0.534950 0.626562 0.660548 0.832296 0.773392
0.653879 0.548062 0.600864 0.690838 0.658220 0.711454 0.566874 0.524240 0.651046 0.582892
0.505175 0.602656 0.573340 0.550103 0.602954 0.757335 0.625404 0.624215 0.750405 1.079855
0.287125 0.486780 0.726900 0.709414 0.668552 0.526522 0.674358 0.668317 0.591532 0.789176
0.737411 0.638869 0.654523 0.517131 0.552753 0.689917 0.660428 0.764432 0.533270 0.508968
0.718726 0.645589 0.561280 0.674171 0.636423 0.470307 0.528824 0.591031 0.484459 0.573270
0.566917 0.573747 0.650269 0.670980 0.566175 0.697622 0.774492 0.729228 0.615905 1.050059
0.462509 0.643149 0.865758 0.607850 0.583176 0.664234 0.743761 0.768259 0.700283 0.747705
0.667735 0.595310 0.616213 0.690215 0.782336 0.751180 0.645346 0.561877 0.492538 0.539085
0.568939 0.572868 0.667451 0.620034 0.609815 0.487826 0.620046 0.639616 0.523866 0.480767
0.545587 0.510561 0.616762 0.625840 0.537331 0.669560 0.699982 0.639694 0.603695 0.971582
0.462419 0.518148 0.797894 0.807499 0.729485 0.811872 0.709210 0.606832 0.711784 0.860602
0.693658 0.526024 0.850995 0.790135 0.805934 0.735624 0.780692 0.689953 0.613099 0.698356
0.640401 0.613631 0.745854 0.685659 0.477931 0.498958 0.692217 0.662729 0.501394 0.526963
0.547669 0.569317 0.687723 0.663192 0.562191 0.653960 0.624373 0.574754 0.605938 0.982341
0.364884 0.477974 0.771656 0.756829 0.708143 0.767471 0.747189 0.759998 0.733072 0.777583
0.644924 0.511145 0.739288 0.727728 0.853618 0.984634 1.097271 1.130727 0.911935 0.435103
0.369620 0.577809 0.573100 0.581548 0.510889 0.588827 0.629793 0.598947 0.563699 0.624194
0.607437 0.560233 0.612835 0.616287 0.510333 0.521744 0.497798 0.583805 0.662089 1.048047
0.303130 0.502681 0.667853 0.743569 0.816640 0.817881 0.800111 0.685859 0.572306 0.570850
0.689844 0.703839 0.473371 0.622503 0.929295 0.948673 0.863248 1.172350 1.012641 0.554599
0.431949 0.501343 0.537017 0.493768 0.621882 0.700162 0.757717 0.780795 0.606556 0.544480
0.593176 0.547705 0.546328 0.548682 0.516187 0.622226 0.520115 0.587366 0.662787 0.945796
0.272598 0.502589 0.784729 0.705799 0.716729 0.850124 0.818904 0.754951 0.732203 0.780918
0.760273 0.601507 0.532228 0.816654 1.334945 1.080049 0.393600 0.489436 0.662973 0.719489
0.651455 0.516544 0.617191 0.804647 1.051776 0.675217 0.505342 0.760105 0.701103 0.701627
0.619529 0.582918 0.550018 0.645575 0.707795 0.676209 0.600123 0.587052 0.691145 0.917493
0.321526 0.481064 0.818001 0.772710 0.498233 0.758882 0.813878 0.837524 0.735933 0.842028
0.661504 0.521903 0.954916 0.729237 1.060354 1.459192 0.263015 -0.665803 -0.036569 0.485211
0.481730 0.495883 0.693053 0.679254 0.805552 0.623708 0.496394 0.617218 0.476459 0.589194
0.741218 0.748059 0.679178 0.677740 0.694690 0.583338 0.561815 0.697470 0.645490 0.922038
0.410136 0.499267 0.600496 0.697777 0.642864 0.905969 1.055949 0.532818 0.363655 0.720830
0.691017 0.529579 0.678082 0.629442 0.352476 1.143246 0.487756 -0.249198 0.307353 0.748416
0.765935 0.645496 0.579168 0.607482 0.557916 0.555199 0.480878 0.574075 0.578049 0.587375
0.588914 0.614503 0.662456 0.642915 0.670777 0.552034 0.635270 0.735362 0.706320 0.942699
0.271310 0.428536 0.586421 0.685892 0.691882 0.732179 0.744862 0.745017 0.817010 0.748470
0.808370 0.659158 0.407196 0.724900 0.765804 0.948452 0.406494 0.539905 0.519896 0.665668
0.636505 0.686079 0.566351 0.585436 0.649671 0.630359 0.518633 0.634921 0.793853 0.603702
0.526713 0.587523 0.703725 0.661375 0.691019 0.635202 0.654268 0.663024 0.655217 0.891544
0.254897 0.458567 0.764208 0.768295 0.599842 0.606475 0.698142 0.680118 0.684059 0.688163
0.763487 0.671034 0.455308 0.398400 0.649588 0.503550 0.411094 0.701640 0.713035 0.417079
0.463127 0.674969 0.689406 0.578029 0.607496 0.611729 0.771170 0.867511 0.830018 0.597895
0.437997 0.533607 0.582130 0.605029 0.515396 0.521127 0.627426 0.455166 0.585688 0.893113
0.363806 0.597081 0.606980 0.714978 0.772812 0.619178 0.719605 0.495225 0.585177 0.704438
0.721324 0.501085 0.523491 0.594352 0.470784 0.357339 0.504187 0.653995 0.611457 0.528851
0.598027 0.585526 0.591265 0.530466 0.521003 0.622666 0.690913 0.628086 0.684758 0.561785
0.535172 0.594302 0.573716 0.570165 0.668323 0.636664 0.631996 0.496429 0.622516 0.982271
0.378819 0.529394 0.746838 0.887365 0.810856 0.707574 0.764053 0.776506 0.883112 0.749583
0.596042 0.598627 0.667171 0.724645 0.536845 0.420352 0.559649 0.685507 0.549278 0.515389
0.525375 0.539342 0.560037 0.578989 0.547684 0.521160 0.573311 0.407404 0.417079 0.568547
0.496493 0.534078 0.629433 0.613987 0.691540 0.696320 0.658611 0.681266 0.808520 1.178530
0.314227 0.695874 0.910331 1.114895 1.194849 1.059263 1.102288 1.162298 0.985464 0.852521
0.715616 0.744886 0.660784 0.654256 0.713378 0.643691 0.742815 0.743606 0.479166 0.517045
0.529796 0.517204 0.575667 0.594328 0.649367 0.495028 0.576679 0.636539 0.703151 0.847027
0.527195 0.489519 0.793296 0.682767 0.746718 0.866407 0.756954 0.874308 0.794410 1.127413
0.396396 0.993025 1.187057 1.274988 1.263828 0.714570 0.215265 0.249665 0.240303 0.942835
0.899823 0.685945 0.611753 0.564691 0.579395 0.535174 0.564963 0.730073 0.645206 0.713225
0.550804 0.401418 0.499698 0.521637 0.579169 0.560501 0.554812 0.680878 0.682692 0.639691
0.648642 0.642960 0.742580 0.820126 0.805025 0.780017 0.720234 0.619052 0.720909 1.212395
0.477725 0.466365 0.522620 1.305217 1.158569 0.478083 0.278122 0.295535 -0.315422 0.235657
0.819387 0.714248 0.592856 0.505748 0.528193 0.493187 0.640762 0.660304 0.510208 0.541758
0.654958 0.655388 0.600991 0.602373 0.672390 0.654104 0.715989 0.604051 0.571384 0.621396
0.718540 0.891790 0.653013 0.659898 0.700671 0.690812 0.665558 0.631376 0.814692 1.119465
1.264575 0.495801 0.519567 1.419368 0.519288 0.833009 1.505968 1.166257 0.237023 -0.414129
0.591685 0.904842 0.670908 0.626089 0.533943 0.521371 0.606435 0.674236 0.512814 0.482291
0.696343 0.679471 0.595528 0.699365 0.742779 0.849152 0.892102 0.661307 0.696915 0.825916
0.858685 0.826177 0.669697 0.722724 0.832713 0.708678 0.776980 0.995777 1.266530 1.589761
0.961120 1.053273 1.037215 1.089043 0.376822 1.036498 1.122436 1.302237 0.766599 0.015791
0.181251 0.940035 0.781691 0.610481 0.553550 0.622904 0.608279 0.657565 0.794396 0.899555
0.856919 0.852024 0.725374 0.713399 0.779175 0.752560 0.750158 0.732403 0.848884 0.857968
0.673796 0.542616 0.694244 0.760734 0.750543 0.690104 0.765508 0.843858 0.877164 0.788095
0.667825 0.265818 0.296133 0.670868 0.864272 0.009125 0.938039 0.582760 -0.056557 0.536264
-0.033307 -0.023898 0.570676 0.803439 0.662804 0.573296 0.675983 0.694539 0.751107 0.765828
0.709841 0.860675 0.830137 0.825550 0.906444 0.868803 0.773159 0.806166 0.696600 0.704477
0.766604 0.821454 0.907122 1.052024 0.958185 0.957438 0.878175 1.423377 0.761799 0.766717
0.712856 1.051654 0.954547 1.080859 1.131551 0.443383 0.788739 1.065433 0.860027 1.029644
0.471950 0.014465 0.472625 0.803052 0.720123 0.624307 0.647865 0.735458 0.726279 0.713166
0.502031 0.546820 0.466210 0.528683 0.689076 0.708995 0.587342 0.626146 0.768000 0.754382
0.790910 1.080714 1.040241 0.929229 0.966905 1.329939 1.648052 1.117282 0.432547 1.125996
0.846247 0.794985 0.868739 0.830515 0.499509 0.565909 0.905008 1.182130 1.145738 1.148206
0.268545 0.255033 0.585832 0.743182 0.696692 0.743545 0.923233 0.867600 0.801152 0.909435
0.672035 0.646457 0.680334 0.589772 0.500928 0.485055 0.488110 0.520314 0.644842 0.634707
0.434275 0.470398 0.406220 -0.015277 0.505209 0.950970 1.350660 0.550960 0.634930 1.211565
0.781333 0.821369 0.899855 0.839907 0.568526 0.907000 0.773394 1.344363 1.584615 1.350262
0.467986 -0.242075 0.564645 0.842866 0.660131 0.702012 0.548743 0.932916 0.836325 0.416394
0.725846 1.069861 1.022312 1.117569 0.893156 0.681565 0.674843 0.508657 0.406658 0.544020
0.662887 0.550501 0.723001 0.400596 -0.026702 0.399522 0.378397 0.625266 0.540606 0.964084
0.857702 1.156293 0.420172 0.537494 0.920355 1.031473 1.040523 1.040601 0.847097 0.727124
0.474504 -0.229728 0.871408 1.068422 0.816910 0.717831 0.831751 0.837824 0.537255 -0.308943
-0.002458 0.447728 0.629561 0.672687 0.099101 -0.107953 0.502623 0.698947 0.879376 1.409284
1.424955 1.270920 1.115654 1.008182 0.665886 0.791965 0.998616 0.545682 0.805366 0.864499
0.619977 0.720470 0.708423 0.926040 1.360484 1.020103 0.567936 0.354425 0.376375 0.725333
0.754091 0.089503 0.551123 0.865229 0.800591 0.886628 1.127680 0.513136 0.865220 0.527922
0.039509 0.810256 1.134423 0.843851 0.304793 -0.293329 -0.239053 0.920306 1.403882 0.950580
0.609991 0.739990 0.123740 0.612561 0.596479 1.099463 0.633061 0.709947 0.815876 1.250841
0.923750 0.764574 0.982553 0.731235 0.489467 0.524980 0.528631 0.522893 0.637222 -0.087181
0.428919 -0.562716 0.138714 0.580129 0.611947 1.020895 1.294583 0.776535 0.834334 0.989560
0.872944 0.476251 0.767059 0.915153 1.560762 1.218374 0.467142 1.273334 1.307679 0.319816
1.107349 1.218894 0.557034 0.610367 0.535845 1.017854 0.892403 0.449631 1.195933 1.114125
0.665706 0.940043 0.955944 0.569319 0.771589 0.723949 0.850344 0.333941 0.317247 0.139023
-0.249127 0.127062 0.525712 0.254648 -0.077353 0.488652 0.342437 0.003696 0.625688 1.387457
1.321780 0.732288 0.567291 1.061961 1.116556 0.610014 0.799193 0.832531 0.298170 0.290716
0.377208 0.657804 0.894235 0.919794 0.826874 0.845393 0.601605 0.337161 0.907489 1.590712
0.851754 0.951699 0.852648 0.734331 0.779511 0.513071 0.376995 0.473106 0.455208 0.539437
0.136974 -0.118868 0.871849 0.499899 0.537837 0.944573 -0.543685 -1.444156 -0.086523 0.641035
0.539536 0.352516 0.696534 1.119184 0.559568 0.597547 1.166644 0.878832 0.707126 0.430388
1.254215 0.866294 0.998344 0.711920 0.527148 0.795965 0.729213 0.814959 1.067856 1.653802
0.808264 1.121352 1.183296 0.639575 0.663182 0.760132 0.531140 0.094896 0.608704 0.663446
0.911008 0.423061 0.761381 0.780843 0.310356 0.927040 0.007342 0.481300 1.040692 1.058036
0.195917 0.567249 0.463732 0.064129 0.151811 0.523448 0.925207 0.554575 0.789455 1.085214
1.590071 0.984871 1.392905 0.527833 0.622234 0.874372 1.063841 0.830447 1.190836 1.394724
0.980525 0.396540 0.497109 0.787147 1.095787 1.029232 0.969349 0.861655 0.512128 0.517580
0.842996 0.830674 1.025514 1.126832 0.736748 0.278598 0.518439 1.373412 1.519491 0.698577
-0.169846 1.230016 1.255015 0.046267 -0.348702 1.011481 0.914231 1.005452 1.014845 1.204724
1.117599 1.117360 1.027782 0.691953 0.870542 0.662869 0.467949 0.590230 1.121439 1.083618
0.439956 0.204557 0.658800 0.741045 0.768021 0.585977 1.004562 1.024894 0.627901 0.916939
1.009855 0.536975 0.510503 0.660681 0.495310 0.553461 0.685650 0.668553 0.831616 0.510784
1.105239 1.163613 0.835453 0.283596 0.733345 1.178138 1.332790 0.927507 1.113097 0.897748
0.609884 0.606134 1.024278 1.085124 0.893730 0.743958 0.390689 0.706020 1.429154 1.590990
0.542964 0.810230 1.232882 0.800741 0.292531 0.146348 0.954341 0.975354 0.882515 1.305081
1.241777 0.948448 0.884530 1.015233 1.092261 1.538458 1.531653 1.110009 0.771519 0.797798
1.103081 1.141757 0.996067 1.362456 1.086934 0.842778 1.053039 0.994953 1.553891 1.241573
1.114020 0.942112 1.069238 0.620955 0.567400 0.454203 0.264144 0.911805 0.679206 1.030841
0.829703 0.954307 0.947288 0.723538 0.181471 0.244612 1.033967 1.182082 0.815009 0.570353
0.616680 0.699826 0.944878 1.085429 1.508587 1.702930 1.424031 1.577772 1.711753 1.143245
0.668620 0.696013 0.583437 0.771075 0.464561 0.354746 0.204596 1.068693 0.917987 0.421015
0.764290 0.507132 1.327881 0.983362 0.947107 0.486440 0.801056 1.186608 0.521303 1.062088
0.991312 1.288507 1.730213 1.120900 0.466254 0.412293 1.380536 1.317813 0.540090 -0.056458
0.978329 1.381141 1.305368 1.505880 1.564398 0.479970 0.689416 1.062916 1.202879 1.139670
1.203038 1.456737 1.444887 1.186003 0.415816 0.496257 0.895309 1.490981 1.357338 1.088673
1.633894 0.978755 0.527724 1.131478 1.310006 1.236072 1.413016 1.017036 1.019869 1.704406
0.698571 0.469961 1.143886 0.886069 0.742054 0.699326 1.216935 1.271491 0.697859 0.449342
1.010473 1.356158 1.336271 1.478802 1.560402 1.096891 1.141574 1.090879 1.231160 1.556191
1.202311 0.745069 0.860832 1.076431 0.862281 1.252241 1.129905 1.252662 1.097036 1.090623
1.304516 0.965049 0.676446 0.906967 0.981927 0.995611 1.103216 0.939085 1.075315 1.267642
-0.252211 -0.125514 0.111093 0.518379 0.102895 0.275949 0.192384 0.533213 0.186600 0.385762
0.211546 -0.034638 -0.070334 0.364416 0.536342 -0.079714 0.329974 -0.192031 -0.170791 0.275870
0.165186 0.379043 0.500805 0.130687 0.366702 0.275739 0.714175 0.435918 -0.034369 -0.061623
1.067412 0.071759 0.528398 0.204910 0.377688 0.407708 0.364843 0.228990 -0.158166 0.039944
-0.895257 -1.753071 -1.297510 -1.424602 -1.727531 -1.745789 -0.738408 -0.829401 -1.595186 -1.179236
-1.155738 -1.262127 -1.304077 -0.766334 -0.889938 -0.969688 -1.045653 -1.072649 -1.058131 -1.478304
-1.146725 -0.943971 -1.261413 -1.292558 -0.919346 -0.987657 -0.708663 -1.288982 -1.567798 -1.058096
-0.519378 -0.755321 -1.169929 -1.025691 -1.664515 -1.571999 -1.515670 -1.319474 -1.505696 -1.128800
-0.670723 -1.511063 -1.562301 -1.748408 -1.290459 -1.718927 -0.424715 -0.948549 -1.381870 -1.212540
-1.059570 -0.776299 -1.493218 -1.227431 -0.790480 -0.637508 -1.112012 -1.048914 -0.854676 -0.914054
-0.917778 -0.871506 -1.218790 -0.806969 -0.690205 -0.701761 -1.125231 -1.199777 -0.748433 -0.926260
-1.324323 -1.048341 -1.039417 -0.884457 -1.104060 -0.406712 -0.717586 -1.164085 -1.564789 -0.965437
-0.553220 -1.602766 -1.951268 -1.214829 0.320488 -1.720533 -0.742108 -0.846401 -1.266954 -1.366178
-0.963470 -0.497065 -0.800916 -0.766747 -0.779760 -0.743407 -0.747407 -0.938340 -0.362274 -0.871625
-1.159447 -1.028194 -0.773300 -0.727488 -1.005288 -0.989703 -1.145900 -1.035031 -0.652092 -1.134967
-1.088739 -1.050536 -0.555985 -1.136529 -0.628773 -0.385445 -0.951450 -1.090672 -1.509310 -0.635785
-0.390297 -1.694925 -1.924913 -0.393131 2.582481 -0.963183 -1.072760 -0.868052 -0.958177 -0.855632
-0.967178 -1.246993 -0.762962 -0.619975 -0.931073 -0.748803 -0.981652 -0.686427 -0.834103 -1.190636
-0.810012 -1.045006 -0.972467 -0.609203 -1.115226 -1.130485 -1.313074 -0.808260 -1.003118 -1.233118
-0.728508 -0.672264 -0.877486 -1.030870 -0.747427 -0.999211 -1.126702 -1.012536 -1.396845 -0.727346
-0.400820 -1.576021 -1.642682 -0.555768 -0.521918 -0.757606 -0.677339 -0.978267 -0.482275 -0.286879
-1.152299 -1.802804 -0.599167 -0.980269 -0.786365 -1.341278 -1.006534 -0.647970 -1.400997 -0.638565
-0.323833 -1.302316 -1.401349 -0.896277 -0.891339 -0.057835 -1.251386 -0.993774 -0.817433 -0.722008
-0.873053 -0.543345 -1.024796 -0.901520 -1.165420 -1.181044 -1.056088 -0.991300 -1.040307 -0.810692
-0.585926 -1.666673 -1.760093 -1.319652 -1.543345 -0.708258 -0.167318 -0.837128 -0.892875 -0.758435
-1.270908 -0.929510 0.407539 -1.087476 -0.853337 -1.376847 -1.030553 -0.913322 -0.917082 -0.297900
-0.479616 -1.368247 -1.523347 -1.597084 -0.808620 0.408835 -0.830370 -1.358329 -1.066393 -0.442043
-0.901265 -0.754524 -1.106301 -1.046893 -1.245790 -0.721654 -1.239700 -1.326664 -1.198525 -0.633854
-0.660238 -1.597212 -1.197616 -0.640538 -1.296467 -1.212547 -0.975719 -0.958608 -1.375704 -1.366624
-0.936023 -0.002476 -0.439399 -1.213410 -1.291879 -1.204117 -1.022708 -0.707003 -0.737651 -1.171935
-0.459727 -1.046237 -1.264530 -1.458113 -0.631317 -1.099205 -0.917709 -1.336396 -1.230183 -1.052416
-0.650667 -1.015331 -0.956860 -0.586507 -0.933929 -1.026219 -1.025853 -0.719923 -1.369244 -0.665551
-0.707120 -1.072794 -0.448689 -0.259527 -1.508311 -1.224765 -0.901496 -0.713831 -0.956191 -1.388013
-0.973587 -0.588705 -1.386362 -1.223272 -0.942016 -0.770545 -0.659337 -0.619028 -1.112085 -1.443347
-0.978256 -0.720196 -0.674130 -0.786541 -0.734305 -0.899176 -0.997783 -0.967408 -0.962998 -1.083726
-0.863584 -1.156725 -0.921840 -0.635603 -1.096607 -1.197284 -0.527648 -0.701085 -1.393845 -0.674866
-0.494506 -0.828910 -0.761440 -0.713537 -1.427554 -0.860669 -0.718363 -1.098263 -0.779456 -0.660297
-0.435575 -1.201725 -0.782888 -1.045440 -1.248648 -0.670097 -0.686831 -1.216660 -1.377496 -1.120515
-1.126300 -0.825089 -0.737579 0.202198 -0.935305 -1.228729 -1.098243 -0.287791 -1.053323 -1.089776
-1.084335 -1.068587 -0.752832 -0.633136 -1.227831 -0.854727 -0.273297 -0.996276 -1.501909 -0.771708
-0.685928 -0.900242 -1.103252 -1.069755 -1.112081 -0.659216 -1.079055 -1.183676 -1.281615 -0.341653
-0.021838 -1.309021 -0.772372 -1.113862 -1.669172 -1.161646 -0.935494 -0.735158 -0.353562 -1.276855
-1.651523 -1.225980 -0.787591 -0.714478 -1.245241 -1.627359 -1.041542 -0.871799 -1.075867 -1.153252
-0.960981 -1.155829 -0.838071 -0.682606 -1.057763 -0.996654 -0.831027 -1.427606 -1.272830 -0.766703
-0.729145 -1.057666 -1.165644 -1.208219 -0.831409 -0.691541 -0.897326 -0.777662 -1.277446 -1.060673
-1.061335 -0.883991 -1.081983 -1.442755 -2.151486 -0.925881 -1.336491 -0.837672 0.296146 -0.544063
-1.501533 -1.401390 -0.744236 -1.527321 -1.525530 -1.221157 -0.658506 -0.578081 -0.848085 -1.105463
-0.756403 -1.155319 -1.119022 -1.090977 -1.125133 -1.062741 -1.093111 -1.364377 -0.920657 -0.733234
-0.497984 -0.974588 -1.045322 -0.996960 -1.141208 -0.988427 -0.740476 -0.731643 -0.882518 -1.237580
-0.892164 -0.836936 -1.226002 -2.151247 -1.135753 0.565725 -2.093643 -1.898581 -0.841458 -0.677609
-0.930296 -1.121544 -1.074216 -1.316087 -0.548214 -0.436994 -0.888932 -0.641068 -0.996815 -0.451141
-0.598672 -1.165168 -1.377009 -1.299072 -0.913343 -0.702492 -0.950625 -1.225493 -0.829262 -0.649173
-0.581252 -1.191736 -1.184409 -0.192756 -1.354130 -1.525580 -0.834273 -0.921568 -1.025689 -0.617336
-0.520258 -1.359586 -1.554734 -2.913810 -1.496282 1.399463 -2.142624 -3.424759 -1.418412 -1.040328
-1.083897 -1.053370 -0.913205 -0.730824 -0.479380 -0.534719 -0.950086 -0.929958 -1.195164 -0.717235
-0.433760 -0.693054 -0.896796 -1.320448 -0.737878 -0.831123 -1.381196 -1.227005 -0.938784 -0.638943
-0.591699 -1.079082 -1.208441 -0.984331 -1.264711 -1.477769 0.208547 -0.195490 -1.248021 -0.742283
-0.589687 -1.577543 -1.845795 -2.167552 -1.552361 2.511549 0.961649 -3.273780 -2.454175 -1.500492
-0.781388 -0.524709 -0.953439 -0.895075 -0.841885 -1.008328 -0.880576 -1.234649 -1.086062 -1.208309
-0.811219 -0.778573 -0.831606 -1.017724 -0.693883 -1.292389 -1.624200 -1.253926 -0.764855 -0.555624
-0.655133 -1.310410 -1.245099 -1.210654 -1.184325 -0.941978 -0.257187 -1.052643 -1.067119 -1.115701
-1.157561 -1.042797 -1.587281 -1.067318 -1.298126 0.206897 -0.506673 -2.225255 -1.297422 -1.253505
-0.605933 -0.706145 -0.958582 -1.323387 -0.728480 -0.897460 -1.176951 -1.240397 -0.700599 -1.038414
-1.488467 -0.971210 -0.549855 -0.620564 -0.987543 -0.929312 -1.606819 -0.890090 -0.412215 -0.387460
-0.557630 -1.236049 -1.257681 -0.752597 -0.763592 -1.106388 -0.915408 -1.092092 -0.772375 -0.961890
-0.945746 -0.651765 -1.315287 -1.279709 -0.708903 -1.587536 -1.578564 -0.879298 0.349537 -1.117337
-0.965690 -1.090314 -0.843752 -1.051143 -0.684117 -1.141001 -1.166968 -0.779342 0.113325 -0.555789
-1.589398 -0.989412 -0.723706 -0.703446 -1.040663 -0.904172 -1.244654 -0.383420 -0.994386 -0.617015
-0.640178 -0.903284 -1.448581 -0.770461 -0.855308 -1.315730 -0.851568 -0.368670 -0.883066 -1.299568
-0.647488 -1.037528 -1.362198 -1.055520 -0.802356 -1.237519 -1.402376 -0.612280 -0.264488 -0.871149
-1.133691 -0.965808 -0.532632 -0.782562 -1.059294 -0.945615 -1.013405 -0.567721 -0.180065 -0.823584
-1.313397 -1.224151 -1.158950 -1.118535 -0.867003 -0.872045 -0.897656 -0.629338 -1.420883 -0.742552
-0.544003 -1.163004 -1.546528 -0.367921 -0.703753 -1.071468 -1.211981 -0.871499 -0.945507 -0.987745
-0.733440 -1.127603 -1.097861 -0.803463 -0.863750 -1.256173 -1.702879 -0.980718 -0.781329 -0.816386
-1.318635 -1.069624 -0.828422 -0.899977 -1.043884 -1.012541 -0.569801 -0.780952 -1.134518 -1.119020
-1.036814 -1.318489 -0.985021 -1.097216 -1.159424 -0.931550 -1.154740 -1.098992 -1.497713 -0.649166
-0.656336 -1.459185 -1.410635 -0.787156 -0.908248 -1.079216 -1.552539 -1.002450 -0.811031 -0.885319
-0.982239 -1.136612 -0.882596 -0.943972 -0.509173 -1.086679 -1.167734 -0.243769 -0.747728 -0.894864
-1.234714 -1.479859 -1.265215 -0.888614 -0.674749 -0.933463 -1.044257 -1.049674 -0.972369 -0.392156
-0.791382 -1.440638 -0.825139 -0.915960 -1.052742 -0.932894 -1.019302 -0.776515 -1.392576 -0.665160
-0.948815 -1.330282 -1.181490 -1.700449 -1.745435 -0.840053 -0.745868 -0.748489 -1.357800 -0.665607
-0.592456 -1.176209 -1.006293 -1.012345 -0.698178 -0.918545 -0.900951 -0.757457 -1.002923 -0.849524
-0.422127 -1.518320 -1.374291 -0.960243 -0.874424 -1.050113 -1.162995 -1.030406 -0.458321 -0.365747
-1.118355 -1.319584 -0.993689 -0.804953 -0.696055 -0.817832 -0.498510 -1.084839 -1.200881 -0.496069
-0.959731 -1.221170 -2.357885 -2.932206 -1.081721 -0.458435 -0.573887 -1.546852 -1.320065 -1.454144
-0.907685 -0.940439 -0.959094 -1.022061 -1.090908 -1.250853 -1.037298 -0.775140 -0.976097 -0.829124
-0.838280 -1.127231 -1.153378 -1.020624 -0.837594 -1.059523 -0.802272 -1.070651 -0.994027 -1.184586
-1.404820 -0.536143 -0.611265 -1.024655 -0.766978 -0.860917 -0.830163 -1.204796 -1.500942 -0.575786
1.532702 -1.281887 -3.956944 -2.432670 0.151381 -1.993125 -2.627185 -1.713412 0.047612 -2.298214
-1.363174 -1.015889 -1.184399 -0.898301 -1.320204 -1.455358 -0.925596 0.090139 -0.994734 -1.069379
-1.125769 -0.917685 -1.107855 -1.019412 -1.056346 -0.909161 -0.553077 -1.137935 -1.334856 -1.310800
-0.810141 -0.431737 -0.619701 -1.139242 -1.069516 -1.043993 -0.909530 -1.437181 -1.647283 -0.136518
0.698299 -1.207493 -0.677959 -1.591631 -0.071472 -1.031740 -2.092890 -0.662235 0.105965 -1.852085
-1.570367 -1.379058 -0.988243 -0.965313 -1.339224 -1.197134 -0.747444 -0.897911 -1.157922 -0.584625
-0.926019 -0.670236 -0.838518 -1.083615 -1.319691 -0.964591 -0.903399 -0.988711 -0.927590 -0.525674
-0.722858 -0.703662 -0.865728 -1.221276 -1.261519 -0.873136 -0.783952 -1.503235 -1.454705 -0.421543
0.142938 0.479218 -0.241788 -1.174193 0.110587 -0.571339 -0.517601 -0.534621 -0.281585 -0.690220
-1.088106 -2.872555 -1.309496 -1.080008 -1.077349 -1.052474 -1.042505 -1.451928 -1.232395 -0.769930
-0.740945 -0.391810 -0.785078 -1.080162 -0.835080 -0.485388 -0.917468 -0.698793 -0.918185 -0.732610
-1.070391 -1.004673 -1.204156 -1.065090 -1.269040 -0.471448 -1.401414 -1.959186 -1.022616 -0.338380
0.138985 0.737840 -0.597562 0.280239 -0.025575 -0.264460 -0.295720 -0.621579 -1.192770 0.030789
-0.005803 -3.314480 -1.345673 -1.250848 -0.638793 -0.722146 -1.437396 -1.298917 -1.223568 -1.002347
-0.955511 -0.341378 -1.069467 -1.235517 -0.841733 -0.739136 -1.282274 -1.325257 -0.790075 -1.037634
-1.334813 -1.580292 -1.624665 -0.981238 -1.255050 -1.662827 -2.373818 -1.363380 -1.633002 0.598548
0.322304 -0.579156 -2.468454 -0.492484 0.681466 -0.036673 -0.986625 1.154189 -1.073130 -1.144378
-0.251485 -1.733643 -0.937377 -1.205876 -0.864434 -1.074628 -1.318010 -1.077439 -1.174500 -0.602964
-1.063308 -0.973123 -1.127794 -0.609288 -0.634420 -1.212733 -1.063466 -1.247964 -1.119448 -1.045242
-0.909243 -2.445394 -2.083686 -0.738954 -1.581984 -2.736056 -1.923383 -1.588802 -0.777258 0.966141
-0.412290 -1.028975 -2.359754 -1.132934 0.185224 0.464171 -0.385068 0.198491 -1.104146 -1.522358
-0.961755 -1.498657 -1.316125 -1.307300 -0.998091 -0.949122 -1.984249 -1.654136 -0.804363 -1.952399
-1.963209 -1.845699 -1.796215 -1.386331 -1.101661 -1.270219 -0.836896 -1.453266 -2.053351 -1.426146
-2.600406 -2.872117 -2.106933 -0.502854 -2.992796 -2.872979 -1.241806 -1.521189 -0.079552 1.181274
-0.061026 -0.268265 -1.775673 -1.514890 -0.164803 0.320478 0.052239 -0.612497 -1.531414 -0.902699
-0.556470 -2.083219 -1.500045 -0.672988 -0.940580 -1.697336 -2.972887 -1.419347 -0.175570 -3.882632
-2.645447 -2.121068 -2.608293 -1.756754 -1.287281 -1.946862 -0.982419 -1.888491 -3.602755 -2.003646
-3.605638 -1.434354 -1.771022 -1.076679 -0.998119 -1.830977 -2.711259 -0.578375 1.606742 1.244873
0.100711 -0.913211 -1.226710 -1.266376 -1.617628 -0.709434 -0.218298 0.411556 -2.126249 0.475339
-0.582968 -1.696432 -1.765894 -1.278221 -0.937104 -2.319310 -3.236328 -1.065793 1.201320 -3.175325
-2.921499 -3.534824 -2.419347 -0.425178 -0.731968 -2.155074 -2.496686 -3.894907 -1.852385 0.398125
-3.320049 -1.300660 -1.667441 -0.845479 2.268165 0.469235 -2.419641 -2.342882 -0.527504 0.009238
0.692734 -0.925604 0.372735 0.045379 -2.213867 -1.845994 1.608676 -1.188137 -1.259873 0.034315
0.655220 -1.540890 -3.108554 -1.958154 -1.799038 -3.716974 -3.234855 -1.322010 1.315430 -2.231561
-1.099912 -2.825913 -1.979784 -0.587143 -0.541456 -1.228554 -2.935275 -3.222691 0.044693 0.292716
-0.521617 -2.001756 -0.775073 -0.556386 1.144894 0.011995 -0.827847 -2.634404 -1.570223 -1.365961
-0.390901 -1.059534 -0.609677 -1.711084 -1.541032 -1.420782 -0.052158 -1.702606 0.643441 -1.152064
0.477978 -0.794726 -0.889300 0.555654 -1.512292 -2.320627 -2.889657 -0.555694 -0.815339 -1.046306
0.199174 -1.561794 -1.168883 -0.950049 -0.942231 -0.177890 -1.856949 -1.348213 -1.184566 -0.599190
0.917388 -0.688119 -0.608949 -0.585268 -2.037558 0.654930 -1.136008 -1.516831 -0.947137 -1.199406
-0.247926 -1.164274 -0.391748 -1.565910 -0.732602 -1.330582 -0.961940 -1.727004 1.771686 -0.423635
-0.661093 -0.234414 -0.047892 -0.173501 -1.584836 -0.100069 -2.517328 -1.155525 -0.374261 0.227867
-0.294783 -1.062482 -0.305486 -0.592487 -1.284127 0.525713 -1.282659 -1.050533 -0.034404 1.165404
-0.194736 -0.924903 1.063241 -1.145585 -2.580955 -0.093194 -0.596562 -0.682499 -1.123380 -0.456214
-0.213643 -0.714184 1.618649 -1.004606 -2.303080 -1.552564 -1.062314 0.496691 -0.333702 -0.796345
-1.108172 -0.035310 1.216232 -0.102353 -0.691838 0.792015 -2.166632 -0.435277 0.328613 0.603149
-1.288603 -0.486646 -1.698599 -0.145532 -0.280612 0.492048 -0.494805 -2.077276 -0.942414 1.176300
-2.178253 -2.340108 2.298369 -1.197678 -1.899065 -1.348796 -0.785937 -1.488537 -1.238111 0.058325
0.215306 -0.438294 -0.558750 -0.990703 -1.886299 -1.250326 -1.409185 -0.496866 -0.545550 -1.974089
-1.676520 -0.347035 -1.144136 -1.199203 -1.069534 -1.482782 -0.515201 0.599724 -0.242347 -1.950960
0.771675 0.976302 -0.858041 -1.936947 0.109277 0.370939 -0.791614 -1.229036 -2.661212 -1.880969
-2.410356 -0.862762 -0.606146 -1.586590 -1.273530 -0.658905 -0.259556 -0.853954 -1.611818 -0.951976
0.533383 -1.459273 -2.130440 -1.155914 -1.022914 -0.123422 -1.323300 -1.985044 0.059091 -1.514152
-1.389570 0.931964 0.053101 -1.434189 -2.140575 0.167165 1.762038 0.031839 -1.810185 -3.629388
1.024074 0.770765 0.879318 -2.759882 -0.616545 0.371173 -1.392328 0.037237 -1.053198 -1.265544
-1.323925 -0.146462 -1.453387 -1.017898 0.674923 -0.663116 -1.858347 -1.478607 -2.860789 0.637475
-0.416121 -1.170922 -1.146051 0.827313 -0.439225 -0.481391 -1.509804 -2.637918 -0.572904 -0.855020
-0.597217 0.057670 0.245061 -1.578718 -1.743617 -0.191305 -0.971850 0.484755 0.686447 -2.061276
-1.202807 -0.580004 -1.197763 -0.186740 -1.479395 -2.132724 -1.243181 -0.376808 -0.758368 -0.964828
-0.666880 -0.013870 -1.551636 -0.992772 1.610480 0.602609 -2.252239 -0.628825 -2.044613 1.081873
0.030010 0.334890 -1.218444 0.413092 -0.285074 -1.345600 -2.417351 -2.241537 -0.068173 -1.460976
-0.408691 -0.779335 -1.048376 -1.505389 -1.181159 -0.802918 -0.829878 -0.890361 -0.174025 -1.264855
-1.935987 -2.119058 -2.334587 -0.641667 0.117545 -1.123171 1.211582 -0.690113 -1.431139 -0.097390
-0.989069 -1.030560 -2.416507 -0.143846 0.377535 -0.972143 -0.918563 0.879258 -0.847047 0.713427
-0.200321 -0.288866 -1.596045 -1.410583 0.141241 -1.342208 -2.876375 -2.184667 0.773377 -2.332823
-1.807468 -2.228340 -1.176550 -0.279446 -1.901756 -0.763921 0.243260 -1.962002 -1.401848 -1.579123
-1.265784 -0.975948 -0.744358 -0.218796 -0.317815 0.412468 -0.060647 -0.604849 -1.499797 0.903224
0.939079 -0.915308 -0.314019 -0.457600 -0.076686 0.079569 0.272350 -0.354284 -1.750318 -0.237806
0.443169 -0.393440 -1.235244 -0.762424 0.663844 -0.567564 -2.512171 -1.057781 1.277297 -2.054856
-2.028303 -0.754661 -0.252378 -1.003872 0.043094 0.098595 -0.777997 -1.275076 -0.018815 0.421426
1.013176 -0.536402 0.062191 0.040923 0.059943 0.732215 -0.262295 0.681836 -0.115259 0.658603
0.623875 -0.896811 -0.524254 -0.406153 -0.121798 -0.433721 -0.770436 -1.217218 -0.750573 -0.006851
-0.658452 0.070830 0.403033 0.219649 0.330208 0.466291 0.423577 0.110943 0.314814 0.313352
0.312058 0.492408 0.607333 0.420034 0.073368 0.345993 0.251073 0.117956 0.139831 0.063724
0.064733 0.012890 0.010804 0.106418 0.057805 0.144172 0.035588 0.092194 0.275687 0.399976
0.080652 0.086990 0.042791 0.046060 0.084806 0.107442 0.219502 0.421960 0.392218 0.986364
-0.521475 0.245532 0.832067 0.947318 1.164415 1.094065 0.934091 0.677908 0.794616 0.843846
0.888062 1.051775 1.187901 0.934882 0.767849 0.716684 0.834727 0.733159 0.700348 0.708014
0.705208 0.625822 0.781727 0.796732 0.713393 0.676434 0.748820 0.893075 0.969865 0.747714
0.782585 0.821496 0.835927 0.813761 0.858408 0.824413 0.861581 1.158759 0.933737 0.879142
-0.328512 0.194691 0.718221 0.871480 0.988704 0.743646 0.577220 0.571288 0.800250 0.727276
0.738085 0.815424 0.711418 0.833394 0.716729 0.589638 0.452880 0.554254 0.560055 0.515711
0.533050 0.579412 0.642735 0.627340 0.620610 0.570758 0.673092 0.769197 0.719774 0.623544
0.752888 0.896046 0.674142 0.685899 0.609668 0.527920 0.546584 0.922168 0.742554 0.665719
-0.269936 0.505058 0.834036 0.769701 0.585816 0.299182 0.736651 0.643781 0.722656 0.708742
0.646803 0.887739 0.805886 0.710806 0.591649 0.780111 0.682157 0.648872 0.557860 0.575148
0.568858 0.526723 0.519648 0.589836 0.616935 0.715236 0.755207 0.727195 0.690887 0.706956
0.750263 0.760539 0.609050 0.659267 0.536920 0.549665 0.710710 1.013555 0.760128 0.594222
-0.245245 0.640914 0.784867 0.297306 0.233415 0.300740 0.743464 0.723833 0.631252 0.665759
0.679560 1.068437 0.954346 0.689250 0.655742 0.761992 0.866222 0.710865 0.780950 0.699785
0.515063 0.478987 0.595045 0.742051 0.676744 0.678536 0.685072 0.699073 0.711120 0.604867
0.627977 0.622611 0.753524 0.731953 0.724315 0.738208 0.829017 1.114247 0.736547 0.622053
-0.253864 0.669900 0.844612 0.497855 0.725547 0.800407 0.673079 0.669328 0.656158 0.748091
0.911675 0.983561 0.632605 0.522456 0.645635 0.866420 0.920558 0.813316 0.849820 0.616173
0.469150 0.544609 0.703422 0.786583 0.772813 0.581572 0.474184 0.709414 0.779870 0.634123
0.652475 0.660364 0.717924 0.746069 0.775995 0.808258 0.808515 1.097934 0.774763 0.596241
-0.250840 0.677572 0.954973 0.645966 0.778681 0.959289 0.830598 0.723201 0.809171 0.894003
1.033986 0.832500 0.397814 0.319613 0.704162 0.841234 0.794114 0.794094 0.608658 0.658750
0.610058 0.591699 0.811912 0.891465 0.639714 0.558355 0.554002 0.788259 0.869888 0.759203
0.721195 0.734360 0.698987 0.680755 0.626059 0.705953 0.828884 1.044182 0.830497 0.590392
-0.152426 0.586643 0.788330 0.460656 0.743376 0.901397 0.821871 0.755153 0.735652 0.821036
0.974771 0.587722 0.631190 0.652728 0.813608 0.696705 0.620318 0.646678 0.670893 0.787706
0.750491 0.787482 0.832440 0.819840 0.524679 0.596003 0.693194 0.755398 0.680807 0.774393
0.700033 0.747796 0.694952 0.632631 0.583232 0.723339 0.738120 0.867896 0.728702 0.634728
-0.092543 0.347665 0.645356 0.511625 0.784105 0.966817 0.728472 0.705051 0.716981 0.652842
0.719963 0.605705 0.730549 0.855698 0.803180 0.626427 0.586715 0.632519 0.888194 0.823983
0.899594 0.838126 0.734417 0.528583 0.473056 0.549944 0.826895 0.719652 0.658377 0.696378
0.739186 0.767630 0.711395 0.641997 0.728959 0.784093 0.641458 0.844020 0.797619 0.713047
-0.079686 0.482986 0.643629 0.619627 0.750782 0.747561 0.659516 0.815110 0.829578 0.675475
0.498304 0.604649 0.642531 0.727171 0.837369 0.826332 0.704382 0.727910 0.712364 0.537829
0.715234 0.766682 0.804024 0.564284 0.581325 0.900547 0.895317 0.643144 0.732421 0.807198
0.737742 0.731213 0.753934 0.649444 0.761818 0.701178 0.704940 0.965237 0.952903 0.687775
-0.130241 0.509141 0.779886 0.717838 0.725959 0.636921 0.632431 0.651654 0.764039 0.722019
0.515719 0.494564 0.772568 0.888998 0.783644 0.952070 0.933441 0.777211 0.542973 0.339931
0.588431 0.735910 0.616066 0.716828 0.835502 0.992503 0.737243 0.645452 0.691041 0.796925
0.667718 0.669860 0.662222 0.656242 0.751386 0.672121 0.836605 1.049839 0.869325 0.578419
-0.226778 0.471813 0.719097 0.788987 0.764137 0.786577 0.790077 0.588749 0.583740 0.689734
0.715175 0.590351 0.779626 0.803568 0.526895 0.513962 0.670911 0.846382 0.736152 0.426569
0.613450 0.712774 0.681885 0.779720 0.944520 0.752648 0.505023 0.608062 0.709454 0.824421
0.675452 0.635137 0.668886 0.739149 0.768176 0.732910 0.959095 1.035884 0.848780 0.473101
-0.196954 0.457494 0.703579 0.597773 0.657581 0.907813 0.855208 0.637557 0.571888 0.738435
0.605202 0.685422 0.683627 -0.256808 -0.496778 -0.277222 -0.328939 0.667765 0.922691 0.630661
0.677286 0.690864 0.687527 0.558964 0.670642 0.582447 0.625587 0.668827 0.801370 0.813057
0.629511 0.610215 0.718833 0.725608 0.758131 0.577589 1.026746 1.052105 0.836251 0.497586
-0.220894 0.405391 0.637321 0.543105 0.561508 0.741965 0.780214 0.424934 0.717957 0.729639
0.564738 0.845467 1.118359 -0.258520 -0.281917 1.476049 -0.951404 0.270055 1.087675 0.968519
0.755658 0.648936 0.618471 0.538679 0.540135 0.643766 0.780307 0.865644 0.846801 0.770698
0.710653 0.718342 0.734035 0.700650 0.707854 0.638048 1.149993 1.129531 0.815966 0.515636
-0.217246 0.453108 0.602092 0.608999 0.636247 0.502312 0.789804 0.555582 0.830539 0.865449
0.727354 0.881084 1.078690 0.024268 0.249942 2.609205 -0.533225 -0.329978 0.977684 0.763929
0.633955 0.517622 0.549974 0.767331 0.841490 0.863917 0.880129 0.898925 0.794836 0.666837
0.742342 0.738847 0.733237 0.692336 0.617079 0.695961 1.155434 1.016412 0.627438 0.409065
-0.327791 0.426637 0.755130 0.625909 0.683764 0.533950 0.660735 0.719650 0.735694 0.731394
0.682849 0.702540 0.752936 0.176656 -0.128834 0.357012 0.079746 0.174927 0.634743 0.472364
0.571536 0.615819 0.705262 0.780534 0.772274 0.763960 0.940598 0.829270 0.607928 0.406201
0.637544 0.675847 0.602021 0.544185 0.685171 0.737071 0.941650 0.797183 0.528676 0.472465
-0.223957 0.426763 0.787056 0.766260 0.583743 0.528261 0.713529 0.699364 0.729022 0.739695
0.555235 0.560506 0.799903 0.737916 0.500244 0.464319 0.795416 0.558067 0.510895 0.449597
0.651996 0.658564 0.689150 0.649270 0.711922 0.710725 0.852556 0.796182 0.583122 0.288303
0.520689 0.627778 0.582313 0.646089 0.722481 0.752744 0.841725 0.799549 0.666076 0.717457
-0.242318 0.490927 0.801668 0.687863 0.469247 0.402710 0.586870 0.639279 0.771966 0.835612
0.639832 0.575872 0.692057 0.717943 0.543795 0.704006 0.976589 0.750091 0.485867 0.425676
0.697689 0.753193 0.752895 0.649992 0.674857 0.701868 0.715548 0.650593 0.720829 0.595227
0.623250 0.677855 0.690763 0.698172 0.710625 0.826968 0.784550 1.012586 0.839359 0.796140
-0.216197 0.556138 0.848058 0.717709 0.440396 0.296159 0.429777 0.680064 0.728896 0.780295
0.716405 0.686152 0.649738 0.640785 0.550707 0.681418 0.796923 0.714805 0.612916 0.541601
0.667785 0.702763 0.793976 0.804382 0.709818 0.665666 0.619252 0.681947 0.732692 0.687731
0.677496 0.746364 0.675303 0.662113 0.713971 0.717799 0.651390 0.976428 0.686039 0.660558
0.037141 0.637538 0.776426 0.853545 0.650347 0.447872 0.367627 0.410263 0.617866 0.669985
0.614958 0.742048 0.739172 0.643505 0.538359 0.629118 0.750040 0.694336 0.614286 0.654090
0.582386 0.616331 0.760265 0.741447 0.664279 0.621793 0.616617 0.660187 0.639884 0.549664
0.637689 0.678088 0.671266 0.622326 0.555672 0.570562 0.523415 0.803686 0.649452 0.586758
0.291596 0.778660 0.968546 0.962326 0.396940 0.215754 0.257371 0.605124 0.904557 0.657234
0.575197 0.715612 0.706109 0.673074 0.689476 0.766062 0.694485 0.685241 0.608420 0.665235
0.561106 0.541908 0.694837 0.680147 0.632763 0.677493 0.666205 0.608245 0.619285 0.511315
0.636924 0.614418 0.417941 0.460922 0.572275 0.538001 0.546300 0.771531 0.726387 0.736558
-0.061165 0.472860 1.268072 0.458438 -0.045415 0.384421 0.926478 1.411436 0.738151 0.762739
0.752090 0.670400 0.633893 0.664323 0.706534 0.862981 0.783723 0.689823 0.647393 0.598779
0.612907 0.555557 0.613664 0.651704 0.649285 0.687404 0.641265 0.624174 0.732789 0.712507
0.602730 0.430245 0.248293 0.495500 0.755839 0.673449 0.730880 0.850883 0.927868 0.881438
1.482320 0.748138 0.738770 -0.044966 0.580818 0.368450 1.701652 2.304900 0.657551 0.195867
0.665189 0.663987 0.656050 0.658489 0.728868 0.811452 0.654971 0.505969 0.604265 0.754404
0.649642 0.554792 0.535241 0.588408 0.620745 0.576297 0.509280 0.607192 0.670272 0.552512
0.366142 0.443288 0.485544 0.628346 0.737362 0.699941 0.877041 1.089510 0.620417 0.722847
2.097845 0.946366 0.431441 0.026671 1.137741 1.159368 1.295407 1.539471 0.651848 -0.622628
0.072977 0.442858 0.734614 0.758587 0.732532 0.658614 0.520083 0.577460 0.546560 0.593441
0.481708 0.439681 0.384993 0.466474 0.545992 0.604497 0.501165 0.559880 0.563343 0.472526
0.489202 0.566257 0.706451 0.750755 0.705607 0.829453 1.011834 1.120563 0.747991 1.021737
1.534230 0.595247 0.614611 0.985176 1.710865 1.153972 1.077635 0.838789 1.137941 0.353329
-0.536035 0.347131 0.847854 0.752479 0.596579 0.564957 0.523329 0.564669 0.400001 0.336485
0.192152 0.254695 0.364284 0.576046 0.460694 0.487480 0.558287 0.659600 0.648675 0.545325
0.647964 0.713143 0.650368 0.613749 0.625552 1.080201 1.379286 1.341735 1.305634 1.091275
0.044376 0.193586 0.494762 1.189701 1.473982 1.405266 1.093185 1.112895 1.331730 2.413543
-0.150326 -0.268139 0.674672 0.680715 0.465562 0.476454 0.503588 0.491799 0.198180 0.185891
0.484890 0.684841 0.706775 0.683488 0.595656 0.558524 0.629650 0.630888 0.667562 0.809381
0.923468 0.859464 0.756341 0.504965 0.595569 1.205993 1.791811 0.688718 1.036163 0.680054
0.337460 0.762486 0.162389 0.289177 0.913323 1.088909 1.082853 1.551389 1.339035 2.255575
-0.044501 -1.018755 0.174310 0.672148 0.613450 0.688237 0.759284 0.712063 0.369766 0.312640
0.779915 0.899648 0.978501 0.888637 0.694694 0.667155 0.644274 0.680481 0.969954 1.151200
1.156111 0.751531 0.586026 1.142779 1.512243 1.768261 0.722014 0.200252 0.600461 0.630360
0.742135 1.232350 0.321125 0.069041 1.036686 1.364039 0.792560 1.174531 1.200466 1.633497
-0.214766 -1.242894 -0.311895 0.679869 0.653370 1.018169 0.977571 0.557362 0.360168 0.625565
1.107490 1.224427 1.133090 0.905716 0.840195 0.889210 0.877669 1.066586 1.326154 1.502919
1.864758 0.996562 0.889620 1.963043 0.825150 1.540329 1.003690 1.034491 0.494621 0.791356
0.587887 0.778466 0.317680 -0.143964 0.363838 1.514541 0.933608 0.735359 1.027207 2.029971
-0.238955 -1.391492 -0.520703 0.624755 0.739907 1.316171 0.986430 0.665183 0.860925 0.165555
1.138055 1.176090 0.925084 0.512992 0.858908 1.183582 1.095038 1.247036 1.660330 2.169926
1.901165 0.045305 0.652431 0.943253 -0.284742 0.123410 0.764206 1.059344 0.895103 0.864451
0.146141 0.533651 1.005697 0.062171 -0.145881 0.639757 1.103300 -0.233640 0.440172 1.591439
0.076957 -1.317945 -0.532754 0.654740 0.999433 1.751701 1.083694 1.129989 1.242122 -0.526914
0.707456 1.460423 1.293743 1.607145 0.973095 0.386011 1.219592 1.367758 1.545979 1.298726
0.495825 0.186506 0.177962 0.743220 0.637249 0.630099 -0.623103 0.550900 0.765911 0.907326
0.403407 0.406342 0.761715 1.006504 0.756903 0.380674 0.689464 0.016271 0.600447 1.684570
1.221783 -0.482257 0.196014 1.028018 1.537232 2.005193 0.725552 1.058879 0.954357 -0.426529
1.004096 0.916772 0.915858 1.447477 1.545351 0.476442 1.175092 0.336873 1.467515 0.994088
-0.107828 0.851080 0.150617 0.458618 1.388865 1.559413 -0.273458 0.435301 0.858834 0.754824
0.255169 0.415056 0.775757 1.223113 0.931902 0.367074 0.699427 0.474915 0.693697 1.096054
1.466979 0.291093 0.179687 1.156811 0.917016 1.182695 0.770261 1.129589 1.320804 0.807271
1.092005 0.416306 0.604057 0.885390 1.841743 1.701510 1.112695 0.245867 0.891148 0.733003
0.195448 0.259892 0.301325 -0.112628 0.840382 1.547671 0.562106 0.906034 0.469918 0.439279
0.375993 0.682114 0.320414 0.655967 1.160859 0.821750 0.423737 0.541559 0.931846 0.320532
0.888091 0.914248 0.939732 0.990524 0.460036 1.509104 1.114434 2.298825 1.905878 1.265270
1.529853 0.595949 0.220311 0.542622 1.477361 1.983234 0.356127 0.379534 1.205988 0.160569
-0.111525 0.426474 1.140697 0.386233 0.565837 1.104131 0.682312 0.310891 0.700905 0.501661
0.178494 0.562527 0.412915 0.751883 1.631036 1.300196 0.714032 0.191464 0.377810 0.486028
0.080223 0.567010 0.430765 0.726087 0.069005 1.229937 1.527265 1.666146 0.986354 1.328189
2.383364 1.210962 0.159460 0.047150 1.336915 1.335858 0.206546 0.288930 1.049088 0.919943
0.574375 0.501612 1.302543 1.043934 0.967052 0.748423 0.429391 0.328076 0.628034 0.847941
0.020669 0.477898 0.998976 1.075924 0.995464 1.052690 0.596109 1.040972 1.014112 0.876339
0.923459 0.495861 0.682613 0.857609 0.180136 0.478492 0.407840 -0.151259 0.211035 0.454409
1.509379 1.039048 0.146935 0.498226 1.994335 0.468578 0.544430 0.523911 0.843234 1.258019
0.810254 0.272779 0.483365 0.905592 0.995775 0.838539 0.656648 0.735765 0.810259 1.055346
0.253184 1.095898 0.827071 1.230402 0.789307 0.499717 0.781203 1.333289 1.890057 0.861708
0.626337 0.832318 0.397893 1.064701 0.699756 0.688152 0.363117 0.367990 0.414637 -0.284094
0.470041 0.837388 0.303091 0.449442 1.113088 0.756133 1.290562 0.645475 0.795000 0.928556
0.866822 0.820441 0.727809 0.454049 0.763011 0.383697 0.401429 1.262732 0.433698 1.068913
0.576362 1.075474 0.276441 0.950247 0.108146 0.575008 0.930939 0.924710 1.620695 0.342111
0.320872 0.934227 0.640957 0.959504 0.742673 0.488895 0.470588 0.933485 0.449056 -0.087722
0.498254 0.740245 0.409703 0.906301 0.116634 0.162091 0.571582 0.742155 1.055170 1.403559
1.318030 0.760843 0.132500 0.370283 0.801892 0.289292 0.145656 1.134235 -0.050384 1.202065
0.751841 0.751940 0.087911 0.952899 0.122408 0.453961 0.765382 -0.073457 0.454657 0.183737
0.949256 0.914992 0.895923 0.840145 0.360325 0.190033 0.025544 0.635313 0.970718 0.625807
0.825656 0.665765 0.528278 0.980011 0.295094 -0.069244 0.476524 0.787307 0.556169 1.666152
0.743790 0.244924 -0.673116 0.045349 0.685339 0.696329 0.422908 0.703695 0.191072 1.075557
0.388274 0.987089 0.767959 0.339782 0.511376 0.475372 1.070180 0.173521 0.426906 -0.343389
0.826506 0.918711 0.727555 0.149425 -0.594474 0.144275 0.497716 0.764715 1.052336 0.288632
0.347739 0.175632 -0.156288 -0.030486 0.193461 -0.345924 0.012937 0.580923 0.369563 1.564417
0.087950 0.233877 -0.232787 -0.161207 0.265288 0.128678 -0.075303 0.180687 0.108800 0.743172
0.764414 1.259381 1.206479 0.796179 1.149203 1.449275 1.460707 1.142331 0.946489 -0.115778
0.427365 0.521840 0.815224 0.583243 0.102051 0.895544 1.213750 1.417720 1.632001 0.668263
0.657360 0.467846 0.526305 0.275280 0.235184 0.187416 0.326723 0.390920 0.287489 0.735230
0.634486 0.985289 0.958886 0.562065 0.686138 0.839168 0.602559 0.841721 0.942355 0.976050
0.549176 -0.177462 -0.040850 -0.181823 -0.436915 -0.460564 -0.248318 -0.332991 -0.392769 -0.200060
-0.331211 -0.460527 -0.374568 0.059268 -0.136230 -0.374887 -0.143637 -0.473698 -0.678707 -0.610651
-0.617942 -0.525885 -0.593432 -0.557271 -0.548061 -0.481467 -0.305678 -0.459104 -0.607102 -0.373590
-0.276481 -0.451453 -0.361244 -0.523844 -0.520911 -0.463442 -0.436363 -0.611724 -0.626662 -0.555001
0.633060 -0.002368 0.302027 0.040983 -0.186427 0.032278 0.419044 0.077153 -0.178241 0.019273
0.026862 0.028712 0.196474 0.540620 0.200456 0.447383 0.350457 0.320941 0.106528 -0.179977
-0.131211 -0.110816 -0.195772 -0.105789 0.008995 -0.044226 0.029738 -0.079371 -0.004052 0.286722
0.175923 0.270710 0.077355 0.027983 -0.150134 -0.159834 -0.185370 -0.070030 0.411171 -0.027796
0.495663 -0.449275 -0.318330 -0.242480 -0.158822 0.030900 0.193724 -0.087114 -0.095722 -0.077913
-0.015047 0.047477 -0.005752 0.166730 -0.091455 0.371816 0.198780 0.312071 0.071723 -0.001341
0.042367 0.067443 -0.064409 0.066370 0.218436 0.091181 -0.074166 -0.028894 0.206328 0.113441
-0.127594 0.000101 -0.043968 0.121185 0.199850 0.373461 0.189638 0.020811 0.372485 -0.272468
0.457880 -0.602200 -0.345739 0.292263 0.308322 -0.073574 -0.072284 -0.029034 -0.295965 -0.263743
-0.080801 0.127362 0.397442 0.202876 -0.275051 0.030711 0.090343 0.160565 0.279350 -0.015135
-0.084993 -0.177214 -0.183158 -0.216204 -0.329905 -0.301022 -0.326873 -0.164515 -0.054840 -0.254170
-0.347360 -0.206504 -0.139991 -0.113095 0.083783 0.055331 -0.122036 -0.281237 0.059101 -0.308430
0.562934 -0.372127 0.227143 0.955719 0.944509 0.668726 0.365730 0.223853 -0.056891 0.084082
-0.193743 -0.083409 0.254786 -0.210328 -0.222566 -0.053962 -0.061136 -0.012200 0.088036 -0.012524
0.065844 -0.120422 -0.085145 -0.175451 -0.295102 -0.241907 -0.155672 -0.145844 -0.154796 -0.141509
-0.003961 0.045897 -0.012098 -0.114537 -0.110644 -0.173428 -0.086810 -0.119197 -0.024565 -0.295804
0.738696 -0.268477 -0.059052 0.031340 -0.010024 0.006309 -0.005890 -0.023035 0.221053 0.398127
-0.201943 -0.083546 0.105940 -0.210240 -0.044996 -0.288284 -0.263937 0.057648 -0.060792 0.209143
0.266100 -0.099822 -0.117055 -0.051235 0.223530 0.368698 0.020614 -0.063259 0.000395 0.072537
0.079043 0.110987 0.015100 -0.049920 -0.240845 -0.260240 -0.101351 -0.060904 0.089891 -0.243253
0.495873 -0.521946 -0.301406 -0.285148 -0.298840 -0.130377 -0.083411 -0.187597 -0.064188 -0.066344
0.086029 0.547401 0.601367 -0.042455 0.166763 -0.242725 -0.108181 -0.100266 -0.206216 0.066739
-0.137392 -0.382932 -0.417067 -0.190004 0.331283 0.391990 0.104789 -0.116291 0.086377 0.268255
0.029328 0.065539 -0.081178 -0.056457 -0.231972 -0.124330 -0.073859 -0.191531 0.099554 -0.253361
0.554436 -0.112278 0.125644 -0.029024 -0.356188 -0.317274 -0.130769 -0.234328 -0.439613 -0.254151
0.140257 0.142000 -0.062418 -0.297318 -0.128501 -0.146226 0.063537 0.026569 -0.120339 -0.259684
-0.142401 -0.066848 -0.112738 -0.046818 0.074054 -0.171502 -0.162145 -0.219815 -0.183061 -0.111380
-0.068540 -0.096482 -0.049144 0.116563 -0.141003 -0.059827 0.100012 -0.051613 -0.021536 -0.310571
0.621603 0.297023 0.404949 0.361680 -0.030819 -0.040127 -0.023945 0.063890 -0.268287 -0.194943
-0.028394 -0.235165 -0.439318 -0.180581 0.023385 0.163412 0.091038 -0.037633 -0.126344 -0.188201
0.024924 0.299406 0.312287 0.104695 0.131989 -0.081638 -0.023197 0.077843 -0.177540 -0.236687
-0.062664 -0.148978 -0.095042 -0.008606 -0.136941 0.053047 0.185949 -0.151537 -0.045478 -0.206529
0.526005 0.095642 0.146733 0.131627 -0.009978 0.097467 -0.000525 0.032253 -0.018581 0.207887
0.315053 -0.017718 -0.021303 0.018907 -0.051921 -0.058350 -0.279162 -0.281316 -0.233645 -0.113966
-0.157407 0.122226 0.261405 0.234941 -0.166279 -0.330778 0.031363 0.308578 -0.144044 -0.202888
-0.058097 -0.103748 -0.089794 0.083372 -0.021845 0.140933 0.079049 -0.211498 0.009123 -0.270883
0.558025 -0.275853 -0.149636 -0.021577 -0.137914 -0.014213 -0.051528 -0.025155 -0.085389 0.215067
0.306598 -0.218576 -0.239359 -0.290601 -0.417703 -0.345974 -0.063042 0.306909 0.389178 0.075655
-0.381166 -0.149173 -0.016984 -0.316006 -0.437597 -0.346124 -0.084933 -0.061449 -0.330031 -0.152043
-0.004857 -0.089003 -0.068991 0.089870 -0.065902 -0.187625 -0.286586 -0.308890 0.016458 -0.301495
0.441109 -0.296334 -0.130099 -0.060468 -0.099092 -0.048733 0.002328 0.141492 -0.324421 -0.300211
-0.417666 -0.391853 -0.418606 -0.686826 -0.943196 -1.208922 -0.874150 0.065369 0.591419 0.322365
-0.285076 -0.241547 -0.221026 -0.432243 -0.308217 -0.055658 0.186617 0.137581 0.132353 -0.019197
0.124448 -0.132595 -0.189091 -0.092744 -0.140378 -0.218384 -0.208729 -0.156415 0.186656 -0.210450
0.620134 -0.062244 0.099619 0.103356 -0.280571 -0.352347 -0.139080 -0.059825 -0.369975 -0.391200
-0.022173 -0.103317 -0.350639 -0.208296 -0.418135 -0.893094 -0.671942 -0.858768 -0.437212 -0.066699
-0.178368 -0.174400 -0.162905 -0.102980 0.196683 0.277000 0.054618 -0.037093 0.289079 0.217785
0.165823 -0.136460 -0.240973 -0.202206 0.040123 0.086127 -0.009919 0.035495 0.357489 -0.042974
0.463258 -0.347036 0.009223 0.194255 -0.265306 -0.401762 -0.125563 -0.022211 0.068015 0.171206
0.297760 -0.074001 0.103081 0.656855 -0.565657 0.375795 1.629704 0.309063 -0.316213 0.087991
-0.033622 -0.158153 -0.099955 0.071851 0.104616 0.132038 -0.314373 -0.255746 -0.005517 -0.033931
-0.020289 0.110315 0.032211 -0.074949 0.088111 -0.043208 -0.186358 -0.000722 0.370847 -0.062458
0.764944 -0.151019 -0.124026 -0.116584 -0.400558 -0.194304 0.258523 0.591007 0.107209 0.236257
0.325863 -0.244993 0.106498 0.282349 -0.693794 -0.068824 1.894071 -0.253967 -0.301149 0.150497
0.166007 0.072234 -0.023751 -0.078418 -0.024377 -0.022629 -0.216422 -0.247332 -0.179484 -0.282105
-0.129928 0.115568 0.064480 -0.104268 -0.086683 -0.263965 -0.277249 0.066495 0.409241 -0.075918
0.566909 -0.432798 -0.383194 -0.165575 -0.110914 -0.221705 -0.114135 -0.054543 -0.342534 -0.395084
-0.277371 -0.259095 -0.384116 -0.291147 -0.204036 -0.342018 0.209541 -0.899724 -0.239917 -0.115249
-0.086413 -0.080316 -0.162376 -0.208163 -0.073226 -0.094817 -0.194426 -0.133037 0.086507 -0.140633
-0.235660 0.087591 0.250457 -0.009830 -0.003357 0.005977 -0.088715 0.069899 0.209792 -0.058670
0.409105 -0.410513 -0.188397 0.131354 0.073192 -0.322993 -0.261121 0.176799 -0.056399 -0.376449
-0.143119 -0.012878 -0.365898 -0.562083 -0.292672 -0.274210 0.055545 0.412081 0.289710 0.023437
-0.306826 -0.215120 -0.014638 -0.096413 -0.036372 -0.136598 0.018984 0.286761 0.656042 0.392201
-0.162912 -0.091789 -0.003209 -0.051820 0.029673 0.031825 -0.085879 -0.160098 -0.242123 -0.192352
0.632938 -0.075295 0.059938 0.136428 0.024806 -0.258693 -0.058069 0.230645 -0.232805 -0.235280
0.058906 -0.052869 -0.303709 -0.381363 -0.337455 -0.411010 -0.314198 0.216893 0.267991 -0.055776
-0.166743 0.009436 0.137522 0.053264 -0.048718 -0.000584 0.136927 0.157051 0.104957 0.054870
-0.296905 -0.320570 -0.268001 -0.180775 -0.177475 -0.025556 -0.013565 -0.247252 -0.219985 -0.199877
0.469345 -0.099830 0.040743 0.095979 0.180931 -0.113508 -0.209912 -0.215799 -0.089840 0.067865
0.046723 -0.207952 -0.136970 -0.100188 -0.045262 -0.288381 -0.269643 -0.107287 -0.057519 -0.222436
-0.110419 -0.011575 -0.046178 -0.032769 -0.070472 0.014403 0.090624 -0.169868 -0.319947 -0.260298
-0.320709 -0.364412 -0.240856 -0.260904 -0.270070 -0.112169 -0.198247 -0.332944 -0.204254 -0.256529
0.336753 -0.259668 -0.331630 -0.541952 -0.313831 -0.365544 -0.530248 -0.268407 -0.055748 -0.071057
-0.281503 -0.236336 -0.017921 -0.015372 0.046491 -0.160468 -0.021360 0.139467 0.029900 -0.125434
-0.256362 -0.372445 -0.290367 -0.048164 -0.064614 -0.156827 -0.184793 -0.163208 -0.129056 0.177834
0.050022 -0.249163 -0.077863 -0.089757 -0.148200 -0.010965 -0.102105 -0.302169 -0.125471 -0.340366
0.008023 -0.335906 -0.650710 -0.822775 -0.296319 -0.552720 -1.037122 -1.381020 -0.971215 -0.487620
-0.132716 -0.066701 -0.035330 -0.170318 -0.147720 -0.095336 -0.062076 -0.025079 -0.020717 -0.010859
0.171380 -0.304446 -0.252069 -0.152676 -0.200076 -0.315104 -0.267470 -0.172010 0.040824 0.136286
-0.037549 -0.121262 0.012864 -0.057067 -0.108263 0.012198 -0.083473 -0.001392 -0.050427 -0.281981
-0.043995 -0.555902 -0.988705 -0.829746 -0.422000 0.131146 -0.142986 -0.292415 -0.843525 -0.644566
-0.280862 0.101805 0.066632 -0.160820 -0.245764 -0.125317 -0.022178 0.066880 -0.128710 -0.084614
-0.045768 -0.177157 -0.139448 -0.210851 -0.151693 -0.103420 -0.194315 -0.231303 -0.202654 -0.232744
-0.125866 -0.032269 -0.028856 -0.182602 -0.031459 -0.061157 -0.140232 -0.297110 -0.354202 -0.196779
1.570377 1.867766 0.447855 0.566441 0.093929 -0.269476 0.217627 0.910795 0.630837 0.015114
-0.210962 0.093139 -0.099922 -0.101741 -0.197711 -0.113370 0.138758 0.236957 -0.087779 -0.296222
-0.243577 -0.035086 -0.150129 -0.326116 -0.206154 -0.161509 -0.119597 -0.208967 -0.376389 -0.295611
-0.172424 -0.021607 -0.046235 -0.298899 -0.113702 -0.076165 -0.370799 -0.613778 -0.186902 -0.261914
0.699343 1.871356 1.442693 1.066538 -0.497418 0.434645 1.218318 0.151764 0.949692 -0.127688
-0.652008 -0.694861 -0.289784 -0.040762 -0.121653 -0.072734 -0.217229 -0.314195 -0.271812 -0.119193
-0.069903 0.075771 -0.158816 -0.325228 -0.300837 -0.275203 -0.142124 -0.275489 -0.156906 0.040239
-0.063538 -0.199010 -0.280510 -0.239174 -0.078370 -0.213812 -0.546250 -0.615236 -0.558403 -0.545866
0.551730 0.383582 -0.451898 -0.579812 -0.131296 0.377757 -0.239469 0.080045 -0.243418 -0.189625
0.278122 -0.651359 -0.335063 0.013124 0.015634 -0.170660 -0.507161 -0.431038 -0.197846 -0.055454
-0.092463 -0.151995 -0.329283 -0.200680 -0.049916 -0.108369 -0.010912 0.003819 0.004641 -0.110432
-0.296609 -0.329091 -0.251637 -0.191614 -0.367489 -0.570067 -0.777724 -0.459126 0.415525 0.559387
0.361652 -0.052267 0.634964 0.220350 -0.042970 0.137248 -0.167924 0.290565 -0.582125 -0.110592
1.439330 -0.071193 -0.225445 0.081856 0.081370 -0.178015 -0.453317 -0.304026 -0.287743 -0.210924
0.028857 0.004379 -0.238239 -0.079224 0.106499 0.006131 -0.077363 -0.187554 -0.209103 -0.279543
-0.565046 -0.659522 -0.455801 -0.553402 -0.994968 -0.972728 -0.356817 0.768013 0.210324 -0.281536
0.350520 0.252363 1.080312 -0.019069 -0.201158 0.011590 -0.096666 0.262549 -0.112521 -0.379523
0.150244 -0.127982 -0.142486 -0.070725 -0.127066 -0.385828 -0.510649 -0.393095 -0.479058 -0.125598
0.070667 0.186579 0.160089 0.275449 0.099581 0.019632 -0.288506 -0.503598 -0.307261 -0.203499
-1.061546 -1.453627 -1.415207 -1.129455 -0.607745 -0.009965 0.327395 0.334296 -0.738060 -0.445678
0.423101 0.271356 0.959618 0.265853 -0.016018 -0.268574 -0.208823 0.402771 0.563435 -0.077735
0.165291 -0.067227 -0.402537 -0.086482 -0.044155 -0.505258 -0.793964 -0.999867 -1.204462 -0.856341
-1.139362 -0.835521 -0.675886 -0.573763 -0.441673 -0.227378 -0.199647 -0.575147 -0.732531 -0.911963
-1.201168 -0.667710 -0.305419 0.283665 0.970311 0.444550 0.286813 -0.861878 -1.128600 -0.754152
0.737068 0.442049 0.030449 -0.443297 -0.284185 0.614827 0.692435 0.546687 0.136851 -0.288876
-0.065761 -0.661529 -0.267688 0.145486 -0.139882 -0.631714 -0.679647 -0.381357 0.488365 0.009478
-1.469836 -1.196453 -1.396447 -1.350560 -1.479697 -1.047680 -0.670111 -1.016694 -1.218571 -0.835806
0.997392 0.339825 0.045773 -0.253586 0.570070 -0.934125 0.397261 -0.044245 0.210503 -0.076919
0.538037 0.185417 0.033324 -0.018154 1.021129 0.790017 0.801555 0.954493 0.175917 -0.282809
0.154473 -0.816828 -0.072190 -0.013077 -0.152117 -0.470060 0.421176 0.369831 1.810602 1.657806
-1.223847 -0.618469 0.403942 1.354045 1.424620 -0.097769 -1.232949 -0.931805 0.202995 1.483640
1.058167 0.203277 -1.529817 -0.594184 0.866863 0.808969 1.488010 0.198330 0.158965 -0.468441
0.917495 0.562735 0.084888 0.797438 0.520403 0.157634 0.465080 0.542008 -0.529332 -0.323874
-0.164283 -0.550681 -0.114601 -0.224441 -0.297716 0.183776 1.036694 0.024860 0.213512 0.644485
0.359977 1.661048 1.822239 0.868643 -0.165495 0.580618 -0.036633 0.863021 1.238694 2.060566
1.055370 0.160293 -0.364549 -0.355120 0.454101 0.262922 0.189805 -0.295408 0.432070 -0.150939
0.356908 -0.304803 -0.340819 0.156554 -0.029084 -0.328378 -0.227396 0.768409 0.091205 0.246677
0.388572 -0.029798 0.976765 1.475882 0.947107 0.188741 0.183267 -1.197663 -1.340484 0.255401
1.331630 1.513088 0.241942 -1.299041 -0.531643 0.504573 0.390226 1.228277 0.650056 0.527829
0.553941 -0.344168 -0.158232 -0.259566 0.120530 0.269779 0.642687 -0.213877 0.016715 -0.423389
0.322264 0.234183 -0.074186 -0.028866 0.087339 -0.022630 -0.426440 0.437261 0.357117 1.199009
0.573423 -0.061790 0.721185 0.778944 0.192397 -0.101932 0.682009 -0.710801 -0.851452 0.081379
0.204705 0.521057 -0.158364 -0.063858 0.755419 0.816497 0.874406 1.185744 0.687744 -0.035999
0.340421 0.414131 0.391559 0.437710 0.475593 0.743065 0.300344 -0.335084 -0.702303 -0.776134
0.393690 0.679782 1.109560 0.249786 -0.342073 0.120845 0.057676 -0.207744 -0.514557 0.298541
-0.250751 -0.061785 0.480237 0.304895 0.040022 0.383803 1.682431 -0.305579 -0.226444 0.405268
0.218673 0.451684 0.291735 -0.206894 0.697695 0.965355 1.176532 -0.041934 -0.135809 -0.470259
-0.025740 0.460512 0.522820 1.137216 -0.644948 -0.682110 -0.371752 -0.678153 -1.051215 -0.398176
0.353226 -0.031580 -0.271511 -0.521499 -0.224233 0.170063 0.048104 -0.632411 -0.121423 -0.061150
-0.174394 0.527757 0.470155 1.020473 0.940419 0.866903 0.471467 -0.271539 0.607824 1.056543
-0.399180 -0.485763 0.024027 0.290498 0.223628 -0.024413 0.558091 -0.789551 -0.315595 -0.397220
0.447895 -0.231065 -0.003471 -0.350601 -0.737127 -0.299709 0.042719 -0.631293 -0.931341 -0.799951
0.634331 -0.638289 -0.758944 -0.755681 0.283040 -0.010316 -0.722883 -0.279834 0.172741 0.011500
0.434868 0.497757 -0.007586 -0.030357 0.630785 0.273424 -0.264480 -0.116425 0.178291 0.724881
-0.613073 0.638634 0.204660 0.023493 -1.623084 -0.642634 0.248685 0.071971 -0.857458 -0.573167
0.593051 -0.383976 0.205484 0.907915 0.903157 0.824706 -0.386407 -1.089981 0.014622 0.079626
0.204451 -0.295190 0.096265 0.326841 0.633369 -0.534992 -1.352203 -0.648230 -0.395597 0.011497
-0.178495 -0.210293 -0.374620 -0.352064 0.023469 -0.332189 0.168163 0.671016 0.438365 -0.471813
-0.555982 0.293004 0.006792 -0.896583 -1.014737 -0.038689 0.268227 0.076552 -0.666244 0.248984
0.979538 0.592062 0.162463 0.216849 0.118625 0.515310 -0.042785 -0.569488 0.664569 0.078961
0.572254 0.201486 0.018469 -0.226987 0.335588 -1.330090 -0.941675 -0.477234 -1.051569 0.380403
0.216667 -0.449760 -0.869170 -0.786026 -1.018968 -0.267226 -0.433485 -0.815533 -0.345039 -0.497023
-0.693729 -0.797037 -0.751536 -0.410477 0.460784 0.222264 0.292100 1.020785 1.004547 0.663833
0.099897 0.068521 0.414223 0.373132 0.410196 0.467318 -0.208554 0.482966 1.054774 -0.298064
0.378436 0.217272 -0.149602 -0.039947 0.075956 -1.133125 -0.105221 0.473201 0.442173 1.203612
0.258288 -0.406726 -0.388065 -0.676473 -1.357646 -1.153621 -1.492851 -1.448673 -0.541299 -0.588634
-1.044514 -0.374990 0.440335 0.200254 0.549737 0.044534 -0.300222 0.542594 1.144788 0.557097
0.619133 0.275405 -0.385016 -1.163430 0.147380 0.410820 -0.214443 -0.290633 -0.055896 -0.486129
1.410952 0.594937 0.318178 0.690454 0.174716 0.059533 1.035648 1.443847 1.120818 -0.252097
0.415226 0.672511 0.165238 0.366674 1.235665 1.100078 1.320292 0.878228 0.872127 1.219638
0.978448 0.700474 0.287465 -0.319481 0.317620 -0.207471 0.728380 1.222930 1.437489 0.993976
1.396969 1.282322 0.288314 0.372857 0.809013 0.965158 0.784960 0.693421 0.969853 0.678876
0.009966 0.173512 -0.338294 -0.278926 -0.398529 -0.545171 -0.518508 -0.486454 -0.353552 -0.479908
-0.370744 -0.398702 -0.278192 -0.231195 -0.385159 -0.076197 -0.354139 -0.347818 -0.385147 -0.410255
-0.415174 -0.487556 -0.434940 -0.519103 -0.528928 -0.558684 -0.618258 -0.487023 -0.513256 -0.708647
-0.541341 -0.264668 -0.555755 -0.482962 -0.660272 -0.717147 -0.743068 -0.590702 -0.471797 -0.431322
0.080521 0.279801 0.011659 0.039270 -0.003917 -0.289765 -0.121335 0.033187 0.045203 -0.186292
-0.020106 0.118234 0.130053 0.181620 -0.061843 0.166141 0.088114 -0.021857 0.019808 -0.131966
-0.219570 -0.179033 -0.300732 -0.246393 -0.278867 -0.146987 -0.285458 -0.262657 -0.155391 -0.302104
-0.372186 -0.153733 -0.205884 -0.218907 -0.335939 -0.457471 -0.347971 -0.043440 -0.192884 -0.031600
0.163406 0.504008 0.254073 0.305710 0.361290 0.068152 0.245404 0.548495 0.495016 0.366919
0.382413 0.534071 0.460933 0.528049 0.616442 0.290282 0.413936 0.299766 0.393748 0.359582
0.306620 0.244753 0.212595 0.320050 0.282501 0.389827 0.271289 0.264192 0.316935 0.207697
0.170921 0.248732 0.432219 0.364557 0.348676 0.346006 0.435570 0.493300 0.089156 0.311857
0.139104 0.495181 0.232990 0.065819 0.257389 0.324231 0.221311 0.270714 0.411713 0.256851
0.284564 0.459274 0.355643 0.317367 0.793246 0.333553 0.322729 0.126429 0.305781 0.263246
0.118068 0.212277 0.262118 0.218576 0.130723 0.130627 0.132135 0.121554 0.126185 0.159110
0.312043 0.202533 0.252871 0.136079 0.110093 0.077548 0.208949 0.387926 -0.000840 0.261370
0.205107 0.580015 0.332886 0.131922 0.527075 0.572924 0.385120 0.371738 0.571034 0.416849
0.340976 0.342099 0.450127 0.432721 0.696140 0.554233 0.417062 0.426895 0.165062 0.230775
0.239392 0.376252 0.256666 0.351634 0.301987 0.239096 0.082564 0.197486 0.238666 0.236438
0.214502 0.366915 0.225037 0.178713 0.103888 0.042381 0.221533 0.448647 0.235314 0.305193
0.195466 0.652525 0.298104 -0.092082 -0.010659 0.376429 0.567846 0.548945 0.533090 0.414319
0.704880 0.286643 0.478406 0.530342 0.581453 0.491577 0.386163 0.339992 0.178498 0.334506
0.266692 0.367149 0.221010 0.264243 0.195234 0.289334 0.358371 0.230417 0.265619 0.316416
0.053230 0.172635 0.316031 0.341717 0.231756 0.220067 0.219180 0.334538 0.254755 0.351652
0.122098 0.624921 0.371656 0.250386 0.356388 0.541783 0.599773 0.473427 0.260376 0.218016
0.685566 0.488774 0.365943 0.547164 0.253099 0.467494 0.437951 0.456127 0.418552 0.243434
0.382331 0.397595 0.233038 0.056225 0.103435 0.192006 0.400704 0.346201 0.223439 0.205372
0.316375 0.213157 0.219756 0.293711 0.257852 0.340837 0.210760 0.353038 0.145376 0.374535
0.194620 0.605107 0.469252 0.455060 0.406390 0.330359 0.323193 0.382786 0.496231 0.499105
0.453814 0.573431 0.281834 0.436825 0.192785 0.277149 0.305532 0.469527 0.416582 0.151290
0.310963 0.356023 0.337816 0.221993 0.098487 0.170583 0.371854 0.373294 0.264135 0.134329
0.371392 0.270647 0.199895 0.280672 0.296938 0.165039 0.166270 0.439217 0.253535 0.366178
0.115394 0.516536 0.452358 0.581016 0.395476 0.312088 0.397416 0.331594 0.512859 0.437401
0.270454 0.424548 0.349208 0.373366 0.359577 0.350578 0.243730 0.319041 0.247004 0.171562
0.147314 0.339113 0.218793 0.503168 0.254393 0.439988 0.291879 0.313291 0.286279 0.249927
0.189910 0.194382 0.119858 0.138918 0.222227 0.114804 0.192306 0.411687 0.197963 0.283552
0.244865 0.558157 0.274669 0.411547 0.365917 0.287262 0.432798 0.359734 0.466038 0.416186
0.363945 0.479866 0.475257 0.418939 0.311953 0.403562 0.371176 0.198427 0.244032 0.253303
0.293419 0.365303 0.174101 0.391129 0.367526 0.305499 0.198711 0.166852 0.302314 0.265028
0.172100 0.213451 0.203633 0.244962 0.260661 0.161772 0.261692 0.436156 0.169062 0.251477
0.255829 0.778377 0.513672 0.338111 0.404061 0.200018 0.284251 0.360349 0.475050 0.486037
0.279872 0.490280 0.274482 0.171161 0.082482 0.163175 0.361541 0.137139 0.274598 0.227294
0.307569 0.205526 0.144179 0.223365 0.334567 0.254010 0.167988 0.092285 0.385457 0.181155
0.136794 0.144309 0.226796 0.241748 0.292398 0.122225 0.187481 0.276721 0.180540 0.326822
0.181711 0.710006 0.549239 0.347257 0.405959 0.384263 0.386419 0.265210 0.484448 0.390800
0.192716 0.320726 0.299562 0.082032 -0.368585 -0.613375 -0.481398 -0.061504 0.186420 0.446637
0.471086 0.266060 0.207760 0.222754 0.358149 0.287869 0.068820 0.373955 0.523965 0.249084
0.097772 0.159326 0.188839 0.122957 0.221474 0.209801 0.330064 0.320390 0.013506 0.403957
0.201614 0.605533 0.378530 0.462446 0.405987 0.516720 0.571816 0.308896 0.493809 0.482861
0.404038 0.259796 0.378079 -0.095334 -1.003645 -1.075792 -1.742628 -1.064409 -0.055927 0.292403
0.321524 0.279389 0.163288 0.278777 0.384024 0.574462 0.147041 0.294090 0.320749 0.423025
0.325997 0.234385 0.192738 0.133341 0.135813 0.295421 0.410703 0.411523 -0.052244 0.408120
0.196177 0.657096 0.369785 0.476273 0.484883 0.395573 0.426559 0.264071 0.213742 0.356004
0.255799 0.315364 0.560467 0.123771 -0.741288 0.066969 -0.576619 -0.918462 0.200314 0.263299
0.133038 0.292996 0.326974 0.308180 0.110392 0.267738 0.526989 0.291779 0.249935 0.231384
0.311337 0.231626 0.291923 0.160530 0.091637 0.186639 0.366621 0.432143 0.029792 0.573404
0.165254 0.727237 0.456897 0.268331 0.412719 0.291087 0.494992 0.463612 0.248946 0.235495
0.208603 0.592438 0.522107 0.291235 -0.383948 0.252774 0.119994 0.178467 0.329542 0.099313
0.182591 0.342671 0.310604 0.122710 0.070666 0.166086 0.472673 0.245679 0.188067 0.125595
0.229535 0.126518 0.249024 0.332312 0.133161 0.256674 0.477074 0.551249 0.227849 0.766641
0.065582 0.575150 0.444779 0.339516 0.388831 0.398698 0.363504 0.350299 0.338288 0.454915
0.284653 0.555161 0.532178 0.625942 -0.033281 -0.228903 -0.132017 0.090065 0.393698 0.144219
0.182849 0.188298 0.407656 0.265705 0.338779 0.351588 0.379267 0.350946 0.178193 0.338085
0.263567 0.190390 0.175088 0.527168 0.221608 0.275571 0.427930 0.645918 0.435082 0.783795
0.173688 0.597575 0.417121 0.388776 0.304272 0.424482 0.353613 0.297789 0.363477 0.395190
0.276859 0.264989 0.427887 0.511848 0.256025 -0.293819 0.015253 0.355013 0.539840 0.404317
0.294545 0.135702 0.251839 0.356449 0.262027 0.358809 0.333661 0.348525 0.167296 0.397335
0.366135 0.220557 0.040819 0.192855 0.234434 0.296627 0.311287 0.557597 0.396824 0.525015
0.083173 0.759561 0.347722 0.374698 0.199515 0.417979 0.386076 0.322233 0.471659 0.306978
0.142021 0.124269 0.283147 0.401373 0.433027 0.329008 0.329916 0.275052 -0.049775 0.282442
0.493767 0.278074 0.141055 0.233939 0.219517 0.312716 0.338107 0.352950 0.283261 0.153373
0.293451 0.137341 0.135175 0.112756 0.172403 0.267234 0.275722 0.484787 0.325294 0.408725
0.066493 0.549833 0.301469 0.485272 0.312973 0.372312 0.329868 0.380697 0.504295 0.361416
0.190304 0.267363 0.300496 0.184074 0.224065 0.404750 0.270654 0.233952 0.121016 0.238184
0.276259 0.213833 0.225792 0.234538 0.197822 0.290862 0.270743 0.427349 0.327044 0.250525
0.288161 0.112112 0.220891 0.213185 0.166825 0.218647 0.219259 0.454183 0.435006 0.439222
0.072949 0.408832 0.278481 0.305996 0.270445 0.129705 0.013453 0.140323 0.208113 0.313539
0.300539 0.329678 0.251994 0.107295 0.230862 0.432383 0.328710 0.241559 0.442086 0.278031
0.329125 0.190049 0.211844 0.321419 0.312979 0.306966 0.229823 0.264466 0.409164 0.302041
0.279977 0.202634 0.153684 0.291780 0.314804 0.140805 0.370796 0.630920 0.324832 0.407279
-0.089383 0.142902 0.006090 0.191136 0.030360 0.227184 -0.275045 -0.599039 -0.859067 -0.173251
0.351487 0.293747 0.246958 0.142913 0.252721 0.297341 0.275007 0.093526 0.158572 0.328832
0.395306 0.404478 0.170546 0.167270 0.252114 0.280054 0.246818 0.208078 0.258042 0.282159
0.212887 0.261567 0.220274 0.341306 0.472237 0.137480 0.368726 0.482738 0.379725 0.478318
-0.442422 -0.528203 -0.665308 -0.029813 -0.298527 -0.983654 -0.810744 -1.656662 -1.514560 -1.181990
0.020261 0.232958 0.251740 0.277490 0.291604 0.202588 0.088768 0.203336 0.339452 0.187219
0.061777 0.338065 0.204693 0.159144 0.213520 0.234920 0.359409 0.245530 0.113926 0.103191
0.228255 0.372009 0.300976 0.218394 0.351382 0.338230 0.276152 0.285240 0.286270 0.527866
-0.110964 -0.861794 -0.632054 -0.453675 -0.438573 -0.243776 0.155715 -1.216339 -1.058471 -0.651599
-0.098253 0.101170 0.264668 0.317959 0.224163 0.217542 0.231324 0.357389 0.502826 0.441702
0.164325 0.205356 0.261198 0.308132 0.254225 0.263228 0.317623 0.293098 0.240824 0.329218
0.394679 0.355954 0.362022 0.440693 0.345509 0.403637 0.525267 0.514195 0.223486 0.577655
0.277190 -0.449458 -0.204591 -0.464703 0.369707 0.253899 0.052009 0.164560 -0.488292 -0.412320
-0.186913 -0.530813 0.259489 0.206333 0.192873 0.130659 0.203099 0.158588 0.262211 0.507709
0.385104 0.204592 0.413977 0.444380 0.269139 0.236891 0.120355 0.340295 0.363764 0.366915
0.307774 0.413087 0.403850 0.520169 0.426957 0.498527 0.625207 0.420843 0.157209 0.187593
0.269557 0.155231 0.322958 -0.383317 -0.137071 0.145007 -0.410941 -0.220710 0.162957 -0.676255
-0.367934 -0.877689 -0.021165 0.110152 0.218409 0.283429 0.340161 0.327888 0.280789 0.312980
0.318130 0.201182 0.362760 0.411159 0.363402 0.321987 0.338286 0.419673 0.297038 0.243905
0.294323 0.483811 0.539900 0.511750 0.531498 0.810431 0.581040 0.293920 -0.356311 -0.017720
0.245482 0.401291 0.220351 -0.102303 0.561623 -0.304237 -0.781418 -0.598782 0.227619 -0.450930
-0.682412 -0.374723 0.426841 0.254951 0.229217 0.404091 0.424349 0.301650 0.250634 0.279360
0.193585 0.085626 0.118035 0.118978 0.317038 0.349486 0.344120 0.398818 0.509915 0.428229
0.361681 0.267311 0.420341 0.358216 0.228154 0.182812 0.329646 -0.211643 -0.630059 0.798198
0.271763 0.252822 -0.268961 -0.182266 0.493550 -0.207494 -0.582471 0.076026 -0.276297 -0.404536
-0.539361 -0.590781 0.738023 0.597130 0.278883 0.175171 0.241744 0.099678 0.225851 -0.135411
0.046787 0.266822 0.363065 0.392257 0.544860 0.445551 0.596891 0.560440 0.410327 0.283075
0.456851 0.136551 0.118005 -0.719577 -0.561775 -0.198685 0.195554 -0.484243 -0.314528 0.722107
0.209407 0.299756 0.056821 -0.526404 0.539733 0.289906 -0.560970 -0.669733 -0.257180 -0.437629
-0.655324 -0.497774 0.692293 0.393114 0.368555 0.420680 -0.027119 -0.123244 0.140789 -0.692820
-0.081833 0.265945 0.452030 0.296356 0.245389 0.126870 0.392123 0.464162 0.216286 0.074565
-0.017558 -0.688137 -1.316155 -0.349712 -0.483164 -0.278981 -0.211575 -0.793305 -0.061901 -0.036046
0.313144 0.562962 0.073135 -0.501941 0.403161 0.207589 -0.314087 -0.996913 -0.306056 -0.312261
-0.432626 -0.084791 0.919738 0.586950 0.490305 0.410153 0.013346 -1.269629 -1.449595 -1.290664
0.002566 0.223637 0.301316 -0.125802 -0.740724 -0.615696 -0.100725 0.336906 -0.018366 0.080322
-0.517553 -0.363193 -0.224446 0.102690 -0.472207 -0.343194 -0.223086 -1.027554 -0.470867 0.070101
0.250413 0.346534 0.681455 0.402239 -0.010892 -0.407692 0.401844 0.065810 -0.317262 0.110502
0.159378 -0.117029 0.566676 0.303905 0.343503 0.768664 0.432680 -0.783937 0.136153 -0.218794
0.857829 -0.263044 -0.317422 -0.653927 -0.428702 -0.471567 -0.702526 -0.131947 -0.196695 -0.530373
-0.652503 -0.626015 0.686189 -0.177216 -0.172478 -0.453493 -1.059480 -0.428488 -0.336308 -0.177683
0.347362 0.017192 0.700100 0.822636 0.102126 -0.900245 -0.165741 -0.275403 -0.129740 0.361165
0.538386 -0.287140 0.236698 -0.032169 -0.325944 0.489578 0.116779 -0.377494 0.728450 -0.543355
0.249661 0.102163 -0.344324 -0.117435 0.075899 -0.568808 -0.395974 -0.039378 -0.178916 -0.304723
-0.062872 -0.063293 0.910363 0.240349 0.233566 -0.188673 -0.104692 -0.340829 -0.277393 0.025020
0.113670 -0.165894 0.019377 0.331750 0.607254 -0.059800 -0.258084 -0.163919 -0.023231 0.673652
0.557109 0.068767 0.536389 0.087640 -0.106740 0.660061 0.031457 0.482385 0.910055 -0.249586
-0.318376 -0.177778 0.292088 0.899987 0.359770 -0.491075 -0.257902 -0.006206 -0.424682 0.304483
0.845833 0.194124 0.097418 -0.361954 -0.077412 0.192264 -0.129289 0.472060 0.066462 0.391393
-0.004716 -0.240595 0.265770 0.287735 0.685311 0.743698 0.094653 -0.338339 0.491064 -0.038402
-0.199110 -0.218185 -0.202947 0.051634 -0.718818 0.291145 -0.188592 0.124328 0.685184 0.243082
-0.133775 -0.124247 0.442088 0.247260 0.289020 0.324516 0.200097 0.596578 -0.057395 -0.111585
-0.054863 0.013433 -0.262658 -0.198108 -0.531081 -0.088316 0.266379 0.586600 0.098372 0.363852
0.030765 -0.036734 0.314842 0.267462 0.601368 0.663904 0.321164 0.120358 -0.132754 -0.230564
-0.382710 0.012940 0.070283 0.612665 0.022367 0.481323 -0.679320 -0.504628 0.508796 1.216237
0.331337 -0.210397 -0.169196 0.026610 -0.055276 0.368427 -0.448256 -0.273936 0.370513 0.307534
0.292402 -0.248793 0.677384 -0.259569 0.201027 -0.198631 -0.227546 0.012095 0.447358 0.248330
-0.011455 -0.183892 0.039124 0.242800 0.493614 0.225480 0.169545 0.436532 0.000435 -0.174156
0.169359 0.082277 0.379849 1.402801 0.411254 -0.286434 0.320383 0.697721 0.354121 0.036685
0.266575 1.189615 -0.066859 -0.194797 -0.540062 0.185469 0.056843 -0.138991 -0.448883 0.097820
0.486480 -0.000671 0.632223 0.623559 0.462290 -0.486202 -0.505067 -0.146838 0.117292 0.110653
-0.238160 -0.412788 0.035688 0.344023 0.280810 0.245133 0.377620 0.127802 -0.010408 0.258123
0.304376 0.428147 1.049039 1.041922 0.163051 -0.454078 0.047471 0.168333 0.077346 -0.767905
-0.164008 0.370708 0.146919 -0.967469 -0.152732 -0.152996 -0.041785 0.267984 -0.004622 0.224730
-0.223122 -0.254825 0.535865 0.467688 0.098258 0.106219 -0.003201 0.092852 -0.171485 -0.118663
-0.020389 0.005422 -0.260164 0.626863 0.531139 0.163296 0.460281 0.205525 -0.125889 0.018243
-0.562397 -0.503603 0.231073 0.332776 0.029237 0.187426 -0.198859 0.329438 0.595349 0.266275
-0.240743 -0.318217 0.070838 0.052989 -0.139100 -0.409235 -0.000425 0.406494 -0.157271 -0.251685
-0.205167 0.345816 0.650731 0.477761 0.666903 0.402372 -0.375325 0.384462 -0.073064 -0.355724
0.063823 0.288090 -0.233801 0.230921 -0.067513 0.209409 0.213146 0.242443 -0.254534 -0.172009
-0.532358 -0.526667 -0.260649 -0.254592 0.247356 -0.064554 -0.616896 -0.144585 0.211912 0.186005
0.111913 -0.068170 0.007910 -0.036823 0.390023 -0.285352 0.910358 0.374852 0.083770 -0.281176
-0.207314 -0.214175 0.105815 0.901438 0.726992 -0.307257 -0.398547 0.171266 -0.255032 0.428135
-0.066584 -0.241243 0.171562 0.175840 -0.080676 0.433904 0.239163 -0.392571 -0.737682 -0.095768
0.283183 -0.236896 -0.122625 -0.205624 0.201569 -0.183802 -0.325394 -0.883364 -0.633792 -0.234915
0.332096 -0.193338 -0.162477 -0.113985 0.288613 -0.039028 0.429394 0.073672 0.154995 0.179188
0.266438 -0.123116 -0.008758 0.525189 0.574448 0.076386 0.186209 -0.014843 -0.297403 0.659171
0.109793 0.215934 0.384453 -0.021814 -0.043202 0.188520 0.395664 -0.412949 0.015446 0.282019
0.215064 -0.250592 -0.213666 -0.353950 -0.252541 -0.406454 -0.214588 -0.456845 -0.395315 -0.203218
-0.065893 -0.336925 -0.365372 -0.372895 -0.073995 -0.183131 -0.434805 -0.132956 -0.229763 -0.572474
-0.721553 -0.541030 -0.155526 -0.358189 -0.383233 -0.345555 -0.072624 0.031845 0.187113 0.306292
0.828891 1.125415 1.056513 1.002486 1.073698 1.034398 1.072025 1.058550 1.165106 1.030807
1.105311 1.051947 1.088641 1.217564 1.125705 1.211231 1.151824 1.093023 1.130070 1.130541
1.155784 1.156716 1.135617 1.137371 1.086639 1.252166 1.207097 1.040957 0.997367 1.117724
0.995957 1.137844 1.108024 1.105229 1.155683 1.112028 1.005895 0.977394 1.065110 1.184002
0.849975 1.040847 1.125427 1.005102 0.943634 1.172700 1.306627 1.237855 1.158113 1.191287
1.178279 1.111767 1.199973 1.323918 1.369216 1.228472 1.252386 1.128281 1.119405 1.071208
1.140450 1.164603 1.125519 1.141232 1.198995 1.316609 1.232328 1.090855 0.965133 1.157846
1.187744 1.193767 1.241028 1.082458 1.053664 0.994341 1.010120 1.107437 1.084212 1.197746
0.982436 0.887804 1.067493 0.749396 0.599774 1.086341 1.278584 1.108531 1.008648 1.105764
1.145731 1.016229 1.122708 1.096838 1.315712 1.112025 1.223643 1.122472 1.191819 1.153437
1.165653 1.133476 1.065065 1.141467 1.267114 1.203935 1.119237 1.092528 1.053711 1.150328
1.169302 1.107393 1.153642 1.128127 1.090599 1.038240 1.027763 1.018522 1.127794 1.102435
0.918445 0.554441 0.723066 0.706087 0.930540 1.312354 1.340521 1.275048 1.159790 1.058327
1.147257 1.181529 1.487387 1.321560 1.240507 1.142948 1.236805 1.312104 1.271189 1.264208
1.172445 1.202568 1.247372 1.294656 1.353357 1.218656 1.105114 1.166680 1.260346 1.290473
1.101199 1.175687 1.172716 1.200765 1.289534 1.321460 1.204566 1.128345 1.258989 1.241124
0.887837 0.494234 0.657038 0.941691 1.557897 1.257164 1.299833 1.343738 1.218532 1.086460
1.181806 1.158629 1.382975 1.261417 1.048499 1.075017 1.011661 1.167037 1.139833 1.179216
1.064584 1.134192 1.184263 1.146806 1.100309 1.044075 1.084087 1.098362 1.063254 1.156801
1.075481 1.155802 1.098786 1.108884 1.149686 1.116148 1.008709 0.974537 1.176307 1.213497
0.944178 0.657166 0.816467 1.037336 1.525717 1.426439 1.279678 1.245930 1.309353 1.154741
1.083198 1.098016 1.139750 1.269925 0.944855 1.007159 1.028534 1.100957 1.045967 1.126670
1.224062 1.075046 1.062023 1.020175 1.117960 1.190887 1.220848 1.150615 1.081636 1.068441
1.184323 1.250350 1.153892 1.016024 1.053420 0.986942 0.993457 1.043364 1.138965 1.206548
0.952580 0.732542 0.789171 0.922620 1.111018 1.266105 1.082674 0.995403 1.291404 1.223587
0.950342 1.249942 1.259042 1.242017 0.985497 0.937193 1.090731 1.087053 1.181177 1.325950
1.249349 1.024992 0.874614 0.849211 1.216517 1.501494 1.231582 1.002134 1.142355 1.181509
1.169367 1.207455 1.193771 1.027455 1.086356 1.058147 0.943806 1.024700 1.227857 1.266998
0.866966 0.820862 1.005225 1.129359 0.930456 0.907925 1.050476 0.928019 1.026621 1.172265
1.181228 1.484418 1.327078 1.077958 1.003843 1.094567 1.257358 1.231692 1.186782 1.254829
1.177260 1.060883 0.918574 0.976896 1.099244 1.386222 1.263435 1.019106 1.072817 1.239044
1.157680 1.083951 1.186843 1.088875 1.119723 1.124785 1.072402 1.124625 1.240309 1.192687
0.863875 0.892142 1.152838 1.243044 1.017994 0.879805 1.064481 1.158354 1.026473 0.994240
1.075146 1.246724 1.052199 0.932136 1.017292 1.140942 1.341928 1.333841 1.035707 0.944005
1.083709 1.183883 1.163372 1.172734 1.182170 1.186704 1.082724 1.047258 1.076940 1.174292
1.048054 1.055703 1.134840 1.120978 1.064362 1.084565 1.193585 1.236236 1.201164 1.204257
0.933213 0.953212 1.261208 1.136246 1.061758 1.022420 1.224114 1.136930 1.122983 1.151400
1.140254 1.316613 1.044511 1.083352 1.132277 1.135605 1.141306 1.087501 1.017181 0.871561
0.956320 1.079640 1.282282 1.377922 1.137478 1.027111 1.137492 1.178239 1.153603 1.111101
1.094193 1.019948 1.066043 1.007867 1.039069 1.135226 1.205506 1.173910 1.065683 1.210117
0.985427 0.907710 1.096341 0.986168 1.082492 1.098775 1.258127 1.037669 1.018547 1.312386
1.296227 1.152728 1.163879 1.269916 1.084570 0.834678 0.864808 1.109787 1.140449 1.044557
0.965547 1.062894 1.216507 1.264043 0.947824 0.834279 1.103888 1.190877 1.117406 1.098737
1.071014 1.008135 1.074464 1.062952 1.075475 1.026667 1.031759 1.095121 1.034709 1.220428
0.966003 0.922680 1.011903 0.954843 1.107160 1.072013 1.270359 1.165497 1.065293 1.091578
1.181205 1.012388 1.148851 1.169206 0.434161 0.025091 0.471390 1.067939 1.383925 1.241806
0.955045 1.117195 1.082898 1.063169 0.754546 0.864310 1.216892 1.163970 1.003835 1.144350
1.219623 1.046006 0.989981 1.033263 1.036537 0.953021 0.849789 1.068049 1.167322 1.341540
0.956666 0.857936 1.083045 0.923419 1.192513 1.117648 1.190232 1.308983 1.119494 0.952306
1.044304 0.993831 0.902144 0.650268 -0.132679 0.052318 0.375758 0.682305 1.014531 1.160845
1.067531 1.127202 1.009647 1.018085 0.954768 1.019262 1.353098 1.228741 1.175616 1.274238
1.257204 1.040574 0.870957 0.975057 1.032964 1.016995 0.887959 1.052674 1.300334 1.431098
0.987818 0.845478 1.257092 1.159782 1.159599 1.097996 1.051364 1.232271 1.216616 1.114117
1.146460 1.056664 0.685828 0.317899 0.204708 1.695686 1.002644 0.233920 0.692900 0.938524
1.114507 1.215478 1.156090 1.160413 1.292882 1.351559 1.230519 1.135555 1.176646 1.283136
1.250412 1.170961 0.939125 1.012957 1.091359 1.085010 0.908556 1.036369 1.345456 1.487323
1.020678 0.823723 1.199583 1.204145 1.096327 1.083976 1.242801 1.324888 1.112450 1.197622
1.251204 0.965269 0.827228 0.721922 0.465795 1.870387 1.428193 0.147536 0.667333 0.936062
1.147334 1.149632 1.145557 1.048500 1.182570 1.281218 1.170018 1.117582 1.011151 1.047601
1.096294 1.208704 1.042046 1.140057 1.134861 1.034115 0.810592 1.023824 1.321773 1.503352
1.066981 0.808519 1.010919 1.046720 1.088486 1.158252 1.297317 1.400960 1.121348 1.174309
1.181551 0.936135 0.938595 0.799246 0.454473 1.094148 0.759189 0.419680 0.902624 1.172780
1.270637 1.230113 1.064520 1.151444 1.157880 1.140067 1.008966 1.032071 1.136266 1.014847
0.937410 1.102237 1.170758 1.151082 1.132427 1.083723 0.945726 1.147122 1.424241 1.426784
0.968022 0.731827 1.021548 1.219930 1.182036 1.127686 1.110266 1.356028 1.281382 1.161686
1.134775 1.113081 0.994465 1.073240 0.868084 1.084354 1.164886 1.062928 1.215346 1.269037
1.109126 1.172021 1.077097 1.191452 1.179027 1.112732 1.022327 1.171509 1.514867 1.269300
0.991491 1.053072 1.150397 1.156733 1.141007 1.107522 1.045527 1.172385 1.301645 1.231596
0.990466 0.778527 1.005362 1.248815 1.220869 1.045119 1.203622 1.352815 1.114703 0.996607
1.166316 1.181335 1.062804 1.024481 1.071167 0.925385 0.958486 1.020621 1.495966 1.406176
1.019734 1.104331 1.159314 1.249012 1.097043 1.157162 1.070499 1.362393 1.540189 1.351677
1.031243 1.045564 0.976139 1.071551 1.089066 1.089629 1.060457 1.030260 1.194009 1.140588
0.986852 0.843370 1.037908 1.249081 1.355274 1.001705 1.044437 1.073388 1.060250 1.109990
1.259343 1.139613 1.068570 1.150741 1.170068 1.074807 0.967067 0.930820 1.347240 1.270226
1.044443 1.110587 1.076127 1.157198 1.083574 1.238891 1.216240 1.121355 1.270387 1.149465
1.032142 1.102873 0.956267 0.990591 1.090081 1.075250 1.123384 1.018785 1.161080 1.147953
0.980458 0.737754 0.981442 1.311392 1.361771 1.063732 1.043068 0.958288 0.929907 1.019341
1.106316 1.135790 1.083685 1.271189 1.234135 1.068994 1.075676 1.073485 1.316226 1.130632
1.007004 1.086572 1.055071 1.132043 1.102050 1.140798 1.120096 1.029809 1.072032 1.148542
0.999109 1.073295 1.062180 1.076693 1.184818 1.172868 1.242905 1.189197 1.192454 1.247265
0.841048 0.768893 0.810750 0.922133 0.863518 0.948775 1.184243 0.995787 0.676322 0.877172
1.003732 1.136875 1.080043 1.255065 1.184017 1.133071 1.181932 1.112054 1.301965 1.301461
1.160267 1.038054 1.038756 1.161211 1.142085 1.111366 1.006441 1.034870 1.164096 1.229075
1.124920 1.094983 1.273616 1.281768 1.272636 1.383132 1.407571 1.339091 1.239600 1.306414
0.375430 0.513341 0.288350 -0.328108 0.148081 0.716021 0.458579 0.528451 0.377936 0.773302
0.772489 1.024432 1.127276 1.116465 1.000898 1.023895 1.082135 1.146414 1.238026 1.285007
1.278835 1.102648 1.074516 1.099656 1.131344 1.184993 1.028698 1.101318 1.174939 1.149893
1.192800 1.267480 1.314121 1.271436 1.202829 1.316102 1.397103 1.356432 1.284392 1.224685
0.934652 0.772962 -0.377999 -0.558188 0.812335 0.791032 0.339297 0.848603 1.106721 0.289916
0.651593 0.873533 1.168431 1.136348 0.980074 1.000523 1.159722 1.316994 1.157537 1.035468
1.235958 1.267339 1.241680 1.196715 1.221741 1.255663 1.209940 1.142359 1.082633 1.043500
1.173443 1.382013 1.332567 1.229276 1.208216 1.339031 1.358620 1.114686 1.313756 1.369912
1.517916 1.365570 0.472597 0.804500 2.048106 1.363107 0.996598 1.097641 1.682207 0.251611
0.592549 0.712219 0.820503 1.032664 1.066263 1.100189 1.158801 1.210992 1.183042 1.102975
1.271408 1.398605 1.389555 1.268032 1.210476 1.206996 1.335824 1.271320 1.214782 1.187843
1.292405 1.418911 1.278284 1.207535 1.234237 1.337480 1.442764 0.845445 0.663208 1.359990
1.345712 1.205479 0.937509 0.839480 1.713632 1.674041 1.204092 1.256141 1.104164 0.625234
0.772264 0.654456 0.540641 0.967333 1.153912 1.211605 1.168805 1.081915 1.193923 1.291364
1.507013 1.524442 1.491664 1.332014 1.316752 1.305006 1.339578 1.320544 1.334955 1.358786
1.323517 1.352104 1.383711 1.356880 1.328844 1.245547 0.817413 0.161388 0.386792 1.240572
1.155659 0.700145 0.990890 0.745659 0.775429 1.274146 1.053818 0.728856 0.433142 1.541629
1.302578 0.330416 0.641856 1.060551 1.396736 1.261710 1.179581 1.178139 1.287822 1.211992
1.402788 1.412432 1.341506 1.305857 1.347105 1.455353 1.419746 1.417269 1.375363 1.296141
1.390716 1.511537 1.406063 1.340721 0.909610 0.564420 0.126736 0.115162 1.099985 1.861593
0.789029 0.602202 1.154260 0.311205 0.831233 1.267009 0.758792 0.889908 0.231053 1.285605
1.238191 0.682023 1.030913 1.077141 1.293664 1.256729 1.347581 1.207734 1.185763 1.063671
1.033556 0.931432 1.168071 1.377522 1.411645 1.467706 1.336655 1.331415 1.405319 1.265508
1.138308 0.640720 0.359699 1.127929 0.362788 -0.071011 0.519845 0.925755 1.250022 1.506153
0.945932 0.749622 0.894668 0.304825 1.466786 1.308435 0.874046 0.906131 -0.081987 0.147464
1.167982 0.803947 0.925794 1.013703 1.117210 1.047836 1.085953 0.429249 0.814019 1.138156
0.891423 1.007842 1.299537 1.219101 1.230195 1.174160 1.052077 1.156793 1.070592 0.705754
0.329750 -0.839306 0.062051 1.441126 0.539183 0.159876 0.493292 1.024683 1.460673 1.073595
1.238533 1.165864 0.935389 0.703245 1.017592 0.742862 0.557741 0.734511 -0.285256 0.136789
1.363052 0.261249 0.875557 1.141754 1.203759 0.886972 0.421355 -0.468524 1.275714 0.717603
0.497256 0.397875 0.095790 0.276080 0.798060 0.630130 0.862064 0.618589 -0.381350 -0.399085
-0.255972 -0.180361 1.172106 2.057215 1.235406 0.875641 0.410032 0.326386 1.259673 0.893780
1.032151 1.186979 0.384199 0.166643 0.921698 0.977101 0.602657 0.782603 0.377133 1.281573
1.256634 0.171249 0.736660 0.991697 1.073534 0.404893 -0.257876 0.063256 2.437594 0.681340
0.147729 -0.435964 -1.026363 0.122188 1.278458 0.477483 0.171694 -0.476381 -0.765358 0.420304
0.014516 1.087230 1.267181 1.368636 1.401051 1.264435 0.334785 0.529014 0.696350 0.874306
0.943937 1.085904 1.309738 0.699098 0.891223 1.431725 1.530830 0.885305 1.106127 1.681948
1.139862 0.221726 0.124684 0.686600 0.634956 -0.096290 0.056475 0.531368 1.921868 0.039900
0.430897 -0.015234 0.324521 1.343850 1.721815 0.965057 -0.258627 -0.670264 0.735694 1.810146
0.754489 0.935780 1.023047 0.901406 1.203929 1.117155 0.512187 0.679738 0.973677 1.278406
1.169209 0.881688 1.136395 1.131538 1.038856 0.979139 1.226111 1.021154 0.877088 1.406869
1.179559 0.245225 0.252626 1.597977 1.046733 0.216400 0.795884 1.057782 1.120036 0.568639
1.669307 1.241257 1.288432 0.580232 0.951893 1.335279 0.233253 0.200382 1.781631 1.671963
0.922766 0.620593 0.430371 0.469038 0.941729 0.995460 0.791648 1.243037 1.486896 1.279003
1.002485 0.693551 0.825541 1.171729 1.059671 0.769911 1.153519 1.068869 1.090545 1.170933
1.488080 0.654767 0.612388 2.115807 1.188343 0.552793 0.910149 1.239487 1.042354 1.420416
1.411736 1.410274 0.575181 0.132554 0.762130 0.890677 0.695692 0.707157 1.084313 1.124936
0.694577 0.145681 0.688645 0.852285 1.087384 1.527887 1.025095 1.165788 1.173229 1.130498
1.195008 0.906184 1.356875 1.066047 0.887888 0.822497 1.465833 1.261574 0.712626 0.894697
0.711769 0.548247 0.425369 0.622979 1.288709 1.089798 0.884502 0.589327 0.556464 0.457149
0.440328 0.937665 0.359844 0.858924 0.769777 0.791703 1.205514 1.295019 0.744639 0.292048
0.224219 0.522963 1.731806 1.040600 0.934566 1.255558 1.177315 1.223971 1.391934 1.344760
1.420269 1.422140 1.584489 0.787808 0.985170 0.947748 1.109010 1.315547 0.958074 1.225758
0.775883 0.650164 0.519268 0.363707 1.027133 1.559364 1.439018 0.535779 0.219054 0.538335
0.424904 0.920436 0.058481 1.329304 1.289524 1.063673 0.923119 0.717990 0.362089 0.233247
0.256575 0.094961 1.159327 0.889954 0.563959 1.366857 1.335400 0.723595 0.847621 1.047337
1.379243 0.986016 0.852853 0.948604 1.026563 1.392304 0.806465 1.194635 0.974155 1.197104
1.212888 1.715463 1.214963 0.657584 1.138188 1.611057 1.362539 0.851550 0.285684 1.106608
0.900359 0.662543 0.794894 0.922894 1.114717 0.928013 0.700761 0.855924 0.766990 1.112575
0.888954 0.666444 0.479331 0.971391 1.825457 1.698591 1.253255 0.351805 0.268844 1.163039
1.157752 0.751030 0.998427 1.636897 0.981987 1.074359 0.642279 0.937813 0.676425 0.931313
1.504567 1.832379 1.263124 0.701153 1.005883 1.102336 1.021779 1.141289 0.908386 0.627545
0.644447 0.801764 1.208296 0.579414 0.575945 0.746688 0.793181 0.893910 0.824372 1.324233
1.237231 1.238672 0.925782 0.824945 2.357919 1.751139 1.265685 1.021518 0.581658 2.008697
1.185225 0.777803 1.383215 1.935420 0.948797 0.613300 0.272053 0.232322 0.873650 0.904117
1.382743 1.495171 1.071143 0.995735 1.146756 1.106569 0.934800 0.879824 0.814844 0.675248
0.677703 0.663981 1.126787 1.073574 1.115297 1.493265 1.593230 0.877551 0.490850 1.591487
1.419667 1.520627 0.746997 0.590326 1.193775 1.458526 1.178501 1.315873 1.066511 1.443274
1.261209 0.981322 0.541031 1.454608 1.405453 0.421529 -0.191316 -0.318250 2.113396 1.245729
1.166881 0.749718 0.838695 0.696592 0.402936 1.012526 1.022277 0.281738 0.872830 0.845454
0.508347 0.664812 0.870875 0.873440 1.169701 1.456379 1.149980 0.749589 0.722662 1.429064
1.006493 1.188305 0.984714 0.711786 0.965545 1.029309 0.535097 0.760477 0.889213 0.947784
1.670991 1.610655 0.678956 1.116786 1.662389 0.901540 0.423531 0.969164 2.380354 1.381656
1.585910 1.168278 1.038799 0.777310 0.607106 0.953318 1.184425 0.839848 1.384370 1.302178
1.407499 1.493034 1.298061 1.262040 1.316154 0.906128 1.041477 0.992291 0.624423 0.876970
0.872271 0.826088 0.940179 0.935194 1.169492 1.069574 0.938668 0.999564 1.068370 1.286261
-0.008973 0.674677 0.505052 0.616902 0.720598 0.702777 0.719240 0.598137 0.724957 0.685476
0.725442 0.693287 0.595616 0.403781 -0.003933 0.546850 0.507994 0.630243 0.813482 0.735491
0.786785 0.751305 0.655251 0.718875 0.771769 0.756342 0.561536 0.587605 0.753652 0.665791
0.291668 0.586966 0.577071 0.758526 0.768080 0.733450 0.711208 0.795323 0.857092 0.434597
-0.304716 0.232884 0.183745 0.501441 0.714758 0.642225 0.642032 0.451089 0.662055 0.637909
0.684233 0.623303 0.459283 0.395333 0.026544 0.402777 0.247880 0.376064 0.307022 0.518999
0.700973 0.704979 0.696263 0.731708 0.696014 0.746941 0.579247 0.544576 0.733582 0.559700
0.257660 0.524230 0.458097 0.688125 0.663796 0.844649 0.962492 0.872415 0.612745 -0.048640
-0.628959 -0.228028 -0.166951 0.025970 0.334085 0.240663 -0.253389 -0.115990 -0.039646 -0.050106
0.009972 0.033478 -0.068051 0.029107 -0.171174 -0.277294 -0.194025 -0.218885 -0.055214 0.021413
-0.057310 0.003238 0.083304 0.075577 -0.034401 -0.042791 -0.003349 0.023149 0.005790 -0.116140
-0.071022 -0.046074 0.088018 0.005346 -0.055333 -0.167135 -0.127496 0.030847 -0.090658 -0.503792
-0.690074 -0.207666 0.006402 -0.022508 0.184012 0.342247 0.066855 0.189738 0.123755 0.144240
0.144727 0.032934 -0.074193 -0.300289 -0.049670 -0.108425 0.107491 -0.035606 0.092260 -0.030879
0.237168 0.351512 0.246188 0.248663 0.380222 0.328616 0.263111 0.141613 0.198793 0.123400
0.203222 0.192390 0.201646 0.131383 0.100585 -0.006293 0.156063 0.298460 0.032387 -0.415275
-0.759418 -0.357192 -0.285980 -0.561006 -0.879217 -0.582422 -0.123111 -0.091856 -0.073575 0.060902
-0.044400 0.047457 0.073560 -0.272081 0.096809 -0.064611 0.016228 0.033999 -0.063254 0.002204
0.071519 0.184992 0.154898 0.159504 0.149223 0.426741 0.444484 0.174483 0.180290 0.185922
0.041487 0.059916 0.017035 0.089927 0.060106 0.071221 0.153141 0.139000 -0.031913 -0.421225
-0.827099 -0.471897 -0.377506 -0.341767 -0.039490 0.363562 0.013186 -0.031730 -0.058752 -0.263012
-0.084907 -0.101537 0.099905 -0.057693 0.120172 0.007451 0.090765 0.043458 -0.039407 -0.032152
-0.194141 0.083478 0.136336 0.139347 -0.020850 -0.076023 0.089715 0.093416 0.050799 0.032178
0.009386 0.087735 0.056122 0.014599 0.028452 0.136641 0.167258 0.063054 -0.144808 -0.464507
-0.733016 -0.348300 -0.106164 0.030809 0.170700 0.061469 -0.055953 0.064910 0.118870 -0.045913
0.086581 -0.290202 -0.555511 -0.207072 -0.078757 0.044924 -0.012023 0.015470 0.003786 -0.205222
-0.112715 0.198141 0.190883 0.117489 0.071580 -0.279225 -0.129750 0.003801 0.089069 -0.071689
-0.007350 0.055918 0.059387 0.213278 0.199080 0.070000 0.001100 0.185881 0.007350 -0.401447
-0.752535 -0.424952 -0.112045 -0.047031 -0.023541 -0.037551 0.047576 0.145865 0.141899 0.091805
-0.019101 -0.188065 -0.427640 -0.017313 -0.034245 0.128659 -0.024996 -0.037826 -0.073391 -0.079955
-0.017680 0.008969 0.193121 0.107941 0.012310 0.101320 0.252134 0.113346 0.155245 0.094047
0.125202 0.045249 0.035111 0.038408 0.071935 0.061727 0.119418 0.069382 -0.113289 -0.355200
-0.698296 -0.489253 -0.381462 -0.238689 -0.171463 -0.118685 -0.043440 -0.045966 -0.081497 -0.057839
0.113784 0.053435 0.017230 0.245956 0.007518 -0.053427 -0.108232 0.035097 0.014530 0.005831
0.012984 0.037894 -0.305446 -0.065346 -0.063706 0.031910 -0.029243 0.202329 0.101711 0.059069
0.087178 0.117847 0.008642 0.107567 0.164339 0.025876 0.017119 0.078442 -0.010806 -0.338363
-0.695820 -0.405954 -0.146555 0.071112 -0.048606 -0.152711 -0.102908 -0.052632 -0.040730 -0.278340
-0.090034 -0.055563 -0.121061 -0.022877 0.069402 0.098046 0.004557 0.161321 0.365769 0.286992
0.056904 -0.006351 -0.121500 -0.152669 -0.056675 0.156968 0.121937 -0.044791 -0.032567 0.076471
0.116532 0.135887 -0.011288 0.076381 0.112527 0.001943 -0.067870 0.117450 0.099811 -0.243516
-0.703712 -0.273132 -0.056337 -0.007339 -0.009155 -0.063273 0.021009 0.021987 0.020705 -0.077317
-0.385005 -0.075877 0.050287 0.227443 0.261931 0.345287 0.252107 -0.097174 -0.163820 0.025978
0.170737 0.107651 0.111701 0.052777 0.180809 0.139990 0.179748 0.075144 0.306556 0.061244
0.093599 0.076849 0.017124 0.007653 0.010767 -0.027375 0.149050 0.211621 0.134022 -0.224072
-0.637255 -0.211202 0.005348 0.048165 0.002661 -0.091608 -0.058088 -0.167224 -0.054553 0.018985
0.054990 0.327045 0.305061 0.385801 0.800159 2.021838 1.256702 0.148942 -0.269991 -0.269766
0.007265 0.207305 0.150970 0.099991 0.268462 0.343260 0.009154 -0.129298 -0.028254 -0.017032
0.065853 0.041539 0.055800 0.063302 0.101813 0.141192 0.192395 0.125465 -0.111143 -0.120271
-0.633696 -0.181410 -0.203804 0.054203 0.089143 0.016310 0.026867 -0.068352 0.080966 0.088449
0.162903 0.178564 0.184732 0.001421 -0.190512 1.590827 2.420866 0.986883 0.372686 0.255296
0.122413 0.098379 0.161084 0.137169 -0.055791 0.054290 -0.116013 0.009936 0.072123 -0.123689
-0.201759 -0.004888 0.198355 0.153217 0.052057 0.056373 -0.029660 -0.121080 -0.398004 -0.188132
-0.654972 -0.216391 -0.052371 -0.034914 -0.024016 -0.072042 -0.024037 0.082871 -0.006091 -0.153702
-0.152232 -0.034854 -0.195118 -0.697628 -2.352500 -1.730573 -0.369344 -0.777519 -0.105525 0.182871
0.158771 0.270267 0.129820 -0.033437 -0.153376 0.031553 0.114636 0.027719 0.176430 0.012465
-0.003935 -0.042313 0.017768 -0.026392 0.042653 0.036142 0.034867 -0.137845 -0.513901 -0.318954
-0.753522 -0.347055 -0.113089 0.131359 0.263798 -0.029375 -0.163910 -0.430811 -0.409126 -0.143217
-0.327928 -0.082789 -0.287762 -0.964193 -1.420680 -0.940680 -1.270557 -1.178525 -0.173188 0.375839
0.126451 0.054813 0.078459 0.062188 0.054400 0.164489 0.156843 0.031639 0.205885 0.172306
0.175946 -0.068056 0.068604 0.130695 -0.030750 0.143862 0.089949 -0.265086 -0.635423 -0.452466
-0.603759 -0.147086 -0.035266 0.139926 0.155056 -0.031000 -0.002032 0.111131 0.073630 0.175914
0.074360 0.194966 -0.032055 -0.380396 -0.430725 -0.164827 -0.447743 -0.246088 0.433924 0.342734
0.104744 0.085689 0.273267 0.233226 0.250766 0.108419 0.087535 0.066454 -0.030773 0.255384
0.169862 0.075676 -0.033404 -0.012700 -0.070547 0.074384 -0.085549 -0.246829 -0.596691 -0.445029
-0.662120 -0.075264 0.174321 0.192389 0.110250 0.089607 0.042686 0.165046 -0.014684 -0.000178
0.041787 0.161622 0.129689 -0.060926 -0.040997 -0.002691 0.264056 0.026331 -0.197810 -0.044547
0.108017 0.185428 0.198663 0.177286 0.018455 0.079615 0.063733 -0.071337 -0.346915 -0.259879
-0.044031 0.028324 0.045580 0.071125 0.039322 0.006936 -0.009522 -0.156357 -0.233450 -0.276583
-0.750988 -0.226492 -0.119982 0.067370 -0.011497 0.062986 0.164714 0.018521 -0.056664 0.019750
-0.070407 0.022151 0.162898 0.099692 0.073159 0.065099 -0.023499 -0.146040 -0.192320 0.074542
0.107713 0.028331 0.033456 -0.000429 0.021093 0.023977 -0.045523 -0.046817 -0.203811 -0.141025
0.133244 0.075508 0.202106 0.232387 0.149863 0.106033 0.050547 0.008555 -0.001298 -0.338549
-0.663952 -0.108278 -0.026495 -0.111072 -0.209336 -0.090704 0.148716 0.274473 0.327229 0.114763
-0.057426 0.028876 0.150816 0.059201 0.141976 0.194716 0.031686 0.079814 0.071926 0.016908
0.216399 0.126662 0.056702 0.055462 0.094087 0.137855 -0.016261 0.009554 0.064170 0.153439
0.329996 0.113974 0.134874 0.166790 0.171526 0.198586 0.133268 0.221898 0.011033 -0.416984
-0.588279 -0.033168 0.203873 0.152483 0.092547 0.334803 0.512406 0.398843 0.241129 0.176458
0.203956 0.191760 0.163565 0.098268 0.049205 0.152239 0.057680 -0.111908 -0.058149 -0.103955
0.346641 0.276274 0.226054 0.149347 0.014864 0.071449 0.108915 0.183090 0.178926 0.087712
0.105688 0.059631 0.082409 0.187793 0.111701 0.009429 0.115470 0.142036 -0.056306 -0.357676
-0.166366 0.429531 0.411477 0.156733 0.346990 1.086640 1.443629 1.289613 0.867139 0.398091
0.213527 0.156398 0.256980 0.156832 0.116121 0.156576 -0.075181 -0.054585 0.107241 0.039063
-0.006785 0.026211 0.160792 0.129912 0.103101 0.161547 0.116524 0.127841 0.077266 -0.034759
-0.046447 0.084854 0.150058 0.125232 0.069579 -0.008223 -0.024921 0.082613 0.008398 -0.268041
0.253853 1.757850 0.824193 0.588767 1.269919 2.028675 1.819991 0.420298 0.489429 0.695818
0.468905 0.288527 0.104921 0.042907 0.160594 0.203610 -0.019054 0.068471 0.115935 0.041139
0.037881 0.217483 0.105952 0.122904 0.112647 0.098165 0.094860 0.115442 0.102355 0.113192
0.191553 0.071507 0.063776 0.134814 0.117155 0.084726 0.234864 0.382691 0.211694 -0.004878
-0.356805 -0.152920 -0.168507 0.781829 0.882678 1.371939 1.678448 0.127858 -0.707279 -0.439450
0.187910 0.172886 0.238344 0.111794 0.084078 0.121459 0.068829 -0.177267 -0.086255 0.111676
0.202826 0.235047 0.225337 0.203682 0.175823 0.113466 0.138546 0.151294 0.128213 0.191554
0.097655 0.041876 0.182051 0.282610 0.265523 0.280932 0.300520 0.515023 0.317103 -0.084327
-0.365537 -0.439447 -0.573679 -0.554227 0.038165 1.103291 0.391132 -0.402758 -1.201812 0.180614
1.571870 0.691359 0.224451 0.121198 0.159368 0.072413 0.032767 0.076245 0.235346 0.188717
0.173238 0.175608 0.278835 0.218755 0.149273 0.251134 0.225224 0.287477 0.130945 0.004896
0.032856 0.267493 0.259795 0.204848 0.188434 0.233998 0.322674 0.167264 0.333089 0.460086
0.688538 0.187654 0.575783 0.305533 0.755542 0.437970 0.100363 0.402863 -0.497347 -0.667501
0.468184 0.195237 0.278386 0.166847 0.099605 0.143800 0.093111 0.089160 0.081680 0.179115
0.254045 0.093909 0.313722 0.330204 0.205607 0.172392 0.170319 0.055399 0.058493 0.191402
0.259208 0.299857 0.304518 0.300577 0.294992 0.454754 0.248024 0.328176 0.531978 0.630061
0.361732 0.636471 1.148399 0.051496 0.875802 0.731874 0.560804 0.398026 -0.078779 -1.004028
-0.547079 -0.730593 -0.088920 0.127882 0.086218 0.098627 0.164918 0.255804 0.055526 0.211479
0.458022 0.212446 0.198212 0.269517 0.242656 0.172970 0.217493 0.224897 0.232374 0.186335
0.255477 0.320726 0.471414 0.391527 0.475852 0.536084 0.611494 0.108504 0.245022 0.222125
0.218530 0.531600 0.201877 -0.420928 0.526425 0.678277 0.795547 0.341360 -0.318892 -0.875386
-1.523032 -1.226427 -0.124751 0.037849 0.231552 0.321738 0.427289 0.200671 0.517651 0.508424
0.540511 0.339256 0.202500 0.107980 0.081579 0.262521 0.248046 0.364586 0.476208 0.438967
0.280610 0.108168 1.680059 2.149581 1.376418 0.295143 -0.396088 -0.649546 0.474849 0.025796
0.301120 0.298463 -0.303541 -0.971072 -0.196255 0.194514 0.328532 0.100743 -0.163772 -0.792552
-1.703463 -1.717347 0.215193 0.354763 0.411903 0.367918 0.187475 -0.050053 1.399479 1.233740
0.593702 0.748444 0.833640 0.815535 0.832016 0.625190 0.411919 0.681192 0.710157 0.643231
0.761426 0.954191 1.754485 1.882247 0.705129 0.857287 0.143418 -0.857674 -0.127138 -0.165161
0.238212 -0.405090 -0.469003 -0.672811 0.326783 0.160122 -0.033164 0.164760 0.645331 0.185001
-1.223024 -1.781663 0.568822 0.341368 0.363135 0.571038 0.185508 -0.447545 0.648480 0.832979
0.333217 0.359475 0.478507 1.421366 2.222600 1.698530 0.807716 0.397160 0.686196 1.940928
0.980424 -0.967203 0.217448 0.552538 0.242444 0.374747 0.969281 0.339848 -0.304155 -0.528280
0.045325 -0.080021 0.234782 -0.022226 -0.270720 -0.944897 -0.859129 -0.450193 0.306466 0.023250
-1.317636 -1.613764 0.605011 0.326337 0.361178 0.170386 -0.431881 -1.544292 -1.088878 -0.799973
0.206193 1.030923 0.838234 0.586406 0.301217 0.455839 0.900722 1.059295 0.933339 0.993718
-0.612214 -1.225285 0.283394 0.220273 -0.464566 -0.947068 -0.667829 -0.004731 0.367917 -0.254490
0.240988 -0.037996 -0.284847 -0.211961 -0.467025 -0.938966 -0.882557 -0.426336 0.567100 0.430651
-1.114802 -1.550186 1.089265 1.607593 1.144999 0.275105 -1.225464 -1.421474 -0.602857 -0.364149
0.170867 0.059923 -0.548296 0.081449 -0.205017 -0.504509 -0.359237 -0.219161 -0.285525 -0.008177
-0.524778 -0.958386 -0.491530 -0.149517 0.145910 -1.197726 -1.137552 -0.533184 0.266648 -0.125258
0.292689 -0.147412 0.356826 1.007803 0.379123 -0.294388 -0.466285 -0.047475 -0.775326 0.141087
-1.049961 -0.980216 0.839665 0.673983 0.280202 0.237924 -0.982570 -0.845495 0.278852 0.201830
-0.048638 -0.215082 -0.609608 0.433649 0.287109 -0.995648 -0.251069 -0.546239 -1.152709 0.256834
-0.037316 -0.579080 -0.070146 0.467563 0.588232 -0.360867 -0.690525 0.205006 -0.148142 -0.521953
0.228269 -0.251531 0.311182 0.744817 0.490789 0.022631 -0.868694 -0.105907 -0.782458 -0.248767
-0.593014 -0.214410 0.663205 0.510501 0.726922 0.392885 -0.517066 -1.105147 -0.427771 -0.348741
0.012462 -0.066867 0.193133 0.095202 0.005364 -0.756786 -0.451612 -0.130682 -0.311598 -0.305714
-0.040838 0.488362 -0.217280 -0.028426 0.411248 0.228737 0.197359 0.279388 -0.014803 -0.024451
0.168142 -0.093782 -0.624941 -0.152895 0.436365 0.344066 -0.406697 -0.731218 -0.157491 0.853903
0.074111 1.049994 0.862775 0.811769 0.171155 0.275871 0.265146 -0.020959 0.552901 0.212903
-0.439739 -0.863260 -0.474212 -0.657834 -0.423382 -0.851308 -1.057015 -0.075415 0.336163 -0.257705
-0.114504 0.105860 -0.191137 0.222283 0.466818 0.376346 0.329947 0.362444 0.603769 -0.105540
0.095827 -0.345362 0.289321 0.388273 0.201415 -0.060727 -0.050039 -0.127225 0.230911 0.481592
0.170373 0.493055 0.498474 0.870002 0.109889 -0.604423 -0.551976 -0.473169 0.552730 0.740106
-0.321244 -0.852716 -1.008909 -0.209836 -0.499061 -0.344578 -0.826078 -0.898850 0.319168 0.686028
0.278590 -0.185122 0.552541 1.073146 0.966138 0.761994 0.351420 0.158495 0.192069 0.233828
0.257426 -0.316468 0.602763 0.683502 0.539531 -0.566803 -0.165080 -0.042885 -0.171244 -0.023377
-0.255090 -0.911603 -0.903082 -0.277650 0.017306 -0.378385 -0.941462 -0.865130 0.323742 0.512198
-0.031099 0.306168 -0.353535 -0.086461 -0.227670 -0.162826 0.219907 0.195317 -0.096726 0.002713
-0.133925 -0.034479 0.447681 0.176420 -0.631156 0.050548 0.241182 0.709475 0.378651 -0.548108
0.449506 0.112193 0.015522 -0.210028 -0.086526 -0.312106 0.157897 -0.002640 0.190908 0.665962
-0.382509 -0.251732 -0.118314 0.075686 0.051406 0.022704 0.173577 0.171058 -0.572813 -0.267638
0.180612 0.965110 0.660067 -0.094648 -0.536180 0.317999 0.667433 0.627056 0.054323 0.274729
0.003141 -0.590726 -0.264655 -0.257946 -0.359127 0.013026 -0.048083 -0.089595 -0.472112 -1.669818
0.402475 -0.568276 -0.657821 -0.318522 -0.270670 0.192471 0.159239 -0.453398 -0.667245 0.490209
-0.422056 -0.367309 -0.372579 0.065645 0.297587 0.026095 -0.032788 0.198845 0.191225 0.409816
0.280313 0.642335 0.394484 0.061760 -0.259720 -0.757895 0.245528 0.474179 0.803661 0.075899
0.070865 -0.542673 -0.040679 -0.157701 0.642637 0.748892 0.436984 0.298373 -0.084746 -0.666845
0.678510 0.047714 -0.035994 -0.177358 -0.633308 0.078511 -0.420150 -1.564361 -2.402162 -0.323587
-0.103529 -0.155736 0.349967 0.267412 0.744576 1.423346 0.991016 0.718135 0.505981 0.398160
1.029425 0.579794 -0.096579 -0.139220 0.103866 0.125461 1.493665 1.203401 1.275836 0.786391
0.400992 -0.033319 -0.041753 -0.032891 0.812660 0.682072 0.586887 0.782845 0.863404 0.009689
0.433319 0.141847 0.178369 -0.356541 -0.550717 0.055225 -0.199067 -1.019671 -1.430735 0.071909
0.350072 0.022984 0.426896 0.394605 0.449554 0.709569 0.787258 0.536970 0.087679 -0.126378
0.039120 0.241246 0.105177 0.126349 0.611884 0.580562 1.400408 0.785953 1.143191 0.979228
0.832323 1.025652 0.608461 0.417428 0.510003 0.704710 0.761605 0.819390 0.664499 0.000955
-0.223464 -1.709410 -1.981844 -1.246561 -1.407590 -1.649432 -1.681204 -1.420674 -1.626474 -1.710577
-1.599931 -1.627043 -1.465313 -1.255965 -0.837792 -1.255376 -1.612448 -1.453485 -1.620603 -1.589844
-1.660999 -1.560643 -1.334628 -1.459982 -1.508664 -1.663171 -1.478484 -1.288278 -1.401443 -1.663299
-1.315956 -1.396984 -1.432166 -1.425903 -1.528764 -1.480658 -1.611369 -1.587098 -1.163643 -0.604862
0.998668 0.072019 -1.051265 -0.420194 -0.266391 -0.702748 -1.004711 -0.761011 -0.558926 -0.765542
-0.806430 -0.934215 -0.689651 -0.880817 -0.314800 0.105403 -0.898527 -0.459200 -0.658499 -0.810962
-0.760544 -0.893427 -0.763280 -0.856489 -0.874508 -0.976199 -0.845948 -0.582406 -0.710800 -1.206570
-0.859299 -0.209526 -0.675736 -0.392958 -0.851891 -0.899017 -1.067872 -0.944899 -0.700615 -0.299155
0.960238 0.854977 -0.485254 -0.722363 -0.501754 -0.698296 -0.675852 -0.707805 -0.398977 -0.395428
-0.576746 -0.624658 -0.420306 -0.804818 -0.777541 0.041935 -0.278252 -0.459267 -0.502521 -0.411477
-0.532696 -0.765959 -0.784285 -0.850379 -0.705559 -0.610093 -0.685068 -0.565032 -0.549955 -0.842257
-0.732958 -0.382704 -0.467298 -0.358613 -0.541503 -0.716126 -0.672870 -0.562031 -0.391962 -0.011774
0.935863 1.042853 0.096594 -0.497801 -0.538189 -0.749890 -0.533377 -0.182255 -0.287369 -0.270783
-0.451940 -0.355225 0.060367 0.236944 -0.582617 -0.250428 0.133217 0.004079 0.011023 -0.025740
-0.109443 -0.412797 -0.554096 -0.545360 -0.464512 -0.287685 -0.464290 -0.540035 -0.319853 -0.235348
-0.427332 -0.560139 -0.264876 -0.218114 -0.148068 -0.222641 -0.160705 -0.026650 0.027913 0.400738
0.866745 1.052189 -0.008119 -0.586302 0.060386 0.060319 -0.135282 -0.256157 -0.356548 -0.258954
-0.308185 -0.147711 0.028408 0.094594 -0.192629 -0.299295 -0.186686 -0.201352 -0.056638 -0.066481
0.032972 -0.293140 -0.409413 -0.429395 -0.516673 -0.388976 -0.561518 -0.639184 -0.462216 -0.270235
-0.352636 -0.580793 -0.467708 -0.219032 -0.277069 -0.231731 -0.290453 -0.238820 -0.119556 0.288692
0.801458 0.954950 -0.055533 -0.350203 0.006675 0.327745 0.225308 -0.139409 -0.230515 -0.077936
-0.149393 0.081166 -0.164999 -0.500713 -0.281140 -0.450340 -0.313045 -0.197931 -0.203665 -0.249547
-0.046660 0.059140 -0.158471 -0.245450 -0.415582 -0.312205 -0.482781 -0.418741 -0.401831 -0.297765
-0.298001 -0.218887 -0.461606 -0.248639 -0.364486 -0.433066 -0.358776 -0.231836 -0.094484 0.287222
0.820975 0.905341 -0.001872 -0.242638 -0.235227 -0.220344 -0.318079 -0.135380 -0.341752 -0.135746
-0.163922 -0.303990 0.212542 -0.129078 -0.035849 -0.229289 -0.470448 -0.422676 -0.105093 -0.133695
-0.058894 0.248832 0.008932 -0.328285 -0.527923 -0.185146 -0.026057 -0.205931 -0.323547 -0.159655
-0.261008 -0.082620 -0.229512 -0.314166 -0.378194 -0.483414 -0.471296 -0.378923 -0.208155 0.372180
0.807444 0.746762 -0.348345 -0.201650 -0.226361 -0.300344 -0.409306 -0.192684 -0.395606 -0.390600
-0.268912 -0.528937 0.088488 0.205803 0.002463 -0.001391 -0.403790 -0.580862 -0.299018 -0.246661
-0.112777 0.046517 -0.046365 -0.454013 -0.459641 -0.518625 -0.040983 -0.101101 -0.238746 -0.327809
-0.234065 -0.240416 -0.185989 -0.220242 -0.324222 -0.367829 -0.450435 -0.430642 -0.327604 0.296371
0.650160 0.585950 -0.342290 -0.034644 0.156451 -0.145085 -0.395435 -0.157741 -0.222763 -0.356928
-0.282119 -0.560629 -0.377098 -0.206058 -0.339849 -0.133745 -0.247166 -0.173096 -0.185155 -0.291069
-0.456600 -0.212871 0.026949 -0.328215 -0.192206 -0.201170 -0.286550 -0.260874 -0.244920 -0.250182
-0.206939 -0.306715 -0.420837 -0.215103 -0.192533 -0.389209 -0.489122 -0.301031 -0.063124 0.290916
0.710622 0.499418 -0.071159 -0.029958 -0.028013 -0.079519 -0.300008 -0.097287 -0.074476 -0.211150
-0.020593 -0.595523 -0.474931 -0.349770 -0.352922 -0.168730 -0.059112 -0.129524 -0.237756 -0.336564
-0.525259 -0.537804 -0.217365 0.039493 -0.013963 -0.009576 -0.262503 -0.145536 -0.228401 -0.137758
-0.034350 -0.256801 -0.556037 -0.287040 -0.214215 -0.346000 -0.363097 -0.157776 -0.097990 0.136903
0.745458 0.379398 -0.231852 0.143378 -0.198301 -0.128191 -0.157122 -0.038141 -0.537816 -0.588035
0.147064 -0.216863 -0.510688 -0.285719 -0.058855 -0.369346 -0.347880 -0.145559 -0.113631 -0.092478
-0.203783 -0.497256 -0.496055 -0.379537 -0.004684 -0.126532 -0.460663 -0.531340 -0.276086 -0.212553
0.034027 -0.149246 -0.448105 -0.302012 -0.190017 -0.330932 -0.257578 -0.002919 -0.104402 -0.047010
0.680450 0.395243 -0.345665 -0.161674 -0.377155 -0.288527 -0.004076 0.283121 -0.189401 -0.515468
-0.333447 -0.086208 -0.206027 -0.154812 -0.691760 -1.237032 -0.540016 -0.378033 -0.038703 0.245325
0.055621 -0.435802 -0.316818 -0.488310 -0.732374 -0.585457 -0.447051 -0.555751 -0.417243 -0.368695
-0.058117 -0.062319 -0.261497 -0.268698 -0.224496 -0.454116 -0.292163 -0.003097 0.223093 -0.063860
0.634407 0.520678 -0.329813 -0.245456 -0.427787 -0.538512 -0.261724 0.227124 0.157717 -0.322455
-0.268182 -0.285869 0.185478 0.563353 -1.412232 -3.460952 -1.696574 -0.110262 -0.515324 -0.149907
0.172682 -0.250552 -0.392263 -0.441193 -0.742566 -0.754788 -0.318819 -0.129227 -0.267501 -0.236076
-0.193295 -0.038622 -0.178565 -0.326581 -0.318193 -0.391853 -0.216795 0.064492 0.751792 0.097056
0.611727 0.548350 -0.378180 -0.056774 -0.102300 -0.404471 -0.874756 -0.150735 -0.105089 -0.270961
-0.027533 -0.222456 -0.013150 1.351134 2.053860 -1.052976 -0.377249 1.080694 -0.366088 -0.498296
-0.323694 -0.384859 -0.446545 -0.570776 -0.324508 -0.198901 -0.316521 -0.123074 -0.164509 -0.277610
-0.329116 -0.066654 -0.071194 -0.378865 -0.289578 -0.235256 -0.139826 -0.032366 0.833139 0.373875
0.603558 0.517576 -0.315249 -0.160912 -0.142128 -0.565645 -0.902817 -0.307781 -0.086166 -0.390996
0.109440 0.095469 -0.114970 -0.648624 0.461166 -0.166179 -1.836464 0.735891 0.552742 -0.349374
-0.603475 -0.535176 -0.524983 -0.508764 -0.493155 -0.208944 -0.186202 -0.253519 -0.129930 -0.360301
-0.498220 -0.298330 -0.270031 -0.454249 -0.251460 -0.198878 -0.224643 -0.317045 0.372048 0.246666
0.631473 0.574282 -0.354461 -0.191596 -0.186620 -0.704259 -0.516943 -0.412061 0.114955 -0.299492
-0.370755 -0.015312 -0.132623 -0.658908 -1.188656 -0.889214 -1.925377 0.377840 0.400848 -0.291223
-0.416863 -0.310026 -0.254106 -0.416950 -0.451503 -0.418424 -0.302582 -0.421815 -0.120172 -0.236109
-0.407655 -0.525044 -0.303651 -0.455549 -0.288552 -0.042506 -0.309649 -0.620733 0.212164 0.367774
0.624697 0.464122 -0.297722 -0.283553 0.085624 -0.519409 -0.702224 -0.614887 -0.258934 -0.229360
-0.269417 -0.201110 -0.318821 -0.499487 -0.400521 -0.057853 -0.429375 -0.458660 -0.070466 -0.364004
-0.373652 -0.382949 -0.294869 -0.379403 -0.314074 -0.413080 -0.238591 -0.561002 -0.104162 0.216574
-0.034108 -0.392635 -0.295259 -0.289545 -0.417523 -0.262853 -0.338446 -0.515360 -0.045043 0.462963
0.606710 0.455559 -0.127089 -0.351786 0.084867 -0.200784 -0.606290 -0.647822 -0.685610 -0.434538
-0.217185 -0.116187 -0.214566 -0.555277 -0.610097 -0.318299 -0.379567 -0.755064 0.078391 0.134097
-0.325197 -0.418666 -0.313252 -0.147434 -0.212568 -0.232195 -0.439576 -0.546097 -0.386105 0.262178
0.279280 -0.187939 -0.342087 -0.371405 -0.437590 -0.522866 -0.555007 -0.403482 -0.117249 0.260360
0.544577 0.502577 -0.187038 -0.409670 -0.014777 0.149993 -0.375098 -0.616234 -0.655674 -0.619190
-0.354704 -0.206476 -0.210591 -0.442263 -0.434708 -0.355641 -0.494329 -0.696097 -0.548412 0.095979
-0.160673 -0.433337 -0.374843 -0.231362 -0.089525 -0.259759 -0.383930 -0.401278 -0.625484 -0.459622
-0.202002 -0.377766 -0.395581 -0.517280 -0.564979 -0.446189 -0.599217 -0.467554 -0.233016 0.110024
0.649133 0.241471 -0.556092 -0.469424 -0.207251 0.140862 0.032398 -0.055583 -0.513334 -0.730434
-0.534696 -0.342062 -0.292209 -0.263239 -0.214918 -0.225195 -0.546745 -0.214414 -0.405248 -0.205862
-0.077890 -0.411056 -0.406173 -0.422563 -0.191327 -0.231853 -0.306332 -0.165170 -0.606140 -0.728504
-0.443598 -0.449430 -0.513659 -0.586396 -0.547397 -0.416283 -0.659027 -0.512599 -0.363997 0.155448
0.392421 0.406590 -0.505697 -0.360024 -0.425850 -1.069731 -1.396558 -0.235802 0.116313 -0.328651
-0.567147 -0.352355 -0.437413 -0.366943 -0.331023 -0.153791 -0.428344 -0.295443 -0.131871 -0.368173
-0.034353 -0.340743 -0.373212 -0.556449 -0.390373 -0.312872 -0.369915 -0.268961 -0.372429 -0.358516
-0.207142 -0.469873 -0.607816 -0.644429 -0.739683 -0.445411 -0.309206 -0.530876 -0.624491 -0.095936
-0.972474 -0.391103 -1.315074 -1.162706 -0.967377 -0.973447 -1.874740 -0.695140 0.426427 0.291756
-0.450069 -0.314903 -0.415329 -0.315062 -0.210597 -0.209205 -0.473512 -0.553416 -0.383627 -0.331354
-0.170782 -0.172781 -0.354183 -0.531305 -0.429942 -0.505132 -0.531203 -0.396992 -0.334676 -0.361019
-0.511443 -0.622180 -0.589598 -0.580702 -0.695924 -0.686890 -0.444118 -0.472839 -0.563441 -0.388352
-0.327495 0.294870 -1.160684 -0.324302 -0.674329 -0.464167 -0.878757 -1.284922 0.507806 0.664157
-0.084626 -0.231531 -0.367866 -0.100993 -0.020013 -0.195592 -0.579165 -0.286155 -0.477540 -0.542467
-0.434622 -0.282453 -0.560752 -0.534032 -0.452205 -0.541822 -0.489517 -0.400664 -0.507169 -0.559093
-0.705756 -0.612044 -0.364727 -0.529212 -0.607572 -0.674576 -0.761843 -0.537547 -0.307979 -0.095164
0.521403 0.500659 0.276932 1.075802 1.596056 0.737807 -0.278520 -0.590224 -0.313782 0.375630
0.397499 -0.207060 -0.455511 -0.274814 -0.084274 -0.172128 -0.582668 -0.401407 -0.334868 -0.507463
-0.582850 -0.307455 -0.573385 -0.646148 -0.534836 -0.732383 -0.593172 -0.521916 -0.584418 -0.552705
-0.580363 -0.652449 -0.518615 -0.503529 -0.661833 -0.663078 -0.319913 -0.206640 -0.907870 -0.403164
-0.336099 -0.502408 -0.386464 -0.124696 0.799567 0.813685 0.335509 0.249079 -0.600572 0.610227
1.211888 0.293481 -0.438862 -0.526804 -0.349269 -0.418494 -0.341720 -0.246094 -0.405700 -0.514238
-0.645770 -0.271463 -0.398929 -0.667782 -0.683921 -0.751925 -0.787275 -0.541516 -0.644922 -0.445090
-0.374309 -0.561305 -0.633810 -0.498033 -0.638510 -0.718573 -0.317656 0.099655 -0.263317 -1.092062
-0.272954 -1.028697 -0.387506 -1.225438 -1.471825 -0.873162 -0.242130 -0.613252 -0.478174 1.054236
2.211869 1.759779 -0.151417 -0.553171 -0.180548 -0.305885 -0.495194 -0.420491 -0.726639 -0.786617
-1.237641 -0.754932 -0.532515 -0.594182 -0.978215 -0.706996 -0.502408 -0.649513 -0.771770 -0.706585
-0.491880 -0.158335 -0.249009 -0.494039 -0.961820 -0.975029 -0.828386 -0.200406 0.180947 -0.204065
-0.909658 0.018504 -0.257144 -0.649075 -0.943759 -1.265410 -1.050600 -1.264099 -1.067255 0.701123
1.935105 2.591846 -0.013492 -0.461988 -0.504892 -0.337542 -0.371796 0.107921 -0.279904 -0.299128
-1.049470 -1.274636 -0.893721 -0.394701 -0.440039 -0.707568 -0.465736 -0.606293 -0.881739 -0.670493
-0.068205 0.069020 -1.682207 -2.190806 -1.421387 -0.563413 0.856936 0.140661 0.797972 0.130804
-0.699494 0.489609 -0.020337 0.479373 0.028331 -0.599212 -0.176400 -1.690271 -2.208490 -0.261454
0.836226 2.676517 0.010429 -0.541547 -0.917518 -0.393342 0.230368 0.233091 -1.004453 -0.653190
-0.840099 -0.980439 -0.476604 -0.228828 -0.153193 -0.527084 -0.663608 -0.343162 -0.440588 -0.393374
-0.734849 -0.119630 -0.757435 -3.176463 -2.101979 -1.277081 0.038832 2.052598 0.720585 -0.180620
-0.508643 -0.044908 -1.074283 -0.309244 -0.277124 -1.700546 -1.156724 -1.131018 -2.003159 -1.354038
-0.331164 2.196521 0.428452 -0.171587 -0.552032 -0.058189 -0.034083 -0.239685 -1.288818 -1.684852
-1.553884 -0.782752 -0.866010 -1.794520 -0.910608 -0.623618 -0.334343 -0.011694 -0.855490 -1.217212
-0.534491 0.215646 0.858749 -0.684680 -1.538918 0.614259 -1.729412 -1.102190 -0.027143 -0.230600
-0.843219 -0.401274 -1.358754 -1.004265 0.042396 -0.487707 -0.844022 0.213889 -0.506302 -0.886710
-0.932544 1.269618 0.394523 -0.565065 -0.874344 -0.199317 -0.240242 0.226537 0.550005 -0.351574
-0.977934 -1.431295 -0.731934 -1.113015 -1.094970 0.065452 -0.312285 -0.762252 -1.216046 -1.486757
-1.290600 1.331277 2.129738 -0.183408 -0.391905 0.673783 1.029287 -2.283171 -2.701241 -0.638842
-0.770441 -0.061990 -0.503065 -0.955884 -0.142734 0.463214 0.524335 -0.119905 0.434499 0.094399
-0.681718 0.133146 0.178404 -0.856060 -0.658602 -0.182965 0.305387 0.457774 0.345958 -0.006238
0.512005 -0.920627 -0.154987 -0.434808 -0.055126 1.577391 0.717435 0.710507 -0.042809 -0.310613
0.157108 0.778577 0.675793 -0.739976 -0.866913 -0.568939 1.083258 1.378532 -1.218999 -0.668165
-1.068598 -0.409944 -0.318403 -0.597235 -0.605166 -0.525180 -0.393831 0.262769 0.290947 -0.563200
-0.266611 -0.068762 1.255526 0.030281 -1.007404 -1.494964 1.090832 1.852509 0.109394 0.516286
2.484618 0.839165 0.637978 -0.470294 -0.898008 0.151581 0.867472 0.710995 2.762600 0.698696
0.245213 -0.080648 -0.118937 0.043024 -1.348769 -1.290272 -0.610082 0.523865 -0.355819 -0.404234
-0.881940 -0.519237 -0.111010 -0.616099 -0.588732 -0.186998 0.132264 -0.772820 -0.160270 -0.145747
-0.835979 -0.174442 0.707430 1.811382 0.674256 -0.993164 -0.259941 2.213039 1.329435 0.684384
0.870039 1.490010 0.576373 -1.516897 -1.299135 -0.397751 0.675019 -0.399682 0.591187 0.748094
-0.099057 -1.229875 -0.937951 -0.120402 0.102097 -1.373266 -1.262777 -0.391068 -0.724739 -0.037622
-0.505171 -0.503508 0.111569 0.005436 -0.092338 -0.237868 -0.361354 0.065527 -0.530946 -0.660718
-1.242634 -1.576075 -1.440287 -1.187325 -0.428939 -0.526500 -1.842804 -0.757898 -0.161030 0.082049
0.305987 1.102323 1.152275 0.970090 -0.274823 -0.829380 1.050830 1.289596 -1.045789 -1.542394
0.198929 -0.447380 -1.353231 -0.940298 0.092967 -0.355125 -0.155401 -0.457260 -1.007336 -0.191654
-0.041543 0.119664 -0.447072 -0.221182 0.485908 0.078737 -1.248186 -0.857855 1.304924 0.401763
-0.292198 -0.513757 -0.815436 -0.465329 -0.619412 0.227604 -1.048389 -1.173390 -1.404834 -1.316027
-0.967058 -0.604803 0.288152 1.309081 0.915961 0.170835 -0.806331 1.591235 -0.103677 -1.070133
0.165762 -0.182343 -0.866611 -0.988171 -0.838415 -0.893173 -0.823696 -0.695372 -0.900423 -0.819304
-0.555987 0.323429 -0.199454 -1.387757 -0.225194 0.819703 -0.597283 -0.299857 0.609529 0.648703
0.002372 0.004484 0.435687 0.416274 -0.423219 -0.692836 -0.544638 0.018373 0.355817 -1.314036
-1.948783 -1.883853 -0.542833 -1.125098 -1.999975 -0.758475 -2.301814 -0.464665 -0.029961 -0.577456
-0.419492 -0.332812 -0.366180 0.274985 -0.394527 -0.711843 -0.535047 -0.770152 0.240044 -0.212307
-1.307360 -0.036522 0.352928 -0.917203 -0.523636 -0.199625 0.023881 0.049050 -0.057029 -0.535738
0.196928 -0.440847 -0.009951 0.747941 -0.441011 -0.718003 -0.864720 -0.441100 0.474671 -0.569768
-1.355295 -1.342451 -1.485780 -0.748682 -0.160551 -0.682818 -2.138030 -2.954662 -0.718273 -0.106486
0.073532 0.300058 -0.271199 -1.358447 -0.339480 -0.174340 -0.125100 -0.660771 -0.865653 1.163454
-0.988688 -0.568856 0.610369 0.726399 0.215848 -0.624387 -0.406847 -0.116049 -0.329123 -1.465307
-0.401053 0.052500 -0.472406 0.013322 -0.553239 -0.834436 -0.285815 -1.124673 -0.650314 0.251464
-0.369394 -0.549556 -1.051816 -1.870104 -0.655782 0.154974 -1.056162 -1.573288 -1.169842 -1.006691
-0.152705 0.820872 0.911881 -1.087775 -1.219452 -0.663158 -0.203184 -0.378323 -1.534493 0.023379
-0.980641 -0.313115 0.106036 0.395020 0.417727 0.160594 -0.376324 0.314471 1.661009 -0.254603
-1.422316 -0.492910 -0.724627 -0.938403 -1.121295 -2.780366 -1.569838 -0.886128 -0.850868 -0.430876
-0.817266 -0.518028 -0.468771 -0.994909 -1.299127 -0.163304 -1.447359 -1.481152 -0.789379 -1.265081
-1.244124 -0.688904 -0.423961 -0.346295 -1.057099 -1.706410 -1.479400 -1.419895 -1.359151 -0.271034
-0.475580 -0.015224 -0.440735 -0.464784 0.202058 0.535564 -0.850838 -0.563166 1.400039 0.384371
-0.350591 -0.488374 -0.869299 -0.948645 -0.318536 -1.502085 -1.894484 -1.119548 -0.452373 -0.335691
-0.553791 -0.910823 -0.482148 -0.126099 -0.882800 -1.247436 -1.028303 -1.535340 -1.773924 -2.082092
-2.213053 -0.789295 -1.258310 -0.414810 -0.359057 -0.683847 -0.271754 -0.304908 -1.084931 -0.375291
0.239574 -0.831970 -0.649296 0.075848 -0.410558 -1.013337 -0.802750 -0.544900 -0.690339 -0.695637
-0.732028 -0.760328 -1.394050 -0.773306 -0.303582 -0.924098 -0.492261 -0.575466 -1.063207 -0.608165
-0.945267 -0.855903 -0.528777 -0.915347 -1.040941 -1.138655 -0.713075 -0.483342 -1.035326 -1.598756
-0.166517 -0.493820 -0.479407 -0.597825 -0.745183 -0.809200 -0.867829 -0.967461 -1.107874 -0.897847
-0.723679 -2.023178 -1.279220 -1.133318 -1.718125 -1.858713 -1.490227 -1.157500 -1.241840 -1.538767
-1.616123 -1.803356 -1.909646 -1.002963 -1.862764 -1.398846 -1.209244 -1.333207 -1.003332 -1.141569
-1.352596 -1.158820 -1.404005 -1.712726 -1.511711 -1.505706 -1.160938 -1.617428 -1.991356 -1.594318
-0.990453 -1.196236 -1.318455 -1.321650 -1.634741 -1.791932 -1.774966 -1.934869 -1.761901 -1.211817
-0.834910 -1.895781 -1.562783 -1.872328 -1.701064 -1.491958 -0.811478 -0.653572 -0.997237 -1.232239
-1.412932 -1.291650 -1.084134 -0.909972 -1.634059 -0.979081 -1.343668 -0.817377 -0.950193 -0.949815
-0.823547 -1.021020 -1.468466 -1.392315 -1.237017 -0.784911 -0.737591 -1.547077 -1.490809 -0.892302
-1.331860 -1.393417 -1.384027 -1.063256 -1.425025 -1.019071 -0.799305 -1.368916 -1.441350 -0.727897
-0.635234 -1.528354 -1.647382 -1.773649 -0.940245 -0.087454 -0.865764 -1.032559 -1.037350 -1.056091
-1.346625 -0.773895 -1.041419 -1.315893 -0.837943 -1.141016 -1.248231 -1.335106 -0.967634 -0.743611
-0.887341 -1.220777 -1.098821 -1.110384 -1.314198 -1.242681 -1.536984 -1.606132 -1.225846 -1.352770
-1.170571 -1.089419 -0.813708 -1.180191 -1.268521 -0.908446 -1.085828 -1.504896 -1.400563 -0.694933
-0.594552 -1.484541 -1.652883 -1.153428 1.341693 0.833974 -0.915510 -0.943979 -0.735587 -0.935426
-0.871441 -1.436917 -1.351961 -1.228817 -0.513933 -0.786546 -1.136022 -1.400440 -0.825139 -1.268406
-1.159948 -0.793648 -0.921861 -1.017784 -0.903849 -1.032415 -1.318620 -1.146733 -0.973810 -1.193846
-0.822942 -0.691571 -0.693243 -1.015767 -0.901521 -1.125099 -1.238430 -1.325793 -1.257352 -0.597494
-0.334830 -1.434429 -1.360359 -0.749389 -0.295805 -1.378417 -1.093368 -0.737878 -0.971939 -0.685298
-0.786696 -1.469301 -0.583351 -0.614643 -0.505868 -0.700289 -1.112885 -0.904349 -1.387935 -1.247112
-0.786401 -0.817927 -1.164207 -0.996478 -1.055974 -0.730457 -0.618672 -0.877727 -1.068043 -0.769471
-0.928531 -0.920738 -1.027639 -0.842144 -1.102510 -1.368994 -1.011067 -1.405014 -1.206204 -0.630511
-0.408523 -1.815783 -1.629755 -0.941235 -1.018345 -1.044756 -0.749328 -0.967007 -1.067159 -1.199873
-1.132686 -1.269611 0.248722 -0.109944 -0.535226 -1.136792 -0.798997 -0.856252 -0.834111 -0.503074
-0.652249 -0.964207 -1.363562 -1.673306 -1.565377 -0.515657 -0.545224 -0.939813 -1.236934 -0.878214
-1.079634 -0.854202 -1.072247 -0.959911 -1.110216 -1.115826 -0.978332 -1.586136 -1.195568 -0.616604
-0.656577 -1.683928 -1.210313 -0.535355 -0.651106 -0.883684 -1.038963 -1.165167 -0.898480 -1.253560
-1.343657 -0.693428 -0.393349 -1.064045 -1.305536 -1.361399 -0.986403 -0.761561 -0.320863 -0.891219
-0.677930 -0.829930 -1.392774 -1.620866 -0.713596 -0.796511 -1.170547 -1.228842 -0.942754 -1.248195
-1.008990 -0.876647 -1.297210 -0.941244 -0.835189 -0.985980 -1.295666 -1.028726 -0.945653 -0.536045
-0.833281 -1.590172 -1.134122 -0.332426 -0.683914 -0.892182 -0.644626 -0.553539 -0.777056 -1.037040
-1.201965 -0.393537 -0.853424 -0.995781 -1.236099 -1.235062 -1.152860 -0.842654 -0.870496 -0.987722
-0.816229 -1.139540 -1.015209 -1.140104 -0.269151 -0.544360 -0.832751 -1.222946 -0.801115 -0.986454
-0.867581 -1.162543 -1.164577 -0.928413 -1.057340 -1.366010 -1.045971 -0.818230 -1.070658 -0.675248
-0.956257 -1.284309 -1.138396 -0.573820 -1.166835 -1.130814 -0.595766 -0.611436 -1.098121 -0.973660
-0.374191 -0.564696 -0.739497 -0.801066 -1.320550 -1.324297 -1.263283 -1.254500 -1.326123 -0.665710
-1.039228 -1.030442 -1.357645 -0.388550 -0.343414 -1.217379 -1.509443 -0.946254 -1.057687 -0.990414
-0.963916 -1.129957 -1.014150 -0.748152 -1.078093 -1.243853 -0.573604 -0.957563 -1.250557 -0.821534
-0.774865 -1.240802 -0.928217 -0.863912 -1.182492 -0.981282 -0.971447 -0.908903 -1.162537 -1.193308
-0.271972 -0.782673 -0.902683 -1.523363 -1.893533 -1.759549 -1.521645 -1.240473 -0.776441 -0.469380
-1.159247 -1.199438 -1.018200 -0.689672 -1.303833 -1.731901 -1.340966 -1.091400 -1.130618 -1.065717
-1.219533 -1.245680 -0.962588 -0.719238 -1.171225 -0.987106 -0.899968 -1.413503 -1.331629 -0.470499
-0.691993 -1.294023 -0.811580 -0.980746 -1.032014 -1.030542 -1.329521 -1.114496 -1.300705 -0.449695
-0.896886 -0.972185 -1.175951 -1.972428 -2.390012 -2.503283 -1.461532 -1.600045 -0.759048 -0.451966
-0.821908 -1.259888 -0.974310 -1.313239 -1.776132 -1.296833 -0.699393 -1.020931 -0.651850 -1.122452
-1.288998 -1.239724 -0.989269 -1.146163 -1.265334 -1.117135 -0.992365 -1.438686 -1.168022 -0.433461
-0.764232 -1.461358 -0.956091 -0.885080 -0.724509 -1.412668 -1.108905 -0.942352 -1.036597 -0.655410
-0.581762 -0.605886 -0.906334 -0.939953 -2.089288 -0.978574 -0.235185 -0.935816 -1.051595 -1.005334
-1.084017 -1.191337 -1.079237 -1.352661 -1.145881 -0.332840 -0.827009 -1.085757 -0.909334 -0.988311
-0.788282 -1.034611 -1.063686 -1.255083 -1.205238 -0.866491 -1.007314 -1.222644 -1.021985 -0.758298
-0.799187 -1.279942 -1.305622 -0.785591 -0.684623 -1.512213 -0.613752 -0.319870 -0.886018 -1.115025
-0.489394 -0.836417 -1.533434 -1.305505 -3.083966 -2.741814 0.843133 -0.510121 -1.255171 -1.246813
-1.326879 -1.288505 -1.214405 -1.080726 -0.851992 -0.420243 -0.954465 -1.033092 -1.256449 -0.965619
-0.678813 -0.956711 -0.975945 -1.300450 -1.244514 -0.715183 -1.541951 -1.454559 -1.340496 -1.234777
-0.604036 -1.215548 -0.755544 -0.841756 -1.052944 -1.539948 -0.779472 -0.024564 -1.315874 -1.390110
-0.766134 -1.078548 -1.711554 -1.749126 -3.955715 -2.100275 3.981753 -0.138497 -1.983842 -1.550109
-1.348042 -0.937509 -0.994638 -1.140003 -1.156809 -1.317014 -0.915886 -1.193881 -1.200698 -0.933259
-0.962411 -1.068877 -1.095747 -1.230531 -0.677139 -1.049852 -1.931284 -1.259648 -1.226850 -1.104622
-0.702243 -1.721294 -1.022038 -1.014948 -1.045530 -1.254141 -0.390559 -0.610583 -1.116269 -0.786452
-1.108463 -1.111251 -1.299460 -1.438839 -2.652672 0.332261 2.839402 -2.016250 -1.901540 -1.288916
-1.260201 -1.175847 -1.123983 -1.325381 -1.118242 -0.943071 -1.131620 -1.305858 -1.015090 -0.656231
-0.693288 -0.964661 -1.053127 -0.619984 -0.484725 -1.084235 -1.682694 -0.770939 -0.668846 -0.777744
-0.772348 -1.543012 -0.945816 -1.091175 -0.726912 -0.836123 -0.772218 -0.840309 -0.754919 -0.649314
-0.832233 -0.795425 -1.340613 -1.362339 -1.224570 -0.045609 -0.302912 -1.850519 -0.687114 -0.759261
-0.839710 -1.001265 -1.042352 -1.112989 -0.687797 -0.853256 -1.222924 -1.090657 -0.761029 -0.350101
-0.796378 -0.950090 -0.948628 -0.869675 -1.058760 -1.135858 -1.542194 -0.461430 -0.996257 -0.834384
-0.720385 -1.296145 -1.029992 -1.141950 -0.814245 -0.966914 -1.038168 -0.611467 -0.905437 -1.189798
-0.888932 -0.956176 -1.505624 -1.089194 -0.283347 -0.802659 -1.431063 -1.319664 -0.717096 -1.009538
-0.929202 -0.926433 -1.010190 -0.946095 -0.876286 -1.062096 -1.204031 -0.890726 -0.639401 -0.766271
-1.236300 -1.189700 -1.254296 -1.386894 -1.216674 -1.332976 -1.275110 -0.818230 -1.412862 -0.817356
-0.799287 -1.511359 -1.654924 -1.150987 -0.898956 -1.056977 -1.114003 -1.250052 -1.286686 -1.018582
-0.806689 -1.171387 -1.119213 -0.952477 -0.791797 -1.031706 -1.670195 -0.955098 -0.765858 -1.176282
-1.211337 -1.217757 -0.969223 -1.084774 -1.227168 -1.311516 -1.239647 -0.831513 -0.764355 -0.989830
-1.022012 -1.292358 -1.325396 -1.178196 -1.454903 -1.342161 -1.121834 -1.350078 -1.407617 -0.652568
-1.049849 -1.996640 -1.741489 -1.650581 -1.688021 -1.716942 -1.804018 -1.477233 -1.448324 -1.204849
-0.950004 -1.062993 -0.945443 -1.166469 -0.776814 -0.829425 -1.474710 -0.717745 -0.571322 -0.704806
-1.116058 -1.115068 -1.292290 -1.208399 -1.075742 -1.094476 -1.185117 -0.914204 -0.744350 -0.444120
-0.523190 -1.285368 -1.283207 -1.162765 -1.290984 -1.072416 -0.957967 -1.074652 -1.203615 -0.811760
-1.696071 -2.176678 -1.918804 -2.066536 -1.627943 -1.855963 -1.182469 -1.012067 -1.490363 -1.614887
-0.942037 -0.817038 -1.051139 -1.000475 -0.872685 -1.176952 -1.277788 -0.819046 -0.715033 -1.133229
-0.852942 -0.897834 -1.198373 -1.126341 -1.127955 -1.315746 -1.185466 -1.100025 -1.002710 -0.634975
-1.121356 -1.443306 -1.000275 -1.023826 -0.926572 -1.121553 -1.035580 -1.170364 -1.191216 -0.655108
-1.845118 -2.150906 -2.052747 -1.741717 -0.258141 0.118296 -0.678674 -1.092234 -1.365066 -1.251018
-1.485333 -1.147624 -1.055042 -0.851768 -0.655633 -1.247109 -1.099122 -1.151713 -0.963689 -0.930879
-1.134397 -1.331670 -1.193505 -1.278681 -1.201311 -1.446215 -1.095749 -1.123966 -1.353938 -1.339440
-1.785843 -1.215558 -0.735961 -1.313257 -1.211289 -1.043007 -0.941780 -1.531259 -1.895437 -0.852326
-2.094884 -0.988695 -1.589148 -0.301531 0.386243 -1.218875 -3.201732 -1.728032 -1.832141 -1.929248
-1.989219 -1.343115 -1.325254 -0.856103 -0.970058 -1.483004 -1.470673 -0.683300 -0.819546 -1.058834
-1.273856 -1.377041 -1.385037 -1.304652 -1.256787 -1.319233 -1.046661 -1.137881 -1.340617 -1.464529
-1.156020 -0.779968 -0.875847 -1.292190 -1.162457 -1.153202 -1.543308 -1.944285 -1.920267 -0.296555
-1.253330 -0.086605 0.234995 0.644218 -1.165032 -2.358322 -2.132929 -1.412396 0.530647 -0.668205
-1.300469 -1.209224 -1.619035 -1.078882 -1.289393 -1.460976 -1.136093 -0.857074 -1.564000 -1.159849
-1.037593 -1.179292 -1.338937 -1.199030 -1.407163 -1.374873 -1.114390 -1.312255 -1.350132 -1.068868
-0.787041 -0.861980 -1.201402 -1.438590 -1.471071 -1.481435 -1.782405 -1.749334 -1.140946 -1.200446
-0.979675 1.252061 -0.215448 -1.831422 -1.833014 -2.474211 -1.336336 -0.942084 -0.250639 -0.995628
-0.470214 -1.284751 -1.732025 -1.538788 -1.446442 -1.369838 -1.071916 -1.346229 -1.601060 -1.013851
-0.777846 -0.868794 -1.265836 -1.371535 -1.145300 -0.802879 -0.915816 -1.157606 -1.091752 -1.002706
-1.276230 -1.496435 -1.491913 -1.510031 -1.856722 -1.890438 -1.504992 -1.761445 -0.534689 -1.181790
-0.777451 1.050909 -0.973539 -1.318724 -0.379290 -1.448951 -0.400812 -1.350209 -0.587658 -0.778094
-0.557096 -1.652522 -1.563149 -1.256352 -1.125227 -1.012259 -1.352608 -1.410489 -1.082713 -1.078095
-1.019943 -1.020052 -1.410109 -1.610489 -1.179035 -0.947858 -1.154360 -1.251982 -1.136679 -1.295241
-1.693328 -1.757996 -1.883287 -1.623372 -1.279688 -1.888556 -2.327565 -0.873905 -1.382761 -1.569696
-0.930748 -0.428599 -1.120733 -1.043633 0.754367 0.505156 -0.860379 -1.233980 -0.454247 -0.914722
0.779154 -1.126868 -1.599807 -0.887745 -0.940297 -1.124368 -1.691132 -1.518181 -1.226575 -0.879643
-1.420955 -1.603249 -1.420834 -1.351182 -0.766905 -0.936783 -0.917441 -1.211583 -1.493649 -1.911626
-1.786056 -1.860314 -2.384311 -2.018781 -1.662834 -1.703516 -0.425567 0.706786 -2.758790 -0.552070
-0.563292 -1.658718 -1.290049 -1.372100 0.463701 0.469677 -0.737624 -0.304910 0.353475 -0.661245
0.580049 -0.437355 -2.612204 -1.636473 -1.169560 -1.953012 -2.598365 -1.892711 -1.700064 -1.668261
-2.557527 -2.581143 -2.161344 -2.004917 -1.503964 -1.567676 -1.408356 -1.344682 -1.823705 -1.933709
-2.097911 -1.684691 -3.375718 -2.065705 -0.455825 -1.364614 -0.248120 -0.852093 -0.948740 1.476209
-1.424530 -1.012628 -0.316437 -3.297610 -1.159834 -0.559658 1.152911 -0.297886 0.727934 -1.829095
0.536408 -0.403773 -2.433816 -1.505858 -1.190519 -2.240745 -2.856534 -1.863693 -2.896204 -1.471438
-2.530217 -2.287777 -2.000298 -1.530501 -1.478361 -1.805833 -1.798057 -2.278629 -2.793521 -2.696208
-2.073351 -0.933483 -2.141057 -0.213896 0.183340 -0.216406 -1.354413 -2.438985 0.125910 1.637298
-0.959017 -0.134962 -0.923810 -1.014707 -1.055312 0.668313 0.834375 1.604508 -0.024146 0.372661
1.394023 -0.881922 -2.291068 -1.724451 -1.371165 -2.725166 -2.492289 -2.859425 -1.461781 -0.060930
-1.974880 -1.864440 -2.581369 -2.300917 -0.826705 -0.929913 -1.491726 -3.427052 -2.391622 -1.637599
-0.458608 0.365040 -2.112115 -1.871303 -0.255343 -0.452031 1.093294 -0.903477 -0.705046 -0.174047
0.019998 0.043566 -0.682178 0.622049 -2.216416 -2.018444 1.145718 1.701780 -1.883453 0.418664
1.118016 -0.703439 -2.595339 -2.712646 -1.952021 -3.070167 -1.696795 -1.969298 0.337029 -0.495677
-2.551865 -0.728425 -1.088206 -1.334108 -0.784722 -1.979415 -1.923717 -2.165082 -1.234457 -0.294619
0.784599 -0.869897 -0.539828 -0.674044 0.590336 -0.747141 0.930947 -1.253365 -2.453168 -1.362644
-1.039933 -1.403074 -0.236914 -1.218157 -1.249378 -0.883204 -0.714002 -0.902966 -0.856507 0.193605
0.274164 0.674145 -0.196326 -1.182815 -0.567425 -1.552418 -0.486608 -0.664318 0.207517 -1.174477
-1.137932 -1.036031 -1.764553 -2.281981 -0.842932 -0.613525 -2.204641 -0.785650 -0.056446 -0.828034
1.255694 -0.457464 -0.216429 0.454215 -0.706145 -1.019054 1.596869 -2.314413 -1.967834 -0.554258
-1.350583 -0.353186 -0.771756 -0.664612 -1.217101 -1.463985 -0.563682 -0.676540 -0.328718 1.331179
-0.762499 0.043533 -1.479529 0.021110 -1.406044 -1.503481 -2.115812 -3.467434 0.407782 0.814386
-0.071616 -2.731177 -1.897420 -1.419089 1.360157 -0.116690 -0.400929 0.470738 -1.852589 -0.657276
0.872659 -1.244937 -1.460189 0.571667 -1.422841 0.185038 -0.363622 -1.272699 -1.826694 -0.595157
-0.491467 -0.538971 0.718981 -0.252148 -2.271274 -2.322342 -2.160222 0.186438 1.077775 -0.624923
-0.975422 -1.918903 -2.271825 -0.253999 -2.410580 0.596253 -1.427643 -2.522738 -0.271912 1.308773
-1.185935 -1.252840 -1.217631 0.831414 1.680073 0.138084 2.165517 -1.123077 -2.496587 -0.411398
-0.539507 -2.700945 -0.743102 0.913342 -2.268545 -1.253679 -0.891572 -1.353742 -2.184550 -0.123434
-0.074180 0.288731 -0.673979 -2.235322 -1.110096 -1.369691 -1.599985 -1.249617 0.088336 -0.820348
-1.516675 -1.385315 -0.516273 -0.592313 -2.040545 -1.184599 -1.547792 2.128408 0.942616 -1.165540
-2.267559 1.249643 0.204093 -1.201184 -2.605734 0.913078 1.102034 -1.074634 -0.358959 -0.466328
-1.041525 -1.366363 1.195918 -0.527822 -1.124635 -0.720029 -0.637080 -1.125989 -1.990522 -0.927703
-0.119108 -1.681743 -2.029625 -1.445899 0.021883 -0.892928 -0.686237 -1.592060 -1.612361 -1.842578
-1.565699 -0.878402 0.689585 0.037737 -2.645768 -2.628152 -0.080320 1.362676 -1.229085 -1.937931
-1.706803 0.830909 -0.403228 -1.792967 -3.956372 0.860241 -2.457646 -0.830906 -2.004643 -0.095029
-1.028161 -0.670448 -0.638420 -0.892738 -1.106562 -0.143986 -0.899035 -2.240442 -1.878270 -0.544545
-1.153875 -1.652294 -0.659541 0.082404 0.969313 -1.164164 -1.760064 -1.529852 -1.659118 -1.134734
-1.229126 -0.907775 -0.565752 -1.666518 -2.367995 -1.083265 0.031850 -0.625167 -0.053662 -0.462937
-2.020524 -0.895861 -2.157379 -2.335056 -0.198785 -0.896914 -2.208473 -1.280475 -3.046736 -1.382321
-2.005751 -0.959551 -1.624122 -2.564547 -1.506255 0.973940 -0.463842 -1.268336 0.226125 -0.938003
-0.926134 -0.167360 -0.741823 -1.263972 -0.153136 -1.517229 -2.772956 -0.787211 -1.137935 0.116858
-1.655825 -1.815142 -1.744804 -3.002367 -2.627810 -0.964197 -1.213712 -1.711458 -0.992876 -1.398055
-2.193724 -2.235492 -2.476577 -1.535446 0.825156 -0.972752 -0.090186 -0.255251 -0.030642 -1.353901
-0.286733 -0.060100 -0.678211 0.319495 0.581573 -0.390955 -1.534928 -0.285217 0.065422 -0.753228
-0.721576 -0.271572 -1.473077 -1.162493 -0.637774 -0.279340 -2.584409 -1.684864 -1.024481 0.567801
-2.223417 -2.261914 -1.646459 -1.213333 -1.882719 -2.048786 -1.799040 -0.982024 -1.563898 -1.413290
-0.969816 -0.395255 0.151319 0.837523 0.918987 -1.035820 -0.660887 -1.054297 -0.148585 -1.741613
1.070912 0.498505 -0.881323 0.003357 -0.500653 -0.255684 -0.817415 -0.169722 -1.949018 -0.513684
-0.692701 -2.196209 -1.870175 -1.538424 -1.583916 -1.534623 -1.812038 -0.614590 0.752401 -2.233630
-1.696950 -1.627745 -1.721120 -1.708800 -0.096765 0.007408 -0.859273 -1.463477 -1.782660 -0.884147
-0.925812 -0.488724 -0.871004 -1.501284 -1.357902 -1.925877 -2.472919 -1.353180 -1.499468 -1.757262
-0.029143 -1.908091 -2.406053 -1.781829 -0.999669 -1.165286 -1.182853 -1.995308 -1.884945 -0.956643
0.327993 0.328853 0.313559 0.115737 0.207452 0.152126 0.252481 0.289281 0.214101 0.233741
0.271105 0.370527 0.420125 0.468767 0.333085 0.354791 0.360202 0.272112 0.401631 0.309522
0.367145 0.392292 0.347054 0.364547 0.379886 0.449094 0.453202 0.352832 0.337916 0.430790
0.267973 0.323845 0.301001 0.267405 0.276091 0.223295 0.334555 0.358832 0.387418 0.731686
0.686130 0.307718 -0.022065 -0.167706 -0.087274 0.040829 -0.026716 0.045986 0.080129 -0.064092
-0.089850 0.059842 0.240708 0.310430 0.339755 0.231086 0.193899 0.192309 0.181559 0.136667
0.162097 0.118433 0.112206 0.136786 0.126797 0.188249 0.073836 0.073239 0.207564 0.271818
0.094422 0.133006 0.159463 -0.001432 0.134907 0.060308 0.128265 0.066336 0.198761 0.584062
0.823585 0.558680 0.224940 0.287223 0.444266 0.741134 0.267449 0.203834 0.355949 0.315966
0.277200 0.305363 0.527047 0.447912 0.648646 0.594576 0.483102 0.358465 0.339940 0.349887
0.283510 0.235727 0.408771 0.355857 0.322444 0.318088 0.311751 0.329830 0.324062 0.427661
0.438618 0.371801 0.389320 0.319108 0.452183 0.397658 0.401040 0.362551 0.460069 0.719724
0.864836 0.619440 0.346148 0.463737 0.538660 0.774161 0.364351 0.238535 0.278076 0.396642
0.360794 0.293395 0.633932 0.469214 0.427779 0.597555 0.611838 0.630352 0.376563 0.351307
0.321805 0.251318 0.308175 0.401940 0.325210 0.241650 0.335943 0.439571 0.283844 0.231205
0.317849 0.445532 0.395242 0.439462 0.431714 0.303905 0.287565 0.407391 0.540896 0.644037
0.826234 0.692102 0.538716 0.413917 -0.032057 0.387698 0.385385 0.294567 0.349416 0.550065
0.513738 0.362423 0.472252 0.472767 0.395207 0.472969 0.487237 0.561959 0.450165 0.424933
0.363658 0.311527 0.223101 0.194591 0.350618 0.400316 0.519776 0.398370 0.359414 0.337924
0.221706 0.294999 0.376350 0.474497 0.446458 0.345901 0.304812 0.407254 0.592717 0.651900
0.750712 0.675621 0.669514 0.452604 -0.082147 0.083338 0.464304 0.411721 0.381843 0.387576
0.414602 0.558053 0.372481 0.428837 0.236274 0.411588 0.492154 0.507788 0.588955 0.547280
0.489234 0.368379 0.284783 0.136155 0.332079 0.397766 0.505091 0.341132 0.324564 0.480602
0.450370 0.261757 0.309963 0.326608 0.354713 0.389609 0.449000 0.462341 0.579854 0.690141
0.731366 0.573166 0.540890 0.442381 0.321985 0.242063 0.226285 0.442414 0.389461 0.203071
0.407147 0.787483 0.455694 0.505896 0.271444 0.276173 0.362332 0.431848 0.582201 0.480660
0.385738 0.370767 0.426077 0.440874 0.415374 0.191111 0.251623 0.367343 0.338412 0.387967
0.499552 0.353540 0.349882 0.338725 0.382428 0.254142 0.409750 0.556239 0.634209 0.723270
0.706264 0.595350 0.502509 0.447483 0.327480 0.349277 0.233360 0.273650 0.369244 0.235838
0.504934 0.612028 0.346127 0.341514 0.424518 0.352897 0.338913 0.320379 0.498078 0.382236
0.211187 0.354468 0.435135 0.622453 0.530450 0.386676 0.232410 0.416607 0.454832 0.355462
0.358279 0.408476 0.383318 0.283739 0.404946 0.305114 0.378888 0.459298 0.549734 0.653323
0.856395 0.760646 0.352516 0.249650 0.301766 0.347769 0.405711 0.331769 0.360135 0.376164
0.444148 0.372902 0.386219 0.421097 0.522782 0.527492 0.430168 0.236723 0.369231 0.474072
0.335887 0.390116 0.453889 0.499162 0.337100 0.262364 0.314715 0.433319 0.418490 0.380339
0.280121 0.406146 0.418072 0.272877 0.300421 0.430588 0.419309 0.401654 0.516999 0.672720
1.002535 0.933481 0.498421 0.194462 0.375000 0.317785 0.233595 0.279071 0.325274 0.444274
0.412240 0.416372 0.410751 0.555050 0.544891 0.533926 0.518120 0.386205 0.411154 0.464999
0.406894 0.369494 0.469227 0.360570 0.320039 0.267435 0.400384 0.382063 0.389885 0.371701
0.299780 0.372815 0.370685 0.287067 0.417097 0.438543 0.277855 0.339515 0.530589 0.712211
0.881138 0.724719 0.483264 0.350918 0.490265 0.454604 0.287566 0.325127 0.468163 0.421172
0.255765 0.318628 0.327669 0.468910 0.583734 0.656037 0.824326 0.800904 0.606589 0.514262
0.429153 0.407984 0.463914 0.269341 0.248177 0.392541 0.454132 0.413413 0.420244 0.489116
0.392969 0.455920 0.334086 0.230719 0.388528 0.405585 0.245118 0.313476 0.477022 0.683272
0.894365 0.655604 0.410550 0.434448 0.483547 0.487590 0.563496 0.510130 0.588215 0.389134
0.283616 0.288781 0.169702 0.027429 0.319150 1.132761 1.565761 1.039767 0.465096 0.327910
0.389636 0.433385 0.327502 0.332472 0.352776 0.626399 0.501162 0.282486 0.371600 0.594765
0.518873 0.539613 0.409374 0.284845 0.343631 0.382494 0.356074 0.572974 0.555156 0.712726
0.911436 0.703499 0.387372 0.495339 0.461344 0.407329 0.575615 0.513446 0.463708 0.372026
0.346158 0.372973 0.143962 0.131442 0.279645 0.764923 1.603511 1.225332 0.456881 0.222336
0.247720 0.339240 0.290476 0.342852 0.241455 0.425809 0.566355 0.287088 0.357440 0.463987
0.464571 0.478858 0.445336 0.381645 0.392951 0.359759 0.327966 0.623573 0.641266 0.789034
0.890217 0.730164 0.401612 0.236915 0.357971 0.232230 0.422385 0.599388 0.553066 0.439055
0.422456 0.538957 0.471431 1.076056 1.059905 0.489454 0.460033 1.251357 0.718295 0.418080
0.359886 0.381166 0.359060 0.466736 0.340947 0.110638 0.348149 0.314992 0.393177 0.407219
0.351427 0.452948 0.451261 0.518143 0.459062 0.397748 0.432288 0.649296 0.787996 0.934565
0.841097 0.712008 0.493707 0.191052 0.287706 0.402390 0.144137 0.459877 0.701723 0.533950
0.385288 0.574256 0.695478 0.902210 0.782989 0.828755 0.611151 1.225975 0.948650 0.538147
0.368455 0.356377 0.372438 0.415907 0.435634 0.282497 0.313358 0.371614 0.392276 0.474427
0.307528 0.317737 0.372505 0.548592 0.443700 0.370883 0.464987 0.713040 0.851459 1.039254
0.890835 0.639286 0.388521 0.329124 0.382124 0.460821 0.191985 0.223096 0.492578 0.449639
0.313775 0.385493 0.635100 0.567289 0.001412 -0.692335 -0.778388 0.412228 0.824282 0.758762
0.485661 0.285381 0.377430 0.458186 0.350380 0.348387 0.333420 0.497673 0.456290 0.481829
0.430303 0.386308 0.334867 0.314534 0.400772 0.362761 0.520619 0.589725 0.592459 0.865568
0.874937 0.765366 0.427707 0.335542 0.383384 0.328259 0.206931 0.312548 0.367878 0.372110
0.392096 0.284145 0.373292 0.366128 0.211231 -0.075126 -0.235486 0.306008 0.302558 0.485209
0.398242 0.315670 0.322681 0.389646 0.322574 0.333582 0.441272 0.652028 0.637927 0.452577
0.468281 0.365853 0.313877 0.212406 0.296050 0.304832 0.490510 0.434853 0.423318 0.709993
0.802582 0.545417 0.439391 0.337919 0.347367 0.347259 0.213278 0.249670 0.350222 0.500855
0.470485 0.349464 0.271930 0.258270 0.243012 0.287005 0.318909 0.539594 0.395802 0.235549
0.278827 0.401107 0.394341 0.375743 0.314670 0.283285 0.455637 0.541004 0.443172 0.421071
0.446711 0.426765 0.336474 0.345368 0.297891 0.371097 0.460092 0.338980 0.468796 0.690243
0.924068 0.709575 0.560547 0.454048 0.553416 0.497372 0.324051 0.220235 0.344046 0.512478
0.464006 0.399253 0.434468 0.396359 0.299128 0.299631 0.424886 0.405270 0.508041 0.413859
0.373872 0.389856 0.340818 0.413914 0.437073 0.426459 0.327341 0.295724 0.269111 0.266023
0.378024 0.433892 0.353853 0.443630 0.417270 0.418002 0.479532 0.440592 0.579729 0.681004
0.848136 0.922970 0.792606 0.581965 0.594153 0.741314 0.846102 0.562833 0.495700 0.464604
0.387752 0.320113 0.408013 0.430738 0.222740 0.287807 0.486185 0.350850 0.335839 0.371961
0.406755 0.406736 0.319994 0.369471 0.384960 0.454716 0.316403 0.175916 0.239190 0.248266
0.262612 0.386311 0.287607 0.403901 0.432535 0.419205 0.464740 0.441632 0.655466 0.686823
0.752384 1.114643 0.788613 0.535291 0.388049 0.216813 0.650121 0.699888 0.918971 0.507733
0.307543 0.289519 0.331037 0.425659 0.244832 0.285993 0.421128 0.342338 0.357789 0.293045
0.247392 0.395346 0.389148 0.380384 0.332586 0.386242 0.431697 0.351411 0.337950 0.204728
0.168899 0.375665 0.322764 0.247784 0.371279 0.415645 0.191001 0.221033 0.490467 0.692047
0.873916 0.867469 0.858315 0.331207 0.384218 0.069566 0.120419 0.276214 0.822600 1.080190
0.615891 0.536017 0.363787 0.378505 0.259360 0.307152 0.437341 0.422323 0.596590 0.567245
0.291057 0.346825 0.466156 0.411993 0.355388 0.401349 0.428446 0.512049 0.417517 0.290353
0.363251 0.385422 0.383124 0.266017 0.219301 0.369371 0.314163 0.273762 0.302227 0.646085
1.539524 1.402895 1.654281 0.892194 0.791563 0.583125 0.744198 1.048479 0.925169 1.542179
1.192489 0.833752 0.537233 0.396176 0.344477 0.370801 0.437336 0.227334 0.368832 0.502009
0.528924 0.441945 0.536018 0.482273 0.447517 0.466204 0.362803 0.448320 0.404128 0.384417
0.418283 0.332737 0.275335 0.317019 0.263901 0.286079 0.322286 0.508592 0.563515 0.468988
1.235551 0.998524 1.578890 1.316140 0.563888 1.152074 1.737288 1.850641 1.377389 1.196508
1.623421 1.027511 0.461254 0.431405 0.455108 0.550773 0.458446 0.281244 0.323872 0.308711
0.539360 0.464229 0.419956 0.400946 0.401058 0.429706 0.394500 0.357130 0.377352 0.347143
0.406572 0.334977 0.284609 0.284392 0.309727 0.432582 0.289990 0.241384 0.459457 0.625960
1.105382 0.929773 1.082041 1.514765 0.708781 1.437397 1.040067 1.269627 1.433908 1.272558
1.127620 1.286055 0.671012 0.522743 0.514618 0.611551 0.414271 0.387259 0.454684 0.314245
0.522526 0.466627 0.324416 0.332944 0.400876 0.357520 0.362496 0.371454 0.480652 0.452923
0.407212 0.272665 0.387007 0.434597 0.344029 0.187942 0.400285 0.399740 0.895490 1.269118
0.643437 0.103008 -0.011371 0.293772 0.617125 1.219517 1.076567 1.459181 1.226820 1.305583
1.112604 1.232408 0.992239 0.729152 0.494167 0.354263 0.298066 0.294345 0.299717 0.047470
0.230020 0.307246 0.359239 0.366873 0.273015 0.277827 0.328270 0.287628 0.282923 0.445664
0.495805 0.247529 0.373596 0.500799 0.575765 0.247805 0.549865 0.833444 1.158464 0.987351
0.549887 0.225754 0.360560 -0.296953 0.038822 0.655065 1.078309 1.357500 1.369686 1.104694
1.087423 1.136550 0.852941 0.520219 0.408837 0.373466 0.304482 0.240435 0.253761 0.149736
0.039579 -0.065651 0.079058 0.222553 0.211084 0.224831 0.295811 0.311576 0.233973 0.259049
0.134959 -0.099665 -0.263678 0.321489 0.841774 0.798421 0.487224 0.288668 1.164126 1.084858
0.820227 1.052143 1.274862 0.548173 0.466614 0.541737 1.119228 0.453233 0.630226 1.278926
1.450063 0.978950 1.112487 0.576749 0.428886 0.325937 0.279772 0.072220 0.383248 0.808054
0.428844 0.257809 0.247400 0.286696 0.323400 0.408914 0.206283 0.233706 0.245216 0.063343
0.227211 0.566113 0.260221 -0.100029 0.476088 0.956927 0.848250 0.543046 0.649474 0.793068
1.058278 0.809908 1.273067 0.526056 -0.469349 -0.223853 0.430922 0.581743 0.698829 2.011004
2.215930 1.200533 1.706784 0.764628 0.670680 0.588098 1.026043 0.933807 1.155998 0.931271
0.635508 0.305293 0.108370 0.098113 0.537566 0.975948 0.344193 0.025365 0.475205 0.948471
1.800833 0.393155 0.490308 0.197021 0.646448 1.088604 0.439902 0.551032 -0.126400 0.317279
0.724101 0.280880 0.851912 1.289598 0.183817 -0.628633 0.091671 0.692773 0.461587 1.022364
1.391926 0.823708 1.516889 0.513769 0.525885 0.542624 1.173288 1.164048 1.318466 0.361608
0.633676 1.306947 1.146260 1.297293 1.230228 0.962628 0.996162 0.799612 1.184597 1.845631
1.574374 0.115305 0.792713 0.526064 1.021080 1.289624 0.522463 0.215942 -0.144493 0.607507
0.775512 0.773649 0.303610 0.723615 1.364239 0.394640 -0.225130 0.398830 0.449338 0.538462
1.538812 1.166754 1.988129 1.099369 1.268214 1.389412 1.447877 1.448462 1.225793 1.048622
1.098737 1.677832 1.312156 1.006501 1.335333 1.536414 1.736334 1.813013 1.126721 1.356977
0.909995 0.786067 0.612143 0.044234 0.501813 1.078673 0.344841 0.920291 0.441566 0.723807
0.637562 0.571069 0.022391 0.286531 1.002414 0.878228 0.103596 0.574852 0.920957 0.623489
0.928343 0.923135 1.610638 0.993277 0.837102 1.308604 1.485470 1.294375 1.268197 1.408656
1.622555 1.127131 0.702102 0.567997 1.311132 1.240916 1.439188 1.881502 1.184441 0.498421
0.286531 1.201885 0.673432 0.597772 0.319110 0.447484 0.225888 0.787044 0.855344 0.812875
0.913777 0.921332 0.591717 0.529869 0.559176 0.604960 0.586001 0.595778 0.195534 0.684041
0.578446 0.635125 1.240038 0.495988 0.641524 0.931638 1.699311 1.067075 0.675014 0.985881
1.573864 0.874932 0.309352 0.320195 0.859946 1.376999 1.202224 1.204461 1.351236 0.600272
-0.314204 0.322258 0.854777 1.138629 0.671683 0.246151 0.464347 0.639074 0.521412 0.706451
0.942826 1.101440 0.552336 0.560739 0.825105 1.109171 0.794856 0.436675 -0.170743 0.315674
0.282768 -0.026593 0.049743 -0.371727 0.097254 -0.142622 0.742441 0.573640 0.067896 0.252057
1.442345 1.082436 0.856334 0.220559 0.693190 1.149625 1.116769 0.660067 0.451007 0.053312
0.027902 0.423160 -0.389763 0.460638 0.942302 0.727679 0.527512 0.488984 0.267536 0.750010
1.085236 0.897545 0.177238 0.459359 0.679814 0.900998 0.916523 0.554884 0.315833 0.761576
0.462655 0.515454 0.281844 -0.013873 0.547405 0.455492 -0.028582 -0.060089 -0.053924 -0.014742
0.221712 0.752198 1.477655 0.741609 0.435768 0.835496 0.940895 0.786976 0.513479 0.730813
0.640346 0.130524 -1.066637 -0.312996 1.017086 1.115896 0.926088 0.947352 0.625853 0.814870
1.257856 0.763823 0.249846 0.653989 1.003005 0.789280 0.707661 1.035432 0.838637 1.199702
1.029897 0.526491 0.145513 0.265510 0.837190 0.426393 -0.164867 -0.245485 0.316339 0.223931
-0.801209 -0.535520 0.332142 1.104030 0.284730 -0.232349 0.401593 0.860260 0.744788 1.018864
0.911180 0.558933 0.398021 0.632723 1.039086 1.014047 0.886043 1.084040 1.598789 0.757762
0.881549 1.194988 0.675191 0.409536 0.732164 0.761100 0.449262 0.740222 0.698265 1.920903
1.484717 0.765236 0.364330 0.470095 0.794184 0.401468 0.111470 -0.066791 0.525298 0.670481
0.142098 -0.123728 -0.020952 0.642892 0.611808 -0.081800 0.245115 0.598088 0.936826 0.834107
1.188756 0.719678 0.135973 0.383731 0.169365 0.747603 1.080054 0.870519 1.963959 1.076164
0.949165 1.209995 0.598695 0.178434 0.378361 0.960345 0.694964 0.575448 0.335617 1.597339
1.295726 1.010653 0.781117 0.869539 0.873720 0.890569 1.024814 0.560577 0.112779 0.429174
0.446063 0.222128 0.097236 0.168630 0.352714 0.546467 0.305290 0.195171 0.723018 1.130379
1.425950 1.083687 0.280387 -0.756080 -0.574653 0.403400 0.874274 0.584916 0.958898 0.853180
0.854298 0.885195 0.858256 0.840872 0.311985 0.815249 1.390669 1.573216 0.869081 0.990138
1.333578 1.059080 0.829445 0.723489 0.317493 0.484762 0.918803 0.914871 0.527858 0.366066
0.468201 0.790551 0.261648 -0.002705 0.092038 0.230924 0.198037 0.197360 0.005208 0.478276
0.650145 0.849708 0.553211 -0.929673 -0.909429 -0.275051 0.059288 -0.336483 -0.299587 0.235418
0.699597 0.938035 1.089088 1.012732 0.387922 0.556459 1.417574 1.377140 0.818681 0.566773
1.233779 0.739933 0.333599 0.561988 -0.081612 -0.505447 -0.137699 0.686171 1.075388 0.925645
0.521163 0.700062 0.492690 0.073770 -0.341446 -0.024034 0.096524 -0.262009 -0.575867 -0.248444
-0.235241 0.472170 0.552533 -0.078695 0.029248 0.220595 0.351375 0.409732 0.449717 0.709652

