-0.412677 -0.513194 -0.495731 0.029422 -0.238536 -0.256554 -0.347701 -0.414120 -0.369710 -0.347263
-0.322873 -0.306500 -0.297440 -0.369241 -0.429901 -0.508654 -0.477757 -0.451989 -0.468856 -0.577587
-0.730737 -0.349508 -0.064823 0.054524 -0.508544 -0.652443 -0.637183 -0.521735 -0.486921 -0.532269
-0.489298 -0.522526 -0.558504 -0.573238 -0.611709 -0.556958 -0.787127 -0.439629 -0.669219 -0.404692
-0.786421 -0.409992 -0.095507 -0.365797 -0.908424 -0.618167 -0.897595 -0.875468 -0.798283 -0.746890
-0.827291 -0.709659 -0.553125 -0.733673 -0.642440 -0.777853 -1.536261 0.024984 -0.847583 -0.367079
-0.757932 -0.518857 -0.343834 -0.538671 -0.730164 -0.831605 -1.175287 -1.013606 -0.756912 -0.761191
-1.028996 -0.885546 -0.605734 -0.784193 -0.645434 -0.894610 -1.415368 1.169672 -1.100543 -0.489525
-0.778585 -1.178394 -0.535842 -0.599078 -1.024170 -0.922751 0.329321 1.180252 0.685327 0.538485
0.030056 0.033429 -0.310448 -0.135611 -0.137453 -0.428445 0.451634 2.325067 -1.216572 -0.472642
-0.761326 -1.005438 0.982612 0.212088 -0.622965 0.915384 1.112718 1.501174 0.212909 -0.470507
-0.357572 -0.267244 -0.591645 -0.374008 -0.260207 -0.467650 1.726819 2.192851 -2.032657 -0.505524
-0.684466 -0.046184 1.340935 -0.588786 -1.590371 0.795270 -0.259276 -1.264179 -0.179255 1.030586
0.092393 0.307973 0.510186 0.535162 -0.480781 -0.937016 1.084804 1.610005 -2.631542 -0.761144
-0.877622 -0.279226 0.635001 -1.956696 -0.336955 -0.375209 -0.195859 -1.565867 0.417653 1.303814
0.594707 -0.179987 0.564410 0.392377 -0.524402 -0.649619 1.517625 2.780694 -1.770835 -0.507093
-0.873240 -0.495849 1.366929 -1.813764 1.578358 3.098376 0.010607 0.523807 0.305163 0.579890
-0.055487 0.317945 0.735134 0.170071 -0.755325 0.256164 3.038668 3.228154 -1.909315 -0.825251
-0.722386 1.067605 1.210439 -1.122801 2.499125 3.380697 0.338863 -1.069564 0.871069 0.275785
0.046384 0.362864 0.077741 -0.991399 -1.213536 -0.080861 2.603082 2.323452 -2.918018 -0.856176
-0.179244 2.253338 -0.245765 -1.245716 0.577544 0.457584 -0.646019 -0.240047 -0.366906 -0.088122
-0.131741 -0.081771 -0.144803 -0.799263 -0.837452 0.576523 3.310405 2.863505 -1.845096 -0.860030
0.852746 2.315923 1.135574 1.028957 0.922057 -0.564601 0.103397 -0.047916 -0.669450 -0.880241
-0.384394 -0.254043 -0.425544 -0.607240 -0.274607 1.193320 3.875803 1.570697 -2.067002 -0.791760
0.943887 1.583145 0.988235 0.588486 0.446663 0.190506 -0.175379 -0.303958 -0.807602 -0.799484
-0.769709 -0.382319 0.068095 -0.107584 -0.035965 1.483667 2.367244 1.011448 -1.695192 -0.983310
0.217181 0.903876 0.814181 0.530517 0.055635 -0.495845 -1.562135 -1.880197 -1.279431 -1.306463
-1.652842 -1.249974 -1.210822 -1.694542 -1.120675 0.308052 0.508072 0.343690 -0.973755 -0.817827
-0.258195 0.039183 0.740800 -0.455299 -0.370598 -0.492401 -0.833368 0.332044 1.093010 0.989187
0.933488 1.153845 1.062488 0.844775 1.892865 2.236337 1.562411 1.655138 -0.452329 -1.150774
-0.447574 0.000501 1.116181 1.543721 1.703122 1.534307 2.216738 2.034485 2.052620 1.056967
1.240020 1.199732 1.176558 1.909763 1.905723 1.452203 0.731702 0.952285 -0.630930 -1.021442
-0.290340 1.902012 1.641942 1.507473 1.505724 0.521657 0.343098 0.124221 -0.180662 0.388775
0.582787 1.153875 1.115975 1.185727 0.452140 -0.025455 0.024235 0.734269 -0.800650 -1.172801
0.238521 1.279285 0.266485 -0.913072 -0.391574 0.188165 -0.107355 -0.249447 0.099130 0.207454
0.376628 0.308131 0.652044 -0.030129 -0.484253 -0.342384 0.804070 1.611194 -0.277634 -0.570355
0.804765 -0.609867 -0.883127 -0.718706 -0.487776 -0.246024 -0.450802 -0.728189 -0.599049 -0.461301
-0.331820 -0.513710 -0.437534 -0.430829 -0.766504 -0.506989 0.708576 1.039634 -0.591784 -0.793495
0.584709 -0.126798 -1.091444 -0.803448 -0.864892 -0.918348 -0.921626 -0.921217 -0.922016 -0.923766
-0.919394 -0.898291 -0.841157 -0.833854 -0.962221 -0.986116 -0.476801 -0.299981 -0.806991 -0.711980
0.180988 0.450536 0.749908 -0.221053 0.105520 0.416206 0.427008 0.261465 0.710882 0.823346
-0.312768 -0.653800 0.157379 1.061146 -0.101328 -0.440590 0.690929 0.561591 -0.520753 -0.917782
0.112882 0.490333 -0.214578 -0.258580 0.240349 0.501379 0.427380 -0.056898 0.092007 -0.283473
-0.275439 0.030531 1.525267 0.513991 -1.577149 -0.150348 -0.289942 -0.855379 -1.118099 -0.106272
0.201424 0.174518 0.008538 0.413076 0.653494 0.568897 0.485230 0.533203 0.617529 0.367419
0.444506 1.848077 1.445635 -0.668276 -1.350520 -0.689639 -1.352779 0.122024 -0.622105 0.296362
-0.157703 0.795776 0.161950 0.240436 0.511999 0.609947 0.507754 0.488628 0.530538 0.510391
0.507902 0.085232 -1.438029 -0.522025 -0.566382 -0.204543 0.226650 0.720124 -0.313124 0.675483
-0.080515 1.256203 -0.577433 0.208830 0.741668 0.704498 0.162032 0.353299 0.424674 0.530383
0.690857 0.384811 0.233652 0.590848 0.067722 0.502697 0.072050 0.409115 0.256964 0.713374
-0.012196 1.185250 -0.932957 0.933700 0.700132 -0.404918 1.132541 -0.773492 0.415845 0.724751
0.652115 0.464260 0.592628 0.776288 0.385287 0.109354 0.422028 0.266531 -0.006738 0.264760
-0.025701 0.824899 -0.692246 0.547219 -0.328944 0.693770 1.801598 -2.749143 0.709585 0.682714
0.189149 0.215402 0.591168 0.754858 0.428819 0.203234 0.964433 -0.339543 0.105490 -0.495483
0.076443 0.618144 0.142570 0.274115 -0.103923 1.108821 -0.999731 -1.004994 0.787433 -0.070855
0.024068 0.287946 0.350753 0.625063 -0.332645 0.052345 -0.343190 -0.139320 -0.037316 -0.227947
-0.138235 1.127987 0.113052 -0.717910 -0.096220 -0.522079 -1.433447 0.467825 -0.020555 0.536195
0.436944 0.361974 0.665467 1.233548 0.534144 0.162028 -1.499244 -0.056998 -0.577975 0.235621
-0.058916 0.560098 -1.149272 -0.007367 0.418226 -0.078828 0.896814 1.208772 0.577920 0.096772
-0.289295 0.095151 0.155354 0.880667 -0.612885 -0.711113 -0.732062 0.096760 -0.175633 0.067138
0.257404 1.015733 -0.392567 0.265674 0.089327 0.830737 0.883995 0.347623 -0.675189 -0.503338
0.811532 0.366891 0.857936 0.151991 -1.280401 -0.313764 -1.008827 -0.416230 0.691896 0.105703
0.614486 0.440435 -0.830182 0.476866 0.268681 0.381998 0.367842 -0.184865 0.424077 1.146623
1.033535 0.893854 0.781265 -1.170852 -0.801271 -0.801258 -0.691509 0.098611 1.565691 -0.323201
1.043598 -0.171613 -1.468756 0.252086 0.456426 0.848018 0.660903 0.163182 0.725263 0.549878
-0.522228 0.038528 -1.225835 -1.545137 0.436198 0.020270 0.326521 1.813526 0.836616 -1.787074
0.812001 -0.455176 -1.308668 0.060558 -0.010593 0.367404 0.171076 1.142783 0.600819 0.090013
0.789156 0.909746 -0.039607 0.232413 1.528659 -0.786497 0.385865 0.491157 -0.989227 -1.764554
0.191332 -0.477532 -0.622691 -0.134304 -0.782851 0.223761 0.937149 0.884228 -0.371487 0.035578
0.084979 -0.725239 -0.051870 1.015944 -0.046779 -0.979223 0.427599 -0.521036 0.373308 -1.461465
-0.039422 -0.203085 -0.385465 -0.349678 -0.482036 0.088857 0.671803 0.426366 -0.358043 0.607575
-0.249415 -0.359793 0.311122 0.573777 -0.969038 -0.532129 2.187085 -1.042643 0.012584 -1.358314
-0.470508 -0.365532 -1.281414 -0.360698 0.649341 0.747898 1.193911 0.114702 -0.649634 -0.293483
-0.752066 -0.291645 0.110390 -0.109730 -0.356826 0.447837 3.471376 -3.474748 -0.679244 -1.257528
-0.005508 0.732735 -0.751462 -0.018810 0.573151 0.522292 -0.720864 -1.314766 -1.231627 -0.997243
-0.252827 0.102257 -0.678223 -0.901971 -0.507288 1.148639 0.714146 -3.336803 -0.613952 -1.594202
0.941802 0.117251 -0.584014 0.333396 1.140866 0.237610 -0.741930 -0.250034 -0.685784 -0.549710
0.074344 -0.715446 -1.692841 -0.654797 0.974382 1.461557 -1.620617 -1.150694 -1.826550 -1.684546
-0.474706 -0.680506 0.310930 -0.036849 -0.445708 -0.773544 -0.832251 -0.935730 -0.692374 -0.465720
-0.664795 -1.255071 -0.691217 0.149082 0.168961 -1.210003 -2.374144 -0.817585 -1.035829 0.511848
0.348676 0.566134 1.002870 1.043932 1.167417 1.192306 1.192509 1.179134 1.185218 1.187447
1.193537 1.182436 1.151239 1.154090 1.180752 1.129914 0.640813 0.521177 0.466906 0.407114
0.780967 0.666002 0.854738 0.904786 1.113766 1.132053 1.123908 1.126317 1.102604 1.093349
1.032353 0.985428 1.013059 1.060045 1.083489 1.025273 0.748638 0.571499 0.117180 0.464901
0.563587 0.513443 0.892937 0.900129 1.039608 1.075570 1.065011 1.082177 1.117604 1.129081
1.118706 1.068512 1.011906 0.988728 0.987414 0.937922 0.387143 0.396521 -0.070971 0.416380
0.776618 0.722852 1.026708 0.972819 0.992069 0.910598 0.869599 0.985656 1.017233 1.053060
0.960731 0.952687 0.887458 0.655575 0.400501 0.163571 -0.464903 -0.073384 -0.281671 0.410373
0.537020 0.007531 0.614029 0.602146 0.714263 0.472851 0.036552 0.341278 0.510421 0.802941
0.717068 0.766124 0.733332 0.607692 0.339027 -0.028967 -1.052485 -0.608090 -0.640730 0.444016
0.343994 -0.423944 -0.220829 -0.244682 0.073171 -0.192624 -0.768060 -0.657701 -0.439256 0.226504
0.391675 0.592366 0.530166 0.398750 0.498882 0.565281 -0.045556 0.083095 -0.313337 0.464578
0.212320 -0.580310 -0.150645 -0.102649 0.085973 -0.423636 -1.297283 -1.148468 -1.435659 -0.688982
0.040505 0.610941 0.700956 0.358505 0.162062 0.324592 -0.150289 0.672008 -0.074412 0.524134
-0.046000 -0.848227 0.427355 0.117959 -0.150965 -0.072748 -0.102646 0.101488 -0.649254 -0.510105
-0.108751 0.422605 0.822410 0.711960 0.425632 0.208417 -0.396183 0.153339 -0.372752 0.357794
0.259547 -0.974107 -0.665937 -1.370107 -1.865397 -1.906557 -2.005944 0.144042 0.900869 0.361349
0.008839 -0.124439 0.004077 0.136234 0.082424 0.028279 -0.719371 -0.060747 -0.508040 0.388166
0.425275 0.523983 0.884581 -0.254582 -0.328882 -0.156107 -0.639053 -0.310053 -0.223127 -0.367228
-0.481000 -0.562723 -0.444894 -0.205873 0.262952 0.255147 -0.992112 -0.386617 -0.844872 0.345027
-0.438081 -0.955533 0.794830 1.347134 0.849072 1.546621 1.504038 0.574766 0.469005 -0.003219
-0.329555 -0.521862 -0.206200 0.222264 0.621003 0.480936 -0.739085 -0.565570 -1.032463 0.009641
-0.280886 -0.708938 0.328428 0.470360 1.219482 1.037448 1.197507 0.979856 0.277702 0.653341
1.054699 -0.387811 -1.778764 -2.502805 -2.101645 -1.203362 -1.667706 -0.486970 -0.673706 0.112276
0.919399 -0.358547 -0.408618 -0.268685 0.712011 0.850112 0.855161 0.962352 1.021840 1.108327
0.948940 1.371996 0.707697 -0.451192 -0.927304 -0.763083 -0.613195 -0.082822 -0.746129 0.181757
0.291658 -0.573763 -0.563995 -0.737285 0.167933 0.656840 0.873556 0.902501 0.796530 0.582208
0.488855 -0.106523 0.679659 1.244146 1.402773 0.881177 0.176474 0.457881 -0.737852 -0.449793
0.162689 -0.814219 -0.233796 -0.816875 -0.411883 -0.225747 0.114053 0.336720 0.400749 0.466830
0.381011 0.310079 0.313955 0.274470 0.225161 -0.597193 -1.392158 -1.060345 -0.926400 -0.282560
0.083483 -0.979485 -0.753746 -1.092148 -0.746075 -0.525445 -0.469447 -0.200417 -0.415553 -0.166626
-0.003450 0.097835 0.226138 0.285625 0.242216 -0.218917 -1.597084 -1.596104 -1.277810 0.237989
-0.733143 -1.802627 -1.738381 -2.275500 -2.038604 -1.650150 -1.436080 -1.460149 -1.382523 -1.150871
-0.818149 -0.451893 -0.110655 -0.278013 -0.470659 -0.919508 -1.668046 -2.117193 -1.938975 -0.002951
-0.805596 -1.982814 -1.620560 -1.902136 -1.358890 -0.633696 -0.789199 -0.821161 -1.074084 -0.758982
-0.409973 -0.058515 0.190092 -0.100972 -0.454616 -1.233492 -1.754210 -1.938783 -1.804925 -0.505775
-0.381430 -1.192927 -0.816039 -0.787802 -0.375977 0.005956 0.032557 0.521005 0.398664 0.397913
0.477558 0.569418 0.749904 0.605011 0.432088 -0.208497 -1.060083 -0.746021 -0.667707 -0.021550
0.335498 0.165140 0.323123 0.385554 0.306743 0.372587 0.328123 0.538116 0.516172 0.486399
0.641226 0.471578 0.503808 0.385965 0.667598 0.591611 0.437423 0.309877 0.048404 0.605307
0.493925 -2.443912 -0.948078 0.430637 1.022803 1.547336 0.996741 -0.903014 -0.965941 0.511959
0.839590 1.326469 0.701790 -0.019831 0.376174 -0.176077 -0.468863 -0.300651 -2.420472 -1.265510
0.215292 -1.358943 -0.531895 0.401548 0.315349 0.259630 -0.058579 -0.352213 -0.459536 -0.383928
-0.120636 -0.049449 -1.246022 -0.401877 -0.010334 -1.709383 -2.950688 -1.110693 -1.171018 -0.527324
-0.092471 -0.869833 -0.129661 0.346266 0.120665 0.025275 -0.472226 -1.274177 -1.620174 -1.628154
-1.254237 -1.471096 -2.749264 -2.279756 -1.682677 -1.931190 -2.163114 -0.531061 -0.081496 -0.418530
0.424131 -0.052361 0.605921 0.961735 0.081176 0.081589 -0.337742 -0.908709 -0.577168 -0.323421
-0.394620 -0.381013 -0.077348 -0.145681 -0.224232 -0.261320 -0.260675 0.538220 0.141465 -0.235366
0.519634 -0.213073 0.424661 0.247332 -0.583848 0.438740 0.636481 0.328026 0.136997 -0.315881
0.176451 0.427181 1.047558 1.022854 0.725136 0.275144 -0.373615 0.369768 -0.102608 -0.102643
0.202964 0.053465 0.860229 0.564477 0.153809 -0.180895 0.264123 0.154274 -0.753940 -0.333687
0.359185 0.491300 0.398270 0.635438 1.181524 0.412448 -1.038441 0.519884 -0.170969 -0.128851
0.207175 -0.401411 0.119617 0.657701 0.138926 -1.949460 -1.262243 -0.372577 -0.519399 0.368918
0.495306 0.506156 0.349214 0.742049 1.017706 -0.253062 -1.858495 -0.092815 -0.090739 0.079266
0.504110 -1.202424 -0.226028 -0.230919 -0.929929 -1.388974 -0.081646 0.356153 0.431544 0.654980
0.607412 0.819747 1.240360 2.376096 1.571537 -1.471289 -1.833200 0.125636 0.499576 0.374822
0.587546 -1.628463 -0.328047 -0.556212 -0.247344 0.431614 0.629520 0.623338 0.777898 0.640582
0.705992 0.830257 0.706510 1.585991 0.581649 -2.679706 -1.748239 0.583874 0.728108 0.213507
0.426576 -1.822681 0.410884 0.448549 0.345345 0.724757 0.496069 0.850064 0.931356 0.546651
0.445871 0.605162 0.260198 0.406661 -0.163983 -1.840809 -0.826949 0.674217 0.767540 -0.003017
0.811365 -1.976981 0.366398 0.465066 0.463653 0.786559 0.364635 0.270524 0.643853 1.275898
0.877466 0.160295 -0.088538 -0.882318 -1.226001 -1.328670 -0.178395 0.647236 0.641939 -0.063407
0.189184 -1.514641 0.676434 0.266347 0.285659 0.643600 0.498311 0.399787 0.898037 1.185197
0.343235 -1.048438 -1.073387 -0.825685 -0.619020 0.055475 0.596694 0.724361 0.460595 0.042383
0.657617 -1.727771 1.140473 0.666011 -0.347449 0.448856 1.100058 0.781647 0.107049 -0.300433
-0.656929 -0.239383 0.531722 1.115038 0.578904 0.755917 0.422150 0.339157 0.293855 0.150247
0.330161 -2.240573 0.498240 1.185254 0.090815 0.046531 0.644975 -0.092342 0.184990 0.410105
-0.303101 0.396901 0.328791 0.062583 -0.312906 0.027226 0.006737 0.362618 0.736058 0.270153
-0.163520 -1.133969 0.279321 0.348421 0.225912 -0.163201 0.423144 0.840553 1.302792 0.952786
-0.002839 0.608190 0.156322 -0.308170 0.389000 0.566331 0.449792 0.605204 0.360654 0.022460
0.190927 -0.691152 0.281861 0.176365 0.630438 0.850015 1.216446 0.980587 -0.437885 -0.612411
-0.404319 0.445044 0.025777 -0.360898 0.786340 0.711240 0.233335 0.648711 0.450902 0.254818
0.313492 -0.428235 0.937149 1.311264 1.966780 0.976089 -0.001027 0.015544 -0.484135 0.483265
1.098886 0.976748 0.461502 -0.367479 -0.496189 0.044387 0.448637 0.747431 0.517514 0.268002
1.923693 -0.394861 2.613709 1.514399 0.564043 -0.130160 -0.430253 0.073953 0.212039 0.391398
0.203422 -0.198143 -0.085334 0.314937 -0.570617 -0.886865 0.295421 0.706732 0.365799 0.152221
1.577879 -2.178865 -2.008027 -2.442023 -2.536989 -2.097548 -1.738752 -1.642007 -1.782612 -1.811998
-1.914881 -1.956269 -1.943675 -1.450701 -1.255620 -0.868120 0.296069 0.593224 0.602110 0.479533
-1.120039 -1.224347 -1.090744 -0.330353 0.060759 0.166418 0.111722 0.028845 -0.036108 -0.074281
-0.165141 -0.194330 -0.245255 -0.142683 0.376705 0.781840 0.701840 0.494663 0.348785 0.316169
-0.058539 0.871963 0.904368 -0.193208 -0.628138 -0.724690 -0.721779 -0.664581 -0.725495 -0.710585
-0.736398 -0.752618 -0.653919 -0.817932 -0.666219 -0.563939 -0.521619 -0.049396 -0.001431 -0.168972
-0.125937 1.251065 0.322774 0.041151 -0.276192 -0.395385 -0.412417 -0.389994 -0.438410 -0.397659
-0.319227 -0.265662 -0.383806 -0.327611 -0.516497 -0.447185 -0.345516 0.185171 -0.203920 0.148809
-0.101595 0.652739 -0.556713 -1.172588 -0.687322 -0.422559 -0.346952 -0.354594 -0.336844 -0.388468
-0.321034 -0.307689 -0.304144 -0.284874 -0.176843 -0.183228 0.167293 0.070779 -0.494196 -0.466146
0.221148 -0.003553 -0.306574 -0.892208 -0.579258 -0.335179 -0.032514 0.270469 0.342280 0.123025
-0.318924 -0.418384 -0.351172 -0.160763 0.029421 0.325176 1.427648 0.825162 -0.127340 -0.253511
-0.282060 -0.120431 -0.744848 -0.717562 -0.167055 0.062875 0.440885 0.287589 0.980235 1.238225
0.404209 -0.178297 -0.260786 -0.153483 -0.075352 0.230423 1.617609 0.406862 0.141370 -0.170481
0.013879 0.065484 -0.450240 -0.541052 0.747442 0.795881 -0.262484 -0.257235 2.020555 1.556866
1.025278 0.468876 -0.105688 -0.170343 -0.140228 -0.108791 0.951810 0.294202 -0.756408 -0.080178
0.373908 0.570290 0.174800 -0.457775 1.526789 0.201851 0.168274 1.054544 2.252495 1.540694
0.216931 0.100391 0.102135 0.271782 0.294477 0.175948 1.459323 0.377483 -0.532746 -0.277536
0.595128 1.230487 0.525359 0.273760 2.012885 1.591699 1.638328 3.075642 1.280131 -0.038088
-1.178992 -1.073129 -0.703387 -0.310573 -0.482920 -0.175636 1.076734 0.806718 -0.522120 -0.171576
0.677143 1.569510 0.936983 0.779995 2.512834 1.871428 1.847136 0.968020 0.100921 -1.578584
-1.760483 -1.341761 -0.844164 -0.823232 -0.667817 -0.797033 0.698194 0.407095 -0.764322 -0.197626
0.987485 2.209242 1.320076 1.432941 1.008386 0.520273 -0.751228 -0.710104 -1.843999 -1.570182
-1.424003 -0.778189 -0.550470 -0.296751 -0.169926 -0.169981 1.016616 0.372288 -0.791452 -0.391233
0.324095 2.009573 1.189640 0.959311 -0.398792 -0.407896 -1.351529 -0.630020 -0.946467 -0.792192
-0.618292 -0.383677 -0.320206 0.090621 0.473468 1.335561 1.322685 0.591917 -0.706069 -0.484910
0.182699 0.736712 -0.009878 -0.854299 -1.077213 -1.328698 -1.310776 -0.966282 -0.669623 -0.556864
-0.171425 0.062878 0.297549 0.661370 0.915708 1.468399 0.699299 0.664095 -0.766066 -0.369270
0.365371 0.885041 0.327608 -1.600248 -1.252147 -1.470966 -1.221956 -1.110598 -1.276400 -0.857682
-0.454507 -0.225782 -0.099649 -0.151656 -0.095642 0.123129 -0.436034 0.289093 -0.420800 -0.515602
0.763553 1.808581 0.239770 -0.595732 -0.839702 -0.771754 -0.603950 -0.627599 -0.465060 -0.613623
-0.416140 -0.372291 -0.529715 -0.632556 -0.342497 -0.433781 0.247234 0.079121 -0.468158 -0.287565
1.157949 2.387812 0.587983 0.092330 -0.205786 -0.115201 -0.360701 -0.298701 -0.222322 -0.152028
-0.188841 -0.167504 -0.133732 -0.139972 -0.055491 0.139271 0.582712 0.322486 0.065001 -0.265778
1.337313 1.882883 0.477738 -0.101586 -0.049590 -0.337403 -0.021473 0.084103 0.356984 0.386150
0.155786 -0.192234 -0.256154 -0.326935 -0.476278 -0.368662 -0.044937 -0.038533 0.486920 -0.348982
0.229349 -0.124095 -1.397679 -1.935400 -1.072706 -0.834376 -0.564916 -0.051011 -0.006474 -0.148646
-0.274398 -0.264732 -0.220454 -0.416206 -0.552298 -0.500065 -0.563006 -0.179631 -0.640185 -0.580466
-0.717142 -1.199121 -1.854390 -2.144736 -1.306316 -0.882539 -0.616561 -0.657090 -0.714646 -0.928339
-0.867916 -0.817916 -0.601322 -0.514619 -0.485695 -0.535252 -0.594089 -0.682729 -1.052534 -0.681806
-0.117894 0.121128 -0.098664 -0.010082 -0.077279 -0.087593 -0.076136 -0.154527 -0.173321 -0.124130
-0.223163 -0.070943 -0.005552 -0.066179 -0.258755 -0.363979 -0.379024 -0.208184 -0.362875 -0.476177
0.103704 0.118707 0.073918 -0.032982 0.368053 0.313823 0.248830 0.217268 0.297946 0.170994
0.256640 0.286898 0.238435 0.159430 0.191127 0.206593 0.197052 0.238300 -0.041543 0.040507
-1.030934 -0.899881 -0.329353 0.415759 0.202014 0.443877 -0.146448 -0.775413 0.092280 0.166177
1.157973 0.424385 0.797714 0.509787 0.369084 -0.743940 0.128989 -0.630805 -0.025562 -1.532682
1.245812 -0.633597 -0.134827 0.273447 0.299407 0.892099 0.877100 0.877982 1.509465 1.896026
0.949517 -0.284710 0.658214 1.045155 0.190874 -1.853011 -1.062066 0.227259 2.172625 0.157257
-0.126708 -0.604284 -0.236446 0.456501 1.187024 0.623664 -0.272820 -1.275228 -0.839863 0.919439
0.729227 0.826860 0.199904 0.874039 1.176972 -0.384742 -0.763134 0.266054 2.128998 0.039306
-0.439539 -0.617934 -0.030450 0.250782 0.871837 1.286070 1.936298 1.277680 1.105394 1.779857
2.591351 2.138039 1.410411 1.962827 1.660012 -0.440177 -1.336484 -0.317068 1.865412 -0.087610
-0.300781 -0.411472 -0.384358 -0.155073 0.356968 1.934123 1.429877 -0.622089 -0.197406 0.942285
1.541366 0.594630 0.064563 0.325814 0.828697 -0.137003 -0.986177 -0.403037 1.562608 0.274780
-0.340959 -0.079785 -0.503869 -0.109368 0.001106 0.295100 0.502482 -1.935229 -0.512172 -0.493529
-0.242185 0.015621 0.235049 -0.079388 0.421432 -0.652995 -0.471102 -0.028589 1.830404 0.376662
-0.146089 -0.068294 -0.275743 -0.339833 -0.326510 0.578658 2.069163 -1.313629 -1.077883 -0.717539
-0.535432 -0.382411 -0.151822 -0.255552 0.227064 -0.504665 -0.791807 -0.436312 1.462878 0.085598
-0.184836 0.271245 -0.300624 -0.931099 -0.683119 0.432906 0.797945 0.167575 -2.223690 -0.660437
-0.557360 -0.447939 0.145910 0.087384 0.466863 -0.200092 -0.966790 -0.197961 1.634278 0.051261
-0.694063 -0.363362 0.038449 -0.450050 -0.173749 0.537502 2.080257 0.919679 -1.910732 -0.615783
-0.549805 -0.445509 0.198578 -0.124036 0.015724 -0.117771 -0.871376 -0.298864 1.295073 0.212619
-0.254724 0.279578 -0.085452 -0.855366 -0.559120 -0.467510 -0.155112 -0.394534 -0.637175 -0.562831
-0.544499 -0.473120 0.234059 0.022549 -0.259115 -0.350181 -0.876595 -0.271192 1.306314 0.306083
-0.908210 -0.636680 -0.611159 -0.428043 -0.647625 -0.538462 -0.516836 -0.479455 -0.337300 -0.457648
-0.441305 -0.372729 0.360023 0.143190 -0.310600 -0.679323 -0.792015 -0.176430 1.094465 0.107402
-0.718894 -0.969110 -0.596008 -0.094472 -0.383695 -0.371955 0.051274 0.013450 -0.033466 0.000220
-0.312765 -0.724171 0.006144 0.524088 -0.212046 -0.709569 -0.783129 -0.107724 0.885140 0.054556
0.549330 -1.121775 -0.702541 -0.487443 -0.041609 -0.366931 0.126220 -0.308924 -0.550880 -0.328613
-0.513730 -0.550839 0.729988 0.173052 -0.640459 -0.402818 -0.563214 0.210126 1.300107 -0.101162
-0.376462 -0.687384 -0.614283 -0.256768 -0.081317 -0.643648 -0.667293 -0.424091 -0.231501 -0.104403
-0.429214 -1.045359 -1.370286 -0.935474 -0.796876 -0.762721 -0.602309 -0.238315 1.219177 -0.352808
-0.670381 -0.584953 -0.511553 -0.332701 -0.084950 0.187951 0.284491 0.759461 0.106885 0.133970
0.591174 -0.078670 -0.212039 0.152030 -0.598025 -0.490403 -0.352599 -0.147686 1.446591 -0.113797
-0.756539 -0.525823 -0.527772 -0.461409 -0.111807 0.097304 0.089134 -0.320256 -0.561119 -0.447993
-0.417252 -0.491941 -0.622377 -0.394766 -0.421435 -0.682727 -0.497080 -0.404799 0.758553 0.346145
-0.845500 -0.560721 -0.528415 -0.493410 -0.429451 -0.385219 -0.418040 0.000910 -0.074440 -0.191872
-0.050224 0.040367 -0.327263 -0.250154 -0.381591 -0.733928 -0.507927 -0.314318 0.851659 0.544647
-0.732390 -0.679524 -0.454827 -0.564396 -0.518019 -0.459049 -0.316014 -0.221992 -0.509963 -0.758032
-0.259100 -0.232759 -0.439187 -0.680169 -0.368211 -0.406439 -0.273234 -0.152954 0.731188 0.031762
-0.746706 -0.346323 0.259261 0.016154 0.143435 0.602794 0.561979 0.797576 0.949422 0.599749
0.796653 1.333205 0.816502 1.018251 1.002558 0.074396 -0.264969 -0.036986 0.320442 -0.391961
-0.523884 -0.994975 -1.168316 -1.025170 -1.043750 -1.236796 -1.348543 -1.518615 -1.500048 -1.555951
-1.535342 -1.421465 -1.646510 -2.124544 -1.950355 -1.338454 -1.025370 -0.661767 -0.598663 -0.084456
-0.054061 -0.095167 0.000882 -0.129872 -0.004447 0.168468 0.063942 0.142063 0.488413 0.061605
0.134323 0.852204 0.848430 0.653964 0.994330 0.709158 0.484525 0.483444 0.933261 -0.333714
0.112532 0.057883 0.340660 0.182388 0.501537 0.567469 0.290752 0.650085 0.539719 -0.073130
0.581785 1.927483 1.376062 0.907205 1.579628 1.119952 0.255669 0.206943 0.840841 -0.758250
-0.016918 0.018047 0.326638 0.393714 0.655033 0.646356 0.104945 0.577043 0.158077 -0.211331
0.975629 0.424183 -0.511689 -0.996783 -0.716487 -0.741326 -0.951952 -0.497802 0.500649 -0.859134
0.029883 0.065106 0.238449 0.434429 0.452692 0.126612 -0.398396 -0.535055 -0.641441 -0.646359
-0.265588 -1.935184 -1.739442 -2.500241 -2.072308 -2.085575 -1.730229 -0.854979 0.158295 -0.990856
0.306436 0.283150 0.436799 0.608248 0.436565 -0.336759 -0.144474 -0.535076 -0.403865 -0.239546
-0.623042 -0.659245 -0.209181 -0.822385 -0.092567 -0.636766 -0.787755 -0.115169 0.478893 -1.138010
0.299197 0.340384 0.590399 0.709473 0.119109 -0.047751 0.529628 0.012889 0.323423 0.263578
-0.078489 0.219822 0.093979 -0.382513 -0.083474 0.440809 -0.765001 0.420169 0.769104 -1.211302
0.235797 0.390112 0.687146 0.893035 0.033247 0.312321 0.664136 0.267709 0.343628 0.392611
0.171396 0.403958 0.296623 -0.152077 0.075026 0.262324 -0.807403 0.223577 0.511906 -1.148375
0.185123 0.543251 0.566562 0.773003 -0.289021 -0.004889 0.087086 0.145578 -0.107639 0.265806
0.326236 0.510220 0.858183 0.503900 0.640211 -0.108114 -0.767171 -0.475857 0.272452 -1.194187
0.256113 0.252730 0.140967 -0.814307 -0.873800 -0.490055 -0.355661 0.067408 0.069601 0.175540
0.519655 0.725793 1.542918 1.011075 1.157411 -0.597566 -0.799217 -0.168916 0.415654 -1.066782
0.201101 -0.060018 -0.406165 -0.702195 -0.577447 0.091189 0.458929 0.515931 0.470686 0.521294
0.999504 1.023789 1.708928 0.390634 -0.684890 -2.034090 -1.490538 -0.258158 0.396338 -0.958415
-0.014265 0.373718 0.279041 0.200372 0.361729 0.762115 0.555928 0.189780 0.211623 0.803557
1.154914 1.366905 1.047586 -0.780750 -2.039366 -2.664337 -1.553631 -0.070725 0.514770 -0.977920
0.023576 0.267600 0.392026 0.343486 0.357624 0.665845 -0.068815 -0.223300 -0.130389 0.342500
0.539769 -0.125289 -1.827734 -2.475974 -3.448235 -2.837927 -0.989662 0.085097 0.612529 -1.046627
-0.068450 0.299567 0.527739 0.270615 0.383625 0.458568 0.089032 0.300397 -0.100152 -0.248323
0.172198 -1.795452 -2.628068 -2.250461 -2.593385 -1.602219 -0.012613 0.155621 0.341977 -1.000996
-0.196740 0.190601 0.425898 0.457045 0.322911 0.451134 0.779537 0.182376 -0.050662 0.063493
-0.002694 -0.628679 -0.781241 0.294961 -0.312215 -0.160229 0.656283 -0.250629 0.314548 -1.140059
-0.146768 0.102773 0.301574 0.479082 0.276346 0.842368 0.309950 -0.612383 -0.314433 -0.321424
-0.878988 -0.694020 -0.857078 -0.957451 -0.713051 -0.271209 -0.423704 0.141104 0.187291 -1.145981
-0.043804 0.123221 0.252056 0.021299 0.375225 0.086993 -0.027486 -0.496231 -0.154169 -0.162632
-0.092620 0.048605 -0.042174 -0.709683 -0.040150 0.501747 -0.327275 0.288996 -0.045067 -0.929691
-0.052333 0.187783 0.159614 0.262763 0.242258 0.328622 0.043080 -0.045763 -0.004514 0.086093
0.152854 0.171706 0.028333 -0.230569 0.081547 1.501801 -0.669406 0.382620 0.378148 -0.935992
-0.056368 0.302725 0.423233 0.670333 0.657879 0.336116 0.228646 0.204321 0.044913 0.338083
0.333462 0.235418 0.265296 0.341207 0.800828 1.119717 -0.472047 0.052369 0.065043 -0.811719
-0.023193 0.175612 0.392501 0.572908 0.515594 0.238461 0.374575 0.173659 0.054501 0.361411
0.277020 0.131165 0.303618 0.579111 0.980757 -0.172432 -0.137310 -0.805503 -0.196712 -0.727355
0.281337 0.279639 0.427355 0.223025 -0.002094 -0.280912 -0.502748 -0.600585 -0.486521 -0.373375
-0.384861 -0.209586 -0.112723 0.068188 -0.360985 -1.003380 -1.259965 -1.238009 -0.980711 -0.571814
0.378800 0.356723 0.381167 0.388279 0.426810 0.419803 0.294257 0.117036 0.193877 0.455402
0.563970 0.567263 0.545746 0.521295 0.465275 0.430009 0.338906 0.390654 0.553636 0.361995
0.641904 0.199327 0.792580 0.788897 0.429876 0.142076 -0.052134 0.444093 0.733310 0.670183
0.744457 0.848593 1.107001 1.077283 0.782853 0.649481 0.644187 0.937118 1.066676 0.456706
0.288818 -0.320280 -0.165459 -0.095328 -0.563829 -0.892033 -1.232944 -0.632664 0.584057 0.812455
0.643657 0.524731 0.667381 0.732389 0.627967 -0.254934 -0.313043 1.046659 1.425744 0.476596
0.211660 -0.507168 -0.477355 -0.967564 -1.297403 -1.004174 -1.049053 -1.270172 0.137619 1.034905
0.789943 0.617571 0.658093 0.422732 0.184424 -0.790589 -1.178195 0.738290 1.639550 0.519716
-0.120884 -0.889382 -0.656427 -1.642741 -1.810154 -1.030797 -0.537615 -0.493705 -1.391270 -0.687399
0.086939 0.152387 0.588493 0.140115 -0.247031 -0.556947 -1.188111 0.072862 1.478571 0.691190
-0.605599 -0.323889 0.074837 -1.488912 -2.790663 -0.460873 -0.175966 -1.186304 -0.200564 -0.381606
-0.245004 -0.603719 -0.524751 0.210291 -0.471097 -0.677101 -0.497953 0.503557 1.537841 0.811929
-0.750981 0.309422 1.020518 -0.365443 -1.231583 -0.314435 0.320899 -2.383056 -1.703648 -0.026753
-0.362960 -0.976950 -0.595557 0.224642 -0.303609 -1.253120 -0.903662 0.689505 1.999437 0.958501
-0.399463 0.379602 1.254596 -0.259542 -0.252157 0.553954 0.575711 -1.063204 -1.993199 -0.617979
-0.531559 -1.056275 -0.405458 0.708015 0.011207 -1.030095 -1.331918 0.549336 1.844691 0.858134
-0.266210 0.089026 0.717780 0.489862 0.321909 0.416180 0.304234 -0.743112 -1.093377 -0.072280
0.498270 -0.219932 0.498942 1.226035 0.600400 0.455413 -0.396084 0.009360 1.404291 0.639285
-1.034266 0.364729 0.691606 -0.460838 -0.015944 -0.042002 0.119372 -0.408968 -1.202184 -0.387283
0.703736 0.407022 0.540185 0.917074 0.247438 0.403522 -0.042417 0.250421 1.469072 0.756948
-2.007479 -0.771183 1.253442 -0.095508 -0.686480 -0.161092 -0.471499 -0.722495 -0.359129 0.078972
0.484155 0.660940 0.846769 0.917281 0.272353 0.038116 -0.656116 -0.272003 1.508085 0.930876
-1.343314 -2.181416 0.233545 0.156428 -1.023520 -1.400470 0.442384 -0.019040 -0.365785 0.091203
0.320666 0.261346 0.514900 0.370081 0.116802 -0.040309 -0.776695 -0.191185 1.315318 0.818881
-0.094529 -1.365100 -1.682308 0.145710 -0.827541 -2.578958 -1.626172 -0.734564 -0.810160 -0.382748
0.323516 0.833498 0.616707 0.061052 -0.982590 -1.295080 -1.188622 0.139058 1.343958 0.628624
-0.068975 -0.127853 -0.704722 -0.268122 -0.086834 -2.228207 -2.461036 -1.215523 -0.750401 -0.508849
-0.793461 -0.418011 -0.136910 -0.236263 -0.828138 -1.028309 -1.632432 0.714567 2.008749 0.643222
-0.036455 -0.793868 -0.250335 0.293953 -0.673581 -2.446504 -2.322128 -1.238531 -0.878646 -0.590575
-0.473376 -1.271233 -1.082085 -0.554599 -1.253695 -1.455897 -1.879499 0.159193 2.372530 0.753778
0.224075 -0.602416 -0.625748 -0.069416 -0.858394 -2.089907 -1.931796 -0.547618 -0.124047 -0.355638
-0.407978 -1.208304 -1.675665 -1.022979 -1.530969 -1.647581 -1.979608 -0.232492 2.275120 0.953192
0.109183 -0.466684 -0.266648 -0.382695 -0.908140 -1.428480 -0.988974 -0.161025 0.294023 -0.036777
-0.422633 -0.546886 -0.271855 0.140233 -0.840847 -0.780306 -0.963888 0.063621 2.028057 1.034800
0.183787 -0.336860 -0.286949 -0.725474 -1.239581 -1.089771 -0.664974 0.116195 0.491921 -0.257044
-0.750675 -0.809982 -0.213171 0.545762 -0.180480 -0.936011 -1.052193 0.667584 2.190939 0.904297
0.240287 0.217176 1.174686 0.594379 0.026086 -0.005012 0.191645 0.631293 0.858243 0.145939
-0.160347 0.003437 0.170253 0.551037 1.066947 0.573839 -0.849274 0.536535 1.998211 0.687121
0.629354 -0.177544 0.318516 0.446227 0.216778 0.376449 0.430249 0.486977 0.608855 0.380007
0.157002 0.335238 0.399320 0.380142 0.470356 0.830219 0.192517 0.198949 1.015956 0.230791
-0.139192 0.497433 0.294135 0.185946 0.106266 -0.827909 -0.463070 0.353494 0.077127 -0.001131
0.049259 -0.671988 -1.012210 -1.347341 -2.661168 -2.086737 -0.139785 0.453470 0.653500 -0.026960
-0.503583 0.506926 0.065405 0.189584 -0.700492 -1.955290 -1.176932 -0.798585 -0.550673 0.164606
-1.085473 -2.127369 -1.949241 -2.900924 -3.928615 -3.082857 -0.381922 -0.156033 -0.198700 0.517134
-0.165189 0.005746 0.170086 -0.499447 -1.021508 -1.168807 -0.529952 -0.389341 0.125433 0.410214
-1.762177 0.234406 1.011503 0.255265 -0.049347 -0.479795 -0.042255 -0.973507 -0.482461 0.598832
-0.415942 -0.518755 -0.596354 -1.325246 -0.796039 0.782860 1.819081 1.339059 0.699034 -0.155664
-0.610492 0.802037 1.115279 1.393419 0.895549 1.587765 0.289098 -0.477434 -0.543194 0.347080
-0.424893 -0.369472 0.237261 0.122421 0.301558 1.435487 0.645602 1.065107 0.684382 -0.495085
-0.371105 -1.860400 -2.670113 -1.577860 -1.216619 -0.986509 -0.224299 -0.242791 -0.414641 0.480533
-0.309327 -0.573508 -0.022954 0.475956 -0.601805 0.068183 -1.525141 -0.946555 0.216314 0.104567
0.068317 -1.430872 -2.384313 -0.708113 -1.361075 -2.382639 -0.193150 -0.539904 0.050099 0.410704
-1.031582 -1.775439 -1.475343 -1.353795 -1.219012 0.962970 -0.659690 -1.879699 -1.038988 0.189371
1.206224 -0.275105 0.638903 0.795134 -0.900557 0.121266 0.599875 0.875400 0.011606 0.123050
-0.848681 0.082692 -1.004515 -1.028262 1.234930 0.197237 -0.009923 -1.837242 -0.999581 0.156913
0.388669 -0.067108 0.255607 -1.491200 -1.070259 1.840609 1.802886 0.949578 -0.475309 -0.000800
-0.211268 2.163322 1.288682 1.970889 1.912039 -1.395644 -1.156718 -1.100080 -0.607779 0.185591
-0.898348 -0.340283 -0.244281 -1.290056 0.317610 1.490515 0.875310 -1.072060 -0.610803 0.292512
1.379603 1.050691 1.955787 0.283355 0.751796 0.342134 -1.049503 -0.838471 0.187822 -0.304161
-1.422867 -0.395301 -0.763630 -1.203618 -0.314572 -1.551790 -0.094383 -0.685842 -0.345690 0.445475
1.756274 -0.803732 -0.346209 0.628411 -0.402687 -0.656948 1.445575 1.381175 0.438025 -0.706352
-0.115161 -0.851053 -1.662888 -1.511632 -0.239624 -0.906930 -0.084877 -0.152037 -0.349784 0.306388
0.233153 0.169028 -0.766406 -0.571540 -0.807859 -1.119963 1.259237 0.560323 -1.276740 -0.401082
-0.129028 0.613251 2.307766 1.843172 1.510385 -0.467198 -1.959093 -0.478766 -0.653623 0.392540
-0.823976 -0.150551 -0.781991 -1.461026 -0.208282 -1.222846 -2.756293 -3.345767 -1.034211 0.394219
-1.308539 0.314858 1.280011 0.890467 -1.573017 -1.254828 -0.864222 -0.196446 -0.022224 0.433575
-1.102769 -1.153227 0.593099 -1.343985 0.323577 -1.016225 -1.624557 1.967555 1.898192 0.629322
0.365296 -2.293977 -1.853744 -0.653033 -0.477974 0.247471 0.394393 0.269562 -0.176184 0.103399
-0.510647 -0.720474 0.143539 0.411119 -0.787055 0.582039 2.389892 1.889159 -0.681440 0.144087
1.186272 -0.228295 -0.777786 1.376319 0.123454 -0.693525 0.857712 -0.842741 0.300406 0.455778
0.796071 1.323692 0.549766 0.941762 -0.226870 1.096342 -1.355226 -2.010702 -1.242461 -0.254607
0.559454 0.905496 0.794431 0.534615 0.251060 -1.603764 -0.397045 -0.227248 0.476187 0.097900
1.124422 0.806278 0.480746 0.160029 0.168292 0.467554 0.635200 0.563974 1.206545 0.734766
1.055996 1.170442 1.208204 0.442300 1.532665 -1.075074 -0.323199 0.263128 -0.367727 0.317881
-0.240736 -0.791149 -1.421340 -2.181049 -0.905470 0.339343 0.527731 0.252369 -0.070137 -0.702462
-0.156850 0.629929 -0.191018 -1.401395 -1.135971 -0.446692 -1.890866 0.368279 -0.068131 0.386836
0.539846 0.308166 0.058869 0.401103 0.837620 0.062870 -0.081034 0.193757 -0.054871 -0.129572
0.113336 0.076509 0.056937 -0.415316 -0.247227 1.309894 -0.169275 1.400888 0.736620 -0.013278
-0.019625 0.597979 1.225723 1.814827 0.566724 0.584198 0.598442 0.810848 0.782123 0.953094
0.150096 0.211276 0.542441 1.334560 1.465748 1.433917 1.519693 0.690597 0.075218 -0.260401
-1.351058 -2.709915 -3.344365 -3.036756 -2.618121 -2.002239 -1.707605 -1.570468 -1.569051 -1.692667
-2.049585 -2.645458 -3.095607 -3.489781 -3.690583 -3.892226 -4.026187 -4.280264 -3.824510 -2.092175
-0.311647 -1.021900 -1.740879 -1.398052 -1.005403 -0.329198 -0.027631 0.118501 -0.099845 -0.199655
-0.076658 -0.160620 -0.480515 -1.080542 -1.414401 -1.658731 -1.908103 -2.876174 -2.543138 -1.314105
-0.068302 -0.603020 -1.275119 -1.110315 -1.156117 -0.663977 -0.235943 0.188577 0.205734 0.430897
0.640539 0.677852 0.374218 -0.154387 -0.424056 -0.367063 -0.481526 -1.412827 -1.330079 -0.727570
-0.481995 -1.046572 -1.278088 -0.921215 -1.213204 -1.142299 -1.350246 -1.534034 -1.604718 -1.017815
-0.386461 -0.293344 -0.707899 -1.313400 -1.449214 -1.182953 -0.921607 -1.150024 -0.922674 -0.389331
-0.562028 -0.926194 -1.444458 -1.168742 -1.497515 -1.522652 -2.092836 -2.925909 -3.377334 -3.012447
-1.671772 -0.739827 -0.648375 -1.081475 -1.240902 -0.781289 -0.798233 -1.155560 -1.016946 -0.101358
-0.599154 -0.983580 -1.757653 -1.465024 -1.528031 -0.875838 -0.606814 -1.640322 -2.805336 -3.147802
-1.674557 -0.476183 -0.141445 -0.466615 -0.360587 -0.288744 -0.457161 -0.590400 -0.650387 0.103658
-0.355216 -0.357410 -0.825464 -0.257899 -0.401626 0.355302 0.724852 0.066329 -0.445511 -1.185126
-0.753657 -0.321043 -0.288517 -0.700010 -0.543306 -0.209049 0.128836 -0.179068 -0.432895 0.072013
0.132742 0.300666 0.141454 0.830519 0.498163 0.586468 0.585862 0.636428 0.775891 0.122088
-0.165391 -0.004452 -0.005558 -0.740702 -0.675827 -0.311881 0.162100 -0.377463 -0.677633 -0.168815
0.328261 0.412748 0.484514 0.995968 0.457593 0.177098 0.197770 0.550501 0.612134 0.329628
0.108870 0.307138 0.482183 0.163778 0.111999 -0.041006 0.084113 -0.596638 -0.755128 -0.324697
-0.189106 -0.651965 -0.407349 0.328408 0.286571 0.256264 0.193441 0.353487 0.506689 0.668565
0.652617 0.870220 1.124057 1.013158 0.749491 0.475224 0.152118 -0.654097 -0.833921 -0.411638
-1.275642 -2.171001 -1.952757 -0.382424 0.565496 0.483040 -0.013035 -0.096086 0.295433 0.738223
0.987193 1.143154 1.289405 1.257229 1.120991 0.858763 0.182372 -0.640709 -0.888569 -0.539460
-1.380908 -2.562383 -2.258646 -0.730507 0.702134 0.656751 0.146209 -0.151266 0.017997 0.513264
0.854825 0.838775 0.800093 0.836907 0.796385 0.381870 -0.514872 -1.244401 -1.232879 -0.680410
-0.581439 -1.472104 -1.706170 -0.557958 0.629235 1.003890 0.868659 0.523362 0.453107 0.634609
0.663817 0.500853 0.358773 0.236950 -0.126515 -0.711519 -1.321319 -1.655358 -1.314137 -0.638087
-0.132643 -0.629937 -0.583195 -0.347244 0.454361 0.870934 0.935307 0.555847 -0.124824 -0.389060
-0.301945 -0.053012 -0.038834 -0.210524 -0.442331 -0.711216 -1.243662 -1.633179 -1.197588 -0.437548
0.120313 -0.003780 0.055178 0.233282 0.346207 0.421407 0.194847 -0.302903 -0.866629 -1.106829
-1.066657 -0.673679 -0.392239 -0.440015 -0.751127 -0.994258 -1.361372 -1.443993 -0.956602 -0.211003
0.170963 0.095287 0.196158 0.305539 0.102349 -0.187993 -0.215493 -0.036946 -0.154908 -0.189977
-0.496452 -0.527469 -0.562549 -0.623171 -0.680400 -0.726847 -1.220820 -1.462198 -1.011309 -0.285482
-0.005171 -0.411292 -0.517937 -0.243964 -0.431302 -0.517356 -0.516018 -0.366507 -0.491949 -0.610285
-0.921930 -0.742888 -0.664356 -0.550630 -0.447727 -0.580876 -1.372502 -2.097019 -1.905407 -0.784887
0.037926 -0.237991 -0.504583 -0.208444 -0.159132 -0.193813 -0.410265 -0.413282 -0.707854 -0.787623
-0.786196 -0.447765 -0.396277 -0.358076 -0.442473 -0.655177 -1.437688 -2.280121 -1.977309 -0.936587
0.508506 0.322584 -0.070494 0.337985 0.478492 0.611623 0.535940 0.477366 0.346032 0.410566
0.350516 0.440554 0.433144 0.454725 0.183986 -0.045227 -0.419971 -1.024149 -1.186984 -0.735073
0.479701 0.530134 0.394146 0.515223 0.606995 0.692541 0.689275 0.677269 0.652264 0.665950
0.718980 0.777353 0.737391 0.737360 0.621397 0.567398 0.358126 0.025794 -0.092903 -0.040977
-0.382049 -0.030934 0.712242 0.348318 0.146754 0.530160 0.038843 0.620933 0.130124 0.110541
-0.064377 -0.103191 0.190263 -0.050482 -0.926591 -0.523727 0.134147 -0.859830 -0.283216 -0.282290
-0.839672 -0.050952 1.878538 1.885474 0.504554 -0.041253 -0.534236 0.422017 0.680731 0.275499
-0.413244 -0.696787 -0.063774 0.229294 -1.112288 -1.346915 -0.051433 -0.683039 -0.874070 -0.161197
-0.926254 -0.636613 1.221245 1.656037 0.485197 -0.109723 -0.347881 -0.074459 0.668386 0.240250
-0.407250 -1.260117 -0.643322 -0.025931 -0.793047 -1.051880 -0.233606 -0.827209 -0.573580 -0.049107
-0.912646 -0.721523 0.366171 0.262315 -0.327156 0.050777 0.305463 -0.082202 0.221404 -0.219475
-0.250130 -0.925094 -0.769086 -0.187054 -0.798103 -0.625767 0.246401 -1.338044 -0.303570 0.062624
-0.900766 -0.440362 0.454998 0.130574 -0.193468 0.187251 0.672559 0.572145 0.211766 -1.073533
-0.782590 -0.285390 -0.381172 -0.372777 -0.953339 -0.506642 1.089959 -1.322417 -0.744099 -0.049652
-0.886310 -0.139815 0.664354 0.193635 -0.602752 -0.613643 -0.212530 0.357821 0.990507 0.262471
-0.434860 -0.195225 -0.010851 -0.053152 -1.225946 -0.429751 1.451763 -1.037080 -1.372353 -0.117912
-0.881830 -0.132204 0.579470 0.034296 -0.699213 -0.879511 -1.263067 -0.729462 0.584123 2.031625
0.977058 0.011931 -0.380321 0.487928 -1.877095 -0.647797 1.084528 -0.741618 -1.612317 0.112649
-0.901105 -0.458873 -0.227282 -0.805813 -0.653344 -0.212232 -1.340726 0.181475 0.476411 2.433844
1.628061 0.714206 -0.668015 0.526323 -1.838435 -1.415295 0.390397 -0.270152 -1.478514 0.048191
-0.912429 -0.675636 -0.679167 -0.387088 -0.446273 1.298412 -0.779564 -0.447042 1.252389 2.698534
1.224721 0.385438 -0.803489 -0.236005 -1.405944 -1.529887 -0.072426 0.095087 -0.988233 -0.281364
-0.795450 -0.496763 -0.855305 0.668956 0.462021 1.553603 0.850080 -1.022369 0.758610 2.334019
0.117085 -1.133529 -0.971738 -0.740411 -1.163599 -1.241680 -0.237386 -0.137032 -0.557138 -0.301158
-0.333628 -0.120547 -0.461924 1.119154 1.358442 0.689334 1.393044 0.125280 -0.004099 1.087782
-0.150775 -1.669882 -1.347421 -0.664635 -0.840749 -1.054204 -0.075503 -0.403593 -0.650753 -0.330304
0.167301 0.359913 -0.230673 1.491637 1.245623 -0.573034 -0.379825 0.412526 -0.346157 -0.479235
-0.535774 -1.005532 -1.038046 -0.603650 -0.613769 -0.869529 0.180206 -0.330457 -0.653224 -0.314774
-0.018616 0.253295 -0.190325 1.970414 1.860678 -1.204056 -1.225369 -0.001335 0.052296 -0.475497
-1.175143 -0.624741 -0.717467 -0.413546 -0.220435 -0.514977 -0.139435 -0.610804 -0.490857 -0.049217
-0.575105 -0.372638 -0.324671 0.642318 1.726490 -0.498450 -1.106164 -0.495511 0.303771 0.389415
-0.356691 -0.074249 -0.455148 -0.146912 0.333747 0.084681 0.180430 -0.912203 -0.567758 0.000952
-0.609718 -0.661029 -0.371942 -0.145792 1.157727 0.339792 -0.787010 0.157475 0.413300 0.527804
0.257933 0.174666 -0.140049 -0.572043 0.229986 0.284964 0.681389 -1.200699 -0.632757 0.135605
-0.314537 -0.421090 -0.069517 0.162813 1.179321 0.307890 -0.457194 0.212429 0.798298 0.524169
0.895249 0.638954 1.083526 0.602316 0.338447 0.473534 0.953797 -1.032398 -1.197348 0.094606
0.345820 0.440305 1.081838 0.667346 2.189556 1.304431 -0.041191 -0.340492 0.564158 0.572408
0.878710 0.580009 1.329835 2.169212 0.203032 -0.568758 1.402097 -0.560131 -1.523561 -0.174413
1.180113 1.901204 2.743847 1.200621 1.181384 1.070029 0.132781 -0.311357 0.098710 0.618624
0.954718 0.530573 1.153204 2.646666 0.885681 -1.391085 0.376238 -0.383892 -1.839549 -0.684135
1.474618 2.305262 3.573573 2.616730 0.928338 0.257029 0.027681 -0.655536 -1.068996 -0.520436
-0.087459 -0.343258 0.111993 1.386903 1.193029 -0.567028 -0.671062 -0.600879 -1.301120 -0.823878
1.020126 1.025750 1.147221 1.545701 0.973050 0.126411 -0.187070 -0.415073 -0.788031 -0.698986
-0.502151 -0.503842 -0.464704 -0.036111 0.129538 -0.089180 -0.492651 -0.657500 -0.307661 -0.269844
-0.287539 -0.506752 -0.141149 0.348691 0.567861 0.295233 -0.037048 -0.140174 0.018981 0.256147
0.327339 0.229011 0.110738 0.040366 -0.166396 -0.218814 0.061684 -0.075979 -0.411026 -0.752694
-0.846905 -0.369542 -0.372698 -0.275645 -0.213808 -0.105734 0.046313 0.343183 0.591677 0.731868
0.625252 0.430610 0.375301 0.404235 0.206887 0.150852 0.277030 0.360747 0.017821 -0.318406
-0.076532 0.061081 0.075662 0.247035 0.533834 0.695865 0.699008 1.099344 1.419681 1.434574
1.017499 0.777825 0.971891 0.952816 0.762235 0.915055 0.994203 0.616797 -0.090406 -0.452442
0.206671 0.339305 0.643010 0.855435 0.829490 0.684215 0.575647 0.430121 0.364084 0.731999
0.740579 1.005384 1.316099 1.284940 1.054667 1.159765 0.550021 0.029913 -0.143991 -0.326065
-0.029342 0.444207 0.922315 1.125207 1.354093 0.349536 -0.750728 -0.888975 -0.065406 0.097139
0.722372 1.538051 1.610400 2.104927 2.496756 1.508618 0.299520 0.481575 0.194124 -0.196648
0.174126 0.772493 1.035085 1.156162 0.193187 -0.787797 -0.978541 -0.976344 -0.962189 -0.318841
0.832550 1.458772 2.170441 3.472408 3.161659 2.045266 0.892181 0.193273 -0.113303 -0.234506
0.275739 0.318415 0.377570 0.000320 -0.279924 -0.625324 -0.895969 -1.074747 -1.099088 -0.710034
0.556067 1.873857 2.832941 3.665534 3.231862 2.605885 0.879340 0.129929 0.128408 0.037725
-0.123923 -0.266014 0.061878 -0.158343 -0.195021 -0.947229 -1.013353 -1.017814 -0.971752 -0.149894
0.970429 2.047791 2.835108 3.535109 2.937972 1.624385 0.084828 0.083139 0.106838 -0.121295
-0.412323 -0.219306 0.400282 -0.387302 -0.456362 -0.599448 -0.821510 -0.696551 -0.139692 0.649500
0.891804 1.272832 1.885300 2.099613 1.362458 0.636191 -0.203717 -0.271135 -0.009825 -0.099141
-0.269897 -0.072277 0.159569 0.157778 1.061336 0.540749 -0.157423 -0.450951 -0.202412 -0.082529
-0.286411 0.385286 1.159976 1.338303 0.786912 0.156239 -0.451306 -0.325891 -0.063892 0.051444
-0.364814 0.161628 0.592847 1.301002 1.911017 1.787899 0.931256 -0.054949 -0.553604 -0.513354
0.027958 0.357065 0.186978 -0.131520 -0.256527 -0.492573 -0.527633 -0.289768 0.088262 0.075176
-0.592972 -0.640138 0.186288 1.407573 2.247437 2.181473 1.134251 0.414266 0.097445 0.428392
0.129410 -0.358354 -0.613036 -0.539538 -0.651277 -0.631872 0.019807 0.749552 0.509858 0.044919
-0.871933 -0.807178 -0.434469 0.298932 1.083278 1.893449 1.881981 0.799833 0.654854 0.677231
0.324310 0.072319 -0.053034 0.049174 0.164767 0.944592 1.373654 0.996666 0.271712 -0.238848
-0.747978 -0.974578 -0.754077 -0.088269 0.477831 1.010433 0.862999 0.902364 1.079340 1.103252
1.217613 1.406451 1.266658 1.208161 1.222109 1.334277 1.218233 0.864178 0.047518 -0.439822
-0.756636 -0.850833 -0.733576 -0.544032 -0.274837 0.059336 0.389259 0.733998 0.650708 0.678444
0.864847 0.886575 0.974365 1.589538 1.958069 1.949976 1.478023 0.884119 0.163009 -0.572644
-0.690202 -0.930468 -0.965891 -0.760968 -0.570326 -0.143401 -0.296064 -0.409795 -0.270394 -0.230231
-0.062292 0.325418 0.803046 1.344190 1.617529 1.342573 1.013381 0.199514 -0.375957 -0.739249
-0.641381 -0.538780 -0.441811 -0.329547 -0.304517 -0.454418 -0.350182 -0.194936 -0.409154 -0.169443
0.047199 0.004484 0.030104 0.681483 1.089235 1.174631 0.574026 0.031365 -0.193963 -0.609798
-0.350886 -0.392604 -0.345794 -0.543651 -0.362029 0.065556 0.261467 0.044666 0.022174 0.046376
-0.148359 -0.211943 0.174035 0.592950 0.600778 0.287959 0.252231 0.277313 -0.200588 -0.556841
-0.482426 -0.853778 -1.008554 -0.782579 -0.408139 -0.470354 -0.582010 -0.700483 -0.668448 -0.701536
-0.611554 -0.531124 -0.606670 -0.778689 -0.752602 -0.181176 -0.116795 -0.834558 -0.851734 -0.885824
-0.777376 -0.811788 -0.474338 -0.726278 -0.797165 -0.742183 -0.657092 -0.620643 -0.615220 -0.694368
-0.672273 -0.702491 -0.649445 -0.751366 -0.578580 -0.705920 -0.772558 -0.540116 -0.400225 -0.520825
0.742335 0.305764 0.257688 0.353211 0.397723 0.702934 0.585567 0.392532 0.467255 0.530017
0.652531 0.904469 0.716096 0.673877 1.211202 0.979179 1.005504 0.626467 0.346867 0.346407
0.388496 0.448868 0.612726 0.636481 0.603696 0.928700 1.291818 1.281260 1.027827 0.980417
1.916247 1.735097 1.432809 1.993058 2.101285 1.241251 0.882480 1.174521 0.556698 0.249758
0.185350 0.478005 0.541370 0.651193 0.807639 0.733495 -0.311859 -0.411353 0.022964 0.138206
-0.978480 -1.782253 -1.480603 -1.737450 -1.909235 -1.456339 -0.572296 0.224662 0.196804 0.263879
0.597852 0.574727 0.777988 0.932910 1.118591 0.209623 -0.232999 0.051013 0.127269 0.162124
-0.146262 0.135885 0.267334 -0.019368 -0.590952 -1.008843 -1.125746 -0.673356 -0.116492 0.056330
0.412983 0.224818 0.267731 0.364627 0.810893 0.154928 0.341199 0.388425 0.603921 0.728153
0.608338 0.872141 1.323116 1.245344 1.382773 0.787768 0.265012 0.186527 -0.079953 -0.141315
0.221722 0.372696 1.028280 0.912874 1.218026 0.428297 0.174906 0.954428 1.195735 0.606839
0.347524 0.437970 0.208291 -0.169654 0.266989 0.204410 0.700931 0.497011 -0.329979 -0.235815
0.785266 0.671565 1.196417 1.327267 0.210474 -1.059455 -0.017476 0.871194 1.029419 0.382488
0.312674 0.281226 -0.363033 -0.419607 -1.555712 -1.568748 -1.363315 -2.031768 -0.761218 0.030659
-0.113573 -0.306983 0.033389 -1.450501 -2.973000 -0.761027 0.358584 0.301515 -0.026645 -0.076160
0.525972 0.750715 0.705339 1.394352 -0.324531 -0.880860 -1.559314 -0.974191 -0.416329 -0.299905
-0.605352 -0.775061 -2.837199 -1.403436 -1.165872 -0.409992 -0.265760 0.058728 -0.689647 -0.322624
0.311101 0.221040 0.326627 0.259826 -0.948204 -0.507093 -0.339241 0.386273 -0.055617 -0.157510
-1.078473 0.233713 0.034070 0.423843 -0.062296 0.381541 0.140775 -0.866274 -0.859766 0.055896
0.639779 0.994189 0.812376 -0.214273 -0.520299 -0.231058 -0.648488 -0.415774 -0.326293 -0.090541
0.165050 0.519417 0.400015 0.679856 0.867226 0.623073 0.062967 -0.513265 -0.056849 0.511984
0.209477 -0.278766 -1.168124 -1.947517 -2.507326 -1.595378 -0.561958 -0.221248 -0.355004 -0.260907
0.660057 0.478921 0.995606 0.931861 0.593870 0.525729 0.589429 0.936804 1.168495 0.152907
-0.605207 -2.271975 -3.091038 -3.981369 -3.299960 -0.561189 0.287751 -0.353698 -0.414677 -0.316043
1.038546 0.876722 0.651275 0.600282 0.651723 1.180605 2.254305 1.485102 -0.154645 -0.364500
0.007133 0.367421 1.295178 1.530650 0.806533 0.455531 -0.852401 -1.613973 -0.922503 -0.225084
-0.066205 0.670417 0.481898 0.202062 -0.163915 -0.187638 -1.556704 -1.920606 -0.817728 -0.525597
-1.209393 -0.570179 -0.671708 -1.835709 -1.740631 -1.342273 -1.656185 -0.266651 -0.113516 -0.361478
-0.079595 -0.402533 -0.154931 -0.182371 0.108000 -0.303150 -0.192653 0.460435 0.614837 0.447714
0.313918 0.227518 -0.655448 -0.708207 -0.331572 -0.588291 -0.509529 -0.473466 -1.027375 -0.262664
-0.498215 -0.979869 -0.846125 -0.160018 0.421892 0.916767 1.075734 1.196410 1.120176 0.713925
0.466763 0.541629 0.287102 0.886631 1.429195 1.199217 0.471741 -0.705878 -0.187458 -0.184633
0.015659 0.105661 0.264385 0.479134 0.292055 -0.337897 -0.675483 -0.654540 -0.959618 -0.519584
-0.185074 -0.041559 0.070380 -0.008650 -0.829821 -0.594183 -0.007323 -0.586416 -0.153856 -0.311113
0.514527 1.011127 1.889681 2.095636 1.424818 0.984348 1.377387 1.143874 0.990425 1.017077
0.854755 0.751842 0.871215 0.961265 0.424038 -0.210766 -0.082206 -0.137196 -0.810607 -0.542183
-0.782939 -0.736944 -1.241438 -2.151940 -2.001674 -1.537810 -1.704439 -2.045657 -1.877016 -1.526521
-0.941727 -0.467361 -0.512724 -1.239750 -1.913433 -2.194182 -2.204463 -2.755322 -1.322528 0.046095
0.830498 0.251658 0.302107 -0.060822 -0.229547 -0.335944 -0.498411 -0.471729 -0.485622 -0.443633
-0.339095 -0.338578 -0.151613 -0.395326 -0.375824 -0.510423 -0.944182 -1.347326 -0.451032 -0.199876
-0.322531 -0.729287 -0.723178 -0.673918 -0.822301 -0.861111 -0.758851 -0.719047 -0.864118 -0.856303
-0.768717 -0.846466 -0.900127 -0.901908 -0.848292 -0.735505 -0.705937 -0.792562 -0.682858 -0.485004
-0.116952 -0.514691 -0.644011 -0.608950 -0.751992 -0.769162 -0.632567 -0.537732 -0.613683 -0.788200
-0.804929 -0.749168 -0.582224 -0.379463 -0.217871 -0.058768 0.130347 -0.419553 -0.790066 -0.664181
-0.050099 -0.403336 -0.557812 -0.489689 -0.557720 -0.628283 -0.551942 -0.538728 -0.486924 -0.527491
-0.624134 -0.448798 -0.200922 -0.268437 -0.225314 -0.131438 0.051303 -0.186891 -0.387393 -0.448583
-0.320799 -0.396479 -0.365528 -0.353768 -0.330904 -0.259080 -0.048415 -0.224047 -0.365507 -0.413010
-0.521699 -0.073075 -0.088541 -0.557877 -0.709116 -0.726686 -0.759888 -0.682122 -0.436732 -0.378738
-0.319780 -0.215222 -0.290013 -0.427457 -0.204582 0.042767 0.232976 -0.202099 -0.540753 -0.395786
-0.435904 -0.210319 -0.172292 -0.501819 -0.615399 -0.313571 -0.332360 -0.676651 -0.591565 -0.324199
-0.372508 -0.314139 -0.369273 -0.490820 -0.528541 -0.629557 1.001604 0.490368 -0.535907 -0.293500
-0.131977 -0.108126 0.082983 -0.125409 -0.459190 -0.289578 -0.069761 -0.508452 -0.568920 -0.220250
-0.445070 -0.534243 -0.367166 -0.432184 -0.502177 -0.530743 2.461559 1.799913 0.087138 0.733687
0.848017 -0.033654 -0.355739 -0.438402 -0.721393 -0.670063 -0.372195 -0.537081 -0.498702 -0.212052
-0.418808 -0.583961 0.031597 0.053497 0.168966 -0.400755 1.658564 1.497236 0.674482 1.472667
1.470520 0.230335 -0.399574 -0.435081 -0.580940 -0.362667 -0.317061 -0.533833 -0.622076 -0.349777
-0.438244 -0.600868 0.487230 0.712724 0.382180 -0.720734 0.076997 0.713611 0.259093 0.755450
1.193265 0.449791 -0.402390 -0.591175 -0.284258 0.521627 0.238235 -0.296948 -0.517551 -0.315332
-0.329845 -0.640932 -0.074186 0.062327 -0.431434 -1.279087 -0.881333 -0.336976 -0.437486 0.133141
0.693040 0.391129 -0.437838 -0.645402 0.220939 1.397777 0.703138 -0.342249 -0.518737 -0.279975
-0.138748 -0.477026 -0.483579 -0.454154 -0.662864 -0.900071 -0.942464 -1.060009 -1.047460 -0.742854
-0.185148 0.142624 0.018495 0.410281 1.306833 2.290620 1.295085 -0.364620 -0.542560 -0.172821
-0.100237 -0.425551 -0.470449 -0.582021 -0.851040 -0.973161 -0.824454 -0.965428 -1.310768 -1.373367
-0.850083 0.072751 0.278383 0.382294 0.907009 1.513416 1.151725 -0.034720 -0.101416 0.181343
0.233757 0.278686 0.358070 0.261947 -0.361856 -0.751999 -0.766704 -0.767576 -0.762727 -0.830936
-0.808392 0.014551 -0.306374 -1.067062 -0.326090 0.557338 0.283779 0.112669 0.362749 0.306789
0.474168 0.806312 1.121846 1.378387 0.506114 -0.412541 -0.391992 0.305224 0.533526 0.035897
-0.245681 0.138257 -0.043974 -0.761528 0.516126 1.142473 0.062708 -0.059697 0.312578 0.196249
-0.080151 0.513264 1.145645 2.102439 1.741823 0.640028 0.902654 1.738753 1.325743 0.639985
0.413962 0.220914 -0.187887 -0.644810 -0.032195 0.524420 -0.115477 -0.068635 0.447699 0.340260
0.028176 0.474736 0.590733 1.489325 2.066889 1.590393 1.297633 1.351820 0.744838 0.505074
0.927392 1.138561 0.953233 0.311124 -0.483925 -0.193053 0.284890 0.442271 0.642985 0.405567
0.434302 0.828118 0.788636 0.892118 1.231496 1.111512 0.811203 0.845064 0.899633 0.981779
1.118012 1.115863 0.911909 0.543217 -0.511066 -0.836503 0.486670 0.699556 0.862861 0.683394
0.568846 1.138003 1.060156 0.770398 0.834031 1.133193 1.073577 0.903346 0.973531 0.945828
0.781606 0.663305 0.479793 0.486115 0.161502 -0.242550 0.558896 0.947920 1.292912 0.838457
-0.245548 -0.028066 -0.117887 -0.116413 0.086581 0.483926 0.627207 0.483236 0.223025 0.142972
0.407947 0.616803 0.392011 0.225441 0.233603 -0.077276 -0.014022 0.210400 0.578313 0.242237
-1.175492 -1.131807 -1.028109 -1.146874 -1.422030 -1.390350 -1.316821 -1.356007 -1.406046 -1.411379
-1.300714 -1.078094 -0.859326 -0.737383 -0.867910 -1.141551 -1.305865 -1.399941 -0.901624 -0.430690
-0.396753 0.354821 0.632718 0.176616 -0.108421 -0.499124 -0.044039 1.115381 0.663174 -0.022153
-0.330023 -0.773689 -0.435131 0.293907 -1.111313 -0.567214 0.752038 0.365317 0.967782 0.776609
-0.324426 -0.375830 -0.253882 -0.314615 -0.647180 -1.376778 -2.356879 -1.083155 0.388576 0.393024
-1.126283 -2.233105 -0.981553 -0.433015 -2.256905 -2.055614 0.914537 0.179978 -0.245209 0.926922
0.629105 0.090258 0.370663 0.009532 -0.008794 -0.699827 -1.236189 -0.704029 0.249674 -0.281025
-0.659656 -1.144285 -0.102178 0.074261 -0.766052 -1.660421 1.500707 0.869788 0.035408 0.819844
-0.216925 -0.382420 -1.003210 -1.006065 0.308322 0.225168 0.706428 0.424777 0.645035 0.588090
1.439145 0.711089 0.676917 2.174388 2.114987 0.250243 0.807949 0.745582 -0.333355 0.875027
-0.891559 -0.483098 -0.969877 -2.010979 -1.131148 0.227018 0.552668 0.407604 0.345302 1.083021
1.235926 -0.413170 -0.594271 1.230530 0.368336 0.648566 1.696691 0.672002 -0.741607 0.372057
-0.529269 -0.418672 0.154669 -1.168627 0.081565 -0.829381 0.100041 0.778372 -0.244274 0.666365
0.885825 -0.000856 -0.859785 -0.448591 -1.963125 -0.966836 1.388556 -0.078607 -0.343841 1.064849
0.232191 -0.598506 0.783995 -1.372819 0.140172 -0.659429 -0.030465 -0.434457 -0.347070 1.125436
0.966037 0.944629 0.008739 0.627826 -0.488996 -1.819332 1.479750 -0.465812 -0.957372 0.089812
0.384140 -0.685960 1.310677 -0.607936 0.657167 1.301339 -1.217077 0.948833 -0.469705 0.588063
0.504298 -0.065041 -0.805909 -0.397799 -0.127397 -0.487331 2.783874 0.713658 -0.654393 0.455749
0.450010 -0.458273 1.295691 0.156636 0.398813 1.539188 -0.671405 1.257341 -1.047370 0.869938
0.433299 0.310243 -1.206361 -2.093053 -0.463841 -0.592715 1.636023 0.122073 -0.569070 0.259661
0.469614 -0.624584 0.885891 0.086734 0.243285 0.509361 0.433900 0.000498 -0.365444 -0.251466
0.046938 -0.010540 -0.305419 -1.293773 0.301898 -0.422481 2.085714 -0.496027 -0.638596 0.284120
0.331148 -0.381089 0.339680 -0.082839 -0.602572 -0.167308 0.473968 0.335332 0.118321 -0.366621
-0.274705 -0.281892 -0.071985 -0.341407 0.306161 -0.323000 1.616798 -0.199926 -0.779583 -0.020740
0.190496 -0.461233 0.218163 0.105554 -0.415398 -1.056939 0.106855 0.472268 -0.367536 -0.922191
-0.461412 1.233110 1.177544 0.182030 0.435914 -0.684618 0.431387 -0.659178 -0.189773 0.369295
-0.389605 -0.740482 -0.087446 0.443224 0.432111 -1.253479 -1.868467 -0.972138 0.633339 0.010895
-2.420149 -0.782447 0.876804 -0.023782 1.170851 1.557080 0.940677 0.200299 0.323298 0.502202
-0.441957 -0.915965 -0.716768 -0.041626 0.664681 -0.377885 -2.175634 -0.377284 0.614648 0.805212
0.093976 -1.324426 -0.673033 -2.136498 -1.524161 -1.000202 -1.202314 -1.534271 -0.236155 1.367590
0.023369 -0.532310 -0.556423 -0.399825 0.282658 0.145601 -0.816782 -1.087489 0.342243 1.645574
2.086476 0.553165 2.189859 1.252147 0.685159 1.099038 0.372859 -0.833074 -0.132495 1.497710
0.132480 -0.336495 -0.246554 -0.449288 -0.716449 0.137010 -0.636721 -0.579241 0.537583 0.243862
0.014139 -0.416087 0.208329 0.431014 -0.932017 -0.618765 0.182595 0.575504 -0.120734 1.733451
0.419571 -0.388676 -0.199998 -0.796018 -0.819130 -0.206732 0.060551 -0.123661 0.483544 0.250521
0.125577 -0.156528 0.260006 0.351827 -0.689572 -2.360685 -1.145828 0.851594 0.093655 1.857397
-0.049969 -0.872169 -1.632549 -1.796876 -0.477871 0.761511 0.409754 0.133519 0.742559 0.568226
0.713143 0.800109 0.448301 0.191740 -0.209658 -0.613851 -1.166064 -0.234227 1.276726 2.586606
0.334261 -0.095208 -0.488566 -0.747084 -1.003117 -0.640632 -0.455147 -0.786445 -1.153865 -0.651406
-0.791759 -0.588970 -0.587238 -0.108636 -0.203386 0.517678 -0.653533 -0.275573 -1.365344 0.353399
0.502665 0.623732 1.784213 2.174418 1.995020 2.448117 2.353466 1.843921 1.908505 1.545220
1.248017 0.959967 0.418266 0.665468 0.867223 1.194270 1.858893 2.223173 -0.019704 1.628694
0.204111 0.273231 0.619258 0.512081 0.439848 0.203235 0.101672 0.032521 0.188280 0.192992
0.064625 -0.163003 -0.163237 -0.150590 0.010928 -0.118225 -0.073661 0.145372 0.301793 0.285025
0.088746 0.155773 -0.037350 0.207442 0.172901 0.056301 -0.022469 -0.060474 -0.121652 -0.297527
-0.194863 -0.273128 -0.200880 -0.026678 0.234832 0.568344 0.287359 0.120897 0.167115 0.192496
0.329453 0.304765 0.158142 0.124771 0.292182 0.213475 -0.376738 -0.986262 -1.342476 -0.889696
-0.409338 -0.031109 0.024090 0.111389 0.042329 0.011960 0.079332 0.112605 -0.032071 0.116627
0.111205 0.271087 0.204284 0.138174 0.073995 0.245516 0.695526 1.291288 1.227488 1.035239
0.390539 0.329622 0.519985 0.456874 0.297219 0.290973 0.656010 0.371858 0.257434 0.084459
0.142214 0.022594 -0.129619 -0.180757 0.037308 0.138639 -0.628676 -0.891925 -0.732642 0.055941
0.561818 0.473160 0.241513 0.315742 0.191952 0.140895 -0.011942 0.214440 0.286987 0.119737
0.171719 0.320979 0.556455 0.406957 0.251298 0.182263 -1.136123 -0.861814 -1.948111 -0.222438
-0.129533 -0.059746 0.042376 0.045069 0.152337 0.172057 0.203838 0.177758 0.159328 0.114341
0.184983 0.172821 0.095868 0.242948 0.033026 -0.103775 2.023395 1.231095 0.870682 0.367796
0.240681 0.494039 0.396361 0.264965 0.078973 -0.488489 -0.521630 -0.492538 -0.014320 0.120696
0.172951 -0.064883 -0.002858 -0.022857 0.438471 0.320931 -0.605231 0.602283 1.481359 0.376931
0.184256 -0.085190 0.006386 0.159249 0.097826 0.071551 -0.313014 -0.444695 -0.073212 0.130719
0.106225 0.299772 0.376095 0.343727 0.054746 0.332698 -0.848236 0.118126 0.441353 0.199111
0.117996 -0.136083 -0.619077 -0.558187 -0.072925 0.960745 1.078477 0.954409 0.408333 0.164402
-0.066432 -0.363314 -0.010222 -0.141021 -0.026979 -0.118343 0.211416 0.254422 0.280341 0.313101
0.445230 0.708465 0.831451 0.404775 -0.150182 -0.804778 -0.154810 0.397353 0.180646 0.105171
0.040289 -0.072843 0.086437 0.231966 -0.493777 -0.364676 -0.355851 0.041736 0.048382 0.115189
0.053840 0.002407 -0.003112 -0.221196 -0.687207 -0.388406 0.047622 0.284722 0.141666 0.052965
-0.061953 -0.329357 0.174858 -0.358675 -0.308209 -1.472692 -1.581148 -1.442719 -1.046053 -0.659254
-0.402022 -0.153301 0.572300 1.401294 1.478035 0.666247 0.342003 0.212489 0.120299 0.014181
-0.174092 -0.791071 -0.547335 0.047825 0.171393 0.610715 -0.398534 -1.248144 -1.595800 -1.908754
-1.481315 -1.026067 -0.950128 -0.727983 -0.028712 0.331130 0.328640 0.175340 0.255161 0.123037
0.284704 0.315699 0.059821 -0.203773 -0.265171 -0.302487 -0.287667 -0.196324 -0.593650 -0.445783
-0.666779 -0.973902 -1.425446 -1.918980 -1.872222 -1.594253 -0.552762 -0.116414 0.023772 0.108400
0.464723 0.563590 0.645961 0.134127 0.460922 0.705467 1.353950 1.672577 1.859167 2.249482
2.194198 1.258035 0.774458 1.360203 0.971378 0.715704 0.475871 0.048369 0.222351 0.182242
-0.028841 0.212389 0.304281 0.507319 0.158653 0.700580 0.432133 -0.228776 -0.090024 -0.268883
-0.207360 0.295787 0.537033 -0.307319 -0.374980 -0.068711 0.104108 -0.066708 0.037657 0.119090
0.169600 0.026765 0.008389 0.046937 -0.068161 -0.453546 -0.284053 0.281873 0.427195 0.333060
0.076911 -0.068512 -0.048750 -0.558073 -0.924070 -1.060009 -1.040828 -0.598008 -0.105811 -0.079619
-0.193264 -0.277166 0.168597 0.224217 0.216094 0.277517 0.219593 0.223768 0.362007 0.342925
0.392629 0.492970 0.450367 1.280025 2.073486 1.288081 0.248442 0.008488 -0.526997 -0.233965
-1.165377 -1.586252 -1.322948 -0.392265 -0.058527 -0.125950 -0.103210 -0.034904 -0.082545 -0.230655
-0.248989 -0.350885 -0.482037 -0.498586 -0.549245 -0.315476 0.643656 0.510477 0.406794 0.298197
2.517680 2.038061 0.713000 0.182840 -0.019542 -0.052161 -0.067997 -0.108915 -0.076872 0.087636
0.149088 0.076024 0.081791 0.042820 0.200476 0.350701 0.499330 0.326807 0.056929 0.094761
-0.395066 0.630137 0.388460 0.508604 0.573278 0.692946 0.479200 0.394457 0.719551 0.106168
0.519732 0.860582 0.376742 0.107295 0.688382 0.370726 -0.719065 -1.076603 0.449369 0.502941
-0.405485 0.570195 0.487513 0.714404 0.810648 0.788231 0.510312 0.776739 0.263531 0.238271
0.803946 1.644182 -0.033560 -0.608576 0.812137 0.483565 -2.278092 -1.641658 0.821311 0.379809
-0.249302 0.441272 0.736292 0.648743 1.009724 0.491772 -0.017025 1.080808 0.000924 0.174484
1.173422 1.302258 -0.334983 -0.201909 0.249199 0.375715 -1.344424 -1.875552 0.697826 0.162281
0.465338 0.353558 0.420235 0.778838 1.228935 -0.226937 -0.170200 0.852386 0.522428 0.274579
1.303375 -0.376418 0.423684 0.160114 -0.380080 -0.621976 -0.332017 -1.632327 0.504389 -0.247902
0.828597 0.102004 0.073762 1.009002 1.128376 -1.290088 0.524742 0.032530 0.924050 0.621433
0.452138 0.002111 0.769422 -0.061645 0.403108 -0.565123 -1.315116 -0.658451 0.616751 -0.762084
0.480678 0.372067 -0.115962 0.779554 0.651842 -0.900408 0.641781 -0.455369 0.577832 0.468574
0.008495 1.008443 0.209441 -0.583671 0.430811 1.031494 -2.845543 -0.348424 0.442140 -0.970089
0.208269 1.058609 -0.680356 0.565437 0.869101 -1.570312 -0.109247 0.263833 0.850676 -0.357123
-0.285977 1.319410 0.140326 -0.549852 0.286920 1.314910 -2.615111 0.206037 -0.282283 -0.586343
0.510755 1.498029 -1.415369 1.114282 1.082242 -2.858553 -0.840759 1.325275 0.673191 -0.993536
-0.229084 0.914917 0.564631 -0.167816 0.203245 -1.154332 -1.660545 -0.090691 -0.196377 -0.559176
0.494120 0.597932 -0.340469 0.660239 0.347193 -0.755040 -0.655252 0.603907 0.011320 -0.974459
-0.137526 0.216066 1.086647 0.752082 0.424436 -3.676555 -0.620780 0.101175 0.080802 -0.630074
-0.039058 -0.001539 0.380138 -0.024325 0.073450 1.198326 -0.555791 -0.194335 -0.014154 -1.042073
0.044786 -0.754180 1.382070 0.533893 -1.300637 -3.752269 -0.718400 0.379166 -0.311782 -0.312927
-0.786679 0.734186 0.404987 -0.012250 0.677528 1.610714 -1.039512 0.445932 -0.119290 0.231529
-0.023822 -0.314818 1.287801 -0.813937 -1.453579 -2.385631 -1.497277 1.069546 -0.460181 -0.479618
-1.266389 0.536096 0.550654 0.294871 0.575828 1.125174 -0.576666 0.076919 0.162426 0.638897
0.247252 0.079039 -0.414180 -0.195539 -0.601759 -1.309342 -0.380579 0.709565 -1.026628 -0.820290
-1.679625 0.449976 0.632324 -0.186552 0.774388 1.032153 0.294922 0.490541 -0.430058 0.312468
1.553976 -1.358557 -1.353108 1.024550 -1.295701 -1.680776 1.079643 -0.500195 -1.328813 -0.301581
-1.821972 0.842171 0.595613 -0.889586 0.228750 1.029835 1.038519 -0.384761 -0.897630 0.303137
1.029492 -0.480326 -0.591440 2.042473 -1.928275 -1.959440 1.928194 -1.086104 -0.817160 -0.288587
-1.593687 1.083434 0.444927 -0.929012 -0.506997 1.425792 0.074481 -1.931983 -0.104774 -0.151996
-0.979814 0.386581 -0.140442 0.218873 -1.313533 -0.555135 0.161671 -0.151178 -1.173315 -0.151869
-1.556191 0.694080 0.113100 0.006927 0.190248 0.572723 -0.603523 -1.781423 -0.034965 -0.487191
-1.118922 0.077413 -0.192729 -1.667308 1.295387 0.764085 -1.607212 -0.018972 -1.556613 0.578571
-1.879903 0.128868 -0.005734 0.725564 -0.054116 -0.326010 -1.121459 -0.691885 -0.451114 -0.226021
-0.454472 -0.321447 -0.651191 -1.027521 1.084159 2.720782 -3.570520 0.486780 -1.085897 -0.051346
-2.211917 0.245538 0.312495 1.111837 -0.192939 -1.566655 -0.894591 -0.702305 -1.311356 -0.249010
-0.897913 -1.302779 -0.859273 -0.113997 0.142864 0.788971 -2.943434 0.237051 -1.092546 -0.515382
-0.780991 0.595082 0.550023 0.963311 0.264090 -0.936497 0.190153 -0.287351 -0.354530 0.826467
-0.544421 -0.942474 0.094044 0.792626 0.360044 -1.166129 0.049250 -0.528063 -0.218510 0.135085
0.721045 0.234990 0.053809 0.045551 -0.034810 -0.265555 -0.303433 -0.390986 -0.118113 -0.070640
-0.403787 -0.382244 -0.072150 0.035141 -0.223426 -0.519284 -0.006294 -0.308731 0.164348 0.248794
-0.151196 0.398356 -0.039645 -0.289047 -0.567185 -0.718345 -0.890503 -1.191681 -1.386980 -1.821293
-2.048751 -2.165621 -2.037067 -1.678336 -1.732670 -1.886119 -1.662880 -1.852641 -1.380746 0.701796
-2.971247 -0.531418 -1.429738 -2.032713 -2.332831 -2.370926 -2.244807 -2.239437 -2.605074 -2.965003
-3.285300 -3.755086 -4.212242 -3.289808 -2.800124 -3.274539 -3.201992 -2.696136 -2.943733 -0.840476
-1.264949 0.962948 0.024102 -0.321568 -0.534098 -0.644332 -0.749726 -1.311915 -1.409148 -1.464790
-2.029272 -3.229130 -3.929265 -3.127965 -2.956631 -2.689505 -2.847489 -1.547899 -1.416246 -0.014453
-1.765622 0.994688 -0.096506 -0.296043 -0.311373 -0.083774 -0.063132 -0.341196 -0.724573 -0.800402
-1.359547 -2.236157 -2.742923 -2.365781 -2.296987 -2.652295 -2.580839 -1.773716 -1.406876 -0.455550
-1.783704 0.710422 -0.923363 -0.849806 -0.333548 0.222374 0.242769 -0.122346 0.236116 0.398540
-0.569435 -1.711254 -2.390302 -1.939638 -1.654936 -1.795951 -1.902444 -0.676997 -1.137189 -0.410816
-1.773164 0.019822 -1.220752 -0.224069 0.119189 0.495064 0.799884 0.338181 0.353758 0.856061
0.321605 -0.743323 -1.454418 -1.634117 -1.257724 -1.289398 -1.318931 -0.466376 -0.802146 -0.262400
-1.293706 0.289501 -0.922818 -0.316192 0.140802 0.796992 0.989531 0.914886 0.732918 0.799904
0.724731 0.042595 -1.234783 -1.668533 -1.387088 -1.305791 -1.198549 -0.474715 -1.146197 -0.396857
-1.589924 0.196097 -0.647109 0.408200 -0.242910 0.502030 1.137658 0.891161 0.975086 0.983345
0.657172 -0.133161 -1.760923 -1.798399 -1.262654 -1.070104 -0.677847 -0.204322 -0.875395 -0.345699
-0.956413 0.468021 -0.722589 -0.289060 -0.756142 0.313510 0.986479 0.876277 0.923187 0.869367
0.434901 -0.718229 -2.506272 -2.111530 -1.680772 -1.477781 -0.043859 0.251110 -0.715751 -0.151215
-1.297578 0.823523 0.456431 0.392804 -0.271970 0.505439 0.962263 0.645618 0.598622 0.474492
-0.133906 -1.199436 -2.284507 -1.222024 -0.645836 -0.534134 -0.388399 -0.006575 -0.645824 -0.350539
-1.335607 0.713186 -0.208626 0.443190 0.423382 0.426316 0.450297 0.022841 0.099418 0.281050
-0.049102 -1.044078 -1.637890 -0.310351 0.210548 -0.126547 -0.173968 0.313979 -0.540596 -0.222394
0.021025 1.474873 0.741992 0.626812 0.627010 0.557114 -0.327590 -0.227859 0.294758 0.330193
-0.096524 -0.860989 -1.249311 -0.180563 0.690235 0.165873 0.193715 0.496953 -0.143295 0.074518
-0.441067 1.626813 0.980021 0.920259 0.803248 0.610381 0.174881 0.044565 0.422710 0.698063
0.416293 -0.374723 0.077756 0.970167 1.147575 0.516826 0.281706 0.689151 0.038440 -0.124823
0.342575 1.221494 0.883875 0.808348 0.610533 0.485101 0.103094 -0.027754 0.146478 0.245544
0.189763 -0.166779 -0.036242 0.692537 1.073987 0.867367 0.791119 1.034873 0.357286 0.192646
0.440134 1.184734 0.944315 0.717130 0.904721 0.883561 0.822870 0.655967 0.717829 0.801104
0.699639 0.643680 0.598316 0.864070 0.933881 0.901756 0.888291 0.995783 0.463267 0.195641
0.376315 1.238500 0.990274 0.822740 0.691516 0.929096 0.895015 0.650873 0.429967 0.562000
0.642939 0.801492 1.029117 1.009650 1.011068 0.940759 0.971031 0.960053 0.660804 0.290705
-0.060259 1.286733 0.974373 0.961698 0.953772 0.887807 0.892336 0.878218 0.855328 0.881561
0.889749 0.829642 0.711868 0.720376 0.891104 0.953867 0.945003 1.002626 0.762576 0.360341
0.759119 1.282171 0.970081 0.992477 0.976905 0.964307 0.952097 0.900349 0.877319 0.920468
0.921193 0.851818 0.785996 0.887793 1.010657 0.970997 0.949891 0.929373 0.748667 0.360711
-0.689257 1.570000 0.897657 0.935881 0.979397 0.953635 0.936778 0.905717 0.916406 0.931884
0.942172 0.928333 0.837570 0.862455 0.899590 0.940199 0.972080 0.984893 0.803773 0.417514
1.009971 0.674723 0.604642 0.609827 0.596989 0.595418 0.580108 0.547004 0.545415 0.587602
0.559472 0.510450 0.487958 0.557801 0.627957 0.606658 0.578537 0.574168 0.488306 0.251071
-0.638985 -0.233370 -0.314635 -0.106242 -0.149671 -0.137525 -0.123867 -0.137306 -0.156761 -0.148557
-0.134016 -0.119182 -0.181025 -0.170389 -0.157830 -0.127896 -0.156475 -0.159004 -0.292465 0.027846
-0.198438 -0.639792 -0.574565 -0.594923 -0.263655 -0.287680 -0.328682 -0.299787 -0.304091 -0.308606
-0.382656 -0.266101 -0.203773 -0.330802 -0.611359 -0.463357 -0.213348 -0.742730 -1.045943 -0.851564
0.412933 0.814008 -0.630500 -0.992208 -0.300390 -0.202051 -0.250254 -0.220099 -0.185186 -0.343728
-0.328610 -0.484696 -0.203572 0.177469 0.147621 -0.544713 0.469163 0.375214 -0.572796 -2.090236
-0.879831 0.061252 0.837247 0.209378 -0.169733 -0.277403 -0.238872 -0.315252 0.010584 0.035364
-0.341913 -0.351372 -0.476022 -0.697962 -0.114291 -0.424024 -0.217277 1.341511 0.424944 -0.852127
-0.701823 -0.227102 0.325753 0.087178 -0.077968 -0.518416 -0.307812 -0.448558 -0.265662 0.237088
-0.060467 -0.106586 0.055797 -0.747171 -0.435464 -0.249706 -1.657898 0.310705 0.673433 0.228672
-0.403289 0.014902 -0.099222 -0.185610 -0.168721 -0.401602 -0.316779 -0.583046 -0.750590 -0.469098
0.320155 -0.668993 0.421888 0.866131 -1.051165 -0.447265 -1.473531 2.134560 0.738489 -0.905989
-0.274900 -0.116514 -0.259328 -0.003376 -0.471755 0.241895 -0.965497 0.264082 -0.065152 -0.687305
-0.105824 0.011334 -0.963530 0.902141 1.240885 -0.291935 -2.178102 1.232937 1.658681 -0.304497
0.170659 0.863646 -1.018891 0.246952 -0.897748 0.924568 -0.457774 -0.117199 0.195647 -0.062591
-0.125743 -0.219800 -0.789700 0.675285 1.592533 0.852412 -1.929590 2.079289 0.666178 -0.002414
-0.597118 1.465074 -0.649761 0.631459 -0.840580 0.625657 0.968084 -1.233189 0.108878 0.611519
0.244295 0.180461 -1.376873 -0.367273 1.172767 0.887637 -2.267000 2.095314 1.516477 -0.437280
-1.137262 1.442850 -0.376379 0.182661 0.721451 1.307888 1.387558 -1.223138 -1.207787 -0.012930
1.002763 0.490849 -0.426279 -2.506525 1.136146 0.161591 -1.994009 1.021583 1.884574 -0.760133
-1.048151 0.559194 -0.374256 -1.268903 0.087560 0.077999 0.958988 0.348353 0.263402 1.038038
0.724815 0.878925 2.099552 -0.787414 0.564391 1.428211 -1.473452 1.067655 0.244971 -0.261598
-0.653342 0.160363 1.279008 -1.983821 -0.944253 -0.411861 0.202740 -0.023334 -0.730161 -0.655751
-0.535718 -0.912303 2.015925 2.237524 1.453787 1.916275 -0.874155 2.784427 1.822607 -0.674819
-0.342237 -1.009446 1.469856 0.881175 -1.618683 -1.512883 -0.590686 -0.004782 -0.303757 -0.633240
-1.665060 -2.133058 0.471236 2.007215 1.645663 0.659922 -1.760033 1.981321 3.340508 0.257257
0.521366 -0.811192 -0.702170 1.542459 1.702469 -0.049353 -1.708946 0.401308 1.237774 0.267218
-0.624692 -1.209702 -0.251903 -0.053635 0.107354 0.425732 -1.228660 -0.097887 2.877035 0.998002
-0.221039 0.079078 0.034314 -0.140539 0.705486 2.468328 0.075914 -1.198555 -0.500704 0.673859
0.796218 0.187549 -0.235944 -0.367476 -0.225589 0.541848 0.141383 -0.767403 1.188743 0.436077
-0.203284 -0.206907 0.427250 0.097610 -0.730893 0.735412 0.951781 0.986720 0.108739 0.025705
-0.374050 -0.340145 -0.216868 0.145795 -0.366253 -0.753231 0.658314 -0.251570 0.782192 0.164037
-0.475295 -0.570908 0.284118 0.290567 -0.338835 0.089187 0.013837 -0.324963 0.058034 0.126756
0.038595 -0.127085 0.111528 0.248597 -0.202926 -1.684563 0.042325 0.281140 0.768714 0.028287
-0.003202 -0.430004 0.544793 -0.151801 -0.856836 -0.108632 0.334028 0.174309 -0.266158 -0.608839
-0.419120 -0.086390 -0.029180 0.094503 0.945822 -0.575137 -0.151154 0.499586 0.443514 0.119195
1.203006 -0.366571 0.140925 0.445096 0.292752 -0.345210 -0.101022 0.025707 0.253585 0.373930
0.227225 -0.453469 -0.159823 -0.581849 0.364201 0.865769 0.646650 0.947642 1.458253 0.036904
-0.462546 0.730751 -0.052991 -0.485764 0.058485 0.130655 -0.453932 -0.562456 -0.315637 -0.210146
0.051736 -0.119572 -0.664132 -1.075936 -1.205704 -0.620358 0.289147 0.322073 1.118030 0.968937
-0.891667 -0.353659 1.050361 0.163982 -0.048536 0.118765 0.110667 0.349531 0.220562 -0.247145
-0.280764 -0.135246 0.504483 0.553577 0.222696 0.137476 1.288053 0.585207 -0.859704 -0.958795
-0.675209 -0.738179 1.121836 0.636251 -0.422552 -0.822724 -0.873494 -0.916608 -0.382091 -0.453192
-0.613679 -0.869190 -0.801446 -0.480458 -0.327992 -0.789295 -0.076522 1.307986 -0.431126 -0.712168
-0.559272 -0.183722 0.733142 1.193109 0.449260 -0.418985 -0.801531 -0.925793 -1.057217 -0.854983
-0.935077 -0.920749 -1.002299 -0.761375 -0.894586 -0.778847 -0.725648 0.950737 -0.607305 -0.788288
-0.697165 0.053787 0.943322 1.040572 1.323529 1.029351 0.117507 -0.529204 -0.488861 -0.519954
-0.597663 -0.921844 -0.970743 -0.397845 -0.553242 -0.837924 -0.294037 1.577491 -0.092463 -0.734412
-0.679521 -0.326699 -0.113128 -0.094577 0.118195 1.236709 1.009025 0.310315 0.748613 -0.009435
0.308885 -0.116455 -0.824765 -0.593191 -0.275642 -0.248396 -0.042429 1.431145 0.097321 -0.741571
-0.628975 -0.353315 -0.762537 -0.365163 -0.153609 1.578417 1.304781 0.601401 2.143261 0.832196
0.672911 0.923650 -0.036791 -0.697476 -1.023695 -0.683239 0.461196 2.034821 0.595124 -0.623018
-0.596205 -0.071112 -0.835133 -0.870325 -0.637162 1.521555 1.003842 0.337391 1.316636 2.367247
0.782572 0.632801 0.598102 0.269975 -0.703311 -0.941395 -0.562836 1.869742 0.493948 -0.617764
-0.564837 0.078184 0.098077 -1.071951 -0.576833 1.205387 0.682238 -0.303932 -1.392391 0.760068
0.821595 0.003109 -0.308688 -0.078618 -0.236573 -0.763852 -0.444346 1.765769 0.651303 -0.734419
-0.448717 0.294505 0.604052 -0.496985 -0.068767 1.903546 2.263749 0.373357 -0.040774 0.190990
1.178494 0.138199 -0.269481 -0.916947 -0.652624 -0.809805 -0.352599 1.977134 1.018758 -0.713361
-0.413978 0.647172 0.946014 -0.008920 0.590807 2.176353 4.737365 2.059374 -0.314875 -0.238628
-0.260092 -0.431926 -0.605281 -0.880718 -0.887026 -0.792581 -0.306016 1.612496 1.115655 -0.319355
-0.314057 0.285944 1.046289 0.434090 0.009291 -0.026601 3.711448 4.028963 0.513937 -0.213217
-0.314632 -0.734273 -0.648627 -0.834342 -0.941453 -0.760003 0.037321 1.440543 0.475635 -0.261506
-0.610393 -0.426714 0.092536 0.206947 -0.874337 -1.039537 0.489995 3.498911 2.633555 0.836637
0.839820 0.583939 0.295190 -0.582040 -0.610748 -0.266583 0.563341 0.685261 0.265197 -0.575078
-0.746332 -0.608977 -0.472937 -0.302040 -0.587267 -0.637571 -1.549016 -0.200339 1.344088 0.467148
-0.316030 0.384408 1.513392 1.357774 0.642264 0.430481 2.501837 2.182954 0.612454 -0.726347
-0.569057 -0.425729 0.073326 -0.557616 -0.517416 -0.474906 -0.394908 -0.994208 -0.506254 0.115753
-0.128420 -0.691000 -0.698047 0.515781 0.723145 0.686148 0.380109 2.095422 1.004510 -0.888949
-0.336849 -0.360576 0.203943 -0.253974 -0.538058 -0.326869 0.098169 -0.165990 -0.717214 -0.291551
0.211776 0.218394 -0.099992 0.200520 0.059409 0.841568 0.914002 1.056935 1.436706 -0.663122
-0.250167 0.071682 0.745837 0.310680 -0.131504 -0.103816 0.259810 0.687563 -0.311593 -0.786790
-0.618176 -0.559348 -0.655050 -0.578961 -0.558724 -0.482071 0.788999 0.870507 0.641068 -0.499974
-0.105794 0.149607 0.737966 0.798516 0.722446 0.408840 -0.056457 -0.184203 -0.167547 -0.624601
-0.383644 -0.196149 -0.440154 -0.675448 -0.778378 -0.808626 0.129049 1.361155 0.690859 -0.608842
-0.036613 0.567850 -0.154916 -0.618193 -0.932237 -0.710616 -0.621619 -0.660502 -0.640603 -0.697718
-0.598724 -0.221319 -0.223508 -0.365867 -0.657197 -0.686786 0.016027 0.962997 1.079809 -0.111382
-0.748327 0.302586 0.739497 0.005367 -0.661192 -0.721135 -0.881868 -0.779366 -0.802340 -0.935175
-0.810307 -0.783415 -0.556666 -0.511398 -0.464709 -0.476967 0.007314 0.562153 0.470961 -0.116633
-0.665764 -1.347566 -0.344718 0.071599 -0.289640 -0.371257 -0.457253 -0.601076 -0.603698 -0.694455
-0.755544 -0.774672 -0.851788 -0.909361 -0.845126 -0.668947 -0.654987 -0.423675 -0.006415 -0.236419
0.017190 0.309398 -0.024801 0.208991 -0.117437 -0.184122 -0.342202 -0.184057 -0.028840 0.057927
-0.108385 -0.556835 -0.412813 0.018974 -0.151982 -0.486856 0.168529 0.000076 -0.430816 0.349312
0.159776 0.491764 -0.335781 0.464902 0.083834 0.178359 -0.533704 -0.981544 -0.758973 -0.054737
-0.260611 -1.013096 -0.596829 0.401900 0.199855 -0.701363 0.375270 0.404977 -0.846793 0.485864
0.274875 0.661745 -0.436472 0.621542 -0.079512 0.756484 0.595685 -0.477450 -0.363120 1.000045
0.710871 -0.827068 -0.980225 0.496612 0.606798 -1.022099 0.383499 0.741996 -1.374372 0.408194
0.446036 0.757308 -0.347506 0.505007 -0.369271 0.629108 0.237172 0.227423 0.051487 0.370531
-0.181368 -1.334257 -1.592801 0.033668 0.381129 -1.351885 0.614657 1.110465 -2.227929 0.292198
0.842150 0.349204 0.086951 0.825542 0.017943 0.265642 -0.363268 -0.314584 1.192654 0.568562
-0.446584 0.133660 -0.824731 0.117208 0.372082 -1.211020 1.067224 1.946889 -2.680456 0.220375
1.217210 -0.552763 -0.018279 0.477004 0.657566 -0.541374 -0.904105 0.143001 1.611017 1.229525
-0.243042 -0.514512 -1.180223 0.555298 0.047921 -1.901404 1.159088 1.891468 -3.103118 0.264288
1.555637 -1.250644 0.024147 0.046838 1.451615 -1.300352 -0.373230 0.042822 1.153441 1.354237
-0.118097 -0.730749 -1.072719 0.930665 0.425496 -1.717279 1.037592 2.133520 -3.142067 0.275966
1.640033 -1.925921 0.012592 -0.106863 2.056421 -1.016931 -0.150148 -0.014935 0.454387 1.440286
0.536657 -0.405376 -1.316347 0.737282 0.780072 -1.328086 1.201145 2.074888 -3.117404 0.315871
1.884297 -1.850948 -0.160311 0.011235 1.182162 -0.979783 0.095422 0.036437 0.417933 1.208969
0.734548 -0.267029 -1.357366 0.093628 0.275130 -0.942878 1.272984 1.919351 -2.846969 0.338611
1.991267 -1.313118 -0.399509 0.016796 -0.218483 -1.134640 -0.281374 0.255161 0.339698 0.920494
0.826572 0.397754 -0.625973 0.088919 -0.004910 -0.215645 1.249315 1.723826 -2.959129 0.329919
1.283324 -0.264269 -0.272762 1.039473 -0.464456 -2.643118 -1.017883 -0.053962 -0.130333 0.068389
0.096521 0.307508 -0.531801 -0.211585 -0.029883 0.120430 1.220612 1.948950 -2.683306 0.284277
0.567345 0.784863 0.151554 2.489223 0.732377 -2.496204 -1.674988 -0.570723 -0.311131 -0.756659
-0.878771 -0.585885 -0.517821 -0.015126 0.040834 0.033230 1.061398 1.981690 -2.368161 0.369524
0.177349 0.975106 0.355440 2.702218 1.625337 -2.105647 -1.211640 -0.552336 0.233503 -0.120337
-0.895799 -0.912242 -0.539727 -0.726838 -0.388379 -0.151747 0.307103 1.545824 -2.203166 0.397364
0.081486 0.622955 0.123061 1.752678 1.958198 -0.761675 -0.419357 -0.228233 0.285498 0.106684
-0.560618 -0.734800 0.293386 -0.655212 -0.494456 -0.099727 -0.026240 1.571909 -1.495226 0.434614
0.022254 0.540174 0.014701 0.889818 2.345764 0.466564 0.428421 -0.072425 0.199355 0.498497
0.223021 -0.055952 0.718394 -0.685994 -0.757382 -0.101525 -0.167074 1.279474 -1.344289 0.515706
0.126826 0.688864 -0.408239 0.100244 0.927253 -0.331771 -0.494745 -0.413979 0.238429 0.485289
0.667200 0.326407 1.072663 0.073252 -0.674202 -0.658165 -0.080209 0.851964 -0.854553 0.633868
0.160289 0.806195 -0.069021 -0.077403 0.246899 -0.512003 -0.822083 -0.235026 -0.166239 -0.222557
-0.020802 -0.188491 0.392225 0.652753 -0.937432 -1.356538 0.059577 0.322563 -0.561125 0.674888
0.170072 0.864103 0.346958 0.158223 0.241255 0.069241 -0.126333 0.071789 0.327702 0.175819
0.100831 -0.122318 0.301439 1.522784 0.587514 -0.713099 0.120564 -0.142293 -0.576888 0.625135
0.186906 0.594623 0.321571 0.075745 0.339183 0.362823 0.105717 0.264120 0.327819 -0.009177
0.064039 0.040793 0.085340 0.823999 -0.089361 -0.789379 0.760238 0.353321 -0.168502 0.590557
-0.037406 0.125372 0.121968 -0.050256 -0.169592 -0.146598 -0.269069 -0.121508 -0.019059 -0.234125
-0.166184 -0.140029 -0.001075 0.237408 -0.134444 -0.406357 0.106451 -0.290831 -0.427272 0.403809
0.977791 0.705564 0.823020 0.739251 0.425605 0.600899 0.363099 0.149442 0.286875 0.516863
0.545356 0.467840 0.516858 0.796038 0.760132 0.550135 0.689363 0.707617 0.930901 0.654915
0.784040 0.653482 0.130339 0.141786 -0.588324 -0.442562 -0.378591 -0.763523 -0.404840 0.190373
0.377330 0.289136 0.224652 0.833781 0.821667 0.292372 0.398929 0.739141 1.019010 0.609514
0.235681 0.336631 -0.379122 -0.596760 -1.098225 -1.093793 -1.182486 -1.440276 -0.893602 -0.502447
-0.465562 -0.499486 -0.723111 -0.226843 -0.275874 -0.788057 -0.279451 0.436323 0.625120 0.475477
0.563554 0.642169 0.433165 0.156064 -0.487322 -0.656296 -1.216832 -1.386732 -0.774443 -0.673875
-0.862479 -1.508407 -1.564288 -1.355621 -0.766235 -0.980888 -0.255133 0.564122 0.667087 0.486765
0.744911 0.829554 0.469269 0.285242 -0.416412 -0.757764 -0.788164 -0.658698 -0.248245 -0.108628
-0.118498 -0.712417 -1.622719 -1.176623 -0.317174 -0.116863 0.430840 0.900884 0.867979 0.553208
0.596588 0.759678 0.463709 0.313888 -0.579285 -0.447745 0.059052 0.453836 0.701586 0.674503
0.623763 -0.361283 -1.636091 -0.813044 0.067793 0.109008 0.661344 1.070650 0.887043 0.484726
0.888936 0.704534 0.838264 0.313897 -1.128118 -0.312068 0.704689 1.067808 1.030164 1.004311
0.720979 -0.696944 -2.071269 -1.452187 0.130912 -0.525175 0.274929 0.867517 0.839261 0.453362
0.574570 0.608421 0.461112 -0.835216 -2.130333 -0.954089 0.926630 1.040300 0.951631 0.590644
0.140916 -0.989065 -1.976778 -1.328635 -0.440382 -0.725627 -0.364439 0.823299 0.699652 0.588581
0.174279 0.535993 -0.225236 -1.833781 -2.319480 -0.686223 0.557474 0.738799 0.360264 0.356777
0.002771 -0.722352 -1.546792 -1.187797 -1.072318 -0.829283 -0.335693 0.835276 0.877090 0.619598
0.435972 0.692237 -0.349286 -0.924429 -1.389181 0.038809 0.226076 0.593246 0.643898 0.191808
0.047057 -1.165386 -2.130961 -1.805586 -1.506797 -1.313205 -0.195926 0.673396 0.728741 0.516886
0.610270 1.139411 0.177608 -0.007148 -0.012697 -0.408520 -0.378893 0.050077 -0.585026 -1.190331
-1.213861 -2.802430 -3.863950 -2.761470 -2.471615 -1.548132 -0.813720 0.241412 0.315116 0.392914
0.680422 0.982807 0.916851 0.313564 -0.089625 -0.692961 -0.675100 -0.123924 -0.646991 -1.452178
-2.152511 -2.573433 -3.267366 -2.369934 -2.406168 -1.758864 -0.414309 -0.011836 0.143612 0.396733
0.803121 0.967841 0.352233 -0.035273 -0.012068 -0.418040 -0.282002 0.203385 0.221028 0.233048
-0.305150 -0.821180 -0.966452 -0.773518 -0.898758 -0.830126 0.129687 0.194149 0.335452 0.451401
0.785689 0.870048 0.090638 -0.568062 -0.260748 -0.340169 -1.072811 -0.647534 -0.160564 0.171098
0.352203 0.090062 0.150889 0.092140 0.110968 0.284637 0.438121 0.257906 0.379362 0.580375
0.722373 0.530346 -0.095566 -0.328173 -0.210872 -0.645208 -1.163346 -0.876269 -0.065340 0.434228
0.536663 0.346005 0.276941 0.445676 0.288409 0.424794 0.300550 0.258317 0.561568 0.570890
0.462654 0.523320 -0.014068 0.206947 0.216507 -0.122749 -0.473877 0.116132 0.649460 0.900503
0.719171 0.540266 0.447771 0.795087 0.521543 0.009206 0.307041 0.361791 0.562635 0.612771
0.469895 0.728108 0.428634 0.536104 0.397196 0.344390 0.204718 0.597144 0.816969 0.798979
0.640687 0.489488 0.449672 0.387289 0.280399 -0.048626 0.372722 0.565763 0.546920 0.655558
0.643300 0.900308 0.775554 0.808898 0.750147 0.693037 0.737210 0.895217 0.956766 0.913862
0.881387 0.821939 0.773554 0.533035 0.442688 0.403334 0.581468 0.793861 0.628625 0.803662
0.647847 0.912218 0.804528 0.944740 1.016409 1.067106 1.001380 1.005933 0.999942 0.950174
0.938884 0.982204 0.949330 0.880323 0.886301 0.967141 0.924782 0.913329 0.870239 0.907687
0.598086 0.864274 0.802776 0.915221 0.951605 0.930086 0.902083 0.848422 0.860478 0.857705
0.854633 0.870977 0.850499 0.836230 0.850190 0.938387 0.951516 0.948623 0.914598 0.797110
-0.733487 -0.305462 -0.580780 -0.467677 -0.763335 -0.531233 -0.067053 -0.072133 -0.935098 -0.398076
-0.663919 -0.754670 -0.686041 -0.303785 -0.451702 0.154192 -0.366913 -0.959491 -0.156510 -1.244751
0.400188 1.025052 -1.273880 1.281013 0.550783 0.347861 -0.027304 -0.172853 0.569077 0.107167
0.135199 0.468517 0.763628 0.119570 -0.481847 -0.307020 0.350452 -0.395496 0.875605 -0.122679
-0.368648 0.795406 -1.028885 1.243656 -0.368839 -0.798841 0.555849 0.209260 0.374838 0.292922
0.751881 0.611429 0.010719 -0.316143 -0.355893 -1.037191 -0.024303 -0.585214 -0.556181 0.102664
-0.433389 0.740275 0.167939 0.846062 0.629755 -0.482000 0.404935 0.214466 1.233916 0.557767
0.307614 0.023679 -0.850613 1.503936 -1.046706 1.165954 -0.594777 0.816629 -0.160513 -0.252704
-0.329331 -0.294111 -0.573472 0.074557 -0.529104 -1.258143 -0.316270 0.087564 -0.552331 0.801951
1.234171 1.451209 0.490706 2.260073 0.486770 0.735748 -0.309966 -0.338510 -0.268062 -0.272431
-0.442166 -0.762165 -0.564128 -0.056006 -2.665964 0.609092 -0.165165 -0.036073 0.339726 -0.767452
0.154233 -0.157878 -0.918627 0.037277 -0.746103 -0.340872 -0.308587 -0.745849 -0.536381 -0.246102
-0.424232 -0.813779 -0.374850 1.499616 -0.908253 0.866167 -0.638799 -0.976138 0.405887 0.373659
-2.151461 0.789000 -0.691117 -0.029624 -0.912040 -0.166063 -0.951270 -0.657529 -0.489564 -0.475277
-0.462427 -0.731377 -0.298991 1.167133 -1.332026 0.130015 -0.883094 -0.757493 -0.353272 0.695677
-0.879479 0.774650 -0.358125 0.146396 -1.053032 0.238471 -1.275939 0.028955 -0.541795 -0.461499
-0.441460 -0.478678 -0.652287 0.172743 -2.053984 0.737563 -0.619131 -0.617918 -1.035949 0.139789
0.245652 0.119523 -1.210501 0.396617 -0.545298 0.816464 -0.772814 -0.020800 -0.524788 -0.347682
-0.329401 -1.037817 -0.302644 1.154341 -0.436701 0.468238 -0.056409 -0.447548 0.573003 0.015953
-0.970916 0.339803 -0.557122 -0.240016 -0.477502 0.202576 -0.819685 -0.532555 -0.590111 -0.400115
0.038929 -0.794231 -0.008075 0.472366 0.674088 -0.884581 0.190496 -0.619504 -0.579282 -0.300477
0.096877 0.053020 -0.186857 -0.370201 -0.880620 0.059478 -2.195503 -0.075785 -0.599055 -0.671202
-0.469384 -1.109329 -0.745469 -0.241546 -1.180706 -0.693025 0.237290 -0.392396 0.481414 0.210756
0.645678 -0.222322 -1.609646 -0.187223 -0.573915 -0.352190 -1.050190 0.580909 -0.182469 -0.423967
0.015736 0.370196 -0.109902 0.182137 0.289911 -0.863166 -0.659872 -0.078579 -0.218430 -0.702683
-0.351772 0.599778 0.449666 -0.066391 0.371548 0.865380 0.340743 0.287820 -0.321667 -0.633092
-0.450581 -0.593035 0.212275 -0.153009 0.461143 0.253727 -0.426155 0.158490 -0.296590 -0.373309
-0.509059 -0.556684 -0.388479 -0.484657 0.008025 -0.371696 -0.532062 -0.382997 -0.473124 -0.669816
-0.519751 -0.112565 -0.190734 0.837097 -0.275235 0.871238 -0.088985 -0.738616 -0.997593 -1.436136
-1.224726 -1.248323 -1.229321 -0.559485 -0.226954 -1.289960 -1.300762 -0.434184 -0.049847 -0.042693
-0.605900 -0.385354 0.099093 1.271458 -0.442303 0.582345 0.059274 0.292084 -0.634331 0.045984
0.108788 0.844903 0.249314 -0.252509 -0.982301 -0.920306 0.221135 -1.449398 0.590701 -0.784196
-0.077641 -0.282350 -0.176355 0.714985 0.661328 0.780663 1.573652 0.544028 1.445911 1.645432
0.963445 0.821820 1.106841 1.121205 0.932286 -0.075931 2.580541 -0.553147 0.655666 -0.878376
-0.343706 -0.382704 -0.266466 0.118603 0.484071 0.079318 0.009755 -0.228192 0.472571 0.691823
1.520901 2.047891 1.498930 0.741098 1.826484 -0.345845 1.086893 -0.816927 0.115143 -0.980053
-0.367106 -1.320807 -0.807268 -0.545823 -0.182451 -1.069570 0.452461 1.758077 2.013733 1.602054
1.399152 -1.125661 1.476985 -0.080820 1.728258 -0.123547 0.103594 -1.474628 1.169226 -0.736013
0.297785 -0.478132 0.156343 -0.235571 0.830858 1.451995 1.369949 1.038242 0.894149 0.967094
1.843580 2.138827 2.740131 1.096580 0.699984 0.695580 0.953237 -0.321553 0.595085 -0.539762
-0.246053 0.652356 0.135984 -0.595909 -0.723880 -0.840473 -0.865184 -0.872549 -0.882906 -0.887146
-0.888307 -0.878947 -0.870399 -0.821584 -0.830016 -0.933943 -0.889654 -0.555029 -0.087417 -0.248285
0.111430 1.457079 0.388194 -0.618267 -0.882139 -0.954056 -0.952517 -0.954571 -0.960417 -0.961414
-0.948299 -0.906390 -0.883239 -0.875940 -0.955901 -0.922128 -0.848746 -0.384680 0.385088 -0.114045
0.238501 1.572082 0.506538 -0.611166 -0.823991 -0.897332 -0.918289 -0.928028 -0.893921 -0.915519
-0.948398 -0.932595 -0.889792 -0.861677 -0.737618 -0.660177 -0.453034 0.576354 1.377635 0.233896
0.372784 1.547592 0.244120 -0.687576 -0.748278 -0.678771 -0.622627 -0.579366 -0.381860 -0.306615
-0.686800 -0.790101 -0.919487 -0.810310 -0.505192 -0.581650 -0.243253 1.762584 2.408415 0.363496
0.477129 1.450562 0.210093 -0.392998 -0.132910 0.300009 0.314548 0.427698 0.825680 1.429965
0.050118 -0.432735 -0.828324 -0.677845 -0.265372 -0.520212 -0.140565 1.941668 2.467974 0.431572
0.422330 1.519181 0.264043 -0.276767 0.366437 1.314085 0.936453 0.619601 1.787951 2.511424
1.182627 -0.155001 -0.712044 -0.450839 -0.203132 -0.663927 0.016838 1.875359 2.140352 0.231745
0.421989 1.522419 0.285190 -0.449503 0.611642 2.429494 1.482753 1.222090 3.122133 2.418354
1.699291 -0.114357 -0.727803 -0.460245 -0.393706 -0.748660 0.064233 2.123780 1.996783 0.219113
0.537174 1.704576 0.396437 -0.519186 0.681844 2.379048 1.262777 1.983278 3.258216 2.442195
1.057852 -0.364191 -0.708757 -0.550498 -0.460077 -0.660091 0.161333 2.057953 1.938455 0.338122
0.396550 1.324278 0.696230 -0.113060 0.881379 1.748130 1.225739 1.589270 2.158331 1.327864
0.247337 -0.619933 -0.850937 -0.701297 -0.517526 -0.565784 0.518832 2.409929 1.933310 0.273057
0.303827 0.771945 0.571581 -0.274551 0.479299 0.223638 0.070945 0.699667 0.101151 0.131694
-0.177121 -0.589502 -0.744954 -0.667319 -0.545844 -0.545039 0.814706 2.767253 2.252617 0.347856
0.280733 1.608437 1.502727 -0.061785 -0.295366 -0.731024 -0.654105 -0.662793 -0.705364 -0.501289
-0.597402 -0.644060 -0.623560 -0.527644 -0.432596 -0.454435 1.045120 2.644119 2.667607 0.452717
0.020217 2.276618 1.804482 0.153665 -0.714823 -0.843283 -0.993080 -0.885713 -0.796959 -0.717583
-0.950253 -0.878231 -0.797163 -0.489326 -0.153130 0.021121 0.998331 1.968342 2.199606 0.511581
0.516837 2.876000 1.586517 0.391383 -0.377670 -0.798527 -0.947312 -0.934587 -0.899356 -0.888674
-0.921212 -0.914235 -0.976165 -0.908836 -0.734176 -0.195858 0.482396 0.926936 1.162640 0.442496
0.648386 3.016773 2.109181 0.646287 0.083794 -0.447233 -0.785119 -0.818882 -0.738261 -0.628737
-0.636235 -0.717311 -0.805158 -0.696861 -0.632605 -0.457750 -0.506263 0.071386 0.708163 0.379235
0.631043 2.690692 2.472601 1.411864 0.633878 0.077718 -0.353640 -0.400492 -0.251932 -0.107437
-0.133677 -0.264334 -0.481885 -0.506158 -0.597622 -0.447471 -0.393454 -0.010177 0.920813 0.346105
0.476145 2.145548 1.911785 1.225442 0.577861 0.081626 -0.150512 0.080581 0.410494 0.410447
0.225018 -0.023024 -0.276563 -0.299534 -0.501006 -0.551872 -0.527217 -0.155859 0.671562 0.093895
0.369817 1.891895 1.689565 0.744180 0.060669 -0.300383 -0.231187 0.170040 0.543725 0.654667
0.577117 0.259718 0.039801 -0.004408 -0.193120 -0.570701 -0.727562 -0.419225 0.161833 -0.100454
0.252469 1.568926 1.373335 0.339169 -0.180697 -0.419239 -0.170840 0.024448 0.027462 0.209121
0.232842 -0.019621 -0.070463 -0.066289 -0.215590 -0.594768 -0.744821 -0.394753 0.029909 -0.129894
0.085043 1.301575 1.146129 0.232669 -0.332412 -0.487106 -0.326665 -0.365397 -0.180929 -0.156414
-0.339626 -0.428384 -0.374506 -0.383576 -0.673231 -0.793544 -0.746593 -0.442142 0.125199 -0.230906
-0.204962 0.294257 0.170335 -0.107030 -0.355820 -0.351805 -0.449180 -0.425601 -0.335820 -0.414913
-0.471338 -0.417645 -0.399275 -0.472098 -0.587142 -0.594361 -0.574332 -0.384395 -0.179087 -0.464097
0.640980 -0.363307 -0.530059 -0.382946 -0.326459 -0.243162 -0.255952 -0.317242 -0.210865 -0.163157
-0.257102 -0.195864 -0.089007 -0.117069 0.056669 0.138645 0.215893 1.445440 0.829667 -0.603099
0.782506 -0.816859 -0.877512 -0.369910 -0.175616 0.009683 0.040717 0.015003 -0.026561 -0.177213
-0.251404 0.133254 0.382256 0.244627 0.322946 0.429170 0.207401 1.277874 0.456065 -1.551687
0.523085 -1.066789 -1.003118 -0.226383 -0.027892 0.257717 0.171714 0.129984 0.145205 -0.126765
-0.041276 0.346168 0.361967 0.192296 0.260492 0.297373 0.248067 1.064623 0.385511 -1.673650
0.415303 -0.734298 -0.726173 0.016641 0.178864 0.496304 0.269383 0.041675 0.164064 -0.063248
0.076545 0.174311 -0.052048 -0.354632 -0.269682 -0.449909 -0.259933 0.878797 0.413895 -1.615322
0.417562 -0.436065 -0.480257 0.254113 0.441050 0.764940 0.478901 0.029185 -0.186813 -0.299950
-0.116747 0.008938 0.056557 -0.039171 0.021372 -0.127278 -0.253312 0.906787 0.643617 -1.280027
0.420168 -0.388167 -0.289468 0.155327 -0.070546 1.004440 1.214016 0.804811 -0.174837 -0.772616
-0.502153 -0.143873 0.211790 0.246857 0.133699 0.150070 -0.012103 1.042977 0.832019 -1.151880
0.390012 -0.278344 0.080615 0.604228 -0.179409 1.353225 2.054096 1.361539 0.075570 -1.190325
-0.996589 -0.532652 -0.239874 -0.212761 -0.223835 -0.044978 -0.132862 0.934471 0.829666 -0.941479
0.212311 -0.064324 0.320278 0.690197 -0.448861 0.727798 1.004452 -0.180960 -1.008786 -1.807327
-1.201364 -0.451185 0.121514 0.124725 0.278352 -0.027296 -0.304511 0.603637 0.603059 -0.982751
0.150236 -0.161743 0.099737 0.463108 -0.731838 -0.464433 -0.210225 -0.597634 -1.092626 -1.620739
-1.151379 -0.413220 0.299546 0.739393 0.966287 0.130676 -0.414552 0.638788 0.704382 -0.750080
0.265611 -0.252281 -0.781672 -0.707164 -1.265088 -0.796515 -0.142011 0.096698 -0.259871 -0.797678
-0.370761 -0.186288 0.250789 1.060361 1.046805 -0.193200 -1.046316 0.594863 0.786946 -0.721145
-0.004276 -0.417362 -0.568681 -0.148360 -0.213845 -0.008623 0.139795 0.166372 -0.240712 -0.503990
0.132854 0.420418 0.772941 1.345603 1.064997 -0.516119 -1.329013 0.680846 0.900185 -0.854727
0.338315 -0.665360 -0.665844 -0.337804 -0.193561 0.136129 0.019510 -0.214166 -0.277946 -0.256321
0.394282 0.634473 0.782694 1.287016 0.854347 -0.557899 -1.242102 0.693129 0.949430 -1.134588
1.261616 -0.254523 -0.630617 -0.457598 -0.184889 0.165036 0.285779 0.093838 -0.029173 -0.116258
0.373753 0.054224 -0.893335 -0.814307 -1.229710 -1.778052 -1.131585 1.096050 1.047890 -1.216930
1.414448 -0.004988 -0.680679 -0.632023 -0.446514 0.002057 0.497100 0.343443 0.121650 -0.050211
0.218966 0.337945 -0.196442 0.457698 0.446993 -0.359951 0.053282 1.383671 0.874494 -1.615831
1.281869 0.183450 -0.519634 -0.549249 -0.420190 0.096948 0.842052 0.639323 -0.074321 -0.331999
-0.364217 -0.251204 -0.505804 -0.267231 -0.181640 -0.595269 -0.153899 1.313246 0.915802 -1.493975
1.012773 -0.154607 -0.711965 -0.440667 -0.256767 0.301688 1.146268 1.017744 0.324079 0.091270
-0.138408 -0.068852 -0.108733 -0.352933 -0.182353 0.251518 0.297431 1.178952 0.837987 -1.756900
0.476397 -0.759382 -1.171298 -0.652790 -0.392131 0.151921 0.698963 0.531346 -0.215821 -0.287242
-0.278268 -0.045401 -0.080591 -0.521489 -0.344061 1.088357 0.909823 1.061081 1.002013 -1.731823
0.222522 -0.605040 -0.641864 0.187630 0.333616 0.234788 0.372851 0.093395 -0.519758 -0.369109
-0.304285 -0.221703 -0.253494 -0.531931 -0.029911 1.347535 0.902330 0.490416 0.588452 -2.095037
0.088054 -0.068819 0.039746 0.711470 0.992145 0.789123 0.936011 0.910546 0.710376 0.940356
0.939548 0.504123 0.238617 0.141632 0.921637 1.787663 1.259602 0.578465 0.595636 -1.505418
-0.519062 -0.581767 -0.611783 -0.494519 -0.520512 -0.874545 -1.065231 -1.235214 -1.506342 -1.394043
-1.298189 -1.465648 -1.303832 -1.032140 -0.589793 -0.466650 -1.006709 -1.645367 -1.414265 -1.944383
-0.218923 0.092126 0.050583 -0.069969 -0.142583 -0.159808 -0.163771 -0.174854 -0.146403 -0.150273
-0.177474 -0.168593 -0.131342 -0.142934 -0.116550 -0.134421 -0.108661 -0.211970 -2.637019 2.712121
0.087554 0.776005 1.114614 0.461032 0.328284 0.373034 0.339518 0.352032 0.341123 0.347503
0.329557 0.364926 0.316953 0.280800 0.231565 0.161421 0.423614 0.043304 -2.992529 2.848235
-0.109533 0.432582 0.865981 0.782848 0.569573 0.486927 0.388107 0.351149 0.345933 0.377395
0.346143 0.234729 0.268207 -0.142795 0.398398 -0.128907 1.345255 0.044224 -3.439838 2.107225
-0.368174 -0.523626 -0.417112 -0.264681 0.495759 0.329022 0.245996 0.313567 0.482769 0.315419
0.461535 0.265494 0.412159 0.258798 0.820123 -0.619075 2.885505 0.508932 -3.725035 1.486416
-0.279151 -0.831834 -0.618733 -0.683951 0.910292 0.277014 -0.196760 0.737466 0.456121 0.418065
0.502226 0.327173 0.252114 -0.513808 -0.447327 -1.971165 1.217488 0.510966 -3.681103 1.515653
0.219093 -0.449105 0.097572 -1.483879 1.926575 -0.021016 -0.550479 1.274236 0.258094 -0.012526
0.414969 0.434843 0.336222 -0.188338 0.186689 -1.710444 0.891160 -0.637094 -3.594370 1.585123
0.297270 -0.467314 0.534285 -1.584997 2.341999 0.340202 -0.433029 1.283107 0.463506 -0.013460
0.515305 0.489951 0.424401 -0.132201 0.083093 -2.092937 1.432733 -0.326168 -3.540737 1.483817
0.225926 -0.480926 0.441437 -2.223167 1.742556 -0.210654 -0.716064 0.405688 -0.243267 -0.063834
0.062580 0.014606 -0.017900 0.155853 0.231311 -1.973725 1.668490 -0.038567 -3.425509 1.600022
0.182133 -0.705712 -0.674249 -0.519847 0.213668 -0.003699 -0.111208 -0.419052 -0.193659 0.113722
0.071848 -0.123979 -0.088334 -0.103719 -0.035937 -2.792236 1.680955 -0.559523 -3.473718 1.581324
0.039314 -0.444159 -0.299146 0.676057 0.468419 -0.138172 0.568245 0.210148 -0.409177 0.648326
0.202922 0.029741 0.267266 0.029008 -0.259973 -1.880088 1.052317 0.111285 -3.417471 1.512256
-0.122802 -0.802809 -1.902974 -1.658814 -2.547202 -1.585554 -0.748173 -0.346846 0.037763 0.467280
0.422537 -0.008476 0.304799 0.226229 -0.462270 -1.463437 0.247387 -1.179071 -3.353913 1.528747
0.196653 -0.381122 -0.870807 0.184004 -0.206531 -0.199470 -0.022040 0.114938 0.116086 -0.069510
-0.383697 -0.679494 -0.547718 0.601488 0.112670 0.008373 0.198944 0.212853 -2.893871 1.480550
0.915211 0.405658 -0.221274 -0.187575 0.035090 0.091767 0.090895 -0.005684 -0.172708 -0.055998
0.043031 -0.059071 -0.175703 0.793499 1.129353 0.396597 -0.885830 -0.945233 -3.055974 1.059463
-0.073413 0.695778 -0.375159 -0.141452 0.204171 0.286092 0.261503 0.216013 0.107609 0.268465
0.162756 -0.277013 -1.168591 -2.315588 -2.697430 -1.987538 -1.305189 -0.231778 -3.068863 1.123121
-1.018364 0.186144 -0.236770 -0.117004 0.384975 0.325468 0.144844 0.197570 0.336777 0.396956
0.520407 0.307539 0.233072 0.065025 -0.083357 0.085443 0.045439 0.465260 -3.392409 1.511350
-0.877118 0.042484 -0.090188 0.124583 0.378250 0.416185 0.302724 0.113427 0.612253 0.674756
0.740525 0.491935 0.313225 0.192676 0.149027 0.131276 -0.028544 -0.009724 -3.119661 1.664340
-0.331263 -0.313789 -0.140851 0.008609 0.174014 0.281388 0.235106 0.285224 0.088629 0.177527
0.253091 0.394748 0.384508 0.295656 0.231144 0.123520 -0.069373 -0.155825 -2.957052 0.998607
-0.291422 -0.880926 -1.086027 -0.654861 -0.510662 -0.201382 0.076578 0.087379 -0.164812 -0.501567
-0.377275 -0.127639 0.219658 0.406308 0.347066 0.380721 0.335978 0.104745 -2.580128 0.786127
-0.238009 0.402418 -0.363895 0.066356 0.293424 0.045123 0.130510 -0.069900 -0.172731 0.054682
-0.138705 0.098957 0.053963 0.518946 0.381605 0.197539 -0.010531 0.073238 -1.507947 0.222532
0.632529 1.906230 2.037641 1.546354 1.673220 1.677713 1.501092 1.412651 1.382977 1.496239
1.527761 1.461968 1.490450 1.444516 1.512104 1.404156 1.306133 1.270761 0.610163 -0.249860
0.503393 0.543901 0.001322 -0.203007 -0.395090 -0.538412 -0.588733 -0.652976 -0.695606 -0.699481
-0.702728 -0.708472 -0.715613 -0.723073 -0.722435 -0.711270 -0.698633 -0.531380 -0.204160 -0.017520
0.610808 0.453554 -0.069493 -0.323979 -0.469857 -0.578692 -0.595569 -0.647979 -0.718176 -0.750859
-0.751970 -0.753096 -0.772540 -0.797077 -0.795537 -0.791746 -0.802311 -0.729342 -0.281209 0.054399
0.370987 0.236572 -0.264424 -0.381833 -0.552381 -0.597436 -0.480801 -0.450780 -0.524587 -0.594346
-0.616507 -0.678961 -0.762478 -0.781473 -0.789017 -0.793547 -0.800894 -0.734051 -0.245895 0.193742
0.280464 0.234752 -0.081765 -0.155999 -0.428084 -0.520107 -0.306159 -0.067587 -0.174977 -0.348935
-0.462111 -0.559141 -0.684746 -0.769479 -0.770017 -0.790574 -0.794525 -0.643877 0.001045 0.437627
0.344416 0.412339 0.290392 0.186695 -0.081034 -0.148272 0.563563 1.011548 0.722535 0.226474
-0.103986 -0.266182 -0.528714 -0.711212 -0.783060 -0.794933 -0.765860 -0.551018 0.133969 0.555093
0.219467 0.293049 0.129611 0.152678 0.039071 0.382576 1.886547 3.021647 2.354839 1.365178
0.567102 0.092016 -0.355310 -0.661489 -0.773849 -0.762422 -0.729853 -0.526924 0.152674 0.548821
0.092852 0.063405 -0.095498 -0.119948 -0.069196 0.776823 3.004933 4.573001 4.151158 2.499843
1.036859 0.142354 -0.409279 -0.719667 -0.771217 -0.763329 -0.675099 -0.431450 0.176640 0.506811
-0.023023 -0.061725 -0.215524 -0.071297 -0.002082 0.672268 2.828967 4.790917 4.486963 2.756975
1.092470 0.154844 -0.426574 -0.729242 -0.802533 -0.791658 -0.758319 -0.564819 0.061809 0.401789
0.020414 0.145249 0.081591 0.049399 -0.063501 0.284010 1.608125 2.978807 3.011425 1.872645
0.758201 0.114352 -0.406690 -0.701799 -0.793302 -0.807106 -0.751149 -0.547423 0.059558 0.348876
0.116848 0.281443 0.060450 0.000092 -0.314188 -0.552322 -0.139761 0.674888 1.055537 0.619925
0.110514 -0.211481 -0.541857 -0.759685 -0.810808 -0.776145 -0.615675 -0.376882 0.145077 0.348835
0.593132 0.767578 0.404914 0.149891 -0.130108 -0.455799 -0.637269 -0.448224 -0.244836 -0.310089
-0.460558 -0.496179 -0.686041 -0.780936 -0.720188 -0.543364 -0.488883 -0.324576 0.089673 0.191298
0.961044 1.345079 0.588568 0.278956 0.010045 -0.275445 -0.498655 -0.677189 -0.608353 -0.600163
-0.518079 -0.516375 -0.586933 -0.572805 -0.410412 -0.349701 -0.398144 -0.400826 -0.077859 0.033358
1.188635 1.683146 0.906698 0.275038 -0.055011 -0.181597 -0.386542 -0.448167 -0.509691 -0.529649
-0.483917 -0.441623 -0.567634 -0.624122 -0.502913 -0.419562 -0.437366 -0.380642 -0.069962 0.081726
1.224496 2.067749 1.336559 0.562194 -0.117120 -0.302365 -0.202651 -0.244975 -0.357042 -0.450139
-0.370632 -0.385874 -0.495666 -0.550977 -0.464143 -0.436355 -0.425554 -0.332484 0.161207 0.358684
1.248594 2.223364 1.825816 1.010565 0.267775 -0.246770 -0.276720 -0.229804 -0.286272 -0.467857
-0.485151 -0.437843 -0.476205 -0.507046 -0.491339 -0.491801 -0.448953 -0.211163 0.529759 0.760796
1.143124 2.109270 1.976096 1.447479 0.576520 -0.076718 -0.207393 -0.006855 0.036842 -0.130969
-0.253724 -0.360309 -0.386053 -0.468210 -0.509777 -0.558586 -0.436607 -0.111440 0.773152 1.012152
0.776571 1.480567 1.458339 1.159369 0.590843 0.148517 0.201230 0.384155 0.528312 0.308848
0.133465 0.059810 0.033902 -0.105994 -0.192311 -0.239622 -0.229201 0.006856 0.706806 0.981692
0.522791 1.153037 1.199737 1.000261 0.610390 0.196900 0.096628 0.239457 0.348734 0.316011
0.275222 0.372982 0.482644 0.285066 0.076869 -0.058275 -0.097180 -0.039331 0.540156 0.697181
0.362479 0.706632 0.794582 0.729106 0.454969 0.163405 0.055770 0.109947 0.219529 0.208234
0.180578 0.248365 0.293058 0.122635 -0.078961 -0.170822 -0.223736 -0.143456 0.196396 0.247933
-0.313722 -0.206686 -0.174264 -0.166377 -0.211445 -0.301945 -0.328001 -0.301463 -0.230763 -0.244642
-0.272594 -0.236422 -0.177433 -0.265417 -0.367431 -0.445959 -0.468296 -0.435494 -0.303342 -0.169156
0.006248 0.129292 -0.021143 -0.253609 -0.334663 -0.311948 -0.228849 -0.209978 -0.211981 -0.278721
-0.243870 -0.172245 -0.166647 -0.186948 -0.171754 -0.073616 -0.021394 -0.001705 0.067572 -0.108459
0.052215 0.098556 -0.155112 -0.332272 -0.616069 -0.620155 -0.607404 -0.587341 -0.544530 -0.604808
-0.564265 -0.569996 -0.542963 -0.502794 -0.493582 -0.238078 -0.020657 0.341842 0.538328 0.096356
-0.051192 -0.079427 -0.407710 -0.625207 -0.847546 -0.899387 -0.888692 -0.895943 -0.885455 -0.857600
-0.858288 -0.855420 -0.856415 -0.867574 -0.862383 -0.714163 -0.428094 0.064040 0.316853 0.087033
-0.148932 -0.199302 -0.428297 -0.665617 -0.728344 -0.831697 -0.829324 -0.930502 -0.876006 -0.925192
-0.928161 -0.887814 -0.904701 -0.894275 -0.906342 -0.769625 -0.352473 -0.007838 0.286417 0.082272
-0.113171 -0.202791 -0.475341 -0.560381 -0.513520 -0.353877 -0.319138 -0.515452 -0.331149 -0.865422
-0.833970 -0.868093 -0.804304 -0.676044 -0.544728 -0.238601 0.208856 0.328127 0.574440 0.069516
-0.100289 -0.273056 -0.519856 -0.529636 -0.247404 0.238022 0.727494 1.360630 1.124335 0.139804
-0.400106 -0.648022 -0.641501 -0.748714 -0.526415 0.012754 0.677420 0.776559 0.774331 0.094046
-0.038014 -0.334326 -0.428598 -0.355226 0.024530 1.038093 1.615390 3.387642 2.585607 1.876708
0.544785 0.000128 -0.319636 -0.657984 -0.673124 -0.001718 0.697802 1.053703 0.864132 0.202270
-0.114529 -0.339579 -0.468777 -0.254732 0.291771 1.383539 2.046801 3.372073 2.757161 2.322625
1.003547 0.287144 -0.161836 -0.378427 -0.645496 -0.183100 0.471020 0.822090 0.832601 0.163132
0.061443 -0.222520 -0.423075 -0.257286 0.565609 1.170131 1.715276 1.796911 1.713342 1.525023
0.569217 0.048769 -0.435088 -0.491740 -0.628501 -0.404575 0.099474 0.417964 0.673303 0.081879
0.485759 -0.137270 0.121372 -0.086460 0.711913 1.127569 1.481935 0.970571 0.603314 0.684913
0.154331 -0.163502 -0.622231 -0.688419 -0.694810 -0.348381 0.041762 0.549722 0.580551 0.183633
0.544387 -0.026140 0.441512 -0.054259 0.483399 1.532187 1.563561 1.047223 0.217672 0.020365
-0.184579 -0.505812 -0.747122 -0.822753 -0.652045 -0.261640 0.111335 0.631419 0.541276 0.207356
0.291301 0.057714 0.166961 -0.319764 -0.166902 1.007340 0.919872 1.120499 0.326751 -0.018702
-0.183647 -0.431135 -0.653493 -0.675135 -0.373091 -0.031340 0.207428 0.449260 0.221605 0.013845
0.161364 0.082494 0.024061 -0.509179 -0.570110 -0.153658 -0.093686 0.359287 -0.007390 -0.203326
-0.153612 0.065983 0.018901 0.035891 0.175355 0.411490 0.435882 0.444613 0.134790 -0.192497
0.132660 -0.018776 -0.007896 -0.550853 -0.654009 -0.782296 -0.639293 -0.472326 -0.597240 -0.576600
-0.544432 -0.371234 -0.202734 0.177256 0.265483 0.452068 0.639620 0.549447 0.433281 -0.190048
0.113964 0.105283 0.003348 -0.468665 -0.666961 -0.796477 -0.751832 -0.764379 -0.777160 -0.762382
-0.777951 -0.687984 -0.582583 -0.204989 0.053703 0.307279 0.642567 0.660131 0.627754 0.049439
0.146914 0.342951 0.137202 -0.158854 -0.461508 -0.617853 -0.723816 -0.745052 -0.738563 -0.748291
-0.767670 -0.727131 -0.731515 -0.607288 -0.235861 0.002101 0.377468 0.725827 0.523742 0.245056
0.371601 0.517416 0.392964 0.047635 -0.220654 -0.347477 -0.412294 -0.383118 -0.388616 -0.413564
-0.387546 -0.438511 -0.629896 -0.727220 -0.687396 -0.296074 -0.008503 0.721647 0.436872 0.321887
0.087054 0.092897 0.135633 -0.132446 -0.202128 -0.278958 -0.371662 -0.270234 -0.272312 -0.152919
-0.053235 -0.056455 -0.116135 -0.452422 -0.680822 -0.479213 -0.346606 0.518400 0.392622 0.316146
-0.309426 -0.454138 -0.392636 -0.472039 -0.410386 -0.414997 -0.463687 -0.400025 -0.441110 -0.297735
-0.236641 -0.188597 -0.146930 -0.372261 -0.390574 -0.480610 -0.358429 0.072856 0.241584 0.091244
-0.327731 -0.437817 -0.435511 -0.401391 -0.337390 -0.323121 -0.296813 -0.373378 -0.455273 -0.392323
-0.426426 -0.442034 -0.486434 -0.535877 -0.410866 -0.241086 0.028771 0.324047 0.461632 0.063864
-0.936631 -0.446081 -0.093735 -0.120951 -0.532496 -0.449567 -0.150534 0.314397 0.238551 -0.069453
-0.364906 -0.026292 0.506572 0.068636 -0.604509 1.413123 2.161541 -1.341093 -1.245969 -0.389760
-0.890517 -0.587715 -0.252467 -0.304813 -0.718130 -0.572258 -0.631334 -0.276733 -0.316343 -0.831134
-0.959602 -0.337483 1.006903 1.134318 -0.540132 0.275541 2.098799 -1.168669 -1.768096 -0.495794
-0.898852 -0.790786 -0.494528 -0.195632 -0.221267 -0.125893 -0.714741 -0.617388 -0.234478 -0.294806
-0.490182 0.095374 1.661478 2.192273 -0.350838 -0.561682 1.623493 0.201787 -1.587276 -0.396144
-0.928976 -0.676872 -0.592856 -0.449865 -0.112146 0.203183 -0.662296 -0.483751 -0.202960 0.018791
-0.259302 -0.136152 0.863173 2.045365 -0.335288 -0.585855 1.198281 0.542405 -1.911262 -0.360226
-0.959719 -0.479344 -0.298342 -0.687375 -0.305301 0.525694 -0.399297 -0.145383 -0.382733 -0.012463
-0.220294 -0.364510 -0.063586 0.979797 -0.550076 -0.904953 0.652767 0.700240 -2.066964 -0.367658
-0.949195 -0.330186 0.027811 -0.867247 -0.408946 0.731036 -0.241969 0.018701 -0.428428 -0.020102
-0.162050 0.209421 0.441652 0.105279 -0.866427 -0.328663 0.800066 0.683196 -1.881222 -0.388217
-0.896627 -0.186810 0.367390 -1.094412 -0.482600 0.913058 -0.047440 -0.238264 -0.110433 0.120934
-0.532377 0.101967 0.815466 0.205064 -1.216114 -0.398498 0.975337 0.670128 -1.675309 -0.434114
-0.937350 -0.059415 0.862655 -1.240254 -0.081034 1.518981 0.440426 -0.241029 0.150061 0.512046
-0.519921 -0.440824 0.135500 0.150168 -1.333867 -0.772494 0.601121 0.718958 -1.699156 -0.520483
-0.973731 -0.230739 1.021151 -1.202588 0.891068 3.463922 1.277081 -0.227073 -0.176109 0.198485
-0.427678 -0.544738 -0.611261 -0.004968 -0.268945 -0.560618 -0.117085 0.780219 -1.598937 -0.531696
-0.849707 -0.735751 0.401552 -1.181867 -0.037106 3.537203 2.320292 -0.516055 0.198849 0.608254
0.171359 -0.099000 -0.311112 0.088162 0.400123 -0.308991 -0.347893 0.817586 -1.373857 -0.502049
-0.568416 -0.659626 -0.113468 -0.894326 -1.064201 1.443991 3.116072 -0.341364 -0.136966 0.569703
0.657793 -0.040478 0.124552 0.034733 0.162857 -0.036394 -0.005288 0.254893 -1.465734 -0.499870
-0.629987 -0.380635 -0.307990 -0.842687 -0.985021 -0.746972 1.991324 0.843476 -0.614044 -0.474505
0.335467 0.264053 0.516883 -0.009758 0.174869 0.628050 0.943885 0.080216 -1.249640 -0.538831
-0.592048 -0.287290 -0.032398 -0.669927 -0.629751 -0.998897 -0.057629 0.593328 -0.640774 -1.091218
0.025930 0.491101 -0.021547 0.157334 1.124872 0.959361 0.983139 -0.270386 -1.434951 -0.647694
-0.434179 -0.660875 0.110680 -0.389794 -0.493812 -0.604812 -0.271373 0.877995 1.096996 0.141460
-0.061169 0.289005 -0.036107 0.341199 1.591130 0.384564 0.196523 0.146038 -1.293697 -0.716091
-0.363285 -0.766647 0.143569 -0.395255 -0.347124 -0.188960 0.592378 0.972504 0.463733 -0.116262
-0.291439 -0.118090 -0.116906 0.099131 1.570438 1.544155 1.053928 0.392283 -1.111606 -0.825784
-0.067551 -0.482186 0.531136 -0.038979 0.318308 0.446600 0.440696 0.134195 -0.514009 -0.125946
-0.038228 -0.181222 -0.099815 -0.420982 0.214773 1.715280 1.881623 -0.084925 -1.296085 -0.931957
0.823064 -0.088742 0.950136 0.620788 1.191341 1.132687 1.150372 0.888201 0.529548 0.991139
0.730923 0.183502 0.173055 -0.086406 -0.358872 1.780544 3.203866 -0.256271 -1.261189 -1.029696
1.393913 0.156460 1.488766 1.427362 2.192271 1.665857 1.188172 0.894384 0.347135 0.809073
0.741447 0.350139 0.451098 0.809236 0.853769 2.276985 3.481764 -0.481169 -0.712574 -1.146274
1.430017 -0.512657 0.659345 0.084429 0.497334 -0.011565 -0.588996 -0.286661 -0.652579 -0.147991
0.099276 -0.409769 -0.546137 -0.135127 -0.054737 0.303481 1.398268 -0.937124 -0.548330 -1.285722
0.430095 -1.206267 -0.003963 -0.436844 -0.169890 -0.200534 -0.497992 -0.180361 -0.335830 -0.243688
-0.073850 -0.328293 -0.440234 -0.242614 -0.224319 -0.189220 0.470389 -0.623687 -0.323922 -0.757923
0.673223 2.136653 2.366498 1.403861 0.399682 0.160370 0.114990 0.040568 -0.047662 -0.090187
-0.072343 -0.215274 -0.364713 -0.383371 -0.400945 -0.421437 -0.308702 0.103633 1.804501 2.767775
1.832469 2.244220 1.483423 0.177770 -0.563847 -0.632423 -0.674394 -0.714439 -0.600464 -0.627092
-0.766868 -0.734231 -0.507672 -0.551610 -0.446431 -0.173736 -0.111817 0.199046 1.872310 1.601009
1.235340 2.059264 1.785851 0.741909 -0.201220 -0.333608 -0.299898 -0.257509 -0.200382 -0.162017
-0.246616 -0.385980 -0.109237 0.050310 -0.212849 -0.243781 0.041713 0.366519 2.144277 2.290526
1.425071 2.286817 1.687437 0.773417 0.372001 0.094778 -0.246218 0.247130 0.704616 0.595061
-0.047630 -0.238987 -0.141894 -0.464807 -0.572080 -0.046102 -0.194952 -0.221319 2.064996 2.321813
1.079647 1.768619 1.402186 1.218258 0.880148 0.753813 0.153751 0.625066 1.153213 1.107329
0.514221 -0.003847 -0.521319 -0.927287 -0.915890 -0.428090 -0.534926 -0.337859 2.029495 2.268361
1.091279 1.537266 1.152354 1.447484 1.401390 1.562546 0.514511 0.797754 1.136284 0.975534
0.352708 -0.285228 -0.716893 -0.806780 -0.824110 -0.081696 -0.214913 0.007213 2.107994 2.302782
0.567018 0.934603 0.855957 1.712476 1.467937 0.446892 -0.272841 1.132498 1.660189 0.639630
-0.282780 -0.385439 -0.755596 -0.848285 -0.780774 -0.245031 0.000656 0.280357 2.108145 2.317786
0.410620 0.387944 0.157120 0.767258 0.540248 -0.003245 -0.280635 0.232103 0.329694 -0.230654
-0.509289 -0.563463 -0.657822 -0.715709 -0.636994 -0.069092 -0.111779 -0.215150 1.940609 2.091128
0.090896 0.160403 -0.005051 0.149041 0.322506 -0.502142 -0.400024 -0.373998 -0.767481 -0.495048
-0.048824 -0.428591 -0.537300 -0.676169 -0.537013 0.173140 -0.064172 -0.153294 1.773223 1.796844
0.371885 0.303690 0.341187 0.735872 0.016743 -1.371373 -0.904231 -0.854034 -0.791765 -0.430556
-0.265902 -0.441217 -0.489683 -0.713932 -0.676437 -0.296596 -0.106713 -0.130067 1.511850 1.644371
0.588588 1.144006 1.310106 0.381811 -0.441046 -1.068551 -0.938093 -0.879156 -0.703398 -0.553853
-0.649443 -0.722798 -0.637867 -0.695311 -0.595593 -0.083559 -0.459799 -0.731288 1.290323 1.492012
0.704003 1.598945 1.281543 0.414696 -0.436211 -0.885109 -0.943444 -0.903589 -0.800275 -0.830692
-0.944204 -0.867644 -0.815371 -0.673052 -0.656743 -0.527144 -0.480153 -0.527990 1.206640 1.402482
0.820016 0.727089 0.898226 0.440993 -0.456593 -0.926245 -0.937462 -0.905001 -0.953422 -0.933134
-0.797230 -0.797676 -0.827002 -0.822858 -0.799374 -0.627498 -0.932565 -0.866540 1.271605 1.429657
0.484653 0.861245 0.641651 -0.004021 -0.231216 -0.472755 -0.706264 -0.566990 -0.429590 -0.424301
-0.566790 -0.616850 -0.670479 -0.733147 -0.876015 -0.868859 -0.845200 -0.496245 1.279984 1.476198
0.153769 0.158681 0.255644 -0.325295 -0.391103 -0.404950 -0.758120 -0.591911 -0.157206 0.092380
0.061973 -0.115837 -0.475667 -0.497375 -0.579484 -0.612590 -0.852271 -0.543209 1.265981 1.357982
-0.001265 0.049850 -0.171153 -0.327860 -0.742940 -1.004071 -0.562568 -0.350725 -0.464626 -0.491324
-0.385845 -0.418419 -0.426599 -0.404002 -0.389523 -0.617982 -0.812047 -0.520906 1.060261 1.068774
0.053875 0.234746 0.307165 0.182724 -0.064229 -0.248496 -0.359956 -0.223230 -0.008645 0.065745
-0.167320 -0.210034 -0.118810 0.000360 -0.318204 -0.802078 -0.897375 -0.708108 0.774579 1.110098
-0.147659 0.333153 0.755943 1.121006 1.114701 0.830496 0.652802 0.463842 0.332467 0.580363
0.717785 0.599355 0.304644 0.158135 0.178578 -0.032521 -0.288077 -0.207148 1.320136 1.165224
-0.369916 -0.118870 0.192678 0.286196 0.233518 0.539330 0.679665 0.479604 0.575139 0.577771
0.356660 0.427379 0.668536 0.300428 -0.304153 -0.365533 -0.255670 -0.370607 0.564279 1.201261
-0.251773 -0.153024 -0.322538 -0.280777 -0.125417 -0.181549 -0.262892 -0.057685 -0.070089 -0.249954
-0.207139 -0.132155 -0.188327 -0.227787 -0.109352 -0.236731 -0.524243 -0.410408 0.377544 -0.007532
-0.631109 -0.492632 -0.591390 -0.943004 -0.711280 -0.488176 -0.172608 0.262796 -0.026470 -0.453479
-0.496022 -0.424517 -0.178500 -0.059420 -0.151784 0.448858 0.570448 -0.118054 -0.490323 -0.242327
-0.486570 -0.457180 -0.455136 -0.423891 -0.039473 0.271026 0.515414 0.675329 0.626499 0.512026
0.403568 0.844498 1.307237 1.147344 0.879694 1.100328 1.048082 0.160329 -0.545266 -0.137388
-0.104434 -0.191989 -0.155103 0.642228 1.677747 1.904957 2.295064 2.688152 2.178663 1.936633
2.658153 3.684229 4.024513 3.277502 2.613173 2.316075 1.332240 0.164163 -0.114170 0.124824
-0.353978 -0.446937 -0.377767 0.402384 1.633751 2.446216 3.047332 3.131504 2.706775 2.564978
3.140795 3.643487 3.442205 2.852308 2.522604 1.830306 0.756503 -0.025137 -0.254078 0.121793
-0.468898 -0.518078 -0.101237 0.734533 1.427778 1.903828 1.931456 1.788738 1.651357 1.813449
2.060759 1.853021 1.479129 1.037779 0.579855 0.363836 0.147515 -0.382826 -0.372158 0.107525
-0.407597 -0.418337 0.014790 0.608668 1.103714 0.985847 0.319444 0.337828 0.451255 0.529469
0.905709 1.093301 0.725786 0.102303 -0.527145 -0.249446 0.005284 -0.526232 -0.390831 0.133884
-0.447622 -0.530943 -0.373951 0.058154 0.521101 0.280589 -0.334390 -0.261845 -0.065094 -0.166824
0.099811 0.447279 0.671697 0.401757 -0.423683 0.120335 0.548816 -0.223174 -0.320982 0.077428
-0.453038 -0.574836 -0.698568 0.059678 0.618385 -0.075486 -0.355669 -0.204346 -0.269210 -0.455053
-0.525140 -0.415582 0.116904 0.025281 0.136513 0.993563 0.794311 -0.238376 -0.346639 0.099849
-0.408778 -0.317879 0.071084 0.505540 -0.003587 -0.583220 -0.461200 -0.471019 -0.521150 -0.518690
-0.643050 -0.472245 0.045613 0.296837 1.093649 1.350751 0.570259 -0.336354 -0.429701 0.077972
-0.409342 -0.493811 -0.178616 0.033786 -0.192254 -0.600825 -0.763860 -0.762766 -0.585621 -0.464283
-0.293975 0.041119 0.371338 0.890212 1.411314 1.087366 0.245058 -0.383962 -0.360971 0.018434
-0.421082 -0.747932 -0.744754 -0.711574 -0.932926 -0.815556 -0.400109 -0.363601 -0.311628 -0.410357
-0.258222 0.655171 1.212405 1.096585 0.975596 0.829892 0.064042 -0.514078 -0.274937 -0.041439
-0.515845 -0.683716 -0.938388 -0.985146 -0.794559 -0.529424 -0.099737 0.001582 -0.128981 0.047936
0.567501 1.291190 1.399589 1.085471 0.720899 0.196028 -0.441469 -0.648240 -0.408038 -0.117946
-0.557510 -0.731036 -0.685287 -0.704091 -0.429600 0.092187 -0.182974 -0.234117 0.532334 0.638719
0.736481 1.028441 0.881959 0.525587 0.227348 -0.171911 -0.429109 -0.521268 -0.452816 -0.224414
-0.536015 -0.706936 -0.509358 -0.069903 0.544776 0.924472 1.274363 1.634354 1.439963 0.972010
0.580733 0.176710 -0.239512 -0.367296 -0.289055 -0.491836 -0.560500 -0.575898 -0.510112 -0.137401
-0.522874 -0.708697 -0.649379 -0.120038 0.709287 1.312231 1.868164 1.843514 1.399201 1.103590
0.904686 0.558806 0.116711 -0.103728 -0.152855 -0.252316 -0.453189 -0.620568 -0.427576 -0.123090
-0.514914 -0.729002 -0.611266 -0.335696 0.055739 0.444446 0.624180 0.324917 -0.006937 -0.037613
0.095603 0.152874 0.126469 -0.036785 -0.223216 -0.280533 -0.412227 -0.473870 -0.294930 -0.095525
-0.565905 -0.789120 -0.685789 -0.569686 -0.385474 -0.281320 -0.340111 -0.436344 -0.475566 -0.461524
-0.349557 -0.256511 -0.156863 -0.204212 -0.372349 -0.482487 -0.539775 -0.506087 -0.354233 -0.221462
-0.584412 -0.799813 -0.812546 -0.781987 -0.689735 -0.618185 -0.622071 -0.627674 -0.645007 -0.625813
-0.641692 -0.615379 -0.527102 -0.461547 -0.446756 -0.412742 -0.508560 -0.572155 -0.393742 -0.260228
-0.587119 -0.791853 -0.803778 -0.806697 -0.806023 -0.811977 -0.814570 -0.813993 -0.800664 -0.784509
-0.799009 -0.796741 -0.751152 -0.664037 -0.559728 -0.561664 -0.626275 -0.602253 -0.475675 -0.451811
-0.733722 -0.785858 -0.783316 -0.777237 -0.777524 -0.771464 -0.766604 -0.750544 -0.742063 -0.759066
-0.759651 -0.725335 -0.712461 -0.674266 -0.613838 -0.635371 -0.658291 -0.636259 -0.485630 -0.356186
-0.515425 -1.140588 -1.506054 -1.711546 -1.889409 -2.002075 -1.801473 -1.266999 -0.995622 -1.250698
-1.548166 -1.348826 -0.896831 -0.655350 -0.869662 -0.505185 0.048101 -0.065380 -0.669630 -0.632890
-0.690272 -0.672454 -1.002694 -1.524587 -1.867864 -2.244859 -2.714731 -2.264534 -1.496390 -1.394682
-1.336158 -1.164529 -0.684049 -0.077754 0.039416 -0.398767 0.433068 0.030705 -1.206429 -1.049953
0.446923 -0.393027 -0.874411 -0.900445 -1.171172 -1.465367 -1.740912 -2.286326 -1.732629 -1.026549
-1.324184 -1.279657 -0.511666 0.345052 1.070285 0.824269 -0.025815 0.189018 -0.316017 -0.909758
0.048388 -0.612454 -0.825869 -1.024493 -0.826325 -0.698335 -1.170483 -0.955958 -1.847371 -1.753353
-1.853445 -2.075998 -1.273484 0.067332 0.946568 1.105378 0.890226 0.626797 -0.102281 -0.834164
0.139695 -0.248615 -0.210481 0.083995 -0.216695 -0.325350 -1.131217 -1.324944 -0.007304 -0.737369
-1.700592 -2.315535 -1.801831 -0.243764 0.741210 1.009610 1.096604 0.909181 0.148580 -0.925371
0.673160 0.474131 0.542070 0.903215 0.723735 -0.622934 -1.889494 -2.343233 -0.909327 -0.157539
-0.669190 -1.043789 -0.857202 -0.133796 0.914756 1.039401 0.982057 0.786836 0.132887 -0.516884
0.636737 0.721881 -0.004918 0.201710 0.709419 -0.366635 -3.404499 -4.415745 -3.393629 -1.386053
-0.795482 -0.659619 -0.438371 0.189107 0.752389 0.996058 1.048950 0.770804 0.246483 -0.406626
0.610093 0.418649 -0.141169 -0.252741 0.310979 0.573553 -1.283627 -3.810352 -2.964159 -1.807251
-1.255731 -1.004953 -0.229548 0.621701 0.948047 1.002865 1.009467 0.723382 0.119612 -0.447992
0.677820 0.585925 0.235275 0.234303 0.582195 1.693686 1.648027 -0.479229 -2.334190 -1.372513
-0.553634 -0.428050 0.230302 0.746497 1.017810 0.991136 1.010751 0.582770 -0.095017 -0.582739
0.133779 -0.238368 0.343528 -0.226250 -0.324545 0.911624 1.341255 -0.125638 -0.563847 -0.584562
0.147022 0.113333 0.454231 0.783081 0.871329 0.781102 0.789443 0.775259 0.280590 -0.142462
0.435421 0.277057 0.116759 0.678400 -0.276355 0.414136 0.477391 0.347028 -0.062879 -0.032063
0.380124 0.522614 0.504303 0.502530 0.245723 0.268519 0.635365 0.983070 0.627329 -0.095302
-0.003329 0.133462 -0.169789 0.343664 0.369986 -1.123596 -0.523762 -0.546497 -1.159965 -1.053238
-0.421801 -0.404525 0.269668 0.594430 0.577947 0.571625 0.855376 0.140764 -0.243626 -0.644852
-1.056782 -1.084983 -0.087345 0.070867 0.340814 -0.683156 -2.556855 -2.536244 -2.705712 -3.115272
-2.965854 -2.635624 -1.227308 -0.239249 0.308353 0.118386 0.203704 0.168070 -0.906079 -0.623185
-0.991165 -1.985039 -1.279996 0.253071 0.196984 -0.232591 -1.309992 -2.404487 -1.732941 -0.960487
-1.453560 -2.240937 -2.002551 -1.451410 -1.346020 -0.865745 -0.123523 0.143440 -0.515948 -1.031502
-0.727012 -1.723745 -1.785377 -0.313458 0.643501 0.180774 -0.232141 -0.668703 -1.087583 0.106819
0.580670 -0.363200 -1.480150 -1.417543 -0.933986 -0.199553 0.254682 0.559745 -0.078976 -0.962792
-0.137859 -0.878447 -1.003984 -0.572944 0.515729 0.893449 0.332071 -0.048263 -0.310533 -0.277144
0.506302 0.429455 -0.113832 -0.942004 -0.610636 -0.680553 0.065936 -0.270090 -0.464612 -1.174708
0.650227 0.036964 -0.306639 0.058616 0.669749 1.040902 1.297861 1.270332 0.305280 0.511123
0.972899 0.879180 0.717587 0.361787 -0.692864 -1.177401 -0.990513 -0.760005 -0.981368 -0.923040
0.395512 -0.099664 -0.453952 -0.130316 0.515770 0.791054 0.705767 0.698569 0.666213 0.619074
0.940778 1.122892 1.044366 0.853794 -0.421454 -1.611909 -1.528988 -1.318156 -1.351915 -1.591430
-0.952105 -0.660421 -0.580223 -0.148677 0.299710 0.554555 0.429552 0.268520 0.220697 0.393782
0.619231 0.532869 0.463471 0.593782 0.466657 0.185169 -0.231367 -0.557920 -0.850514 -0.766829
0.613060 -0.737808 0.476325 0.474524 0.348715 0.302245 0.442763 0.480587 0.354078 0.231891
0.337787 0.449821 0.287953 0.519315 0.974712 0.906386 0.454148 0.444348 0.626075 -0.493985
-0.333354 -0.357082 -0.020289 -0.125573 0.028037 0.059773 0.218831 0.158686 0.174369 -0.306618
-0.229107 -0.058099 0.333521 0.511608 0.644585 0.774850 0.725879 0.447905 -0.173082 -0.394519
-0.500329 -0.381164 -0.166824 -0.209753 -0.377981 -0.584082 -0.451454 -0.077506 0.137195 -0.027567
-0.317848 -0.409649 -0.549362 -0.459159 -0.569360 -0.521727 -0.235647 -0.077012 -0.303909 -0.543640
-0.474748 -0.231992 0.451498 0.391179 0.225687 -0.233576 -0.521184 -0.551866 -0.401759 -0.552703
-0.428255 -0.484142 -0.703081 -0.705160 -0.952540 -1.131562 -0.936019 -0.251307 -0.543831 -0.393727
-0.443527 -0.468909 -0.127072 -0.148780 -0.072245 -0.377517 -0.730050 -0.673176 -0.890000 -0.692349
-0.504124 -0.514860 -0.094191 0.212450 0.116844 -0.429335 -0.498841 -0.040701 -0.811902 -0.466333
-0.452815 -0.421783 -0.053740 -0.192455 -0.433681 -0.524014 -0.032492 -0.101453 0.383608 -0.026264
-0.075811 -0.333714 -0.297927 0.283804 0.591727 0.929102 1.116441 1.637070 -0.385955 -0.470799
-0.446877 -0.499060 0.186550 -0.123651 -0.251286 0.197903 0.117061 0.709927 0.128312 0.212795
-0.506338 -0.638578 -0.819568 -0.853907 -0.698870 -0.989812 -0.212811 0.986827 -0.658088 -0.484613
-0.432917 -0.283630 0.462816 0.380541 0.111434 0.341844 0.462761 0.113182 0.283322 0.179751
-0.001965 0.339988 0.188641 0.067315 0.041504 -0.313840 -0.050654 1.322701 -0.561850 -0.527525
-0.375301 -0.382046 0.546511 -0.315117 -0.782496 -0.623785 -1.077482 -0.906902 -0.713636 -0.305429
-0.207197 0.303101 0.636003 0.492757 0.450457 -0.092127 -0.007063 1.382337 -0.385884 -0.486206
-0.495357 -0.530564 0.278846 -0.257120 -0.751704 0.076574 -0.400214 -0.331361 -0.067250 0.127269
-0.293939 -0.221791 -0.238673 -0.526106 -0.212450 -0.626356 -0.283353 1.043241 -0.408850 -0.524469
-0.661756 -0.377991 0.400613 -0.244970 0.243398 1.509928 0.746289 -0.034551 -0.355190 -0.279886
-0.410012 -0.214252 -0.147610 -0.295665 -0.017787 0.126896 0.101975 1.331689 -0.325360 -0.509845
-0.347693 0.006031 0.334936 -0.364785 0.309505 1.478161 1.346272 0.349829 -0.294862 -0.253772
-0.289515 -0.377681 -0.201189 -0.496759 -0.326445 -0.326264 -0.058937 0.889112 -0.206202 -0.468419
-0.015573 0.356926 0.770184 -0.269032 -0.297611 0.460844 0.440048 0.523371 0.224364 -0.195444
-0.215340 -0.281194 -0.187139 -0.246282 0.033415 0.168669 0.221470 0.644095 -0.242594 -0.534277
-0.457920 -0.072339 0.227086 -0.201099 0.044608 -0.147063 -0.022188 0.565521 0.448964 0.113368
-0.220146 -0.309470 -0.355069 -0.488890 -0.589322 -0.261448 -0.175901 0.300870 -0.379701 -0.552738
-0.269169 0.156139 0.392384 -0.233945 -0.125809 -0.168112 -0.605029 -0.547460 -0.419143 -0.627620
-0.559093 -0.483690 -0.234481 -0.028706 -0.149303 0.011756 -0.020504 0.215756 -0.245813 -0.522959
-0.356350 -0.227203 0.378918 -0.254678 -0.213730 -0.508470 -0.680234 -0.784110 -0.454810 -0.436844
-0.257328 -0.268694 -0.322545 -0.238123 -0.119926 0.180249 0.048381 0.286362 -0.330263 -0.603768
-0.521122 -0.481811 -0.020720 -0.188909 -0.034792 0.071240 0.055704 0.266771 0.129539 0.022587
-0.191851 -0.234828 -0.348228 -0.565929 -0.248645 0.161234 0.382140 0.852299 0.133421 -0.437041
-0.424406 -0.249947 0.211789 0.053237 0.094900 -0.031398 -0.142767 -0.232223 -0.346428 -0.380405
-0.205377 -0.127362 -0.081792 -0.085662 0.053681 -0.100075 -0.549371 0.166173 -0.331114 -0.520273
-0.491433 -0.565268 0.042518 -0.337764 -0.290768 -0.132187 0.039520 0.218195 0.098026 -0.111868
-0.160942 -0.143648 -0.112627 0.014938 0.317490 0.138082 0.005207 0.275899 0.028031 -0.409432
0.121771 0.437213 1.080153 0.606823 0.291957 0.003156 -0.113461 -0.080220 -0.303927 -0.320441
-0.369241 -0.366046 -0.302310 -0.433031 -0.269755 -0.327679 -0.559175 -0.078503 -0.328938 -0.426216
-0.282821 -0.461543 -0.459281 -0.653112 -0.857587 -0.747560 -0.817942 -0.773198 -0.744792 -0.752161
-0.715193 -0.738375 -0.723110 -0.709148 -0.693715 -0.746019 -0.736445 -0.699544 -0.715973 -0.609849
0.368908 0.292115 0.183513 -0.114515 -0.457512 -0.468380 -0.399648 -0.212288 0.066903 0.032966
-0.194949 -0.333475 -0.285009 -0.225061 -0.132374 -0.049977 0.132411 0.219999 0.141515 0.297875
0.543170 0.695012 0.555367 0.310679 0.056036 -0.139039 -0.151753 -0.271778 -0.025685 0.272681
0.123920 -0.146496 -0.069689 0.073953 0.242570 0.315490 0.550490 0.503145 0.584506 0.203379
0.452129 0.660237 0.510972 0.333458 0.106441 -0.282349 -0.100725 -0.195017 -0.156260 0.184443
0.193718 -0.106677 -0.065005 0.106851 0.355075 0.435495 0.489803 0.383208 0.440662 0.088565
0.413181 0.616277 0.576641 0.356074 0.068396 -0.452040 -0.458086 -0.275146 -0.203290 -0.069391
0.155983 0.044268 0.089715 0.330592 0.557057 0.706865 0.701087 0.566287 0.406689 0.062736
0.489312 0.738263 0.643621 0.724923 0.282735 -0.286181 -0.005759 0.105198 0.498976 0.211217
0.085786 0.097991 0.064743 0.477999 0.732503 0.844449 0.844010 0.574111 0.541070 -0.113935
0.447288 0.701106 0.546296 0.726539 0.570165 -0.144843 -0.451401 -0.267256 0.584680 0.530328
0.318734 0.276935 0.085239 0.278989 0.632084 0.686119 0.809011 0.493687 0.378020 -0.226174
0.386639 0.526883 0.562384 0.412703 0.494016 0.337720 -0.054950 -0.161184 0.717405 0.655590
0.393162 0.118265 0.043416 0.128467 0.545725 0.698117 0.717096 0.491625 0.435350 -0.211305
0.494221 0.652085 0.402619 0.348136 0.332844 0.500885 0.538620 -0.271981 0.590476 0.594067
0.546380 0.202515 0.105628 0.084162 0.415869 0.815488 0.645561 0.418527 0.434021 -0.300074
0.442441 0.768644 0.478973 1.060255 0.378003 0.633360 0.826416 0.038983 0.449785 0.314099
0.378652 0.315493 0.136926 0.129759 0.171638 0.679512 0.673074 0.479195 0.387846 -0.259941
0.300964 0.443786 0.194215 0.663364 0.242636 0.247753 0.191282 -0.101920 0.268196 0.491156
0.455321 0.259623 -0.242668 -0.285486 -0.148146 0.492900 0.655791 0.494847 0.344070 -0.203748
0.480672 0.684607 0.460055 0.618217 0.408719 0.190143 0.213688 0.271550 0.206044 0.160711
0.310155 0.410568 0.168657 -0.111347 -0.064359 0.367310 0.699676 0.447606 0.295432 -0.214788
0.367169 0.662270 0.457909 0.400034 0.267860 0.079374 -0.361011 -0.128544 0.028098 0.126563
0.393066 0.337344 0.466378 0.464100 0.358062 0.413178 0.700243 0.364190 0.274107 -0.273546
0.451967 0.547745 0.586566 0.420211 0.197297 -0.140417 -0.477854 -0.504648 -0.659944 -0.591336
-0.572545 -0.665602 -0.311015 -0.145947 -0.182807 0.128951 0.257623 0.079527 0.375812 -0.217513
0.386517 0.533222 0.537948 0.601635 0.256819 -0.256887 -0.970146 -1.004256 -0.866496 -0.384712
-0.264671 -0.312303 -0.206475 0.024721 0.006846 0.169581 0.310060 -0.153203 0.015796 -0.328778
0.355397 0.495757 0.335477 0.480166 0.499344 0.209487 -0.452224 -0.346631 -0.291476 -0.175982
0.047968 0.043918 -0.396944 -0.229583 -0.048043 -0.107524 0.309763 -0.120456 0.124391 -0.213533
0.450806 0.629582 0.573786 0.616951 0.586128 0.228603 -0.416713 -0.573309 -0.356692 0.022454
0.246749 0.284612 0.040817 0.050109 0.055857 -0.354645 -0.151242 -0.619704 -0.036313 -0.316145
0.342436 0.489053 0.498981 0.621679 0.674786 0.738935 0.566275 0.393715 0.270713 0.628130
0.667450 0.621072 0.498516 0.443961 0.413920 -0.094423 -0.166248 -0.497617 -0.001374 -0.053167
0.470597 0.502293 0.597663 0.657015 0.681772 0.641497 0.502534 0.374922 0.334406 0.557969
0.548961 0.489584 0.519272 0.570006 0.644845 0.243008 -0.207571 -0.867557 -0.487752 0.106406
0.522738 0.748302 0.572132 0.583457 0.534389 0.448097 0.357604 0.317827 0.314373 0.357431
0.374218 0.323944 0.358497 0.384364 0.552315 0.362301 0.468351 -0.110251 -0.043763 0.160812
0.238485 0.516092 0.341750 0.510952 0.465078 0.454550 0.483387 0.385334 0.390284 0.417637
0.361859 0.396393 0.380233 0.366069 0.447441 0.337929 0.409949 0.003674 0.011935 0.160043
0.342532 0.632994 0.864476 0.783853 0.669011 0.453946 0.071713 -0.141535 -0.278096 -0.418494
-0.287843 -0.150799 -0.421350 -0.767237 -0.624378 -0.201277 0.098445 0.251062 0.327876 0.460894
0.538831 0.943246 0.885651 0.801210 0.775436 0.558929 0.404657 0.492975 0.366972 0.197177
0.222305 -0.313965 -1.047642 -1.185781 -0.728457 0.028665 0.575581 0.722014 0.822578 0.857005
0.794267 1.042750 0.850906 0.856693 0.821382 0.618346 0.639726 0.690091 0.367663 0.327001
0.106937 -0.513721 -0.851358 -0.539894 0.058326 0.528480 0.917688 1.033297 0.950956 0.690517
0.799711 0.893696 0.879589 0.907542 0.833267 0.686131 0.778630 0.895129 0.734277 0.792571
0.710193 0.712868 0.672296 0.803915 1.278719 0.999819 0.843481 0.852792 0.841841 0.651983
0.765052 0.855679 0.889754 0.870343 0.799162 0.769971 0.844484 0.844367 0.803384 0.814687
0.835957 0.993179 0.795531 0.656316 0.633151 0.405263 0.644098 0.854862 0.883113 0.678651
0.774606 0.890957 0.869054 0.728566 0.734302 0.781729 0.493563 0.441544 0.691755 0.838683
0.882445 0.881086 0.841223 0.777166 0.450707 0.462840 0.822272 0.871243 0.842954 0.608338
0.805717 0.895037 0.587022 0.239667 0.473855 0.371668 0.089728 0.486515 0.798137 0.867049
0.888615 0.870345 0.846252 0.746632 0.174683 0.221345 0.830213 0.809976 0.788125 0.610354
0.770715 0.653699 0.025952 -0.045459 0.483815 0.418091 0.634368 1.117994 1.042982 0.891572
0.801948 0.846357 0.781562 0.546324 -0.349846 -0.603952 0.394664 0.774812 0.810023 0.656975
0.737067 0.599594 0.143583 0.667692 1.117257 0.695390 0.821183 0.896840 0.773861 0.724731
0.754345 0.758343 0.572145 -0.395639 -1.809670 -1.382926 0.225805 0.789569 0.802238 0.600372
0.568749 0.615904 0.703301 1.054867 1.189338 0.753843 0.533378 0.389778 0.530854 0.705849
0.592106 0.363767 -0.054066 -1.562277 -2.633504 -0.862396 0.802025 0.769020 0.737669 0.536752
0.376800 0.682197 0.813242 0.797283 0.826540 0.464584 0.076668 0.163044 0.439661 0.363086
-0.263788 -0.686796 -1.181710 -2.275929 -2.446078 -0.390617 0.997972 0.727945 0.676069 0.478167
0.299454 0.616755 0.721799 0.763393 0.810137 0.489839 0.320351 0.753805 0.572349 -0.420678
-0.879997 -0.803534 -1.093792 -1.229745 -0.576186 0.833864 1.236209 0.670627 0.543415 0.341061
-0.210010 0.275793 0.595890 0.534335 0.622061 0.701100 0.637553 0.763122 0.628208 0.045684
0.085613 0.522786 0.394818 0.150729 0.298884 0.826480 0.898900 0.471324 0.213900 0.227910
-0.282466 0.480724 0.441233 0.199424 0.364985 0.556760 0.453358 0.383163 0.478907 0.444254
0.345934 0.576575 0.507600 0.056280 0.098682 0.519132 0.761714 0.401213 0.055464 0.254347
-0.253856 0.600485 0.385349 0.107895 0.330977 0.340095 0.287903 0.433629 0.573665 0.491617
0.551144 0.674328 0.584983 0.662669 0.978454 1.085543 0.961793 0.316490 -0.092065 0.169603
-0.214631 0.584981 0.301566 0.113778 0.294643 0.132276 -0.042541 -0.042753 -0.113246 -0.133519
0.040909 0.080718 0.189434 0.489019 0.656530 0.646904 0.450346 -0.318787 -0.480219 0.050829
-0.450521 0.252682 0.044194 -0.021759 0.030039 -0.468217 -0.784165 -0.535057 -0.505134 -0.571478
-0.508714 -0.650838 -0.428333 0.005808 0.278367 0.155319 0.027813 -0.670316 -0.751383 0.031341
-0.598477 0.270496 0.154686 0.030992 -0.111384 -0.437594 -0.338606 -0.076216 -0.273876 -0.596341
-0.909842 -0.991508 -0.541187 -0.032735 0.090881 -0.220228 0.172095 -0.167517 -0.274068 0.513609
-0.713093 0.052668 0.051231 -0.540568 -0.759433 -0.636005 -0.529117 -0.636546 -0.848565 -0.876604
-1.051407 -0.918986 -0.555890 -0.426743 -0.593550 -0.763105 -0.230086 -0.391056 -0.680490 -0.206184
-0.536333 0.385465 -0.006180 -0.320918 -0.521105 -0.727283 -0.951499 -1.161879 -1.178884 -1.207792
-1.375708 -1.093194 -0.858818 -0.987527 -0.930833 -0.753016 -0.451980 -1.192925 -1.277772 -0.156011
-0.213318 0.065397 0.700309 0.264651 0.054795 -0.258612 -0.163401 0.188391 0.397883 0.263990
0.011894 -0.521511 -0.763997 -0.510954 -0.321623 -0.305374 0.031384 0.167653 0.192388 0.758454
-0.337204 -1.054913 -0.781038 -0.619353 -0.099635 -0.406578 -0.945078 -1.273649 -0.877959 -0.280462
-0.472940 -0.994193 -1.153806 -1.199121 -1.111302 -1.041443 -0.701655 -0.135799 -0.944984 -0.605777
-0.291331 -1.754590 -1.869394 -1.469036 -0.499986 0.134266 -0.026758 -0.300936 -0.478064 -0.406806
0.093855 1.074230 2.059684 2.087075 1.589482 0.852132 0.257288 -0.083343 -1.189639 -0.691397
-0.118759 -1.279113 -1.692473 -1.744815 -1.683893 -0.906289 -0.100909 0.230983 0.390655 -0.422789
-0.565882 -0.297365 -0.351079 -0.715038 -0.507681 0.318103 0.639822 -0.063640 -1.275082 -0.672619
0.194747 0.040290 0.063083 -0.194841 -0.510263 -0.337187 -0.018047 -0.228843 0.213034 -0.010848
-0.836604 -1.619703 -2.316279 -3.126959 -2.877746 -1.970330 -0.937902 -0.087881 -0.457379 -0.207915
0.286981 0.410401 0.202011 0.044526 0.151162 0.223212 0.438247 -0.305226 -0.318224 -0.160660
-0.182621 -0.911342 -0.949459 -0.819906 -0.577371 -0.431773 -0.636839 -0.344496 -0.240442 -0.000743
0.347042 0.445802 0.134249 -0.092220 0.174296 0.095810 1.521353 1.516331 -0.249909 -0.393521
0.030207 -0.182980 -0.181067 0.039707 0.235575 0.408762 0.379437 0.316050 0.166899 0.178120
0.425293 0.664063 0.440276 0.509615 0.720301 -0.279483 -1.171798 -0.939312 -0.871792 -0.544300
-0.081934 -0.013362 -0.169867 -0.100236 0.249965 0.528175 0.577832 0.574301 0.296822 0.254288
0.037530 0.498725 1.581533 1.040391 0.643266 1.015702 -1.355512 -2.487943 -2.105243 -0.983097
-0.080867 0.289496 0.185023 0.014551 0.207877 0.423444 0.634650 0.712678 0.383189 0.309198
0.197287 -0.597747 -1.536938 -0.812279 -0.596788 -0.043634 0.187249 0.145158 0.589095 0.611952
0.276126 0.506839 0.416802 0.427515 0.623999 0.492354 0.441171 0.621126 0.487636 0.472802
0.416382 0.096199 -1.182263 -1.657942 -1.561703 -1.149266 -0.058180 0.723512 0.247769 0.122292
0.623640 0.920473 0.663003 0.445083 0.755169 0.919176 0.545962 0.326709 0.322195 0.398439
0.193050 0.484472 0.843627 0.457044 0.110298 -0.176413 -0.055066 0.056189 -0.502201 -0.653614
-0.812332 -0.532623 0.870080 1.298528 0.584975 0.051621 0.237417 0.434912 0.089629 0.124039
0.351219 0.319757 0.840501 0.594737 0.315891 0.254684 -0.585484 -1.185273 -0.678985 -0.030239
-0.247412 -1.225431 -1.737621 -1.153012 -0.148118 0.082551 0.086398 0.341112 0.296729 0.206995
0.489301 0.056074 0.101791 0.461208 0.523018 0.199933 -0.129866 -0.478073 -0.261534 0.273926
0.513644 0.173135 -0.772040 -1.385906 -0.856277 0.045682 0.486272 0.589479 0.351346 0.302078
0.289186 -0.134410 -0.397720 -0.079195 0.473156 0.473094 0.447329 0.669510 0.758671 0.695302
0.664486 0.785394 0.742820 0.598468 0.755794 0.719093 0.577699 0.569439 0.528933 0.425736
0.299426 0.159415 0.066758 -0.031151 0.167771 0.470016 0.616764 0.631642 0.576087 0.604386
0.537294 0.377057 0.576045 0.634240 0.545230 0.529988 0.620389 0.638205 0.425394 0.510944
0.664538 0.666722 0.517072 0.373614 0.294098 0.356503 0.340166 0.228554 0.180417 0.186134
0.240029 0.140316 0.329887 0.496523 0.438629 0.332505 0.522815 0.648247 0.071290 0.141922
0.367585 0.697208 0.696358 0.498950 0.550580 0.569375 0.449954 0.204293 0.132326 0.174898
0.339303 0.510949 0.674249 0.501218 0.364909 0.506343 0.690029 0.842789 0.431261 0.362423
0.599826 0.370481 0.558694 0.723659 0.695848 0.684616 0.675792 0.578799 0.542222 0.526622
0.546493 0.513603 0.473040 0.406164 0.321272 0.515489 0.579752 0.770421 0.032372 0.216527
-0.538987 -0.542077 -0.086670 0.446799 0.709354 0.691975 0.612704 0.525301 0.446260 0.398284
0.329371 0.112198 -0.300209 -0.150696 0.326079 0.532303 0.045861 0.038166 -0.485290 -0.414250
0.687032 -0.750023 0.039536 0.674453 0.641093 0.548346 -0.380180 -0.512847 -0.377364 -0.001157
0.297037 0.268765 -0.066731 -0.285964 -0.590465 -0.299809 -0.570940 -0.930630 -1.060537 -0.013998
-0.235228 -0.665417 -0.354820 0.440902 -0.067779 -0.328821 -0.677001 -0.492765 0.173847 0.724913
0.503879 -0.326463 -0.866766 -0.740613 -0.914225 -2.062625 -2.020083 -0.767930 -0.122423 -0.097633
-0.288601 0.482460 -0.704843 0.449048 0.374626 0.060992 0.267076 -0.176963 0.167098 0.177933
-0.439052 -0.788892 -0.494986 -1.120618 -1.056594 -0.972466 0.075872 0.446796 0.082131 -0.409132
0.335980 0.887373 -0.498086 0.436946 0.563057 0.345937 0.371325 0.045538 0.287430 0.441033
0.579028 0.804018 0.437248 -0.210995 0.582986 0.007406 -0.055574 0.000181 0.563534 0.089241
0.061876 0.550833 -0.064238 0.328301 0.380416 0.420833 0.734264 0.700093 0.519040 0.532095
0.754771 0.774381 0.716197 0.767732 0.714938 -0.027269 0.286935 0.434535 0.903007 0.031478
0.180132 0.566290 -0.297059 0.235383 0.224655 1.175448 0.680849 0.040029 -0.220612 -0.080971
0.597510 0.771424 0.727227 0.729772 0.745887 0.190619 0.213056 0.577153 0.481064 0.100130
0.153638 0.560470 0.120978 0.214963 -0.211223 0.019048 -0.137775 -0.438985 -1.296398 -0.654669
0.470303 0.749094 0.705267 0.718692 0.495979 0.190426 -0.041147 0.457101 0.467504 0.304437
0.182180 0.848320 -0.738766 -0.147312 -0.381561 -0.005908 0.240540 -1.164339 -0.377331 -0.051064
0.381253 0.692207 0.759382 0.767865 0.503507 0.270986 -0.308564 0.594578 0.761465 0.215195
0.129278 0.410764 -0.911342 0.700248 0.106244 0.768103 0.684159 0.091380 0.489511 -0.681465
0.091418 0.710482 0.817206 0.730388 0.004748 0.506731 -0.107059 0.559169 0.730254 0.270264
0.103428 0.810655 0.414934 1.168962 0.358615 0.525697 -0.464538 -1.320572 -0.799832 -0.206918
0.358607 0.871943 0.568265 0.240493 -0.274426 0.744048 -0.164271 0.666009 0.681813 0.264254
0.466017 0.523178 0.388744 0.855769 0.661967 -0.645902 -0.103438 -0.637101 0.124824 0.027319
0.171175 0.025873 0.050630 0.081029 0.087248 0.427553 0.059091 0.703439 0.685598 0.244459
0.351379 -0.283455 0.280762 0.811099 0.772298 0.691794 1.748116 0.453528 0.287458 -0.082637
0.420340 0.344638 0.643101 0.280554 0.111846 0.626732 0.395403 0.848132 0.445686 0.121714
-0.263143 -0.230250 0.004156 0.630129 0.713723 0.745763 0.833602 0.860415 0.390434 0.529377
0.690903 0.542664 0.669346 0.902346 0.706866 0.680068 0.293783 0.384882 0.436962 0.380173
-0.147982 -0.046949 -0.620061 0.242278 0.538716 0.622211 0.576134 0.277368 0.305288 0.428990
0.582513 0.741036 0.766025 0.572275 0.403155 0.547578 0.617540 0.654388 0.657743 0.133618
-0.270689 0.134523 -0.538850 0.144352 0.264727 0.698143 0.450825 0.466300 0.552634 0.147021
0.550806 0.761800 0.658823 0.526901 0.823327 0.689102 0.570266 0.513197 0.261545 0.227453
0.235997 0.426073 -0.345109 0.594686 0.470703 0.764220 0.519275 -0.070067 -0.102007 0.051667
0.579054 0.745372 0.720250 0.736412 0.877958 0.799361 0.348236 0.003906 0.645622 0.278712
0.406431 0.374878 0.327344 1.033458 0.511198 0.358557 0.084256 0.049800 0.468191 0.532054
0.659186 0.739258 0.705945 0.806601 0.848870 0.539325 -0.170604 -0.270979 0.463320 0.057914
0.297362 -0.082998 0.000843 0.818710 0.737199 0.494307 0.740038 0.558373 -0.204206 -0.259080
0.177473 -0.028793 -0.234527 -0.007264 0.251204 -0.140264 0.008674 -1.087037 -0.892003 -0.191944
-0.154136 0.332093 -0.114548 0.190544 0.133482 -0.142197 -0.485412 -0.725641 -0.789174 -0.714596
-0.770002 -0.789334 -0.556118 -0.051220 -0.129284 -0.927083 -0.504938 -1.563432 -0.008184 -0.022436
0.313116 0.472216 0.053132 0.398103 0.763864 0.554541 0.428280 0.286981 0.108243 -0.158847
-0.341807 -0.131675 -0.121041 -0.432602 -0.087099 0.226672 0.751448 0.194812 0.437817 -0.577873
-0.790588 -0.627486 -0.287323 -0.088018 -0.179074 -0.379466 -0.291693 -0.005600 0.237020 0.216465
-0.081111 -0.250738 -0.160832 -0.107971 -0.317077 -0.162036 -0.105007 -0.056976 0.029727 -0.056429
-1.377109 -1.020915 -0.920358 -0.709219 -0.745641 -1.347564 -1.828796 -1.895320 -1.643222 -1.578620
-2.029990 -1.965987 -1.618879 -1.809307 -2.275723 -1.976172 -1.828671 -1.802087 -1.486477 -0.944926
0.215007 0.482209 -0.395687 -0.302701 0.005355 -0.123639 -0.300050 -0.628879 -0.806664 -0.818975
-0.452201 0.187528 0.206758 -0.051276 0.014268 -0.131082 -0.650939 -1.326773 -1.112935 -0.897567
-0.386956 -0.248552 -1.431497 -1.768740 -1.316944 -0.230209 1.473264 1.977455 1.589047 1.385835
2.070808 2.109250 1.533862 1.679030 2.070605 2.062474 1.235494 0.488296 0.385446 -0.286221
-0.257731 0.323423 -0.327402 -0.163961 -0.260067 -0.186316 0.425528 0.447753 0.352535 0.274460
0.221616 -0.332953 -1.090466 -1.751703 -2.006450 -1.150858 -0.980857 -0.493011 0.213727 -0.214111
0.611082 1.413159 1.159568 1.758507 0.986572 -0.101834 -0.430731 -0.897738 -1.011015 -0.921684
-0.556423 -0.510450 -0.856233 -1.379002 -2.350941 -1.780929 -2.036850 -1.328922 -0.152849 -0.312078
0.130236 0.422022 -0.823680 -0.833290 -1.170726 -0.903405 -0.698899 -1.669273 -1.786395 -1.158049
-0.253177 0.334360 1.026967 1.678030 2.061568 2.352952 1.032275 1.056784 1.566287 0.379609
-0.543126 -0.055232 -1.205004 -0.490202 -0.032525 0.654793 -0.506756 -1.847158 -1.349847 -0.538129
-0.507771 -0.604591 -0.147818 0.381061 1.883357 2.608636 2.112635 2.498209 2.522979 0.732276
-0.342151 0.703000 0.809423 2.347371 2.572889 2.262989 0.888284 0.854855 1.143140 0.664007
-0.126007 -0.230155 -0.205351 -0.522634 -0.071138 0.247814 -0.181053 -0.249843 0.346291 -0.142916
0.555039 1.312684 0.914141 0.985587 0.352619 0.724572 2.248953 3.107632 2.491801 1.224310
0.636848 0.771102 0.684356 0.299315 0.207461 -0.050555 -0.482892 -0.492547 0.241450 -0.165748
1.705052 1.234281 -0.746226 -1.314507 -1.807607 -1.459146 -0.421314 0.971409 1.364954 0.659727
0.061966 -0.259711 -0.481623 -0.839383 -0.866468 -0.569682 -0.222974 0.326726 0.949172 0.146930
0.033046 0.166203 0.746738 0.815082 -0.458630 -0.930880 -0.689674 0.003239 -0.341979 -1.214390
-1.553218 -0.954522 -0.401577 0.445429 1.189288 0.931811 -0.103931 -0.364723 0.292158 -0.140916
-0.999082 -0.679996 -0.000426 0.932826 1.584623 0.939194 -0.678677 -1.424766 -1.232119 -0.727491
-0.867381 -0.694479 -1.020140 -0.346236 0.071520 -0.751444 -1.532243 -1.054835 0.332390 0.070685
-0.309242 -0.370255 -0.614853 -0.073784 0.749443 0.676562 0.000231 -0.065498 0.821126 1.800645
1.944578 1.046652 -0.711510 -1.209406 -0.980397 -0.551913 -0.060512 0.421565 1.155768 0.320533
0.174892 0.165149 -0.507666 -0.530494 -0.158457 0.557770 1.611914 1.617594 0.885610 0.627270
1.422252 1.838145 2.120066 2.849166 3.034456 2.835524 2.090903 1.103564 0.847894 -0.015288
0.159049 0.715373 0.423669 0.129087 -0.227159 -0.029659 0.094805 -0.418347 -0.782775 -0.744183
-0.595608 -0.411157 0.084373 0.225419 -0.408186 -0.661850 -0.657328 0.050146 0.454133 -0.122808
0.443078 0.925148 0.863642 0.519065 -0.009379 -0.311051 -0.295863 -0.265122 -0.150895 -0.083659
-0.136629 -0.152607 -0.089597 -0.323903 -0.749113 -0.580756 -0.654381 -0.016069 0.129951 -0.166106
-0.143552 -0.333781 -0.741711 -0.900201 -0.717043 -0.454813 -0.154920 0.034110 0.106890 -0.026503
-0.207736 -0.235093 -0.228176 0.051140 0.805298 0.949424 0.019715 -0.317189 -0.163100 -0.172156
-0.118632 -0.044548 -0.271567 -0.204927 -0.082538 -0.255695 -0.342829 -0.388668 -0.490147 -0.470015
-0.502264 -0.534552 -0.538739 -0.373905 0.211324 0.327611 0.029580 0.074240 0.158496 -0.085795
0.358182 0.652097 0.712071 0.897988 0.640189 0.236901 0.106921 0.109395 0.175380 0.178605
0.007114 -0.141180 -0.256320 -0.293755 -0.176224 -0.148209 0.239668 1.002089 0.920289 0.279342
0.542390 1.972726 0.859717 0.058447 0.273220 0.126804 0.252327 0.173131 -0.536656 -0.681104
-0.323295 -0.044593 0.262794 0.265786 0.174365 0.731782 0.994212 0.403288 -0.033483 -0.136661
-0.675711 1.219591 0.285215 -0.667117 -0.488951 -0.728746 -0.515065 0.191391 0.085354 -0.205455
-0.446838 -0.580022 -0.771902 -0.565668 -0.693078 -0.886413 0.129871 -0.129461 -0.274116 -0.169454
-0.497793 0.696484 1.138648 -0.139432 -0.039238 -0.392766 -0.620464 -0.650092 -0.743889 -1.286639
-0.741208 -0.470031 -0.305304 -0.358403 -0.610690 -0.717131 -0.216403 -0.656843 -0.993738 -0.070408
-0.559338 0.005843 1.331930 -0.253828 0.070052 -0.242078 0.225925 -0.357241 -1.153353 -1.467595
-1.657873 -1.245052 -0.756689 -0.244150 -0.608029 0.068807 -0.236586 -1.025358 -1.056412 -0.240833
-0.607844 -0.199981 0.059922 -0.928117 -0.191425 0.036910 1.283853 0.777678 0.910557 -0.239102
-0.772324 -0.669063 -0.623457 -0.282731 -0.091627 0.287258 0.943766 0.372622 -0.711791 -0.246567
-0.376503 0.486802 0.360633 -0.034074 0.705454 0.472872 2.243204 2.746876 2.130853 2.166490
0.677256 -0.380893 -1.038105 -1.081710 -0.574544 -1.104128 0.528015 -0.036565 -0.989705 -0.276493
-0.440755 -0.133085 0.564524 -0.937066 0.249310 -0.505534 0.767549 1.321300 0.644345 1.683026
0.622042 0.032687 -0.115100 -0.419135 -0.794536 -0.601904 0.226698 -0.517117 -1.419298 -0.339719
-0.583993 -0.435316 -0.009125 -0.980772 -0.429393 -0.528338 -1.288539 0.567213 -1.317225 0.143357
-0.055343 -0.256655 0.016783 -0.136365 -0.240070 -0.246514 1.153771 -0.172549 -1.290174 -0.307951
-0.239631 0.485060 -0.546477 -1.649870 -0.995542 -1.186362 -1.467265 -0.106779 -0.107470 0.765433
0.799013 0.339680 -0.593190 -0.304496 -0.244689 -0.488217 1.103031 0.450570 -1.364795 -0.251189
-0.369641 1.105074 0.651320 1.505820 1.709243 2.039887 0.692301 0.719127 -0.061845 -0.449350
-0.197331 0.056854 -0.165941 -0.335933 -0.495539 -0.380058 0.751782 1.076608 -1.447932 -0.311700
-0.229129 -0.713852 -0.060943 -1.477620 -0.444813 0.008227 -0.202229 -0.515378 -0.327110 -0.248473
-0.040987 -0.375388 -0.460866 -0.630974 -0.525961 0.111983 -0.271090 0.038328 -1.456172 -0.271185
0.910768 2.356418 1.156385 -0.850258 0.588428 -0.156793 0.755462 0.163953 -0.275648 0.237404
-0.372508 -0.283423 -0.411143 -1.207976 -1.766156 -0.025961 -0.088379 0.895377 -1.089646 -0.277968
0.449188 1.247239 1.260039 -0.123597 -0.357783 -0.739524 -0.038257 -0.155525 0.001769 -0.355412
-0.634609 0.226445 1.055978 1.795736 1.613619 0.886354 1.919469 0.681530 -1.374123 -0.358262
-0.252468 0.780190 1.175164 0.392894 0.040786 -0.626112 -0.902640 -0.332578 -0.520336 -1.390540
-1.899224 -2.090002 -1.383016 -1.176262 -0.353449 -1.341485 0.167903 -1.282328 -1.629502 -0.326000
-0.269890 0.449622 1.179606 0.270824 1.007767 -0.356819 -0.703283 -0.294404 0.245572 1.407522
0.879044 0.148501 -0.192111 -0.276930 0.256032 1.034323 0.907869 -0.214075 -1.147080 -0.494873
-0.184637 0.543628 0.389740 -0.877325 -0.391287 -0.290326 0.514015 0.289210 0.762321 1.198459
1.125652 0.078544 0.019869 -0.229262 -0.075244 1.647353 1.933798 0.881613 -1.188452 -0.341157
0.087954 1.591958 2.598871 2.439032 3.271161 1.962967 1.113455 -0.528810 -0.784025 -0.669543
-0.015841 -0.352851 -0.440366 -1.308847 -1.204168 0.180966 1.588082 -0.191570 -1.865982 -0.241456
-0.384057 0.016082 0.557434 -0.270995 1.289218 1.454422 2.151906 2.791206 2.694558 2.566052
3.194208 3.079637 2.666188 1.052549 0.109701 0.112037 1.873228 1.787812 -0.163415 -0.198919
-0.767076 -0.140649 -0.552087 -0.810069 -1.012770 -0.886308 -1.152607 -0.278124 -1.276627 -0.963341
-0.558681 -0.316762 0.230987 0.486605 -0.467867 -1.007630 -0.254809 0.582254 -1.275361 -0.396206
-0.363037 0.352763 0.228642 -0.119209 -0.293428 -0.381426 -0.428861 -0.453169 -0.632322 -0.670959
-0.539155 -0.856769 -0.731090 -0.428983 -0.828614 -0.863952 -0.393642 -0.011837 -0.788223 -0.682713
0.984001 0.787376 -0.089497 0.230516 0.172107 0.123489 0.151533 0.022396 -0.004899 0.124855
0.243702 0.156800 0.035730 0.148679 0.154257 0.069627 -0.134872 0.095371 0.007684 1.594898
0.708376 -0.597392 0.051332 -0.013441 0.122997 0.051287 0.089739 0.048875 0.043933 0.018258
0.003011 0.060843 0.068620 0.185957 -0.269834 0.008206 -0.329883 0.048827 -0.132747 0.636205
1.768836 -1.120794 -0.446532 -0.216170 -0.043100 -0.016674 0.001823 -0.013887 0.044521 -0.010822
-0.155595 -0.119588 -0.124552 0.322047 -0.260036 0.154251 -0.673930 0.312148 -0.669610 0.714896
1.921754 -0.567967 -0.625685 -0.172006 -0.147630 -0.054800 -0.124987 -0.043386 0.061405 -0.131918
-0.270696 -0.143091 -0.220004 0.339074 -0.171214 -0.038165 -0.948710 1.114326 -1.505762 0.821759
1.211829 0.126117 -0.700033 0.006035 -0.876370 -0.343171 0.201509 -1.083166 -0.652710 -0.334114
-0.158494 -0.158749 -0.267080 0.132315 0.293983 -0.117979 -1.208964 1.620764 -1.244906 1.508576
0.969406 -0.247912 -0.299519 -0.069476 -1.466651 -0.118844 1.551091 -2.652114 -0.051956 -0.199705
-0.057191 -0.126290 -0.064932 -0.178707 0.431150 -0.211295 -1.005370 0.828856 -0.535237 1.072388
0.835118 -0.541473 0.465295 0.229046 -1.795403 0.013618 2.696943 -2.725666 0.849551 -0.431681
-0.112835 -0.132573 -0.056804 -0.178211 0.223546 -0.213266 -0.460949 -0.329629 0.491305 0.503298
0.556851 -0.239838 -0.012728 -0.125988 -0.921013 0.444068 1.239868 -0.782115 0.642691 0.230891
0.032897 -0.155979 -0.176327 0.213779 -0.237024 -0.252395 -0.547540 -0.865440 -0.465595 0.935362
0.667020 -0.307295 0.363151 -1.127280 -0.481610 0.513412 0.104719 0.698952 -0.192863 0.378856
0.087306 -0.115708 -0.476630 0.311523 -0.425167 0.021698 -1.222529 0.689190 -0.376378 0.963145
1.291072 -0.678479 -0.299671 -0.023637 -0.113478 0.046604 0.128572 0.322674 -0.136462 0.064388
0.113818 0.041941 -0.496340 0.119646 -0.015685 0.470353 -1.171318 0.682397 0.209449 0.301366
1.305377 0.759462 -1.977546 0.250366 -0.117644 -0.099505 0.121510 0.024130 0.004259 -0.051214
0.005323 0.010985 -0.249775 0.041346 -0.092190 0.543239 -0.993915 0.210162 0.593237 0.469786
0.721450 1.066206 -1.055812 0.080841 -0.104432 -0.034675 0.035313 -0.055224 -0.020510 -0.014759
-0.012281 -0.013098 -0.184977 -0.056950 -0.206734 0.554912 -0.374946 -0.499025 0.873738 0.633103
1.118812 0.028760 -0.603246 0.232207 -0.344725 -0.046915 0.037977 -0.012207 0.003207 -0.026982
-0.117585 0.096010 -0.018429 -0.138886 0.014447 0.078257 -0.106972 -0.764871 1.038768 0.215284
1.921126 -1.102506 -0.324546 0.358476 -0.093407 -0.384906 -0.138878 0.333635 -0.251809 -0.609541
-0.471559 -0.070259 -0.159629 -0.152332 0.344323 -0.403640 -0.306118 -0.685061 0.870056 -0.142764
2.459089 -1.287874 -0.353949 -0.038172 0.253820 -0.206409 -0.483742 0.432924 -0.181184 -0.227274
-0.217948 -0.119833 -0.092669 -0.348031 0.162572 -0.299931 -0.269170 -0.647392 0.773667 0.234832
2.043916 -0.742912 -0.553333 -0.161509 -0.079533 -0.223251 -0.304624 0.147921 0.038973 0.267983
-0.005714 -0.060566 -0.052495 0.164293 -0.225596 0.022837 0.119091 -0.481591 0.258993 0.164148
2.610299 -1.216202 -1.445957 -0.013297 0.138448 -0.044765 0.217312 -0.139074 -0.184052 -0.137487
-0.357572 -0.398677 -0.441610 -0.094290 -0.616402 -0.204790 0.234356 -0.510830 0.340848 0.064990
2.690437 0.141433 -1.545430 -0.069145 -0.084822 -0.066162 -0.143641 0.052079 -0.012813 -0.048415
-0.016163 0.296337 -0.218668 0.081433 -0.278434 -0.353575 0.218056 -0.513000 -0.102699 0.767575
4.279847 -3.176950 -0.439117 -0.644321 -0.455173 -0.433446 -0.577014 -0.411958 -0.496162 -0.771847
-0.729372 -0.430347 -0.547497 -0.448501 -0.812448 -0.756443 -1.212525 -0.785482 -0.509508 0.402365
3.185555 0.414837 0.568946 -0.144955 -0.052547 -0.129936 -0.074110 0.045435 0.247051 0.100501
0.264174 0.124016 0.185561 0.253809 0.086032 0.438617 -0.015579 -0.298765 0.702100 0.859017
-0.093318 -0.758636 0.081436 0.183691 -0.160569 -0.363939 -0.263126 0.196410 -0.105043 0.426918
0.317978 -0.245637 -0.007762 0.358927 0.685230 1.345706 1.848717 1.822842 0.969705 0.418685
-0.349539 -0.875976 -0.018093 -0.351206 -0.929568 -0.907939 -0.604242 -0.441804 -0.571802 0.335027
-0.783765 -2.035632 -0.010357 0.940638 0.547803 1.619017 2.385739 1.581101 0.185795 -0.430602
-0.412999 -0.626375 -0.279991 -0.496659 -0.972461 -0.447042 0.379530 0.115439 0.249861 1.042556
-0.910336 -1.109052 1.529045 1.189078 0.177032 1.714641 1.458212 0.324953 -0.205826 -0.347906
-0.586623 -0.705789 -0.446125 -0.386582 -1.080283 0.327307 1.551996 0.701709 0.251829 0.473081
-0.958881 0.198341 0.988169 -0.445612 -0.602969 1.123859 0.229609 -0.276288 -0.197600 -0.137636
-0.904233 -0.397994 0.122645 -0.113406 -0.935788 0.836092 1.065507 -0.070936 -0.781320 -0.312056
-0.609573 0.589253 -0.203017 -0.654579 -0.612742 1.265291 0.268080 0.193900 -0.304069 0.176718
-1.040162 0.037361 0.282129 0.031344 -0.921190 0.418384 -0.279221 0.516198 -0.482764 0.085310
0.193739 0.150918 -0.132823 -0.006706 -0.514412 1.004775 0.250199 0.150500 -0.194620 0.607792
-1.037012 -0.273918 0.151928 -0.163926 -1.327792 1.012912 0.941753 1.587085 0.002477 0.761549
0.707293 -0.212578 -0.009080 0.012601 -0.499319 0.743892 0.435987 0.171526 0.131096 0.792794
-1.054249 -0.648471 0.307034 -0.215348 -0.933237 2.324642 1.285531 0.312909 -0.799222 0.602030
0.554134 -0.505642 -0.304500 -0.702433 -0.473994 1.533862 0.824431 -0.431975 -0.039129 0.381324
-0.934827 -0.454425 0.465670 -0.213914 -0.798454 1.818382 -0.042715 -0.909970 -0.780672 0.118646
0.212457 -0.438562 -0.587694 -1.263271 0.490273 2.973075 0.542827 -0.865260 0.055265 0.415326
-0.716683 -0.433301 -0.327042 -0.522142 -1.140284 -0.096834 -0.291052 -0.507922 -0.163144 0.878853
0.282912 -0.047795 -0.936344 -1.181751 1.157209 3.114480 -0.350187 -0.967714 0.265347 0.378427
-0.475197 -0.483877 -0.406076 -0.425386 -0.973557 -0.968346 0.229426 -0.067582 0.418635 0.497530
-0.292158 0.102683 -0.540942 -0.023931 1.649386 2.745894 0.050541 -0.792328 0.214291 0.094245
-0.373396 -0.554414 -0.236791 -0.381039 -0.545551 -1.278042 0.219058 -0.797947 0.130766 -0.580909
-1.141260 0.576880 0.302188 0.170779 0.687575 1.612340 -0.291551 -1.057749 0.406200 0.036300
-0.515997 -0.614584 -0.235532 -0.074658 -0.280130 -1.021950 -0.497377 -0.882613 1.032502 0.087655
-1.152918 0.924854 0.399426 -1.099214 -0.530321 0.963349 -0.924842 -0.856933 1.065202 -0.060443
-0.526993 -0.703172 -0.164033 0.472260 0.071473 -1.126108 -0.926691 0.574858 2.433814 0.559775
-0.626572 1.183169 0.324658 -1.611502 0.924166 2.260153 -0.395877 -0.146177 1.111041 -0.475760
-0.523628 -0.926977 0.064677 0.887739 0.328728 -0.796445 -0.013799 1.271206 1.060037 -0.673333
-0.453118 0.362888 -0.126323 -1.323632 1.155479 1.358809 -0.784662 -0.071178 1.150133 -0.527448
-0.385782 -0.764833 0.194067 0.289220 0.013192 -0.900628 0.058762 0.852267 -0.079725 -0.025442
0.641234 0.331901 0.264161 -0.464004 -0.021784 -1.148274 0.104680 0.549353 1.425477 -0.831057
-0.224029 -0.631977 -0.189483 -0.729117 -0.553678 -0.516016 0.481050 0.912559 0.129950 0.188102
0.419095 0.037827 0.201697 0.161901 -0.936020 -2.238970 1.840409 1.059168 1.198537 -0.909069
-0.172071 -0.276423 -0.174718 -0.923214 -0.047702 0.516430 0.666699 0.625589 -0.208848 0.072166
0.156386 0.290923 0.488510 0.240410 -0.701217 -1.333390 2.985112 0.537242 1.259030 -0.365811
0.023798 -0.234916 -0.059235 -0.368133 0.799974 1.241934 0.943582 1.052612 0.785980 0.806118
1.232011 1.474697 1.117077 0.366792 0.457033 0.811353 2.422381 0.343373 1.217590 -0.306297
-0.478654 -0.762830 -0.559749 -0.689158 -0.320797 -0.503686 -0.837848 -0.509476 -0.722207 -0.576810
-0.214984 -0.163509 -0.488158 -0.643231 0.058313 0.519065 0.114353 -0.199274 0.047187 -0.795846
-0.415933 -0.296501 -0.176356 0.181500 0.089057 -0.196662 -0.170607 0.274247 0.644789 0.657972
0.285194 0.544175 0.541599 0.637982 -0.253116 0.464049 0.265334 -0.468063 -0.371809 -0.322517
-0.174792 -0.577073 -0.848255 -0.357043 -0.175803 -0.495774 -1.051411 -0.850001 0.016346 -0.218029
-1.188333 -1.247326 -0.486755 1.084478 -0.685071 -0.295802 1.360962 0.283512 -0.265784 -0.623220
-0.139252 -0.698964 -1.232247 -0.035016 0.326469 0.251492 -0.702892 -1.453436 -0.434145 0.149643
-0.045475 -0.304569 0.060887 1.619074 0.804629 0.226462 0.707705 0.437584 -0.326776 -0.558351
-0.136163 -0.403142 -1.231968 -0.612382 0.036671 0.314074 -0.491856 -0.192647 -0.078273 0.195396
0.025389 -0.071143 -0.493786 1.177580 0.803565 1.258636 -0.027539 -0.341464 -0.564023 -0.454670
-0.124321 -0.351402 -0.696893 -0.851989 -0.665987 0.449369 -0.079611 -0.371727 -0.164300 -0.150570
-0.304916 -0.812150 -1.730191 0.171253 -0.114080 0.877820 -0.268766 -0.235832 -0.628897 -0.477082
-0.106277 -0.283588 -0.544704 -0.356745 -0.705488 -0.391199 -0.244319 -0.715761 -0.451790 -0.224751
0.158385 -0.118199 -1.502175 -0.345642 -0.015142 1.290908 0.298894 -0.298942 -0.631466 -0.479415
-0.140642 -0.283213 -0.554725 -0.215531 -0.525736 -0.440741 -0.184970 -0.715016 -0.402843 -0.130206
-0.134518 0.177834 -0.034057 -0.106893 -0.070209 0.237108 -0.214897 -0.327637 -0.647414 -0.488470
-0.159067 -0.314544 -0.294627 -0.078209 -0.211291 -0.446386 -0.167132 -0.373804 -0.594333 -0.015054
-0.367659 -0.088007 0.029996 0.228804 -0.295870 -0.134608 -0.272359 -0.330744 -0.644988 -0.499314
-0.149423 -0.326090 -0.593785 -0.027511 -0.099031 0.262659 0.324959 -0.042669 -0.548238 -0.074407
-0.214324 -0.172712 -0.375154 0.020463 0.048553 -0.089127 -0.243474 -0.328775 -0.636498 -0.515895
-0.102078 -0.251344 -0.867960 0.015405 -0.104234 0.799523 0.491725 -0.092504 -0.366740 -0.323305
-0.069635 0.012190 -0.222522 -0.331758 -0.074745 -0.124240 -0.296509 -0.359776 -0.631263 -0.540051
-0.042422 -0.073675 -0.073836 -0.157873 -1.647088 0.371249 1.480564 0.301753 0.158727 0.578940
0.902276 0.656085 0.309497 0.156480 0.089745 0.089965 -0.148317 -0.318224 -0.614887 -0.583831
-0.394373 0.037717 -0.164364 -0.038929 -1.307630 -1.313292 0.933739 0.868071 0.058322 0.448585
0.933126 0.237058 0.581504 0.011006 -0.186839 -0.058693 -0.244658 -0.210528 -0.532312 -0.648297
-0.733861 -0.281409 0.338194 -0.248547 -0.372176 -1.052531 -0.896129 0.580315 -0.727375 -0.797282
0.604736 0.546062 0.045900 0.254202 0.749529 1.079280 0.505939 -0.032263 -0.394482 -0.714919
-0.407146 -1.001383 0.147535 0.408118 -0.162608 -0.097097 -1.236872 -0.490463 0.467328 0.382500
-0.860135 0.029294 0.984077 0.739431 0.095515 0.213196 0.045637 -0.008500 -0.378256 -0.780610
-0.374873 -1.021281 -0.525830 0.276078 0.178784 0.046102 0.299691 0.363551 0.089929 0.551233
0.167712 -0.069584 -0.228211 -0.022858 0.550961 1.636232 1.021404 0.462250 0.016867 -0.719762
-0.269132 -0.876853 -0.881843 -0.371712 0.748492 0.686727 0.128457 0.020096 -0.120931 0.190501
0.587359 0.385367 0.801135 0.326140 -0.378400 1.000563 0.752182 0.093882 -0.309504 -0.732145
-0.165214 -0.549127 -0.564784 -0.599498 -0.115946 -0.020456 -0.092556 -0.009955 0.492100 0.340074
0.348265 0.308625 0.512675 0.132936 -1.012180 0.343566 1.118372 0.628980 -0.186674 -0.721902
-0.228730 -0.243085 -0.442821 -0.705743 -0.518499 -0.036278 0.549184 0.497948 0.213533 0.156965
0.289653 0.234093 0.225624 0.433704 0.262198 0.213900 0.492854 0.463671 -0.241601 -0.739940
-0.303795 -0.163841 -0.029907 -0.295869 -0.137972 0.098537 -0.146147 0.247232 -0.134635 -0.087374
0.530970 0.158206 -0.260614 0.290363 0.583536 0.082592 0.266286 0.333279 0.055711 -0.692116
-0.153685 -0.171027 -0.166015 -0.588812 -0.707252 -0.427048 -0.912011 -0.352138 -0.324814 -0.652241
0.043979 -0.121969 -0.406928 -0.213471 0.288631 -0.014196 0.411715 0.243872 0.088361 -0.637496
0.405982 0.564074 0.342990 0.649662 0.128201 -0.252035 -0.504168 -0.738896 -0.427511 -0.267846
-0.221468 -0.419115 -0.584122 -0.617707 -0.470757 -0.054700 -0.091055 0.092519 0.050392 0.100602
0.179502 0.963247 -0.179533 0.050098 -0.619352 -1.443277 -1.567445 -2.098268 -1.980160 -1.574191
-1.689440 -2.284289 -2.178290 -1.967454 -1.693572 -0.844490 -0.574512 -0.341223 0.489325 -0.021127
0.327560 0.812429 -0.218706 -0.157806 -0.938306 -2.148785 -2.082524 -2.355500 -2.184299 -1.910934
-2.561324 -3.140712 -3.355694 -2.857065 -2.239098 -1.191312 -0.938356 -0.801051 0.037770 -0.663465
0.492614 1.041059 0.499548 0.427505 0.022406 -0.626812 -0.929319 -1.154685 -0.741306 -0.923718
-1.148463 -1.822636 -2.359285 -1.359588 -0.796079 0.243799 0.247204 0.417144 0.588924 -0.221241
0.393805 1.079319 0.458039 0.756592 0.266209 -0.284311 0.056841 -0.297690 0.229041 0.191124
-0.139367 -0.413128 -1.035748 -0.371236 -0.065770 0.812435 0.234534 0.586918 0.560975 -0.367702
0.463071 0.969811 0.245752 0.928682 0.254260 0.344200 0.489937 0.009757 0.503388 0.654772
-0.182714 0.107429 -0.521546 -0.307786 -0.131197 0.967331 0.108376 0.488181 0.412855 -0.409979
0.280395 1.010969 0.068661 0.949593 0.306691 0.899945 0.602878 0.791554 0.834771 0.828197
0.144355 0.152023 -0.281057 -0.294500 -0.181730 1.061201 0.000520 0.466095 0.637115 -0.468632
0.051718 1.114915 -0.224854 0.905878 0.218006 1.127346 0.701558 0.837017 0.803287 0.799080
0.526627 0.200237 -0.151835 -0.032210 -0.155571 0.967943 0.189142 0.452665 0.580791 -0.419811
-0.055547 1.127514 -0.567532 1.165468 0.081080 1.099738 0.620928 0.683453 0.697185 0.770240
0.433450 0.097932 -0.182747 -0.062376 -0.207468 0.943364 0.539771 0.495497 0.868352 -0.249596
0.027562 1.071360 -0.448558 1.039652 -0.135653 1.082559 0.575809 -0.590577 -0.338434 0.350221
0.278163 0.025553 -0.236655 0.024180 -0.116970 0.830871 0.588464 0.523594 0.804304 -0.207720
0.323702 0.909601 -0.157199 1.023498 0.341676 -0.354684 -0.185112 -0.839618 -0.957671 -0.403940
-0.121204 -0.318658 -0.398562 0.228199 -0.012156 0.670870 0.654109 0.466534 0.746535 -0.156037
0.171023 0.897001 0.087266 0.554532 0.058084 -1.356005 -1.639087 -2.270526 -2.456620 -1.090819
-0.004997 -0.174034 -0.138254 0.552725 0.142060 0.680750 0.348361 0.426538 0.669148 -0.090530
0.118485 0.936931 0.359193 0.100680 -0.071682 -0.976915 -2.089623 -2.453875 -2.533577 -1.716146
-0.824046 -0.656247 -0.464784 0.179739 0.121900 0.397200 0.198138 0.212596 0.462093 -0.009463
0.423452 0.925722 0.586951 0.479053 -0.141964 -0.753520 -1.973849 -2.089250 -2.113250 -1.764701
-0.796267 -0.529257 -0.683066 -0.103677 -0.114966 -0.390188 0.435210 0.001659 0.687410 0.148217
0.579793 0.964335 0.688662 0.736208 -0.061784 -0.463477 -1.208687 -1.089912 -1.124743 -0.940187
-0.465883 -0.602907 -0.712200 -0.314726 -0.138829 -0.449350 0.396544 -0.374902 0.548521 0.138261
0.493592 0.987718 0.662868 0.816721 0.192182 -0.135181 -0.438550 -0.471438 -0.286849 0.108108
0.242468 0.188839 -0.032051 0.168436 0.281124 -0.002049 0.494778 0.105916 0.739819 0.186163
0.474011 0.863045 0.704678 0.921918 0.392934 0.450913 0.515279 0.627963 0.837729 0.829009
0.749827 0.724696 0.586784 0.621824 0.655019 0.120842 0.306800 0.266498 0.867470 0.322977
0.474528 0.880284 0.535729 0.816693 0.491767 0.421909 0.646842 0.657853 0.807802 0.756335
0.805074 0.801470 0.817525 0.353061 0.437286 0.154095 0.191762 0.156887 0.821607 0.225194
0.459939 0.819198 0.406494 0.570246 0.447426 0.393983 0.682546 0.734934 0.769418 0.720892
0.777804 0.826996 0.730414 0.246774 0.098339 0.085267 -0.125766 0.068194 0.830455 0.311714
0.613137 0.945852 0.740174 0.754019 0.698136 0.453857 0.754450 0.593292 0.658079 0.622516
0.593140 0.590645 0.769152 0.610466 0.432245 0.612878 0.375737 0.199273 0.688157 0.202669
-0.037293 0.222242 0.427121 -0.209980 -0.494300 -0.685510 -0.896910 -0.625212 -0.202241 -0.272935
-0.066357 0.029815 0.151142 0.381128 0.361082 -0.200493 0.099093 0.007167 0.110919 0.537824
-0.492131 -0.572623 -0.487787 -1.185211 -1.688145 -2.155745 -2.641386 -2.286896 -1.356092 -0.855345
-0.571311 -0.641489 -0.748389 -0.679569 -0.982817 -1.875552 -1.363242 -0.491536 -0.664193 0.032821
-0.667615 -0.918971 -1.198790 -1.992624 -2.124489 -2.245589 -2.908943 -3.203864 -2.136182 -1.308611
-0.714255 -0.661328 -0.880682 -0.400722 -0.687840 -2.037841 -1.609616 -0.440908 -0.631625 -0.453724
-0.589558 -0.748461 -1.565124 -2.516538 -2.482055 -2.402911 -2.799108 -2.710403 -2.113198 -1.453141
-0.634688 -0.958415 -1.116384 -0.320709 0.284087 -0.515554 -0.617070 0.436443 -0.109335 -0.447795
-0.695508 -1.018569 -1.625391 -2.271966 -1.900015 -1.574751 -1.484732 -1.534263 -1.117220 -1.214201
-0.826927 -0.985566 -1.586957 -0.691971 0.251652 -0.304763 -0.021942 0.647997 0.136573 -0.300721
-0.290480 -0.413831 -0.931257 -0.914988 0.025136 0.201331 -0.274215 -0.171196 0.215368 -0.109762
-0.630041 -1.035587 -1.488157 -1.204666 -0.352606 -0.355323 0.072955 0.789937 0.083851 -0.246452
-0.107879 -0.328984 -0.677425 -0.461298 0.551060 1.022283 1.104262 0.791350 0.955281 0.796003
-0.044019 -0.415623 -0.824893 -0.505968 -0.069288 -0.208449 0.176014 0.776940 0.040582 -0.244245
0.274223 0.366192 0.236426 0.229437 0.829001 0.848044 0.827139 0.649000 0.837486 0.656347
-0.250800 -1.133286 -0.943000 -0.301099 0.413042 0.473904 0.628089 1.004577 0.175366 0.004352
0.122123 0.402576 0.186798 0.061403 0.917592 0.711904 0.413019 0.132835 0.053123 0.134308
-0.955633 -1.434889 -1.276478 -0.463742 0.444167 0.665909 0.902816 0.988161 0.117218 0.157203
-0.056297 -0.060962 -0.346943 -0.936343 -0.253320 0.561848 0.699736 0.043734 -0.569964 -0.679808
-1.438185 -1.557676 -0.963608 -0.074358 0.554408 0.826201 0.979257 1.026751 0.200065 0.248229
0.101098 0.006389 0.018871 -1.477618 -1.515951 -0.615105 0.198977 -0.044300 -0.839293 -1.061980
-1.385928 -1.047051 -0.138860 0.536096 0.907347 0.982539 0.996683 1.118318 0.530021 0.519077
0.485201 0.249248 0.244558 -0.613162 -1.377284 -1.156289 -0.228671 0.239971 -0.500079 -1.048512
-1.078128 -0.530248 0.126095 0.592146 0.802795 0.995269 0.966225 1.107411 0.779039 0.808713
0.802971 0.542610 0.475228 0.073705 -0.545452 -0.912029 -0.727831 -0.698509 -0.980551 -1.580757
-1.942877 -1.446327 -0.624120 -0.383977 -0.143023 0.323312 0.672745 0.988986 0.881323 0.934295
0.818718 0.942444 0.620336 0.455975 0.006627 -0.264110 -0.753129 -1.061173 -0.980556 -1.317238
-2.200658 -2.075760 -1.349362 -1.284617 -1.364198 -0.790610 -0.099125 0.664099 0.807529 1.002336
0.634074 0.815358 0.548403 0.623948 0.259443 -0.123538 -0.163809 -0.418086 -0.633465 -0.544448
-0.974100 -1.228765 -0.674641 -0.654048 -0.844997 -0.402577 0.022898 0.487570 0.681027 0.893810
0.440627 0.588673 0.082783 0.312856 0.505694 0.213639 0.385020 0.681643 0.658891 0.455186
-0.065114 -0.542506 -0.313646 -0.436312 -0.463203 0.097061 0.629378 0.891223 0.782840 0.848636
-0.039944 -0.045281 -0.439086 -0.701613 -0.114178 -0.023641 0.062116 0.687059 0.914702 0.717019
0.562943 0.327863 0.474614 0.201621 -0.157164 0.347092 0.810933 1.014236 0.892980 0.917313
-0.836921 -1.000565 -1.229061 -1.297368 -0.942629 -0.556733 -0.195488 0.196712 0.483239 0.405590
0.345864 0.370513 0.509901 0.304780 0.137202 0.452903 0.862424 1.002087 0.952458 0.968255
-0.014483 -0.609339 -0.432207 -0.329113 -0.173553 0.078793 0.277234 0.495388 0.720965 0.852430
0.945121 0.927641 1.066789 1.094465 0.790587 0.797033 1.004324 1.049677 1.014755 1.015808
0.863663 0.719554 0.604200 0.581640 0.691388 0.714639 0.843877 0.868291 0.831634 0.847044
0.906674 0.917847 0.923585 0.934983 0.888877 0.877905 0.905760 0.916647 0.904694 0.913917
-0.159907 1.158494 1.615930 0.545077 -0.230678 -0.387880 -0.466332 -0.531256 -0.644373 -0.674398
-0.677603 -0.664427 -0.719115 -0.717742 -0.449289 -0.028677 0.524478 1.518997 3.460434 3.361702
-0.425007 -1.546938 -0.433096 -0.713281 -1.075046 -1.154270 -1.178967 -1.089376 -1.073214 -1.125431
-1.192811 -1.027191 -0.836871 -0.987843 -1.130697 -0.363946 0.502418 -0.161675 0.115013 -0.156212
0.217661 -1.028082 -0.206328 -0.694485 -0.946228 -1.013378 -0.988592 -0.918095 -0.881766 -0.916352
-0.960182 -0.965161 -0.929076 -0.713379 -0.540314 0.107555 0.687281 -0.181303 -0.079243 -0.064764
0.183860 -0.764311 0.294945 -0.332737 -0.592052 -0.775229 -0.907331 -0.983217 -0.845527 -0.774091
-0.715684 -0.902698 -0.907411 -0.652956 -0.205165 0.239514 0.857409 0.099578 0.190747 -0.131830
0.214285 -0.671032 0.491300 0.815979 1.057994 0.508893 -0.512781 -0.992639 -0.871216 -0.910118
-0.438873 -0.730164 -0.659953 -0.357452 0.077679 0.478628 1.495544 0.519475 0.468669 -0.061742
0.131411 0.003373 1.363034 1.598170 2.229102 1.281305 -0.059125 -0.548169 -0.056985 -0.932276
-0.618591 -0.647395 -0.645054 0.101155 0.816352 1.164368 2.721599 1.107412 0.689549 -0.031465
0.253491 0.107508 2.108809 0.771474 1.759785 -0.040532 -0.153598 -0.936390 0.084493 -0.760084
-0.875373 -0.553080 -0.306835 0.895507 2.454217 1.893964 3.312691 1.365774 1.046619 0.126682
0.187822 -0.627419 1.314601 -1.355076 1.464574 -0.870360 -0.252347 -1.558903 -0.779703 -0.642250
-0.727806 -0.268740 0.576145 1.506906 3.790607 2.139102 3.852589 1.416491 1.312355 0.136700
-0.255182 -0.889712 0.434961 -2.752951 0.554573 -1.082301 -0.704308 -1.165447 -0.722143 -0.368587
-0.368663 -0.045768 1.269624 1.228713 4.517328 1.552807 3.374647 0.918983 1.018761 -0.310356
-0.590392 -0.722432 0.596042 -1.770891 -0.053683 -0.920253 -0.941046 -0.924655 -0.712450 -0.666654
-0.648818 -0.142304 1.422501 0.307885 3.676959 1.233825 2.740882 0.212606 1.094209 -0.156370
0.007198 -0.147104 1.399755 0.219849 1.399073 0.251142 -0.779776 -0.921591 -0.882679 -0.963735
-1.126405 -0.559278 0.759548 -0.701525 1.379435 0.159971 1.757849 0.022694 1.530528 0.690569
0.205007 -0.499242 1.601406 0.786685 1.757185 1.712889 -0.299275 -0.976296 -0.950051 -0.900471
-1.082370 -0.840255 0.010426 -1.091360 -0.994758 -1.256169 0.869514 0.472218 1.874042 0.953414
0.121557 -0.979237 0.616216 0.852606 0.957596 1.572460 -0.058255 -0.940530 -0.945023 -0.971886
-1.047369 -0.943530 -0.640263 -0.877366 -1.119580 -1.461683 0.118295 0.618226 1.596823 0.469359
-0.170480 -0.692495 0.281855 0.359399 0.755368 1.746642 0.149057 -0.652572 -0.554912 -0.246879
-0.107293 -0.126584 -0.492072 -0.677581 -0.593593 -0.563939 0.123961 0.922461 1.584342 0.080153
-0.247578 -0.878683 -0.176512 -0.423605 -0.945331 1.078093 0.592502 0.014319 0.225001 0.651044
0.649098 0.816933 0.472497 0.149370 0.030571 0.222467 0.669420 0.901631 1.598590 0.408501
-0.407551 -0.907882 -0.479332 -0.352277 -1.237425 -0.394615 0.408498 0.435995 0.749348 0.568895
-0.027082 0.168177 0.447297 0.622938 0.371141 0.380976 0.758470 0.498800 0.857428 0.337512
-0.402899 -0.842748 -0.426737 -0.615859 -0.513060 -0.237910 0.610816 0.188006 0.469357 0.725033
0.559364 0.782550 0.783442 0.814760 0.402339 -0.093447 0.305782 0.076509 0.125725 -0.247149
-0.348134 -0.979736 -0.389577 -0.579880 -0.513927 -0.107507 0.735765 0.252656 -0.452612 0.287876
0.568673 1.338450 1.753335 1.218753 0.846982 -0.000661 0.060033 0.176663 0.032651 -0.544039
-0.248476 -1.165774 -0.719324 -0.622538 -0.332856 -0.175296 -0.203080 0.157490 -0.326582 -0.307045
-0.376983 -0.496381 0.484049 0.537550 0.770865 0.395404 0.062947 0.131552 0.074753 -0.158325
-0.178760 -0.694602 -0.416698 -0.383479 -0.250979 -0.525184 -0.593950 -0.379046 -0.348283 -0.301620
0.014443 -0.564837 -0.739313 -0.547168 -0.238489 0.140913 -0.102294 -0.224473 -0.482247 -0.224055
0.611292 0.589405 0.221625 0.211456 0.148347 0.371899 0.245007 0.215873 0.144554 -0.059258
-0.006065 0.020779 0.054423 -0.089806 -0.210078 0.113393 0.462900 0.573849 0.702211 0.394818
0.478370 0.259074 -0.202623 -0.731686 -1.376506 -1.242674 -1.190030 -0.820774 -0.758628 -0.960875
-0.626192 -0.380333 -0.180072 0.155444 0.709965 0.949323 0.844198 0.822307 0.755683 0.608837
0.691264 0.300536 -0.469096 -0.960582 -1.160257 -0.621135 -0.768585 -1.208836 -1.269903 -1.146300
-1.209425 -1.156493 -1.073157 -0.579832 -0.240032 0.336886 0.759502 0.927302 0.815188 0.607166
0.577355 0.227894 0.170534 0.218434 -0.115528 -0.623253 -0.886784 -0.391031 -0.398319 -0.917313
-1.497452 -0.564750 -0.167099 0.036973 0.410070 0.618404 0.886108 0.922384 0.860236 0.621980
0.551363 0.267173 -0.165524 -0.418405 -0.599664 -0.299762 -0.331188 -0.579560 -1.000902 -1.187052
-1.485516 -0.943962 -0.240227 0.019709 0.319541 0.575544 0.807497 0.929797 0.861498 0.623738
0.649533 0.613956 0.330002 0.558588 0.528083 0.373960 0.290348 0.190959 -0.049129 -0.352629
-0.889088 -0.769491 -0.230991 0.295439 0.618120 0.679958 0.913421 0.927568 0.831250 0.619244
0.649137 0.731015 0.639127 0.544476 0.608367 0.684784 0.617517 0.552994 0.286552 -0.167370
-0.391861 -0.365587 -0.205368 -0.066315 0.343528 0.513169 0.662880 0.903519 0.873964 0.628405
0.559139 0.560504 0.722460 0.552685 0.739452 0.835728 0.900525 0.771282 0.495048 0.187299
0.069101 0.113165 -0.022197 -0.186128 -0.068188 0.470709 0.833094 0.900566 0.860090 0.623594
0.672970 0.263755 0.414092 0.287011 0.613764 0.684407 0.827065 0.733523 0.460608 0.403788
0.024261 -0.340519 -0.514055 -0.400143 0.049493 0.680332 0.932194 0.947863 0.882778 0.619043
0.464787 -0.113518 0.474226 0.636239 0.803414 0.797044 0.637437 0.677724 0.709788 0.512163
0.350235 0.154169 0.395220 0.725496 0.748135 0.693564 0.772375 0.890704 0.866957 0.636923
0.346622 0.135639 -0.061282 0.020746 0.545489 0.717647 0.341805 0.076591 0.097121 0.086081
0.120194 -0.240594 -0.519014 -0.464463 -0.037228 0.440409 0.789692 0.915052 0.855856 0.638902
0.420185 0.535959 0.251763 0.183814 -0.273104 -0.531737 -0.734514 -0.606237 0.063202 0.456830
0.157360 -0.500062 -0.507555 -0.544082 0.009351 0.289090 0.512506 0.860096 0.893253 0.639570
0.414852 0.261151 0.134771 0.089678 -0.124773 -0.232643 -0.001132 -0.327477 -0.955771 -0.983167
-0.916721 -0.706754 0.609414 0.902277 1.081368 1.415170 1.273444 0.996727 0.888911 0.628997
0.463894 0.195548 0.528053 0.096156 -0.466273 -0.992062 -1.635899 -1.580227 -1.485419 -0.752720
-0.131440 -0.618558 -1.097848 -1.150587 -0.792348 -0.621768 -0.133386 0.384372 0.692201 0.641553
0.734340 0.541316 0.614540 0.241950 -0.281920 -0.527788 -0.946615 -0.651292 -0.367229 -0.399114
-0.228332 0.071628 0.344609 0.409317 0.660385 0.679809 0.905262 1.048743 0.992558 0.654508
0.448070 0.103535 0.291261 -0.082721 -0.426998 -0.436426 -0.405183 -0.243187 -0.221683 -0.611167
-0.731112 -0.687781 -0.643777 -0.224906 0.254765 0.259052 0.432900 0.563781 0.806787 0.645460
0.540520 0.350714 0.586790 0.845406 0.767510 0.426852 -0.109348 -0.616839 -0.787267 -0.645122
-0.572708 -0.625080 -0.709245 -0.236558 0.049703 0.126278 0.398810 0.508736 0.790040 0.643354
0.557122 0.617496 0.406204 0.285836 0.267300 0.218511 0.418214 0.895843 1.106081 1.072320
0.904276 0.870217 0.815635 0.801984 0.673729 0.453136 0.646753 0.787513 0.945790 0.672567
0.235615 -0.044636 0.075592 0.048532 0.117297 0.080569 -0.102872 -0.286185 -0.387118 -0.475386
-0.556010 -0.499341 -0.354488 -0.183270 0.104685 0.144897 0.204486 0.262448 0.552861 0.489561
0.583273 0.767050 0.837895 0.858113 0.746042 0.799884 0.808730 0.741547 0.735687 0.725052
0.729924 0.639447 0.450745 0.349271 0.318599 0.376649 0.668202 0.792422 0.755926 0.537337
1.490142 0.358752 -0.482550 1.545138 2.015460 2.068391 1.803087 0.990047 1.379566 1.668322
1.205092 0.909350 1.230614 1.408012 1.099889 2.651217 1.377881 1.206426 2.094454 0.295056
-1.290827 -0.661709 -1.079974 -0.178538 0.165376 0.961135 1.732602 1.331367 0.864117 0.434630
0.891667 2.329801 2.542480 2.261982 0.843858 1.613991 0.449632 -1.477219 -0.857888 -0.983970
-0.069356 -0.332870 -0.454094 -0.488709 -1.096474 -1.460581 -0.742717 -0.893996 -0.773275 -1.211817
-0.506257 0.443229 0.248516 0.277848 -0.351410 0.049504 -1.161922 -1.282941 -0.001498 -0.630591
0.395798 0.383415 0.665456 0.994391 -0.668252 -1.962670 -2.669890 -2.999964 -2.747067 -2.726898
-2.814130 -2.678273 -3.680384 -3.156558 -3.025821 -2.696357 -2.698134 -1.335245 0.297625 -0.843719
0.484579 1.493414 0.810135 0.531585 -0.331647 -0.716604 -1.569770 -1.200665 -1.178077 -0.915340
-1.177992 -1.381841 -1.474222 -0.965371 -0.544823 -0.880280 -1.863728 -0.383375 1.044685 -0.792800
0.213784 0.974207 1.356703 -0.755008 -0.884899 1.481455 0.331222 -0.721050 0.036196 -0.044631
-0.121554 -0.121942 0.191223 0.347233 1.337655 1.115229 -0.669179 0.129682 1.555005 -0.661690
0.717903 0.480829 0.812435 0.448675 -1.738987 0.368442 1.335526 -0.504885 -0.107382 0.046647
0.026692 -0.018138 0.128823 0.210381 0.368303 1.320989 -1.183237 -0.300836 1.285841 -0.588899
-0.473611 -0.599688 -0.351939 0.167927 -1.516882 -1.158316 -0.748028 0.254050 0.247129 0.064578
-0.023058 0.086611 0.741706 0.992980 -0.354926 0.180888 -1.311789 -0.844478 0.238055 -0.455084
-0.763360 -2.065310 -2.193270 -1.050822 -0.775088 -0.767798 -0.617218 -0.109001 0.363206 0.102045
-0.075451 -0.133285 0.044345 1.513711 -0.089306 -0.784138 -1.273811 -0.241495 0.161349 -0.328074
-0.201407 -0.185917 -1.461038 -0.949392 -0.000275 0.000284 -0.010312 -0.018568 0.068379 0.281647
0.459674 0.243025 0.434679 1.146163 0.300415 -0.834367 -1.074647 0.277703 0.689176 -0.398504
-0.217289 0.450089 -0.264278 0.213350 0.130039 0.045261 0.067565 -0.091568 -0.077223 -0.005676
0.370712 0.501363 0.419149 0.382956 -0.834468 -0.533530 -0.277945 0.624358 1.188880 -0.749977
0.085784 0.205020 -0.336062 0.255647 0.273308 -0.016751 0.009575 0.027251 0.012512 0.004188
-0.147070 -0.337576 -0.954491 -1.422884 -1.667410 -0.704837 0.344007 1.300129 2.042019 -0.984424
0.127227 0.582912 -0.508290 0.054864 0.286173 0.116007 0.335619 0.797346 0.699187 0.586891
1.320131 0.268986 -0.858988 -0.901954 -0.606048 -0.257696 0.353948 0.164216 1.644875 -0.807805
-0.365819 0.589422 -0.204299 -0.008726 0.111849 0.297812 0.779184 0.821314 0.711812 -0.060706
0.584809 0.918031 0.077820 0.518723 0.279065 -0.105045 0.114302 -0.060077 0.372425 -0.646933
-0.699759 -0.193331 0.131144 0.291764 0.247318 0.657610 1.022279 0.805524 0.605005 -0.054625
-0.377636 -0.216526 0.300031 0.540673 0.441524 -0.173747 -0.130945 -0.082292 -0.095705 -0.639966
-0.474777 -0.280302 -0.098414 0.049665 0.208387 0.406853 1.209235 0.617024 0.359976 0.447514
0.072689 0.524370 0.434416 0.517373 0.558114 0.277227 -0.323178 -0.563902 -0.541961 -1.109972
-0.212044 -0.076417 -0.065195 -0.194845 -0.239797 -0.575997 -1.004218 -0.714241 -1.003461 -0.802023
-0.919630 -0.614217 -0.500083 -0.586017 -0.317369 0.449281 -0.078682 -0.720929 -0.238142 -0.507207
1.182211 0.803099 0.863312 1.295102 1.502335 1.695608 0.746977 -0.019016 0.787921 0.556278
0.770527 1.381291 0.595039 -0.299200 -0.004820 1.294122 1.366726 0.572768 0.979373 -0.466891
0.426762 0.331584 0.385395 1.042133 1.032588 1.493143 1.698003 0.928544 0.967076 1.282494
0.601015 1.507540 1.631171 1.113110 0.758386 0.442993 0.742924 -0.439560 0.766312 -0.195260
-0.435781 -0.562251 -0.526795 -0.729080 -1.060980 -1.577752 -1.442679 -1.289219 -1.502191 -1.284927
-1.287844 -1.845711 -1.343636 -0.931091 -0.544846 -1.135962 -1.008128 -1.276843 -1.000733 -0.395946
-1.073472 -0.888195 1.133535 1.530879 1.048026 0.835102 0.827977 0.801597 0.777407 0.771350
0.759140 0.677640 0.644554 0.792453 0.826165 0.714825 0.659921 -0.170710 -2.123962 0.631650
-1.503441 -1.596921 0.766094 1.359515 0.914152 0.824493 0.874009 0.880494 0.870396 0.871202
0.834470 0.808670 0.794253 0.855217 0.806809 0.833436 0.506008 -0.271287 -3.061784 0.560245
-0.941514 -1.363467 0.072439 1.143547 0.929748 0.808635 0.783079 0.781044 0.800804 0.886439
0.878202 0.840924 0.854182 0.844297 0.530855 0.780845 0.323498 -0.518637 -3.258918 0.760988
-1.558284 -1.938093 -0.234204 0.596046 1.351453 1.270624 0.578416 0.667522 0.885825 0.837532
0.888975 0.934427 0.918913 0.779095 0.343575 0.646685 0.396447 -1.024434 -3.973034 0.972505
-1.212610 -1.847837 -0.752784 -0.405327 0.669667 1.018359 -0.239636 0.588842 0.714787 0.100930
0.555276 1.078691 0.913653 -0.306866 -0.342172 0.749736 0.518194 -0.744317 -3.509246 0.882175
-0.675704 -2.034628 -1.032643 -0.377428 0.490354 -0.055778 -1.758688 0.539785 -0.259185 -0.939731
0.626339 1.209838 0.523795 -2.125415 -1.522077 0.876630 0.284740 -0.817941 -3.097398 0.742660
-1.000588 -2.366333 -1.359358 -0.709161 0.645419 0.143607 -2.097839 -0.929900 -1.368764 -0.874138
0.513769 1.085698 0.355977 -1.883738 -1.083744 0.498339 -0.199851 -1.468736 -3.744326 0.610916
-1.113077 -1.678694 -1.259775 -1.372042 0.239098 0.085333 -1.235482 -1.872268 -1.945743 -0.567960
-0.518342 0.445377 0.262730 -0.198709 0.245228 -0.346166 -0.686631 -1.084811 -3.528158 0.482260
-0.607020 -0.487440 -1.116342 -1.128680 0.380379 0.037485 -0.692036 -1.213652 -1.534960 -1.094953
-0.267913 0.272465 0.011763 0.432111 0.057567 -1.246647 -1.497375 -0.779083 -2.338593 0.789211
-0.792402 -1.270949 -2.447804 -0.913883 1.412983 1.437052 0.730871 -0.212164 -0.816055 -0.866150
-0.066030 0.389779 0.473114 0.357909 -0.982052 -0.951540 -0.841314 -1.385132 -2.427711 0.894389
-1.099403 -1.818582 -3.400399 -2.020793 0.956575 1.811177 1.383215 0.666435 0.300165 0.122055
-0.066109 0.041923 0.588315 0.299183 -0.998336 0.078229 0.458231 -1.694177 -3.149276 0.668126
-1.856702 -0.884565 -0.719029 -0.970810 -0.754852 0.157420 0.785310 0.984199 0.800302 0.644309
0.630620 0.384229 0.496797 0.470793 -0.356263 0.223518 -0.228564 -1.325189 -2.407505 0.418114
-2.207908 -1.441622 0.319911 1.156241 0.105358 -0.494723 0.402939 0.980139 0.895499 0.736245
0.670884 0.700374 0.734743 0.491870 0.144715 0.370727 -0.537533 -0.927929 -1.795754 0.259187
-1.848739 -2.201408 -1.132513 1.099217 0.974804 0.575390 0.851729 0.844250 0.876224 0.831797
0.671433 0.527382 0.690473 0.507553 0.544047 0.722092 -0.076072 -0.423559 -2.152383 0.181032
-1.420315 -1.525206 -1.303848 -0.340288 0.536507 0.793378 0.852584 0.512861 0.671958 0.608061
0.651496 0.771521 0.707919 0.500981 0.780401 0.729847 -0.021520 -0.291617 -2.755587 0.353606
-0.684729 -0.416416 -0.585190 -0.883884 -0.556251 0.461775 0.628832 0.083229 0.243830 0.299568
0.311332 0.543840 0.551329 0.351337 0.623225 0.593836 -0.010708 -0.081486 -2.570386 0.421845
-0.073163 0.301927 0.120361 -0.033696 -0.109166 0.179988 0.241484 0.020291 0.315582 0.269654
0.275022 0.004795 0.214701 0.498375 0.654399 0.501294 -0.124022 0.121037 -1.921908 0.322520
0.047864 0.594898 0.784978 0.700469 0.653059 0.451458 0.285963 0.461951 0.591232 0.500476
0.441477 0.019525 0.318200 0.825638 0.814714 0.639657 0.087234 0.211031 -1.744118 0.282222
0.190635 0.490523 0.737063 0.798999 0.815706 0.801219 0.841520 0.813746 0.652395 0.681725
0.634780 0.294902 0.506330 0.727343 0.816636 0.835985 0.718137 0.515226 -0.878452 0.336951
0.403659 0.536165 0.283410 0.571097 0.731272 0.709784 0.701437 0.669058 0.631672 0.681302
0.689142 0.650356 0.558933 0.414453 0.617799 0.745912 0.722769 0.651513 0.552514 0.589566
0.047494 0.640942 0.035837 0.935691 0.972873 0.931603 0.974372 0.984653 1.055398 1.063594
1.012025 1.013353 1.014064 1.079874 1.053495 1.019983 0.690329 0.083216 -0.470556 -0.234567
-2.248170 -0.795985 0.367345 1.045560 1.066514 1.033145 1.025765 1.037560 0.979944 0.935375
0.906616 0.972933 0.967507 0.915053 0.511978 0.310723 -0.156942 -1.768886 -2.278464 -1.030689
-0.655607 -0.919235 -0.797681 0.934876 1.046358 0.960950 0.870476 0.796300 0.903981 0.889642
0.883489 0.930342 1.049264 0.849894 0.008249 -0.158979 0.132892 -0.460766 -2.173797 -1.606537
-0.741149 -0.942482 -1.323678 0.267090 0.598962 0.689246 0.739398 0.782958 0.659566 0.801618
0.943245 0.893440 0.895753 0.871340 0.142747 -0.132364 0.323654 -0.530826 -1.367597 -1.806080
-0.909147 -1.516420 -1.663015 -0.338884 0.231179 0.738888 0.498859 0.530563 0.265630 0.449059
0.747902 0.601849 0.717219 0.554137 -0.028035 -0.621488 -0.876997 -0.829659 -1.311643 -1.486486
-0.189748 -1.124509 -1.316265 -0.119972 -0.208825 0.021949 -0.476399 0.322841 -0.156914 0.274976
0.329941 0.584205 0.574500 0.038307 -1.102102 -0.854824 -0.842096 -1.315867 -1.342298 -1.667564
-0.371040 -1.243407 -2.905560 -1.777750 -1.287422 -0.568917 -0.664714 -0.442565 -0.088819 0.001963
0.186249 0.408049 0.647622 0.005770 -1.180100 -1.407537 -1.337269 -1.290701 -1.592463 -1.454967
-1.109865 -1.332027 -2.918436 -2.466824 -2.215406 -0.982532 0.482013 -0.024372 -0.463170 0.311755
0.135984 0.237525 0.462742 0.103765 -0.938354 -1.478647 -1.268044 -0.557587 -0.651753 -1.499537
-0.837278 -0.389763 -1.567586 -1.212800 -0.527474 0.232091 0.395112 0.551973 -0.018497 0.144223
0.278604 0.121784 -0.054726 -0.480869 -0.752912 -1.244277 -1.352094 -0.826495 -0.814048 -1.015471
-0.235249 0.008023 0.270934 1.671543 -0.642148 0.032158 0.435204 0.093646 0.049425 -0.083290
0.109316 -0.287879 -0.904470 -1.542789 -1.590770 -1.424168 -1.261840 -1.161673 -1.095998 -1.255310
1.192164 0.079012 -1.268944 -0.679726 -0.417959 0.073863 0.855264 0.969468 0.693118 0.208435
-0.373265 -0.949633 -1.039151 -0.869923 -1.557849 -1.968656 -1.581458 -1.345293 -1.352320 -1.386539
0.743336 0.170858 -0.125122 -0.557296 -0.948950 0.215117 0.655735 1.230390 0.805877 0.544082
0.473138 0.743504 0.533465 -0.023594 -0.785649 -0.976461 -1.120276 -1.342741 -1.283787 -1.347046
-1.050180 -0.535089 -0.218047 -0.162130 -0.479995 -0.136446 0.217128 0.654970 0.245942 0.195324
0.796411 1.200780 0.760125 0.709959 0.493108 -0.548808 -1.174411 -2.093936 -1.757061 -1.457427
-0.701887 -1.410585 -1.322524 -0.274542 -0.498934 -0.324243 0.065364 0.642698 1.204690 1.153196
0.579753 0.587403 0.098046 -0.172727 -0.323942 -1.066050 -0.798495 -0.672884 -1.952267 -1.713530
-1.126868 -1.445865 -1.867738 -0.870330 -0.333470 0.048385 0.513299 0.945912 0.703370 0.656830
0.675609 0.759122 0.888922 1.211003 1.176139 1.208248 0.634695 -1.007493 -1.486077 -1.689278
-0.563926 -1.084895 -1.735551 -0.847568 -0.028176 0.464483 -0.062317 -0.322762 -0.833890 -0.497521
-0.227368 0.239945 0.698780 0.527553 0.363852 0.506201 0.464414 -0.481407 -0.836382 -1.231057
0.207359 0.304190 0.292316 0.390278 -0.111370 -0.367954 -0.652961 -0.825447 -0.741915 -0.579049
0.181874 0.378541 0.469335 -0.008054 -0.231097 0.351989 0.583252 0.081218 -0.332141 -0.800078
0.795733 0.372214 -0.233473 -0.095488 0.167969 0.432080 0.616261 0.538231 0.307127 0.121639
-0.194704 0.181394 0.493810 0.672006 0.865944 0.708403 0.470674 -0.075398 -0.782010 -1.089842
0.435179 0.551833 0.571032 0.838276 0.976341 0.654313 0.304649 0.220932 -0.128000 -0.172346
0.513274 0.863316 0.899856 0.891081 1.018941 0.703964 0.778018 0.742263 0.186602 -0.462339
0.705510 0.557615 0.597690 0.899492 0.802522 0.778240 1.068213 1.041777 0.911831 0.713413
0.424726 0.421172 0.633631 0.700866 0.778057 0.799083 0.845839 1.157702 1.487355 0.374051
-0.480517 -0.952553 -1.297684 -1.343907 -1.392266 -1.253875 -1.027005 -0.724473 -0.327386 -0.107037
-0.064436 0.011090 0.135400 0.245343 0.215936 0.156190 -0.042973 -0.158042 -0.197685 -0.060818
0.411682 0.644180 0.369593 0.526209 0.904660 1.099334 0.967121 0.556968 0.230181 0.297830
0.439313 0.512168 0.389369 0.096504 -0.120878 -0.281263 -0.505538 -0.914014 -0.869099 -0.552795
-0.022980 -0.276312 -0.038656 0.027085 -0.086441 0.108601 0.391430 0.787593 0.822930 0.604336
0.465187 0.360514 0.332985 0.324110 0.549109 0.312917 -0.040188 -0.066501 0.460921 0.146862
-0.109824 -0.420295 -0.903277 -1.158085 -0.879081 -0.365669 -0.265680 -0.144704 0.101594 0.281590
0.321375 0.276147 0.233142 0.056224 -0.251935 0.042915 0.226681 0.231754 -0.016801 0.246201
0.477694 0.264512 0.362825 0.814444 0.579051 -0.080754 -0.879606 -0.822795 -0.118018 0.126910
0.006296 -0.092911 -0.317797 -0.941554 -1.396954 -1.370824 -1.201710 -0.270902 -0.276409 0.106625
0.111578 -0.302802 -0.858056 -0.987443 -0.897940 -0.715565 -0.234895 -0.088381 0.002148 -0.256760
-0.179870 0.060744 0.025200 0.064286 0.539701 0.792411 0.211087 0.031822 -0.168147 -0.042410
-0.363411 -0.808525 -1.163778 -0.525822 -0.389074 0.489320 0.924526 -0.054094 -0.675009 -0.943864
-0.748884 -0.215454 -0.050416 0.332340 0.506819 1.061687 1.481408 1.212821 1.242348 0.465263
0.346045 1.106239 1.236848 1.433080 0.765469 0.349207 -0.442104 -1.135224 -1.159155 -0.415965
-0.459098 -0.253876 0.044165 0.470526 0.381431 0.017110 0.360879 -0.304104 -0.135464 0.132215
0.116438 0.044425 0.800825 0.799447 0.952570 0.662901 0.322517 1.224718 0.957195 0.376141
0.682616 0.760444 0.961893 0.786594 0.431372 0.061786 -0.348064 -0.479182 -0.599879 -0.088029
0.397863 0.195728 -1.067044 -2.312059 -1.932630 -1.073576 -0.544860 0.290280 0.492265 0.127146
-0.037768 -0.266252 0.002687 -0.383853 -0.795925 -0.792952 -0.530491 0.368549 0.296211 0.138309
0.136728 -0.043910 0.307316 0.786542 0.075583 0.077225 0.204817 0.495599 0.464599 0.381192
0.313547 0.429018 0.211905 -0.148830 0.354802 0.729623 0.693190 0.361412 0.396180 0.076359
-0.211500 -0.212188 0.158437 0.511948 2.199305 1.798486 1.351829 0.678088 0.489039 0.567510
0.611978 0.353023 0.468289 1.021958 1.117495 0.378252 -0.322854 -1.247532 -0.531198 -0.109211
-0.117950 -0.473143 -0.614013 -0.568164 -0.242760 -0.101305 0.149466 0.195629 0.378286 0.487783
0.552432 0.499655 -0.422534 -1.237852 -2.106789 -1.668418 -0.501080 -0.107423 0.077907 0.183494
0.558656 0.589410 0.224334 -0.286406 -0.434523 0.106933 0.325802 0.302928 0.447489 0.438609
0.199258 0.422114 0.790803 1.870115 2.310227 2.117876 1.521489 0.826257 -0.007730 -0.208898
0.124522 0.073110 0.070824 0.433092 -0.111169 -0.524213 -0.687285 -0.923827 -1.022065 -0.949300
-0.695937 -0.491678 -0.010909 -0.322998 -0.309155 -0.139054 -0.427703 -0.230424 0.272569 0.305432
0.255704 0.266695 -0.024853 -0.225830 -0.354047 -0.852317 -0.713265 -0.385208 -0.028174 0.008077
-0.064739 -0.305986 -0.460387 -0.677187 -0.988283 -1.037701 -0.942292 -0.458817 -0.670607 -0.272651
-0.979487 -1.804330 -1.786710 -1.500391 -0.697248 0.191524 0.659561 0.509458 0.430369 0.332066
0.260592 0.410687 0.610179 0.572609 0.980876 1.465768 0.720631 0.193706 -0.075967 0.161589
0.121753 -0.209451 -0.847469 -0.808437 -0.604937 -0.416345 -0.684049 -0.693605 -0.801947 -0.723241
-0.574640 -0.308992 -0.157613 0.236241 0.310087 -0.040554 0.024526 -0.117618 -0.110139 -0.342839
0.961531 2.444497 3.162304 3.120906 2.433623 1.867786 1.684414 1.696456 1.520163 1.600924
1.511683 1.374423 1.051246 0.797100 0.702772 0.593134 1.087616 1.189038 1.492976 1.031035
0.188827 -0.581993 -0.762730 -0.803906 -0.620122 -0.475842 -0.456113 -0.386167 -0.243734 -0.311146
-0.350143 -0.460859 -0.356554 -0.298961 -0.369632 -0.321098 -0.226771 -0.291107 -0.399352 -0.065730
-0.271916 -0.232145 0.109336 0.145994 0.009912 0.109434 0.130001 0.131490 0.148740 0.163286
0.127492 0.098231 0.130706 0.125487 0.160083 0.123040 0.040287 -0.011004 0.211700 -0.176799
-0.329717 -0.008480 0.509893 -0.225745 -0.248299 -0.246487 -0.285051 -0.297044 -0.261136 -0.262309
-0.284112 -0.292999 -0.310161 -0.289600 -0.313121 -0.323834 -0.303904 -0.141779 -0.192218 -0.362107
-0.903202 -0.737204 -0.018184 -0.327967 -0.282381 -0.300788 -0.319851 -0.399086 -0.419235 -0.333861
-0.291140 -0.298082 -0.302701 -0.315523 -0.336796 -0.309627 -0.506117 -0.491961 -0.234306 -0.301491
-0.586783 0.207814 0.282768 -0.677172 -0.550857 -0.359066 -0.292852 -0.485238 -0.906211 -1.082895
-0.718598 -0.403077 -0.471827 -0.534759 -0.376167 -0.325064 -0.893194 -0.908705 -0.538787 -0.316194
-0.379741 0.844156 0.565064 -0.755437 -0.882783 -0.582965 -0.262528 -0.252994 -0.422977 -0.820513
-0.903679 -0.423793 -1.046707 -0.753230 -0.487511 -0.592599 -0.822582 -0.269771 -0.258845 -0.540802
-0.586184 0.779805 -0.372070 -0.407368 -0.337717 -1.221490 -0.995867 -0.281848 -0.162701 -0.425586
-0.225993 -0.483489 -0.711122 -0.224849 -0.796135 -0.794861 -0.690424 0.015883 -0.084374 -0.420323
-0.017013 0.774341 -1.066887 -0.217890 -0.694803 -1.349053 -1.086105 -1.586825 -0.388981 -0.236714
0.575150 -0.660592 -0.520653 -0.134496 -0.754083 -1.194644 -1.438725 -0.809901 -0.073640 -0.416720
-0.518186 -0.979532 -2.021549 -0.449934 -0.561908 0.066000 -0.219965 -1.341052 -0.884219 0.272551
0.721163 -0.778013 -0.960470 -0.198315 -1.043778 -0.936309 -0.805788 0.201561 0.041308 -0.719198
-1.172789 -0.575884 0.126149 0.804393 0.204953 2.275906 1.402422 0.132665 0.393247 0.307913
0.046631 -0.637029 -0.365920 0.420175 -0.382521 0.991956 0.945699 1.476009 0.021994 -0.509240
-0.570297 0.676763 0.098130 -0.381610 0.330774 1.346835 1.009628 1.193383 1.430243 1.156290
0.282567 -0.578078 -0.726755 -0.351053 -0.185357 0.489634 -0.202356 0.604042 0.133506 -0.376565
-0.057722 0.740894 -0.920059 -1.140340 -0.444420 -0.828994 0.065658 0.646562 0.528066 0.297275
0.270163 0.562779 0.694521 0.268330 -0.546405 -0.247776 -0.751224 0.385262 -0.107216 -0.545535
-1.187891 0.371535 -0.271133 -0.984128 -0.961905 -1.019524 -0.606266 -0.231804 -0.675247 -0.617956
0.073361 0.937050 2.008803 2.254168 1.689224 0.999562 1.002800 1.566641 0.090462 -0.608710
-0.952194 1.579943 0.528064 0.672593 -0.582619 -0.356404 -0.452442 -1.153577 -1.246397 -1.034446
-0.920820 -0.298159 0.606940 0.326805 0.297545 0.513779 1.509792 1.389025 0.356014 -0.477767
-0.617297 0.653606 0.896761 1.825323 0.137443 -0.430307 -0.272482 -0.180598 0.582811 -0.027276
-0.198993 -0.195390 -0.341469 -0.665387 0.070715 -0.149539 -0.004335 0.413651 0.266458 -0.585953
-0.936370 -0.210579 0.682478 0.830673 0.599084 0.801491 -0.001915 0.954802 1.216839 0.484628
0.655209 0.502224 0.093793 0.725277 1.572335 0.250834 0.601064 0.134383 -0.011437 -0.719857
0.523307 1.841960 0.709096 -0.164747 0.509033 0.740412 -0.074746 0.372516 0.308100 0.025641
0.140960 -0.148047 -0.215781 0.555825 0.389890 -0.165632 0.731096 0.722905 0.774828 -0.908549
2.822292 4.854201 2.815948 1.023465 0.644819 0.099120 -0.487474 -0.450482 -0.393827 -0.183929
-0.057385 -0.241965 -0.032943 0.111474 -0.382228 -0.342423 1.084992 1.512339 1.154520 -0.315630
1.686655 3.320993 3.096823 2.315703 0.999725 0.481088 0.484692 0.205862 -0.202342 -0.002965
0.130425 0.207513 0.375423 0.172506 0.149557 0.789743 1.982979 1.207332 1.272293 -0.052037
1.325164 2.746370 1.496555 1.161618 0.399079 0.220993 0.452285 0.346586 -0.007613 -0.099670
-0.089218 -0.027734 -0.022750 -0.082574 0.021030 0.908181 1.502668 1.421919 1.092714 -0.236975
1.132835 1.912236 0.712490 -0.339880 -0.496732 -0.571997 -0.530090 -0.553422 -0.628486 -0.690382
-0.715610 -0.682139 -0.712638 -0.687468 -0.687304 -0.395814 -0.189098 0.075595 -0.215947 -0.283794
-0.359322 -0.201211 0.045315 -0.021765 -0.128841 -0.064310 -0.191907 -0.268588 -0.340110 -0.282368
-0.363043 -0.468897 -0.509187 -0.483176 -0.469747 -0.469106 -0.504156 -0.490988 -0.481456 -0.427680
-0.343496 -0.092303 0.561430 0.485474 0.442477 0.366711 0.229430 0.009338 -0.160989 -0.355608
-0.489627 -0.577502 -0.692729 -0.760308 -0.773741 -0.785794 -0.807398 -0.806276 -0.787921 -0.639369
-0.226589 0.467462 1.182253 1.261038 1.277711 0.895291 0.761598 0.448718 0.281760 0.117449
0.016336 -0.271124 -0.631126 -0.764028 -0.759369 -0.739188 -0.794294 -0.781228 -0.757516 -0.629953
-0.170343 0.523379 1.279592 1.423393 1.174026 0.621026 0.513707 0.393577 0.076784 0.017075
-0.194084 -0.430802 -0.624603 -0.764150 -0.794110 -0.796029 -0.804653 -0.734843 -0.756643 -0.581454
-0.129389 0.530801 1.002081 0.960717 0.516254 0.079132 0.190778 -0.535279 -0.254951 -0.105543
-0.059425 -0.244853 -0.485792 -0.708108 -0.802235 -0.816389 -0.808225 -0.690690 -0.695620 -0.551075
-0.235084 0.157179 0.485999 0.343943 0.002038 -0.079732 -0.111358 -0.208616 -0.013458 -0.002677
0.079695 -0.084368 -0.474174 -0.642851 -0.779231 -0.811131 -0.787789 -0.667770 -0.662975 -0.504542
-0.316052 -0.162085 0.004002 -0.326214 -0.515404 -0.037584 -0.035644 0.074168 -0.088357 0.084209
0.219656 0.122920 -0.215641 -0.578947 -0.712568 -0.769737 -0.755184 -0.658381 -0.604346 -0.503145
-0.331251 -0.189703 -0.003852 -0.363230 -0.466150 -0.112645 -0.149681 0.069594 -0.279894 0.112563
0.472161 0.340089 -0.060968 -0.514740 -0.727763 -0.758212 -0.769202 -0.655581 -0.642543 -0.507819
-0.259342 0.217474 0.283439 -0.274765 -0.258961 -0.261312 -0.459671 0.195822 0.082692 0.465198
0.677064 0.306346 -0.140258 -0.461743 -0.736287 -0.791245 -0.802905 -0.628192 -0.592748 -0.522446
-0.121070 0.458585 0.396921 0.173742 -0.083296 -0.308113 -0.110941 0.313106 0.215868 0.217539
0.156199 0.032964 -0.228479 -0.563024 -0.776385 -0.815130 -0.803524 -0.578273 -0.681386 -0.413138
0.141684 0.528958 0.711455 0.690864 -0.049609 -0.059653 0.055379 -0.219601 -0.040240 -0.166053
-0.276917 -0.404062 -0.583295 -0.773539 -0.814847 -0.827204 -0.775654 -0.564723 -0.606723 -0.389612
0.203109 0.884705 1.075182 1.230574 0.795411 0.448081 0.390829 0.111759 0.040763 -0.089607
-0.306505 -0.611307 -0.746386 -0.767064 -0.786444 -0.806162 -0.745622 -0.670868 -0.633836 -0.500223
-0.042127 0.125424 0.675537 0.373923 0.638795 0.592639 0.597428 0.490448 0.258476 0.064407
-0.291953 -0.456947 -0.620614 -0.705737 -0.757188 -0.752572 -0.785555 -0.688797 -0.708272 -0.530013
-0.073306 -0.076599 0.285433 0.128068 0.183430 0.298897 0.397660 0.274179 0.175800 0.125482
-0.090863 -0.146747 -0.388592 -0.546321 -0.625623 -0.707590 -0.737889 -0.690586 -0.714908 -0.582333
-0.210747 -0.161750 0.084141 -0.186272 -0.069041 -0.135412 -0.054368 -0.170871 -0.268746 -0.193671
-0.166953 -0.138025 -0.300380 -0.417131 -0.585289 -0.715988 -0.765814 -0.767298 -0.754867 -0.599482
-0.157031 0.068964 0.152236 -0.199937 -0.311220 -0.270048 -0.254263 -0.429454 -0.508983 -0.533072
-0.520412 -0.440728 -0.432672 -0.501036 -0.578933 -0.743826 -0.772056 -0.733362 -0.717770 -0.576748
-0.128601 0.227916 0.175523 0.045896 -0.153665 -0.168483 -0.259264 -0.284296 -0.596308 -0.637821
-0.669627 -0.640884 -0.606165 -0.652994 -0.718009 -0.742961 -0.808683 -0.720280 -0.766171 -0.549372
0.090377 0.413543 0.454606 0.080463 -0.200166 -0.373673 -0.505830 -0.605659 -0.759651 -0.703367
-0.635514 -0.608033 -0.571321 -0.614470 -0.678635 -0.727743 -0.790913 -0.724885 -0.790505 -0.541343
0.341747 0.224505 0.598912 0.056138 -0.501295 -0.788806 -0.804173 -0.805302 -0.768262 -0.789205
-0.810612 -0.762683 -0.705262 -0.736056 -0.770069 -0.786749 -0.843413 -0.739660 -0.698714 -0.625989
0.094732 0.455968 0.482558 -0.025537 -0.390688 -0.684852 -0.721340 -0.711031 -0.729801 -0.724294
-0.701358 -0.710855 -0.733243 -0.706612 -0.718286 -0.709104 -0.703938 -0.681543 -0.788990 -0.521507
0.156539 0.118721 -0.686739 -0.880475 -0.971792 -0.976117 -0.994566 -1.001479 -0.968309 -0.916021
-0.793640 -0.727655 -0.623073 -0.661370 -0.696058 -0.785835 -0.573577 -0.201363 0.807391 0.231291
0.837030 0.938642 -0.322638 -0.794867 -1.100763 -1.091328 -1.114001 -1.114324 -1.065963 -1.007243
-0.907742 -0.862918 -0.755264 -0.791369 -0.748088 -0.865178 -0.703499 -0.178952 1.585455 0.682656
1.313815 1.452334 0.098903 -0.557200 -1.060369 -1.055320 -1.101485 -1.100097 -1.074113 -1.018735
-0.973321 -0.964310 -0.939538 -0.897423 -0.733434 -0.855265 -0.790380 -0.300369 1.885383 0.840859
1.415935 1.562322 0.457690 -0.306789 -0.900640 -0.926136 -0.938244 -0.930548 -0.922227 -0.984669
-1.043569 -1.083680 -1.097040 -0.987632 -0.793956 -0.816236 -0.883054 -0.543541 1.782141 0.787141
1.234872 1.533639 0.733978 -0.026455 -0.706579 -0.672410 -0.515787 -0.544926 -0.479843 -0.785031
-0.942226 -1.098608 -1.137475 -1.043713 -0.851353 -0.885253 -0.971754 -0.731602 1.516062 0.602402
0.984837 1.704818 1.075371 0.515764 -0.494929 -0.549630 -0.476161 -0.427535 -0.140296 -0.516968
-0.730932 -1.028007 -1.140575 -1.081422 -0.853354 -0.943225 -0.976161 -0.874607 1.317065 0.445257
0.816760 1.643057 0.986316 0.775639 -0.399769 -0.518944 -0.634461 -0.562801 -0.119314 -0.388821
-0.575955 -0.945809 -1.144786 -1.108856 -0.925148 -1.004844 -0.965082 -0.993691 1.205682 0.359526
0.771108 1.238154 0.601915 0.394607 -0.514085 -0.598129 -0.724510 -0.529922 -0.099302 -0.264047
-0.497993 -0.886668 -1.097816 -0.983602 -0.930530 -0.993169 -1.015811 -1.052917 1.109830 0.263550
0.454695 0.513213 -0.012424 -0.241305 -0.493012 -0.469065 -0.490215 -0.246925 0.035537 -0.047363
-0.395372 -0.631720 -0.874926 -0.748492 -0.880333 -0.941592 -1.038753 -1.079010 1.021121 0.219261
0.197651 -0.088381 -0.520906 -0.735613 -0.615647 -0.530050 -0.391795 -0.184765 0.085260 0.147192
0.093375 -0.033080 -0.482500 -0.582561 -0.850603 -0.958192 -1.062214 -1.053291 0.989495 0.222237
-0.039389 -0.300936 -0.764336 -0.954885 -0.857311 -0.797321 -0.661276 -0.582492 -0.251142 0.079788
0.736244 0.734887 0.153904 -0.372464 -0.783575 -0.979941 -1.045192 -1.009586 0.851354 0.193120
0.069474 -0.090975 -0.853614 -1.042877 -1.061375 -1.040187 -0.999833 -0.963905 -0.707739 -0.363791
0.275824 0.421351 0.295264 -0.144825 -0.547142 -0.823427 -0.965841 -0.970557 0.744605 0.151900
0.471247 0.380402 -0.605789 -0.935813 -1.076747 -1.124878 -1.133393 -1.122815 -1.030910 -0.826301
-0.468638 -0.339460 -0.193668 -0.255337 -0.315567 -0.505651 -0.823877 -0.870835 0.962206 0.224064
0.936883 0.941990 -0.120474 -0.629210 -0.901221 -1.045767 -1.136255 -1.150095 -1.065523 -1.037563
-0.988372 -0.970242 -0.748181 -0.642661 -0.590515 -0.700231 -0.912200 -0.868236 1.183530 0.320341
1.163802 1.354028 0.291810 -0.186848 -0.543564 -0.768760 -0.927706 -0.819295 -0.445481 -0.505897
-0.607031 -0.845525 -0.874816 -0.867446 -0.797649 -0.863715 -0.967926 -0.889510 1.294769 0.397265
1.037163 1.205559 0.234599 -0.034002 -0.262868 -0.236241 -0.229571 0.074462 0.727259 0.541451
0.316354 -0.310016 -0.652005 -0.678235 -0.487013 -0.708900 -0.809356 -0.815186 1.131313 0.373315
0.676598 0.954628 0.286537 0.493750 0.581755 0.825656 1.035189 1.534897 2.168942 2.029861
1.672392 0.806074 0.256281 0.201107 0.352762 -0.145244 -0.424636 -0.641041 1.142964 0.390618
0.808172 1.423572 1.215093 1.972297 2.503935 2.911328 3.313627 3.704870 4.268582 4.165877
3.596485 2.722118 2.263449 2.194986 2.180620 1.225090 0.370103 -0.069138 1.230491 0.472947
1.540411 2.518549 2.427772 3.068102 3.508555 3.806003 4.246922 4.479399 4.932334 4.929689
4.610307 3.959250 3.617104 3.406739 3.172915 2.027511 1.107540 0.696473 1.332193 0.611424
0.928631 1.641456 1.786760 1.957843 2.080255 2.196505 2.417753 2.534920 2.786597 2.784619
2.652130 2.366640 2.274550 2.164909 1.935717 1.192055 0.587614 0.375713 0.665066 0.276696
-0.218532 -0.843198 0.132537 -0.179217 -0.473142 -0.555962 -0.126587 -0.162211 -0.489994 0.272406
0.201340 -0.273711 -0.267035 -0.576992 -0.606363 -0.349843 -0.677231 0.710785 0.336845 -0.291078
-0.262801 -0.778154 0.669041 0.239551 -0.579009 -0.579122 0.016616 -0.053973 0.468068 0.988152
-0.656981 -1.635780 0.505547 -0.016289 -1.041382 0.016342 1.580317 2.814924 0.631857 -0.054543
-0.267331 -0.363714 0.397290 -0.147487 -0.614605 -0.262616 0.701257 -0.369368 0.923040 1.568344
-0.896483 -0.981731 2.307446 1.707203 0.242163 0.502603 2.060829 2.995530 0.794585 -0.278839
-0.277254 -0.539192 0.130698 -0.592515 -0.669688 -0.015083 1.188100 -0.022115 0.187936 0.240518
-0.944561 1.190682 0.560271 -0.916004 -0.778352 0.140901 -1.218834 0.705166 0.521570 -0.072503
-0.705016 -0.492410 0.706465 -0.780512 -0.243990 1.633300 1.262298 0.031920 -0.942746 -0.729565
0.122972 0.229242 -0.241830 -0.691115 -0.645402 1.497889 -0.333484 0.442660 0.593693 0.385456
-1.065059 -0.236414 1.124147 -0.358250 -0.527610 2.066428 0.614318 -0.637191 -0.676134 -1.389060
0.493262 -0.636055 1.014052 0.321897 -1.479395 0.924218 0.458747 -0.308276 0.168916 0.250412
-0.799672 -0.566639 1.224906 0.531930 -0.936596 0.451287 0.320643 -0.083661 -0.077403 -0.792616
0.380376 -0.880316 0.387192 0.142191 -1.728450 0.556996 1.712604 0.757309 1.518199 0.755483
-0.422203 -1.492367 1.496831 -0.428986 -1.548524 1.711583 0.443789 -0.144065 -0.362703 -0.150191
0.399629 -0.921155 -0.106086 -0.139470 -1.598006 1.008490 0.272460 0.868333 0.881203 0.229446
-0.783035 -0.974342 1.448310 0.319720 -0.949639 1.358157 0.466045 -0.270950 -0.840975 0.128022
0.332517 -0.319659 -0.645173 -1.214619 -0.653607 3.629449 0.468025 0.163422 0.094598 -0.302379
-0.815242 0.167069 0.869006 -0.305786 -0.495161 -0.526508 0.289810 0.126196 -0.475665 0.412375
0.760642 0.544286 -0.655410 -1.324211 1.257723 2.793575 -0.599831 -1.147383 0.439286 -0.049969
-0.435356 -0.415976 0.282930 -0.235406 -0.690441 -1.482807 0.877703 1.029995 0.889235 0.173663
0.350652 0.186240 -0.023363 0.560848 1.435108 -0.005458 -0.551809 -0.679912 0.639227 0.233842
-0.328852 -0.647194 0.163406 0.638236 -0.213753 -1.564073 1.113529 -0.024163 0.424366 -1.084250
-0.414892 0.693236 0.438951 0.400354 -0.108960 -0.884168 0.012413 -0.307432 0.595792 0.264523
-0.080064 -0.635742 -0.610843 0.765800 0.207429 -1.856592 0.823945 0.376487 1.478073 -0.346715
-1.158959 1.522471 0.284173 -1.872219 -0.684877 -0.431740 -1.140154 -0.595480 0.826577 0.164307
-0.084454 -0.182280 -0.916518 -0.498202 1.058206 -0.963345 -1.029889 -0.123718 1.695307 0.319132
-0.206811 1.408037 1.972199 -0.930879 1.940846 2.217879 -0.267724 0.381955 1.338444 -0.157683
-0.067576 -0.414663 -0.312278 -0.565094 0.475115 -0.237258 -0.203533 2.441014 1.415603 -0.272050
0.723600 -0.181755 -0.429031 -1.047141 1.258710 0.899244 -0.840346 0.157080 1.440969 -0.194195
-0.141984 -0.222712 -0.071508 0.046960 -0.888957 -0.342060 0.944454 0.720010 -0.724831 -0.905381
0.221085 -0.161253 -0.111661 1.304078 -0.264085 -0.632145 0.167307 0.585463 1.070585 -0.437766
-0.082946 -0.236319 -0.007579 -0.582130 -0.632125 -0.506467 0.653660 0.014567 -0.425204 -0.277174
-0.486783 -0.539838 -0.227052 0.735312 -0.828667 -2.418335 0.868007 0.752433 0.245924 -0.789592
0.088695 -0.314293 0.076257 -0.168001 0.043990 1.221473 0.557528 -0.526921 0.132234 0.026230
-0.114076 0.154441 0.228245 -0.327001 -0.290800 -0.770198 0.859031 0.312452 -0.046656 -0.587600
0.115528 0.348665 0.239708 -0.067928 0.063350 0.456458 0.143439 0.001052 0.842913 0.468587
0.109297 0.245016 0.117763 -0.524056 -0.412256 0.933523 -0.129614 -0.293516 0.099948 -0.485881
-0.191090 -0.455985 -0.513325 -0.367420 -0.458475 -0.999927 -1.044609 -0.750127 -1.045958 -0.839212
-0.511605 -0.614036 -0.633132 -0.326511 -0.201480 -0.448586 -0.653824 -0.720680 -0.760069 -0.533249
-0.099101 -0.629350 -0.439329 0.275184 0.364133 0.481633 0.548808 0.492357 0.473294 0.383289
0.369860 0.276152 0.151871 0.151793 0.303822 0.265756 0.316406 0.008201 -1.489110 0.343562
0.532501 0.018337 0.045746 0.635678 0.675534 0.678887 0.703733 0.642385 0.651437 0.836878
0.780371 0.273864 0.535913 0.781720 0.546237 0.352297 0.981092 0.652275 -1.931077 1.323310
0.698338 0.616321 0.585422 0.774347 0.794517 0.775612 0.707220 0.602468 0.714337 0.825708
0.484427 0.234525 0.444677 0.137676 0.065974 -0.000378 0.720135 0.406247 -2.357621 1.732254
0.611263 0.375422 0.593440 0.749039 0.938976 0.836249 0.432872 0.637875 0.938340 0.801036
0.454472 0.372634 0.410370 -0.031262 0.126474 -0.164065 0.873656 0.267876 -2.651883 1.940583
0.639304 0.147451 0.455731 0.420577 1.007396 0.622088 -0.007064 1.108767 0.736459 0.457674
0.576663 0.620843 0.484186 0.034056 0.576269 0.114471 0.977878 0.120950 -2.748207 1.965116
0.682203 0.170786 0.351580 0.140979 1.109188 -0.271817 -1.461843 1.969934 0.796822 0.502430
0.630762 0.726862 0.461915 -0.295649 0.411067 -0.674728 1.108495 0.310747 -2.889944 2.100615
0.697295 -0.019645 0.262822 -1.010894 1.267282 -0.393797 -1.477418 0.076446 -1.338849 1.070791
0.721580 0.680559 0.585609 -0.134989 0.553315 -1.289326 1.187259 0.139817 -2.896840 2.073771
0.716777 0.017863 0.499952 -1.187424 1.151438 -1.144500 -0.986359 0.571445 -1.275074 0.032517
0.696805 0.655003 0.382931 0.046183 0.646553 -1.362709 1.665356 -0.073703 -2.787153 2.064871
0.718896 0.264401 0.798954 -0.402795 1.161855 -1.158204 -0.083207 0.174609 -0.489154 0.204040
0.719622 0.675153 0.003834 -0.245547 0.188232 -1.698238 1.663793 -0.345080 -2.751959 2.019407
0.221910 0.211934 0.883029 0.257925 0.990664 -0.222689 0.512658 0.747944 0.028442 0.512000
0.422723 0.343994 -0.269828 -0.082443 -0.328719 -2.123488 0.798052 -1.386176 -2.773535 1.969354
0.304166 0.594459 0.201956 0.516024 0.865540 0.611179 0.759993 0.705268 0.666776 0.661861
0.438828 0.027669 -0.631033 -0.228278 -0.941791 -2.186202 0.761991 -1.146477 -2.446872 1.876800
0.151374 0.436582 -0.117769 0.667791 0.471845 0.654356 0.846786 0.780686 0.784443 0.779388
0.584970 0.209007 -0.439585 -0.285566 -0.877391 -0.823822 0.394999 -1.006321 -1.903408 1.685666
0.018018 0.286510 -0.034150 0.933010 0.490368 0.714766 0.769485 0.614552 0.778009 0.871280
0.403831 0.190057 0.470107 0.478513 -0.489704 0.200750 0.315137 -0.229908 -1.343030 1.264610
-0.621414 0.012206 -0.281735 0.790429 0.578303 0.647153 0.310530 0.225687 1.169973 1.340373
0.615515 0.212059 0.046302 -0.256127 -0.186099 0.462129 -0.091576 0.650995 -1.156239 1.190838
-0.997809 0.191846 -0.939081 0.501844 0.582719 0.501574 -0.052050 -0.445874 -0.188079 -0.085069
0.028349 0.172558 0.269901 -0.353375 0.203954 0.139297 -0.475700 0.448761 -1.920742 1.382618
-0.999241 0.297437 -1.331907 0.148590 0.263494 0.129518 -0.454370 -0.026918 -0.023085 -0.435733
-0.145423 0.131303 0.354732 0.204956 0.577492 -0.267363 -0.198623 0.422788 -2.240584 1.697457
-0.607795 0.700569 -0.861282 0.204411 0.195579 -0.119281 -0.477130 -0.170770 -0.740447 -0.544175
-0.021355 0.088946 0.507478 0.823719 0.498409 -0.805295 -0.029276 0.296736 -2.233815 1.260421
-0.375066 0.695524 -0.438887 0.102240 0.278621 -0.137369 -0.300666 -0.179302 -1.079859 -0.832137
-0.557790 -0.629985 0.146946 0.506386 -0.125150 -0.819777 -0.556945 -1.052427 -2.201162 0.727032
-0.567686 0.432430 -0.085478 0.407808 0.501276 -0.152077 -0.008581 -0.024642 -0.425280 -0.381947
-0.501890 -0.823672 -0.326629 0.246949 0.030111 -0.252573 -0.487438 -1.042433 -2.044704 0.354782
-0.377527 -0.828660 -1.302499 -0.203843 -0.130113 -0.703960 -0.672465 -1.020600 -1.275585 -1.264526
-1.672902 -2.007366 -2.052185 -2.028109 -2.120767 -1.477578 -1.744194 -1.672508 -2.201365 -0.570172
0.109515 -0.052559 0.243574 0.180508 0.295161 0.266881 0.237842 0.278881 0.317806 0.442430
0.392973 0.409080 0.528040 0.605192 0.549869 0.439672 0.579048 0.478575 -0.385024 -1.096982
0.434233 0.961352 1.069082 1.107507 1.041834 1.063542 1.058916 1.069581 1.026833 0.955951
1.002010 0.999132 0.922550 0.841671 0.915363 0.983056 0.781176 0.706438 0.734414 1.167360
0.265850 0.364973 0.641691 0.702054 0.722893 0.726816 0.718954 0.710785 0.714003 0.720440
0.719184 0.704299 0.714887 0.710520 0.712092 0.657929 0.672877 0.614526 0.131859 0.227889
0.460623 0.592333 0.593425 0.635617 0.690250 0.673696 0.508685 0.493966 0.690816 0.732012
0.720681 0.736953 0.731485 0.640020 0.612252 0.620044 0.631358 0.475221 -0.094654 -0.061852
0.435837 0.432785 0.513022 0.559556 0.599821 0.446677 -0.210659 -0.371666 0.146953 0.609525
0.722778 0.711612 0.716891 0.614960 0.481125 0.334899 0.559670 0.516597 -0.168248 -0.126880
0.378439 0.320086 0.221421 0.304218 0.502087 -0.317987 -2.443400 -1.944788 -0.526846 -0.037684
0.619613 0.714232 0.719566 0.646837 0.447188 0.252039 0.410222 0.272063 -0.220663 0.010795
0.386943 0.133724 0.045433 -0.089647 -0.020212 -1.025921 -2.699815 -3.073179 -2.296016 -0.011679
0.404573 0.668086 0.713927 0.585509 0.375442 0.088510 0.327323 0.393612 -0.178324 -0.019031
0.354033 -0.156456 -0.101626 0.108800 -0.089900 -1.359722 -1.927611 -1.000461 -0.407200 0.059794
0.512519 0.690710 0.594934 0.315454 -0.083282 -0.223750 0.208039 0.254066 -0.108924 0.054860
0.285187 -0.167549 0.116766 -0.086447 0.375906 0.097081 -0.452755 0.143375 0.938328 0.879347
0.855164 0.688496 0.520245 -0.059192 -0.244588 -0.091807 0.184621 0.223066 0.004456 0.113688
0.352608 -0.031644 0.237593 0.721869 0.827652 0.449583 0.905735 0.953126 0.455728 0.299780
0.332796 0.549231 0.373725 -0.280369 -0.354035 0.153138 0.840317 0.673562 0.033778 0.182414
0.021902 0.407013 0.554510 0.457806 0.642753 0.728560 0.677589 0.882588 0.996675 0.927953
0.726926 0.571900 0.303216 -0.402859 -0.462781 0.151147 0.704196 0.469302 -0.004219 0.128839
-0.195181 0.090931 0.733141 0.913588 0.749196 0.595217 0.613653 0.771334 0.778385 0.644192
0.339443 0.307315 0.366101 0.165938 0.085138 0.174907 0.547467 0.346984 -0.184856 0.064670
-0.246197 0.359831 0.656779 0.784256 0.750790 0.712338 0.662820 0.595901 0.695213 0.715723
0.646732 0.541792 0.451840 0.627926 0.867337 0.974534 0.601431 0.178275 -0.205593 -0.117114
-0.856194 -0.275659 0.413553 0.623270 0.760923 0.678703 0.604694 0.626356 0.700122 0.676832
0.661539 0.832550 0.819278 0.504344 0.576842 0.826276 0.662430 0.328298 -0.328360 -0.112853
-1.093932 -0.825925 -0.568954 0.052428 0.564156 0.685938 0.471167 0.442701 0.474190 0.578883
0.634029 0.653415 0.715292 0.621264 0.519058 0.515941 0.525047 0.254276 -0.228744 -0.022290
-1.164818 -0.744103 -0.440075 -0.278226 -0.015101 0.225937 -0.557885 -0.580488 0.157517 0.485489
0.595866 0.572497 0.628261 0.655229 0.765817 0.661664 0.396948 0.361805 -0.358275 -0.180086
-0.721488 -0.687483 -0.319877 0.063386 -0.029365 -0.189513 -0.363718 -0.773746 -1.211224 -0.533926
-0.245213 -0.028366 0.166839 0.531256 0.691384 0.409878 0.316977 0.367148 -0.302631 0.075694
-0.679142 -0.423384 -0.526893 -0.592702 -0.687488 -0.966178 -1.090727 -0.586307 -0.324426 -0.490396
-0.650885 -0.902702 -0.595769 -0.072544 0.191284 0.197735 0.082367 -0.094527 -0.203315 0.042755
-1.522507 -0.993228 -0.818085 -0.920022 -0.843604 -1.063631 -1.122853 -1.050851 -1.051297 -1.205326
-1.311478 -1.190400 -1.020621 -0.800995 -0.681534 -0.746069 -0.711079 -0.622756 -0.696420 0.003773
-0.162032 -0.932441 -0.589828 -0.107487 -0.194131 0.078374 0.150179 -0.052400 -0.150438 -0.224570
-0.262954 -0.208581 -0.036678 0.051984 -0.202706 -0.433322 -0.572014 -0.703194 -0.675549 -0.256344
0.598312 0.453914 0.549090 0.488347 0.515495 0.487481 0.335492 0.342824 0.341001 0.221268
0.305784 0.219961 0.371497 0.419288 0.396579 0.495471 0.511237 0.566430 0.605318 0.291949
0.787719 0.415777 0.543430 0.451122 0.496581 0.457296 0.145160 0.229621 0.442179 -0.013975
-0.084765 -0.442913 -0.120925 0.006731 -0.223375 0.195191 0.205969 0.605216 0.543301 0.236100
0.688120 0.556415 0.496780 0.389865 0.355246 0.531090 0.119996 -0.134496 0.272546 -0.290030
-0.437731 -0.532821 -0.170005 0.397109 -0.305223 0.000180 0.386862 0.756896 0.694110 0.209369
0.586306 0.811713 0.646733 0.440637 0.332745 0.543636 0.444971 0.110095 0.501319 0.190257
-0.336564 -0.645585 -0.484038 0.571743 -0.078677 -0.090151 0.566717 1.062978 1.018893 0.219384
0.567629 0.722619 0.648817 0.514517 0.566481 0.670308 0.709525 0.219600 0.312975 0.311704
0.054727 -0.047375 -0.408670 0.311893 0.215232 -0.111964 0.627790 0.913028 0.887194 0.228000
0.772568 0.714525 0.614547 0.386919 0.727334 0.797005 0.814175 0.699060 0.692641 0.291040
-0.075986 -0.050435 -0.452464 -0.191454 0.317337 0.308818 0.881431 0.800617 0.753143 0.252996
0.826881 0.823932 0.526910 0.160847 0.740704 0.779261 0.760416 0.793751 0.739727 0.354951
-0.016325 0.066384 -0.213069 -0.080424 -0.004981 -0.136338 0.411353 0.498365 0.638310 0.199291
0.832930 0.590664 0.449027 -0.061861 0.738304 0.540089 0.623158 0.604450 0.654495 0.316075
-0.068896 -0.314952 -0.337735 -0.242779 -0.721826 -0.766950 0.419715 0.565313 0.700685 0.249190
0.735319 0.191547 0.352841 -0.431746 0.783344 0.509187 0.613560 0.674889 0.514601 0.316820
-0.004658 -0.608607 -0.638650 -0.698140 -1.270030 -1.008653 1.062479 1.139189 0.872875 0.278028
0.768536 0.533262 0.516702 -0.240027 0.650750 0.589054 0.538222 0.708148 0.652837 0.523370
0.112433 -1.453143 -1.458740 -0.301961 -0.805687 -0.564012 1.090775 1.474653 0.841194 0.232037
0.620177 0.463086 0.169054 -0.180307 0.052062 0.613002 0.129075 0.315151 0.431531 0.514198
0.103994 -1.672860 -1.577529 0.611917 0.714696 0.112011 0.821960 1.090224 0.739672 0.233141
0.824953 0.424595 -0.025067 -0.421100 -0.176094 0.128635 -0.046857 -0.283471 -0.264970 0.156533
-0.204641 -1.441930 -0.990186 0.748201 1.416207 0.777171 0.719634 0.828245 0.681362 0.256517
0.907103 0.634045 0.051322 -0.752657 -0.858651 -0.225284 -0.544885 -0.755560 -0.907412 -0.204377
-0.322739 -1.145820 -0.237599 0.211320 0.676023 0.588004 0.525573 0.748342 0.597979 0.258322
0.855514 0.842875 0.386023 -0.474412 -1.072783 0.183153 -0.394088 -0.570586 -0.486093 0.250320
0.218164 -0.657385 -0.034005 -0.093056 -0.134166 0.138917 0.510684 0.750877 0.676667 0.214922
0.796513 0.739724 0.554201 0.120215 -0.793617 0.082495 -0.125122 -0.374576 -0.081591 0.397541
0.074015 -0.179819 0.146650 -0.012823 0.387759 0.621157 0.890414 0.770588 0.776419 0.212712
0.759803 0.611814 0.598908 0.596685 0.196640 0.413999 0.252727 0.262697 0.814666 0.578104
-0.011597 -0.009684 -0.129605 -0.641415 0.568584 0.676485 0.953545 0.828924 0.764927 0.227786
0.757247 0.719938 0.741648 0.839747 0.686286 0.681110 0.343995 0.534130 0.847702 0.725878
0.550548 0.534216 0.142466 -0.409031 0.663754 0.638611 0.733852 0.818552 0.718078 0.219522
0.782495 0.826033 0.654252 0.824599 0.729976 0.746988 0.673059 0.727372 0.788677 0.737672
0.725898 0.649306 0.375143 -0.179165 0.393623 0.576747 0.768858 0.928077 0.641498 0.239000
0.774987 0.474570 0.357531 0.366879 0.455964 0.571953 0.585220 0.673966 0.780683 0.709003
0.634843 0.558605 0.403589 0.089211 0.262408 0.509533 0.698102 0.934765 0.724242 0.241377
0.649705 0.318438 0.210613 0.647903 0.613946 0.518158 0.466739 0.424750 0.443856 0.439156
0.387391 0.352187 0.299447 0.149640 0.306026 0.556343 0.471530 0.530553 0.475763 0.087407
-0.308677 -0.568847 -0.320392 0.144231 0.167404 0.293007 0.123241 -0.163725 -0.052813 -0.013546
0.334909 0.654953 0.636170 0.737945 0.537352 0.409383 0.360098 -0.270545 -0.825251 -0.240167
0.302112 0.116095 -0.043735 -0.363401 -0.111610 0.058136 0.238816 0.738123 0.532158 0.148001
0.303409 0.039063 0.058461 -0.109652 -0.141726 0.225290 0.019763 -0.089899 0.603306 0.787690
-0.398885 0.249219 0.576913 -0.156460 -0.255524 0.008878 0.027146 -0.414179 -0.642977 -0.146217
-0.097467 -0.101853 -0.288585 -0.485939 -0.379323 -0.530364 -0.318946 0.448508 0.327709 -0.410028
0.320322 0.838779 -0.156261 -0.751013 -0.061739 0.067091 -0.997623 -1.350311 -0.810791 -0.391323
0.130135 0.307557 0.401799 0.447926 0.188610 0.083937 0.168523 0.130411 0.616304 0.331985
0.016084 0.224827 -0.009585 -0.429986 -0.336453 -1.067838 -2.381236 -1.200119 0.214916 0.037770
0.092289 0.248817 0.598239 0.167524 0.441404 0.803514 0.200680 0.025108 0.534051 -0.001303
0.261297 0.462078 0.170730 0.235530 -0.013909 -0.409739 0.358345 1.286054 -0.033346 -0.477461
-1.137187 -0.754374 -0.074234 0.059276 0.173801 0.230857 -0.109159 -0.237502 0.381939 -0.000338
0.073869 -0.122975 0.072517 0.613381 0.049869 0.535700 3.914166 2.857444 -0.632500 -1.556862
-1.261880 -0.389819 0.029601 -0.126009 -0.365670 -0.553608 -0.428509 -0.033064 0.162894 0.112314
0.269655 0.576253 0.367890 -0.625526 -0.694457 0.427740 1.718609 -0.960419 -2.653952 -1.380642
0.677584 0.875795 -0.072571 1.001990 1.197503 0.444858 0.708098 -0.268670 0.373537 0.239538
-0.119959 -0.334263 -0.346164 -0.452774 -0.653479 -0.357185 0.861418 0.249181 0.071765 1.220255
1.180122 -0.367128 -0.795705 0.476434 -0.496814 0.090942 -0.369956 -0.309325 0.484359 0.108849
-0.350107 -0.101459 0.080459 0.638329 0.631902 0.646369 1.165293 0.603487 0.530670 0.443437
-0.172532 -0.690129 -0.288326 0.055614 0.009800 0.245427 -0.286774 0.001549 0.493662 0.082939
-0.109406 -0.182735 -1.076896 -0.811089 0.128756 0.166263 -0.360070 -0.088029 0.036932 0.028130
-0.228127 -0.025974 0.161126 0.036525 -0.029277 0.264406 0.152631 0.197127 0.504914 0.105260
0.172303 0.197452 -0.316437 -0.347494 0.060971 -0.291392 -0.220937 -0.149319 0.105996 0.197529
0.088529 0.229837 0.055685 0.253391 0.443117 0.800354 0.480914 0.250206 -0.017668 -0.015425
0.121674 -0.471917 0.025116 0.366401 -0.367696 -0.322122 0.343004 0.743324 0.451260 0.135209
0.148039 0.237353 0.287470 0.220024 0.362450 0.531619 0.207141 -0.317843 0.075143 0.289505
0.614437 0.510872 0.730902 0.160061 -0.283238 -0.268852 0.155609 -0.126888 -0.595945 -0.551198
-0.193093 -0.268969 -0.268461 0.016360 -0.086202 -0.346229 -0.473527 0.046481 0.649482 0.268535
0.738060 1.238783 0.540248 -0.179466 -0.509519 -0.871547 -1.072582 -1.002872 -0.228916 0.377617
-0.059924 0.158782 0.325549 -0.131840 -0.628726 0.037230 0.080845 0.106591 -0.047280 -0.091789
0.366108 0.279250 -0.612126 -0.286460 -0.193168 -0.199107 0.888277 1.703939 1.334995 -0.243128
-0.423446 -0.191583 -0.596226 -0.588573 0.846847 1.437989 0.460245 0.109124 -0.058561 0.577425
0.281858 0.560736 0.492645 0.955350 0.678265 0.145597 -0.078514 -0.054303 -0.520480 -0.167853
0.511074 0.229670 -0.055652 0.592009 1.114779 -0.357895 -0.311685 -0.384796 0.354431 0.171476
0.136722 0.047511 -0.086191 0.212462 -0.054028 -0.214034 0.224211 0.701277 0.737899 0.839724
0.526835 0.341292 0.671329 0.635556 -0.359209 -0.416476 0.188636 0.387375 0.138818 -0.125669
-0.360824 -0.468769 -0.489726 -0.494551 -0.226335 0.086645 0.124320 0.107370 0.047368 -0.004737
0.171347 0.452190 0.472427 -0.363272 -0.548643 -0.067440 0.436129 0.334474 0.400942 0.446056
0.332789 0.850876 0.574607 0.479641 0.537888 0.034716 -0.152100 -0.206788 -0.194794 -0.165900
-0.101481 -0.203766 -0.237742 -0.488220 -0.344925 -0.206445 -0.057727 -0.207340 -0.157236 -0.154118
0.527314 -0.228350 -0.194924 -0.213339 -0.020789 -0.198314 -0.380356 -0.359012 -0.465211 -0.252327
-0.283450 -0.704477 -0.397328 -0.720762 -0.651837 -1.048044 -1.182540 -1.167384 -0.954710 -0.797719
-0.649266 -0.222513 0.069392 -0.200551 -0.442416 -0.603589 -0.729928 -0.453289 -1.114631 -1.141179
-1.031835 -1.411966 -1.943305 -2.562008 -3.348283 -3.620118 -3.353684 -2.628910 -0.581120 0.177885
0.405639 -0.171050 0.206689 0.255219 -0.140432 -0.427505 -1.170777 -0.858332 -0.446725 -1.372213
-2.081092 -3.255240 -4.026649 -4.753697 -4.533983 -3.861741 -3.162972 -1.569199 -0.356470 0.292814
-0.001059 0.333843 0.529703 -0.145038 -1.101667 -1.483475 -1.327488 -1.465160 -1.719448 -2.226135
-3.495015 -4.271184 -3.949863 -3.999323 -3.548223 -2.491021 -2.114672 -0.169364 0.285942 0.633806
0.467517 0.746601 0.326005 -0.482407 -0.920933 -1.108147 -1.298028 -0.808982 -1.008590 -2.212962
-1.667237 -1.986458 -1.574850 -1.510710 -1.118929 -0.259062 -0.789188 0.108947 0.979822 0.424650
0.511130 0.715578 0.366522 -0.123063 -0.664918 -0.168961 0.370763 0.267203 0.519355 -0.900155
-0.528037 0.345884 -0.261437 -0.140604 -0.700529 0.416042 -0.450343 -0.024646 0.069321 0.481512
0.353476 0.412495 0.107361 0.111979 -0.224528 0.502378 0.717422 0.524499 0.369398 0.729040
0.390711 0.648892 0.013854 0.099778 -0.578954 -0.042649 -0.750027 -0.278331 0.203502 0.158018
0.251376 0.339105 -0.195726 0.120120 0.122863 0.140613 0.509359 0.349859 0.708395 0.728283
0.909448 0.937011 0.345075 0.603256 -0.298311 -0.678745 -1.395328 -0.593855 -0.105129 0.255139
0.367243 0.464249 -0.218348 -0.395194 -0.317053 0.097540 1.040890 0.670537 0.698776 0.953180
1.051326 1.012663 0.532807 0.334781 -1.194684 -1.359629 -2.337783 -0.773070 0.441824 0.259490
0.466607 0.587470 0.286280 0.211210 0.911790 0.896840 1.001004 0.892065 0.790716 0.977635
0.819457 0.590668 0.120180 -1.216311 -2.178868 -1.887506 -1.799758 -0.365934 0.507579 0.403195
0.809059 0.671267 1.001982 0.988094 1.024240 0.927050 0.923043 0.727607 0.722223 0.924336
0.654108 0.030786 -0.339775 -1.943209 -2.427508 -0.826181 -0.423118 -0.415941 0.024134 0.388330
0.618579 0.943701 0.560613 1.042804 1.110831 0.784864 0.839274 0.541601 0.789631 0.714448
0.737956 -0.320609 -0.597479 -1.215810 -1.380929 -0.595547 -1.296163 -0.005051 0.021816 0.327090
0.205386 0.686092 1.059855 1.042733 0.853196 0.528777 0.623953 0.503692 -0.025277 0.059900
0.059346 -0.055651 -0.477394 -0.516468 -0.584370 0.221783 -0.784284 -0.521345 0.186707 -0.196328
0.549490 0.709832 0.861291 0.842275 0.560730 -0.291944 -0.563618 -0.272697 -0.450308 -0.778772
-0.826444 0.093928 0.435505 0.557941 -0.114984 -0.306137 -0.937615 -1.108016 0.255200 0.220361
0.616289 0.822287 0.831849 0.393368 -0.208177 -0.335588 -1.839733 -2.338099 -1.894112 -0.917949
-0.300097 -0.249551 0.228052 0.015253 0.051088 -0.780728 -0.701538 -0.841566 0.392462 0.232127
0.767371 0.820153 0.935192 0.612413 -0.428276 -1.107593 -1.340717 -1.209384 -0.256480 0.034923
-0.294724 -0.140275 -0.007540 -0.301585 -0.127306 -0.174798 -0.495201 -0.632675 0.514913 0.363995
0.709058 1.009457 0.980651 1.025713 0.791560 0.468278 0.484548 0.576659 0.379316 0.141337
0.238362 0.283192 0.196882 0.296128 0.282065 -0.129613 -0.313511 -0.761758 0.265062 0.508629
0.896162 0.859532 0.995961 1.043025 0.948534 0.673846 0.691293 0.605637 0.383214 0.546511
0.279828 0.046920 0.209151 0.392681 0.242903 -1.262626 -0.810520 -0.924445 0.382089 -0.167888
0.775287 0.920997 0.860163 0.618222 0.461255 0.049253 -0.276930 -0.057048 -0.381681 -0.549963
-0.160041 -0.364964 -0.253364 -0.501549 -1.424118 -2.090922 -1.902258 -1.391945 -0.343567 -0.639786
0.698251 0.826616 0.863432 0.492059 0.072766 0.124104 0.048558 -0.047959 -0.163130 -0.379918
-0.190821 -0.078332 -0.232197 -0.376663 -1.299239 -1.776528 -1.383062 -1.741168 0.240907 0.581369
-0.426087 -0.208898 0.415880 1.088452 1.620572 1.862455 1.844140 1.671390 1.576739 1.670732
1.859260 2.017110 1.856198 1.712663 1.510021 0.854350 0.085446 -0.428424 -0.580948 -0.458860
-0.507049 -0.321400 0.588242 1.510767 2.172840 2.474530 2.451488 2.235480 2.080202 2.203070
2.469094 2.617676 2.110335 1.671290 1.218404 0.464850 -0.189885 -0.592348 -0.734071 -0.525788
-0.529368 -0.401679 0.530603 1.374161 2.036532 2.335034 2.224470 1.922957 1.862899 2.198041
2.642322 2.783470 2.081234 1.558261 1.065464 0.275617 -0.183266 -0.570430 -0.730440 -0.520265
-0.576563 -0.484165 0.240590 0.821166 1.218111 1.467480 1.342017 1.159236 1.101907 1.411127
1.847012 2.011185 1.352259 0.753830 0.211822 -0.320861 -0.511018 -0.670158 -0.773284 -0.540055
-0.607210 -0.664258 -0.311276 -0.070143 0.127843 0.416533 0.276932 0.233746 0.237078 0.558947
1.033670 1.383557 0.866037 0.332995 -0.203988 -0.567255 -0.659035 -0.730326 -0.794410 -0.535754
-0.620391 -0.734615 -0.546459 -0.491411 -0.418836 -0.100252 -0.283952 -0.207172 -0.349761 -0.124228
0.331948 0.618775 0.248685 -0.141401 -0.499536 -0.712726 -0.764027 -0.758948 -0.789988 -0.533508
-0.633148 -0.799888 -0.715567 -0.752867 -0.731706 -0.518666 -0.668188 -0.492989 -0.632424 -0.430480
0.034111 0.366880 0.048230 -0.222261 -0.573040 -0.739195 -0.780455 -0.774770 -0.805589 -0.545997
-0.635549 -0.789582 -0.620332 -0.647169 -0.705434 -0.627983 -0.700012 -0.492615 -0.658558 -0.544102
-0.181639 0.031574 -0.251580 -0.453254 -0.695865 -0.790248 -0.796905 -0.773171 -0.803267 -0.538590
-0.610864 -0.746616 -0.541559 -0.644383 -0.702262 -0.722847 -0.718031 -0.629945 -0.700889 -0.561007
-0.298882 -0.206928 -0.442241 -0.543666 -0.738058 -0.805774 -0.805121 -0.774561 -0.787394 -0.534552
-0.520323 -0.602749 -0.387218 -0.463847 -0.258786 -0.193979 -0.145937 -0.201370 -0.359346 -0.405436
-0.359237 -0.371059 -0.512990 -0.592882 -0.746581 -0.800997 -0.812024 -0.776603 -0.791497 -0.543930
-0.554840 -0.643367 -0.478818 -0.337760 0.163360 0.492243 0.641294 0.639381 0.340380 0.135412
-0.005087 -0.141316 -0.284676 -0.429566 -0.573372 -0.711774 -0.788939 -0.785804 -0.804447 -0.549992
-0.558387 -0.660698 -0.506563 -0.222890 0.443978 1.126287 1.597354 1.720654 1.277780 1.027893
0.760029 0.453062 0.122618 -0.156994 -0.436370 -0.673280 -0.790307 -0.791492 -0.798642 -0.548336
-0.625354 -0.748192 -0.650949 -0.375661 0.339186 1.136744 1.933614 2.220243 1.825757 1.684561
1.510018 1.189534 0.727790 0.207308 -0.231621 -0.517238 -0.689974 -0.757264 -0.795930 -0.554421
-0.652102 -0.786991 -0.725202 -0.574792 0.048131 0.879534 1.633258 1.726851 1.206154 1.006162
0.863508 0.752314 0.606803 0.355403 0.011217 -0.292285 -0.590544 -0.703443 -0.789272 -0.548671
-0.668852 -0.818668 -0.791527 -0.722524 -0.362659 0.096880 0.522065 0.462096 0.329187 0.320282
0.305778 0.297262 0.236019 0.085756 -0.238139 -0.474973 -0.688619 -0.738706 -0.801982 -0.551530
-0.669588 -0.817122 -0.796372 -0.780519 -0.562702 -0.301714 -0.161663 -0.193165 -0.313484 -0.357368
-0.357618 -0.285100 -0.170181 -0.160510 -0.281658 -0.399760 -0.605586 -0.683693 -0.776350 -0.537927
-0.672830 -0.808306 -0.771067 -0.779469 -0.739452 -0.694640 -0.713585 -0.702121 -0.739720 -0.757717
-0.714622 -0.667125 -0.554988 -0.462980 -0.372282 -0.370899 -0.521648 -0.662027 -0.753398 -0.541551
-0.658181 -0.782001 -0.724924 -0.735813 -0.727894 -0.749030 -0.777953 -0.771923 -0.796868 -0.795833
-0.776844 -0.751173 -0.710027 -0.621328 -0.513726 -0.475654 -0.540698 -0.630478 -0.715548 -0.535799
-0.650501 -0.753665 -0.647337 -0.634173 -0.618997 -0.610697 -0.598518 -0.554854 -0.524309 -0.561637
-0.601350 -0.579281 -0.540191 -0.464321 -0.364121 -0.361246 -0.412468 -0.550719 -0.609659 -0.466494
-0.437106 -0.500429 -0.447920 -0.473671 -0.472110 -0.467730 -0.487712 -0.472131 -0.471717 -0.500903
-0.493932 -0.472798 -0.480932 -0.457170 -0.398090 -0.408377 -0.393943 -0.444039 -0.447890 -0.382342
0.192386 0.406784 0.426682 0.553307 0.512732 0.486990 0.309499 0.303882 0.409434 0.406904
0.483456 0.429915 0.403679 0.452371 0.466106 0.476492 0.423890 0.464953 0.435269 0.922691
0.101402 0.677450 0.537170 0.464634 0.590507 0.811822 0.318454 0.216991 0.448835 0.681386
0.724749 0.655401 0.681377 0.740406 0.723758 0.742642 0.753112 0.774439 0.783679 1.208947
0.438055 1.382660 0.346784 -0.042184 0.453124 0.677894 0.349927 0.383653 0.651711 0.779212
0.724412 0.715523 0.723606 0.797159 0.806081 0.910203 0.841345 0.770593 0.721972 1.068546
0.630104 1.489798 -0.062786 -0.660773 0.283148 0.504442 0.221948 0.285817 0.615944 0.743700
0.716383 0.750021 0.793234 0.798589 0.799778 0.935986 0.990884 0.748410 0.570050 1.033974
0.461653 1.384689 -0.825779 -1.220148 0.400762 1.405652 -0.560089 -0.144154 0.738866 0.823999
0.733274 0.791165 0.977076 0.697223 0.715797 0.989825 0.842948 0.576514 0.222269 0.805827
0.472516 1.947428 -1.485513 -1.412623 1.211997 2.860689 -1.794590 -1.002179 0.574712 0.953605
0.700853 0.865820 1.040377 0.311280 0.457895 1.019814 0.786228 0.820710 -0.046854 0.719689
0.558912 2.481440 -1.634701 -1.499123 1.631461 2.470525 -1.144511 -1.506705 0.057511 0.260426
0.314910 0.770674 0.965034 0.187231 0.286163 0.675485 0.767414 0.713665 0.013243 0.633033
0.645747 1.888775 -1.426054 -1.571371 1.195882 1.433958 -0.904174 -1.421607 -0.023465 0.025358
0.184733 0.338154 0.392378 -0.048635 0.155566 0.619902 0.765375 0.879948 0.138309 0.637285
0.757078 0.675057 -1.045242 -1.033601 0.976432 1.388475 -0.394242 -0.842707 -0.709151 -0.426100
-0.223719 0.261551 0.308424 0.192395 0.447749 0.754050 0.886745 1.325185 0.104165 0.615128
0.671055 0.079840 -0.127149 -0.363307 0.067350 0.533426 0.178295 -0.627968 -0.037785 0.010974
0.191081 0.219412 0.349976 0.341761 0.651788 0.739056 1.001568 1.378572 -0.040710 0.618021
-0.153990 -0.059169 0.834414 0.628491 -0.288179 0.194348 0.247612 -0.299848 0.022695 0.186840
0.036360 0.165757 0.559449 0.584095 0.661971 0.664784 1.108853 0.876674 -0.111726 0.512474
-0.176677 -0.057506 0.545977 0.385492 -0.725479 -0.348395 0.520976 0.478382 0.549959 0.428908
0.014044 0.324553 0.630382 0.789663 0.750983 1.071409 0.922652 0.398663 -0.063571 0.664228
-0.095944 -0.594253 0.457549 0.511584 -0.082421 -0.274734 0.541647 0.464633 0.363587 0.612224
0.085949 0.280683 0.716604 0.667996 0.628639 1.024244 0.402096 -0.098983 -0.095713 0.673236
-0.519019 -0.094917 0.312247 0.297753 0.514056 0.190515 0.330095 0.335122 0.210674 0.338966
0.193200 0.369185 0.982119 0.573656 0.812658 0.900284 0.487803 0.055715 0.250827 0.481424
-0.808870 -0.333234 0.103926 0.249935 0.673394 0.259111 -0.253651 -0.144496 0.147630 0.404569
0.518189 0.425288 0.749655 0.279460 0.419974 0.293936 0.032588 0.169533 0.150669 0.444868
-0.662520 -0.669455 -0.292217 0.110357 0.566908 0.945903 -0.086484 -0.214976 0.440571 0.709732
0.770052 0.647326 0.652936 0.851431 0.629960 0.073099 0.107084 0.591881 0.319779 0.537829
-0.102408 -0.182836 -0.595921 -0.966622 -0.681279 -0.085365 -0.364798 -0.306266 0.287461 0.621562
0.771137 0.730747 0.770192 1.687839 1.048491 -0.450707 -0.036167 0.515938 0.384465 0.500345
0.202076 -0.456368 -0.456281 -1.812599 -1.115683 -1.165254 -0.681533 -0.204392 -0.290062 -0.069073
0.132319 0.071439 0.215620 1.331707 0.700157 -0.735798 -0.594409 0.297373 0.482159 0.302718
-0.820026 -1.763810 -1.345268 -2.476385 -1.302933 -0.995265 -0.022292 0.679849 0.437582 0.396307
0.602981 0.545838 0.595429 0.989263 0.611152 -0.216902 -0.229403 0.309227 0.370271 0.346705
-1.183121 -2.791132 -2.490723 -2.776206 -2.409111 -1.559801 -1.275157 -0.696763 -0.739985 -0.901944
-0.585649 -0.363259 -0.186567 0.010488 -0.002882 -0.366365 -0.211089 -0.063702 0.072628 0.310747
0.701009 0.638866 0.318595 0.515115 0.619309 0.853165 0.748754 0.355583 0.383773 0.522601
0.574071 0.814692 0.619357 0.438997 0.766850 1.030498 0.804942 0.681417 0.401910 0.423568
0.720014 0.693490 0.340484 0.691096 1.003791 1.131935 1.352356 0.947384 0.530403 0.621549
1.171461 1.358620 0.988141 0.351456 0.723490 0.995768 0.745103 0.421982 0.233735 -0.012535
0.517455 0.837736 0.390409 0.885832 0.996948 1.073700 -0.295899 -1.049327 -0.092334 0.335146
-0.360329 -0.925893 -0.794010 -0.523839 -0.361412 -0.557042 -0.119468 0.299047 -0.019987 -0.476912
0.407714 0.222666 0.072979 0.570610 0.161948 -1.250350 -1.257032 -1.837731 -0.814778 -0.062483
0.179099 -0.352409 -0.265548 0.172394 0.108407 -0.120844 -0.747506 -0.137860 0.065204 -0.452102
0.291245 -0.131343 -1.111387 -0.369540 -0.551693 -0.696073 -1.079801 -0.217542 0.383259 0.100738
0.308664 0.307377 0.580784 0.767083 0.791404 0.483562 0.152099 0.224612 -0.319349 -0.461936
0.041788 0.096836 -0.204990 0.607233 0.026090 0.731983 -0.137791 0.115996 1.211492 0.535866
0.153409 0.223422 0.032806 0.068425 0.025939 0.459996 -0.163684 0.461507 -0.766921 -0.915277
0.666965 0.347881 0.175723 1.109648 -0.151092 -0.736528 0.751130 0.203727 0.595729 0.227561
-0.066864 -0.011154 -0.247036 -0.452116 -0.554124 -0.326090 -0.936391 -0.747526 -1.225675 -0.728161
0.507525 0.594530 -0.159188 -0.303886 -1.572345 -0.951474 -0.444852 0.601741 -0.142842 -0.182063
0.012069 0.074530 0.050125 0.426592 0.116652 -1.119314 -1.926383 -0.634279 -1.062871 -0.325939
-0.200478 -0.757197 -2.089620 -0.393023 -0.942612 -0.027232 -0.149814 0.299569 -0.305799 -0.564445
0.122977 0.645357 0.423127 -0.497354 -0.997506 -1.376446 -0.988062 -0.160727 -0.162654 -0.578472
-0.603711 -0.120849 -0.311950 -0.498466 0.198518 0.875837 0.805162 0.023903 0.202070 -0.030840
0.043121 0.278928 0.227272 -0.945202 -1.088588 -1.044928 -0.462269 -0.338868 -0.145860 -0.697376
-0.047626 0.046509 0.736673 0.241074 0.506486 1.216314 0.848310 0.044767 -0.202594 0.347504
0.800603 -0.272812 -0.831620 -1.009461 -1.408606 -0.948306 -0.408110 -0.495133 -0.647266 -0.447936
0.713746 0.213243 1.202791 0.992465 0.279873 0.367283 0.739974 0.678787 0.356411 -0.359045
-0.534220 -1.505955 -2.151767 -1.716354 -1.093436 -0.705313 -0.279566 -0.050705 -0.923098 -0.414261
0.987847 0.492657 -0.697364 0.599534 0.356935 0.511176 1.172308 0.554003 -0.770764 -1.450288
-1.840137 -1.307705 -1.068725 -0.136053 -0.813538 -0.459624 -0.220297 -0.772561 -1.230940 -0.572089
0.697690 0.165361 -0.318580 -1.329601 -0.448106 -0.482042 -2.546730 -3.674186 -3.976499 -2.786155
-2.045102 -1.065883 -0.424921 -0.808380 -1.107741 -1.358758 -1.127097 -1.300934 -0.913672 -0.717251
0.018478 -0.229246 -0.145165 -0.205658 -0.823559 -1.190482 -1.396204 -1.980487 -1.323203 -0.646990
-0.436306 -0.490639 -0.506369 -0.785872 -1.007478 -0.697847 -0.711972 -1.359347 -0.392992 -0.707322
-0.409557 -0.805228 -0.705994 -0.071514 0.113982 0.108298 -0.376718 0.080110 0.860783 0.689890
0.446543 0.378535 -0.035995 -0.002729 0.219829 0.828948 -0.200827 -1.354854 -0.641990 -0.529669
-0.362046 -0.196651 0.068050 0.104930 0.274092 -0.128681 0.113628 0.043028 0.063323 0.206482
0.314897 0.467951 0.546576 0.338754 0.263374 -0.206025 -0.271503 -1.562220 -0.678070 -0.101633
0.423896 0.707077 1.087941 0.716747 0.250323 0.079957 0.347108 0.737689 0.694547 0.647122
0.642112 0.665295 0.825412 1.087409 0.995102 -0.328323 -0.745950 -0.614025 -0.257503 0.149465
0.236902 -0.032929 -0.529679 -0.491133 -0.000114 0.287979 0.653877 0.786039 0.704776 0.694276
0.813753 0.800245 0.797521 0.565735 0.395704 0.151834 -0.121223 -0.126254 0.304083 0.407301
0.227068 0.347885 0.110765 0.116229 0.334848 0.765460 0.854950 0.832662 0.796964 0.754498
0.726369 0.886196 0.896990 0.850533 0.675794 0.461227 0.372501 0.571157 0.374426 0.638058
0.233848 0.945466 0.420615 0.345283 0.327471 0.283647 0.176375 0.266677 0.413529 0.371867
0.282206 0.102400 0.029339 0.237882 -0.092391 -0.908247 -0.261508 0.355507 0.944211 0.327716
0.732873 0.572899 0.764024 0.501036 0.482336 0.809619 0.610143 0.546178 0.564215 0.568320
0.560384 0.278610 0.244357 0.113340 -0.389318 -0.902283 -0.354502 0.404041 1.424834 0.344028
0.348214 0.659286 0.487471 -0.009693 0.135105 0.588226 1.198414 0.784169 0.678381 0.612628
0.547534 0.341397 0.259124 -0.504812 -0.823641 -0.856359 -0.277871 1.655070 0.404912 0.523138
0.637682 0.463538 0.222268 -0.494361 -0.494588 -0.242437 0.772861 0.959261 1.119859 0.756535
0.167522 0.464476 -0.367986 -1.722665 -1.660629 -1.500250 -0.580412 2.342539 -0.301718 0.766256
0.616420 0.528503 0.238998 0.121423 -0.700287 -0.664484 -0.248826 -0.437423 1.263040 2.862265
0.361034 0.385798 -1.051083 -1.648259 -1.953986 -3.631341 -0.663125 0.973572 -0.265222 0.773420
0.462035 0.234218 0.067336 0.683106 -1.287706 0.123217 -1.096511 -4.256601 2.834596 2.263537
0.660550 0.178431 -0.820822 0.350162 -0.930804 -3.991613 0.069755 0.674968 -0.034058 0.996630
0.462838 -0.214539 0.040656 -0.574263 -2.515304 1.961490 -2.197547 -2.339969 1.600608 0.032827
0.337155 -0.569479 -0.501849 0.579904 -0.857470 -3.281435 -0.213093 0.552310 0.324317 0.526835
0.342473 -0.331200 0.515436 -3.153101 -2.484594 3.209814 -0.712166 0.656054 0.295417 0.192194
0.275389 -0.708478 -0.558582 -0.086455 -1.504368 -2.163597 0.383232 0.424602 -0.101833 0.170906
0.150306 0.152585 -0.028754 -4.675469 -0.533989 0.998539 0.829821 1.417119 0.721838 0.610849
0.354272 -0.379546 -0.678881 -0.679934 -2.083690 -1.267432 0.708225 0.997893 -0.374198 0.665445
0.097638 0.978191 -0.750417 -2.980833 -0.133558 -1.903946 0.348369 2.374937 0.874153 0.391463
0.324096 0.092293 -0.093065 -1.050030 -1.990702 -1.591640 0.214920 0.464926 0.068230 0.947010
-0.131177 1.613639 -0.610477 -0.085811 -1.403542 -2.164281 -1.055378 1.399692 0.525170 -0.062125
-0.251748 0.605807 0.897093 -0.716192 -1.373181 -1.629075 0.001502 -0.056650 1.123522 0.636960
0.257055 0.940235 -0.277306 0.964190 -0.561452 -1.671405 -0.641322 -0.204459 -0.518540 -0.909830
-1.557777 -0.816275 0.801967 -1.183154 -1.022407 -1.791769 -0.858022 -0.017449 2.009547 0.389235
0.533784 0.429514 0.144576 0.459177 0.640090 -0.238277 0.416366 -0.067711 -0.142291 -0.845240
-2.096600 -1.141439 -1.231457 -2.219932 -1.441785 -2.002995 -1.816457 0.852188 1.830829 0.342853
0.320164 0.933239 0.203685 0.197591 0.496440 0.948498 0.370321 0.765870 0.492031 0.091077
-0.611942 0.185797 -1.830753 -1.832929 -2.063465 -2.989628 -2.270872 0.793623 0.201550 0.673530
0.428648 1.113018 0.008586 0.022643 0.635528 0.549583 0.456377 0.890557 0.558619 0.525899
0.606692 0.716540 -0.215611 -0.005881 -1.080355 -2.432991 -1.258649 0.043563 -0.540169 1.131333
0.567010 0.795428 -0.143590 -0.086340 0.789551 0.121484 0.403106 0.722529 0.552613 0.381334
0.372675 0.456670 0.525796 1.062705 -0.510991 -1.397943 -0.231884 -0.550144 0.458683 0.615782
0.761485 0.297304 -0.401240 -0.014243 -0.163987 -0.269347 0.810442 0.961412 0.447609 0.227039
-0.249711 -0.010994 0.867454 1.632163 0.097534 -0.235609 -0.147492 -0.568934 0.606474 0.216366
0.605690 0.385682 -0.400159 -0.662395 -0.703637 -0.450675 1.110363 0.560994 0.290580 -0.369434
-1.029714 -0.553383 0.445582 0.729243 0.472337 0.549394 0.062375 -0.090693 0.353562 0.051828
0.567553 0.025460 -0.768656 -0.835804 -0.607195 -0.149528 0.172454 -0.111074 0.091356 -0.655437
-0.597848 -0.357356 0.158445 0.016105 0.182315 0.482481 0.517342 0.647713 0.568777 0.157125
0.665724 -0.076072 -0.325353 -0.002784 -0.208623 0.233663 -0.015396 0.215178 0.265093 -0.010489
0.250637 0.297749 0.423618 0.164649 0.081470 0.100313 0.374261 0.498044 0.491933 0.273481
-0.308769 -0.597165 -0.597012 -0.459607 -0.259860 0.051801 0.202047 0.474184 0.375231 0.410243
0.535078 0.417653 0.238288 0.081074 0.065737 -0.064100 -0.230150 -0.570253 -0.413657 -0.570988
-0.581125 -0.776026 -0.622780 -0.427248 -0.154872 0.138547 0.511874 0.871022 0.961658 0.988476
1.020650 0.778115 1.020869 0.962919 0.682554 -0.103511 -0.240780 -0.494124 -0.168714 -0.410705
-0.589165 -0.758487 -0.652354 -0.442566 -0.175187 0.217913 0.348836 0.458300 0.620139 0.551610
0.692106 0.780655 1.039873 0.641074 0.285617 -0.119684 -0.390252 -0.582093 -0.201438 -0.319627
-0.607567 -0.792932 -0.744279 -0.587696 -0.320851 0.105646 0.052896 0.046449 0.050937 0.155930
0.501679 0.726316 0.461625 -0.033417 -0.259577 -0.406414 -0.734847 -0.811447 -0.098274 -0.218590
-0.602831 -0.790928 -0.735553 -0.624954 -0.574207 -0.234291 -0.440517 -0.564818 -0.551838 -0.308315
-0.202342 -0.319044 -0.445116 -0.345809 -0.348693 -0.357656 -0.500404 -0.730340 -0.012331 -0.154137
-0.585242 -0.770309 -0.572647 -0.437033 -0.380979 0.096591 -0.706534 -0.669038 -0.653326 -0.654022
-0.619425 -0.597166 -0.578204 -0.441371 -0.388816 -0.169850 -0.258986 -0.528640 -0.024681 -0.132827
-0.567389 -0.710058 -0.374923 -0.203644 0.100161 0.153519 -0.763922 -0.599374 -0.641871 -0.662135
-0.697238 -0.574294 -0.534964 -0.101235 -0.108331 -0.224575 -0.331829 -0.529367 0.003834 -0.159234
-0.536190 -0.683884 -0.147708 -0.006915 0.322299 -0.263892 -0.554260 -0.752882 -0.820581 -0.716247
-0.684266 -0.566089 -0.515768 -0.097596 -0.006970 0.013468 -0.197221 -0.700913 0.091492 -0.212476
-0.489852 -0.623230 -0.242787 0.093494 -0.280294 -0.961316 -0.723180 -0.639026 -0.675565 -0.709555
-0.589339 -0.417394 -0.317425 -0.053851 0.152459 0.237286 -0.391624 -0.688890 0.075278 -0.266777
-0.555885 -0.761623 -0.309945 -0.210827 -0.930270 -0.911778 -0.772971 -0.592129 -0.565715 -0.469001
-0.327576 -0.204406 -0.010795 0.213150 0.642302 0.123633 -0.593329 -0.740343 0.031920 -0.182498
-0.556225 -0.762281 -0.793798 -0.722939 -0.699252 -0.627241 -0.430155 -0.363879 -0.422098 -0.287800
-0.184438 0.062941 0.432532 0.604582 0.478757 0.014563 -0.523508 -0.781001 0.134481 -0.031977
-0.612102 -0.737028 -0.798266 -0.743276 -0.729795 -0.333626 -0.165299 -0.203876 -0.311977 -0.218505
-0.076466 0.257189 0.652676 0.324733 -0.119382 -0.420991 -0.752416 -0.668150 0.133584 0.029821
-0.565348 -0.778574 -0.723355 -0.616905 -0.443774 -0.217079 -0.363280 -0.392209 -0.235373 0.053491
0.324347 0.512193 0.527700 0.408998 -0.375092 -0.726455 -0.835204 -0.677094 0.150595 -0.005000
-0.556591 -0.810857 -0.685185 -0.600376 -0.452401 -0.328889 -0.401315 -0.275656 -0.023411 -0.103777
0.005431 -0.125802 -0.332820 -0.215354 -0.381187 -0.434066 -0.673374 -0.613355 0.173319 -0.079242
-0.550113 -0.766477 -0.727064 -0.629257 -0.504256 -0.432399 -0.236371 -0.020204 -0.251887 -0.228415
0.052988 -0.016059 -0.366142 -0.403155 -0.327019 -0.585947 -0.638280 -0.613761 -0.017106 -0.152007
-0.556964 -0.709341 -0.753739 -0.746143 -0.613042 -0.413277 -0.227512 -0.300441 -0.326172 -0.355411
-0.265656 -0.325583 -0.313704 -0.307599 -0.396282 -0.500519 -0.652761 -0.574451 -0.211462 -0.265027
-0.577941 -0.771730 -0.616351 -0.589606 -0.537171 -0.334358 -0.153723 -0.248975 -0.256201 -0.369058
-0.417680 -0.517307 -0.494548 -0.399650 -0.426859 -0.461366 -0.437238 -0.364198 -0.218614 -0.337762
-0.513810 -0.735497 -0.409817 -0.291792 0.124187 0.481036 0.665759 0.424299 0.380596 0.206509
-0.019953 -0.078457 -0.194900 -0.177108 -0.212908 -0.082554 0.209562 -0.064566 0.122596 -0.048781
-0.579644 -0.708721 -0.330640 -0.136239 0.203780 0.414886 0.443715 0.471973 0.446015 0.438861
0.392633 0.192727 0.006825 -0.059031 -0.031213 0.206674 0.079689 -0.230412 0.166420 0.182423
-0.380046 -0.215339 -0.042859 0.330730 0.401689 0.269771 0.411007 0.548623 0.392483 0.337488
0.156832 -0.101788 -0.151101 0.047374 0.331724 0.230534 -0.102204 -0.165213 0.010408 -0.137244

