0.025550 -0.195051 -0.267508 -0.278382 -0.272909 -0.256133 -0.270958 -0.275340 -0.273942 -0.277985
-0.277863 -0.277942 -0.278255 -0.275718 -0.271036 -0.275492 -0.277774 -0.278174 -0.278402 -0.278455
-0.278219 -0.277823 -0.276787 -0.278164 -0.277498 -0.273890 -0.255180 -0.234987 -0.250298 -0.275773
-0.277590 -0.271782 -0.268500 -0.277298 -0.278046 -0.278114 -0.278464 -0.278284 -0.278250 -0.278224
-0.277927 -0.278437 -0.275273 -0.273270 -0.275977 -0.278304 -0.276998 -0.278150 -0.278225 -0.277161
-0.277834 -0.277165 -0.273003 -0.273582 -0.277860 -0.278239 -0.278443 -0.278373 -0.268801 -0.241108
-0.241072 -0.272507 -0.278278 -0.272485 -0.268269 -0.277944 -0.276749 -0.278047 -0.278435 -0.278417
-0.278303 -0.278305 -0.277187 -0.276632 -0.276921 -0.278458 -0.275539 -0.274226 -0.274242 -0.252290
0.114771 0.192587 0.365238 0.303091 0.323158 0.252009 0.342475 0.287509 0.283932 0.431234
0.517650 0.531601 0.419787 0.301405 0.260659 0.367845 0.371330 0.378855 0.327276 0.304502
0.342299 0.315031 0.322853 0.192450 0.138222 0.155206 0.221903 0.426725 0.583969 0.584382
0.322643 0.296650 0.213551 0.168906 0.252509 0.166794 0.201539 0.241151 0.334256 0.422339
0.313733 0.347034 0.469986 0.566918 0.673188 0.506528 0.434941 0.448430 0.521688 0.490167
0.447792 0.358103 0.363586 0.428897 0.562144 0.578831 0.560640 0.470635 0.413186 0.566961
0.624973 0.530016 0.312515 0.413374 0.366732 0.440782 0.306157 0.214934 0.306506 0.544474
0.554977 0.511994 0.504057 0.544671 0.531332 0.527346 0.490061 0.458327 0.682343 0.295033
-0.178134 -0.071236 -0.106970 -0.174874 -0.201941 -0.188727 -0.123070 -0.146673 -0.180359 -0.184711
-0.210388 -0.218363 -0.220829 -0.234185 -0.235501 -0.201807 -0.207388 -0.219029 -0.242699 -0.233093
-0.225119 -0.253593 -0.253098 -0.251887 -0.231069 -0.212328 -0.129683 -0.087557 -0.153951 -0.094931
-0.088568 -0.162078 -0.175214 -0.244031 -0.237013 -0.262039 -0.267908 -0.235969 -0.220394 -0.188896
-0.193050 -0.234605 -0.243588 -0.229352 -0.191566 -0.223928 -0.238637 -0.245792 -0.254463 -0.261625
-0.254948 -0.251293 -0.261801 -0.234527 -0.176878 -0.146254 -0.128757 -0.163327 -0.147624 -0.154710
-0.161115 -0.023249 -0.036054 -0.192082 -0.244716 -0.243494 -0.262036 -0.261246 -0.251392 -0.207221
-0.186106 -0.199328 -0.214804 -0.200907 -0.207796 -0.190921 -0.183791 -0.199963 -0.143544 -0.126170
-0.216595 0.277338 0.418225 0.161097 -0.043676 -0.020300 -0.017442 -0.036889 -0.074691 -0.097872
-0.161206 -0.185584 -0.206861 -0.241867 -0.220057 -0.126760 -0.015616 0.019489 0.071038 0.262947
0.099756 -0.066745 -0.080233 -0.119022 -0.084519 -0.141302 -0.021864 -0.006196 -0.119923 0.049917
0.033608 -0.078746 -0.082468 -0.132465 -0.161292 -0.195829 0.006232 0.232099 0.229653 0.123913
0.055246 0.032941 0.075715 0.059481 -0.015081 -0.135024 -0.246380 -0.277961 -0.267070 -0.268220
-0.275192 -0.232841 -0.124431 0.021201 0.012902 -0.109294 -0.219456 -0.260611 -0.234538 -0.217746
-0.206017 0.008478 -0.004800 -0.189661 -0.152683 -0.255861 -0.276233 -0.194838 0.042853 -0.010260
-0.054942 -0.096953 -0.086826 -0.047614 -0.054485 0.014883 0.023795 -0.061181 -0.165353 -0.217916
-0.192950 0.363845 0.553627 0.180807 -0.081965 -0.044825 -0.114087 -0.175021 -0.174134 -0.208735
-0.248452 -0.256240 -0.259280 -0.255273 -0.242906 -0.195714 -0.159359 -0.178188 -0.196604 -0.213979
-0.278217 -0.273210 -0.271021 -0.261223 -0.267670 -0.275508 -0.277947 -0.277922 -0.270549 -0.272045
-0.261545 -0.242903 -0.210386 -0.162404 -0.161572 -0.252483 -0.245184 -0.195385 -0.256753 -0.277669
-0.268327 -0.273540 -0.276016 -0.272173 -0.249169 -0.198762 -0.176264 -0.135648 -0.109669 -0.114868
-0.127012 -0.202985 -0.277848 -0.271455 -0.277543 -0.241617 -0.163425 -0.159065 -0.209376 -0.258081
-0.274998 -0.277388 -0.256442 -0.196489 -0.150954 -0.115838 -0.138503 -0.273607 -0.178605 -0.230025
-0.273628 -0.273095 -0.216896 -0.136061 -0.080148 0.009309 -0.025499 -0.111990 -0.198595 -0.238212
-0.224006 0.213536 0.340715 0.050057 -0.060503 0.045957 0.022393 -0.002742 0.059255 -0.084579
-0.127525 -0.146564 -0.209164 -0.046476 -0.001681 0.062987 0.048076 -0.055430 -0.067697 -0.062458
-0.109075 0.000473 -0.074053 -0.163923 -0.133284 -0.068073 -0.054505 -0.049914 -0.082914 -0.086048
-0.039992 0.004975 0.003180 -0.045216 -0.096459 0.051224 0.140713 0.129826 0.124889 0.064792
0.025495 0.148702 0.273102 0.260522 0.149977 0.007870 0.084802 0.124846 0.049229 0.180325
0.037804 0.045267 0.101567 0.145765 0.181080 -0.004999 -0.078512 0.136870 0.178804 0.142810
0.156534 0.047026 0.096384 0.151887 0.022364 0.008059 -0.013905 -0.013583 0.174042 0.199191
-0.037199 -0.095479 0.140902 0.150556 0.095369 0.123045 0.012192 -0.099775 -0.149807 -0.250850
-0.219179 0.181514 0.253138 0.031644 -0.071849 0.016439 -0.048081 -0.149735 -0.160161 -0.219980
-0.119130 -0.010046 -0.090056 0.272433 0.323250 0.390229 0.338595 0.231921 0.211804 0.156163
0.048751 0.121421 0.006007 0.080315 0.172243 0.204386 0.321825 0.413182 0.248275 0.187322
0.236690 0.286341 0.272203 0.238336 0.173806 0.325795 0.608714 0.665779 0.520580 0.462200
0.459864 0.615321 0.706768 0.515000 0.353304 0.233215 0.334920 0.331158 0.279258 0.394380
0.313539 0.442993 0.605077 0.871125 0.772987 0.265565 0.093182 0.599642 0.746339 0.649847
0.623822 0.478882 0.405794 0.459429 0.202570 0.105046 0.124636 0.063989 0.508628 0.709931
0.205074 0.097696 0.648264 0.528704 0.272482 0.220810 0.090942 -0.065710 -0.142882 -0.251293
-0.214759 0.167163 0.244040 -0.001096 -0.178021 -0.223237 -0.278126 -0.244804 -0.266680 -0.253342
-0.277337 -0.247912 -0.270456 -0.261936 -0.227541 -0.163117 -0.115490 -0.061300 -0.063872 -0.166111
-0.227022 -0.221357 -0.214011 -0.036551 0.158096 0.176563 0.095621 0.037259 -0.024138 -0.070914
-0.143412 -0.162357 -0.189654 -0.207967 -0.112761 0.092310 0.271451 0.388857 0.160086 0.267896
0.296758 0.126585 -0.024958 -0.096596 -0.092843 -0.038290 -0.063272 -0.194689 -0.169005 -0.038205
-0.001464 0.021552 0.137022 0.363131 0.252786 -0.014267 -0.102011 0.106252 0.323546 0.441973
0.394073 0.164580 -0.060450 -0.141159 -0.177021 -0.092264 -0.102803 -0.084223 0.251914 0.372945
-0.010408 0.047874 0.279054 0.201987 0.084539 0.027126 -0.054084 -0.141870 -0.184822 -0.252519
-0.229752 0.122320 0.217005 -0.013229 -0.159839 -0.243885 -0.276692 -0.269021 -0.257681 -0.276663
-0.240272 -0.236508 -0.256985 -0.274662 -0.252082 -0.248600 -0.256319 -0.180360 -0.039612 -0.066424
-0.068421 0.217691 0.408476 0.693322 0.839277 0.660530 0.474462 0.467927 0.373877 0.201226
-0.026318 -0.118922 -0.136889 -0.082923 -0.023791 0.101981 0.304356 0.374012 0.287151 0.299700
0.282060 0.057653 0.001382 -0.004563 -0.058613 0.055379 0.060821 -0.001554 -0.009554 0.129792
0.250704 0.423919 0.722457 0.853997 0.624645 0.311015 0.132960 0.216345 0.391167 0.568226
0.678161 0.459097 0.158598 -0.003528 -0.068430 0.276352 0.156143 0.129353 0.356916 0.343123
0.032744 0.082177 0.111213 0.042660 -0.033353 -0.063537 -0.083471 -0.149644 -0.186524 -0.254038
-0.251636 0.062856 0.261819 0.099338 0.085750 0.038839 0.020484 0.367117 -0.197594 0.598926
0.502803 0.188584 0.008029 -0.174167 -0.158534 -0.179657 -0.217799 -0.199393 -0.172852 -0.236761
-0.235942 -0.053071 0.259553 0.377728 0.410601 0.219935 0.175822 0.164159 0.059610 0.012726
-0.019737 -0.096022 -0.132149 0.104083 0.118350 0.052122 0.203789 0.296781 0.195748 0.001692
-0.102371 -0.122644 -0.017220 0.086988 0.079232 0.231756 0.392329 0.238342 0.124067 0.174463
0.216082 0.368041 0.510780 0.304859 0.034960 -0.087822 -0.081733 -0.006787 0.121495 0.169893
0.235142 0.137609 -0.076902 -0.210764 -0.208913 -0.007019 0.042253 0.180353 0.331095 0.209466
0.039703 0.166853 0.173590 0.045126 0.093112 0.005720 -0.046070 -0.174314 -0.222788 -0.258634
-0.231267 0.272968 0.460753 0.181712 0.053263 -0.026970 -0.065037 0.357689 0.361297 0.652881
0.691386 0.688452 0.549303 0.390406 0.362329 0.251511 0.089097 0.109462 -0.022700 -0.156278
-0.106158 0.110601 0.355732 0.233704 -0.038409 -0.050349 -0.002737 0.005859 -0.022507 0.102680
0.135200 0.027315 -0.083389 0.075966 0.039508 0.024467 0.112709 0.251139 0.188079 -0.053673
-0.145987 0.076500 0.197381 0.190246 0.131497 0.127058 0.239664 0.204083 0.101426 0.073676
-0.083602 -0.153507 -0.097400 -0.042730 -0.106238 -0.104494 -0.101471 0.037615 0.145813 0.170923
0.147573 0.251749 0.306166 -0.117624 -0.230813 -0.056951 -0.061656 -0.007086 0.168716 0.185925
0.076626 0.105908 0.089908 0.006718 0.026150 -0.047642 -0.054225 -0.177490 -0.223180 -0.250376
-0.196480 0.205107 0.341644 0.086145 -0.072580 -0.079863 -0.098585 0.050349 -0.006801 0.046753
0.126002 -0.018806 -0.129860 0.053143 0.135333 0.099517 0.123506 0.211808 0.217770 0.113549
0.078010 0.132403 0.126265 0.072030 -0.116117 -0.061767 0.099271 0.104153 -0.011779 0.093603
0.156775 0.097503 0.096417 0.025490 -0.033961 -0.060745 0.043873 0.267042 0.189232 -0.010687
-0.093708 0.082518 0.167642 0.146765 0.200935 0.200593 0.183185 0.384328 0.448665 0.327548
-0.027302 -0.198465 -0.152536 -0.123332 -0.164943 -0.127067 -0.144724 0.066862 0.139275 0.094318
0.002727 -0.034418 0.081978 -0.199391 -0.256354 -0.068422 -0.045207 -0.015716 0.193637 0.196572
0.042294 0.005832 0.053263 -0.000634 -0.067817 -0.046748 -0.001121 -0.179302 -0.231409 -0.255193
-0.234534 0.081426 0.244176 0.023188 -0.052212 -0.013547 -0.011932 -0.004835 -0.159532 -0.190259
-0.214526 -0.250387 -0.220356 0.030771 0.183554 0.257252 0.266108 0.296447 0.403937 0.372129
0.188369 0.073822 -0.033818 -0.084336 -0.087842 0.029802 0.259007 0.339551 0.496632 0.609793
0.628056 0.513497 0.630183 0.686610 0.565369 0.499408 0.760906 0.924835 0.463644 0.349999
0.213712 0.145511 0.258184 0.313805 0.370068 0.464984 0.409254 0.563288 0.787268 0.439551
0.024216 0.102621 -0.068697 -0.244885 -0.268332 -0.218539 -0.186992 -0.132661 -0.068907 -0.131099
-0.188717 -0.229719 -0.239529 -0.274418 -0.278361 -0.235053 -0.181971 -0.095210 0.133792 0.108729
-0.069564 -0.087699 -0.045578 -0.062559 -0.054523 -0.011195 -0.029097 -0.122986 -0.201384 -0.246171
-0.237288 0.100021 0.279452 0.017224 -0.095594 -0.132810 -0.170744 -0.237582 -0.277942 -0.246450
-0.149212 -0.115619 -0.085670 0.024508 0.085621 0.141346 0.082891 0.091175 0.114354 0.239268
0.172956 0.108245 0.049578 -0.097583 -0.129589 0.021061 0.127366 0.170825 0.353154 0.421068
0.390072 0.271137 0.125059 0.121502 0.090810 0.185964 0.483518 0.293606 -0.046252 0.008661
0.164888 0.077646 0.216171 0.372079 0.425866 0.284663 0.162734 0.179874 0.221055 -0.069324
-0.109296 0.482174 0.391529 0.096794 0.016889 0.022304 0.044532 0.087217 0.188004 0.135644
0.166396 -0.002340 -0.056177 0.026405 -0.106765 -0.112170 -0.150177 -0.121982 0.170205 0.218580
-0.029876 -0.091104 -0.057985 -0.064169 -0.034606 -0.073669 -0.140120 -0.171652 -0.206942 -0.254167
-0.228391 0.131250 0.233268 -0.112893 -0.252692 -0.275176 -0.275065 -0.252825 -0.207379 -0.262207
-0.084294 -0.027351 0.028747 0.184035 0.184091 0.061561 0.037391 0.052997 -0.146278 -0.111791
-0.137973 -0.146121 -0.157041 -0.226575 -0.271329 -0.029601 0.176990 0.126594 0.071986 0.193765
0.156807 -0.077260 -0.237286 -0.267985 -0.275032 -0.240454 -0.132027 -0.075996 -0.116749 -0.127428
0.064511 0.077408 0.109717 0.226000 0.288193 0.029895 -0.091613 -0.058408 -0.124762 -0.169272
0.012055 0.270716 0.359901 0.444137 0.413006 0.367337 0.394569 0.385190 0.325619 0.362877
0.567444 0.360591 0.148106 0.116658 -0.118043 -0.263329 -0.272749 -0.225261 0.053336 0.225991
-0.002791 -0.047224 -0.036690 -0.128765 -0.133090 -0.174548 -0.198105 -0.244023 -0.226889 -0.257513
-0.228219 0.080629 0.050782 -0.223639 -0.276195 -0.275008 -0.237385 -0.239152 -0.243284 0.101032
0.021926 -0.043251 0.023172 0.090728 0.022347 0.017039 0.037990 -0.036910 -0.113391 -0.088327
-0.040252 0.158332 0.235978 0.120283 -0.118495 0.039425 0.181199 0.187396 0.094523 0.056917
0.065647 -0.058772 -0.052148 0.013890 0.001981 0.154555 0.104043 0.060301 0.052672 -0.113819
-0.116923 0.374403 0.223353 0.154539 -0.048933 -0.248454 -0.265207 -0.273734 -0.246442 -0.216484
-0.274236 -0.278393 -0.277024 -0.201811 -0.077673 0.097425 0.324845 0.320694 0.174500 0.237951
0.281635 0.111637 -0.114313 -0.219713 -0.271461 -0.278425 -0.277788 -0.208105 0.152682 0.301079
-0.075542 -0.090660 -0.089701 -0.100632 -0.109499 -0.115284 -0.126605 -0.187110 -0.181857 -0.226846
-0.238302 0.007893 -0.093981 -0.276798 -0.258808 -0.277149 -0.214464 -0.205025 -0.186580 0.471395
0.551789 0.326967 0.191883 -0.000728 -0.119808 -0.054371 -0.065590 -0.110441 -0.037010 0.017973
-0.047888 0.420228 0.476809 0.245530 0.335146 0.361148 0.446025 0.330464 0.146198 0.049516
-0.014952 -0.037906 -0.049103 0.014773 0.007060 0.206718 0.170619 0.079004 0.158856 -0.037408
-0.129800 0.288653 0.238440 0.019855 -0.270288 -0.237646 -0.225381 -0.132479 -0.054693 -0.076429
-0.150212 -0.182131 -0.225490 -0.278031 -0.274073 -0.213246 -0.037121 0.042920 0.017544 0.024810
-0.010502 -0.106185 -0.233321 -0.257340 -0.183193 -0.221385 -0.257233 -0.264410 -0.021776 0.168141
-0.069632 -0.072317 -0.076279 -0.059537 -0.111059 -0.017045 0.080249 -0.131479 -0.153492 -0.227944
-0.237640 0.141524 0.281445 -0.054024 -0.099624 0.097308 0.001467 -0.103713 -0.145493 -0.021528
0.101146 -0.016695 -0.019093 -0.095560 -0.160593 -0.086984 -0.077903 -0.132904 -0.140601 -0.153264
-0.228562 -0.182313 -0.158402 -0.184081 -0.025374 -0.084291 -0.079521 -0.128249 -0.135715 -0.104909
-0.114650 -0.144350 -0.145694 -0.119070 -0.105686 -0.082621 0.037669 -0.047526 -0.062223 -0.156333
-0.194182 -0.068160 0.160211 0.086121 -0.134377 0.062688 0.273447 -0.257101 -0.278464 0.273040
0.396330 0.120249 0.086016 0.088685 -0.121043 -0.035940 0.092220 0.205899 0.237770 0.113709
0.065506 0.033380 -0.070061 -0.271259 -0.272722 -0.137684 -0.157512 -0.225989 -0.067751 0.254907
0.024881 -0.094542 -0.164425 -0.189786 -0.165317 -0.029816 0.089130 -0.105579 -0.175042 -0.248113
-0.237562 0.180390 0.284202 -0.095465 0.090362 0.373893 0.068427 0.106790 0.132909 -0.121704
-0.246598 -0.256412 -0.222634 -0.200273 -0.208332 -0.181910 -0.136062 -0.196547 -0.234353 -0.238708
-0.259481 -0.265525 -0.256972 -0.255736 -0.236481 -0.244511 -0.221278 -0.139694 -0.117313 -0.080113
-0.095656 -0.131506 -0.095925 -0.022985 -0.027554 -0.036166 0.091544 -0.030897 -0.079523 -0.114928
-0.113601 -0.039397 0.047582 -0.187532 -0.243497 0.747728 0.684061 -0.171240 -0.242427 0.638725
0.772423 0.418143 0.337536 0.311944 0.077567 0.118665 0.201785 0.485675 0.565228 0.262027
0.161118 0.196832 0.037291 -0.259325 -0.276051 0.192390 0.091293 -0.181164 0.079439 0.631889
0.206432 0.008039 -0.015365 0.079374 0.025888 0.087704 0.054067 -0.122554 -0.208997 -0.254800
-0.234895 0.063323 0.081406 -0.160123 -0.144624 -0.006646 -0.083217 0.005629 -0.115748 -0.278457
-0.265997 -0.278103 -0.206751 -0.198583 -0.178765 -0.160444 -0.137003 -0.164382 -0.208926 -0.239859
-0.246764 -0.250118 -0.109428 -0.109938 -0.100760 -0.153194 -0.155304 -0.122875 -0.072668 -0.092090
-0.168078 -0.210324 -0.215154 -0.207657 -0.185444 -0.209743 -0.174598 -0.187842 -0.181109 -0.138099
-0.130124 -0.106491 -0.087346 -0.224858 -0.233115 0.501154 0.579212 0.001805 -0.053979 0.262634
0.309469 0.264430 0.282694 0.355716 0.138073 -0.005693 0.141700 0.624294 0.478150 0.163665
0.073880 0.119987 -0.080527 -0.275843 -0.277507 0.242010 -0.028819 -0.205505 0.072958 0.492999
0.059818 -0.072844 -0.012648 0.117023 0.128194 0.089441 0.027679 -0.167776 -0.225482 -0.257729
-0.229582 0.115019 0.147844 -0.039660 -0.051915 0.006270 -0.111582 -0.193144 -0.271873 -0.191576
-0.190954 -0.274329 -0.157650 -0.155287 -0.113684 -0.184839 -0.227029 -0.207167 -0.182645 -0.235090
-0.138623 -0.136363 0.015012 -0.031374 -0.085346 0.024187 0.034686 -0.015080 -0.024180 -0.092766
-0.126762 -0.113995 -0.142861 -0.122720 -0.154217 -0.181266 -0.202231 -0.213373 -0.174440 -0.101334
-0.047257 -0.021244 0.081762 -0.032979 -0.094823 0.212494 0.540947 0.607554 0.704448 0.831204
0.796120 0.838761 0.817584 0.765212 0.515156 0.467316 0.857503 0.980899 0.454701 0.181300
0.094411 0.175809 0.113023 -0.157872 -0.188440 0.425661 0.017473 -0.179829 0.108796 0.441194
0.044262 -0.038994 0.016588 0.061256 0.058200 0.040670 -0.015749 -0.155884 -0.219991 -0.254299
-0.210441 0.261147 0.365829 0.066689 0.068653 0.056064 -0.086244 -0.084818 -0.253277 -0.254828
-0.253038 -0.198024 -0.002224 -0.034243 -0.047457 -0.159797 -0.212373 -0.161350 -0.116659 -0.156890
-0.186515 -0.022286 -0.013390 -0.107324 -0.166833 -0.022415 -0.022996 -0.090037 -0.110118 -0.154587
-0.198345 -0.193474 -0.166405 -0.155983 -0.235765 -0.199179 -0.238558 -0.249651 -0.237839 -0.212095
-0.172855 -0.148121 -0.128359 -0.201009 -0.240781 -0.147198 0.014639 0.117233 0.107494 0.275632
0.433696 0.568218 0.486435 0.246223 -0.001287 0.168356 0.543073 0.369022 0.182625 0.097872
0.034492 0.012296 -0.081311 -0.250361 -0.276459 -0.101428 -0.057164 -0.146731 0.108668 0.377495
-0.001413 -0.079475 0.003396 -0.023603 -0.011820 -0.023075 -0.085395 -0.216483 -0.245071 -0.266014
-0.212813 0.167099 0.212199 -0.028328 -0.058864 -0.045569 -0.112011 -0.199619 -0.276494 -0.277973
-0.268209 -0.174812 0.145837 0.107073 -0.071543 -0.100664 -0.082500 -0.035283 -0.102711 -0.057535
-0.101756 -0.015933 -0.039501 -0.137858 -0.160630 -0.160711 -0.182174 -0.198059 -0.182480 -0.192306
-0.198322 -0.175553 -0.165080 -0.139558 -0.174648 -0.019135 -0.026891 -0.087804 -0.002041 -0.147233
-0.179495 -0.193351 -0.210327 -0.258301 -0.276118 -0.163029 -0.038330 -0.026917 0.005940 0.032099
0.014952 -0.064301 -0.172812 -0.245924 -0.274294 -0.244213 -0.183395 -0.116604 -0.025353 -0.010066
-0.019981 -0.064699 -0.125879 -0.251735 -0.267822 -0.010361 -0.033648 -0.121010 0.094878 0.303921
-0.078990 -0.132076 -0.109642 -0.103573 -0.089928 -0.065932 -0.141466 -0.231333 -0.245736 -0.263137
-0.244788 0.080841 0.134484 -0.024806 -0.058333 -0.101422 -0.241379 -0.274507 -0.172445 -0.190274
-0.229553 -0.276426 0.000528 -0.083026 -0.233780 -0.222514 -0.165590 -0.206554 -0.215360 -0.166786
-0.089581 -0.178284 -0.198937 -0.175592 -0.197914 -0.225283 -0.226711 -0.239697 -0.249985 -0.229999
-0.268504 -0.254304 -0.250025 -0.221777 -0.157809 -0.189203 -0.174755 -0.192442 0.036640 -0.103978
-0.190873 -0.221127 -0.207657 -0.224233 -0.262727 0.077660 0.151901 0.102893 0.112479 0.043860
-0.097552 -0.152996 -0.252964 -0.277933 -0.275829 -0.278464 -0.261323 -0.170859 -0.121437 -0.161602
-0.210482 -0.211543 -0.156881 -0.264877 -0.260730 0.098560 0.052370 -0.111776 0.097105 0.217079
-0.134720 -0.180986 -0.170671 -0.153818 -0.158052 -0.163933 -0.191579 -0.209625 -0.236956 -0.244255
-0.228223 0.209020 0.362010 0.163894 0.032876 -0.027232 -0.221848 -0.256523 -0.163814 -0.254679
-0.276674 -0.274997 -0.175103 -0.227158 -0.277920 -0.275252 -0.200151 -0.230041 -0.246352 -0.190729
-0.152500 -0.209753 -0.216068 -0.177040 -0.196390 -0.245326 -0.238300 -0.268878 -0.277779 -0.274804
-0.266275 -0.276297 -0.271038 -0.265895 -0.196906 -0.197476 -0.189184 -0.166135 -0.091478 -0.161133
-0.209764 -0.234376 -0.192688 -0.168949 -0.189348 0.158050 0.216277 0.052317 -0.056832 -0.146197
-0.225544 -0.260876 -0.278293 -0.278462 -0.278455 -0.255107 -0.154024 -0.204036 -0.241714 -0.274489
-0.275770 -0.278408 -0.208727 -0.227946 -0.216492 0.185419 0.325053 0.238315 0.373660 0.215108
-0.122618 -0.142492 -0.136084 -0.103240 -0.099100 -0.143026 -0.213503 -0.193097 -0.233366 -0.249877
-0.200252 0.149486 0.471342 0.215395 -0.001145 -0.035537 -0.173806 -0.276031 -0.277717 0.026209
-0.135969 -0.249931 -0.102052 -0.060867 -0.173722 -0.188355 -0.025157 -0.050190 -0.138684 -0.063972
-0.039105 -0.151774 -0.204150 -0.224422 -0.222358 -0.235385 -0.260903 -0.275713 -0.210409 -0.180620
-0.082532 -0.180033 -0.237139 -0.208150 -0.248984 -0.246905 -0.248288 -0.259286 -0.231704 -0.214617
-0.153072 -0.117760 -0.091412 -0.148142 -0.185615 -0.002833 0.074777 -0.132771 -0.207387 -0.229008
-0.230450 -0.206857 -0.206834 -0.047867 -0.098565 0.045928 0.123030 0.026188 0.034928 -0.018040
-0.127375 -0.080013 0.070003 -0.105598 -0.180562 -0.111529 0.024124 0.171031 0.251438 0.012483
-0.130486 -0.099490 -0.068025 0.004182 -0.002670 -0.123383 -0.213816 -0.155041 -0.170401 -0.230083
-0.218721 0.150050 0.398604 0.123797 -0.004301 0.063069 -0.060061 -0.238850 -0.276138 0.311208
0.173361 -0.036629 0.116475 0.135674 0.018277 -0.029737 0.078713 0.043085 -0.044898 -0.067810
-0.045000 -0.152880 -0.188299 -0.201046 -0.207883 -0.201210 -0.217200 -0.264950 -0.262599 -0.277126
-0.259790 -0.277677 -0.015417 0.000779 -0.217243 -0.216482 -0.226923 -0.229817 -0.179644 -0.177063
-0.135549 -0.163678 -0.189956 -0.245293 -0.250752 -0.186213 -0.121448 -0.036848 -0.000756 0.073168
0.568864 0.049431 -0.160558 0.025919 -0.008732 0.231674 0.281900 0.403042 0.528167 0.347818
0.114188 0.220856 0.278910 -0.098449 -0.218822 -0.236986 -0.188093 -0.089640 -0.049467 -0.062503
-0.053113 -0.025529 0.009328 0.004110 -0.045394 -0.115470 -0.155338 -0.127658 -0.122872 -0.222939
-0.234653 0.125017 0.356526 0.105600 -0.034652 -0.011569 -0.104316 -0.253474 -0.262214 -0.166385
-0.035422 0.115796 0.213388 0.217649 0.042623 0.047860 0.004441 -0.087495 -0.141350 -0.154236
-0.096934 -0.185641 -0.214826 -0.230460 -0.222452 -0.203297 -0.136817 -0.030384 -0.154346 -0.236801
1.108648 1.804000 1.077897 0.159540 -0.174543 -0.172564 -0.190922 -0.196141 -0.199973 -0.182309
-0.195721 -0.221993 -0.236338 -0.223507 -0.194834 -0.093297 -0.146555 -0.191157 -0.250685 -0.255817
-0.061418 -0.178822 -0.232867 -0.091106 0.000802 0.255536 0.394854 0.580167 0.532010 0.198683
-0.003510 0.126445 0.149424 -0.081177 -0.232873 -0.261764 -0.234175 -0.163144 -0.090869 -0.102898
-0.074957 -0.055025 -0.026635 -0.062746 -0.094708 -0.142793 -0.192801 -0.184365 -0.181181 -0.248802
-0.227706 0.244962 0.509067 0.220516 -0.041890 -0.054894 -0.139963 -0.251585 -0.272790 -0.137776
-0.105113 -0.116825 -0.072322 -0.133688 -0.141553 -0.012618 -0.031527 -0.089276 -0.138646 -0.084343
-0.067628 -0.157640 -0.191751 -0.210307 -0.206796 -0.160079 -0.162848 -0.131888 -0.088790 -0.094569
2.771288 1.818613 0.212978 -0.154393 -0.020111 -0.099250 -0.138165 -0.185028 -0.229905 -0.248241
-0.270003 -0.275320 -0.276989 -0.265337 -0.248591 -0.197356 -0.255237 -0.278464 -0.244847 -0.207499
-0.229752 -0.257336 -0.275684 -0.224468 -0.139527 0.069840 0.315788 0.315437 0.121099 -0.020381
-0.044611 0.043550 -0.036466 -0.151502 -0.275621 -0.274041 -0.278432 -0.264554 -0.145102 -0.130122
-0.124631 -0.107695 -0.116555 -0.120515 -0.126234 -0.170048 -0.213097 -0.211609 -0.224857 -0.264593
-0.189748 0.396212 0.581078 0.209895 -0.027912 -0.032695 -0.028125 -0.193448 -0.276125 -0.013815
-0.029841 -0.038900 0.051516 -0.086861 -0.158656 -0.097883 -0.062429 -0.082426 -0.147027 -0.142067
-0.145816 -0.124912 -0.145134 -0.215132 -0.229514 -0.225723 -0.200188 -0.198080 -0.210869 -0.181564
1.578400 0.782606 -0.259584 -0.227291 -0.132236 -0.120373 -0.164155 -0.212355 -0.245642 -0.238032
-0.217572 -0.177549 -0.161573 -0.084450 -0.050449 -0.004884 -0.035306 -0.053473 -0.063346 -0.092585
-0.057505 -0.001342 0.015611 0.091640 0.093581 0.179181 0.383538 0.343789 0.149104 0.054171
0.014681 0.009922 -0.028717 -0.061472 -0.220287 -0.210703 -0.169583 -0.163343 -0.050661 -0.028524
-0.100267 -0.108133 -0.132772 -0.120352 -0.140625 -0.185797 -0.227378 -0.228020 -0.213468 -0.261500
-0.224170 0.144119 0.301753 0.025504 -0.016632 -0.065487 -0.177749 -0.273121 -0.265218 -0.178982
-0.133292 -0.059187 0.391266 0.415197 0.227648 0.041509 -0.123397 -0.194886 -0.236896 -0.177577
-0.168207 -0.176903 -0.196283 -0.246665 -0.236054 -0.252843 -0.203369 -0.194326 -0.246860 -0.104880
0.905554 0.377454 -0.229382 -0.204145 -0.147955 -0.196667 -0.242903 -0.250606 -0.236295 -0.195929
-0.169038 -0.193733 -0.123560 -0.084775 0.013072 0.042018 0.012284 -0.050121 -0.113350 0.211566
0.248666 0.371207 0.301235 0.362619 0.454247 0.406561 0.433371 0.380281 0.185026 0.116001
0.116640 0.089324 -0.112279 -0.267990 -0.275140 -0.275232 -0.236383 -0.108631 0.040275 0.057627
-0.102330 -0.141920 -0.167232 -0.148012 -0.155715 -0.216974 -0.255121 -0.260949 -0.217998 -0.263568
-0.209309 0.277694 0.545966 0.140053 0.048378 -0.050051 -0.107214 -0.232576 -0.265778 -0.002159
-0.024201 -0.158543 -0.158256 -0.135350 -0.207940 -0.262458 -0.278258 -0.271056 -0.267413 -0.239469
-0.057805 -0.160608 -0.167265 -0.207821 -0.208470 -0.242921 -0.238243 -0.208119 -0.132815 -0.167284
-0.242320 -0.221079 -0.182242 -0.197114 -0.224334 -0.263527 -0.278108 -0.276802 -0.261605 -0.239389
-0.213862 -0.195199 -0.179518 -0.138015 -0.150259 -0.137664 -0.101211 -0.196729 -0.251817 0.146657
0.226169 0.270503 0.294603 0.292627 0.261747 0.211305 0.214080 0.216601 0.129133 0.029012
0.032639 -0.016647 -0.125499 -0.276707 -0.264761 -0.277368 -0.277363 -0.232828 0.014009 0.081830
-0.144291 -0.180335 -0.166019 -0.137508 -0.119638 -0.186378 -0.224995 -0.215257 -0.069194 -0.205492
-0.198837 0.255036 0.446604 0.133668 -0.044263 -0.101908 -0.130053 -0.245175 -0.270124 -0.088063
-0.040906 -0.204546 -0.277435 -0.242256 -0.190075 -0.160304 -0.157100 -0.188712 -0.201140 -0.278351
-0.136834 -0.162822 -0.229814 -0.226881 -0.237776 -0.265012 -0.262968 -0.252935 -0.224970 -0.172706
-0.193041 -0.238943 -0.235150 -0.235793 -0.258700 -0.276946 -0.268230 -0.272204 -0.275915 -0.265338
-0.260672 -0.236982 -0.246861 -0.242113 -0.238438 -0.203965 -0.170129 -0.215099 -0.190302 0.178715
0.236776 0.237604 0.391698 0.322609 0.099453 0.011087 -0.036023 -0.021572 -0.040598 -0.107879
-0.109724 -0.218506 -0.277786 -0.228695 -0.226364 -0.244495 -0.257620 -0.241788 -0.051754 -0.017127
-0.223597 -0.237233 -0.200693 -0.190539 -0.186560 -0.173584 -0.178601 -0.191720 0.110568 -0.138054
-0.210395 0.213496 0.252539 -0.030524 -0.137167 -0.172507 -0.208653 -0.258932 -0.278459 -0.071215
0.162708 0.179527 -0.017017 -0.171660 -0.181547 -0.203756 -0.166653 -0.084874 -0.204619 -0.215772
-0.060607 0.030620 -0.128546 -0.178485 -0.217666 -0.255371 -0.266628 -0.270574 -0.260523 -0.269270
-0.259443 -0.255102 -0.251449 -0.251751 -0.253665 -0.271685 -0.267136 -0.245784 -0.224748 -0.217780
-0.223418 -0.209481 -0.175387 -0.173320 -0.153571 -0.077975 -0.079837 -0.184439 -0.161747 0.110642
0.173736 0.118704 0.120061 0.004448 0.029996 0.023708 -0.036974 -0.023065 0.108931 0.104389
0.057012 -0.037421 -0.094874 -0.222229 -0.233281 0.023659 -0.110933 -0.156500 0.010043 0.048850
-0.147551 -0.186019 -0.116788 -0.137570 -0.111831 -0.121593 -0.155914 -0.201420 -0.103361 -0.222029
-0.205987 0.214279 0.217578 -0.032351 -0.115313 -0.063582 -0.108265 -0.216987 -0.268121 0.073599
0.248142 0.360212 0.214173 0.186304 0.419419 0.207716 0.056886 0.106155 -0.114212 -0.165914
0.066402 0.114547 -0.144705 -0.172139 -0.222542 -0.266507 -0.271624 -0.275278 -0.265391 -0.260335
-0.268488 -0.258691 -0.253753 -0.243171 -0.194028 -0.141886 -0.234909 0.099652 -0.112480 -0.213776
-0.199562 -0.197356 -0.193903 -0.154656 -0.134373 -0.023287 0.024900 -0.073532 -0.160796 0.206032
0.258580 0.036533 -0.039794 -0.037269 0.047765 -0.018156 -0.089874 -0.050633 0.142286 0.187631
0.090898 -0.021185 -0.102644 -0.228581 -0.249328 -0.097488 -0.049629 -0.114272 0.107485 0.344883
0.035299 -0.048896 0.016412 -0.062489 -0.078843 -0.104718 -0.138104 -0.214497 -0.219956 -0.262732
-0.203002 0.255960 0.418036 0.148132 -0.046605 -0.048557 -0.036319 -0.240939 -0.246427 0.719049
0.658684 0.375704 0.094478 -0.075603 -0.111088 -0.178045 -0.207291 -0.209082 -0.266372 -0.217709
0.024262 0.024551 -0.171031 -0.197774 -0.212123 -0.209677 -0.208904 -0.224386 -0.221885 -0.224515
-0.229890 -0.217427 -0.229424 -0.219828 -0.230267 -0.250234 -0.254977 -0.215840 -0.204115 -0.211562
-0.210097 -0.207614 -0.183906 -0.149597 -0.106430 -0.076962 -0.072679 -0.103646 -0.164434 0.030181
0.126971 0.086544 -0.034765 -0.069879 -0.107392 -0.137426 -0.057456 0.087313 0.158692 0.183726
0.118236 0.026134 -0.047156 -0.188637 -0.153983 0.196505 0.104851 -0.114040 0.100205 0.302714
-0.026939 -0.098257 -0.075917 -0.122610 -0.122784 -0.099267 -0.128366 -0.201678 -0.222804 -0.266208
-0.204395 0.247442 0.541616 0.208601 0.020486 0.030464 0.125093 -0.139369 -0.144731 1.018891
1.083318 0.976168 0.869080 0.781004 0.696446 0.659566 0.287431 -0.064875 -0.239114 -0.228483
-0.037406 0.022652 -0.149879 -0.193966 -0.213101 -0.179964 -0.177582 -0.183648 -0.191365 -0.232999
-0.223649 -0.220205 -0.227025 -0.213076 -0.236340 -0.265262 -0.276868 -0.274503 -0.227604 -0.179120
-0.143146 -0.096789 -0.091037 -0.107695 -0.058057 -0.054682 -0.093069 -0.113279 -0.154478 -0.088271
-0.067290 -0.052297 -0.141340 -0.173888 -0.220045 -0.226433 -0.161046 -0.100372 -0.090970 -0.058750
-0.011169 0.025168 0.077829 -0.061512 -0.018037 0.240165 0.287935 0.070050 0.303267 0.331532
-0.039173 -0.115873 -0.108388 -0.143414 -0.129139 -0.155607 -0.172510 -0.199793 -0.255038 -0.268158
-0.222410 0.176527 0.391216 0.069189 0.001550 0.024085 -0.013958 -0.130699 -0.228804 0.210382
0.627411 0.467669 0.211407 0.037345 -0.256056 -0.258119 -0.265065 -0.274391 -0.270410 -0.265065
-0.059719 0.072292 -0.147985 -0.173538 -0.196733 -0.179517 -0.182559 -0.180621 -0.187239 -0.235717
-0.229200 -0.221822 -0.227172 -0.253083 -0.268978 -0.277338 -0.274275 -0.258018 -0.193196 -0.193172
-0.142193 -0.082851 -0.074659 -0.096354 -0.108266 -0.069867 -0.121639 -0.150623 -0.145728 -0.030730
-0.007250 -0.036454 -0.017639 0.041395 0.023468 0.027343 0.006066 -0.045500 -0.084302 -0.058637
0.011793 0.031211 0.013161 -0.182280 -0.247373 -0.201699 -0.114011 -0.015382 0.155673 0.075855
-0.138180 -0.148497 -0.159687 -0.146787 -0.187289 -0.174477 -0.196384 -0.256397 -0.268253 -0.263490
-0.234651 0.145201 0.278177 0.029827 -0.070002 -0.058945 -0.104609 -0.126418 -0.193045 -0.069197
0.046454 -0.005961 -0.155514 -0.229056 -0.277355 -0.269837 -0.272792 -0.144002 -0.142632 -0.257835
-0.155043 0.043862 -0.165259 -0.190305 -0.193231 -0.198836 -0.207804 -0.244344 -0.260000 -0.275348
-0.259435 -0.258534 -0.270582 -0.276485 -0.275798 -0.266763 -0.214935 -0.226291 -0.226807 -0.214941
-0.198540 -0.162090 -0.158545 -0.133188 -0.127640 -0.085063 -0.114361 -0.159291 -0.163823 -0.040400
0.057382 0.111966 0.097209 0.191382 0.407097 0.359601 0.214368 0.109766 0.079361 0.084504
0.039812 -0.055915 -0.156723 -0.241982 -0.273032 -0.259471 -0.237942 -0.167469 -0.083389 -0.127480
-0.192239 -0.206920 -0.229607 -0.257738 -0.268463 -0.247961 -0.213468 -0.221371 -0.220126 -0.189595
-0.232898 0.126096 0.337825 0.053596 -0.094529 -0.085223 -0.041165 -0.027545 0.007659 0.117965
0.239884 0.284445 0.126539 0.035356 0.164332 0.151186 0.093247 0.054256 -0.084900 -0.274915
-0.245443 -0.120562 -0.273063 -0.277869 -0.278340 -0.278389 -0.278401 -0.264807 -0.218718 -0.192322
-0.202917 -0.207128 -0.216264 -0.200405 -0.208380 -0.246611 -0.271660 -0.255641 -0.273266 -0.248214
-0.241583 -0.198767 -0.195325 -0.170562 -0.169243 -0.162780 -0.155435 -0.187828 -0.211132 -0.095948
0.014644 -0.008252 -0.053985 -0.009310 0.043263 -0.025939 -0.192291 -0.197035 -0.151503 -0.088173
-0.031832 -0.032747 -0.030447 -0.150593 -0.216016 -0.235450 -0.244134 -0.173894 -0.053613 -0.105619
-0.214059 -0.234525 -0.260620 -0.270710 -0.251407 -0.205626 -0.176240 -0.244295 -0.265750 -0.238989
-0.225220 0.237472 0.475719 0.185338 -0.011535 -0.003024 0.063674 0.129327 0.217580 0.278814
0.298600 0.245381 0.211874 0.288053 0.363231 0.413929 0.935510 1.453387 1.234534 0.562523
0.248435 -0.203688 -0.262493 -0.245770 -0.214202 -0.203455 -0.199299 -0.159620 -0.111915 -0.124259
-0.133959 -0.153773 -0.203172 -0.226535 -0.215271 -0.273194 -0.267334 -0.276738 -0.278254 -0.276045
-0.273371 -0.252778 -0.234242 -0.227992 -0.247440 -0.258834 -0.260955 -0.273850 -0.278357 -0.239205
-0.154033 -0.151201 -0.113754 -0.102278 -0.074914 -0.098009 -0.216184 -0.152518 -0.077756 -0.001994
0.082581 0.130512 0.067801 -0.178994 -0.272808 -0.277543 -0.272760 -0.245709 -0.174204 -0.230515
-0.278462 -0.277991 -0.278172 -0.274218 -0.235857 -0.175209 -0.128716 -0.203756 -0.256624 -0.258962
-0.228284 0.297436 0.422660 0.192019 0.032534 -0.015849 -0.068929 -0.114306 -0.112743 -0.049627
-0.035384 -0.098645 -0.122821 -0.025598 -0.040772 -0.162889 -0.126619 0.042887 0.181332 0.406896
0.251806 -0.147215 -0.146476 -0.148343 -0.208472 -0.167580 -0.079555 -0.144209 -0.161198 0.019730
0.077827 0.125616 0.214799 0.107411 -0.067883 -0.000228 0.017444 -0.040611 -0.095396 -0.109116
-0.094763 -0.090557 -0.105648 -0.151086 -0.199807 -0.209497 -0.193781 -0.223236 -0.242162 -0.120716
0.022441 0.032212 0.012354 -0.072579 -0.113990 -0.145661 -0.134453 -0.038969 0.050755 0.102232
0.174468 0.173793 -0.041690 -0.256074 -0.277609 -0.271002 -0.223508 -0.155718 -0.037863 -0.057054
-0.206473 -0.125656 0.124541 0.116297 0.065574 -0.066496 -0.136454 -0.240833 -0.270605 -0.268157
-0.270638 0.137974 0.345110 -0.080575 -0.133002 -0.120960 -0.134368 -0.182161 -0.260225 -0.269991
-0.240952 -0.239636 -0.277172 -0.260782 -0.216764 -0.249107 -0.147558 -0.033976 -0.066387 -0.007104
-0.104031 0.168876 0.255023 0.047339 -0.105740 0.000375 0.182969 0.158991 0.170030 0.466537
0.535583 0.560307 0.653772 0.511636 0.320709 0.294467 0.434772 0.357575 0.043631 -0.046180
-0.057895 -0.051030 -0.108350 -0.158501 -0.186985 -0.156723 -0.089445 -0.176414 -0.157342 0.102068
0.298306 0.178418 -0.033851 -0.080803 -0.048930 -0.066784 0.031577 0.179341 0.301383 0.339097
0.344940 0.123266 -0.147572 -0.277772 -0.270217 -0.266327 -0.222875 -0.139168 0.071605 -0.020076
-0.155161 -0.047976 0.039974 -0.036970 -0.088885 -0.132036 -0.102114 -0.091793 -0.169000 -0.175817
-0.260296 -0.265245 -0.183926 -0.144224 -0.239308 -0.213840 -0.229346 -0.260459 -0.278357 -0.263895
-0.274045 -0.216595 -0.251996 -0.240996 -0.214199 -0.265660 -0.183117 -0.035594 -0.010751 -0.091056
-0.144484 0.214931 0.334539 0.179304 -0.017969 -0.008922 0.157468 0.022232 -0.019331 0.268901
0.415218 0.559862 0.268632 -0.192034 -0.275221 -0.268514 -0.249356 -0.260283 -0.273153 -0.272932
-0.266585 -0.237764 -0.222156 -0.221139 -0.208092 -0.158578 -0.093114 -0.180407 -0.148827 0.090462
0.164308 -0.000483 -0.181217 -0.168708 -0.049868 -0.047654 -0.034150 0.183977 0.368998 0.375080
0.236762 -0.086788 -0.256889 -0.278106 -0.278355 -0.247089 -0.196542 -0.119520 0.070980 0.031742
-0.104042 -0.089991 -0.052335 -0.088398 -0.110766 -0.066122 -0.022368 -0.105172 -0.197051 -0.247968
-0.112227 -0.105762 -0.267839 -0.009343 -0.198096 -0.278081 -0.268711 -0.218055 -0.140278 -0.209378
-0.241902 -0.178337 -0.274373 -0.255268 -0.275244 -0.274229 -0.263291 -0.118816 0.029326 -0.002128
0.042349 0.463338 0.539921 0.417163 0.608484 0.535868 0.647720 0.499185 0.291889 0.564399
0.735856 0.471963 -0.192625 -0.246592 -0.228423 -0.224696 -0.204095 -0.191165 -0.201145 -0.214807
-0.230574 -0.256137 -0.268616 -0.277733 -0.223442 -0.185881 -0.123237 -0.128030 -0.052303 0.196613
0.219875 0.000030 -0.200432 -0.175193 -0.038552 0.024823 0.036395 0.170353 0.322716 0.278162
0.186414 -0.011751 -0.204611 -0.263127 -0.256271 -0.192628 -0.126902 -0.083180 0.130368 0.251163
-0.044993 -0.100578 -0.050440 -0.193878 -0.216967 -0.171277 -0.137863 -0.179258 -0.218423 -0.274360
-0.143443 0.000997 0.206585 0.118132 -0.030737 -0.240298 -0.253535 -0.268662 0.034664 0.222040
0.221549 0.306034 0.359177 -0.005394 0.590326 0.318136 -0.041255 -0.110347 -0.009095 0.065277
0.006643 0.165029 0.136882 -0.021156 0.103675 0.234239 0.340711 0.329518 0.232482 0.281379
0.265871 -0.087981 -0.276601 -0.273616 -0.229650 -0.132368 -0.068488 -0.052112 -0.136266 -0.132367
-0.094145 -0.087313 -0.107478 -0.101537 0.003217 -0.019462 -0.011141 -0.079018 -0.129316 -0.043570
-0.036966 -0.145331 -0.224142 -0.155936 -0.025022 0.124612 0.142745 0.194239 0.229747 0.185686
0.100363 -0.119667 -0.243038 -0.258661 -0.237959 -0.278362 -0.276552 -0.241572 0.014290 0.111659
-0.115234 -0.121939 -0.134104 -0.245587 -0.225154 -0.064386 0.057887 -0.141894 -0.227759 -0.271209
-0.107045 0.968754 0.220954 0.055878 0.244683 0.256871 -0.221334 -0.272775 -0.172764 -0.250683
-0.074710 0.191013 0.000273 -0.168685 -0.197329 0.012563 -0.090969 -0.022061 0.028589 0.131915
0.122488 -0.027599 -0.101722 -0.175014 -0.192556 -0.048646 0.061588 0.016870 0.085148 0.009883
-0.144731 -0.270762 -0.275254 -0.185849 -0.008780 0.133898 0.269446 0.147375 -0.076522 -0.048732
0.008815 -0.059816 -0.089694 -0.143432 -0.095219 -0.112869 -0.140692 -0.174795 -0.206121 -0.163714
-0.162607 -0.214836 -0.235656 -0.212182 -0.143804 -0.018033 0.005321 -0.026046 -0.062801 -0.103345
-0.138906 -0.179172 -0.220043 -0.276900 -0.277734 -0.152683 -0.191782 -0.149008 0.023148 0.142173
-0.006130 -0.112669 -0.194060 -0.197583 -0.219838 -0.185750 0.096274 0.052126 -0.199288 -0.217783
-0.273116 0.488456 -0.087405 -0.163398 -0.108899 -0.258610 -0.266194 -0.278437 0.327283 -0.199030
-0.130180 -0.066484 -0.101208 -0.200514 -0.150803 0.171738 0.065019 -0.084150 0.058613 0.199277
0.139970 -0.027978 -0.022531 -0.040927 -0.053399 0.293473 0.400063 0.252172 0.258115 0.092001
-0.060922 -0.216851 -0.212195 0.263619 0.236605 0.108250 0.148694 0.218228 0.091960 0.073481
0.065147 -0.067481 -0.149893 -0.157855 -0.097663 -0.059325 -0.072527 -0.111759 -0.133915 -0.126107
-0.151728 -0.226485 -0.266656 -0.244674 -0.207496 -0.120253 0.022637 0.058990 0.018159 -0.046043
-0.028360 -0.086613 -0.131632 -0.182471 -0.038957 0.448083 0.156446 -0.089748 -0.026115 0.181734
-0.075175 -0.134780 -0.100768 -0.047706 -0.112763 -0.111223 -0.056958 -0.176168 -0.257182 -0.270939
-0.195799 0.377322 -0.187439 -0.156564 -0.121880 -0.183686 -0.245505 -0.159168 -0.054912 -0.234465
-0.257358 -0.201018 -0.149298 -0.104062 0.123429 -0.107457 -0.040927 -0.032409 0.295403 0.122393
-0.155860 -0.165630 -0.083278 0.047461 0.050194 0.345463 0.605323 0.463150 0.394773 0.172007
0.063599 -0.083441 0.054045 0.736760 0.792581 0.874812 0.810194 0.975921 1.049937 0.885653
0.869996 0.658797 0.353844 0.220190 0.202920 0.208950 0.169134 0.132559 0.179065 0.272875
0.280103 -0.081996 -0.243964 -0.185257 -0.175262 -0.115575 0.043494 0.014720 -0.133848 -0.231990
-0.237666 -0.229870 -0.231973 -0.237355 -0.010907 0.233961 0.020066 -0.002402 0.322887 0.381365
-0.038023 -0.133282 -0.144582 -0.160458 -0.100471 -0.091093 -0.230719 -0.278300 -0.277438 -0.276871
-0.242735 0.320282 -0.151835 -0.194031 -0.058484 -0.218851 -0.022960 -0.205419 -0.019995 0.029700
-0.130794 -0.183647 -0.254820 -0.275155 -0.146704 -0.244525 -0.273452 -0.212878 -0.156637 -0.230637
-0.277470 -0.213082 -0.148058 -0.091766 -0.068033 0.075038 0.206306 0.067727 -0.031787 -0.215934
-0.259844 -0.275323 -0.278462 -0.144638 0.127654 0.323743 0.227709 0.014520 -0.088945 0.010883
0.011131 -0.103584 -0.158298 -0.122193 -0.034515 0.040820 -0.022554 -0.126676 -0.216901 -0.257881
-0.276920 -0.250242 -0.247172 -0.254458 -0.107434 0.016766 0.237890 0.244364 -0.002790 -0.134418
-0.136372 -0.151183 -0.192118 -0.243238 -0.222640 -0.187377 -0.150649 -0.002668 0.268194 0.264721
0.044172 -0.070060 -0.125002 -0.172884 -0.249328 -0.260593 -0.249178 -0.217559 -0.081213 -0.210201
-0.189958 -0.227409 -0.275678 -0.265253 -0.172595 -0.101209 -0.042603 -0.268986 -0.222996 -0.177595
-0.244498 -0.190194 -0.211113 -0.078093 -0.059279 -0.210595 -0.259416 -0.246353 -0.236418 -0.228838
-0.076780 -0.123634 -0.198611 -0.183102 -0.146636 -0.110374 -0.110023 -0.202660 -0.274918 -0.260110
-0.256869 -0.238855 -0.262598 -0.264850 -0.245042 -0.248192 -0.256356 -0.277552 -0.256392 -0.269935
-0.278335 -0.275853 -0.271952 -0.229826 -0.148078 -0.034757 -0.072277 -0.192169 -0.258433 -0.274460
-0.258747 -0.254656 -0.273185 -0.132550 -0.063144 -0.045144 0.100886 0.012498 -0.114228 -0.110486
-0.017429 -0.055573 -0.119251 -0.166120 -0.232542 -0.201472 -0.169478 -0.115794 -0.004071 -0.054291
-0.231066 -0.254450 -0.258527 -0.259290 -0.210402 -0.205968 -0.168916 -0.247703 -0.254885 -0.273254
-0.145786 0.051279 -0.077882 -0.167568 -0.241302 -0.189239 -0.225714 -0.033289 -0.106958 -0.086694
-0.093118 -0.076055 -0.027891 0.228944 -0.146361 -0.258421 -0.270280 -0.274836 -0.216595 -0.277813
0.154039 0.143144 -0.113140 -0.180543 -0.149349 -0.099007 0.012375 -0.074422 -0.197869 -0.078925
0.192900 0.150358 0.194051 0.300154 0.190640 0.176459 0.115288 -0.010941 -0.131153 -0.181561
-0.161951 -0.149202 -0.168024 -0.098763 -0.035645 -0.000898 -0.058212 -0.103382 -0.087007 -0.079016
0.055223 0.126955 0.118332 0.189815 0.232454 0.173521 0.215958 0.098078 0.002629 0.000865
-0.034812 -0.139712 -0.173712 -0.090400 -0.103282 -0.090663 -0.113153 -0.182945 -0.155924 -0.179562
-0.237808 -0.186008 -0.128466 -0.106511 -0.097855 -0.263856 -0.278116 -0.233601 -0.276203 -0.276696
-0.077234 0.054269 0.110414 0.035831 -0.222289 -0.250961 -0.088131 -0.205954 -0.060787 -0.096909
-0.068286 -0.181650 -0.272180 -0.251284 -0.278134 -0.264175 -0.099483 -0.203981 -0.160790 -0.182454
-0.257976 -0.158743 0.019949 0.001462 0.035164 -0.123081 -0.175972 -0.234773 -0.249812 -0.117064
0.295988 0.449681 0.419301 0.603698 0.705661 0.561371 0.374292 0.431777 0.506107 0.486673
0.535472 0.600936 0.732343 0.768340 0.616965 0.761763 0.873433 0.808710 0.721469 0.635616
0.742812 0.599571 0.701712 1.038857 1.075806 0.981036 0.871919 0.725546 0.646127 0.640593
0.426002 0.330373 0.302870 0.342992 0.296467 0.453062 0.086468 -0.096170 -0.032768 -0.152994
-0.259408 -0.238952 -0.240781 -0.215433 -0.109151 -0.194625 -0.239025 0.448680 0.797990 0.035483
-0.152957 -0.064743 0.025468 -0.153642 -0.179467 -0.161899 -0.039293 -0.080794 -0.009894 -0.177586
-0.198768 -0.204394 -0.227694 -0.256263 -0.181850 -0.048710 -0.205110 -0.216966 -0.164867 0.144710
-0.188242 -0.091170 -0.158852 -0.018578 -0.036124 -0.036111 -0.078685 -0.216511 -0.207841 -0.219791
-0.193202 -0.128562 -0.103961 -0.072961 0.053338 0.010980 -0.032938 0.030687 0.148017 0.248180
0.348817 0.312549 0.362248 0.320222 0.350052 0.313360 0.153663 0.057116 -0.001778 0.039184
0.192043 0.120815 0.082642 0.250709 0.419532 0.537617 0.493305 0.308831 0.150611 0.143197
0.050125 -0.000656 -0.027529 -0.088956 -0.088416 0.094944 0.011195 -0.087742 -0.047105 0.027013
-0.072291 -0.105730 -0.115462 -0.124054 -0.184927 -0.272203 -0.278460 -0.270989 -0.260432 -0.277233
-0.255987 -0.157476 -0.124131 -0.200103 -0.246094 -0.247995 -0.210913 -0.248228 -0.276883 -0.276524
-0.253224 -0.263188 -0.206007 -0.128993 -0.235525 -0.202276 -0.275174 -0.252560 -0.277631 -0.260629
-0.274034 -0.277959 -0.220993 0.008458 0.058457 0.320214 0.352409 -0.062996 -0.172193 -0.195925
-0.224842 -0.129090 0.160059 0.126692 0.059241 0.100677 0.101069 0.069389 0.034536 0.047061
0.017323 -0.035814 -0.048082 -0.018035 0.128261 0.102340 -0.011368 -0.100085 -0.118872 -0.160345
-0.195447 -0.226604 -0.236410 -0.208778 -0.178677 -0.160814 -0.122895 -0.148574 -0.195907 -0.191937
-0.124028 -0.045173 0.013534 0.002841 -0.027852 -0.145339 -0.265608 -0.214185 -0.082055 -0.137826
-0.118819 -0.144787 -0.158009 -0.106487 -0.169184 -0.235819 -0.218065 -0.114901 -0.046328 -0.275774
-0.221784 -0.109707 -0.066363 -0.063863 -0.215052 -0.234905 -0.239967 -0.260645 -0.270861 -0.276558
-0.274570 -0.234711 -0.259047 -0.238947 -0.160483 -0.226978 -0.224343 -0.259937 -0.278382 -0.245936
-0.274805 -0.278355 -0.204486 0.091128 0.101179 0.076725 0.030530 -0.201399 -0.250602 -0.136436
-0.022388 -0.089045 -0.026475 -0.116215 -0.272662 -0.278451 -0.278259 -0.278009 -0.270625 -0.253864
-0.253397 -0.239681 -0.200864 -0.158334 -0.102288 -0.118227 -0.172560 -0.198737 -0.214458 -0.159660
-0.118355 -0.153609 -0.072646 -0.071976 -0.096567 -0.111469 -0.070658 -0.096462 -0.160755 -0.125289
-0.026883 -0.026073 -0.098857 -0.191647 -0.218962 -0.069961 -0.025659 -0.026992 0.174566 -0.083847
-0.262355 -0.275980 -0.259208 -0.273996 -0.267207 -0.234118 -0.105018 -0.246243 -0.253356 -0.160739
-0.105164 0.109493 -0.027000 -0.028887 -0.020637 -0.052193 -0.201645 -0.269166 -0.267008 -0.271527
-0.238261 -0.195670 0.030961 -0.075229 -0.226687 -0.274162 -0.263848 -0.158068 -0.154251 -0.156766
-0.278430 -0.168781 0.612146 0.530018 0.330432 0.248110 0.293551 0.192962 0.072355 0.453367
0.722832 0.495637 0.360372 0.092853 -0.121040 -0.044415 -0.084859 -0.099055 -0.114665 -0.126520
-0.225009 -0.219885 -0.197598 -0.175452 -0.143649 -0.121992 -0.144320 -0.124692 -0.095327 0.023014
-0.001980 -0.068640 -0.037540 -0.079400 -0.136853 -0.130001 -0.050323 -0.055646 -0.143097 -0.143933
-0.098600 -0.177336 -0.242336 -0.256849 -0.235266 -0.276774 -0.195794 -0.214572 -0.189250 -0.217059
0.013474 0.235582 -0.093189 -0.276661 -0.243141 -0.250325 -0.247446 -0.241500 -0.218886 -0.206062
-0.123009 -0.055944 -0.204450 -0.227744 -0.186975 -0.157940 -0.232292 -0.231698 -0.081567 -0.062235
-0.174311 -0.276713 -0.251981 -0.198703 -0.253190 -0.274844 -0.272327 -0.270021 -0.201104 -0.194931
-0.191930 -0.110896 0.076555 0.233125 -0.033836 -0.176303 -0.216796 -0.203529 -0.225878 -0.232330
-0.201966 -0.175550 -0.210759 -0.272699 -0.278302 -0.251888 -0.223612 -0.214743 -0.103887 -0.009378
-0.163794 -0.108092 -0.087959 -0.115283 -0.099352 -0.166689 -0.201610 -0.241435 -0.229192 -0.200350
-0.149099 -0.160685 -0.159810 -0.155457 -0.129254 -0.090044 -0.155338 -0.209781 -0.225028 -0.151753
-0.138917 -0.141437 -0.223543 -0.272837 -0.277023 -0.181379 -0.188781 -0.250451 -0.276688 -0.258328
-0.233841 -0.215537 -0.150734 -0.277739 -0.239430 -0.192600 0.023718 -0.255715 0.121610 -0.043125
-0.197750 -0.079473 -0.226352 -0.218277 -0.231714 -0.213832 -0.212746 -0.240813 -0.207534 -0.266467
-0.253914 -0.233360 -0.063753 -0.122078 0.093580 0.612833 0.309774 -0.233722 -0.278087 -0.252305
-0.199466 -0.221301 -0.145982 0.072147 -0.004347 -0.145128 -0.222765 -0.232977 -0.238011 -0.265793
-0.273063 -0.277852 -0.278340 -0.262489 -0.270431 -0.256967 -0.259473 -0.261529 -0.077513 -0.087884
-0.071428 -0.079149 -0.112311 -0.165578 -0.195578 -0.257149 -0.267679 -0.213795 -0.247446 -0.277118
-0.257407 -0.213156 -0.127653 -0.072299 -0.057609 -0.149168 -0.210382 -0.257251 -0.262568 -0.265949
-0.277935 -0.243392 -0.077673 -0.185480 0.503207 0.264019 -0.106905 -0.223082 -0.239197 -0.246096
-0.278387 -0.125674 -0.093409 -0.036715 -0.174597 -0.048033 -0.048106 -0.257582 0.325264 -0.215194
-0.269886 -0.223345 -0.095519 -0.055004 -0.227263 -0.158131 -0.090194 -0.109353 0.101560 0.147674
-0.135228 0.125522 0.263862 -0.150124 -0.270947 -0.028804 -0.117261 -0.236351 -0.243956 0.176040
-0.171386 -0.275071 -0.071206 0.166922 0.112044 -0.043398 -0.183010 -0.226961 -0.225374 -0.267729
-0.273099 -0.260099 -0.220760 -0.228518 -0.249104 -0.277351 -0.211884 -0.268893 0.248786 -0.122314
-0.253061 -0.264633 -0.277876 -0.273313 -0.270166 -0.278181 -0.119048 0.188491 0.478397 0.071163
-0.182055 -0.189603 -0.234442 -0.218394 -0.216171 -0.229375 -0.277939 -0.275240 -0.277815 -0.243377
-0.224709 -0.257817 -0.273602 -0.268290 -0.162417 0.142176 0.230824 0.252735 0.332131 1.034448
0.306254 -0.112491 -0.240815 -0.186332 -0.227051 -0.220144 -0.214734 -0.148101 -0.175305 -0.267973
-0.217948 -0.070184 -0.109520 -0.030296 -0.179712 -0.241143 -0.125316 -0.108465 -0.184758 -0.215789
-0.189678 -0.089512 0.055213 0.030572 0.193162 -0.015139 -0.278408 -0.272060 -0.274172 -0.260557
-0.231566 -0.254375 0.015286 -0.033170 -0.125854 -0.179468 -0.253476 -0.251921 -0.200262 -0.185438
-0.115562 0.053228 0.109175 0.004371 -0.147028 -0.131705 0.197216 0.010300 -0.009399 0.050999
-0.154779 -0.209885 -0.234677 -0.176415 -0.117665 -0.132389 -0.084698 -0.220743 -0.123189 -0.058783
-0.098593 0.031028 -0.102330 -0.175557 -0.245938 -0.267244 -0.258605 -0.206452 -0.139981 0.328762
-0.010341 -0.185363 -0.219216 -0.081714 0.020596 -0.010257 -0.192012 -0.146160 -0.161233 -0.199559
-0.193467 -0.214353 -0.138954 0.014782 0.036974 -0.028505 -0.116032 -0.142598 -0.154078 -0.170791
-0.032693 0.380055 0.287920 0.555200 0.135000 0.029789 0.203673 0.006939 -0.139450 -0.152109
-0.160439 -0.214731 -0.212198 -0.158898 -0.131891 -0.064996 -0.171103 0.102344 -0.194639 -0.258630
-0.254543 -0.245694 -0.176882 -0.233360 -0.208948 -0.151534 -0.161133 -0.076622 -0.051559 -0.009630
0.016138 -0.107437 -0.193247 -0.174427 -0.154570 -0.180710 0.331513 -0.117642 -0.185279 -0.062402
-0.183835 0.012047 0.099512 -0.238816 -0.278308 -0.278255 -0.248060 -0.278456 -0.164170 0.031113
-0.184250 -0.159817 -0.120379 -0.224126 -0.237674 -0.199515 -0.013461 -0.063966 -0.203498 -0.199458
-0.203736 -0.205623 -0.109438 0.340918 -0.041831 -0.031939 -0.189166 -0.202522 -0.208292 -0.104997
-0.143018 -0.109194 -0.196728 0.105542 -0.044846 0.059617 -0.019932 -0.173789 -0.270834 -0.278462
-0.005175 0.094494 0.043186 0.074992 0.111770 0.368718 0.121581 -0.107816 -0.143609 -0.126016
-0.106405 -0.079198 -0.143175 -0.186213 -0.239016 -0.252725 -0.194323 -0.218073 -0.276854 -0.278420
0.095335 -0.262379 -0.076572 0.028408 0.245354 0.198506 -0.085127 -0.157136 -0.196373 -0.219099
-0.248417 -0.278426 -0.276791 -0.263095 -0.163476 -0.102215 0.077745 -0.051240 -0.161507 -0.012556
-0.209833 -0.271117 -0.189042 -0.191174 -0.171595 0.019925 0.182283 -0.250216 0.126804 -0.222516
-0.274282 -0.278073 -0.143381 -0.145941 -0.247749 -0.274837 -0.263913 -0.106997 -0.018069 -0.235646
-0.273252 -0.271399 -0.124780 0.191515 0.042200 -0.108847 -0.147276 -0.160405 -0.252340 -0.255792
-0.181027 -0.130454 -0.231761 -0.224881 -0.166169 -0.206047 -0.197185 -0.206108 -0.260684 -0.277099
-0.093959 0.086930 -0.090929 -0.069716 -0.051777 -0.153420 -0.240317 -0.239485 -0.160450 -0.123250
-0.214174 -0.183620 -0.081109 -0.172409 -0.271649 -0.277119 -0.239243 -0.187484 -0.264627 -0.262154
-0.132056 -0.246976 -0.262524 -0.169349 -0.216549 -0.246323 -0.239941 -0.040338 0.103100 -0.216401
-0.214567 -0.267379 -0.268494 -0.274595 -0.278459 -0.275735 -0.261545 -0.241432 -0.252812 -0.174638
-0.129467 -0.075896 0.040760 0.406890 -0.109738 -0.094791 -0.109455 -0.195089 -0.196537 -0.177822
-0.276201 -0.263351 -0.223629 -0.211609 -0.209078 -0.249532 -0.277500 -0.187582 -0.168958 -0.146960
-0.092868 -0.214179 -0.217465 -0.244217 -0.044572 -0.216079 -0.119220 0.010611 0.073222 -0.083712
-0.033818 -0.087769 -0.156469 -0.107782 -0.202088 -0.169844 -0.123064 -0.013038 -0.053889 -0.206840
-0.175474 -0.089938 -0.197451 -0.244054 -0.219995 -0.247758 -0.272498 -0.244215 -0.221821 -0.217702
-0.249942 -0.245110 -0.160431 -0.225872 -0.278462 -0.278089 -0.265548 -0.047646 -0.147480 -0.254174
-0.156731 -0.130556 -0.096600 -0.204211 -0.218279 -0.278315 -0.276547 -0.187052 -0.175183 -0.260074
-0.212913 -0.244763 -0.272626 -0.261804 -0.270386 -0.240603 -0.173207 -0.226090 -0.226198 -0.209271
-0.181327 -0.150894 -0.233464 -0.144451 -0.202724 -0.275342 -0.232083 -0.260097 -0.277404 -0.274364
-0.078143 -0.089919 0.239205 -0.063803 -0.232172 -0.272347 -0.278298 -0.021928 -0.205341 -0.275644
-0.232407 -0.191673 -0.181369 -0.275656 -0.277231 -0.237844 -0.233217 -0.181096 -0.146399 -0.201748
-0.225744 -0.238708 -0.253727 -0.258027 -0.233824 -0.171138 -0.224821 -0.237858 -0.225038 -0.267511
-0.096506 0.039602 -0.206590 -0.269710 -0.215900 -0.099843 -0.026790 -0.088400 -0.041589 -0.031212
0.022905 0.063944 -0.020685 0.079321 0.027307 -0.155553 -0.204267 -0.268871 0.010287 -0.175485
-0.249868 -0.268707 -0.134653 -0.001960 0.268506 0.104333 -0.080555 -0.142584 0.021042 -0.067104
-0.152630 0.198253 0.103419 -0.193726 -0.276192 -0.083086 -0.172004 -0.255042 -0.275329 -0.269166
-0.264317 -0.207656 -0.141792 -0.117155 -0.074821 -0.064149 0.009608 0.116029 0.125488 -0.263100
-0.265194 -0.185630 -0.045917 -0.109363 -0.250935 -0.246264 -0.260755 0.028740 0.099172 0.098670
-0.184813 -0.215063 -0.255795 -0.248863 -0.275589 -0.246744 -0.172450 -0.129230 -0.161081 -0.179245
-0.168469 -0.074516 -0.009651 0.059892 0.350839 0.148869 -0.117764 -0.060921 -0.218830 -0.273815
-0.182718 -0.049021 -0.122336 -0.216507 -0.197752 -0.090584 -0.015035 -0.063527 -0.013726 -0.053491
-0.030083 -0.052776 -0.139772 0.025329 0.087967 -0.068577 -0.132488 -0.198912 -0.055686 -0.094815
-0.261638 -0.270598 -0.179814 -0.234305 -0.238211 -0.220089 -0.184012 -0.006465 -0.241453 -0.270687
-0.196858 0.294275 0.123622 -0.126038 -0.276176 -0.215521 -0.267562 -0.193750 -0.022912 -0.065508
-0.146676 -0.199321 -0.237806 -0.234972 -0.235408 -0.247256 -0.277143 -0.059463 -0.142294 -0.264577
-0.273779 -0.276818 -0.261148 -0.038851 0.628656 -0.102803 -0.237194 -0.235698 -0.232207 -0.211607
-0.228499 -0.245586 -0.241828 -0.273401 -0.245656 -0.198717 -0.037012 -0.131228 -0.130347 -0.231127
-0.223632 -0.278463 -0.277815 -0.110328 0.135385 -0.036400 0.000678 0.130090 -0.055085 -0.167641
-0.219218 -0.117960 -0.101573 -0.204778 -0.259979 -0.062833 -0.049318 -0.121662 -0.078300 -0.025085
-0.081748 -0.172408 -0.185855 -0.078433 0.041678 0.011283 -0.098383 -0.187967 -0.160954 -0.129369
-0.237342 -0.114776 0.054210 0.041703 -0.252946 -0.197870 -0.168306 -0.249144 -0.278374 -0.259246
-0.201275 -0.002002 -0.103025 0.035153 -0.085569 -0.042546 -0.070780 -0.235576 -0.220367 -0.150229
-0.194731 -0.245257 -0.277163 -0.265142 -0.237319 -0.175950 -0.171400 -0.091296 0.034977 -0.185089
-0.261896 -0.277795 -0.276723 -0.278457 -0.058942 0.004270 -0.061857 -0.229312 -0.261825 -0.200437
-0.228348 -0.160908 -0.122406 -0.158784 -0.099472 -0.138274 -0.213342 -0.259372 -0.247226 -0.096005
0.024651 -0.038336 -0.016044 -0.142735 -0.094995 -0.093211 -0.161828 -0.149628 -0.159529 -0.212848
-0.238064 -0.265911 -0.259983 -0.164892 -0.076782 -0.017316 -0.079526 -0.187995 -0.228606 -0.203612
-0.224909 -0.241685 -0.223509 -0.227160 -0.146265 -0.082317 -0.036721 -0.098681 -0.115015 -0.134553
-0.186033 -0.094923 -0.029965 -0.171392 -0.245299 -0.115476 -0.036920 -0.050980 0.092445 0.203534
0.140317 0.150037 -0.102063 -0.184599 -0.134967 -0.147385 -0.178771 -0.257660 -0.225687 -0.221544
-0.222784 -0.252203 -0.266779 0.059787 0.232764 0.112768 -0.175483 -0.243932 0.533582 -0.072676
-0.266102 -0.256345 -0.252886 -0.217131 -0.278459 -0.177874 -0.225712 -0.241230 -0.223326 -0.246200
-0.173827 -0.181726 -0.267329 -0.250424 -0.117487 -0.200504 -0.227758 -0.189381 -0.227812 -0.186550
-0.019332 0.096537 0.352193 0.386563 -0.032718 -0.220732 -0.268948 -0.249731 -0.219639 -0.228729
0.129019 0.571113 0.501783 0.061854 0.047102 0.122035 -0.015947 -0.191738 -0.255046 -0.270429
-0.278464 -0.272627 -0.258558 -0.214234 -0.195983 -0.141649 0.082129 0.106217 0.095619 0.102812
-0.141097 -0.136746 -0.137339 -0.147347 -0.057550 -0.157113 -0.083069 -0.167310 -0.136712 -0.056003
-0.087310 -0.194020 0.015889 -0.161864 -0.176784 -0.186336 -0.051307 -0.144039 -0.248065 -0.269683
-0.216674 -0.223458 -0.276508 -0.267927 -0.187325 -0.050578 0.021443 -0.232787 -0.272605 -0.240113
-0.144286 0.016310 0.117453 0.076379 0.086800 -0.037863 -0.051697 -0.131416 -0.178459 -0.211696
-0.031602 -0.042812 -0.200112 -0.213440 -0.077616 -0.174906 -0.222169 -0.270128 -0.274658 -0.267574
-0.278463 -0.263307 -0.147324 0.094587 0.129701 0.069115 0.263566 0.081065 -0.030469 -0.177198
-0.129470 0.692396 0.469037 0.091232 0.298733 0.211225 -0.041558 0.001336 -0.045830 -0.154258
-0.037712 0.005824 -0.055945 -0.071505 -0.138844 -0.049366 0.150157 0.114230 -0.001955 0.007449
-0.108202 -0.128986 -0.163957 -0.228163 -0.116449 -0.189342 -0.163335 -0.208245 -0.227288 -0.226601
-0.228690 -0.244663 -0.213612 -0.100487 -0.244562 -0.199727 -0.137472 -0.109308 -0.194185 -0.261660
-0.239691 -0.148774 -0.206297 -0.170054 -0.114561 -0.146659 -0.158405 -0.227902 -0.259948 -0.257835
-0.024674 -0.042589 -0.175999 0.033024 0.129650 -0.133826 -0.169383 -0.098386 -0.165848 -0.223489
-0.063707 -0.076342 -0.141310 -0.207531 -0.200557 -0.154605 -0.175041 -0.142204 0.312366 0.653921
0.536036 0.225396 0.101603 0.286076 0.286653 0.129726 0.019948 0.019754 -0.054701 -0.269509
-0.223495 0.070958 -0.082383 -0.163978 0.005391 -0.233482 -0.243219 0.116227 0.150514 -0.165326
-0.001121 0.036020 -0.102192 -0.093241 -0.067672 -0.012027 0.007879 -0.063564 -0.138963 -0.077792
-0.085991 -0.075571 -0.178758 -0.261755 -0.173513 -0.200423 -0.244410 -0.208327 -0.120076 -0.085013
-0.130581 -0.048872 -0.203894 -0.133429 -0.129493 -0.138567 -0.106598 -0.066002 -0.083166 -0.163334
-0.139171 0.043085 0.067480 -0.088742 -0.249314 -0.240781 -0.267135 -0.272206 -0.272140 -0.234379
-0.082273 -0.191348 -0.278259 -0.277337 -0.276517 -0.277844 -0.277394 -0.236521 -0.208508 -0.185821
0.390336 -0.069672 -0.099482 0.071780 0.154428 0.524071 0.372758 -0.115357 -0.069153 0.137382
-0.027537 -0.146645 -0.046867 -0.008116 0.100874 -0.129560 -0.260069 -0.172145 -0.202471 -0.270313
-0.190760 0.033868 -0.082228 -0.157924 -0.276424 -0.212234 -0.156155 -0.269820 -0.030413 -0.139221
-0.138275 -0.101523 -0.086421 -0.089028 -0.049669 -0.098404 -0.159023 -0.050344 -0.045523 -0.210428
-0.112281 -0.082714 -0.010552 0.051615 0.027191 -0.060357 -0.016734 0.042984 -0.036960 -0.037090
-0.112374 -0.060157 -0.152679 -0.232125 -0.057656 -0.095343 -0.148645 -0.165562 -0.094701 -0.111344
-0.156557 -0.151705 -0.139949 -0.111381 -0.173860 -0.254147 -0.274788 -0.261197 -0.268437 -0.202193
-0.237906 -0.277973 -0.237152 -0.217426 -0.250714 -0.265844 0.005124 0.065902 0.452355 0.150101
0.031441 -0.239285 -0.258226 -0.127202 -0.081157 0.145800 -0.088883 -0.240718 -0.274045 -0.276584
-0.265112 -0.150160 -0.048771 0.114993 -0.074879 -0.017773 0.110552 -0.195486 -0.245658 -0.271642
-0.263616 -0.062413 0.001279 0.026626 0.037287 -0.109662 -0.155987 -0.113964 0.036075 -0.088553
-0.172191 0.027123 0.131756 -0.047754 -0.142306 -0.225942 -0.278148 -0.277971 -0.261124 -0.230515
-0.136727 0.174504 0.239278 -0.012888 -0.112160 0.023719 0.002586 -0.007610 -0.078791 -0.055502
-0.020268 0.056194 -0.005563 -0.028947 -0.035369 -0.056246 -0.134194 -0.052585 -0.104821 -0.039480
-0.078437 -0.104551 -0.051726 0.041153 0.219143 0.175565 -0.164962 1.414704 0.795353 -0.036419
-0.217582 -0.248878 -0.137644 -0.085898 -0.102540 -0.240898 -0.277102 -0.185315 0.242601 0.050278
-0.160824 -0.225964 -0.265952 -0.276089 -0.278395 -0.276035 -0.275981 -0.256875 -0.170146 -0.272257
0.773135 0.559055 -0.053744 -0.104570 -0.270992 -0.165543 0.058547 -0.228232 -0.224058 0.051618
-0.233522 0.113961 -0.226489 -0.257951 -0.241610 0.387536 1.209172 0.299871 0.698883 0.693871
0.280465 0.237598 0.226427 0.118660 -0.091326 -0.274188 -0.213801 -0.253883 -0.273365 -0.231975
-0.215811 0.048022 0.513382 -0.023896 -0.151950 -0.038528 -0.000723 0.013278 -0.012666 0.057146
-0.088445 -0.190627 -0.161681 0.002082 -0.040662 -0.131735 -0.143173 0.045360 -0.086904 -0.013904
0.042622 0.038266 -0.008488 -0.006654 0.007837 -0.070838 -0.074981 0.820782 0.464087 0.321005
0.161221 -0.169283 0.131266 1.112172 0.514408 0.332694 0.090363 -0.075865 -0.109391 -0.172296
-0.266669 -0.269703 -0.169485 0.182052 0.405517 -0.239961 -0.158099 -0.071823 -0.069017 -0.142608
-0.258851 -0.114155 0.056682 0.270746 0.183461 0.169163 0.149512 -0.187891 -0.258465 -0.277758
-0.213517 0.233814 0.080932 0.101462 -0.102870 0.153390 0.316575 0.176427 0.815319 0.316622
0.139265 0.114705 0.037545 -0.092700 -0.247224 -0.274999 -0.265362 0.621885 0.542608 0.034238
-0.091992 -0.056709 0.113471 0.206714 0.033485 0.212126 0.064297 -0.189825 -0.208745 -0.080770
-0.092799 -0.166180 -0.052323 -0.100869 -0.142358 -0.188197 -0.138202 -0.052749 -0.108645 -0.025736
0.085078 0.065187 -0.018029 -0.069231 -0.136804 -0.105931 -0.139906 -0.238219 -0.052242 0.007045
-0.154860 -0.060178 0.035917 0.974047 0.254654 -0.157253 -0.210795 0.222299 0.060488 0.121119
-0.031287 -0.128979 -0.116218 0.199197 0.619504 0.177410 -0.172916 -0.103088 0.125007 0.182158
0.204901 0.452271 0.129825 0.305202 0.199059 0.093448 0.234661 -0.042515 -0.160566 -0.278162
-0.018681 0.739014 0.705893 0.534563 0.154348 0.236081 0.035426 0.280535 -0.146838 -0.205280
-0.145479 -0.044674 -0.086641 -0.171032 -0.192186 -0.216783 -0.137119 0.233616 0.233772 -0.023731
-0.099334 -0.098898 -0.101949 0.071959 0.150140 0.003132 -0.119079 -0.209036 -0.244012 -0.157382
-0.162100 -0.196982 -0.177596 -0.187169 -0.185490 -0.192226 -0.197400 -0.156646 -0.140764 -0.008616
-0.095594 -0.080847 -0.151713 -0.247026 -0.273552 -0.185117 -0.220228 -0.258935 -0.253727 -0.278307
-0.228144 -0.222800 -0.238783 -0.168783 -0.157681 -0.278258 -0.259826 -0.037671 -0.155914 -0.219610
-0.232101 -0.169241 -0.253059 -0.167055 -0.023791 0.023284 0.621413 0.770803 0.614619 0.281093
0.065744 0.228036 -0.022111 0.009479 0.067141 0.120790 0.094080 0.191087 0.278012 -0.226143
-0.177064 0.511216 0.185439 -0.033356 -0.037338 0.085184 0.029446 0.109687 -0.086903 0.196560
0.028599 0.076150 0.178697 -0.110935 -0.269729 -0.273666 -0.261040 -0.231426 -0.093821 -0.039796
0.143268 0.038838 -0.161469 -0.061030 0.066780 -0.126760 -0.223027 -0.252119 -0.212045 -0.265581
-0.268630 -0.275720 -0.277866 -0.270971 -0.258635 -0.248867 -0.238801 -0.235433 -0.259323 -0.265071
-0.274367 -0.253429 -0.265652 -0.250228 -0.170008 -0.033125 -0.058143 -0.190234 0.242429 0.414664
-0.123598 -0.244946 -0.169144 -0.108978 -0.249295 -0.225437 0.021642 -0.161049 -0.269050 -0.278244
-0.239780 -0.236243 -0.186298 0.004313 -0.254771 -0.278381 -0.195155 0.057886 -0.025800 -0.144740
-0.163107 -0.158264 0.041874 0.236830 0.380651 0.147582 0.089386 0.072899 -0.022810 -0.231396
-0.277901 -0.254481 -0.255159 -0.222343 -0.194980 -0.216407 -0.275636 -0.271261 -0.255636 -0.127487
-0.170768 -0.084154 0.061408 -0.115460 -0.140793 -0.159618 -0.224219 -0.162916 -0.238565 -0.115023
-0.006794 -0.149798 -0.271445 -0.275994 -0.265943 -0.278250 -0.265364 -0.246931 -0.266525 -0.251329
-0.226656 -0.218039 -0.242185 -0.260252 -0.274156 -0.231383 -0.252798 -0.247213 -0.270835 -0.267514
-0.273002 -0.248551 -0.220594 -0.139291 0.343256 -0.061081 -0.277886 -0.149254 -0.069775 -0.227403
-0.278229 -0.272202 -0.256561 -0.275292 -0.274266 -0.267862 -0.159397 -0.238504 -0.274756 -0.262848
-0.278461 -0.263408 -0.226888 -0.158516 -0.112681 -0.167480 -0.219843 -0.095978 -0.158106 -0.121073
-0.025113 -0.121373 0.130465 0.003305 -0.087846 -0.119564 -0.113854 -0.171550 -0.269333 -0.260676
-0.265441 -0.149715 -0.268545 -0.253340 -0.261163 -0.278360 -0.251545 -0.241045 -0.255813 -0.273909
-0.259282 -0.244150 -0.250269 -0.277255 -0.232805 -0.180216 -0.178258 -0.264872 -0.245780 -0.275334
-0.270089 -0.275454 -0.187397 -0.104005 -0.099543 -0.122757 -0.131785 -0.146855 -0.187545 -0.264104
-0.272045 -0.240612 -0.215937 -0.202999 -0.234949 -0.247853 -0.278464 -0.277025 -0.275985 -0.271578
-0.272705 -0.278427 -0.259915 -0.243842 -0.272733 -0.250864 -0.205553 -0.241585 -0.240927 -0.174564
-0.168398 -0.229430 -0.229830 -0.231939 -0.228955 -0.241132 -0.267662 -0.276756 -0.277316 -0.271734
-0.269860 -0.252333 -0.219463 -0.248607 -0.275319 -0.233447 -0.188950 -0.196255 -0.204980 -0.232501
-0.243934 -0.257636 -0.273092 -0.264773 -0.264785 -0.276677 -0.276751 -0.258049 -0.243720 -0.257577
-0.216954 -0.217598 -0.033187 0.200982 0.179380 0.120603 0.064730 0.165850 0.168477 0.179056
0.198160 0.138818 0.181888 0.120020 0.147059 0.104400 0.235320 0.190101 0.186386 0.228513
0.273881 0.319303 0.332028 0.400239 0.357470 0.351540 0.415503 0.271384 0.273732 0.269853
0.435002 0.461492 0.412569 0.515447 0.426761 0.444653 0.404287 0.444554 0.427660 0.406210
0.453133 0.459228 0.423277 0.427997 0.371802 0.437643 0.464297 0.462395 0.405996 0.451363
0.425538 0.479634 0.361351 0.382229 0.355334 0.447476 0.396183 0.418733 0.476345 0.266564
0.237889 0.224710 0.431502 0.292781 0.336383 0.295647 0.346522 0.327099 0.379099 0.338803
0.324087 0.281302 0.317935 0.316579 0.289171 0.358561 0.263974 0.057309 -0.123176 -0.249682
-0.278430 -0.269869 -0.186221 -0.032728 -0.071085 -0.157095 -0.206338 -0.133335 -0.090611 -0.108750
-0.110503 -0.150904 -0.099246 -0.152087 -0.142710 -0.190562 -0.094238 -0.126046 -0.125968 -0.125745
-0.098686 -0.063861 -0.037895 0.033268 -0.014760 0.043797 0.047259 -0.066258 -0.030631 -0.088916
0.055370 0.059471 0.037668 0.169118 0.010745 0.003829 -0.092002 -0.034983 0.004678 -0.032798
-0.023950 -0.019689 -0.076668 -0.070304 -0.119640 -0.040737 0.001357 -0.004771 -0.051945 -0.026703
-0.026594 -0.009385 -0.108317 -0.074687 -0.097326 -0.019104 -0.059681 -0.012280 0.086533 -0.095570
-0.157162 -0.188495 -0.012962 -0.067337 -0.076980 -0.138412 -0.124750 -0.148147 -0.106170 -0.120298
-0.132504 -0.145590 -0.094046 -0.089195 -0.118234 -0.084659 -0.161366 -0.234369 -0.235704 -0.276436
-0.266469 -0.234351 -0.167838 0.005014 0.030734 -0.141460 -0.137663 -0.079185 -0.058309 -0.065441
-0.038401 -0.092024 -0.051569 -0.148421 -0.151937 -0.148441 0.029065 0.055022 0.160732 0.108443
0.215334 0.298884 0.356104 0.531527 0.310411 0.406523 0.420302 0.246091 0.413573 0.297636
0.391548 0.475813 0.453150 0.772861 0.534980 0.537642 0.389466 0.403938 0.465592 0.524245
0.405200 0.441016 0.420383 0.442655 0.326860 0.337150 0.359026 0.239271 0.167033 0.143419
0.237215 0.354347 0.306651 0.374806 0.313459 0.294872 0.137936 0.175259 0.337512 0.189135
0.182434 0.186570 0.262209 0.349211 0.278607 0.193905 0.032210 -0.037581 0.099869 0.133773
0.006768 -0.027262 0.067898 0.075724 -0.014597 -0.000843 -0.111506 -0.258666 -0.240293 -0.278430
-0.268411 -0.238430 -0.131246 0.075223 0.210917 0.005050 0.084349 0.075681 0.033110 0.095486
0.223399 0.141500 0.214478 -0.016621 -0.036748 -0.035653 0.171694 0.378782 0.634166 0.413466
0.507308 0.388951 0.431045 0.613854 0.391277 0.468264 0.507899 0.465065 0.639525 0.451789
0.542429 0.506897 0.536959 0.463400 0.220776 0.257056 0.304159 0.610347 0.611733 0.593775
0.528693 0.482966 0.546494 0.594021 0.556811 0.456595 0.405829 0.303318 0.302765 0.044008
-0.030559 0.102893 0.312688 0.612326 0.739827 0.580296 0.277816 0.003630 0.093785 0.317962
0.458250 0.562451 0.456384 0.541794 0.292277 0.112008 -0.167989 -0.140246 0.092266 0.407576
0.186715 0.049078 0.166381 0.345993 0.267892 0.263972 0.080101 -0.184280 -0.170816 -0.264211
-0.256315 -0.227911 -0.172892 0.007877 0.148256 -0.005598 0.082707 0.130087 0.056850 0.124120
0.247433 0.083036 0.150624 -0.149557 -0.031550 0.021492 0.172228 0.331891 0.411459 0.220079
0.396762 0.214384 0.283121 0.370211 0.374411 0.402661 0.502299 0.551617 0.628513 0.458841
0.509266 0.306763 0.187559 0.131809 0.105350 0.138530 0.220761 0.509096 0.573694 0.400594
0.536736 0.531228 0.642817 0.693166 0.649795 0.525729 0.373559 0.302686 0.264446 0.043391
0.011241 0.023450 0.215477 0.381046 0.521124 0.378367 0.338802 0.000756 0.082597 0.380469
0.444959 0.465559 0.426589 0.253116 0.064338 0.061622 -0.261451 -0.184456 -0.026972 0.216154
0.018899 -0.055223 -0.053925 0.186169 0.148959 0.141614 -0.060633 -0.219697 -0.231021 -0.261637
-0.259046 -0.230029 -0.208979 -0.020117 0.098192 -0.000933 0.108549 0.210456 0.105689 0.090884
0.252212 0.151767 0.357286 -0.066748 0.183329 0.322614 0.406258 0.534478 0.614097 0.548911
0.703008 0.420187 0.588396 0.671925 0.821308 0.885255 1.153016 1.202940 1.212601 1.090796
1.088424 0.874893 0.739899 0.787955 0.639425 0.633757 0.771037 0.795108 1.045575 0.828065
1.025615 1.162300 1.264220 1.260289 1.083724 1.122073 0.990543 1.011264 0.947463 0.683269
0.617914 0.651640 0.967579 1.048589 1.135114 0.979613 0.897902 0.412590 0.676330 1.092400
1.135443 1.092968 0.900304 0.642118 0.455222 0.330136 -0.202462 0.089825 0.311923 0.391216
0.084273 0.055860 -0.016840 0.276114 0.146288 0.174635 -0.084607 -0.205670 -0.244935 -0.263800
-0.258429 -0.235178 -0.210882 0.009328 0.134679 -0.001951 0.039953 0.015587 0.017564 -0.043249
0.059619 0.100769 0.223241 -0.043655 0.105430 0.371759 0.372694 0.397515 0.543996 0.430231
0.303701 -0.002932 0.227457 0.341201 0.557736 0.690685 0.927627 0.975789 1.032020 1.016494
1.041988 0.923831 0.758692 0.656449 0.494966 0.568588 0.602948 0.497196 0.777280 0.694030
0.888834 0.941648 0.925244 0.930475 0.860950 0.772777 0.674565 0.632895 0.468318 0.142677
0.001969 0.092895 0.345657 0.554728 0.818264 0.683641 0.635972 0.192229 0.312292 0.690113
0.727993 0.903432 0.789953 0.335627 0.060423 -0.222585 -0.273404 -0.041827 0.231604 0.216616
0.036137 0.005712 0.015115 0.187662 0.031166 0.129820 -0.101575 -0.217222 -0.245877 -0.266638
-0.256631 -0.232567 -0.210862 0.067809 0.249660 0.038170 0.254752 -0.162567 -0.060085 -0.213746
-0.049173 0.149262 0.060600 -0.001660 -0.000518 0.180600 0.192082 0.294427 0.507912 0.522166
0.358855 0.141151 0.427081 0.711579 0.820111 0.923627 0.989979 1.065626 1.083907 0.968032
0.907678 0.736627 0.531920 0.519453 0.338332 0.407069 0.434564 0.321560 0.660267 0.673922
0.698384 0.679180 0.809408 0.774663 0.796102 0.592183 0.424902 0.368306 0.204875 -0.068468
-0.140344 0.094323 0.356561 0.599919 0.780094 0.511995 0.356899 0.136337 0.253136 0.633291
0.649524 0.829578 0.794531 0.187714 -0.108041 -0.277789 -0.268340 -0.038734 0.168086 0.021344
0.024151 -0.065116 0.016191 0.085365 -0.122158 0.007800 -0.156635 -0.236383 -0.250705 -0.271936
-0.249886 -0.213186 -0.219422 0.134386 0.292584 -0.026037 0.295063 -0.266893 -0.013176 -0.265545
-0.116317 0.075417 0.001683 0.193417 0.171226 0.146723 0.081211 0.195784 0.331446 0.484538
0.279366 0.189353 0.337993 0.715654 0.704859 0.781869 0.737545 0.867018 0.881810 0.777665
0.728914 0.589258 0.488203 0.293521 0.088184 0.107447 0.182485 0.268204 0.610585 0.551969
0.526805 0.416677 0.640429 0.535378 0.591166 0.479905 0.317254 0.204755 0.134476 -0.055634
-0.022977 0.287650 0.462914 0.656881 0.618389 0.290803 0.169685 0.169708 0.279672 0.555269
0.388912 0.486592 0.521779 0.169948 -0.146825 -0.278447 -0.250069 0.031733 0.154807 -0.008166
0.002789 -0.056465 0.039789 0.085453 -0.166467 -0.020136 -0.163467 -0.234327 -0.252001 -0.275299
-0.240928 -0.195244 -0.230826 0.114114 0.299862 0.038645 0.354980 -0.123223 0.639301 0.055311
0.321907 0.593332 0.433270 0.571162 0.649219 0.589789 0.499234 0.403568 0.331357 0.461356
0.338910 0.374356 0.429046 0.674996 0.535873 0.543598 0.653366 0.724617 0.813556 0.791844
0.882603 0.864655 0.891190 0.458468 0.006568 -0.045068 0.263090 0.405310 0.644523 0.389943
0.518250 0.376584 0.558021 0.648136 0.530727 0.563493 0.387197 0.262718 0.320471 0.185944
0.121518 0.120627 0.262838 0.427971 0.482028 0.204515 0.155852 0.090276 0.217561 0.455301
0.331599 0.493447 0.377463 0.156936 -0.148936 -0.274011 -0.251465 -0.084665 0.008757 -0.002618
0.018610 -0.018045 0.028934 0.083482 -0.159821 -0.045984 -0.169359 -0.237034 -0.251999 -0.276042
-0.236487 -0.199482 -0.255594 -0.010800 0.089045 -0.077049 0.204727 -0.003362 0.077335 -0.015368
0.548843 0.682860 0.535437 0.414458 0.466542 0.442798 0.382502 0.282475 0.319561 0.424787
0.331116 0.431049 0.685097 0.695930 0.477674 0.263632 0.243473 0.249446 0.277278 0.327622
0.383156 0.410515 0.326075 -0.038852 -0.194611 -0.174235 0.155022 0.234539 0.458795 0.172264
0.228933 0.143489 0.315467 0.575023 0.514420 0.398616 0.308275 0.283757 0.403615 0.260151
0.130952 -0.033378 0.204008 0.409817 0.625809 0.352651 0.410228 0.174911 0.191713 0.395374
0.393418 0.682772 0.417549 0.293349 0.089514 -0.215282 -0.263658 -0.138421 -0.023228 -0.019853
-0.023965 -0.055235 0.012754 0.046183 -0.145420 -0.072684 -0.176492 -0.250277 -0.253852 -0.273315
-0.238511 -0.211949 -0.256325 -0.081549 -0.028774 -0.101586 0.078989 0.003767 0.055503 -0.072863
0.254836 0.167858 0.139573 0.074579 0.194368 0.238152 0.271976 0.215536 0.340880 0.342447
0.332592 0.344516 0.519824 0.407291 0.205544 0.140214 0.248108 0.354906 0.207779 0.356109
0.478950 0.345698 0.094588 -0.196822 -0.211782 -0.046645 0.344054 0.371823 0.587646 0.259678
0.105601 0.103407 0.259064 0.458299 0.520296 0.404790 0.460898 0.437507 0.492233 0.399553
0.492805 0.138276 0.336281 0.263468 0.380167 0.300485 0.557255 0.475104 0.234945 0.349287
0.306718 0.556824 0.318232 0.183121 0.104922 -0.185024 -0.278330 -0.202159 -0.068244 -0.029136
-0.064803 -0.149228 -0.103664 -0.050629 -0.122721 -0.060929 -0.162491 -0.261941 -0.258667 -0.272897
-0.250434 -0.218884 -0.263049 -0.115908 -0.079052 -0.103438 0.119915 0.043704 0.101201 -0.183759
-0.035710 -0.110990 -0.151541 -0.155865 -0.019468 0.073194 0.223158 0.181255 0.353821 0.227645
0.333093 0.441920 0.646864 0.505566 0.201001 0.050495 0.078524 0.262408 0.176715 0.362589
0.514584 0.296180 0.104900 -0.171497 -0.135858 0.197725 0.487119 0.483106 0.383742 0.132561
-0.151158 -0.077869 0.111292 0.309005 0.403145 0.366853 0.385001 0.416056 0.367255 0.257620
0.376648 0.068659 0.222640 0.160241 0.175593 0.288450 0.458885 0.574438 0.313468 0.435082
0.351958 0.397144 0.361129 0.214377 0.108271 -0.096938 -0.278385 -0.225480 -0.045349 -0.015778
-0.066863 -0.185426 -0.164839 -0.048631 -0.076463 -0.050266 -0.129326 -0.256378 -0.262102 -0.271440
-0.248991 -0.214124 -0.270226 -0.140316 -0.127274 -0.156391 -0.018840 -0.140219 -0.081226 -0.260895
-0.097896 -0.079633 -0.088922 -0.078729 -0.029583 -0.031941 0.111044 0.171734 0.286927 0.089436
0.208516 0.228499 0.414733 0.036675 -0.049798 -0.149559 0.061709 0.137010 0.142442 0.326307
0.399388 0.285839 0.251681 -0.063716 -0.158641 -0.078565 0.068102 0.380067 0.225641 0.146860
-0.201170 -0.237746 -0.045937 0.146675 0.233400 0.313603 0.285185 0.269866 0.195373 0.152411
0.488604 0.492134 0.558407 0.518428 0.346342 0.553807 0.666290 0.684532 0.495769 0.665378
0.625383 0.627866 0.559854 0.372059 0.115609 -0.047647 -0.278464 -0.264166 -0.129485 -0.120959
-0.094148 -0.161082 -0.121438 -0.054533 -0.136816 -0.122847 -0.160692 -0.253958 -0.271074 -0.273796
-0.244745 -0.226306 -0.249715 -0.072594 -0.087842 -0.107613 -0.075138 -0.224767 -0.239242 -0.257933
-0.270311 -0.203665 -0.054768 -0.021272 -0.083674 -0.104921 0.043380 0.158907 0.206298 -0.039084
0.070171 -0.109221 0.065134 -0.200443 -0.189430 -0.251782 -0.130023 -0.060653 0.144653 0.247102
0.275146 0.214596 0.235444 -0.080370 -0.164753 -0.219287 -0.172596 0.109082 0.141456 0.062284
-0.189616 -0.277920 -0.095873 -0.004699 0.082406 0.172386 0.281929 0.295831 0.169316 0.060885
0.282367 0.597184 0.645558 0.425359 0.282238 0.525118 0.772298 0.771381 0.703462 0.658479
0.515509 0.614640 0.531756 0.527993 0.194947 -0.018402 -0.277047 -0.271322 -0.130733 -0.140593
-0.095828 -0.147995 -0.037674 -0.020072 -0.117529 -0.081816 -0.166089 -0.246207 -0.265493 -0.275975
-0.248160 -0.246532 -0.209423 -0.079563 -0.184688 -0.209853 -0.124724 -0.190680 -0.245556 -0.275675
-0.239661 -0.055726 0.004972 -0.039818 -0.102516 -0.142996 -0.062862 0.077215 0.130638 -0.091400
0.035736 -0.156288 -0.148605 -0.197267 -0.223537 -0.133587 -0.025307 0.049810 0.167069 0.207452
0.213415 0.136776 0.199341 -0.072692 -0.073324 -0.138900 -0.140292 0.095521 0.183612 -0.008926
-0.097858 -0.234750 0.033247 0.041337 -0.033409 -0.174628 -0.062554 -0.010839 -0.096457 -0.238923
-0.143842 0.108035 0.195698 0.035613 -0.083229 -0.033841 0.173110 0.372648 0.603658 0.559468
0.342467 0.423592 0.233300 0.275058 0.053685 -0.234054 -0.259038 -0.274909 -0.221087 -0.194844
-0.091349 -0.158646 -0.011665 -0.017873 -0.118177 -0.048095 -0.177278 -0.231339 -0.255138 -0.274128
-0.254672 -0.258480 -0.206952 -0.112238 -0.212594 -0.274119 -0.256531 -0.275452 -0.234273 -0.220311
-0.132337 0.020368 -0.021143 0.024449 -0.079832 -0.161837 -0.147223 -0.016762 -0.065968 -0.120000
-0.010252 -0.145886 -0.252431 -0.188416 -0.243139 -0.066097 -0.046460 -0.059639 0.009885 0.049989
0.049873 -0.050643 -0.058764 -0.173127 -0.181771 -0.183850 -0.217606 -0.037351 0.010710 -0.058199
-0.110686 -0.092129 0.050882 -0.033439 0.015197 -0.232930 -0.121312 -0.095132 0.006017 -0.240395
-0.178582 0.003403 0.161836 0.048702 -0.139072 -0.140774 0.104113 0.281724 0.521361 0.526010
0.333198 0.395736 0.171446 0.004284 -0.098560 -0.278455 -0.239290 -0.271955 -0.251832 -0.236149
-0.100932 -0.127942 0.015253 -0.068079 -0.154942 -0.068227 -0.183606 -0.227642 -0.254179 -0.273613
-0.252109 -0.254372 -0.214783 -0.037172 -0.122681 -0.263414 -0.227487 -0.246574 -0.164853 -0.056647
-0.156974 -0.175082 -0.190492 -0.075489 -0.142375 -0.128810 -0.194736 -0.144483 -0.186188 -0.113176
-0.170097 -0.196016 -0.256619 -0.200174 -0.233908 -0.163253 -0.147994 -0.189896 -0.126211 -0.055408
-0.072511 -0.097863 -0.137610 -0.187960 -0.209450 -0.190899 -0.224410 -0.116075 -0.075075 -0.103948
-0.135739 0.017727 0.020081 -0.050799 0.112274 -0.248204 0.049268 0.468819 0.703369 0.010755
0.418222 0.755284 0.890139 0.585347 0.021170 -0.138695 0.214045 0.409961 0.617991 0.621073
0.449144 0.459684 0.312180 0.123997 0.008340 -0.278307 -0.240724 -0.278259 -0.197697 -0.182413
0.000063 -0.074911 0.034920 -0.064804 -0.154994 -0.049869 -0.157611 -0.219762 -0.239582 -0.273030
-0.247558 -0.238445 -0.238274 -0.144963 -0.160494 -0.269261 -0.181535 -0.159375 -0.069872 0.015099
-0.124631 -0.176788 -0.194851 -0.089953 -0.115689 -0.008968 -0.142358 -0.137957 -0.192943 -0.111131
-0.254053 -0.192457 -0.237403 -0.195464 -0.237735 -0.243910 -0.190144 -0.215308 -0.170126 -0.136529
-0.159860 -0.185961 -0.196209 -0.235077 -0.238409 -0.219062 -0.222102 -0.191242 -0.188189 -0.179948
-0.165807 0.036044 0.064723 -0.016495 0.039157 -0.274096 -0.131893 0.129654 0.202868 -0.165511
0.038822 0.205972 0.350691 0.129849 -0.195527 -0.227192 -0.006105 0.189768 0.483453 0.521587
0.382796 0.385869 0.308894 0.050367 -0.124375 -0.251675 -0.209705 -0.276559 -0.217166 -0.192770
-0.041083 -0.127780 -0.029292 -0.094740 -0.152791 -0.033563 -0.143378 -0.238446 -0.239993 -0.273273
-0.238167 -0.212915 -0.254775 -0.152401 -0.126694 -0.224348 -0.016042 -0.069795 -0.069361 -0.201091
-0.268978 -0.240502 -0.181900 0.006718 -0.016468 0.022123 -0.037541 -0.055807 -0.122139 -0.167058
-0.260953 -0.187625 -0.227580 -0.177997 -0.191176 -0.245148 -0.204733 -0.196670 -0.182685 -0.188657
-0.164393 -0.203559 -0.207799 -0.232008 -0.224973 -0.244597 -0.236278 -0.256178 -0.250654 -0.222378
-0.202944 -0.021787 0.076291 0.059494 -0.006948 -0.259297 -0.083761 -0.047622 -0.052442 -0.228316
-0.166047 -0.082897 0.113061 -0.145160 -0.241229 -0.126246 0.176369 0.274068 0.470243 0.376599
0.286930 0.391328 0.381380 0.151338 -0.147476 -0.251144 -0.218812 -0.278283 -0.211937 -0.213358
-0.099901 -0.158064 -0.091651 -0.082061 -0.151843 -0.000513 -0.105863 -0.242252 -0.238775 -0.274783
-0.236578 -0.207051 -0.268094 -0.152476 -0.116831 -0.140187 0.075302 -0.122466 -0.053388 -0.265274
-0.277634 -0.251475 -0.162741 0.062713 0.083404 0.023762 0.042573 -0.050840 -0.196448 -0.272674
-0.271690 -0.251810 -0.211911 -0.231997 -0.238260 -0.268930 -0.247371 -0.216817 -0.226437 -0.235124
-0.213342 -0.247961 -0.221933 -0.237022 -0.227739 -0.256321 -0.274301 -0.278324 -0.277817 -0.260825
-0.244415 -0.108006 0.017735 0.000574 -0.092126 -0.240991 -0.080401 -0.139327 -0.137926 -0.227520
-0.144292 -0.011464 0.170036 -0.138848 -0.167478 -0.014294 0.203257 0.347974 0.362644 0.243008
0.138660 0.301371 0.303200 0.118093 -0.185983 -0.257794 -0.221211 -0.278424 -0.203756 -0.229325
-0.139971 -0.191175 -0.124494 -0.068688 -0.129041 -0.035219 -0.132151 -0.257008 -0.254479 -0.276493
-0.251476 -0.232826 -0.262736 -0.134523 -0.085455 -0.101310 0.095909 -0.083911 0.025847 -0.260695
-0.276579 -0.185019 0.001781 0.137109 0.147617 0.021053 0.102523 0.056662 -0.174736 -0.277646
-0.252853 -0.253523 -0.223172 -0.253765 -0.249265 -0.266579 -0.268777 -0.252368 -0.256183 -0.258482
-0.246564 -0.260099 -0.239000 -0.217796 -0.195025 -0.199762 -0.276785 -0.277856 -0.277378 -0.273251
-0.264366 -0.193757 -0.034528 -0.120526 -0.124571 -0.260732 -0.069176 -0.016020 -0.048049 -0.097007
-0.000663 0.066540 0.058013 -0.090484 -0.118673 -0.128249 -0.034365 0.176807 0.214244 0.199970
0.091555 0.258950 0.212213 0.087086 -0.107165 -0.276834 -0.234970 -0.278403 -0.216304 -0.231285
-0.148728 -0.208021 -0.144146 -0.083118 -0.104043 -0.053860 -0.135488 -0.262300 -0.264488 -0.275835
-0.258522 -0.234879 -0.258992 -0.160742 -0.119865 -0.091584 0.032404 -0.110073 -0.058325 -0.276184
-0.276896 -0.180375 0.067502 0.209351 0.158679 0.006866 0.044393 0.080792 -0.211168 -0.270541
-0.228985 -0.227880 -0.257305 -0.268614 -0.271510 -0.264758 -0.268283 -0.261415 -0.257042 -0.268719
-0.257194 -0.263429 -0.257515 -0.216382 -0.213240 -0.170186 -0.274511 -0.272150 -0.261442 -0.271772
-0.260783 -0.212429 -0.026515 -0.197426 -0.181294 -0.276252 -0.082371 0.074711 0.055658 0.059003
0.144904 0.099517 0.013777 -0.028970 -0.104990 -0.129620 -0.075293 0.201416 0.281599 0.308319
0.165547 0.321531 0.206018 0.091260 -0.111542 -0.274728 -0.245565 -0.276572 -0.216566 -0.226129
-0.136841 -0.221967 -0.156197 -0.105914 -0.081227 -0.065125 -0.121879 -0.271459 -0.249515 -0.268519
-0.256809 -0.218056 -0.253812 -0.114626 -0.085181 -0.012673 0.028994 -0.173630 -0.120282 -0.275405
-0.275377 -0.135097 -0.023331 0.096262 -0.007161 -0.091372 -0.064525 0.056915 -0.226523 -0.265442
-0.252355 -0.249880 -0.273371 -0.274141 -0.272637 -0.256391 -0.260188 -0.262461 -0.228643 -0.268188
-0.250337 -0.262542 -0.260169 -0.247633 -0.259170 -0.196939 -0.277106 -0.278280 -0.277803 -0.256119
-0.255097 -0.237323 -0.079908 -0.216832 -0.190604 -0.262926 -0.023641 0.105250 0.057614 0.031573
0.220367 0.181248 0.092956 -0.042721 -0.098388 -0.010603 0.010016 0.228788 0.306546 0.295896
0.080479 0.126533 0.084891 0.170301 -0.089525 -0.278464 -0.275486 -0.201663 -0.099679 -0.159791
-0.099518 -0.208996 -0.143943 -0.097240 -0.059543 -0.033643 -0.083127 -0.276382 -0.250545 -0.272919
-0.236593 -0.207139 -0.266009 -0.117711 -0.051263 -0.025014 -0.041711 -0.243049 -0.193806 -0.228942
-0.278363 -0.128329 -0.041969 0.076949 -0.000822 -0.047126 -0.049447 0.061225 -0.170692 -0.238448
-0.229640 -0.242106 -0.271141 -0.271979 -0.273174 -0.244102 -0.225347 -0.229727 -0.196471 -0.255138
-0.275819 -0.274552 -0.238643 -0.235132 -0.256942 -0.267916 -0.278374 -0.268093 -0.273755 -0.257696
-0.272964 -0.257645 -0.159129 -0.214684 -0.168864 -0.186110 0.059518 0.127413 -0.027702 -0.072939
0.004715 0.135266 0.178610 -0.145512 -0.028653 0.059672 0.113787 0.238844 0.276933 0.219748
0.064846 0.060026 0.009091 0.129877 -0.051809 -0.224475 -0.233476 -0.035514 -0.018441 -0.112938
-0.158235 -0.223628 -0.156116 -0.088344 -0.056911 -0.050419 -0.143165 -0.278446 -0.267152 -0.270776
-0.240043 -0.222452 -0.268853 -0.109250 0.005788 -0.021300 0.041086 -0.194628 -0.122484 -0.222725
-0.250124 0.005252 0.147343 0.263575 0.136073 0.087655 0.153468 0.131139 -0.135660 -0.183794
-0.213508 -0.233944 -0.266728 -0.263664 -0.263961 -0.236315 -0.224043 -0.183421 -0.195095 -0.205472
-0.278461 -0.256692 -0.263966 -0.272968 -0.254316 -0.278366 -0.276858 -0.265763 -0.272729 -0.266449
-0.276483 -0.265580 -0.203502 -0.217656 -0.191685 -0.191864 -0.031536 0.051758 -0.054954 0.041616
-0.042081 0.185314 0.344678 -0.128436 0.089710 0.101286 0.352423 0.598145 0.790517 0.603207
0.394958 0.276538 0.198656 0.259502 -0.017320 -0.103682 -0.176043 -0.113767 -0.121867 -0.130558
-0.199541 -0.215810 -0.156153 -0.068416 -0.056416 -0.005690 -0.163990 -0.277198 -0.273034 -0.272397
-0.254159 -0.224283 -0.264568 -0.076937 -0.004962 -0.041807 0.148019 -0.181468 -0.139479 -0.231855
-0.201161 0.140863 0.357646 0.352444 0.331691 0.122955 0.314586 0.148607 -0.128352 -0.196331
-0.242090 -0.240774 -0.264904 -0.264912 -0.263468 -0.234006 -0.229859 -0.157666 -0.276480 -0.083261
-0.268570 -0.266688 -0.241592 -0.278325 -0.264004 -0.278460 -0.271459 -0.265045 -0.260154 -0.267614
-0.261563 -0.256493 -0.199015 -0.209831 -0.171704 -0.182472 0.017962 0.038013 -0.009633 0.207776
0.149849 0.476893 0.604071 -0.000488 0.077931 0.083949 0.526664 0.802871 0.971485 0.681830
0.602199 0.358713 0.327635 0.322114 0.004935 -0.039495 -0.165599 -0.129265 -0.122993 -0.150025
-0.226292 -0.204956 -0.152898 -0.086625 -0.115607 -0.020979 -0.201052 -0.273120 -0.272200 -0.270697
-0.236181 -0.187931 -0.265136 -0.081172 -0.014738 -0.023219 0.092295 -0.214329 -0.174066 -0.254500
-0.203053 0.100329 0.268017 0.169448 0.242651 0.071009 0.245726 0.050879 -0.126500 -0.212064
-0.229944 -0.232150 -0.259985 -0.258951 -0.256363 -0.219999 -0.208911 0.096603 -0.188462 1.241294
-0.211390 -0.131989 0.748980 -0.222650 -0.246258 -0.273655 -0.255496 -0.263578 -0.249026 -0.261567
-0.242163 -0.259913 -0.221719 -0.232966 -0.180632 -0.137374 0.095236 0.044746 -0.002962 -0.005349
-0.016611 0.043284 0.195357 -0.010533 0.059523 0.157236 0.448668 0.580989 0.714001 0.521135
0.533188 0.371830 0.440507 0.294562 0.020976 -0.139091 -0.263779 -0.253051 -0.232944 -0.212870
-0.237544 -0.220022 -0.177751 -0.107894 -0.132992 -0.051967 -0.223768 -0.275188 -0.276993 -0.271675
-0.229710 -0.201507 -0.256164 -0.087955 -0.010252 0.064992 0.117699 -0.132803 -0.027821 -0.277277
-0.127093 0.253588 0.163638 0.016428 0.058833 0.014363 0.218871 0.070007 -0.069624 -0.218449
-0.211441 -0.215226 -0.252059 -0.244118 -0.252209 -0.218523 -0.184359 -0.079089 -0.275956 0.203232
-0.243849 -0.278253 -0.076923 -0.268712 -0.263509 -0.257897 -0.239831 -0.244816 -0.231058 -0.235426
-0.208518 -0.234221 -0.208777 -0.202016 -0.131997 -0.013808 0.101655 0.069202 -0.007718 -0.113158
0.043264 0.016958 0.095192 0.054467 0.103091 0.254609 0.415667 0.577236 0.801857 0.635901
0.546104 0.389181 0.550074 0.245663 0.036031 -0.184675 -0.277309 -0.273876 -0.247650 -0.233673
-0.210666 -0.214186 -0.157585 -0.088018 -0.112116 -0.032801 -0.226911 -0.268949 -0.277663 -0.265676
-0.252294 -0.239282 -0.247019 -0.077392 -0.080631 0.024442 0.019135 -0.168440 -0.110607 -0.275922
-0.123979 0.302029 0.254295 0.219228 0.166026 0.081739 0.151033 0.010332 -0.145364 -0.244764
-0.213005 -0.205645 -0.256406 -0.253182 -0.260074 -0.242505 -0.226650 -0.148482 -0.247076 -0.006418
-0.274824 -0.258121 -0.278296 -0.266684 -0.263531 -0.257049 -0.241957 -0.245237 -0.236326 -0.223067
-0.220539 -0.241413 -0.238644 -0.186283 -0.123003 0.056535 0.128311 0.120779 0.111648 -0.098289
0.335431 0.316493 0.375217 0.398065 0.417374 0.490866 0.525333 0.584297 0.757450 0.602329
0.526239 0.485058 0.415744 0.165542 -0.008997 -0.208536 -0.278062 -0.274881 -0.226835 -0.239686
-0.205737 -0.236790 -0.182075 -0.083288 -0.109917 -0.032200 -0.247558 -0.275342 -0.277351 -0.266218
-0.259609 -0.249231 -0.235584 -0.004390 -0.083827 0.078507 0.042000 -0.122797 -0.091427 -0.272655
-0.058451 0.137158 0.117012 0.307404 0.534461 0.383617 0.273497 0.067772 -0.173600 -0.230829
-0.176354 -0.135154 -0.235320 -0.248474 -0.250627 -0.243780 -0.240439 -0.211653 -0.162255 0.098993
-0.255731 -0.266946 -0.278412 -0.254293 -0.219432 -0.233640 -0.235080 -0.244201 -0.240280 -0.228642
-0.239889 -0.243960 -0.236559 -0.192673 -0.143653 0.009925 0.170395 0.006096 0.066129 -0.202499
0.287048 0.286319 0.346237 0.464808 0.543090 0.605261 0.675341 0.656018 0.706910 0.627705
0.581767 0.694486 0.496543 0.346556 0.112809 -0.221372 -0.277926 -0.277302 -0.218855 -0.214537
-0.185482 -0.226184 -0.177424 -0.029663 -0.073809 0.007474 -0.243507 -0.274337 -0.276306 -0.267280
-0.249156 -0.232768 -0.246829 0.007917 -0.048061 0.084044 0.035030 -0.039243 -0.065289 -0.254829
0.159833 0.347450 0.331630 0.159475 0.205533 0.106036 0.058729 -0.129213 -0.277910 -0.275836
-0.261497 -0.174391 -0.236623 -0.261057 -0.254012 -0.263089 -0.252536 -0.245067 -0.245620 -0.240444
-0.262847 -0.223184 -0.267230 -0.257909 -0.239013 -0.231165 -0.242774 -0.255391 -0.263636 -0.267398
-0.260808 -0.246656 -0.204919 -0.199458 -0.186466 -0.073944 0.117635 -0.001159 0.006651 -0.207946
0.163567 0.450965 0.397908 0.437432 0.480154 0.470185 0.481541 0.466972 0.455245 0.594122
0.633558 0.608782 0.306603 0.180361 0.068849 -0.253284 -0.272296 -0.276981 -0.253770 -0.234828
-0.224466 -0.240870 -0.213832 -0.064782 -0.143032 -0.064986 -0.259813 -0.275046 -0.275836 -0.271923
-0.243846 -0.220343 -0.241847 -0.031280 -0.025822 0.027705 0.032815 -0.055231 -0.021591 -0.240590
0.538136 0.680734 0.594274 0.433271 0.279743 0.319683 0.315938 -0.021717 -0.269429 -0.264471
-0.265200 -0.218368 -0.204033 -0.245863 -0.247187 -0.257632 -0.256998 -0.255544 -0.258191 -0.260633
-0.258834 -0.256702 -0.269776 -0.241015 -0.221413 -0.267738 -0.250065 -0.271357 -0.250279 -0.265544
-0.259065 -0.221717 -0.114937 -0.152142 -0.144606 -0.074195 0.091240 0.001700 -0.088183 -0.208310
0.133137 0.555924 0.392959 0.379846 0.448775 0.504567 0.450534 0.497446 0.530080 0.742165
0.707639 0.642091 0.381231 0.207811 0.057336 -0.234542 -0.273714 -0.272032 -0.222723 -0.232580
-0.238677 -0.240790 -0.219656 -0.085341 -0.180992 -0.096250 -0.247378 -0.261809 -0.277175 -0.273352
-0.251811 -0.223719 -0.242307 -0.059787 -0.002045 0.057331 0.140354 -0.047514 0.045618 -0.257005
0.624701 1.026275 1.045558 1.189024 1.020772 1.158677 0.970015 0.408020 -0.274984 -0.277263
-0.241257 -0.248315 -0.213911 -0.234824 -0.214933 -0.226149 -0.249678 -0.251968 -0.250603 -0.262741
-0.263015 -0.265619 -0.260782 -0.227744 -0.174557 -0.278192 -0.265269 -0.270083 -0.250020 -0.232559
-0.247218 -0.193915 -0.051872 -0.109294 -0.104468 -0.072102 0.132214 0.019917 -0.004201 -0.108203
0.181753 0.333267 0.248788 0.328703 0.346754 0.365401 0.293187 0.501822 0.582266 0.723412
0.697035 0.713320 0.532374 0.405948 0.110731 -0.196368 -0.274059 -0.251120 -0.123892 -0.148061
-0.193871 -0.186505 -0.173015 -0.055552 -0.194915 -0.152438 -0.244688 -0.267054 -0.273767 -0.274569
-0.258344 -0.235966 -0.230822 -0.052730 -0.011612 0.084547 0.132115 -0.124622 -0.076062 -0.277740
0.373492 0.669848 0.652432 0.559500 0.456637 0.594883 0.530780 0.202392 -0.274128 -0.277242
-0.232493 -0.251044 -0.222991 -0.234914 -0.201313 -0.215556 -0.250498 -0.257191 -0.258993 -0.267679
-0.265860 -0.269594 -0.263085 -0.243341 -0.205344 -0.269726 -0.232616 -0.277574 -0.269218 -0.236830
-0.248742 -0.221415 -0.101441 -0.122449 -0.134763 -0.122036 0.054768 -0.021643 0.094471 0.020308
0.317444 0.378640 0.378716 0.392073 0.463373 0.488662 0.453785 0.685412 0.799274 0.889968
0.816130 0.820708 0.572939 0.321900 -0.075973 -0.237921 -0.261649 -0.254364 -0.150986 -0.193011
-0.188281 -0.184995 -0.155318 -0.090735 -0.205769 -0.160554 -0.224953 -0.265804 -0.272093 -0.274260
-0.252198 -0.241893 -0.216676 -0.004022 0.021648 0.117224 0.228550 0.002263 0.033822 -0.236034
0.466192 0.859717 0.915912 0.707027 0.535753 0.593093 0.415806 0.363240 -0.273256 -0.275512
-0.269203 -0.258474 -0.209070 -0.211987 -0.155745 -0.161467 -0.207085 -0.220980 -0.226262 -0.235786
-0.245278 -0.237407 -0.235987 -0.222295 -0.222544 -0.233904 -0.252711 -0.271935 -0.261415 -0.228970
-0.219590 -0.193147 -0.077661 -0.062537 -0.093645 -0.095721 0.078404 0.011634 0.042234 0.000717
0.362748 0.410112 0.454852 0.260594 0.314487 0.406649 0.376987 0.459164 0.568136 0.680010
0.635564 0.804568 0.611252 0.402272 -0.097437 -0.268259 -0.265157 -0.205437 -0.102794 -0.168026
-0.146024 -0.181376 -0.143465 -0.145931 -0.214295 -0.176466 -0.212878 -0.254823 -0.263754 -0.271728
-0.255641 -0.242471 -0.238233 -0.025805 0.022800 0.073962 0.224745 0.000652 0.002861 -0.133672
0.447890 0.924311 0.903622 0.723118 0.669034 0.465442 0.123764 0.031609 -0.264973 -0.257195
-0.276109 -0.267195 -0.178111 -0.194139 -0.122771 -0.141325 -0.173361 -0.193050 -0.206879 -0.200019
-0.239018 -0.208675 -0.222895 -0.195535 -0.211790 -0.229104 -0.259677 -0.256605 -0.265483 -0.247765
-0.209342 -0.186771 -0.069206 -0.068498 -0.057752 -0.096825 0.044088 0.008941 0.011781 0.041558
0.353844 0.344766 0.393126 0.256578 0.257551 0.380599 0.417009 0.404229 0.411179 0.529832
0.532945 0.809092 0.665816 0.434428 -0.061027 -0.251821 -0.277446 -0.144349 -0.057612 -0.106283
-0.151563 -0.193418 -0.127240 -0.140349 -0.208935 -0.172654 -0.183193 -0.257820 -0.267786 -0.277977
-0.259269 -0.235785 -0.240345 0.005352 0.098905 0.135074 0.390405 0.173026 0.186215 0.222945
0.489392 0.861206 0.946645 0.768128 0.650801 0.475028 0.368805 0.110045 -0.268768 -0.257849
-0.274813 -0.267771 -0.139752 -0.172932 -0.089236 -0.089248 -0.121262 -0.148997 -0.194954 -0.194208
-0.225116 -0.184821 -0.222601 -0.180846 -0.205773 -0.235319 -0.244661 -0.255847 -0.260619 -0.257012
-0.200664 -0.198431 -0.078502 -0.093915 -0.018859 -0.050555 0.021750 0.011017 -0.021366 0.001522
0.334858 0.525055 0.504474 0.491977 0.480936 0.622095 0.716149 0.620424 0.586216 0.636520
0.563237 0.746420 0.584532 0.382140 0.038742 -0.200142 -0.257751 -0.212237 -0.145136 -0.135198
-0.202292 -0.224736 -0.121883 -0.144943 -0.240090 -0.205226 -0.194185 -0.254560 -0.262022 -0.278136
-0.259731 -0.227215 -0.247286 -0.072427 0.021944 0.034306 0.187275 0.071584 0.042036 0.142243
0.264201 0.491593 0.443216 0.151026 -0.001967 -0.058913 -0.091098 -0.253454 -0.237462 -0.261075
-0.265607 -0.249016 -0.018208 -0.099922 -0.019040 0.010270 0.031962 0.012609 -0.078565 -0.174101
-0.167080 -0.115313 -0.135043 -0.111187 -0.198047 -0.248071 -0.220976 -0.224379 -0.193758 -0.252909
-0.160326 -0.144430 -0.023398 -0.061390 0.016535 0.022315 0.082460 0.076006 0.011995 0.014376
0.426406 0.687707 0.606780 0.663091 0.614856 0.596201 0.633464 0.525684 0.563916 0.550881
0.507675 0.680457 0.644869 0.494710 0.171135 -0.107476 -0.233399 -0.184930 -0.070301 -0.082935
-0.170558 -0.181436 -0.089088 -0.078625 -0.236210 -0.200324 -0.208216 -0.250245 -0.263062 -0.277201
-0.258421 -0.233561 -0.214030 -0.074614 -0.012285 0.003455 0.144417 0.171682 0.115422 0.267823
0.329797 0.385793 0.392912 0.436113 0.401568 0.013088 -0.185951 -0.278445 -0.278399 -0.168958
0.062256 -0.097244 0.160697 0.012880 0.043265 0.039212 0.143967 0.117909 0.073254 -0.145890
-0.161391 -0.124062 -0.067129 -0.129139 -0.244880 -0.268255 -0.209008 -0.182034 -0.095237 -0.232093
-0.164880 -0.107926 0.020695 0.012174 0.016168 0.029994 0.075880 0.067295 -0.031063 -0.075484
0.256090 0.562671 0.639471 0.723321 0.784187 0.645255 0.639213 0.476102 0.490083 0.564960
0.536507 0.690573 0.692831 0.573792 0.259195 -0.050856 -0.246197 -0.216754 -0.040643 -0.072495
-0.133703 -0.187431 -0.129166 -0.071321 -0.222742 -0.136131 -0.155091 -0.213355 -0.237534 -0.277143
-0.254580 -0.224782 -0.205653 -0.064805 -0.088447 -0.118246 0.024158 0.053371 -0.016361 0.066926
0.171473 0.210792 0.287382 0.253090 0.228980 -0.081294 -0.226485 -0.276849 -0.229581 0.156785
0.273004 0.095559 0.243364 0.237902 0.285008 0.222067 0.312593 0.204645 0.181901 -0.038886
-0.033181 0.004014 0.061197 0.018564 -0.059484 -0.166244 -0.082557 -0.046265 0.120694 -0.053774
-0.051755 0.032856 0.182709 0.190476 0.144899 0.155526 0.155008 0.161641 0.020659 -0.043149
0.285261 0.608152 0.660944 0.732230 0.738717 0.580764 0.454184 0.352913 0.323501 0.478374
0.570423 0.709783 0.675555 0.548249 0.309276 -0.034364 -0.246202 -0.196043 0.028136 -0.052202
-0.097213 -0.155987 -0.070039 0.030312 -0.140443 -0.006164 -0.086043 -0.182304 -0.234877 -0.275304
-0.266863 -0.230848 -0.203073 -0.105256 -0.150902 -0.163687 0.003510 0.033860 -0.033698 -0.103791
-0.024170 0.081909 0.126957 0.043201 0.005032 -0.070292 -0.048658 -0.041767 0.243695 0.232204
0.420223 0.434170 0.828134 0.919500 0.774429 0.652389 0.778964 0.947385 0.837372 0.501353
0.646688 0.743039 0.791323 0.633762 0.530543 0.383073 0.467534 0.402311 0.433888 0.193474
0.146202 0.196804 0.270392 0.272129 0.235924 0.328275 0.287919 0.356405 0.169073 0.176205
0.586690 0.804362 0.756295 0.748730 0.736728 0.791046 0.553662 0.524686 0.456247 0.668403
0.796434 0.844735 0.696106 0.439896 0.334684 0.035161 -0.170649 -0.074870 0.183026 0.037206
-0.027150 -0.116074 -0.031709 0.091243 -0.032285 0.068275 -0.015376 -0.170196 -0.227458 -0.275515
-0.277941 -0.265262 -0.150723 -0.022624 -0.103075 -0.146082 0.057895 0.154535 0.127230 0.086455
-0.072228 0.042885 -0.047181 -0.043436 -0.165569 -0.212412 -0.081925 0.161652 0.453567 0.168669
0.404681 0.086205 0.424717 0.595684 0.367308 0.351242 0.463461 0.596778 0.619504 0.386696
0.700234 0.930722 1.032851 0.780536 0.519262 0.493419 0.572303 0.507668 0.603141 0.371943
0.370850 0.397526 0.451648 0.465904 0.390760 0.542198 0.433767 0.504839 0.298536 0.240745
0.556214 0.612916 0.543328 0.511621 0.639931 0.786025 0.598649 0.531977 0.516665 0.734893
0.837371 0.779745 0.598378 0.322658 0.250269 0.037968 -0.132078 -0.064448 0.140694 0.008945
-0.040931 -0.151795 -0.059786 0.106108 0.101709 0.220063 0.077333 -0.090515 -0.218945 -0.276413
-0.267887 -0.189386 -0.274944 -0.173208 -0.021031 -0.003835 0.066887 0.081118 -0.165827 -0.198694
-0.184969 -0.019251 -0.234136 -0.187041 -0.271506 -0.270327 -0.240981 -0.129250 0.168476 0.092134
0.282554 0.203313 0.347673 0.490930 0.256145 0.401226 0.639389 0.490951 0.494038 0.440260
0.716714 0.865996 0.771149 0.471234 0.352241 0.367099 0.238908 0.207269 0.192718 0.118541
0.123302 0.102172 0.056028 0.144323 0.231714 0.451973 0.408238 0.539428 0.496635 0.445562
0.673900 0.588403 0.419284 0.225142 0.399746 0.501688 0.589240 0.595969 0.641293 0.805361
0.815417 0.674788 0.511601 0.393999 0.213187 0.112930 -0.101550 -0.046745 0.178959 0.006545
-0.005404 -0.069774 0.004311 0.081768 0.001472 0.116218 -0.003354 -0.021678 -0.217497 -0.273672
-0.230071 -0.168759 -0.227203 -0.276871 -0.084370 0.112289 0.119425 -0.060544 -0.223392 -0.200007
-0.245030 -0.052579 -0.233974 -0.131600 -0.250223 -0.273781 -0.272450 -0.278427 -0.170932 -0.137188
0.147933 0.315222 0.393357 0.416347 0.123117 0.163282 0.469769 0.572774 0.556003 0.688941
0.786025 0.658019 0.419714 0.124425 0.207165 0.350748 0.342024 0.381522 0.378012 0.422572
0.447345 0.344879 0.142527 0.206602 0.335551 0.555737 0.660819 0.670651 0.671470 0.521305
0.676386 0.553166 0.296685 0.050316 0.221214 0.429652 0.834911 0.897526 0.956159 0.964540
0.929736 0.835243 0.579140 0.336624 0.017132 -0.111992 -0.241165 -0.165220 0.132815 -0.040115
0.092996 0.122384 0.176578 0.142434 -0.023402 0.213730 0.160776 0.022624 -0.267076 -0.274742
-0.278181 -0.106171 -0.220242 -0.264333 0.040496 0.330909 0.199969 0.050888 -0.278255 -0.258897
-0.267530 0.001050 -0.122527 -0.032662 -0.181797 -0.276517 -0.270488 -0.274844 -0.175375 -0.129831
0.085779 0.287253 0.295371 0.220434 0.104965 -0.012815 0.171286 0.459491 0.428904 0.589381
0.459338 0.320939 0.396043 0.021227 0.481508 0.758503 0.920373 1.062123 0.997721 0.914144
0.832734 0.767761 0.402476 0.379935 0.438490 0.563467 0.795393 0.746357 0.796939 0.608572
0.637455 0.568010 0.351679 0.037220 0.125131 0.301902 0.650101 0.688467 0.789105 0.772373
0.672459 0.721840 0.370940 0.201188 0.129361 -0.066095 -0.237200 -0.213692 -0.013838 -0.086391
0.241403 0.169436 0.252645 0.022387 -0.142835 0.020499 0.171892 0.193997 -0.263468 -0.278408
-0.278303 -0.075713 -0.225405 -0.223197 0.050818 0.034612 -0.183647 -0.229549 -0.277652 -0.142544
-0.240456 -0.085349 -0.214144 -0.178652 -0.240023 -0.278429 -0.259041 -0.263069 -0.259048 -0.148107
0.090017 0.340157 0.361692 0.092974 0.133642 -0.043118 0.075608 0.373528 0.343858 0.507750
0.329817 0.076123 -0.035092 -0.229129 0.138920 0.315497 0.403210 0.332441 0.317656 0.299562
0.250377 0.353383 0.207271 0.190633 0.396731 0.539408 0.782463 0.665933 0.630557 0.452277
0.398338 0.368246 0.230009 -0.024776 0.044380 0.251381 0.599098 0.732532 0.929665 0.939462
0.722016 0.594533 0.310343 0.134348 -0.004221 -0.179290 -0.264985 -0.260807 -0.162551 -0.144988
0.189216 0.176109 0.336193 -0.003911 -0.150679 0.013971 0.073718 0.121381 -0.198163 -0.247627
-0.242144 -0.161323 -0.261683 -0.277350 -0.232886 -0.141379 -0.277658 -0.256938 -0.254656 -0.170773
-0.275601 -0.192056 -0.230321 -0.109511 -0.177483 -0.196818 -0.272063 -0.260681 -0.261485 -0.092506
0.169787 0.143154 0.221974 0.055808 0.127047 0.071845 0.184665 0.476055 0.357349 0.497584
0.396980 0.307460 0.017089 -0.188595 0.161688 0.323466 0.369243 0.249481 0.108395 0.134961
0.189892 0.403990 0.449661 0.385553 0.582180 0.597844 0.833265 0.854608 0.807427 0.748843
0.634519 0.493610 0.379412 0.042283 0.071815 0.261427 0.584490 0.650444 0.748947 0.750380
0.576117 0.597834 0.438728 0.232251 -0.073399 -0.225695 -0.276886 -0.238875 -0.015994 0.027882
0.212724 0.127939 0.258799 0.082460 0.007154 0.214149 0.128483 -0.008345 -0.196445 -0.236403
-0.232940 -0.232614 -0.257502 -0.233773 -0.238660 -0.137849 -0.276424 -0.272366 -0.205877 -0.141604
-0.238845 -0.203727 -0.194203 -0.159145 -0.223594 -0.220496 -0.277145 -0.267351 -0.273240 -0.254427
-0.171013 -0.110727 0.050910 -0.013744 0.059638 0.178365 0.265601 0.442239 0.253158 0.435875
0.395536 0.360319 -0.039734 -0.154886 0.252996 0.537260 0.741195 0.449057 0.135188 0.198058
0.396147 0.540209 0.564457 0.429092 0.591654 0.613729 0.776373 0.870490 0.805723 0.738656
0.572586 0.390536 0.385384 0.036285 0.060369 0.299367 0.629083 0.824848 0.956494 0.879900
0.671300 0.705156 0.471163 0.318252 -0.052106 -0.196964 -0.262720 -0.116882 0.191656 0.192559
0.371372 0.240680 0.326090 0.370618 0.234215 0.144661 -0.006964 -0.114101 -0.182381 -0.226589
-0.207213 -0.260941 -0.268491 -0.274243 -0.266228 -0.274666 -0.277425 -0.270752 -0.234330 -0.088301
-0.230621 -0.245364 -0.248897 -0.200263 -0.210913 -0.208472 -0.243755 -0.276334 -0.278243 -0.258509
-0.266313 -0.242625 -0.147644 -0.099801 -0.004166 0.149135 0.265192 0.366113 0.206237 0.221869
0.155381 0.335649 0.183062 0.109377 0.289042 0.474963 0.573337 0.476577 0.422241 0.333261
0.445345 0.451990 0.551894 0.423151 0.620730 0.776016 0.909430 0.954097 0.942091 0.700096
0.606102 0.456733 0.536407 0.237059 0.175235 0.419064 0.766246 0.875291 1.025557 1.167236
1.106448 1.152909 1.025672 0.708682 0.396471 0.179582 -0.205216 -0.142664 0.071206 0.101799
0.295418 0.100159 0.201780 0.356869 0.305722 0.099834 -0.091434 -0.223178 -0.256681 -0.271175
-0.260054 -0.277632 -0.190891 -0.238368 -0.263308 -0.278141 -0.276714 -0.214766 -0.078191 -0.056014
-0.195839 -0.271009 -0.226641 -0.254047 -0.187709 -0.211048 -0.184148 -0.239053 -0.278256 -0.278222
-0.225442 -0.273793 -0.155953 -0.149901 -0.081016 0.213577 0.401372 0.323504 0.145472 0.056816
-0.107415 0.085694 0.143889 0.119222 0.191166 0.236512 0.188623 0.170526 0.187506 0.094489
0.068051 0.037573 0.143785 0.005089 0.155126 0.195758 0.218273 0.274436 0.272991 0.268752
0.120990 0.064346 0.020833 -0.054225 -0.033402 0.140225 0.247929 0.311642 0.500595 0.554667
0.502714 0.495605 0.414916 0.157239 0.317573 0.058573 -0.205290 -0.160228 0.049481 0.101757
0.442823 0.219321 0.430722 0.560108 0.274907 -0.041250 -0.155014 -0.270481 -0.274591 -0.259854
-0.258931 -0.266248 -0.198466 -0.199298 -0.200423 -0.234345 -0.251528 -0.232748 -0.233352 -0.009226
-0.145578 -0.196420 -0.134036 -0.153741 -0.144120 -0.229738 -0.254002 -0.240451 -0.233481 -0.189473
-0.253007 -0.277264 -0.156905 -0.097486 -0.013989 0.355490 0.430302 0.394107 0.162268 0.147612
0.013912 0.323177 0.328094 0.323165 0.326233 0.500848 0.548496 0.574402 0.501285 0.500982
0.373763 0.315019 0.305290 0.154494 0.347844 0.501620 0.682312 0.616784 0.460732 0.330322
0.158533 0.080693 -0.059130 -0.135522 -0.068885 0.084050 0.187910 0.342195 0.432680 0.469338
0.604227 0.555134 0.530796 0.167981 0.169261 -0.094782 -0.097141 0.027983 0.182116 0.165048
0.402545 0.236953 0.256928 0.295281 0.128406 -0.162461 -0.244057 -0.270780 -0.252542 -0.269389
-0.268148 -0.258483 -0.042168 0.069913 -0.137236 -0.078229 -0.176966 -0.109408 -0.127307 -0.083998
-0.180485 -0.162872 -0.203767 -0.260464 -0.254156 -0.249960 -0.217425 -0.214851 -0.106578 -0.258365
-0.204398 -0.269538 -0.107800 -0.151811 -0.010779 0.146944 0.173919 0.375763 0.120330 0.032090
-0.088740 0.096154 0.199742 0.220765 0.116826 0.215475 0.343260 0.316897 0.169537 0.209895
0.216053 0.298411 0.106415 0.036378 0.068944 0.300729 0.341510 0.279737 0.204424 0.256522
0.143330 0.060013 -0.093041 -0.165830 -0.058437 0.100636 0.243666 0.365179 0.413566 0.426071
0.526511 0.564432 0.634651 0.306543 0.356477 0.184831 0.350695 0.521199 0.528189 0.367081
0.491074 0.275204 0.167172 0.062549 -0.071293 -0.199999 -0.268920 -0.270126 -0.265842 -0.278224
-0.259896 -0.267091 0.087451 0.137283 -0.063221 -0.105735 -0.159854 -0.200396 -0.209842 -0.223549
-0.188481 -0.209434 -0.207508 -0.246219 -0.263933 -0.271552 -0.225021 -0.262167 -0.144224 -0.243624
-0.244575 -0.277542 -0.219778 -0.237069 0.040124 0.374842 0.435393 0.678564 0.365778 0.129557
-0.102833 0.146659 0.326835 0.316177 0.209514 0.285490 0.366900 0.222035 0.097170 0.110451
0.095034 0.073435 -0.047550 0.070932 0.126355 0.265490 0.152633 0.061996 0.035815 0.162630
0.035597 0.036765 -0.054087 -0.074777 -0.081620 -0.019473 0.062354 0.207045 0.160407 0.202707
0.193802 0.452079 0.565275 0.477702 0.573240 0.380249 0.134281 0.169176 0.333831 0.419134
0.687254 0.515083 0.364265 0.071545 0.068012 -0.222674 -0.273019 -0.270723 -0.278460 -0.261882
-0.260842 -0.263540 -0.026204 0.047721 -0.010053 -0.174167 -0.165562 -0.214920 -0.213984 -0.256124
-0.208349 -0.265527 -0.258468 -0.272677 -0.203917 -0.178358 -0.245818 -0.258738 -0.234477 -0.210978
-0.262651 -0.275908 -0.212793 -0.240409 0.095186 0.399245 0.322089 0.222307 0.024831 -0.178993
-0.253597 -0.091166 0.008618 0.055493 0.101590 -0.081461 -0.082029 -0.065586 0.028385 -0.007032
-0.005805 -0.048274 -0.035551 0.062561 0.105865 0.145701 0.142044 0.056304 0.008413 0.107175
0.076767 0.116322 -0.022100 0.061446 0.046920 0.122937 0.235961 0.377032 0.359187 0.458122
0.383577 0.705709 0.649567 0.553706 0.358426 0.232787 -0.076684 0.049257 0.133750 0.123531
0.172780 0.125564 -0.047350 -0.186400 -0.092423 -0.277649 -0.277211 -0.231076 -0.261930 -0.240159
-0.256500 -0.254741 -0.063182 0.032214 0.047632 -0.069274 -0.127180 -0.163437 -0.251922 -0.260203
-0.248618 -0.275889 -0.250416 -0.106574 0.008329 -0.075521 -0.221075 -0.174957 -0.174999 -0.009943
-0.270520 -0.268879 -0.255989 -0.161017 0.239986 0.480556 0.545155 0.325640 0.292115 0.000312
-0.195073 0.175440 0.333821 0.335579 0.411820 0.212400 0.251929 0.321692 0.398633 0.172038
0.105431 -0.023614 0.037155 0.105777 0.144732 0.176619 0.248665 0.113206 0.099448 0.189917
0.199544 0.302534 0.158908 0.236368 0.211945 0.197384 0.348335 0.415970 0.393924 0.455144
0.269831 0.455376 0.362209 0.259610 -0.016175 -0.044909 -0.214558 0.019785 -0.137713 -0.016951
0.129969 0.165015 -0.060296 -0.156236 -0.142447 -0.274301 -0.272696 -0.204447 -0.277880 -0.278025
-0.154179 -0.276290 -0.070735 -0.084718 0.048085 -0.026923 0.169234 0.353671 -0.087433 -0.235605
-0.251321 -0.275096 -0.227578 -0.126953 -0.181150 -0.144748 -0.123236 -0.010661 -0.214413 -0.147236
-0.278417 -0.274087 -0.271811 -0.123420 0.250693 0.293750 0.235192 0.063255 0.170855 0.054645
-0.154896 0.204897 0.398832 0.552719 0.403136 0.052238 -0.121846 -0.097238 0.233593 0.324412
0.212007 0.071728 0.134814 0.221446 0.177443 0.276488 0.293427 0.158138 0.133196 0.201893
0.208505 0.224479 0.175886 0.180641 0.197831 0.225986 0.352742 0.410015 0.472895 0.502125
0.214794 0.357890 0.181596 -0.088560 -0.278449 -0.277930 -0.219779 0.006221 -0.052148 -0.214246
-0.157406 -0.219468 -0.273556 -0.250114 -0.277950 -0.275149 -0.253794 -0.133302 -0.143358 -0.247423
-0.178483 -0.272649 -0.040602 -0.123037 0.158153 0.082030 0.162739 0.100487 -0.155105 -0.209485
-0.227128 -0.230995 -0.170765 -0.115074 -0.052258 0.254125 0.455771 0.220988 -0.219771 -0.132523
-0.270457 -0.271548 -0.246224 -0.092975 0.163456 0.195587 0.129867 -0.003289 0.009310 0.113770
-0.061001 0.153556 0.220402 0.269913 0.138693 -0.070725 -0.231456 -0.259809 -0.207600 0.048916
0.082689 0.117881 0.183254 0.289343 0.293015 0.490767 0.295303 -0.061233 -0.183610 -0.132901
0.060001 0.120325 0.201580 0.221199 0.289783 0.364654 0.487978 0.466271 0.527297 0.560027
0.211556 0.204706 -0.171359 -0.257844 -0.239276 -0.274977 -0.154719 -0.198858 -0.154938 -0.223289
-0.224180 -0.261641 -0.140193 -0.215213 -0.210510 -0.264804 -0.276923 -0.269290 -0.136967 -0.259553
-0.245590 -0.278392 0.172890 0.142220 0.344063 0.285680 0.405951 0.457370 0.143843 -0.146787
-0.181005 -0.258675 -0.174725 -0.174102 -0.158071 -0.130674 -0.001818 -0.150906 -0.248784 -0.134463
-0.271280 -0.278464 -0.278363 -0.110555 0.246327 0.386943 0.369675 0.318822 0.125775 0.253220
0.072180 0.221348 0.218647 0.189864 0.194735 -0.158183 -0.276325 -0.263869 -0.277262 0.065750
0.039513 0.088551 0.231769 0.208780 -0.010611 0.071067 -0.054582 -0.119588 -0.096728 -0.148556
-0.099434 0.016872 0.183299 0.218195 0.293973 0.363315 0.372640 0.065401 0.016911 0.005495
0.036911 0.005358 -0.183910 -0.241363 -0.265359 -0.238296 0.007470 0.002682 0.071069 0.075798
-0.235155 -0.218254 -0.141388 -0.184475 -0.113605 -0.142506 -0.176968 -0.061404 -0.228583 -0.274557
-0.272715 -0.261505 0.012559 0.001821 0.137555 0.049128 0.051072 0.231744 0.215670 -0.011284
0.050007 -0.127128 -0.177556 -0.187451 -0.132689 -0.073529 -0.086441 -0.134611 -0.221469 -0.195772
-0.264020 -0.277600 -0.274234 -0.146264 0.080699 0.215750 0.387140 0.354503 0.256467 0.353106
0.248321 0.469143 0.553795 0.472221 0.144380 -0.246570 -0.275143 -0.274584 -0.270453 0.070297
0.204219 0.386025 0.529513 0.488091 0.057407 0.262376 -0.010646 0.033950 -0.133562 -0.159495
-0.100957 0.023677 0.350844 0.309017 0.386091 0.366918 0.056853 -0.163169 -0.055439 -0.143639
-0.007584 -0.165075 -0.181514 -0.278382 -0.261302 -0.203360 -0.119768 -0.233004 -0.098538 -0.217450
-0.275404 -0.197487 -0.197972 -0.237106 -0.191526 -0.130595 0.025611 -0.040335 -0.274184 -0.269727
-0.275070 -0.237081 -0.048310 -0.027374 0.040602 -0.049206 -0.063713 0.050348 -0.009544 -0.128814
-0.186970 -0.217779 -0.205574 -0.202570 -0.147752 -0.034852 -0.046210 -0.184439 -0.212581 -0.250107
-0.246214 -0.276372 -0.278205 -0.142369 -0.090080 0.083715 0.437161 0.373701 0.361447 0.528353
0.434665 0.359305 0.392212 0.281631 0.172827 -0.217575 -0.269543 -0.258880 -0.254663 -0.142307
-0.137367 0.094490 0.292444 0.293396 -0.096317 -0.106066 -0.278250 -0.243679 -0.269291 -0.172938
-0.250366 -0.162720 0.087540 0.163483 0.392106 0.370756 -0.124548 -0.178389 -0.240067 -0.272769
-0.168568 -0.191607 -0.157569 -0.275003 -0.224483 -0.182936 -0.060417 -0.219014 -0.216429 -0.277349
-0.202447 -0.256547 -0.278162 -0.275084 -0.136893 0.083672 0.256138 0.128028 -0.126554 -0.241159
-0.259902 -0.267707 -0.098823 -0.046496 0.066074 0.106240 0.199190 0.162246 0.126391 -0.063227
-0.154484 -0.129882 -0.142067 -0.132570 -0.238802 -0.077858 -0.108175 -0.168041 -0.265199 -0.271895
-0.262868 -0.238439 -0.267036 0.031176 0.114718 0.355627 0.592361 0.407397 0.428069 0.573428
0.315665 0.053256 0.025530 -0.129902 -0.139838 -0.270881 -0.260231 -0.267292 -0.273106 -0.251802
-0.257289 -0.194303 -0.220283 -0.149184 -0.220353 -0.195937 -0.259770 -0.251062 -0.270757 -0.206203
-0.271107 -0.211490 -0.079697 0.025507 0.118467 0.033282 -0.205539 -0.239886 -0.273300 -0.276651
-0.256269 -0.275722 -0.194829 -0.270136 -0.222898 -0.222270 -0.196423 -0.182921 -0.209935 -0.245713
-0.189784 -0.276670 -0.258003 -0.271936 -0.154563 -0.002435 0.126626 0.020809 -0.175385 -0.224456
-0.265990 -0.274778 -0.146194 -0.077609 0.067424 0.028236 0.133822 0.034955 0.105126 0.004615
-0.104786 -0.028938 0.031090 0.034110 -0.199759 -0.058114 -0.196020 -0.219859 -0.219852 -0.200464
-0.271041 -0.273149 -0.264878 -0.102934 0.062653 0.192934 0.090677 0.032320 0.104898 0.409645
0.263836 0.146431 -0.107803 -0.246430 -0.231529 -0.278385 -0.235870 -0.276509 -0.277412 -0.270416
-0.278414 -0.265020 -0.253084 -0.255233 -0.235952 -0.230308 -0.274050 -0.174633 -0.227961 -0.056675
-0.277073 -0.278447 -0.257633 -0.087468 0.057065 -0.115422 -0.188306 -0.263255 -0.276673 -0.274172
-0.277421 -0.277266 -0.275997 -0.244723 -0.272859 -0.181407 -0.229898 -0.150426 -0.200175 -0.204779
-0.238677 -0.276370 -0.227166 -0.236656 -0.098244 -0.050515 0.071401 -0.016983 -0.189378 -0.192391
-0.253776 -0.270166 -0.155380 -0.031844 -0.011564 0.066685 -0.037881 -0.084452 -0.033230 -0.057715
-0.167327 -0.139929 -0.039728 -0.152047 -0.185498 -0.027920 -0.237855 -0.161147 -0.277284 -0.189202
-0.267307 -0.234192 -0.244255 -0.278415 -0.267694 -0.227490 -0.260125 -0.248065 -0.224582 -0.122182
-0.202955 -0.212019 -0.210475 -0.228023 -0.154699 -0.276196 -0.257749 -0.229672 -0.241405 -0.271244
-0.270421 -0.277563 -0.270723 -0.276924 -0.272858 -0.233731 -0.262868 -0.262364 -0.251017 -0.093643
-0.255161 -0.244091 -0.253023 0.074033 0.084026 -0.225368 -0.239484 -0.278032 -0.278326 -0.273090
-0.273822 -0.278407 -0.273820 -0.260762 -0.272606 -0.180710 -0.130611 -0.140521 -0.198223 -0.140117
-0.153321 -0.200379 -0.185483 -0.186950 -0.095937 -0.013294 0.198216 0.077909 -0.127225 -0.159017
-0.255241 -0.277750 -0.020678 -0.008132 -0.062864 0.157680 0.005188 -0.026512 -0.027878 -0.030735
-0.048401 -0.096530 0.124848 -0.086670 -0.158220 0.002552 -0.256077 -0.194025 -0.264354 -0.185373
-0.260202 -0.236150 -0.239850 -0.249015 -0.218821 -0.230965 -0.278464 -0.275352 -0.265227 -0.232582
-0.140114 -0.267290 -0.067044 -0.229767 -0.151473 -0.243389 -0.268981 -0.220071 -0.238595 -0.273096
-0.277802 -0.275629 -0.275951 -0.274384 -0.270834 -0.150179 -0.278216 -0.262691 -0.217052 0.005846
-0.277967 -0.211351 -0.277647 -0.209148 -0.271629 -0.260897 -0.254703 -0.277405 -0.277904 -0.257780
-0.257344 -0.241427 -0.273987 -0.236955 -0.276367 -0.228854 -0.207267 -0.190108 -0.210280 -0.121265
-0.108630 -0.028835 -0.182354 -0.058214 -0.151341 0.029934 0.303936 0.091860 -0.174122 -0.198412
-0.210570 -0.261743 0.149749 -0.164381 -0.082860 -0.015527 0.013366 0.029805 0.046045 0.092249
0.105986 0.039817 0.237639 -0.086219 -0.225634 -0.067645 -0.207132 0.116174 -0.257996 -0.126345
-0.167978 -0.238992 -0.267384 -0.212556 -0.163863 -0.273112 -0.265624 -0.165892 -0.227625 -0.265338
-0.223598 -0.191832 -0.236673 -0.274257 -0.229317 -0.268189 -0.226602 -0.135973 -0.191686 -0.270382
-0.278456 -0.272675 -0.278463 -0.249791 -0.217444 -0.160927 -0.276820 -0.274907 -0.278271 0.026375
-0.025596 -0.126354 -0.249705 -0.257239 -0.261194 -0.215172 -0.261187 -0.246636 -0.256980 -0.264374
-0.216660 -0.193419 -0.233857 -0.234029 -0.278022 -0.222702 -0.245519 -0.211184 -0.187340 0.095052
-0.004187 -0.024666 -0.149024 0.123080 0.116893 0.399715 0.464791 0.113813 -0.169965 -0.215675
-0.218087 -0.277394 0.026386 -0.263314 -0.104180 -0.220335 0.120427 0.012220 0.070038 0.207375
0.139110 0.021874 0.049358 -0.099232 -0.239003 -0.221474 -0.165320 0.167338 -0.097262 -0.205034
-0.136060 -0.147439 -0.156527 -0.273074 -0.229663 -0.271715 -0.256547 0.006117 -0.092384 -0.260478
-0.259830 -0.229897 -0.261451 -0.275761 -0.276457 -0.272624 -0.278300 -0.254313 -0.249736 -0.262820
-0.272474 -0.256867 -0.267924 -0.243706 -0.255646 -0.224000 -0.230003 -0.192559 -0.271459 0.010145
-0.011556 -0.158118 -0.274215 -0.244568 -0.269017 -0.196635 -0.169201 -0.133140 -0.189422 -0.240362
-0.183861 -0.181434 -0.263765 -0.278089 -0.271293 -0.224162 -0.170319 -0.222771 -0.152352 0.115296
0.122372 0.008544 -0.099493 -0.018040 0.189896 0.642620 0.584551 0.370852 -0.013839 -0.222953
-0.248316 -0.256061 -0.191907 -0.201931 0.052202 -0.038416 0.238169 -0.011016 0.113552 0.170640
0.123007 0.013300 0.010235 -0.102073 -0.191433 -0.168544 -0.116960 0.013129 0.012114 -0.105745
0.033560 -0.139613 -0.025759 -0.221430 -0.043432 -0.202632 -0.126409 -0.057922 -0.185054 -0.233801
-0.278108 -0.277651 -0.251041 -0.233790 -0.275068 -0.221518 -0.265826 -0.219569 -0.264915 -0.270691
-0.278216 -0.273417 -0.276002 -0.277448 -0.277847 -0.257820 -0.270558 -0.217119 -0.276729 -0.242933
-0.109368 -0.269309 -0.278307 -0.266362 -0.277723 -0.220556 -0.255075 -0.138592 -0.083828 -0.033165
0.007837 0.037471 -0.193006 -0.217337 -0.112931 0.181340 0.039491 -0.153149 -0.120463 0.062058
0.180694 0.105639 0.191666 0.163542 0.519492 0.462858 0.402335 0.333032 -0.083056 -0.232349
-0.277522 -0.182916 -0.274466 -0.191639 0.000845 0.234367 0.288958 0.122659 0.272259 0.121955
-0.008463 -0.130920 -0.074196 -0.120823 -0.152369 -0.112363 -0.124538 0.048669 0.196332 0.226663
0.233358 0.107272 -0.051254 -0.107009 0.045413 -0.075862 -0.121362 0.044757 -0.010702 -0.158841
-0.269142 -0.193062 -0.261299 -0.183374 -0.247195 -0.227493 -0.225715 -0.090532 -0.221554 -0.224662
-0.274774 -0.273730 -0.258002 -0.272000 -0.275557 -0.246321 -0.247132 -0.105669 -0.222738 -0.277696
-0.248749 -0.278437 -0.277595 -0.219582 -0.273719 -0.255937 -0.248333 -0.110296 -0.160009 -0.034990
0.023325 0.045377 -0.156111 -0.130392 -0.105952 0.149538 0.111660 0.098377 -0.087786 0.054247
0.106404 0.049018 0.221026 0.372532 0.785181 0.748352 0.595117 0.592973 -0.002164 -0.210133
-0.271359 -0.157761 -0.254943 0.017560 0.214587 0.516564 0.535531 0.425152 0.227431 0.083348
-0.064382 -0.144577 -0.021520 -0.104165 -0.097558 -0.030087 -0.069886 0.007805 0.308335 0.379769
0.304926 0.380489 0.012617 -0.042179 -0.063842 0.102077 -0.090184 -0.061996 -0.004715 -0.135359
-0.182136 -0.145302 -0.245712 -0.242689 -0.202267 -0.231143 -0.208248 -0.174867 -0.213508 -0.143591
-0.271430 -0.273295 -0.276659 -0.253798 -0.264169 -0.179465 -0.168928 -0.161329 -0.213121 -0.277600
-0.278314 -0.261951 -0.265908 -0.194843 -0.273489 -0.189257 -0.110968 -0.014506 0.010325 0.167880
-0.074879 0.182620 -0.013575 0.051758 -0.070359 0.052362 0.078693 0.198267 -0.112413 0.330193
0.334515 0.145984 0.128635 0.263606 0.695601 0.939458 0.630601 0.582921 0.081444 -0.121244
-0.278031 -0.205167 -0.184607 0.079240 0.336429 0.594898 0.835618 1.076427 0.337313 0.076964
-0.168845 -0.151559 0.113507 0.059018 0.128384 0.136872 0.084447 0.003370 0.281544 0.224718
0.178721 0.162750 -0.194380 -0.197233 -0.147829 0.029602 -0.098889 -0.098061 0.112031 -0.089243
-0.125297 -0.187364 -0.115653 -0.184640 -0.224470 -0.177345 -0.189627 -0.099706 -0.085411 -0.078788
-0.129394 -0.236166 -0.237599 -0.201267 -0.209686 -0.253321 -0.210067 -0.198441 -0.116120 -0.168402
-0.205671 -0.201113 -0.031780 -0.273580 -0.272410 -0.180673 -0.247758 -0.183336 -0.203899 0.082144
-0.191775 0.060570 0.005302 0.295906 0.396329 0.195734 0.167713 0.143321 -0.178025 0.313141
0.383225 0.352791 0.305313 0.437084 0.741377 0.913918 0.548733 0.511054 -0.062073 -0.098148
-0.275892 -0.230921 -0.060074 0.135470 0.305047 -0.164591 -0.038640 0.158717 0.242409 0.335431
0.125844 0.009028 0.193744 0.240112 0.316310 0.171883 0.172809 0.025195 0.287275 0.336008
0.097907 -0.023878 -0.235857 -0.179857 -0.027866 -0.018119 -0.015188 -0.116021 0.179540 0.094522
0.050775 -0.077963 0.105708 0.113308 -0.176303 -0.131089 -0.171338 -0.070276 -0.035142 -0.110549
0.003271 -0.146440 -0.122138 -0.114801 0.046025 -0.205057 -0.213057 -0.275827 -0.184257 0.072888
0.055779 -0.129224 0.197432 -0.072458 -0.026336 -0.092638 -0.271885 -0.179343 -0.230462 0.172117
-0.102361 -0.047721 -0.051857 -0.015616 0.290917 0.015816 0.232518 0.172621 -0.097798 0.149732
-0.065387 0.121002 0.419102 0.506115 0.777631 0.932540 0.445321 0.324775 -0.277695 -0.265671
-0.270653 -0.254619 0.060262 0.248595 0.387672 -0.178184 -0.247434 -0.190459 -0.078595 0.195335
0.235261 0.180427 0.265280 0.419523 0.381402 0.238503 0.389556 0.099113 0.355982 0.328208
0.015195 -0.186590 -0.186901 -0.169014 -0.036563 -0.107149 -0.056909 -0.139692 0.096781 0.121895
0.045512 -0.096064 -0.048181 -0.009236 -0.070195 -0.176215 -0.149023 -0.142389 0.076397 -0.068039
0.081255 -0.049650 -0.061353 0.017691 0.311828 -0.208571 0.027006 -0.278459 -0.075085 0.135888
0.320155 0.068424 0.263778 -0.058229 -0.099647 -0.080511 -0.209025 -0.160901 -0.189347 -0.007045
-0.064429 -0.130086 -0.112624 -0.000308 0.273776 0.226859 0.304197 0.159453 -0.114501 0.315499
-0.040829 0.181659 0.488864 0.152514 0.088103 0.567290 0.321561 0.339309 -0.277942 -0.278464
-0.271717 -0.229562 0.009534 0.031603 0.363206 0.069160 -0.256391 -0.053429 -0.117185 0.108501
0.541884 0.513864 0.512806 0.648148 0.607492 0.440499 0.334518 -0.074226 0.063598 0.221018
0.003056 -0.159550 -0.060980 -0.070656 -0.026414 -0.134812 -0.033634 -0.072797 0.093324 0.099947
-0.006278 -0.102029 -0.090171 -0.126815 -0.100336 -0.225653 -0.197227 -0.230808 0.005953 -0.044451
0.071662 0.125356 0.107076 0.106899 0.273891 0.034531 0.476629 -0.085838 0.261924 0.323715
0.427454 0.308593 0.617498 0.419030 0.724026 0.177311 0.046018 -0.150068 -0.046580 -0.085646
0.079525 -0.072802 -0.210705 0.073264 0.253979 0.599777 0.575598 0.176667 -0.025343 0.076478
-0.189077 -0.103196 0.360672 0.276819 0.031756 0.514318 0.121634 0.150208 -0.276904 -0.278415
-0.228456 -0.206426 -0.131147 -0.137511 0.268018 0.186852 -0.257064 -0.262501 -0.081268 0.192281
0.599894 0.546298 0.760630 0.819192 0.844133 0.442575 0.071641 -0.177587 0.050966 0.009067
0.082655 -0.083997 0.020343 0.023311 0.011167 0.003772 0.088821 -0.042416 0.112430 0.102365
0.064772 -0.099700 -0.118065 -0.144908 -0.077289 -0.106795 -0.145465 -0.245761 -0.125771 -0.142013
-0.028791 0.054617 0.150748 0.222675 0.254006 0.123609 0.148247 0.064905 0.427332 0.565778
0.387320 -0.120609 -0.044960 -0.042760 0.388212 0.101222 0.170537 -0.155120 -0.059469 -0.132015
0.032840 0.055180 -0.139514 0.168336 0.163302 0.452368 0.265205 0.485911 1.246760 0.317308
0.110400 -0.028250 0.567950 0.338427 -0.098415 0.302274 -0.116776 -0.058303 -0.278404 -0.255673
-0.233626 -0.197804 -0.093887 -0.221715 0.402653 0.110084 0.134553 -0.202706 0.042119 0.082530
0.364372 0.393738 0.850553 0.886163 0.822160 0.415701 0.019330 -0.174241 0.055721 0.047463
0.252097 0.101569 0.130206 -0.039918 -0.004331 0.253624 0.158499 0.034332 0.063006 0.059675
-0.033007 -0.162838 -0.162937 -0.200119 -0.131762 -0.072161 -0.063690 -0.213413 -0.134957 -0.131611
-0.088609 -0.043753 0.116000 0.155462 0.102610 0.157150 0.102598 0.071603 -0.071284 -0.023975
0.132495 -0.254322 -0.192908 -0.111191 0.178416 0.013417 -0.227447 -0.153706 0.140760 -0.163569
-0.123137 -0.205408 -0.263431 -0.199735 0.023536 0.436938 0.554566 1.071742 1.432290 0.654322
0.673603 0.158745 0.189719 -0.064605 -0.202089 0.300651 0.277168 0.283887 -0.249194 -0.184284
-0.243275 -0.241283 -0.066320 -0.174591 0.243336 0.166794 0.655749 -0.040514 0.269912 -0.137934
0.251504 0.285108 0.631017 0.829127 0.632117 -0.035969 -0.264389 -0.277472 -0.221113 -0.140724
0.335995 0.338082 0.215926 -0.049486 -0.042270 0.280121 -0.041887 -0.112303 -0.158448 0.003516
0.006270 -0.125516 -0.051437 -0.183411 -0.117214 -0.115411 -0.058769 -0.207848 -0.095758 -0.103543
-0.075492 -0.087230 -0.030097 -0.055258 -0.135584 0.116322 0.178540 -0.052814 -0.084264 -0.030672
-0.127708 -0.236046 -0.155703 0.036592 -0.056443 -0.191586 -0.278104 -0.120248 -0.023399 -0.267273
-0.274007 -0.264507 -0.277891 -0.274556 -0.096864 0.257897 0.032006 -0.060206 0.155653 0.103955
0.034595 -0.008320 -0.053366 0.114885 0.095077 0.653062 0.600055 0.243426 -0.238225 -0.226597
-0.256265 -0.242168 -0.130268 -0.085575 0.254923 0.302670 0.361283 0.102984 0.167019 -0.213833
0.155189 0.385021 0.562183 0.907833 0.716489 -0.172741 -0.268478 -0.251887 -0.208818 -0.034813
0.445747 0.429565 0.436806 0.237664 0.139212 0.572822 0.109608 0.067113 -0.187917 0.101788
0.144878 0.008039 0.119944 -0.187802 -0.108935 -0.037195 0.039014 -0.143792 0.027005 -0.036161
-0.011562 -0.100341 -0.127095 -0.078183 -0.208115 -0.119789 -0.225070 -0.278453 -0.228482 -0.195408
-0.156057 -0.153781 -0.119811 0.000208 0.126313 -0.017632 -0.271489 -0.127925 0.076103 -0.229063
-0.218419 -0.271866 -0.134637 -0.222976 0.031244 0.112301 -0.033015 -0.135918 0.050361 0.098949
-0.128057 0.174637 -0.001438 0.209629 0.066336 0.338043 0.354671 0.249059 -0.156498 -0.258859
-0.249906 -0.233940 0.134283 0.259607 0.705581 0.906677 0.981969 0.510443 -0.069286 -0.254577
0.170769 0.648494 0.868098 0.976729 0.843869 -0.189648 -0.213347 -0.278041 -0.019055 0.177393
0.636358 0.744597 0.711735 0.554266 0.247405 0.405441 0.467002 0.622670 0.322571 0.534846
0.863762 0.752885 0.716055 0.201700 0.322130 0.078869 0.205445 0.194754 0.340207 0.157138
-0.034837 0.017840 0.038426 0.126516 -0.142059 -0.088082 -0.019554 -0.169757 -0.152734 -0.119171
-0.017256 -0.017520 0.177521 -0.003366 0.162804 0.254089 0.020140 0.124331 0.432289 0.164383
0.354229 0.183935 0.133277 0.045048 0.246958 0.300264 0.202810 -0.045497 0.051122 0.254801
0.035157 0.204278 0.121182 0.111742 0.156322 0.241072 0.228857 0.194960 -0.138716 -0.225725
-0.215564 -0.274143 0.146187 0.253097 0.585164 0.512879 0.638871 0.438806 0.169008 -0.020497
0.210627 0.470560 0.614728 0.389117 0.344555 -0.169388 0.075151 -0.226004 0.047434 0.334941
0.663500 0.752815 0.824986 0.940958 0.853501 0.833182 0.937515 0.693443 0.657453 0.521205
0.776629 0.712689 0.656893 0.151055 0.269377 0.173543 0.360512 0.453602 0.050269 0.052878
-0.061818 0.164394 0.183040 0.087260 -0.059844 -0.141301 -0.000565 0.103187 -0.001354 0.137941
0.352188 0.158362 0.298094 0.044228 0.113577 0.080554 0.065604 0.072674 0.056302 0.119574
0.101154 -0.027538 0.090907 0.145955 0.093114 0.190897 0.152470 0.035825 0.102174 0.060841
0.032577 0.012272 0.011326 -0.028340 0.037822 0.052155 0.062838 0.145415 -0.179963 -0.196704
0.125982 0.323716 0.450284 0.495011 0.776841 0.761882 0.516950 0.548226 0.559262 0.634394
0.830678 0.741103 0.479217 0.647775 0.779058 0.564430 0.659760 0.642432 0.622355 0.532526
0.560635 0.583700 0.550606 0.484338 0.587291 0.636743 0.642325 1.162618 0.702001 0.242029
0.479794 0.503399 0.571407 0.428227 0.463218 0.604170 0.442607 0.681131 0.648622 0.494355
0.528223 0.661541 0.879557 0.690145 0.439397 0.483308 0.462350 0.522193 0.661738 0.689338
0.609719 0.603046 0.770230 0.647445 0.515774 0.576643 0.497118 0.569908 0.581149 0.833793
0.698894 0.241373 0.325542 0.889191 0.744018 0.380493 0.423719 0.624337 0.674806 0.588118
0.629535 0.628276 0.568650 0.570161 0.650716 0.557756 0.628372 0.661774 0.334320 -0.059262
-0.274767 -0.266775 -0.223514 -0.089692 0.151275 0.120362 -0.136266 -0.218076 -0.132746 0.010509
0.017403 -0.047644 -0.047647 0.088328 0.086742 -0.107789 -0.152433 -0.086163 -0.079629 -0.085111
-0.069249 -0.068146 -0.071571 -0.053605 0.074224 0.044486 0.014173 0.044210 -0.131813 -0.225183
-0.210283 -0.112306 -0.070857 -0.126033 -0.184110 -0.167587 -0.052671 0.023171 -0.059628 -0.124998
-0.113998 -0.001106 0.023920 -0.028499 -0.067283 -0.093141 -0.080916 -0.040898 -0.015888 -0.077227
-0.090152 -0.022063 0.049216 0.010430 -0.070109 -0.110174 -0.065558 0.005679 0.212457 0.496434
0.145543 -0.228388 -0.242474 -0.113563 -0.094841 -0.167367 -0.132517 -0.049075 -0.000181 -0.009965
-0.052476 -0.038103 -0.027510 -0.019003 0.025814 0.046598 0.052105 0.095102 0.164423 0.285882
-0.268488 -0.255432 -0.257396 -0.227101 -0.172033 -0.199223 -0.231316 -0.235791 -0.207071 -0.177979
-0.167507 -0.160252 -0.133575 -0.136834 -0.129615 -0.199797 -0.216246 -0.187801 -0.210273 -0.216663
-0.226216 -0.231851 -0.228900 -0.193751 -0.213800 -0.217201 -0.214722 -0.239333 -0.245379 -0.251876
-0.248619 -0.223461 -0.273620 -0.276072 -0.250640 -0.226683 -0.244582 -0.263322 -0.252474 -0.217767
-0.220084 -0.216868 -0.236796 -0.248593 -0.242669 -0.241196 -0.245071 -0.240553 -0.231877 -0.251620
-0.234512 -0.200689 -0.241163 -0.233688 -0.256349 -0.242544 -0.209781 -0.169668 -0.120894 -0.151886
-0.218816 -0.239167 -0.244859 -0.240502 -0.267666 -0.259181 -0.177398 -0.215265 -0.260862 -0.214011
-0.177234 -0.143465 -0.162731 -0.171607 -0.137212 -0.089260 -0.076323 0.009670 0.168993 0.159591
-0.238417 -0.226681 -0.243592 -0.233932 -0.229292 -0.246468 -0.243424 -0.228097 -0.230787 -0.218638
-0.224473 -0.202056 -0.198592 -0.192532 -0.211917 -0.250279 -0.244371 -0.211422 -0.200051 -0.211663
-0.253831 -0.260238 -0.252786 -0.240125 -0.249992 -0.262883 -0.252765 -0.255536 -0.233531 -0.219801
-0.242625 -0.252947 -0.267447 -0.250435 -0.221523 -0.260354 -0.278451 -0.277582 -0.266686 -0.250285
-0.235591 -0.251074 -0.252779 -0.260962 -0.245652 -0.254255 -0.261844 -0.216494 -0.218985 -0.224891
-0.258224 -0.260710 -0.275340 -0.274594 -0.274638 -0.241437 -0.205418 -0.230500 -0.235359 -0.246497
-0.237828 -0.222238 -0.251401 -0.263349 -0.253170 -0.244481 -0.206014 -0.266191 -0.270943 -0.272031
-0.224120 -0.215169 -0.234364 -0.216036 -0.181083 -0.181410 -0.196340 -0.139515 -0.066263 0.040694
-0.242245 -0.233895 -0.249578 -0.238345 -0.237775 -0.231092 -0.230348 -0.219024 -0.244064 -0.240522
-0.228697 -0.182395 -0.180351 -0.246755 -0.267054 -0.275673 -0.263689 -0.241487 -0.187261 -0.174342
-0.251776 -0.261837 -0.263244 -0.269943 -0.271181 -0.277250 -0.275597 -0.273627 -0.255282 -0.237253
-0.238061 -0.244448 -0.245510 -0.212352 -0.217381 -0.275588 -0.253629 -0.278453 -0.257243 -0.247751
-0.255071 -0.277635 -0.278370 -0.269287 -0.257537 -0.228128 -0.213202 -0.193847 -0.196988 -0.249957
-0.270239 -0.275604 -0.264959 -0.272335 -0.266406 -0.181606 -0.192932 -0.273828 -0.278436 -0.278280
-0.275071 -0.244826 -0.251981 -0.255722 -0.220776 -0.147751 -0.137612 -0.278028 -0.238686 -0.278444
-0.216971 -0.238178 -0.268869 -0.263680 -0.236624 -0.222673 -0.203422 -0.168420 -0.096481 0.028159
-0.243316 -0.238665 -0.240708 -0.204536 -0.184411 -0.188337 -0.156681 -0.163923 -0.215176 -0.215971
-0.169922 -0.117698 -0.031135 -0.147244 -0.230280 -0.270297 -0.271440 -0.241307 -0.186441 -0.125002
-0.167933 -0.169973 -0.222927 -0.276962 -0.276367 -0.273590 -0.275285 -0.278464 -0.272547 -0.259072
-0.212941 -0.181923 -0.066811 -0.051693 -0.256432 -0.262300 -0.228651 -0.265406 -0.275005 -0.274500
-0.271102 -0.276349 -0.275777 -0.267878 -0.256918 -0.241099 -0.122257 0.115176 0.035230 -0.170597
-0.274600 -0.237979 -0.207123 -0.249951 -0.257363 0.039590 -0.002666 -0.250274 -0.272806 -0.261479
-0.277744 -0.222147 -0.044511 -0.037250 -0.030791 -0.023262 -0.226342 -0.272122 -0.222238 -0.277918
-0.175286 -0.208626 -0.277202 -0.273789 -0.246440 -0.212291 -0.193807 -0.162668 -0.112527 -0.016184
-0.254752 -0.241171 -0.248683 -0.231572 -0.227306 -0.210697 -0.227318 -0.209955 -0.152464 -0.198374
-0.241316 -0.253505 -0.217150 -0.214776 -0.231664 -0.233812 -0.226358 -0.216950 -0.181336 -0.048638
-0.024904 -0.100363 -0.203107 -0.274829 -0.275701 -0.275921 -0.278263 -0.277241 -0.274096 -0.261873
-0.224665 -0.128286 -0.040434 -0.093163 -0.254168 -0.278248 -0.270525 -0.272655 -0.278231 -0.278427
-0.273421 -0.259409 -0.238894 -0.205134 -0.196128 -0.202873 -0.058648 0.421172 0.424940 -0.067652
-0.275608 -0.239222 -0.221330 -0.264603 -0.263949 -0.117076 -0.025496 -0.187866 -0.275279 -0.275940
-0.278440 -0.241220 0.157592 0.522195 0.221618 -0.165424 -0.278286 -0.257733 -0.261052 -0.276636
-0.229193 -0.236500 -0.256650 -0.257166 -0.228956 -0.202624 -0.196635 -0.141052 -0.092892 -0.016582
-0.259072 -0.231773 -0.249949 -0.246920 -0.236018 -0.226769 -0.264742 -0.187619 -0.072720 -0.278455
-0.277382 -0.278289 -0.247765 -0.210201 -0.274860 -0.264561 -0.216924 -0.221388 -0.191352 0.015862
0.234108 0.150628 -0.101080 -0.260598 -0.277338 -0.275612 -0.272685 -0.275886 -0.271614 -0.268858
-0.220429 -0.071522 -0.113933 -0.244985 -0.276332 -0.277785 -0.274190 -0.277097 -0.276158 -0.274706
-0.255592 -0.243733 -0.209661 -0.184443 -0.153999 -0.147841 -0.144848 0.144558 0.535152 0.268052
-0.168269 -0.277852 -0.277668 -0.277833 -0.243435 -0.117822 -0.000173 -0.091993 -0.204393 -0.252155
-0.243426 -0.199231 0.222208 1.106750 0.633690 -0.121830 -0.278128 -0.262909 -0.270638 -0.274205
-0.243814 -0.244152 -0.242737 -0.220495 -0.186836 -0.185179 -0.160581 -0.110716 -0.078066 -0.015051
-0.266174 -0.242872 -0.239525 -0.223496 -0.117254 0.085543 0.071683 -0.187490 -0.147958 -0.267757
-0.271135 -0.276155 -0.277616 -0.265143 -0.273969 -0.272408 -0.252429 -0.260802 -0.228099 -0.015880
0.006650 -0.087365 -0.195752 -0.221652 -0.218529 -0.247730 -0.268505 -0.269929 -0.259115 -0.247958
-0.133346 0.079656 -0.033910 -0.222480 -0.270828 -0.272406 -0.248163 -0.268605 -0.277999 -0.259806
-0.216071 -0.183887 -0.161309 -0.145843 -0.101276 -0.073234 -0.122493 -0.221180 -0.274905 -0.274558
-0.273436 -0.272611 -0.260299 -0.259973 -0.240940 -0.192651 -0.185699 -0.199574 -0.212614 -0.221051
-0.224524 -0.217572 0.038689 0.507157 0.192621 -0.198204 -0.278315 -0.273406 -0.275528 -0.271454
-0.251603 -0.246914 -0.225128 -0.212923 -0.196948 -0.188676 -0.168919 -0.123756 -0.103937 -0.043433
-0.254509 -0.257351 -0.255763 -0.232088 -0.123205 0.102300 0.215706 -0.025768 -0.172041 -0.179885
-0.263890 -0.259513 -0.250196 -0.263934 -0.272714 -0.266595 -0.271976 -0.277440 -0.276640 -0.225012
-0.171793 -0.168069 -0.226301 -0.221610 -0.192635 -0.222708 -0.250133 -0.250597 -0.217013 -0.231978
-0.201893 -0.088385 0.000715 -0.082917 -0.268180 -0.251827 -0.234743 -0.258717 -0.270317 -0.225673
-0.191245 -0.212070 -0.204528 -0.144848 -0.039501 -0.016585 -0.159686 -0.274213 -0.278081 -0.278465
-0.273919 -0.265503 -0.253409 -0.236499 -0.203083 -0.170384 -0.193540 -0.234724 -0.233446 -0.179019
-0.151213 -0.167603 -0.037714 0.310912 0.109005 -0.227139 -0.273890 -0.275448 -0.278449 -0.264821
-0.230664 -0.218581 -0.198936 -0.199163 -0.186420 -0.200066 -0.177919 -0.117552 -0.022142 0.000768
-0.236220 -0.231702 -0.256857 -0.240719 -0.210345 -0.195324 -0.157414 -0.120676 -0.194108 -0.232004
-0.243542 -0.199187 -0.128843 -0.164738 -0.217209 -0.239273 -0.267507 -0.266498 -0.277249 -0.276338
-0.262209 -0.264010 -0.244892 -0.178380 -0.012979 -0.054949 -0.239760 -0.251803 -0.254668 -0.266081
-0.246732 -0.159787 -0.104305 -0.241429 -0.275368 -0.226704 -0.224866 -0.267860 -0.258834 -0.216391
-0.199114 -0.251310 -0.260449 -0.237702 -0.193566 -0.151985 -0.197732 -0.264557 -0.278026 -0.271645
-0.252747 -0.273492 -0.271210 -0.244313 -0.193037 -0.186745 -0.209426 -0.252013 -0.254636 -0.229360
-0.218874 -0.194248 -0.106194 0.213177 0.189263 -0.161065 -0.262647 -0.277444 -0.278310 -0.269529
-0.227116 -0.209498 -0.187044 -0.169886 -0.180175 -0.204371 -0.186320 -0.151346 -0.071842 0.014658
-0.236460 -0.249795 -0.242955 -0.220135 -0.202011 -0.189302 -0.151526 -0.089780 -0.184699 -0.223566
-0.252807 -0.231090 -0.142793 -0.198963 -0.233077 -0.223735 -0.212539 -0.202290 -0.247218 -0.267897
-0.268211 -0.262352 -0.227513 -0.045601 -0.010328 -0.059448 -0.103805 -0.064354 -0.164089 -0.179800
-0.037212 0.468378 0.429482 0.004455 -0.245324 -0.276627 -0.273182 -0.276974 -0.209715 -0.197357
-0.221748 -0.261728 -0.256805 -0.246717 -0.203128 -0.145812 -0.101860 -0.144753 -0.233890 -0.234280
-0.261152 -0.278418 -0.275144 -0.278235 -0.262222 -0.245642 -0.257685 -0.255674 -0.261512 -0.264021
-0.260318 -0.213395 -0.145400 -0.027002 0.018373 -0.160512 -0.253783 -0.277981 -0.277712 -0.266080
-0.206433 -0.185078 -0.183729 -0.204699 -0.190407 -0.151768 -0.125547 -0.143499 -0.072584 -0.004388
-0.246060 -0.247858 -0.245929 -0.228945 -0.209648 -0.187505 -0.146300 0.026077 0.056162 -0.029049
-0.075294 -0.131635 -0.215829 -0.273213 -0.272986 -0.252745 -0.202253 -0.189227 -0.196240 -0.183408
-0.225060 -0.246125 -0.244883 -0.022439 0.023468 -0.229762 -0.261610 -0.248752 -0.229544 -0.224422
-0.134746 -0.009001 -0.013002 -0.095792 -0.147907 -0.235433 -0.247886 -0.228009 -0.173850 -0.169211
-0.228608 -0.272919 -0.271925 -0.268856 -0.255282 -0.215084 -0.158178 -0.120441 -0.033930 0.108190
-0.073007 -0.253422 -0.278462 -0.273911 -0.277275 -0.276842 -0.277216 -0.270518 -0.268300 -0.274213
-0.267937 -0.240086 -0.197737 -0.107214 -0.020697 -0.144356 -0.252348 -0.278200 -0.274093 -0.270220
-0.222645 -0.207327 -0.205497 -0.197252 -0.143942 -0.121993 -0.102950 -0.115204 -0.083108 0.000258
-0.245906 -0.230874 -0.245808 -0.235161 -0.212025 -0.188322 -0.166772 0.013455 0.023010 -0.095038
-0.161647 -0.184884 -0.249070 -0.276106 -0.270132 -0.250687 -0.239024 -0.213539 -0.162263 -0.143870
-0.217660 -0.246163 -0.235975 -0.211756 -0.203311 -0.278236 -0.275423 -0.270080 -0.227972 -0.238838
-0.197475 -0.199113 -0.181610 -0.168913 -0.200726 -0.236782 -0.246474 -0.197714 -0.122265 -0.089896
-0.228079 -0.266850 -0.275880 -0.263150 -0.235418 -0.221723 -0.209206 -0.195311 -0.182469 -0.118927
-0.002519 -0.043459 -0.181072 -0.242031 -0.275727 -0.278410 -0.278374 -0.266447 -0.254073 -0.254163
-0.253684 -0.231075 -0.136003 -0.084320 -0.120021 -0.191464 -0.256195 -0.278464 -0.272226 -0.256748
-0.193555 -0.196603 -0.222939 -0.183893 -0.132545 -0.145173 -0.137734 -0.095754 -0.106860 -0.016488
-0.249632 -0.246756 -0.262193 -0.235252 -0.190670 -0.164210 0.100454 0.457831 0.074993 -0.272519
-0.267043 -0.276338 -0.276631 -0.252489 -0.241336 -0.237786 -0.233931 -0.204546 -0.089807 0.066700
-0.136255 -0.222163 -0.184438 -0.220416 -0.251722 -0.277611 -0.273598 -0.278184 -0.263733 -0.252174
-0.232676 -0.174920 -0.101403 -0.070400 -0.170613 -0.270196 -0.277635 -0.259298 -0.165035 0.061629
-0.151656 -0.277434 -0.277455 -0.276377 -0.229464 -0.253781 -0.247751 -0.243710 -0.261542 -0.276062
-0.276370 -0.255290 -0.197667 -0.223966 -0.269141 -0.277223 -0.278218 -0.272261 -0.258383 -0.235830
-0.232222 -0.218727 -0.141340 -0.110717 -0.163085 -0.111332 -0.136057 -0.278464 -0.246890 -0.277626
-0.220245 -0.190438 -0.199819 -0.184924 -0.159794 -0.192854 -0.140586 -0.039965 -0.038016 -0.056962
-0.242976 -0.267817 -0.266150 -0.206435 -0.207712 -0.194068 -0.084566 0.796173 0.675460 -0.243517
-0.272377 -0.276125 -0.266426 -0.225637 -0.216052 -0.208054 -0.206472 -0.151936 -0.018678 0.310785
0.343650 0.074063 0.007864 -0.179945 -0.255523 -0.276686 -0.272825 -0.272490 -0.255172 -0.237602
-0.211039 -0.130004 -0.076527 -0.062478 -0.114095 -0.268015 -0.278305 -0.269013 -0.199529 0.000329
0.056119 -0.227943 -0.276887 -0.236964 -0.208019 -0.259176 -0.246232 -0.132990 -0.166662 -0.270189
-0.278443 -0.271760 -0.238275 -0.240857 -0.268933 -0.277225 -0.278081 -0.277934 -0.259146 -0.222161
-0.210068 -0.216163 -0.106627 -0.026037 -0.043562 -0.045674 -0.174942 -0.274775 -0.219533 -0.275851
-0.225008 -0.194915 -0.190576 -0.178856 -0.159518 -0.194092 -0.209096 -0.135127 -0.098162 -0.049376
-0.249144 -0.237498 -0.180651 0.010404 -0.054211 -0.130799 -0.245149 -0.271690 -0.239497 -0.255583
-0.258592 -0.252915 -0.238259 -0.218485 -0.174274 -0.199742 -0.210956 -0.167113 -0.156523 -0.146666
-0.016470 -0.032041 -0.132662 -0.223771 -0.243616 -0.248084 -0.219342 -0.210075 -0.201103 -0.197205
-0.182664 -0.175693 -0.200294 -0.237312 -0.232588 -0.244376 -0.244043 -0.262517 -0.246084 -0.206129
-0.107833 -0.160337 -0.162673 -0.058063 -0.214958 -0.278314 -0.252593 0.258475 0.198937 -0.233514
-0.277362 -0.272560 -0.274468 -0.276031 -0.274523 -0.278260 -0.270028 -0.275785 -0.262432 -0.225222
-0.193942 -0.172711 0.128566 0.556766 0.341468 0.083680 -0.081613 -0.277383 -0.209757 -0.266017
-0.236499 -0.205552 -0.200468 -0.180782 -0.138842 -0.150749 -0.184353 -0.146163 -0.108199 -0.026369
-0.251415 -0.228185 -0.111158 0.079901 -0.097407 -0.167142 -0.171302 -0.277519 -0.278432 -0.253121
-0.208741 -0.199054 -0.223428 -0.202146 -0.172326 -0.189171 -0.222493 -0.199023 -0.188868 -0.194069
-0.149838 -0.144354 -0.224626 -0.250774 -0.240922 -0.220411 -0.187815 -0.185167 -0.206639 -0.213888
-0.185120 -0.147626 -0.184166 -0.210005 -0.213446 -0.236370 -0.225651 -0.234388 -0.207850 -0.202460
-0.174617 -0.162688 -0.003897 0.159210 -0.128705 -0.242856 -0.227958 0.446643 0.774857 -0.028823
-0.263363 -0.276133 -0.258572 -0.274725 -0.278429 -0.256997 -0.241279 -0.269701 -0.269673 -0.243657
-0.193443 -0.145461 0.385897 0.979410 0.619320 0.473726 -0.145465 -0.271074 -0.204851 -0.253011
-0.263200 -0.196717 -0.187986 -0.217006 -0.216036 -0.220023 -0.193085 -0.145652 -0.057467 0.013419
-0.254278 -0.233367 -0.209753 -0.147987 -0.157712 -0.189215 -0.243390 -0.264621 -0.263005 -0.225604
-0.131907 -0.125833 -0.227120 -0.234806 -0.201511 -0.143077 -0.149480 -0.192454 -0.234268 -0.188118
-0.196311 -0.176212 -0.192512 -0.185062 -0.223373 -0.239610 -0.219882 -0.220732 -0.224032 -0.216085
-0.218223 -0.217002 -0.221459 -0.242179 -0.247015 -0.235665 -0.234190 -0.207886 -0.174613 -0.215223
-0.220273 -0.191340 -0.040103 0.161371 0.247169 -0.042448 -0.148299 0.052282 0.127377 -0.175175
-0.270969 -0.263386 -0.254649 -0.278266 -0.278460 -0.241358 -0.234619 -0.271341 -0.260875 -0.232095
-0.196184 -0.132391 0.416916 0.937012 0.804928 0.487309 -0.188904 -0.247686 -0.212048 -0.268744
-0.243945 -0.174801 -0.186672 -0.211198 -0.232728 -0.236297 -0.210138 -0.149056 -0.072779 0.017310
-0.252609 -0.243642 -0.226537 -0.192538 -0.137493 -0.173570 -0.239879 -0.217641 -0.236449 -0.191045
-0.196244 -0.248596 -0.263550 -0.240291 -0.212989 -0.163549 -0.157352 -0.202143 -0.201955 -0.143667
-0.186163 -0.189402 -0.240683 -0.222136 -0.183287 -0.236511 -0.239715 -0.236114 -0.217152 -0.210341
-0.210032 -0.197241 -0.196756 -0.220167 -0.227843 -0.241605 -0.222474 -0.174624 -0.198328 -0.214001
-0.206136 -0.189464 -0.081942 0.207054 0.704706 1.039568 0.786325 0.630639 0.569254 0.228416
-0.018329 -0.186153 -0.160246 0.039894 -0.187514 -0.277319 -0.273596 -0.278324 -0.235895 -0.188900
-0.154343 -0.080360 0.420406 1.114532 1.166713 0.634597 -0.114371 -0.266429 -0.222453 -0.275766
-0.228228 -0.171567 -0.167337 -0.188753 -0.191450 -0.191930 -0.157845 -0.122072 -0.074636 -0.052090
-0.241436 -0.259454 -0.242114 -0.212518 -0.217571 -0.186936 -0.116082 0.035805 -0.063333 -0.123258
-0.182005 -0.278064 -0.268613 -0.269596 -0.218797 -0.207586 -0.157719 -0.161247 -0.153870 -0.209260
-0.232863 -0.267560 -0.251017 -0.185295 -0.145821 -0.230618 -0.234080 -0.224718 -0.216035 -0.207844
-0.192611 -0.199491 -0.218189 -0.217351 -0.177297 -0.202628 -0.213415 -0.229805 -0.223045 -0.214668
-0.195881 -0.185431 -0.160339 -0.021492 0.118907 0.245429 0.180726 0.119760 0.149901 0.031588
-0.090009 -0.178240 -0.147247 -0.103031 -0.177244 -0.226514 -0.237204 -0.238129 -0.219470 -0.194108
-0.166068 -0.093739 0.379204 0.869640 0.653200 0.298981 -0.116317 -0.277181 -0.240625 -0.277026
-0.224930 -0.175056 -0.174239 -0.183240 -0.188752 -0.168017 -0.127105 -0.090243 -0.107429 -0.069389
-0.222577 -0.241739 -0.247092 -0.205033 -0.188362 -0.158974 -0.034793 0.175591 0.189821 0.175843
-0.144691 -0.275618 -0.256271 -0.273370 -0.196440 -0.205150 -0.170733 -0.128462 -0.059509 -0.131468
-0.176020 -0.251834 -0.209249 -0.147154 -0.159605 -0.184464 -0.211139 -0.187068 -0.162373 -0.158529
-0.145968 -0.168363 -0.175904 -0.161670 -0.106923 -0.160929 -0.179992 -0.230412 -0.238469 -0.248592
-0.212782 -0.179398 -0.165281 -0.059367 -0.055050 -0.115926 -0.153945 -0.138152 -0.108523 -0.145896
-0.163451 -0.172206 -0.156769 -0.157170 -0.181637 -0.161218 -0.187926 -0.190218 -0.176569 -0.159444
-0.140539 -0.087192 0.285916 0.767498 0.571902 0.421260 -0.009685 -0.271118 -0.261044 -0.278414
-0.190560 -0.150943 -0.152100 -0.165692 -0.150413 -0.157120 -0.122628 -0.103014 -0.021498 0.060599
-0.255136 -0.221458 -0.238387 -0.206380 -0.174197 -0.165433 -0.067009 0.018662 -0.084106 -0.109485
-0.220687 -0.269865 -0.255762 -0.272122 -0.204633 -0.217450 -0.216569 -0.179825 -0.171138 -0.190627
-0.231593 -0.178866 -0.175689 -0.157001 -0.166860 -0.148310 -0.172896 -0.160024 -0.190805 -0.185008
-0.157708 -0.115802 -0.098457 -0.127459 -0.103337 -0.095836 -0.122904 -0.188592 -0.265402 -0.263665
-0.228518 -0.192583 -0.124072 -0.026531 -0.113512 -0.248821 -0.264247 -0.245238 -0.225710 -0.223598
-0.229313 -0.209196 -0.206535 -0.191546 -0.178359 -0.210755 -0.245267 -0.218938 -0.202830 -0.189904
-0.141734 -0.077097 0.223264 0.808825 0.636422 0.018589 -0.241720 -0.275970 -0.271107 -0.271936
-0.184538 -0.153061 -0.133706 -0.131093 -0.130742 -0.137788 -0.116409 -0.085607 -0.010427 0.009205
-0.267071 -0.220154 -0.227613 -0.201982 -0.195515 -0.152433 0.086827 0.273912 -0.050876 -0.134363
-0.234626 -0.265025 -0.228313 -0.278463 -0.229184 -0.230243 -0.245596 -0.232919 -0.194569 -0.202071
-0.221117 -0.142242 -0.088860 -0.117358 -0.145641 -0.127604 -0.154394 -0.088380 -0.125118 -0.180054
-0.191351 -0.152425 -0.150176 -0.116032 -0.146028 -0.065123 -0.009862 -0.198191 -0.249445 -0.239350
-0.214162 -0.213149 -0.113081 -0.005625 -0.059936 -0.228950 -0.254788 -0.242453 -0.212408 -0.217057
-0.234780 -0.174883 -0.230277 -0.215187 -0.175957 -0.228911 -0.278153 -0.273443 -0.264297 -0.234166
-0.182077 -0.157269 -0.079378 0.505801 1.005361 0.177892 -0.230349 -0.278442 -0.277512 -0.248290
-0.181855 -0.166395 -0.173305 -0.170965 -0.165625 -0.139808 -0.115867 -0.080417 -0.035029 -0.031290
-0.258942 -0.234355 -0.232702 -0.225197 -0.207324 -0.098836 0.453812 1.093080 0.290772 -0.002050
-0.254070 -0.240011 -0.214440 -0.271257 -0.272346 -0.254224 -0.265894 -0.260036 -0.201162 -0.219496
-0.200481 -0.133492 -0.088296 -0.080406 -0.115698 -0.097280 -0.052096 -0.089713 -0.105047 -0.154406
-0.276356 -0.243730 -0.194717 -0.156377 -0.189185 -0.194225 -0.196808 -0.214905 -0.192834 -0.174288
-0.124893 -0.160536 -0.210506 -0.170311 -0.150721 -0.223031 -0.198399 -0.172627 -0.198778 -0.239487
-0.204795 -0.075898 -0.135498 -0.156431 -0.238310 -0.277904 -0.278462 -0.278151 -0.277711 -0.248344
-0.194791 -0.231533 -0.263426 -0.216363 -0.084780 -0.116281 -0.220590 -0.252291 -0.249108 -0.215092
-0.157611 -0.167056 -0.163080 -0.181719 -0.163714 -0.129359 -0.116939 -0.142432 -0.148711 -0.047139
-0.210008 -0.249374 -0.236977 -0.222914 -0.176833 -0.074287 0.314014 1.356881 1.259719 0.764981
-0.135832 -0.271163 -0.238188 -0.273479 -0.270715 -0.261227 -0.274739 -0.260576 -0.229585 -0.233848
-0.209453 -0.133948 -0.093065 -0.083754 -0.052232 -0.083454 -0.097845 -0.125382 -0.223693 -0.152478
-0.191875 -0.251995 -0.050049 -0.190442 -0.180571 -0.189270 -0.201440 -0.180241 -0.145950 -0.137266
-0.174965 -0.179511 -0.198816 -0.204980 -0.197036 -0.162990 -0.153204 -0.111922 -0.017648 -0.138068
-0.218393 -0.097262 -0.010884 -0.057945 -0.141721 -0.273551 -0.277038 -0.278274 -0.264001 -0.227832
-0.212495 -0.246128 -0.269659 -0.275237 -0.254983 -0.223205 -0.216492 -0.197069 -0.196018 -0.182406
-0.178538 -0.196209 -0.190915 -0.176962 -0.138047 -0.119723 -0.020609 -0.025465 -0.119682 -0.079745
-0.256172 -0.213689 -0.239489 -0.210437 -0.160655 -0.084259 0.149011 0.790790 0.723555 0.234903
-0.147769 -0.271176 -0.267257 -0.277923 -0.259990 -0.272156 -0.272994 -0.260329 -0.233655 -0.222097
-0.198953 -0.145099 -0.093869 -0.078846 -0.069259 -0.085865 -0.139321 -0.226208 -0.146569 -0.271609
-0.278130 -0.275156 -0.260143 -0.277058 -0.182285 -0.209206 -0.196525 -0.139433 -0.156359 -0.164151
-0.180986 -0.187176 -0.159273 -0.129672 -0.169498 -0.199575 -0.208545 -0.169196 -0.142903 -0.154204
-0.210230 -0.167008 0.005442 0.117827 -0.125869 -0.277582 -0.276178 -0.276668 -0.242300 -0.209785
-0.217505 -0.236714 -0.272073 -0.274580 -0.253832 -0.253654 -0.247061 -0.214574 -0.207240 -0.190067
-0.200364 -0.208617 -0.191900 -0.178447 -0.153531 -0.131961 -0.098644 -0.080616 -0.096040 -0.058443
-0.269302 -0.225817 -0.241143 -0.215728 -0.172007 -0.086110 0.139848 0.536724 0.250569 0.008041
-0.192888 -0.275082 -0.278300 -0.276742 -0.256208 -0.250680 -0.256763 -0.252314 -0.206072 -0.215562
-0.168992 -0.146809 -0.067139 -0.035962 0.008732 0.013145 0.010433 -0.043674 0.132237 0.155687
-0.101590 -0.265305 -0.270726 -0.278350 -0.252774 -0.207504 -0.137445 -0.117269 -0.146997 -0.160646
-0.186545 -0.168759 -0.173599 -0.159191 -0.146965 -0.215603 -0.231400 -0.198212 -0.199623 -0.217472
-0.178237 -0.181182 -0.166806 -0.196266 -0.235437 -0.276179 -0.277967 -0.270286 -0.236590 -0.221335
-0.185944 -0.202498 -0.241522 -0.238477 -0.245806 -0.266888 -0.273391 -0.254356 -0.258358 -0.215851
-0.203733 -0.196037 -0.178839 -0.167606 -0.139143 -0.125016 -0.110092 -0.104440 -0.082432 -0.050389
-0.223432 -0.242880 -0.256003 -0.210839 -0.175194 -0.096198 0.192931 0.582428 0.308952 -0.012634
-0.248650 -0.278126 -0.277221 -0.278080 -0.278256 -0.261813 -0.219466 -0.228449 -0.211566 -0.222378
-0.173780 -0.152229 -0.090054 -0.017029 -0.009446 -0.005279 0.022771 0.345664 1.164900 0.300006
-0.211147 -0.278306 -0.278112 -0.278439 -0.278180 -0.181459 -0.140992 -0.114759 -0.126968 -0.146162
-0.137146 -0.113523 -0.130811 -0.192487 -0.193744 -0.149777 -0.046309 -0.058460 -0.240261 -0.234627
-0.183227 -0.200847 -0.248280 -0.278292 -0.278451 -0.277173 -0.277948 -0.274637 -0.239999 -0.207605
-0.157472 -0.159585 -0.045009 0.078967 -0.015030 -0.227831 -0.272837 -0.271985 -0.276152 -0.252177
-0.201427 -0.175530 -0.174027 -0.171860 -0.140357 -0.121089 -0.101338 -0.094463 -0.061522 -0.018447
-0.213797 -0.238532 -0.239159 -0.198624 -0.144608 -0.101424 0.093969 0.321802 0.245434 -0.056259
-0.234913 -0.270683 -0.221999 -0.153024 -0.271451 -0.275772 -0.223021 -0.205355 -0.182800 -0.203820
-0.183465 -0.163782 -0.095479 -0.039335 -0.030419 0.001482 0.063380 0.236870 0.324698 0.841970
1.267159 0.356074 -0.264429 -0.274874 -0.261558 -0.138910 -0.110198 -0.073791 -0.109454 -0.126615
-0.118468 -0.144839 -0.206295 -0.196865 -0.224648 -0.169989 -0.025743 0.216619 -0.002164 -0.131007
-0.202702 -0.221878 -0.257520 -0.278177 -0.278462 -0.276152 -0.272946 -0.275801 -0.248806 -0.216206
-0.204350 -0.173403 0.049912 0.308081 0.154910 -0.086045 -0.255931 -0.278433 -0.278359 -0.266011
-0.196393 -0.156450 -0.160648 -0.173692 -0.144185 -0.107279 -0.102664 -0.114928 -0.153312 -0.080296
-0.243986 -0.202804 -0.221032 -0.187414 -0.171094 -0.124817 0.083852 0.417622 0.201429 -0.116768
-0.266383 -0.278465 -0.277793 -0.269685 -0.254159 -0.244533 -0.228964 -0.228630 -0.198907 -0.165323
-0.210457 -0.156758 -0.095850 -0.064121 -0.054377 -0.051049 -0.026156 -0.089503 0.045636 0.692244
0.952508 -0.054283 -0.278138 -0.242604 -0.125026 -0.061342 -0.049266 -0.047434 -0.056931 -0.073690
-0.106100 -0.123266 -0.188750 -0.220263 -0.179118 -0.167504 -0.076561 0.201121 0.141170 -0.113585
-0.215779 -0.267969 -0.278449 -0.277719 -0.273546 -0.272428 -0.268784 -0.267069 -0.249378 -0.246559
-0.242753 -0.211164 -0.025660 0.400916 0.185860 -0.031719 -0.186503 -0.278463 -0.271823 -0.263529
-0.202085 -0.151955 -0.157583 -0.152142 -0.101990 -0.055367 -0.060679 -0.138940 -0.169836 -0.149270
-0.257297 -0.189414 -0.215784 -0.194209 -0.157394 -0.089670 0.170530 0.320739 0.074903 -0.178500
-0.278371 -0.269845 -0.276247 -0.275208 -0.233488 -0.185104 -0.177127 -0.160562 -0.167347 -0.208909
-0.271761 -0.215126 -0.116059 -0.131260 -0.065004 -0.071300 -0.047767 -0.035116 -0.050054 -0.117967
-0.109459 -0.101009 -0.098883 -0.065144 -0.079967 -0.057497 -0.073888 -0.067493 -0.100251 -0.161357
-0.162211 -0.177802 -0.187617 -0.187336 -0.163730 -0.136738 -0.104583 0.015257 0.038230 -0.103734
-0.207889 -0.246376 -0.259152 -0.262018 -0.263858 -0.266577 -0.256558 -0.251182 -0.262250 -0.261918
-0.235851 -0.208922 0.039392 0.254261 0.182114 0.064834 -0.069513 -0.277939 -0.249163 -0.275998
-0.186993 -0.157232 -0.185543 -0.166654 -0.141793 -0.114856 -0.021910 -0.057318 -0.119901 -0.151159
-0.249182 -0.234052 -0.215969 -0.191200 -0.128946 -0.113405 -0.018559 0.175966 0.127264 -0.032448
-0.210335 -0.277101 -0.270740 -0.276698 -0.270925 -0.205632 -0.138966 -0.161700 -0.118305 -0.259115
-0.278462 -0.232346 -0.157267 -0.157066 -0.119338 -0.093946 -0.014359 0.021684 -0.018706 0.019124
-0.084671 -0.065440 -0.015643 0.032604 -0.031807 0.052739 -0.121587 -0.192404 -0.164595 -0.192529
-0.211435 -0.194258 -0.184607 -0.135161 -0.170674 -0.162439 -0.093693 0.007572 -0.115520 -0.246681
-0.262417 -0.247461 -0.229454 -0.250699 -0.257204 -0.244632 -0.245494 -0.251979 -0.267922 -0.267250
-0.228514 -0.158160 0.207901 0.632205 0.785478 0.264179 -0.175682 -0.278428 -0.241895 -0.277781
-0.198678 -0.172247 -0.182587 -0.163737 -0.158621 -0.116723 -0.076120 -0.054040 -0.068168 -0.072365
-0.236572 -0.255380 -0.241041 -0.183191 -0.117291 -0.072817 0.128396 0.315572 -0.075634 -0.241209
-0.258607 -0.197183 -0.103607 -0.116277 -0.190781 -0.196647 -0.165526 -0.187920 -0.254806 -0.278197
-0.263565 -0.267966 -0.191765 -0.187452 -0.167723 -0.151160 -0.102318 -0.058538 -0.051544 -0.073150
-0.049961 -0.049908 -0.058245 -0.092333 0.055759 0.504072 0.292977 -0.253585 -0.247052 -0.184802
-0.219851 -0.221416 -0.193134 -0.175783 -0.153442 -0.175877 -0.135150 -0.063082 -0.115083 -0.235890
-0.261342 -0.240112 -0.201307 -0.197138 -0.226350 -0.230512 -0.246874 -0.256254 -0.267385 -0.266053
-0.230850 -0.136509 0.251619 0.799629 0.765813 0.235907 -0.189388 -0.278263 -0.239206 -0.278343
-0.209749 -0.187482 -0.210957 -0.184002 -0.171014 -0.192274 -0.174847 -0.132651 -0.093264 -0.027143
-0.247313 -0.237534 -0.229522 -0.191780 -0.160627 -0.097623 0.269911 0.802350 0.090133 -0.264947
-0.276748 -0.219532 -0.174850 -0.157843 -0.160082 -0.197335 -0.233210 -0.221742 -0.265096 -0.278216
-0.278322 -0.256385 -0.193788 -0.182321 -0.151313 -0.133597 -0.094860 -0.119352 -0.091225 -0.094353
-0.116182 -0.099226 -0.072689 -0.052493 -0.010669 -0.005197 -0.071108 -0.081505 -0.216722 -0.232081
-0.205128 -0.193026 -0.181662 -0.172251 -0.153443 -0.175595 -0.189200 -0.172456 -0.152275 -0.177718
-0.242722 -0.242293 -0.234220 -0.235096 -0.243342 -0.235609 -0.240831 -0.264122 -0.262822 -0.255703
-0.231232 -0.161580 0.216613 0.793929 0.661134 0.087075 -0.249414 -0.267721 -0.254530 -0.278450
-0.231824 -0.209741 -0.203028 -0.185154 -0.166093 -0.193709 -0.157651 -0.138446 -0.082843 0.027048
-0.238347 -0.203019 -0.234826 -0.227233 -0.169487 -0.078623 0.189302 0.796502 0.616742 -0.052648
-0.196894 -0.113485 0.119135 0.340843 0.377876 0.027411 -0.202906 -0.255331 -0.253987 -0.275066
-0.266087 -0.255656 -0.196607 -0.170337 -0.126031 -0.130289 -0.134186 -0.143603 -0.151496 -0.146521
-0.117265 -0.117776 -0.124426 -0.086267 -0.092725 -0.104567 -0.113707 -0.162162 -0.171818 -0.159754
-0.174298 -0.200197 -0.178913 -0.149708 -0.148756 -0.158655 -0.155382 -0.124434 -0.164113 -0.213912
-0.227596 -0.219049 -0.239652 -0.250470 -0.260686 -0.245761 -0.254068 -0.271987 -0.265228 -0.255059
-0.243520 -0.183819 0.177887 0.977359 1.086483 0.274768 -0.223221 -0.276285 -0.276453 -0.272252
-0.224930 -0.196155 -0.169043 -0.162888 -0.160272 -0.155170 -0.143815 -0.122471 -0.062846 0.023407
-0.247779 -0.225325 -0.235959 -0.225106 -0.196491 -0.163262 -0.073713 0.104755 0.284237 0.042109
-0.115685 -0.146081 -0.069123 0.091231 0.444195 0.674659 0.272038 -0.033174 -0.142542 -0.268467
-0.252966 -0.277387 -0.191082 -0.176878 -0.152363 -0.170989 -0.171489 -0.176374 -0.176925 -0.182088
-0.173104 -0.164556 -0.136310 -0.141046 -0.180471 -0.181118 -0.116279 -0.133472 -0.185852 -0.218603
-0.200674 -0.192153 -0.192801 -0.173864 -0.168943 -0.173934 -0.138470 -0.124995 -0.175430 -0.203612
-0.207504 -0.209893 -0.221861 -0.233581 -0.264655 -0.272713 -0.271521 -0.272999 -0.267961 -0.265782
-0.245537 -0.197576 -0.074235 0.162262 0.208824 0.035618 -0.191705 -0.262895 -0.271029 -0.258420
-0.194833 -0.165916 -0.167450 -0.180124 -0.122408 -0.151917 -0.089678 -0.062566 -0.123854 -0.059570
-0.255893 -0.253141 -0.245488 -0.218109 -0.187231 -0.187366 -0.092121 -0.031670 -0.027951 -0.023110
-0.153397 -0.208037 -0.169850 -0.138913 -0.027591 0.462897 0.847898 0.399624 -0.187565 -0.275643
-0.253917 -0.278452 -0.165169 -0.122164 -0.137422 -0.145530 -0.150226 -0.176629 -0.168322 -0.152475
-0.149510 -0.143992 -0.143392 -0.141708 -0.082968 -0.113480 -0.143180 -0.164618 -0.203148 -0.209148
-0.198003 -0.179870 -0.166895 -0.153185 -0.149886 -0.162107 -0.154213 -0.121604 -0.157119 -0.196062
-0.218906 -0.183373 -0.117274 -0.174761 -0.251874 -0.258674 -0.242702 -0.259135 -0.269008 -0.272001
-0.266026 -0.251753 -0.202322 -0.115965 -0.033598 -0.074109 -0.187383 -0.222978 -0.240805 -0.205783
-0.160967 -0.154102 -0.167093 -0.163805 -0.138926 -0.154368 -0.138689 -0.003590 0.043622 -0.063675
-0.257343 -0.246998 -0.244214 -0.214021 -0.194329 -0.149378 -0.122197 -0.097656 -0.129094 -0.141806
-0.154754 -0.117762 -0.075740 -0.010190 0.045062 0.039519 -0.083089 -0.246954 -0.277786 -0.242665
-0.230265 -0.278292 -0.146049 -0.129926 -0.141756 -0.156516 -0.190225 -0.199330 -0.193466 -0.220960
-0.219938 -0.221304 -0.218432 -0.164093 -0.124015 -0.171443 -0.211266 -0.183042 -0.183083 -0.199452
-0.181628 -0.172040 -0.178761 -0.164406 -0.144172 -0.136812 -0.165072 -0.156627 -0.188391 -0.224229
-0.244232 -0.230210 -0.201927 -0.197006 -0.240299 -0.240135 -0.229578 -0.233217 -0.239931 -0.258035
-0.260516 -0.254441 -0.203767 -0.083748 -0.070777 -0.199571 -0.241552 -0.233073 -0.252037 -0.201402
-0.163881 -0.158936 -0.140069 -0.080302 -0.084656 -0.153869 -0.184253 -0.079482 -0.018604 -0.021879
-0.246304 -0.237288 -0.247470 -0.217757 -0.190124 -0.134724 -0.110457 -0.111216 -0.129457 -0.157434
-0.140381 -0.003935 0.157063 0.565317 1.394687 2.033483 1.198881 0.064447 -0.278394 -0.235131
-0.248104 -0.277931 -0.172503 -0.148842 -0.156731 -0.174823 -0.196530 -0.184813 -0.166743 -0.207366
-0.237661 -0.245864 -0.237163 -0.123804 -0.038106 -0.216185 -0.267651 -0.233411 -0.172064 -0.193453
-0.186225 -0.192245 -0.199875 -0.169575 -0.138053 -0.152770 -0.166554 -0.130851 -0.154368 -0.231857
-0.262225 -0.254276 -0.225560 -0.227095 -0.217988 -0.192370 -0.210291 -0.256353 -0.270219 -0.267623
-0.267119 -0.260868 -0.203934 -0.069227 -0.049293 -0.154411 -0.242097 -0.267137 -0.275960 -0.244177
-0.182063 -0.210158 -0.211816 -0.141833 -0.125722 -0.208291 -0.208918 -0.084164 0.015102 0.047686
-0.252819 -0.242654 -0.246616 -0.226654 -0.195494 -0.211024 -0.204353 -0.183609 -0.149746 -0.151234
-0.191774 -0.196176 -0.123646 -0.012300 0.185808 0.495195 0.599780 0.178827 -0.150025 -0.206780
-0.264418 -0.244880 -0.226971 -0.199921 -0.171311 -0.208890 -0.211281 -0.149423 -0.168707 -0.223819
-0.245366 -0.273758 -0.271455 -0.246301 -0.247769 -0.275371 -0.278436 -0.272653 -0.198571 -0.180575
-0.222834 -0.232498 -0.203477 -0.190666 -0.170555 -0.176139 -0.151812 -0.105835 -0.146335 -0.237721
-0.271461 -0.264386 -0.231710 -0.217684 -0.167094 -0.153946 -0.171340 -0.229618 -0.276078 -0.277583
-0.277748 -0.272205 -0.221245 -0.069170 0.051532 0.091216 -0.083988 -0.273636 -0.278432 -0.241483
-0.118293 -0.115192 -0.173815 -0.217311 -0.244166 -0.249838 -0.232862 -0.178680 -0.115967 0.015231
-0.249689 -0.219905 -0.204688 -0.144469 -0.179383 -0.174351 -0.167543 -0.171308 -0.197612 -0.167785
-0.108881 -0.160470 -0.159324 -0.126449 -0.119049 -0.148775 -0.009966 -0.059333 -0.020160 0.162564
-0.078602 -0.189207 -0.243345 -0.218556 -0.172809 -0.242314 -0.229497 0.108288 0.169086 -0.097154
-0.204314 -0.270141 -0.277896 -0.263853 -0.248928 -0.277378 -0.277046 -0.275074 -0.246386 -0.213242
-0.219620 -0.243816 -0.230876 -0.187889 -0.152169 -0.177426 -0.149900 -0.069010 -0.145489 -0.248676
-0.276974 -0.274144 -0.256211 -0.244695 -0.165492 -0.047188 -0.114504 -0.232701 -0.275815 -0.278313
-0.278155 -0.266802 -0.167919 0.076008 0.201528 0.078998 -0.149450 -0.276001 -0.273061 -0.262341
-0.189411 -0.193819 -0.228099 -0.241910 -0.241390 -0.245257 -0.211489 -0.056440 0.038849 -0.048330
-0.277523 -0.273663 -0.266119 -0.202050 -0.201843 -0.171973 -0.154674 -0.178681 -0.139592 -0.133102
-0.189541 -0.212742 -0.228826 -0.225142 -0.232404 -0.266539 -0.199900 -0.138279 -0.156350 -0.045229
-0.041588 -0.193563 -0.249509 -0.222499 -0.214978 -0.275706 -0.255182 -0.041116 -0.110164 -0.240873
-0.270667 -0.275157 -0.269749 -0.255667 -0.254714 -0.275817 -0.277094 -0.272187 -0.260540 -0.251775
-0.230275 -0.236830 -0.227542 -0.189104 -0.196590 -0.184613 -0.146830 -0.069535 -0.161763 -0.256068
-0.275256 -0.267239 -0.232602 -0.241090 -0.218671 -0.134334 -0.181983 -0.255441 -0.276501 -0.278443
-0.271700 -0.237962 -0.110780 0.035297 0.166322 -0.027102 -0.201562 -0.271385 -0.272826 -0.275700
-0.224329 -0.246808 -0.258368 -0.218508 -0.161211 -0.171060 -0.117868 -0.105492 -0.145451 -0.016705
-0.179762 -0.277921 -0.271923 -0.204719 -0.191356 -0.195124 -0.197512 -0.050657 -0.127926 -0.266081
-0.277257 -0.123508 -0.151164 -0.269055 -0.263395 -0.251418 -0.269269 -0.241181 -0.224209 -0.214926
-0.142555 -0.087560 -0.046824 0.008546 -0.130421 -0.231367 -0.237139 -0.148993 -0.043280 -0.188262
-0.263672 -0.249065 -0.243200 -0.256834 -0.250293 -0.264068 -0.274210 -0.267156 -0.249743 -0.242676
-0.224503 -0.216963 -0.214591 -0.224814 -0.244583 -0.221623 -0.182804 -0.129143 -0.156637 -0.225561
-0.249464 -0.223217 -0.215963 -0.264558 -0.273101 -0.253250 -0.238934 -0.241594 -0.248377 -0.255996
-0.226881 -0.111349 0.192896 0.266588 0.194736 -0.165960 -0.274299 -0.277079 -0.274429 -0.277259
-0.242948 -0.247589 -0.243574 -0.234867 -0.167369 -0.177515 -0.165134 -0.128537 -0.131977 -0.044783
-0.139190 0.473404 -0.278461 -0.276697 -0.256024 -0.234208 -0.132082 -0.001407 -0.135822 -0.063003
-0.081206 -0.239274 0.046847 0.518085 0.413063 -0.105339 -0.276296 -0.276988 -0.273566 -0.263273
-0.222786 -0.147267 -0.050276 0.073252 -0.075103 -0.194236 -0.245909 -0.249130 -0.189548 -0.167541
-0.119236 -0.033807 -0.025408 0.046831 -0.084815 -0.244291 -0.272944 -0.278220 -0.276158 -0.268620
-0.246688 -0.241750 -0.244988 -0.265764 -0.267790 -0.254929 -0.242071 -0.203555 -0.159644 -0.180953
-0.162008 -0.081006 -0.095971 -0.238335 -0.278362 -0.278184 -0.269014 -0.258956 -0.238772 -0.225356
-0.198306 -0.134577 0.141067 0.628047 0.417799 -0.148034 -0.278258 -0.267754 -0.263397 -0.276889
-0.245585 -0.238465 -0.244504 -0.213556 -0.138096 -0.135890 -0.168320 -0.032087 -0.086256 -0.175227
-0.270104 -0.278361 -0.276178 -0.225363 -0.275210 -0.269825 -0.155574 0.115944 0.154421 -0.234972
-0.276014 -0.240820 0.049336 -0.097762 -0.139031 -0.020367 -0.049365 -0.252530 -0.278189 -0.266053
-0.243725 -0.164058 -0.120290 -0.055220 -0.134002 -0.208297 -0.252196 -0.243742 -0.215994 -0.183998
-0.025361 0.114847 0.217743 0.322299 0.083265 -0.154566 -0.227541 -0.276602 -0.275276 -0.273744
-0.278022 -0.277726 -0.275517 -0.276111 -0.274376 -0.278439 -0.259308 -0.243034 -0.215839 -0.190344
-0.141595 -0.070270 -0.098110 -0.241352 -0.277735 -0.275644 -0.275791 -0.257920 -0.222462 -0.213129
-0.198279 -0.108509 0.326326 0.632825 0.315354 -0.178415 -0.276951 -0.265270 -0.260874 -0.277288
-0.243535 -0.219351 -0.226200 -0.187887 -0.229133 -0.240295 -0.169373 0.039278 0.434005 0.175636
-0.228814 -0.040615 -0.166792 -0.260473 -0.273739 -0.210572 -0.207523 -0.209961 -0.195826 -0.213685
-0.247926 0.216036 0.171140 -0.181973 0.299514 0.441095 -0.111759 -0.276687 -0.275195 -0.263823
-0.229831 -0.141023 -0.088044 -0.067170 -0.135878 -0.235572 -0.273486 -0.270981 -0.238899 -0.172257
0.299711 0.638610 0.319914 0.006875 -0.154904 -0.199313 -0.201928 -0.221067 -0.248676 -0.269477
-0.229167 -0.256598 -0.267250 -0.272021 -0.275992 -0.278426 -0.252636 -0.220726 -0.184885 -0.206490
-0.196683 0.013955 -0.008831 -0.259903 -0.278067 -0.276632 -0.278413 -0.266365 -0.210745 -0.176290
-0.090279 0.045099 0.652926 1.137739 0.598970 -0.070725 -0.274851 -0.247738 -0.225359 -0.261137
-0.257102 -0.152066 0.031804 -0.026689 -0.236108 -0.277592 -0.237040 -0.118878 0.190174 0.314956
0.016806 -0.185269 -0.251167 -0.202657 -0.260751 -0.212700 -0.096782 -0.222806 -0.271378 -0.211459
-0.093667 -0.231279 0.076857 0.222719 -0.028384 0.198824 0.232341 -0.132192 -0.275406 -0.269692
-0.244763 -0.165286 -0.161968 -0.130644 -0.077012 -0.180801 -0.227891 -0.239440 -0.215258 -0.138748
0.387456 1.250314 1.339377 0.717721 0.262292 0.214624 0.469468 1.008156 0.629398 -0.101652
-0.272901 -0.269768 -0.270749 -0.278403 -0.276256 -0.278094 -0.261149 -0.200998 -0.125241 -0.133874
-0.018338 0.380913 0.068047 -0.250124 -0.278446 -0.267793 -0.272589 -0.278400 -0.250359 -0.195709
-0.139571 0.043494 0.735199 1.630067 1.320264 0.492005 -0.182973 -0.273873 -0.249897 -0.278463
-0.223985 -0.105587 -0.010168 -0.010144 -0.112450 -0.196297 -0.220217 -0.176736 -0.031560 0.102430
-0.219431 -0.204430 -0.108861 -0.275867 -0.175442 -0.058314 -0.247852 -0.230728 -0.224794 0.050102
-0.069395 -0.202140 -0.198324 -0.021877 -0.002499 0.022516 0.419661 0.077365 -0.262998 -0.252533
-0.261935 -0.249836 -0.244871 -0.223525 -0.165685 -0.166921 -0.196082 -0.201227 -0.181070 -0.166421
0.065310 0.562886 0.485233 0.085245 0.005893 0.033507 0.214898 0.647621 0.419857 0.047589
-0.071909 -0.024366 -0.094836 -0.209538 -0.245511 -0.267547 -0.264718 -0.243539 -0.198236 -0.155689
0.032143 0.240895 0.230146 0.010351 -0.202968 -0.272154 -0.247111 -0.277929 -0.248203 -0.209325
-0.192302 -0.074196 0.118471 0.573628 0.440026 -0.054824 -0.268409 -0.278431 -0.277530 -0.241870
-0.129294 -0.132982 -0.147929 -0.131604 -0.169182 -0.128016 -0.170730 -0.195157 -0.175436 -0.130781
-0.061848 0.228759 -0.011285 0.032546 0.086411 -0.107501 -0.271053 -0.218610 -0.137029 -0.039073
-0.133178 -0.138389 -0.253315 -0.257747 -0.028517 -0.086727 -0.122117 0.121220 0.335256 -0.091405
-0.278456 -0.275505 -0.256888 -0.222810 -0.184137 -0.207131 -0.204314 -0.179020 -0.174847 -0.177027
-0.135333 0.028758 0.001194 -0.178081 -0.244567 -0.240338 -0.167172 -0.131266 -0.096430 -0.013730
-0.042390 -0.018058 -0.130424 -0.217841 -0.250344 -0.268297 -0.274068 -0.277764 -0.248702 -0.208735
-0.113151 0.139648 0.424997 -0.068889 -0.277283 -0.244670 -0.235118 -0.271786 -0.278159 -0.263052
-0.230839 -0.082474 -0.067981 -0.166765 -0.188195 -0.214390 -0.257804 -0.277334 -0.276895 -0.234507
-0.130595 -0.168019 -0.135514 -0.180809 -0.180829 0.051236 -0.177890 -0.141490 -0.122225 -0.133372
-0.212086 -0.069199 -0.034895 -0.054204 -0.069097 -0.211220 -0.068002 -0.207510 -0.148893 -0.188293
-0.063530 -0.012352 0.154146 -0.175944 -0.232652 -0.201247 -0.205265 -0.179987 0.421700 0.867801
-0.164357 -0.278462 -0.277801 -0.270347 -0.218418 -0.226091 -0.134297 0.003627 0.072323 -0.038475
-0.162319 -0.203911 -0.225018 -0.275048 -0.278041 -0.277559 -0.271881 -0.273480 -0.243235 -0.185613
-0.202039 -0.214701 -0.214180 -0.242320 -0.271747 -0.277340 -0.276656 -0.275084 -0.195264 -0.194133
-0.175916 0.090732 -0.049645 -0.250230 -0.274639 -0.221860 -0.191462 -0.227500 -0.257182 -0.273304
-0.275969 -0.244315 -0.222898 -0.250545 -0.269183 -0.278261 -0.276970 -0.266031 -0.277010 -0.259031
-0.096300 -0.032956 -0.050272 -0.123144 -0.036115 -0.095532 -0.196934 -0.209803 -0.243790 -0.172214
-0.148525 0.200975 -0.117524 -0.241774 -0.166972 -0.094157 -0.049179 -0.057798 -0.196290 0.070333
0.176875 0.182526 -0.189931 -0.150541 -0.127271 -0.097700 -0.107097 -0.049386 0.022644 0.364483
0.118392 -0.067331 -0.268241 -0.263421 -0.262327 -0.256317 -0.187349 0.023046 0.311410 0.403945
0.167510 0.136997 0.051600 -0.126844 -0.199938 -0.210862 -0.183101 -0.095606 -0.056042 -0.047762
-0.012388 0.087751 0.020105 -0.090785 -0.201303 -0.226654 -0.115596 0.146920 0.386507 0.085400
0.097524 0.759627 0.584152 0.201217 0.025930 -0.174406 -0.214215 -0.203873 -0.244051 -0.251905
-0.155016 0.034768 0.332741 0.810221 0.192571 -0.213874 -0.265623 -0.276920 -0.270659 -0.202107
-0.100152 -0.134725 -0.170940 -0.117190 -0.070005 -0.120207 0.193497 -0.079632 0.127121 -0.112332
-0.244572 -0.092094 -0.027449 0.028487 -0.056575 -0.074868 -0.074802 -0.063865 -0.043469 -0.131566
0.112010 0.120061 0.127207 -0.047212 -0.034679 -0.115398 -0.230735 -0.134958 -0.036609 0.147513
0.102471 -0.190079 -0.273244 -0.272669 -0.257567 -0.247574 -0.176925 -0.017827 -0.068552 -0.106260
-0.138073 -0.192788 -0.197384 -0.028552 -0.035225 -0.159985 -0.153003 0.049698 0.083841 -0.087747
-0.104966 0.102213 0.330081 -0.048248 -0.238254 -0.210668 -0.149842 -0.063429 -0.056749 0.032078
0.259499 0.284898 0.206995 0.145712 0.076456 -0.040774 -0.079619 -0.107716 -0.141784 -0.148966
-0.126519 -0.154715 -0.097311 0.084345 0.035111 -0.098104 -0.201099 -0.239909 -0.235061 -0.239835
-0.216421 -0.118454 -0.149700 -0.147700 -0.108470 0.071832 -0.020570 -0.100206 0.665777 0.089042
-0.269401 -0.205365 -0.151131 -0.067446 -0.092405 -0.130537 -0.094730 -0.074615 -0.147204 0.118551
-0.089183 0.165837 0.028416 0.060211 0.311102 -0.146929 -0.213937 -0.197270 -0.111314 0.146962
0.326517 -0.054490 -0.253814 -0.226711 -0.156757 -0.200117 -0.181667 -0.074782 -0.130973 -0.217974
-0.265748 -0.273874 -0.251074 -0.161182 -0.128721 -0.139024 -0.092641 -0.015744 -0.130908 -0.183900
-0.158845 -0.143912 -0.102011 -0.134964 -0.143520 -0.107207 -0.101092 -0.139585 -0.189838 -0.154168
-0.110891 -0.078535 -0.050018 -0.068458 -0.066860 -0.109309 -0.159620 -0.164006 -0.107625 -0.072282
-0.114601 -0.144508 -0.125859 -0.146612 -0.077773 -0.030027 -0.029422 -0.218799 -0.267171 -0.185487
-0.204575 -0.214106 -0.157442 -0.100170 -0.116969 0.312977 0.070008 0.306828 -0.093068 0.503622
-0.276236 -0.196635 -0.174153 -0.177863 -0.193130 -0.181111 -0.056655 -0.028282 0.003326 0.042906
0.109924 -0.014549 -0.056603 -0.128045 -0.183207 -0.022514 -0.020379 -0.174230 -0.230915 0.044727
0.128986 -0.173043 -0.249255 -0.244496 -0.232717 -0.223056 -0.187090 0.023031 0.053836 -0.232127
-0.275506 -0.271035 -0.276024 -0.262757 -0.228666 -0.251395 -0.258939 -0.241788 -0.214541 -0.210251
-0.194492 -0.180901 -0.188466 -0.180034 -0.168448 -0.154787 -0.157987 -0.187915 -0.205224 -0.209162
-0.161111 -0.127113 -0.172523 -0.202634 -0.195663 -0.187353 -0.213483 -0.191049 -0.131842 -0.158907
-0.177430 -0.116594 -0.177983 -0.165971 -0.193296 -0.225362 -0.124685 -0.024871 -0.267036 -0.271797
-0.221871 -0.248251 -0.158114 -0.170827 0.029734 0.777723 0.142275 -0.276547 -0.100785 0.284658
-0.244183 -0.248582 -0.172793 -0.112949 -0.128094 -0.132075 -0.115897 -0.033642 -0.072962 -0.197379
-0.121407 0.128092 -0.062660 -0.104933 -0.206800 0.123428 -0.073406 -0.262341 -0.116677 -0.036926
0.391724 -0.100918 -0.255636 -0.261338 -0.248750 -0.203737 -0.030634 0.374549 0.619662 0.250230
-0.060554 -0.254786 -0.274839 -0.242516 -0.108327 -0.112414 -0.187379 -0.253235 -0.252425 -0.234705
-0.208286 -0.161172 -0.187101 -0.198845 -0.160766 -0.128281 -0.092369 -0.097152 -0.097881 -0.103015
-0.084036 -0.069286 -0.155530 -0.192689 -0.160765 -0.135983 -0.103690 -0.075639 -0.023596 -0.095069
-0.169533 -0.227790 -0.225383 -0.232147 -0.222991 0.059491 0.103352 -0.221288 -0.172836 -0.026764
-0.274047 -0.246872 -0.208530 -0.266038 -0.046519 0.247291 0.190253 -0.083344 -0.260742 -0.044583
-0.257063 -0.180123 -0.142710 -0.205879 -0.137358 -0.114753 -0.022034 0.401156 0.800820 0.973048
0.199461 -0.214085 -0.171687 -0.167369 -0.150431 -0.194191 -0.236423 -0.046841 -0.113891 -0.114548
0.079049 -0.201330 -0.278217 -0.267683 -0.239607 -0.205645 -0.144094 -0.123694 -0.106806 -0.075775
-0.114642 -0.205105 -0.217467 -0.126735 0.121554 -0.030698 -0.216979 -0.265384 -0.264781 -0.227561
-0.219035 -0.232514 -0.222734 -0.204460 -0.202678 -0.207720 -0.194720 -0.129382 -0.167590 -0.228740
-0.234899 -0.191437 -0.179046 -0.162184 -0.147026 -0.179487 -0.156399 -0.138663 -0.108853 -0.135288
-0.145357 -0.164580 -0.150908 -0.198750 -0.128635 -0.218715 -0.269562 -0.223272 -0.175715 -0.152551
0.176720 -0.118310 -0.249099 -0.073523 -0.169081 0.325760 -0.083220 0.260140 -0.276479 -0.277799
-0.257755 -0.116092 -0.200305 -0.261298 -0.213248 -0.181245 -0.028738 0.381493 0.291141 -0.081816
-0.190214 -0.181646 -0.014227 0.331123 -0.053434 -0.138643 -0.133818 -0.177791 -0.157442 -0.140087
-0.130564 -0.221824 -0.265712 -0.262134 -0.251820 -0.205174 -0.147194 -0.179364 -0.185033 -0.150323
-0.162063 -0.170827 -0.195342 -0.187821 -0.148393 -0.042124 -0.098573 -0.237583 -0.258624 -0.246157
-0.188325 -0.139704 -0.170054 -0.206248 -0.215891 -0.159738 -0.142843 -0.157309 -0.231828 -0.242125
-0.153795 -0.161534 -0.142438 -0.161038 -0.187378 -0.206620 -0.206266 -0.197950 -0.215058 -0.238018
-0.222482 -0.089113 0.407710 0.528485 0.033654 -0.276090 -0.275903 0.178703 -0.248059 -0.257656
-0.188545 -0.182854 -0.155718 0.232913 1.387784 0.107941 0.024485 0.557742 -0.183306 -0.142052
-0.250108 -0.155508 -0.210212 -0.167698 -0.207996 -0.125730 0.006342 0.023292 -0.033082 -0.070343
0.048077 0.063358 -0.163225 0.073265 0.575135 0.081454 -0.216260 -0.174905 0.199592 -0.212471
-0.191018 -0.130754 -0.162063 -0.261080 -0.238958 -0.202910 -0.166523 -0.182438 -0.192287 -0.110629
-0.104687 -0.141848 -0.207229 -0.221787 -0.222463 -0.262925 -0.236596 -0.148001 -0.277191 -0.276997
-0.268620 -0.226790 -0.209493 -0.189411 -0.080274 -0.110442 -0.161439 -0.035573 -0.029170 -0.254052
-0.265206 -0.214701 -0.190411 -0.197530 -0.169215 -0.126682 -0.006550 0.055101 -0.160069 -0.263480
-0.235553 0.010146 0.040607 0.178841 -0.123189 -0.238877 0.079324 0.189141 -0.040162 -0.004870
-0.087688 -0.211352 -0.271219 -0.071083 0.207874 -0.061866 0.020219 0.209845 0.235983 0.497351
-0.275788 -0.206706 -0.266843 -0.253341 -0.228525 -0.231082 -0.230619 -0.124237 -0.003766 0.040038
-0.026010 -0.038267 -0.044884 -0.075677 -0.046217 0.447650 -0.040355 0.028386 -0.201030 -0.246357
-0.080079 -0.083709 -0.239546 -0.255414 -0.233117 -0.235969 -0.221713 -0.230601 -0.186764 -0.149031
-0.127940 -0.106557 -0.119047 -0.102920 -0.098399 0.090224 -0.202753 -0.262177 -0.261709 -0.268335
-0.236320 -0.222980 -0.260471 -0.252926 -0.093625 -0.135938 -0.169844 -0.184190 -0.135919 -0.235547
-0.236746 -0.240958 -0.228597 -0.206827 -0.175206 -0.186240 -0.187475 -0.057030 0.299253 -0.233043
-0.259136 -0.233850 -0.193590 -0.037117 -0.230571 -0.092026 -0.008928 0.092305 0.353207 0.087612
-0.270530 -0.259904 -0.223861 -0.248857 -0.222491 -0.200549 -0.112232 0.325921 1.197697 0.690353
-0.268701 -0.146861 -0.243193 -0.261307 -0.192561 -0.134088 -0.270342 -0.243508 -0.165324 -0.118862
-0.043701 -0.134651 -0.055097 -0.012114 0.085311 0.254038 0.735366 0.430927 0.153290 -0.113969
0.172228 -0.036431 -0.255576 -0.272862 -0.201193 -0.117894 -0.006927 -0.058046 -0.095495 -0.193615
-0.187214 -0.118654 -0.166354 -0.203308 -0.026142 1.079967 0.210719 -0.267547 -0.276223 -0.230042
-0.081427 -0.250427 -0.270432 -0.238055 -0.221282 -0.263579 -0.217119 -0.227376 -0.192488 -0.037624
-0.129517 -0.272946 -0.259837 -0.215355 -0.180751 -0.074617 0.279705 0.020224 -0.056473 -0.181388
-0.268043 -0.207289 -0.011490 -0.124184 -0.035374 -0.158408 -0.090470 0.092445 0.022050 0.019102
0.097869 -0.038315 -0.023271 -0.246995 -0.249357 -0.208588 -0.148389 -0.126147 0.572472 0.729847
-0.213917 -0.050773 -0.152994 -0.154477 -0.034542 -0.117279 -0.179758 -0.126630 -0.042122 -0.028460
0.043685 0.006443 -0.080483 0.017265 -0.042746 0.316010 0.590505 -0.010825 -0.208721 -0.094033
0.025375 -0.186600 -0.193521 -0.218171 -0.257485 -0.232597 -0.128120 -0.208136 -0.244972 -0.250351
-0.230896 -0.169791 -0.131434 -0.135185 0.015820 0.243500 -0.084363 -0.161305 -0.211993 -0.223683
-0.010728 0.103866 -0.155420 -0.204559 -0.254829 -0.216877 0.053922 0.222222 -0.193460 0.075042
-0.227110 -0.275734 -0.252944 -0.232999 -0.204796 -0.042461 0.071590 0.037297 -0.038669 -0.189043
-0.196357 -0.258912 -0.009231 -0.018262 -0.086231 -0.073150 -0.115142 -0.194601 -0.146353 0.009933
0.049763 0.089010 -0.125440 -0.225088 -0.189301 -0.106252 -0.183091 -0.152157 0.075919 0.370354
-0.243262 -0.146026 -0.068917 -0.191008 -0.187447 -0.098658 -0.053847 -0.046879 0.003947 -0.028617
-0.070191 -0.014539 0.046599 0.034394 -0.013894 0.140582 0.360671 0.129474 0.138724 0.226579
-0.107739 -0.153470 -0.216020 -0.231196 -0.169862 -0.215288 -0.180097 -0.248793 -0.257811 -0.232001
-0.213685 -0.159962 -0.142902 -0.260734 -0.048605 -0.127365 0.277646 0.336070 -0.111022 -0.060514
-0.095123 -0.066593 0.036351 -0.184454 -0.027464 0.051295 -0.112106 -0.057846 -0.015818 -0.062473
0.457077 -0.245003 -0.266494 -0.257355 -0.232132 -0.229675 -0.073334 0.233254 0.315086 0.250933
-0.157119 -0.229967 -0.197066 0.093504 -0.100913 0.349644 0.180416 0.018501 0.079937 0.165301
0.045351 -0.047858 -0.188014 -0.172468 -0.157260 -0.064208 0.138350 -0.078959 0.057659 0.381083
-0.266274 -0.143598 -0.197565 -0.095257 -0.131811 -0.098949 -0.064281 -0.121725 -0.169202 -0.167053
-0.191140 -0.089787 0.070234 -0.110311 -0.103491 -0.138317 0.211461 -0.002928 -0.112463 -0.163814
-0.170085 0.122641 -0.221252 -0.249396 -0.265841 -0.267125 -0.158991 0.057640 -0.111400 -0.222195
-0.250180 -0.227067 -0.193552 -0.232815 -0.237912 -0.030896 -0.180255 -0.034861 0.094298 0.157682
0.011264 -0.146343 -0.126374 -0.186857 -0.143075 -0.195456 0.007011 -0.257556 -0.002520 0.307624
0.635034 -0.043124 -0.277272 -0.261484 -0.245583 -0.248804 -0.180305 -0.015629 -0.045287 0.083240
0.029749 -0.157234 -0.189016 -0.071406 -0.110765 -0.054788 -0.025385 -0.036755 -0.061504 -0.023466
0.007763 -0.162908 -0.051506 -0.162738 -0.028002 -0.002765 -0.076006 -0.109645 0.161945 0.367234
-0.276504 -0.244730 -0.255486 -0.091743 0.139857 0.117265 0.036585 -0.063490 -0.191563 -0.037554
-0.018417 -0.162652 0.020463 0.129671 0.098331 -0.076988 -0.026317 0.107103 -0.263266 -0.203466
0.623915 0.670367 -0.241325 -0.274849 0.138895 0.131848 -0.172986 -0.168700 -0.084346 -0.024001
-0.278447 -0.278122 -0.254681 -0.270869 -0.185548 0.146001 -0.182796 -0.229232 -0.130266 -0.131455
0.003311 0.023878 -0.109773 -0.051167 -0.130719 -0.037285 0.227247 -0.089553 -0.276644 -0.120941
0.003151 -0.017199 -0.142204 -0.276337 -0.277598 -0.158163 0.133316 -0.012576 0.349203 0.081401
0.059940 -0.055697 0.049053 0.174306 -0.143285 -0.019313 -0.149565 -0.144122 -0.090848 -0.151547
-0.021997 0.014491 0.209064 0.025322 -0.197811 -0.177279 -0.138950 -0.129347 -0.051516 0.331859
-0.268855 -0.275331 -0.251027 -0.007397 -0.176049 -0.169562 -0.159338 -0.198155 -0.073865 -0.064380
-0.049844 -0.091319 -0.058189 0.122842 -0.046652 -0.079088 -0.100731 -0.138915 -0.183891 -0.074418
0.251641 -0.068117 -0.162364 0.093965 0.055866 0.507044 0.013922 -0.236513 0.440558 0.684891
-0.164218 -0.246143 -0.277567 -0.278258 -0.236459 -0.222007 -0.274280 -0.124951 0.045051 -0.144007
-0.198692 -0.211423 -0.032051 -0.179967 -0.187774 0.335601 0.680275 0.127411 -0.177760 -0.205935
-0.228261 -0.010181 -0.003472 -0.157858 -0.250302 -0.211668 -0.105929 -0.110378 0.083861 -0.068109
-0.196155 -0.226546 -0.189238 -0.229067 0.021089 0.014550 -0.211158 -0.100396 -0.141006 -0.239995
-0.167172 -0.017199 0.094186 0.178252 -0.095161 -0.192806 0.025805 0.153363 0.012831 0.190799
-0.270711 -0.114213 -0.111424 -0.155604 -0.169266 -0.277391 -0.255590 -0.179540 -0.058544 -0.080560
-0.036213 0.061877 0.186264 0.142023 -0.032053 -0.231822 -0.224027 -0.183655 -0.052902 0.000701
0.058388 0.138812 0.136420 0.208371 0.056533 -0.230959 -0.150359 0.040589 0.288702 1.026524
0.311066 -0.218012 -0.215772 -0.004609 -0.008612 -0.231479 -0.204439 -0.106656 -0.247139 -0.205848
-0.185278 -0.198232 -0.205067 0.035540 -0.105536 -0.119881 -0.221310 -0.144013 -0.147741 -0.241559
-0.225788 -0.016820 -0.161036 -0.066624 -0.051313 -0.236394 -0.067823 -0.068971 -0.070457 -0.102596
0.030301 0.253483 0.861027 0.591742 -0.042071 -0.273917 -0.206915 -0.121392 -0.060497 -0.195429
-0.170966 -0.147028 -0.144053 -0.145453 -0.072609 -0.006606 0.121575 0.182432 0.286741 0.307503
-0.267869 -0.162032 -0.199566 -0.244600 -0.229914 -0.257349 -0.220681 -0.174949 -0.208419 -0.170880
-0.000716 0.115256 0.063226 -0.051886 -0.018309 -0.089984 -0.210598 -0.208990 -0.040572 -0.039894
-0.029947 0.143246 0.224381 0.262469 -0.023359 -0.216071 -0.179031 0.054513 0.606899 0.334921
0.344198 0.019507 -0.205721 0.402789 0.153420 -0.152392 -0.118930 -0.249246 -0.249961 -0.092181
-0.161198 -0.141441 -0.038016 -0.046184 -0.013898 -0.261203 -0.134722 0.172421 0.093088 0.041493
-0.198824 -0.149611 -0.198747 -0.265284 -0.167925 -0.044298 -0.190285 -0.205590 -0.057741 -0.012497
-0.080679 0.071369 0.116868 -0.212461 -0.277426 -0.247417 -0.021409 0.112758 0.014958 -0.004221
-0.104616 -0.017982 -0.117817 -0.276853 -0.235783 -0.178226 -0.045759 0.239288 0.429694 0.381336
-0.266157 0.038317 -0.277566 -0.277317 -0.276569 -0.231193 -0.158847 -0.127093 -0.200607 -0.163709
-0.072429 -0.061481 -0.031968 -0.117485 -0.092506 -0.135051 -0.201396 -0.177475 -0.207123 -0.203667
-0.118002 -0.048451 -0.083233 -0.051922 0.113526 0.019956 -0.174612 -0.034165 0.201481 0.153160
-0.004952 0.141614 0.422914 0.201874 -0.014718 -0.018144 -0.130767 -0.114393 -0.031103 -0.053765
-0.178646 -0.052490 -0.206377 -0.190832 -0.116496 -0.179309 -0.215415 -0.017283 0.232768 0.347671
-0.052752 -0.216493 -0.094192 -0.086617 -0.275827 -0.234490 -0.254643 -0.155211 -0.152265 -0.191647
-0.143928 -0.169302 -0.162394 -0.224305 -0.255918 -0.172352 -0.017536 -0.120254 -0.165362 -0.137703
-0.061060 -0.075964 -0.152287 -0.226156 -0.185305 -0.027084 -0.073020 -0.179057 0.135352 0.492690
-0.086703 0.086084 -0.259973 -0.257892 -0.252369 -0.240089 -0.098590 -0.158442 -0.237998 -0.016680
-0.103180 -0.213015 -0.222736 -0.179735 -0.094253 -0.066607 -0.100405 -0.135606 -0.172137 -0.176001
-0.159442 -0.199729 -0.127580 -0.168355 -0.138310 -0.117810 -0.106295 -0.111020 -0.079766 -0.111467
-0.116586 -0.049033 0.304175 -0.052751 -0.055422 -0.108455 0.087108 -0.023942 -0.121559 0.107564
0.551890 0.326033 -0.205141 -0.234031 -0.194653 -0.208985 -0.140549 -0.214465 0.361254 0.871148
-0.012153 0.193996 0.414424 0.074611 -0.203717 -0.261478 -0.238457 -0.225223 -0.166402 -0.186651
-0.070374 0.091188 0.022461 -0.158133 -0.273400 -0.214031 -0.124992 -0.111493 0.080907 -0.243194
-0.260418 -0.136658 -0.041988 -0.220638 -0.182975 0.101590 0.194468 -0.123302 -0.064658 0.199260
-0.246759 -0.278451 -0.267513 -0.263782 -0.222220 -0.152302 -0.004376 0.057073 -0.108530 0.224182
0.009989 -0.266268 -0.263940 -0.192934 -0.176014 -0.071038 -0.050842 -0.156236 -0.168715 -0.031471
-0.027241 -0.144878 -0.017629 -0.215684 -0.276163 -0.221522 -0.139755 -0.145991 -0.111197 0.054491
-0.036687 -0.162518 -0.141566 -0.091508 -0.074134 -0.122484 0.004805 -0.029990 -0.008869 0.396047
0.454081 -0.014129 -0.170465 -0.134924 -0.065557 -0.188648 -0.195149 -0.069940 0.525728 0.289081
-0.002019 0.079097 0.294411 0.373567 0.174685 0.107051 0.049961 -0.179538 -0.158803 -0.226121
-0.269267 -0.100465 -0.155852 -0.203252 -0.198965 -0.058126 -0.178661 -0.195639 0.105532 -0.124146
-0.268550 -0.229531 -0.255012 -0.221656 -0.185112 -0.097742 -0.021952 0.167388 -0.043197 -0.157009
-0.234651 -0.199361 -0.272309 -0.259910 -0.247675 -0.108040 -0.234281 -0.277232 -0.144256 -0.181665
-0.176470 -0.188389 -0.195919 -0.209517 -0.139991 0.075083 -0.024942 -0.154515 -0.130005 -0.039020
0.073825 0.146093 0.044786 -0.149036 -0.273658 -0.232834 -0.132453 -0.187339 -0.149740 -0.134246
-0.175965 -0.113700 -0.141710 0.075836 -0.063598 -0.109359 -0.193852 -0.097675 -0.074180 -0.114071
-0.045450 0.120378 0.042848 -0.206726 -0.188276 0.282384 -0.088601 -0.183303 -0.180449 -0.109604
-0.113907 -0.024923 0.096251 0.027813 0.057847 0.331329 0.320041 -0.043192 -0.184510 -0.177068
-0.179773 -0.061964 -0.100820 -0.215794 -0.191660 -0.203878 -0.188442 -0.239292 -0.200468 -0.040159
-0.102977 -0.056128 -0.153995 -0.249739 -0.178551 -0.211538 -0.127207 0.023873 -0.113828 -0.105008
-0.275789 -0.273515 -0.220228 -0.007267 0.089379 0.024282 -0.202015 -0.213743 -0.278399 -0.231213
-0.188847 -0.212189 -0.235045 -0.235499 -0.162116 -0.073304 -0.090434 -0.127960 -0.100377 -0.028447
0.352665 -0.039099 -0.137320 -0.202953 -0.161777 -0.148470 -0.183237 -0.247006 -0.225695 -0.078120
0.014948 0.010095 -0.080400 -0.190365 -0.139691 -0.087249 -0.182750 -0.240578 -0.149284 -0.170050
-0.087446 -0.081333 -0.141658 -0.004174 -0.002489 0.135915 0.134705 -0.243949 -0.275121 -0.273771
-0.058054 -0.064052 -0.131681 -0.118624 -0.126120 0.023673 0.224009 0.020195 -0.206875 -0.249426
-0.174397 -0.064150 -0.075503 -0.241620 -0.245847 -0.112231 0.324033 0.286119 -0.005285 -0.062414
-0.205893 -0.230197 -0.230297 -0.246483 -0.224977 -0.180590 0.074628 0.325316 0.940979 0.017061
-0.277855 -0.265284 -0.267594 -0.077480 0.542657 -0.032134 -0.267873 -0.277135 -0.225851 -0.277327
-0.245832 -0.122187 -0.091133 -0.218832 -0.253086 -0.205187 -0.039378 -0.105086 -0.180566 -0.130067
0.022920 0.050715 -0.176021 -0.270193 -0.154518 -0.106860 -0.154859 -0.074967 -0.064198 -0.090464
-0.102881 -0.089959 -0.027059 -0.112327 -0.089004 0.036982 -0.073920 -0.221133 -0.197711 -0.144131
-0.169468 -0.129467 -0.068597 -0.040217 0.035500 0.288930 0.577616 -0.031695 -0.266137 -0.277858
-0.185406 -0.231402 -0.053307 -0.122040 -0.232347 -0.275551 -0.252701 -0.197782 -0.249295 -0.225503
-0.084561 0.037433 -0.010195 -0.231247 -0.251967 -0.183121 -0.236116 -0.165066 -0.267437 -0.168790
0.078531 -0.213221 -0.256969 -0.254909 -0.166208 -0.207009 -0.258285 -0.090936 0.493735 0.455382
-0.274779 -0.141628 -0.229794 -0.259222 -0.267009 0.100783 0.631467 -0.015537 -0.277957 -0.273930
-0.260522 -0.220511 -0.180490 -0.171600 -0.234800 0.021684 0.778341 0.247377 -0.276962 -0.268930
-0.112733 -0.071406 -0.134635 -0.207903 -0.237602 -0.234788 -0.185155 -0.081379 -0.071241 -0.128235
-0.087657 -0.044498 -0.122109 -0.085901 -0.090592 -0.054958 -0.176187 -0.159953 -0.158095 -0.189033
-0.192089 -0.162746 -0.160918 -0.137914 -0.057938 0.021906 0.022467 -0.065181 0.154110 -0.073039
-0.131202 0.154428 0.288904 0.022067 -0.258439 -0.252399 -0.275921 -0.154075 -0.183794 -0.143061
-0.195091 0.006620 0.077824 -0.010183 -0.194819 -0.278418 -0.277763 -0.278154 -0.159538 -0.171180
-0.204947 -0.273709 -0.232375 -0.120900 -0.149952 -0.272142 -0.264648 -0.241703 -0.075146 0.591097
-0.261923 0.123316 -0.225223 -0.278373 -0.278135 -0.150863 0.120994 -0.046521 -0.277586 -0.263270
-0.187243 -0.246225 -0.232717 -0.200520 0.005886 0.553849 0.163125 -0.241372 -0.277582 -0.275406
-0.240246 -0.174374 -0.031935 -0.053012 -0.189372 -0.188493 -0.154603 -0.182449 -0.164151 -0.039667
-0.023623 -0.019494 -0.097412 -0.139009 -0.134750 -0.064831 -0.094714 -0.055923 -0.057759 -0.157446
-0.170464 -0.161836 -0.148497 -0.158895 -0.083452 -0.080675 -0.200283 -0.225561 -0.166083 -0.224788
0.181171 1.064950 0.079056 -0.145438 -0.248042 -0.268419 -0.243595 -0.179456 -0.161117 -0.203356
-0.194545 -0.107452 -0.254394 -0.265335 -0.059438 0.135774 -0.125869 -0.257157 -0.278402 -0.278458
-0.272434 -0.227945 -0.083607 -0.100539 -0.205811 -0.267562 -0.129042 -0.107695 0.013131 0.439563
-0.137480 -0.106587 -0.224989 -0.278322 -0.274458 -0.209444 0.005771 0.053037 -0.126215 -0.179452
-0.179192 -0.266433 -0.223273 -0.160360 -0.146496 -0.034869 -0.164080 -0.263851 -0.261588 -0.269161
-0.269096 -0.197122 -0.015384 -0.018818 -0.163259 -0.180490 -0.053888 -0.175474 -0.147643 -0.173925
-0.112350 -0.065315 -0.050279 -0.092334 -0.147212 -0.159266 -0.118442 -0.096349 -0.149240 -0.121040
-0.095417 0.000634 -0.015594 -0.139562 -0.131619 -0.174636 -0.165359 -0.143148 -0.099943 -0.200865
0.150137 -0.092098 -0.266768 -0.232040 -0.057642 0.057937 -0.271045 -0.244784 -0.202565 0.037500
-0.194733 0.072639 0.001011 -0.269866 -0.256292 0.381045 0.763828 0.081884 -0.249514 -0.256684
-0.253731 -0.219487 -0.179072 -0.204627 -0.250537 -0.221508 -0.039388 0.044599 0.282741 0.221285
-0.278046 -0.205037 -0.204581 -0.224731 -0.250843 -0.252357 -0.143679 0.204201 0.215629 0.005617
-0.225584 -0.261756 -0.227887 -0.151724 0.075004 0.389838 0.037060 -0.278445 -0.267467 -0.232526
-0.206561 -0.200483 -0.019055 0.000982 -0.084733 0.018326 0.378617 0.327147 -0.196017 -0.244478
-0.212606 -0.195240 -0.054830 0.112236 -0.003472 -0.159531 0.019448 0.029155 -0.170267 -0.071467
-0.053445 -0.172453 -0.029094 0.162933 -0.108314 -0.170320 0.335917 -0.047830 -0.246702 -0.247380
-0.213191 -0.099896 0.426081 0.229199 1.272674 1.082343 -0.144817 -0.209152 0.438743 1.534387
0.578806 -0.235583 -0.061799 -0.080536 -0.204954 0.308720 0.505295 0.332119 0.384964 -0.061092
-0.139617 -0.064819 -0.191814 -0.207704 -0.180563 -0.118683 0.014647 0.266964 0.753582 0.507765
-0.259807 -0.268972 -0.233750 -0.220254 -0.225637 -0.263750 -0.215914 0.117061 0.486578 -0.176383
-0.277162 -0.278459 -0.257531 -0.191851 -0.042401 0.675336 -0.150291 -0.232137 -0.278463 -0.244509
-0.243927 -0.227429 -0.225506 -0.228641 -0.212506 -0.091915 0.090598 -0.094694 -0.215003 -0.200167
-0.245409 -0.206689 -0.082361 -0.152505 -0.207400 -0.198409 -0.029257 -0.142919 -0.070055 -0.048251
-0.148869 -0.247165 -0.136724 -0.004024 -0.020077 0.054841 0.637312 -0.003718 -0.191161 0.062192
-0.067806 -0.200167 -0.201179 -0.036512 0.171490 -0.076805 -0.151257 0.026191 0.230127 0.077596
-0.157452 -0.081408 -0.043008 -0.167626 -0.123670 -0.137352 -0.194250 -0.201978 -0.190390 -0.129114
-0.117272 -0.155773 -0.199222 -0.208559 -0.183190 -0.174403 -0.168928 -0.145391 0.063777 0.386883
-0.167328 -0.277756 -0.278254 -0.277418 -0.271050 -0.267440 -0.252207 -0.230385 -0.203023 -0.267719
-0.272252 -0.264867 -0.276277 -0.264648 -0.270729 -0.270989 -0.170866 -0.192933 -0.277475 -0.273996
-0.275388 -0.278464 -0.267211 -0.253875 -0.276307 -0.278404 -0.278455 -0.240680 -0.256783 -0.278222
-0.277752 -0.264355 -0.272301 -0.275898 -0.275812 -0.274923 -0.273645 -0.229927 -0.169961 -0.156656
-0.268606 -0.277157 -0.275602 -0.252496 -0.193354 -0.222552 -0.263839 -0.233964 -0.130719 -0.226260
-0.261577 -0.229119 -0.206491 -0.213687 -0.258261 -0.270959 -0.244563 -0.244449 -0.269087 -0.275224
-0.266484 -0.260602 -0.262775 -0.258700 -0.270378 -0.267959 -0.240393 -0.256300 -0.276497 -0.269519
-0.258977 -0.257077 -0.250808 -0.241344 -0.254612 -0.256101 -0.259040 -0.252575 -0.118374 -0.127672
-0.143961 -0.037384 0.269354 0.224305 0.070970 0.161943 0.360880 0.329264 0.134636 0.102360
0.115982 0.188301 0.199612 0.100366 0.153229 0.252852 0.208656 0.170270 0.193383 0.228370
0.259076 0.230750 0.274409 0.242836 0.193388 0.195657 0.076988 0.124459 0.471178 0.660151
0.549350 0.351600 0.316254 0.378938 0.421865 0.411632 0.271404 0.152371 0.251094 0.396313
0.369289 0.223702 0.177041 0.336431 0.449805 0.374287 0.266350 0.262356 0.270666 0.291350
0.316956 0.238314 0.157099 0.274436 0.376177 0.366757 0.331455 0.208114 0.061028 0.034834
0.370725 0.725558 0.563293 0.186163 0.260623 0.516746 0.403914 0.144466 0.135398 0.202179
0.231902 0.227197 0.215919 0.210559 0.218883 0.159058 0.183390 0.052440 -0.068995 0.223647
-0.276531 -0.209969 0.076622 -0.041711 -0.193825 -0.195090 0.011053 0.021853 -0.099208 -0.179723
-0.210511 -0.209964 -0.199663 -0.203498 -0.202403 -0.134563 -0.126463 -0.211809 -0.216450 -0.126802
-0.034561 -0.067374 -0.093365 -0.134901 -0.152056 -0.095013 -0.050218 -0.035988 -0.059290 0.061319
0.158733 -0.016462 0.015957 0.092952 0.053523 -0.000857 -0.054997 -0.032781 -0.097203 -0.077859
-0.046848 -0.092503 -0.118199 -0.090773 -0.033226 -0.062297 -0.116893 -0.137437 -0.183587 -0.190564
-0.163038 -0.192097 -0.198847 -0.125202 -0.041923 -0.037260 -0.119939 -0.179795 -0.227502 -0.251697
-0.201541 0.086825 0.081309 -0.098828 -0.107772 -0.011464 -0.127520 -0.178882 -0.149099 -0.162725
-0.197493 -0.207100 -0.200631 -0.198922 -0.208215 -0.229807 -0.223715 -0.251090 -0.277256 -0.203980
-0.278464 -0.215538 0.143563 0.004284 -0.065656 -0.066906 -0.045844 -0.039432 -0.074172 -0.133903
-0.190014 -0.195370 -0.204344 -0.195579 -0.123285 -0.107192 -0.089951 -0.177217 -0.107088 0.134806
0.334992 0.294081 0.253183 0.252859 0.260747 0.341026 0.288111 0.234899 0.075242 0.028889
0.180655 0.254178 0.638717 0.719199 0.241781 0.067026 0.260950 0.701826 0.510893 0.214979
0.170766 0.217994 0.259449 0.251106 0.310559 0.331223 0.250334 0.066918 -0.009604 0.071432
0.072644 0.010118 0.074078 0.289527 0.338676 0.296860 0.144717 0.006165 -0.065864 -0.128297
-0.078029 0.007531 0.045685 0.127815 0.360296 0.197794 0.037095 0.011450 0.129989 0.122656
-0.028908 -0.104587 -0.155765 -0.161843 -0.140444 -0.145669 -0.106769 -0.188777 -0.278311 -0.271378
-0.274006 -0.162426 0.244239 0.014670 -0.015204 0.002192 -0.013242 -0.058010 0.005897 0.025425
-0.093620 -0.179411 -0.193038 -0.086401 0.225173 0.316311 0.242673 0.028426 0.015520 0.007856
-0.004511 0.136060 0.305589 0.292302 0.271353 0.485266 0.310994 0.162620 0.208051 0.027379
0.025480 0.151376 0.255789 0.109006 -0.081416 0.152174 0.545850 0.610571 0.481467 0.237012
0.095419 0.156691 0.245495 0.254247 0.162050 0.012208 -0.106331 -0.111545 -0.024165 0.131365
0.232402 0.293888 0.447675 0.488848 0.237107 0.016268 -0.130380 -0.004962 0.153213 0.101697
0.171442 0.026925 -0.040429 0.125236 0.027011 -0.145675 -0.032690 0.192434 0.444422 0.332815
0.025933 -0.048138 -0.036540 -0.005716 0.027275 0.046007 0.059735 -0.092169 -0.273437 -0.256346
-0.273271 -0.176743 0.097557 -0.105748 -0.114221 -0.085264 -0.069466 -0.048065 0.079402 0.102893
-0.039148 -0.135823 -0.128779 0.102250 0.509572 0.543148 0.454764 0.131719 -0.074534 -0.201955
-0.133829 0.192837 0.533499 0.617799 0.690118 0.821558 0.739012 0.547457 0.470515 0.284876
0.207985 0.216949 0.290558 0.348979 0.715433 1.237455 1.341103 0.987443 0.518259 0.343697
0.359042 0.495938 0.712235 0.646058 0.431578 0.158333 0.066906 0.221364 0.469088 0.797813
1.257627 1.590211 1.361980 1.037198 0.335816 -0.053038 -0.012108 0.526724 1.268445 1.175951
0.830329 0.322465 0.041933 0.133657 0.227811 0.495258 0.942960 1.156227 0.831697 0.603359
0.079694 0.017780 0.394711 0.474506 0.267437 0.093365 -0.020118 -0.119497 -0.271353 -0.244988
-0.265366 -0.172062 0.080318 -0.103045 -0.093909 -0.058000 -0.037149 -0.086766 -0.098402 -0.081880
-0.042129 -0.037848 0.005076 0.139827 0.313222 0.357873 0.405691 0.248727 0.098206 -0.061052
0.035136 0.308648 0.541641 0.863509 1.264584 1.222669 1.202134 1.137410 1.154497 0.889002
0.701220 0.656433 0.832820 1.066287 1.494594 1.737005 1.631361 1.368528 0.788697 0.676772
0.905893 0.982351 1.139487 1.038948 0.876166 0.737538 0.629674 0.557201 0.743853 1.256183
1.641206 1.871974 1.675925 1.360001 0.793525 0.258036 0.282015 0.853897 1.508257 1.480987
1.121586 0.463063 0.079211 0.238025 0.641477 1.299352 1.768641 1.555630 0.893016 0.768993
0.195847 0.210404 0.542383 0.531600 0.300172 0.064044 -0.020463 -0.093596 -0.267855 -0.240894
-0.266513 -0.177386 0.120474 -0.041611 -0.078620 -0.091580 -0.111867 -0.155555 -0.195717 -0.228236
-0.018832 -0.016733 0.007322 0.008579 0.079813 0.037669 0.037920 -0.011996 -0.042871 -0.171791
-0.208714 -0.082129 0.271967 0.727185 1.208787 1.322516 1.126627 0.838612 0.914587 0.712212
0.486899 0.435381 0.601221 0.809493 1.055978 1.107769 0.928502 0.828532 0.683034 0.586219
0.669020 0.471281 0.287314 0.158714 0.248099 0.499700 0.567434 0.311339 0.183876 0.662471
1.109944 1.028500 0.993272 0.798470 0.526603 0.140748 -0.001238 0.229197 0.673054 0.699511
0.728524 0.213744 -0.173845 -0.224917 -0.037977 0.828397 1.467497 1.024798 0.629818 0.372442
0.033935 0.121373 0.166315 0.092060 0.007385 -0.066214 -0.126704 -0.181858 -0.278048 -0.248141
-0.268551 -0.164557 0.109399 -0.062317 -0.141424 -0.229673 -0.261482 -0.256370 -0.219472 -0.064839
0.827920 0.570087 0.275971 0.141409 0.250438 0.299784 0.182924 0.060457 -0.032183 -0.194477
-0.231603 0.004719 0.569858 0.931707 1.097027 0.954209 0.894919 0.885397 0.968581 0.792033
0.579605 0.381352 0.456240 1.064708 1.410450 1.180631 0.939902 0.704096 0.692364 0.603553
0.439479 0.114882 0.114731 0.190389 0.272467 0.465073 0.673439 0.595087 0.348243 0.498235
0.650216 0.613866 0.669256 0.570985 0.374989 0.127173 -0.017799 0.027174 0.280362 0.350367
0.403516 0.092108 -0.216276 -0.277971 -0.252770 0.639575 1.359591 0.978350 0.516504 0.241211
0.038474 0.056471 -0.004278 -0.057156 -0.066053 -0.114097 -0.175384 -0.208104 -0.278377 -0.249698
-0.275729 -0.155544 0.116698 -0.064274 -0.181923 -0.265253 -0.261529 -0.210007 0.139767 0.685206
1.191342 0.994975 0.647786 0.635504 0.692695 0.671831 0.598943 0.571695 0.339784 -0.028052
-0.135445 0.090262 0.557358 0.811046 0.615338 0.468350 0.666981 0.674838 0.702994 0.498654
0.336753 0.261343 0.465233 1.255628 1.737620 1.456655 1.015672 0.807992 0.540950 0.258161
0.085281 0.035519 0.203742 0.250162 0.179738 0.310271 0.691044 1.083815 1.083610 1.049611
0.890676 0.647157 0.551342 0.198916 0.086825 0.056643 0.042162 0.158023 0.265774 0.171066
0.200153 0.015114 -0.185675 -0.277893 -0.270182 0.325283 1.137446 0.763402 0.461104 0.162785
-0.002379 0.044124 -0.051821 -0.100585 -0.021958 -0.042049 -0.124773 -0.200133 -0.278455 -0.256623
-0.277673 -0.119891 0.231294 -0.028776 -0.151169 -0.247644 -0.245650 -0.207190 0.230820 0.171894
0.539445 0.518150 0.666023 0.831553 0.786107 0.670405 0.763088 0.975491 0.624907 0.325349
0.239753 0.408939 0.487656 0.412122 0.301914 0.277556 0.474681 0.492603 0.378774 0.272745
0.317191 0.317127 0.443914 0.978419 1.334935 1.295047 0.943970 0.734004 0.429425 0.030251
-0.015381 0.219738 0.429086 0.267392 0.129833 0.227600 0.408174 0.692788 0.872926 0.956618
0.758527 0.425073 0.165473 -0.055327 -0.090607 -0.046834 0.080731 0.341006 0.385296 0.102914
-0.087098 -0.126732 -0.137928 -0.255575 -0.259357 0.194413 0.870073 0.532332 0.224510 0.150323
-0.012842 -0.060841 -0.119074 -0.128457 -0.088523 -0.085765 -0.110421 -0.202856 -0.278059 -0.256438
-0.275935 -0.132730 0.114794 -0.097782 -0.170992 -0.219435 -0.236688 -0.263370 -0.181222 0.005899
0.232702 0.154819 0.025769 0.127484 0.311670 0.311405 0.332429 0.326028 0.365091 0.602719
0.686154 0.620333 0.420445 0.209706 0.026478 0.030597 0.337250 0.553784 0.657254 0.503326
0.497609 0.452616 0.502963 0.917065 1.111097 0.958271 0.802588 0.587145 0.329516 0.032461
0.214115 0.526178 0.534682 0.357838 0.281373 0.262537 0.143271 0.262090 0.649187 0.758740
0.642062 0.566521 0.667777 0.368209 0.158316 0.064868 0.151213 0.431251 0.642532 0.380279
0.063873 -0.035208 -0.111231 -0.239057 -0.240280 0.171797 0.800309 0.639082 0.320607 0.213419
-0.019491 -0.107221 -0.157373 -0.186667 -0.186309 -0.159044 -0.136621 -0.195583 -0.277727 -0.247227
-0.275241 -0.190021 0.073601 -0.120864 -0.181323 -0.211944 -0.224065 -0.256333 -0.190307 0.090721
0.181383 -0.008923 -0.046460 0.090542 0.245334 0.253216 0.173404 0.093434 0.140461 0.406019
0.629409 0.532947 0.300877 0.122942 0.026052 0.121329 0.290641 0.390068 0.439494 0.337383
0.214442 0.002046 -0.011077 0.257685 0.525542 0.544952 0.609594 0.351261 0.015224 -0.049848
0.325841 0.557026 0.496182 0.315877 0.228419 0.081045 -0.017648 0.026944 0.165720 0.078693
0.057155 0.607864 1.265854 0.897942 0.472670 0.281150 0.308976 0.385236 0.512264 0.471057
0.229133 -0.032797 -0.205445 -0.217474 -0.182141 0.093063 0.679996 0.663466 0.345535 0.191446
-0.051776 -0.135899 -0.182390 -0.217952 -0.199143 -0.180384 -0.192574 -0.211932 -0.274720 -0.234627
-0.270540 -0.177253 0.129329 -0.083340 -0.154129 -0.210941 -0.236999 -0.273729 -0.271950 -0.202099
-0.037343 0.052558 0.286247 0.464563 0.413162 0.220199 0.055180 -0.027075 -0.085089 -0.102355
0.123410 0.309394 0.297704 0.129579 0.004695 0.305523 0.407323 0.379847 0.268871 0.241041
0.129804 -0.000722 -0.132992 0.021741 0.326044 0.315814 0.310309 -0.080825 -0.225110 -0.185123
0.149044 0.485087 0.502908 0.332891 0.276604 0.134201 0.004876 -0.080604 -0.136053 -0.211906
-0.145008 0.176023 0.583987 0.675717 0.961022 0.848722 0.634641 0.555213 0.465380 0.395958
0.372039 0.141090 -0.084580 -0.005778 0.163746 0.503564 0.856005 0.629991 0.290743 0.143173
-0.074051 -0.115848 -0.109852 -0.155056 -0.158178 -0.193314 -0.233139 -0.236617 -0.275943 -0.235501
-0.268885 -0.174309 0.148857 -0.114910 -0.193261 -0.252113 -0.274978 -0.269718 -0.271569 -0.138948
0.425133 0.400110 0.399716 0.331550 0.237929 0.108136 0.021312 -0.116060 -0.220267 -0.242502
-0.132763 0.071469 0.316096 0.291628 0.147730 0.426231 0.636931 0.467398 0.137261 0.046211
0.038911 -0.089945 -0.201355 -0.196808 -0.093511 0.031826 0.071039 -0.167580 -0.255618 -0.250421
-0.130609 0.324205 0.612501 0.330811 0.094388 -0.103527 -0.150217 -0.200708 -0.228827 -0.203912
-0.104134 0.001047 0.116887 0.385732 0.950462 1.054845 0.773704 0.685943 0.507014 0.379205
0.378239 0.157735 -0.033128 0.025463 0.275650 0.580213 0.742497 0.611754 0.333416 0.153142
-0.085139 -0.122377 -0.077620 -0.133814 -0.146008 -0.191659 -0.224116 -0.243857 -0.277566 -0.227170
-0.267695 -0.145378 0.138388 -0.141408 -0.237094 -0.270802 -0.277826 -0.268416 -0.246964 0.530612
1.255110 0.782469 0.347947 0.137742 0.034612 0.020200 -0.031443 -0.187805 -0.247919 -0.263586
-0.228631 -0.069268 0.290012 0.481731 0.606938 0.397299 0.443239 0.493585 0.314394 0.011337
-0.071318 -0.195228 -0.217465 -0.172140 0.019830 0.416685 0.524287 0.222660 -0.156075 -0.237255
-0.219052 0.233745 0.662705 0.453344 0.097791 -0.167219 -0.143915 -0.179177 -0.199854 -0.040392
0.362195 0.324069 0.125015 0.216047 0.538663 0.620133 0.582055 0.464953 0.326966 0.290994
0.186819 -0.065050 -0.163998 -0.184380 -0.142990 0.119540 0.510447 0.636433 0.657136 0.410470
-0.046474 -0.170105 -0.201117 -0.221294 -0.181600 -0.158768 -0.097974 -0.169825 -0.274697 -0.206771
-0.265630 -0.185678 -0.016904 -0.253677 -0.274933 -0.193670 -0.112607 -0.227853 -0.164415 0.296008
0.680888 0.620640 0.223303 -0.044519 -0.128357 -0.091566 -0.130246 -0.224976 -0.236250 -0.250266
-0.257262 -0.156975 -0.023732 0.060506 0.249361 0.345309 0.271382 0.254481 0.118857 -0.108443
-0.147283 -0.186614 -0.175184 -0.078927 0.081924 0.234246 0.336922 0.175069 -0.097598 -0.226848
-0.244784 -0.059979 0.221059 -0.019582 -0.199451 -0.209539 0.005175 -0.247440 -0.277614 -0.132567
0.495437 0.303324 0.211980 0.349576 0.570020 0.556168 0.492846 0.403088 0.319569 0.154136
0.004934 -0.156462 -0.238042 -0.273280 -0.276065 -0.029479 0.840578 0.784636 0.590110 0.373378
-0.013298 -0.145252 -0.176847 -0.189094 -0.160321 -0.118436 -0.007915 -0.101769 -0.265118 -0.214689
-0.265271 -0.226814 -0.173146 -0.272469 -0.228566 0.249520 0.384393 0.201637 0.011025 -0.063687
0.114149 0.017072 -0.059662 -0.148696 -0.202611 -0.173229 -0.124730 -0.149765 -0.172147 -0.214094
-0.250973 -0.255177 -0.237509 -0.182972 -0.090446 -0.075537 -0.079782 -0.170676 -0.159906 -0.185381
-0.196358 -0.214056 -0.197619 -0.122351 -0.079719 -0.085960 0.058814 0.001773 -0.113453 -0.205061
-0.233282 -0.224127 -0.198765 -0.277303 -0.278361 -0.097936 0.409880 -0.168245 -0.214923 0.401795
1.502217 1.431178 1.309434 1.525959 1.470494 1.179470 0.744514 0.716265 0.585390 0.239956
0.039214 -0.168727 -0.272107 -0.266719 -0.278114 0.290292 1.627420 1.274885 0.554412 0.434666
0.154131 -0.099253 -0.161277 -0.158384 -0.099329 -0.074261 -0.067409 -0.134622 -0.275009 -0.249767
-0.265017 -0.209188 -0.130330 -0.260975 -0.196042 0.013952 0.064271 0.265592 0.305013 -0.018083
-0.174985 -0.193021 -0.157779 -0.144331 -0.220821 -0.202240 -0.151377 -0.124603 -0.132079 -0.156957
-0.241040 -0.270477 -0.266239 -0.179246 -0.152645 -0.176445 -0.221576 -0.224654 -0.178193 -0.169632
-0.200932 -0.221541 -0.206067 -0.159958 -0.134280 -0.140790 -0.096888 -0.115928 -0.188319 -0.212789
-0.176779 -0.217748 -0.270585 -0.255169 -0.275618 0.041998 0.611133 0.106544 0.066766 0.894954
1.783457 1.884814 1.645665 1.508667 1.485404 1.453216 1.071643 0.793795 0.613955 0.217125
0.052151 -0.175987 -0.278465 -0.229315 -0.277742 0.623773 2.234271 1.784533 0.648231 0.515218
0.183090 -0.170835 -0.199400 -0.100716 0.044827 0.078343 -0.028247 -0.160267 -0.278050 -0.257749
-0.265543 -0.187263 -0.053712 -0.208516 -0.238968 -0.192686 -0.161363 -0.017145 0.097439 -0.150637
-0.203109 -0.185920 -0.097757 -0.050712 -0.123160 -0.156745 -0.199484 -0.135582 -0.067714 -0.045557
-0.183999 -0.217768 -0.208234 -0.117201 -0.108282 -0.072804 -0.047347 -0.076594 -0.076027 -0.171189
-0.215372 -0.219102 -0.224870 -0.190865 -0.163125 -0.170805 -0.183432 -0.227282 -0.236672 -0.212914
-0.152302 -0.211469 -0.274939 -0.254948 -0.260978 -0.246381 0.142338 0.089558 0.314868 1.063985
1.359580 1.191218 1.060146 1.107131 1.091473 0.968264 0.757023 0.824126 0.511459 0.071706
0.005637 -0.211342 -0.274496 -0.194200 -0.253751 0.362047 2.007034 1.456124 0.496577 0.240052
-0.068627 -0.213958 -0.183357 -0.066115 0.045575 0.030304 -0.059408 -0.184362 -0.278456 -0.253795
-0.274717 -0.186175 0.000655 -0.152663 -0.172369 -0.184239 -0.157722 -0.197970 -0.240127 -0.250305
-0.118801 0.016319 0.126234 0.124907 0.027641 -0.094926 -0.214077 -0.178147 -0.099746 -0.113901
-0.178451 -0.105690 -0.162269 -0.191292 -0.217357 -0.102160 0.008558 -0.059548 -0.110086 -0.208165
-0.227077 -0.248839 -0.255839 -0.249371 -0.237207 -0.224239 -0.158839 -0.212564 -0.246059 -0.221496
-0.189319 -0.235636 -0.272348 -0.271108 -0.262910 -0.277248 -0.180738 -0.067535 -0.000979 0.276365
0.434489 0.333897 0.314329 0.301811 0.205612 0.307785 0.479949 0.547761 0.279083 -0.005644
-0.066826 -0.244283 -0.270983 -0.192293 -0.234195 0.005216 1.299281 0.945051 0.398246 0.170712
-0.119920 -0.215278 -0.196191 -0.151653 -0.101210 -0.112954 -0.162177 -0.224743 -0.278255 -0.248762
-0.274528 -0.156457 0.132307 -0.052611 -0.045725 -0.144903 -0.241303 -0.278458 -0.275157 -0.153536
0.396222 0.845234 0.747634 0.525299 0.160662 -0.062156 -0.163204 -0.160020 -0.061218 -0.085526
-0.108612 -0.004373 -0.110374 -0.210593 -0.241554 -0.156633 -0.101413 -0.173137 -0.188956 -0.215760
-0.225853 -0.250452 -0.241930 -0.264879 -0.265473 -0.242233 -0.148769 -0.176781 -0.189579 -0.177559
-0.222158 -0.249978 -0.269644 -0.277388 -0.275618 -0.272966 -0.180575 -0.155271 -0.193153 -0.069997
0.153903 0.197919 0.201620 0.017643 -0.079066 0.066118 0.255597 -0.007016 -0.010280 -0.019538
-0.049367 -0.215885 -0.278313 -0.219001 -0.230825 -0.115458 0.983385 0.834993 0.306827 0.154752
-0.110615 -0.206501 -0.209552 -0.199272 -0.151839 -0.146164 -0.194593 -0.250898 -0.278346 -0.261268
-0.266910 -0.183311 0.124441 -0.035538 -0.101040 -0.233133 -0.275387 -0.273261 -0.275759 -0.041578
0.620046 0.884227 0.789865 0.531978 0.057465 -0.058912 -0.077163 -0.096478 -0.048801 -0.022633
0.013539 -0.165961 -0.217413 -0.253100 -0.252526 -0.244789 -0.252900 -0.246514 -0.241370 -0.250373
-0.249924 -0.257127 -0.249169 -0.269077 -0.277255 -0.277978 -0.268034 -0.243208 -0.111250 -0.034217
-0.176213 -0.243716 -0.274500 -0.276602 -0.278464 -0.220634 -0.053358 -0.122405 -0.109175 -0.061208
-0.017544 -0.071819 -0.134228 -0.199145 -0.139600 -0.087449 -0.140061 -0.167132 -0.112028 -0.092935
-0.091264 -0.218577 -0.278462 -0.234150 -0.243427 -0.144379 0.697286 0.660602 0.243421 0.096757
-0.142874 -0.208994 -0.230974 -0.233450 -0.195715 -0.196828 -0.229675 -0.252383 -0.278421 -0.250730
-0.265402 -0.209785 0.076846 0.016908 -0.077302 -0.238116 -0.277819 -0.258830 -0.271828 -0.159339
0.538132 0.741052 0.863816 0.465481 0.025683 -0.027802 -0.051988 -0.066694 -0.048834 -0.014285
-0.059136 -0.223233 -0.264721 -0.265303 -0.267786 -0.266328 -0.265675 -0.250599 -0.250467 -0.240332
-0.226508 -0.238698 -0.249184 -0.263884 -0.267182 -0.272963 -0.271754 -0.233807 -0.124811 -0.104099
-0.151768 -0.221687 -0.274640 -0.276866 -0.263360 -0.030749 0.291535 0.179259 0.083741 0.044954
-0.012612 -0.093737 -0.135542 -0.103554 -0.070483 0.001252 0.167808 0.208606 0.087895 -0.008278
-0.083356 -0.193969 -0.271151 -0.265309 -0.274663 0.053731 0.938075 0.828084 0.324277 0.056915
-0.146086 -0.204246 -0.226259 -0.233684 -0.203722 -0.227418 -0.238062 -0.241654 -0.275545 -0.225616
-0.271107 -0.182651 0.153854 0.102849 -0.012646 -0.212834 -0.277319 -0.223637 -0.255295 -0.032991
1.179066 1.116647 1.141490 0.729799 0.119745 0.035457 0.039712 0.023470 -0.007806 0.063611
-0.048577 -0.217801 -0.274017 -0.271249 -0.263052 -0.261673 -0.261970 -0.242589 -0.253569 -0.230240
-0.192900 -0.234372 -0.246107 -0.248100 -0.258339 -0.270578 -0.278382 -0.264275 -0.252922 -0.243367
-0.229595 -0.242338 -0.264836 -0.276308 -0.227276 -0.028410 0.190184 0.034765 0.012156 -0.006875
-0.111343 -0.203409 -0.220711 -0.059082 0.091775 0.406290 0.725415 0.779984 0.489442 0.079392
-0.115649 -0.127360 -0.167910 -0.255499 -0.275103 -0.115326 0.416763 0.487942 0.256922 0.013354
-0.154031 -0.189953 -0.196001 -0.182972 -0.160354 -0.239104 -0.238869 -0.213467 -0.263912 -0.219329
-0.275792 -0.140259 0.151579 0.013797 -0.074133 -0.241212 -0.253798 -0.160002 -0.256838 0.212560
1.598715 1.595083 1.165402 0.809895 0.529538 0.421039 0.369276 0.281920 0.215726 0.186348
0.036532 -0.138040 -0.248744 -0.266003 -0.269329 -0.265741 -0.266305 -0.252502 -0.230421 -0.250181
-0.268832 -0.144673 -0.124774 -0.189447 -0.210409 -0.250465 -0.272965 -0.271930 -0.274494 -0.272025
-0.256944 -0.217484 -0.199409 -0.231264 -0.208393 -0.131275 -0.084742 -0.186698 -0.171785 -0.145497
-0.114692 -0.216546 -0.223695 0.134827 0.508693 0.840592 0.898601 0.653227 0.422082 0.251279
0.130733 0.276168 0.541370 0.399510 -0.000070 -0.059785 0.116485 0.225924 0.132233 -0.147579
-0.199174 -0.183766 -0.168635 -0.140684 -0.126599 -0.230638 -0.255363 -0.226369 -0.257400 -0.169706
-0.273603 -0.174437 0.133338 -0.074304 -0.152634 -0.262626 -0.255992 -0.164569 -0.229407 0.143754
1.607823 1.443160 1.313232 1.039081 0.771130 0.657540 0.488658 0.401931 0.360295 0.235068
-0.030386 -0.186088 -0.248918 -0.262150 -0.273170 -0.271181 -0.278445 -0.265223 -0.128163 -0.139446
-0.270867 1.992528 1.932077 0.305485 -0.149257 -0.225893 -0.243434 -0.272821 -0.278200 -0.263024
-0.229128 -0.205585 -0.228191 -0.254209 -0.229924 -0.220926 -0.217593 -0.257825 -0.275449 -0.231957
0.134564 0.129823 0.055946 0.287163 0.646416 0.843981 0.841592 0.627477 0.525469 0.378912
0.355001 0.583583 0.878764 0.819897 0.436044 0.125511 0.038218 -0.051125 -0.180958 -0.206057
-0.191183 -0.146423 -0.128912 -0.151397 -0.171894 -0.236738 -0.254410 -0.242279 -0.265304 -0.180129
-0.272663 -0.198798 0.100945 -0.057495 -0.142369 -0.268418 -0.268170 -0.205914 -0.206985 -0.163955
1.112423 1.005528 1.072915 0.832902 0.555777 0.403356 0.267866 0.174577 0.182904 0.121277
-0.042555 -0.204446 -0.253527 -0.262552 -0.272798 -0.273494 -0.278437 -0.278286 -0.177521 -0.208101
0.456548 2.927725 1.987081 0.527140 -0.105360 -0.171337 -0.230944 -0.263995 -0.266961 -0.245770
-0.226947 -0.223260 -0.267623 -0.273228 -0.233985 -0.170637 -0.100551 -0.165366 -0.228525 -0.147757
0.078267 0.015022 -0.050337 0.058891 0.425578 0.677503 0.823360 0.698653 0.469358 0.078263
0.025434 0.167153 0.354100 0.312121 0.269744 0.273767 0.257323 0.098797 -0.130752 -0.167749
-0.186167 -0.157939 -0.173248 -0.206168 -0.211314 -0.242701 -0.254163 -0.247631 -0.276872 -0.225996
-0.278455 -0.152966 0.258015 0.034285 -0.122210 -0.259883 -0.272046 -0.217695 -0.249350 -0.036382
1.207270 1.013713 0.797303 0.559068 0.272179 0.162150 0.045826 0.015833 0.102291 0.042327
-0.045231 -0.181501 -0.224616 -0.260043 -0.270069 -0.273004 -0.278281 -0.272567 -0.209918 -0.261040
0.066873 1.059762 0.378866 -0.218371 -0.040055 -0.189891 -0.224624 -0.250765 -0.257560 -0.260393
-0.255959 -0.259403 -0.265894 -0.241386 -0.178077 -0.152284 -0.163818 -0.214886 -0.192635 -0.127880
-0.171270 -0.152789 0.017481 0.267301 0.515452 0.663447 0.812228 0.608494 0.235262 0.009002
0.008417 -0.046009 -0.032690 -0.010714 0.083871 0.300254 0.548964 0.346251 0.030966 -0.085221
-0.180722 -0.188073 -0.213002 -0.229065 -0.216082 -0.246263 -0.254579 -0.246983 -0.278341 -0.232564
-0.277246 -0.081052 0.230773 0.001332 -0.155772 -0.259793 -0.272054 -0.232980 -0.274540 0.095132
1.131911 0.848164 0.627691 0.587454 0.599245 0.440459 0.087247 -0.020460 0.081305 0.003038
-0.090197 -0.186970 -0.199583 -0.249615 -0.271800 -0.274796 -0.278022 -0.278248 -0.197290 -0.268965
-0.005661 0.365543 -0.057550 -0.244324 -0.133007 -0.229382 -0.244924 -0.270137 -0.272907 -0.274653
-0.271577 -0.261461 -0.232966 -0.158085 -0.063770 -0.141347 -0.252627 -0.272783 -0.192041 -0.019077
0.308971 0.485182 0.776641 1.115096 1.108888 0.911358 0.757342 0.546301 0.294158 0.114673
0.086471 -0.059331 -0.139085 -0.173457 -0.126310 0.118396 0.666135 0.662685 0.280299 0.112893
-0.115852 -0.189972 -0.215842 -0.221632 -0.207337 -0.247098 -0.263187 -0.246673 -0.274896 -0.191180
-0.269796 -0.218621 0.034921 -0.093689 -0.145448 -0.237936 -0.276233 -0.234034 -0.268864 0.040521
1.107629 0.873268 0.591343 0.547219 0.611826 0.490191 0.194286 0.005841 0.056584 -0.012772
-0.112915 -0.179666 -0.198215 -0.244285 -0.263386 -0.272385 -0.278283 -0.278445 -0.256936 -0.264306
-0.274214 -0.131847 0.123541 -0.220875 -0.203515 -0.261974 -0.276203 -0.277736 -0.276726 -0.267144
-0.246062 -0.223486 -0.185463 -0.131833 -0.071543 -0.150844 -0.254551 -0.278364 -0.256547 0.147912
0.813759 1.044072 1.141101 1.123876 1.025888 0.953464 0.736094 0.566082 0.392609 0.151790
0.095223 -0.052239 -0.172361 -0.252696 -0.235037 0.142576 0.844396 0.720645 0.421281 0.174843
-0.064898 -0.194755 -0.226704 -0.219782 -0.206522 -0.249519 -0.268189 -0.236329 -0.256463 -0.128820
-0.265957 -0.219636 0.092079 -0.006998 -0.075703 -0.236666 -0.274704 -0.238801 -0.278366 0.186476
1.283794 1.234195 0.946250 0.674548 0.255593 0.088689 0.011579 -0.028697 0.053982 -0.035179
-0.107378 -0.165899 -0.211312 -0.240156 -0.244667 -0.260921 -0.274701 -0.272711 -0.277356 -0.278136
-0.271891 -0.277651 -0.239269 -0.150008 -0.233485 -0.274293 -0.278464 -0.278310 -0.277682 -0.265520
-0.259288 -0.247734 -0.233786 -0.192403 -0.200643 -0.235679 -0.263747 -0.276989 -0.277674 -0.021341
0.460590 0.549407 0.728706 0.821210 0.679285 0.544774 0.530790 0.387857 0.346127 0.212842
0.130030 -0.013180 -0.210516 -0.277342 -0.258363 0.179492 0.755820 0.646362 0.466574 0.118505
-0.126268 -0.222672 -0.221852 -0.212673 -0.222703 -0.259176 -0.275901 -0.248058 -0.235103 -0.028693
-0.270025 -0.181023 0.117646 -0.039063 -0.134795 -0.248784 -0.275073 -0.247260 -0.278343 0.127805
1.148312 1.263560 1.251391 0.712604 0.190424 -0.066692 -0.115688 -0.051101 0.063354 0.062427
0.021539 -0.075111 -0.212429 -0.222390 -0.216417 -0.257051 -0.264295 -0.269493 -0.272831 -0.272698
-0.277741 -0.278408 -0.272522 -0.277224 -0.271369 -0.273592 -0.278389 -0.277748 -0.269773 -0.252723
-0.246656 -0.236571 -0.241767 -0.229879 -0.218096 -0.224825 -0.256680 -0.277874 -0.255318 -0.048743
0.308634 0.275331 0.428024 0.527223 0.379707 0.310515 0.314029 0.297564 0.263016 0.219381
0.183517 -0.061252 -0.246732 -0.277851 -0.270479 0.210532 0.997527 0.924771 0.655488 0.333225
-0.133831 -0.215130 -0.208922 -0.215993 -0.226320 -0.224551 -0.255795 -0.234903 -0.233627 -0.077103
-0.272722 -0.126375 0.085004 -0.135025 -0.199288 -0.268055 -0.275987 -0.250362 -0.277721 0.016608
0.805060 0.633153 0.708699 0.405462 0.621510 0.703222 0.497551 0.693194 1.002906 0.857966
0.317461 0.082949 -0.152869 -0.201694 -0.204482 -0.243942 -0.249806 -0.264002 -0.270183 -0.271337
-0.273638 -0.275529 -0.278126 -0.276890 -0.277965 -0.267186 -0.277936 -0.210437 -0.152441 -0.197857
-0.177256 -0.172268 -0.223990 -0.234035 -0.168213 -0.090517 -0.194305 -0.257052 -0.214204 0.084022
0.465476 0.307321 0.178255 0.109481 0.220520 0.333788 0.235518 0.227674 0.342463 0.381558
0.237502 -0.152653 -0.268692 -0.278043 -0.213132 0.426423 1.368541 1.102550 0.582673 0.341190
0.014325 -0.134357 -0.168404 -0.186816 -0.199360 -0.166616 -0.187963 -0.210067 -0.276608 -0.242098
-0.274460 -0.152958 0.118171 -0.084249 -0.174171 -0.255381 -0.278463 -0.258888 -0.278409 0.023747
0.868447 0.525186 0.527941 0.359424 0.783798 1.243327 1.272246 1.342001 1.345857 0.961083
0.328446 0.209876 -0.156277 -0.212599 -0.229281 -0.242215 -0.225403 -0.246205 -0.252967 -0.262500
-0.266326 -0.264610 -0.269060 -0.269599 -0.277464 -0.276581 -0.267944 -0.089204 -0.092948 -0.145543
-0.126237 -0.159371 -0.225134 -0.215189 -0.143656 -0.087731 -0.180373 -0.239508 -0.204591 0.031991
0.399051 0.226079 0.034974 0.082572 0.238776 0.303605 0.219239 0.320287 0.460482 0.437754
0.301084 -0.092971 -0.248445 -0.273386 -0.224526 0.390949 1.401905 1.089883 0.478939 0.335264
0.069833 -0.055652 -0.103925 -0.155204 -0.187023 -0.145659 -0.178028 -0.228562 -0.277140 -0.269667
-0.274416 -0.204048 0.167996 0.057539 -0.043455 -0.201559 -0.277993 -0.246853 -0.277459 0.283085
1.174551 0.785786 0.589520 0.368218 0.438127 0.570127 0.884500 1.207923 1.061336 0.531209
0.110425 -0.012068 -0.192025 -0.230711 -0.252045 -0.251198 -0.204210 -0.200379 -0.207267 -0.225956
-0.232389 -0.237201 -0.246639 -0.252512 -0.260587 -0.272536 -0.268190 -0.269449 -0.240357 -0.210326
-0.199358 -0.179727 -0.208309 -0.202123 -0.151746 -0.139456 -0.150790 -0.181468 -0.155624 -0.102370
0.099080 0.123717 0.266549 0.378333 0.206221 0.170962 0.279365 0.546236 0.468691 0.262850
0.199983 -0.044409 -0.240407 -0.278371 -0.261840 0.369868 1.393974 1.065964 0.423771 0.236379
-0.018264 -0.095715 -0.184922 -0.221440 -0.203650 -0.182728 -0.212847 -0.237157 -0.278384 -0.260671
-0.274357 -0.210170 0.117336 -0.030591 -0.109561 -0.202409 -0.274600 -0.249985 -0.272550 -0.120186
0.492270 0.310188 0.231025 0.078053 0.099536 0.457616 1.001543 1.354174 1.246535 0.643791
0.165307 0.072887 -0.172667 -0.218953 -0.248736 -0.237266 -0.183522 -0.151415 -0.165963 -0.210971
-0.221261 -0.228323 -0.229626 -0.241747 -0.254619 -0.258823 -0.277400 -0.277708 -0.262921 -0.239426
-0.219937 -0.141349 -0.142244 -0.171314 -0.147607 -0.130634 -0.162752 -0.208554 -0.182516 -0.126260
-0.013374 0.018831 0.127599 0.247462 0.239386 0.329895 0.488278 0.598976 0.479880 0.213686
0.114497 -0.064499 -0.221361 -0.276530 -0.274903 0.021201 0.664874 0.604166 0.275508 0.123782
-0.062020 -0.178286 -0.239660 -0.241482 -0.208600 -0.208290 -0.226499 -0.246633 -0.278124 -0.241525
-0.273297 -0.194620 0.069378 -0.106402 -0.125994 -0.163996 -0.211723 -0.265495 -0.268505 -0.175703
0.293784 0.253702 0.264338 0.143889 -0.027464 -0.162868 -0.050934 0.463895 0.973704 0.682503
0.167577 0.133755 -0.141431 -0.205161 -0.218067 -0.207472 -0.162263 -0.107289 -0.153398 -0.206454
-0.207756 -0.209907 -0.212683 -0.240245 -0.250410 -0.256213 -0.265857 -0.243286 -0.227964 -0.213998
-0.174605 -0.144726 -0.142204 -0.168773 -0.147691 -0.123121 -0.163906 -0.223619 -0.189356 -0.075144
0.029800 -0.030374 -0.014152 0.139776 0.413716 0.699277 0.710511 0.652693 0.624836 0.453860
0.316905 0.132221 -0.044131 -0.196197 -0.259179 -0.154841 0.206275 0.325693 0.197411 -0.031351
-0.157904 -0.218271 -0.238154 -0.228698 -0.209771 -0.219553 -0.246309 -0.271079 -0.277944 -0.228444
-0.269826 -0.171500 0.104506 -0.068571 -0.109996 -0.187877 -0.194705 -0.204128 -0.169327 -0.127928
-0.042683 -0.037677 -0.041669 -0.189102 -0.273935 -0.278441 -0.265910 0.422743 1.309453 1.118105
0.336926 0.197840 -0.124544 -0.224124 -0.219466 -0.180494 -0.138343 -0.142813 -0.193297 -0.208030
-0.175616 -0.186284 -0.202265 -0.223870 -0.253840 -0.258244 -0.215939 -0.186905 -0.221840 -0.196238
-0.167754 -0.192157 -0.181211 -0.196914 -0.187113 -0.179323 -0.182977 -0.219282 -0.178032 -0.041311
0.079280 0.048684 0.023673 0.156706 0.494830 0.794953 0.775723 0.639464 0.763408 0.787390
0.619547 0.293982 0.047872 -0.131627 -0.202013 -0.079714 0.146622 0.206889 0.025785 -0.143272
-0.202473 -0.223626 -0.228781 -0.244083 -0.231647 -0.221714 -0.230826 -0.268686 -0.278031 -0.191393
-0.272416 -0.148402 0.245953 0.014726 -0.101377 -0.202007 -0.219733 -0.207432 -0.110581 0.043048
0.002837 -0.086998 -0.166910 -0.250093 -0.252543 -0.037355 0.621456 1.610683 1.819024 1.443582
0.542759 0.284368 -0.081771 -0.197134 -0.166817 -0.126690 -0.093914 -0.130653 -0.166300 -0.147182
-0.093409 -0.161860 -0.183027 -0.224401 -0.270588 -0.236967 -0.086496 -0.167125 -0.221106 -0.174964
-0.138121 -0.172726 -0.147293 -0.164896 -0.169494 -0.189854 -0.203470 -0.223284 -0.161197 0.054402
0.255232 0.211046 0.102391 0.172531 0.331869 0.430440 0.396028 0.379120 0.555507 0.495017
0.463391 0.224254 0.018076 -0.095088 -0.081889 0.200427 0.483610 0.411617 0.143500 -0.023334
-0.111226 -0.144042 -0.218311 -0.253733 -0.231432 -0.143571 -0.119982 -0.218735 -0.278210 -0.211372
-0.273943 -0.152441 0.237012 0.059101 -0.037912 -0.169114 -0.222965 -0.208087 -0.135495 -0.032640
-0.064525 -0.134136 -0.210824 -0.252027 -0.272226 -0.277578 -0.225401 0.444671 0.873094 0.798809
0.730879 0.568394 0.204364 -0.002209 -0.028955 -0.011389 -0.022359 -0.152850 -0.202208 -0.128034
-0.014720 -0.011158 0.008768 -0.052110 -0.119015 0.118111 0.342883 0.140974 -0.084473 -0.084272
-0.049836 -0.097543 -0.060917 -0.078449 -0.101542 -0.158014 -0.185254 -0.199514 -0.137043 0.103709
0.325470 0.324634 0.255374 0.175551 0.134051 0.164795 0.273822 0.483162 0.721853 0.622216
0.533197 0.428431 0.273674 0.030810 -0.078708 0.114753 0.431947 0.543887 0.393506 0.068291
-0.172762 -0.219997 -0.199442 -0.142064 -0.071221 0.042190 -0.034172 -0.112919 -0.259176 -0.225831
-0.273310 -0.146283 0.114741 -0.052568 -0.044194 -0.098834 -0.171588 -0.202006 -0.174122 -0.152653
-0.142252 -0.084168 -0.089149 -0.128539 -0.228976 -0.276760 -0.255695 -0.260091 -0.003111 0.189305
0.278323 -0.109929 0.286529 0.446756 0.378874 0.320856 0.210819 0.055516 0.091335 0.322239
0.632917 0.852904 1.029040 1.068278 1.130976 1.151604 0.953766 0.691105 0.307092 0.101891
0.223349 0.219757 0.164057 0.004875 -0.084427 -0.133861 -0.160924 -0.186565 -0.106944 0.220144
0.583711 0.689670 0.590161 0.286640 0.087166 0.060660 0.239589 0.616289 0.897938 0.872583
0.730243 0.487727 0.158815 -0.109909 -0.193974 -0.022214 0.478652 0.719267 0.598817 0.205112
-0.094909 -0.131088 0.001510 0.240330 0.312235 0.196960 0.012240 -0.111881 -0.264431 -0.192266
-0.260621 -0.176381 0.063507 -0.182921 -0.184857 -0.144933 -0.162653 -0.203809 -0.209624 -0.169708
-0.108939 -0.074439 -0.136826 -0.188620 -0.228636 -0.266459 -0.275628 -0.277979 -0.266215 -0.265530
-0.262479 -0.088508 0.531638 0.696263 0.650097 0.668391 0.657117 0.445946 0.511186 0.933149
1.186806 1.359367 1.539439 1.564324 1.334038 1.198755 1.032696 0.888004 0.498027 0.283621
0.337883 0.351508 0.323515 0.102790 -0.019897 -0.040990 -0.059040 -0.072868 0.063973 0.554196
1.046398 1.033438 0.763780 0.372791 0.146232 0.096695 0.226505 0.596807 0.896739 0.989224
0.847788 0.385097 0.028137 -0.138248 -0.109494 0.289690 0.789176 0.850946 0.598850 0.295216
0.169486 0.207663 0.191509 0.141126 0.041730 0.016234 -0.075968 -0.138868 -0.235413 -0.068939
-0.146194 -0.140193 -0.161694 -0.253693 -0.206587 -0.137622 -0.163703 -0.194573 -0.210357 -0.244321
-0.246022 -0.250885 -0.249434 -0.243942 -0.083291 0.105030 0.050656 -0.192875 -0.215834 -0.251447
-0.207413 -0.039779 0.120928 0.090614 0.265585 0.685405 0.832212 0.543978 0.336560 0.536369
0.854031 0.922373 0.935296 0.748375 0.610398 0.577578 0.608187 0.361943 0.209738 0.203860
0.142790 0.140892 0.174313 0.047093 -0.006019 0.023136 -0.046901 -0.084002 0.052489 0.466846
0.772442 0.644415 0.495762 0.386438 0.328459 0.287175 0.266433 0.494846 0.742270 0.797164
0.606509 0.036012 -0.206715 -0.206312 -0.018685 0.563203 1.046576 0.807823 0.582529 0.394430
0.214047 0.154265 0.125073 -0.000619 -0.137817 -0.148333 -0.103079 -0.106773 -0.216807 -0.141602
-0.276205 -0.240236 -0.135638 -0.149127 -0.135881 -0.138472 -0.149395 -0.260932 -0.265999 -0.275799
-0.261713 -0.205113 -0.204679 -0.246548 -0.108970 0.172238 0.514314 -0.000261 -0.140159 -0.178030
-0.151139 -0.182394 -0.195204 -0.171788 0.113370 0.600135 0.791270 0.590848 0.280616 0.261326
0.556693 0.646854 0.397380 0.234636 0.398896 0.402685 0.482080 0.410601 0.295773 0.239828
0.278395 0.240961 0.198006 0.203879 0.239603 0.223850 0.077400 0.043620 0.128368 0.333928
0.526415 0.408392 0.426129 0.666721 0.711566 0.555174 0.370280 0.398735 0.556668 0.486484
0.366056 -0.062287 -0.208816 -0.067628 0.306168 0.997046 1.536799 1.039424 0.578588 0.427873
0.253768 0.117956 0.186568 0.075328 -0.046478 -0.111494 -0.128019 -0.172349 -0.243000 -0.216272
-0.233924 -0.267123 0.508521 0.701533 0.219778 0.025626 -0.234389 -0.277704 -0.263590 -0.088297
0.258172 0.331158 -0.041287 -0.192541 -0.069893 -0.139072 0.174787 0.033497 0.052957 0.044330
-0.015253 -0.152658 -0.231981 -0.234297 -0.089127 0.240567 0.498517 0.374693 0.266841 0.157952
0.079639 -0.152550 -0.235328 -0.134233 0.271395 0.496583 0.807815 1.172337 1.258854 1.046578
0.934873 0.917988 0.911878 0.941787 0.769597 0.649132 0.411782 0.290902 0.224417 0.186866
0.183318 0.132645 0.258017 0.603086 0.888580 0.923900 0.647762 0.541783 0.545902 0.276365
0.154690 -0.078096 -0.174937 -0.188131 -0.073448 0.607193 1.187601 0.883598 0.575623 0.321660
0.144271 0.077479 0.095637 0.042271 0.042424 -0.048539 -0.135630 -0.223242 -0.276148 -0.237865
-0.253895 0.049435 0.483061 0.066290 0.348830 0.219788 -0.155187 -0.277202 -0.127594 0.249206
0.050416 -0.151899 -0.076528 -0.160402 -0.265912 -0.277464 -0.145584 0.062020 0.184180 0.076846
0.158256 -0.113580 -0.242115 -0.258719 -0.240197 -0.022675 0.333767 0.331450 0.235857 -0.065462
-0.261265 -0.274901 -0.277794 -0.094388 0.608733 0.687680 0.850611 1.070410 1.487999 1.684392
1.584285 1.368849 1.322142 1.247330 0.969535 0.828321 0.598282 0.371095 0.262239 0.127302
0.075829 0.097959 0.231575 0.690318 1.043044 1.003325 0.890210 0.461150 0.286623 0.071940
0.002571 -0.142799 -0.249937 -0.250295 -0.082506 0.876620 1.639748 1.421382 0.905971 0.558725
0.281051 -0.082189 -0.164599 -0.049923 0.191828 0.194770 0.032334 -0.183799 -0.277739 -0.226617
-0.257344 0.027702 0.117799 -0.224388 -0.084872 -0.229089 -0.278461 -0.246865 -0.061918 -0.126425
-0.112733 -0.169623 -0.267314 -0.271151 -0.272637 -0.270185 -0.129331 -0.216811 -0.002470 0.026377
0.100273 -0.126280 -0.245652 -0.250666 -0.199447 0.071417 0.488127 0.496548 0.325034 -0.088558
-0.278464 -0.254098 -0.267606 0.281163 1.087656 0.903674 0.668009 0.556538 0.739393 1.112123
1.415892 1.339565 1.097179 1.026162 0.884338 0.743063 0.582192 0.348174 0.283178 0.214400
0.189106 0.202661 0.239183 0.738024 1.054754 0.873047 0.837214 0.607001 0.404763 0.108611
0.067944 -0.108868 -0.257462 -0.253896 0.094967 1.307226 1.826994 1.639113 0.968240 0.586911
0.279430 -0.154125 -0.211836 -0.136844 0.172855 0.462802 0.316042 -0.100877 -0.276914 -0.259183
-0.276377 -0.253399 -0.072742 -0.135673 -0.123719 -0.231090 -0.219045 0.031613 -0.064807 -0.093967
-0.189607 -0.101316 -0.198964 -0.250733 -0.234087 -0.258293 -0.276658 -0.263943 -0.075268 0.025679
-0.094507 -0.242043 -0.252844 -0.233448 -0.188438 -0.074980 0.164919 0.238817 0.157471 -0.097795
-0.274490 -0.261561 -0.275289 0.132668 0.658323 0.503522 0.268769 0.027808 0.221695 0.606611
0.762882 0.934612 0.902463 0.959373 1.028068 0.958417 0.822138 0.486620 0.414203 0.333627
0.289451 0.197156 0.275901 0.717300 1.098113 1.196576 1.218504 1.013910 0.734916 0.325806
0.192604 0.010956 -0.196013 -0.254469 -0.110394 0.710141 1.004281 0.638061 0.462277 0.375925
0.143832 -0.056124 -0.110089 -0.095779 0.091210 0.262581 0.138621 -0.109629 -0.254544 -0.247988
-0.264541 -0.240209 -0.183158 -0.252872 -0.191234 -0.230895 0.033643 -0.050246 -0.237993 -0.134143
-0.160488 -0.183635 -0.081101 -0.187598 -0.238198 -0.276349 -0.256990 -0.278366 -0.275860 -0.248943
-0.278046 -0.206124 -0.207078 -0.190535 -0.176227 -0.134063 -0.038811 -0.041138 -0.008914 -0.105660
-0.211857 -0.276363 -0.276434 -0.021538 0.490945 0.514454 0.270217 -0.038468 -0.125308 0.061915
0.230092 0.206429 0.317614 0.607051 0.741968 0.737871 0.915125 0.815081 0.647750 0.339072
0.094208 -0.048463 -0.008513 0.422813 1.125043 1.280618 1.513142 1.188340 0.728925 0.372800
0.270426 0.229175 0.114205 0.067223 0.073988 0.483231 0.799797 0.682451 0.371689 0.076555
0.003828 -0.013496 -0.023066 -0.046918 -0.018652 -0.182024 -0.266476 -0.246278 -0.173780 -0.015272
-0.191988 -0.251804 -0.230335 -0.256826 -0.217388 -0.170999 -0.131446 0.062467 -0.164429 -0.216743
-0.206871 -0.264396 -0.273665 -0.057907 -0.047549 -0.220282 -0.234273 -0.277892 -0.181725 -0.183616
-0.275883 0.235371 0.136894 -0.035480 -0.101737 -0.162250 -0.187889 -0.215160 -0.233074 -0.215232
-0.171526 -0.197390 -0.192410 0.038186 0.371587 0.444730 0.263051 -0.017249 -0.185089 -0.212576
-0.200678 -0.117421 -0.001892 0.216647 0.377118 0.453389 0.548093 0.431079 0.303299 0.000008
-0.107245 -0.078195 0.004042 0.544124 1.198230 1.384200 1.411314 1.146415 0.680746 0.511580
0.455278 0.320879 0.202926 0.436225 0.467113 0.691315 0.858053 0.690211 0.326128 0.051037
-0.133750 -0.169549 -0.137782 -0.090466 -0.149007 -0.255939 -0.270485 -0.165909 -0.016740 -0.148326
-0.243381 -0.276926 -0.184996 -0.187824 -0.088714 -0.204091 -0.244769 -0.175861 -0.151647 -0.224182
-0.261158 -0.249595 -0.140472 0.114789 0.106412 -0.213500 -0.244100 -0.263689 -0.262290 -0.255867
-0.212277 -0.117922 -0.032546 0.054612 0.041112 -0.112984 -0.156569 -0.235669 -0.275582 -0.249525
-0.018819 0.323615 0.518528 0.650444 0.671983 0.528981 0.378564 0.274795 0.223791 0.179940
0.162487 0.227594 0.288344 0.521363 0.674819 0.599078 0.597998 0.374651 0.294104 0.125311
0.120018 0.281240 0.613187 1.093445 1.289125 1.254858 1.220761 1.029036 0.858493 0.836381
0.596746 0.295838 0.092382 0.291610 0.570878 1.031116 1.187124 0.896855 0.532423 0.074876
-0.168153 -0.200019 -0.073272 -0.073533 -0.160745 -0.275273 -0.277480 -0.219154 -0.274599 -0.277748
-0.181793 -0.234790 -0.000822 -0.050828 -0.194336 -0.186963 -0.120450 -0.173260 -0.172695 -0.173955
-0.200778 -0.178764 -0.213028 -0.256255 -0.274042 -0.210709 -0.222890 -0.245229 -0.245130 -0.262463
-0.277726 -0.277162 -0.216661 -0.029568 0.223206 0.074108 -0.140767 -0.257213 -0.262733 -0.114237
0.206171 0.363473 0.354425 0.331223 0.400867 0.352671 0.235648 0.127934 0.244625 0.370066
0.387418 0.344905 0.454007 0.706758 0.786818 0.528005 0.434615 0.223390 0.145929 0.156517
0.193031 0.065455 0.189055 0.537327 0.586584 0.492156 0.443844 0.451024 0.505578 0.451792
0.396896 0.217000 0.078955 0.028087 0.338447 0.805259 0.952403 0.802254 0.414915 0.156793
-0.018496 -0.113452 0.002504 -0.134555 -0.272994 -0.253262 -0.271450 -0.188344 -0.276129 -0.255450
-0.189455 -0.070112 -0.020761 -0.112669 -0.134466 -0.140520 -0.154565 -0.132709 -0.206217 -0.190793
-0.242570 -0.209488 -0.275304 -0.260883 -0.278374 -0.182160 -0.032527 -0.186518 -0.253067 -0.277839
-0.278450 -0.277270 -0.275263 -0.081543 -0.006133 -0.017616 -0.122565 -0.210572 -0.139927 0.139241
0.266113 0.184998 0.004199 0.051542 0.049973 0.020903 0.076151 0.050244 0.039785 0.089731
0.071546 0.066318 -0.005765 0.078957 0.184504 0.170455 0.130080 0.073760 -0.015762 -0.104790
-0.070039 -0.103650 -0.184270 -0.034102 0.064147 0.125245 0.197332 0.096900 0.083887 0.046610
0.102632 0.139905 0.146859 0.099924 0.061361 0.314152 0.496529 0.161059 0.209936 0.069440
0.039220 -0.007271 -0.056604 -0.180028 -0.277699 -0.275537 -0.230692 -0.278014 -0.274386 -0.271974
-0.184467 -0.116041 -0.100351 -0.235999 -0.186394 -0.078107 -0.196540 -0.272246 -0.272786 -0.257384
-0.218804 -0.268993 -0.273549 -0.271550 -0.217588 -0.094347 -0.226883 -0.220320 -0.246258 -0.257938
-0.274996 -0.274204 -0.278456 -0.187215 -0.064167 -0.056558 0.008693 -0.067108 -0.104663 0.022427
0.283507 0.417641 0.235015 0.077590 -0.048812 0.013039 0.083414 -0.019403 -0.123908 -0.130881
-0.140453 -0.179444 -0.225761 -0.203630 -0.110800 -0.108747 -0.102437 -0.075467 -0.146365 -0.160147
-0.195928 -0.224976 -0.221653 -0.180384 -0.186708 -0.177008 -0.131068 -0.133042 -0.181141 -0.198544
-0.122612 -0.031307 0.077206 0.074451 -0.039985 -0.154969 -0.082021 0.078188 0.119892 0.022593
0.093829 0.165538 0.030015 -0.249696 -0.277549 -0.277922 -0.278321 -0.262650 -0.277400 -0.278456
-0.235487 -0.102268 0.077139 -0.196251 -0.192615 -0.156125 -0.247849 -0.278262 -0.275418 -0.265933
-0.269853 -0.274203 -0.276973 -0.173604 0.009492 -0.225535 -0.265163 -0.149525 -0.149330 -0.260692
-0.275727 -0.251235 -0.263531 0.069439 0.122182 -0.014959 -0.097030 -0.217230 -0.257660 -0.090442
0.484560 0.675460 0.546017 0.353788 -0.006084 -0.081953 0.011162 0.042517 -0.048809 -0.110087
-0.166595 -0.173543 -0.137882 -0.127936 -0.124849 -0.119397 -0.125786 -0.102858 -0.073428 -0.064513
-0.091107 -0.091501 -0.018930 0.103722 0.030942 0.010681 0.003291 -0.032104 -0.068509 0.035127
0.161789 0.163700 0.050776 -0.113884 -0.244057 -0.263577 -0.217411 -0.080081 0.190692 0.346800
0.330183 0.245532 -0.151032 -0.276221 -0.269707 -0.277597 -0.275607 -0.161322 -0.216021 -0.182188
-0.259577 -0.118642 0.012810 -0.172646 -0.110050 -0.081652 -0.165275 -0.262984 -0.224987 -0.223753
-0.249595 -0.133631 -0.090796 -0.033690 -0.228795 -0.265266 -0.230204 0.095147 0.100622 -0.203018
-0.268098 -0.265887 0.106635 0.139849 0.158837 -0.064854 -0.165599 -0.245940 -0.268980 -0.141078
0.276381 0.483782 0.389460 0.374923 0.084551 -0.064773 -0.006901 0.010681 -0.005456 -0.003805
-0.076589 -0.070389 -0.044936 -0.051590 -0.051471 -0.113026 -0.173193 -0.172066 -0.105327 -0.021996
-0.040488 -0.034552 -0.001620 0.040030 -0.014891 0.011710 0.020672 -0.014643 -0.058997 -0.025221
0.028304 -0.082679 -0.200456 -0.261103 -0.269804 -0.161240 0.107380 0.056905 -0.168443 -0.253883
-0.161764 -0.123223 -0.194436 -0.272774 -0.273226 -0.256114 -0.249204 -0.278448 -0.271145 0.096428
-0.216442 -0.206684 -0.136581 -0.161790 -0.114635 -0.120680 -0.204373 -0.273240 -0.276725 -0.188922
-0.117206 -0.208061 -0.192510 -0.171068 -0.266540 -0.235551 0.113878 0.282616 0.066588 -0.214550
-0.259725 -0.193531 -0.026257 0.002980 0.029694 -0.133248 -0.174409 -0.199300 -0.233680 -0.218205
-0.098299 -0.036250 -0.014287 -0.164766 -0.217719 -0.208964 -0.138725 -0.061743 -0.131235 -0.114845
-0.105551 -0.001357 0.019629 -0.019540 0.006552 0.032573 0.066394 0.029620 -0.098491 -0.160668
-0.161606 -0.133336 -0.124377 -0.098950 -0.018626 0.089814 0.057832 -0.057460 -0.120230 -0.190804
-0.183427 -0.252206 -0.277730 -0.254049 -0.272959 0.349765 0.191854 -0.018082 -0.247865 -0.168369
-0.198925 -0.209539 -0.201964 -0.256474 -0.272374 -0.258118 -0.275747 -0.252128 -0.167964 0.601599
-0.238268 -0.270628 -0.139238 -0.059602 0.173890 -0.037226 -0.148116 -0.243151 -0.258463 -0.232221
-0.152396 0.037109 -0.108601 -0.270350 -0.278202 -0.117608 0.118304 -0.186836 -0.262954 -0.221822
-0.213118 -0.271577 -0.278380 -0.144667 -0.086502 -0.096822 -0.115843 -0.115756 -0.082030 -0.140826
-0.204223 -0.196000 -0.181005 -0.201264 -0.255388 -0.278275 -0.275618 -0.250327 -0.128839 -0.053622
0.004334 0.027652 0.002162 0.050108 0.045478 -0.099311 -0.223154 -0.251452 -0.254705 -0.201148
-0.208348 -0.211841 -0.186951 -0.139757 -0.022567 0.042437 0.061950 -0.014813 -0.102835 -0.239620
-0.234563 -0.242255 -0.272860 -0.267036 0.128425 0.479571 -0.080133 -0.278206 -0.262456 0.090403
0.081702 -0.142111 -0.116275 -0.184676 -0.199803 0.040554 -0.227617 -0.263555 -0.278464 -0.261163
-0.248901 -0.225166 0.003311 -0.041242 0.128782 0.059431 -0.089358 -0.175777 -0.179190 -0.173335
-0.204161 -0.032933 0.284408 -0.091638 -0.270775 -0.272708 -0.238484 -0.255584 -0.262623 -0.052889
-0.271093 -0.278348 -0.268008 -0.179659 -0.100945 -0.005867 0.017965 0.018235 0.004459 -0.106970
-0.190594 -0.142851 -0.108927 -0.103364 -0.152377 -0.246360 -0.247863 0.036721 0.067839 -0.036753
0.015429 -0.002282 -0.049722 -0.031050 -0.145632 -0.258386 -0.273966 -0.272137 -0.218695 0.105875
0.379037 0.039577 -0.134033 -0.113172 -0.107003 -0.152561 -0.189834 -0.275621 -0.278447 -0.221482
-0.163476 -0.244758 -0.253175 -0.278097 -0.184600 -0.227293 -0.272444 -0.251035 -0.196295 0.173986
0.283181 0.266738 -0.100512 -0.174610 -0.200709 -0.133868 -0.167285 -0.269202 -0.267348 -0.275095
-0.276053 -0.175347 0.029579 -0.048882 -0.163054 -0.142785 0.168183 0.143377 -0.161362 -0.238924
-0.099433 -0.198312 -0.211584 -0.237765 -0.163432 -0.276524 -0.263405 -0.275434 -0.240690 -0.265767
-0.275836 -0.273543 -0.201208 -0.120434 -0.162922 -0.120413 -0.099180 -0.135341 -0.136740 -0.075390
0.040660 0.155721 0.080451 -0.035683 -0.269155 -0.273372 -0.079556 0.824560 0.402660 0.065217
0.004580 -0.156632 -0.169467 -0.110335 -0.148322 -0.172480 -0.140121 -0.090346 -0.174306 -0.131497
-0.160046 0.067552 0.041101 -0.080085 -0.154453 -0.211264 -0.256206 -0.258565 -0.278396 -0.204552
-0.101470 -0.205323 -0.278178 -0.270959 -0.183134 -0.170678 -0.258355 -0.237493 -0.262634 -0.270597
-0.274392 -0.169306 -0.258995 -0.228514 -0.092736 -0.136875 -0.150254 -0.237820 -0.256434 -0.276939
-0.244495 0.058737 0.027095 -0.069335 -0.017199 0.280594 0.546161 0.254480 -0.147680 -0.204814
-0.228563 -0.219185 -0.152405 -0.159578 -0.075731 -0.237145 -0.273338 -0.255802 -0.268958 -0.269624
-0.278364 -0.120123 -0.269654 -0.264053 -0.196310 -0.090779 -0.035151 -0.070685 -0.041040 0.127641
0.261498 0.183393 -0.096043 -0.243303 -0.277860 -0.276978 -0.245200 0.075144 -0.227485 -0.209871
-0.241633 -0.217364 -0.023220 -0.064656 -0.211158 -0.250129 -0.269471 -0.273066 -0.252728 -0.248809
-0.180103 -0.077689 -0.040533 -0.112578 -0.174178 -0.264512 -0.275266 -0.276891 -0.202139 -0.089366
-0.217690 -0.278444 -0.267656 -0.076651 -0.131086 -0.206890 -0.242927 -0.242446 -0.233549 -0.275441
-0.278465 -0.190319 -0.268719 -0.120133 -0.065069 -0.064237 0.035306 -0.061368 -0.277384 -0.269224
-0.241306 -0.126402 -0.177997 -0.231227 -0.127052 0.079248 0.022425 -0.162141 -0.192754 -0.165956
-0.204623 -0.206403 -0.120726 -0.034558 -0.138737 -0.269851 -0.277470 -0.268892 -0.268874 -0.261808
-0.118181 -0.101032 -0.266534 -0.272047 0.000982 0.269684 0.239736 -0.081471 -0.104605 -0.101460
-0.107168 -0.137321 -0.222069 -0.271233 -0.277895 -0.270235 -0.278465 -0.277707 -0.253384 -0.262007
-0.275609 -0.278408 -0.250874 -0.201629 -0.256185 -0.269755 -0.243633 -0.241627 -0.115124 -0.148407
-0.270096 -0.278386 -0.220774 -0.012904 0.042065 -0.221646 -0.277009 -0.278428 -0.246616 -0.263779
-0.206366 -0.172461 -0.255225 -0.252602 -0.252195 -0.271509 -0.274383 -0.203291 -0.206491 -0.253726
-0.258459 -0.234247 -0.236862 -0.236633 -0.206164 -0.242714 -0.219367 -0.215715 -0.254955 -0.273321
-0.239704 -0.225390 -0.155195 -0.180114 -0.100756 -0.131975 -0.226725 -0.217058 -0.213670 -0.177214
-0.161837 -0.186216 -0.196600 -0.152942 -0.140354 -0.254448 -0.275400 -0.278237 -0.273055 -0.209102
-0.197150 -0.275477 -0.272781 -0.235414 -0.164441 -0.215889 -0.276907 -0.259498 -0.072017 -0.037750
-0.200268 -0.189941 -0.194977 -0.234070 -0.254476 -0.249561 -0.259634 -0.278263 -0.266655 -0.275569
-0.275116 -0.257106 -0.275942 -0.221831 -0.150549 -0.144339 -0.181980 -0.096600 -0.258253 -0.277860
-0.262697 -0.252403 0.065940 0.170191 0.005872 -0.181729 -0.278334 -0.270922 -0.277789 -0.276413
-0.275211 -0.164794 -0.189739 -0.274581 -0.263697 -0.268308 -0.254482 -0.231232 -0.119719 -0.142820
-0.141566 -0.227944 -0.176944 -0.221711 -0.233326 -0.238084 -0.223193 -0.195552 -0.182906 -0.065350
-0.234199 -0.189920 -0.054306 -0.103532 -0.177113 -0.244431 -0.231982 -0.157754 -0.104982 -0.160515
-0.186969 -0.149304 -0.215694 -0.204387 -0.174313 -0.247964 -0.271847 -0.262262 -0.163843 -0.247505
-0.256902 -0.229038 -0.256846 -0.020925 -0.210555 -0.273820 -0.278242 -0.248648 -0.210104 -0.218159
-0.202222 0.002255 -0.081056 -0.226597 -0.265374 -0.227786 0.003876 -0.157696 -0.268578 -0.272935
-0.255683 -0.208714 -0.249664 -0.262253 -0.259440 -0.256349 -0.265619 -0.278231 -0.275075 -0.266048
-0.277193 -0.196897 0.203708 0.121362 -0.084031 -0.244925 -0.275740 -0.263801 -0.274386 -0.277655
-0.249693 -0.233199 -0.190340 -0.218743 -0.219158 -0.245729 -0.276210 -0.250987 -0.242408 -0.196503
-0.172447 -0.249828 -0.278363 -0.276323 -0.133096 -0.124440 -0.155471 -0.153378 -0.112008 -0.183237
-0.233173 0.058488 0.348239 0.111937 -0.220004 -0.227317 -0.174007 -0.026256 -0.070606 -0.165817
-0.154096 -0.138542 -0.182928 -0.208446 -0.085758 -0.025829 -0.177307 -0.258127 -0.056274 -0.165353
-0.277652 -0.273613 -0.100692 -0.222634 -0.265600 -0.266956 -0.035055 -0.112368 -0.229395 -0.147747
-0.278172 0.467743 0.480313 0.019495 -0.055724 -0.170221 -0.041320 -0.171701 -0.258894 -0.251802
-0.259269 -0.234585 -0.262814 -0.264827 -0.263442 -0.278449 -0.270935 -0.254109 0.509100 0.086770
-0.240639 -0.248078 -0.278368 -0.252783 0.016480 -0.190241 -0.265224 -0.246866 -0.258133 -0.235176
-0.190544 -0.142519 -0.229554 -0.219555 -0.264293 -0.263648 -0.246268 -0.191685 -0.158195 -0.178846
-0.219338 -0.214517 -0.265611 -0.263659 0.048443 0.082991 -0.079571 -0.078070 -0.042759 -0.156901
-0.221175 -0.175506 -0.140994 -0.239072 -0.196812 0.128066 0.073428 -0.034873 -0.130949 -0.138990
-0.085910 -0.172200 -0.249874 -0.269114 -0.162228 0.007588 0.025624 -0.046633 -0.234137 -0.232867
-0.273803 -0.277866 -0.208051 -0.064142 -0.223947 -0.215618 -0.031363 -0.091332 -0.276824 -0.253873
-0.196933 0.512403 0.080714 -0.274074 -0.249727 -0.148855 -0.116151 -0.210855 -0.262993 -0.237255
-0.198546 -0.087327 -0.196056 -0.202936 -0.230972 -0.266106 -0.278063 -0.105112 -0.044459 0.049662
-0.097631 -0.278350 -0.222663 -0.277959 -0.080714 0.162390 -0.135503 -0.240059 -0.269599 -0.262902
-0.253266 -0.269340 -0.273980 -0.249418 -0.160298 -0.107224 -0.027399 -0.100571 -0.194571 -0.120849
-0.044530 -0.169915 -0.170764 -0.187293 -0.218152 -0.217530 -0.150902 -0.100157 -0.069632 0.132051
-0.232972 -0.206411 -0.094056 -0.168585 -0.011831 0.332806 0.196573 0.000121 -0.019676 -0.075405
-0.114481 -0.226498 -0.257602 -0.262022 -0.234155 -0.130420 -0.087353 0.004372 -0.158566 -0.236228
-0.277133 -0.251983 -0.202858 -0.212232 -0.203623 0.031673 -0.041494 -0.238296 -0.269235 -0.223214
-0.277719 -0.096983 -0.111054 -0.269310 -0.256156 -0.054895 -0.108458 -0.198987 -0.178324 -0.240192
-0.264804 -0.200799 -0.262883 -0.277194 -0.272445 -0.122490 -0.236859 -0.278121 -0.243153 -0.138518
-0.226830 -0.229086 -0.245004 -0.146957 -0.264178 -0.208912 -0.146397 -0.065169 -0.237803 -0.242713
-0.266092 -0.254694 -0.235117 -0.115034 0.362205 0.215974 -0.163555 -0.252561 -0.245942 -0.220143
-0.162818 -0.114069 0.066271 0.167324 -0.099728 -0.172849 -0.163560 -0.186519 -0.210519 -0.108877
-0.260884 -0.225585 0.046899 0.093281 0.161950 -0.052194 0.110313 0.070464 0.088453 -0.029295
-0.174379 -0.246973 -0.242442 -0.224922 -0.230762 -0.240620 -0.187218 -0.126742 -0.108858 -0.156968
-0.185288 -0.205356 -0.193236 -0.190640 -0.221921 -0.192409 -0.037032 -0.221065 -0.274077 -0.216878
-0.202514 -0.095018 -0.160931 -0.241217 -0.200165 -0.220395 -0.253691 -0.159322 -0.256488 -0.278303
-0.274582 -0.240404 -0.256352 -0.180640 -0.219432 -0.100507 -0.116273 -0.252325 -0.267895 -0.242532
-0.249278 -0.190311 -0.276824 -0.260711 -0.270417 -0.210038 -0.197254 -0.077877 -0.110511 -0.203129
-0.215198 -0.213038 -0.246840 -0.189100 0.237139 0.121676 -0.161915 -0.135551 -0.091589 -0.115550
-0.091142 -0.154528 -0.042775 0.172590 0.178477 -0.059149 -0.122330 -0.134938 -0.170925 -0.132740
-0.272241 -0.170264 0.399633 0.617531 0.456509 0.331803 0.209078 0.040308 0.133549 -0.050478
-0.141763 -0.183197 -0.235074 -0.215684 -0.226824 -0.242310 -0.165127 -0.036023 0.077007 0.074805
-0.048013 -0.110822 -0.036996 -0.088312 -0.145086 -0.225934 -0.074412 -0.112046 -0.200752 -0.192019
-0.169301 -0.262165 -0.239150 -0.238750 -0.250222 -0.256287 -0.245856 -0.143268 -0.227359 -0.271644
-0.273334 -0.260532 -0.257729 -0.127142 -0.123684 -0.112528 -0.230860 -0.178216 -0.273874 -0.262599
-0.277308 -0.274192 -0.270512 -0.236666 -0.066175 0.249719 -0.046070 -0.089515 -0.081955 -0.154018
-0.069685 -0.147408 -0.189231 -0.108985 0.027183 0.062295 -0.101214 -0.074107 -0.017933 -0.121847
-0.175544 -0.194950 -0.133772 -0.067387 -0.116900 -0.205788 0.060449 0.241772 0.148789 0.047022
-0.270490 0.021199 0.309477 0.120101 0.324432 0.432964 0.151978 -0.024751 0.052012 -0.104124
-0.093780 0.231173 0.301071 -0.003754 -0.083291 -0.059963 -0.065940 0.008834 0.010646 -0.106440
-0.207408 -0.190107 -0.152074 -0.070504 0.121493 -0.036219 -0.077615 -0.156501 -0.240478 -0.264547
-0.238597 -0.235582 -0.273777 -0.220173 -0.192351 -0.222131 -0.250937 -0.249686 -0.248593 -0.271603
-0.278133 -0.165985 0.004856 -0.020632 -0.220283 -0.168082 -0.227598 -0.246482 -0.276104 -0.276887
-0.146554 -0.182387 -0.265400 -0.213729 -0.060173 -0.149806 -0.136175 -0.110616 -0.251208 -0.205406
0.022320 0.051293 -0.052926 0.023240 0.154900 0.150381 -0.103241 -0.250981 -0.246887 0.052832
0.449416 0.388980 0.194875 0.158040 0.087486 -0.073878 -0.004357 0.144298 0.058377 -0.192880
-0.278157 -0.195324 0.060475 0.052164 0.619020 0.399309 -0.104439 -0.125329 -0.058987 0.007556
0.138439 0.172280 0.099421 0.156602 0.139050 0.001132 -0.132463 -0.133840 -0.166955 -0.257994
-0.225863 -0.122610 -0.192678 -0.100586 0.204398 0.000946 -0.161992 -0.123474 -0.098268 -0.219473
-0.140880 -0.025111 -0.009331 -0.205322 -0.207135 -0.127637 -0.149618 -0.188528 -0.232391 -0.257205
-0.252223 -0.112927 -0.057538 -0.006758 -0.120493 -0.194598 -0.234148 -0.268727 -0.255974 -0.183970
-0.106174 -0.236546 -0.277145 -0.273670 -0.261479 -0.278422 -0.275960 -0.255248 -0.238324 -0.106792
0.405450 0.053891 -0.250491 -0.197340 -0.149323 -0.036707 0.134233 0.253337 0.295621 0.173340
0.014318 0.074121 0.090576 0.104538 0.165787 -0.031816 -0.157020 -0.271227 -0.278027 -0.277838
-0.270015 -0.126680 0.062662 0.136118 -0.080355 -0.262561 -0.202876 0.225869 -0.015897 0.062348
-0.103471 -0.085275 0.127661 0.211088 0.240873 -0.081401 -0.191718 -0.122351 -0.115044 -0.231527
-0.257422 -0.233701 -0.044159 0.071932 -0.085487 -0.109655 0.017066 0.091626 -0.045111 -0.115319
-0.089074 -0.107522 -0.082885 -0.152338 -0.149405 -0.107702 -0.100079 -0.122270 -0.192895 -0.144381
-0.143221 -0.225048 -0.212941 -0.177517 -0.182792 -0.274786 -0.269631 -0.175059 0.535233 0.187298
-0.010253 -0.150555 -0.219367 -0.215671 -0.175715 -0.256341 -0.278402 -0.267023 0.098879 0.383454
-0.046838 -0.226198 -0.248863 -0.062827 -0.029074 0.102037 -0.088508 -0.039553 0.016455 -0.215753
-0.255333 -0.010755 0.009791 0.155144 0.069012 -0.154729 -0.157023 -0.243772 -0.275532 -0.275587
-0.276596 -0.092193 0.276467 -0.192778 -0.271047 -0.272190 0.408176 1.452858 1.622576 0.439343
0.023781 0.062846 0.294361 0.449253 0.461779 0.063262 -0.138714 -0.145108 -0.148795 -0.259652
-0.277136 -0.272049 0.114060 0.373361 -0.106250 -0.166946 0.010361 0.024166 -0.039320 -0.133804
-0.145388 -0.173800 -0.217648 -0.123994 -0.203991 -0.219628 -0.206742 0.004162 -0.021610 -0.100608
-0.106797 -0.177422 -0.142008 -0.172381 -0.199768 -0.277719 -0.278348 0.175135 1.886731 1.241665
0.096178 -0.220957 -0.249595 -0.147834 -0.000915 -0.104552 -0.068321 0.072697 -0.060753 -0.147325
-0.245412 -0.265172 -0.227383 -0.071557 0.118557 0.028932 -0.094732 -0.145315 -0.247201 -0.235563
-0.042824 0.361468 0.168951 0.147982 0.330246 0.017432 -0.005856 -0.257572 -0.255229 -0.273877
-0.278464 0.183928 0.362538 0.144950 -0.238908 -0.134414 0.147506 0.199681 0.820977 1.342538
0.710328 0.337497 0.208010 0.303899 0.457451 0.017562 -0.244748 -0.241280 0.110653 -0.057504
-0.190080 -0.212714 -0.074379 -0.110757 -0.065015 0.060546 0.017455 -0.103337 -0.107434 -0.103476
-0.130071 -0.179468 -0.218469 -0.136955 -0.167706 -0.246137 -0.237625 -0.092053 -0.100443 -0.127159
-0.040027 -0.103309 -0.111649 -0.179260 -0.208644 -0.250854 -0.097230 -0.202971 -0.113577 0.014381
-0.111778 -0.273749 -0.274864 -0.116835 0.910825 1.421626 1.161829 0.365134 0.088906 -0.106436
-0.239179 -0.262212 -0.199570 -0.057143 0.283321 0.506634 0.137021 -0.163471 -0.187397 0.047744
0.033838 -0.014649 -0.212082 -0.197598 0.332016 0.553298 0.573397 -0.053467 -0.273808 -0.274110
-0.276300 -0.227665 0.098079 0.742509 0.325121 -0.014959 0.025808 -0.036718 0.211554 0.368552
0.232129 0.103801 0.172426 0.172613 0.061309 -0.222991 -0.244383 0.021861 0.671305 0.634782
0.080940 -0.057383 -0.157195 -0.142539 0.070301 0.205299 0.216704 0.031104 -0.130715 -0.159166
-0.170454 -0.174077 -0.156206 -0.140272 -0.172591 -0.216240 -0.219442 -0.223264 -0.224575 -0.182016
-0.035618 -0.049516 -0.122702 -0.172274 -0.178415 -0.180490 -0.162422 -0.244641 -0.257744 -0.270768
-0.272735 -0.272576 0.061529 0.694382 1.218604 0.875604 0.172428 -0.123833 -0.124066 -0.075838
-0.147030 -0.148039 -0.197935 -0.070285 -0.036905 -0.213571 -0.204135 0.118432 0.170712 0.312139
0.408036 0.446668 0.310612 0.027278 -0.049523 0.303676 0.205524 0.028318 -0.181762 -0.269654
-0.270174 -0.132153 0.607401 0.976244 0.540339 0.014998 -0.180931 -0.134228 -0.126335 -0.104076
0.164678 0.221192 0.263453 0.033571 -0.125340 -0.147483 -0.024648 0.129370 0.351021 0.141553
0.234182 0.013718 -0.145751 -0.164973 0.023690 0.010861 -0.093559 -0.150251 -0.124947 -0.130123
-0.149636 -0.176105 -0.158550 -0.146861 -0.192736 -0.231237 -0.223776 -0.196437 -0.188760 -0.172910
-0.126262 -0.138812 -0.093659 -0.119363 -0.185429 -0.244734 -0.222150 -0.228998 -0.244121 -0.263695
-0.276079 -0.275777 0.162373 -0.219878 -0.255606 -0.266326 -0.216121 -0.192867 -0.251489 -0.224669
-0.270694 -0.269886 -0.277450 -0.013434 -0.157072 -0.273609 -0.181455 1.095801 1.705645 1.233390
0.682904 0.287234 -0.030647 -0.108346 0.322293 -0.012135 -0.189959 -0.061869 -0.129223 -0.210823
-0.277149 -0.175538 0.027999 0.054899 0.233498 0.155094 -0.091776 -0.259835 -0.216078 0.145085
0.245239 0.261056 0.327828 0.124037 -0.154445 -0.268079 -0.275573 -0.090324 -0.087833 0.009673
0.411050 0.395608 0.022361 -0.079442 0.036169 -0.129930 -0.272481 -0.224974 0.136920 0.175297
0.003650 -0.137458 -0.215467 -0.228190 -0.187371 -0.169911 -0.163747 -0.172309 -0.172041 -0.134801
-0.178061 -0.244382 -0.273596 -0.277685 -0.245513 -0.264266 -0.276476 -0.275131 -0.001143 0.121207
-0.002989 -0.167362 -0.222338 -0.151793 -0.269063 -0.241246 0.494845 0.599702 -0.240765 -0.274545
-0.233176 -0.209213 -0.044920 0.287041 -0.013334 -0.258592 -0.271825 0.041407 0.128484 -0.039316
-0.010379 -0.219059 -0.101856 0.064581 0.246427 0.097348 -0.021700 -0.149847 -0.271700 -0.226754
-0.259567 -0.214484 -0.103638 -0.120493 0.242428 0.445106 0.160145 -0.219397 -0.219706 -0.075375
0.162147 0.327796 0.509731 0.082586 -0.229175 -0.278402 -0.265364 0.272914 0.282285 0.357912
0.602318 0.329402 0.103230 -0.019544 -0.064383 -0.084559 -0.208164 -0.178144 0.028646 -0.047778
-0.140095 -0.094272 -0.099370 -0.202604 -0.158958 -0.128439 -0.158483 -0.150391 -0.022945 -0.070300
-0.207124 -0.162005 -0.194488 -0.227880 0.052069 -0.008001 -0.190725 -0.135692 0.715907 0.318330
-0.127049 -0.131477 0.013400 0.027765 -0.255628 -0.245402 0.009816 0.021735 -0.261667 -0.181376
-0.008630 -0.006255 -0.067217 -0.050037 0.069717 -0.075265 -0.222129 -0.141190 -0.111316 -0.111801
-0.139119 -0.092596 0.045143 0.001371 -0.051963 -0.081603 -0.073579 -0.213532 -0.276480 -0.269345
-0.239386 0.187573 0.319819 0.163184 0.242849 0.052928 -0.042184 -0.161116 -0.245798 -0.101585
0.296135 0.299688 0.284361 -0.066631 -0.245254 -0.276592 -0.273091 0.082869 0.201813 0.165188
0.354373 0.106288 0.053713 -0.084482 -0.079357 -0.097746 -0.228394 -0.275682 -0.277657 -0.213632
0.067264 0.306263 0.560484 0.382951 0.400998 0.365235 -0.004618 -0.138718 -0.187526 -0.258984
-0.129533 0.396688 0.033640 -0.177178 -0.178782 -0.259559 -0.269186 -0.258491 -0.206492 -0.229580
-0.211984 -0.144048 -0.098419 -0.126489 -0.155046 -0.200054 -0.191436 -0.114662 -0.138991 -0.077448
-0.026537 -0.046568 -0.189333 -0.232586 -0.037008 -0.025492 -0.081091 -0.139408 -0.174157 -0.122018
-0.170924 -0.151453 -0.153603 -0.197643 -0.199309 -0.174659 -0.185018 -0.255000 -0.269806 -0.273437
-0.201257 0.033331 0.134749 0.078080 0.109019 -0.101354 -0.107689 0.004607 0.053635 0.092852
0.028085 0.080266 0.046973 -0.063658 -0.056206 -0.175803 -0.251641 -0.163482 0.278842 0.214696
0.197761 0.026845 -0.075778 -0.061911 0.091131 0.317230 0.212460 -0.024038 0.118589 0.561523
0.535458 0.657684 0.594297 0.273239 0.177518 0.032740 0.169263 0.005225 -0.153078 -0.188992
0.104233 0.124568 0.112204 -0.025052 -0.139818 -0.137090 -0.090503 -0.215471 -0.212945 -0.065166
0.079217 -0.043485 -0.071251 -0.045150 0.098394 -0.058146 -0.126922 -0.102621 -0.035478 0.001509
-0.134191 -0.208153 -0.104822 -0.048833 -0.059130 -0.098292 -0.138129 -0.091084 0.046777 0.045879
-0.068988 -0.067146 -0.114338 -0.147903 -0.116964 -0.123402 -0.105170 -0.128021 -0.155560 -0.079760
-0.234596 -0.133174 -0.134524 -0.278456 -0.274514 -0.270491 -0.278374 -0.251392 -0.272730 -0.277885
-0.271071 -0.277052 -0.278276 -0.277635 -0.272772 -0.278359 -0.275910 -0.277104 -0.276585 -0.276517
-0.275532 -0.272501 -0.275883 -0.270112 -0.273297 -0.264081 -0.267756 -0.266731 -0.249197 -0.276569
-0.277098 -0.273741 -0.267366 -0.255113 -0.277984 -0.278023 -0.275693 -0.271147 -0.267613 -0.277928
-0.277991 -0.267413 -0.265059 -0.264566 -0.272018 -0.272965 -0.273568 -0.271311 -0.262972 -0.263573
-0.272938 -0.269668 -0.264837 -0.259943 -0.273184 -0.276667 -0.272741 -0.267295 -0.261592 -0.243155
-0.240601 -0.275292 -0.225814 -0.277934 -0.256315 -0.278262 -0.278150 -0.275094 -0.270320 -0.272943
-0.274727 -0.273800 -0.273111 -0.272842 -0.268908 -0.264084 -0.266976 -0.255680 -0.259835 -0.232856
-0.278465 -0.010774 0.015056 -0.248188 -0.278319 -0.276992 -0.241071 -0.180295 -0.240111 -0.270865
-0.274934 -0.272532 -0.276744 -0.277685 -0.278459 -0.266898 -0.227279 -0.259731 -0.278464 -0.278429
-0.278308 -0.278413 -0.278366 -0.267311 -0.275129 -0.267525 -0.271725 -0.278266 -0.263242 -0.272484
-0.262945 -0.270247 -0.270401 -0.267720 -0.276128 -0.276068 -0.278240 -0.278421 -0.278436 -0.278458
-0.277460 -0.278049 -0.277417 -0.277476 -0.277979 -0.277291 -0.274893 -0.275306 -0.260770 -0.264694
-0.275117 -0.271723 -0.273634 -0.274387 -0.278329 -0.277300 -0.275614 -0.267673 -0.246387 -0.242701
-0.254284 -0.274454 -0.227154 -0.278344 -0.273164 -0.278367 -0.275750 -0.277504 -0.278063 -0.277104
-0.276716 -0.278232 -0.278266 -0.277919 -0.278395 -0.278089 -0.278260 -0.277260 -0.271132 -0.263652
-0.239954 -0.237352 -0.164001 -0.253861 -0.276904 -0.259823 -0.236739 -0.265348 -0.273212 -0.275613
-0.278307 -0.278124 -0.277345 -0.278459 -0.277800 -0.271896 -0.263440 -0.278240 -0.247988 -0.263843
-0.265247 -0.272620 -0.273511 -0.251694 -0.277943 -0.273925 -0.278167 -0.268990 -0.253283 -0.278460
-0.273634 -0.251568 -0.274189 -0.273479 -0.278458 -0.272793 -0.276447 -0.274183 -0.276830 -0.272530
-0.259694 -0.274107 -0.275652 -0.277502 -0.274797 -0.270713 -0.273464 -0.261391 -0.246708 -0.246853
-0.266351 -0.273462 -0.278351 -0.278447 -0.277269 -0.278352 -0.253529 -0.267976 -0.273957 -0.277791
-0.267388 -0.267316 -0.274081 -0.242405 -0.251175 -0.276373 -0.266408 -0.276033 -0.227285 -0.262940
-0.275461 -0.265458 -0.278191 -0.278464 -0.274415 -0.277072 -0.278036 -0.278426 -0.278333 -0.276908
-0.221745 -0.201670 -0.043320 -0.206802 -0.250457 -0.188178 -0.172537 -0.249880 -0.242698 -0.230759
-0.244571 -0.241499 -0.277892 -0.246273 -0.217302 -0.085883 -0.123579 -0.222527 -0.277495 -0.248966
-0.255361 -0.217172 -0.170432 -0.234152 -0.093067 -0.020986 0.020993 0.099661 -0.237956 -0.087461
-0.154085 -0.160019 -0.001457 -0.113193 0.024628 -0.099755 0.113639 0.169817 -0.138515 -0.013422
-0.093931 -0.013417 -0.041546 -0.063993 -0.083040 -0.177544 -0.109839 -0.207433 -0.247147 -0.203718
0.049004 -0.024873 -0.011268 0.221340 0.117026 0.021674 -0.223996 -0.183103 -0.099577 -0.061926
-0.155086 -0.124682 -0.129302 -0.211736 -0.113772 -0.132170 -0.152150 -0.172531 0.275123 0.190209
-0.219931 -0.270096 -0.184692 -0.196038 -0.254079 -0.230279 -0.216080 -0.232920 -0.218040 -0.278327
-0.238340 -0.172438 -0.055689 -0.214799 -0.268804 -0.234832 -0.243987 -0.275501 -0.251380 -0.226629
-0.261242 -0.233619 -0.278325 -0.192545 -0.076582 -0.016218 -0.118813 -0.222091 -0.276922 -0.275403
-0.269879 -0.278455 -0.251125 -0.202182 -0.054506 0.004368 -0.013660 -0.103961 -0.270332 -0.214302
-0.274514 -0.275024 -0.252518 -0.241779 -0.066333 -0.043792 0.032598 0.147199 -0.165121 -0.131082
-0.185611 -0.154340 -0.228171 -0.252948 -0.242423 -0.273273 -0.274586 -0.278451 -0.276564 -0.249606
0.053503 0.185219 0.026823 0.175584 -0.103082 -0.177799 -0.278322 -0.246882 -0.028476 0.001486
-0.138797 -0.122214 -0.249983 -0.277713 -0.261183 -0.245035 -0.055780 0.097556 0.211223 0.382855
-0.140132 -0.275607 -0.055372 -0.013318 -0.197982 -0.174661 -0.168250 -0.212769 -0.205717 -0.276707
-0.255471 -0.198305 -0.142352 -0.255863 -0.278106 -0.260897 -0.274854 -0.278124 -0.275752 -0.256178
-0.265019 -0.195910 -0.278016 -0.269633 -0.223552 -0.204485 -0.246313 -0.243635 -0.259200 -0.278456
-0.255806 -0.276731 -0.225212 -0.028609 0.409883 0.434424 0.037644 -0.113059 -0.188061 -0.162358
-0.271438 -0.275367 -0.267760 -0.277472 -0.105139 0.099269 0.178194 0.544737 0.014989 0.039105
-0.057745 -0.205457 -0.266009 -0.263211 -0.240480 -0.241772 -0.161802 -0.256666 -0.273988 -0.153915
0.335416 1.289563 1.248683 0.918622 0.366799 -0.098082 -0.278130 -0.256664 0.183490 0.636398
0.536880 0.141156 -0.250815 -0.264885 -0.269244 -0.162269 0.558718 1.060690 0.646453 0.336960
-0.148942 -0.238049 -0.016931 -0.061192 -0.198448 -0.231114 -0.191265 -0.250307 -0.238233 -0.278459
-0.254473 -0.226699 -0.176726 -0.249037 -0.276488 -0.264706 -0.277725 -0.271936 -0.264285 -0.267141
-0.253017 -0.189089 -0.254786 -0.274944 -0.196686 -0.220178 -0.274889 -0.248678 -0.233442 -0.278328
-0.260051 -0.257541 -0.169756 -0.020544 0.275039 0.286452 0.039144 -0.035386 -0.089938 -0.011402
-0.191705 -0.260095 -0.190332 -0.219071 -0.091267 0.229542 0.213477 0.454233 0.342264 0.071547
-0.070826 -0.158211 -0.198172 -0.199047 -0.232416 -0.195405 0.067834 0.001108 -0.176463 -0.009666
0.392235 1.405285 1.471061 0.949689 0.663987 0.076331 -0.243812 -0.205806 0.058069 0.403710
0.478089 0.212802 -0.202293 -0.270748 -0.253881 0.027379 0.927039 1.251614 0.741455 0.387390
-0.104524 -0.145790 -0.068678 -0.172333 -0.226302 -0.228773 -0.170297 -0.244457 -0.246253 -0.278387
-0.251267 -0.240902 -0.185179 -0.249234 -0.275919 -0.245471 -0.270035 -0.003915 -0.278464 -0.038318
-0.083628 -0.058426 -0.120317 -0.239921 -0.179541 -0.172915 -0.270136 -0.230094 -0.217034 -0.277794
-0.270584 -0.270198 -0.238428 -0.219040 -0.173785 -0.176225 -0.216926 -0.197915 -0.251172 -0.215139
-0.236468 -0.270685 -0.269430 -0.217519 -0.053759 0.361792 0.312165 0.345529 0.099428 -0.147217
-0.247921 -0.238984 -0.238899 -0.197254 -0.186201 -0.235151 0.080131 0.416890 0.447440 0.329881
0.072118 0.210258 0.058890 -0.039445 -0.064036 -0.208376 -0.245083 -0.169388 -0.140319 -0.106978
-0.110264 -0.092444 -0.220680 -0.245343 -0.225259 -0.164060 0.290961 0.679106 0.222369 0.057421
-0.180863 -0.141510 -0.131284 -0.250173 -0.248839 -0.246931 -0.194268 -0.248205 -0.264051 -0.278399
-0.246719 -0.242459 -0.168865 -0.254983 -0.276471 -0.277467 -0.206095 -0.270958 -0.271701 -0.262566
-0.052554 -0.030479 -0.074586 -0.199171 -0.195650 -0.160797 -0.243889 -0.189338 -0.152709 -0.260187
-0.269627 -0.261051 -0.171634 -0.141950 -0.229045 -0.244634 -0.211229 -0.193373 -0.209391 -0.127334
-0.190514 -0.245121 -0.278163 -0.270703 0.016282 0.781654 0.612053 0.551007 -0.114072 -0.188014
-0.265493 -0.246753 -0.205864 -0.179122 -0.157430 -0.186304 -0.118139 0.334491 0.537708 0.300949
-0.029230 -0.066806 -0.116789 -0.137603 -0.176864 -0.219539 -0.240641 -0.189209 -0.188288 -0.193505
-0.178004 -0.174768 -0.176636 -0.262926 -0.223550 -0.130989 0.171947 0.246615 0.184337 -0.022805
-0.224170 -0.200215 -0.217088 -0.271027 -0.266115 -0.262188 -0.196165 -0.236367 -0.270088 -0.278465
-0.246982 -0.251874 -0.090293 -0.196583 -0.259031 -0.174599 -0.265982 -0.247028 -0.262403 -0.277930
-0.222715 -0.247571 -0.278342 -0.260567 -0.205136 -0.123561 -0.139327 -0.015054 0.055296 -0.115846
-0.218970 -0.171785 -0.184131 -0.218576 -0.262972 -0.246748 -0.124265 0.069760 0.015500 0.278163
0.402032 0.184436 -0.189649 -0.165026 0.343989 1.227621 1.019810 0.727500 -0.106184 -0.213993
-0.252474 -0.142394 0.068374 0.016472 -0.000495 -0.008037 -0.047839 0.243503 0.239085 0.261176
-0.087168 -0.079863 -0.144269 -0.178898 -0.267438 -0.269460 -0.277638 -0.229043 -0.203445 -0.217669
-0.216273 -0.277771 -0.276197 -0.247537 -0.202083 -0.234745 -0.014245 0.159905 0.131467 -0.039332
-0.243464 -0.245942 -0.240775 -0.272265 -0.272565 -0.259112 -0.181233 -0.229142 -0.272389 -0.278146
-0.241752 -0.176077 -0.022657 -0.211998 -0.241143 -0.192700 -0.262984 -0.277586 -0.228864 -0.262194
-0.188124 -0.181324 -0.271319 -0.216209 -0.038764 0.154066 0.031614 -0.016078 0.010770 -0.012499
-0.165425 -0.013987 -0.077904 -0.179237 -0.262571 -0.261852 -0.043410 0.055251 0.282519 0.603246
0.405569 -0.007407 -0.197539 0.129554 0.549437 1.125922 0.860817 0.359208 -0.127055 -0.274709
-0.253142 -0.052739 0.103576 0.091331 0.034612 -0.108234 -0.222379 -0.212096 -0.140570 -0.093326
-0.213333 -0.157966 -0.236553 -0.251340 -0.276940 -0.258365 -0.258590 -0.246681 -0.209116 -0.224248
-0.216942 -0.270731 -0.272524 -0.267898 -0.219407 -0.277979 -0.037495 0.217679 0.089467 -0.082431
-0.257991 -0.251897 -0.239324 -0.273148 -0.269184 -0.266973 -0.219878 -0.239719 -0.263366 -0.278399
-0.258704 -0.180762 -0.085320 -0.231785 -0.265375 -0.261392 -0.278326 -0.265436 -0.165378 -0.276175
-0.111536 -0.014289 -0.035311 0.367259 0.437217 0.395451 -0.061194 -0.114756 -0.226991 -0.213236
-0.246303 -0.194067 -0.203162 -0.262181 -0.278087 -0.170135 0.192133 0.196988 -0.004203 0.144289
0.086098 -0.189416 -0.246241 -0.179972 -0.208226 -0.082581 -0.115320 -0.194130 -0.219319 -0.264572
-0.269433 -0.000480 0.028094 0.102765 0.021338 -0.164127 -0.235713 -0.261544 -0.269921 -0.263123
-0.278256 -0.185817 -0.037425 0.005201 -0.106996 -0.068232 -0.051921 -0.142523 -0.088570 -0.091794
-0.104825 -0.209082 -0.232171 -0.265692 -0.277814 -0.266823 0.034544 0.313436 0.111389 -0.082000
-0.262664 -0.263342 -0.224846 -0.262122 -0.277774 -0.278336 -0.255826 -0.268471 -0.262999 -0.277723
-0.268228 -0.225161 -0.091939 -0.211336 -0.269947 -0.258320 -0.274514 -0.270536 -0.146548 -0.278165
-0.133127 -0.096631 -0.017863 0.528033 0.275269 0.047716 -0.149379 -0.177059 -0.275327 -0.274314
-0.278461 -0.263849 -0.238539 -0.235863 -0.269018 0.011848 0.362439 0.210686 -0.163034 -0.076598
-0.125841 -0.241896 -0.278455 -0.278464 -0.277813 -0.266694 -0.225021 -0.246678 -0.237959 -0.240531
-0.261707 0.000799 -0.043962 -0.036890 -0.128049 -0.232100 -0.255443 -0.270074 -0.276172 -0.273620
-0.278014 -0.269618 -0.144785 -0.110035 -0.027998 -0.023003 -0.031789 -0.052931 -0.093883 -0.170822
-0.196307 -0.210936 -0.255236 -0.277882 -0.277548 -0.256396 0.058472 0.329376 0.037324 -0.035359
-0.257156 -0.269918 -0.240577 -0.272730 -0.276633 -0.276918 -0.231236 -0.276637 -0.259418 -0.275712
-0.267796 -0.234268 -0.093323 -0.242115 -0.277793 -0.278459 -0.270114 -0.278436 -0.207392 -0.131134
0.681255 0.637024 0.207977 0.000421 -0.180623 -0.148858 -0.158361 -0.222603 -0.278434 -0.277618
-0.276974 -0.187913 -0.061631 0.177531 -0.150152 0.583275 0.737182 0.228826 -0.102637 -0.135359
-0.182474 -0.259734 -0.271733 -0.267582 -0.267219 -0.203831 -0.026714 -0.103127 -0.197665 -0.263234
-0.272694 0.050069 0.137941 -0.044112 -0.252332 -0.276364 -0.275075 -0.259969 -0.254663 -0.271338
-0.274339 -0.273300 -0.266212 -0.276412 -0.213326 -0.072372 -0.036649 -0.083611 -0.191625 -0.235462
-0.205446 -0.233295 -0.278066 -0.249547 -0.268576 -0.278428 -0.201707 0.117073 -0.064770 -0.090628
-0.267616 -0.268946 -0.270993 -0.278347 -0.272665 -0.276486 -0.217564 -0.275129 -0.264275 -0.264989
-0.264894 -0.190431 -0.050952 -0.262709 -0.273261 -0.269120 -0.278053 -0.270030 -0.179938 0.068508
1.172158 0.760071 0.135188 -0.153060 -0.214759 -0.182831 -0.216215 -0.252665 -0.278453 -0.277885
-0.266401 -0.159507 0.183907 0.128631 0.173124 0.411795 0.300776 0.094818 -0.137239 -0.197315
-0.224840 -0.270779 -0.278294 -0.271554 -0.273930 -0.171647 0.005195 -0.100706 -0.213216 -0.276493
-0.261430 -0.134615 0.147795 -0.030182 -0.278290 -0.277503 -0.278091 -0.264715 -0.226625 -0.257046
-0.275201 -0.252534 -0.278197 -0.273901 -0.157149 0.020055 0.117849 0.092116 -0.141470 -0.232580
-0.195107 -0.236689 -0.253428 -0.266351 -0.235165 -0.272925 -0.273812 0.141265 0.097758 0.101479
-0.268116 -0.265849 -0.269587 -0.278319 -0.272663 -0.277878 -0.186896 -0.271577 -0.270287 -0.266555
-0.266012 -0.198058 -0.096904 -0.275911 -0.277960 -0.263800 -0.175361 -0.109032 -0.273676 0.087863
0.082849 -0.077923 -0.161495 -0.221659 -0.258684 -0.254816 -0.235645 -0.265136 -0.277030 -0.237928
-0.278428 -0.240557 -0.033203 -0.187923 -0.072173 0.015587 -0.195197 -0.234274 -0.240393 -0.244539
-0.234117 -0.264384 -0.244410 -0.184542 -0.201959 -0.117506 -0.069411 -0.120827 -0.143437 -0.247875
-0.271518 -0.247295 -0.174088 -0.264868 -0.247161 -0.277336 -0.262442 -0.272694 -0.242163 -0.261527
-0.006785 0.235096 -0.054562 -0.085491 0.049138 0.255659 0.218845 0.294751 -0.044554 -0.196233
-0.215364 -0.235051 -0.217372 -0.273519 -0.196229 -0.263284 -0.053627 0.389983 0.365147 0.533615
-0.239745 -0.263644 -0.277841 -0.278311 -0.277076 -0.277753 -0.026111 -0.235326 -0.248942 -0.270391
-0.265127 -0.222689 -0.189242 -0.266375 -0.265399 -0.168824 -0.100169 0.109743 -0.085135 -0.121255
-0.191580 -0.237833 -0.192016 -0.222118 -0.260610 -0.271328 -0.238800 -0.251540 -0.245959 -0.193906
-0.241010 -0.263417 -0.177291 -0.261069 -0.250571 -0.232700 -0.227335 -0.243258 -0.244484 -0.248241
-0.251030 -0.263014 -0.221450 -0.143539 -0.181549 -0.154910 -0.046060 -0.139902 -0.152734 -0.231764
-0.277773 -0.267976 -0.252289 -0.274472 -0.159335 -0.248288 -0.275156 -0.278464 -0.124948 -0.249013
0.045076 0.321905 0.136555 0.100425 0.115537 0.452226 0.165292 0.140959 -0.097410 -0.215470
-0.254226 -0.268599 -0.276205 -0.213457 -0.096213 -0.268943 -0.030172 0.488588 0.308818 0.388136
-0.233914 -0.256769 -0.278257 -0.271523 -0.274339 -0.260397 -0.037543 -0.218766 -0.266064 -0.276868
-0.263323 -0.207170 -0.124257 -0.277794 -0.277703 -0.070283 -0.194802 -0.089969 -0.202912 -0.273699
-0.277508 -0.276700 -0.206515 -0.222281 -0.251979 -0.273487 -0.259289 -0.263220 -0.249214 -0.242387
-0.231954 -0.276432 -0.175604 -0.266823 -0.241088 -0.189310 -0.195997 -0.234469 -0.234096 -0.227326
-0.254834 -0.256489 -0.233051 -0.231785 -0.146164 -0.201305 -0.172004 -0.246968 -0.255681 -0.272898
-0.274871 -0.272416 -0.269073 -0.255918 -0.114690 -0.251057 -0.131596 -0.021534 -0.248104 -0.260201
0.651063 1.266393 1.109593 0.908599 0.281208 0.886427 0.910980 0.502315 0.005957 -0.222822
-0.265724 -0.268993 -0.277905 -0.182317 -0.077835 -0.238238 -0.036907 1.138160 0.643129 0.432615
-0.199512 -0.262221 -0.273127 -0.266093 -0.249511 -0.224545 -0.098946 -0.220382 -0.268247 -0.278464
-0.263882 -0.194138 -0.059002 -0.272833 -0.277916 -0.134370 -0.212273 -0.215920 -0.272289 -0.278325
-0.278463 -0.275371 -0.140195 -0.236007 -0.263026 -0.272108 -0.276742 -0.273955 -0.260368 -0.245239
-0.205747 -0.270833 -0.187002 -0.249926 -0.269760 -0.215836 -0.203348 -0.224272 -0.246177 -0.237853
-0.260702 -0.245872 -0.236449 -0.200172 -0.176816 -0.237821 -0.219943 -0.265815 -0.260055 -0.259086
-0.255966 -0.257719 -0.226546 -0.266442 -0.128703 -0.270489 -0.052333 0.238356 -0.210150 0.158379
0.857687 1.514730 1.296605 0.790282 0.221034 1.097431 0.919655 0.217677 -0.102864 -0.249819
-0.266664 -0.270357 -0.278338 -0.148157 -0.072126 -0.274231 -0.036767 1.214750 0.754855 0.368298
-0.183211 -0.255993 -0.265231 -0.264350 -0.254909 -0.225461 -0.165903 -0.220803 -0.267435 -0.277612
-0.262780 -0.169384 -0.052005 -0.277938 -0.277194 -0.233694 -0.277247 -0.272772 -0.266819 -0.272762
-0.229856 -0.190816 0.077816 -0.155613 -0.269815 -0.263041 -0.273072 -0.273292 -0.252782 -0.122827
-0.219672 -0.160493 -0.151496 -0.229473 -0.275812 -0.192944 -0.174385 -0.253215 -0.261981 -0.247439
-0.268787 -0.257315 -0.238799 -0.207004 -0.254683 -0.262622 -0.212046 -0.256051 -0.233455 -0.239205
-0.255612 -0.256981 -0.241650 -0.259416 -0.163994 -0.278294 -0.161383 -0.119459 -0.230432 0.022343
0.103825 0.286220 0.263822 0.011977 -0.235105 -0.046162 -0.167922 -0.256618 -0.227781 -0.271605
-0.272141 -0.274793 -0.277776 -0.122732 -0.074562 -0.277924 -0.132887 0.555521 0.513673 0.278390
-0.207303 -0.261737 -0.256218 -0.271096 -0.268983 -0.260302 -0.222776 -0.254279 -0.272687 -0.278196
-0.258117 -0.192084 -0.186043 -0.278445 -0.276191 -0.251432 -0.274856 -0.274474 -0.197662 -0.277190
-0.173126 0.068821 0.119316 -0.115792 -0.253854 -0.249526 -0.257075 -0.276671 -0.255635 -0.138349
-0.215059 0.008548 -0.181459 -0.267039 -0.272175 -0.234636 -0.173365 -0.260231 -0.259006 -0.247655
-0.267404 -0.250216 -0.250721 -0.239808 -0.268114 -0.275008 -0.212821 -0.261239 -0.227396 -0.227634
-0.250116 -0.238501 -0.250623 -0.275913 -0.222141 -0.228926 -0.162619 -0.248958 -0.265199 -0.212764
-0.201182 -0.195408 -0.214976 -0.265883 -0.276841 -0.274299 -0.267449 -0.273707 -0.247084 -0.272630
-0.274332 -0.275777 -0.278249 -0.155100 -0.109946 -0.266621 -0.146706 0.368822 0.500471 0.245584
-0.252760 -0.269398 -0.266715 -0.276229 -0.278184 -0.267397 -0.243609 -0.249633 -0.262961 -0.278384
-0.260988 -0.213552 -0.227266 -0.276785 -0.275950 -0.260380 -0.274049 -0.259124 -0.145164 -0.274122
-0.212708 0.056545 -0.051596 -0.227436 -0.272652 -0.276576 -0.254937 -0.276995 -0.254219 -0.204278
-0.151024 -0.205020 -0.265611 -0.274073 -0.264812 -0.270936 -0.248006 -0.269336 -0.275241 -0.271301
-0.276618 -0.275505 -0.278363 -0.271383 -0.275437 -0.278368 -0.248140 -0.276385 -0.120917 -0.141223
-0.241419 -0.229142 -0.272187 -0.276531 -0.216667 -0.183275 -0.101386 -0.193084 -0.252807 -0.249210
-0.242050 -0.248203 -0.268756 -0.278455 -0.277494 -0.278069 -0.276037 -0.276897 -0.277261 -0.278456
-0.275130 -0.268908 -0.275322 -0.187855 -0.148462 -0.247467 -0.081916 0.498158 0.324355 0.099782
-0.268567 -0.271075 -0.271036 -0.278024 -0.278436 -0.265827 -0.267759 -0.254691 -0.271092 -0.278337
-0.266861 -0.252547 -0.223704 -0.276085 -0.278232 -0.260879 -0.278449 -0.255530 -0.135655 -0.261674
-0.160027 -0.048927 -0.096743 -0.150841 -0.226733 -0.274002 -0.183572 -0.244058 -0.219947 -0.189508
-0.119897 -0.250126 -0.276583 -0.272269 -0.265377 -0.276844 -0.263723 -0.269735 -0.277471 -0.276951
-0.278383 -0.276666 -0.278391 -0.273685 -0.273920 -0.276923 -0.274067 -0.275134 0.239087 -0.032661
-0.251701 -0.229902 -0.275152 -0.278038 -0.233342 -0.123861 0.019710 -0.173582 -0.262865 -0.258222
-0.234222 -0.262953 -0.278457 -0.278463 -0.278443 -0.273757 -0.265619 -0.277676 -0.278122 -0.276665
-0.277821 -0.266874 -0.277081 -0.251041 -0.191490 -0.186440 0.105515 0.712384 0.106610 -0.141012
-0.273983 -0.271034 -0.273393 -0.278454 -0.277976 -0.268024 -0.277863 -0.264947 -0.268173 -0.276366
-0.264786 -0.270988 -0.192693 -0.263184 -0.278431 -0.266749 -0.274163 -0.226510 -0.085652 -0.226467
0.143600 0.178155 0.110239 0.188139 0.032931 -0.245153 -0.022110 -0.115749 -0.228989 -0.175776
-0.094976 -0.246865 -0.278414 -0.277656 -0.270375 -0.277027 -0.275031 -0.273906 -0.277251 -0.244534
-0.262607 -0.264437 -0.275609 -0.264485 -0.272609 -0.267532 -0.226175 -0.252144 -0.133140 -0.239011
-0.246753 -0.230519 -0.251812 -0.263605 -0.261956 -0.175348 -0.131565 -0.247279 -0.260935 -0.249688
-0.195651 -0.262328 -0.269584 -0.276851 -0.268777 -0.154011 -0.152973 -0.100638 -0.126796 -0.102261
-0.230073 -0.276841 -0.131974 -0.203430 -0.277313 -0.179110 -0.147875 -0.000906 -0.233359 -0.264186
-0.271075 -0.264041 -0.268173 -0.275056 -0.272114 -0.268747 -0.278067 -0.266070 -0.223832 -0.266644
-0.248986 -0.231460 -0.144388 -0.258278 -0.278111 -0.274854 -0.251522 -0.181114 -0.048750 -0.269649
0.266311 0.812854 0.573918 0.385357 0.137399 -0.162671 -0.025049 -0.136118 -0.224148 -0.158697
-0.134983 -0.268727 -0.278072 -0.278287 -0.276343 -0.278285 -0.270211 -0.272169 -0.248212 -0.275228
-0.278325 -0.273372 -0.277021 -0.228641 -0.265555 -0.243445 -0.231162 -0.252069 -0.209462 -0.269970
-0.252995 -0.242767 -0.235236 -0.263894 -0.273224 -0.231405 -0.229829 -0.266050 -0.262132 -0.275567
-0.171001 -0.248704 -0.232068 -0.271503 -0.216761 -0.034137 0.034572 0.192383 -0.110215 -0.160344
-0.252468 -0.264597 -0.030898 -0.071494 -0.185695 -0.218269 -0.234498 -0.216207 -0.232382 -0.262356
-0.269676 -0.258813 -0.261359 -0.270714 -0.276910 -0.274091 -0.278452 -0.274371 -0.198089 -0.254377
-0.262173 -0.232689 -0.195321 -0.264958 -0.275911 -0.271073 -0.253675 -0.149719 -0.052466 -0.265560
0.107793 0.692814 0.657632 0.489341 0.017266 -0.037626 0.026550 -0.172034 -0.207051 -0.127331
-0.075671 -0.258495 -0.277896 -0.278279 -0.278235 -0.278407 -0.266027 -0.263581 -0.272612 -0.160809
-0.249969 -0.256116 -0.222418 -0.173877 -0.198771 -0.188106 -0.237954 -0.262224 -0.269351 -0.276201
-0.263100 -0.235704 -0.246607 -0.274724 -0.275754 -0.245405 -0.250016 -0.278000 -0.266316 -0.227483
-0.273713 -0.276266 -0.225139 -0.259688 -0.206777 0.159795 0.354617 0.133928 -0.180149 -0.226310
-0.264940 -0.253017 -0.094022 -0.098985 -0.122425 -0.231851 -0.245356 -0.253682 -0.248935 -0.269926
-0.271093 -0.262135 -0.258688 -0.270098 -0.269787 -0.273594 -0.278398 -0.278325 -0.241266 -0.263190
-0.265389 -0.270962 -0.224748 -0.271853 -0.275646 -0.271167 -0.256510 -0.188530 -0.086857 -0.055417
0.129671 0.279481 0.456504 0.379915 0.064943 -0.017772 -0.034832 -0.119625 -0.209323 -0.078609
-0.088857 -0.255268 -0.275329 -0.277847 -0.276583 -0.277559 -0.278109 -0.244679 -0.160691 -0.047258
-0.261372 -0.048915 0.026064 -0.015015 -0.130876 -0.196970 -0.259833 -0.273558 -0.274373 -0.272751
-0.263469 -0.230880 -0.256435 -0.275240 -0.274332 -0.244458 -0.261335 -0.272991 -0.261241 -0.259211
-0.278105 -0.269787 -0.274675 -0.205822 -0.163039 0.104865 0.160805 -0.060339 -0.128226 -0.186603
-0.253218 -0.213025 -0.131483 -0.121759 -0.146676 -0.222275 -0.239829 -0.238437 -0.192435 -0.258195
-0.263199 -0.257746 -0.254723 -0.269886 -0.264308 -0.272618 -0.278437 -0.278364 -0.233937 -0.272571
-0.248248 -0.263587 -0.166383 -0.268483 -0.277576 -0.276144 -0.251593 -0.192749 -0.095333 -0.133448
0.188575 0.546696 0.320918 0.247458 0.136322 -0.074879 -0.154693 -0.184143 -0.223142 -0.148354
-0.164816 -0.267281 -0.265934 -0.278185 -0.275776 -0.276838 -0.276838 -0.263608 -0.245981 -0.088646
-0.222150 0.396495 1.214286 0.667210 0.356826 -0.198291 -0.267586 -0.267033 -0.272462 -0.272647
-0.263725 -0.249056 -0.258757 -0.266881 -0.277418 -0.228935 -0.247467 -0.278232 -0.278242 -0.269375
-0.237779 -0.126719 -0.111289 0.352313 0.222354 0.111082 -0.014101 -0.050235 -0.117077 -0.179016
-0.238380 -0.154072 -0.204717 -0.247747 -0.249562 -0.175701 -0.046649 -0.087616 -0.041348 -0.174493
-0.265732 -0.259359 -0.268127 -0.274540 -0.270646 -0.277564 -0.278040 -0.272910 -0.233964 -0.277717
-0.234591 -0.179595 -0.171634 -0.276971 -0.277997 -0.276969 -0.248072 -0.203182 -0.095416 -0.171541
0.178748 0.496092 0.241542 0.039416 0.183213 0.061533 -0.181309 -0.238717 -0.227213 -0.153736
-0.148050 -0.259488 -0.262473 -0.276589 -0.266962 -0.273231 -0.274456 -0.243565 -0.168004 -0.097925
-0.036448 0.074262 1.401007 2.353213 1.266350 -0.206679 -0.253291 -0.265504 -0.272394 -0.274423
-0.273318 -0.277138 -0.271973 -0.274062 -0.275179 -0.261990 -0.278292 -0.252462 -0.218801 -0.278372
-0.244570 -0.067308 -0.095559 0.275131 0.278337 0.063847 -0.140571 -0.090475 -0.175898 -0.244155
-0.249344 -0.216135 -0.260334 -0.278278 -0.270160 -0.267774 0.030808 0.160874 -0.080044 -0.135887
-0.270704 -0.266690 -0.272218 -0.276320 -0.272429 -0.278087 -0.277185 -0.266009 -0.182098 -0.274739
-0.253898 -0.217777 -0.208875 -0.278464 -0.278439 -0.278083 -0.254395 -0.208432 -0.121816 -0.155404
0.190583 0.301706 -0.061357 -0.208869 -0.258035 -0.269267 -0.277002 -0.276659 -0.275484 -0.251999
-0.215234 -0.269393 -0.265152 -0.271284 -0.258071 -0.269380 -0.268611 -0.253373 -0.193335 -0.213931
-0.231886 -0.223812 0.929508 0.709367 -0.203843 -0.246613 -0.263008 -0.272507 -0.277996 -0.277610
-0.278179 -0.275197 -0.266469 -0.242447 -0.266566 -0.259665 -0.278462 -0.253951 -0.172601 -0.265021
-0.082972 0.125452 0.282624 0.270722 0.044303 -0.058311 -0.230678 -0.232928 -0.214953 -0.263767
-0.236904 -0.262582 -0.271611 -0.268447 -0.227612 -0.277640 -0.188264 0.146625 -0.003464 -0.112069
-0.271139 -0.276598 -0.277283 -0.278454 -0.277915 -0.278324 -0.277031 -0.270944 -0.095544 -0.238438
-0.269836 -0.265352 -0.225285 -0.278179 -0.278441 -0.277978 -0.264263 -0.194646 -0.130036 -0.220019
0.122717 0.478637 -0.076359 -0.182222 -0.263479 -0.274529 -0.266825 -0.278459 -0.271087 -0.256985
-0.091615 -0.232279 -0.262995 -0.260184 -0.245994 -0.263167 -0.259927 -0.253308 -0.273593 -0.278394
0.021035 -0.253936 -0.266735 -0.252532 -0.259951 -0.252503 -0.270488 -0.276623 -0.278389 -0.277343
-0.268799 -0.266901 -0.267500 -0.250422 -0.275090 -0.253577 -0.275428 -0.264430 -0.197530 -0.191731
0.004572 0.010248 0.160896 0.195813 -0.026935 -0.083999 -0.170303 -0.246579 -0.185516 -0.219410
-0.225057 -0.247295 -0.235438 -0.269674 -0.201566 -0.278408 -0.181935 0.115204 0.186237 -0.000601
-0.264757 -0.277692 -0.274675 -0.278105 -0.277339 -0.277016 -0.276631 -0.272040 -0.105664 -0.186534
-0.257323 -0.256309 -0.184799 -0.276505 -0.278461 -0.278070 -0.257139 -0.200139 -0.132763 -0.224907
-0.104990 0.417262 0.074432 -0.025306 -0.085954 -0.199618 -0.180090 -0.230686 -0.202495 -0.165984
0.168303 -0.043636 -0.257856 -0.255996 -0.221752 -0.263010 -0.261011 -0.275426 -0.273523 -0.197929
-0.221614 -0.278389 -0.254886 -0.263657 -0.240211 -0.262464 -0.276384 -0.278291 -0.275634 -0.267025
-0.254990 -0.248918 -0.265346 -0.268757 -0.276146 -0.260369 -0.268306 -0.275476 -0.229941 -0.149187
0.051361 -0.113516 -0.196829 -0.142968 -0.144137 -0.212604 -0.211689 -0.229510 -0.159200 -0.191311
-0.223351 -0.223997 -0.212680 -0.276474 -0.208918 -0.270139 -0.061855 0.294339 0.243427 0.181212
-0.253838 -0.273729 -0.251064 -0.272849 -0.266505 -0.274132 -0.271369 -0.278278 -0.148275 -0.211555
-0.248816 -0.227322 -0.188599 -0.270676 -0.278419 -0.269721 -0.276289 -0.197280 -0.133202 -0.153385
-0.167946 -0.096712 -0.112828 -0.149343 -0.146032 -0.238894 -0.252388 -0.227132 -0.004782 0.210385
-0.000619 -0.097460 -0.264633 -0.249068 -0.210865 -0.273905 -0.269103 -0.274066 -0.276019 -0.264862
-0.267153 -0.267094 -0.261956 -0.263080 -0.253161 -0.272173 -0.250273 -0.201884 -0.184886 -0.268045
-0.257739 -0.229734 -0.264266 -0.274948 -0.278326 -0.267404 -0.272196 -0.277389 -0.240080 -0.157544
-0.096094 -0.153032 -0.186337 -0.183395 -0.127262 -0.201676 -0.180962 -0.196342 -0.198606 -0.217150
-0.196223 -0.237427 -0.252713 -0.235921 -0.165687 -0.278457 0.022364 0.391418 0.344113 0.225728
-0.231375 -0.268822 -0.234811 -0.270322 -0.270929 -0.266641 -0.219568 -0.269081 -0.212263 -0.274447
-0.250987 -0.218423 -0.188775 -0.262855 -0.271215 -0.265639 -0.275316 -0.204089 -0.138207 0.290187
0.757896 0.299746 -0.027685 -0.135932 -0.133061 -0.218411 -0.131290 -0.104929 0.257049 0.757018
0.166175 -0.100098 -0.258540 -0.231320 -0.221423 -0.266703 -0.253350 -0.267772 -0.273714 -0.273421
-0.276592 -0.263960 -0.273769 -0.276069 -0.277292 -0.273115 -0.270926 -0.231367 -0.146000 -0.210288
-0.218289 -0.209942 -0.251842 -0.270425 -0.278077 -0.253685 -0.261367 -0.278446 -0.250923 -0.259875
-0.242219 -0.233075 -0.245298 -0.254798 -0.231740 -0.248785 -0.246684 -0.232692 -0.248625 -0.235546
-0.166570 -0.229686 -0.247602 -0.236919 -0.222785 -0.274845 -0.036510 0.676441 0.722006 0.313725
-0.195534 -0.236513 -0.210552 -0.272085 -0.276756 -0.229311 -0.187690 -0.258317 -0.221816 -0.277744
-0.259059 -0.246450 -0.190867 -0.253295 -0.270083 -0.266616 -0.270829 -0.204464 -0.109488 -0.120472
0.261785 0.134965 -0.063722 -0.134767 -0.049538 -0.189233 0.071268 0.094861 0.065946 0.459989
0.319897 -0.012254 -0.267059 -0.245963 -0.257832 -0.273183 -0.264303 -0.269379 -0.264844 -0.271224
-0.276055 -0.272257 -0.275162 -0.276314 -0.275809 -0.268492 -0.276236 -0.274862 -0.198358 -0.190340
-0.248268 -0.225738 -0.259079 -0.277474 -0.278430 -0.261253 -0.262710 -0.278340 -0.260215 -0.258321
-0.249009 -0.262151 -0.266693 -0.236520 -0.124040 -0.213661 -0.241074 -0.213689 -0.218344 -0.201333
-0.129973 -0.207732 -0.242515 -0.246742 -0.241114 -0.256129 0.098002 0.999444 0.563717 0.174366
-0.170897 -0.182180 -0.216645 -0.274560 -0.270248 -0.238416 -0.198991 -0.240127 -0.254597 -0.274115
-0.260664 -0.245129 -0.164585 -0.244285 -0.270701 -0.258609 -0.276861 -0.264629 -0.151743 -0.257655
-0.176729 -0.170165 -0.258015 -0.278058 -0.255181 -0.185698 -0.228729 -0.263410 -0.093388 0.389701
0.560971 0.221362 -0.265968 -0.253667 -0.275422 -0.275601 -0.267186 -0.266966 -0.247520 -0.272091
-0.276473 -0.275530 -0.276708 -0.275885 -0.268363 -0.267726 -0.273696 -0.270363 -0.222284 -0.230921
-0.260053 -0.245278 -0.270250 -0.278187 -0.277979 -0.272072 -0.273311 -0.275747 -0.263569 -0.251833
-0.258673 -0.246665 -0.253419 -0.224372 -0.021838 -0.085693 -0.143804 -0.131030 -0.138408 -0.086069
-0.029816 -0.179961 -0.227905 -0.270663 -0.266621 -0.227468 -0.089315 0.314196 0.016981 -0.115985
-0.207118 -0.222901 -0.259760 -0.276154 -0.277227 -0.254823 -0.209036 -0.245058 -0.264663 -0.278336
-0.260994 -0.227866 -0.197511 -0.264406 -0.275172 -0.264895 -0.278410 -0.261644 -0.189800 -0.278413
-0.265658 -0.239414 -0.269715 -0.271985 -0.275682 -0.205218 -0.174207 -0.268438 -0.082344 0.684295
0.396184 0.262139 -0.262300 -0.264677 -0.277075 -0.276787 -0.265462 -0.257566 -0.206574 -0.264082
-0.262781 -0.258693 -0.265862 -0.259987 -0.245371 -0.253346 -0.242327 -0.259483 -0.244971 -0.222751
-0.258116 -0.248115 -0.268551 -0.276244 -0.278377 -0.274424 -0.270286 -0.278404 -0.266599 -0.262653
-0.265624 -0.234762 -0.250020 -0.253599 -0.094128 -0.054029 -0.143524 -0.137189 -0.135227 -0.089516
-0.128876 -0.181739 -0.175028 -0.259731 -0.277842 -0.247887 -0.179679 -0.045359 -0.105418 -0.164974
-0.239918 -0.240020 -0.255599 -0.278439 -0.277119 -0.264436 -0.206095 -0.232963 -0.277118 -0.274601
-0.260967 -0.224695 -0.189191 -0.256991 -0.271085 -0.253330 -0.277110 -0.278421 -0.276540 -0.268674
-0.214387 -0.147706 -0.190325 -0.126807 0.009343 -0.200177 -0.278221 -0.199791 0.384761 1.224656
0.481287 0.261382 -0.277022 -0.277898 -0.269565 -0.266670 -0.275856 -0.278437 -0.278269 -0.274732
-0.276542 -0.277945 -0.278020 -0.277990 -0.278448 -0.274419 -0.265409 -0.264259 -0.273229 -0.252629
-0.274358 -0.264981 -0.275668 -0.277622 -0.276245 -0.277633 -0.277902 -0.266393 -0.246972 -0.274164
-0.261794 -0.266833 -0.262707 -0.247848 -0.220704 -0.182468 -0.230330 -0.199600 -0.201141 -0.172117
-0.122996 -0.123392 -0.128986 -0.227992 -0.270034 -0.250682 -0.163671 -0.126617 -0.206234 -0.215646
-0.275500 -0.270395 -0.273330 -0.272361 -0.277199 -0.263948 -0.110981 -0.219901 -0.275768 -0.270705
-0.256936 -0.219935 -0.196355 -0.262221 -0.269314 -0.262648 -0.275713 -0.278065 -0.278210 -0.271377
-0.264839 -0.262876 -0.272776 -0.255858 -0.273930 -0.277551 -0.278349 0.055181 1.056138 2.158814
0.771431 -0.080604 -0.271719 -0.267251 -0.263460 -0.267075 -0.274511 -0.278127 -0.278365 -0.275823
-0.277999 -0.277276 -0.277372 -0.277340 -0.278216 -0.278355 -0.227194 -0.251435 -0.277068 -0.250485
-0.268164 -0.261080 -0.272686 -0.276253 -0.277553 -0.278449 -0.275530 -0.270303 -0.250223 -0.254126
-0.224690 -0.233727 -0.203318 -0.216967 -0.229126 -0.174833 -0.195955 -0.135836 -0.103063 -0.096276
-0.033850 -0.088157 -0.189018 -0.261745 -0.273979 -0.263133 -0.146491 -0.128018 -0.224717 -0.223442
-0.277460 -0.276050 -0.269080 -0.272934 -0.277513 -0.255485 -0.119903 -0.240391 -0.278223 -0.269637
-0.259155 -0.193777 -0.178517 -0.255643 -0.274063 -0.251490 -0.260294 -0.274983 -0.276955 -0.271158
-0.265076 -0.214003 -0.216205 -0.226701 -0.268944 -0.266445 -0.262392 -0.241649 -0.194031 0.023586
-0.239859 -0.245637 -0.267264 -0.276777 -0.278270 -0.258304 -0.206476 -0.176120 -0.182531 -0.208146
-0.093529 -0.114399 -0.131613 -0.134428 -0.207343 -0.199674 0.000364 -0.062543 -0.238920 -0.239409
-0.249694 -0.235342 -0.269850 -0.273002 -0.277284 -0.275634 -0.271205 -0.277162 -0.271405 -0.221748
-0.148601 -0.148794 -0.164535 -0.179468 -0.241127 -0.218568 -0.219994 -0.153277 0.113088 0.125607
0.045362 -0.079700 -0.196015 -0.266089 -0.278460 -0.275319 -0.189304 0.017509 -0.092115 -0.120859
-0.278127 -0.258573 -0.213410 -0.268439 -0.235890 -0.202772 -0.124145 -0.206603 -0.277842 -0.277993
-0.255026 -0.143065 -0.192899 -0.266967 -0.271717 -0.256846 -0.270041 -0.277923 -0.278182 -0.258207
-0.214160 -0.118683 -0.154731 -0.113286 -0.213957 -0.278465 -0.270501 -0.278002 -0.262899 -0.260466
-0.261302 -0.274673 -0.272537 -0.277389 -0.276635 -0.255351 -0.189890 -0.247678 -0.272538 -0.199987
-0.067764 0.000545 0.026806 0.048198 0.007736 0.003230 0.060628 -0.095185 -0.226081 -0.228386
-0.249964 -0.230592 -0.266608 -0.255908 -0.259534 -0.274379 -0.270511 -0.274123 -0.272212 -0.228208
-0.184639 -0.187176 -0.211057 -0.201517 -0.232721 -0.221428 -0.224501 -0.130112 0.085216 0.171045
0.025518 -0.084181 -0.199191 -0.266503 -0.278320 -0.278193 -0.215476 0.077242 -0.013005 -0.083607
-0.277920 -0.264130 -0.213407 -0.238681 -0.193369 -0.184365 -0.113259 -0.154146 -0.272553 -0.263517
-0.263115 -0.202276 -0.263007 -0.272369 -0.275928 -0.271201 -0.276901 -0.273047 -0.276919 -0.274458
-0.080832 0.011028 -0.088402 0.004856 -0.104243 -0.263469 -0.278356 -0.277863 -0.268316 -0.277124
-0.255499 -0.230590 -0.152075 -0.151517 -0.128979 0.034067 0.408255 0.021639 -0.238785 0.005010
0.197965 0.208450 0.237804 0.120188 -0.177239 -0.100095 -0.136865 -0.246530 -0.255597 -0.273038
-0.278278 -0.275858 -0.275123 -0.275991 -0.267935 -0.277167 -0.269227 -0.278028 -0.278057 -0.201419
-0.180607 -0.148893 -0.177039 -0.148695 -0.078955 -0.199222 -0.216756 -0.063197 0.018082 0.119824
-0.109287 -0.191186 -0.254379 -0.278436 -0.276493 -0.251306 -0.102395 0.078243 0.123921 0.010895
-0.251233 -0.192819 -0.047792 -0.169353 -0.215476 -0.233328 -0.175336 -0.221874 -0.277706 -0.263249
-0.276282 -0.226281 -0.275268 -0.232105 -0.256656 -0.275993 -0.278150 -0.274969 -0.249450 -0.243406
0.127964 -0.097582 -0.148438 -0.237509 -0.242219 -0.278277 -0.276290 -0.255569 -0.275093 -0.271125
-0.275195 -0.201249 -0.130813 -0.203027 -0.143631 0.076769 0.316851 0.261289 -0.107587 0.113151
0.347157 0.096838 -0.022622 -0.055225 -0.173423 -0.173365 -0.212024 -0.235809 -0.177508 -0.230734
-0.265722 -0.258952 -0.253564 -0.248238 -0.207095 -0.252499 -0.226163 -0.272609 -0.277197 -0.171866
-0.185953 -0.112576 -0.114682 -0.088162 0.065899 -0.039127 -0.121788 -0.098966 -0.110006 -0.023261
-0.160032 -0.149780 -0.223233 -0.277061 -0.275409 -0.228201 -0.025064 0.066952 0.105832 0.189803
-0.209674 -0.132026 -0.081638 -0.191274 -0.224976 -0.261106 -0.199833 -0.253643 -0.278454 -0.274679
-0.276956 -0.240693 -0.276091 -0.270440 -0.278261 -0.268288 -0.219692 -0.275247 -0.113536 -0.134201
0.102372 -0.220703 -0.140260 -0.246837 -0.095866 -0.268414 -0.115783 -0.063708 -0.247396 -0.149834
-0.257297 -0.210863 -0.248027 -0.276530 -0.277926 -0.212742 0.076402 0.115016 -0.163495 -0.192649
-0.242481 -0.277820 -0.277290 -0.203258 -0.106773 -0.000446 -0.068832 -0.048472 -0.036554 -0.140195
-0.207774 -0.205246 -0.190711 -0.143950 -0.085627 -0.180763 -0.190239 -0.241977 -0.274662 -0.240268
-0.258132 -0.241166 -0.224207 -0.097574 0.231746 0.222897 -0.045218 -0.156114 -0.243933 -0.238061
-0.244138 -0.264306 -0.275754 -0.224119 -0.250030 -0.232405 0.203798 0.475669 0.276542 0.159923
-0.168348 -0.134380 -0.193157 -0.255564 -0.237261 -0.249622 -0.114734 -0.236996 -0.272948 -0.277595
-0.212564 -0.231679 -0.277177 -0.272925 -0.277960 -0.278407 -0.273137 -0.273699 -0.267351 -0.276158
-0.073637 0.003432 -0.238810 -0.257439 -0.272953 -0.275766 -0.267676 0.148606 -0.240969 -0.245687
-0.236558 -0.231763 -0.266802 -0.273282 -0.272245 -0.225930 0.080152 -0.035361 -0.129436 -0.180435
-0.261945 -0.277562 -0.246848 -0.272500 -0.271822 -0.054321 -0.097021 -0.037450 0.019334 -0.115559
-0.165760 -0.141857 -0.025001 -0.045794 -0.062515 -0.059092 -0.197095 -0.236335 -0.269614 -0.227987
-0.250339 -0.254977 -0.242324 -0.155335 0.132439 0.171907 -0.167785 -0.164845 -0.216456 -0.229889
-0.209562 -0.251981 -0.263428 -0.250644 -0.258710 -0.216719 0.258248 0.646688 0.268124 0.192723
-0.127282 -0.139914 -0.182433 -0.239758 -0.225455 -0.254359 -0.164894 -0.262476 -0.269048 -0.267110
-0.155133 -0.229559 -0.149228 0.238819 -0.242723 -0.270278 0.068406 -0.223540 -0.077189 0.287178
0.785598 -0.263638 -0.214760 -0.231426 0.058334 -0.278345 -0.274349 0.206923 -0.150216 -0.241735
-0.230565 -0.260413 -0.277755 -0.278015 -0.277182 -0.151964 0.162155 0.095135 -0.008743 -0.166224
-0.251027 -0.276792 -0.229036 -0.254311 -0.030641 0.156461 0.068213 0.091460 0.270271 0.618713
0.892576 0.583267 0.624734 0.498118 0.363240 0.211173 -0.099199 -0.145184 -0.185714 -0.120914
-0.097422 -0.205937 -0.272384 -0.152471 0.115081 0.185170 -0.105433 -0.132886 -0.181145 -0.259041
-0.240655 -0.247138 -0.259239 -0.258074 -0.240865 -0.209520 0.309533 0.692463 0.367750 0.606485
-0.042949 -0.151477 -0.262052 -0.264305 -0.159720 -0.182081 -0.147463 -0.248931 -0.262022 -0.212078
-0.136081 0.059594 0.358314 0.849431 0.186705 0.023747 0.467119 0.276146 0.822892 -0.124274
-0.216160 -0.197863 -0.224220 -0.276103 -0.262341 -0.276490 -0.276346 -0.257538 -0.019792 -0.143800
-0.265093 -0.263102 -0.278435 -0.276507 -0.278402 -0.216614 -0.016850 -0.050492 -0.129652 -0.224197
-0.277789 -0.207038 -0.169234 -0.225377 0.194595 0.416087 0.282146 0.044347 -0.089994 0.451215
1.728799 1.308520 0.754463 0.691740 0.371226 0.100247 -0.104920 -0.172987 -0.192292 -0.154379
-0.115219 -0.248820 -0.277776 -0.120331 0.125376 0.222075 -0.095328 -0.087493 -0.175399 -0.270332
-0.265841 -0.268621 -0.271364 -0.216073 -0.229404 -0.246507 0.248334 1.387436 1.284575 0.477818
-0.038623 -0.128200 -0.251725 -0.264831 -0.173146 -0.081161 -0.040014 -0.195635 -0.270387 -0.245609
-0.160143 0.448489 -0.251857 -0.179727 0.166011 -0.211446 0.029640 -0.121451 0.072522 -0.140998
-0.252039 -0.082087 -0.212867 -0.267999 -0.278464 -0.257914 -0.273964 -0.273268 -0.148180 -0.102305
-0.196201 -0.162186 -0.251023 -0.256435 -0.271139 -0.239614 -0.218757 -0.251195 -0.257356 -0.278434
-0.276052 -0.176362 -0.169638 -0.248953 -0.081813 -0.014177 -0.166057 -0.277604 -0.278375 -0.248093
-0.091639 -0.137818 -0.235406 -0.161531 -0.066922 -0.021085 -0.052822 -0.190260 -0.232167 -0.251588
-0.276703 -0.271257 -0.235910 -0.276348 -0.133350 0.169861 -0.067727 -0.109482 -0.154957 -0.259270
-0.144682 -0.211284 -0.243016 -0.253608 -0.278357 -0.058098 0.331651 0.893476 0.410003 0.028901
-0.127768 -0.175063 -0.173373 -0.177037 -0.246199 -0.246158 -0.092562 -0.198895 -0.261088 -0.277947
-0.277207 0.202969 -0.181355 0.434322 0.067620 -0.271363 0.149278 -0.142384 0.472085 -0.221018
-0.157307 -0.200458 -0.274988 -0.278390 -0.278447 -0.270804 -0.271456 -0.278276 -0.246776 -0.214283
-0.182134 -0.200455 -0.266938 -0.271004 -0.268767 -0.242135 -0.224428 -0.267403 -0.270431 -0.275059
-0.277178 -0.218233 -0.220600 -0.214370 -0.163530 -0.182559 -0.249602 -0.276459 -0.276139 -0.274947
-0.278157 -0.271349 -0.276919 -0.226067 -0.133614 -0.103406 -0.125344 -0.136460 -0.214440 -0.223539
-0.244999 -0.257468 -0.250077 -0.267525 -0.181432 -0.000441 -0.043068 -0.110929 -0.109003 -0.242948
-0.180107 -0.234813 -0.243570 -0.260542 -0.226417 -0.058966 0.051045 0.330555 0.147086 0.055842
-0.170201 -0.152687 -0.200181 -0.224041 -0.233626 -0.269542 -0.196309 -0.244701 -0.266016 -0.257227
-0.277367 -0.151637 -0.272363 -0.241036 -0.277686 -0.135636 -0.149353 0.125641 -0.130947 -0.225359
-0.166098 -0.198878 -0.275274 -0.123239 -0.235991 -0.246641 -0.268506 -0.278411 -0.275458 -0.228680
-0.258004 -0.240592 -0.268678 -0.267869 -0.249413 -0.234237 -0.234690 -0.276883 -0.277378 -0.274684
-0.101995 -0.212274 -0.224488 -0.038413 0.078725 0.260589 0.176396 0.143997 -0.003542 -0.134442
-0.087354 0.004916 -0.109336 -0.024059 0.093299 0.167389 0.093491 0.381838 0.106208 0.022026
0.194970 -0.110689 -0.272319 -0.197078 0.253427 0.689589 0.484901 0.547473 0.672471 0.230309
0.243993 0.063271 -0.127987 -0.016467 -0.022897 0.043456 0.018819 0.559794 0.258994 0.062234
-0.192094 -0.172372 -0.194617 -0.202314 -0.220651 -0.246699 -0.278271 -0.266502 -0.079824 -0.241162
-0.249658 -0.212834 -0.277909 -0.220224 -0.126008 -0.204824 -0.270232 -0.274806 0.166215 -0.098459
-0.277922 -0.277099 -0.255081 -0.216976 -0.172686 -0.271796 -0.236093 -0.255703 -0.267139 -0.250003
-0.278405 -0.263673 -0.076787 -0.172908 -0.230223 -0.268213 -0.277880 -0.262488 -0.259824 -0.233099
-0.189402 -0.119479 -0.167758 0.040014 0.206731 0.246447 0.126793 0.080301 0.031855 -0.047136
-0.038477 0.016766 -0.084659 0.007842 0.129736 0.278759 0.208999 0.242829 0.211854 0.042352
0.334089 -0.063715 -0.199074 0.033446 0.416155 0.676115 1.150215 1.113327 1.003119 0.889847
0.692437 0.585839 0.208715 0.171789 0.036203 0.807341 0.948929 1.236627 0.537534 0.096810
-0.187658 -0.225474 -0.210516 -0.229814 -0.251702 -0.198453 -0.278433 0.046531 0.155346 -0.278387
-0.277722 -0.208119 -0.246984 -0.247300 -0.268153 -0.246477 -0.228292 -0.242767 -0.157331 -0.207842
-0.277132 -0.254628 -0.278206 -0.129573 -0.256181 -0.274727 -0.275766 -0.259841 -0.155752 -0.264272
-0.257857 -0.277165 -0.243318 -0.234029 -0.257669 -0.248277 -0.168804 -0.278033 -0.277920 -0.278015
0.029236 0.062735 0.101338 -0.034859 -0.123532 0.180854 0.280516 -0.102975 -0.128190 -0.083183
-0.004660 -0.177170 -0.239774 -0.205338 0.198718 0.359110 0.024955 -0.164183 -0.132952 -0.176571
-0.093576 -0.194105 -0.234319 -0.041128 -0.045024 0.091828 0.199636 0.089660 0.019838 0.107086
0.234128 0.093159 -0.111668 -0.221610 -0.241563 -0.023709 0.155075 0.355861 -0.032054 -0.166614
-0.203397 -0.201187 -0.142632 -0.195305 -0.129466 -0.268559 -0.261744 -0.212934 -0.261373 -0.215214
-0.274478 0.105157 -0.278069 -0.278303 -0.273180 -0.260977 -0.167323 -0.231938 -0.255702 -0.234422
-0.278457 -0.252306 -0.236223 -0.180002 -0.278464 -0.140654 -0.206200 -0.232221 -0.237097 -0.276096
-0.245437 -0.263408 -0.271545 -0.180231 -0.262747 -0.223447 -0.126501 -0.272240 -0.277964 -0.248366
-0.015449 0.155984 0.173582 -0.118414 -0.220431 -0.120747 -0.095683 -0.189712 -0.192490 -0.157681
-0.119631 -0.180819 -0.236841 -0.198884 -0.128836 -0.125714 -0.103889 -0.026184 0.127631 -0.154387
-0.234136 -0.266141 -0.276408 -0.257307 -0.221410 -0.188877 -0.049341 -0.059520 -0.165945 -0.173807
0.018923 -0.021434 -0.128640 -0.092158 -0.165920 -0.143325 -0.120141 -0.105866 0.006182 -0.187814
-0.253997 -0.260089 -0.241183 -0.165149 -0.219112 -0.277917 -0.192284 -0.233817 -0.265422 -0.212671
-0.276765 -0.004544 -0.223002 -0.205038 -0.265579 -0.227908 -0.194128 -0.258238 -0.221250 -0.213156
-0.271171 -0.261042 -0.268877 -0.276730 -0.277271 -0.182737 -0.210558 -0.247856 -0.256355 -0.258308
-0.262143 -0.276128 -0.276976 -0.241575 -0.242957 -0.216730 -0.184736 -0.269952 -0.278428 -0.230387
0.159866 0.308194 0.234772 -0.072472 -0.248021 -0.169453 -0.146040 -0.184804 -0.208502 -0.210606
-0.183127 -0.188170 -0.212411 -0.232955 -0.221512 -0.211199 -0.210007 -0.160202 -0.159580 -0.112086
-0.154276 -0.255726 -0.219396 -0.196639 -0.176548 -0.175768 -0.113104 -0.147235 -0.207271 -0.233131
-0.145013 -0.207491 -0.248161 -0.198748 -0.223746 -0.221300 -0.088397 -0.003399 0.066976 -0.199042
-0.238883 0.007159 -0.001669 0.020261 -0.230132 -0.274510 -0.271550 -0.179140 -0.262541 -0.237600
-0.271906 0.212396 -0.152788 -0.219851 -0.241147 -0.144541 -0.086816 -0.223003 -0.237852 -0.274948
-0.278062 -0.277509 -0.277032 -0.265123 -0.229497 -0.265579 -0.273165 -0.250787 -0.273866 -0.247423
-0.269893 -0.245082 -0.278404 -0.164294 -0.242703 -0.177460 -0.220457 -0.274582 -0.278114 -0.253982
0.126188 0.431459 0.303354 0.061371 -0.225351 -0.156664 -0.057036 -0.067982 -0.196256 -0.174488
-0.168301 -0.185011 -0.193461 -0.222081 -0.203423 -0.181177 -0.200756 -0.165947 -0.168107 -0.166739
-0.205398 -0.254038 -0.177780 -0.126219 -0.186545 -0.187502 -0.154835 -0.189468 -0.239435 -0.205614
-0.175854 -0.211895 -0.220291 -0.256257 -0.209518 -0.242065 -0.155130 -0.271723 -0.106339 -0.008201
-0.016443 0.485772 0.176524 -0.073514 -0.278128 -0.265038 -0.242457 -0.135613 -0.273467 -0.244581
-0.278347 0.451698 -0.234604 -0.267437 -0.259891 -0.224175 -0.216616 -0.277438 -0.276294 -0.276131
-0.274128 -0.201793 -0.049350 -0.268111 -0.250581 -0.119121 -0.246716 -0.278447 -0.261072 -0.234087
-0.278066 -0.275495 -0.220074 -0.161094 -0.260328 -0.247693 -0.245240 -0.242768 -0.266730 -0.278367
-0.255927 -0.142837 -0.123461 -0.149719 -0.222569 -0.157352 -0.065994 -0.026861 0.050722 -0.069417
-0.213044 -0.193980 -0.180388 -0.210744 -0.197814 -0.225833 -0.259106 -0.273276 -0.264434 -0.228934
-0.201113 -0.225520 -0.226280 -0.209837 -0.216224 -0.193134 -0.186260 -0.223892 -0.263864 -0.262309
-0.246202 -0.237005 -0.236799 -0.245581 -0.267420 -0.248925 0.007159 0.280419 -0.214858 -0.215189
-0.044784 0.139272 0.422075 -0.156613 -0.277184 -0.276959 -0.277775 -0.274792 -0.253633 -0.229489
-0.278462 0.255585 -0.245053 -0.154146 -0.248938 -0.226159 -0.156610 -0.275424 -0.277780 -0.278082
-0.230300 -0.278292 -0.267400 -0.259793 -0.277418 -0.260837 -0.276628 -0.278445 -0.241881 -0.130747
-0.197222 -0.256223 -0.233531 -0.226669 -0.231703 -0.169774 -0.191961 -0.177177 -0.194162 -0.260248
-0.203435 -0.216308 -0.153646 -0.182496 -0.271679 -0.214148 -0.066061 -0.174068 -0.077749 -0.137356
-0.211183 -0.213434 -0.219818 -0.232525 -0.221387 -0.256187 -0.222492 -0.254994 -0.186925 -0.121959
-0.159148 -0.198166 -0.239563 -0.221052 -0.186524 -0.188252 -0.200788 -0.254406 -0.274937 -0.266647
-0.278120 -0.276968 -0.216769 -0.271108 -0.231577 0.169065 0.385952 -0.098254 -0.257852 -0.114635
-0.210399 -0.202942 -0.196487 -0.179452 -0.271435 -0.270114 -0.095197 -0.192704 -0.216969 -0.273471
-0.278155 -0.092059 -0.202851 -0.185413 -0.199495 -0.244313 -0.233859 -0.275394 -0.275321 -0.261651
-0.220812 -0.100154 -0.200532 -0.253435 -0.253572 -0.275791 -0.254847 -0.045188 0.169025 0.049730
-0.245062 -0.276784 -0.276841 -0.187991 -0.222195 -0.221980 -0.241135 -0.253758 -0.197059 -0.234723
-0.181338 -0.178900 -0.085867 0.113452 0.187527 0.011939 -0.278187 -0.262324 -0.107640 -0.155349
-0.247654 -0.232719 -0.255297 -0.236921 -0.152880 -0.191648 -0.078500 0.021680 0.068695 -0.109788
-0.250697 -0.200209 -0.212485 -0.225527 -0.212269 -0.225869 -0.206514 -0.146765 -0.117705 -0.105796
-0.092140 -0.230135 -0.217441 -0.251516 -0.006795 0.987724 -0.012574 -0.277867 -0.270688 -0.240446
0.350758 -0.113438 -0.274499 -0.231278 -0.269548 -0.269470 -0.182284 -0.251384 -0.255143 -0.190557
-0.275468 0.043019 -0.269428 -0.259087 -0.218547 -0.251359 -0.259254 -0.258486 -0.268419 -0.274884
-0.271782 -0.275450 -0.074656 -0.209156 -0.257953 -0.245560 -0.211723 -0.168843 -0.153081 -0.164110
-0.278401 -0.246673 -0.257368 -0.202197 -0.263640 -0.212293 -0.248068 -0.242180 -0.172390 -0.232442
-0.208434 -0.180306 -0.111385 -0.056137 -0.081948 -0.147058 -0.274754 -0.257307 0.227857 0.170610
-0.218667 -0.215625 -0.208570 -0.220536 -0.214846 -0.234684 -0.091762 -0.266110 -0.277767 -0.273495
-0.086961 -0.186669 -0.202353 -0.168719 -0.178630 -0.193858 -0.176145 -0.150001 -0.225109 -0.209083
-0.200881 -0.221575 -0.199224 -0.251429 -0.107895 -0.241275 -0.251473 -0.232795 -0.192854 -0.274468
0.366758 0.122210 -0.266543 -0.174918 -0.266155 -0.210041 -0.275205 -0.190685 -0.200159 -0.178839
-0.278195 -0.138941 -0.271752 0.188397 -0.078631 -0.242740 -0.102040 -0.141503 -0.264868 -0.269982
-0.214350 -0.183568 -0.229224 -0.272095 -0.277443 -0.214196 -0.249923 -0.215289 -0.055926 -0.254859
-0.267844 -0.263721 -0.174869 -0.222051 -0.249409 -0.095817 -0.207764 -0.165662 -0.083142 -0.132641
-0.199544 -0.218413 -0.202767 -0.153314 -0.241848 -0.253053 -0.275476 0.021204 0.079575 0.193026
-0.149517 -0.117402 -0.060750 -0.121260 0.161616 -0.134514 -0.214123 -0.275517 -0.169231 -0.237278
-0.230596 0.051599 -0.125151 -0.197112 -0.206902 -0.159572 0.108137 -0.002392 -0.192145 -0.278030
-0.273601 0.233387 -0.264870 -0.271450 -0.203966 -0.240585 -0.270825 -0.271477 -0.264566 0.024998
0.419039 -0.139729 -0.273686 0.102427 -0.102513 -0.229863 -0.270985 -0.269553 -0.180213 -0.132385
-0.268848 0.020750 -0.146531 -0.034183 -0.228159 -0.140017 -0.041791 -0.132444 -0.262173 -0.255709
-0.254084 -0.228732 -0.073766 -0.274015 -0.275967 -0.252882 -0.273207 -0.278426 -0.226424 -0.247343
-0.278194 -0.267450 -0.195540 -0.211764 -0.260514 -0.214688 -0.273269 -0.270883 -0.206533 -0.236867
-0.247324 -0.230294 -0.130955 0.117019 -0.259075 -0.275526 -0.269588 -0.131517 -0.217173 -0.204299
0.001836 -0.079831 -0.169650 -0.100830 0.321557 -0.002271 -0.032926 -0.271438 0.174589 -0.278398
0.043689 0.113439 -0.161436 -0.222396 -0.141111 -0.143938 -0.230490 -0.250873 -0.227437 -0.211082
-0.180403 -0.011772 -0.258832 -0.078771 -0.242564 -0.215919 -0.247423 -0.260787 -0.243781 -0.268680
-0.265555 -0.251434 -0.277957 -0.149528 -0.130169 -0.268519 -0.257139 -0.229725 -0.263615 -0.174601
-0.267106 0.494916 -0.142782 -0.121946 -0.212812 -0.242922 -0.215150 -0.203101 -0.273051 -0.256521
-0.241807 -0.260196 -0.231148 -0.275710 -0.277895 -0.277607 -0.276414 -0.269167 -0.278114 -0.277822
-0.217523 -0.267611 -0.260097 -0.277768 -0.274596 -0.206607 -0.124840 -0.042971 -0.057187 -0.244190
-0.223215 -0.218263 -0.165390 -0.031218 -0.273634 -0.207877 -0.278463 -0.271505 -0.156390 0.096975
0.022477 -0.278255 -0.252753 0.270375 -0.047484 -0.272326 -0.224871 -0.278231 -0.136882 -0.246449
-0.206280 -0.250927 -0.274900 -0.182241 -0.085274 0.067841 -0.230705 -0.260797 -0.278454 -0.278320
-0.179477 -0.066617 -0.241889 -0.263645 -0.229320 -0.278016 -0.271916 -0.243890 -0.185304 -0.270014
-0.276855 -0.186528 -0.253552 -0.240344 -0.253184 -0.258603 -0.278397 -0.211067 -0.218194 -0.232199
-0.278317 0.139718 -0.218109 -0.251834 -0.222454 -0.248729 -0.249908 -0.234863 -0.259868 -0.270572
-0.274045 -0.267348 -0.277268 -0.263252 -0.265424 -0.277177 -0.278199 -0.256789 -0.278311 -0.258959
-0.154025 -0.275993 -0.275840 -0.278044 -0.196286 0.109268 -0.025910 -0.123451 -0.098586 -0.156319
0.027931 0.169127 0.190144 0.225100 -0.272096 -0.250161 -0.278410 -0.275842 -0.273744 -0.261000
-0.270821 -0.239880 -0.211994 -0.204360 -0.261092 -0.228338 -0.152887 -0.260010 -0.272776 -0.277736
-0.276354 -0.266410 -0.173841 -0.157467 -0.096222 0.455321 -0.172925 -0.277353 -0.253110 -0.243595
-0.175248 -0.275509 -0.194746 -0.273392 -0.264783 -0.274468 -0.277871 -0.272246 -0.274104 -0.277949
-0.255861 -0.271473 -0.252044 -0.270142 -0.277111 -0.274153 -0.274951 -0.268470 -0.274293 -0.249387
-0.273913 0.065537 -0.158927 -0.271653 -0.269358 -0.257564 -0.215212 -0.271665 -0.181173 -0.209829
-0.276664 -0.227014 -0.278072 -0.275598 -0.262567 -0.260736 -0.231205 -0.220511 -0.050053 -0.166699
-0.213133 -0.197009 -0.242491 -0.170969 -0.011345 -0.089463 -0.212040 -0.276702 -0.230725 -0.211598
-0.145683 -0.021186 0.005978 -0.111265 -0.274774 -0.274181 -0.242231 -0.277252 -0.267588 -0.270718
-0.277403 -0.260790 -0.103132 -0.159020 -0.199326 -0.216089 -0.278231 -0.265468 -0.276966 -0.270406
-0.275743 -0.277493 -0.101541 -0.109137 0.295144 0.402495 -0.263297 -0.187191 -0.278442 -0.258285
-0.262797 -0.278023 -0.007967 -0.274295 -0.242199 -0.219122 -0.278130 -0.266617 -0.258905 -0.273583
-0.180923 -0.269027 -0.268979 -0.276386 -0.269435 -0.265872 -0.262476 -0.226003 -0.273826 -0.264408
-0.262441 0.115814 -0.209670 -0.273158 -0.276781 -0.278243 -0.255410 -0.237362 -0.237502 -0.269972
-0.275838 -0.273734 -0.277253 -0.269561 -0.276973 -0.278078 -0.266858 -0.270455 0.143728 -0.108149
-0.272777 -0.255906 0.088012 -0.186193 -0.273755 -0.262715 -0.278047 0.213929 0.020981 -0.276898
-0.267535 0.434888 -0.044215 -0.093802 -0.271375 -0.276212 -0.200634 -0.229640 -0.278095 -0.274604
-0.277627 -0.219284 -0.228978 -0.272224 -0.263219 -0.278217 -0.253484 -0.248494 -0.111817 -0.184026
-0.211587 -0.277735 -0.212944 -0.036926 0.770555 -0.000358 -0.278008 -0.259918 -0.278135 -0.276364
-0.276943 -0.253757 -0.212149 -0.273099 -0.221530 -0.266439 -0.276868 -0.274292 -0.192661 -0.247914
-0.277347 -0.240971 -0.260921 -0.236712 -0.246166 -0.218169 -0.273903 -0.268054 -0.256144 -0.276268
-0.260686 -0.128420 -0.262841 -0.174787 -0.277524 -0.187219 -0.146423 -0.199368 -0.270103 -0.274096
-0.278225 -0.278415 -0.270434 -0.270466 -0.269263 -0.254062 0.159296 -0.213444 -0.278461 -0.259810
-0.278421 -0.268712 -0.277282 -0.245231 -0.273713 -0.265394 -0.130975 -0.236105 -0.220076 -0.117798
-0.271280 0.791415 0.945941 -0.109911 -0.278460 -0.065258 0.112033 -0.269182 -0.278099 -0.272505
-0.195449 -0.157011 -0.256071 -0.278397 -0.274603 -0.219694 -0.274442 -0.236432 -0.159978 -0.000824
0.003749 -0.277184 -0.276693 -0.270097 -0.115921 0.529673 -0.226523 -0.273922 -0.277608 -0.250625
-0.274248 -0.267867 -0.229137 -0.278176 -0.269350 -0.026560 -0.246464 -0.244911 -0.277500 -0.271320
-0.258701 -0.275946 -0.277988 -0.262074 -0.245720 -0.256681 -0.272790 -0.278347 -0.272239 -0.277100
-0.252680 -0.256961 -0.274981 -0.166928 -0.208298 0.016121 -0.114673 -0.263530 -0.254808 -0.260907
-0.277353 -0.277123 -0.276782 -0.278237 -0.267788 -0.159559 -0.071104 -0.248205 -0.278150 -0.272978
-0.276346 -0.257687 -0.265809 -0.275674 -0.269432 -0.125643 -0.223899 -0.265666 -0.248324 -0.277379
-0.274927 -0.240283 -0.123783 -0.277826 -0.276803 -0.101285 -0.145628 -0.219997 -0.077850 -0.181190
-0.199384 -0.151034 -0.212906 -0.276694 -0.273480 -0.058449 -0.182755 -0.264706 0.043041 -0.175965
-0.269328 -0.131316 -0.244843 -0.273237 -0.089587 -0.153758 -0.261677 -0.276552 -0.277960 -0.271798
-0.274231 -0.266717 -0.249706 -0.269215 0.023422 -0.134381 -0.278416 -0.278263 -0.276381 -0.266906
-0.276038 -0.255982 -0.276076 -0.254955 -0.258533 -0.276629 -0.257219 -0.243657 -0.259492 -0.274400
-0.253694 -0.237404 -0.195541 0.194202 -0.008722 -0.227639 -0.239986 -0.272869 -0.196362 -0.244772
-0.275640 -0.273443 -0.273463 -0.269186 -0.278057 -0.257156 -0.188138 -0.260185 -0.277387 -0.261838
-0.278461 -0.251157 -0.277334 -0.247302 -0.275984 -0.273333 -0.251306 -0.273210 -0.258355 -0.209415
-0.278464 -0.150061 -0.214390 -0.269488 -0.253156 -0.190141 0.061655 0.017815 -0.254933 -0.260697
-0.265025 -0.278422 -0.278120 -0.274878 -0.268381 -0.195383 -0.125690 -0.271290 -0.278399 -0.255819
-0.240548 0.111544 -0.151928 -0.228957 -0.236699 -0.277575 -0.227776 -0.271562 -0.247592 -0.278463
-0.278411 -0.271344 -0.239759 -0.274891 -0.190685 -0.278418 -0.278439 -0.274944 -0.244090 -0.277958
-0.272823 -0.278149 -0.277580 -0.238867 -0.205670 -0.274286 -0.193747 -0.252947 -0.265661 -0.277660
-0.209395 -0.239174 0.134967 0.159315 -0.097308 -0.214524 -0.244216 -0.270406 -0.168048 -0.251814
-0.237275 -0.203431 -0.172143 -0.213694 -0.274650 -0.277039 -0.259896 -0.272343 -0.271375 -0.274333
-0.276701 -0.278462 -0.276584 -0.259543 -0.257444 -0.276632 -0.234062 -0.236720 -0.270880 -0.273240
-0.278349 -0.231965 -0.278464 -0.276811 -0.273248 -0.245279 -0.227441 -0.278458 -0.189345 -0.205358
-0.276038 -0.275774 -0.172557 -0.134206 -0.187399 -0.184327 -0.232166 -0.268923 -0.244407 -0.272257
-0.275872 -0.262506 -0.276615 -0.222806 -0.185667 -0.278419 -0.263809 -0.277721 -0.260583 -0.278370
-0.278279 -0.275412 -0.235754 -0.277768 -0.167365 -0.145576 -0.225589 -0.247079 -0.158139 -0.238334
-0.268435 -0.274400 -0.273002 -0.248497 -0.218489 -0.278436 -0.267783 -0.236348 -0.266710 -0.275102
-0.198486 0.175318 0.125649 -0.124701 -0.267814 -0.277474 -0.266828 -0.272221 -0.197988 -0.278061
-0.257003 -0.075073 0.036874 -0.238930 -0.270168 -0.276783 -0.271411 -0.253468 -0.259151 -0.277208
-0.278355 -0.275813 -0.271930 -0.263729 -0.224118 -0.223354 -0.239789 -0.231497 -0.254219 -0.276052
-0.278026 -0.191142 -0.275982 -0.278435 -0.273181 -0.272626 -0.277582 -0.273468 -0.239635 -0.265212
-0.222588 -0.251864 -0.041419 0.040560 -0.277605 -0.210434 -0.193405 -0.240195 -0.268886 -0.268359
-0.255916 -0.264205 -0.256857 -0.272598 -0.231219 -0.263988 -0.272594 -0.257381 -0.175363 -0.274133
-0.210223 -0.257375 -0.248155 -0.269553 -0.198258 -0.225949 -0.230457 -0.272257 -0.278423 -0.262030
-0.274631 -0.275009 -0.278354 -0.257749 -0.238392 -0.273747 -0.262859 -0.274286 -0.274962 -0.269781
-0.190893 0.192333 -0.198015 -0.188166 -0.210700 -0.278364 -0.277054 -0.274291 -0.273930 -0.248586
-0.196627 -0.057018 -0.128861 -0.222988 -0.247805 -0.278462 -0.272106 -0.211332 -0.256462 -0.278372
-0.277041 -0.274143 -0.268676 -0.234288 0.303428 -0.081183 -0.269495 -0.203652 -0.253403 -0.275617
-0.270683 -0.227113 -0.211414 -0.269368 -0.265662 -0.272432 -0.271880 -0.266102 -0.265069 -0.276902
-0.257640 -0.196121 -0.249921 -0.269131 -0.271891 -0.255720 -0.275422 -0.255061 -0.275350 -0.253245
-0.277258 -0.276625 -0.260540 -0.264985 -0.275400 -0.274996 -0.271528 -0.259961 -0.261591 -0.276772
0.034815 -0.183447 -0.278406 -0.241051 -0.277329 -0.275805 -0.277900 -0.276702 -0.087866 -0.273755
-0.249293 -0.170109 -0.175824 -0.240543 -0.269632 -0.204951 -0.101265 -0.275445 -0.270099 -0.226772
-0.228540 0.138735 -0.241022 -0.278281 -0.252307 -0.206628 -0.156493 -0.086748 -0.184386 -0.088764
-0.241543 -0.230776 -0.142869 -0.224106 -0.273404 -0.277734 -0.269416 -0.274091 -0.275756 -0.272641
-0.274487 -0.278451 -0.220644 -0.219660 -0.024171 -0.055019 -0.229782 -0.129570 -0.233331 -0.265068
-0.277234 -0.251198 -0.275543 -0.268815 -0.258563 -0.278018 -0.278188 -0.254543 -0.274850 -0.256498
-0.275971 -0.276950 -0.262880 -0.220787 -0.277605 -0.270379 -0.206854 -0.277741 -0.252816 -0.272619
-0.273596 -0.277714 -0.277087 -0.278054 -0.271578 -0.277600 -0.265633 -0.220372 -0.233629 -0.230681
-0.261064 -0.263641 -0.278464 -0.278457 -0.277255 -0.219444 -0.278464 -0.270429 0.471124 -0.276263
-0.271773 -0.246974 -0.275011 -0.232869 -0.248309 -0.200963 -0.130439 -0.248106 -0.277171 -0.194514
-0.218884 -0.010993 -0.278125 -0.272203 -0.270645 -0.276624 -0.070083 -0.075215 0.254831 -0.015302
-0.180754 -0.218009 -0.242558 -0.212146 -0.187525 -0.159463 -0.278294 -0.278330 -0.276205 -0.273253
-0.276100 -0.276538 -0.200358 -0.191473 -0.239808 -0.209116 -0.218660 -0.141884 -0.221719 -0.241907
-0.278089 -0.256419 -0.278421 -0.263751 -0.264626 -0.277415 -0.277018 -0.158496 -0.237796 -0.265805
-0.275021 -0.255084 -0.272432 -0.268793 -0.231055 -0.248049 -0.164741 -0.271329 -0.239780 -0.177471
-0.254255 -0.272470 -0.269031 -0.267301 -0.231278 -0.256161 -0.277340 -0.274265 -0.274167 -0.259844
-0.223854 -0.276709 -0.263366 -0.209727 -0.191476 -0.199855 -0.230770 -0.278448 -0.194188 -0.269566
-0.264946 -0.076305 -0.199950 -0.085007 -0.077002 -0.268905 -0.221340 -0.230587 -0.243443 -0.136745
-0.187766 0.092695 -0.262059 -0.059466 -0.128269 -0.136501 -0.278321 -0.156430 0.574374 0.419136
-0.136232 -0.234526 -0.266312 -0.266154 -0.193528 -0.154105 -0.278426 -0.266578 -0.139659 -0.183327
-0.247495 -0.269916 -0.223847 -0.190853 -0.099481 -0.136839 -0.237843 -0.271838 -0.276926 -0.261388
-0.276544 -0.277580 -0.254957 -0.271786 -0.278350 -0.273658 -0.277544 -0.156709 -0.229206 -0.262079
-0.254015 -0.276443 -0.277875 -0.277481 -0.244968 -0.234890 -0.199711 -0.262945 -0.268519 -0.252029
-0.216962 -0.277950 -0.274502 -0.164791 -0.261988 0.056428 0.060153 -0.220770 -0.175709 -0.171790
-0.093836 -0.268625 -0.236865 -0.268651 -0.211575 -0.018511 0.174378 0.231070 0.252338 -0.134643
-0.268633 -0.092940 -0.265378 -0.259054 -0.246097 -0.240476 0.224264 -0.122929 -0.252103 -0.125320
-0.176791 -0.178361 -0.233926 0.292038 0.081292 -0.197644 -0.274685 -0.231971 -0.075931 -0.036980
-0.236288 -0.178154 -0.202798 -0.265014 -0.189017 -0.273517 -0.253493 -0.253027 0.090801 -0.057053
-0.272314 -0.272200 -0.248466 -0.268304 -0.129378 -0.157672 -0.265763 -0.270165 -0.273525 -0.264261
-0.275011 -0.277335 -0.261239 -0.245892 -0.262238 -0.259943 -0.278174 -0.240336 -0.275895 -0.268603
-0.261910 -0.260364 -0.278293 -0.276898 -0.278140 -0.278463 -0.277002 -0.248847 -0.258024 -0.252478
-0.270309 -0.217794 -0.272442 0.818097 0.674274 0.063484 0.338211 0.003911 -0.277553 -0.277458
-0.196173 -0.273885 -0.278283 -0.264963 -0.248599 -0.259666 -0.073675 -0.039841 -0.273304 -0.271187
-0.150874 -0.198479 -0.277538 -0.261280 -0.157880 0.597550 0.575514 -0.150364 -0.264286 -0.169211
-0.147939 0.131491 0.123274 0.359093 0.215881 -0.051373 -0.251653 -0.266412 -0.275451 -0.205234
-0.244223 -0.180037 -0.171209 -0.227545 -0.154540 -0.269105 -0.277982 -0.077543 0.120964 0.077014
-0.123620 -0.231361 -0.278069 -0.278464 -0.209434 -0.227258 -0.241025 -0.264523 -0.266272 -0.278029
-0.278441 -0.277883 -0.272583 -0.234141 -0.276698 -0.271011 -0.278175 -0.256028 -0.277739 -0.272155
-0.272023 -0.262361 -0.274403 -0.276162 -0.270302 -0.262193 -0.217831 -0.268962 -0.204410 0.001814
-0.277635 -0.251779 0.734366 0.196145 -0.234896 -0.255770 0.258885 -0.109825 -0.277621 -0.278135
-0.278193 -0.245272 -0.267937 0.379263 0.259316 -0.278165 -0.277793 -0.219527 0.541439 0.508118
0.645478 -0.133511 -0.134914 0.127905 0.976619 0.427863 -0.241595 -0.273217 -0.277822 -0.175887
-0.198194 0.704646 -0.168420 0.008562 -0.063243 -0.133375 -0.271813 -0.245121 -0.208676 -0.277813
-0.187194 -0.199075 -0.141722 -0.154884 0.001001 -0.074410 -0.277270 0.020950 -0.038843 0.001847
-0.212983 -0.223071 -0.274698 -0.278273 -0.253955 -0.258309 -0.247766 -0.273650 -0.186233 -0.002975
-0.155189 -0.216358 -0.251464 -0.259863 -0.271965 -0.219368 -0.276441 -0.261134 -0.272975 -0.263624
-0.275796 -0.261352 -0.255046 -0.276929 -0.237959 -0.174764 -0.277821 -0.278276 -0.124820 -0.149085
-0.226489 0.361153 -0.021723 -0.121546 -0.278328 -0.277779 0.563426 0.642993 -0.186401 -0.271850
-0.268236 0.159798 -0.159342 -0.096490 0.214575 -0.269204 -0.274531 -0.152871 -0.063481 -0.042023
0.847500 -0.033220 0.030303 -0.174333 -0.259831 -0.207232 -0.164137 -0.276505 -0.253409 -0.216135
-0.222670 0.356166 -0.127941 -0.231007 -0.246833 -0.229446 -0.261402 -0.272462 -0.178871 -0.167548
0.141501 -0.109074 -0.178694 -0.184486 -0.237546 -0.278321 -0.230656 0.718237 0.325362 -0.212331
-0.245923 -0.202204 -0.208359 -0.276211 -0.261918 -0.247486 -0.233368 -0.277656 -0.252560 -0.144791
-0.177501 -0.154329 -0.246499 -0.276247 -0.276207 -0.256216 -0.278406 -0.278464 -0.277984 -0.274932
-0.278147 -0.244467 -0.271087 -0.259005 -0.278288 -0.224172 -0.274144 -0.256779 0.604209 -0.017859
-0.250226 0.126011 -0.183917 -0.263172 -0.250953 -0.271125 -0.231647 -0.264068 -0.278104 -0.268881
-0.254270 -0.247277 -0.265635 -0.278238 -0.140382 -0.272424 -0.260551 -0.190188 -0.239738 -0.262256
-0.275159 -0.278315 -0.274912 -0.277979 -0.269816 -0.247967 -0.208909 -0.268537 -0.271933 -0.183552
-0.275914 1.045263 0.082054 0.177423 0.094376 0.216011 0.370970 0.002585 -0.232796 0.401236
1.290958 0.821644 0.632691 0.666702 0.397428 0.396133 -0.125724 1.092172 0.659801 0.250240
0.284549 0.298968 0.460951 0.230276 0.596260 0.392237 0.052153 -0.043985 -0.061372 -0.073565
0.154773 0.150423 0.051860 -0.087468 0.028634 -0.083250 -0.146113 -0.176496 -0.085643 -0.202069
0.212261 0.329921 -0.029510 -0.020858 0.069978 0.249558 0.208187 0.102190 0.095511 -0.112212
-0.099004 0.056576 0.016887 0.008776 -0.045348 0.252247 -0.072868 -0.080122 0.095071 0.000603
-0.069023 -0.114348 -0.043751 -0.035416 0.096421 0.114645 0.238080 0.230717 0.250412 0.058821
-0.059074 -0.111746 -0.098465 0.001546 0.132800 0.094020 0.282713 0.279157 -0.157338 -0.261118
-0.263994 0.528319 -0.128819 -0.140399 -0.075888 -0.092767 0.015259 0.033582 0.055285 0.004619
0.050867 0.034405 0.145176 0.199035 0.443357 0.314227 -0.244252 -0.266452 0.086026 -0.034713
-0.003674 -0.034470 0.002004 -0.180513 -0.119948 -0.078202 0.025353 -0.208571 -0.248516 -0.021266
0.134854 0.522405 0.344819 -0.027817 0.099595 -0.046903 -0.001349 -0.216528 -0.190191 -0.128817
0.005327 -0.026439 0.135212 -0.059266 -0.116448 -0.012854 -0.082841 -0.218231 -0.217110 -0.192130
-0.202144 -0.175969 -0.199999 -0.140412 0.027902 -0.170042 -0.186050 -0.088015 -0.026217 -0.043935
-0.109077 -0.108775 -0.055358 -0.137518 -0.019294 -0.061367 -0.144441 -0.152455 -0.094549 -0.031032
-0.129529 -0.169072 -0.138467 -0.166262 -0.120088 -0.031563 0.040694 -0.130187 -0.221995 -0.067683
-0.188872 -0.195416 -0.275509 -0.263462 -0.273578 -0.277350 -0.272403 -0.273845 -0.276768 -0.268530
-0.276927 -0.278336 -0.275802 -0.275284 -0.277704 -0.278326 -0.278442 -0.278368 -0.275639 -0.262976
-0.262026 -0.266062 -0.259962 -0.266357 -0.261022 -0.261830 -0.244791 -0.273285 -0.273737 -0.277921
-0.270498 -0.234196 -0.239702 -0.275237 -0.278331 -0.275831 -0.252679 -0.269520 -0.276361 -0.275980
-0.272422 -0.261975 -0.269507 -0.265873 -0.260756 -0.262666 -0.258170 -0.258728 -0.264198 -0.268164
-0.269546 -0.266672 -0.269368 -0.271886 -0.273474 -0.268603 -0.254354 -0.249980 -0.157499 -0.215480
-0.278385 -0.262981 -0.277879 -0.270641 -0.270896 -0.276631 -0.272072 -0.264988 -0.265106 -0.271285
-0.273167 -0.272519 -0.271015 -0.264928 -0.267779 -0.248339 -0.243031 -0.231332 -0.201630 -0.260721
-0.175981 -0.257274 -0.275153 -0.276470 -0.278455 -0.273452 -0.261856 -0.269448 -0.278402 -0.278249
-0.278359 -0.277141 -0.277776 -0.272838 -0.273793 -0.274297 -0.270157 -0.276865 -0.278400 -0.277589
-0.277298 -0.278420 -0.272593 -0.265951 -0.252224 -0.273941 -0.230146 -0.264161 -0.268116 -0.278012
-0.273176 -0.233295 -0.231474 -0.278436 -0.269458 -0.267828 -0.263476 -0.274003 -0.278458 -0.278393
-0.278364 -0.277341 -0.278192 -0.278438 -0.273989 -0.278052 -0.265393 -0.236049 -0.233899 -0.251033
-0.276456 -0.276744 -0.271948 -0.278453 -0.278253 -0.275246 -0.256969 -0.251756 -0.204722 -0.256582
-0.277498 -0.276136 -0.269152 -0.271577 -0.277714 -0.278423 -0.278121 -0.278452 -0.278321 -0.278390
-0.277626 -0.278462 -0.278449 -0.274134 -0.277727 -0.261495 -0.240182 -0.272390 -0.277157 -0.214616
-0.180025 -0.278382 -0.227904 -0.225749 -0.273894 -0.278395 -0.278324 -0.271410 -0.250225 -0.262333
-0.270536 -0.268221 -0.250034 -0.225308 -0.274788 -0.270404 -0.244607 -0.163076 -0.090555 -0.195099
-0.251718 -0.241371 -0.207861 -0.230578 -0.232194 -0.247465 -0.256572 -0.195376 -0.216541 -0.198485
-0.179978 -0.162448 -0.157544 -0.269362 -0.278135 -0.270618 -0.263530 -0.252925 -0.232547 -0.207458
-0.221788 -0.232516 -0.242780 -0.243984 -0.257140 -0.259776 -0.242509 -0.267084 -0.234347 -0.256456
-0.268542 -0.243893 -0.231666 -0.250432 -0.256332 -0.264725 -0.256596 -0.241301 -0.198796 -0.187214
-0.188763 -0.182896 -0.122253 -0.200616 -0.238686 -0.278459 -0.275281 -0.275922 -0.268270 -0.273936
-0.240265 -0.259521 -0.249459 -0.229599 -0.253902 -0.244902 -0.232831 -0.278033 -0.275983 -0.202482
-0.144987 -0.276552 -0.204255 -0.242146 -0.270134 -0.268068 -0.269418 -0.263671 -0.252720 -0.262041
-0.242188 -0.230311 -0.243303 -0.234768 -0.278096 -0.266948 -0.223720 -0.118689 0.044492 -0.162651
-0.198674 -0.201503 -0.241010 -0.265693 -0.257739 -0.227594 -0.253309 -0.171102 -0.155761 -0.195115
-0.195017 -0.208514 -0.199063 -0.273299 -0.271210 -0.124182 -0.138005 -0.253744 -0.263802 -0.253863
-0.221778 -0.143180 -0.161102 -0.230801 -0.267446 -0.265065 -0.169441 -0.276921 -0.266077 -0.238562
-0.242441 -0.247714 -0.103167 -0.134692 -0.165776 -0.275786 -0.259533 -0.278464 -0.269170 -0.125145
-0.069620 -0.126974 -0.189247 -0.269507 -0.278119 -0.257009 -0.243423 -0.272361 -0.142622 -0.273740
-0.277963 -0.253157 -0.146580 -0.145187 -0.196714 -0.232625 -0.228637 -0.267596 -0.259739 -0.186264
-0.135927 -0.275504 -0.221307 -0.233988 -0.257138 -0.253416 -0.229097 -0.237495 -0.248340 -0.259972
-0.229179 -0.237829 -0.266296 -0.265762 -0.278284 -0.270590 -0.243655 -0.173871 0.055925 0.016265
0.017789 -0.193338 -0.269975 -0.275917 -0.276111 -0.264268 -0.188937 -0.068534 -0.140575 -0.173554
-0.171904 -0.243986 -0.209459 -0.278244 -0.247719 -0.244486 -0.147559 -0.263530 -0.276246 -0.262211
-0.209374 -0.018812 0.082630 -0.082867 -0.132235 -0.200017 -0.090960 -0.256298 -0.277783 -0.263556
-0.171906 -0.256189 -0.227808 -0.148009 -0.007114 -0.241461 -0.274982 -0.277354 -0.277262 -0.245191
-0.163171 -0.138082 0.182450 -0.061508 -0.266899 -0.266745 -0.200690 -0.229652 -0.136526 -0.242230
-0.277347 -0.275179 -0.214466 -0.194366 -0.217028 -0.246758 -0.214881 -0.277653 -0.267515 -0.180728
-0.122324 -0.272246 -0.241555 -0.240892 -0.244753 -0.233603 -0.238482 -0.163142 -0.249536 -0.265065
-0.223428 -0.259545 -0.243561 -0.258513 -0.260700 -0.190580 -0.213639 -0.205058 0.076780 0.134635
0.196612 -0.108336 -0.242723 -0.235056 -0.228921 -0.136692 0.041481 0.086418 0.021258 -0.043667
0.082885 -0.097103 -0.128890 -0.271150 -0.278360 -0.206947 -0.108999 -0.225161 -0.261318 -0.231962
-0.167671 0.161208 0.201313 0.036466 0.044516 0.100689 0.073333 -0.062060 0.035211 -0.178668
-0.276774 -0.275604 -0.173149 -0.024188 0.098669 -0.191583 -0.158033 -0.027320 -0.173814 -0.163239
0.004250 0.096328 0.751360 0.713221 -0.223383 -0.278379 -0.206947 -0.202829 -0.122713 -0.217752
-0.272878 -0.276902 -0.236763 -0.225214 -0.222962 -0.258118 -0.233311 -0.278314 -0.270061 -0.183060
-0.130917 -0.274784 -0.239872 -0.235494 -0.224392 -0.251925 -0.265980 -0.272811 -0.278210 -0.192539
-0.200727 -0.240342 -0.263292 -0.270986 -0.249178 -0.130394 -0.178197 -0.216910 -0.107140 -0.205457
-0.212880 -0.224393 -0.237901 -0.206534 -0.191758 -0.155758 -0.017382 0.138915 0.052325 0.087589
0.267795 -0.110523 -0.241440 -0.247259 -0.269640 -0.209959 -0.060890 -0.212624 -0.234092 -0.115076
-0.076114 0.036852 0.031164 -0.054682 0.024237 0.008809 -0.167760 -0.277923 -0.264347 -0.263664
-0.278202 -0.278436 -0.075761 0.005970 0.024188 -0.199436 -0.267094 -0.198150 -0.174431 -0.095588
0.027279 0.085470 0.200587 -0.092001 -0.272879 -0.269947 -0.238854 -0.246786 -0.085821 -0.179863
-0.277869 -0.277748 -0.211362 -0.176382 -0.221477 -0.272997 -0.248469 -0.278241 -0.272519 -0.186004
-0.135129 -0.273633 -0.230296 -0.184922 -0.097319 -0.177915 -0.177101 -0.271875 -0.266635 -0.182357
-0.262587 -0.272639 -0.276457 -0.270672 -0.217944 -0.194192 -0.227711 -0.211036 -0.124214 -0.198601
-0.212063 -0.242520 -0.219087 -0.048075 -0.115920 -0.170284 -0.087194 0.010781 -0.041382 0.013222
-0.071024 -0.237996 -0.266337 -0.250648 -0.276566 -0.277134 -0.242758 -0.261892 -0.242250 -0.176276
-0.072518 0.112938 0.059213 -0.138705 -0.160651 -0.195770 -0.255650 -0.242833 -0.191179 -0.183940
-0.224610 -0.276099 -0.134141 -0.002848 -0.088943 -0.251713 -0.278461 -0.272878 -0.221759 -0.118759
-0.038904 0.031985 0.267100 -0.255011 -0.252933 -0.216316 -0.237538 -0.263091 -0.155463 -0.254078
-0.277232 -0.277572 -0.240732 -0.205173 -0.232880 -0.277884 -0.249378 -0.278460 -0.275658 -0.193939
-0.124573 -0.272135 -0.224137 -0.182000 -0.130498 -0.273711 -0.208169 -0.276134 -0.274442 -0.278459
-0.277330 -0.265778 -0.261799 -0.265291 -0.244502 -0.258160 -0.258983 -0.227371 -0.237132 -0.252483
-0.248781 -0.235532 -0.166588 0.091258 0.112717 0.101000 0.062244 -0.013172 -0.143116 0.013749
-0.053480 -0.218157 -0.185832 -0.253437 -0.259176 -0.276841 -0.254502 -0.230822 -0.138328 -0.214245
-0.169903 -0.101553 -0.123578 -0.206416 -0.188194 -0.194571 -0.278231 -0.266383 -0.265117 -0.255737
-0.267395 -0.270083 -0.225954 -0.215177 -0.209812 -0.255819 -0.276647 -0.253051 -0.220320 -0.245848
-0.242551 -0.146842 0.122211 -0.251510 -0.237204 -0.230221 -0.265272 -0.272457 -0.231474 -0.273440
-0.278266 -0.273657 -0.241908 -0.194077 -0.247513 -0.278453 -0.263996 -0.277341 -0.276224 -0.193461
-0.145072 -0.268359 -0.228815 -0.192902 -0.174922 -0.272666 -0.163424 -0.023035 -0.164105 -0.263094
-0.271777 -0.231940 -0.194374 -0.151762 -0.030572 -0.186079 -0.256323 -0.260044 -0.233252 -0.232970
-0.265173 -0.226074 -0.028249 -0.041133 -0.139572 -0.018591 0.134892 -0.019308 -0.087426 0.250313
0.624171 0.129145 -0.111446 -0.254436 -0.247911 -0.262630 -0.205510 -0.064355 0.023675 -0.130589
-0.196498 -0.165332 -0.212102 -0.208115 -0.189371 -0.157383 -0.247476 -0.269462 -0.254235 -0.269675
-0.278078 -0.251159 -0.209724 -0.153413 -0.172075 -0.246714 -0.275653 -0.233946 -0.192659 -0.239709
-0.238097 -0.135534 -0.027484 -0.273612 -0.267712 -0.269409 -0.275946 -0.273150 -0.231362 -0.267181
-0.273794 -0.269413 -0.233265 -0.196705 -0.254162 -0.277711 -0.263465 -0.275127 -0.272847 -0.204264
-0.123406 -0.256711 -0.231316 -0.221481 -0.251764 -0.273239 -0.219482 0.056197 0.139057 -0.127898
-0.098717 -0.249457 -0.274068 -0.267916 -0.221355 -0.203953 -0.212834 -0.234950 -0.216401 -0.142017
-0.198045 -0.179985 0.056825 -0.009697 -0.261711 -0.271557 -0.148412 -0.205794 -0.249155 -0.170930
0.013556 -0.052936 -0.232458 -0.277147 -0.233951 -0.234293 -0.205926 -0.053857 -0.054351 -0.179238
-0.267237 -0.216984 -0.252834 -0.268588 -0.261250 -0.270758 -0.274229 -0.245584 -0.170109 -0.257289
-0.278464 -0.210214 -0.152526 -0.182521 -0.157858 -0.237627 -0.264926 -0.219200 -0.196476 -0.217630
-0.193273 -0.072475 -0.098931 -0.277472 -0.278453 -0.278443 -0.268134 -0.251809 -0.256956 -0.256244
-0.262198 -0.272801 -0.267992 -0.245212 -0.250979 -0.271447 -0.265826 -0.275329 -0.267402 -0.198741
-0.110900 -0.267958 -0.254346 -0.249714 -0.263678 -0.266809 -0.196753 0.004599 -0.107454 -0.230306
-0.194759 -0.210252 -0.275947 -0.277484 -0.273605 -0.264029 -0.196988 -0.192708 -0.170969 -0.187577
-0.193618 -0.168248 -0.092840 -0.184568 -0.265990 -0.278463 -0.276490 -0.277205 -0.277132 -0.266995
-0.210477 -0.266696 -0.275448 -0.258927 -0.258129 -0.275876 -0.105388 0.074381 0.056158 -0.142143
-0.278441 -0.272672 -0.263477 -0.271429 -0.240560 -0.234848 -0.218111 -0.123892 0.084030 -0.129814
-0.189366 -0.226184 -0.276541 -0.263327 -0.236360 -0.202649 -0.181129 -0.188607 -0.255051 -0.242875
-0.154100 -0.126501 -0.094873 -0.256468 -0.275895 -0.278254 -0.251662 -0.239617 -0.265626 -0.266128
-0.266331 -0.271420 -0.265910 -0.231565 -0.239283 -0.271177 -0.254251 -0.278290 -0.264365 -0.191422
-0.111603 -0.272987 -0.262379 -0.259001 -0.251662 -0.238539 -0.048656 -0.088785 -0.204992 -0.271370
-0.278430 -0.278462 -0.276536 -0.276598 -0.253195 -0.248136 -0.240921 -0.211048 -0.070594 -0.011802
-0.026642 0.077578 0.232273 -0.240276 -0.232076 -0.278017 -0.262422 -0.273101 -0.276055 -0.270059
-0.199348 -0.236063 -0.269611 -0.278017 -0.278353 -0.232831 -0.173753 -0.209965 -0.118122 -0.126316
-0.278244 -0.270866 -0.271372 -0.255736 -0.228536 -0.250342 -0.222772 -0.161184 -0.169212 -0.258349
-0.116563 -0.095244 -0.260135 -0.263830 -0.275422 -0.250573 -0.191068 -0.188390 -0.246850 -0.256595
-0.205523 -0.150026 -0.065121 -0.224333 -0.270155 -0.277371 -0.259387 -0.249399 -0.256126 -0.271723
-0.278320 -0.277752 -0.267167 -0.188798 -0.195996 -0.273017 -0.261795 -0.278462 -0.262802 -0.186024
-0.116056 -0.265822 -0.261837 -0.266934 -0.273365 -0.277215 -0.094312 -0.165644 -0.234881 -0.252143
-0.277617 -0.258255 -0.277432 -0.267020 -0.258419 -0.261806 -0.239568 -0.198699 -0.024385 0.098362
-0.066327 -0.002410 -0.081958 -0.262114 -0.241274 -0.271986 -0.269213 -0.244428 -0.257188 -0.225524
-0.161658 -0.208359 -0.220404 -0.263341 -0.278453 -0.224671 -0.195759 -0.236576 -0.084573 -0.032349
-0.275526 -0.276094 -0.276182 -0.205981 -0.200997 -0.205999 -0.103184 -0.024956 -0.153969 -0.189429
-0.116059 -0.079438 -0.157130 -0.222461 -0.271205 -0.264172 -0.231276 -0.203836 -0.198789 -0.181649
-0.165690 -0.128450 -0.001384 -0.180947 -0.274090 -0.276651 -0.248226 -0.244492 -0.254380 -0.269666
-0.277841 -0.278339 -0.275153 -0.222982 -0.230278 -0.270199 -0.262859 -0.278440 -0.268426 -0.186252
-0.111385 -0.268887 -0.186907 -0.246639 -0.267761 -0.268899 -0.244957 -0.273937 -0.270665 -0.232285
-0.264275 -0.268164 -0.277042 -0.272228 -0.266907 -0.262566 -0.245241 -0.215093 -0.170880 -0.175394
-0.158507 -0.207467 -0.260879 -0.276428 -0.255206 -0.274047 -0.215267 -0.189557 -0.227312 -0.209553
-0.168654 -0.194187 -0.223615 -0.253374 -0.278219 -0.276543 -0.253422 -0.264424 -0.211127 -0.257084
-0.263271 -0.275444 -0.233127 -0.150107 -0.225948 -0.071825 0.049487 -0.122801 -0.277186 -0.248522
-0.166717 -0.220953 -0.217192 -0.212589 -0.276936 -0.257822 -0.211371 -0.218033 -0.170108 -0.156221
-0.155304 0.012166 0.398813 0.157417 -0.145439 -0.278397 -0.219991 -0.200667 -0.277878 -0.278366
-0.278450 -0.275374 -0.241814 -0.176707 -0.243739 -0.278250 -0.271114 -0.276938 -0.271929 -0.190203
-0.107068 -0.274105 -0.194033 -0.272454 -0.249792 -0.232131 -0.271006 -0.200669 -0.193653 -0.249685
-0.277127 -0.278217 -0.271396 -0.274593 -0.272195 -0.266462 -0.243925 -0.246016 -0.232308 -0.278202
-0.275280 -0.255233 -0.278462 -0.272120 -0.256161 -0.278358 -0.222065 -0.183819 -0.208453 -0.176029
-0.137829 -0.207967 -0.221014 -0.265946 -0.276987 -0.259212 -0.250994 -0.277352 -0.234923 -0.277558
-0.278453 -0.254850 -0.054698 -0.213219 -0.278462 -0.042818 -0.175935 -0.269351 -0.249533 -0.278350
-0.274302 -0.277844 -0.276783 -0.273517 -0.264708 -0.278125 -0.211943 -0.184196 -0.135118 -0.197785
-0.225361 -0.005624 0.208397 -0.108149 -0.246249 -0.274480 -0.223510 -0.204067 -0.278432 -0.276635
-0.277718 -0.260646 -0.176117 -0.096567 -0.227932 -0.278461 -0.271379 -0.276057 -0.262712 -0.190385
-0.109676 -0.273997 -0.092525 -0.263825 -0.266750 -0.276508 -0.278259 -0.250833 -0.226505 -0.276269
-0.265174 -0.267520 -0.274837 -0.278455 -0.267805 -0.262479 -0.262514 -0.268920 -0.238298 -0.278258
-0.275837 -0.270841 -0.277577 -0.273247 -0.277397 -0.276836 -0.276254 -0.246613 -0.250221 -0.232105
-0.229412 -0.254839 -0.275145 -0.274796 -0.270271 -0.278241 -0.268541 -0.269277 -0.262907 -0.263061
-0.273005 -0.252784 0.127862 0.051213 -0.108307 0.101029 -0.023396 -0.272424 -0.276241 -0.278464
-0.271783 -0.273343 -0.277384 -0.278162 -0.216722 -0.251124 -0.264920 -0.221252 -0.151211 -0.191671
-0.210526 -0.018385 0.180079 -0.177979 -0.156685 -0.278328 -0.202834 -0.118078 -0.278088 -0.275835
-0.277388 -0.275562 -0.243628 -0.161768 -0.240863 -0.274212 -0.262681 -0.277724 -0.267948 -0.194254
-0.120664 -0.275075 -0.166131 -0.264625 -0.276569 -0.252930 -0.214693 -0.265531 -0.276226 -0.277155
-0.276156 -0.272492 -0.273679 -0.275280 -0.268948 -0.269001 -0.269453 -0.278423 -0.271478 -0.276797
-0.277050 -0.274944 -0.278422 -0.263667 -0.275503 -0.272908 -0.268691 -0.247266 -0.261485 -0.263846
-0.265722 -0.275618 -0.275802 -0.278280 -0.278241 -0.277988 -0.277278 -0.269097 -0.264518 -0.245834
-0.249774 -0.238401 0.076795 -0.038164 0.470834 0.701113 0.330694 -0.263775 -0.173584 0.047317
-0.213794 -0.244055 0.017771 -0.160266 -0.256370 -0.223886 -0.261189 -0.180961 -0.109975 -0.141719
-0.194218 0.141873 0.401923 -0.069374 -0.115168 -0.278464 -0.195571 -0.079665 -0.274148 -0.276658
-0.278140 -0.272991 -0.200023 -0.155562 -0.249798 -0.278262 -0.271458 -0.274464 -0.263075 -0.200543
-0.112744 -0.254841 -0.260165 -0.272416 -0.275081 -0.278107 -0.275537 -0.222580 -0.246400 -0.277061
-0.272894 -0.275332 -0.277842 -0.266688 -0.246362 -0.266223 -0.262010 -0.268201 -0.275933 -0.272419
-0.278307 -0.274170 -0.277518 -0.275780 -0.277858 -0.276355 -0.276388 -0.264521 -0.270064 -0.271323
-0.275751 -0.276565 -0.275066 -0.277792 -0.278325 -0.266685 -0.265907 -0.272793 -0.277180 -0.259985
-0.258898 -0.251856 -0.045459 -0.128256 -0.083871 0.257623 -0.086323 -0.271681 -0.259139 -0.226378
-0.235084 -0.251112 -0.106176 -0.201474 -0.267982 -0.202655 -0.233620 -0.023937 -0.096543 -0.136646
-0.198506 0.026692 0.288749 -0.107471 -0.239623 -0.263510 -0.177429 -0.095516 -0.277770 -0.273059
-0.277526 -0.270778 -0.236457 -0.160303 -0.230008 -0.274552 -0.266895 -0.277308 -0.268179 -0.205292
-0.106029 -0.242655 -0.268096 -0.276442 -0.277576 -0.278178 -0.256249 -0.206417 -0.266408 -0.276151
-0.252466 -0.278369 -0.268585 -0.272481 -0.246994 -0.274640 -0.261559 -0.234246 -0.267462 -0.278354
-0.264596 -0.273642 -0.269947 -0.260751 -0.278299 -0.278234 -0.278424 -0.276819 -0.274726 -0.275772
-0.277708 -0.278450 -0.273762 -0.278221 -0.271652 -0.263891 -0.271897 -0.271728 -0.278260 -0.275658
-0.255238 -0.219721 -0.106112 -0.198290 -0.274172 -0.277890 -0.274447 -0.262531 -0.238184 -0.204604
-0.232348 -0.262461 -0.262461 -0.270527 -0.262234 -0.277247 -0.090257 -0.039125 -0.176847 -0.168215
-0.182802 0.048666 0.467834 -0.046959 -0.275710 -0.206885 -0.158651 -0.117220 -0.277425 -0.273393
-0.276407 -0.277241 -0.257444 -0.201949 -0.203035 -0.263411 -0.262045 -0.278276 -0.274057 -0.207016
-0.108700 -0.270188 -0.244311 -0.265526 -0.278417 -0.278437 -0.210441 -0.210031 -0.218509 -0.276897
-0.236451 -0.275438 -0.221966 -0.260296 -0.263662 -0.274680 -0.263332 -0.252973 -0.268836 -0.278341
-0.234484 -0.266529 -0.276165 -0.271270 -0.277932 -0.278229 -0.277870 -0.277538 -0.277912 -0.278380
-0.278389 -0.278052 -0.278435 -0.278267 -0.277926 -0.278014 -0.276353 -0.275449 -0.268949 -0.278187
-0.265223 -0.236990 -0.100186 -0.099417 -0.232409 -0.275177 -0.278356 -0.277244 -0.258965 -0.242055
-0.260908 -0.278464 -0.259764 -0.277265 -0.277342 -0.233989 -0.179096 -0.146084 -0.207227 -0.220944
-0.208491 -0.038703 0.219080 -0.141882 -0.268902 -0.233750 -0.194179 -0.118229 -0.276416 -0.275364
-0.277884 -0.276759 -0.261830 -0.169545 -0.195964 -0.254115 -0.266570 -0.276342 -0.275135 -0.203255
-0.104932 -0.276686 -0.233647 -0.260828 -0.277155 -0.268114 -0.021536 -0.199656 -0.270079 -0.275252
-0.235095 -0.278381 -0.148350 -0.252761 -0.270733 -0.271497 -0.248008 -0.264895 -0.277526 -0.252381
-0.242575 -0.278093 -0.274212 -0.278428 -0.275120 -0.276991 -0.277656 -0.277910 -0.278434 -0.278413
-0.278106 -0.277978 -0.276886 -0.278367 -0.264978 -0.193558 -0.237911 -0.246482 -0.209760 -0.266388
-0.276870 -0.267849 -0.108322 -0.086985 -0.245395 -0.265119 -0.273554 -0.272565 -0.273210 -0.278205
-0.277445 -0.262992 -0.252795 -0.270408 -0.276376 -0.214879 -0.164137 -0.121432 -0.173882 -0.215600
-0.216551 -0.139584 0.070253 -0.185815 -0.243696 -0.259454 -0.192904 -0.133805 -0.274437 -0.270737
-0.278341 -0.277598 -0.256389 -0.175154 -0.193286 -0.239055 -0.264834 -0.273685 -0.258505 -0.215782
-0.112832 -0.268163 -0.240842 -0.258505 -0.273883 -0.234215 0.151089 -0.154547 -0.274149 -0.258190
-0.217201 -0.273095 -0.028557 -0.259981 -0.278285 -0.276401 -0.262507 -0.267971 -0.278448 -0.253896
-0.255745 -0.272948 -0.278430 -0.276598 -0.278039 -0.277086 -0.278304 -0.268527 -0.266118 -0.275557
-0.276110 -0.276213 -0.275567 -0.268210 -0.247837 -0.268847 -0.276951 -0.243928 -0.221360 -0.264853
-0.278344 -0.278073 -0.216099 -0.217339 -0.265848 -0.271167 -0.251911 -0.194044 -0.215060 -0.265662
-0.248517 -0.234491 -0.235469 -0.266047 -0.278329 -0.250727 -0.180817 -0.107209 -0.150950 -0.236428
-0.245424 -0.165036 -0.167151 -0.278297 -0.277505 -0.253594 -0.171010 -0.167217 -0.259377 -0.266957
-0.277576 -0.278267 -0.265394 -0.171833 -0.206307 -0.241869 -0.248306 -0.278163 -0.262753 -0.204080
-0.138037 -0.260443 -0.253360 -0.256382 -0.270278 -0.208895 0.057376 -0.190274 -0.248144 -0.270087
-0.232326 -0.274978 -0.111981 -0.270148 -0.278240 -0.267549 -0.242336 -0.266604 -0.277948 -0.255158
-0.264655 -0.274912 -0.278256 -0.275815 -0.277733 -0.277708 -0.276272 -0.278255 -0.249156 -0.154147
-0.239637 -0.278076 -0.278225 -0.263279 -0.254047 -0.278179 -0.246666 -0.248441 -0.267972 -0.277655
-0.278450 -0.278391 -0.261345 -0.269467 -0.277869 -0.263178 -0.211759 -0.130558 -0.165359 -0.205176
-0.155835 -0.207899 -0.199467 -0.248661 -0.277157 -0.204075 -0.237886 -0.250682 -0.165831 -0.240721
-0.271634 -0.193356 -0.134469 -0.263508 -0.226951 -0.233985 -0.224976 -0.265146 -0.222684 -0.259965
-0.278242 -0.278248 -0.266133 -0.183191 -0.166321 -0.241527 -0.244026 -0.276920 -0.259124 -0.208848
-0.138930 -0.263743 -0.255351 -0.251273 -0.274434 -0.249761 0.090169 -0.250743 -0.261393 -0.261498
-0.234351 -0.264576 -0.197993 -0.243617 -0.277771 -0.278072 -0.250376 -0.231045 -0.273926 -0.260931
-0.265884 -0.274650 -0.276028 -0.271414 -0.276926 -0.278338 -0.277947 -0.277327 -0.202587 -0.177207
0.138114 -0.106794 -0.278354 -0.275917 -0.277914 -0.278093 -0.255037 -0.256010 -0.277858 -0.276488
-0.278457 -0.278445 -0.267020 -0.259848 -0.266182 -0.247557 -0.251859 -0.244475 -0.270235 -0.237463
-0.009585 -0.129300 -0.044070 -0.235118 -0.276844 -0.267841 -0.273799 -0.274828 -0.172927 -0.233814
-0.273918 -0.225794 -0.196225 -0.277215 -0.256694 -0.263068 -0.277684 -0.277027 -0.271466 -0.277976
-0.277422 -0.278444 -0.270282 -0.209544 -0.203672 -0.249335 -0.230538 -0.278370 -0.257994 -0.185918
-0.125989 -0.275594 -0.217231 -0.236373 -0.268924 -0.221654 0.485506 -0.273634 -0.256610 -0.235107
-0.234384 -0.271384 -0.218780 -0.232285 -0.271033 -0.272319 -0.248010 -0.217857 -0.258317 -0.276156
-0.272629 -0.268371 -0.275676 -0.274218 -0.274806 -0.252201 -0.254735 -0.215535 -0.278464 -0.269322
-0.277790 -0.217075 -0.223335 -0.260848 -0.272589 -0.272441 -0.269150 -0.278355 -0.276788 -0.269219
-0.277155 -0.271036 -0.275904 -0.266762 -0.262007 -0.234787 -0.196946 -0.132088 -0.263318 -0.186746
-0.065955 -0.253209 -0.222793 -0.266268 -0.275334 -0.259300 -0.213037 -0.166623 -0.124780 -0.236280
-0.266055 -0.219331 -0.259378 -0.277005 -0.270929 -0.277996 -0.258424 -0.262933 -0.262709 -0.272846
-0.278355 -0.277972 -0.274883 -0.242586 -0.230464 -0.241267 -0.237351 -0.278086 -0.273217 -0.186117
-0.115754 -0.275010 -0.228510 -0.254589 -0.261878 -0.226019 0.439539 -0.267411 -0.243616 -0.217923
-0.253670 -0.276569 -0.119283 -0.239572 -0.276091 -0.246235 -0.243659 -0.252251 -0.278263 -0.277335
-0.278217 -0.274611 -0.273178 -0.275288 -0.277593 -0.240041 -0.168861 0.513882 -0.216922 -0.054136
-0.004946 -0.138903 -0.016801 -0.105046 -0.220763 -0.268598 -0.278311 -0.276812 -0.276407 -0.274660
-0.276507 -0.277826 -0.278328 -0.237259 -0.239647 -0.204409 -0.120756 0.024957 -0.158362 -0.086072
-0.047673 -0.261987 -0.273446 -0.278401 -0.273727 -0.219131 -0.020985 -0.008122 -0.100838 -0.210667
-0.236143 -0.219171 -0.161900 -0.245593 -0.277806 -0.277153 -0.254982 -0.276876 -0.276695 -0.277499
-0.278458 -0.278209 -0.272978 -0.244931 -0.233341 -0.243594 -0.237632 -0.276400 -0.271591 -0.180951
-0.132750 -0.263068 -0.234769 -0.257927 -0.267812 -0.250531 0.097707 -0.275980 -0.255549 -0.225243
-0.255543 -0.277249 -0.034713 -0.179159 -0.274588 -0.250748 -0.232304 -0.209862 -0.271093 -0.278340
-0.270658 -0.270551 -0.277631 -0.276339 -0.277965 -0.262808 -0.176954 0.925898 0.296833 1.266557
3.398941 0.015733 -0.024146 -0.084653 -0.198128 -0.274940 -0.278461 -0.278389 -0.278014 -0.277706
-0.278425 -0.278104 -0.278160 -0.252098 -0.237753 -0.214491 -0.115336 -0.167069 -0.243885 -0.238790
-0.243885 -0.242390 -0.243137 -0.268247 -0.277149 -0.247738 -0.082784 -0.155177 -0.180346 -0.209145
-0.219505 -0.144357 0.042952 -0.162622 -0.278197 -0.276001 -0.277833 -0.278372 -0.277712 -0.278091
-0.278144 -0.278461 -0.270558 -0.236245 -0.231949 -0.246621 -0.229826 -0.273334 -0.271909 -0.175884
-0.124342 -0.262452 -0.237033 -0.255118 -0.262980 -0.215123 0.277509 -0.270061 -0.268853 -0.254338
-0.254631 -0.277127 -0.188063 -0.223556 -0.275496 -0.259426 -0.201206 -0.180813 -0.257019 -0.276674
-0.266587 -0.275990 -0.278433 -0.274302 -0.277284 -0.277426 -0.275287 -0.266365 -0.278047 0.841199
3.785905 0.847010 -0.076285 -0.120991 -0.233659 -0.278370 -0.278464 -0.277953 -0.271601 -0.249951
-0.231316 -0.270463 -0.278344 -0.270671 -0.245659 -0.195057 0.010742 -0.045904 -0.172586 -0.247621
-0.277089 -0.278185 -0.276475 -0.276198 -0.276168 -0.228958 -0.075122 -0.147545 -0.202399 -0.241219
-0.230539 -0.141762 0.130553 -0.122246 -0.227336 -0.271748 -0.271768 -0.262562 -0.277720 -0.278106
-0.278456 -0.278145 -0.262868 -0.198355 -0.193451 -0.221822 -0.222693 -0.270810 -0.262640 -0.171373
-0.104194 -0.274098 -0.195017 -0.244997 -0.251267 -0.233398 0.005665 -0.278056 -0.271181 -0.269050
-0.264811 -0.258599 -0.236735 -0.252755 -0.226128 -0.243875 -0.251038 -0.233315 -0.265769 -0.278464
-0.274290 -0.277394 -0.278359 -0.272638 -0.276938 -0.278092 -0.273465 -0.272401 -0.233289 0.036671
-0.046937 -0.266064 -0.187225 -0.278008 -0.264058 -0.277009 -0.277196 -0.268037 -0.231644 -0.216240
-0.238584 -0.265035 -0.277889 -0.267284 -0.234489 -0.194861 0.083992 -0.090848 -0.114418 -0.182445
-0.252811 -0.277989 -0.278339 -0.267548 -0.240094 -0.202964 -0.069479 -0.079602 -0.184258 -0.225025
-0.213262 -0.210286 -0.145061 -0.271437 -0.241261 -0.193963 -0.275334 -0.259246 -0.270932 -0.267775
-0.275171 -0.278172 -0.258801 -0.176256 -0.184888 -0.223181 -0.250324 -0.271099 -0.267253 -0.170688
-0.131734 -0.277021 -0.188530 -0.227246 -0.260524 -0.215059 0.033049 -0.275784 -0.277099 -0.276776
-0.276979 -0.199279 -0.041306 -0.168130 -0.164720 -0.238210 -0.263962 -0.272540 -0.278401 -0.265720
-0.272628 -0.278083 -0.278449 -0.269124 -0.275907 -0.278308 -0.272554 -0.232886 -0.233821 -0.260783
-0.278391 -0.278449 -0.278262 -0.276954 -0.274140 -0.262329 -0.245434 -0.246311 -0.242424 -0.240834
-0.263069 -0.270133 -0.269539 -0.242717 -0.212294 -0.197409 0.010743 -0.184292 -0.221119 -0.246047
-0.255977 -0.267208 -0.250996 -0.223624 -0.145709 -0.064650 -0.050114 -0.089647 -0.200301 -0.189361
-0.137590 -0.010787 0.168685 -0.199729 -0.224348 -0.265738 -0.268329 -0.246099 -0.277444 -0.272129
-0.276326 -0.276624 -0.260860 -0.175722 -0.170653 -0.215642 -0.257820 -0.273574 -0.273456 -0.178062
-0.145746 -0.273206 -0.238509 -0.227587 -0.257483 -0.202703 0.135633 -0.247706 -0.277606 -0.235796
-0.199463 -0.229630 -0.277957 -0.254147 -0.191450 -0.252799 -0.253222 -0.274740 -0.268524 -0.265167
-0.277679 -0.275597 -0.278457 -0.269243 -0.268845 -0.278326 -0.276460 -0.260302 -0.239914 -0.239092
-0.275470 -0.270857 -0.278464 -0.266475 -0.270450 -0.262414 -0.237438 -0.238758 -0.263733 -0.262360
-0.274673 -0.278464 -0.278229 -0.261704 -0.233566 -0.189605 -0.044753 -0.201817 -0.267836 -0.262804
-0.268037 -0.263428 -0.231423 -0.235885 -0.128474 -0.061775 -0.155565 -0.121480 -0.130804 -0.151636
-0.179528 -0.161985 -0.085616 -0.228058 -0.173055 -0.271210 -0.243547 -0.209558 -0.277937 -0.274639
-0.277926 -0.275052 -0.265976 -0.208353 -0.188328 -0.244265 -0.274825 -0.277909 -0.275064 -0.202445
-0.123372 -0.274361 -0.225134 -0.250251 -0.271446 -0.211100 0.325939 -0.193687 -0.278175 -0.238488
-0.064366 -0.086803 -0.248736 -0.232151 -0.098700 -0.200935 -0.243047 -0.278391 -0.202788 -0.153833
-0.277545 -0.277847 -0.278226 -0.271144 -0.270378 -0.277181 -0.278357 -0.273381 -0.270106 -0.254248
-0.252799 -0.259431 -0.265961 -0.265889 -0.198300 -0.073983 -0.262964 -0.276276 -0.277208 -0.273571
-0.273860 -0.276600 -0.261265 -0.222899 -0.248156 -0.244438 -0.193792 -0.235343 -0.269459 -0.234545
-0.215129 -0.244489 -0.243066 -0.225901 -0.196821 -0.177417 -0.204645 -0.150611 -0.099834 -0.142174
-0.176592 -0.045305 0.121120 -0.126757 -0.131534 -0.264335 -0.248129 -0.163507 -0.275631 -0.276104
-0.272736 -0.269869 -0.264205 -0.183516 -0.209614 -0.267460 -0.277434 -0.275888 -0.277140 -0.227592
-0.108573 -0.271090 -0.224488 -0.263936 -0.262714 -0.186119 0.329133 -0.114477 -0.211221 -0.134404
0.121271 0.361138 0.239300 0.616572 0.842068 0.117703 -0.113864 -0.271308 -0.216113 -0.129339
-0.253026 -0.274326 -0.278052 -0.277122 -0.277223 -0.277913 -0.278455 -0.278460 -0.270123 -0.267497
-0.267114 -0.274299 -0.265852 -0.254580 -0.169714 -0.270273 -0.274489 -0.258766 -0.275833 -0.278374
-0.266992 -0.266746 -0.230122 -0.190999 -0.229867 -0.252020 -0.192201 -0.233946 -0.262988 -0.243464
-0.204128 -0.198724 -0.218590 -0.240086 -0.257411 -0.232826 -0.181955 -0.143753 -0.154282 -0.171704
-0.166647 0.056070 0.233722 -0.067653 -0.212641 -0.269147 -0.268666 -0.163920 -0.277163 -0.277511
-0.270091 -0.269060 -0.268126 -0.189043 -0.226820 -0.276618 -0.278055 -0.272941 -0.276538 -0.224376
-0.112425 -0.273591 -0.245267 -0.267874 -0.270572 -0.237740 -0.060800 -0.275815 -0.267691 -0.200327
0.031397 -0.066756 -0.075429 0.093045 0.705635 0.664851 0.063279 -0.246281 -0.268975 -0.165627
-0.243912 -0.263727 -0.277876 -0.277927 -0.275085 -0.272854 -0.278384 -0.276124 -0.277160 -0.278316
-0.276965 -0.278086 -0.277245 -0.269407 -0.228600 -0.278380 -0.273068 -0.278319 -0.276794 -0.278251
-0.271019 -0.259136 -0.237301 -0.186732 -0.215799 -0.242598 -0.209563 -0.217094 -0.232922 -0.181569
-0.126057 -0.169368 -0.187330 -0.221050 -0.229638 -0.195194 -0.141449 -0.050094 -0.101409 -0.182131
-0.212158 -0.081810 0.006486 -0.214984 -0.275632 -0.272718 -0.225539 -0.171681 -0.257229 -0.272532
-0.269347 -0.267247 -0.266799 -0.211302 -0.237734 -0.274969 -0.271720 -0.278420 -0.276985 -0.225942
-0.114317 -0.277604 -0.214159 -0.265965 -0.277098 -0.251623 -0.065938 -0.274921 -0.277179 -0.155629
0.056358 -0.060030 -0.151375 -0.050111 0.298400 0.803104 0.211237 -0.228340 -0.253097 -0.144772
-0.232607 -0.249854 -0.277284 -0.277074 -0.260560 -0.248657 -0.273450 -0.277189 -0.271885 -0.278359
-0.276802 -0.278041 -0.277382 -0.278465 -0.276741 -0.278459 -0.278325 -0.275955 -0.278186 -0.275578
-0.265458 -0.252497 -0.250393 -0.208375 -0.217025 -0.248109 -0.243845 -0.250117 -0.208076 -0.103439
-0.099606 -0.196263 -0.211438 -0.218444 -0.204397 -0.178855 -0.155563 -0.029606 -0.113607 -0.140304
-0.176181 -0.079215 -0.081513 -0.277781 -0.247076 -0.239317 -0.232928 -0.248361 -0.245025 -0.271308
-0.272346 -0.273550 -0.271007 -0.226375 -0.261431 -0.278224 -0.272058 -0.276945 -0.277922 -0.232897
-0.114962 -0.278330 -0.193053 -0.241400 -0.273115 -0.242530 -0.138886 -0.242041 -0.246842 -0.039624
0.156323 0.313575 0.118794 0.097806 0.123422 0.026577 0.035557 -0.236410 -0.226479 -0.107190
-0.253738 -0.260806 -0.278039 -0.272847 -0.244662 -0.214206 -0.255045 -0.278001 -0.277030 -0.277074
-0.271849 -0.273559 -0.274032 -0.278139 -0.277853 -0.277642 -0.277860 -0.278108 -0.278074 -0.272785
-0.263355 -0.243118 -0.250953 -0.226150 -0.231836 -0.252925 -0.225399 -0.231690 -0.229722 -0.180655
-0.149086 -0.207427 -0.238076 -0.250683 -0.237297 -0.202485 -0.217917 -0.172441 -0.136070 -0.088148
-0.129468 -0.040461 -0.086335 -0.278273 -0.253183 -0.246526 -0.262715 -0.277320 -0.256749 -0.277778
-0.277431 -0.277740 -0.249005 -0.198191 -0.254994 -0.278060 -0.278266 -0.277918 -0.277256 -0.242348
-0.113041 -0.278425 -0.197476 -0.244768 -0.263447 -0.230154 -0.164879 -0.182754 -0.152823 -0.043448
0.282707 0.492886 0.177899 0.232464 0.753806 0.238752 -0.008545 -0.251436 -0.181249 -0.070140
-0.245826 -0.274418 -0.276354 -0.232190 -0.227473 -0.228232 -0.258118 -0.276717 -0.278374 -0.272370
-0.269043 -0.273157 -0.273795 -0.278054 -0.276906 -0.267431 -0.275496 -0.278391 -0.275128 -0.275277
-0.270954 -0.243666 -0.248879 -0.221751 -0.217139 -0.241879 -0.218092 -0.229222 -0.233901 -0.185594
-0.146323 -0.212670 -0.247882 -0.225301 -0.177198 -0.203587 -0.228928 -0.181752 -0.162292 -0.137689
-0.190873 -0.170396 -0.161525 -0.273741 -0.277453 -0.270477 -0.274424 -0.275580 -0.268162 -0.276351
-0.276878 -0.277891 -0.266544 -0.226293 -0.267756 -0.278016 -0.270985 -0.276767 -0.273257 -0.238763
-0.098523 -0.269035 -0.215388 -0.246779 -0.265841 -0.264349 -0.238623 -0.240839 -0.199402 -0.173339
-0.042668 -0.048082 -0.115527 -0.027171 0.031314 -0.070535 -0.211452 -0.278123 -0.132191 -0.079040
-0.278339 -0.225410 -0.242935 -0.174480 -0.182780 -0.170721 -0.208109 -0.276408 -0.277913 -0.278395
-0.277294 -0.278463 -0.275906 -0.274160 -0.273229 -0.274380 -0.271866 -0.278456 -0.277593 -0.270958
-0.270991 -0.244951 -0.219680 -0.191251 -0.190349 -0.201394 -0.121102 -0.194014 -0.237434 -0.173862
-0.143083 -0.196877 -0.229403 -0.201854 -0.063096 -0.189946 -0.203462 -0.177279 -0.218977 -0.205732
-0.213311 -0.097642 -0.017232 -0.230499 -0.269087 -0.275115 -0.278422 -0.276577 -0.255898 -0.271857
-0.278102 -0.275222 -0.263134 -0.229355 -0.270750 -0.272501 -0.276309 -0.278414 -0.278324 -0.243853
-0.095722 -0.272585 -0.255587 -0.253290 -0.259368 -0.253199 -0.187057 -0.156585 -0.186287 -0.222730
-0.158851 -0.136695 -0.179135 -0.173246 -0.230709 -0.274186 -0.256179 -0.221201 -0.250467 -0.274719
-0.231483 -0.251049 -0.247866 -0.249451 -0.270887 -0.216624 -0.128750 -0.276886 -0.275502 -0.277416
-0.269859 -0.278277 -0.258182 -0.278434 -0.262502 -0.277751 -0.275846 -0.276760 -0.277840 -0.271142
-0.260988 -0.226295 -0.217273 -0.229242 -0.232272 -0.200853 -0.096308 -0.235636 -0.262531 -0.166932
-0.107193 -0.173409 -0.182482 -0.082690 0.039107 -0.187693 -0.207541 -0.155700 -0.175681 -0.181839
-0.197066 -0.122114 -0.003758 -0.228440 -0.258810 -0.261414 -0.277960 -0.268466 -0.230477 -0.277763
-0.270356 -0.271983 -0.249281 -0.196408 -0.272702 -0.273218 -0.272625 -0.278245 -0.277516 -0.229526
-0.101814 -0.277154 -0.206733 -0.271394 -0.273249 -0.251091 -0.217508 -0.202278 -0.228011 -0.223646
-0.156592 -0.208996 -0.253543 -0.167737 -0.195888 -0.266330 -0.204917 -0.213880 -0.277237 -0.134967
-0.225690 -0.242755 -0.135591 -0.199313 -0.261131 -0.248345 -0.103048 -0.220627 -0.274521 -0.267811
-0.278451 -0.277549 -0.269487 -0.278440 -0.252559 -0.272955 -0.267377 -0.272005 -0.278431 -0.269975
-0.247680 -0.201256 -0.180316 -0.242882 -0.256243 -0.192030 -0.063629 -0.249087 -0.270286 -0.162667
-0.037876 -0.123271 -0.175974 -0.146363 -0.063782 -0.209008 -0.257611 -0.225017 -0.187400 -0.134341
-0.070224 0.015259 0.042919 -0.237611 -0.269319 -0.254382 -0.276452 -0.273381 -0.237116 -0.268124
-0.277562 -0.277578 -0.254230 -0.223688 -0.262713 -0.273124 -0.267986 -0.276903 -0.278187 -0.205571
-0.133712 -0.268165 -0.227791 -0.263496 -0.274300 -0.254565 -0.215907 -0.204701 -0.258960 -0.274717
-0.266819 -0.201149 -0.276544 -0.227031 0.060248 -0.012916 -0.278321 -0.278305 -0.174648 0.064373
0.036890 0.172361 0.248388 -0.101853 -0.189641 0.004680 0.278120 -0.109225 -0.165779 -0.164953
-0.206617 -0.214046 -0.217483 -0.257150 -0.258139 -0.242378 -0.193810 -0.244371 -0.271432 -0.265495
-0.253110 -0.226549 -0.225777 -0.244751 -0.239917 -0.155025 -0.071707 -0.219604 -0.234756 -0.073300
0.041823 -0.151188 -0.225534 -0.145712 -0.103074 -0.175518 -0.228088 -0.183938 -0.176640 -0.088058
-0.000983 -0.009547 -0.031295 -0.257829 -0.256765 -0.259363 -0.274227 -0.257181 -0.170437 -0.257421
-0.277810 -0.276455 -0.272600 -0.270378 -0.272258 -0.260844 -0.167214 -0.268395 -0.274849 -0.192996
-0.173473 -0.055772 -0.257251 -0.269178 -0.206509 -0.257323 -0.219572 -0.182077 -0.277735 -0.250650
-0.278130 -0.241790 -0.234941 -0.260370 -0.098889 0.260058 -0.203655 -0.219891 -0.129375 -0.228139
-0.256650 -0.107003 0.105679 -0.182495 -0.268361 -0.152251 -0.072295 -0.256631 -0.232144 -0.184503
0.097040 0.404139 0.089753 -0.180115 -0.160770 0.087235 -0.040360 -0.236803 -0.262500 -0.245849
-0.210767 -0.185257 -0.232474 -0.248872 -0.232171 -0.136352 -0.108249 -0.244887 -0.223435 0.011828
0.218516 -0.142434 -0.238449 -0.143753 -0.142666 -0.232320 -0.247973 -0.160782 -0.125948 0.021020
0.098727 -0.061165 0.081514 -0.169912 -0.269256 -0.276693 -0.278250 -0.274672 -0.201405 -0.267788
-0.269255 -0.278056 -0.258004 -0.231579 -0.228173 -0.231179 -0.155895 -0.244340 -0.260886 -0.167705
-0.106885 -0.261615 0.074574 -0.250527 -0.165483 -0.213881 -0.261774 -0.234271 -0.269159 -0.051492
0.494438 0.058476 -0.177720 -0.256927 -0.121587 -0.137556 -0.275487 -0.258755 -0.117798 -0.226100
-0.268864 -0.202433 -0.005456 -0.070265 -0.250057 -0.249868 -0.235133 -0.278461 -0.272942 -0.154876
0.354271 0.127342 -0.160042 -0.198988 -0.249540 -0.186896 -0.242621 -0.277483 -0.278067 -0.271777
-0.262382 -0.259203 -0.266710 -0.218857 -0.210429 -0.152767 -0.099444 -0.214400 -0.203510 0.004363
0.124340 -0.223637 -0.276011 -0.252161 -0.218169 -0.217856 -0.224177 -0.146721 -0.137090 -0.075115
-0.023939 0.156970 0.326297 -0.149936 -0.270371 -0.263499 -0.278403 -0.274502 -0.250844 -0.274344
-0.270520 -0.277481 -0.243695 -0.233539 -0.263034 -0.248462 -0.145081 -0.104269 -0.149063 -0.133290
-0.248898 -0.248056 -0.201837 -0.255760 0.112657 -0.244655 -0.188247 -0.170981 -0.171611 -0.224416
-0.276739 0.011121 0.013357 -0.274742 -0.265040 -0.095254 -0.254537 -0.271613 -0.258469 -0.188512
-0.231564 -0.166777 -0.027829 -0.191932 -0.228495 -0.189796 -0.216106 -0.251923 -0.235700 -0.018477
0.614632 0.031369 -0.139532 -0.115821 -0.141249 -0.102248 -0.111033 -0.178981 -0.242322 -0.254648
-0.269594 -0.273145 -0.277857 -0.274487 -0.221751 -0.104364 -0.014132 -0.171798 -0.119861 0.066812
0.132915 -0.191232 -0.276241 -0.264228 -0.215458 -0.093981 -0.066562 -0.110334 -0.106708 0.008636
0.011349 0.157833 0.198127 -0.232945 -0.278441 -0.268750 -0.278373 -0.277608 -0.238609 -0.275073
-0.276744 -0.265665 -0.163679 -0.164370 -0.259697 -0.242508 -0.102363 -0.255739 -0.156144 -0.122386
-0.224541 -0.069896 -0.227199 -0.206983 -0.050825 -0.011103 -0.163598 -0.223048 -0.278274 -0.277825
-0.084284 -0.072695 -0.173882 -0.231587 -0.278428 0.012475 -0.262585 -0.271385 -0.273999 -0.222448
-0.225539 -0.230995 -0.088031 -0.180116 -0.234541 -0.181672 -0.210519 -0.232664 -0.152282 0.033938
0.567194 0.200947 0.097955 0.089112 0.320968 0.490737 0.789817 0.746678 -0.053447 -0.149447
-0.144392 -0.212370 -0.277790 -0.276823 -0.232441 -0.101417 0.028836 -0.070226 -0.053694 0.124323
0.311866 -0.092682 -0.277270 -0.277422 -0.269134 -0.161334 -0.055466 -0.092758 -0.110680 0.044054
0.001103 0.042800 0.176730 -0.172712 -0.257503 -0.265189 -0.270881 -0.257693 -0.265914 -0.271396
-0.277467 -0.226826 -0.131924 -0.114793 -0.259524 -0.236837 -0.098453 -0.260140 -0.259794 -0.158036
-0.250125 -0.254963 -0.277246 -0.176538 -0.208127 -0.277589 -0.228979 -0.277913 -0.278051 -0.250146
-0.210537 -0.244639 -0.179968 -0.026639 -0.261696 -0.237282 -0.264654 -0.253036 -0.264128 -0.154800
-0.221500 -0.257741 -0.209844 -0.245387 -0.259757 -0.235476 -0.217423 -0.221912 -0.138791 0.013803
0.202312 -0.146878 -0.145460 -0.160043 -0.086850 -0.020198 0.382746 0.434022 0.050523 -0.194625
-0.206404 -0.164707 -0.249127 -0.240353 -0.144068 -0.041730 -0.070305 -0.165612 -0.170014 -0.028364
0.204787 -0.133297 -0.246421 -0.243953 -0.267604 -0.142232 0.034871 -0.016339 -0.040224 0.022723
-0.055970 -0.011051 0.022973 -0.227250 -0.243877 -0.278394 -0.228462 -0.137958 -0.278464 -0.247065
-0.247576 -0.170552 -0.128182 -0.157340 -0.243109 -0.240852 -0.167211 -0.154598 -0.252655 -0.140663
-0.200730 -0.201813 -0.158459 -0.229233 -0.256211 -0.029507 -0.278463 -0.216634 -0.265598 -0.233387
-0.271657 -0.116268 -0.173809 0.084946 -0.205016 -0.255853 -0.273326 -0.278434 -0.099473 -0.038573
-0.203461 -0.225489 -0.176347 -0.240585 -0.272120 -0.227331 -0.169585 -0.139717 -0.094863 0.002722
0.248306 -0.221268 -0.276414 -0.271538 -0.273777 -0.252677 -0.174233 -0.239307 -0.272019 -0.209285
-0.128940 -0.027193 -0.099212 -0.103298 -0.153769 -0.059435 -0.046431 -0.098460 -0.160732 0.074688
0.168591 -0.194728 -0.184362 -0.217536 -0.273539 -0.190298 -0.007208 -0.143483 -0.198893 -0.156372
-0.085355 -0.036567 -0.104780 -0.275638 -0.266735 -0.218491 -0.205713 -0.193029 -0.268285 -0.259558
-0.254255 -0.213841 -0.168942 -0.195078 -0.221564 -0.235039 -0.269937 -0.252765 -0.169242 -0.231679
-0.266107 -0.019790 -0.264600 -0.133524 -0.115057 -0.260388 -0.248489 -0.276524 -0.253881 -0.268269
-0.151146 -0.130057 -0.223888 -0.162226 0.043004 -0.277850 -0.273537 -0.275001 -0.186786 -0.275053
0.142721 -0.009906 -0.122957 -0.197210 -0.257774 -0.218346 -0.136542 -0.052102 -0.037325 0.041012
0.134799 -0.244754 -0.276698 -0.263404 -0.227136 -0.157026 0.007949 -0.224344 -0.243614 -0.131803
-0.096319 -0.146270 -0.145963 -0.061638 -0.062587 0.114031 0.065269 0.045697 -0.141540 -0.120196
-0.028299 -0.171684 -0.137911 -0.187661 -0.269575 -0.076219 0.124889 -0.170048 -0.229711 -0.186790
-0.137819 -0.075229 -0.210183 -0.277778 -0.249103 -0.216400 -0.237722 -0.233463 -0.261041 -0.263612
-0.263280 -0.171547 -0.134440 -0.155362 -0.200962 -0.278150 -0.269182 -0.058478 -0.081555 -0.203329
-0.204666 -0.275489 -0.277336 -0.252855 -0.278408 -0.278465 -0.276615 -0.277592 -0.176910 -0.202452
-0.243889 -0.113422 0.155152 -0.203705 -0.179670 -0.260237 -0.270160 -0.261068 -0.278381 0.149377
-0.160048 -0.212229 -0.234600 -0.224799 -0.264317 -0.192501 0.002606 -0.094026 -0.160016 -0.182135
-0.120631 -0.201164 -0.218718 -0.190565 -0.169838 -0.163190 -0.082668 -0.168033 -0.156295 -0.049567
0.104217 0.028645 0.038287 0.050636 0.060320 0.274888 0.268053 0.209845 -0.049269 -0.120543
0.260086 -0.064246 -0.174566 -0.147343 -0.221050 0.066244 0.274747 -0.056281 -0.048669 0.100580
0.186474 0.110472 0.109499 -0.191406 -0.276161 -0.277299 -0.267820 -0.253177 -0.228205 -0.266743
-0.275775 -0.188185 -0.133248 -0.023441 0.004785 -0.201100 -0.233477 -0.270736 -0.074313 -0.248087
-0.277888 -0.227283 -0.195380 -0.264470 -0.257980 -0.275027 -0.269257 -0.273033 -0.197969 -0.187416
0.045172 -0.262009 -0.277095 -0.145975 0.097582 -0.094994 -0.258169 -0.263663 -0.261313 -0.241756
0.006751 -0.230463 -0.277722 -0.210194 -0.230456 -0.173840 0.040451 -0.124730 -0.181719 -0.224792
-0.273248 -0.270926 -0.244099 -0.204434 -0.235944 -0.269431 -0.256337 -0.203649 -0.226729 -0.218707
-0.162205 -0.093861 -0.147754 -0.150188 -0.195694 -0.188427 -0.024576 0.116730 0.032791 -0.072391
-0.069570 -0.115786 -0.233991 -0.208228 -0.252831 -0.224672 -0.015550 -0.107688 -0.194473 -0.123771
0.024328 -0.105753 -0.037038 0.001287 -0.232392 -0.275664 -0.266338 -0.259867 -0.188209 -0.185737
-0.207275 -0.084236 -0.082937 -0.106013 -0.168250 -0.252185 -0.143340 -0.137783 0.051023 -0.249948
-0.264006 -0.263155 0.079003 -0.087433 -0.278291 -0.255742 -0.267046 -0.240580 -0.163535 -0.118852
-0.148466 -0.180925 -0.264722 -0.275407 -0.268918 -0.084076 -0.189995 -0.244254 -0.275033 -0.277665
-0.245606 -0.184215 -0.139034 -0.019910 -0.168481 -0.139612 -0.094146 -0.149498 -0.228292 -0.233876
-0.259127 -0.278426 -0.259445 -0.126551 -0.084726 -0.134293 -0.119968 0.022340 -0.055888 -0.191056
-0.235242 -0.178877 -0.083565 -0.238647 -0.231264 -0.107825 -0.143155 -0.179033 -0.257822 -0.182160
-0.095757 -0.275306 -0.277787 -0.272668 -0.277690 -0.267434 -0.230278 -0.177982 -0.136003 -0.126562
-0.168969 -0.211888 -0.156890 -0.278407 -0.265279 -0.258901 -0.278456 -0.272531 -0.139817 -0.065603
-0.118308 -0.013804 -0.092132 -0.215912 -0.087536 -0.218441 -0.271799 0.053142 0.475093 -0.239425
-0.276257 -0.247518 -0.225136 -0.079783 -0.206268 -0.272757 -0.266996 -0.241869 -0.140952 -0.213694
-0.139493 -0.229327 -0.231893 0.129897 0.044425 -0.165405 -0.247832 -0.270613 -0.237467 -0.131275
0.149322 -0.194143 -0.202872 -0.198157 -0.273399 -0.218308 -0.064396 -0.068522 -0.215110 -0.273728
-0.278442 -0.272163 -0.271339 -0.276331 -0.265206 -0.263463 -0.216274 -0.244871 -0.260486 -0.259896
-0.264504 -0.271694 -0.278299 -0.277473 -0.223180 -0.172777 -0.191657 -0.244237 -0.277947 -0.265201
-0.223532 -0.276556 -0.277784 -0.276459 -0.277487 -0.274081 -0.259265 -0.263482 -0.232046 -0.215555
-0.226486 -0.206785 -0.140226 -0.275131 -0.278448 -0.274114 -0.273391 -0.191083 -0.244556 -0.089313
-0.027883 -0.169735 -0.225406 -0.239560 -0.243529 -0.109191 -0.165249 -0.257591 -0.278335 -0.271701
-0.265013 -0.124875 -0.092669 -0.135995 -0.207893 -0.268685 -0.268978 -0.240479 -0.202242 -0.025755
-0.139282 -0.070605 -0.126239 -0.276041 -0.259270 -0.205904 -0.081739 -0.181255 -0.228907 -0.277055
-0.234790 -0.113239 -0.113736 0.075299 -0.252207 -0.168766 0.052969 0.022945 -0.105711 -0.206943
-0.278263 -0.277449 -0.171013 -0.199890 -0.255559 -0.255737 -0.221993 -0.239345 -0.262803 -0.270550
-0.270753 -0.261265 -0.278128 -0.275147 -0.229538 -0.232306 -0.255798 -0.262196 -0.273238 -0.257176
-0.237399 -0.272775 -0.273653 -0.277168 -0.275424 -0.265862 -0.237396 -0.235909 -0.239415 -0.208067
-0.187458 -0.191067 -0.160056 -0.251786 -0.269878 -0.267493 -0.272674 0.095865 0.257184 0.155306
0.087502 -0.123180 -0.251907 -0.276969 -0.253936 -0.127510 -0.277993 -0.257154 -0.208149 -0.278378
-0.213339 -0.271704 -0.041806 0.065703 -0.181851 -0.270787 -0.276132 -0.248398 -0.179139 -0.218939
-0.169771 -0.148895 -0.201214 -0.114389 -0.270929 -0.269057 -0.166524 -0.110428 -0.202474 -0.232093
-0.214217 -0.239100 -0.207697 -0.148989 -0.226748 -0.221366 -0.214389 -0.266691 -0.270942 -0.205480
-0.273638 -0.275047 -0.198202 -0.207685 -0.272356 -0.277737 -0.278138 -0.274896 -0.264789 -0.259997
-0.268907 -0.259157 -0.261427 -0.220314 -0.199442 -0.248939 -0.271002 -0.271380 -0.267034 -0.245098
-0.238298 -0.248443 -0.251493 -0.238509 -0.242131 -0.238946 -0.185697 -0.174551 -0.189443 -0.136153
-0.074512 -0.102292 -0.029223 -0.247204 -0.038157 0.287274 -0.201260 -0.232544 -0.214942 -0.278280
-0.268393 -0.258745 -0.277651 -0.249731 -0.064713 -0.103975 -0.182080 -0.230278 -0.274307 -0.278464
-0.261503 -0.275452 -0.198939 -0.181426 -0.175687 -0.245980 -0.268723 -0.274486 -0.135258 -0.170014
-0.215190 -0.261979 -0.269087 -0.020649 -0.212388 -0.173385 0.116451 -0.061782 -0.195697 -0.273000
-0.265870 -0.276732 -0.216873 -0.033709 -0.169429 -0.172110 -0.193819 -0.263100 -0.277991 -0.260210
-0.267548 -0.256170 -0.157928 -0.142033 -0.083462 -0.052025 -0.127571 -0.243559 -0.254629 -0.245835
-0.243437 -0.250375 -0.262683 -0.243239 -0.194239 -0.185214 -0.172256 -0.253314 -0.271674 -0.247739
-0.212378 -0.215091 -0.185646 -0.180459 -0.221887 -0.223397 -0.157703 -0.142924 -0.180850 -0.184844
-0.060395 0.081558 -0.041930 -0.205649 -0.200206 -0.267777 -0.265153 -0.074163 -0.105325 -0.278464
-0.041405 0.038715 -0.164168 -0.255465 -0.170332 -0.199839 -0.218484 -0.275121 -0.230574 -0.270596
-0.258832 -0.267138 -0.260946 -0.120795 -0.212029 -0.180500 -0.174407 -0.192835 -0.076824 -0.216308
-0.276114 -0.113448 -0.205926 -0.209352 -0.018992 -0.113272 -0.200134 -0.274677 -0.254921 -0.215380
-0.276407 -0.276397 -0.226996 -0.153502 -0.230372 -0.234724 -0.247005 -0.245902 -0.266563 -0.269196
-0.276720 -0.226766 -0.188509 -0.276930 -0.242225 -0.277795 -0.088351 -0.095185 -0.055811 -0.185800
-0.194767 -0.215759 -0.240124 -0.203410 -0.179543 -0.220739 -0.165700 -0.221238 -0.205461 -0.254880
-0.263188 -0.246849 -0.243973 -0.226511 -0.210250 -0.152135 -0.039464 -0.023183 -0.040917 -0.059029
-0.014689 -0.204272 -0.247902 -0.272877 -0.275688 -0.239224 -0.248229 -0.168699 -0.021747 -0.276448
-0.251188 0.008931 -0.242089 -0.181548 -0.177374 -0.273708 -0.222927 -0.237767 -0.266311 -0.203847
-0.270715 -0.220961 -0.250341 -0.166937 -0.173364 -0.151543 -0.207855 -0.255537 -0.277501 -0.250072
-0.225169 -0.221155 -0.092625 0.433768 0.419207 0.298280 -0.218609 -0.277620 -0.184813 -0.159704
-0.222244 -0.242710 -0.247731 -0.214091 -0.184504 -0.224768 -0.273488 -0.266209 -0.242762 -0.262702
-0.255682 -0.184555 -0.076293 -0.186247 -0.272544 -0.210100 -0.099309 -0.184802 -0.230411 -0.203599
-0.151644 -0.203461 -0.188151 -0.118482 -0.127619 -0.245575 -0.258662 -0.273559 -0.112795 0.071082
-0.102213 -0.196159 -0.202117 -0.142849 -0.140989 -0.131765 -0.065128 0.010934 0.528730 0.361295
-0.060743 -0.258213 -0.266236 -0.245997 -0.277686 -0.264031 -0.276809 0.034891 0.161852 -0.263450
-0.278463 -0.272753 -0.278112 -0.276985 -0.278454 -0.240419 -0.186446 -0.263341 0.829613 -0.101203
-0.251989 -0.235972 -0.041863 -0.161444 -0.256421 0.159365 0.099686 -0.063203 -0.186190 -0.232945
-0.271619 -0.276931 -0.196556 -0.225946 -0.089491 -0.275932 -0.046253 -0.168587 -0.182049 -0.162368
-0.231027 -0.273858 -0.191889 -0.055156 -0.076299 -0.191322 -0.260243 -0.274312 -0.271333 -0.254271
-0.221823 -0.179711 -0.078467 -0.146129 -0.222702 -0.089747 -0.274598 -0.258865 -0.273689 -0.232269
-0.072327 -0.248448 -0.275856 -0.277334 -0.249830 -0.236960 0.411503 0.055315 -0.225183 -0.276623
-0.249905 -0.170107 -0.163229 -0.146461 -0.145608 -0.210037 -0.276402 -0.244082 -0.109860 0.776060
0.196067 -0.249432 -0.265995 -0.278015 -0.207064 -0.158645 -0.069904 0.014514 0.391002 -0.272626
-0.274494 -0.276470 -0.251458 -0.278420 -0.254149 -0.277458 -0.224287 -0.214265 0.125244 -0.124976
-0.274868 -0.275979 -0.254739 -0.149869 -0.079711 -0.176702 -0.098070 -0.188033 -0.242307 -0.224295
-0.267670 -0.274548 -0.250966 0.209360 -0.055006 -0.244733 -0.250661 -0.196104 -0.157042 -0.193600
0.079839 -0.277773 -0.274373 -0.215104 -0.005056 -0.138623 -0.223111 -0.218643 -0.232637 -0.209139
-0.128594 -0.114584 -0.224583 -0.274258 -0.245632 -0.069905 -0.274982 -0.243101 -0.276767 -0.126915
-0.052512 0.187493 0.051417 -0.178386 -0.266233 -0.197196 -0.056377 -0.219109 0.015990 -0.233695
-0.265819 -0.193692 -0.071489 -0.107558 -0.244330 -0.255374 -0.102138 -0.009483 0.297907 0.418310
-0.247053 -0.272910 -0.276714 -0.221563 -0.273967 -0.183516 -0.275872 -0.223984 -0.249680 -0.268377
-0.187005 -0.124476 -0.267996 -0.277768 -0.276487 -0.260567 -0.219367 -0.104343 -0.067414 -0.223299
-0.278461 -0.277488 -0.255457 -0.167997 -0.151573 -0.235382 -0.259185 -0.221008 -0.140783 -0.250269
-0.274098 -0.262458 -0.270360 -0.135922 0.020948 -0.278397 -0.028568 -0.107404 -0.262638 -0.242286
-0.181455 -0.263763 -0.270871 -0.271410 -0.121526 -0.161968 -0.149992 -0.162827 -0.213566 -0.148731
-0.092134 -0.170450 -0.189229 -0.244959 -0.219054 -0.273432 -0.250339 -0.278408 -0.228030 -0.268853
-0.213854 0.234237 0.443834 -0.193431 -0.267830 -0.225169 -0.138875 -0.277185 -0.140079 -0.167718
-0.266086 -0.247669 -0.095374 0.108467 -0.155504 -0.253846 -0.081362 -0.106771 -0.145808 -0.130069
-0.044344 -0.261386 -0.264646 -0.241412 -0.211754 -0.213263 -0.201415 -0.249910 -0.229379 -0.277480
-0.271835 -0.196912 -0.247464 -0.251287 -0.203285 -0.122757 -0.024661 0.020996 -0.005651 -0.203525
-0.254268 -0.265160 -0.235582 -0.142625 -0.227489 -0.227748 -0.244106 -0.240293 -0.224821 -0.185012
-0.263653 -0.273483 -0.257006 -0.088807 -0.154056 -0.273188 0.012790 0.380414 -0.275381 -0.277059
-0.278285 -0.123833 -0.236984 -0.128381 0.033262 -0.174649 -0.265808 0.038547 0.136219 -0.034569
-0.113229 -0.276455 -0.275651 -0.275686 -0.202138 -0.248240 -0.264717 -0.250891 -0.269078 -0.275312
-0.213284 -0.268211 -0.272784 -0.037351 -0.082116 -0.209482 -0.264177 -0.275757 -0.260013 -0.244969
-0.096718 -0.109537 -0.025670 -0.065980 -0.238714 -0.267541 -0.277753 0.058346 -0.125696 -0.246356
-0.275112 -0.253962 -0.210266 -0.271082 -0.269875 -0.128737 -0.225579 -0.241191 -0.180108 -0.273442
-0.276341 -0.233292 -0.268631 -0.248703 -0.221632 -0.120008 -0.051600 -0.022965 0.307511 -0.199750
-0.255122 -0.278464 -0.258309 -0.150579 -0.124195 -0.228772 -0.229047 -0.195116 -0.184859 -0.214171
-0.272459 -0.255534 -0.184132 -0.128230 -0.175358 -0.273423 -0.093108 -0.043369 -0.259505 -0.278430
-0.278446 -0.263903 -0.057115 -0.123675 -0.268174 -0.277193 -0.247500 -0.008944 0.398488 0.215255
0.015969 -0.268803 -0.268843 -0.234455 -0.278200 -0.176543 -0.269146 -0.247806 -0.179615 -0.255462
-0.138213 -0.276242 -0.239238 -0.239211 -0.277694 -0.169017 -0.206636 -0.223055 -0.268737 -0.275238
-0.197815 -0.274577 0.056484 -0.170525 -0.262546 -0.273518 -0.275682 -0.238441 -0.095842 -0.207622
-0.268518 -0.223922 -0.269249 -0.228715 -0.198229 -0.271697 -0.213195 -0.203616 -0.257355 -0.277483
-0.268906 -0.274821 -0.275389 -0.227507 -0.099365 -0.122994 -0.147382 0.162648 0.069450 -0.206601
-0.214746 -0.261764 -0.273447 -0.170871 -0.113768 -0.222748 -0.155181 -0.199010 -0.250351 -0.228379
-0.267719 -0.278057 -0.199713 -0.079433 -0.174886 -0.247553 -0.013552 -0.271844 -0.278036 -0.276456
-0.242698 -0.230579 -0.200380 -0.273930 -0.168525 -0.134199 -0.267824 -0.275693 -0.249438 -0.239408
-0.270589 -0.163070 -0.262532 -0.278430 -0.266513 -0.221185 -0.268066 -0.273671 -0.228448 -0.275779
-0.222430 -0.278315 -0.274439 -0.203764 -0.274058 -0.275797 -0.277441 0.065936 -0.153114 -0.237908
-0.277527 -0.172541 -0.255219 -0.210199 -0.274260 -0.266024 -0.243064 -0.215071 -0.259984 -0.278063
-0.264017 -0.276993 -0.236671 -0.268936 -0.225728 -0.267907 -0.185532 -0.230252 -0.270413 -0.275309
-0.265213 -0.271416 -0.209296 -0.245280 -0.169008 -0.160309 -0.128989 0.147429 0.064096 -0.196433
-0.272289 -0.278051 -0.271711 -0.277989 -0.098295 -0.171935 -0.272025 -0.254874 -0.168871 -0.194265
-0.065848 -0.258727 -0.249320 -0.190459 -0.265801 -0.274247 -0.275535 -0.269387 -0.264674 -0.261897
-0.277231 -0.256980 -0.210443 -0.023545 -0.024591 -0.092031 -0.259244 -0.200089 0.713438 0.470541
-0.278215 -0.225670 -0.251151 -0.266054 -0.264256 -0.275460 -0.277160 -0.216649 -0.232938 -0.275264
-0.223438 -0.275116 -0.274961 -0.259905 -0.057558 0.038564 -0.043155 -0.182904 -0.095844 -0.271105
-0.266118 -0.265423 -0.268084 -0.270949 -0.217322 -0.276850 -0.273108 -0.276869 -0.266050 -0.242710
-0.276191 -0.272135 -0.274774 -0.259157 -0.242239 -0.202353 -0.137557 -0.231424 -0.241304 -0.236907
-0.170798 -0.080775 -0.157018 -0.233507 -0.278264 -0.265388 -0.064001 -0.031393 0.189482 -0.188989
-0.278063 -0.140553 -0.192538 -0.162944 -0.274849 -0.273651 -0.273142 -0.255560 -0.217381 -0.227810
-0.108390 -0.076831 -0.124940 -0.162510 -0.275678 -0.250295 -0.278154 -0.228893 -0.017042 -0.260344
-0.257825 -0.247295 -0.271242 -0.158600 -0.278282 -0.263351 -0.268819 -0.249442 -0.277963 -0.263399
-0.270690 -0.160013 -0.236641 -0.278420 -0.277432 -0.269946 -0.232002 -0.176648 -0.231108 -0.272342
-0.273815 -0.261453 -0.271608 -0.271381 -0.206842 -0.271375 -0.231443 -0.278114 -0.119247 -0.149788
-0.271452 -0.192636 -0.214198 -0.242421 -0.269139 -0.242427 -0.208563 -0.239823 -0.260775 -0.231568
-0.278261 -0.216586 -0.162992 -0.268386 -0.250620 -0.267117 -0.278450 -0.265227 -0.264606 -0.102484
-0.225807 -0.255058 -0.200711 -0.099358 -0.142777 -0.154390 -0.127338 0.066274 0.193387 -0.168812
-0.275494 -0.184908 -0.268566 -0.274211 -0.277682 -0.270540 -0.247148 -0.178088 -0.225161 -0.196961
-0.189780 -0.186314 -0.071470 0.034946 -0.273117 -0.250766 -0.267619 -0.260980 -0.160412 -0.264634
-0.269522 -0.213940 -0.185687 -0.278141 -0.260065 -0.275675 -0.265773 -0.172114 -0.073494 -0.262289
-0.258765 -0.270908 -0.129921 -0.165760 -0.277162 -0.267313 -0.278448 -0.277092 -0.232443 -0.266002
-0.225394 -0.263191 -0.256094 -0.243281 -0.261020 -0.193699 -0.276642 -0.241177 -0.089471 -0.157708
-0.262901 -0.252623 -0.266450 -0.277936 -0.174352 -0.239732 -0.261548 -0.271113 -0.121467 -0.216539
-0.167097 -0.255641 -0.269891 -0.259460 -0.247135 -0.227746 -0.257309 -0.264154 -0.232996 -0.076579
-0.199373 -0.263965 -0.278442 -0.221325 -0.098501 0.037161 0.291978 0.317406 0.181965 -0.170396
-0.277991 -0.277602 -0.276991 -0.276766 -0.238737 -0.211508 -0.231315 -0.181727 -0.217940 -0.130144
-0.211851 -0.253951 -0.258808 -0.073019 -0.200911 -0.277222 -0.277221 -0.256708 -0.232213 -0.265052
-0.275588 -0.253979 -0.176522 -0.275571 -0.277849 -0.269034 -0.267432 -0.260401 -0.179705 -0.276444
-0.159167 -0.240941 -0.226658 -0.272772 -0.277724 -0.260954 -0.206971 -0.170289 -0.267719 -0.269239
-0.220042 -0.277614 -0.267619 -0.275053 -0.214132 -0.271485 -0.276695 -0.277749 -0.268871 -0.037562
-0.104946 -0.270212 -0.270258 -0.276260 -0.183445 -0.277896 -0.262959 -0.263526 -0.274410 -0.154651
-0.102059 -0.237048 -0.276577 -0.274379 -0.267774 -0.277643 -0.278465 -0.248171 -0.201792 -0.062774
0.097941 -0.128630 -0.247051 -0.266989 -0.278037 -0.174315 -0.030140 0.111102 0.121115 -0.168866
-0.278107 -0.250305 -0.205960 -0.263386 -0.073924 -0.132372 -0.245848 -0.243292 -0.228376 -0.254632
-0.212045 -0.210858 -0.277963 -0.218602 -0.189214 -0.218531 -0.208828 -0.239300 -0.206436 -0.242231
-0.270746 -0.256141 -0.237157 -0.277016 -0.274358 -0.254840 -0.159078 -0.230521 -0.276425 -0.202920
-0.267506 -0.250856 -0.268791 -0.234218 -0.276599 -0.253578 -0.143488 -0.254219 -0.235407 -0.184001
0.216552 -0.238383 -0.277088 -0.254179 -0.277581 -0.242015 -0.240073 -0.273816 -0.272615 -0.197623
-0.030963 -0.084614 -0.272696 -0.278009 -0.267707 -0.264670 -0.197446 -0.278256 -0.277926 -0.216754
-0.031684 -0.203195 -0.251211 -0.267934 -0.229871 -0.204374 -0.277245 -0.272150 -0.272786 -0.113800
0.176203 0.103622 -0.159230 -0.003648 -0.209424 -0.104327 0.055213 0.129588 -0.013282 -0.143721
-0.246838 -0.244711 -0.255446 -0.278176 0.154901 -0.029855 -0.276446 -0.191762 -0.045622 -0.266015
-0.275182 -0.272565 -0.278409 -0.245119 -0.195336 -0.166799 -0.214146 -0.251598 -0.215667 -0.083459
0.129030 0.305202 -0.235065 -0.239118 -0.251762 -0.268009 -0.224582 -0.195444 -0.226065 -0.153740
-0.267494 -0.237829 -0.268463 -0.276164 -0.277575 -0.244719 -0.219050 -0.254675 -0.272894 -0.255444
-0.255362 -0.278238 -0.227108 -0.160432 -0.259496 -0.262609 -0.269619 -0.227283 -0.262089 -0.272582
-0.194675 -0.273675 -0.278046 -0.191614 -0.273984 -0.277094 -0.008838 -0.120443 -0.266813 -0.238441
-0.222537 -0.274771 -0.276967 -0.275954 -0.200671 -0.095117 -0.234436 -0.254674 -0.154607 -0.177349
-0.035676 -0.243485 -0.273461 -0.028306 0.052688 -0.221969 -0.120729 0.590061 0.166319 -0.162067
-0.245689 -0.239414 -0.276233 -0.150607 0.162754 -0.082755 -0.245715 -0.195678 -0.193958 -0.269660
-0.274109 -0.269640 -0.240732 -0.224051 -0.123894 -0.210958 -0.216415 -0.202632 -0.193161 -0.237973
-0.060634 -0.046487 -0.145758 -0.251741 -0.231837 -0.271146 -0.242673 -0.256282 -0.250039 -0.204697
-0.203759 -0.248233 -0.259905 -0.253916 -0.262901 -0.269119 -0.241831 -0.266409 -0.258509 -0.251380
-0.267750 -0.272332 -0.266918 -0.277933 -0.245538 -0.275773 -0.254063 -0.201280 -0.278415 -0.276456
-0.131304 -0.226125 -0.278427 -0.277484 -0.267254 -0.275593 -0.272808 -0.053743 -0.226012 -0.130890
-0.199012 -0.268542 -0.256461 -0.123776 -0.122500 -0.166827 -0.272622 -0.254075 -0.224016 0.175814
0.346863 -0.071235 -0.260267 -0.081878 -0.054503 -0.099817 -0.176411 0.022017 0.453190 -0.192246
-0.241705 -0.277653 -0.098301 0.073968 -0.257426 -0.255199 -0.277608 0.093542 -0.095071 -0.274482
-0.260675 -0.267276 -0.216489 -0.120081 -0.109040 -0.254905 -0.196935 -0.004337 -0.082914 -0.209120
-0.255925 -0.231875 -0.212902 -0.273745 -0.278367 -0.192666 -0.240637 -0.267224 -0.217711 -0.198569
-0.218387 -0.267274 -0.275685 -0.213869 -0.198575 -0.203792 -0.275126 -0.268705 -0.259804 -0.253066
-0.276050 -0.272476 -0.278441 -0.103420 -0.114798 -0.278443 -0.265674 -0.262214 -0.277846 -0.275120
-0.230163 -0.256994 -0.195524 -0.164909 -0.195324 -0.204206 -0.129555 -0.157501 -0.277048 -0.276133
-0.259404 -0.256352 -0.058625 0.319394 0.397273 -0.085182 -0.269945 -0.275550 -0.199652 -0.248229
0.364268 0.040393 0.242352 0.184785 0.108811 0.203514 -0.115248 -0.196565 -0.150851 -0.172141
-0.204188 0.010270 0.165624 -0.083109 -0.273603 -0.277763 -0.231461 -0.255147 -0.278317 -0.242634
-0.253609 -0.188250 -0.126070 -0.105411 -0.087720 -0.261355 -0.202021 -0.046398 -0.019214 -0.134398
-0.170720 -0.235594 -0.263200 -0.259117 -0.272495 -0.255746 -0.262614 -0.237105 -0.246409 -0.168253
-0.085174 -0.263288 -0.271016 -0.134334 -0.159983 -0.242798 -0.275477 -0.278421 -0.272216 -0.213253
-0.247064 -0.263538 -0.264966 -0.173722 0.429590 -0.189625 -0.231872 -0.269244 -0.241988 -0.277843
-0.264939 -0.273510 -0.242434 -0.278284 -0.172886 0.121613 -0.258986 -0.069364 -0.088764 -0.209584
-0.277654 -0.261054 -0.271679 -0.085471 0.096786 -0.110586 -0.134462 -0.068975 -0.232100 0.075101
0.342394 -0.274128 -0.278464 -0.240721 -0.154741 0.529614 -0.088618 -0.143074 -0.116969 -0.140168
-0.275395 -0.227691 -0.001245 -0.137570 -0.218687 -0.124057 -0.243085 -0.248367 -0.207355 -0.274869
-0.255701 -0.229873 -0.106410 -0.071425 -0.122725 -0.267676 -0.272180 -0.207335 -0.036767 -0.050535
-0.230604 -0.210597 -0.271779 -0.274975 -0.243098 -0.278103 -0.244458 -0.229899 -0.229957 -0.157341
-0.114499 -0.272875 -0.276956 -0.226548 -0.209025 -0.277297 -0.274031 -0.258416 -0.260282 -0.213413
-0.163024 -0.231136 -0.267213 -0.219972 0.075032 -0.173560 -0.162028 -0.049800 -0.194671 -0.277859
-0.099216 0.332761 -0.092881 -0.011237 -0.267458 -0.278429 -0.268385 -0.276294 -0.221344 -0.170177
-0.267549 -0.277293 -0.246897 0.264773 0.562003 -0.221823 -0.275746 -0.254550 -0.212080 -0.228276
-0.202707 -0.084834 0.087412 -0.036032 -0.248528 -0.244956 -0.097302 -0.072761 -0.256133 -0.113088
-0.267839 -0.245042 -0.268848 -0.278220 -0.268376 -0.168665 -0.275968 -0.224774 -0.261284 -0.239114
-0.133422 -0.011194 0.023658 -0.186484 -0.120448 -0.271152 -0.242773 -0.216305 -0.256860 -0.212878
-0.232398 -0.262202 -0.247932 -0.145943 -0.265761 -0.276903 -0.261839 -0.246808 -0.235345 -0.169242
-0.132492 -0.221595 -0.277920 -0.254024 -0.227118 -0.274683 -0.261296 -0.228425 -0.258716 -0.216243
-0.222931 -0.129252 -0.138584 -0.097212 -0.128899 -0.204453 -0.009034 0.177573 0.060602 -0.006898
-0.277396 -0.263679 -0.247172 -0.126178 -0.207490 -0.234545 -0.275272 -0.277091 -0.260473 -0.169040
-0.087566 -0.276778 -0.276742 -0.238256 -0.155280 -0.098377 0.237196 0.331679 -0.111793 -0.266141
-0.258602 -0.018308 0.032695 -0.239221 -0.274705 -0.277249 -0.245710 0.018760 0.118121 -0.077127
-0.257967 -0.274822 -0.278416 -0.273938 -0.165894 -0.177891 -0.278036 -0.218287 -0.232970 -0.241874
-0.229988 0.110084 0.072974 -0.162430 -0.195820 -0.242464 -0.255963 -0.247381 -0.270920 -0.267701
-0.133843 -0.192708 -0.274794 -0.130073 -0.075520 -0.260085 -0.264920 -0.123905 -0.192112 -0.244695
-0.193748 -0.229842 -0.278216 -0.265016 -0.238573 -0.259722 -0.248260 -0.266207 -0.266537 -0.214529
-0.158208 -0.163534 -0.205712 -0.096164 -0.203656 -0.253126 -0.187650 -0.254056 -0.253596 0.204088
-0.273482 -0.194327 -0.277856 -0.138682 -0.249017 -0.146536 0.185083 -0.250947 -0.060663 -0.000004
-0.275654 -0.251608 -0.264254 -0.278115 -0.274592 0.129486 1.126903 1.007649 0.628121 -0.234285
-0.275357 -0.268584 -0.270106 -0.206929 -0.264523 -0.172495 -0.052499 0.131795 0.402389 -0.141398
-0.278208 -0.270754 -0.270053 -0.278404 -0.061724 0.022432 -0.073047 -0.081433 -0.117515 -0.274714
-0.270919 0.115168 0.166046 -0.202066 -0.137229 -0.270347 -0.278432 -0.274798 -0.278462 -0.052365
0.167119 -0.200938 -0.270164 -0.213307 0.048577 -0.258082 -0.266916 -0.188167 -0.227638 -0.260457
-0.236430 -0.192164 -0.254146 -0.257569 -0.262929 -0.245819 -0.255067 -0.267064 -0.254713 -0.252830
-0.256885 -0.242763 -0.270921 -0.133506 0.167069 0.006869 -0.253939 -0.262985 -0.176776 -0.060014
-0.227547 -0.234618 0.087207 -0.019995 0.033982 -0.274454 -0.016306 -0.177508 -0.129651 0.216619
-0.266980 -0.232996 -0.262197 -0.157029 -0.240897 -0.276631 -0.277449 -0.149136 -0.160139 -0.250624
-0.250559 -0.212186 -0.166101 -0.210115 -0.268473 -0.209268 -0.148749 0.065426 -0.030292 -0.163734
-0.239931 -0.262921 -0.278018 -0.145529 -0.041364 -0.103195 -0.148568 -0.122098 -0.226383 -0.276951
-0.278064 0.113001 0.371304 -0.071247 -0.179500 -0.272809 -0.238525 -0.265212 -0.271769 -0.164660
0.280208 -0.028114 -0.215615 -0.171636 -0.010172 -0.020098 -0.270264 -0.249368 -0.153137 -0.231791
-0.206288 -0.125726 -0.204826 -0.242285 -0.185858 -0.201296 -0.232712 -0.203585 -0.235686 -0.262919
-0.212325 -0.066028 -0.223064 -0.102498 -0.081196 -0.278131 -0.275792 -0.275160 -0.233638 -0.190825
-0.277156 -0.254680 -0.267287 0.006316 -0.276562 -0.260050 -0.222613 -0.093723 -0.134907 -0.278414
-0.248369 -0.217766 -0.272906 -0.233083 0.025550 -0.225396 -0.244013 -0.230188 -0.266739 -0.121392
-0.080103 -0.085639 -0.180329 -0.229016 -0.234091 -0.199381 -0.125658 -0.126079 -0.153490 -0.217855
-0.272034 -0.240278 -0.143100 0.361579 0.532181 0.093106 -0.055655 -0.078395 -0.057151 -0.245998
-0.177520 0.498723 0.892947 0.164854 -0.237504 -0.176568 -0.272630 -0.033915 -0.234479 0.164393
0.500408 0.105540 -0.251079 -0.272487 -0.134237 0.004956 -0.125689 -0.170119 0.216314 0.273467
0.094022 0.297558 0.165817 -0.128028 -0.230386 -0.058285 -0.037022 -0.014748 -0.210972 -0.274647
-0.119741 0.082196 -0.154257 -0.206720 -0.196080 -0.261141 -0.261387 -0.196553 -0.197683 -0.178463
0.041400 -0.015422 -0.181051 0.048861 -0.232608 -0.263175 -0.086946 -0.063773 0.086254 -0.225975
-0.262826 -0.249101 -0.220563 0.166428 0.148033 -0.144192 -0.206097 -0.153046 -0.192235 -0.172636
-0.152542 0.019556 -0.024036 -0.075763 -0.147833 -0.094821 -0.069560 -0.120961 -0.018918 -0.230199
-0.170815 -0.268722 -0.278366 -0.274343 -0.276527 -0.277534 -0.266956 -0.277853 -0.270353 -0.233540
-0.253999 -0.278367 -0.263863 -0.276216 -0.255228 -0.244723 -0.167620 -0.268043 -0.276204 -0.276855
-0.264598 -0.269264 -0.277007 -0.272582 -0.243655 -0.216752 -0.260296 -0.274983 -0.251096 -0.278445
-0.269959 -0.262655 -0.248350 -0.245389 -0.268867 -0.277571 -0.243623 -0.218056 -0.277624 -0.277328
-0.261989 -0.263379 -0.273029 -0.275791 -0.274456 -0.274701 -0.277069 -0.269316 -0.276541 -0.278459
-0.272470 -0.273005 -0.278462 -0.278412 -0.278237 -0.269836 -0.278106 -0.278258 -0.274928 -0.278390
-0.278234 -0.278335 -0.276354 -0.276838 -0.277918 -0.278380 -0.278176 -0.278367 -0.278463 -0.278426
-0.277731 -0.277965 -0.277854 -0.278447 -0.278358 -0.278195 -0.277290 -0.263072 -0.267080 -0.278042
0.440027 -0.118847 -0.242399 -0.243318 -0.252395 -0.160944 -0.175791 -0.214710 -0.234090 -0.250246
-0.235741 -0.209097 -0.223374 -0.256606 -0.175068 -0.208492 -0.236563 -0.247865 -0.222520 -0.236490
-0.234258 -0.231306 -0.236994 -0.242440 -0.257343 -0.208663 -0.270969 -0.236367 -0.071431 -0.223159
-0.238310 -0.252942 -0.217405 -0.154811 -0.239460 -0.212962 -0.246950 -0.250481 -0.199349 -0.226193
-0.243782 -0.255484 -0.244399 -0.212448 -0.238013 -0.224568 -0.238285 -0.245336 -0.235229 -0.224965
-0.234645 -0.254725 -0.249153 -0.188187 -0.235185 -0.231443 -0.239834 -0.249387 -0.275246 -0.250216
-0.050132 -0.130765 -0.263805 -0.252575 -0.145953 -0.187755 -0.231425 -0.235865 -0.221542 -0.234539
-0.236598 -0.225306 -0.228497 -0.245706 -0.225890 -0.249839 -0.243690 -0.204834 -0.180637 0.463185
1.314356 -0.193561 -0.248169 -0.270935 -0.269026 -0.245126 -0.222191 -0.237544 -0.255012 -0.264501
-0.268338 -0.273775 -0.276183 -0.272109 -0.219830 -0.247560 -0.264562 -0.274299 -0.260376 -0.266125
-0.238629 -0.245942 -0.257422 -0.252983 -0.251711 -0.207401 -0.270419 -0.260668 -0.209182 -0.260361
-0.209332 -0.237199 -0.229186 -0.182568 -0.206031 -0.168575 -0.206271 -0.226978 -0.242075 -0.253655
-0.242189 -0.236342 -0.250829 -0.258679 -0.261729 -0.238439 -0.257260 -0.258077 -0.240541 -0.243108
-0.246864 -0.252275 -0.245448 -0.231744 -0.254680 -0.249433 -0.255663 -0.252775 -0.278212 -0.274192
-0.195515 -0.209146 -0.234329 -0.193718 -0.244002 -0.246538 -0.157668 -0.154588 -0.235028 -0.258323
-0.261054 -0.250027 -0.263356 -0.271135 -0.256164 -0.269832 -0.272177 -0.244408 -0.253453 -0.096585
1.984777 0.035617 0.017336 -0.023598 0.031148 -0.036050 -0.005216 0.028663 0.003816 -0.025647
-0.082682 -0.099026 -0.089356 -0.035970 0.159517 0.086574 -0.080326 -0.157682 -0.125245 -0.105499
-0.012304 -0.057844 -0.087594 -0.023572 -0.033782 0.086076 -0.010184 -0.063218 0.006697 -0.037527
0.014483 -0.020699 -0.062454 0.034113 0.180092 0.174385 0.086280 0.022411 -0.049305 -0.047625
-0.037030 0.008258 -0.041268 -0.075758 -0.088366 -0.098395 -0.153206 -0.123281 -0.052020 0.033066
0.209930 0.068924 0.017564 -0.000612 -0.081992 -0.088226 -0.018924 0.049400 -0.058231 -0.155336
-0.088808 -0.043285 -0.053154 -0.006014 -0.059924 0.064126 0.399290 0.389766 0.044355 -0.061120
-0.027746 0.044139 -0.060855 -0.106126 -0.005151 -0.030372 -0.078324 0.043393 0.049584 0.201163
2.200813 0.034615 0.000150 0.010991 0.140246 0.044495 0.047019 0.155152 0.102076 0.099703
-0.037327 -0.044329 0.069975 0.118116 0.328301 0.224902 0.060182 -0.111986 -0.125344 -0.025375
0.077797 0.123107 0.130141 0.245896 0.179028 0.254570 0.192417 0.069158 0.033184 0.105080
0.094893 0.100574 0.065045 0.379748 0.495345 0.371123 0.181685 0.231289 0.219370 0.142024
0.101228 0.151326 0.063289 0.044604 0.050750 0.005302 -0.130914 0.036732 0.111725 0.333903
0.660850 0.306063 0.254856 0.057541 -0.091462 0.033661 0.226191 0.417154 0.286669 0.034543
0.015152 0.019441 0.001409 0.137051 0.190009 0.403130 0.893463 0.913965 0.092167 0.020623
0.209307 0.376663 0.096362 -0.017553 0.081328 0.057915 0.051185 0.229224 0.156868 0.337816
2.292599 0.023486 0.055605 -0.006918 0.123420 0.055560 -0.013896 0.101000 0.084764 0.084903
-0.069963 -0.093424 0.100961 0.136503 0.273578 0.191811 0.113627 -0.058282 -0.133345 -0.055678
0.042957 0.214418 0.239427 0.340699 0.190971 0.260268 0.114941 0.006076 -0.022592 0.059480
0.021116 0.081265 0.075767 0.483403 0.517032 0.396201 0.206275 0.267946 0.265456 0.104334
0.119159 0.064744 0.029521 0.033290 -0.019086 -0.097529 -0.168277 0.033236 0.145096 0.370949
0.555876 0.398358 0.274955 -0.014703 -0.149453 -0.031445 0.228066 0.353846 0.236592 0.045803
-0.025004 -0.111188 -0.080792 0.105685 0.189060 0.349583 0.708701 0.970836 -0.038288 -0.038845
0.282188 0.621581 0.086754 0.032198 0.178614 0.115848 0.148827 0.315773 0.160677 0.354130
2.229263 0.033193 0.081395 -0.024999 0.039475 -0.020328 -0.075476 -0.068045 -0.027964 0.064205
-0.025587 -0.151417 -0.097439 -0.023315 -0.007287 -0.031635 0.012458 -0.098061 -0.211280 -0.221967
-0.198641 -0.081973 0.056433 0.141638 0.015304 0.012218 -0.067700 -0.098448 -0.127698 -0.116588
-0.176001 -0.143450 -0.104897 0.087705 0.040961 0.116865 0.222927 0.177330 0.272182 -0.029835
-0.099422 -0.175363 -0.130462 -0.061699 -0.063078 -0.120492 -0.241753 -0.211622 -0.180530 -0.096736
0.069435 0.207497 0.025868 -0.110835 -0.230194 -0.245323 -0.164268 -0.033639 0.058569 -0.038506
-0.139563 -0.243746 -0.272420 -0.190737 -0.017785 -0.021848 0.109610 0.424503 -0.117690 -0.037310
0.148567 0.318028 -0.002597 0.058409 0.125535 0.083978 0.008504 0.200788 0.119818 0.346313
2.203896 0.032985 0.088866 -0.035486 -0.074490 -0.033796 -0.108474 -0.095505 0.045129 0.216862
0.081332 -0.104779 -0.084022 0.167907 0.025626 -0.102408 0.021316 -0.049725 -0.218082 -0.220499
-0.149400 -0.024832 0.145109 0.112236 0.131569 0.227564 0.078416 0.071704 0.010755 -0.045950
-0.161080 -0.041709 0.074434 0.191137 0.346299 0.397451 0.347993 0.338685 0.234856 0.023869
0.011606 -0.120614 -0.080861 0.002683 -0.009134 0.005590 -0.124202 -0.164636 -0.181845 -0.125686
0.124930 0.272830 0.041275 0.052625 -0.157368 -0.192193 -0.152522 -0.058737 0.077246 0.106780
-0.050549 -0.201456 -0.277265 -0.216745 -0.008169 -0.014177 0.314003 0.528561 -0.084971 0.016478
0.142833 0.169885 -0.028603 0.037364 0.134442 0.118106 -0.035160 0.157669 0.137258 0.349021
2.254679 0.033701 0.116173 -0.075175 -0.163215 -0.096183 -0.165299 0.038702 0.304923 0.197719
0.194693 0.044421 0.027532 0.279436 0.141383 0.012744 0.177977 0.057575 -0.192120 -0.204875
-0.145149 -0.162716 -0.128247 -0.114043 0.054562 0.256284 0.089977 0.068257 0.059767 -0.032091
-0.149911 0.112986 0.356837 0.412258 0.610604 0.624080 0.405060 0.288429 0.106399 0.075018
0.088697 -0.031015 -0.039438 -0.071404 -0.103088 0.050739 0.015068 -0.020982 -0.192512 -0.228675
-0.090424 -0.066281 -0.117202 -0.054829 -0.175400 -0.160228 -0.128605 -0.105134 -0.073189 -0.058021
-0.102259 -0.219484 -0.277018 -0.261617 -0.135998 -0.095227 0.173289 0.348754 -0.022532 0.108910
0.254494 0.158444 -0.002608 0.074880 0.208445 0.201782 -0.038332 0.123306 0.117360 0.318296
2.346848 0.128755 0.128126 -0.117057 -0.196429 -0.171556 -0.190161 0.033807 -0.068083 0.074634
0.186630 0.136726 0.048546 0.169691 0.022085 0.064609 0.273715 0.135071 -0.099522 -0.138810
-0.120363 -0.088533 -0.117290 -0.124528 -0.010838 0.160402 0.018235 0.126157 0.087190 -0.026518
-0.159894 -0.040775 0.084448 0.268353 0.669973 0.657930 0.421697 0.132681 0.025138 0.076943
0.087707 -0.043696 -0.056042 -0.084252 -0.091881 -0.009693 -0.001238 0.061276 -0.072888 -0.125160
-0.082513 -0.150336 -0.176275 -0.152235 -0.154137 -0.028307 0.017649 -0.055015 -0.090256 -0.084318
-0.031901 -0.160565 -0.274913 -0.239478 -0.067639 -0.027642 0.107775 0.338975 0.020014 0.098725
0.243454 0.124316 -0.002133 0.070636 0.189283 0.224403 -0.043685 0.064205 0.096437 0.364940
2.253827 0.226948 0.102682 -0.096835 -0.151309 -0.216544 -0.276868 -0.276568 -0.202696 0.166655
-0.071054 0.007990 0.019342 0.074214 -0.081991 -0.015121 0.075370 0.040613 0.029860 -0.027225
-0.009762 0.030596 -0.126567 -0.079407 0.101287 0.229459 0.112410 0.156116 0.116321 -0.019923
-0.199001 -0.179789 -0.099111 0.098483 0.455574 0.564849 0.276995 -0.040739 -0.012090 0.136876
0.129425 -0.025456 -0.069299 -0.166579 -0.207112 -0.188521 -0.109190 -0.051726 -0.001647 0.116295
0.310155 0.312978 0.133516 -0.045465 -0.073682 0.022592 0.220451 0.127863 0.097976 0.035769
-0.005005 -0.158862 -0.262190 -0.215442 0.027547 0.177074 0.448605 0.668260 0.082125 0.067555
0.180869 0.130933 -0.054498 -0.048712 0.188958 0.220534 -0.013616 0.069949 0.100993 0.340275
2.239875 0.239935 0.112325 -0.022652 -0.049610 -0.095461 -0.224022 -0.231636 -0.070580 0.140376
-0.029587 -0.010885 0.063305 0.144753 -0.061251 -0.060851 -0.038965 0.149966 0.129427 -0.008967
0.086807 0.072286 -0.155739 -0.124301 0.061323 0.091086 -0.079527 0.115257 0.088184 -0.114065
-0.213847 -0.174267 -0.048138 -0.028195 0.334768 0.499751 0.130197 -0.077295 0.025449 0.214479
0.210052 0.079545 0.004030 -0.103054 -0.174574 -0.169450 -0.055908 0.074495 0.069394 0.173546
0.453945 0.318714 0.243090 -0.001796 -0.031065 -0.007988 0.096734 0.135643 0.234632 0.103546
-0.058420 -0.172173 -0.228765 -0.191342 0.021179 0.263465 0.617298 0.803423 0.099274 0.056018
0.173276 0.187077 -0.036845 -0.057841 0.113930 0.120457 0.045684 0.136277 0.116274 0.278316
2.272049 0.114680 0.140797 0.018076 0.023176 0.000275 -0.177161 -0.192772 0.151762 0.325470
0.185257 0.243103 0.341922 0.124059 -0.103764 -0.159035 -0.179960 -0.059245 -0.137929 -0.108598
0.126710 0.095657 -0.140907 -0.037277 0.247667 0.068415 -0.185476 -0.137437 -0.138864 -0.211736
-0.273181 -0.273235 -0.257776 -0.247708 0.079120 0.053261 -0.077103 -0.126670 -0.136099 0.053285
0.206705 0.132801 0.081759 -0.043761 -0.136073 -0.172133 -0.177629 -0.205597 -0.225491 -0.052637
0.248534 0.045535 0.323058 0.152142 0.157394 0.060828 0.021379 0.055926 0.284920 0.222145
-0.032958 -0.099912 -0.117853 -0.092407 0.027896 0.362616 0.708306 0.927611 0.129552 0.035396
0.171167 0.274728 0.036347 -0.076920 -0.003434 0.038726 0.029756 0.121619 0.144016 0.283509
2.190352 0.086397 0.184694 0.037844 0.039433 -0.017883 -0.211227 -0.222657 0.095680 0.211499
0.061372 0.112671 0.298913 0.045237 -0.057318 -0.105648 -0.193570 -0.164021 -0.172264 -0.115889
0.018030 -0.039967 -0.178170 0.055100 0.373912 0.073529 -0.134662 -0.165206 -0.132642 -0.215895
-0.264705 -0.268751 -0.272753 -0.268645 -0.085975 -0.078705 -0.105211 -0.151700 -0.195683 0.140517
0.376184 0.351757 0.252103 0.019572 -0.036290 -0.075353 -0.128148 -0.138593 -0.145695 -0.105712
-0.089324 0.053054 0.421616 0.337639 0.377550 0.173855 -0.006994 0.016343 0.298639 0.224457
-0.040270 -0.099070 -0.116416 -0.038038 0.082422 0.394026 0.586704 0.993658 0.137002 -0.005960
0.121687 0.294922 0.020616 -0.070546 0.024368 0.021947 -0.052653 0.100925 0.198719 0.284283
2.184095 0.105781 0.148168 0.049809 0.098808 0.049943 -0.195004 -0.143034 0.309587 0.335392
-0.111177 -0.167476 -0.145103 -0.148899 0.035220 0.082123 -0.097994 -0.158073 -0.189539 -0.133958
0.078212 0.031044 -0.032331 0.303411 0.675467 0.284640 0.072231 0.075976 0.201291 -0.031817
-0.122710 -0.095625 -0.124732 0.032574 0.505755 0.504018 0.188545 -0.070468 -0.245796 -0.046672
0.488820 0.556093 0.340838 0.059894 0.111295 0.019648 -0.079363 -0.050584 0.055960 0.011405
-0.127271 -0.106915 -0.001011 0.165673 0.340556 0.175716 -0.033110 -0.056906 0.078408 0.023775
-0.062051 -0.190732 -0.235855 -0.103328 -0.025563 0.288493 0.697364 1.286464 0.229015 0.041590
0.119933 0.181692 -0.021856 -0.056422 0.148168 0.096334 -0.041384 0.093454 0.238847 0.296486
2.293987 0.004091 -0.026634 -0.049598 0.018358 0.079985 -0.233654 -0.243071 0.363088 0.347519
-0.046035 0.043309 -0.081208 -0.057353 0.105640 0.104634 -0.024361 -0.124766 -0.207036 -0.194133
0.090267 -0.059787 -0.074166 0.112664 0.312245 0.267793 0.158714 0.189155 0.216847 0.048463
-0.023994 -0.002559 -0.025726 0.054879 0.535393 0.483272 0.215883 0.085922 -0.241716 -0.171565
0.423381 0.551115 0.186738 0.035333 0.213381 -0.001796 -0.166524 -0.115942 0.124131 0.383399
0.134197 0.004034 0.076859 0.253047 0.509394 0.394316 0.095198 -0.074125 -0.032289 -0.010898
-0.001687 -0.178133 -0.273412 -0.204471 -0.141016 0.377803 0.887717 1.451556 0.352729 0.082493
0.115917 0.146048 -0.055975 -0.084709 0.188453 0.172296 -0.069909 0.082189 0.219700 0.296881
2.318354 -0.126103 -0.138281 -0.022156 0.131650 0.163781 -0.134335 -0.273546 -0.199905 -0.185463
-0.128823 0.098527 0.002462 0.032134 0.081265 0.144387 0.045592 -0.106195 -0.150243 -0.232668
-0.208371 -0.242309 -0.162865 -0.068382 0.037570 -0.036644 -0.049157 0.049429 0.074325 -0.003627
-0.087012 -0.053784 -0.072811 -0.154821 0.080031 0.000172 0.153023 0.109813 -0.190094 -0.220947
0.007786 0.090300 -0.166510 0.036116 0.366076 0.063717 -0.191789 -0.072084 0.264755 0.561036
0.385690 0.332018 0.481487 0.550266 0.875750 0.671841 0.369290 0.014815 -0.015063 -0.001355
0.052630 -0.160199 -0.278371 -0.148109 0.132793 0.760719 0.682763 1.400496 0.442578 0.103143
0.148079 0.116178 -0.098734 -0.102168 0.169935 0.274471 -0.062504 0.113309 0.118820 0.260507
2.299423 -0.183826 -0.209108 -0.066305 -0.009315 -0.083378 0.115758 -0.042315 -0.133829 -0.192228
-0.129310 0.121809 0.056719 -0.018205 0.046367 0.167944 0.018718 -0.016325 -0.076763 -0.152487
-0.214409 -0.215601 -0.210487 -0.163517 -0.069749 -0.113316 0.030399 0.038776 0.093994 -0.055316
-0.102872 0.001904 0.044905 -0.051642 0.253000 0.076713 0.179514 0.167176 -0.091934 -0.144897
-0.008589 -0.066941 -0.271277 -0.111439 0.251540 0.030538 -0.255077 -0.176063 0.259034 0.309144
0.200252 0.346666 0.280163 0.270217 0.717625 0.701746 0.341521 -0.000552 -0.023992 -0.034091
0.004503 -0.215932 -0.269636 -0.238212 0.039882 0.264388 0.300724 1.425138 0.365848 0.084476
0.124097 0.056533 -0.045438 -0.060461 0.189837 0.267537 -0.044606 0.091155 0.142720 0.304724
2.302829 -0.155110 -0.219067 -0.169769 -0.143116 -0.177081 0.141497 0.026053 0.000718 0.092931
0.170131 0.381292 0.210015 0.015532 -0.008668 0.029340 0.039675 0.203403 0.028788 0.071379
-0.055552 0.166896 -0.048183 0.103542 0.314160 0.132386 0.146299 0.076414 0.079444 -0.076001
-0.068918 0.007315 -0.006332 0.046561 0.229977 0.095805 0.124647 0.090242 0.035236 -0.041948
0.027537 -0.079496 -0.272492 -0.231605 -0.054346 0.023920 -0.208383 -0.203770 -0.152995 -0.214617
-0.171729 -0.078105 -0.148833 -0.051332 0.608218 0.869066 0.155614 -0.050365 -0.062309 -0.089423
-0.050994 -0.256290 -0.254247 -0.277942 -0.182257 -0.137916 0.053210 1.186790 0.181555 0.043405
0.071746 0.044142 -0.036583 -0.044963 0.171049 0.227333 -0.015207 0.086866 0.123384 0.266468
2.317978 -0.077474 -0.141680 -0.123307 -0.045131 -0.065269 0.085395 -0.094390 0.010203 0.143755
0.310084 0.342115 0.050387 0.019701 -0.024222 -0.085835 -0.010421 0.145130 -0.005558 0.210428
0.076495 0.320254 -0.080890 0.038601 0.301229 0.229308 0.172263 0.091030 0.056372 -0.008487
0.024691 0.039960 0.063073 0.133285 0.183232 0.177851 0.213230 0.132781 0.164457 0.017160
0.037722 -0.077289 -0.268541 -0.269922 -0.202909 -0.045624 -0.195523 -0.212414 -0.210299 -0.248777
-0.211660 -0.148075 -0.214266 -0.098171 0.715638 0.779772 0.095538 0.078102 0.003432 -0.069823
-0.016757 -0.251813 -0.262235 -0.277810 -0.209328 -0.154733 0.095755 1.179609 0.165355 0.017245
0.079452 0.027445 -0.065415 -0.067471 0.167680 0.210812 0.032621 0.095635 0.173351 0.252066
2.409244 -0.003915 -0.031823 0.032938 0.054682 0.017553 -0.070343 -0.122868 0.114952 0.424569
0.592840 0.496420 -0.036877 -0.053774 -0.027950 -0.080022 -0.051544 0.011634 0.054285 0.193401
0.276734 0.155939 -0.119923 -0.121013 0.182861 0.074460 0.088488 0.085312 0.089589 0.038508
0.015803 0.061850 0.070459 0.037756 0.197237 0.238106 0.224267 0.262078 0.263480 0.038656
0.011501 -0.083459 -0.260925 -0.266584 -0.215237 -0.208811 -0.270842 -0.275138 -0.272277 -0.272196
-0.257974 -0.257889 -0.276106 -0.259845 0.209091 -0.001300 -0.078048 0.069125 -0.006293 -0.068371
-0.024466 -0.243555 -0.258851 -0.278442 -0.247646 -0.183973 0.030396 1.157054 0.177593 0.006540
0.061740 0.043210 -0.078339 -0.065415 0.050335 0.124285 0.012676 0.096472 0.171107 0.271238
2.384071 -0.014197 0.056462 0.157348 0.088977 -0.004352 -0.194115 -0.203272 0.029032 0.382202
0.465181 0.544215 -0.095999 -0.083759 0.037222 -0.038559 -0.100045 -0.087302 0.082595 0.269712
0.495234 0.012775 -0.035258 -0.075186 0.140450 0.111231 0.097932 0.149250 0.166910 0.075195
0.040457 0.059861 -0.003134 -0.065614 0.085260 0.126414 0.287070 0.642399 0.434257 0.135252
0.048066 -0.092326 -0.246960 -0.247668 -0.158715 -0.204462 -0.276112 -0.278355 -0.278376 -0.278408
-0.278262 -0.278461 -0.278379 -0.270575 -0.064150 -0.127504 -0.048425 0.028297 -0.008601 -0.046344
0.005410 -0.225031 -0.270652 -0.273662 -0.244523 -0.188760 0.065225 1.075284 0.095026 -0.002722
0.099722 0.071620 -0.053887 -0.097246 0.001895 0.048628 -0.001859 0.069906 0.101477 0.374233
2.283317 -0.071514 0.138680 0.194253 0.150989 -0.015802 -0.246164 -0.233157 -0.148625 0.061752
0.205556 0.363575 -0.057622 -0.009638 0.195797 0.048233 -0.111742 -0.097354 0.033723 0.252407
0.195454 0.018752 0.066610 0.009168 0.073379 0.143322 0.115785 0.168289 0.196381 0.160314
0.142089 0.064503 0.076433 -0.064693 -0.086037 -0.063350 0.152801 0.885323 0.294992 0.179892
0.136947 -0.051933 -0.230772 -0.203962 0.152258 0.136459 -0.088055 -0.107198 -0.090294 -0.044461
-0.055742 -0.088591 -0.047524 0.047721 0.136518 0.254912 0.190595 0.063200 0.011704 -0.033520
0.046134 -0.185218 -0.278280 -0.257825 -0.224398 -0.145818 0.245481 1.039143 0.043382 0.035380
0.137322 0.093228 -0.029646 -0.105996 -0.029744 -0.009891 0.014667 0.044825 0.107010 0.291270
2.178117 -0.049069 0.136683 0.205078 0.124125 -0.100250 -0.277882 -0.231043 -0.098613 0.311152
0.355173 0.491991 0.036604 0.010982 0.250923 0.120123 -0.077427 -0.073850 0.110993 0.373098
0.071992 0.021173 0.101283 0.075825 0.047890 0.136609 0.047763 0.052042 0.173028 0.198694
0.213841 0.110005 0.128885 -0.039854 -0.130005 -0.185907 0.094569 0.980172 0.330559 0.238927
0.188149 -0.014277 -0.214457 -0.206136 0.303506 0.265998 0.026898 0.007334 0.118267 0.168947
0.033950 -0.025245 0.061406 0.127760 0.092238 0.414491 0.117904 0.070705 -0.023337 -0.067180
0.065073 -0.123032 -0.270772 -0.273452 -0.218496 -0.139889 0.309032 0.648775 0.018947 0.108189
0.151033 0.125475 -0.000762 -0.095033 -0.077529 -0.091213 -0.003588 0.060753 0.174039 0.185782
2.233740 0.076630 0.050486 0.140754 0.051180 -0.182330 -0.269231 -0.228584 0.036291 0.509661
0.301841 0.578747 0.122633 0.108002 0.274549 0.274006 0.010076 -0.065065 0.236571 0.548763
0.089044 0.041732 0.116859 0.117019 0.015323 0.044116 -0.009320 0.007184 0.160439 -0.006476
0.124120 0.232997 0.170003 0.086144 -0.009068 -0.097825 0.047210 0.374400 0.096274 0.172113
0.170912 0.109217 -0.168344 -0.225320 0.102171 -0.003352 -0.100822 -0.059159 0.078231 0.065038
-0.129284 -0.109510 0.007955 0.111185 0.181033 0.134047 0.040918 0.137970 -0.044140 -0.058130
0.145978 0.057400 -0.207298 -0.242973 -0.243946 -0.207117 0.152611 0.154067 0.016516 0.151940
0.132687 0.113837 0.005229 -0.102735 -0.125796 -0.107589 -0.010695 0.084275 0.183330 0.233743
2.271921 0.148826 0.057552 0.145930 0.041112 -0.199050 -0.262621 -0.273580 -0.034561 0.112110
0.002578 0.255186 0.016876 0.089727 0.137532 0.250703 0.019084 -0.068557 0.214111 0.472239
0.034302 0.025667 0.058492 0.005507 -0.022864 0.031953 -0.057090 -0.166547 0.026978 -0.229754
-0.160859 0.623070 0.374178 0.030724 0.062541 -0.022844 0.038581 0.047380 -0.024269 0.087314
0.123381 0.151863 -0.136132 -0.208002 0.004037 -0.084735 -0.116845 -0.137160 -0.012498 0.151460
-0.125840 -0.138190 -0.030232 0.118603 0.253172 0.110284 0.137258 0.157319 -0.047846 -0.015765
0.222063 0.187651 -0.060840 -0.041271 -0.127946 -0.120673 0.020227 0.023512 0.076886 0.155245
0.171456 0.156877 0.041332 -0.078585 -0.112564 -0.121815 -0.016272 0.212090 0.238070 0.244481
1.980199 0.101443 0.106800 0.077684 0.001579 -0.192592 -0.260481 -0.276599 -0.223635 -0.226725
-0.249839 -0.084970 -0.081397 -0.090998 0.053052 0.121576 -0.056832 -0.077656 0.160153 0.365592
0.069564 0.085770 0.000967 -0.051205 -0.061460 -0.037954 -0.142385 -0.258890 -0.089914 -0.035818
-0.142230 0.488447 1.074432 -0.013295 0.035078 0.025086 0.022271 -0.041873 0.004655 0.068752
0.091126 0.080469 -0.051508 -0.103290 0.104868 0.004200 -0.065774 -0.182413 -0.088317 0.103135
-0.146040 -0.171389 -0.126959 -0.032597 0.193485 0.022323 -0.030084 -0.095288 -0.162516 -0.100580
-0.020564 -0.009871 -0.021618 0.121916 0.193954 0.359663 0.283526 0.280789 0.169745 0.123337
0.172917 0.133363 0.012121 -0.059533 -0.082366 -0.156887 -0.064447 0.156111 0.153114 0.283618
1.965447 0.191688 0.137467 0.032340 -0.010271 -0.183677 -0.268333 -0.272862 -0.156339 -0.174001
-0.231792 -0.117944 -0.181930 -0.135458 0.037474 -0.031671 -0.056344 -0.061826 0.250162 0.326906
0.200711 0.094242 -0.023023 -0.068417 -0.088600 -0.115973 -0.172159 -0.272321 -0.072338 -0.050485
-0.183231 0.989012 2.073312 0.004755 0.183970 0.058785 -0.003049 -0.069582 -0.028294 -0.026278
0.045935 0.060381 -0.002786 -0.099381 0.089706 -0.050468 -0.160133 -0.185055 -0.126230 -0.136337
-0.160123 -0.106513 -0.086573 0.002410 0.234483 0.040924 -0.060080 -0.089661 -0.140957 -0.114539
-0.065673 0.027641 0.012247 0.128694 0.314535 0.517104 0.399991 0.444976 0.108602 0.085829
0.176181 0.152230 0.039718 -0.038459 -0.064093 -0.126678 -0.013519 0.142695 0.116909 0.317226
2.393082 0.176235 0.110981 0.056374 -0.015619 -0.191511 -0.273678 -0.244056 0.005524 0.070829
0.010538 0.067437 -0.173513 -0.024717 0.173481 -0.056275 -0.040190 -0.061391 0.213544 0.255772
0.201326 0.039289 -0.051515 -0.057958 -0.108870 -0.161931 -0.221136 -0.276236 -0.235716 -0.099748
-0.053094 1.505194 2.723204 0.426915 0.270419 0.018571 -0.012694 -0.057865 -0.046185 -0.032872
0.017915 0.066773 0.090179 -0.061365 -0.020045 -0.132835 -0.216907 -0.098872 -0.004793 0.082050
0.128119 0.239812 0.160577 0.147891 0.188093 0.094219 0.084686 0.037907 -0.027370 -0.071955
-0.048086 -0.036457 -0.154159 0.003883 0.344224 0.563267 0.504446 0.620753 0.194723 0.081627
0.186452 0.146864 0.047326 -0.026668 -0.064303 -0.118288 0.031014 0.210624 0.125547 0.431920
2.442423 0.030767 0.152904 0.116789 0.013606 -0.189241 -0.275213 -0.255625 -0.086421 0.017596
-0.023325 0.013501 -0.191514 0.082421 0.330372 -0.094465 -0.059408 -0.096752 0.128733 0.243539
0.177486 0.026558 -0.039861 -0.047120 -0.130447 -0.159865 -0.226873 -0.259687 -0.090639 0.124096
0.051077 1.438178 2.498415 0.378961 0.101529 0.007736 -0.016668 -0.065657 -0.071191 -0.092585
-0.086344 0.051472 0.010944 -0.016917 -0.055148 -0.169882 -0.264247 -0.184568 -0.040441 0.146602
0.076631 0.104401 0.161393 0.171904 0.219157 0.186530 0.149886 0.020594 -0.058433 -0.102320
-0.079267 -0.164827 -0.246158 -0.147079 0.035091 0.325690 0.490605 0.702840 0.305294 0.042063
0.152744 0.086622 -0.003230 -0.075595 -0.104878 -0.152527 0.040235 0.327411 0.119701 0.386516
2.190305 -0.033028 0.108118 0.113872 -0.005407 -0.172629 -0.278005 -0.225636 -0.023929 0.112548
0.058379 0.009355 -0.155559 -0.102117 0.066655 -0.018697 0.083663 0.032894 0.247530 0.387713
0.180899 0.027566 -0.002538 0.021779 -0.086302 -0.105713 -0.148485 -0.198093 -0.242532 -0.263067
-0.278243 0.581835 0.701061 -0.001860 0.088021 0.054077 0.020653 -0.063974 -0.074867 -0.103140
-0.090003 0.013836 0.019123 -0.035522 -0.073861 -0.144337 -0.276734 -0.259428 -0.161934 -0.117484
-0.151872 -0.038977 -0.036786 -0.040517 0.046371 0.067735 0.150058 0.046805 -0.011746 -0.045435
-0.072646 -0.194982 -0.265143 -0.193681 -0.121341 0.046716 0.449308 0.832096 0.353838 0.061725
0.179358 0.130156 -0.000101 -0.101655 -0.116502 -0.160023 0.082754 0.389447 0.173959 0.409577
2.109529 -0.003877 0.004930 0.042772 -0.012530 -0.188270 -0.277793 -0.230203 -0.005090 0.120857
0.037713 -0.020528 0.007892 -0.130960 -0.150559 -0.066970 -0.001798 0.039836 0.435684 0.647988
0.054720 -0.090702 0.039003 0.076132 -0.073848 -0.075928 -0.127506 -0.181339 -0.155405 -0.220868
-0.271237 -0.266349 -0.242842 -0.074429 -0.015056 -0.064069 -0.062903 -0.078043 -0.043703 -0.086370
-0.059207 -0.016072 0.048583 -0.052382 -0.035319 -0.102283 -0.265221 -0.240574 -0.121772 -0.140257
-0.101938 0.121232 0.059145 0.027121 0.028658 0.004257 0.104249 0.046689 0.057627 -0.026036
-0.084404 -0.199272 -0.278038 -0.226677 -0.183222 -0.031256 0.543988 1.178436 0.340353 0.114248
0.192934 0.179048 -0.059120 -0.130744 -0.115061 -0.184367 0.002128 0.344709 0.181297 0.378087
2.182871 0.068494 -0.012372 0.001440 -0.024971 -0.190323 -0.278464 -0.223357 -0.031632 -0.012204
-0.031064 -0.006031 0.158438 0.138803 0.034588 0.073190 0.062185 0.165285 0.703902 1.091144
-0.009860 -0.123991 0.036726 0.094588 -0.043091 -0.027801 -0.073686 -0.086296 -0.039753 -0.069730
-0.106158 -0.133874 -0.129522 -0.035421 -0.072234 -0.172520 0.017089 0.032515 0.028632 0.020218
0.042775 -0.026747 -0.051474 -0.052206 0.055427 -0.071680 -0.246814 -0.205516 0.016877 -0.018219
-0.106454 -0.041898 0.022828 0.138286 0.053002 0.033746 0.122368 0.129677 0.124326 -0.026789
-0.074196 -0.193362 -0.269532 -0.150564 -0.078110 0.221803 0.475745 1.149708 0.388244 0.135990
0.210921 0.275977 -0.079217 -0.078962 -0.076034 -0.126528 -0.029711 0.217779 0.141896 0.268179
2.319646 0.038008 0.050222 -0.004568 -0.033242 -0.204473 -0.278060 -0.192602 -0.007697 0.038885
-0.133904 -0.131396 0.035977 0.048297 -0.066542 -0.014381 -0.012463 0.123416 0.594187 1.201494
0.001349 -0.092957 0.013637 0.076313 -0.065586 -0.002962 -0.039647 -0.023987 -0.054159 -0.057905
0.008703 -0.043872 -0.024645 -0.067984 -0.174018 -0.217038 0.410687 -0.028278 -0.057265 0.055761
0.080544 -0.066038 -0.124457 -0.120315 0.030275 -0.096933 -0.237952 -0.191978 0.140953 0.053447
-0.079420 -0.050762 0.029634 0.086354 -0.040907 -0.017456 0.070877 0.062724 0.033880 -0.039822
-0.086846 -0.231333 -0.277861 -0.252888 -0.182643 0.007026 0.128590 1.073945 0.222601 0.072100
0.214844 0.278938 -0.119475 -0.066038 -0.044996 0.001436 -0.056649 0.023063 0.073681 0.195376
2.270906 -0.018818 0.069601 0.029690 -0.031801 -0.227970 -0.271123 -0.200223 0.089696 0.084431
-0.217085 -0.218029 -0.205636 -0.240555 -0.219331 -0.167404 -0.160689 -0.000448 0.384668 0.928665
0.152039 0.002218 0.040717 0.033971 -0.090028 -0.026939 -0.033663 0.022116 -0.043649 -0.026264
0.022185 -0.038430 -0.017473 -0.071601 -0.203800 -0.199173 0.133438 -0.054087 0.057122 -0.013398
0.051138 -0.025231 -0.126303 -0.150699 -0.001166 -0.052970 -0.202572 -0.193030 -0.000201 -0.005065
0.021723 0.048624 0.093697 0.064980 0.013132 0.016460 0.095990 0.024652 0.032703 -0.000976
-0.077402 -0.247798 -0.277085 -0.274918 -0.240217 -0.192940 0.021479 0.985566 0.006862 0.044400
0.195745 0.153054 -0.153073 -0.096343 0.017446 0.071599 0.011189 0.138808 0.093657 0.254748
2.202067 -0.025495 0.088553 0.065311 -0.027398 -0.217558 -0.271882 -0.263321 0.030234 0.055895
-0.151641 -0.109909 -0.152560 -0.201539 -0.178586 -0.093796 -0.038851 0.121864 0.655627 1.332337
0.275836 0.070010 0.058195 -0.002711 -0.088619 -0.057029 0.035944 0.137608 0.010894 0.031063
0.010731 0.010400 0.016113 -0.059404 -0.107975 -0.151582 -0.078495 0.045985 0.099984 -0.060754
0.068090 0.017321 -0.115861 -0.140824 0.013806 0.000080 -0.148449 -0.151455 -0.006470 -0.005449
-0.050407 -0.009084 0.071338 0.039215 0.001928 -0.039523 0.030512 -0.006804 0.009925 -0.016485
-0.084702 -0.239539 -0.278413 -0.270936 -0.235351 -0.180335 0.094749 0.699350 -0.033734 0.116955
0.198255 0.125887 -0.122898 -0.063490 0.014368 0.081345 0.011423 0.068001 0.080507 0.278480
2.223134 -0.053938 0.074014 0.052300 -0.012258 -0.166308 -0.278077 -0.277681 -0.180502 -0.205132
-0.247921 -0.220181 -0.241545 -0.271181 -0.274449 -0.203684 -0.045400 0.213968 0.772927 1.783720
0.382919 0.038374 0.046980 -0.047264 -0.113985 -0.108578 -0.030172 0.072016 0.017006 0.002392
-0.002739 0.010253 -0.034723 -0.027652 -0.063335 -0.067042 -0.010662 0.193447 0.102612 -0.034231
0.038234 -0.056315 -0.111861 -0.143863 -0.010187 -0.037240 -0.132071 -0.084743 0.030496 -0.028648
-0.096392 -0.050754 0.092389 0.113662 0.105160 0.037958 0.091428 0.073000 0.095122 0.061000
-0.036012 -0.194656 -0.271805 -0.268183 -0.263286 -0.247723 -0.028016 0.233279 -0.043817 0.115203
0.178004 0.093926 -0.056993 -0.086166 0.055794 0.098413 -0.068159 -0.001699 0.139125 0.229970
2.234113 -0.061623 0.087422 0.066196 0.020339 -0.113424 -0.247671 -0.250130 -0.136114 -0.175190
-0.208574 -0.226485 -0.235200 -0.276359 -0.271129 -0.277576 -0.184712 0.152519 0.736789 1.708665
0.356577 0.013820 -0.008648 -0.067783 -0.101769 -0.106235 -0.014435 0.149611 0.077685 0.074879
0.071981 0.044422 0.016913 0.047360 -0.041648 0.023568 0.040744 0.114259 0.193908 -0.004020
0.004967 -0.045343 -0.038470 -0.117598 0.002506 -0.053802 -0.115583 -0.066436 0.013595 -0.057357
-0.092678 -0.109599 0.003803 0.131445 0.077306 0.012727 0.064871 0.075906 0.089987 0.058816
-0.026006 -0.148665 -0.247651 -0.233651 -0.234956 -0.189285 -0.014832 0.064637 -0.000240 0.043366
0.127637 0.117945 -0.091335 -0.121088 0.076734 0.110718 -0.103398 -0.084580 0.155028 0.311113
2.252804 -0.021986 0.139249 0.066072 0.034460 -0.114615 -0.189033 -0.171613 -0.074063 -0.021824
-0.134884 -0.208847 -0.136475 -0.193554 -0.257937 -0.211619 -0.101868 -0.116447 0.257537 1.418535
0.318880 -0.052485 0.004525 -0.046828 -0.069936 -0.070472 -0.016470 0.130665 0.179988 0.182311
0.184236 0.106391 0.088542 0.038023 -0.010997 0.158175 0.057722 0.009148 0.240953 0.025033
0.105656 -0.005060 0.020655 -0.078022 -0.019133 -0.047355 -0.137066 -0.044041 0.064914 0.001687
-0.095085 -0.124435 -0.089666 -0.029006 -0.081956 -0.064676 -0.011867 -0.006365 0.040064 0.055753
0.024906 -0.089180 -0.192341 -0.116488 -0.019919 0.185024 0.240772 0.311694 0.124607 0.045954
0.184314 0.146876 -0.123946 -0.078073 0.157203 0.313184 -0.094798 -0.149499 0.154528 0.299969
2.281232 -0.035176 0.155329 0.120399 0.105872 -0.085700 -0.127965 -0.089092 0.003498 0.093264
-0.101301 -0.162327 -0.121880 -0.240384 -0.262821 -0.162732 -0.137551 -0.253772 0.214896 0.905846
0.111958 -0.105957 -0.070487 -0.126218 -0.111598 -0.100900 -0.129717 -0.079727 -0.001686 0.076153
0.166058 0.045974 -0.006773 -0.004868 0.259658 0.240782 -0.008063 -0.035960 0.181621 0.018325
0.100628 -0.039062 -0.029666 -0.090548 -0.054941 -0.087589 -0.185271 -0.078177 0.100678 0.060541
-0.063965 -0.087037 -0.113284 -0.078898 -0.131215 -0.031525 0.030745 0.006607 0.046125 0.083651
0.098998 -0.088528 -0.202846 -0.145578 -0.018850 0.243778 0.312263 0.442586 0.095463 -0.054104
0.112011 0.067506 -0.156447 -0.093643 0.123560 0.298744 -0.120330 -0.089276 0.141055 0.230437
2.405280 -0.079043 0.146985 0.047479 0.171491 -0.032206 -0.158542 -0.189340 -0.143759 -0.090818
-0.140917 -0.198034 -0.255747 -0.275806 -0.245082 -0.223838 -0.260840 -0.271919 -0.113727 -0.176073
-0.086343 0.062966 -0.048857 -0.097819 -0.024953 -0.043461 -0.128801 -0.080450 -0.026574 0.099606
0.164269 0.106672 -0.006965 0.009777 0.255899 0.184811 0.109692 -0.019503 0.020967 0.059750
0.135611 -0.015117 -0.048364 -0.069086 -0.028561 -0.081313 -0.179386 -0.047687 0.152345 0.175956
0.036850 -0.002251 0.001608 -0.045524 -0.118924 0.017555 0.088641 0.170328 0.112073 0.102830
0.078811 -0.125004 -0.211510 -0.178269 -0.093940 0.119290 0.459498 0.549777 0.071481 -0.076175
0.180881 0.171730 -0.106860 -0.097046 0.063608 0.188090 -0.104952 -0.091242 0.042187 0.301492
2.400994 -0.123604 0.116787 0.049595 0.174835 0.064693 -0.120546 -0.156968 -0.010549 0.039564
-0.040640 -0.120627 -0.152022 -0.249010 -0.277116 -0.274827 -0.261985 -0.238897 -0.277020 -0.276054
0.014140 0.137069 -0.065449 -0.102779 -0.029861 -0.067314 -0.202632 -0.146611 -0.009600 -0.013403
0.010513 0.061765 -0.080440 -0.013499 0.129145 0.131608 0.086144 -0.026475 -0.001022 0.012970
0.041528 -0.056442 -0.087690 -0.107689 -0.079480 -0.128292 -0.213049 -0.078107 0.084315 0.128989
-0.008290 -0.007244 0.028783 -0.097421 -0.142867 -0.043425 0.043800 0.169792 0.105231 0.133666
0.038152 -0.133910 -0.218043 -0.168027 -0.129046 0.077298 0.396274 0.392043 0.023888 -0.070182
0.175447 0.101724 -0.129196 -0.118805 0.011438 0.069573 -0.097809 -0.064011 0.148971 0.449635
2.081832 -0.036473 0.177478 0.065596 0.226279 0.104516 -0.059436 -0.139597 0.046562 0.271632
0.076951 -0.063608 0.118937 0.017186 -0.090170 0.017109 -0.076657 -0.213857 -0.234168 -0.236599
-0.108752 -0.163452 -0.220114 -0.178557 -0.081326 -0.134299 -0.271557 -0.262044 -0.236060 -0.257197
-0.234151 -0.182805 -0.180007 -0.096449 0.007603 0.019202 0.034460 0.054689 0.045710 -0.018872
0.015158 -0.008010 -0.025521 -0.043728 -0.059328 -0.156449 -0.235550 -0.119792 -0.017666 0.020593
-0.064317 0.026196 0.131399 -0.019998 -0.175785 -0.159478 -0.073751 -0.018893 -0.007897 -0.002591
-0.056608 -0.157084 -0.211517 -0.086543 -0.031440 0.066723 0.134088 0.220887 0.000729 -0.071225
0.129801 0.097439 -0.155671 -0.153642 -0.068953 -0.022300 -0.117774 -0.037373 0.126799 0.453656
0.874942 0.022841 0.241718 -0.057950 -0.003413 0.021337 -0.082752 -0.180492 -0.071277 0.241189
0.037790 0.013272 0.127255 0.349640 -0.015443 0.387591 0.537567 -0.083933 -0.159172 -0.191246
-0.102433 -0.154455 -0.173833 -0.025214 0.133788 0.003471 -0.218826 -0.178681 -0.161036 -0.170265
-0.176433 -0.172827 -0.140887 -0.033017 -0.036690 -0.014125 0.112490 0.119909 0.110125 0.018468
0.000803 -0.036659 0.015733 -0.020219 -0.103516 -0.176706 -0.229461 -0.147258 -0.058075 -0.022948
-0.044305 0.105518 0.251653 0.124702 -0.111492 -0.148124 -0.096170 -0.035415 0.062805 -0.012957
-0.094021 -0.213103 -0.240312 -0.125153 -0.037463 0.110367 0.226392 0.315793 0.060418 -0.092337
0.193148 0.192290 -0.061618 -0.116191 -0.081036 -0.119743 -0.192889 -0.139709 0.013182 0.539107
0.512786 0.385563 0.678845 0.043578 -0.165575 -0.094859 -0.121351 -0.059475 0.129000 0.343993
0.130839 -0.207492 -0.265399 0.118038 -0.165977 0.223139 0.880261 0.099607 -0.067229 -0.209141
-0.167299 -0.230931 -0.267354 -0.187384 -0.077669 -0.133311 -0.156705 -0.169142 -0.184686 -0.191274
-0.248095 -0.136841 -0.021025 0.189792 0.133101 0.224373 0.329997 0.309052 0.244957 0.157527
0.149236 0.137788 0.264924 0.151490 -0.025971 -0.099710 -0.166817 -0.121031 -0.081918 -0.092824
-0.084617 0.125105 0.381237 0.295824 0.065478 -0.075657 -0.083086 -0.095690 -0.009130 -0.052351
-0.088517 -0.220679 -0.270747 -0.137316 0.101501 0.203323 0.250504 0.371469 0.035415 -0.054420
0.183534 0.067964 -0.068097 -0.039325 0.029688 -0.069212 -0.212737 -0.199150 0.006123 0.940135
0.603850 0.279225 1.114120 0.288527 -0.216260 -0.193881 -0.044121 0.178609 0.184398 -0.128786
0.292953 -0.221268 -0.238446 0.120742 -0.068814 0.198695 1.466897 0.713372 0.094188 -0.107751
-0.113098 -0.174519 -0.266503 -0.204164 -0.060003 -0.025890 -0.034619 -0.105999 -0.144258 -0.233004
-0.278077 -0.210984 -0.155708 0.056264 0.009836 -0.028762 0.100495 0.149487 0.103396 0.036359
0.084452 0.100463 0.200847 0.204023 -0.016908 -0.126334 -0.159493 -0.134928 -0.112090 -0.153920
-0.154113 -0.020337 0.142345 0.306597 0.177992 -0.051103 -0.072904 -0.118076 -0.053826 -0.123721
-0.155518 -0.258167 -0.276993 -0.197283 0.002664 0.127898 0.379471 0.586956 0.163410 -0.014789
0.034631 -0.034579 -0.132123 -0.099756 0.164598 -0.039053 -0.248477 -0.250660 -0.054407 1.655446
1.353565 -0.217560 1.511221 0.301157 -0.215027 -0.080536 0.083138 -0.051405 -0.133725 -0.065932
-0.195461 -0.137903 -0.259178 -0.066199 -0.231200 -0.240045 0.901773 0.279662 0.245216 0.011616
-0.040709 -0.071954 -0.204077 -0.072734 0.089720 0.160995 0.146569 0.073817 -0.053329 -0.203236
-0.276077 -0.194573 -0.143447 -0.092746 -0.234889 -0.221458 -0.200643 -0.139275 0.096706 0.173974
0.106346 0.082710 0.175398 0.239260 0.060340 -0.102641 -0.102409 -0.091533 -0.056588 -0.116436
-0.179120 -0.097945 0.201606 0.374538 0.230570 0.130179 0.016734 -0.059684 -0.018100 -0.101839
-0.143226 -0.244343 -0.277371 -0.153105 0.014760 0.009250 0.221704 0.677996 0.267297 -0.009450
-0.009603 -0.141113 -0.169106 -0.095209 0.405695 -0.001617 -0.232391 -0.252788 -0.240232 0.923289
1.173113 0.071211 1.642354 0.532618 -0.017148 0.155228 0.372159 0.568351 -0.158229 -0.103699
0.244691 0.013113 -0.229579 -0.004243 -0.138240 -0.091704 0.690335 0.891267 0.534702 0.061657
0.084251 -0.043076 -0.154968 -0.148658 0.036376 0.159948 0.144194 0.115072 0.001452 -0.227227
-0.278063 -0.257831 -0.160733 -0.126263 -0.231177 -0.222486 -0.237873 -0.246308 0.015582 0.232911
0.002942 0.061198 0.317313 0.300671 0.151926 -0.060009 -0.066947 -0.082491 -0.035607 -0.085831
-0.211549 -0.066041 0.244793 0.219424 0.286839 0.192426 0.038705 -0.089141 -0.088899 -0.174875
-0.178672 -0.261617 -0.278464 -0.249477 -0.216898 -0.211692 0.071258 0.716335 0.036215 -0.013347
-0.030794 -0.176446 -0.244687 -0.200554 0.016880 -0.066555 -0.132108 -0.221305 -0.248152 0.647404
1.339845 -0.183374 0.956964 1.066400 -0.036444 0.330480 0.147647 0.497187 -0.146041 -0.053890
0.558742 -0.001776 -0.186090 -0.145931 -0.215343 -0.158029 0.028242 0.813855 0.179770 0.103336
0.092203 -0.028348 -0.136267 -0.184784 -0.109691 -0.097053 -0.089468 -0.056671 -0.039074 -0.223739
-0.277342 -0.276144 -0.255899 -0.261533 -0.275383 -0.262997 -0.277858 -0.278055 -0.234383 -0.257542
-0.252523 -0.181859 0.023706 0.083492 0.077843 -0.042983 -0.110095 -0.142826 -0.154540 -0.233528
-0.272204 -0.196399 -0.041063 0.084398 0.387512 0.300768 0.099220 -0.065464 -0.045759 -0.105460
-0.141716 -0.248431 -0.273996 -0.268173 -0.271883 -0.253439 -0.129427 0.143775 -0.161238 -0.106604
-0.111137 -0.116939 -0.239998 -0.250149 -0.191863 -0.140625 -0.017648 -0.182314 -0.071611 0.523854
0.404632 -0.186088 0.044913 -0.088394 -0.272187 0.005721 -0.271069 0.837136 -0.188071 -0.033157
0.057714 0.051307 0.091107 -0.022741 -0.029914 -0.010096 0.123158 0.073190 0.271677 0.172979
0.334904 0.095327 -0.083005 -0.108922 -0.060019 -0.102383 -0.142551 -0.150014 -0.081809 -0.195279
-0.267971 -0.254578 -0.208478 -0.211124 -0.247681 -0.271364 -0.275356 -0.268793 -0.272229 -0.270958
-0.278451 -0.252010 -0.130978 -0.100384 -0.010094 -0.028376 -0.109997 -0.136147 -0.147920 -0.194089
-0.250976 -0.230233 -0.130999 0.162502 0.310759 0.234345 0.150950 0.017382 0.030758 -0.119240
-0.181205 -0.194897 -0.193350 -0.188824 -0.207830 -0.169418 -0.026788 0.200345 -0.161215 -0.177180
-0.170826 -0.167663 -0.237564 -0.249910 -0.224649 -0.163293 0.067565 0.009595 0.147984 0.302486
0.520888 -0.131933 0.142363 0.160336 0.443617 0.532441 0.081777 0.226258 -0.077021 -0.001935
-0.062527 0.077175 0.090229 0.323270 -0.089167 0.140479 0.056640 -0.007297 0.001918 0.235754
1.054202 0.027594 0.022400 0.023320 0.106963 -0.051405 -0.161015 -0.181441 -0.065081 -0.046019
-0.091989 -0.035965 0.001106 0.070129 0.147029 0.060526 -0.016574 -0.105492 -0.135068 -0.150924
-0.115151 -0.104413 -0.008815 -0.026668 0.039496 -0.010937 -0.111042 -0.129581 -0.114259 -0.053684
-0.187693 -0.185873 0.024779 0.164917 0.179102 0.161100 0.276521 0.163969 0.073317 -0.087055
-0.192044 -0.200738 -0.168097 -0.122254 -0.035385 0.103608 0.330929 0.611658 -0.072231 -0.141125
-0.153386 -0.192806 -0.210623 -0.235108 -0.211985 -0.088884 0.113716 -0.067621 -0.135912 0.588925
0.370872 -0.173905 -0.128702 -0.062393 -0.147764 -0.029330 -0.203799 0.279787 0.015069 -0.138729
-0.152854 0.086967 -0.046235 0.217492 -0.090525 0.138888 0.079537 0.238356 -0.131049 -0.191545
0.036238 0.042776 0.095809 0.104566 0.176811 -0.117379 -0.217846 -0.221240 -0.120082 -0.000500
-0.042631 -0.028548 0.029407 0.048381 0.085112 0.078153 0.117700 -0.052482 -0.026320 -0.063670
-0.059705 -0.122826 -0.001480 -0.010804 0.076103 -0.044695 -0.138265 -0.139143 -0.145369 -0.084939
-0.249490 -0.219932 -0.146956 -0.187728 -0.081442 0.128094 0.152247 0.168818 0.189203 0.008058
-0.133678 -0.141982 -0.193713 -0.153097 0.170777 0.085321 0.258652 0.359780 -0.113303 -0.103596
-0.160211 -0.224552 -0.225791 -0.249582 -0.208392 -0.063015 0.334313 -0.042247 -0.012362 1.125013
0.709991 -0.114953 -0.206701 -0.141449 -0.004189 0.275963 0.032820 0.154378 -0.070746 -0.072223
-0.115773 -0.184256 0.128975 -0.089063 0.011459 0.508502 0.098579 0.274952 -0.014286 -0.173207
0.232637 0.198891 0.108983 0.052661 0.084809 -0.107962 -0.238799 -0.213884 -0.177437 -0.156552
-0.233534 -0.224300 -0.264555 -0.255791 -0.210284 -0.196618 -0.255562 -0.272500 -0.261246 -0.272446
-0.278304 -0.278435 -0.270562 -0.212615 -0.220268 -0.261201 -0.255756 -0.273850 -0.275365 -0.275815
-0.270322 -0.278114 -0.277424 -0.278358 -0.265376 -0.254152 -0.259586 -0.214434 -0.168848 -0.221173
-0.246809 -0.238136 -0.278096 -0.276402 -0.210251 -0.232661 -0.030406 -0.040741 -0.127684 -0.075699
-0.183516 -0.225483 -0.206891 -0.151984 -0.188962 -0.023757 0.117435 -0.148104 0.141003 1.752328
0.969593 -0.215724 -0.219903 -0.180372 -0.025426 0.212712 -0.083563 -0.038759 -0.034338 0.019640
-0.102504 0.062429 0.023269 0.016231 0.185844 -0.062364 -0.138251 0.000468 0.001021 -0.186764
0.345394 0.028977 -0.102085 -0.123013 0.195147 -0.039128 -0.209456 -0.164822 -0.121436 0.003264
-0.027062 -0.076295 -0.253055 -0.220168 -0.195451 -0.201096 -0.246662 -0.223359 -0.224900 -0.235384
-0.257750 -0.269431 -0.273240 -0.238346 -0.251632 -0.253980 -0.192781 -0.248888 -0.276948 -0.276675
-0.270506 -0.277823 -0.278190 -0.274911 -0.278450 -0.277742 -0.277985 -0.278232 -0.272664 -0.269677
-0.261820 -0.253934 -0.278278 -0.278241 -0.278075 -0.278463 -0.260115 -0.230083 -0.178428 -0.160591
-0.199195 -0.202978 -0.166062 0.012644 -0.172899 -0.210941 -0.099814 -0.044309 -0.266275 0.109568
0.819998 -0.074926 -0.151031 -0.235125 -0.144017 0.119745 0.052629 0.060763 0.135541 -0.122163
0.179621 -0.150108 0.089168 -0.000740 -0.026064 0.041248 0.244960 0.216332 0.028489 -0.067382
0.160492 0.202426 0.258076 -0.064290 0.094777 -0.143092 -0.248193 -0.257128 -0.144090 0.145871
0.251071 0.270529 -0.170562 -0.080783 -0.058919 -0.149111 -0.188639 -0.166100 -0.171320 -0.183099
-0.158870 -0.144874 -0.147987 -0.180332 -0.215971 -0.192539 -0.145886 -0.124554 -0.110293 -0.177791
-0.227953 -0.185168 -0.182900 -0.155343 -0.159559 -0.141676 -0.204571 -0.215401 -0.191358 -0.170691
-0.213220 -0.208598 -0.232819 -0.183421 -0.189261 -0.146144 -0.022905 0.074195 -0.116909 -0.190219
-0.198918 -0.219378 -0.145486 0.006041 -0.152245 -0.210530 0.519666 0.596161 -0.000111 -0.124301
1.110498 0.224453 0.011905 -0.207676 -0.183518 -0.024922 0.200064 0.006200 -0.088415 -0.089867
0.237168 0.137756 0.160801 -0.112685 -0.094966 -0.136283 0.192583 0.022036 0.076220 -0.030082
0.171129 0.387096 -0.031045 -0.147678 0.046005 -0.180060 -0.243832 -0.234248 -0.093612 0.018294
0.228370 0.491931 -0.098606 -0.076064 0.084298 0.053938 0.100375 0.055858 0.027617 -0.054402
0.010781 0.025568 0.057725 -0.073801 -0.125308 -0.142440 -0.116085 -0.079151 -0.050611 -0.145432
-0.142007 -0.039529 -0.049659 -0.060841 -0.081164 -0.080992 -0.175107 -0.196986 -0.167843 -0.171119
-0.221541 -0.193936 -0.220879 -0.100784 -0.122711 -0.079428 -0.172379 0.010777 -0.224560 0.053234
0.051072 -0.059695 0.039877 0.480730 -0.207701 -0.200143 0.467362 0.210873 -0.155458 0.081030
0.634489 -0.072110 -0.075803 -0.249798 -0.220962 -0.089966 -0.056553 -0.218904 -0.011579 0.144878
0.148552 0.019577 -0.153004 -0.160721 -0.046585 -0.049808 -0.028257 -0.089419 0.103654 0.143967
0.213155 1.301484 0.007936 -0.075358 0.027965 -0.154195 -0.179399 -0.252374 -0.266162 -0.265944
-0.147856 -0.042976 -0.184515 -0.173729 -0.129106 -0.121699 -0.090942 -0.075547 -0.142187 -0.176209
-0.033513 -0.020387 -0.023105 -0.069713 -0.073875 -0.115081 -0.142319 -0.092883 -0.037844 -0.127113
-0.190735 -0.201511 -0.186506 -0.187053 -0.130130 -0.141142 -0.190256 -0.222423 -0.209830 -0.182597
-0.154298 -0.148946 -0.195908 -0.062597 0.094136 0.038204 0.113525 0.139799 -0.201156 0.169507
-0.081295 -0.210369 -0.182075 0.082597 -0.249406 -0.033456 0.028348 0.052652 1.066190 0.108902
0.500112 -0.081740 0.428709 -0.174798 -0.170783 -0.201950 -0.202112 -0.249116 -0.250294 -0.257858
-0.110639 -0.075337 0.011260 -0.044156 0.000984 -0.102232 -0.125045 0.120435 0.275865 0.301586
0.102387 0.798950 -0.103132 0.016158 0.024013 -0.114210 -0.064339 -0.140494 -0.228805 -0.232144
-0.169766 -0.170873 -0.202892 -0.131826 0.034738 0.051949 0.134738 0.270504 -0.045193 -0.186053
-0.149184 -0.077025 -0.064893 -0.076382 -0.117762 -0.139014 -0.170386 -0.140156 -0.107663 -0.141581
-0.180196 -0.168584 -0.130506 -0.138214 -0.102965 -0.134694 -0.188892 -0.218755 -0.205921 -0.216680
-0.168625 -0.143255 -0.217145 0.011515 0.512604 0.425839 -0.111435 -0.174844 0.203647 -0.015315
-0.157150 -0.048421 -0.092586 -0.185902 -0.107976 0.527300 -0.222352 0.559074 1.579749 0.409196
0.549985 -0.091204 0.145151 -0.227253 -0.079418 -0.207710 -0.208945 -0.182722 -0.148622 -0.078302
0.052363 0.135056 -0.033019 -0.233031 -0.140233 -0.268761 -0.110141 -0.074177 0.087656 -0.051698
-0.124023 0.445019 0.234906 0.131485 -0.081814 -0.113956 -0.000521 -0.020884 -0.145544 -0.112597
0.011022 -0.039337 -0.196375 -0.090298 0.074193 -0.241072 -0.152751 0.518216 0.107817 -0.159197
-0.171237 -0.093865 -0.102263 -0.127604 -0.156713 -0.126271 -0.075041 0.042351 0.228263 0.038069
-0.002099 -0.112127 -0.109617 -0.145597 -0.163630 -0.194363 -0.175707 -0.170018 -0.141504 -0.224301
-0.204667 -0.042198 -0.185087 -0.028553 0.475206 -0.161324 -0.259994 -0.202089 0.595938 -0.153207
0.106979 0.324161 -0.241915 -0.278343 -0.259675 -0.165509 -0.267897 -0.272938 -0.277660 1.327618
0.779631 -0.041031 -0.142668 -0.198571 -0.128589 -0.134219 -0.167621 -0.236741 -0.268892 -0.199494
-0.065075 0.082453 0.061923 -0.091329 -0.042265 -0.113805 0.000054 -0.046791 0.020829 0.307862
-0.110218 0.989615 0.350456 -0.029420 -0.146759 -0.173223 -0.096422 -0.087949 -0.173001 -0.105815
-0.071830 -0.160705 -0.254072 -0.137799 0.145694 -0.193881 0.449657 0.861590 0.091101 -0.081691
-0.152250 -0.088006 -0.095956 -0.085344 0.146344 0.177312 -0.098564 -0.028484 0.031090 -0.028989
0.029141 -0.021399 -0.076972 -0.165662 -0.159967 -0.189304 -0.058135 0.010845 0.368668 -0.055769
-0.069944 0.153002 0.031210 -0.213405 -0.127059 -0.202896 -0.072553 -0.211596 -0.258334 -0.215317
0.419415 0.326885 -0.076384 -0.143483 -0.212053 -0.191183 -0.277339 -0.246811 -0.190517 1.507616
0.879960 0.171735 0.051249 -0.244667 -0.157278 0.126554 -0.169719 -0.149316 -0.182938 -0.111575
-0.068262 0.153832 0.029337 -0.104173 -0.036282 -0.226201 -0.241968 -0.264579 -0.143711 0.175783
-0.166479 1.214821 -0.088536 -0.108750 -0.158742 -0.214068 -0.158603 -0.151714 -0.174321 -0.185021
-0.230221 -0.220541 -0.255969 -0.226886 -0.217942 -0.229299 1.011146 0.923466 0.277852 -0.026221
-0.086462 -0.067046 -0.158724 -0.104123 0.033040 -0.047863 -0.274235 0.037021 -0.196430 -0.068303
0.514040 0.017532 -0.126656 -0.183972 -0.148824 -0.129598 0.006483 0.030926 -0.204275 -0.271587
-0.153947 -0.083104 0.218366 -0.170936 0.558967 -0.208030 -0.074912 -0.185534 0.234318 -0.151950
-0.029348 -0.092149 0.286890 0.295967 -0.169964 -0.201907 -0.215417 -0.266581 -0.278400 0.703143
0.778853 0.052042 0.127103 -0.239995 -0.186027 -0.026710 -0.169557 -0.064546 -0.173285 -0.127732
-0.148727 0.298914 -0.030802 -0.055645 0.038665 -0.158410 -0.207434 -0.142618 0.117472 0.321781
-0.114189 0.624347 0.042263 0.020620 -0.148612 -0.202072 -0.141718 -0.172534 -0.188856 -0.191509
-0.219653 -0.156795 -0.163521 -0.205536 -0.248437 -0.278017 -0.176750 -0.077423 0.677788 -0.008889
0.128763 0.102400 -0.225194 -0.024833 0.140297 0.184807 -0.131554 0.962613 -0.102044 0.255102
0.594137 -0.055495 0.011680 -0.133406 -0.121440 -0.142056 -0.084503 0.051951 -0.159177 0.020334
-0.041865 0.023774 -0.049475 -0.166096 0.204452 -0.182157 -0.000262 -0.158505 -0.139423 -0.178314
0.081134 -0.119454 0.440480 0.144421 -0.157012 -0.199608 -0.186825 -0.237367 -0.247997 0.463878
0.708659 -0.004632 0.137230 -0.199413 -0.226701 -0.108931 -0.156832 -0.144206 -0.164412 -0.141044
-0.174522 -0.036824 -0.181427 -0.163625 0.077966 0.007960 -0.140948 -0.272681 -0.188772 0.092066
0.094593 0.254223 0.026558 -0.063298 -0.210296 -0.197632 -0.146194 -0.212519 -0.229606 -0.209294
-0.183569 -0.000495 0.088096 0.070647 -0.008718 -0.140815 -0.196242 -0.045932 0.871521 -0.044428
-0.117794 -0.081685 -0.108826 0.018194 0.098613 0.146150 -0.110038 0.041834 0.004474 -0.188621
-0.156303 0.332188 -0.097817 -0.121515 -0.125652 0.135670 -0.083156 -0.161654 -0.095626 0.342436
0.220532 0.521161 0.062615 0.049726 0.074516 -0.117911 0.109008 -0.173121 -0.187752 0.145329
-0.030051 -0.120074 0.426948 -0.186925 -0.126364 -0.138537 -0.128835 -0.192543 -0.215246 0.949499
0.771777 -0.024839 0.018012 -0.185347 -0.195824 -0.174061 -0.159324 -0.150243 -0.166375 -0.175314
-0.145219 -0.049541 -0.151803 -0.170767 -0.082369 0.169145 -0.170133 -0.119020 -0.078575 0.156317
-0.128976 0.017403 0.812426 -0.084743 -0.132640 -0.031702 0.211455 0.247227 -0.164073 -0.132783
-0.128329 -0.070756 0.041805 0.373887 -0.207702 0.060548 -0.021643 -0.111720 0.043004 0.196197
0.169677 0.305531 -0.090906 -0.119792 -0.082076 0.013458 -0.086975 -0.142364 0.006252 -0.107676
-0.110157 1.555107 -0.167932 -0.014107 0.007016 0.160812 -0.039998 -0.083323 -0.195725 0.122148
-0.125432 0.034047 -0.024799 0.126400 -0.049915 -0.090096 -0.139509 -0.173756 -0.159750 -0.011445
0.045837 0.055344 0.055638 -0.159478 -0.123275 -0.162859 -0.197777 -0.228110 -0.247674 0.639359
1.097384 0.156784 -0.019554 -0.134739 -0.189728 -0.120452 -0.138692 -0.059818 -0.179570 -0.223921
-0.061213 -0.021827 -0.160555 -0.222135 -0.106180 0.112261 -0.177430 0.570824 -0.209839 0.146744
-0.217549 0.770094 1.199326 -0.111846 0.064976 0.179236 0.115171 0.180300 -0.174568 0.060020
0.415428 0.064460 0.307514 0.065846 -0.065884 0.256302 0.428733 -0.185534 -0.057077 0.323411
-0.027023 0.542890 0.009952 0.136305 0.016074 -0.094706 -0.049728 0.343913 -0.058658 -0.004917
-0.066536 0.334197 -0.248414 0.043782 0.200630 -0.042610 0.211691 0.141967 -0.120310 -0.041437
-0.139000 0.370956 -0.190389 0.485397 -0.171535 -0.089100 0.052194 -0.182423 -0.150673 -0.025747
-0.094658 -0.162326 -0.163519 0.006715 -0.177487 -0.069579 -0.225692 -0.268380 -0.239816 0.529812
1.300516 -0.113147 -0.143942 -0.094979 -0.074134 -0.174572 -0.211107 -0.143357 -0.194738 -0.219993
-0.158646 -0.077807 -0.168411 -0.215972 -0.049550 0.013484 -0.078857 0.415448 -0.202373 -0.008641
-0.210026 0.154082 -0.197998 -0.206893 -0.142946 -0.081471 0.399887 -0.132436 -0.273400 -0.112856
0.345989 -0.244282 0.383369 -0.133042 0.131969 0.323912 0.472718 -0.168891 0.140932 0.090503
0.183672 0.250612 0.102338 0.381507 -0.137994 -0.139831 0.123605 0.745537 -0.237073 -0.043406
-0.058041 0.267551 0.047988 0.967057 0.081823 -0.041023 0.042856 0.000863 0.060153 0.147116
-0.011921 -0.070843 -0.210325 0.107522 0.191877 0.620451 -0.011331 -0.010174 -0.101543 -0.123811
-0.200275 -0.144961 -0.149879 -0.135450 -0.185764 -0.120697 -0.245533 -0.220132 -0.143069 0.654067
0.793065 -0.174316 0.008403 0.010012 0.379575 -0.240872 -0.199630 -0.222837 -0.187762 -0.208312
-0.237926 -0.206390 -0.185236 -0.163030 0.081781 0.036719 -0.193988 -0.179102 -0.203452 -0.072559
-0.158898 -0.196069 -0.098621 -0.108352 0.324796 0.092838 0.146957 -0.147153 -0.248954 0.470120
0.990537 0.415645 0.143701 -0.015454 0.255108 0.693591 -0.116297 -0.102004 0.082588 0.147220
0.284454 0.094721 -0.025522 0.039484 -0.112696 0.064825 0.173272 0.144306 -0.078389 0.290355
0.003136 -0.049443 0.243209 0.195766 -0.046093 0.086343 -0.189392 -0.011937 0.013037 -0.148751
-0.029797 -0.128483 -0.240613 0.197661 0.265139 -0.159759 -0.163295 -0.050288 0.025204 -0.089691
-0.117763 -0.065714 -0.117012 -0.230534 -0.206081 -0.249380 -0.273024 -0.262683 -0.138671 0.835909
0.392032 -0.066238 0.129024 -0.062879 0.237568 -0.078610 -0.058350 -0.172501 -0.080433 -0.210904
-0.191391 -0.126174 -0.200060 -0.119486 -0.030893 0.044649 -0.066217 -0.168731 -0.199448 -0.103702
-0.053789 -0.186033 -0.208618 -0.195205 0.447414 -0.041029 -0.131742 -0.180828 -0.262161 -0.261854
-0.227257 -0.146254 -0.111418 -0.044180 0.219719 0.303854 -0.027692 0.424598 0.204919 0.047555
0.147499 -0.015861 0.249338 -0.010026 0.265070 -0.038808 -0.051505 0.106935 -0.134070 -0.169321
-0.016047 -0.014997 0.630833 0.071728 -0.020800 0.074043 0.052036 -0.000412 -0.004969 -0.102989
-0.041674 -0.211446 -0.134472 0.356890 0.053542 -0.043364 -0.017861 0.035896 -0.006742 -0.190373
-0.145300 -0.089569 0.262893 -0.169944 -0.198754 -0.264085 -0.273423 -0.276775 -0.243512 0.642833
0.218834 0.456473 0.148631 -0.155747 -0.119007 -0.062802 -0.076131 -0.075859 0.001948 -0.199774
-0.092568 -0.049745 -0.094413 -0.194535 -0.137842 0.150202 0.008750 -0.133072 -0.103501 -0.154185
-0.184403 -0.166444 -0.182563 -0.226745 -0.178420 -0.086093 -0.065098 -0.237940 -0.217404 -0.048942
0.042379 -0.027381 -0.161533 -0.167901 0.002927 0.031835 -0.180221 -0.123283 -0.124008 0.047132
0.508113 0.099737 0.491547 0.438258 0.121539 0.142944 -0.148948 0.111264 0.059425 0.013874
0.318680 -0.162623 0.172994 0.430669 0.230731 0.057914 0.002585 0.030369 -0.084062 -0.161494
-0.217533 -0.159944 -0.094987 -0.051632 -0.192186 -0.154690 -0.011387 -0.044188 -0.133959 -0.206270
-0.253659 -0.216760 0.060607 -0.198334 -0.134430 -0.244136 -0.240759 -0.274849 -0.194397 0.718500
0.675538 0.789640 0.151612 -0.031387 -0.164909 -0.174933 -0.138957 -0.054885 -0.114058 -0.102050
0.123564 -0.027951 -0.062097 -0.207554 -0.098813 0.022692 -0.111233 -0.104612 -0.075791 -0.181809
-0.182440 -0.152632 -0.150821 0.074281 -0.094467 -0.095635 -0.145025 -0.161432 -0.239051 -0.225505
-0.060578 -0.161907 -0.076338 -0.118121 -0.069799 -0.058368 -0.177668 -0.104547 -0.061048 -0.166728
-0.035286 -0.028853 0.083407 0.118485 0.138066 -0.047475 -0.142020 -0.026058 -0.168738 -0.130033
0.022940 -0.252193 0.415943 0.310652 0.592763 -0.069387 -0.094205 0.004733 -0.068198 -0.043611
-0.157377 -0.149477 -0.084783 0.298124 -0.077319 -0.114889 -0.074101 -0.095733 -0.170455 -0.087739
-0.187252 -0.143584 0.029275 -0.205299 -0.194659 -0.265733 -0.197609 -0.274617 -0.246729 0.558919
0.963838 0.265978 -0.063987 -0.047922 -0.212212 -0.217204 -0.168678 -0.129737 -0.232699 -0.036691
0.355982 -0.001134 -0.126135 -0.180481 -0.138390 -0.128091 -0.037040 -0.029127 -0.096679 -0.186776
-0.207710 -0.200923 -0.177495 0.617072 -0.056408 -0.154874 -0.126010 -0.088606 -0.135199 -0.127798
0.174826 -0.009034 0.030896 0.126746 -0.019818 -0.026749 -0.184957 -0.202450 -0.155916 -0.209269
0.179304 0.298672 0.204096 0.122774 0.272479 0.008525 -0.064729 -0.084681 -0.130369 0.187108
0.088426 -0.277117 -0.076014 -0.175387 0.265418 -0.187845 -0.061899 -0.033728 -0.163244 0.021819
-0.217054 -0.111331 -0.109264 0.005671 -0.097563 -0.054043 0.051518 -0.122926 -0.086355 0.091060
-0.244715 0.007539 0.127926 -0.115919 -0.199151 -0.264128 -0.250491 -0.278333 -0.180228 0.698147
1.060038 0.537234 -0.100277 -0.092943 -0.246145 -0.270096 -0.061608 -0.236335 -0.248296 -0.093490
0.103967 -0.158345 -0.096278 -0.161162 -0.175403 -0.115916 0.033524 -0.112998 -0.133482 -0.169474
-0.181208 -0.187771 -0.085550 1.141818 -0.005723 -0.174285 -0.026357 -0.034408 -0.166883 -0.186998
0.157585 0.037679 -0.131534 -0.054580 -0.031328 0.113127 -0.146289 -0.168321 -0.175745 -0.234758
-0.177146 -0.262805 -0.225429 0.059145 -0.079249 -0.037489 -0.141337 -0.164007 -0.080108 -0.156963
-0.217294 -0.215187 -0.119347 -0.208281 -0.107551 -0.042278 0.164884 0.198455 -0.167414 0.039986
-0.160877 -0.038584 -0.093529 -0.229332 -0.193615 -0.090567 0.249684 -0.088101 -0.167510 -0.169755
-0.261425 -0.004973 0.026381 -0.205036 -0.163598 -0.244888 -0.253652 -0.252486 -0.160633 1.328945
1.329600 0.249710 -0.117187 -0.157742 -0.079535 -0.032283 0.795360 -0.207865 -0.247288 -0.115861
0.070635 -0.119323 -0.081887 -0.150484 -0.162446 -0.042505 0.072994 -0.158138 -0.155343 -0.190963
-0.178169 -0.172962 -0.222939 0.254735 -0.052410 -0.191901 -0.037019 -0.083074 -0.169713 -0.229254
-0.136450 -0.040946 -0.081220 -0.141282 -0.154192 -0.084051 0.148021 -0.140068 -0.127508 -0.184551
-0.160792 -0.154428 -0.040497 -0.165818 -0.257567 -0.175168 -0.005726 -0.040255 0.044644 -0.209311
-0.172978 -0.159179 -0.183192 -0.259617 -0.163778 -0.244528 -0.008947 0.190736 -0.255679 -0.174170
-0.047007 0.122596 0.124423 -0.245343 -0.146013 -0.127845 0.153189 0.102615 0.305713 0.335653
-0.124437 0.170095 0.063143 -0.202695 -0.177703 -0.247604 -0.254578 -0.117148 -0.204547 1.557823
1.314167 -0.065917 -0.200660 -0.161410 -0.192379 0.126961 0.003988 0.573406 -0.004056 -0.006565
-0.076089 -0.184694 -0.142874 -0.124073 -0.157346 -0.110818 -0.191181 -0.149224 -0.145526 -0.237783
-0.070564 0.031104 -0.108359 -0.030457 -0.046613 -0.102122 -0.004267 -0.102775 -0.039170 -0.215486
-0.146329 -0.052154 -0.001588 -0.151769 -0.105093 -0.080204 0.195919 -0.093221 -0.104862 -0.155105
-0.106824 -0.144159 -0.126973 -0.199671 -0.257316 -0.212002 -0.145560 -0.011193 0.138285 -0.160221
-0.169103 -0.138128 -0.126394 -0.165206 0.281437 0.106616 0.141938 -0.148803 0.012850 -0.075346
-0.042441 -0.093703 0.057006 -0.213885 -0.131453 -0.120537 -0.012244 -0.110879 0.134353 -0.010521
-0.188357 -0.027876 -0.059237 -0.138349 -0.121884 0.061101 -0.248545 -0.255039 -0.235240 1.770293
1.197690 -0.050900 0.032336 0.027808 -0.231049 -0.275587 -0.181791 1.492197 0.175678 -0.028669
-0.101768 -0.155189 -0.157231 -0.157394 -0.204051 -0.147596 -0.151048 0.091803 -0.049744 -0.195272
-0.151899 -0.135162 -0.058834 -0.031946 0.009296 -0.090987 -0.156688 -0.129148 0.012035 -0.185756
-0.154868 0.053201 -0.054314 -0.151758 -0.134958 -0.058911 0.296518 0.007307 -0.006803 -0.050668
-0.134260 -0.116840 -0.106076 -0.151261 -0.225253 -0.201060 -0.242554 -0.133227 -0.110659 0.160151
-0.168157 -0.164788 -0.067208 -0.278380 -0.052409 -0.112151 -0.064121 0.036701 0.263135 -0.184222
0.036622 -0.054362 0.112572 -0.192253 -0.173054 -0.109399 -0.040723 -0.166996 -0.041957 -0.078875
0.558558 0.147660 0.078195 -0.052292 -0.013846 0.708663 -0.270256 -0.199799 -0.235080 1.098898
0.861069 0.076650 0.325113 0.237169 -0.059328 -0.277592 -0.164889 0.085274 0.290002 -0.097383
0.024503 -0.164879 -0.221553 -0.246706 -0.273586 -0.181937 0.165179 0.113862 -0.162739 -0.214352
-0.059617 -0.030630 -0.019910 -0.058064 0.067152 0.026408 -0.113234 -0.081118 -0.015180 -0.199760
-0.159966 0.016235 0.027620 -0.100904 -0.113626 -0.157710 -0.055057 -0.090119 0.070486 -0.013040
-0.061409 -0.097791 -0.086800 -0.165262 -0.196823 -0.110872 -0.134423 -0.193134 -0.223979 -0.110814
-0.239398 0.043371 0.551466 -0.263788 -0.152121 -0.105705 0.242214 0.201921 0.168509 -0.022586
0.152525 -0.114187 0.425525 -0.222999 -0.216043 -0.097947 -0.129083 -0.227003 -0.163483 0.042675
0.626431 -0.132193 -0.107476 -0.079336 0.068357 0.455147 -0.259125 0.022298 -0.077875 0.952435
1.117582 -0.026648 0.031436 -0.047351 -0.155910 -0.218623 -0.152065 -0.174900 0.331267 -0.057108
0.356625 -0.158193 -0.198906 -0.222222 -0.262759 -0.072637 0.389602 -0.106225 -0.194425 -0.071741
-0.164882 -0.164636 0.035184 -0.074805 -0.065934 0.100675 -0.079215 0.006285 0.112268 -0.115343
-0.109591 -0.015970 0.162897 -0.081375 -0.013327 -0.084400 -0.055996 -0.072728 0.020122 -0.038819
0.006004 -0.087267 -0.091464 -0.120430 -0.115124 -0.033006 -0.072472 -0.029797 0.141177 -0.148142
-0.141166 0.052544 -0.159561 -0.277670 -0.012541 0.256999 0.246728 0.048514 -0.249103 -0.071069
0.374069 -0.109615 1.086759 -0.141964 -0.234728 -0.275453 -0.270960 -0.254737 -0.278440 -0.150914
-0.032871 0.105119 0.236062 0.110181 -0.126658 -0.144206 -0.260146 -0.187726 -0.247427 1.179422
0.813777 -0.155697 0.129572 0.047955 -0.080569 -0.118038 -0.175601 -0.193144 -0.005237 0.252887
0.515378 -0.174778 -0.217403 -0.246713 -0.263403 -0.069799 0.767922 0.485667 0.104527 0.046119
-0.201402 -0.191702 0.093758 -0.026798 -0.132255 -0.077585 -0.131789 0.323483 0.123181 -0.076878
-0.135537 -0.147774 -0.061940 -0.072854 0.050062 -0.205402 -0.137344 -0.027577 0.011996 -0.168469
0.025601 -0.028567 -0.048864 0.045339 0.009887 -0.084523 -0.172554 0.145233 -0.012069 -0.126267
0.026051 -0.134640 -0.239269 -0.239998 -0.277979 -0.071287 0.009068 -0.140530 -0.202937 -0.130613
1.078428 -0.177308 0.111122 -0.007059 -0.047907 -0.271230 -0.173063 -0.231524 -0.188832 0.208901
0.195387 0.149791 -0.078805 -0.159659 -0.148402 -0.203094 -0.275617 -0.276529 -0.253948 1.187821
1.134131 0.014443 0.079374 -0.202745 -0.142350 -0.173515 -0.195317 -0.229170 0.320277 0.307690
0.076887 -0.249522 -0.244393 -0.270774 -0.276309 -0.106622 1.602558 0.159166 -0.026712 -0.073644
-0.197057 -0.191543 -0.053507 -0.103444 -0.202798 -0.223294 -0.249472 -0.230485 -0.174134 -0.115449
-0.129056 -0.162760 -0.106724 -0.099217 0.085238 -0.173029 -0.069104 -0.146887 -0.153247 -0.171304
0.249547 -0.083801 -0.178525 -0.059144 -0.090604 -0.209080 -0.119637 0.668956 -0.244582 -0.156382
0.229072 -0.066618 -0.188972 -0.177029 -0.265486 -0.097377 0.024480 -0.146709 -0.220668 -0.201830
0.008428 -0.274376 -0.017183 -0.114640 -0.202976 -0.181233 -0.087331 -0.273270 -0.269761 -0.259363
-0.238722 -0.130875 -0.191076 -0.149297 -0.060897 -0.170808 -0.223816 -0.254569 -0.271687 0.329294
1.197966 0.002819 0.076142 -0.247619 -0.237354 -0.220236 -0.222393 -0.254008 0.152594 0.212333
-0.122619 -0.216977 -0.245817 -0.257006 -0.207778 -0.245335 0.228508 -0.221902 0.135645 -0.096030
-0.222146 -0.233874 -0.116912 -0.148213 -0.172369 -0.200584 -0.163611 -0.184858 -0.171014 -0.052355
-0.227828 -0.231398 -0.184619 -0.151587 -0.095289 -0.236283 -0.159635 -0.256279 -0.183619 0.098184
-0.091285 -0.196104 -0.099693 -0.104653 -0.110556 -0.079018 -0.194914 -0.182660 -0.245145 -0.116207
-0.119326 -0.168705 -0.203455 -0.232122 -0.082009 -0.243845 -0.274495 -0.234165 -0.258146 -0.267875
-0.221507 -0.214718 -0.119697 -0.216686 -0.219945 -0.177283 -0.137556 -0.093810 -0.137454 -0.180100
-0.187766 -0.159228 -0.107384 -0.109000 -0.020181 -0.108826 -0.139585 -0.222372 -0.213396 0.631173
0.884876 0.589796 0.823003 0.377335 0.348860 0.309726 0.400605 0.277397 0.582053 0.715231
0.552510 0.580551 0.355415 0.415938 0.566915 0.264987 0.459470 0.455669 1.136564 0.555701
0.359422 0.276496 0.310660 0.301123 0.250548 0.153752 0.080033 0.004674 0.217972 0.319649
0.235963 0.334601 0.264089 0.224565 0.498394 0.319178 0.422547 0.120040 0.270306 0.393859
0.283250 0.471532 0.568443 0.433250 0.580588 0.460960 0.362042 0.293465 0.253186 0.369615
0.252810 0.240791 0.289841 0.363365 0.516294 0.339083 0.419190 0.467081 0.345590 0.337248
0.317584 0.328759 0.380108 0.344442 0.374011 0.262802 0.407182 0.643138 0.492661 0.438841
0.522620 0.420111 0.544708 0.471512 0.608922 0.504107 0.404222 0.256467 0.324770 0.725681
0.075224 -0.266469 -0.267179 -0.261069 -0.221461 -0.133747 -0.267410 -0.273791 -0.255381 -0.247676
-0.239225 -0.253799 -0.255522 -0.234849 -0.183072 -0.261947 -0.268772 -0.257551 -0.237959 -0.252699
-0.248126 -0.243752 -0.245416 -0.232267 -0.205223 -0.150058 -0.214443 -0.206252 -0.262570 -0.275085
-0.269281 -0.246483 -0.181994 -0.221169 -0.274749 -0.259141 -0.232960 -0.166570 -0.214725 -0.270058
-0.262918 -0.243625 -0.233281 -0.248390 -0.265425 -0.251864 -0.249530 -0.243398 -0.234610 -0.237011
-0.257575 -0.245148 -0.216152 -0.220893 -0.268891 -0.261700 -0.253887 -0.244183 -0.206649 -0.163193
-0.180122 -0.278463 -0.278391 -0.237499 -0.215466 -0.276592 -0.256262 -0.200208 -0.196573 -0.245578
-0.250908 -0.249280 -0.255720 -0.260407 -0.247538 -0.246830 -0.234923 -0.227608 -0.264247 -0.188785
0.024510 -0.277198 -0.277877 -0.273841 -0.246494 -0.267355 -0.270918 -0.267826 -0.268017 -0.265378
-0.267430 -0.271144 -0.245887 -0.217435 -0.228641 -0.244038 -0.269029 -0.257759 -0.216908 -0.261018
-0.258921 -0.258961 -0.257905 -0.204850 -0.222704 -0.239652 -0.270168 -0.276841 -0.278310 -0.266647
-0.246029 -0.213567 -0.241159 -0.268044 -0.255185 -0.203337 -0.212520 -0.269162 -0.275638 -0.269531
-0.260742 -0.256414 -0.277500 -0.278396 -0.274998 -0.260456 -0.262603 -0.254465 -0.195207 -0.190676
-0.211204 -0.207684 -0.244062 -0.276037 -0.277582 -0.277791 -0.252972 -0.242027 -0.259078 -0.274424
-0.278463 -0.274905 -0.254656 -0.213525 -0.274115 -0.260117 -0.101188 -0.136751 -0.270924 -0.276473
-0.264983 -0.254060 -0.269891 -0.273481 -0.266960 -0.265115 -0.255523 -0.261777 -0.272498 -0.214968
-0.138497 -0.270899 -0.278451 -0.276420 -0.257040 -0.278219 -0.275557 -0.239687 -0.256535 -0.265442
-0.263669 -0.266288 -0.221933 -0.216590 -0.249997 -0.247428 -0.263528 -0.266939 -0.260081 -0.277823
-0.253326 -0.249417 -0.237632 -0.223080 -0.228892 -0.254882 -0.269502 -0.273050 -0.271073 -0.251682
-0.197244 -0.209996 -0.229997 -0.250200 -0.104546 -0.029388 -0.255125 -0.278387 -0.278138 -0.268981
-0.243424 -0.252614 -0.267233 -0.275208 -0.273083 -0.259740 -0.231641 -0.172904 -0.081464 -0.132374
-0.128430 -0.096186 -0.225850 -0.278088 -0.278086 -0.277173 -0.229670 -0.192571 -0.212636 -0.255168
-0.276954 -0.257077 -0.177279 -0.192449 -0.255681 -0.173990 -0.045029 -0.099305 -0.268557 -0.277921
-0.271344 -0.243327 -0.251793 -0.268634 -0.265514 -0.277883 -0.278455 -0.278376 -0.277785 -0.249018
-0.207174 -0.239949 -0.274513 -0.263812 -0.220198 -0.256314 -0.236781 -0.160409 -0.211373 -0.216469
-0.172000 -0.154382 0.057098 -0.110718 -0.211037 -0.256457 -0.251747 -0.251384 -0.246668 -0.221094
0.054641 0.024326 -0.031749 -0.052766 -0.059762 -0.156399 -0.165284 -0.128847 -0.181639 -0.159875
-0.040913 -0.077322 -0.021000 0.124879 0.278574 0.031104 -0.206206 -0.252439 -0.213828 -0.182547
-0.115176 -0.122905 -0.155319 -0.155547 -0.129454 0.004110 0.231819 0.328101 0.193647 0.167240
-0.002003 -0.106610 -0.164074 -0.235482 -0.182815 -0.055982 0.248302 0.084139 -0.108164 -0.158209
-0.215699 -0.203714 -0.023575 -0.052664 0.088050 0.535970 0.363330 -0.022188 -0.205888 -0.261792
-0.198101 -0.035703 -0.145124 -0.240363 -0.243533 -0.264531 -0.270095 -0.248928 -0.248350 -0.127770
-0.199627 -0.243567 -0.278462 -0.243568 -0.193282 -0.233755 -0.208475 -0.163802 -0.184572 -0.176312
-0.137166 -0.201962 -0.055028 -0.178090 -0.220929 -0.254044 -0.253788 -0.249525 -0.224709 -0.141143
0.122101 -0.048942 -0.070060 -0.116265 -0.165685 -0.215409 -0.241278 -0.216770 -0.198123 -0.202579
-0.167612 -0.140624 -0.073996 -0.021808 -0.212467 -0.274723 -0.277881 -0.278432 -0.228919 -0.190305
-0.181542 -0.240827 -0.255374 -0.239652 -0.166358 -0.136201 -0.131947 -0.079798 -0.116570 -0.118376
-0.242222 -0.276140 -0.277738 -0.277739 -0.247567 -0.118951 0.029013 -0.170100 -0.269672 -0.278383
-0.278039 -0.271755 -0.096742 -0.014390 -0.002549 -0.100763 -0.231432 -0.274640 -0.276682 -0.276873
-0.211058 -0.098059 -0.274838 -0.278114 -0.276845 -0.265536 -0.257700 -0.244861 -0.264598 -0.143009
-0.196378 -0.255458 -0.278090 -0.251688 -0.240530 -0.253385 -0.223518 -0.186932 -0.045321 0.103295
-0.032467 -0.194108 -0.224990 -0.238444 -0.206909 -0.217921 -0.175295 -0.196763 -0.213359 -0.208041
-0.072245 -0.038699 0.147700 0.004643 -0.146408 -0.179977 -0.176541 -0.159678 -0.157582 -0.164023
-0.159292 -0.093530 -0.076728 -0.080086 -0.216148 -0.253401 -0.252426 -0.266761 -0.197238 -0.185363
-0.211194 -0.236746 -0.230436 -0.173538 -0.049603 -0.022863 -0.156424 -0.107914 -0.106309 -0.034554
-0.118561 -0.197379 -0.256003 -0.269210 -0.240690 -0.207319 -0.149871 -0.191295 -0.223000 -0.242325
-0.249399 -0.259832 -0.172592 -0.084721 0.077054 -0.142661 -0.256303 -0.277137 -0.277176 -0.275899
-0.228997 -0.248002 -0.278376 -0.272543 -0.269031 -0.251939 -0.257200 -0.245599 -0.255103 -0.115763
-0.190075 -0.262656 -0.277662 -0.254598 -0.234286 -0.210611 0.021507 -0.130654 0.237804 0.424523
-0.012647 -0.080267 -0.198203 -0.103597 -0.150155 -0.146501 -0.028123 -0.105317 -0.210913 -0.229006
-0.116786 -0.066071 -0.080905 -0.217571 -0.249899 -0.245807 -0.215944 -0.190395 -0.169942 -0.174838
-0.183174 -0.100940 -0.070673 -0.138393 -0.183825 -0.199892 -0.225499 -0.255049 -0.256918 -0.250246
-0.249615 -0.246706 -0.143390 -0.115095 -0.049008 -0.128697 -0.238656 -0.239017 -0.215841 -0.180911
-0.238311 -0.227841 -0.268164 -0.278397 -0.268997 -0.270737 -0.271885 -0.249734 -0.243945 -0.241084
-0.258837 -0.273585 -0.270864 -0.252285 -0.045861 -0.220772 -0.271667 -0.275157 -0.276792 -0.277030
-0.255746 -0.278372 -0.275583 -0.245414 -0.236401 -0.224981 -0.235501 -0.218703 -0.222380 -0.111686
-0.174512 -0.262164 -0.275267 -0.246912 -0.193022 -0.131780 0.633934 0.057958 0.982384 0.127916
-0.213374 -0.211278 -0.194035 -0.095458 -0.157686 -0.198839 -0.144829 -0.111756 -0.192886 -0.219003
-0.219978 -0.224218 -0.264960 -0.274152 -0.256042 -0.190251 -0.200256 -0.219712 -0.214985 -0.195313
-0.171066 -0.109013 0.029914 -0.083684 -0.182724 -0.186955 -0.249768 -0.264858 -0.255806 -0.268072
-0.210945 -0.168457 -0.128185 -0.201009 -0.170996 -0.158373 -0.181633 -0.255877 -0.276864 -0.273855
-0.277852 -0.277172 -0.277800 -0.278437 -0.269854 -0.270504 -0.267245 -0.264658 -0.269709 -0.268465
-0.258516 -0.259333 -0.271366 -0.277355 -0.253089 -0.272675 -0.275399 -0.276026 -0.278296 -0.277826
-0.242894 -0.274527 -0.273012 -0.235712 -0.248836 -0.222695 -0.241509 -0.236133 -0.234132 -0.131503
-0.106521 -0.261834 -0.276568 -0.255276 -0.205273 -0.222814 -0.018689 -0.211361 -0.266043 -0.278258
-0.269372 -0.235963 -0.168346 -0.159161 -0.188619 -0.149217 -0.126361 -0.203999 -0.238100 -0.208592
-0.248172 -0.272334 -0.277789 -0.272456 -0.204307 -0.109297 -0.124108 -0.157954 -0.129909 -0.122406
-0.148346 -0.161469 -0.141307 -0.182030 -0.201033 -0.216075 -0.263041 -0.278156 -0.236009 -0.213609
-0.042367 -0.132329 -0.237169 -0.242101 -0.218102 -0.237310 -0.248520 -0.275764 -0.261907 -0.256775
-0.276512 -0.272226 -0.264767 -0.256627 -0.223626 -0.249944 -0.245315 -0.266566 -0.270822 -0.271299
-0.258938 -0.240302 -0.263604 -0.278454 -0.275011 -0.273202 -0.257846 -0.229589 -0.265868 -0.269977
-0.255821 -0.267706 -0.258943 -0.241913 -0.260392 -0.236103 -0.249552 -0.239575 -0.218762 -0.075071
-0.203981 -0.258008 -0.278322 -0.262878 -0.239086 -0.261992 -0.276799 -0.270809 -0.252125 -0.273942
-0.249717 -0.257241 -0.190606 -0.176354 -0.151476 -0.088824 -0.166515 -0.221080 -0.165886 -0.197776
-0.248968 -0.277068 -0.272808 -0.255707 -0.172406 -0.097011 -0.103146 -0.163471 -0.092726 -0.106059
-0.170526 -0.173479 -0.164294 -0.171704 -0.181901 -0.184569 -0.250008 -0.276870 -0.234489 -0.119470
-0.036325 -0.190571 -0.269227 -0.272382 -0.264788 -0.275320 -0.273085 -0.241938 -0.240883 -0.256760
-0.238496 -0.178471 -0.171633 -0.191628 -0.155677 -0.245597 -0.228154 -0.259823 -0.265714 -0.254865
-0.249569 -0.244625 -0.274132 -0.277650 -0.256702 -0.223444 -0.194905 -0.161536 -0.251934 -0.273537
-0.264358 -0.256938 -0.256475 -0.251844 -0.245183 -0.234664 -0.251719 -0.234902 -0.233892 -0.134820
-0.238705 -0.246275 -0.278120 -0.250085 -0.224824 -0.256650 -0.275482 -0.277695 -0.219733 -0.246795
-0.229857 -0.227085 -0.077434 -0.092504 -0.147483 -0.175179 -0.208144 -0.122500 -0.096347 -0.236603
-0.255714 -0.261137 -0.236337 -0.180599 -0.005395 -0.096415 -0.215334 -0.227165 -0.226577 -0.251856
-0.262699 -0.254373 -0.228192 -0.237658 -0.235285 -0.209375 -0.268853 -0.278464 -0.241798 -0.094705
-0.216790 -0.251379 -0.268375 -0.273093 -0.276869 -0.278421 -0.270338 -0.214180 -0.239792 -0.239939
-0.096710 -0.145350 -0.227413 -0.227271 -0.168283 -0.176122 -0.215183 -0.236431 -0.258513 -0.243635
-0.249711 -0.260820 -0.234113 -0.237280 -0.206280 -0.140028 -0.142906 -0.188215 -0.268954 -0.278095
-0.261117 -0.239915 -0.240869 -0.248509 -0.242850 -0.245363 -0.237519 -0.215412 -0.237673 -0.170977
-0.221649 -0.252483 -0.278462 -0.246949 -0.225199 -0.240965 -0.252957 -0.277259 -0.153291 -0.202979
-0.161558 -0.041160 -0.032697 -0.211109 -0.233650 -0.264250 -0.260398 -0.240861 -0.217281 -0.218217
-0.207797 -0.215342 -0.210536 -0.215963 -0.090540 -0.231630 -0.265331 -0.276119 -0.276113 -0.278299
-0.278216 -0.274458 -0.277249 -0.278461 -0.275445 -0.269327 -0.278377 -0.276005 -0.242596 -0.153229
-0.237993 -0.249627 -0.261474 -0.272409 -0.276783 -0.277901 -0.276768 -0.273910 -0.253469 -0.118814
0.134896 -0.092164 -0.176338 -0.180129 -0.163303 -0.150964 -0.192738 -0.209190 -0.222490 -0.213162
-0.224513 -0.244867 -0.176489 -0.188113 -0.181721 -0.040822 -0.103744 -0.175209 -0.267689 -0.278259
-0.257691 -0.232087 -0.237094 -0.239018 -0.239079 -0.252473 -0.236496 -0.205171 -0.243443 -0.175770
-0.205072 -0.263104 -0.278254 -0.257257 -0.234712 -0.231474 -0.209897 -0.226359 0.170633 0.131204
0.042728 -0.098643 -0.242742 -0.277128 -0.269659 -0.269538 -0.260477 -0.273326 -0.235792 -0.154379
-0.059785 -0.111358 -0.078789 -0.174271 -0.128039 -0.266873 -0.278117 -0.274617 -0.278341 -0.277873
-0.277525 -0.252534 -0.244592 -0.268295 -0.269623 -0.221421 -0.249659 -0.184654 -0.248197 -0.220104
-0.195786 -0.207179 -0.259954 -0.270848 -0.276606 -0.277426 -0.277235 -0.277803 -0.243740 -0.125323
-0.185930 -0.162312 -0.106278 -0.014930 -0.192512 -0.234055 -0.251395 -0.249399 -0.222347 -0.194976
-0.233737 -0.247910 -0.208541 -0.206381 -0.209440 -0.167031 -0.142222 -0.104939 -0.236400 -0.270012
-0.237141 -0.243292 -0.269363 -0.264108 -0.246724 -0.227755 -0.238816 -0.197139 -0.235139 -0.145028
-0.196874 -0.262236 -0.278444 -0.241559 -0.159906 -0.103084 -0.095355 -0.030629 0.619026 0.052300
-0.171208 -0.251035 -0.266897 -0.271785 -0.229152 -0.224261 -0.257905 -0.267113 -0.203435 -0.203248
-0.003262 -0.052283 -0.076336 -0.152619 -0.191461 -0.201273 -0.261837 -0.271946 -0.272717 -0.272767
-0.275463 -0.272735 -0.237686 -0.216954 -0.053389 -0.100381 -0.219076 -0.179155 -0.242569 -0.275585
-0.108032 -0.167084 -0.264240 -0.275434 -0.234623 -0.211193 -0.215919 -0.232444 -0.129325 -0.095842
-0.245984 -0.245932 -0.142638 -0.057434 -0.179564 -0.210390 -0.250492 -0.270728 -0.243240 -0.233077
-0.230100 -0.207098 -0.232832 -0.212468 -0.116988 -0.033183 0.155259 0.017775 -0.242750 -0.278418
-0.232228 -0.243583 -0.257692 -0.260987 -0.249284 -0.215454 -0.236909 -0.214035 -0.201105 -0.148935
-0.163192 -0.253006 -0.277891 -0.182135 0.042475 0.183604 0.003733 -0.060567 0.028409 -0.267571
-0.278133 -0.278378 -0.276954 -0.261309 -0.210047 -0.215727 -0.240086 -0.218595 -0.173413 -0.254721
-0.068269 -0.156646 -0.215014 -0.219766 -0.272201 -0.262356 -0.262581 -0.273644 -0.271474 -0.253904
-0.223790 -0.191983 -0.115030 -0.206556 -0.170597 -0.254670 -0.276003 -0.270870 -0.267390 -0.276926
-0.201577 -0.240179 -0.273989 -0.277995 -0.157831 0.041188 -0.077363 -0.131133 0.296304 0.254786
-0.078294 -0.177350 -0.072750 0.006188 -0.020367 -0.065912 -0.183815 -0.248405 -0.252715 -0.263503
-0.246106 -0.192346 -0.210351 -0.172524 0.422384 0.526504 0.476581 0.094632 -0.261603 -0.274959
-0.246773 -0.234286 -0.168493 -0.203681 -0.216482 -0.208527 -0.266223 -0.247035 -0.241409 -0.166970
-0.162436 -0.263781 -0.250305 0.103931 0.559466 -0.002275 -0.229380 -0.278186 -0.272945 -0.272356
-0.274522 -0.262403 -0.266993 -0.249615 -0.229077 -0.209395 -0.214957 -0.209855 -0.221686 -0.277854
-0.269251 -0.256346 -0.269958 -0.206914 -0.271753 -0.272299 -0.263322 -0.246740 -0.220327 -0.213270
-0.205638 -0.198126 -0.222216 -0.251922 -0.265484 -0.225916 -0.233943 -0.242923 -0.266237 -0.278182
-0.275872 -0.248145 -0.254912 -0.213635 0.279838 0.083657 -0.136487 -0.081769 0.800145 0.305931
-0.049871 -0.055201 -0.023574 -0.093882 -0.060565 -0.097925 -0.199795 -0.247140 -0.251056 -0.259963
-0.227493 -0.193078 -0.176985 -0.142165 0.742182 0.537000 0.195569 0.015685 -0.257548 -0.278268
-0.242146 -0.258360 -0.233725 -0.227185 -0.220604 -0.215806 -0.263427 -0.244908 -0.262676 -0.116340
-0.157685 -0.270172 -0.249052 -0.058452 -0.135424 -0.278444 -0.253934 -0.278262 -0.227697 -0.277436
-0.202284 -0.060398 -0.168576 -0.180684 -0.201980 -0.196703 -0.232327 -0.231578 -0.244773 -0.261144
-0.278419 -0.257369 -0.266135 -0.257044 -0.246657 -0.209747 -0.177848 -0.112247 -0.114211 -0.216505
-0.224027 -0.197943 -0.240355 -0.242608 -0.267303 -0.222892 -0.227545 -0.234233 -0.257086 -0.240769
-0.273151 -0.258466 -0.204310 -0.082233 0.651363 -0.049030 -0.176592 -0.069681 0.264977 -0.194435
-0.263904 -0.276672 -0.278191 -0.277787 -0.224455 -0.198077 -0.249794 -0.273444 -0.271784 -0.267798
-0.216357 -0.220408 -0.199704 -0.160537 0.276925 -0.109473 -0.188105 -0.183495 -0.276414 -0.264680
-0.274260 -0.259506 -0.204676 -0.239189 -0.252744 -0.264731 -0.262436 -0.243468 -0.254895 -0.100501
-0.166939 -0.264108 -0.276116 -0.255401 -0.271054 -0.277447 -0.228585 -0.271941 -0.277407 -0.245101
-0.105890 0.014428 -0.177387 -0.179911 -0.194446 -0.232250 -0.199224 -0.182698 -0.238660 -0.217155
-0.229585 -0.126632 -0.195141 -0.198689 -0.186216 -0.157210 -0.168949 -0.162540 -0.210536 -0.253430
-0.223675 -0.241548 -0.251620 -0.251241 -0.243267 -0.221163 -0.234707 -0.214258 -0.196203 -0.206509
-0.258093 -0.268300 -0.243752 -0.216025 -0.006542 -0.234326 -0.155351 0.052596 -0.076752 -0.231899
-0.209891 -0.243695 -0.257425 -0.235738 -0.136644 -0.132568 -0.251417 -0.277474 -0.266488 -0.248781
-0.224727 -0.247417 -0.231424 -0.201128 -0.047438 -0.247686 -0.263755 -0.259899 -0.277223 -0.256038
-0.271549 -0.225109 -0.198486 -0.244283 -0.271909 -0.276540 -0.268516 -0.244402 -0.237359 -0.122538
-0.156541 -0.261852 -0.278258 -0.278144 -0.277943 -0.274293 -0.247024 -0.250448 -0.106216 0.113454
0.172909 0.133705 -0.185907 -0.194073 -0.230711 -0.258249 -0.197946 -0.181409 -0.202402 -0.178562
-0.147180 -0.125694 -0.246642 -0.246919 -0.201719 -0.188374 -0.236065 -0.247569 -0.252846 -0.243003
-0.201698 -0.245584 -0.228276 -0.240978 -0.240074 -0.207124 -0.168373 -0.079445 -0.094494 -0.175313
-0.230795 -0.246858 -0.252891 -0.261992 -0.260170 -0.275389 -0.193404 -0.196004 -0.272322 -0.270814
-0.276094 -0.269887 -0.266208 -0.257373 -0.229651 -0.226062 -0.278003 -0.270237 -0.270058 -0.237757
-0.236535 -0.262423 -0.267339 -0.272246 -0.247960 -0.278290 -0.274011 -0.257269 -0.271589 -0.261230
-0.256029 -0.232143 -0.252883 -0.263164 -0.267266 -0.268189 -0.254129 -0.229451 -0.202770 -0.153192
-0.163788 -0.261665 -0.277442 -0.256634 -0.272458 -0.274176 -0.245393 -0.226122 0.380688 0.496975
0.266828 0.033058 -0.205180 -0.222522 -0.245027 -0.241710 -0.200353 -0.164180 -0.127494 -0.102930
-0.044102 -0.246280 -0.269179 -0.234174 -0.112049 -0.188091 -0.245908 -0.247254 -0.241613 -0.226226
-0.202964 -0.210850 -0.191635 -0.240552 -0.183939 -0.193769 -0.249265 -0.158859 -0.136142 -0.198167
-0.221085 -0.221644 -0.252204 -0.277955 -0.278453 -0.264083 -0.278397 -0.269194 -0.245567 -0.257642
-0.265177 -0.273297 -0.276087 -0.278040 -0.271792 -0.258281 -0.276317 -0.278393 -0.258477 -0.247407
-0.234248 -0.255831 -0.271957 -0.277591 -0.278401 -0.276848 -0.269074 -0.169572 -0.277556 -0.264967
-0.258611 -0.248716 -0.265533 -0.266995 -0.267103 -0.252180 -0.231913 -0.189906 -0.211385 -0.123394
-0.218512 -0.246801 -0.277368 -0.259791 -0.267051 -0.267087 -0.201054 -0.155951 0.623426 0.317682
0.200096 -0.143317 -0.273640 -0.273240 -0.222522 -0.165592 -0.208133 -0.212982 -0.161936 -0.144888
-0.208417 -0.274858 -0.267864 -0.241588 -0.230335 -0.243335 -0.242980 -0.214632 -0.201826 -0.211542
-0.199756 -0.212168 -0.215509 -0.241686 -0.207057 -0.211052 -0.216866 -0.108784 -0.219183 -0.235634
-0.217998 -0.221722 -0.243410 -0.276489 -0.255926 -0.264580 -0.241304 -0.246539 -0.233639 -0.242940
-0.250789 -0.267845 -0.274957 -0.278147 -0.273458 -0.236490 -0.259647 -0.194924 -0.216905 -0.248601
-0.242523 -0.262899 -0.277153 -0.275261 -0.276019 -0.278442 -0.238108 -0.134016 -0.278404 -0.265548
-0.255760 -0.257016 -0.259881 -0.260715 -0.258909 -0.260594 -0.214850 -0.183664 -0.219851 -0.016735
-0.228922 -0.246798 -0.278288 -0.259159 -0.239030 -0.231481 -0.186104 -0.162238 0.298117 0.063873
0.109609 -0.033452 -0.213367 -0.251178 -0.161648 -0.105975 -0.223214 -0.233965 -0.220641 -0.218618
-0.273494 -0.268896 -0.228978 -0.218863 -0.256412 -0.214004 -0.208324 -0.202333 -0.193300 -0.184239
-0.158667 -0.208431 -0.207135 -0.218238 -0.210005 -0.202584 -0.178525 -0.098803 -0.275729 -0.268253
-0.251969 -0.251215 -0.220149 -0.262442 -0.096088 -0.252824 -0.273386 -0.276447 -0.278254 -0.278293
-0.277664 -0.264834 -0.216173 -0.181820 -0.233752 -0.199355 -0.147966 -0.136305 -0.196916 -0.234995
-0.226304 -0.232477 -0.269732 -0.278428 -0.233045 -0.255524 -0.238484 -0.213931 -0.276701 -0.274801
-0.249165 -0.261382 -0.250154 -0.242992 -0.241183 -0.256086 -0.189134 -0.209305 -0.231635 -0.166897
-0.179832 -0.262670 -0.273548 -0.265436 -0.246790 -0.236105 -0.207664 -0.099667 0.862034 0.464145
0.404180 0.200271 -0.147826 -0.181026 -0.114208 -0.034466 -0.188086 -0.237490 -0.199125 -0.212587
-0.255731 -0.231975 -0.169076 -0.202314 -0.241880 -0.212744 -0.212017 -0.205215 -0.105911 -0.152885
-0.170078 -0.199569 -0.177772 -0.180709 -0.217335 -0.262631 -0.228512 -0.256581 -0.277420 -0.259276
-0.244720 -0.232327 -0.179360 -0.215094 -0.147075 -0.269537 -0.274052 -0.271408 -0.254439 -0.239733
-0.238458 -0.223653 -0.049334 -0.102985 0.001784 0.065960 -0.200622 -0.215305 -0.212327 -0.228917
-0.148858 -0.107890 -0.237523 -0.277446 -0.251973 -0.272936 -0.276743 -0.274077 -0.272214 -0.278370
-0.240567 -0.249472 -0.240702 -0.236712 -0.246216 -0.250037 -0.159525 -0.206588 -0.209193 -0.210420
-0.157888 -0.267318 -0.278347 -0.269984 -0.249044 -0.243502 -0.211552 -0.144621 0.911044 0.311070
0.223097 0.060486 -0.177280 -0.176314 -0.149942 -0.107906 -0.157187 -0.207389 -0.178903 -0.217698
-0.252647 -0.230623 -0.200557 -0.220065 -0.239856 -0.210412 -0.195377 -0.219933 -0.177597 -0.167909
-0.046387 0.018491 -0.004131 -0.171180 -0.200008 -0.243610 -0.249862 -0.274516 -0.275492 -0.208038
-0.178762 -0.124932 -0.229897 -0.256487 -0.249928 -0.277599 -0.269602 -0.239465 -0.223594 -0.159815
-0.127562 -0.093424 0.290086 0.039027 0.068301 -0.120593 -0.227365 -0.233498 -0.220267 -0.185749
-0.063434 -0.078276 -0.234251 -0.275159 -0.276886 -0.277328 -0.277230 -0.272505 -0.275476 -0.266674
-0.222501 -0.228288 -0.231621 -0.248140 -0.251263 -0.232268 -0.180069 -0.230242 -0.239563 -0.164821
-0.183614 -0.249651 -0.274496 -0.265326 -0.231712 -0.249820 -0.203139 -0.202785 0.391736 -0.051429
0.131341 -0.123112 -0.210155 -0.153390 -0.165980 -0.190032 -0.238512 -0.223015 -0.205132 -0.236472
-0.265670 -0.234667 -0.240932 -0.247023 -0.201757 -0.182074 -0.181314 -0.084954 -0.201022 -0.079870
0.422710 0.128692 0.287419 -0.071559 -0.215445 -0.228474 -0.254500 -0.262269 -0.229035 -0.173764
-0.217783 -0.222795 -0.274307 -0.274719 -0.264599 -0.265185 -0.201968 -0.158329 -0.187726 0.086101
-0.135159 -0.129967 0.071517 -0.094582 -0.000647 -0.183910 -0.240601 -0.241655 -0.228436 -0.225843
-0.147703 -0.203995 -0.273865 -0.278329 -0.260391 -0.278289 -0.264641 -0.234752 -0.257158 -0.196970
-0.222000 -0.234434 -0.252927 -0.264704 -0.262128 -0.231234 -0.187713 -0.172423 -0.247391 -0.195308
-0.247751 -0.252441 -0.275860 -0.254773 -0.227902 -0.250703 -0.236808 -0.277417 -0.196082 -0.277017
-0.200641 -0.178343 -0.229380 -0.241871 -0.163897 -0.214428 -0.248050 -0.228129 -0.221164 -0.232782
-0.236915 -0.191763 -0.235040 -0.231937 -0.203603 -0.188020 -0.149376 0.383263 0.491413 2.839804
-0.228317 -0.207898 -0.242980 -0.273833 -0.228469 -0.239826 -0.251495 -0.243159 -0.224002 -0.252574
-0.265213 -0.261894 -0.237473 -0.222474 -0.204936 -0.230207 -0.202042 -0.175344 -0.115993 -0.049760
-0.271374 -0.271502 -0.235960 -0.199010 -0.146685 -0.230296 -0.256670 -0.269753 -0.255236 -0.233831
-0.222322 -0.249297 -0.256391 -0.256452 -0.250779 -0.206166 -0.220078 -0.187610 -0.210467 -0.206187
-0.245342 -0.256746 -0.266219 -0.262880 -0.251683 -0.238615 -0.232237 -0.207484 -0.256749 -0.161218
-0.176936 -0.271131 -0.278460 -0.271338 -0.243890 -0.253282 -0.262169 -0.274473 -0.237787 -0.274281
-0.178554 -0.142184 -0.184798 -0.230032 -0.158493 -0.190104 -0.205239 -0.199834 -0.196543 -0.217656
-0.230959 -0.212097 -0.240884 -0.233067 -0.211756 -0.211109 -0.217805 -0.154916 -0.270767 1.125154
-0.160526 -0.113356 -0.211748 -0.276200 -0.264553 -0.270504 -0.247618 -0.256926 -0.258084 -0.267529
-0.262214 -0.255948 -0.182266 -0.155516 -0.157772 -0.245856 -0.263506 -0.253713 -0.171982 -0.212460
-0.142924 -0.065267 -0.129367 -0.171303 -0.219006 -0.248014 -0.269233 -0.278444 -0.268572 -0.236016
-0.219729 -0.247821 -0.179536 -0.052445 0.035312 -0.008166 -0.162203 -0.145415 -0.209540 -0.238988
-0.249420 -0.257961 -0.255758 -0.247860 -0.241250 -0.236142 -0.228344 -0.232800 -0.242968 -0.090871
-0.078813 -0.245517 -0.273280 -0.273961 -0.252684 -0.257852 -0.264098 -0.273083 -0.117275 -0.244238
-0.151038 -0.144234 -0.168269 -0.146333 -0.117643 -0.159056 -0.161775 -0.166959 -0.181303 -0.208705
-0.237962 -0.229724 -0.254736 -0.231476 -0.236084 -0.229780 -0.266226 -0.260273 -0.226954 -0.271136
-0.181158 -0.273493 -0.266742 -0.236597 -0.277307 -0.264292 -0.260867 -0.259125 -0.255774 -0.242057
-0.218488 -0.153753 -0.119140 -0.204781 -0.221833 -0.218160 -0.179646 -0.072878 -0.045742 -0.176228
-0.010924 0.075936 -0.060968 -0.165101 -0.240984 -0.233420 -0.268189 -0.277785 -0.254897 -0.253825
-0.235902 -0.229664 -0.127248 0.043906 0.357223 0.253476 -0.081558 -0.133477 -0.215453 -0.262581
-0.250156 -0.252697 -0.246849 -0.239378 -0.241389 -0.232995 -0.209709 -0.198226 -0.242244 -0.078623
-0.233325 -0.206528 -0.266209 -0.258193 -0.224904 -0.251059 -0.259098 -0.274015 -0.114410 -0.224126
-0.112842 -0.104821 -0.083080 0.048190 -0.183229 -0.265209 -0.191357 -0.148389 -0.133968 -0.173214
-0.211571 -0.229451 -0.250530 -0.230812 -0.231020 -0.227235 -0.253324 -0.275837 -0.247741 -0.198708
-0.194022 -0.254456 -0.056145 -0.264575 -0.278443 -0.269548 -0.245356 -0.218538 -0.214231 -0.186290
-0.168793 -0.145507 -0.217329 -0.227577 -0.264486 -0.249264 -0.148014 -0.087597 0.196654 -0.064904
-0.175864 -0.226006 -0.253564 -0.265541 -0.277568 -0.269666 -0.262498 -0.263595 -0.243219 -0.246227
-0.248304 -0.249576 -0.201668 -0.064712 0.314366 0.338685 0.099918 -0.107118 -0.261275 -0.278059
-0.261374 -0.244443 -0.221124 -0.238067 -0.242217 -0.221037 -0.190012 -0.137625 -0.256769 -0.166824
-0.251852 -0.241308 -0.277079 -0.235320 -0.245418 -0.255604 -0.270870 -0.258814 -0.057890 -0.184619
-0.137053 -0.190072 -0.200064 -0.152831 -0.240617 -0.219857 -0.189527 -0.129673 -0.071595 -0.089418
-0.193570 -0.245456 -0.240640 -0.220334 -0.227503 -0.236046 -0.222895 -0.251519 -0.274769 -0.218526
-0.275132 -0.262010 -0.270483 -0.278281 -0.255491 -0.239876 -0.204538 -0.189639 -0.175460 -0.208237
-0.225997 -0.229892 -0.229897 -0.244836 -0.228863 -0.230047 -0.226496 -0.249270 0.111180 -0.212226
-0.246402 -0.259163 -0.272703 -0.267965 -0.268086 -0.269309 -0.261611 -0.240895 -0.231591 -0.234375
-0.232884 -0.238021 -0.234052 -0.136698 0.231683 0.101895 0.063838 -0.018045 -0.248795 -0.278273
-0.261073 -0.224846 -0.206943 -0.232136 -0.230324 -0.211172 -0.190399 -0.157912 -0.254633 -0.192166
-0.210158 -0.259740 -0.276814 -0.262148 -0.261962 -0.235030 -0.259772 -0.243933 -0.135921 -0.205768
-0.159040 -0.165217 -0.206056 -0.207064 0.014206 0.204615 0.170226 0.120633 0.145890 0.199844
-0.154824 -0.244404 -0.201883 -0.213359 -0.226736 -0.210898 -0.222885 -0.216386 -0.206840 -0.277407
-0.269966 -0.270561 -0.201448 -0.160999 -0.158853 -0.210728 -0.135916 -0.100492 -0.141846 -0.204708
-0.207952 -0.239888 -0.241722 -0.260960 -0.196164 -0.177460 -0.248201 -0.272665 -0.207677 -0.259982
-0.261903 -0.259798 -0.269960 -0.265698 -0.246283 -0.207938 -0.214709 -0.185473 -0.200563 -0.232565
-0.235672 -0.224318 -0.164599 -0.025889 0.259576 0.009971 0.261396 0.039240 -0.256936 -0.277021
-0.220027 -0.162344 -0.217186 -0.231556 -0.208977 -0.191338 -0.200851 -0.143384 -0.249920 -0.204610
-0.164690 -0.250102 -0.276136 -0.266487 -0.242595 -0.237727 -0.257384 -0.257721 -0.080372 -0.179304
-0.015551 -0.045609 -0.154977 -0.112340 -0.007758 0.135235 0.191445 0.135581 0.086559 -0.023365
-0.186332 -0.256316 -0.209940 -0.226179 -0.245845 -0.199999 -0.211372 -0.192279 -0.206514 -0.195448
-0.235236 -0.245236 -0.118624 -0.024812 -0.180921 -0.166487 0.007235 -0.072999 -0.179158 -0.199876
-0.214512 -0.238066 -0.230275 -0.217598 -0.175943 -0.204387 -0.246503 -0.255268 -0.246142 -0.262652
-0.266135 -0.265826 -0.260958 -0.232477 -0.202326 -0.172222 -0.198248 -0.179330 -0.182188 -0.226614
-0.236980 -0.219767 -0.139525 0.044532 0.295810 0.186663 -0.070082 -0.187975 -0.275181 -0.277616
-0.220613 -0.170879 -0.214938 -0.209759 -0.220967 -0.227820 -0.261395 -0.240477 -0.271755 -0.155487
-0.160324 -0.233299 -0.277773 -0.258075 -0.192619 -0.223782 -0.241472 -0.265659 0.016602 -0.221900
-0.147740 0.002935 0.176596 0.431724 0.084174 -0.115873 -0.139265 -0.149332 -0.171275 -0.242341
-0.278439 -0.278305 -0.233322 -0.238342 -0.244101 -0.198848 -0.222600 -0.182702 -0.199160 -0.175352
-0.138162 -0.185165 -0.172886 -0.180501 -0.095326 0.090172 0.795296 -0.219344 -0.264751 -0.207708
-0.238562 -0.254545 -0.224081 -0.204140 -0.189529 -0.251910 -0.246639 -0.261081 -0.245656 -0.274196
-0.271912 -0.271167 -0.210200 -0.098691 -0.182382 -0.173971 -0.164692 -0.164995 -0.204053 -0.245097
-0.231238 -0.178615 -0.157763 -0.167734 -0.174730 -0.161553 -0.188574 -0.202812 -0.278460 -0.276995
-0.247976 -0.223474 -0.254944 -0.245715 -0.252841 -0.247737 -0.275741 -0.273182 -0.263882 0.001207
-0.218819 -0.243462 -0.278462 -0.252401 -0.222026 -0.251796 -0.253093 -0.267618 0.188818 -0.199734
-0.229658 -0.183038 0.040692 0.303737 0.177435 0.053322 -0.080985 -0.099809 -0.145220 -0.216815
-0.271168 -0.277958 -0.213701 -0.237068 -0.204955 -0.178682 -0.176288 -0.164098 -0.184450 -0.151963
-0.177717 -0.198347 -0.155491 -0.198776 -0.203318 -0.237483 -0.247338 -0.263993 -0.227824 -0.235191
-0.235699 -0.202979 -0.189614 -0.204667 -0.218099 -0.228533 -0.228594 -0.256971 -0.241172 -0.264394
-0.253351 -0.254164 -0.178220 -0.192318 -0.235080 -0.195405 -0.131068 -0.214047 -0.241985 -0.247308
-0.230840 -0.228662 -0.219761 -0.203987 -0.202806 -0.214123 -0.218732 -0.235473 -0.278405 -0.277645
-0.247567 -0.258419 -0.268565 -0.246532 -0.247659 -0.254297 -0.243401 -0.228372 -0.251543 0.024464
-0.228365 -0.256744 -0.278014 -0.270559 -0.248728 -0.263086 -0.269242 -0.277602 -0.156616 -0.277102
-0.278260 -0.278403 -0.230570 -0.180230 -0.025798 0.186526 0.050577 -0.141423 -0.052334 -0.048647
-0.256486 -0.265260 -0.233665 -0.244343 -0.188636 -0.199928 -0.197680 -0.215934 -0.232833 -0.208785
-0.219357 -0.221329 -0.224123 -0.229985 -0.212790 -0.262963 -0.276756 -0.175736 -0.166663 -0.207549
-0.174884 -0.199698 -0.241689 -0.238762 -0.235293 -0.233427 -0.245737 -0.257520 -0.232695 -0.244807
-0.183944 -0.210432 -0.201818 -0.206687 -0.162402 -0.058899 -0.091116 -0.206310 -0.217130 -0.204557
-0.214881 -0.246709 -0.259169 -0.262300 -0.253469 -0.259678 -0.274538 -0.273443 -0.275134 -0.277216
-0.261786 -0.265947 -0.255442 -0.221146 -0.247375 -0.244196 -0.218097 -0.212538 -0.235163 -0.093393
-0.222762 -0.245685 -0.276410 -0.259426 -0.232151 -0.258073 -0.264825 -0.278431 -0.278415 -0.278464
-0.276380 -0.278453 -0.262495 -0.255971 -0.225457 -0.149599 -0.124502 0.052921 0.102744 0.055071
-0.252543 -0.278139 -0.240172 -0.251796 -0.204654 -0.228149 -0.213241 -0.228886 -0.239893 -0.218093
-0.218304 -0.214563 -0.227794 -0.214127 -0.224550 -0.243056 -0.231359 -0.160930 -0.190558 -0.177433
-0.190750 -0.239258 -0.255201 -0.259723 -0.236251 -0.243433 -0.238820 -0.233394 -0.191391 -0.237260
-0.211412 -0.197536 -0.169440 -0.124135 -0.090822 -0.137071 -0.181967 -0.184952 -0.189441 -0.169188
-0.165447 -0.217327 -0.260701 -0.277689 -0.272454 -0.275693 -0.271868 -0.254891 -0.277654 -0.278354
-0.252757 -0.248086 -0.229968 -0.246740 -0.240113 -0.237902 -0.229318 -0.199481 -0.192467 -0.160006
-0.183548 -0.242631 -0.277750 -0.250044 -0.248323 -0.266564 -0.272870 -0.277673 -0.262421 -0.275316
-0.272789 -0.278373 -0.269815 -0.272182 -0.226317 -0.104269 0.534325 0.583794 0.168550 -0.038305
-0.262086 -0.278366 -0.246730 -0.232619 -0.221886 -0.227600 -0.229511 -0.238736 -0.227297 -0.161655
-0.200519 -0.204046 -0.208175 -0.184568 -0.194263 -0.090135 -0.158109 -0.208176 -0.224082 -0.238965
-0.241808 -0.239003 -0.230399 -0.250476 -0.235228 -0.234882 -0.229670 -0.217171 -0.137724 -0.204498
-0.229735 -0.219470 -0.171777 -0.071891 -0.140962 -0.220392 -0.213367 -0.167506 -0.177921 -0.214888
-0.230473 -0.249608 -0.270628 -0.275932 -0.276937 -0.273398 -0.231918 -0.169149 -0.261122 -0.259240
-0.209517 -0.201550 -0.234090 -0.249263 -0.230399 -0.195352 -0.203936 -0.195505 -0.053811 -0.139314
-0.165684 -0.256637 -0.278271 -0.257683 -0.244417 -0.254737 -0.255813 -0.265423 -0.269418 -0.270057
-0.237615 -0.241667 -0.186542 -0.116197 0.271293 0.218498 0.243816 -0.022866 -0.162152 -0.185936
-0.277454 -0.276797 -0.226222 -0.179404 -0.179459 -0.184116 -0.198633 -0.180917 -0.101480 -0.054710
-0.125023 -0.146949 -0.133918 -0.167654 -0.131251 0.043825 -0.184089 -0.250105 -0.176176 -0.232941
-0.230451 -0.239098 -0.217219 -0.233696 -0.215995 -0.197068 -0.210544 -0.218615 -0.156576 -0.195399
-0.231766 -0.248933 -0.243000 -0.226886 -0.239213 -0.237873 -0.186810 -0.126593 -0.169804 -0.214316
-0.224872 -0.234579 -0.230570 -0.241456 -0.172225 -0.174008 -0.191577 -0.153866 -0.228562 -0.241639
-0.181115 -0.213771 -0.239603 -0.201659 -0.194934 -0.145709 -0.212904 -0.221007 -0.160085 -0.199260
-0.150085 -0.251688 -0.278238 -0.264656 -0.233568 -0.231373 -0.219724 -0.245770 -0.235984 -0.263326
-0.257093 -0.238036 -0.148951 -0.179964 -0.094259 -0.134871 -0.254263 -0.276113 -0.268460 -0.252728
-0.272776 -0.276133 -0.141602 -0.125464 -0.102467 -0.088317 -0.089958 -0.066432 0.116972 0.083676
0.045852 0.112220 0.122462 0.070916 0.394953 0.128272 -0.197387 -0.212925 -0.165501 -0.213753
-0.182624 -0.205760 -0.212542 -0.232504 -0.211396 -0.179839 -0.171942 -0.180837 -0.085172 -0.166088
-0.233228 -0.245111 -0.249581 -0.265526 -0.226939 -0.167739 -0.027416 -0.012308 -0.104297 -0.149432
-0.173596 -0.197240 -0.188615 -0.189508 -0.099352 -0.071625 -0.160057 -0.142223 -0.220507 -0.258502
-0.207433 -0.220113 -0.191247 -0.113264 -0.161556 -0.211363 -0.261721 -0.246870 -0.236480 -0.170563
-0.149504 -0.242533 -0.278282 -0.262378 -0.220435 -0.234887 -0.229851 -0.245493 -0.225077 -0.232693
-0.240475 -0.251534 -0.223560 -0.276074 -0.276177 -0.265250 -0.274314 -0.271167 -0.278338 -0.257066
-0.277776 -0.202399 -0.076283 -0.117339 -0.078008 -0.075739 -0.028225 0.100164 0.284190 0.178986
0.082494 0.009771 -0.068990 -0.110512 -0.152161 -0.233952 -0.242557 -0.248439 -0.222332 -0.188701
-0.184401 -0.191693 -0.202786 -0.231314 -0.221839 -0.190666 -0.186915 -0.174327 -0.091734 -0.142643
-0.189479 -0.217665 -0.207066 -0.232031 -0.176976 -0.063957 0.028989 -0.026437 -0.136903 -0.174615
-0.198518 -0.250313 -0.230285 -0.201947 -0.030608 0.145500 0.157043 -0.053158 -0.224470 -0.247878
-0.061474 0.033039 -0.078450 -0.163368 -0.245995 -0.252964 -0.254787 -0.257555 -0.264723 -0.167152
-0.191333 -0.229087 -0.278353 -0.247213 -0.209879 -0.230644 -0.252630 -0.255889 -0.252101 -0.226846
-0.211671 -0.262169 -0.272013 -0.278418 -0.264070 -0.218120 -0.172166 -0.200376 -0.276852 -0.228686
0.175839 0.548500 -0.008205 -0.149163 -0.025423 -0.047876 -0.118832 -0.001709 0.065723 -0.111969
-0.196754 -0.257376 -0.275095 -0.258452 -0.253740 -0.269043 -0.270860 -0.269727 -0.248063 -0.192465
-0.212556 -0.241035 -0.231403 -0.204951 -0.157988 -0.136404 -0.180904 -0.141127 -0.044206 -0.133257
-0.210904 -0.247008 -0.216661 -0.191891 -0.161614 -0.055259 0.013320 -0.087063 -0.181626 -0.228028
-0.255500 -0.259994 -0.170056 -0.067975 0.187029 0.199013 0.067483 -0.142788 -0.257482 -0.265783
-0.146245 -0.169259 -0.232368 -0.270462 -0.278253 -0.261961 -0.236120 -0.203951 -0.055485 -0.150220
-0.201431 -0.248870 -0.276306 -0.235974 -0.163116 -0.231279 -0.208407 -0.215768 -0.204707 -0.159599
-0.222999 -0.210264 -0.187976 -0.206705 -0.214486 -0.199466 -0.275555 -0.276907 -0.271708 -0.252128
0.170422 0.066256 -0.107101 -0.050606 0.045521 0.035797 -0.109775 -0.118404 -0.176889 -0.238577
-0.261096 -0.277792 -0.278102 -0.268769 -0.245941 -0.213779 -0.225564 -0.216208 -0.178825 -0.177568
-0.153342 -0.169139 -0.193020 -0.163530 -0.130755 -0.156432 -0.214883 -0.176264 -0.116833 -0.203087
-0.235534 -0.234273 -0.134775 -0.065193 -0.136574 -0.168865 -0.163813 -0.199464 -0.226318 -0.249352
-0.254409 -0.245546 -0.105502 0.054349 0.162955 -0.010878 -0.058431 -0.118308 -0.210880 -0.234934
-0.178807 -0.249242 -0.258629 -0.246081 -0.236822 -0.202825 -0.218166 -0.196467 -0.206180 -0.224767
-0.232595 -0.276933 0.260233 0.095171 -0.166046 -0.215516 -0.149509 -0.100710 -0.083897 0.217251
-0.020438 0.428031 0.362151 0.316884 0.054966 -0.104734 -0.174596 -0.174723 -0.188322 -0.251763
-0.230692 -0.239171 -0.184996 0.008949 0.002329 -0.211446 -0.264093 -0.272057 -0.273503 -0.268668
-0.275898 -0.272766 -0.189598 -0.061376 -0.013908 0.102578 0.104233 0.189585 0.136599 0.000191
0.033093 0.054863 0.060602 0.046767 -0.081570 -0.151356 -0.189194 -0.201110 -0.193132 -0.225831
-0.211750 -0.150715 0.037609 -0.007568 -0.165489 -0.240100 -0.242323 -0.240942 -0.247382 -0.250409
-0.225961 -0.148370 0.169941 0.338715 0.164101 -0.031100 -0.141361 -0.140279 -0.221218 -0.264869
-0.231591 -0.225830 -0.250940 -0.237711 -0.201431 -0.140780 -0.236787 -0.235754 -0.235449 -0.077518
0.467584 1.285607 0.011260 -0.075632 -0.128497 -0.126714 -0.210027 0.119451 0.603225 1.054014
0.256526 0.165238 -0.030961 0.858567 0.432177 0.339674 -0.174020 -0.134886 -0.055701 -0.229645
-0.267531 -0.272409 -0.258183 -0.216090 -0.226016 -0.257454 -0.274910 -0.277744 -0.278429 -0.275412
-0.273541 -0.248264 0.129349 0.649749 0.537723 0.355323 0.106547 0.031696 -0.004491 -0.025427
-0.060084 -0.059550 -0.027945 -0.043426 -0.116048 -0.186037 -0.205580 -0.226098 -0.216058 -0.221481
-0.183387 -0.048535 0.091186 -0.024189 -0.178118 -0.249458 -0.251074 -0.266225 -0.263573 -0.242314
-0.231023 -0.154384 -0.089002 -0.006528 -0.000162 0.002237 -0.122298 -0.189058 -0.248353 -0.274243
-0.235592 -0.228244 -0.247836 -0.198051 -0.196240 -0.158783 -0.227907 -0.217610 -0.183595 0.105171
0.911057 -0.277859 -0.272525 -0.276203 -0.173258 -0.217990 -0.174393 0.512695 -0.067603 -0.053475
-0.246047 -0.278462 -0.220635 -0.152976 -0.268519 -0.081253 0.316082 -0.129326 -0.242296 -0.277742
-0.278230 -0.278400 -0.274986 -0.278309 -0.271043 -0.236997 -0.258440 -0.261072 -0.277494 -0.278132
-0.244823 -0.069714 0.893255 0.823535 0.398113 0.149180 0.073631 -0.031675 -0.129074 -0.160476
-0.155495 -0.171901 -0.167503 -0.194457 -0.226364 -0.226856 -0.220867 -0.237762 -0.211311 -0.183039
-0.103458 0.034470 0.121232 0.053506 -0.150507 -0.245365 -0.248773 -0.263942 -0.249790 -0.194796
-0.139765 -0.128941 -0.160709 0.003733 0.200960 0.120112 0.078284 -0.056958 -0.233496 -0.266300
-0.209727 -0.227575 -0.163014 -0.063465 -0.148012 -0.153877 -0.202707 -0.257059 -0.171141 0.332270
0.711548 -0.237731 -0.224846 -0.258316 -0.245769 -0.166029 -0.085798 0.376869 -0.221825 -0.181475
-0.249757 0.076598 -0.166886 -0.251482 -0.165258 0.304072 0.126641 -0.260498 -0.267864 -0.268194
-0.274904 -0.278017 -0.261291 -0.274040 -0.207931 -0.185355 -0.241798 -0.240986 -0.264431 -0.268427
-0.197737 0.042390 0.717913 0.273376 0.052258 0.009630 0.097361 0.240526 0.288662 0.116675
-0.021646 -0.039502 -0.044333 -0.102699 -0.129295 -0.162496 -0.152799 -0.146565 -0.106163 -0.097412
-0.052488 0.018886 0.160339 0.031666 -0.128046 -0.182845 -0.230200 -0.238815 -0.210354 -0.162492
-0.106256 -0.105345 -0.060765 0.158426 0.110589 0.009648 -0.058983 -0.157988 -0.251155 -0.278253
-0.245381 -0.195558 0.026647 0.128087 -0.101349 -0.235592 -0.248996 -0.262175 -0.275742 -0.204098
-0.168222 -0.213726 -0.244090 -0.174657 -0.149696 -0.122486 0.368312 -0.046666 -0.272182 -0.143213
-0.050792 -0.026216 -0.128245 -0.101422 -0.268365 -0.278462 -0.237135 -0.033517 -0.171186 -0.276590
-0.266970 -0.237372 -0.209798 -0.263875 -0.234804 -0.250314 -0.261625 -0.260546 -0.256311 -0.248305
-0.228014 -0.160882 -0.041981 -0.237538 -0.257281 -0.257147 -0.224924 -0.085600 0.150148 0.015334
-0.118728 -0.163120 -0.071157 -0.086009 -0.146463 -0.156968 -0.174199 -0.150119 -0.104350 -0.128526
-0.153383 -0.050023 0.152319 0.053334 -0.014423 -0.080845 -0.174416 -0.228450 -0.200326 -0.160015
-0.160581 -0.197259 -0.192448 -0.130161 -0.217208 -0.220342 -0.176885 -0.242635 -0.277619 -0.273486
-0.235606 -0.171661 -0.136103 -0.099825 -0.178441 -0.239987 -0.276691 -0.237256 -0.269437 -0.250386
-0.110528 -0.241180 0.026486 -0.216296 -0.246552 0.058854 0.103011 -0.273058 -0.224810 0.307840
0.138200 -0.230721 -0.118874 -0.177648 -0.243646 -0.255425 0.047440 0.027441 -0.242650 -0.256154
-0.061971 -0.058339 -0.168721 -0.253019 -0.262708 -0.265266 -0.270143 -0.245696 -0.235149 -0.198059
-0.252306 -0.273080 -0.274788 -0.272686 -0.276598 -0.274289 -0.272535 -0.278367 -0.277510 -0.278102
-0.252102 -0.190651 -0.077526 -0.088974 -0.114117 -0.116171 -0.164251 -0.181225 -0.182324 -0.199527
-0.192190 -0.103874 0.021435 0.226936 0.280535 -0.019126 -0.218759 -0.248062 -0.206326 -0.160283
-0.148362 -0.184980 -0.211898 -0.267414 -0.273076 -0.278446 -0.275531 -0.269892 -0.278138 -0.276226
-0.173456 -0.201176 -0.252883 -0.256712 -0.236116 -0.182055 -0.202497 -0.182272 -0.204060 -0.193454
-0.208421 -0.249518 0.285204 0.275278 0.293283 0.306950 -0.265610 0.113639 -0.170806 -0.026750
0.002439 0.102024 0.032291 -0.271885 -0.180708 -0.240510 -0.217469 -0.129088 0.224753 0.104997
0.360214 -0.021045 -0.204057 -0.246364 -0.269844 -0.274498 -0.271043 -0.238232 -0.191880 -0.058967
-0.210211 -0.274797 -0.278416 -0.277675 -0.277725 -0.277910 -0.277970 -0.263261 -0.267154 -0.274676
-0.159276 -0.037322 0.065144 -0.013260 -0.016248 -0.060476 -0.146507 -0.200870 -0.176010 -0.162149
-0.010970 0.136906 0.261996 0.287555 0.090027 -0.073115 -0.204263 -0.218034 -0.113848 -0.103599
-0.129226 -0.188701 -0.189359 -0.277622 -0.267883 -0.270700 -0.237841 -0.210997 -0.254232 -0.258386
-0.174526 -0.227887 -0.235985 -0.222375 -0.239324 -0.036287 0.582606 0.532954 -0.141050 -0.197016
-0.136935 -0.273784 -0.127987 -0.168608 -0.025366 -0.143535 0.022316 -0.171217 -0.219139 -0.180795
0.074394 0.057051 0.907346 -0.141277 -0.267455 -0.155664 -0.263904 -0.254890 -0.189137 2.172800
0.266796 -0.231384 -0.277190 -0.263097 -0.245872 -0.256950 -0.238471 -0.201125 -0.019993 0.241024
-0.048400 -0.161588 -0.182177 -0.152966 -0.184189 -0.207644 -0.193345 -0.205843 -0.187686 -0.056972
0.180514 0.158693 0.145601 0.116073 0.049430 -0.026494 -0.027215 -0.032971 0.059291 0.144853
0.121507 0.173114 0.192816 -0.022605 -0.016775 -0.073152 -0.169090 -0.164492 -0.010758 -0.076140
-0.048441 -0.094500 0.007774 -0.088682 -0.108043 -0.096380 -0.096697 -0.120516 -0.258217 -0.267696
-0.151416 -0.118355 -0.096369 -0.152656 -0.143549 -0.135248 0.217466 -0.143224 -0.270197 0.344007
-0.004670 -0.169231 -0.166842 -0.278260 -0.264863 -0.237512 -0.033774 0.357791 -0.048521 -0.194760
0.205341 -0.156882 -0.229837 -0.276529 -0.244248 0.050783 -0.023753 -0.017827 -0.277683 -0.223794
-0.271265 -0.011008 -0.137905 -0.180309 -0.230629 -0.240665 -0.257621 -0.205457 0.089962 0.164459
-0.137943 -0.228241 -0.262256 -0.229055 -0.212893 -0.225101 -0.203898 -0.145351 -0.163460 -0.213299
-0.201632 -0.104381 -0.035247 -0.078612 -0.154125 -0.216943 -0.178011 -0.101016 -0.013481 0.043041
-0.192419 -0.140877 -0.191147 -0.211147 -0.129172 -0.074432 -0.150177 -0.117299 -0.039226 -0.203750
-0.169079 -0.135378 -0.101569 0.021796 0.164686 -0.066779 -0.148489 -0.188213 -0.252903 -0.200126
-0.067517 -0.098515 -0.179958 -0.180493 -0.128481 -0.084671 0.524025 0.090773 0.141658 1.366141
0.132087 -0.243786 -0.190060 -0.232625 -0.218754 -0.138100 -0.236797 -0.095736 -0.142194 -0.181451
-0.137679 -0.232378 -0.158477 -0.010575 0.548628 -0.034334 -0.210060 -0.163419 -0.212071 -0.272826
-0.117607 -0.049230 -0.042377 -0.242701 -0.250792 -0.203817 -0.225552 -0.131343 -0.114682 -0.251334
-0.263023 -0.270381 -0.278088 -0.268518 -0.234943 -0.224838 -0.217261 -0.146862 -0.150508 -0.215875
-0.266503 -0.256765 -0.266493 -0.244599 -0.268338 -0.271259 -0.229246 -0.233960 -0.258491 -0.273624
-0.277593 -0.277787 -0.274766 -0.271854 -0.278135 -0.274865 -0.269720 -0.249661 -0.230137 -0.240099
-0.215163 -0.243948 -0.275568 -0.276445 -0.266008 -0.264217 -0.235434 -0.194411 -0.203581 -0.176863
-0.165402 -0.122924 -0.156507 -0.183951 -0.120560 0.434249 -0.240967 -0.248108 0.195093 0.125902
0.257491 -0.277040 -0.251778 -0.180162 -0.097345 -0.206411 -0.221961 -0.084616 0.022182 -0.013875
-0.248979 -0.092112 -0.153556 0.097752 0.464558 -0.230617 -0.200467 -0.203912 -0.055502 -0.239538
0.072817 -0.190722 0.094815 -0.223985 -0.168739 -0.201311 -0.247640 -0.234760 -0.239640 -0.264920
-0.268447 -0.254658 -0.275482 -0.278168 -0.250081 -0.242134 -0.254737 -0.268887 -0.270076 -0.277918
-0.276890 -0.276881 -0.272207 -0.277180 -0.277778 -0.269855 -0.247852 -0.271769 -0.278014 -0.275518
-0.277502 -0.261203 -0.240851 -0.253250 -0.268406 -0.277864 -0.278450 -0.278450 -0.270137 -0.218213
-0.221630 -0.267517 -0.277681 -0.275385 -0.277878 -0.239241 -0.043659 0.102466 -0.049046 0.014311
-0.124059 -0.244169 -0.213123 -0.214808 -0.189625 -0.081552 -0.072431 0.262713 -0.263811 -0.145284
0.067293 -0.278453 -0.097926 -0.148140 -0.123658 -0.222853 -0.190406 0.109670 0.186850 0.095516
0.074326 -0.182565 0.097068 -0.054634 -0.235536 -0.199826 0.154403 -0.022335 -0.150131 -0.219024
-0.133084 -0.030870 -0.073411 -0.265483 -0.247698 -0.251547 -0.255907 -0.259912 -0.107073 0.123642
-0.064581 -0.166207 -0.245085 -0.271742 -0.256012 -0.242317 -0.261352 -0.264287 -0.268480 -0.273576
-0.263022 -0.257550 -0.272731 -0.270899 -0.242729 -0.237487 -0.235720 -0.243916 -0.234211 -0.258675
-0.264581 -0.236463 -0.260160 -0.256118 -0.261398 -0.241244 -0.244197 -0.244137 -0.211384 -0.161950
-0.218481 -0.236076 -0.244770 -0.261395 -0.247525 -0.090211 0.117595 0.196210 -0.112579 -0.145825
-0.061076 -0.234618 -0.183383 -0.100405 0.236368 -0.108570 0.231611 -0.252426 -0.212607 -0.270079
0.404167 -0.263996 -0.183248 -0.174950 -0.174410 -0.210727 -0.189979 -0.000574 -0.040113 0.004824
0.174256 0.333429 0.002687 -0.184517 -0.274528 -0.152565 0.206259 -0.076001 -0.192709 -0.221503
-0.127868 0.274087 -0.235238 -0.277837 -0.278375 -0.276941 -0.234229 -0.224533 -0.044545 0.019348
-0.114062 -0.194206 -0.272563 -0.275361 -0.169285 -0.009414 -0.066440 -0.207036 -0.222191 -0.236505
-0.184919 -0.193725 -0.226857 -0.258223 -0.249933 -0.231120 -0.196576 -0.173670 -0.153339 -0.199517
-0.224172 -0.195354 -0.218370 -0.241925 -0.242011 -0.227373 -0.224883 -0.213188 -0.164593 -0.220217
-0.253886 -0.226453 -0.180348 -0.071633 0.202454 0.565843 0.278123 0.117283 -0.217133 0.160539
-0.102424 -0.207568 -0.180373 -0.133120 0.169716 -0.175537 0.142706 -0.189654 0.141299 -0.071786
-0.041676 -0.275702 -0.215083 -0.187545 -0.186710 -0.219647 -0.260323 -0.194808 0.134872 0.283084
0.087018 -0.175370 -0.271391 -0.219834 -0.079512 0.411716 -0.124318 -0.061504 -0.209845 -0.226050
0.166891 -0.096759 -0.269460 -0.272699 -0.277890 -0.274666 -0.235925 -0.241728 -0.271785 -0.274838
-0.267888 -0.254441 -0.271247 -0.248138 -0.168049 -0.102100 0.026694 0.141660 -0.114776 -0.219710
-0.133498 -0.199684 -0.214104 -0.211804 -0.225933 -0.213173 -0.193056 -0.129372 -0.166908 -0.230695
-0.234002 -0.224917 -0.193251 -0.174673 -0.133488 -0.192819 -0.211132 -0.202712 -0.173774 -0.218030
-0.191466 -0.089545 -0.022336 0.223040 0.355355 0.118380 0.226847 -0.156090 -0.113587 0.303112
0.414747 0.444668 0.217619 0.199418 -0.153783 0.596535 -0.080066 0.660144 0.330333 -0.116463
-0.130506 -0.186133 0.138616 -0.229158 -0.228404 -0.252697 -0.201848 -0.073884 0.009400 -0.201723
-0.258740 -0.141025 -0.147007 -0.075612 0.000195 0.222532 -0.246019 -0.174909 -0.173626 -0.010101
-0.158305 -0.274072 -0.278439 -0.274727 -0.250540 -0.238835 -0.219510 -0.218072 -0.274028 -0.275734
-0.267096 -0.158097 -0.066585 0.074162 0.108466 0.155330 0.227912 0.118238 -0.056905 -0.010429
-0.074823 -0.178102 -0.189250 -0.156001 -0.220050 -0.211049 -0.254760 -0.220914 -0.082415 0.030375
-0.044000 -0.158848 -0.163117 -0.130182 -0.183009 -0.213640 -0.223224 -0.136919 -0.047633 -0.126402
-0.053253 0.013785 0.052255 1.565766 0.848509 -0.187083 -0.257756 -0.135382 0.799912 -0.050637
-0.161866 0.089888 0.596499 -0.039418 0.217673 -0.002754 -0.229995 1.147928 -0.274064 -0.190713
-0.078661 -0.184192 -0.018477 -0.217316 -0.225636 -0.189870 -0.161254 -0.224469 -0.246161 -0.266772
0.015354 0.090017 -0.206910 -0.200836 0.107670 -0.089270 -0.135145 -0.057643 0.651108 -0.153016
-0.245501 -0.060157 -0.062609 -0.230148 -0.244075 -0.236892 -0.231920 -0.232351 -0.259345 -0.236590
-0.131371 -0.046956 0.003074 0.001531 -0.038620 -0.132373 0.326714 1.012737 -0.121844 -0.219121
-0.225700 -0.236051 -0.201919 -0.199215 -0.210784 0.015809 0.191497 0.408523 0.423584 -0.038669
-0.106458 -0.145726 -0.141840 -0.176833 -0.212386 -0.166475 -0.144876 -0.173537 -0.056394 0.152638
0.019702 -0.190517 -0.236901 0.242283 -0.278343 -0.278009 -0.135568 0.535742 0.392838 -0.168019
0.104184 -0.080726 -0.058542 -0.275355 -0.184527 -0.271152 -0.249460 -0.275797 -0.269820 0.861904
0.334597 -0.232592 -0.069026 -0.131362 -0.191282 -0.159589 -0.074512 -0.246909 -0.262584 -0.260532
-0.241392 -0.237136 -0.234207 -0.165247 -0.246083 -0.222161 -0.050341 0.173225 -0.169473 -0.224049
-0.174622 0.163187 -0.223558 -0.247509 -0.209719 -0.208795 -0.179652 -0.188929 -0.184911 -0.067642
0.001851 -0.079384 -0.031888 0.024432 0.009668 0.268341 0.041470 -0.235360 -0.209603 -0.214120
-0.208824 -0.119637 -0.063516 -0.097225 -0.033097 0.161296 0.083149 0.272348 -0.190699 -0.255031
-0.227230 -0.190467 -0.176734 -0.211181 -0.181098 -0.091555 -0.011778 0.230837 0.903590 0.051401
-0.198973 -0.239708 0.047363 -0.261254 -0.277625 -0.008700 0.127869 -0.192335 -0.261742 0.065623
-0.119376 -0.278464 -0.170354 -0.239429 -0.258820 -0.276584 -0.261973 -0.265578 -0.265257 0.154709
0.757039 -0.253248 -0.098752 -0.186584 0.301419 0.225277 -0.224245 -0.276217 -0.246062 -0.189170
-0.189509 -0.177687 -0.003339 -0.035809 -0.249658 -0.277851 0.055736 0.309960 0.393291 0.006291
0.140697 0.287937 -0.274960 -0.263215 -0.186670 -0.141978 0.013640 0.003184 0.068988 -0.059316
-0.203979 -0.217710 -0.191327 -0.188930 -0.070727 0.988527 0.653575 -0.267541 -0.253850 -0.178019
-0.182651 0.161499 0.187368 -0.033839 -0.010418 0.026063 -0.212026 0.047756 -0.181404 0.188196
0.352412 -0.030018 -0.180981 -0.180884 -0.127644 -0.033537 0.252924 0.470073 -0.143398 -0.102655
-0.090056 -0.240538 0.184085 -0.214721 -0.150106 -0.236974 -0.169199 -0.267584 -0.245298 -0.217801
0.399186 -0.151499 0.193471 -0.019660 -0.260128 -0.269974 -0.200050 -0.274386 -0.259025 -0.265532
-0.093679 -0.273625 -0.227808 -0.272966 -0.150416 -0.260941 -0.276360 -0.266529 -0.241631 -0.264204
-0.211453 -0.196209 -0.130783 -0.091297 -0.252028 -0.203815 -0.104615 -0.139770 -0.179346 0.173479
-0.075622 -0.178349 -0.263916 -0.023888 -0.206479 -0.237039 -0.185539 -0.186099 -0.155530 -0.193469
-0.240736 -0.169085 -0.031170 -0.112407 -0.079052 -0.253839 -0.271321 -0.187626 0.098250 -0.097124
0.210178 0.238661 -0.083108 -0.043195 0.024509 0.207989 -0.068612 0.901967 -0.267912 0.380629
-0.075411 -0.124604 0.077155 -0.091013 -0.001961 -0.086235 0.150658 -0.094101 -0.173084 -0.219019
0.033818 0.003617 -0.050577 -0.251693 -0.186751 -0.214539 -0.202799 -0.233302 -0.277658 -0.238290
-0.020648 -0.153554 -0.108449 -0.253621 -0.265013 -0.228544 -0.166596 -0.255303 -0.263852 -0.194927
-0.222065 -0.278392 -0.209204 -0.216020 -0.266911 -0.278366 -0.216703 -0.104041 -0.162187 -0.241031
-0.238687 -0.220807 -0.190097 -0.215216 -0.254106 -0.094106 -0.132185 -0.153832 -0.045756 0.177085
-0.236325 -0.176148 -0.088415 -0.052511 -0.252642 -0.261749 -0.210894 -0.079277 -0.032798 -0.009442
-0.060098 -0.011186 0.022701 -0.183996 0.301174 -0.272091 -0.277876 0.427836 -0.009663 -0.198361
0.077738 -0.107105 0.120636 -0.035208 0.052324 -0.011062 -0.246996 -0.196687 -0.278297 -0.272764
-0.004152 0.486011 0.393238 -0.156060 -0.142584 -0.229828 -0.048468 -0.151445 0.222161 0.318343
0.292753 -0.104159 -0.266245 0.020281 -0.172742 -0.087662 -0.098225 -0.163167 -0.201210 0.220338
-0.234855 -0.075213 -0.228426 -0.261902 -0.208966 -0.172004 0.025593 -0.040245 -0.215297 -0.141521
-0.175734 -0.276541 -0.242242 -0.219693 -0.278103 -0.264392 -0.031794 -0.053454 -0.163060 -0.202498
-0.242783 -0.227527 -0.081991 -0.138630 -0.120733 -0.156801 -0.137411 -0.018778 -0.127659 -0.226018
-0.245857 0.219758 0.464089 -0.101411 -0.191993 -0.023830 0.788445 0.328590 -0.170695 -0.200548
0.123079 0.219370 0.038434 -0.174691 -0.238011 -0.207576 -0.239978 -0.140118 -0.190806 0.020895
0.168223 -0.255201 -0.238687 -0.259727 -0.251714 -0.253062 -0.156130 -0.236687 0.016323 0.115180
0.790697 0.471057 -0.261470 -0.168965 -0.109629 -0.207695 -0.041881 -0.213348 -0.138562 0.068541
-0.158717 0.017926 -0.269509 -0.214014 -0.093151 -0.191037 -0.268750 -0.228807 -0.267851 -0.277514
-0.277280 -0.205268 -0.270317 -0.256766 -0.099853 -0.188331 -0.163423 -0.131323 -0.261021 -0.247935
0.016131 -0.275171 -0.257140 -0.257087 -0.186597 0.004426 -0.043767 -0.100920 -0.246381 -0.191712
0.035235 -0.233673 -0.179421 -0.141148 0.076161 0.005126 -0.243020 0.129208 -0.270361 -0.254007
-0.093621 1.757962 -0.248086 -0.271093 -0.149292 0.582776 0.072458 -0.151215 -0.070848 0.508673
0.312420 -0.168849 -0.136993 -0.193591 0.136357 -0.077574 -0.116726 -0.274650 -0.132135 -0.179586
-0.128932 -0.048115 -0.222807 0.035276 -0.062413 -0.125479 -0.034686 0.403917 -0.111715 -0.161256
-0.160690 -0.152816 -0.272251 -0.042044 0.113754 -0.014042 0.375743 -0.195991 -0.164493 -0.208291
-0.133912 0.012565 -0.240694 -0.087434 -0.213124 -0.160718 -0.051710 -0.227367 -0.169321 -0.240952
-0.207955 -0.182027 -0.011666 0.265923 -0.222615 -0.241457 -0.242774 -0.155480 -0.219307 -0.140837
-0.023554 -0.273791 -0.233655 -0.208593 -0.054599 0.063322 -0.199358 -0.255887 -0.261345 -0.249338
-0.200453 -0.248594 -0.207536 -0.155732 -0.155718 -0.194129 -0.278363 -0.258718 -0.270315 -0.266774
-0.274386 -0.243016 -0.278108 -0.077584 0.032440 0.090885 -0.171180 -0.277042 -0.040314 1.738579
1.212837 -0.100123 -0.226759 -0.266957 -0.072966 -0.188243 -0.131619 -0.130001 0.076108 -0.129931
-0.184111 -0.195272 -0.168329 -0.152185 -0.181156 -0.160313 0.877379 -0.007291 -0.278268 -0.256802
-0.274581 -0.201949 0.377019 1.279175 -0.223317 -0.079756 -0.179464 -0.270269 -0.191503 -0.213596
-0.274518 -0.268047 -0.073043 -0.008306 0.165911 0.336394 -0.213285 -0.250190 -0.270389 -0.226390
-0.271254 -0.238565 -0.216847 -0.234728 -0.276442 -0.269573 -0.203500 -0.206054 -0.167946 -0.149205
-0.124944 -0.226394 0.391537 0.475739 0.159614 -0.274863 -0.262789 -0.251158 -0.192108 -0.257040
-0.277351 -0.224497 -0.113785 -0.122309 -0.164749 -0.234640 -0.271552 -0.277149 -0.179604 -0.192598
-0.176440 -0.272975 -0.025651 -0.169423 0.104968 -0.239097 -0.245508 -0.246513 -0.274041 -0.182066
-0.022529 -0.167148 -0.162614 0.196739 0.501492 0.024116 -0.174741 -0.016049 -0.139105 -0.117059
-0.162978 -0.227835 -0.201401 -0.157407 -0.201557 -0.074077 -0.233413 -0.276708 -0.166938 -0.095511
-0.243938 -0.198065 -0.120012 0.166177 -0.051464 -0.138305 -0.241886 -0.170908 -0.207425 -0.197644
-0.061276 -0.087610 0.019112 0.604468 0.009042 -0.278004 -0.277004 -0.231993 -0.183233 -0.013006
-0.133916 -0.107712 -0.261366 -0.271949 -0.216398 -0.194018 -0.222965 -0.222452 -0.115993 -0.211204
-0.133419 -0.261131 0.078652 -0.098582 -0.254916 -0.271376 -0.248125 -0.221620 -0.240671 -0.255841
-0.262869 -0.199956 -0.206408 -0.247607 -0.256731 -0.185666 -0.207504 -0.267314 -0.244600 -0.255605
-0.218319 -0.278311 -0.235321 -0.228749 -0.120356 -0.277795 -0.266404 -0.154556 0.086785 -0.220068
-0.264818 -0.122497 -0.258964 -0.013150 -0.054456 -0.231997 -0.184094 -0.057747 -0.272824 -0.014484
0.043249 0.021002 0.052605 0.255675 -0.037531 -0.222302 -0.277717 -0.012779 0.067880 0.004900
0.274428 0.048888 -0.202281 -0.278069 0.082955 0.361405 -0.130802 -0.262497 -0.238081 -0.256437
-0.231309 -0.256258 -0.259493 -0.236379 -0.275220 -0.278128 -0.208152 -0.090374 -0.125733 0.006158
-0.121747 -0.116514 -0.174099 -0.270889 -0.278307 -0.252051 -0.257748 -0.218748 -0.119191 -0.066150
0.076641 -0.029942 -0.087391 -0.202686 -0.276742 -0.234614 -0.223687 -0.141277 -0.223456 -0.236133
-0.063749 -0.077416 -0.155250 -0.256357 -0.267702 -0.104547 -0.179345 -0.217715 -0.258208 -0.275255
-0.276955 -0.277435 -0.276831 -0.232828 -0.186867 0.061782 -0.203930 -0.256044 -0.209798 -0.267605
-0.228902 -0.181604 -0.177875 -0.199124 -0.231697 -0.125875 -0.058673 -0.106836 -0.243156 0.035212
0.082905 0.003462 -0.114689 -0.258905 -0.214034 -0.210051 -0.276696 -0.218170 -0.070902 0.186781
0.317449 -0.095892 0.281282 0.208118 -0.202517 0.122325 -0.220997 -0.132482 -0.262171 -0.147809
-0.226077 -0.224948 -0.199678 -0.223728 -0.198152 -0.181207 -0.085267 -0.193757 -0.262166 -0.253358
-0.204518 -0.180038 -0.193516 -0.246894 -0.269066 -0.197899 -0.168215 -0.245327 -0.273448 -0.171440
0.350756 -0.168980 -0.278209 -0.261284 -0.276125 -0.276236 -0.252523 -0.086471 -0.179646 -0.119263
-0.004480 -0.104760 -0.156703 -0.223539 -0.228002 -0.229319 -0.240208 -0.238979 -0.261934 -0.272556
-0.249288 -0.220909 -0.250580 -0.222052 -0.238256 -0.199209 -0.218567 -0.226698 -0.277902 -0.278360
-0.277733 -0.265238 -0.075855 -0.263904 -0.260819 -0.192595 -0.200936 -0.145667 -0.233480 -0.221061
-0.000644 0.519091 0.504359 -0.228529 -0.262778 -0.259973 -0.216181 -0.277316 -0.262569 0.815153
0.033876 -0.134429 0.340574 0.183426 -0.247434 -0.275945 -0.264451 -0.209829 -0.237010 -0.076690
-0.243055 -0.218695 -0.163801 -0.173414 -0.250374 -0.134944 -0.138766 -0.096612 -0.094813 -0.060850
-0.172390 -0.228365 -0.161741 -0.177164 -0.229540 -0.167871 -0.179888 -0.256894 -0.278385 -0.217586
-0.240357 -0.206564 -0.275658 -0.217041 -0.261018 -0.270811 -0.161264 -0.008269 -0.193210 0.162027
0.059463 -0.257159 -0.278326 -0.266710 -0.268106 -0.278464 -0.261142 -0.260368 -0.252268 -0.230574
-0.032827 -0.145722 -0.084484 0.005868 -0.225941 -0.262817 -0.205020 -0.197648 -0.255526 -0.256130
-0.025433 -0.254187 -0.165431 -0.221796 -0.244154 -0.241697 -0.196837 -0.228518 -0.216554 -0.263058
-0.204276 -0.229919 -0.266315 -0.249738 -0.185164 -0.255175 -0.164520 -0.075758 -0.195134 -0.024777
-0.278341 -0.278186 -0.273988 -0.132960 -0.197550 -0.173805 -0.132878 -0.051496 0.071621 0.063655
-0.278462 -0.245671 -0.180296 -0.161113 -0.247166 -0.220936 -0.195283 0.043026 0.096618 -0.192958
-0.277823 -0.278029 -0.276393 -0.260871 -0.259637 -0.276883 -0.252383 -0.166007 -0.216686 0.002392
-0.175029 -0.264897 -0.230641 -0.224796 -0.266798 -0.198152 0.206634 0.234519 -0.125209 -0.218485
-0.270935 -0.208304 -0.186043 -0.241662 -0.266509 -0.272080 -0.179188 -0.217101 -0.222230 -0.164698
-0.079889 -0.237220 0.011948 -0.024936 -0.235289 -0.218310 -0.044714 -0.172817 -0.259097 -0.275241
-0.244221 -0.261437 -0.263561 -0.161079 -0.144414 -0.231088 -0.259644 -0.262979 -0.246001 -0.275168
-0.278191 -0.278415 -0.225987 -0.258516 -0.247065 -0.152869 -0.160701 0.061740 -0.046580 -0.263940
-0.278161 -0.268094 -0.220762 -0.235596 -0.138519 0.154384 0.153201 0.252474 -0.158630 -0.224614
-0.276259 -0.194298 0.041068 -0.082297 -0.013686 -0.205955 -0.252245 -0.272585 -0.278422 -0.162494
0.064795 -0.030785 -0.056115 -0.202180 -0.219322 -0.244249 -0.232240 0.044252 0.208972 0.889255
-0.156984 -0.249819 -0.188022 -0.151766 0.195958 1.344574 0.690794 -0.231749 -0.028487 -0.233198
-0.236026 -0.106961 -0.195528 -0.253969 -0.258896 -0.249053 -0.173855 -0.213728 -0.180822 -0.228611
-0.164387 -0.202749 -0.220479 -0.261153 -0.165556 -0.127587 -0.174404 -0.270356 -0.248685 -0.264168
-0.243480 -0.171891 -0.156185 -0.224384 -0.228368 -0.157387 -0.161032 -0.269677 -0.246066 -0.272882
-0.277740 -0.235378 -0.226179 -0.200964 -0.146571 -0.135431 1.134541 -0.068270 -0.275893 -0.272191
-0.246732 -0.189843 -0.156796 -0.193934 -0.206145 -0.120334 0.036287 -0.125674 -0.275694 -0.278459
-0.219059 0.117514 -0.090960 -0.220718 -0.244898 -0.276617 -0.059324 0.267797 -0.199176 0.198613
0.100796 -0.136851 -0.234782 -0.239527 -0.173149 0.069016 -0.041446 -0.244460 -0.067147 0.756848
0.248819 -0.273419 -0.185017 -0.128857 0.415838 0.543429 -0.274425 -0.277785 -0.276099 -0.258290
-0.272933 -0.245781 -0.228179 -0.232269 -0.246502 -0.240451 -0.134959 0.030352 0.146128 -0.123179
-0.177219 -0.175730 -0.275135 -0.276129 -0.171409 -0.150392 -0.262426 -0.253246 -0.217800 -0.250312
-0.251524 -0.230150 -0.125104 -0.241933 -0.249316 -0.201478 -0.057838 -0.273332 -0.271583 -0.236377
-0.261245 -0.268559 -0.270957 -0.258612 -0.225628 -0.270086 -0.191512 -0.276859 -0.274732 -0.274954
-0.152678 0.258629 0.543008 0.594147 0.297523 -0.088959 -0.269277 -0.276018 -0.245633 -0.184946
-0.139489 0.083289 -0.186490 0.041069 -0.215558 -0.239066 -0.240234 -0.147822 -0.054387 0.005143
-0.168774 -0.116884 -0.183570 -0.186358 -0.179877 -0.146048 -0.173219 -0.263495 -0.261830 0.005962
0.029345 -0.264959 -0.119106 -0.167801 -0.247512 -0.271573 -0.160564 0.156785 -0.258800 -0.274603
-0.277957 -0.278450 -0.255650 -0.224421 -0.212979 -0.094280 0.634246 0.641690 -0.105407 -0.261305
-0.265403 -0.278406 -0.267856 -0.175043 -0.243931 -0.277268 -0.277549 -0.243957 -0.189888 -0.237593
-0.253930 -0.216464 -0.216179 -0.215341 -0.271320 -0.260882 -0.247952 -0.262647 -0.201482 -0.203008
-0.230511 -0.261228 -0.257072 -0.257150 -0.271792 -0.278030 -0.236770 -0.255491 -0.167055 0.006618
-0.083040 0.486905 0.785819 0.245437 -0.264935 -0.201169 -0.228507 -0.278360 -0.165948 -0.108346
-0.086726 0.013317 -0.116799 -0.053999 -0.253068 -0.234844 -0.095068 0.149482 0.728934 0.039061
-0.175718 -0.200404 0.048025 -0.122257 -0.118551 -0.251090 -0.270807 -0.244884 -0.257560 -0.261204
-0.028206 -0.261351 0.071081 -0.249365 -0.234414 -0.135833 -0.274434 -0.271706 -0.278241 -0.254644
-0.102387 -0.180108 -0.257645 -0.209791 -0.011813 0.251274 0.250172 -0.189555 -0.270838 -0.278194
-0.273823 -0.266968 -0.260265 -0.116225 -0.243708 -0.274010 -0.268123 -0.233373 -0.207654 -0.139951
-0.141356 -0.158531 -0.236297 -0.230241 -0.231338 -0.235464 -0.256794 -0.214459 -0.128965 -0.236499
-0.244372 -0.254143 -0.220886 -0.214280 -0.252984 -0.250379 -0.278425 -0.274254 -0.139617 0.136685
-0.118943 0.258697 -0.256809 -0.233498 -0.250306 -0.229606 -0.193886 -0.214714 -0.061712 -0.260504
-0.148571 -0.190934 -0.177751 -0.212729 -0.173574 0.679439 1.157783 0.221897 -0.213385 -0.269945
-0.255526 -0.262695 -0.262755 -0.257299 -0.211939 -0.278463 -0.274512 -0.154592 -0.270374 -0.265875
-0.158639 -0.269023 -0.278261 -0.277118 -0.273225 -0.264428 -0.275559 -0.266335 0.151163 -0.023288
-0.095737 -0.196164 -0.234919 -0.173842 -0.067513 0.018848 -0.164451 -0.246459 -0.119379 -0.051488
-0.248512 -0.278033 -0.251626 -0.140300 -0.231763 -0.230424 -0.180847 0.229250 -0.079200 -0.179917
-0.165759 -0.178602 -0.161033 -0.204186 -0.141490 -0.193299 -0.226019 -0.226760 -0.203279 -0.243282
-0.216333 -0.199509 -0.177434 -0.123673 -0.121075 -0.067674 0.164604 0.146027 0.010611 -0.159888
0.003559 -0.267405 -0.249903 -0.278408 0.598767 2.049062 0.232971 -0.222259 -0.164650 0.298513
0.110749 0.464356 0.960392 -0.278421 -0.278108 0.057070 0.675049 0.113423 -0.278321 -0.251053
-0.277959 -0.263124 -0.254379 -0.278249 -0.259749 -0.275062 -0.189182 -0.237093 -0.271433 0.026558
-0.272649 -0.263497 -0.223996 -0.152546 -0.208249 -0.243609 -0.273172 -0.179398 0.037405 -0.053942
-0.155953 -0.192172 -0.238622 -0.217298 0.023306 0.105138 0.781020 -0.097199 -0.031629 -0.152616
-0.263784 -0.274333 -0.229876 -0.219805 -0.237393 -0.188961 0.015001 0.618454 -0.219759 -0.244373
-0.170483 -0.178645 -0.113282 0.077335 0.096792 -0.205470 -0.195236 -0.136918 -0.166539 -0.229544
-0.100179 -0.030811 0.110230 0.656316 0.128671 -0.215870 0.203931 0.435985 -0.128910 -0.272664
-0.262711 -0.261278 0.442517 -0.104912 -0.172277 0.611373 0.016348 -0.277829 -0.198232 0.572019
0.441321 -0.257470 -0.268693 -0.246631 -0.248216 -0.260485 -0.028931 -0.185159 -0.204106 -0.085826
-0.209883 -0.005342 -0.240401 -0.276082 -0.275141 -0.207027 -0.209480 -0.269689 -0.197106 0.081094
0.065882 -0.276723 -0.029985 -0.018294 -0.025498 -0.195807 -0.250697 -0.202265 0.030742 0.167183
-0.113560 -0.203672 -0.195652 -0.154406 -0.066300 0.006732 0.153960 -0.276715 -0.227143 -0.191734
-0.222509 -0.172656 -0.151473 -0.110849 -0.151949 -0.104195 -0.075595 -0.097752 -0.028243 0.214855
0.255922 0.129700 0.042731 -0.095596 -0.049136 -0.088559 0.003879 -0.039372 -0.216866 -0.096494
0.232151 -0.132132 -0.193590 -0.104392 -0.211201 -0.277853 0.070277 -0.093728 -0.276300 -0.180684
0.335517 -0.042355 0.012673 0.042944 -0.088765 -0.143986 -0.175121 -0.116751 -0.141219 -0.176525
-0.274537 -0.272442 -0.243515 0.085733 -0.102926 -0.212771 -0.268075 -0.275471 -0.137279 -0.142269
-0.103863 0.021447 -0.195285 -0.186221 -0.072480 -0.092559 -0.187568 -0.243866 -0.250122 -0.163284
0.478594 -0.269785 -0.125328 -0.141636 0.100038 0.115281 0.221658 -0.119344 -0.184602 -0.149770
-0.085173 -0.134533 -0.047711 0.027587 0.012360 -0.267770 -0.201865 -0.067657 0.086616 -0.075052
-0.055963 0.153687 0.102037 0.143970 0.218190 0.184826 0.229917 0.092352 1.214256 0.335211
-0.014595 -0.167131 -0.255377 -0.168835 -0.224625 -0.240692 -0.213978 -0.051628 0.198476 0.914841
-0.037333 -0.225547 -0.155542 -0.211172 -0.096319 0.040153 -0.143517 -0.241991 0.061646 0.215112
0.019144 -0.045537 0.039316 0.132651 -0.138336 -0.275477 -0.134030 0.351404 -0.099103 -0.213022
-0.214667 -0.036105 -0.087080 0.011134 0.068928 0.066454 -0.113775 0.002878 -0.009611 -0.039403
0.105462 -0.042022 -0.020970 0.076601 0.136275 0.069851 -0.002820 -0.060291 -0.117292 -0.039399
-0.155520 -0.009736 0.355007 0.191709 0.143911 0.252576 0.265569 -0.018842 -0.142328 -0.134795
0.176820 0.267843 0.266625 0.105007 -0.005922 -0.205505 -0.229000 0.541966 0.236538 0.081218
0.248573 0.314467 0.565732 0.394632 0.135555 0.008234 -0.126750 -0.110702 -0.062814 -0.153836
0.120938 0.267273 0.150393 0.169125 0.016752 0.372468 0.208328 -0.044638 0.024736 -0.035544
-0.130098 0.210312 0.146997 -0.093677 -0.060047 -0.012280 -0.140980 -0.125138 0.265705 0.134055
-0.091983 0.048167 0.064388 0.073055 -0.104899 -0.085523 0.026052 0.064356 0.067150 -0.012644
-0.007099 0.217677 0.068788 -0.038522 0.041008 0.104581 0.134286 0.075832 -0.083801 -0.054896
-0.033595 -0.094125 -0.060269 -0.039636 -0.046857 0.007228 0.038235 -0.064681 -0.186862 -0.277310
-0.090097 0.039893 0.334174 0.384562 0.595117 0.703500 0.379090 0.188574 0.241084 0.366668
0.493560 0.404024 0.328418 0.432472 0.537516 0.408410 0.301554 0.314942 0.368357 0.358948
0.386715 0.382866 0.403122 0.458658 0.570496 0.809004 1.017008 0.994293 0.764848 0.279408
0.450198 0.711589 0.680413 0.596619 0.334127 0.340426 0.465712 0.637433 0.592988 0.432481
0.409853 0.568672 0.703724 0.610830 0.512752 0.459048 0.409059 0.465500 0.586811 0.612252
0.509938 0.579492 0.644398 0.661348 0.480923 0.451361 0.529755 0.576716 0.897301 1.054298
0.995814 0.352532 0.269262 0.653889 0.643008 0.231742 0.231598 0.402000 0.490740 0.462056
0.457409 0.447184 0.385146 0.402545 0.446588 0.599044 0.705847 0.442623 0.201214 0.037967
-0.248797 -0.276103 -0.233864 -0.189929 -0.086571 -0.139254 -0.254123 -0.272718 -0.257313 -0.240749
-0.243208 -0.256720 -0.235439 -0.161267 -0.195316 -0.247902 -0.262845 -0.235417 -0.231899 -0.231447
-0.238575 -0.232809 -0.209055 -0.109380 -0.019662 -0.072024 -0.084478 -0.097460 -0.224706 -0.254305
-0.175670 -0.045121 -0.043173 -0.205263 -0.246965 -0.207354 -0.191311 -0.152702 -0.219016 -0.239751
-0.203309 -0.212991 -0.232552 -0.253443 -0.243453 -0.252209 -0.248570 -0.223404 -0.211931 -0.222604
-0.225218 -0.189630 -0.171771 -0.224500 -0.260001 -0.260644 -0.229658 -0.200619 -0.040684 0.009996
-0.176869 -0.249638 -0.227386 -0.181295 -0.242468 -0.263214 -0.245264 -0.237540 -0.252174 -0.261705
-0.255464 -0.251424 -0.256430 -0.238744 -0.233839 -0.199474 -0.095349 -0.196157 -0.272856 -0.201311
-0.216810 -0.277709 -0.089099 -0.104730 -0.113639 -0.177041 -0.202047 -0.205105 -0.187061 -0.176526
-0.179106 -0.195112 -0.129816 -0.081019 -0.156243 -0.192278 -0.164331 -0.083995 0.012840 0.019756
0.015038 0.030303 0.095245 0.199911 0.145785 0.045221 -0.036672 -0.081128 0.046357 0.138090
0.254480 0.072834 0.029335 0.304138 0.499726 0.594511 0.079065 -0.120163 0.019730 0.130333
0.191707 0.139804 0.131333 0.018805 -0.058009 -0.055230 -0.053027 0.026392 0.109465 0.024448
0.076251 0.195679 0.124456 0.019870 -0.046350 -0.156663 -0.123239 -0.106618 -0.098292 -0.051054
-0.013112 0.156862 0.204890 0.034839 0.088396 0.175548 0.046482 -0.042729 -0.121878 -0.189808
-0.174417 -0.129207 -0.099239 0.008758 0.014309 -0.073291 -0.021344 -0.168974 -0.274381 -0.243997
-0.174408 -0.277032 -0.164336 -0.154119 -0.177131 -0.195267 -0.143805 -0.147453 -0.152213 -0.147482
-0.066820 0.001366 0.138187 0.015537 -0.161560 -0.217085 -0.192130 -0.103432 0.113901 0.187659
0.276496 0.235838 0.224929 0.221458 0.148359 0.137668 0.085411 -0.005463 0.276181 0.237079
0.196626 0.284534 0.318819 0.258103 0.140173 0.294265 0.274992 0.001120 0.029900 0.088404
0.222031 0.211921 0.238647 0.327746 0.302140 0.434562 0.685808 0.546142 0.492698 0.189626
-0.154199 -0.113767 0.077569 0.168315 0.371147 0.197798 0.103775 -0.027730 -0.075300 0.038462
0.278932 0.193381 0.092105 0.236755 0.435409 0.451684 0.026012 -0.163680 -0.096369 -0.061429
-0.114629 -0.009151 0.073429 0.152999 0.178955 -0.015151 -0.068657 -0.135176 -0.278066 -0.221016
-0.161108 -0.266799 -0.248282 -0.224482 -0.177490 -0.184527 -0.101191 -0.085329 -0.097003 -0.100674
0.085645 0.131105 0.187848 0.158794 -0.002509 -0.105579 -0.135381 -0.104361 0.181871 0.417864
0.839853 0.730765 0.602607 0.570135 0.489264 0.424319 0.528767 0.522484 0.945572 0.898450
1.058274 1.190894 1.532451 1.374753 0.481575 0.050109 0.287126 0.323161 0.400361 0.648777
0.692264 0.491086 0.581955 0.840293 1.093640 1.571770 1.922626 1.632199 1.733579 1.356139
0.199242 -0.089142 -0.022970 0.388140 1.299201 1.431250 1.190983 0.593861 0.252699 0.351185
0.647545 0.952363 1.233567 1.397211 1.583813 1.581045 0.391683 -0.253264 -0.104671 0.335292
0.236211 -0.032661 -0.114144 -0.026888 0.020426 0.008727 -0.066232 -0.206929 -0.274783 -0.237535
-0.169852 -0.269282 -0.249596 -0.231429 -0.196974 -0.204694 -0.154767 -0.102050 -0.054040 -0.022883
0.094898 0.039904 0.053005 0.091726 0.086938 0.056651 0.072025 0.119489 0.334319 0.451351
0.962716 1.058769 0.986522 0.884339 0.666620 0.634752 0.854559 0.919081 1.207494 1.160553
1.571953 1.783061 1.906384 1.564494 0.898768 0.591329 0.766175 0.921326 0.742587 0.626865
0.731926 0.930746 1.081233 1.110053 1.337730 1.722477 1.971760 1.930048 1.865747 1.652307
1.046045 0.489548 0.465860 0.819855 1.416252 1.313533 1.236145 1.053659 0.717153 0.736049
0.966097 1.261941 1.552190 1.573592 1.642704 1.543991 0.619876 -0.121954 0.153617 0.534105
0.391781 0.011768 -0.049235 0.043499 -0.011055 -0.045987 -0.068218 -0.187426 -0.273965 -0.241516
-0.171347 -0.269519 -0.253758 -0.245259 -0.210810 -0.233559 -0.215247 -0.237870 -0.127749 -0.173398
-0.217509 -0.199785 -0.170481 -0.207862 -0.177671 -0.068868 0.044731 0.023989 0.020116 0.106062
0.567411 0.715376 0.507386 0.367109 0.236175 0.244974 0.475143 0.496936 0.632570 0.583462
0.799776 0.896153 0.682832 0.712757 0.683448 0.501027 0.383944 0.337697 0.044364 -0.001847
0.061024 0.268206 0.628964 0.741277 0.593676 0.521350 0.661862 1.063775 1.260786 1.023176
0.626694 0.042814 0.036229 0.127311 0.262583 0.375459 0.420828 0.321670 0.270678 0.173530
0.221901 0.397390 0.686796 0.737721 0.960031 0.615877 0.055226 -0.260346 -0.149677 -0.069458
-0.120357 -0.179895 -0.164774 -0.123662 -0.123690 -0.153859 -0.117446 -0.168015 -0.276238 -0.243980
-0.162383 -0.271691 -0.225763 -0.178778 0.040518 0.106400 0.519825 0.117745 0.184257 -0.105706
-0.202337 -0.130424 0.026675 -0.110791 -0.195017 -0.127385 -0.020449 0.021067 0.152622 0.370895
0.573702 0.688434 0.487485 0.532326 0.548185 0.512759 0.616095 0.589782 0.680183 0.737608
1.193299 1.215554 0.978608 0.837048 0.608493 0.312266 0.135587 -0.061139 -0.057900 0.038457
0.249830 0.551595 0.765509 0.738629 0.866204 0.898115 0.790401 0.913042 0.763987 0.477325
0.065894 -0.177589 -0.065495 -0.038922 0.027996 0.092765 0.076709 0.058273 0.045659 -0.006934
0.078949 0.208426 0.396462 0.459220 0.568809 0.295126 -0.106401 -0.268747 -0.193870 -0.142389
-0.223940 -0.247029 -0.212589 -0.145148 -0.151801 -0.183866 -0.148764 -0.184393 -0.274700 -0.250173
-0.159748 -0.268906 -0.217819 -0.097744 0.395600 0.579221 1.371512 0.644865 0.518213 0.293364
0.128339 0.019024 0.197812 0.291734 0.219283 0.178245 0.098573 -0.079062 -0.026087 0.164338
0.128963 0.234456 0.286995 0.416439 0.554684 0.386446 0.532831 0.749615 0.877031 1.042828
1.567397 1.376691 1.085643 0.958722 0.698603 0.142975 -0.059964 -0.092017 0.073204 0.211107
0.451162 0.634104 0.725013 1.109361 1.311522 1.222571 0.890469 0.283650 -0.085880 -0.223717
-0.262302 -0.249704 -0.123603 -0.043566 -0.000543 -0.080118 -0.130962 -0.091964 -0.022750 -0.012430
0.000241 0.098154 0.169702 0.198823 0.097417 -0.118599 -0.176428 -0.228017 -0.152139 -0.163896
-0.209955 -0.182602 -0.100438 -0.080281 -0.158207 -0.207847 -0.165299 -0.200217 -0.275394 -0.248481
-0.172837 -0.265236 -0.230237 -0.143391 -0.009765 -0.086031 -0.056013 0.025234 0.806354 0.565094
0.524245 0.533310 0.530946 0.639575 1.011553 0.973627 0.568052 0.168147 0.099435 0.158480
0.210084 0.120912 0.223858 0.276782 0.419645 0.548979 0.622838 0.711395 0.971305 0.906237
0.905594 1.017200 1.231493 1.175640 0.461970 -0.056386 -0.148538 -0.066670 0.274195 0.349919
0.461487 0.526696 0.504084 0.592029 0.620329 0.533407 0.267066 0.044401 -0.090106 -0.207732
-0.231064 -0.242604 -0.166965 -0.069517 0.107327 0.006693 -0.150005 -0.157348 -0.023888 0.135233
0.050943 0.034889 0.089429 0.045402 -0.003549 -0.105432 -0.118225 -0.243684 -0.238028 -0.227416
-0.214620 -0.198571 -0.160864 -0.079705 -0.127921 -0.196488 -0.166009 -0.182673 -0.277286 -0.251777
-0.181153 -0.267802 -0.242385 -0.206588 -0.198679 -0.234747 -0.239419 -0.266286 -0.201507 -0.191749
0.013450 0.135306 0.397724 0.493309 0.667353 0.730415 0.863113 0.596605 0.336159 0.109850
0.126907 0.156400 0.551176 0.792283 0.909064 0.877823 0.740667 0.810081 0.850019 0.720160
0.889352 1.334444 1.525244 1.203825 0.460682 -0.077217 -0.115906 0.112440 0.388320 0.361556
0.329408 0.307398 0.245568 0.240751 0.356254 0.350631 0.280352 0.282221 0.264428 0.124467
0.018143 -0.190111 -0.235100 -0.130021 0.227322 0.350064 0.178066 0.001372 -0.107747 -0.075849
-0.051012 -0.001459 0.149549 0.341186 0.356096 0.168716 -0.070171 -0.257537 -0.257055 -0.250889
-0.236158 -0.235360 -0.197055 -0.082082 -0.135156 -0.183099 -0.165315 -0.205871 -0.275009 -0.247756
-0.163819 -0.265762 -0.258836 -0.242205 -0.222386 -0.253391 -0.224635 -0.230674 -0.089437 -0.005299
0.107669 0.262013 0.229198 0.030504 0.145709 0.237553 0.318522 0.084537 0.063742 0.114957
0.203030 0.265907 0.567581 0.750793 0.802553 0.700252 0.722547 0.689655 0.481797 0.253384
0.370153 0.514390 0.569121 0.455642 -0.052428 -0.214687 -0.106686 0.222299 0.256123 0.254244
0.113311 0.083475 0.007203 -0.034499 0.012033 0.050331 0.026493 0.150521 0.593711 0.707756
0.539377 0.123465 -0.165374 -0.152339 -0.013247 0.223574 0.410788 0.260271 -0.040806 -0.127291
-0.060139 0.083641 0.093987 0.236613 0.366375 0.316436 -0.071961 -0.275543 -0.268712 -0.248907
-0.235528 -0.239321 -0.241166 -0.202931 -0.169917 -0.089345 -0.125785 -0.193140 -0.274885 -0.245983
-0.168886 -0.270568 -0.264174 -0.269728 -0.266834 -0.272279 -0.216236 -0.171229 0.198177 0.579356
0.662166 0.452094 0.015631 -0.168657 -0.152511 -0.156055 -0.088777 -0.158671 -0.056324 0.124227
0.291093 0.282027 0.758294 0.565181 0.201678 -0.142946 -0.087219 -0.056423 -0.122432 -0.205223
-0.155206 -0.167015 -0.247117 -0.262430 -0.274308 -0.245227 -0.086923 0.076235 -0.029988 0.001648
-0.023672 -0.053876 -0.158876 -0.191573 -0.187937 -0.213451 -0.190694 -0.089920 0.211189 0.391866
0.671378 1.061765 0.632012 0.309206 0.116689 0.117831 0.400648 0.667708 0.404643 0.161050
0.199137 0.353288 0.347557 0.477687 0.585984 0.338577 -0.105291 -0.278445 -0.269199 -0.210522
-0.194738 -0.261057 -0.270665 -0.248143 -0.197049 -0.136610 -0.172064 -0.191837 -0.275410 -0.244241
-0.171425 -0.268361 -0.269118 -0.274325 -0.269771 -0.258033 -0.154659 0.013746 0.399761 0.333612
0.283728 0.183176 -0.130795 -0.198939 -0.193559 -0.236791 -0.214549 -0.189106 -0.067022 0.036741
0.282891 0.461105 0.660191 0.271018 -0.111265 -0.221546 -0.156833 -0.169701 -0.251827 -0.247447
-0.211650 -0.203350 -0.211496 -0.211586 -0.221542 -0.232183 -0.188225 -0.091607 -0.122065 -0.050419
-0.080037 -0.186271 -0.255966 -0.249709 -0.203595 -0.197164 -0.166099 -0.144249 -0.149712 0.017383
0.439437 0.636088 0.758508 0.708912 0.346650 0.148503 0.347297 0.505166 0.345841 0.316289
0.368494 0.515143 0.478206 0.495557 0.532693 0.415008 0.073331 -0.278184 -0.277931 -0.240971
-0.195177 -0.257017 -0.258979 -0.220032 -0.184909 -0.138381 -0.166856 -0.195728 -0.273555 -0.239610
-0.159366 -0.261732 -0.267762 -0.261877 -0.235705 -0.151580 0.375856 0.759155 0.601577 -0.117758
-0.185220 -0.222209 -0.224951 -0.208063 -0.190654 -0.222092 -0.212011 -0.143715 0.158376 0.335571
0.585142 0.709159 0.595988 0.426790 -0.009501 -0.163502 -0.185711 -0.201958 -0.204006 -0.150304
-0.025971 0.134787 0.494527 0.599796 0.195042 -0.191920 -0.244263 -0.222806 -0.007604 0.107022
0.039962 -0.173240 -0.255830 -0.273923 -0.242514 -0.125689 0.039896 -0.043947 -0.108564 -0.090618
-0.022921 0.146368 0.419871 0.370809 0.118040 -0.024189 0.015236 0.083673 0.068647 0.062471
0.024071 0.122648 0.160432 0.276637 0.922693 1.068464 0.355792 -0.273231 -0.269989 -0.278262
-0.245199 -0.233404 -0.156133 -0.056124 -0.120493 -0.147090 -0.137375 -0.114575 -0.278418 -0.250401
-0.156111 -0.271006 -0.182843 -0.007657 0.089715 -0.151284 -0.127266 0.192099 0.117474 -0.209718
-0.227892 -0.245752 -0.228061 -0.239758 -0.236881 -0.208680 -0.201376 -0.146025 0.024001 0.029285
0.065484 0.403775 0.191366 0.078771 -0.191042 -0.231704 -0.196763 -0.196590 -0.144268 -0.078472
0.002934 0.057311 0.106298 0.169378 0.025140 -0.069178 -0.192871 -0.244740 -0.193245 -0.093858
-0.132393 -0.180839 -0.098828 -0.147829 -0.145588 -0.041303 0.255754 0.160505 0.441754 0.274735
0.091485 0.245112 0.444812 0.284992 -0.050409 -0.210492 -0.201929 -0.094373 0.022994 0.039044
-0.038926 -0.032704 0.120898 0.325799 1.135292 1.036173 0.347966 -0.275578 -0.267897 -0.275748
-0.230034 -0.249368 -0.154313 0.061722 0.026939 -0.065628 -0.061277 -0.156924 -0.275824 -0.247717
-0.163175 -0.274995 0.204046 0.423862 0.427155 -0.067130 -0.278454 -0.278204 -0.277328 -0.275119
-0.267438 -0.252462 -0.239652 -0.187476 -0.192681 -0.225615 -0.248632 -0.232914 -0.232238 -0.258243
-0.254066 -0.236868 -0.274401 -0.278278 -0.274910 -0.271964 -0.240212 -0.190984 -0.172757 -0.154093
-0.115947 -0.117778 -0.203658 -0.185529 -0.243994 -0.205019 -0.234301 -0.275702 -0.272338 -0.241665
-0.235548 -0.227398 0.219026 0.224111 0.347567 0.434689 1.307899 1.251917 1.746164 1.534649
0.945750 0.794859 0.651124 0.315792 0.078581 -0.152998 -0.214474 -0.131650 0.068986 0.142040
0.077331 0.155466 0.555310 0.587379 1.355480 1.191790 0.416526 -0.273407 -0.257746 -0.277959
-0.225397 -0.248180 -0.187327 -0.027476 -0.026871 -0.081821 -0.062960 -0.186886 -0.271272 -0.247412
-0.161793 -0.278129 -0.108168 -0.089838 0.025293 0.115827 -0.235755 -0.274870 -0.278148 -0.274410
-0.237941 -0.235464 -0.256971 -0.212457 -0.196031 -0.196741 -0.215575 -0.235921 -0.240393 -0.260649
-0.263233 -0.256326 -0.278268 -0.277244 -0.276876 -0.245304 -0.220358 -0.198772 -0.231020 -0.236416
-0.186862 -0.194130 -0.243084 -0.212691 -0.268807 -0.258208 -0.256657 -0.267855 -0.266311 -0.247331
-0.241935 -0.201436 0.113820 -0.025861 0.314429 0.875726 1.684547 1.598374 1.716686 1.787367
1.442217 1.248566 1.260302 0.980487 0.441094 -0.127807 -0.180396 -0.039820 0.147873 0.159282
0.098899 0.252035 0.460248 0.440665 1.181714 1.255000 0.503758 -0.277330 -0.273732 -0.272301
-0.171063 -0.138244 -0.094279 -0.044650 -0.147882 -0.201621 -0.162837 -0.203073 -0.271066 -0.249200
-0.161630 -0.262914 -0.263718 -0.256489 -0.252430 -0.248825 -0.272314 -0.278281 -0.267694 -0.235273
-0.174443 -0.159621 -0.234736 -0.243304 -0.209961 -0.124070 -0.110862 -0.208909 -0.169765 -0.175792
-0.177067 -0.212491 -0.170283 -0.156835 -0.228625 -0.226426 -0.246234 -0.254896 -0.242595 -0.249773
-0.255550 -0.265056 -0.261676 -0.268022 -0.275552 -0.270984 -0.269776 -0.252175 -0.258210 -0.251235
-0.238448 -0.177576 -0.095604 -0.068692 0.453955 0.846438 0.944385 0.901526 1.085503 1.147867
1.194794 0.959533 1.268803 1.418746 0.691260 -0.215519 -0.227603 -0.119421 0.015451 0.069543
0.012794 0.130975 0.121680 0.156051 0.814680 0.917081 0.255468 -0.254690 -0.261506 -0.274283
-0.204753 -0.201935 -0.176409 -0.058274 -0.085166 -0.173935 -0.172030 -0.210533 -0.272957 -0.240749
-0.161935 -0.259670 -0.273483 -0.273125 -0.263973 -0.276753 -0.264241 -0.216590 -0.113405 -0.159483
-0.239628 -0.243297 -0.202293 -0.225833 -0.228262 -0.162900 -0.111368 -0.113382 0.067436 -0.107536
-0.182923 -0.272905 -0.256567 -0.132495 -0.195248 -0.218194 -0.262550 -0.273994 -0.268907 -0.271801
-0.260153 -0.257683 -0.251135 -0.250626 -0.260089 -0.267277 -0.274145 -0.268683 -0.276196 -0.267423
-0.244047 -0.206531 -0.164830 -0.069978 0.275712 0.326871 0.409949 0.418056 0.340963 0.142521
0.092236 -0.051762 0.044155 0.233586 -0.147661 -0.275620 -0.240815 -0.152135 -0.110084 -0.068298
-0.070099 0.009425 0.043981 0.061375 0.601691 0.629767 0.103516 -0.246751 -0.244775 -0.278038
-0.257628 -0.256175 -0.250601 -0.204119 -0.170610 -0.157914 -0.136366 -0.178192 -0.273511 -0.246244
-0.158642 -0.263137 -0.266582 -0.275900 -0.261868 -0.271464 -0.124157 0.150212 0.620079 0.284051
-0.118527 -0.277748 -0.269223 -0.202356 -0.177635 -0.116185 -0.090902 0.018421 0.140392 -0.082691
-0.273295 -0.277612 -0.273821 -0.242508 -0.269163 -0.270646 -0.275800 -0.276861 -0.277603 -0.278449
-0.277893 -0.278315 -0.264684 -0.230151 -0.233413 -0.213472 -0.261490 -0.271440 -0.276278 -0.277402
-0.273389 -0.258771 -0.249867 -0.259731 -0.193816 -0.158463 -0.198718 -0.240695 -0.262251 -0.276369
-0.278370 -0.277643 -0.277505 -0.260596 -0.277712 -0.276942 -0.199057 -0.095571 -0.118869 -0.125994
-0.147329 -0.108843 -0.092073 -0.094540 0.263650 0.331631 0.213107 -0.272644 -0.257493 -0.277273
-0.270811 -0.271678 -0.259123 -0.225157 -0.190146 -0.173345 -0.133017 -0.191228 -0.275695 -0.249113
-0.156346 -0.267706 -0.271673 -0.271338 -0.247441 -0.249624 -0.046064 0.055625 0.441726 0.266078
-0.015615 -0.267513 -0.253795 -0.129340 -0.128160 -0.092031 -0.070769 0.098573 0.009899 -0.220427
-0.276956 -0.277552 -0.278423 -0.276308 -0.278459 -0.278453 -0.278282 -0.278373 -0.278465 -0.278421
-0.278434 -0.276032 -0.278097 -0.268456 -0.218548 0.022430 -0.111420 -0.270431 -0.264743 -0.273312
-0.278286 -0.278020 -0.258284 -0.246583 -0.146504 -0.222389 -0.242290 -0.259403 -0.268989 -0.274178
-0.274334 -0.274137 -0.264812 -0.265275 -0.275983 -0.265648 -0.221661 -0.138442 -0.096376 -0.096371
-0.149471 -0.076471 -0.020328 0.037599 0.478893 0.505264 0.164946 -0.268117 -0.263206 -0.277909
-0.275258 -0.275926 -0.267154 -0.206675 -0.123207 -0.132333 -0.140853 -0.206871 -0.276759 -0.244251
-0.155177 -0.274786 -0.256171 -0.270883 -0.253861 -0.258626 -0.176690 -0.168834 0.277193 0.103124
-0.137639 -0.274614 -0.247189 -0.116567 -0.188728 -0.130025 -0.127911 -0.089330 -0.187963 -0.276201
-0.277543 -0.278338 -0.278158 -0.278427 -0.278356 -0.277763 -0.277195 -0.277773 -0.278182 -0.277697
-0.277017 -0.276852 -0.272979 -0.277814 -0.258147 -0.091463 -0.174265 -0.277567 -0.275983 -0.278464
-0.278072 -0.277026 -0.189719 -0.097181 -0.007394 -0.153849 -0.142598 -0.157030 -0.144102 -0.146888
-0.179814 -0.176568 -0.145547 -0.184077 -0.110713 -0.194940 -0.231976 -0.176380 -0.095849 -0.083603
-0.133720 0.023172 0.175301 0.344402 0.669837 0.698764 0.110471 -0.275145 -0.277194 -0.276680
-0.270319 -0.273084 -0.263927 -0.204338 -0.135057 -0.151496 -0.126578 -0.170673 -0.276699 -0.238964
-0.160617 -0.267828 -0.223103 -0.258311 -0.243061 -0.233504 -0.040662 -0.080169 0.798624 0.507790
0.052115 -0.267838 -0.267010 -0.115785 -0.181484 -0.167246 -0.147643 -0.089338 -0.138228 -0.273257
-0.278461 -0.275278 -0.278256 -0.277564 -0.278163 -0.278442 -0.269498 -0.263889 -0.254826 -0.264385
-0.276754 -0.271756 -0.267033 -0.278321 -0.273673 -0.261982 -0.278387 -0.267484 -0.272630 -0.275531
-0.270988 -0.268621 -0.227940 -0.160218 -0.180220 -0.231095 -0.192026 -0.135218 -0.131011 -0.106325
0.038779 0.094935 0.220161 0.226415 0.503281 0.103637 -0.137709 -0.174927 -0.032541 0.049841
-0.083608 -0.034607 0.128590 0.362470 0.209397 0.038419 -0.222567 -0.278376 -0.272066 -0.260014
-0.237986 -0.245999 -0.247931 -0.204453 -0.111065 -0.113817 -0.145837 -0.176531 -0.275969 -0.240898
-0.164679 -0.257884 -0.219915 -0.251414 -0.246093 -0.204590 0.137320 -0.020785 1.006610 0.685426
0.235961 -0.167434 -0.149377 0.024815 0.014192 -0.087456 -0.128430 0.066059 0.029078 -0.246705
-0.278172 -0.278107 -0.277009 -0.276778 -0.278251 -0.266761 -0.242177 -0.234904 -0.259893 -0.239300
-0.137592 -0.278464 -0.270685 -0.268809 -0.278464 -0.274397 -0.259098 -0.266954 -0.278304 -0.248526
-0.221128 -0.272789 -0.275569 -0.275799 -0.262421 -0.247120 -0.143839 -0.047021 -0.138621 -0.059647
0.318542 0.430953 0.848716 0.483761 0.345786 0.506031 0.434235 0.125793 0.319047 0.482258
0.333650 0.037252 -0.148666 -0.167530 -0.232199 -0.257456 -0.266977 -0.251832 -0.215791 -0.215529
-0.225789 -0.236222 -0.239140 -0.203602 -0.126470 -0.087457 -0.071735 -0.156913 -0.275057 -0.242343
-0.164787 -0.261012 -0.252939 -0.250123 -0.197653 -0.170470 0.033932 -0.052943 0.719516 0.620739
0.320501 -0.042065 0.016932 0.136815 0.289378 0.071173 -0.103613 -0.022052 0.002633 -0.221771
-0.264507 -0.276224 -0.276408 -0.277392 -0.268171 -0.256428 -0.197161 0.230593 0.009137 0.455282
-0.052394 -0.196062 -0.211617 -0.278306 -0.278362 -0.271313 -0.265504 -0.278462 -0.267989 -0.269680
-0.275802 -0.278258 -0.276546 -0.278338 -0.255239 -0.223227 -0.173904 0.064698 0.161173 0.085419
0.116485 0.129796 0.562033 0.667757 0.508366 0.358287 0.334234 0.346347 0.682517 0.593982
0.402758 0.211547 -0.036586 -0.184583 -0.245343 -0.256423 -0.232609 -0.200074 -0.206725 -0.222762
-0.254089 -0.266967 -0.258209 -0.207278 -0.184145 -0.134856 -0.060618 -0.115307 -0.273455 -0.249558
-0.173199 -0.264941 -0.265924 -0.255204 -0.198265 -0.219007 -0.161962 -0.241177 0.016529 -0.059864
0.078543 -0.048345 -0.077214 0.026148 0.066032 -0.035672 -0.096000 -0.089150 -0.087130 -0.219377
-0.261619 -0.276517 -0.278093 -0.275840 -0.263811 -0.238836 -0.175712 0.242142 -0.278038 0.368865
2.120101 0.271221 -0.230445 -0.262348 -0.278463 -0.271396 -0.275447 -0.278220 -0.278405 -0.278453
-0.278228 -0.278369 -0.274974 -0.246065 -0.225927 -0.244940 -0.253397 -0.230595 -0.170088 0.026809
0.132464 0.210410 0.621646 0.500929 0.073210 -0.117855 -0.049257 0.059281 0.300316 0.234518
0.213805 0.201733 0.217849 0.060555 -0.111874 -0.238829 -0.248289 -0.230621 -0.240409 -0.252122
-0.271117 -0.273246 -0.259174 -0.216312 -0.196452 -0.197368 -0.213312 -0.188776 -0.274733 -0.251132
-0.160016 -0.249221 -0.266218 -0.255892 -0.228510 -0.244483 -0.148675 -0.234838 0.108567 0.021462
0.021980 -0.163251 -0.177260 -0.138107 -0.160784 -0.133168 -0.122030 -0.044119 -0.086576 -0.201938
-0.270417 -0.277259 -0.276073 -0.272579 -0.271407 -0.247848 -0.261900 -0.276052 -0.110768 -0.220582
1.610522 1.397526 -0.278237 -0.274081 -0.278347 -0.275996 -0.277482 -0.277816 -0.278318 -0.277382
-0.269233 -0.261201 -0.271293 -0.253910 -0.210714 -0.191914 -0.138812 -0.182343 -0.181942 -0.047998
0.191224 0.139857 0.308992 0.198914 -0.035756 -0.175558 -0.133050 -0.074892 -0.020702 0.014433
0.186019 0.240344 0.397246 0.369457 0.204746 -0.117537 -0.230338 -0.272665 -0.271741 -0.274030
-0.276479 -0.276880 -0.267736 -0.224999 -0.181398 -0.161421 -0.222183 -0.203668 -0.277218 -0.249193
-0.152893 -0.256223 -0.260970 -0.247455 -0.228488 -0.227070 -0.097458 -0.173452 0.246034 0.225693
0.214992 -0.043821 0.071520 -0.049334 -0.254313 -0.232722 -0.199923 -0.110127 -0.079564 -0.188046
-0.272777 -0.276107 -0.273301 -0.276894 -0.278214 -0.273414 -0.272492 -0.259237 -0.244534 -0.273033
-0.208855 0.096851 -0.273946 -0.243110 -0.274043 -0.273045 -0.276903 -0.278435 -0.275771 -0.250150
-0.179130 -0.154803 -0.242486 -0.253397 -0.218594 -0.082558 0.291349 0.480751 0.713442 0.757420
0.842372 0.454148 0.240030 0.042760 -0.026133 -0.101851 -0.110338 -0.039812 0.005581 0.035560
0.064672 0.153311 0.592477 0.739256 0.880543 0.360675 -0.055858 -0.274914 -0.276198 -0.276772
-0.278154 -0.276529 -0.266983 -0.227249 -0.184953 -0.122898 -0.185157 -0.183035 -0.276991 -0.250526
-0.157531 -0.270447 -0.251277 -0.247012 -0.239695 -0.254957 -0.187844 -0.206047 0.192277 0.201833
0.122149 -0.080150 0.362249 0.301626 -0.198516 -0.218551 -0.201328 -0.145490 -0.143903 -0.215288
-0.269381 -0.269707 -0.269866 -0.275701 -0.276657 -0.277160 -0.274029 -0.229475 -0.271272 -0.184660
0.261060 0.001058 -0.248402 -0.232516 -0.262748 -0.276508 -0.278064 -0.275940 -0.264644 -0.230567
-0.205157 -0.240853 -0.254532 -0.241497 -0.197713 -0.168754 0.153780 0.327569 0.846746 0.681637
0.703588 0.606963 0.343721 0.119082 0.115231 0.028117 -0.028527 0.051813 0.087867 0.129276
0.062588 0.157224 0.286067 0.420133 0.856952 0.641203 0.060489 -0.261259 -0.275777 -0.276601
-0.277891 -0.275518 -0.263231 -0.218271 -0.134396 -0.010492 -0.162090 -0.204508 -0.275816 -0.242979
-0.168978 -0.272132 -0.233165 -0.238586 -0.242721 -0.222188 -0.126247 -0.125605 0.335466 0.238091
0.022420 -0.255945 -0.272333 -0.170425 -0.012158 0.086547 -0.024814 -0.124203 -0.144959 -0.218056
-0.256816 -0.235667 -0.250716 -0.276502 -0.278155 -0.278284 -0.277394 -0.274240 -0.238451 -0.161684
-0.234178 -0.277345 -0.263432 -0.267673 -0.277593 -0.278193 -0.278287 -0.273519 -0.265227 -0.255230
-0.249547 -0.262176 -0.276130 -0.272005 -0.211233 -0.200911 -0.134613 -0.156979 0.099502 0.262332
0.305506 0.042440 -0.067214 -0.090662 -0.004670 0.103784 0.023638 0.056507 0.046546 0.045226
0.026393 0.104560 0.379463 0.363023 0.724770 0.705392 0.074796 -0.278119 -0.273230 -0.278462
-0.275120 -0.275454 -0.265224 -0.189664 -0.070620 0.075576 -0.112744 -0.147630 -0.278449 -0.240387
-0.164584 -0.262444 -0.239514 -0.216172 -0.216254 -0.194175 -0.138384 -0.157036 0.265809 0.469513
0.632962 0.236155 -0.209210 -0.177398 0.017890 0.279876 0.449834 0.317992 -0.145931 -0.269932
-0.275723 -0.242052 -0.243626 -0.274745 -0.278138 -0.278398 -0.277703 -0.276628 -0.274973 -0.269768
-0.262674 -0.278281 -0.278030 -0.275093 -0.277475 -0.276076 -0.257202 -0.245487 -0.270889 -0.270585
-0.273710 -0.271037 -0.270258 -0.257580 -0.215486 -0.197253 -0.184998 -0.177909 0.003658 0.006593
0.010938 -0.083892 -0.046681 -0.005424 -0.011587 0.040261 0.062166 0.134358 0.043315 0.001756
0.017456 0.166034 0.329701 0.361402 1.393891 1.822282 0.435302 -0.270381 -0.269591 -0.277144
-0.266340 -0.274728 -0.258148 -0.172527 -0.107452 -0.025670 -0.139604 -0.158941 -0.277693 -0.241883
-0.152639 -0.255454 -0.256793 -0.237293 -0.198372 -0.193097 -0.166312 -0.218021 0.249583 0.738179
1.268682 1.153748 1.037866 0.795007 0.859979 1.209180 1.394993 1.160226 0.068495 -0.230567
-0.245334 -0.271433 -0.247665 -0.263551 -0.276427 -0.276886 -0.277505 -0.277881 -0.278463 -0.273841
-0.276618 -0.278184 -0.275171 -0.270118 -0.223982 -0.043426 -0.178225 -0.241472 -0.262127 -0.271886
-0.277449 -0.271358 -0.208686 -0.168414 -0.202833 -0.199731 -0.100558 -0.105184 -0.120625 -0.223320
-0.176677 -0.053180 0.049429 0.049692 0.050119 0.152717 0.146127 0.175360 0.068105 0.127241
0.289189 0.727184 0.718164 0.783922 1.460609 1.353642 0.605379 -0.254112 -0.277580 -0.256521
-0.233439 -0.265534 -0.225603 -0.158244 -0.122019 -0.181113 -0.258439 -0.237708 -0.269685 -0.236447
-0.154825 -0.265201 -0.241380 -0.211268 -0.162943 -0.143341 -0.100145 -0.212807 0.196552 0.345838
0.883076 1.036651 1.501569 1.576835 1.381029 1.451913 1.517569 1.416290 0.483244 -0.273343
-0.245451 -0.276878 -0.263378 -0.263720 -0.257986 -0.251860 -0.264207 -0.272544 -0.274611 -0.270547
-0.272570 -0.274308 -0.271072 -0.263944 -0.136223 0.072062 -0.238922 -0.275115 -0.263645 -0.265317
-0.272625 -0.265422 -0.215981 -0.132486 -0.150936 -0.177485 -0.108840 -0.113417 -0.148537 -0.179427
-0.098739 -0.022121 0.101212 0.080093 0.043439 0.091871 0.056332 0.078214 0.129922 0.258568
0.343421 0.614461 0.526160 0.651711 0.966458 1.103085 0.708413 -0.250417 -0.240239 -0.167824
-0.190720 -0.267128 -0.237658 -0.172909 -0.154668 -0.193081 -0.240710 -0.246483 -0.264403 -0.242140
-0.162182 -0.276991 -0.211951 -0.225183 -0.218873 -0.189253 0.082933 -0.118073 0.349570 0.418871
0.674749 0.596602 0.768676 0.777539 0.839452 0.946379 0.843178 0.724856 0.192462 -0.275766
-0.269752 -0.273801 -0.278196 -0.268471 -0.220111 -0.132057 -0.166320 -0.246543 -0.260901 -0.259210
-0.260818 -0.257278 -0.255715 -0.260763 -0.271071 -0.254450 -0.250357 -0.268709 -0.277734 -0.250958
-0.236250 -0.250625 -0.241268 -0.177224 -0.151726 -0.199861 -0.238589 -0.218521 -0.074969 0.052810
0.134023 -0.008637 -0.005554 0.090794 0.084730 0.106667 0.033787 0.099984 0.210490 0.310818
0.267053 0.432198 0.464324 0.670682 0.876724 0.991323 0.399713 -0.270990 -0.261099 -0.229690
-0.247906 -0.274797 -0.255676 -0.203675 -0.186404 -0.162668 -0.178307 -0.227189 -0.272454 -0.244534
-0.154489 -0.276476 -0.196244 -0.210398 -0.203520 -0.212438 -0.077467 -0.131048 -0.071260 -0.016341
0.290522 0.602542 0.913645 1.000471 0.912231 1.159506 1.216516 1.102681 0.454989 -0.268128
-0.246469 -0.269988 -0.278371 -0.273084 -0.238189 -0.151356 -0.164478 -0.239229 -0.271694 -0.268562
-0.260302 -0.267845 -0.267322 -0.258313 -0.263951 -0.271670 -0.271554 -0.273832 -0.271279 -0.233023
-0.223089 -0.253302 -0.246510 -0.202294 -0.183824 -0.196378 -0.215143 -0.205431 -0.117202 -0.052857
0.190745 0.178118 0.093551 0.106255 0.096753 0.130295 -0.013761 -0.036559 0.096557 0.217722
0.218337 0.344750 0.409482 0.484043 0.293634 0.271560 -0.068878 -0.278417 -0.273454 -0.265644
-0.268360 -0.274451 -0.266318 -0.235392 -0.217836 -0.231444 -0.208991 -0.199844 -0.274956 -0.247877
-0.147447 -0.270542 -0.225138 -0.223957 -0.201783 -0.245604 -0.237435 -0.233283 -0.250205 -0.226355
0.007029 0.085228 0.119127 0.282683 0.586761 0.854666 1.586547 1.826067 0.775005 -0.266290
-0.229587 -0.265923 -0.277920 -0.271301 -0.246258 -0.185216 -0.189667 -0.245915 -0.269532 -0.268283
-0.266469 -0.266566 -0.260122 -0.270627 -0.267434 -0.240011 -0.237368 -0.255278 -0.276918 -0.271952
-0.246518 -0.240666 -0.240469 -0.215159 -0.216006 -0.186306 -0.149967 -0.160913 -0.073500 0.020123
0.220747 0.344767 0.409446 0.405584 0.272269 0.211339 0.133310 0.055662 0.083770 0.081030
0.103851 0.082817 0.012517 -0.054654 -0.163249 -0.204218 -0.245104 -0.274152 -0.273225 -0.273207
-0.264828 -0.267470 -0.271057 -0.239889 -0.233685 -0.238503 -0.207429 -0.203591 -0.277143 -0.233590
-0.151967 -0.263714 -0.251105 -0.238766 -0.210122 -0.214657 -0.221297 -0.179334 -0.116726 -0.095197
0.037268 0.146583 0.241581 0.522069 0.843566 1.345070 1.812367 1.891392 0.458418 -0.245560
-0.211332 -0.263177 -0.267392 -0.247602 -0.239778 -0.186296 -0.159120 -0.223350 -0.254394 -0.247269
-0.252952 -0.255568 -0.252070 -0.262027 -0.238737 -0.190358 -0.239128 -0.260025 -0.277189 -0.275109
-0.261071 -0.245532 -0.232491 -0.206453 -0.177301 -0.136704 -0.115651 -0.151595 -0.049800 -0.003108
0.149905 0.328498 0.364330 0.389708 0.368837 0.372858 0.452262 0.374874 0.308414 0.115345
0.054352 0.022091 0.011792 0.064082 -0.011465 -0.137279 -0.197500 -0.254009 -0.264022 -0.267050
-0.262089 -0.275946 -0.273223 -0.209338 -0.196745 -0.227940 -0.204066 -0.128669 -0.272581 -0.253189
-0.151177 -0.265646 -0.244123 -0.242982 -0.217272 -0.132663 -0.044731 0.012358 0.082649 0.005962
0.248172 0.794175 0.988982 1.239265 1.477019 1.502689 1.418393 1.614370 0.469208 -0.269876
-0.203078 -0.263991 -0.255305 -0.230838 -0.202992 -0.151568 -0.050394 -0.065298 -0.181187 -0.206236
-0.229522 -0.204988 -0.168840 -0.187564 -0.200069 -0.222104 -0.254612 -0.240800 -0.272358 -0.271316
-0.254132 -0.229981 -0.214764 -0.214363 -0.170445 -0.115234 -0.076757 -0.127214 -0.067429 -0.060097
0.007387 0.034901 0.056690 0.108355 0.169176 0.123429 0.194652 0.309745 0.326091 0.222633
0.158228 0.194794 0.321761 0.391942 0.341147 0.026049 -0.111889 -0.226146 -0.242682 -0.257933
-0.267396 -0.276596 -0.229828 -0.010447 -0.064203 -0.229354 -0.236963 -0.193642 -0.278432 -0.250352
-0.148600 -0.270237 -0.243892 -0.229952 -0.227265 -0.193330 -0.119582 -0.077894 0.001773 0.001513
0.143145 0.243717 0.406873 0.664530 0.722438 0.548260 0.495547 0.515841 -0.206406 -0.277780
-0.277855 -0.261833 -0.092587 -0.049841 0.007505 0.119390 0.259010 0.309404 0.374199 0.266647
0.005268 -0.020045 0.172964 0.243414 -0.114163 -0.259025 -0.272083 -0.250766 -0.238138 -0.222587
-0.210355 -0.200592 -0.144643 -0.152396 -0.154997 -0.104409 -0.048840 -0.064377 0.030693 -0.009088
-0.019207 0.076776 0.140223 0.194471 0.481563 0.490533 0.443952 0.387475 0.431496 0.310633
0.106041 0.116213 0.269905 0.398207 0.450986 0.345342 0.094096 -0.181219 -0.234265 -0.218512
-0.173504 -0.214849 -0.140298 0.070118 -0.053867 -0.201350 -0.193444 -0.205431 -0.278239 -0.233362
-0.142756 -0.269901 -0.248914 -0.234181 -0.255026 -0.271153 -0.254935 -0.213180 -0.146830 -0.098683
-0.114833 -0.202094 -0.201883 -0.229994 -0.258306 -0.257589 -0.276608 -0.255846 -0.272348 -0.081397
0.517588 0.465713 0.488357 0.573653 0.720669 1.016030 1.327255 1.369401 1.683318 1.488485
0.872700 0.519747 0.484294 0.275925 0.019949 -0.053046 -0.198993 -0.165754 -0.036460 -0.075436
-0.161381 -0.171772 -0.071456 -0.014407 -0.022829 0.079440 0.142002 0.171557 0.295022 0.172625
0.107726 0.146646 0.199841 0.428262 0.676644 0.759859 0.786084 0.527983 0.378746 0.273011
0.119764 0.084678 0.219467 0.378831 0.775163 1.059514 0.489770 -0.077761 -0.123364 -0.018249
0.074317 -0.003280 -0.051637 -0.005306 -0.109636 -0.183688 -0.174582 -0.139531 -0.262436 -0.225063
-0.149887 -0.256333 -0.263653 -0.243723 -0.262166 -0.274467 -0.258112 -0.185707 -0.223348 -0.245666
-0.185018 -0.179147 -0.268286 -0.271905 -0.274249 -0.277543 -0.274609 -0.277694 -0.145194 0.074373
0.622461 0.711420 0.774792 0.770483 0.821352 1.034100 1.319830 1.305221 1.405305 1.293908
1.056445 0.769072 0.720274 0.672852 0.612173 0.311433 0.112584 0.054563 0.022810 0.014204
-0.023997 -0.085027 -0.000983 0.130891 0.153374 0.274580 0.372620 0.347881 0.468284 0.341466
0.305217 0.324731 0.339709 0.528794 0.786621 0.894359 0.746554 0.454787 0.285135 0.203585
0.217879 0.295710 0.526313 0.683270 0.943784 0.936926 0.602408 0.090847 0.054919 -0.022344
-0.139218 -0.211760 -0.145815 -0.075261 -0.117919 -0.071294 0.072525 0.135085 -0.223834 -0.252427
-0.171050 -0.230350 -0.274350 -0.195833 -0.238847 -0.272790 -0.232719 -0.109361 -0.124917 -0.189644
-0.139850 0.125412 -0.116583 -0.272626 -0.272734 -0.278446 -0.277500 -0.234955 -0.048436 0.018045
0.185224 0.321118 0.655059 0.825973 0.615678 0.349121 0.402568 0.449472 0.388854 0.134433
0.082509 0.013114 0.017077 0.004836 0.041018 0.080795 0.085439 0.178173 0.026992 0.020730
0.128276 0.101817 0.123082 0.145369 0.103514 0.237166 0.261861 0.243064 0.361095 0.305835
0.331001 0.317288 0.292470 0.242780 0.402158 0.589049 0.515409 0.342233 0.212368 0.157430
0.250561 0.497264 0.750761 0.784201 0.924056 0.885799 0.554910 0.084903 0.029680 0.015852
-0.100054 -0.253830 -0.249625 -0.170915 -0.113697 0.066628 0.019310 -0.147333 -0.269610 -0.223552
-0.273440 -0.271933 -0.257524 -0.278368 -0.133047 -0.123811 -0.258184 -0.177677 -0.031347 -0.114885
-0.097001 0.028785 0.084211 -0.126998 -0.011289 -0.183034 -0.254219 -0.276356 -0.208844 -0.157128
-0.057026 0.115991 0.283432 0.396149 0.393640 0.351244 0.211851 0.209033 0.115877 -0.055399
0.033037 0.195378 0.460666 0.547176 0.869281 0.450834 0.113520 0.205854 0.195046 0.204976
0.252563 0.251418 0.093510 0.056786 0.093078 0.181910 0.229225 0.272105 0.441901 0.556287
0.729213 0.674405 0.430822 0.113322 0.027318 0.146478 0.193506 0.118748 0.166476 0.253827
0.438485 0.839722 0.953318 1.102006 1.171985 0.902234 0.483749 -0.029875 -0.122773 -0.067142
-0.133487 -0.232507 -0.234774 -0.163712 -0.119292 -0.010303 0.037442 0.014266 -0.263044 -0.248850
0.699177 -0.242512 -0.126643 -0.207187 -0.169681 0.104423 0.159003 0.290661 0.081166 0.293586
-0.277435 -0.212649 0.725767 0.590437 0.419085 0.323704 -0.277720 -0.249791 -0.271402 -0.274282
-0.237556 -0.227271 -0.163785 -0.149913 -0.063643 0.076603 -0.048666 -0.086152 -0.118633 -0.112318
0.224052 0.522729 1.357647 1.703496 1.951279 1.428602 0.948111 0.715287 0.676771 0.791254
0.808626 0.666211 0.183808 -0.044982 0.001118 0.128185 0.134514 0.134616 0.289998 0.545938
0.881338 0.838073 0.603444 0.177807 -0.126986 -0.078254 0.095373 0.127806 0.243996 0.453558
0.445966 0.524976 0.773270 0.914434 0.912851 0.622177 0.136533 -0.216465 -0.222975 -0.206440
-0.179634 -0.194797 -0.129052 -0.080010 -0.123763 -0.024400 0.138015 0.182893 -0.045315 -0.273260
-0.262061 0.214414 -0.278463 -0.220324 -0.112093 0.379454 0.009941 -0.152582 -0.268715 -0.257767
-0.231137 -0.241364 -0.009448 0.020318 -0.062587 0.735221 -0.229452 -0.253542 -0.277537 -0.276919
-0.246753 -0.263726 -0.196230 -0.098544 -0.057612 -0.069463 -0.147217 -0.169776 -0.141517 -0.007764
0.324238 0.676581 1.485241 1.582567 1.759527 1.734613 1.658825 1.169465 0.880755 1.064795
0.948504 0.740865 0.492491 0.098198 -0.006982 0.198344 0.271160 0.268438 0.430439 0.649969
0.785041 0.787287 0.782721 0.263117 -0.142465 -0.147194 0.021893 0.178354 0.313288 0.451425
0.589013 0.911854 1.052300 1.297371 1.434995 1.102488 0.333887 -0.204334 -0.267843 -0.250568
-0.118414 -0.074984 0.178892 0.366702 -0.140876 -0.225165 0.021269 0.285371 0.009828 -0.278091
-0.249783 -0.255039 -0.278226 -0.261367 -0.094455 -0.039868 -0.227161 -0.262757 -0.233808 -0.275794
-0.277441 -0.235970 -0.226701 -0.154102 -0.278372 -0.008096 -0.269476 -0.269282 -0.278009 -0.271731
-0.225611 -0.186322 -0.058390 0.061734 0.224372 0.133986 -0.019808 -0.071451 -0.061379 0.218335
0.429593 0.633289 1.186276 1.235138 1.301373 1.297328 1.594697 1.755599 1.620569 1.103917
0.655298 0.555731 0.392939 0.219702 0.067248 0.298985 0.483544 0.620733 0.727124 0.671280
0.860313 0.900944 0.787027 0.315643 0.010897 -0.072956 0.044125 0.218947 0.312521 0.530665
0.625115 1.021858 1.065093 1.340368 1.603410 1.637108 0.905281 -0.171853 -0.276351 -0.266104
-0.148999 0.042101 0.419956 0.656898 -0.056122 -0.249054 -0.219558 -0.137017 -0.141964 -0.251919
-0.256909 -0.277985 -0.278311 -0.256729 -0.227806 -0.138977 -0.252307 -0.269540 -0.278460 -0.093362
-0.271113 -0.276038 -0.231002 -0.159683 -0.256557 -0.263090 -0.272987 -0.270505 -0.272738 -0.265781
-0.237795 -0.190890 -0.138367 -0.089094 -0.041259 -0.004640 -0.021606 0.016583 0.000631 0.181567
0.279760 0.405033 0.643274 0.501350 0.546009 0.605081 0.798486 1.056369 1.031545 0.598147
0.497956 0.674081 0.571879 0.438257 0.173486 0.366980 0.612937 0.709518 0.788058 0.867513
1.166653 0.998848 0.894367 0.771894 0.310846 0.042273 0.068520 0.197117 0.247750 0.534625
0.545053 0.846527 0.710536 0.868466 0.810427 0.745566 0.247982 -0.268859 -0.266214 -0.232791
-0.123854 -0.137501 -0.039483 0.028312 0.008371 -0.094422 -0.266028 -0.220886 -0.210284 -0.178891
-0.274413 -0.168165 -0.215457 -0.276905 -0.217082 -0.269135 -0.078339 -0.276459 -0.268688 0.050244
-0.183672 -0.277790 -0.273726 -0.258595 -0.232609 -0.231958 -0.276528 -0.273996 -0.249622 -0.274984
-0.264493 -0.270605 -0.260663 -0.255282 -0.233615 -0.184851 -0.156126 -0.077681 -0.094414 -0.029395
-0.088408 -0.083398 -0.095864 -0.182284 -0.156876 -0.151753 -0.086780 -0.104374 -0.148190 -0.133346
0.046921 0.385933 0.478721 0.611549 0.494327 0.382235 0.429469 0.397433 0.380906 0.519018
0.796112 0.899366 1.259036 1.287289 0.619077 0.092168 0.100973 0.513277 0.611001 0.835201
0.859633 0.757323 0.588459 0.411538 0.052808 -0.133910 -0.225268 -0.277334 -0.266309 -0.198551
-0.049683 -0.156163 -0.148303 -0.066502 -0.125818 0.018143 0.088538 0.106252 -0.261875 -0.205290
-0.278437 -0.261049 -0.172702 -0.165409 -0.165788 -0.247822 -0.278407 -0.270429 -0.270930 -0.194124
-0.097318 -0.085449 -0.232514 -0.274209 -0.250280 -0.269854 -0.275141 -0.276606 -0.250021 -0.221344
-0.278429 -0.265852 -0.278239 -0.274130 -0.254923 -0.192861 -0.112806 0.063805 0.033425 0.166023
0.038113 0.099741 0.203900 0.002849 -0.120587 -0.154491 -0.152138 -0.123479 -0.082368 0.064960
0.303974 0.291032 0.311004 0.475406 0.483347 0.362371 0.416251 0.479585 0.629424 0.828027
1.092596 1.472655 1.455772 0.803919 0.265747 0.067333 0.039378 0.281785 0.388652 0.754340
1.096333 1.066581 0.796706 0.469090 0.315822 0.176260 -0.087790 -0.278459 -0.276857 -0.257333
-0.171127 -0.120443 -0.054866 0.102507 0.308264 0.070214 -0.111428 -0.173864 -0.267637 -0.162135
-0.270104 -0.164941 -0.048214 -0.212784 -0.277484 -0.278251 -0.276998 -0.213306 -0.217142 -0.187908
-0.136382 -0.230927 -0.167834 -0.277503 -0.277809 -0.209892 -0.220442 -0.278033 -0.278451 -0.149534
-0.265197 -0.273161 -0.255226 -0.243588 -0.248928 -0.186954 0.010857 0.505724 0.801361 1.222660
0.891369 0.877719 1.038795 0.939808 0.835780 0.723601 0.556439 0.665339 0.813932 0.838127
0.678807 0.698668 0.755677 0.856670 0.679701 0.392255 0.640463 1.098906 1.396775 1.368123
1.316285 1.481715 1.452683 1.248049 0.992306 0.734034 0.379499 0.472149 0.435179 0.395496
0.551181 0.711918 0.891156 1.088545 0.973360 0.412703 0.025996 -0.268393 -0.273553 -0.219749
-0.033740 0.180921 0.193329 0.220847 0.068413 -0.187368 -0.222930 -0.251062 -0.252118 -0.135748
-0.259113 -0.174889 -0.102181 0.058364 -0.103969 -0.256734 -0.232190 -0.221810 -0.220004 -0.102112
-0.196006 -0.255759 -0.278256 -0.257493 -0.192215 -0.234319 -0.109409 -0.245029 -0.269750 -0.278158
-0.244322 -0.224376 -0.124871 -0.202456 -0.251481 -0.147693 0.030188 0.409047 0.507611 0.724224
0.738815 0.650298 0.433114 0.482296 0.677589 0.613446 0.593021 0.805145 0.914119 0.827651
0.741820 0.702515 0.720913 0.688240 0.452435 0.345741 0.707752 1.105073 0.902221 0.706485
0.593940 0.561374 0.588273 0.500368 0.421969 0.442035 0.550915 0.571994 0.394969 0.366265
0.513064 0.478355 0.582843 0.502790 0.303359 0.202753 -0.029166 -0.194599 -0.153038 -0.142157
-0.052846 0.131507 0.059323 -0.023055 0.073917 -0.017535 -0.265807 0.050176 0.299356 -0.273150
-0.270873 -0.272453 -0.161266 0.077959 0.002234 -0.207553 -0.249508 -0.205905 -0.223125 -0.278420
-0.268257 -0.212131 -0.217179 -0.142801 -0.137041 -0.277296 -0.276546 -0.215566 -0.267600 -0.222535
-0.256584 -0.278457 -0.217052 -0.110485 -0.169708 -0.061741 0.144474 0.122856 -0.029260 -0.130058
-0.185504 -0.229607 -0.206515 -0.185030 -0.082533 -0.150622 -0.086706 -0.042161 -0.020358 -0.106125
-0.130099 -0.109406 -0.142591 -0.176088 -0.186488 -0.099192 -0.092321 -0.085175 -0.154940 -0.176678
-0.199639 -0.193955 -0.261218 -0.269518 -0.255450 -0.240306 -0.171419 -0.155070 -0.186262 -0.081323
0.005962 -0.120944 -0.134062 -0.086456 -0.090745 -0.058626 0.049379 0.017242 0.003369 0.001801
0.117686 0.220294 0.213362 -0.218872 -0.275845 -0.217566 -0.249656 -0.278325 -0.273169 -0.254710
-0.267433 -0.278300 -0.192732 0.023982 0.086153 -0.232208 -0.262113 -0.228795 -0.243549 -0.241330
-0.277115 -0.232119 -0.221588 -0.249235 -0.193153 -0.239153 -0.267305 -0.267238 -0.268283 -0.254518
-0.262580 -0.267997 -0.212443 -0.094149 -0.079325 -0.061223 0.018915 0.166249 0.267863 0.143041
-0.179687 -0.239531 -0.130632 -0.186192 -0.210693 -0.194270 -0.130243 -0.192667 -0.257202 -0.272774
-0.272758 -0.266014 -0.262452 -0.257773 -0.204852 -0.148443 -0.196420 -0.254426 -0.265378 -0.273195
-0.275492 -0.266757 -0.268123 -0.265002 -0.264273 -0.265090 -0.256227 -0.245005 -0.234210 -0.172420
-0.107260 -0.137905 -0.102748 -0.093177 -0.068850 -0.058113 -0.033331 -0.046174 -0.142599 -0.136014
-0.029751 -0.000828 0.022102 -0.226790 -0.263150 -0.095594 0.138519 -0.271828 -0.243542 -0.154456
-0.276746 -0.277904 -0.123418 -0.008493 0.120837 -0.118408 -0.252949 -0.267307 -0.278095 -0.242287
-0.198792 -0.208744 -0.277879 -0.258456 -0.246323 -0.060464 -0.180358 -0.254886 -0.229923 -0.252256
-0.239982 -0.275689 -0.260062 -0.199737 -0.181548 -0.148341 0.033095 0.376350 0.522121 0.602739
0.150630 -0.223190 -0.216175 -0.198311 -0.206242 -0.195470 -0.196217 -0.219039 -0.258845 -0.259228
-0.242084 -0.220111 -0.254395 -0.244857 -0.203984 -0.160551 -0.104434 -0.130282 -0.162048 -0.105602
-0.039913 -0.047379 -0.100664 -0.158538 -0.194131 -0.186337 -0.153442 -0.087523 -0.044945 -0.052035
0.029144 0.042957 -0.010376 -0.083630 0.122547 0.178759 0.153842 -0.155872 -0.241138 -0.248335
-0.188167 -0.102861 -0.250633 -0.268997 -0.240225 0.034672 -0.250780 -0.244273 -0.262351 0.105264
-0.249666 -0.278179 -0.277717 -0.232699 0.201662 -0.018975 -0.262130 -0.110043 0.229014 0.097646
-0.130280 -0.236372 -0.261568 -0.238005 -0.151022 -0.110028 -0.167367 -0.222663 -0.190898 -0.173949
-0.210495 -0.277587 -0.269252 -0.221351 -0.216090 -0.127994 0.160958 0.327881 0.163190 0.310203
0.155433 -0.143327 -0.183388 -0.112941 -0.026204 0.086908 0.040525 -0.093732 -0.200129 -0.170838
-0.139872 -0.179308 -0.224786 -0.209150 -0.163015 -0.121228 -0.092664 -0.073992 -0.136806 -0.125500
-0.108960 -0.096490 -0.103072 -0.108393 -0.152291 -0.136978 -0.070913 0.010288 0.025466 -0.061603
-0.031744 0.000666 -0.028505 -0.133622 -0.224111 -0.106214 -0.033618 -0.193380 -0.010605 -0.068565
-0.060507 0.191589 -0.136410 -0.227296 -0.277657 -0.090748 -0.211883 -0.225287 -0.217704 -0.184876
-0.272137 -0.229173 -0.266286 -0.276688 -0.203735 -0.205449 -0.185626 0.069148 0.465363 0.189726
-0.259063 -0.277752 -0.272993 -0.160804 -0.018926 -0.024027 -0.002589 0.002989 -0.159111 -0.201793
-0.193139 -0.244654 -0.268715 -0.263281 -0.221449 -0.220836 -0.243656 -0.230102 -0.257033 -0.260360
-0.266970 -0.212585 -0.107000 -0.042619 -0.086483 -0.137769 -0.189035 -0.234885 -0.199189 -0.056139
-0.069083 -0.145351 -0.129898 -0.130675 -0.151508 -0.165625 -0.174579 -0.146086 -0.185063 -0.220234
-0.154325 -0.136940 -0.142203 -0.089954 -0.097827 -0.121394 -0.155659 -0.064398 0.112861 0.175698
0.118623 0.047245 0.179453 0.274953 -0.186768 -0.278452 -0.272970 -0.244437 -0.155874 -0.245915
-0.272526 -0.177046 -0.031607 -0.187937 0.017919 0.115161 0.127717 0.178716 -0.135978 -0.268886
-0.278154 -0.181130 -0.247929 -0.247963 -0.172160 -0.108641 0.028624 0.116359 -0.018993 -0.225696
-0.276929 -0.233518 -0.147921 -0.195190 -0.252903 0.089076 0.495191 -0.071992 -0.242878 -0.275696
-0.275105 -0.278222 -0.278347 -0.244640 -0.146158 -0.106922 -0.198365 -0.258291 -0.261319 -0.199052
-0.204921 -0.116010 0.064367 -0.057041 -0.185039 -0.199460 -0.225268 -0.275547 -0.275985 -0.264009
-0.113576 -0.166136 -0.196031 -0.186698 -0.169523 -0.114661 -0.192569 -0.192106 -0.200049 -0.210073
-0.217163 -0.165271 -0.103616 -0.097014 -0.065455 -0.007551 0.035880 -0.085468 -0.022470 0.114361
0.172066 -0.120277 -0.164713 0.801918 -0.116151 -0.275687 -0.235429 0.577010 0.155607 0.059031
-0.153431 -0.274178 -0.269006 -0.019377 -0.110872 -0.253679 -0.152148 -0.137053 -0.269701 -0.278348
-0.255390 -0.278245 -0.060168 0.028654 -0.111192 0.064146 0.179957 0.084070 0.081967 -0.159781
-0.179894 -0.231438 -0.254552 -0.130079 -0.266362 -0.243627 0.006784 0.170210 -0.203916 -0.274577
-0.263668 -0.278445 -0.277632 -0.264271 -0.122018 0.009912 -0.029377 -0.130859 -0.083849 0.142855
0.095370 0.165677 0.546893 0.454107 -0.110899 -0.216728 -0.269258 -0.277705 -0.272285 -0.271537
-0.211777 -0.165824 -0.145283 -0.123295 -0.154529 0.026282 0.333157 0.602665 -0.158356 -0.278452
-0.273995 -0.240978 -0.198691 -0.131787 -0.069177 0.103205 0.009741 -0.122177 -0.088033 0.197697
0.259450 -0.264699 -0.258765 -0.275330 -0.272198 -0.154059 -0.044532 -0.078530 0.313413 1.284536
0.322729 -0.268962 -0.275433 -0.206219 -0.070563 -0.274541 -0.262886 -0.251606 -0.029461 -0.277631
-0.268586 -0.274242 -0.257228 0.043691 0.122058 -0.193361 -0.217278 -0.200195 -0.191783 -0.153674
-0.140374 -0.187571 -0.253981 -0.211072 -0.128092 -0.274699 -0.276770 -0.207650 -0.185553 -0.269489
-0.218418 -0.270693 -0.230416 -0.277920 -0.163384 -0.064733 0.080431 0.201264 0.184043 0.104882
0.126940 0.231834 0.534036 0.223654 0.242086 0.821155 -0.187233 -0.228934 -0.263782 -0.255476
-0.089495 0.251341 0.279738 0.321479 0.066466 -0.230546 -0.278460 -0.260752 -0.224513 -0.126740
-0.194880 -0.227642 -0.197001 -0.043038 -0.050363 -0.017413 0.097431 0.138171 -0.180731 -0.182338
-0.115339 -0.137785 -0.183954 -0.206453 -0.276206 -0.187281 -0.215089 -0.265365 -0.265654 -0.221936
-0.235694 -0.274570 -0.251740 -0.243593 -0.244487 -0.230404 -0.181807 -0.223252 -0.200928 -0.197070
-0.197635 -0.245859 -0.193327 0.071670 0.530779 -0.100330 -0.136167 -0.187343 -0.193063 -0.117886
-0.071633 -0.233114 -0.274058 -0.259947 -0.267473 -0.257703 0.086804 0.741270 -0.007283 -0.272835
-0.270323 -0.278155 -0.266603 -0.264097 -0.151887 0.047964 0.206831 0.262633 0.167375 0.035409
0.023510 -0.021882 -0.126504 -0.248009 -0.189903 0.119862 0.000848 -0.267885 -0.241284 -0.269806
-0.190604 -0.062026 0.028009 -0.080792 -0.208951 -0.224276 -0.245814 -0.273415 -0.268289 -0.036112
-0.263988 -0.255411 -0.176540 0.016234 0.087885 0.055434 0.018958 -0.237451 -0.278463 -0.273753
-0.258772 -0.268519 -0.256295 -0.104785 -0.270871 -0.249104 -0.191910 -0.246780 -0.278448 -0.269735
-0.265989 -0.238953 -0.221866 -0.272143 -0.269357 -0.194828 0.041070 0.035113 -0.103049 -0.141352
-0.276683 -0.269365 -0.259442 -0.264642 -0.021479 -0.101044 -0.069515 -0.146355 -0.168464 -0.130754
-0.120776 -0.209809 -0.238979 -0.224462 -0.268068 -0.246207 -0.143344 0.092383 -0.097826 -0.262792
-0.270937 -0.276701 -0.277205 -0.197250 -0.078497 -0.149459 -0.188526 -0.122183 -0.126384 -0.059371
-0.039660 -0.014140 -0.210303 -0.271834 -0.278454 -0.277813 -0.261280 -0.171344 -0.257447 -0.278371
-0.140164 -0.278428 -0.232675 -0.009315 -0.135383 -0.236917 -0.193765 -0.274620 -0.259013 -0.254913
-0.278459 -0.262974 -0.203950 -0.061903 -0.036755 -0.254147 -0.272980 -0.230319 -0.151152 -0.273540
-0.265238 -0.276643 -0.268080 -0.226497 -0.259633 -0.229914 -0.170357 -0.148629 -0.043148 -0.278464
-0.270156 -0.154726 -0.276963 -0.273939 -0.260967 -0.189547 -0.016407 0.201582 0.159688 -0.119007
-0.271481 -0.276063 -0.278442 -0.272184 -0.254342 -0.259994 -0.226268 -0.138923 -0.193633 -0.261479
-0.272528 -0.275180 -0.168605 0.100877 -0.157306 -0.265979 -0.260881 0.039287 0.076163 -0.271544
-0.270004 -0.276912 -0.272352 -0.274182 -0.242512 -0.135260 -0.165763 -0.203824 -0.160477 -0.086283
0.151012 0.299101 -0.190591 -0.245726 -0.277026 -0.272269 -0.278164 -0.255866 -0.272053 -0.263612
-0.245725 -0.269710 -0.249287 -0.255879 -0.257154 -0.277386 -0.277946 -0.074784 -0.261012 -0.116891
0.106497 -0.274303 -0.269515 -0.078641 -0.010182 -0.269743 -0.278271 -0.278464 -0.144119 -0.186730
-0.249396 -0.278155 -0.234504 -0.278454 -0.234205 -0.274919 -0.246345 -0.043893 0.111480 -0.188160
-0.237768 -0.259438 -0.277007 -0.270676 -0.157314 -0.131609 0.168412 0.220713 0.160873 -0.176739
-0.271018 -0.274055 -0.276265 -0.253333 -0.139265 0.059473 -0.019723 -0.125906 -0.190541 -0.152662
-0.244289 -0.278169 -0.251243 -0.017854 0.042465 -0.214251 -0.184203 -0.244485 -0.181235 -0.267689
-0.093264 0.006738 -0.215578 -0.249297 -0.210985 -0.202982 -0.243474 -0.278399 -0.270831 -0.237955
-0.210071 -0.117871 -0.164093 -0.271977 -0.264826 -0.277450 -0.255277 -0.272495 -0.183364 -0.273615
-0.269950 -0.278152 -0.277611 -0.265514 -0.277665 -0.278389 -0.275474 -0.225390 -0.122320 -0.186395
0.019446 -0.278464 -0.278376 -0.043205 -0.157947 -0.258059 -0.267781 -0.277857 -0.276308 -0.268023
-0.099457 -0.203507 -0.261283 -0.263703 -0.270113 -0.274227 -0.272644 -0.236716 -0.167317 -0.232402
-0.251501 -0.248911 -0.224104 -0.225458 -0.161339 -0.214517 -0.180450 -0.019011 0.053767 -0.067093
-0.270594 -0.276969 -0.246401 -0.225658 0.111667 0.242146 0.087761 -0.022440 -0.146329 0.081946
0.108942 -0.237558 -0.233855 0.039483 0.247653 -0.113218 -0.186707 -0.278231 -0.234301 -0.250141
-0.233963 -0.240429 -0.259314 -0.243490 0.071844 -0.102310 -0.277333 -0.270021 -0.162859 0.021834
-0.274020 -0.171324 -0.278457 -0.273478 -0.255547 -0.157568 -0.278452 -0.243494 -0.231487 -0.269109
-0.272139 -0.269875 -0.275457 -0.277240 -0.252448 -0.102473 0.198004 -0.259461 -0.265420 -0.250051
-0.256448 -0.193606 -0.157976 -0.208601 -0.276127 -0.252547 -0.274222 -0.276354 -0.200018 -0.266471
-0.277474 -0.258456 -0.262697 -0.277311 -0.276430 -0.244400 -0.256845 -0.252329 -0.245976 -0.240980
-0.254020 -0.200334 0.033817 -0.074991 -0.150743 -0.142996 -0.026646 -0.000961 0.020007 -0.088551
-0.269034 -0.155874 0.655729 0.080153 -0.268963 -0.262239 -0.213597 -0.156023 -0.169435 -0.188629
-0.072436 -0.108799 -0.056272 0.036636 -0.155345 -0.251502 -0.276121 -0.222010 -0.080329 -0.225297
-0.278309 -0.268373 -0.212227 -0.259528 -0.271907 -0.184651 -0.241955 -0.222713 -0.164678 0.011366
-0.192136 -0.106103 -0.225035 -0.242589 -0.243277 -0.278332 -0.278455 -0.116691 -0.167044 -0.251335
-0.276072 -0.274646 -0.278460 -0.275573 -0.171211 -0.085461 -0.238305 -0.269865 -0.190281 -0.173929
-0.251780 -0.237869 -0.156982 -0.221933 -0.249626 -0.265101 -0.261989 -0.256112 -0.266335 -0.227451
-0.219371 -0.190443 0.058998 -0.015116 -0.223416 -0.270703 -0.277392 -0.269263 -0.263789 -0.205513
-0.226323 -0.275905 -0.265581 0.110477 0.095858 0.048956 0.506894 0.563107 0.276225 -0.134689
-0.276281 -0.185975 0.159725 0.172385 -0.272665 -0.278437 -0.242949 -0.199258 -0.164299 -0.178591
-0.155120 -0.120194 0.023144 0.067990 -0.225222 -0.271576 -0.267578 -0.228348 -0.124248 -0.153281
-0.227570 -0.088579 0.212023 0.159722 -0.276916 -0.262808 -0.198828 -0.171554 -0.226157 -0.171992
-0.231877 -0.270310 -0.248604 -0.070793 -0.125198 -0.259716 -0.206031 -0.269286 -0.276687 -0.272585
-0.241508 -0.267910 -0.270147 -0.225829 -0.275028 -0.271105 -0.256100 -0.244929 -0.250280 -0.186917
-0.086527 -0.145403 -0.221223 -0.276411 -0.189561 -0.192518 -0.227275 -0.250412 -0.260128 -0.139259
-0.080561 0.049671 0.348653 -0.027419 -0.276875 -0.278463 -0.266319 -0.232180 -0.250337 0.044249
0.357287 -0.038896 -0.276598 -0.274059 -0.232567 0.017439 0.241417 0.556273 0.318660 -0.107912
-0.253701 -0.277266 -0.272002 -0.263099 -0.112228 -0.223616 -0.188080 -0.143700 -0.211685 -0.104482
0.054890 -0.039671 -0.135900 -0.144615 -0.196056 -0.160936 -0.228813 -0.250149 -0.214062 -0.256750
-0.270422 -0.231982 -0.092629 -0.026305 -0.125530 -0.146285 -0.117758 0.015340 0.407789 0.286173
-0.211318 -0.275889 -0.269932 -0.188247 -0.205397 -0.236227 -0.096621 -0.186358 -0.270716 -0.266616
-0.256234 -0.210171 -0.274414 -0.196150 -0.239895 -0.272664 -0.255984 -0.213363 -0.155279 -0.106139
-0.114813 -0.107404 -0.275990 -0.213377 -0.268382 -0.240876 -0.276703 -0.272615 -0.233530 -0.207806
-0.118229 -0.056373 -0.167965 -0.155170 -0.197758 -0.149457 -0.117994 -0.108037 -0.252637 -0.205379
0.073333 0.503641 -0.049310 -0.203420 -0.249684 -0.091084 0.255901 0.520591 0.126335 -0.137418
0.173706 -0.187484 -0.277259 -0.278390 -0.142032 -0.120741 -0.107245 0.029656 -0.166078 -0.140580
-0.028322 -0.059354 -0.192536 -0.140303 -0.167292 -0.228637 -0.191874 -0.187666 -0.188285 -0.220964
-0.189738 -0.197697 -0.243768 -0.248993 -0.191687 -0.123672 -0.195665 -0.208459 -0.227198 -0.235743
-0.270883 -0.272554 -0.265196 -0.256672 -0.265177 -0.236272 -0.140219 0.043460 -0.201584 -0.267684
-0.255570 -0.086342 -0.228103 -0.252565 -0.276159 -0.271158 -0.206434 -0.253918 -0.270459 -0.152421
-0.177930 -0.110372 0.146851 -0.277861 -0.239737 -0.269990 -0.244813 -0.247282 -0.260935 -0.127459
-0.082376 0.054706 0.037317 -0.212346 -0.221079 -0.053673 -0.170935 -0.153468 -0.168204 -0.123089
-0.090286 -0.159196 -0.156250 0.135002 0.036518 0.480631 0.689530 0.532590 0.103717 -0.172599
-0.276223 -0.274964 -0.258279 -0.222721 -0.074510 0.110392 0.205574 0.262531 0.408849 0.418819
-0.078688 -0.234276 -0.250933 -0.119105 -0.160237 -0.235152 -0.178764 -0.180926 -0.199652 -0.132706
0.135908 0.148141 -0.116573 -0.270954 -0.274322 -0.235977 -0.114927 -0.192833 -0.237313 -0.184144
-0.227546 -0.228215 -0.246990 -0.277103 -0.278413 -0.251052 -0.226010 -0.089127 -0.075509 -0.038884
-0.041150 -0.087991 -0.087211 -0.276892 -0.265017 -0.275720 -0.229794 -0.218343 -0.205990 -0.143696
-0.255095 -0.243265 -0.178463 -0.086992 -0.276665 -0.276509 -0.233649 -0.152500 -0.138209 -0.213220
-0.252570 -0.198857 -0.103258 -0.189608 -0.129399 0.090956 0.078213 0.286243 0.317962 0.044257
-0.017365 -0.147538 -0.232699 -0.177804 -0.102418 0.359494 0.528864 0.817091 0.226897 -0.077886
-0.258889 -0.210742 -0.277095 -0.229626 -0.133682 -0.020164 0.375276 0.693999 0.658386 0.351929
-0.206281 -0.201988 -0.198979 -0.151477 -0.130536 -0.196082 -0.142467 -0.144374 -0.159889 -0.104469
0.078635 0.314257 0.381970 -0.274320 -0.271762 -0.149239 -0.054327 -0.120563 -0.160920 -0.001896
-0.126301 -0.247829 -0.134257 -0.159336 -0.152891 -0.257309 -0.261394 -0.133667 -0.151443 -0.095599
-0.127354 -0.227451 -0.180219 -0.234473 -0.271065 -0.265218 -0.278445 -0.193830 -0.152434 -0.189933
-0.255250 -0.267632 -0.270529 -0.277098 -0.251193 -0.255671 -0.266232 -0.136523 -0.056478 -0.206663
-0.222708 -0.228389 -0.169537 0.091310 0.401619 0.140792 -0.253493 -0.215572 -0.194631 -0.105972
0.151938 0.108029 -0.112657 -0.045310 0.030836 0.071099 0.124929 0.436909 0.296744 -0.114944
-0.269858 -0.263953 -0.130921 0.204845 0.244134 0.380802 -0.270127 -0.260980 0.124294 0.146642
-0.211303 -0.165767 -0.166848 -0.111480 0.113796 -0.098054 -0.176963 -0.109623 -0.000834 -0.040115
-0.025696 0.024965 0.279934 -0.201527 -0.255159 -0.021190 -0.016424 -0.208043 -0.241711 -0.181717
0.018708 -0.174464 -0.127279 0.009768 -0.055500 -0.191639 -0.255066 -0.253747 -0.246656 -0.189329
-0.121594 -0.173026 -0.200382 -0.241335 0.122327 -0.167233 -0.270667 -0.276787 -0.276536 -0.255294
-0.140929 -0.157339 -0.122617 -0.062996 -0.016973 0.045586 0.111287 -0.264717 -0.247909 0.029058
-0.118651 -0.151099 -0.241467 -0.113258 0.230891 0.304644 0.031378 -0.096596 -0.250818 -0.231187
0.369335 0.302861 -0.063726 -0.001207 0.066528 0.592593 1.007041 0.125908 0.066700 -0.208193
-0.234125 -0.277894 0.310332 1.274222 2.162914 1.530555 -0.264091 -0.187949 -0.201592 -0.057400
-0.201299 -0.046624 0.026057 0.005377 0.048056 -0.199767 -0.226580 -0.110251 0.088455 0.308953
0.351922 -0.076316 -0.229054 -0.226309 -0.243315 -0.051250 -0.166434 -0.263867 -0.238723 -0.132857
0.017679 -0.094558 -0.213452 -0.123560 -0.102947 -0.110718 -0.264249 -0.273920 -0.207025 -0.149670
-0.142502 -0.212803 -0.219188 -0.134351 0.304988 0.218083 0.368251 -0.208033 -0.271408 -0.263624
0.002740 0.116592 0.330455 0.543358 0.401411 0.118133 -0.267819 -0.253530 -0.138439 -0.009375
-0.194683 -0.192081 -0.278386 -0.215667 0.012920 0.170137 0.325170 0.838825 0.173460 -0.102761
0.019388 0.037675 -0.155093 -0.064071 0.015743 0.178395 0.633445 -0.003134 -0.106904 -0.246618
-0.274946 -0.276792 0.186833 0.040791 -0.011098 0.306655 1.482408 -0.237452 -0.269134 -0.234251
-0.103676 0.168169 0.394837 0.330050 0.144384 -0.098138 0.345347 0.288375 0.046132 0.008122
-0.079125 0.176954 -0.140034 -0.236295 -0.263516 -0.266405 -0.252096 -0.226655 -0.235672 -0.197418
-0.162550 -0.250394 -0.258764 -0.170495 -0.214838 -0.205702 -0.224448 -0.271790 -0.231947 -0.173569
-0.131379 -0.172153 -0.163667 -0.185952 -0.152221 -0.157191 0.307963 0.840759 0.405877 0.060561
0.398906 0.656909 1.301214 2.601492 1.250669 -0.086725 -0.276897 -0.271357 -0.249367 -0.070178
-0.177095 -0.124089 -0.088812 0.256860 0.343904 -0.007569 -0.027252 0.358505 0.095278 0.190720
0.310675 0.116971 0.158476 0.371536 0.389704 -0.259802 -0.132997 0.051408 -0.213359 -0.275011
-0.254825 0.004670 0.412105 -0.135058 -0.261083 -0.173989 0.199131 -0.109874 -0.277673 -0.251648
-0.096100 0.022943 0.176295 0.289623 0.507215 0.675271 1.251017 0.433372 -0.139709 -0.138103
-0.163780 -0.227696 -0.187576 0.076225 -0.190762 -0.265394 -0.240505 -0.239220 -0.249300 -0.174707
-0.067008 -0.244278 -0.273186 -0.255091 -0.261142 -0.262051 -0.207617 -0.202800 -0.230847 -0.256981
-0.226783 -0.227196 -0.194885 -0.188509 -0.214630 -0.219075 -0.250996 -0.138500 0.780811 0.176015
-0.067202 0.092237 -0.220216 0.308372 0.132757 0.043158 0.080407 0.019576 -0.264845 -0.183305
-0.048378 -0.099739 -0.203211 0.004633 0.231319 0.751860 1.205465 2.317874 2.658320 1.508635
-0.264412 -0.276728 -0.094636 0.936297 1.779761 -0.154735 0.108883 0.332175 -0.184418 -0.261203
-0.199047 -0.203457 0.003953 -0.092640 -0.228807 -0.166095 -0.137398 -0.125705 -0.276974 -0.255966
-0.151541 0.167603 0.348139 0.747322 1.178424 0.488729 -0.110216 -0.155357 -0.180408 -0.107452
-0.119572 -0.203573 -0.243978 -0.057491 0.042906 -0.232711 -0.224435 -0.120922 -0.189926 -0.167774
-0.042631 -0.178311 -0.273038 -0.261807 -0.229228 -0.246793 -0.231554 -0.252987 -0.260415 -0.262678
-0.245303 -0.236535 -0.223421 -0.162260 -0.038267 0.085058 -0.011961 -0.058232 -0.090362 0.010403
-0.111924 -0.201242 -0.229700 -0.278419 -0.180717 -0.049796 -0.179288 -0.270066 -0.256647 -0.277083
-0.269843 0.028338 -0.277209 -0.278436 -0.232762 0.023327 0.371409 0.370476 0.524410 0.523331
0.086682 0.157100 -0.034555 -0.163980 0.008554 -0.005063 0.338776 0.373863 -0.029136 -0.199627
-0.277012 -0.232998 -0.213115 -0.277953 -0.228784 0.003768 0.265763 -0.004750 0.127525 0.225155
-0.099091 0.166334 0.514506 0.834843 0.652087 0.153683 -0.180815 -0.278402 -0.248149 -0.248749
-0.069311 0.104531 -0.175533 -0.152946 -0.055041 -0.110887 0.047026 0.056615 -0.189328 -0.202750
-0.110787 -0.108123 -0.234311 -0.237505 -0.232153 -0.256845 -0.212186 -0.248580 -0.273924 -0.275614
-0.245981 -0.146175 -0.149462 -0.059589 0.070121 -0.125854 -0.065287 0.133230 -0.135534 -0.258036
-0.270385 -0.278410 -0.218831 -0.238550 -0.097664 0.042400 -0.172945 -0.275117 -0.148333 0.349643
-0.193053 -0.169008 -0.250877 -0.277904 -0.277446 -0.269593 -0.165501 -0.220343 -0.206016 -0.229744
-0.232525 -0.151129 -0.141966 -0.202856 -0.209557 -0.190289 -0.011676 0.059837 0.137861 -0.181404
-0.234552 -0.278256 -0.210510 -0.143602 -0.064287 -0.059457 -0.054331 0.113281 0.387303 0.328197
-0.063811 0.185794 0.559659 1.184808 1.498930 1.097997 -0.161211 -0.277628 -0.256255 -0.200194
0.081480 0.404994 0.143387 -0.039569 0.096632 0.254962 0.246305 0.162331 -0.041724 0.205184
0.207255 0.121197 0.137511 0.004770 -0.180319 -0.172892 -0.023526 -0.040517 -0.231757 -0.020138
-0.007636 -0.112549 -0.011975 0.097873 -0.114388 -0.236080 -0.120348 -0.241548 -0.250609 -0.096291
-0.207602 -0.202920 0.016988 -0.246141 -0.201311 0.000261 -0.187764 -0.181374 0.297385 0.695295
-0.226755 -0.261436 -0.029242 0.009397 0.055626 0.252533 -0.046332 -0.079696 -0.131441 -0.123592
-0.021796 -0.166962 -0.166133 -0.133481 -0.208375 -0.154874 -0.002761 0.087936 -0.182692 -0.191817
-0.263583 -0.271011 -0.243914 -0.013988 0.353281 0.359854 0.558598 0.712000 0.250398 -0.186394
-0.188571 0.001591 0.220023 0.449337 0.022815 -0.217446 -0.278435 -0.273540 -0.155341 -0.164554
0.032641 0.282690 -0.047927 -0.089208 0.054128 0.262601 0.298507 0.419076 0.638544 0.518853
0.582884 0.615938 0.386373 -0.053748 -0.226622 -0.181645 -0.188077 -0.016361 0.112006 0.167552
-0.131145 -0.224446 -0.224503 -0.242865 -0.196034 -0.165879 -0.089266 -0.238082 -0.229101 -0.003610
-0.102995 -0.089442 0.092010 0.168477 -0.049596 -0.225337 -0.135189 0.033748 0.002219 -0.000870
-0.106801 -0.114326 -0.191068 -0.094062 0.126697 -0.037711 -0.158394 -0.203031 -0.190934 -0.234222
-0.211837 -0.188261 -0.228996 -0.184526 -0.154835 -0.129692 -0.181688 -0.172832 -0.192361 -0.126085
-0.024247 0.030526 0.184104 0.476077 0.962683 1.113006 1.112251 1.303826 0.673379 0.216408
0.317354 0.555759 0.709987 0.632975 0.120219 -0.035325 0.192361 0.745478 0.526427 0.424670
0.711697 1.135930 1.253438 1.563040 1.634037 1.424525 1.119453 0.942108 0.970193 0.458014
0.628741 0.741738 0.534364 0.714153 0.141815 0.109160 0.095357 0.740573 0.703171 0.342933
0.361725 0.405332 0.254658 0.285899 0.178023 0.171137 0.162187 0.370173 0.526866 0.615160
0.506026 0.543096 0.629500 0.506279 0.160074 0.124408 0.342977 0.253447 0.245936 0.316435
0.242705 0.307946 0.359387 0.356278 0.276878 0.582210 0.826104 0.498759 0.281696 0.281891
0.195492 0.162472 0.091144 0.221783 0.247697 0.272504 0.283596 0.390134 0.153172 -0.164259
-0.122480 -0.145519 -0.187799 -0.241739 -0.268795 -0.277718 -0.265198 -0.252565 -0.242804 -0.250731
-0.262295 -0.258202 -0.249292 -0.264602 -0.275832 -0.262969 -0.252276 -0.250343 -0.263298 -0.258365
-0.249924 -0.241286 -0.231087 -0.226864 -0.242993 -0.265885 -0.264951 -0.276559 -0.272874 -0.228594
-0.232651 -0.238659 -0.255037 -0.248167 -0.216483 -0.220397 -0.222308 -0.248419 -0.253527 -0.233883
-0.228713 -0.251829 -0.263509 -0.256962 -0.231851 -0.236611 -0.217530 -0.220865 -0.242576 -0.242464
-0.234399 -0.241013 -0.257371 -0.264832 -0.243167 -0.230154 -0.225179 -0.231436 -0.239105 -0.267978
-0.276550 -0.233174 -0.224169 -0.261788 -0.267586 -0.232552 -0.230014 -0.244599 -0.248064 -0.233034
-0.239436 -0.242383 -0.233247 -0.227604 -0.238409 -0.229912 -0.239182 -0.261016 -0.204186 -0.027868
0.207775 0.067381 0.052874 -0.126627 -0.223839 -0.116047 -0.106046 -0.068098 -0.092470 -0.121447
-0.122815 -0.089288 -0.154763 -0.209376 -0.144750 -0.094803 -0.028713 -0.111218 -0.163383 -0.145568
-0.119774 -0.107102 -0.092773 -0.169079 -0.194616 -0.187988 -0.194925 -0.060149 0.003599 -0.013646
-0.059398 -0.182260 -0.133902 -0.082115 -0.036288 -0.121012 -0.221246 -0.149298 -0.052157 -0.094978
-0.097431 -0.170517 -0.132406 -0.074752 -0.101236 -0.091956 -0.074377 -0.113976 -0.153643 -0.087165
-0.059554 -0.155547 -0.172673 -0.121016 -0.093889 -0.056348 -0.094020 -0.120254 -0.169063 -0.178006
-0.092894 0.004183 -0.072540 -0.169868 -0.032133 -0.068316 -0.189329 -0.185695 -0.094176 -0.092112
-0.107904 -0.105069 -0.083552 -0.099809 -0.112923 -0.112617 -0.092768 -0.093388 -0.066412 0.207615
0.404186 0.014645 0.119902 -0.019563 -0.040887 0.339948 0.137939 -0.008634 0.037608 0.065212
0.092246 0.120821 0.013688 -0.062307 0.045151 0.109132 0.090433 0.045568 0.127368 0.173689
0.144893 0.197337 0.254123 0.147926 0.277732 0.448958 0.421764 0.588430 0.812532 0.457967
0.195115 0.199714 0.643438 0.683983 0.155787 0.018257 0.069193 0.174876 0.466301 0.266460
0.189576 0.196959 0.277562 0.413148 0.316144 0.302741 0.276718 0.114114 -0.001111 0.137939
0.144618 0.115527 0.317717 0.472615 0.382109 0.271349 0.223415 0.285135 0.358796 0.695501
1.010417 0.486620 0.106597 0.141155 0.534633 0.199560 -0.113859 0.006838 0.258399 0.202141
0.144119 0.216407 0.258943 0.203188 0.133799 0.137913 0.168602 0.322071 0.193695 0.537898
0.515426 0.017586 0.224579 0.074249 0.104457 0.377841 0.216304 -0.009716 0.008529 0.021974
0.070825 -0.048641 -0.159514 -0.088651 0.018248 0.101821 0.111816 0.160719 0.442125 0.249672
0.075211 0.090011 0.144050 0.191337 0.245197 0.446536 0.389095 0.319707 0.568445 0.347986
0.241570 0.279619 0.220614 -0.023752 -0.198727 0.037142 0.509035 0.411932 0.459370 0.396213
0.189070 0.233491 0.263300 0.331267 0.148615 -0.009510 -0.171335 -0.260920 -0.269309 -0.256813
-0.265023 -0.168197 0.232998 0.426119 0.355770 -0.022898 -0.226468 -0.181314 -0.063858 0.184023
0.676002 0.452119 0.187187 0.235336 -0.101087 -0.234842 -0.257198 -0.131463 0.280368 0.278585
0.028501 -0.001820 0.123773 0.195169 0.218259 0.365021 0.364638 0.385100 0.090109 0.074127
0.678983 0.127828 0.411886 0.211359 0.256494 0.254419 0.121173 0.043956 0.038675 0.000959
-0.029555 -0.105604 -0.192003 -0.070511 -0.073294 -0.064381 -0.047618 0.065246 0.259791 -0.026530
-0.123247 -0.156343 -0.193885 -0.171271 -0.142433 -0.085932 -0.156930 -0.130342 -0.056354 -0.123318
-0.180145 -0.211736 -0.274404 -0.270640 -0.270454 -0.210759 0.199205 0.068355 -0.084534 -0.118707
-0.159332 -0.140849 -0.102284 -0.137047 -0.195768 -0.265828 -0.277975 -0.270753 -0.241562 -0.263910
-0.257926 -0.278454 -0.167801 -0.073599 -0.152534 -0.277051 -0.246214 -0.272899 -0.275847 -0.215024
-0.081464 -0.177519 -0.240089 -0.277034 -0.265197 -0.260442 -0.275017 -0.258699 -0.038574 -0.064607
-0.225382 -0.225650 -0.005558 0.187198 0.321154 0.389797 0.252191 0.213042 0.040854 0.114906
0.588989 -0.034019 0.170511 0.051292 0.150652 0.088610 0.025797 0.088638 0.011714 -0.126669
-0.089211 -0.038561 -0.041587 0.025059 0.042661 -0.044628 -0.084342 -0.056740 -0.019285 -0.062066
-0.043037 -0.096110 -0.206842 -0.136093 -0.094856 -0.088571 -0.096940 0.002252 0.041428 0.094019
-0.049708 -0.078607 -0.245663 -0.216604 -0.146647 0.007407 0.269082 0.151550 -0.058712 -0.041516
0.009414 0.018298 -0.007008 -0.035182 -0.097072 -0.038934 -0.047360 -0.176651 -0.275599 -0.222799
-0.209680 -0.194865 -0.084836 -0.078584 -0.132962 -0.225340 -0.267681 -0.213163 -0.160785 -0.090478
0.025011 -0.132760 -0.197675 -0.256915 -0.276667 -0.221394 -0.118212 -0.157410 -0.055750 -0.078932
-0.166057 -0.062759 0.122613 0.112291 0.180335 0.233931 0.144292 0.099054 -0.082682 0.120045
0.583939 -0.068974 0.183902 0.093408 0.278371 0.133900 0.016520 -0.029814 -0.233998 -0.251478
-0.048067 0.186118 0.431126 0.262724 0.330356 0.254762 0.125607 0.196318 0.321695 0.298763
0.286271 -0.011766 -0.174185 -0.063732 0.053377 0.112917 0.139797 0.354816 0.502593 0.654746
0.604053 0.549987 0.208484 0.185752 0.310122 0.391069 0.621563 0.633356 0.519999 0.610054
0.752567 0.739374 0.569262 0.276453 0.164282 0.396122 0.619507 0.341866 -0.117393 -0.153941
-0.221604 -0.175307 -0.010523 0.136158 0.309488 0.274716 0.174141 0.087274 0.047972 0.113771
0.373132 0.379106 0.391894 -0.014431 -0.268208 -0.180438 -0.032764 -0.008866 0.273548 0.275737
0.223470 0.601876 0.310198 0.271827 0.361284 0.374970 0.252677 0.152151 -0.108116 0.104710
0.446396 -0.098852 0.137492 0.029287 0.096345 -0.118385 -0.258062 -0.259545 -0.240774 -0.255495
-0.074462 -0.068369 0.000419 -0.117221 0.016551 0.047816 0.036786 0.106779 0.271810 0.097656
0.013107 -0.057606 -0.030092 0.032860 0.100698 0.065702 0.115397 0.318811 0.390502 0.509296
0.517596 0.329894 -0.030829 0.113784 0.429588 0.435686 0.627897 0.691429 0.811507 0.593841
0.477933 0.373895 0.298597 0.204258 0.023560 0.067457 0.046919 -0.026618 -0.187347 -0.243518
-0.257873 -0.190239 -0.094758 0.024632 0.112251 0.082758 0.220288 0.206673 0.013446 0.014012
0.124124 0.211887 0.261064 -0.058545 -0.268163 -0.233329 -0.136513 -0.026256 0.229139 0.192404
0.251464 0.708262 0.297213 0.189215 0.215821 0.282006 0.118055 0.084236 -0.117566 0.110565
0.344773 -0.147942 0.095552 -0.005220 -0.072805 -0.238654 -0.278264 -0.277397 -0.246556 -0.230187
-0.204007 -0.232425 -0.237153 -0.189742 -0.185732 -0.198492 -0.139344 -0.017299 0.141743 0.101166
0.340818 0.365940 0.376652 0.208396 0.150683 0.155165 0.342038 0.564047 0.350556 0.300814
0.217826 0.016247 -0.192349 -0.016818 0.149517 0.309498 0.587662 0.674159 0.642328 0.364136
0.085641 0.165897 0.357394 0.175916 -0.050993 -0.165605 -0.207215 -0.125622 0.049058 0.184201
0.235437 0.327948 0.370095 0.360282 0.271185 0.190096 0.331821 0.579108 0.491407 0.329259
0.198071 0.257014 0.292443 0.110177 0.012441 0.008344 0.076556 0.101518 0.298535 0.225870
0.327214 0.346566 0.134420 0.086988 0.117578 0.198988 0.099498 0.106113 -0.091680 0.077839
0.359501 -0.151962 0.117223 0.033189 0.014886 -0.052421 0.094894 0.049044 0.187153 0.118417
-0.059296 -0.160852 -0.222843 -0.113633 -0.124374 -0.196323 -0.163736 -0.122514 -0.063124 -0.028017
0.317988 0.415484 0.513359 0.396215 0.180242 0.168779 0.252197 0.367111 0.118180 0.114247
0.191066 0.175293 -0.065971 -0.060826 -0.042578 0.155234 0.471385 0.532905 0.352640 0.062972
-0.000992 0.264866 0.352354 0.129161 0.044549 -0.054548 -0.133124 -0.042655 0.124005 0.314586
0.426765 0.351824 0.434387 0.376141 0.244729 0.151200 0.171706 0.412391 0.533822 0.470617
0.203172 0.156721 0.251113 0.052431 0.095867 0.188275 0.134423 0.090867 0.348291 0.310058
0.358546 0.241685 0.144349 0.234182 0.133663 0.160937 0.051778 0.058674 -0.115278 0.064689
0.555086 -0.092732 0.119798 0.035573 0.187463 0.237905 0.645208 0.609729 1.014345 1.410702
1.034545 0.555004 0.068889 0.095702 -0.031198 -0.076371 -0.103549 -0.210316 -0.209062 -0.089926
0.200711 0.403115 0.313171 0.106226 -0.129573 -0.117173 -0.073141 -0.124685 -0.201946 -0.090759
-0.009578 -0.076435 -0.181561 -0.238587 -0.247364 -0.179173 0.024693 0.091684 -0.039562 -0.103877
0.052301 0.318448 0.355678 0.296266 0.293826 0.214339 0.026998 0.008198 -0.000822 -0.085942
-0.195678 -0.160984 0.008221 0.208688 0.243194 0.319680 0.183712 0.184789 0.320770 0.486571
0.589039 0.560260 0.519136 0.211155 0.150160 0.099040 0.028314 0.070193 0.286084 0.321563
0.372809 0.355503 0.299188 0.349982 0.156833 0.186133 -0.000406 0.009542 -0.065343 0.145355
0.574346 0.001043 0.103449 -0.007417 0.098091 0.098744 0.251326 0.171058 0.448462 0.646873
0.469248 0.174915 0.040987 0.139958 0.071053 0.029938 -0.028572 -0.129037 -0.101666 0.037886
0.075269 0.168069 0.192631 -0.052197 -0.148091 -0.036842 -0.051834 -0.203456 -0.227702 -0.134743
-0.114062 -0.220216 -0.240763 -0.261662 -0.255925 -0.219290 -0.065519 0.001362 -0.081289 -0.058663
0.214737 0.336683 0.282341 0.318224 0.270226 0.247723 0.130235 0.080464 0.063746 -0.125003
-0.245300 -0.180714 -0.108827 -0.046639 0.111947 0.243232 0.336557 0.170103 0.140437 0.196805
0.450038 0.505859 0.246637 0.101642 0.108898 -0.018861 -0.026760 0.018948 0.256729 0.237109
0.160645 0.178304 0.176632 0.280949 0.269044 0.287338 -0.038229 -0.001534 -0.058748 0.142839
0.507130 -0.073197 0.097013 -0.010984 0.101930 0.162998 0.161441 0.005099 -0.054338 -0.090751
-0.190312 -0.219417 -0.141058 -0.005544 0.046052 0.179395 0.273980 0.283696 0.168368 0.082774
0.017199 0.115512 0.244345 0.003801 -0.045568 0.396983 0.586445 0.269744 0.219602 0.393979
0.436601 0.275358 0.423800 0.383819 0.385802 0.405330 0.625445 0.435359 0.279183 0.207816
0.288896 0.408665 0.414822 0.595048 0.601412 0.572973 0.767531 0.855077 0.395994 0.009986
-0.105485 -0.131935 -0.253795 -0.260417 -0.182037 -0.049243 0.156866 0.063153 -0.108172 -0.149157
-0.043960 -0.024399 -0.068861 -0.106622 -0.119074 -0.066003 -0.059925 -0.037887 0.225327 0.197871
0.065034 0.051371 0.120295 0.249958 0.376111 0.435219 0.130453 0.067992 -0.021514 0.126795
0.405992 -0.114219 0.086223 -0.023175 -0.015387 -0.016350 -0.100223 -0.260296 -0.278328 -0.251664
-0.198061 -0.173949 -0.070251 -0.002453 0.033712 0.082410 0.295057 0.332299 0.144706 0.075540
0.010396 0.047463 0.067664 0.055294 0.114350 0.532448 0.524621 0.557501 0.604391 0.629720
0.612243 0.502429 0.722500 0.622574 0.362858 0.408986 0.434799 0.353984 0.308840 0.421517
0.125741 0.227421 0.390509 0.447883 0.545624 0.478432 0.497056 0.538688 0.372041 0.356324
0.556091 0.166830 -0.166451 -0.180754 -0.076694 0.043441 0.247495 0.161014 0.007437 -0.023203
0.022906 0.050026 0.095769 -0.020235 -0.107303 -0.095032 -0.176661 -0.160094 0.103763 0.109406
0.075801 0.139819 0.089343 0.114808 0.163040 0.261330 0.168041 0.082401 -0.059337 0.097882
0.362508 -0.070744 0.081969 -0.125606 -0.224329 -0.257862 -0.264543 -0.276193 -0.277133 -0.232527
-0.158848 -0.052522 0.146022 0.008645 -0.029474 0.029711 0.180358 0.066303 0.038300 -0.013406
-0.158356 -0.195981 -0.213112 -0.244246 -0.179163 0.025369 -0.005899 0.127671 0.319441 0.306705
0.254831 0.108287 -0.046245 -0.128267 -0.222166 -0.143281 -0.043605 0.154407 0.194784 0.366821
-0.095297 0.077083 0.177531 0.186855 0.276499 0.357502 0.407500 0.350206 0.138596 0.312252
1.057578 1.149450 0.455695 0.393490 0.421293 0.510418 0.751429 0.749433 0.550239 0.491482
0.403479 0.397060 0.602352 0.250368 -0.148240 -0.202808 -0.244893 -0.147526 0.201092 0.263432
0.233289 0.283028 0.021159 0.021357 -0.008840 0.092471 0.027740 0.033399 -0.099350 0.062015
0.376743 -0.049907 -0.010563 -0.261682 -0.278463 -0.277155 -0.271970 -0.245870 -0.115108 -0.129586
-0.159949 -0.085444 0.090878 0.003893 -0.001632 0.000041 -0.012395 -0.097112 -0.033272 -0.070467
-0.082620 -0.163069 -0.205967 -0.231161 -0.078421 -0.060461 -0.052892 0.004719 0.086165 0.053621
-0.024859 -0.079124 -0.108429 -0.064507 -0.067843 -0.109086 -0.096329 -0.002560 0.151632 0.258907
0.182062 0.042751 0.134025 -0.151308 -0.251469 -0.128837 0.139329 -0.234367 -0.260866 -0.275454
-0.212515 -0.188848 -0.125465 0.086874 0.188016 0.255950 0.454769 0.610777 0.606625 0.483069
0.307865 0.357241 0.490409 0.003809 -0.271441 -0.277705 -0.263267 -0.175191 0.056412 0.105477
0.099771 0.114059 0.024945 0.137879 0.141883 0.210636 0.065616 0.031529 -0.006609 0.044616
0.407621 -0.149835 -0.206898 -0.269093 -0.278411 -0.254248 -0.245734 0.060254 1.097934 0.521390
0.152671 0.094030 0.185635 0.112115 0.007004 -0.065076 -0.061487 -0.034410 0.180721 0.252182
0.567675 0.228987 0.095303 0.141667 0.449123 0.380774 0.199265 0.056254 -0.015265 0.022135
0.052825 0.035361 0.155405 0.250012 0.355671 0.090265 0.010628 0.027391 0.167288 0.245332
0.685916 0.423662 0.047764 -0.261767 -0.272144 -0.179235 -0.161350 -0.250409 -0.171746 -0.254935
-0.255494 -0.254649 -0.278389 -0.241382 -0.183355 -0.123026 0.007739 0.236448 0.319323 0.181722
0.081925 0.163052 -0.017759 -0.274229 -0.204878 -0.267536 -0.278465 -0.259755 -0.163974 -0.087742
0.028546 0.036085 0.012810 0.159185 0.261083 0.361147 0.079050 0.096283 -0.011633 0.053739
0.373458 -0.158806 -0.105484 -0.127053 0.111311 -0.008321 -0.187393 -0.118247 0.550439 0.456826
0.058511 -0.054304 -0.029920 -0.049729 0.014211 -0.003737 -0.071855 -0.092363 0.084097 0.043812
0.141270 0.084979 0.119288 0.329067 0.135999 0.085954 -0.040972 -0.101938 -0.029316 0.024488
-0.001949 0.027954 0.079129 0.087377 0.067075 0.097462 0.043325 -0.018840 -0.062986 0.004899
0.214453 0.350200 -0.078582 -0.209501 -0.146577 0.118582 -0.062486 -0.255084 -0.278017 -0.234410
-0.239788 -0.237727 -0.137029 -0.150728 -0.203718 -0.097764 0.064524 0.186228 0.221737 0.133950
0.123822 0.219325 0.002234 -0.218714 -0.275031 -0.274463 -0.241168 -0.219592 -0.134052 0.014345
0.099117 -0.037260 -0.081753 0.134212 0.305205 0.548850 0.167431 0.140236 -0.094599 0.066113
0.341530 -0.129485 0.113519 0.285271 0.641003 0.327156 0.243244 0.095745 0.039907 -0.110755
-0.207621 -0.142893 -0.078920 -0.109817 -0.006226 0.051082 -0.128325 -0.164122 -0.055651 -0.128722
-0.201264 -0.175776 -0.123014 -0.142483 -0.218973 -0.205953 -0.135634 -0.088366 0.053905 0.012401
0.011949 0.134989 0.103452 0.064288 0.020461 0.022379 0.044664 -0.037037 -0.107482 0.014522
0.119032 0.125685 -0.013735 -0.028582 0.363210 0.189186 -0.031894 -0.177120 -0.156298 -0.212216
-0.269452 -0.266289 -0.201917 -0.227351 -0.275643 -0.212351 -0.046719 0.124358 0.239352 0.258701
0.238377 0.324973 0.224052 -0.018857 -0.180163 -0.247983 -0.261359 -0.220468 -0.058156 0.136150
0.055375 -0.034615 0.072789 0.225763 0.342497 0.378050 0.092061 0.078771 -0.114490 0.087037
0.353928 -0.133100 0.059124 0.177361 0.546381 0.222541 0.430205 0.014300 -0.268035 -0.277524
-0.276980 -0.232611 -0.099333 -0.108558 -0.030642 0.054793 -0.057065 -0.090103 -0.158083 -0.210665
-0.227269 -0.061120 -0.003065 -0.036452 -0.203984 -0.183579 -0.111176 -0.056670 0.006642 -0.014826
0.002422 0.006994 -0.017403 0.003692 -0.142966 -0.104944 -0.150333 -0.174538 -0.111044 -0.049013
-0.016921 -0.027252 -0.041001 0.004113 0.351020 0.083428 -0.154019 -0.215388 -0.198512 -0.261277
-0.277784 -0.268195 -0.212508 -0.237600 -0.263370 -0.153760 -0.001573 0.108982 0.181004 0.261019
0.227954 0.318804 0.289039 0.125206 0.058573 -0.196064 -0.261104 -0.209034 -0.015151 0.153040
0.074390 0.128032 0.263649 0.350108 0.399335 0.356760 0.026206 -0.026853 -0.138491 0.066509
0.482029 -0.126867 0.105364 0.138309 0.422269 0.299374 0.135256 -0.234055 -0.260843 -0.258109
-0.262761 -0.260741 -0.112558 -0.009717 -0.084950 -0.084852 -0.096307 -0.055244 -0.180017 -0.168744
-0.154318 0.080875 -0.017524 -0.020165 0.049897 0.014659 -0.011923 -0.040152 -0.056687 -0.043847
-0.029358 -0.002947 0.022374 0.026431 -0.172915 -0.190096 -0.237772 -0.230880 -0.111666 -0.082895
-0.052816 -0.024684 0.041088 0.168901 0.527018 0.809525 0.477714 0.241543 0.275035 0.163796
0.084048 0.261748 0.393152 0.246906 0.410827 0.349138 0.477057 0.300912 0.269815 0.291933
0.241822 0.376393 0.397075 0.359514 0.215432 0.035604 -0.167288 -0.179366 -0.002977 0.109806
0.109154 0.211910 0.256728 0.288772 0.371711 0.328134 0.030360 -0.020296 -0.086990 -0.012755
0.657295 -0.047203 0.131352 0.173998 0.261628 0.123982 -0.031042 -0.235194 -0.277675 -0.278293
-0.272786 -0.209458 -0.069792 0.026631 -0.127648 -0.106851 -0.031686 -0.021778 -0.127122 -0.077602
0.082463 0.072106 -0.059522 -0.049398 0.179295 -0.003860 -0.039569 -0.111184 -0.130837 -0.132580
-0.116568 -0.075620 -0.009902 0.073632 0.056534 -0.044414 -0.226274 -0.228024 -0.121252 -0.136566
-0.125184 -0.055813 -0.029161 -0.006642 0.106688 0.487848 0.770094 0.582537 0.701890 0.776027
0.715235 0.632286 0.441756 0.244910 0.517679 0.280765 0.245343 0.254149 0.236412 0.251639
0.169638 0.300527 0.315387 0.198930 0.042761 0.027950 -0.159021 -0.149001 0.041887 0.073095
0.065292 0.156305 0.102607 0.205021 0.253954 0.214938 -0.040275 -0.022348 -0.150249 0.023061
0.557881 -0.078818 0.094477 0.059598 0.127242 0.060127 0.062967 -0.147955 -0.264008 -0.267288
-0.275210 -0.232939 0.035471 0.094253 -0.056950 -0.032938 0.112660 0.105464 0.065725 0.173930
0.303335 -0.010287 -0.095356 -0.083099 0.025267 -0.088751 -0.114082 -0.155637 -0.169283 -0.174163
-0.124381 -0.093874 -0.038971 0.006154 0.175172 0.259408 0.011762 -0.049602 -0.048680 -0.190154
-0.188607 -0.148742 -0.166672 -0.191251 -0.121394 0.082798 0.063003 0.090137 0.229833 0.324721
0.262012 0.045919 -0.078586 -0.090374 -0.048777 -0.176812 -0.033849 0.215845 0.347957 0.331299
0.133466 0.190715 0.270276 0.172753 -0.013766 -0.075079 -0.195785 -0.167915 -0.006209 0.002583
0.026953 0.032522 -0.021111 0.084920 0.215303 0.103920 -0.071235 0.013571 -0.110765 0.160002
0.323879 -0.190512 0.088608 -0.056596 -0.009800 0.001186 -0.059796 -0.266719 -0.240531 -0.268300
-0.268307 -0.276231 -0.131073 -0.092805 -0.147057 -0.138259 -0.006868 0.052106 -0.042500 0.017907
-0.013913 -0.139364 -0.154965 -0.129808 -0.134957 -0.133682 -0.181038 -0.223367 -0.244140 -0.194897
-0.195559 -0.206223 -0.182549 -0.170730 -0.050540 0.224431 0.186011 0.410900 0.058002 -0.121418
-0.201220 -0.239637 -0.217180 -0.191978 -0.011046 0.089332 0.021722 -0.013335 -0.020458 0.019811
0.004771 -0.206252 -0.253180 -0.256556 -0.270868 -0.238332 -0.122555 -0.024697 0.089236 0.007352
-0.163520 -0.109327 0.121111 0.108178 0.073903 -0.057910 -0.093916 -0.101196 0.020557 -0.050993
-0.032936 -0.072561 -0.104840 -0.001336 0.138494 0.030411 -0.117814 -0.031245 -0.078342 0.100020
0.391066 -0.148978 0.219921 -0.000340 0.005222 -0.012694 -0.205564 -0.270600 -0.261551 -0.262215
-0.245768 -0.270956 -0.277369 -0.274877 -0.258330 -0.231188 -0.181585 -0.133278 -0.146596 -0.096654
-0.157345 -0.179127 -0.128367 -0.095723 -0.176570 -0.191651 -0.236212 -0.268519 -0.275489 -0.225993
-0.191328 -0.222028 -0.275270 -0.252987 -0.189166 -0.021901 0.184462 0.443971 -0.045657 -0.178694
-0.221061 -0.245753 -0.154047 -0.047479 0.422801 0.360748 0.077567 -0.029074 -0.114628 -0.204087
-0.173940 -0.255964 -0.268271 -0.267711 -0.270403 -0.158370 -0.200482 -0.244103 -0.236021 -0.253050
-0.275125 -0.238383 -0.017914 0.224494 0.670251 0.594762 0.483251 0.255637 0.208491 -0.031632
-0.042099 -0.068417 -0.079011 -0.009638 0.058183 0.014450 -0.039064 -0.049643 -0.076138 0.022031
0.550272 -0.068502 0.175451 0.087218 0.067333 -0.079991 -0.163046 -0.122851 -0.250642 -0.275954
-0.273425 -0.276958 -0.275817 -0.260870 -0.230319 -0.172281 -0.148493 -0.127250 -0.018019 -0.023344
-0.142218 -0.188894 -0.153201 -0.130120 -0.200751 -0.218466 -0.208028 -0.230237 -0.268334 -0.151220
-0.200921 -0.173803 -0.236817 -0.233112 -0.197698 -0.190944 -0.100939 -0.051483 -0.179825 -0.155864
-0.068002 -0.038517 -0.064542 -0.093477 0.192236 0.062149 -0.075557 -0.059030 -0.163985 -0.230410
-0.176151 -0.172189 -0.107815 -0.156359 -0.243357 -0.154613 -0.080088 -0.149403 -0.164131 -0.173382
-0.221870 -0.090960 0.056007 0.115605 0.211001 0.312585 0.383160 0.254948 0.113960 -0.020873
0.034735 0.071633 0.083742 0.078784 0.052667 0.014988 -0.032459 -0.017156 -0.017079 0.054250
0.536027 -0.072954 0.181614 0.147087 0.106958 0.013479 0.133918 0.235687 0.183549 -0.177962
-0.258347 -0.262795 -0.200641 -0.117743 -0.117437 -0.012935 -0.018628 -0.067364 -0.027588 -0.032467
-0.158603 -0.170756 -0.152381 -0.164094 -0.178766 -0.188603 -0.228811 -0.257232 -0.262245 -0.274138
0.182383 -0.276576 -0.276908 -0.232724 -0.217515 -0.226899 -0.215060 -0.194498 -0.142401 -0.001146
0.012637 -0.014736 -0.162077 -0.205256 -0.103215 -0.077308 -0.059298 -0.022241 0.096484 0.516806
0.292337 0.251729 0.292844 0.023096 -0.098264 0.047654 0.273102 0.375214 0.331735 0.248146
0.179573 0.221905 0.031258 -0.083258 -0.192039 -0.139831 0.063802 0.144518 0.213219 0.183021
0.202497 0.211070 0.114937 0.096021 0.066718 0.080338 0.075844 0.240121 0.019007 0.033214
0.199741 -0.108462 0.135060 0.112355 0.113193 0.128002 0.291471 0.080746 0.018649 -0.097540
-0.234217 -0.241732 -0.169648 -0.148905 -0.103960 -0.011683 -0.050390 -0.101807 -0.119665 -0.037998
-0.175325 -0.158784 -0.176542 -0.182022 -0.179117 -0.154713 -0.147181 0.151862 0.331088 1.882909
1.972948 1.455051 0.549539 -0.066049 -0.092385 -0.177709 -0.203839 -0.168792 -0.092074 -0.029506
-0.071134 -0.191583 -0.240777 -0.225096 -0.109080 -0.075480 -0.099174 -0.173767 -0.110848 0.416366
0.023672 -0.117930 -0.017525 0.050437 0.021833 0.058725 0.387710 0.555904 0.488946 0.470537
0.396103 0.264834 -0.057886 -0.172892 -0.276887 -0.260610 -0.196428 -0.142070 0.085114 0.150434
0.179309 0.131547 0.023296 0.042352 0.028791 0.049710 -0.036332 0.159591 -0.003334 0.058749
0.420133 -0.032633 0.196381 0.040669 0.119222 0.104891 0.178667 0.050233 -0.046796 -0.141967
-0.241449 -0.237164 -0.207843 -0.256960 -0.187105 -0.118104 -0.077457 -0.034667 -0.038733 0.002591
-0.140255 -0.147615 -0.172727 -0.171659 -0.155701 -0.149126 -0.092945 0.115793 -0.228742 2.516766
2.414734 1.983716 1.147983 -0.052156 -0.053487 -0.153739 -0.202676 -0.199014 -0.185571 -0.193052
-0.217456 -0.257552 -0.238367 -0.211981 -0.108828 -0.169473 -0.245283 -0.273383 -0.276563 -0.269911
-0.273093 -0.267240 -0.243839 -0.146394 -0.058419 -0.079697 0.164989 0.308893 0.301448 0.317736
0.286842 0.220130 -0.059145 -0.237780 -0.262060 -0.277743 -0.273871 -0.245705 -0.090975 0.036964
0.078874 0.036589 -0.037983 0.016597 0.034153 0.064393 -0.061138 0.011051 -0.064118 0.131082
0.867666 0.031073 0.133334 -0.057888 0.039345 0.084790 0.260137 0.114158 -0.054588 -0.171248
-0.240821 -0.259623 -0.248437 -0.242526 -0.130156 -0.113341 -0.099163 -0.049459 -0.051693 -0.008800
-0.070293 -0.126690 -0.197771 -0.189332 -0.192409 -0.180168 -0.171209 -0.131970 -0.278203 0.539180
0.119459 -0.124547 -0.019617 -0.134150 -0.170492 -0.192054 -0.238313 -0.238240 -0.236281 -0.218913
-0.183742 -0.179999 -0.110546 -0.126554 -0.068711 -0.128126 -0.156625 -0.163000 -0.263991 -0.200539
-0.200891 -0.166525 -0.180141 -0.114802 -0.064938 -0.074200 0.063609 0.211286 0.309386 0.296932
0.245614 0.243668 0.058818 -0.244654 -0.267137 -0.276246 -0.254849 -0.192446 0.007277 0.031683
-0.025579 -0.074355 -0.098267 -0.030531 -0.008479 -0.001089 -0.107757 0.003174 -0.050113 0.192516
0.704017 -0.038397 0.147546 -0.012911 0.062658 0.064789 0.116601 -0.018328 -0.043960 -0.126574
-0.188802 -0.176167 -0.053133 0.244885 0.208365 -0.065671 -0.124532 -0.110947 -0.126366 -0.085618
-0.009482 -0.087618 -0.217968 -0.219439 -0.228059 -0.223140 -0.208689 -0.134769 -0.142224 0.276332
-0.122720 -0.241391 -0.080915 -0.221138 -0.208999 -0.257323 -0.261148 -0.257566 -0.234236 -0.169081
-0.108208 -0.042624 -0.043654 -0.003108 -0.039164 -0.066694 -0.006079 0.129480 0.225693 0.378932
0.100044 0.049801 0.087040 0.113381 0.101521 0.122856 0.198318 0.253367 0.397444 0.394334
0.392733 0.369329 0.116923 -0.237568 -0.278013 -0.248310 -0.270358 -0.186185 0.128202 0.058633
-0.075502 -0.123142 -0.090059 -0.039901 -0.069943 -0.047191 -0.112234 -0.026924 -0.101405 0.115286
0.393504 -0.093983 0.174435 0.079168 -0.016867 -0.019986 0.028981 0.101013 0.021464 -0.081551
-0.181715 -0.199817 -0.233178 -0.214253 -0.244929 -0.273616 -0.277842 -0.278455 -0.277627 -0.260876
-0.065743 -0.085939 -0.210555 -0.199152 -0.240797 -0.243144 -0.240419 -0.228096 -0.180677 -0.171486
-0.137387 0.075182 -0.032565 -0.271606 -0.270884 -0.278464 -0.275068 -0.276148 -0.242879 -0.206646
-0.131875 -0.029239 -0.039465 -0.135756 -0.150431 -0.089028 -0.015749 -0.007660 0.369281 0.413595
0.262412 0.112821 0.094858 0.023160 0.008531 0.088371 0.140578 0.079449 0.186903 0.296779
0.306805 0.199814 -0.139225 -0.253258 -0.275420 -0.275417 -0.276369 -0.219319 0.035668 -0.026740
-0.134319 -0.140719 -0.103237 -0.100521 -0.090122 -0.008781 -0.037431 0.109884 0.019467 0.039205
0.372203 -0.066393 0.174930 0.107702 -0.058383 -0.046564 -0.044392 0.049822 0.008375 -0.002725
-0.204578 -0.256593 -0.273204 -0.229699 -0.234348 -0.244959 -0.239363 -0.271716 -0.274228 -0.272494
-0.213255 -0.159939 -0.173210 -0.178086 -0.243789 -0.256225 -0.258754 -0.263047 -0.232020 -0.249171
-0.239254 -0.175502 -0.248022 -0.262142 -0.271690 -0.273591 -0.249337 -0.276696 -0.242872 -0.247185
-0.183467 -0.125952 -0.134569 -0.214761 -0.201083 -0.114450 -0.079286 -0.049425 0.212663 0.378555
0.539119 0.486662 0.146080 -0.039316 -0.013772 -0.029684 -0.035639 -0.094537 0.052269 0.163746
0.037238 -0.129516 -0.257371 -0.278180 -0.258386 -0.277517 -0.249536 -0.227359 -0.163947 -0.166110
-0.207671 -0.187970 -0.193445 -0.179772 -0.115208 0.020205 0.021010 0.323956 0.031655 -0.037233
0.547762 -0.102008 0.058003 -0.031709 -0.121710 -0.105074 -0.095325 -0.025858 -0.077658 0.086924
-0.138336 -0.259613 -0.268570 -0.269436 -0.278443 -0.273614 -0.245726 -0.136033 -0.107164 -0.124461
-0.153812 -0.144140 -0.101394 -0.111605 -0.228653 -0.249993 -0.266862 -0.266049 -0.267514 -0.256819
-0.263348 -0.256899 -0.263791 -0.262017 -0.277869 -0.277721 -0.264661 -0.217205 -0.191786 -0.199047
-0.173847 -0.184297 -0.171649 -0.151437 -0.111846 -0.097544 -0.083204 0.031987 0.239076 0.313612
0.252786 0.208547 0.063440 0.019201 0.033009 -0.068673 -0.024934 0.040800 0.205208 0.167580
-0.007699 -0.101465 -0.163619 -0.196437 -0.273075 -0.268917 -0.230960 -0.198280 -0.090269 -0.120203
-0.159965 -0.099110 -0.126423 -0.076252 -0.001331 0.169894 0.016596 0.138870 -0.098037 -0.089811
0.642197 -0.162436 -0.018954 -0.080371 -0.077730 -0.023651 -0.061881 -0.172496 -0.186915 -0.063737
-0.136665 -0.215997 -0.271886 -0.272831 -0.277615 -0.278464 -0.226810 -0.111041 -0.033828 -0.023564
-0.035220 -0.153557 -0.109346 -0.093071 -0.229100 -0.236256 -0.268569 -0.270948 -0.267729 -0.268312
-0.248047 -0.253558 -0.252973 -0.246806 -0.232844 -0.125918 0.245301 -0.226148 -0.199923 -0.157780
-0.213159 -0.246487 -0.175529 -0.126342 -0.033506 -0.069890 -0.017693 0.165700 0.490020 0.286786
0.100405 0.050132 0.110384 0.244862 0.107624 -0.045943 0.100196 0.293985 0.372106 0.315061
0.143362 0.119727 0.049647 -0.082222 -0.240680 -0.231557 -0.240044 -0.187723 -0.039934 -0.018873
-0.032404 0.013109 -0.115997 -0.034848 0.052213 0.160019 -0.090744 -0.091768 -0.209606 -0.052813
0.566535 -0.073001 0.175137 -0.023784 -0.033601 -0.043608 -0.043583 -0.059074 0.114361 -0.053702
-0.036721 -0.168421 -0.241985 -0.262735 -0.272715 -0.274081 -0.256870 -0.183556 -0.094661 -0.058594
0.089301 -0.125067 -0.130204 -0.141057 -0.193186 -0.157877 -0.201217 -0.199683 -0.205830 -0.216581
-0.198971 -0.205475 -0.181332 -0.188432 -0.176571 -0.134250 0.077048 -0.104066 -0.177540 -0.208825
-0.184619 -0.199645 -0.135291 -0.073012 -0.021359 0.023048 0.028168 0.018095 0.224692 0.318529
0.195021 0.056023 0.020536 -0.007619 -0.050415 -0.091535 0.062519 0.194187 0.314138 0.297392
0.226812 0.183091 0.109209 -0.071050 -0.193713 -0.203503 -0.229161 -0.144333 0.052719 0.082371
0.073309 0.026046 -0.135243 -0.017264 0.070678 0.105338 -0.055150 -0.095017 -0.231128 0.044648
0.477213 -0.043569 0.287954 0.041962 0.048227 0.005810 0.083209 0.237922 0.889313 0.576056
0.531973 0.302330 0.303173 0.208215 -0.019698 -0.217485 -0.272842 -0.276401 -0.241633 -0.188232
-0.096071 -0.123591 -0.134262 -0.143372 -0.137246 -0.024620 -0.018134 -0.041784 -0.137067 -0.167514
-0.131487 -0.136123 -0.133084 -0.131228 -0.143021 -0.178336 -0.181870 -0.143163 -0.147051 -0.149142
-0.054746 -0.094001 -0.076670 0.000636 0.023968 0.043284 -0.020174 -0.070252 0.069213 0.172275
0.192395 0.011029 -0.119226 -0.226681 -0.219100 -0.174601 -0.154792 -0.142939 -0.057271 0.054366
0.150164 0.229711 0.361231 0.324519 0.218323 0.248326 0.147812 0.100123 0.294753 0.188297
0.032208 -0.043871 -0.125254 0.024549 0.020348 0.087020 -0.052031 -0.117832 -0.236237 -0.018052
0.442582 -0.067125 0.250205 0.109895 0.106448 0.067097 0.057627 0.145326 0.551979 0.473281
0.456800 0.370332 0.407545 0.081448 -0.141577 -0.256544 -0.241320 -0.278011 -0.242475 -0.194220
-0.136449 -0.105623 -0.155113 -0.181111 -0.125578 -0.051437 0.035396 -0.045987 -0.181940 -0.191521
-0.155547 -0.150222 -0.176705 -0.183376 -0.251092 -0.254473 -0.197722 -0.133162 -0.174376 -0.120375
-0.020613 -0.054900 -0.075059 -0.037521 0.022781 -0.016442 -0.052259 -0.071204 0.052282 0.184385
0.246338 0.109673 -0.001377 -0.126173 -0.134440 -0.119883 -0.155404 -0.155506 -0.097470 0.033714
0.163421 0.267735 0.294580 0.125976 -0.050482 0.072267 0.107712 0.027219 0.152778 -0.009470
-0.113318 -0.092888 -0.083706 -0.068008 -0.066004 -0.069700 -0.124273 -0.157898 -0.220186 -0.047394
0.397057 -0.156161 0.094205 0.031054 0.031693 -0.011389 -0.056864 -0.097230 -0.032717 -0.020103
0.071596 -0.053270 -0.176563 -0.277405 -0.277724 -0.269098 -0.266495 -0.278163 -0.275645 -0.277824
-0.244751 -0.165763 -0.189489 -0.170868 -0.089690 -0.021109 0.034329 -0.062952 -0.240460 -0.221734
-0.223094 -0.233399 -0.240817 -0.257525 -0.277805 -0.253912 -0.119202 -0.081202 -0.146752 -0.132843
-0.089533 -0.076713 -0.044110 -0.042878 0.027366 -0.000236 -0.012278 -0.007440 0.124456 0.301711
0.488318 0.472555 0.439459 0.397432 0.163254 0.083232 -0.100855 -0.048451 -0.005241 0.023984
0.027104 0.057429 0.012037 -0.124750 -0.225444 -0.178563 -0.094394 -0.092383 0.023150 -0.065169
-0.112304 -0.070574 -0.154492 -0.185221 -0.193902 -0.133760 -0.149998 -0.153849 -0.102025 -0.013430
0.413318 -0.127744 0.056681 -0.067487 -0.055390 -0.064499 -0.040926 -0.008156 0.019997 -0.011832
-0.030505 -0.106979 -0.143634 -0.218048 -0.249717 -0.276981 -0.278415 -0.270560 -0.268616 -0.272313
-0.229748 -0.255221 -0.252173 -0.243433 -0.250433 -0.237148 -0.245870 -0.275604 -0.257869 -0.256989
-0.244116 -0.243901 -0.259758 -0.248288 -0.246861 -0.264238 -0.186004 -0.191331 -0.149574 -0.215128
-0.200043 -0.176575 -0.095510 -0.094738 -0.085401 -0.058261 -0.074048 -0.062587 0.000271 0.147198
0.294753 0.325464 0.319678 0.402851 0.125852 -0.078874 -0.208483 -0.137071 -0.056605 -0.060967
-0.021055 0.030148 0.016497 -0.108901 -0.214866 -0.224146 -0.216057 -0.168598 0.039264 -0.013288
-0.124910 -0.203688 -0.256968 -0.205193 -0.130115 -0.042147 -0.137244 -0.149082 -0.090575 -0.012608
0.548316 -0.068712 0.153480 -0.045591 -0.034122 0.050546 0.229228 0.334056 0.274657 0.174484
0.165479 0.229284 0.382000 0.455941 0.687815 0.578894 0.431953 0.036365 0.118093 -0.089544
-0.219911 -0.273896 -0.278110 -0.278463 -0.273212 -0.278424 -0.275058 -0.236982 -0.214270 -0.223504
-0.211987 -0.215409 -0.232217 -0.256149 -0.278415 -0.265231 -0.267858 -0.262951 -0.227868 -0.261146
-0.251220 -0.222119 -0.147831 -0.155102 -0.200828 -0.200252 -0.186581 -0.213032 -0.205271 -0.157855
-0.057931 0.021038 0.065462 0.103924 -0.022225 -0.221630 -0.261431 -0.250238 -0.153421 -0.097435
0.028048 0.078960 0.062532 -0.146967 -0.267526 -0.266936 -0.273591 -0.221493 -0.071596 -0.216127
-0.265752 -0.264766 -0.263518 -0.166669 -0.050535 -0.009698 -0.087350 -0.094347 -0.185574 -0.042915
0.688746 -0.018632 0.303720 0.032427 -0.024779 -0.016632 0.121271 0.152105 0.113253 0.030244
0.070170 0.004124 0.004797 -0.005319 0.100051 0.191737 1.215238 1.255076 0.777906 0.101065
-0.257145 -0.264455 -0.244450 -0.252392 -0.275376 -0.257493 -0.241790 -0.275740 -0.274934 -0.276279
-0.268782 -0.271625 -0.241403 -0.219458 -0.205353 -0.167234 -0.091835 -0.142526 -0.137552 -0.109378
-0.146887 -0.119782 -0.077710 -0.139611 -0.191049 -0.166921 -0.148829 -0.206171 -0.184190 -0.089812
0.045418 0.062361 -0.018365 -0.006938 -0.015937 -0.179199 -0.229651 -0.202676 -0.103918 0.000395
0.171025 0.087735 -0.086469 -0.258640 -0.276948 -0.267515 -0.233944 -0.186558 -0.037297 -0.164375
-0.129611 -0.027393 -0.026418 0.054517 -0.000256 -0.010547 -0.169054 -0.239518 -0.225089 0.022504
0.938296 -0.159526 0.076263 0.000300 -0.012276 -0.047922 -0.077363 -0.007973 -0.087494 -0.222070
-0.189261 -0.225835 -0.267172 -0.277801 -0.254911 -0.182125 0.152252 0.316201 0.435939 0.126971
0.077269 0.048782 -0.091552 -0.244322 -0.269520 -0.215226 -0.041925 -0.059202 -0.169145 -0.022700
0.070238 0.130000 0.296860 0.255335 0.115663 0.117593 0.301087 0.181995 0.132721 0.125684
0.024814 -0.022498 -0.035665 -0.068877 -0.062460 -0.006081 -0.015110 -0.053419 -0.062714 -0.007553
0.019639 -0.075861 -0.182634 -0.099583 0.074398 0.077473 -0.059741 -0.071994 -0.001217 0.092936
0.184880 -0.014347 -0.220613 -0.278191 -0.276137 -0.260266 -0.210378 -0.167746 0.017906 -0.069713
-0.026045 -0.017495 0.037122 0.119965 -0.012529 -0.048772 -0.141364 -0.139417 -0.017457 0.065654
-0.107379 -0.193312 -0.274384 -0.181502 -0.102742 -0.176322 -0.235875 -0.277495 -0.256287 -0.249948
-0.259167 -0.275032 -0.277896 -0.274396 -0.277593 -0.263519 -0.257180 -0.186791 0.043041 0.111640
0.426164 0.190625 -0.106590 -0.238600 -0.227242 -0.153272 -0.065622 -0.077881 -0.087137 0.006744
0.176091 0.170338 -0.087391 -0.232348 -0.264616 -0.271588 -0.254099 -0.261843 -0.252595 -0.254080
-0.233896 -0.223894 -0.235467 -0.198943 -0.064003 0.003215 0.008281 0.069464 0.056616 0.064711
-0.030524 -0.155284 -0.244891 -0.175288 0.018073 0.161777 0.169324 0.158714 0.111693 0.115390
0.033485 -0.186098 -0.243523 -0.264755 -0.275787 -0.248476 -0.126061 -0.071261 0.195167 0.087642
0.000773 -0.032631 -0.083527 -0.050325 -0.066460 0.008010 -0.028978 -0.094339 -0.165004 -0.009211
-0.224684 -0.223329 -0.244805 -0.258321 -0.195519 -0.157727 -0.265548 -0.191448 -0.197016 -0.259986
-0.273910 -0.148068 -0.226956 -0.268635 -0.277822 -0.278401 -0.271292 -0.266917 -0.029119 0.278769
0.621180 0.568938 0.471201 0.325883 0.135468 0.170471 0.220650 0.252815 0.443280 0.462790
0.343987 -0.089231 -0.271490 -0.254650 -0.233491 -0.242966 -0.244092 -0.249756 -0.275497 -0.278062
-0.274143 -0.272450 -0.261961 -0.229012 -0.125007 -0.053245 0.010949 0.164577 0.167219 0.160856
-0.053848 -0.229012 -0.271248 -0.237115 -0.076911 0.178359 0.451351 0.569051 0.340790 0.171794
0.029176 -0.130163 -0.122745 -0.268592 -0.234003 -0.276958 -0.204058 -0.095623 0.243225 0.158434
0.090848 0.022528 -0.178006 -0.206094 -0.167875 0.014858 0.021569 -0.055176 -0.209457 -0.160994
-0.229681 1.224423 -0.223455 -0.234070 -0.072724 0.025408 -0.277373 -0.268007 -0.213440 -0.126045
-0.025640 -0.182985 -0.148023 0.525419 -0.164430 -0.231018 -0.277586 -0.183813 0.034514 0.179883
0.415596 0.334825 0.419480 0.560635 0.233689 0.190090 0.245690 0.176216 0.348146 0.411115
0.104720 -0.243402 -0.235415 -0.266216 -0.265804 -0.278463 -0.278175 -0.278379 -0.259722 -0.227038
-0.137644 -0.129311 -0.060484 -0.103454 -0.071303 -0.001569 0.002942 0.067948 0.026496 0.010909
-0.059235 -0.202569 -0.253749 -0.212236 -0.049693 0.097824 0.323996 0.415710 0.198612 0.074096
0.025666 -0.071699 -0.212809 -0.268474 -0.241274 -0.278450 -0.265930 -0.209515 0.049756 0.082099
0.045795 -0.080850 -0.244284 -0.242004 -0.236564 -0.086643 0.086528 -0.062857 -0.242043 -0.007999
0.288244 0.879292 0.395160 -0.050356 -0.038906 -0.168622 -0.255121 -0.216390 -0.035832 -0.153814
-0.160244 -0.150692 -0.186306 0.000554 -0.184234 0.162431 0.274614 -0.126103 0.022393 0.094445
0.168668 0.112760 0.098585 0.157297 -0.004309 -0.055560 -0.063560 -0.062823 -0.011383 -0.017146
-0.154905 -0.268128 -0.277602 -0.268557 -0.277971 -0.275500 -0.275559 -0.271725 -0.256409 -0.266975
-0.251789 -0.241740 -0.227699 -0.228788 -0.190830 -0.117882 -0.123408 -0.165196 -0.196499 -0.189611
-0.176045 -0.263345 -0.277628 -0.246437 -0.173208 -0.137014 0.087528 0.212444 0.092255 0.009545
-0.053108 -0.100635 -0.259289 -0.275830 -0.264205 -0.275986 -0.276239 -0.271941 -0.181213 -0.081546
-0.120226 -0.208418 -0.264207 -0.250861 -0.251839 -0.154638 0.005620 0.110571 0.164500 0.803440
1.291338 0.719635 0.057838 -0.198221 -0.236851 -0.278386 -0.278464 -0.146211 0.017336 -0.128534
-0.270221 -0.229076 -0.234010 -0.019150 0.019410 0.394935 0.052866 -0.169361 0.023450 0.121202
-0.031843 -0.102072 0.078677 0.215496 0.187509 0.042909 -0.032423 -0.085949 -0.074886 -0.091675
-0.067411 -0.142416 -0.212027 -0.236244 -0.261564 -0.269759 -0.278231 -0.275520 -0.250104 -0.255461
-0.272450 -0.271983 -0.263825 -0.241371 -0.185417 -0.134595 -0.101338 -0.157933 -0.175096 -0.162570
-0.169833 -0.263478 -0.277399 -0.255648 -0.237742 -0.197355 0.009555 0.166387 0.098124 0.016550
-0.020909 -0.095756 -0.189461 -0.212265 -0.267069 -0.276907 -0.277176 -0.265674 -0.145363 -0.133426
-0.211521 -0.237532 -0.172517 -0.137243 -0.153805 -0.161460 -0.205859 -0.227024 -0.219438 0.643595
1.204844 -0.077759 -0.155478 -0.233535 -0.270437 -0.268699 -0.107592 -0.092068 -0.260495 -0.260893
-0.247046 -0.227800 -0.259681 0.074781 -0.058829 0.380107 -0.015880 -0.069234 -0.020558 -0.276534
-0.277912 -0.212524 0.149537 0.391811 0.687662 0.585036 0.302731 0.114133 -0.000135 -0.002350
0.175338 0.392574 0.544136 0.410090 0.279372 0.308674 0.308371 0.273082 0.126150 0.030282
0.119228 -0.123572 -0.173217 -0.151771 -0.119201 -0.103607 0.056316 0.103686 0.119776 0.106795
-0.073931 -0.244173 -0.273332 -0.278460 -0.264655 -0.187738 0.124371 0.227265 0.047534 -0.050019
-0.054727 -0.149827 -0.151994 -0.052516 0.031762 -0.022902 -0.002382 0.079557 0.153133 -0.053437
-0.210896 -0.215101 -0.167931 0.006617 -0.004443 -0.223840 -0.277593 -0.278463 -0.257396 0.144465
0.886347 -0.162542 -0.074823 -0.260359 -0.276371 -0.108323 -0.195230 -0.018735 -0.244266 -0.183727
-0.241931 -0.273270 -0.278432 -0.232628 -0.224949 -0.132915 -0.038234 -0.130028 -0.228048 -0.217722
-0.275699 -0.209025 0.088112 0.184815 0.320979 0.379134 0.176777 0.062907 -0.197124 -0.234155
-0.184040 -0.120385 0.051959 0.167131 0.192965 0.209035 0.170068 0.207360 0.293617 0.082523
-0.110727 -0.203145 -0.209693 -0.191733 -0.190770 -0.172858 -0.081452 -0.030863 -0.145255 -0.222625
-0.259437 -0.278410 -0.262987 -0.278424 -0.253912 -0.180373 0.025656 0.009425 -0.030815 -0.043903
-0.046266 -0.154193 -0.181919 -0.097589 -0.133608 -0.136850 -0.065588 -0.020835 0.057467 -0.036347
-0.171076 -0.185775 -0.241572 -0.190357 -0.240707 -0.269723 -0.263858 -0.254138 -0.207072 -0.125594
0.222868 -0.235063 -0.263413 -0.247947 -0.248835 -0.179411 -0.257584 0.053455 -0.237848 -0.175554
-0.271795 -0.278457 -0.276284 -0.171450 -0.248399 -0.092946 -0.046986 -0.200872 -0.276748 -0.277981
-0.190138 -0.202739 -0.115710 -0.156952 -0.060314 0.096536 0.041757 -0.132978 -0.276433 -0.278410
-0.278429 -0.278441 -0.275412 -0.271168 -0.271457 -0.275521 -0.277509 -0.277696 -0.276897 -0.270357
-0.273529 -0.275584 -0.275991 -0.275729 -0.278194 -0.278056 -0.276740 -0.278114 -0.264590 -0.260313
-0.270476 -0.263910 -0.265166 -0.272331 -0.275244 -0.278453 -0.260873 -0.273103 -0.240789 -0.191856
-0.141247 -0.179561 -0.217823 -0.258292 -0.277485 -0.268496 -0.241948 -0.157082 -0.116814 -0.176585
-0.240795 -0.238086 -0.260856 -0.240085 -0.271050 -0.273604 -0.265786 -0.049730 -0.275517 -0.277613
-0.016995 -0.232297 -0.072636 -0.034610 -0.068875 -0.147366 -0.191951 -0.259315 -0.227440 -0.266790
-0.213137 -0.171289 0.027654 -0.186276 -0.278246 -0.275343 -0.164995 -0.198861 -0.233875 0.857884
-0.136282 -0.190751 -0.188362 -0.209412 -0.134434 -0.007198 -0.022361 -0.220514 -0.270417 -0.238101
-0.235668 -0.245537 -0.257281 -0.260398 -0.273272 -0.277298 -0.278411 -0.275958 -0.276417 -0.276251
-0.278455 -0.273582 -0.274396 -0.274124 -0.278384 -0.273142 -0.278274 -0.275874 -0.272694 -0.278422
-0.277671 -0.278434 -0.276476 -0.273489 -0.266833 -0.258791 -0.269980 -0.262270 -0.278462 -0.270781
-0.270903 -0.277792 -0.276277 -0.278462 -0.272914 -0.277628 -0.273529 -0.259094 -0.260787 -0.276713
-0.272933 -0.227986 -0.209191 -0.240169 -0.256486 -0.278425 -0.270457 -0.214675 -0.269318 -0.207234
0.032439 -0.171828 0.195768 -0.066793 -0.152313 -0.160180 -0.212717 -0.157548 -0.140341 -0.209110
-0.086123 -0.164979 -0.239698 -0.277211 -0.266657 -0.268331 -0.235377 -0.045470 -0.242812 -0.109200
-0.155657 -0.136228 -0.055377 0.005573 -0.192783 -0.199262 -0.193931 -0.242796 -0.150216 0.178759
0.220300 0.372023 0.366002 0.111951 -0.024219 0.044230 0.020289 -0.115674 -0.150652 -0.082212
-0.018568 -0.121856 -0.172721 -0.172571 -0.100227 -0.080647 -0.142273 -0.191548 -0.093202 -0.023060
-0.066509 -0.026357 0.057940 -0.014870 -0.063474 -0.082565 -0.058836 -0.125764 -0.137887 -0.133683
-0.115171 -0.117340 -0.013430 0.046133 -0.101353 -0.198094 -0.226586 -0.257980 -0.263895 -0.270531
-0.259727 -0.205899 -0.189666 -0.263312 -0.276747 -0.277275 -0.109372 -0.278425 -0.278080 0.605405
0.139383 -0.200632 -0.109029 -0.163613 -0.187908 -0.119406 -0.223103 -0.256895 -0.261555 -0.276495
-0.274453 -0.277904 -0.273102 -0.271257 -0.244501 -0.138658 -0.261425 -0.230669 -0.127298 -0.251203
-0.206814 -0.249485 -0.027433 -0.018354 -0.190897 -0.178462 -0.171510 -0.118938 -0.179887 -0.159342
-0.129922 -0.023154 0.096218 0.101132 -0.028488 0.027948 0.010107 -0.005330 0.085749 0.263305
0.207827 0.192111 0.172836 0.244742 0.116715 -0.007523 0.001441 -0.100819 0.117535 0.261875
0.156992 0.034084 0.279936 0.192939 0.169720 0.120906 0.061643 0.111108 0.012857 -0.106659
-0.050119 -0.053331 -0.065734 -0.016620 0.100588 -0.122557 -0.240229 -0.267172 -0.249980 -0.250409
-0.171398 -0.007679 -0.123762 -0.134013 -0.262781 -0.189064 -0.256462 -0.255986 -0.222368 0.377643
0.078950 -0.250821 -0.258157 -0.214005 -0.123736 -0.211062 -0.278197 -0.274587 -0.276992 -0.277979
-0.268412 -0.266279 -0.277809 -0.267711 0.009600 -0.273165 -0.270949 -0.278111 -0.175239 -0.219133
-0.275828 -0.278160 -0.040519 0.060878 0.061522 0.047236 0.009840 -0.093946 -0.247119 -0.258832
-0.268927 -0.244043 -0.141610 -0.026510 -0.078692 -0.034009 -0.058849 -0.076368 0.020873 0.154328
0.035754 -0.020888 -0.052118 0.164349 0.079116 -0.012520 -0.039447 -0.154226 -0.192689 -0.139602
-0.179394 -0.201498 -0.172678 -0.181689 -0.143609 -0.084141 -0.080116 -0.145141 -0.209200 -0.181910
-0.084781 -0.061122 -0.069797 -0.128652 -0.201166 -0.252416 -0.275876 -0.278355 -0.151608 -0.196632
-0.165782 -0.120914 -0.245950 -0.273712 -0.278443 -0.259365 -0.268735 -0.227607 -0.275059 0.383439
0.297336 -0.270852 -0.278334 -0.247232 -0.149558 -0.210781 -0.244384 -0.266089 -0.254071 -0.249087
-0.270383 -0.269100 -0.155120 -0.135220 -0.063528 -0.278308 -0.247924 -0.204391 -0.227776 -0.194877
-0.275138 -0.199143 0.164863 0.105604 0.182462 0.135199 -0.050236 -0.204974 -0.234787 -0.212239
-0.233452 -0.230607 -0.171834 -0.180301 -0.257943 -0.269299 -0.272975 -0.255552 -0.172962 -0.171239
-0.224246 -0.192685 -0.148871 -0.120015 -0.090262 -0.119862 -0.145902 -0.177387 -0.198637 -0.192823
-0.202669 -0.213213 -0.197889 -0.190261 -0.215321 -0.181641 -0.190359 -0.208450 -0.223288 -0.127100
-0.158853 -0.116476 -0.188595 -0.278373 -0.266244 -0.259668 -0.226263 -0.163461 -0.262524 -0.276735
-0.278248 -0.278295 -0.266467 -0.253703 -0.273085 -0.263113 -0.164214 -0.204367 -0.266059 -0.208405
0.997708 -0.170336 -0.263798 -0.194666 -0.079787 0.011379 -0.187388 -0.277995 -0.271235 -0.247521
-0.277885 -0.205242 -0.137205 -0.232430 -0.277778 -0.273135 -0.190222 -0.207269 -0.254905 -0.267563
-0.206714 0.076843 0.115166 0.232456 0.184898 0.013022 0.008880 0.045141 0.398937 0.462720
0.162955 0.023804 -0.032839 -0.229358 -0.268484 -0.269550 -0.275350 -0.276443 -0.219533 -0.216331
-0.227922 -0.186580 -0.164544 -0.171047 -0.135098 -0.112051 -0.110845 -0.125604 -0.124555 -0.091010
-0.094237 -0.080297 -0.125501 -0.197935 -0.204704 -0.183547 -0.151431 -0.168648 -0.140950 -0.102908
-0.176971 -0.192406 -0.254900 -0.247761 -0.265626 -0.244508 -0.183115 -0.250360 -0.252401 -0.224388
-0.268367 -0.269827 -0.273652 -0.273499 -0.243270 -0.258798 -0.029111 -0.254498 -0.274310 -0.270314
0.575163 -0.214944 -0.260471 -0.227449 -0.170893 -0.103637 -0.208087 -0.219460 -0.106166 -0.144032
-0.190038 -0.267233 -0.187437 -0.277645 -0.272687 -0.141282 -0.163858 -0.252668 -0.219089 -0.266306
0.026416 0.064170 -0.018325 0.040874 -0.017531 -0.136587 -0.164273 -0.168436 0.024877 0.124893
-0.108628 -0.194628 -0.235748 -0.276529 -0.257216 -0.234259 -0.247506 -0.276322 -0.225043 -0.163680
-0.127877 -0.153077 -0.168373 -0.125827 -0.137343 -0.186859 -0.229161 -0.276691 -0.278031 -0.254607
-0.225204 -0.182922 -0.185016 -0.184776 -0.150844 -0.192083 -0.233921 -0.257520 -0.266638 -0.198137
-0.127175 -0.233207 -0.276667 -0.276883 -0.197915 -0.218037 -0.228768 -0.272527 -0.274527 -0.224135
-0.278140 -0.263462 -0.278455 -0.240065 -0.252177 -0.122824 -0.266515 -0.210445 -0.050110 -0.264008
0.001724 -0.275170 -0.124408 -0.235000 -0.252655 -0.275173 -0.259440 -0.202608 -0.142867 -0.198854
-0.081922 -0.233109 -0.221102 -0.208254 -0.247254 -0.006639 -0.189908 -0.276981 -0.277838 -0.201790
-0.146295 -0.216654 -0.089222 -0.003982 -0.091856 -0.131691 -0.196585 -0.197344 -0.222619 -0.256020
-0.278462 -0.277779 -0.275543 -0.272336 -0.271717 -0.228468 -0.251570 -0.276961 -0.164931 -0.125840
-0.079503 -0.040729 -0.140576 -0.142579 -0.260531 -0.276607 -0.267596 -0.250179 -0.266850 -0.273869
-0.224449 -0.187243 -0.167648 -0.093743 -0.157531 -0.227514 -0.274879 -0.271712 -0.230949 -0.277710
-0.194608 -0.221822 -0.278342 -0.045907 0.164858 -0.151670 -0.271655 -0.265269 -0.239694 -0.250607
-0.266802 -0.277763 -0.132209 -0.012941 0.051211 0.000730 -0.143303 1.631097 -0.071699 0.095358
-0.029467 -0.277899 -0.160514 -0.167828 -0.260345 -0.277356 -0.228988 -0.084125 0.003077 0.018071
-0.074626 -0.187904 -0.266858 -0.266197 -0.060611 -0.195414 -0.277511 -0.271728 -0.225900 -0.253078
-0.274933 -0.261851 -0.107756 -0.032647 -0.083780 -0.115461 -0.208137 -0.220746 -0.277316 -0.278355
-0.273581 -0.266885 -0.259651 -0.266866 -0.268816 -0.269909 -0.262234 -0.131870 -0.138608 -0.118290
-0.229664 -0.272106 -0.263277 -0.267066 -0.268323 -0.268064 -0.277735 -0.231206 0.013636 -0.213912
-0.263201 -0.230011 -0.172520 -0.136974 -0.199585 -0.244520 -0.272232 -0.217402 -0.198763 -0.274798
-0.108105 -0.176393 -0.277954 0.039004 0.117129 -0.196675 -0.097941 -0.114151 0.184863 0.142558
-0.142761 -0.214005 -0.222603 -0.235419 -0.094317 0.083632 -0.244428 -0.078390 -0.170398 0.674659
0.354656 -0.262793 -0.235858 -0.266622 -0.262262 -0.278370 -0.202204 -0.189686 -0.186947 -0.084446
-0.071108 -0.072802 -0.262638 -0.205995 -0.063609 -0.072463 -0.265465 -0.259059 -0.271604 -0.274420
-0.278101 -0.098852 -0.066715 -0.164251 -0.189052 -0.231829 -0.267656 -0.251735 -0.264687 -0.203910
-0.149371 -0.116208 -0.110657 -0.148975 -0.277026 -0.278110 -0.157423 -0.258467 -0.249096 -0.193705
-0.275087 -0.265630 -0.251423 -0.267180 -0.274468 -0.230104 -0.195451 -0.248558 -0.041012 -0.181624
-0.239132 -0.195913 -0.228409 -0.209250 -0.239930 -0.276843 -0.237046 -0.278459 -0.178206 -0.193392
-0.172144 -0.257619 -0.216748 -0.063400 -0.211634 -0.208768 -0.115148 -0.111135 -0.070944 -0.248074
-0.128392 -0.210954 -0.254335 -0.195562 -0.146265 -0.040020 -0.130323 -0.083667 -0.184376 0.776026
1.298164 -0.088195 -0.141989 -0.156988 0.070848 0.034869 -0.182017 -0.243572 -0.237356 -0.191120
-0.200135 -0.178431 -0.205508 -0.212263 -0.149498 -0.270394 -0.276651 -0.191270 -0.139885 -0.278429
-0.218730 -0.014496 -0.222077 -0.186142 -0.083736 -0.177249 -0.209594 -0.196763 -0.144777 -0.049764
-0.070455 -0.189927 -0.235216 -0.235308 -0.258985 0.261934 0.763872 -0.112592 -0.241646 -0.264183
-0.266447 -0.277160 -0.239853 -0.239262 -0.276560 -0.274683 -0.276674 -0.275030 -0.271700 -0.208768
-0.274466 -0.272581 -0.274419 -0.225196 -0.205634 -0.266689 -0.277980 -0.178134 -0.178467 -0.168264
-0.211925 -0.236719 0.166449 -0.032998 0.071396 -0.244167 -0.108428 -0.086147 -0.062546 -0.276890
-0.077837 -0.267671 -0.117323 -0.082748 -0.104953 -0.161154 -0.201579 -0.216381 -0.276070 0.093726
1.031796 -0.064949 -0.137402 -0.119745 0.211553 0.136768 -0.196122 -0.230387 -0.203361 -0.172402
-0.097869 -0.069790 -0.220792 -0.240257 -0.273953 -0.266872 -0.276417 -0.224165 -0.153457 -0.214570
-0.242818 -0.278420 -0.271919 -0.093372 0.083588 -0.190350 -0.269324 -0.274420 -0.198155 -0.205404
-0.252653 -0.275223 -0.263982 -0.278271 -0.271289 -0.187129 -0.077458 -0.089726 -0.126782 -0.254879
-0.272667 -0.185150 -0.278221 -0.265087 -0.267654 -0.139415 -0.230680 0.397451 -0.177831 -0.205874
-0.275048 -0.267521 -0.234792 -0.179790 -0.178913 -0.226196 -0.277138 -0.201849 -0.246182 -0.278390
-0.275709 -0.276613 -0.172623 -0.191106 -0.058955 -0.247337 -0.208188 -0.163837 -0.238248 -0.233976
-0.199070 -0.125226 -0.074083 -0.212487 -0.241955 -0.269828 -0.273057 -0.251605 -0.275110 0.076029
0.476732 -0.200627 -0.068376 -0.126847 -0.059726 -0.234262 -0.271761 -0.265067 -0.187282 -0.195888
-0.235589 -0.226616 -0.276628 -0.233499 -0.273700 -0.273492 -0.273864 -0.222705 0.070119 0.114980
-0.230582 -0.236700 -0.278457 -0.195447 -0.187715 -0.261008 -0.261629 -0.274985 -0.243070 -0.272157
-0.248217 -0.276800 -0.262359 -0.276013 -0.268688 -0.262033 -0.230124 -0.153302 -0.176345 -0.257397
-0.210837 -0.070560 -0.044709 -0.133448 -0.121649 -0.112749 -0.278450 -0.229595 -0.251672 -0.278432
-0.262948 -0.255075 -0.143675 -0.262574 -0.232338 -0.267763 -0.277994 -0.227757 -0.244345 -0.232866
-0.228314 -0.178817 -0.249783 -0.237047 -0.187583 -0.159421 -0.193237 -0.016454 -0.066975 -0.008940
-0.185563 -0.126683 -0.140287 -0.271799 -0.241783 -0.237774 -0.231556 -0.145391 -0.199971 0.351382
0.372862 -0.147625 -0.062856 -0.228977 -0.278312 -0.278374 -0.270526 -0.264318 -0.254751 -0.270084
-0.254071 -0.243813 -0.273870 -0.271383 -0.274765 -0.264365 -0.243091 -0.218476 -0.034565 -0.172561
-0.274819 -0.276614 -0.144163 -0.275771 -0.269106 -0.277433 -0.205527 -0.188281 -0.277813 -0.204446
-0.245115 -0.278154 -0.257163 -0.217846 -0.277608 -0.219204 -0.213705 -0.254890 -0.248993 -0.202884
-0.210085 -0.191258 -0.227287 -0.234971 -0.127104 -0.238997 -0.272343 -0.277351 -0.239377 -0.101688
-0.006373 0.039738 -0.165224 -0.278361 -0.255176 -0.277539 -0.269649 -0.181383 -0.260698 -0.175228
-0.230081 -0.142905 -0.275218 -0.276715 -0.270226 -0.278400 -0.146346 -0.138933 -0.149432 -0.070032
-0.154317 -0.200325 -0.224522 -0.242610 -0.193211 -0.240730 -0.246815 -0.170219 -0.262596 -0.003867
0.639233 -0.075917 -0.205811 -0.275169 -0.275533 -0.197864 -0.133481 -0.122440 -0.203491 -0.209748
-0.107347 -0.210914 -0.236740 -0.223051 -0.177851 -0.069665 -0.244286 0.001525 -0.143720 -0.048373
-0.218359 0.591762 0.073329 -0.232007 -0.219760 -0.050266 -0.023071 -0.147777 -0.276982 -0.222395
-0.183368 -0.179492 -0.195274 -0.254480 -0.244503 -0.268926 -0.228526 -0.274969 -0.247926 -0.209359
-0.165552 -0.149322 -0.246977 -0.177327 -0.219656 -0.266217 -0.269051 -0.049546 -0.230796 -0.136479
-0.050348 -0.260193 -0.278448 -0.266647 -0.203064 -0.267531 -0.159815 -0.124092 -0.226300 -0.104593
-0.064736 -0.097189 -0.266779 -0.273575 -0.248128 -0.277031 -0.132969 -0.151735 -0.090433 -0.096445
-0.157418 -0.217985 -0.210945 0.105190 -0.133059 -0.218538 -0.223153 -0.245084 -0.274577 0.037042
0.544507 -0.268890 -0.269746 -0.258586 -0.256732 -0.122529 -0.106187 -0.063591 -0.072819 -0.029574
0.016221 -0.198973 -0.208441 -0.114480 -0.063681 0.007183 -0.152782 -0.064912 -0.188814 -0.165520
-0.272414 -0.024481 -0.165111 -0.253722 -0.278464 -0.036566 0.062607 -0.232297 -0.273863 -0.157673
-0.078689 -0.207551 -0.192627 -0.274695 -0.241975 -0.185522 -0.258091 -0.278465 -0.145025 -0.225449
-0.203607 -0.215205 -0.256179 -0.243761 -0.249226 -0.141600 0.572117 -0.195837 -0.273971 -0.255393
-0.265278 -0.258259 -0.235025 0.068540 -0.173472 -0.234640 -0.246263 -0.129155 -0.133161 -0.079055
-0.209238 -0.258008 -0.277434 -0.254999 -0.235474 0.048770 -0.119213 -0.225407 -0.259453 -0.172169
-0.223602 -0.261740 -0.260466 0.041369 0.003658 -0.119521 -0.170931 -0.212620 -0.236304 0.013143
0.210657 -0.278431 -0.177188 -0.078697 0.007102 -0.205528 -0.223817 -0.186144 -0.130925 -0.102298
-0.189937 -0.237673 -0.167258 -0.052618 0.049392 -0.126883 -0.188080 -0.189110 -0.193946 -0.177665
-0.101007 -0.083497 -0.088550 -0.246514 -0.114067 -0.152821 -0.143460 -0.207975 -0.277702 -0.005424
0.443923 -0.092438 -0.087814 -0.245528 0.019144 -0.055881 -0.275517 -0.257940 -0.132464 -0.231276
-0.197735 -0.243255 -0.276746 -0.255520 -0.240278 -0.076372 -0.150653 -0.144805 -0.208359 -0.277746
-0.277995 -0.258884 -0.274760 -0.263415 -0.206422 -0.239034 -0.163126 -0.176493 -0.168266 -0.222404
-0.059538 -0.007846 -0.163858 0.196122 0.136523 -0.049970 -0.219803 -0.229956 -0.231093 -0.193982
-0.176773 -0.155519 -0.204804 -0.095962 -0.103078 -0.166327 -0.240768 -0.236222 -0.213986 -0.026861
-0.057388 -0.278336 -0.245209 -0.240488 -0.110006 -0.142175 -0.248478 -0.246293 -0.202744 -0.265797
-0.278257 -0.254487 -0.221423 -0.143830 -0.128409 -0.151269 -0.184269 -0.202567 -0.131686 -0.034168
0.009925 0.001749 0.018428 -0.041485 0.114707 -0.123482 -0.143735 -0.187317 0.011396 0.205104
0.274731 -0.023384 -0.273356 -0.186134 -0.072971 -0.168005 -0.222012 -0.102574 -0.248987 -0.269684
-0.267793 -0.277213 -0.238184 -0.201570 -0.169262 -0.015957 -0.105759 0.031866 -0.254967 -0.258904
-0.270328 -0.262142 -0.261349 -0.242849 -0.278133 -0.245297 -0.149495 -0.137359 -0.186046 -0.199779
-0.054762 0.003447 -0.147581 0.025039 0.140857 -0.208997 -0.227192 -0.223074 -0.263482 -0.248965
-0.206441 -0.102938 0.001898 -0.096754 -0.202037 -0.248244 -0.266839 -0.251562 -0.250919 -0.008427
-0.009100 -0.060240 -0.122835 -0.218294 -0.153667 0.049178 -0.219049 -0.228237 -0.207436 -0.277217
-0.278417 -0.250947 -0.192685 -0.196390 -0.221381 -0.049216 -0.057066 -0.046488 -0.086329 -0.128989
-0.202757 -0.141816 -0.200847 -0.230748 -0.075098 0.041732 -0.102997 -0.134328 0.154350 0.294353
-0.023730 0.107219 -0.252782 -0.196579 -0.179926 -0.161323 -0.178944 -0.022366 -0.196675 -0.217400
-0.274317 -0.276873 -0.223125 -0.155830 -0.152476 0.066989 -0.055574 -0.013696 -0.243818 -0.278194
-0.163911 -0.265663 -0.127237 -0.151221 -0.191611 -0.202835 -0.169277 -0.143014 -0.257067 -0.251618
-0.066274 -0.156880 -0.084612 0.056731 -0.101413 -0.234101 -0.236738 -0.267990 -0.277598 -0.276843
-0.259636 -0.208309 -0.060290 0.016412 -0.087077 -0.127101 -0.171625 -0.207282 -0.215675 -0.079629
1.002198 0.756932 0.045186 0.066571 0.073109 -0.033002 -0.263711 -0.221302 -0.252728 -0.268538
-0.230662 -0.184693 -0.172379 -0.125379 -0.010421 -0.001239 -0.098102 -0.002454 -0.050753 -0.206812
-0.217985 -0.092876 -0.186122 -0.249306 -0.199545 -0.148991 -0.229846 -0.213867 -0.217421 -0.173250
-0.218032 -0.199967 -0.020406 -0.152453 -0.180485 -0.216524 -0.131627 -0.041244 -0.194166 -0.224555
-0.190461 -0.243508 -0.148328 -0.203010 -0.246619 -0.232844 -0.270606 -0.265727 -0.277854 -0.084134
-0.010044 -0.086223 0.244582 0.109518 -0.061814 -0.261067 -0.266975 -0.273901 -0.199443 -0.107808
0.014994 -0.169720 -0.124627 0.004026 -0.207339 -0.239906 -0.231777 -0.188837 -0.179549 -0.151130
0.020616 -0.082991 -0.070419 0.041738 0.058333 0.183649 0.086997 -0.160352 -0.256360 -0.210065
0.746309 0.054531 -0.073706 0.091475 -0.141963 -0.273874 -0.244642 -0.228979 0.026753 0.119165
0.031428 -0.155519 -0.179638 -0.102632 -0.039356 -0.133584 -0.138280 -0.096733 -0.129310 -0.174946
-0.219109 -0.240927 -0.161819 -0.114673 -0.258864 -0.270377 -0.238171 -0.192669 -0.172254 -0.051811
0.048994 -0.204040 -0.173156 -0.197331 -0.188395 -0.198982 -0.180637 -0.064702 -0.027981 -0.004231
0.197121 -0.055429 -0.112296 -0.159041 -0.202728 -0.269510 -0.254227 -0.278369 -0.254827 0.166507
-0.041223 -0.250414 -0.203582 -0.156020 -0.271640 -0.277833 -0.278356 -0.273691 -0.167376 0.198492
-0.172079 -0.270889 -0.259874 0.029681 0.130726 0.349602 0.072768 0.089238 0.111726 -0.258817
-0.182724 -0.085822 -0.179994 0.024661 -0.074469 -0.105468 -0.124679 -0.246178 -0.261281 -0.211263
0.661307 -0.061419 -0.015218 -0.151410 -0.251346 -0.198459 -0.216721 -0.261567 -0.164092 -0.067160
-0.163357 -0.116134 -0.137095 -0.154842 -0.097395 -0.140115 -0.149891 -0.194140 -0.167620 -0.109296
-0.177107 -0.208658 -0.127472 -0.094834 -0.263527 -0.240282 -0.120360 -0.150136 -0.166167 -0.151898
-0.062094 -0.192237 -0.212717 -0.051300 -0.151274 -0.201550 -0.213401 -0.086877 -0.042766 -0.049715
0.012193 -0.084888 -0.047129 -0.126365 -0.226542 -0.267968 -0.275256 -0.236267 -0.256811 -0.139786
-0.120948 -0.272264 -0.278011 -0.261178 -0.236094 -0.259471 -0.251872 0.086554 0.128956 0.294933
-0.209888 -0.273881 -0.235220 -0.142931 0.236091 0.169308 -0.050778 -0.164369 -0.270967 -0.274173
-0.206369 -0.086280 -0.170514 -0.203375 -0.250906 -0.276339 -0.086249 -0.119676 -0.278006 0.534263
0.481627 -0.204834 -0.190425 -0.246580 -0.213326 0.486048 0.171265 -0.278183 -0.272572 -0.044710
-0.100260 -0.114188 -0.164139 -0.168523 -0.137814 -0.245301 -0.273517 -0.261278 -0.273798 -0.222926
-0.056428 0.016982 0.057946 -0.088242 -0.226488 -0.186529 -0.094904 -0.184204 -0.195422 -0.134541
-0.037515 -0.172258 -0.157434 -0.145300 -0.087588 -0.095565 -0.024481 -0.119600 -0.122474 -0.102964
-0.069836 -0.064176 -0.042571 -0.062617 -0.086002 -0.031297 0.734149 0.275707 -0.173570 -0.244043
-0.265376 -0.271006 -0.231610 -0.253684 -0.200708 -0.278266 -0.072166 0.248079 -0.144974 0.019409
-0.112837 -0.219057 -0.257350 -0.262657 -0.167221 -0.220550 -0.169731 -0.272110 -0.274278 -0.207111
-0.232896 -0.048177 -0.178653 -0.147710 -0.268787 -0.265347 0.094516 -0.097126 -0.124695 0.990344
0.865218 -0.275555 -0.267890 -0.143583 -0.020661 0.654488 -0.097988 -0.188622 -0.196385 -0.039242
-0.017325 0.070944 0.028826 -0.017246 -0.217166 -0.235805 -0.168214 -0.269608 -0.236197 -0.196839
-0.023341 0.345363 0.019840 -0.119233 -0.106088 -0.073370 -0.032209 -0.133837 -0.116139 -0.144097
-0.120191 -0.158677 -0.022606 -0.052908 -0.012761 -0.075707 0.138027 -0.159303 -0.199756 -0.121447
-0.046031 -0.023681 0.032676 0.064364 0.226731 0.293837 1.392764 1.079340 0.330778 -0.144771
-0.272700 -0.266996 -0.278440 -0.226306 -0.151015 -0.059980 -0.218409 -0.235649 -0.224707 -0.199981
-0.171133 -0.214037 -0.273684 -0.203758 -0.062293 -0.268440 -0.261912 -0.252168 -0.250489 -0.274890
-0.278111 -0.160100 -0.120890 -0.015680 -0.148084 -0.244668 -0.226045 -0.084986 -0.118994 1.355824
0.811672 -0.254053 -0.199856 -0.084750 0.002590 0.516673 0.556706 0.360453 0.040848 -0.080247
-0.167062 -0.050398 0.061826 -0.072650 -0.276490 -0.256543 -0.276900 -0.038074 -0.057443 -0.188541
-0.044272 0.131252 -0.120639 -0.080848 0.019606 -0.122511 -0.188596 -0.245995 -0.225110 -0.195946
-0.156181 -0.138374 -0.168629 -0.146428 -0.143699 -0.133438 -0.024672 -0.159337 -0.115989 -0.034949
-0.081946 -0.041675 -0.067296 -0.088765 -0.056245 -0.075626 -0.145698 -0.069177 -0.146763 -0.034354
-0.222768 -0.126202 0.159301 0.474499 0.392334 -0.238972 -0.238405 -0.264090 -0.139003 -0.272697
-0.193107 -0.104660 -0.231034 -0.109411 -0.175873 -0.274410 -0.255591 -0.234819 -0.025181 0.035628
-0.006895 -0.147142 -0.079252 0.030332 0.113332 0.279429 -0.222867 -0.048687 -0.252288 0.257728
1.314401 0.326209 0.131492 0.102247 0.285022 -0.011685 0.324606 0.020788 -0.193095 -0.136010
-0.214393 -0.175952 -0.066364 -0.175893 -0.261145 -0.278313 -0.265407 -0.184159 -0.145123 -0.220182
0.003800 0.054072 -0.145720 -0.032611 0.176243 0.008664 -0.247518 -0.278388 -0.256820 -0.213180
-0.184533 -0.156929 -0.211363 -0.238839 -0.237170 -0.169736 -0.076085 -0.182033 -0.134817 -0.105399
-0.177310 -0.176200 -0.226082 -0.275981 -0.266438 -0.167971 -0.278407 -0.274493 -0.277694 -0.221910
-0.246245 0.133320 -0.087344 -0.277916 -0.277490 -0.277843 -0.154474 -0.201424 -0.172622 -0.276445
-0.277404 -0.276811 -0.171838 0.045372 -0.103322 -0.117888 -0.057589 0.034794 0.173420 0.819101
0.268481 -0.145022 -0.094609 0.140325 0.524671 0.529386 0.105139 0.290581 -0.207476 0.173989
1.036587 0.190706 0.017070 -0.111697 0.021397 0.032529 0.151866 -0.051502 -0.003653 -0.168061
-0.122029 -0.098763 0.085140 0.016210 -0.212144 -0.277510 -0.278175 -0.173520 -0.168300 -0.117355
0.028333 -0.018861 -0.147460 -0.097677 0.067765 -0.180884 -0.278218 -0.258267 -0.256733 -0.277895
-0.277565 -0.276177 -0.278433 -0.274869 -0.264335 -0.221169 -0.253381 -0.246596 -0.224699 -0.254661
-0.277390 -0.276041 -0.275208 -0.274238 -0.199863 -0.022148 -0.251343 -0.181923 0.008807 -0.095918
-0.228473 -0.160012 -0.274198 -0.276302 -0.274490 -0.109276 -0.211783 -0.272127 -0.260403 -0.277699
-0.278323 -0.211415 0.099177 -0.238086 -0.260855 -0.257667 -0.181280 -0.250114 -0.270400 -0.115796
-0.167680 -0.197884 0.199357 0.244988 0.058580 -0.013104 -0.012579 -0.040102 -0.266070 0.281082
0.018694 -0.259298 -0.246353 -0.211908 -0.209184 -0.232830 -0.278019 -0.277925 -0.276663 -0.260281
-0.210698 -0.178712 -0.174678 -0.230604 -0.254831 -0.277457 -0.158284 -0.261146 -0.276283 -0.258861
-0.223861 -0.244116 -0.276650 -0.272950 -0.267361 -0.262192 -0.251849 -0.275935 -0.207265 -0.211889
-0.253823 -0.256790 -0.257841 -0.272639 -0.267036 -0.277666 -0.277834 -0.243036 -0.275211 -0.220043
-0.274619 -0.273507 -0.262246 -0.098331 -0.200596 -0.265121 -0.277992 -0.260388 -0.277508 -0.220791
-0.264380 -0.277341 -0.266976 -0.203788 -0.225284 -0.271738 -0.278287 -0.241802 -0.264183 -0.240281
-0.191729 -0.275914 -0.272902 -0.276423 -0.278339 -0.278462 -0.219708 -0.265424 -0.263815 -0.239596
-0.254083 -0.176657 -0.173398 -0.136703 -0.207040 -0.202593 -0.207820 -0.213026 -0.264219 0.073592
0.382339 -0.245590 -0.260681 -0.266537 -0.269842 -0.276100 -0.263918 -0.274778 -0.252832 -0.259444
-0.240144 -0.263909 -0.277329 -0.276098 -0.265800 -0.243648 0.126220 -0.274633 -0.278453 -0.277000
-0.278425 -0.277262 -0.254269 -0.225190 -0.213457 -0.209050 -0.227942 -0.205499 -0.256161 -0.275896
-0.275520 -0.266108 -0.250611 -0.249836 -0.212076 -0.259695 -0.236403 -0.274092 -0.277375 -0.273199
-0.199547 -0.249789 -0.278278 -0.254513 -0.275628 -0.277201 -0.253702 -0.244827 -0.250793 -0.250188
-0.276509 -0.258846 -0.237894 -0.268165 -0.273317 -0.276674 -0.277602 -0.277254 -0.278084 -0.278049
-0.262605 -0.271548 -0.271535 -0.278045 -0.276119 -0.273621 -0.266457 -0.253507 -0.270058 -0.277139
-0.274977 -0.276729 -0.277994 -0.277896 -0.275834 -0.278454 -0.278239 -0.274294 -0.273150 -0.047614
0.456792 0.859706 0.871294 0.884606 0.808573 1.008177 1.133923 1.163109 1.033895 0.934622
1.023946 1.312056 1.205798 0.902306 1.098899 1.222367 1.171896 1.132862 1.177722 1.116556
0.984541 0.996162 0.982396 0.865379 0.681117 0.743759 0.624552 0.822069 1.416613 1.329243
0.795459 0.769376 0.785571 0.835805 0.841662 0.773752 0.677078 0.684297 0.927157 1.016770
0.854571 0.707587 0.850791 1.191628 1.066563 0.950814 0.894044 0.760973 0.778540 0.948101
0.985295 0.821733 0.863720 1.029710 1.041420 0.988280 0.888315 0.827423 0.649582 0.609083
0.986903 1.251606 0.681417 0.617625 1.168241 1.184071 0.848992 0.764095 0.925345 0.990878
1.008931 1.056758 1.084791 0.959648 0.976157 0.917199 0.829091 0.875571 0.790627 1.322033
-0.067774 -0.027662 -0.195915 -0.251704 -0.243086 -0.160528 -0.073994 -0.105362 -0.215016 -0.232644
-0.228451 -0.231592 -0.249802 -0.253753 -0.207356 -0.142254 -0.165466 -0.215219 -0.211826 -0.227522
-0.230744 -0.222703 -0.230560 -0.254293 -0.240300 -0.203837 -0.216148 -0.160012 -0.133391 -0.134801
-0.238141 -0.255429 -0.199994 -0.186528 -0.215452 -0.259511 -0.260507 -0.202763 -0.162306 -0.211824
-0.238011 -0.249267 -0.237386 -0.240937 -0.225950 -0.225210 -0.244178 -0.265753 -0.270310 -0.266135
-0.261994 -0.269503 -0.246536 -0.220637 -0.216779 -0.233360 -0.251599 -0.258345 -0.270157 -0.223859
-0.031154 0.011356 -0.221185 -0.259533 -0.228078 -0.253819 -0.275492 -0.256575 -0.234651 -0.221887
-0.234006 -0.236973 -0.229643 -0.252283 -0.264043 -0.265449 -0.262142 -0.274964 -0.276272 0.027165
0.010684 0.045677 -0.101390 -0.149962 -0.120756 -0.039214 -0.102611 -0.117289 -0.153940 -0.159049
-0.156301 -0.178772 -0.207017 -0.192384 -0.147825 -0.130843 -0.139330 -0.138602 -0.176143 -0.224261
-0.220456 -0.236279 -0.236839 -0.239532 -0.186131 -0.156424 -0.205362 -0.122307 -0.206889 -0.253452
-0.245513 -0.249183 -0.230667 -0.274897 -0.255232 -0.189331 -0.203696 -0.197840 -0.191304 -0.223754
-0.227410 -0.207400 -0.208286 -0.238838 -0.255410 -0.260220 -0.276217 -0.278463 -0.277845 -0.278465
-0.273797 -0.228445 -0.183409 -0.208479 -0.248893 -0.271960 -0.271125 -0.256298 -0.242153 -0.157012
-0.197249 -0.264397 -0.260520 -0.254607 -0.276494 -0.277693 -0.259633 -0.157803 -0.178984 -0.202630
-0.209218 -0.185443 -0.192200 -0.214981 -0.219126 -0.212049 -0.204110 -0.201949 -0.211126 0.127719
-0.095906 0.131744 -0.018191 -0.002273 -0.053415 -0.039051 -0.125528 -0.150675 -0.176607 -0.177867
-0.199337 -0.235630 -0.237956 -0.189927 -0.152107 -0.158971 -0.175082 -0.179967 -0.239575 -0.254097
-0.257285 -0.268503 -0.246603 -0.217104 -0.159116 -0.175686 -0.194599 -0.163379 -0.237807 -0.249781
-0.241884 -0.275935 -0.277727 -0.278026 -0.241375 -0.052420 -0.025146 -0.206101 -0.224546 -0.224550
-0.244571 -0.233081 -0.228134 -0.246876 -0.264370 -0.278232 -0.253161 -0.256623 -0.266150 -0.277245
-0.271482 -0.195871 -0.110584 -0.200735 -0.277356 -0.273239 -0.274640 -0.271463 -0.240944 -0.215945
-0.246059 -0.276446 -0.278215 -0.263386 -0.245758 -0.274598 -0.268292 -0.131578 -0.082348 -0.238718
-0.267025 -0.242312 -0.216046 -0.208692 -0.194749 -0.170542 -0.214614 -0.235939 -0.234700 0.081543
-0.069129 0.106637 -0.019255 0.012035 -0.106005 -0.085806 -0.104413 -0.088913 -0.106755 -0.125363
-0.183120 -0.180985 -0.149896 -0.024602 0.030757 -0.043076 -0.072673 -0.112605 -0.198304 -0.178619
-0.185233 -0.182168 -0.098765 0.001438 0.038667 0.110850 0.076907 0.011556 -0.128676 -0.092984
-0.153718 -0.228771 -0.247184 -0.019456 0.396504 0.268759 0.104902 -0.027402 -0.096799 -0.012364
0.050833 0.018491 -0.127664 -0.178591 -0.180749 -0.241509 -0.275882 -0.259852 -0.212079 0.079505
0.317498 0.123644 0.074574 -0.123970 -0.264783 -0.234474 -0.121286 -0.040143 -0.053882 -0.109029
-0.159659 -0.237075 -0.276795 -0.278329 -0.265978 -0.102535 0.341917 0.151279 0.002658 -0.175191
-0.158644 -0.162526 -0.100732 -0.088098 -0.092769 -0.089922 -0.123606 -0.197550 -0.203902 0.145128
-0.043912 0.145658 0.002669 -0.006224 -0.067790 -0.099352 -0.094472 -0.106324 -0.131628 -0.145339
-0.120671 0.054492 0.117179 0.236551 0.326536 0.170645 -0.025184 -0.108155 -0.186746 -0.209755
-0.243455 -0.213384 -0.068185 0.165734 0.167278 0.162413 0.027145 -0.022727 -0.104585 -0.095653
-0.182941 -0.223055 -0.204382 0.331826 0.901402 0.514021 0.193859 0.130783 0.065146 0.082968
0.104369 0.010766 -0.156497 -0.194387 -0.191534 -0.219370 -0.266709 -0.248195 -0.189043 0.044875
0.575473 0.460681 0.112800 -0.136922 -0.247430 -0.185554 0.089908 0.287346 0.217975 0.021478
-0.096866 -0.227121 -0.275925 -0.277295 -0.202160 0.121325 0.967995 0.807857 0.119871 -0.086886
0.185800 0.279476 0.104078 0.047555 -0.001810 -0.028734 -0.042741 -0.193452 -0.215645 0.123110
-0.075770 0.103843 -0.052195 -0.087555 -0.171050 -0.225235 -0.241230 -0.276261 -0.256379 -0.158399
-0.116479 -0.030592 -0.174438 -0.158275 -0.084880 -0.100527 -0.148050 -0.144727 -0.198762 -0.242093
-0.255551 -0.185424 -0.003651 0.149227 0.079761 0.136352 0.015224 -0.043549 -0.089329 -0.105888
-0.236248 -0.261739 -0.161738 0.192198 0.437983 0.444516 0.306577 0.330509 0.327858 0.058928
-0.022736 -0.172997 -0.212166 -0.225060 -0.203190 -0.205124 -0.228438 -0.223441 -0.155961 0.073044
0.499783 0.743528 0.302797 0.059997 -0.075855 -0.104487 -0.069588 0.076921 0.175126 0.167701
0.057649 -0.154471 -0.276524 -0.277687 -0.071001 0.457318 0.975376 0.864106 0.310203 0.103875
0.234406 0.101441 -0.002803 -0.018836 -0.073292 -0.071685 -0.116602 -0.224847 -0.226269 0.115476
-0.112818 0.048138 -0.067108 -0.141828 -0.251881 -0.274293 -0.272624 -0.266095 -0.278356 -0.196040
-0.235003 -0.189089 -0.169419 -0.109677 -0.185201 -0.221079 -0.196383 -0.171280 -0.201523 -0.232264
-0.194895 -0.008166 0.216051 0.065457 -0.042708 0.017862 -0.022211 -0.075424 -0.124892 -0.149825
-0.256000 -0.257702 -0.065610 0.133876 0.261293 0.400075 0.359841 0.467900 0.283514 -0.050018
-0.137448 -0.197924 -0.223940 -0.227253 -0.256415 -0.239718 -0.186395 -0.115202 0.257530 0.794072
1.521263 1.594448 0.686406 0.366543 0.031221 -0.019611 0.171784 0.302665 0.300746 0.171508
-0.010904 -0.128644 -0.261994 -0.233052 0.226160 0.983923 1.347015 0.899904 0.233006 0.168986
0.173817 0.070713 -0.079409 -0.123048 -0.108807 -0.097449 -0.118578 -0.207269 -0.212122 0.135744
-0.128369 0.047271 -0.037179 -0.156848 -0.254053 -0.244378 -0.239953 0.416597 0.465405 0.210348
-0.002922 -0.141380 -0.116316 -0.059459 -0.157504 -0.208701 -0.181973 -0.192262 -0.203336 -0.183296
-0.124050 -0.113487 -0.047846 -0.136658 -0.124918 -0.031488 -0.144946 -0.180496 -0.199931 -0.231582
-0.267914 -0.233468 -0.054803 0.083678 0.417125 0.707662 0.543204 0.248329 -0.042990 -0.159764
-0.182084 -0.178657 -0.187185 -0.187872 -0.214679 -0.180975 0.018680 0.471271 0.499363 0.495141
0.485621 0.222281 0.038936 -0.022621 -0.106342 -0.109664 -0.015991 0.068303 -0.000708 -0.095162
-0.145655 -0.166450 -0.255347 -0.249501 -0.025957 0.562989 0.572529 0.366832 0.167877 0.182743
0.080607 -0.040814 -0.074984 -0.112832 -0.127477 -0.127212 -0.142590 -0.216498 -0.235314 0.062007
-0.065670 0.016796 -0.054100 -0.143144 -0.205146 -0.114387 -0.160889 0.270875 -0.032102 0.261070
0.057621 -0.025478 0.007459 -0.040642 -0.186484 -0.166574 -0.103077 -0.218967 -0.194585 -0.151536
-0.043834 -0.039793 -0.107648 -0.201126 -0.204293 -0.178898 -0.234970 -0.242035 -0.227960 -0.207697
-0.258101 -0.261780 -0.244969 -0.117771 0.425431 0.655279 0.504152 -0.022609 -0.221714 -0.178221
-0.152423 -0.106596 -0.079920 -0.112993 -0.102450 -0.043004 0.132942 0.213818 0.094212 0.024718
-0.094805 -0.093483 -0.049071 -0.051113 -0.098550 -0.095645 -0.082793 -0.075408 -0.078426 -0.054596
-0.036422 -0.150760 -0.213855 -0.202704 -0.005866 0.153195 0.149366 0.238357 0.241722 0.177333
0.025314 -0.080140 -0.048620 -0.114960 -0.122224 -0.151873 -0.168547 -0.219287 -0.220247 0.168172
-0.074611 0.145620 -0.033212 -0.090631 -0.123885 -0.055943 -0.179751 -0.103194 -0.123699 -0.052706
-0.190866 -0.211696 -0.215620 -0.128106 -0.145320 -0.049925 -0.062842 -0.062244 0.060474 -0.014198
-0.017809 -0.050373 -0.223941 -0.255247 -0.225828 -0.103770 -0.194915 -0.190482 -0.112853 -0.102807
-0.219566 -0.238763 -0.160502 0.040644 0.541041 0.800224 0.403598 -0.036105 -0.176778 -0.073056
-0.012201 0.016284 0.068194 0.008933 -0.026302 -0.013576 0.065070 0.175300 0.075567 -0.018599
-0.008018 -0.016154 -0.126546 -0.115975 -0.127306 -0.045269 -0.045296 -0.124295 -0.124668 -0.061157
-0.037829 -0.215291 -0.257859 -0.239800 -0.130171 0.013806 0.163750 0.250963 0.182167 0.069853
-0.047236 -0.095584 -0.083124 -0.091447 -0.043182 -0.140934 -0.182704 -0.223029 -0.230365 0.108532
-0.022423 0.119583 -0.057526 -0.070266 -0.085054 -0.059450 -0.166474 -0.206743 -0.228989 -0.228782
-0.267290 -0.248544 -0.178065 -0.022755 0.006614 0.120582 0.097679 0.164962 0.119088 0.007426
-0.048651 -0.043518 -0.205841 -0.216792 0.005850 0.167457 0.110968 0.320755 0.564180 0.530813
0.167127 0.102889 0.678721 1.140616 1.832207 1.544460 0.435124 0.014788 -0.082994 -0.080193
0.031144 0.064448 0.184434 0.208790 0.093017 0.118752 0.102424 -0.014017 -0.167233 -0.172720
-0.123939 -0.208504 -0.266894 -0.216389 -0.184423 -0.071146 -0.052917 -0.139592 -0.167939 -0.154780
-0.152632 -0.256448 -0.263950 -0.254886 -0.231122 -0.117135 0.154900 0.246353 0.203853 0.036615
-0.095791 -0.114908 -0.068312 -0.051294 -0.056119 -0.152211 -0.144220 -0.210274 -0.213759 0.127451
-0.063871 0.068089 -0.045574 -0.069426 -0.113153 -0.108290 -0.242526 -0.274242 -0.273100 -0.237802
-0.164592 0.008857 0.303427 0.382787 0.140073 0.091812 0.065486 0.126783 -0.136618 -0.164110
-0.135491 -0.149802 -0.251639 -0.239402 0.086766 0.321578 0.190994 0.103447 0.098126 0.154802
-0.040471 -0.074076 -0.007606 0.041850 0.201784 0.110868 -0.093782 -0.093971 -0.125122 -0.165468
-0.024946 0.050833 0.111202 0.154250 0.003753 -0.006659 -0.022365 -0.140795 -0.212339 -0.051544
-0.018055 -0.085118 -0.045696 -0.068212 -0.004096 0.042474 0.030948 -0.031429 0.025024 -0.100049
-0.163718 -0.192901 -0.231422 -0.234122 -0.158596 0.065275 0.247142 0.154163 0.089989 0.001730
-0.080592 -0.094412 -0.079609 -0.109819 -0.138503 -0.149894 -0.146383 -0.221494 -0.221831 0.151493
-0.092323 0.138612 0.010708 -0.070864 -0.177839 -0.209901 -0.277747 -0.274125 -0.277581 -0.206558
0.009992 0.235969 0.538487 0.262868 0.005236 0.016017 -0.022064 -0.103840 -0.249287 -0.262054
-0.267259 -0.273509 -0.278332 -0.218957 -0.009843 0.064339 0.014136 0.065639 0.145233 -0.051013
-0.137531 -0.202613 -0.244733 -0.266881 -0.256451 -0.211725 -0.152191 -0.117416 -0.111761 -0.209278
-0.171195 -0.008999 0.044840 0.015680 -0.027278 -0.082319 -0.166249 -0.226301 -0.215807 -0.133404
-0.153956 -0.125680 -0.026662 0.089181 0.294221 0.242167 0.167994 0.100137 0.188909 -0.002613
-0.105900 -0.116067 -0.188060 -0.222120 -0.152755 -0.033368 0.116832 0.214063 0.079225 0.068296
0.037040 0.024652 -0.115239 -0.184041 -0.181398 -0.132610 -0.155842 -0.241601 -0.247252 0.111188
-0.088023 0.205754 -0.098991 -0.227348 -0.266049 -0.271901 -0.278218 -0.255690 -0.050533 0.229998
0.290171 0.416320 0.202327 0.021639 0.008415 -0.015635 -0.104108 -0.166782 -0.256230 -0.257710
-0.229150 -0.232579 -0.223878 0.160615 0.290963 0.262760 0.229775 0.168232 0.051956 -0.132769
-0.206645 -0.225084 -0.236055 -0.166896 -0.001949 0.002452 -0.036879 -0.059570 -0.118319 -0.175770
-0.026550 0.119842 0.029784 -0.198589 -0.214495 -0.225095 -0.271677 -0.275882 -0.277626 -0.277789
-0.275821 -0.271405 -0.258002 -0.182701 -0.022652 0.076780 0.084830 0.087011 0.050934 -0.098386
-0.123307 -0.168605 -0.256452 -0.278244 -0.277670 -0.250390 0.043725 0.206687 0.025723 0.002964
-0.084673 -0.080687 -0.144428 -0.183676 -0.183632 -0.211518 -0.193375 -0.236242 -0.207236 0.147955
-0.042077 0.073983 -0.236841 -0.277553 -0.278428 -0.278450 -0.272827 -0.119768 0.873033 1.392985
0.944669 0.445568 0.122572 0.052523 -0.057034 -0.132677 -0.137829 -0.160125 -0.199768 -0.112988
0.080528 0.112960 0.419499 0.824928 1.181920 0.744127 0.211556 0.086426 -0.079365 -0.153365
-0.196366 -0.192890 -0.174895 -0.040690 0.247919 0.144501 0.030961 -0.045074 -0.050832 -0.022478
0.102897 0.191874 -0.111907 -0.249906 -0.265067 -0.259997 -0.273974 -0.250333 -0.272162 -0.276819
-0.274261 -0.278323 -0.251150 -0.130726 0.022155 0.063090 0.109306 0.128391 -0.004702 -0.131162
-0.143927 -0.226176 -0.277862 -0.252906 -0.253453 -0.222229 0.142163 0.226279 0.072440 0.020648
-0.113440 -0.107442 -0.152575 -0.163589 -0.107534 -0.168825 -0.183462 -0.217639 -0.212874 0.157943
-0.081743 -0.017290 -0.216869 -0.202539 0.034589 0.044239 -0.057881 0.146475 0.402167 0.204593
0.025130 -0.032353 -0.050607 -0.061320 -0.092945 -0.144942 -0.156284 -0.163328 -0.146807 -0.080597
-0.136194 -0.152242 0.138203 0.126112 0.177709 -0.049686 -0.115028 -0.114249 -0.125348 -0.104100
-0.136417 -0.116681 -0.072462 -0.071869 0.033840 -0.014458 0.115852 0.003404 -0.087522 -0.032440
-0.040766 -0.118104 -0.254036 -0.224810 -0.213027 -0.273072 -0.260559 -0.277166 -0.174759 -0.057836
-0.156604 0.014782 0.081096 0.042167 0.214818 0.314026 0.207811 0.054711 -0.026812 -0.096098
-0.098465 -0.239108 -0.270623 -0.272444 -0.256238 0.147482 0.491018 0.571582 0.302043 0.133670
-0.043094 -0.111572 -0.195137 -0.171469 -0.089797 -0.059478 -0.078693 -0.145766 -0.204007 0.140057
-0.099613 -0.018581 -0.107125 -0.029165 0.047555 0.151834 0.581508 0.413500 0.166026 -0.074775
-0.123315 -0.126683 -0.121915 -0.101023 -0.031528 -0.126062 -0.189393 -0.172906 -0.119885 -0.162066
-0.180593 -0.177546 -0.043923 -0.222366 -0.218183 -0.220191 -0.159993 -0.138363 -0.092008 -0.129158
-0.134026 -0.062007 0.014481 -0.072523 0.165140 -0.020679 0.071029 -0.023941 -0.107683 -0.069064
-0.025510 -0.181185 -0.266389 -0.223437 -0.230444 -0.278387 -0.256637 -0.278408 -0.199752 -0.019654
0.019867 0.203923 0.095909 -0.124310 0.058983 0.409311 0.343124 0.010461 -0.051737 -0.103079
-0.112022 -0.257361 -0.263979 -0.277579 -0.258839 0.087583 0.770630 1.093104 0.491314 0.155293
-0.107775 -0.138508 -0.133550 -0.105886 -0.016100 -0.108430 -0.129786 -0.202616 -0.217580 0.129015
-0.125272 0.035955 0.047209 -0.000768 -0.037033 0.145864 0.245476 -0.062054 -0.219361 -0.249972
-0.211755 -0.047993 -0.054732 -0.107391 -0.032464 -0.144812 -0.138001 -0.103981 -0.190644 -0.226659
-0.177177 -0.149140 -0.061345 -0.060005 -0.136095 -0.124529 -0.079152 -0.024489 -0.066266 -0.071103
-0.055565 -0.072147 -0.105534 -0.118840 -0.077684 -0.127477 -0.132367 -0.164521 -0.137816 -0.094536
-0.072234 -0.219053 -0.254176 -0.242803 -0.277590 -0.278377 -0.278404 -0.253954 -0.198559 -0.136765
-0.010271 0.238481 0.010239 -0.044384 0.571750 0.855436 0.494822 0.107946 0.000031 -0.074780
-0.099380 -0.257356 -0.274562 -0.278376 -0.249575 0.087354 0.823607 1.190717 0.527271 0.223561
-0.054433 -0.065249 -0.061532 -0.035249 0.017384 -0.070393 -0.159229 -0.222056 -0.230860 0.104830
-0.097153 0.113649 0.078388 0.023193 -0.011462 0.145660 -0.100133 -0.271057 -0.276649 -0.277934
-0.243264 -0.083410 0.071154 -0.025520 -0.124702 -0.154557 -0.149387 -0.175885 -0.239439 -0.170116
-0.056491 0.134174 -0.029211 -0.095030 -0.093889 -0.068174 -0.005079 -0.034422 -0.099888 -0.043033
-0.062500 -0.054539 -0.025573 -0.044674 -0.139022 -0.195281 -0.227222 -0.190560 -0.130376 -0.093443
-0.031061 -0.148203 -0.187085 -0.203424 -0.203385 -0.067863 0.137942 0.584568 1.012754 1.335369
1.570692 1.783791 1.149884 1.063866 1.945489 1.569626 0.436800 0.072850 -0.041224 -0.086361
-0.085924 -0.237424 -0.278332 -0.275738 -0.193639 0.352371 1.110818 1.183899 0.450283 0.238316
0.015398 -0.020879 -0.001463 -0.045978 -0.027639 -0.110825 -0.161663 -0.219637 -0.208773 0.071170
-0.030957 0.083487 -0.000558 0.020607 -0.100504 -0.034609 -0.244769 -0.272277 -0.263946 -0.163452
0.046752 0.062412 0.106969 -0.042565 -0.158726 -0.152526 -0.147010 -0.196489 -0.182190 -0.061220
0.033324 0.047486 -0.117746 -0.107432 0.024148 -0.028930 -0.011559 -0.087801 -0.117368 -0.099598
-0.118486 -0.056868 -0.064624 -0.046890 -0.087195 -0.175550 -0.209809 -0.186672 -0.080667 -0.088019
-0.064559 -0.124493 -0.169835 -0.210887 -0.205118 -0.124384 -0.144488 -0.016818 0.109879 0.268168
0.338916 0.308738 0.085180 0.177462 0.378005 -0.003669 -0.065801 -0.055919 -0.122124 -0.137411
-0.129044 -0.236331 -0.278446 -0.276785 -0.236045 -0.020238 0.505825 0.983277 0.427767 0.160338
-0.018419 -0.056006 -0.061787 -0.081955 -0.117997 -0.162032 -0.193004 -0.221895 -0.238809 0.037872
-0.011066 0.095809 -0.053722 -0.071600 -0.133066 -0.112201 -0.261531 -0.272733 -0.248838 0.016941
0.580921 0.520047 0.164099 -0.054010 -0.091574 -0.080055 -0.074493 -0.137527 -0.035077 0.220243
0.326283 0.046514 -0.093934 -0.061812 -0.057499 -0.104603 -0.077554 -0.111933 -0.114894 -0.101664
-0.076071 -0.046145 -0.094508 -0.019941 -0.019246 -0.156512 -0.115494 -0.212600 -0.147551 -0.129544
-0.100441 -0.120834 -0.205360 -0.230208 -0.222887 -0.103436 -0.077924 -0.039928 -0.036817 -0.031592
-0.068855 -0.129252 -0.185028 -0.102828 -0.144334 -0.235490 -0.128140 -0.085945 -0.115553 -0.140860
-0.131137 -0.235200 -0.276766 -0.271677 -0.245408 -0.087264 0.466248 0.819139 0.375563 0.119213
-0.050168 -0.112889 -0.108873 -0.132104 -0.142490 -0.172333 -0.189608 -0.234400 -0.237726 0.229139
-0.112782 0.026014 -0.039551 -0.088825 -0.118768 -0.142129 -0.276239 -0.276842 -0.275010 -0.249428
-0.089022 -0.003338 -0.056312 -0.155148 -0.159810 -0.164615 -0.122027 -0.116212 -0.075820 0.058210
-0.038465 -0.112166 -0.144827 -0.142099 -0.110866 -0.108236 -0.144881 -0.170684 -0.209267 -0.196999
-0.174161 -0.174778 -0.148012 -0.140684 -0.112443 -0.194194 0.018957 0.056977 0.039871 -0.046073
-0.142914 -0.172711 -0.235801 -0.207719 -0.126438 0.004017 0.009858 -0.047750 -0.098213 -0.092642
-0.127147 -0.209003 -0.222557 -0.199938 -0.245862 -0.238146 -0.184885 -0.171785 -0.181604 -0.229218
-0.225751 -0.258132 -0.272194 -0.270092 -0.220105 0.044341 0.715468 0.812841 0.182239 0.074997
-0.087127 -0.142482 -0.149208 -0.145162 -0.137609 -0.166880 -0.189649 -0.229622 -0.225660 0.102935
-0.144016 0.046414 -0.022695 -0.063780 -0.128339 -0.197086 -0.274686 -0.272404 -0.275526 -0.198136
0.047736 -0.024517 -0.119270 -0.165930 -0.094935 -0.188960 -0.116065 -0.092768 -0.115158 -0.102559
-0.127724 -0.113085 -0.118254 -0.125930 -0.134524 -0.141929 -0.209734 -0.164396 -0.196722 -0.202340
-0.268921 -0.264816 -0.219488 -0.205072 -0.147602 -0.111884 0.359417 0.200244 0.024951 -0.074876
-0.206656 -0.222040 -0.190229 -0.023840 0.151851 0.193975 0.034666 -0.121686 -0.184165 -0.159941
-0.238601 -0.258629 -0.268199 -0.270582 -0.191614 -0.060248 -0.210669 -0.247833 -0.251202 -0.266708
-0.257419 -0.266248 -0.239393 -0.206384 0.096132 0.684193 1.495105 0.862871 0.038175 -0.039636
-0.134267 -0.145176 -0.174561 -0.171068 -0.174335 -0.184346 -0.220345 -0.242240 -0.216253 0.120678
-0.123439 0.103661 -0.026341 0.005652 -0.158987 -0.233128 -0.273670 -0.276008 -0.250323 0.070605
0.370584 0.281537 -0.008650 -0.081344 0.030559 -0.127277 -0.077943 -0.042866 -0.003682 -0.071062
-0.113149 -0.102694 -0.086512 -0.112413 -0.155708 -0.185716 -0.207075 -0.161972 -0.136791 -0.238121
-0.274684 -0.278044 -0.242998 -0.200264 -0.186850 -0.114589 0.133508 -0.068648 -0.153392 -0.162182
-0.121870 -0.072841 -0.078011 -0.026778 0.022294 -0.086792 -0.150073 -0.143962 -0.175322 -0.238149
-0.236117 -0.219454 -0.223066 -0.158699 -0.069993 0.018237 0.025597 -0.048784 -0.183586 -0.182672
-0.079917 -0.155615 -0.127879 -0.026967 0.041513 0.188350 0.273913 -0.001168 -0.105161 -0.085526
-0.100188 -0.064551 -0.093253 -0.128840 -0.180568 -0.133092 -0.199461 -0.228403 -0.224324 0.124156
0.066610 0.055574 -0.001369 0.003153 -0.163337 -0.222010 -0.277247 -0.275673 -0.220293 0.571871
1.161574 1.020254 0.504625 0.172051 0.248222 0.241550 0.012726 -0.020386 0.089260 -0.049093
-0.112004 -0.120726 -0.101632 -0.156332 -0.163527 -0.185400 -0.204309 -0.181089 -0.197880 -0.194378
-0.259960 -0.240215 -0.248894 0.035648 -0.088332 -0.076154 -0.027968 -0.151440 -0.132014 -0.060924
-0.062635 -0.078101 -0.112156 -0.118770 -0.162365 -0.171204 -0.133752 -0.159952 -0.050608 0.023295
-0.134119 -0.119071 -0.188824 -0.066504 0.148756 0.328118 0.429858 0.209343 -0.123532 -0.082251
0.060504 -0.062716 -0.053982 -0.080606 -0.128778 -0.056244 -0.042431 -0.100809 -0.024532 -0.035989
-0.030618 -0.002620 -0.072502 -0.139159 -0.172983 -0.145401 -0.155368 -0.156593 -0.150641 0.142069
-0.116068 0.043239 -0.030050 -0.036778 -0.146013 -0.176295 -0.278390 -0.271131 -0.235127 0.151572
0.263113 0.617385 0.393201 0.108965 0.196850 0.195560 0.016565 -0.032362 -0.021791 -0.053120
-0.075489 -0.073383 -0.140819 -0.174607 -0.168207 -0.196334 -0.252626 -0.275099 -0.065865 -0.045933
0.203647 -0.216123 -0.254414 0.019708 -0.095091 -0.013900 -0.110132 -0.135644 -0.084447 -0.052956
-0.079175 -0.148630 -0.180312 -0.125675 -0.119888 -0.106307 -0.174239 -0.251592 -0.208557 -0.221972
-0.262665 -0.242843 -0.242953 -0.061703 0.265905 0.398290 0.268596 0.036376 -0.130208 -0.065466
-0.051148 -0.152306 -0.169972 -0.197330 -0.201003 -0.167120 -0.159362 -0.132220 -0.040391 -0.041311
-0.001516 -0.049281 -0.099720 -0.136816 -0.159310 -0.168646 -0.157578 -0.222868 -0.202459 0.124337
-0.159639 0.128758 -0.087494 -0.085307 -0.149492 -0.160986 -0.278264 -0.250031 -0.149956 0.128337
0.155940 0.370626 0.126411 0.018614 0.099021 0.075555 0.018152 0.008444 0.021392 -0.040455
-0.046331 -0.098036 -0.140232 -0.151579 -0.126407 -0.152488 -0.194811 -0.275821 -0.207077 -0.275163
-0.276087 0.445027 0.252170 0.054534 -0.068966 -0.054769 -0.123669 -0.108408 -0.122431 -0.110883
-0.168624 -0.185186 -0.211128 -0.150798 -0.128180 -0.155304 -0.255318 -0.277807 -0.273459 -0.274255
-0.275831 -0.245724 -0.185299 -0.000104 0.146292 0.111530 0.075677 0.043959 -0.042721 -0.051617
-0.104858 -0.153315 -0.254455 -0.261483 -0.244679 -0.213698 -0.206574 -0.156395 -0.006124 0.025801
-0.011545 -0.048957 -0.093785 -0.128991 -0.160463 -0.176893 -0.152456 -0.245387 -0.223020 0.107754
0.002566 0.164550 -0.110832 -0.097512 -0.135655 -0.180479 -0.277023 -0.247558 -0.142685 0.111912
0.148265 0.242331 -0.077203 -0.126897 0.015502 -0.067173 -0.046194 -0.016184 -0.034226 -0.027785
-0.037919 -0.138252 -0.152948 -0.145261 -0.142180 -0.177145 -0.193632 -0.273626 -0.129321 -0.140803
-0.161528 0.113636 0.282347 0.306133 -0.046711 -0.109708 -0.147174 -0.153712 -0.170377 -0.172753
-0.186181 -0.154437 -0.091749 -0.084149 -0.131043 -0.185252 -0.224025 -0.207768 -0.218003 -0.217646
-0.172005 -0.044102 -0.003986 0.189463 0.205163 0.042829 0.040070 0.025676 -0.059516 -0.088574
-0.095718 -0.146222 -0.271801 -0.253466 -0.114220 -0.027641 -0.014151 -0.012794 0.043308 0.080018
-0.066234 -0.073814 -0.112589 -0.148696 -0.176342 -0.208009 -0.200114 -0.256756 -0.219572 0.161905
0.025885 0.047054 -0.093623 -0.159411 -0.148571 -0.185850 -0.274142 -0.260272 -0.212318 0.040563
0.127609 0.172082 0.137391 0.584176 0.637942 -0.025544 -0.110613 -0.066331 -0.026423 -0.002018
0.005504 -0.145480 -0.175439 -0.174322 -0.164612 -0.161988 -0.146194 -0.157377 -0.075007 -0.276854
-0.278391 1.293113 1.768380 0.684991 0.065516 -0.125724 -0.159695 -0.179588 -0.178036 -0.196257
-0.166060 -0.107691 -0.127304 -0.034189 -0.116068 -0.186608 -0.242870 -0.249098 -0.188431 -0.002204
-0.050257 0.178087 0.335180 0.306540 0.302810 0.137275 0.017370 0.008230 -0.050802 -0.076974
-0.079632 -0.184117 -0.273444 -0.270908 -0.191853 -0.024772 0.178382 0.221608 0.120581 0.054943
-0.094453 -0.085950 -0.091195 -0.153366 -0.204083 -0.228668 -0.195574 -0.249380 -0.216197 0.116526
-0.083854 0.037103 -0.032117 -0.120311 -0.163606 -0.223149 -0.277596 -0.242587 -0.133648 0.171645
0.207619 -0.001788 -0.142173 -0.180081 -0.214039 -0.255171 -0.263669 -0.263718 -0.241852 -0.098644
0.007930 -0.117462 -0.152892 -0.166106 -0.162323 -0.150185 -0.149288 -0.123998 -0.060452 -0.201527
-0.049485 0.294042 0.116297 -0.049214 -0.172792 -0.178310 -0.219816 -0.242435 -0.207057 -0.184740
-0.098092 -0.034669 -0.048818 -0.102943 -0.162748 -0.181434 -0.245289 -0.222353 -0.167823 0.033524
0.015363 0.215847 0.176251 0.053335 0.026401 -0.010851 -0.078116 -0.136624 -0.092326 -0.085945
-0.137878 -0.245922 -0.275428 -0.278157 -0.258412 -0.206882 -0.113922 0.202511 0.116643 -0.030152
-0.144909 -0.134921 -0.128764 -0.187067 -0.210274 -0.217337 -0.124589 -0.241676 -0.191296 0.164628
-0.149789 0.059078 -0.012871 -0.122140 -0.169369 -0.238372 -0.269719 -0.227136 -0.130173 -0.019353
-0.027374 -0.116050 -0.257405 -0.276361 -0.276232 -0.271884 -0.272105 -0.263765 -0.242629 -0.122145
0.046802 -0.094151 -0.111569 -0.163804 -0.164272 -0.147575 -0.188460 -0.197113 -0.142944 -0.153053
-0.108142 -0.101902 -0.202661 -0.173448 -0.180059 -0.250442 -0.259031 -0.241217 -0.207515 -0.188861
-0.087942 -0.074129 -0.115797 -0.178680 -0.182080 -0.166114 -0.219709 -0.198899 -0.169106 0.100205
0.272759 0.260113 0.044776 0.007054 -0.013012 -0.039535 -0.066743 -0.085807 -0.036919 -0.104889
-0.185943 -0.274956 -0.262236 -0.272157 -0.278108 -0.128482 0.398448 0.221006 0.007537 -0.064780
-0.168999 -0.159639 -0.172596 -0.209419 -0.195338 -0.208928 -0.050157 -0.171620 -0.096459 0.303759
-0.084135 0.057244 -0.055691 -0.136254 -0.187327 -0.230960 -0.276498 -0.261147 -0.194077 -0.087461
-0.113032 -0.117600 -0.159062 -0.245370 -0.267146 -0.221936 -0.191697 0.003959 0.260191 0.060967
0.052639 0.052549 -0.041289 -0.108075 -0.128467 -0.172850 -0.197879 -0.172938 -0.180552 -0.132178
-0.157366 -0.170705 -0.153407 -0.127983 -0.207177 -0.275972 -0.277492 -0.186776 -0.154446 -0.136225
-0.121619 -0.090677 -0.152340 -0.127495 -0.150090 -0.176348 -0.201587 -0.143378 -0.050399 0.056891
0.062514 -0.070605 -0.133137 -0.106511 -0.136697 -0.124249 -0.044834 -0.021272 0.002877 -0.131976
-0.192190 -0.272674 -0.274458 -0.278155 -0.256966 0.241774 0.740559 0.501195 0.200131 -0.073244
-0.130712 -0.136706 -0.140793 -0.139541 -0.164981 -0.165448 -0.018004 -0.215495 -0.184789 0.176686
-0.011824 0.019697 -0.135877 -0.156785 -0.167756 -0.211019 -0.275248 -0.233409 -0.183646 -0.081353
-0.253137 -0.266784 -0.232173 -0.217813 -0.214308 -0.141970 -0.037804 0.345877 1.108374 0.487171
-0.057896 0.001324 -0.032301 -0.080319 -0.140501 -0.211648 -0.243501 -0.218019 -0.222922 -0.210135
-0.200030 -0.201845 -0.210283 -0.224837 -0.256573 -0.172172 0.343748 0.003516 -0.085263 -0.018247
-0.117882 -0.159839 -0.160213 -0.131783 -0.118613 -0.180663 -0.172929 -0.068950 0.070841 -0.056469
-0.129884 -0.134933 -0.071254 -0.049261 -0.082750 -0.064059 0.099026 0.076417 -0.010089 -0.125983
-0.165571 -0.261951 -0.276749 -0.278235 -0.241021 0.032949 0.513496 0.853739 0.324541 0.016792
-0.002492 -0.036700 -0.096222 -0.091082 -0.114239 -0.123429 -0.101277 -0.245442 -0.244908 0.040575
-0.059770 0.037570 -0.112771 -0.103020 -0.126611 -0.208636 -0.277075 -0.225303 -0.065941 0.260257
-0.133158 -0.175675 -0.221911 -0.268570 -0.270676 -0.221436 -0.125844 0.146688 0.501192 0.344229
0.160554 0.030893 -0.057544 -0.090191 -0.104464 -0.152208 -0.158109 -0.160270 -0.171279 -0.134823
-0.156163 -0.157857 -0.139459 -0.165611 -0.199067 -0.139630 -0.154295 -0.108879 -0.038207 -0.109889
-0.146291 -0.135302 -0.100433 -0.113514 -0.104410 -0.123406 -0.159567 -0.097284 -0.119718 -0.134364
-0.150435 -0.142310 -0.123010 -0.154581 -0.152915 -0.160005 -0.050788 -0.061838 -0.110915 -0.155858
-0.151513 -0.243119 -0.278375 -0.278407 -0.204868 0.095551 0.703793 0.930915 0.401447 0.170696
0.072412 -0.032944 -0.102201 -0.107603 -0.103034 -0.128296 -0.098553 -0.220519 -0.249764 0.123749
-0.067606 0.128401 -0.056434 -0.079326 -0.143225 -0.178743 -0.242019 -0.170274 -0.020511 0.293637
0.035368 -0.058692 -0.121237 -0.149755 -0.123055 -0.121193 0.000005 0.032658 0.195435 0.260344
0.189781 0.136971 -0.065727 -0.093901 -0.109214 -0.125654 -0.106541 -0.106056 -0.128671 -0.132757
-0.146063 -0.119964 -0.148214 -0.140059 -0.096573 -0.133243 -0.134861 -0.148978 -0.131930 -0.093612
-0.026637 -0.090780 -0.117702 -0.112084 -0.097718 -0.115801 -0.180916 -0.141891 -0.126141 -0.119530
-0.178036 -0.167864 -0.184115 -0.207701 -0.165470 -0.136210 -0.083805 -0.076448 -0.091927 -0.090501
-0.072420 -0.193833 -0.251108 -0.237232 0.102180 0.607468 1.416131 1.234798 0.358806 0.253208
0.053184 -0.075371 -0.112468 -0.084655 -0.121336 -0.103261 -0.117145 -0.228839 -0.234734 0.094231
-0.067902 0.089610 -0.036195 -0.042413 -0.135222 -0.171901 -0.230472 -0.176518 -0.149536 -0.130800
-0.163885 -0.175251 -0.237270 -0.276715 -0.261377 -0.241183 -0.278456 -0.122252 0.395886 0.516925
0.292562 0.107694 -0.107285 -0.131325 -0.137138 -0.135091 -0.112606 -0.134770 -0.141708 -0.185236
-0.176018 -0.165046 -0.187950 -0.162353 -0.192579 -0.229811 -0.154150 -0.130362 -0.130032 -0.092735
-0.062698 -0.109443 -0.138899 -0.119275 -0.123076 -0.166362 -0.192173 -0.160755 -0.149258 -0.127034
-0.150963 -0.136193 -0.150402 -0.159754 -0.050527 -0.051838 -0.084335 -0.109445 -0.082271 -0.073348
-0.068516 -0.150898 -0.201628 -0.215652 -0.123821 0.048753 0.459130 0.274849 0.125398 0.033578
-0.084402 -0.102112 -0.064865 -0.154931 -0.162142 -0.153226 -0.157295 -0.221154 -0.248377 0.006096
-0.086332 0.058244 -0.079866 -0.118278 -0.153479 -0.191849 -0.253730 -0.241456 -0.234365 -0.255719
-0.245151 -0.271664 -0.278311 -0.251369 -0.205148 -0.197668 -0.268493 -0.142981 0.580837 0.451145
0.314806 0.187449 -0.097942 -0.100468 -0.114157 -0.114861 -0.054067 -0.120584 -0.161688 -0.162616
-0.145117 -0.137564 -0.140014 -0.158748 -0.163720 -0.128401 -0.012619 -0.034396 -0.071908 -0.073985
-0.088142 -0.093760 -0.129714 -0.106904 -0.113483 -0.170053 -0.178547 -0.136194 -0.137694 -0.083007
-0.048872 -0.086066 -0.015892 -0.001700 -0.009874 -0.046481 -0.021187 0.039906 0.009483 -0.017902
-0.067491 -0.157832 -0.204238 -0.233164 -0.202499 -0.062794 0.053687 -0.001231 0.040985 0.000430
-0.102881 -0.078886 -0.121486 -0.204337 -0.214395 -0.192619 -0.171578 -0.226020 -0.198365 0.141359
-0.116059 0.103805 -0.091096 -0.101348 -0.146178 -0.153085 -0.195746 -0.177425 -0.121595 -0.130948
-0.182804 -0.245929 -0.244046 -0.274220 -0.278456 -0.259111 -0.149829 -0.028941 0.999529 1.107222
0.371691 -0.011252 -0.207794 -0.229346 -0.243809 -0.250196 -0.245231 -0.263332 -0.273520 -0.275621
-0.272992 -0.263247 -0.264795 -0.277039 -0.270968 -0.197668 -0.126397 -0.107090 -0.132877 -0.161397
-0.151147 -0.129068 -0.151723 -0.164121 -0.180139 -0.196299 -0.205270 -0.194874 -0.202213 -0.156970
-0.123232 -0.128076 -0.108993 -0.131827 -0.182383 -0.186680 -0.177896 -0.085777 -0.040370 -0.061012
-0.047548 -0.131833 -0.217070 -0.221849 -0.160799 -0.065168 -0.035762 -0.040807 -0.045280 -0.036082
-0.124942 -0.167400 -0.206247 -0.213888 -0.172601 -0.116527 -0.149975 -0.220013 -0.216102 0.119500
-0.075494 0.208425 -0.061374 -0.094620 -0.130915 -0.098332 -0.069384 -0.113558 -0.122729 -0.148954
-0.210351 -0.195162 -0.128741 -0.183042 -0.170568 0.092568 1.133565 1.999910 3.449181 1.930922
-0.105729 -0.252357 -0.263470 -0.264624 -0.267758 -0.273800 -0.278325 -0.277336 -0.275487 -0.276186
-0.277552 -0.278361 -0.278464 -0.267169 -0.100594 -0.162252 -0.181839 -0.112234 -0.164898 -0.189334
-0.165602 -0.138538 -0.155207 -0.181673 -0.195549 -0.215667 -0.239549 -0.205390 -0.180146 -0.142990
-0.087981 -0.101432 -0.104007 -0.148267 -0.253238 -0.225275 -0.195612 -0.133657 -0.055975 -0.061519
-0.041002 -0.152817 -0.219513 -0.231305 -0.171338 -0.115696 -0.092299 -0.029366 -0.107994 -0.158345
-0.228190 -0.251529 -0.256315 -0.223870 -0.083312 -0.067853 -0.143655 -0.186470 -0.221005 0.051254
-0.049994 0.164442 -0.014891 -0.136372 -0.135619 -0.086948 -0.092838 -0.168980 -0.186893 -0.169971
-0.193735 -0.205367 -0.205172 -0.215122 -0.219368 -0.200066 -0.033793 0.219000 0.354351 -0.131738
-0.199643 -0.201844 -0.240497 -0.223718 -0.208148 -0.201504 -0.261952 -0.250381 -0.194356 -0.112019
-0.087112 -0.118465 -0.166075 0.014979 0.217024 -0.008951 -0.035731 -0.105606 -0.119980 -0.070036
-0.105199 -0.124922 -0.140993 -0.168453 -0.181735 -0.220419 -0.237269 -0.203915 -0.137370 -0.096842
-0.057812 -0.120396 -0.133564 -0.174105 -0.244164 -0.216348 -0.152833 0.012786 0.145411 0.146494
0.040640 -0.184775 -0.265532 -0.275298 -0.267823 -0.168199 0.241825 0.133140 -0.062209 -0.135491
-0.123686 -0.069184 -0.026943 -0.014143 0.049572 -0.074658 -0.189918 -0.250201 -0.271696 0.013134
0.029558 0.094396 0.024207 -0.064108 -0.106636 -0.116997 -0.133213 -0.172792 -0.189790 -0.190021
-0.157402 -0.155719 -0.151534 -0.134582 -0.121106 -0.144352 -0.075901 -0.074182 -0.198334 -0.264417
-0.229414 -0.208776 -0.262767 -0.253071 -0.182145 -0.109700 -0.218058 -0.224437 0.000457 0.223264
0.406356 0.500253 0.298065 0.397650 0.604578 0.462746 0.151934 -0.027924 -0.062257 0.026605
-0.024423 -0.076297 -0.124620 -0.123815 -0.091943 -0.173789 -0.218579 -0.169540 -0.069132 -0.069424
-0.106424 -0.154571 -0.159722 -0.171371 -0.190709 -0.160747 -0.018156 0.099806 0.144959 0.105854
-0.057377 -0.240914 -0.278293 -0.275904 -0.219349 -0.032757 0.377827 0.274328 0.025202 -0.042381
-0.011011 -0.013209 0.045588 -0.003309 0.013486 -0.099172 -0.211538 -0.215583 -0.157282 0.205042
-0.148452 -0.248749 -0.235797 -0.140935 -0.126723 -0.218377 -0.245931 -0.254463 -0.248357 -0.186182
-0.147896 -0.127788 -0.117615 -0.179655 -0.117359 -0.207208 -0.195107 -0.096187 -0.170502 -0.138576
-0.130711 -0.122869 -0.208042 -0.192044 0.019248 -0.000262 -0.171858 -0.100749 0.017481 0.151429
0.208342 0.095335 -0.047828 -0.053438 -0.108321 -0.199127 -0.206572 -0.222969 -0.226573 -0.212820
-0.227288 -0.225830 -0.220730 -0.171957 -0.131087 -0.197138 -0.205146 -0.146818 -0.061126 -0.109570
-0.197198 -0.207427 -0.179474 -0.143489 -0.129470 -0.105378 0.038966 0.084776 0.101903 -0.026416
-0.181561 -0.273800 -0.272195 -0.278427 -0.245970 0.038902 0.302830 0.220591 0.155572 0.074406
0.057780 0.041226 -0.032190 -0.060409 -0.079133 -0.120972 -0.173128 -0.165220 -0.241710 0.097024
-0.232776 -0.277094 -0.183627 -0.021383 -0.103066 -0.194847 -0.274262 -0.276457 -0.186117 -0.134424
-0.270995 -0.210028 -0.220354 -0.278420 -0.277613 -0.278021 -0.275076 -0.201854 -0.025827 0.078229
0.000719 -0.077209 -0.159828 -0.134370 0.208392 0.143765 -0.000858 0.169614 0.257180 0.295442
-0.047288 -0.234555 -0.263226 -0.255553 -0.271481 -0.277733 -0.270036 -0.254567 -0.234429 -0.214954
-0.214650 -0.209146 -0.164687 -0.072923 -0.033211 -0.135136 -0.120026 -0.080921 -0.076786 -0.145125
-0.236750 -0.211047 -0.134506 -0.057031 0.023085 0.145298 0.245369 0.130528 -0.002167 -0.109457
-0.219647 -0.269733 -0.278464 -0.275160 -0.142233 0.171830 0.367788 0.463909 0.329878 0.153074
0.205342 0.085281 -0.091692 -0.166981 -0.135295 -0.115237 -0.143993 -0.238311 -0.277607 -0.096473
0.106169 0.290797 -0.275627 -0.150978 -0.097228 -0.226424 -0.273348 -0.232042 -0.139185 0.001203
0.172042 0.018631 -0.052575 0.192106 0.313393 0.408075 -0.063712 -0.124581 -0.003454 0.113105
-0.015372 -0.124747 -0.169432 -0.219827 -0.114043 -0.069989 -0.050657 0.036433 -0.011516 -0.151052
-0.274400 -0.276929 -0.276879 -0.270052 -0.188946 -0.178299 -0.179672 -0.159146 -0.101648 -0.101902
-0.090599 -0.022820 0.066709 -0.015366 0.019242 -0.071944 -0.129301 -0.134757 -0.162988 -0.223239
-0.266310 -0.222137 -0.066868 0.057081 0.125700 0.113931 0.054956 -0.067773 -0.155847 -0.199447
-0.235743 -0.278214 -0.251226 -0.266618 -0.180452 0.166911 0.342668 0.374964 0.186227 0.117909
0.050417 -0.071895 -0.190407 -0.244451 -0.192775 -0.095986 -0.137907 -0.254995 -0.274759 -0.004629
-0.096532 -0.039337 -0.073226 -0.266222 -0.268015 -0.278415 -0.234817 -0.209480 0.252499 0.539547
0.261087 -0.236469 -0.214623 -0.113603 -0.204964 -0.235112 0.303217 0.000712 -0.126948 -0.039246
-0.060909 -0.135028 -0.217064 -0.236714 -0.226051 -0.193381 -0.116052 -0.070011 -0.107440 -0.241489
-0.273082 -0.271320 -0.271290 -0.266240 -0.239735 -0.213317 -0.208837 -0.208145 -0.192580 -0.116169
0.013177 0.059570 0.220156 0.077604 -0.003903 -0.086685 -0.162594 -0.190232 -0.244625 -0.266807
-0.275020 -0.267111 -0.140124 0.146287 0.084425 0.058298 0.010457 -0.083145 -0.136062 -0.203805
-0.237695 -0.278111 -0.254934 -0.278258 -0.124513 0.098933 0.170660 0.128308 0.197168 0.185729
-0.078285 -0.146660 -0.245108 -0.239380 -0.150699 -0.140789 -0.156747 -0.221865 -0.204429 0.650927
0.036493 0.302843 1.065247 -0.244124 -0.258378 -0.266831 0.106046 0.540669 0.425556 0.159505
-0.125362 0.008208 0.108236 0.181121 0.382542 0.357513 0.850102 -0.009608 -0.016052 -0.061121
-0.100428 -0.152795 -0.210838 -0.156481 -0.091939 -0.042181 0.030689 -0.054666 -0.126588 -0.253060
-0.277541 -0.276850 -0.247087 -0.153731 -0.232105 -0.244894 -0.264312 -0.271568 -0.218140 -0.021548
0.059639 0.033996 0.265310 0.234844 0.121279 -0.052353 -0.145749 -0.181259 -0.193485 -0.215145
-0.266950 -0.266673 -0.056787 0.173074 0.058382 0.077449 -0.003133 -0.089993 -0.130143 -0.218811
-0.244990 -0.276511 -0.271569 -0.270575 -0.079775 0.172507 0.585673 0.784205 0.598337 0.148647
-0.146330 -0.220606 -0.242345 -0.125111 0.285282 -0.137212 -0.218912 -0.217069 -0.256274 0.197936
0.242510 -0.011178 0.379812 -0.034322 0.023818 0.099672 0.676918 -0.084964 -0.018109 -0.182948
-0.161798 -0.111221 -0.124625 -0.097888 -0.016630 -0.209250 0.003275 0.067292 0.051976 -0.122532
-0.195107 -0.175495 -0.091723 -0.044046 0.050414 0.026528 0.035597 -0.083332 -0.148154 -0.240802
-0.270853 -0.257187 -0.049765 0.488905 0.493117 0.588992 0.290764 0.191217 0.974652 1.573201
1.090780 0.604799 0.659973 0.387222 0.036577 -0.083761 -0.077322 -0.114801 -0.112648 -0.171558
-0.265548 -0.227970 0.017260 0.092847 0.098313 0.138229 0.042057 -0.084398 -0.140020 -0.215486
-0.235967 -0.275647 -0.276906 -0.239871 0.053231 0.810369 1.732514 1.747039 0.666708 0.158810
-0.137296 -0.165339 -0.124211 -0.073594 0.134151 0.024936 -0.095417 -0.241062 -0.188678 0.387636
0.091410 -0.220703 0.097359 -0.276338 -0.277700 -0.076180 0.270508 0.154781 -0.229935 0.059829
0.129383 -0.175635 -0.109462 -0.184754 -0.021539 -0.154217 -0.069513 -0.095232 -0.246746 -0.226436
-0.147228 -0.083587 -0.089120 -0.084701 -0.048293 -0.106526 -0.128889 -0.205554 -0.233226 -0.272630
-0.278197 -0.273090 -0.199261 -0.033532 -0.078447 -0.009048 -0.168277 -0.190592 -0.091031 -0.124456
-0.167550 -0.206536 -0.038639 0.005400 -0.036028 -0.078997 -0.089429 -0.171768 -0.216054 -0.274128
-0.276992 -0.278463 -0.276121 -0.129307 0.276095 0.335666 0.056029 -0.138123 -0.123198 -0.163997
-0.207932 -0.259237 -0.249653 -0.186112 0.074196 0.483269 0.664474 0.611599 0.207374 0.076213
-0.073083 -0.078901 -0.176615 -0.175026 -0.210532 -0.254624 -0.145820 -0.202937 -0.207643 0.113247
-0.015079 -0.003483 0.363968 0.018768 0.196765 0.583411 0.378878 0.506479 -0.095637 0.081248
-0.021353 -0.193726 -0.232620 -0.271180 -0.199802 0.014731 -0.074175 -0.172567 -0.216080 -0.242425
-0.222778 -0.137849 -0.134515 -0.128865 -0.105596 -0.138794 -0.202085 -0.273295 -0.278458 -0.270301
-0.270387 -0.278448 -0.268618 -0.256031 -0.263101 -0.267137 -0.276733 -0.274353 -0.278459 -0.273367
-0.277664 -0.269389 -0.232805 -0.227813 -0.224251 -0.227511 -0.243385 -0.275632 -0.277497 -0.272885
-0.264004 -0.265896 -0.266749 -0.092799 0.015872 -0.124761 -0.212393 -0.223793 -0.196372 -0.235259
-0.260347 -0.268450 -0.224963 -0.208151 -0.160512 -0.034139 0.200097 0.314209 0.091387 -0.016455
-0.138689 -0.184344 -0.244706 -0.250231 -0.272280 -0.253469 -0.152630 -0.012805 -0.159418 0.071074
-0.082920 -0.192411 -0.184692 -0.186053 -0.149268 -0.187542 -0.057590 -0.008118 -0.109162 -0.164499
-0.182729 -0.182767 0.220882 0.541759 -0.118406 -0.219981 -0.181035 -0.278286 -0.243223 0.257356
0.111980 -0.147625 -0.213702 -0.199921 -0.078863 -0.150689 -0.243690 -0.274436 -0.266562 -0.267999
-0.235312 -0.229203 -0.198335 -0.153125 -0.182511 -0.214828 -0.216799 -0.228870 -0.245026 -0.220448
-0.231573 -0.229199 -0.212498 -0.166565 -0.151616 -0.155797 -0.231051 -0.262603 -0.273947 -0.247430
-0.275790 -0.272578 -0.142841 -0.085549 -0.115233 -0.158944 -0.219264 -0.249544 -0.198953 -0.211123
-0.245356 -0.252143 -0.259273 -0.268191 -0.191638 -0.045114 0.132392 0.245906 -0.082392 -0.162850
-0.211186 -0.212421 -0.220799 -0.254422 -0.178337 -0.136539 -0.194540 -0.196930 -0.272136 -0.217634
-0.058795 0.002529 0.269895 -0.011956 -0.155398 -0.152100 -0.187533 -0.069662 -0.062457 -0.130814
-0.013368 -0.109480 -0.241465 -0.235314 -0.199221 -0.178968 0.097795 0.243285 -0.147557 -0.157548
-0.235019 -0.069083 0.139991 0.023594 -0.143805 -0.245059 -0.277106 -0.277336 -0.252363 -0.172935
0.055020 0.228903 0.400323 0.359257 0.294186 0.242805 0.078708 -0.118281 -0.030759 0.037097
0.042668 0.013020 0.055804 0.254437 0.391567 0.207211 -0.091641 -0.020130 0.223251 0.510837
0.228981 0.222729 0.840499 1.167239 1.295453 1.071386 0.715508 0.578153 0.650245 0.373776
0.059593 0.158319 0.130652 0.200004 0.979425 1.155986 1.165709 0.551606 -0.056483 -0.064604
-0.149735 -0.211032 -0.233599 -0.240777 -0.161724 -0.066099 -0.068641 -0.104369 -0.049156 0.587985
-0.000280 -0.113610 -0.098304 -0.125492 -0.088253 -0.116636 -0.108934 -0.160848 -0.126599 -0.150017
-0.142268 -0.156807 -0.168130 -0.129709 -0.172763 -0.211791 -0.252017 -0.050240 -0.106505 -0.158841
-0.155998 -0.251762 -0.207955 -0.146412 -0.204107 -0.249165 -0.241282 -0.221671 -0.169803 -0.140314
-0.039011 0.166407 -0.011142 -0.123437 -0.019825 0.153918 -0.050610 -0.147353 0.085323 0.261827
0.150688 0.009349 0.133735 0.467011 0.285432 -0.023474 -0.105234 -0.089783 0.010275 -0.072876
0.012759 0.125679 0.158776 0.177067 0.100136 0.088566 0.080803 0.020987 0.000735 -0.041344
-0.080127 -0.016292 -0.132730 -0.136659 -0.095240 -0.034752 0.016501 -0.095443 -0.138995 0.011315
-0.094182 -0.154279 -0.152269 -0.150340 -0.146034 -0.133372 -0.269453 -0.245449 -0.142008 0.341665
-0.026420 -0.191871 -0.240541 -0.259784 -0.207847 -0.204550 -0.204990 -0.191558 -0.205004 -0.100265
-0.256616 -0.203344 -0.201752 -0.220204 0.186380 0.020369 -0.182298 -0.125316 -0.115905 -0.203333
-0.159445 -0.155491 -0.104986 -0.049233 -0.053049 -0.160815 -0.209979 -0.249564 -0.246472 -0.222639
-0.214173 -0.130967 -0.130603 -0.111462 -0.120213 -0.093156 -0.145052 -0.022583 0.050762 -0.033474
-0.066316 -0.116756 -0.089863 -0.061890 -0.143020 -0.137461 -0.072542 -0.088086 -0.050670 -0.130770
-0.196229 -0.207844 -0.203304 -0.195629 -0.129055 -0.133829 -0.103410 -0.112227 -0.170605 -0.157659
-0.125699 -0.139634 -0.187581 -0.132207 -0.174273 -0.089367 0.054015 0.243347 0.154233 -0.104106
-0.192899 -0.226530 -0.250165 -0.034527 -0.124341 -0.200265 -0.184945 0.052269 -0.107482 -0.079279
-0.220681 -0.124860 -0.009221 -0.007115 -0.149302 -0.178001 -0.167439 -0.208166 -0.261211 -0.244161
-0.186461 -0.270074 -0.225321 -0.077664 -0.153884 -0.244475 -0.106891 -0.102151 -0.131532 -0.097817
-0.247797 -0.277700 -0.225605 -0.136030 -0.076533 -0.197442 -0.263391 -0.277711 -0.237809 -0.085131
-0.029675 -0.092424 -0.127124 -0.111496 -0.219052 -0.223563 -0.196892 -0.149964 -0.130681 -0.163707
-0.179754 -0.172890 -0.114174 -0.134003 -0.175348 -0.163440 -0.139855 -0.164804 -0.152001 -0.180023
-0.183036 -0.135575 -0.058472 -0.044393 -0.049585 -0.079442 -0.153058 -0.201224 -0.205166 -0.195854
-0.202127 -0.167783 -0.198220 -0.187234 -0.166790 -0.216079 -0.265472 -0.169212 -0.156105 -0.256292
-0.090183 -0.069651 -0.152723 -0.050752 -0.174658 -0.157468 -0.041812 -0.214618 -0.260865 0.028572
0.298930 -0.083464 -0.212145 -0.186630 -0.120376 0.005431 0.017657 -0.238170 -0.274609 -0.269964
-0.272916 0.119763 -0.015522 -0.043823 -0.191078 -0.106377 -0.063349 -0.225470 -0.231755 -0.228576
-0.192494 -0.122482 0.268416 0.136379 -0.005222 -0.174098 -0.222035 -0.157693 0.073941 0.188702
0.809075 0.715324 0.049347 -0.096657 -0.164296 -0.221176 -0.187522 -0.137342 -0.109869 -0.156570
-0.169006 -0.105028 -0.070976 -0.138061 -0.145941 -0.121790 -0.099889 -0.069678 -0.025364 -0.047562
0.015483 -0.037153 -0.001853 -0.071288 -0.115425 -0.133602 -0.126111 -0.085442 -0.063529 -0.041917
-0.124735 -0.160117 -0.225964 -0.267635 -0.278142 -0.236227 0.224308 0.148353 -0.172193 -0.046075
-0.151810 -0.166821 -0.165879 -0.277068 -0.268350 -0.272248 -0.253120 -0.260697 -0.267863 0.071642
-0.008890 -0.075765 -0.152308 -0.177628 -0.181476 0.021958 -0.065679 -0.278455 -0.257895 0.237723
0.568629 0.009176 -0.183750 -0.222198 -0.059344 0.010459 -0.270158 -0.261625 -0.180680 0.009308
0.326973 -0.041790 -0.076788 -0.137838 -0.131662 -0.218153 -0.223794 -0.140215 -0.092917 -0.167986
-0.098462 -0.150879 -0.218541 -0.264794 -0.228536 -0.068399 0.151290 0.246349 0.099311 0.010124
-0.062799 -0.122343 -0.113701 -0.099378 -0.103988 -0.137440 -0.213053 -0.231595 -0.225580 -0.199586
-0.158169 -0.157201 -0.155824 -0.153448 -0.097236 -0.144941 -0.175782 -0.209366 -0.215824 -0.228198
-0.235806 -0.270673 -0.274048 -0.278181 -0.271172 -0.062654 0.126848 -0.180262 -0.265888 -0.087309
-0.246823 -0.049682 0.429269 0.048825 -0.272375 0.058405 -0.155489 0.197261 -0.265612 -0.133952
-0.164196 0.043244 0.071775 -0.222957 -0.225811 -0.234622 -0.255650 -0.251871 -0.147987 -0.169410
0.021610 -0.155734 -0.195067 -0.160600 -0.254316 -0.198192 -0.248610 -0.156193 -0.215338 0.103730
0.218635 -0.215884 -0.210302 -0.112767 -0.154809 -0.180664 -0.172051 -0.193401 -0.192919 -0.227161
-0.231803 -0.266454 -0.270098 -0.266260 -0.242998 -0.237884 -0.273034 -0.241915 -0.213332 -0.098941
-0.038786 -0.018109 -0.067623 -0.124811 -0.219304 -0.245784 -0.226073 -0.222444 -0.181456 -0.066342
-0.125567 -0.140215 -0.120063 -0.109779 -0.150090 -0.216576 -0.254059 -0.270048 -0.278280 -0.275833
-0.276317 -0.277871 -0.241366 0.293071 1.379903 0.470163 -0.258580 -0.245696 0.244847 -0.208777
-0.270291 -0.276275 -0.070304 -0.119718 0.423945 0.385233 0.232278 0.787404 -0.227856 -0.069637
-0.188957 0.014696 -0.071576 -0.157514 -0.186614 -0.186273 -0.105870 -0.206557 -0.223765 -0.182807
-0.009858 -0.060076 -0.071801 -0.121506 -0.200184 -0.259802 0.000473 0.301207 0.667093 0.197710
-0.170365 -0.241149 0.027801 -0.020487 -0.176986 -0.181106 -0.105503 -0.186167 -0.244725 -0.234681
-0.147706 -0.239331 -0.255280 -0.215647 -0.056006 -0.274401 -0.275440 0.025483 -0.021015 -0.173251
-0.215060 -0.229439 -0.241146 -0.260811 -0.257692 -0.194643 0.126271 0.247813 0.172764 -0.130378
-0.178872 -0.137499 -0.120464 -0.177392 -0.210178 -0.243977 -0.236387 -0.220701 -0.155474 0.157366
0.056218 -0.145240 -0.114147 -0.146404 0.162005 -0.117011 -0.213138 -0.199759 -0.231809 -0.178499
1.314674 0.342301 -0.130265 -0.193236 0.020005 0.059899 -0.143145 -0.159822 -0.276720 0.360905
-0.171485 -0.205026 -0.257381 -0.179697 -0.232948 -0.270617 -0.205844 -0.182269 -0.178857 -0.112453
-0.136168 -0.137528 -0.209112 -0.045257 -0.197199 -0.234778 -0.274267 -0.261849 -0.278059 -0.271891
-0.233777 -0.221446 -0.127460 -0.177028 -0.211227 -0.223554 -0.210177 -0.234495 -0.251082 -0.198936
-0.120380 -0.219979 -0.235613 -0.056620 0.115708 0.006838 0.276905 -0.060030 0.035120 -0.113530
-0.260069 -0.250989 -0.244023 -0.260160 -0.159617 -0.126054 -0.194920 -0.173591 0.048859 -0.172078
-0.195137 -0.090830 -0.147760 -0.188396 -0.232298 -0.254076 -0.246283 -0.101789 -0.067603 -0.265812
-0.193182 0.068948 -0.018115 -0.153208 -0.166202 -0.217201 -0.175005 -0.192722 -0.260283 0.024130
0.572128 -0.119365 -0.243901 -0.207905 0.033610 0.001794 -0.224577 -0.259729 -0.274261 0.400683
0.062180 -0.031237 -0.192989 -0.208941 -0.008458 0.116825 -0.124879 -0.168507 -0.199734 -0.221316
-0.211570 -0.075860 -0.138954 -0.243556 -0.136555 -0.151299 -0.071636 0.091972 0.396964 -0.131731
-0.150170 0.184202 -0.117607 -0.185116 -0.191765 -0.188836 -0.133981 -0.074151 0.006774 0.070988
-0.089455 -0.193964 -0.192252 -0.130365 -0.232239 -0.167827 1.130674 0.509328 -0.239447 -0.124886
-0.076955 -0.084294 -0.052515 -0.125996 0.024566 -0.054326 -0.161405 -0.231745 -0.238767 -0.190194
0.087936 -0.010455 -0.086917 -0.205733 -0.249212 -0.247752 -0.024579 0.118324 -0.059907 -0.224907
-0.099117 -0.137478 0.041603 -0.030761 0.025139 -0.185143 -0.050824 0.032411 -0.193966 -0.169822
0.364542 -0.151518 0.076578 0.289509 0.023991 -0.123169 -0.127595 -0.252400 -0.278141 -0.145266
-0.038327 0.148335 0.007073 -0.058458 0.046674 0.120516 -0.103289 -0.098581 -0.173660 -0.114030
-0.076365 0.140063 0.078149 -0.235669 -0.192414 -0.217394 -0.263348 -0.270041 -0.242357 -0.175482
-0.138444 -0.050817 -0.201776 -0.057311 -0.146669 -0.203547 -0.220174 -0.175530 -0.184725 -0.217251
-0.234864 -0.264854 -0.264731 -0.107776 -0.113662 -0.135880 -0.070466 -0.117300 -0.148670 -0.179133
-0.183946 -0.230915 -0.235187 0.170331 0.132789 -0.225419 -0.006523 0.415318 -0.084973 0.244711
-0.168109 -0.278439 -0.220108 -0.255354 -0.172009 -0.182989 -0.111125 -0.050130 -0.086649 -0.277599
-0.029859 0.151879 0.006538 -0.010333 0.011288 -0.219571 -0.168905 -0.090243 -0.270026 -0.277664
-0.272904 -0.114862 -0.114532 -0.137359 -0.225631 -0.231112 -0.259588 -0.276906 -0.274837 -0.007510
-0.074649 -0.029326 0.086175 -0.072678 -0.120649 -0.207785 -0.228204 -0.145559 -0.122300 -0.135326
-0.165088 -0.079568 -0.139905 -0.204905 -0.194896 -0.223937 -0.218737 -0.226871 0.126096 0.088334
-0.093033 -0.276624 -0.274662 -0.212833 -0.212993 -0.163028 0.023733 -0.074593 -0.101597 -0.257681
-0.275402 -0.270850 -0.190457 -0.098219 0.099130 -0.166778 -0.152671 0.186657 -0.042924 -0.191526
-0.111243 -0.212924 -0.056077 -0.117975 0.073645 0.202270 0.033565 -0.015587 -0.174578 -0.248640
-0.178977 -0.225114 0.047414 -0.199953 -0.183856 0.106277 -0.240447 -0.259803 -0.095784 -0.104256
0.104027 -0.091326 -0.233784 -0.168111 -0.095891 -0.115426 -0.079058 -0.041461 0.075010 0.306001
-0.018084 0.227025 0.009417 -0.198708 -0.254277 -0.244895 -0.218003 -0.174491 -0.253264 0.455744
-0.121106 0.114722 -0.108481 -0.216024 -0.245861 -0.265376 -0.256755 -0.264219 -0.233666 -0.257026
-0.270678 -0.254798 -0.262585 -0.266217 -0.257192 -0.223880 -0.252090 -0.277172 -0.053047 -0.048627
-0.274527 -0.256940 -0.254544 -0.152271 -0.203254 -0.222774 -0.215445 -0.207210 -0.198577 -0.229048
-0.014617 0.023130 0.258409 0.480259 -0.267931 -0.249161 -0.258049 -0.185229 -0.184808 -0.013596
-0.066800 -0.172746 -0.133980 -0.190254 -0.051163 -0.260246 -0.245019 -0.248384 -0.196515 -0.233600
-0.030340 0.254572 -0.211091 -0.265713 -0.159771 0.281036 -0.157989 -0.217131 -0.275685 -0.247256
-0.131541 0.077169 -0.210082 -0.257989 -0.207022 -0.167243 -0.216362 -0.206526 -0.095128 -0.037513
0.037244 -0.138342 -0.266448 -0.278324 -0.262469 -0.188948 -0.251326 -0.268477 -0.266774 0.089829
-0.029988 0.280363 -0.224441 -0.277479 -0.209054 -0.093852 -0.013928 -0.031671 -0.097601 -0.152300
-0.088933 -0.087561 -0.242944 -0.272739 -0.201767 0.058801 -0.151183 0.009308 -0.107341 -0.061589
-0.202676 0.868624 0.272911 -0.275589 -0.195412 -0.034036 -0.036460 -0.054618 -0.278373 -0.278137
-0.277549 -0.276586 -0.239984 0.053878 -0.181839 0.045908 0.065590 -0.190535 -0.228436 -0.196578
-0.208755 -0.008267 -0.017968 -0.068312 0.119900 -0.210205 -0.256464 -0.246253 -0.235858 -0.237644
-0.155478 -0.214125 -0.173730 -0.143860 0.005826 -0.011484 0.069724 0.001101 -0.022244 0.084671
0.012143 0.316420 0.033566 -0.026211 -0.239053 -0.114616 0.025190 -0.189778 0.068415 0.003966
-0.140966 -0.235281 -0.174811 -0.187670 -0.232198 -0.179317 -0.259756 -0.277358 -0.278362 0.047468
-0.040639 -0.202080 -0.267130 -0.241979 -0.262857 -0.095145 0.078577 -0.069566 -0.121683 -0.130563
-0.216188 -0.172318 -0.264594 -0.277873 -0.219881 -0.057028 0.351744 -0.079980 -0.221112 -0.129032
-0.077849 -0.128256 -0.268202 -0.243895 -0.271132 0.056471 0.481112 -0.168991 -0.268708 -0.165922
0.829290 0.642586 0.113701 -0.193520 -0.251665 -0.136562 -0.248303 -0.264965 -0.048637 -0.109655
-0.135414 -0.171043 -0.031482 -0.181265 -0.277204 -0.235648 0.241085 0.145081 0.174073 0.601873
0.088497 -0.269499 -0.216662 0.253667 0.044906 -0.015352 -0.089525 -0.234979 -0.149119 -0.182548
-0.199906 -0.259800 -0.270965 -0.254030 -0.274712 -0.072299 -0.144592 -0.143192 0.030866 0.062672
-0.235187 -0.277943 -0.250907 -0.232253 -0.160494 -0.215630 -0.278278 -0.266270 -0.260079 0.304373
-0.218023 -0.264571 -0.045814 0.324804 0.058081 -0.111084 -0.131969 -0.184551 -0.147579 -0.127335
-0.251055 -0.249522 -0.216213 -0.194762 -0.066144 -0.193671 -0.052276 -0.147148 -0.237035 -0.158055
-0.024579 -0.223826 -0.229486 -0.089783 0.230817 0.059606 -0.198133 -0.216108 -0.265607 -0.277506
-0.263293 -0.058722 0.101652 -0.082195 0.104745 0.196689 -0.214997 -0.186640 -0.002499 -0.105994
-0.059052 -0.147314 -0.256829 -0.253686 -0.271529 0.137980 -0.132069 -0.266497 -0.226591 -0.276710
-0.217524 -0.179963 -0.204810 -0.064531 0.179583 0.050887 0.100467 0.102979 0.102011 -0.210529
-0.085738 -0.215379 -0.083307 1.161474 1.513448 0.275525 -0.186693 -0.251918 -0.248151 -0.233814
-0.102870 -0.193289 -0.257141 -0.228877 -0.136008 -0.187075 -0.266556 -0.278452 -0.278154 0.134698
-0.258503 -0.276962 -0.110313 0.180107 -0.034485 -0.138576 -0.216631 -0.191232 -0.201205 -0.254874
-0.261319 -0.220284 -0.178387 -0.178573 -0.151747 -0.128696 -0.106879 -0.178235 -0.164437 -0.025633
-0.163681 -0.242113 -0.225571 0.018190 0.087059 -0.144496 -0.216943 -0.198376 0.033305 0.096659
0.280680 0.253558 -0.120100 -0.171374 0.177873 -0.027037 0.064701 0.043712 -0.247375 -0.235756
-0.165609 -0.089640 -0.027974 -0.083320 0.184740 -0.118297 0.034569 -0.095238 -0.046931 -0.183267
0.027614 0.332497 -0.146965 -0.275553 -0.230258 -0.119824 0.035897 -0.084148 -0.149309 -0.193763
-0.193707 -0.223656 -0.154101 0.031026 -0.052853 -0.215339 -0.235650 -0.135692 -0.171328 -0.230145
-0.181862 -0.003927 0.135825 -0.154796 -0.220673 -0.271912 -0.278420 -0.278366 -0.275112 0.144801
-0.261237 0.148169 -0.046724 0.012769 -0.114384 -0.139299 -0.234124 -0.181434 -0.172780 -0.262124
-0.224103 -0.176615 -0.117828 -0.180513 -0.197776 -0.124757 -0.211375 -0.192275 -0.179938 -0.162687
-0.229998 -0.247148 -0.265608 -0.167393 -0.064329 -0.115941 -0.149894 -0.234251 -0.155353 -0.101662
-0.005957 -0.110145 -0.125269 0.041493 -0.017455 -0.012784 -0.012040 -0.049995 -0.027877 -0.210374
-0.272000 -0.272238 -0.270391 -0.254065 0.159435 0.062966 -0.043722 -0.142822 -0.263546 -0.277852
-0.153362 0.096153 -0.008118 0.090989 -0.262513 0.115355 -0.105591 -0.150398 -0.149049 -0.195208
-0.142219 -0.165284 -0.139224 -0.126921 -0.128503 -0.179850 -0.092050 -0.105461 -0.200900 -0.232068
-0.173146 -0.195162 -0.215066 -0.244542 -0.234153 -0.272356 -0.250965 -0.257106 -0.277343 0.137934
-0.039665 0.898185 0.443720 0.297315 0.003839 -0.125806 -0.237781 -0.229299 -0.272603 -0.269199
-0.162099 -0.031149 -0.047958 -0.163739 -0.095829 -0.067853 -0.198147 -0.142715 -0.168399 -0.232841
-0.258261 -0.272328 -0.278047 -0.274643 -0.206107 -0.175988 -0.194260 -0.146846 -0.115606 -0.244205
-0.245198 -0.230608 -0.142423 -0.212927 -0.171637 -0.230492 -0.191992 -0.217627 -0.152981 -0.243349
-0.271905 0.071757 0.829706 0.156465 -0.044612 -0.214611 -0.110183 -0.148656 -0.265588 -0.104816
-0.088269 -0.114445 0.236230 0.772995 0.030106 -0.153474 -0.171057 -0.140388 -0.210712 -0.219257
-0.185874 -0.101974 0.183993 0.291226 -0.037794 -0.225812 -0.128956 -0.195285 -0.146584 -0.078129
-0.146985 -0.190125 -0.064534 -0.157675 -0.147557 -0.269882 -0.230201 -0.215802 -0.218530 0.135604
-0.032753 -0.071233 -0.153679 -0.097549 -0.259408 -0.278449 -0.266798 -0.203606 -0.195948 0.021412
0.527401 0.036281 -0.168130 -0.138553 -0.137960 -0.207745 -0.221884 -0.157371 -0.222167 -0.257662
-0.246096 -0.266436 -0.229012 -0.230678 -0.196487 -0.241430 -0.224790 -0.175059 -0.145909 -0.053088
-0.081311 -0.019133 -0.058735 -0.261012 -0.205881 -0.251327 -0.149207 -0.177109 -0.124459 -0.056059
0.140973 -0.173837 -0.161565 0.047782 0.051889 -0.270640 -0.215676 -0.226276 -0.003192 0.207362
-0.131956 -0.084457 -0.107473 -0.128257 -0.240019 -0.253859 -0.244014 -0.130133 0.198942 -0.059703
-0.223136 -0.228965 -0.209922 -0.145836 -0.214924 -0.145620 -0.069786 -0.143508 -0.051243 -0.049904
-0.193878 -0.224152 -0.225106 -0.228282 -0.235038 -0.252140 -0.277890 -0.269618 -0.251825 0.044609
0.232716 0.300761 -0.110743 -0.230891 -0.276229 -0.261120 -0.278360 -0.212428 -0.149674 -0.112964
-0.075213 -0.131221 -0.134035 -0.160556 -0.216045 -0.130491 -0.130931 -0.207348 -0.217435 -0.232004
-0.277437 -0.262001 0.028283 0.200951 -0.168272 -0.227402 -0.138199 -0.010852 -0.092786 -0.115476
-0.228633 -0.217771 -0.190494 -0.147026 -0.050742 -0.146993 -0.192855 -0.110690 -0.102908 -0.130126
-0.173273 -0.158405 -0.128453 0.088288 -0.255594 -0.270032 -0.274027 -0.272707 -0.120153 -0.086707
-0.249870 -0.219232 -0.227221 -0.277443 -0.272040 -0.277346 -0.140178 -0.167403 -0.050490 -0.133373
-0.120066 -0.067269 -0.137048 -0.099258 -0.113790 -0.128300 -0.222209 -0.253186 -0.234699 -0.266463
-0.156516 0.062417 -0.044036 -0.231926 -0.259648 -0.270046 -0.276640 -0.278197 -0.277911 0.062821
-0.024231 -0.113265 -0.275333 -0.278464 -0.263825 0.430559 0.237031 -0.277938 -0.046234 0.120627
0.016482 -0.210001 -0.220078 -0.237358 -0.226481 -0.140312 -0.248794 -0.278368 -0.262583 -0.257053
-0.162528 -0.212779 -0.168883 -0.043411 -0.164880 -0.096650 0.061728 0.001929 -0.181290 -0.154298
-0.172916 -0.122383 -0.039901 -0.139858 -0.134449 -0.170937 -0.204631 -0.174376 -0.162738 -0.158888
-0.158571 -0.099855 -0.196219 -0.168280 -0.244233 -0.155638 0.040068 -0.208218 -0.262006 -0.271547
-0.258565 -0.244266 -0.266222 -0.254677 -0.263190 -0.254843 0.130391 -0.098985 -0.125811 -0.148710
-0.171399 -0.116773 -0.264086 -0.250625 -0.224545 -0.222917 -0.174390 -0.194197 0.181586 -0.059301
-0.275239 -0.200319 -0.200002 -0.210266 -0.242329 -0.258620 -0.170471 -0.204122 -0.201461 0.562252
0.004372 -0.200165 -0.271922 -0.250450 -0.002256 0.317209 0.011118 -0.058986 -0.137222 0.258436
0.000372 -0.161532 -0.132141 -0.088817 -0.177414 -0.241908 -0.263787 -0.274833 -0.230184 -0.183595
-0.106527 -0.140727 -0.087018 -0.181399 -0.252536 -0.064634 -0.070406 -0.109144 -0.070186 -0.109798
-0.150112 -0.195913 -0.135081 -0.186328 -0.090872 -0.037316 -0.040103 -0.078210 -0.147711 -0.086412
-0.049951 -0.097255 -0.145371 -0.151613 -0.218949 -0.201407 -0.171276 -0.034399 -0.207846 -0.278234
-0.245448 -0.277006 -0.276155 -0.251404 0.263223 0.159695 -0.169951 -0.262097 -0.274776 -0.197271
-0.134313 -0.202066 -0.220223 -0.234278 -0.091099 -0.058625 -0.203461 -0.274085 -0.189995 -0.276651
-0.274188 0.414285 -0.037995 -0.138266 -0.249837 -0.267977 -0.211623 -0.267170 -0.278448 0.269126
-0.193527 -0.206351 -0.189099 0.400751 -0.009371 -0.241466 0.013501 0.903903 0.230782 0.084672
-0.114187 -0.147198 -0.228386 -0.253577 -0.278271 -0.271735 -0.200697 0.326272 0.030027 -0.056819
0.008351 -0.136357 -0.118277 -0.051645 -0.105417 -0.164887 -0.158047 -0.167521 -0.190613 -0.218867
-0.221285 -0.173415 -0.192360 -0.167064 -0.118264 -0.098320 -0.217881 -0.161812 -0.143496 -0.126675
-0.137704 -0.091399 -0.160656 -0.176036 -0.210979 -0.213829 -0.231894 -0.215292 -0.254800 -0.095645
-0.265324 -0.275842 -0.010658 0.214390 1.148493 0.655753 -0.031066 0.074120 0.304869 -0.065763
0.294846 -0.083730 -0.150029 -0.183452 0.012126 0.004604 -0.016681 -0.080443 0.144570 0.407432
0.018411 -0.267327 -0.271250 -0.278302 -0.130519 0.197518 -0.256623 -0.240294 -0.269398 -0.085360
-0.217067 0.211918 0.044659 0.723143 0.401065 -0.114370 -0.008011 -0.011808 -0.244114 -0.267730
-0.247949 -0.188574 -0.257888 -0.277828 -0.263696 -0.234051 -0.045805 0.050999 -0.065020 0.022308
0.081850 -0.153450 -0.243258 -0.170792 -0.081616 -0.156734 -0.230319 -0.230275 -0.247804 -0.231828
-0.142544 -0.055270 -0.138170 -0.097532 -0.133642 -0.041673 -0.142857 -0.140833 0.000506 -0.083708
-0.133075 -0.172410 -0.208944 -0.223446 -0.234975 -0.215008 -0.139768 -0.191863 -0.227604 -0.164925
-0.244018 0.274424 0.530654 0.008350 0.157474 -0.037406 0.000002 -0.140017 -0.199932 -0.278440
-0.275370 -0.275236 -0.251069 -0.271323 -0.162530 -0.134688 -0.227321 -0.105201 0.072900 0.314486
0.044647 -0.164038 -0.142323 0.288144 0.722898 0.303927 -0.125261 -0.151066 -0.238467 0.183163
0.171763 0.225830 0.210054 0.514839 0.072558 0.053717 -0.194660 -0.112637 -0.239503 -0.195695
-0.034671 -0.168952 -0.219631 -0.270605 -0.274787 -0.256350 -0.207943 -0.164368 -0.020398 0.218895
-0.078415 -0.208617 -0.198784 -0.193722 -0.111251 -0.211403 -0.272500 -0.242654 -0.178402 -0.212600
-0.199147 -0.195005 -0.233573 -0.255238 -0.217566 -0.135227 -0.203229 -0.162864 -0.161518 -0.173066
-0.235046 -0.214185 -0.201925 -0.240572 -0.159498 -0.214608 -0.275479 -0.197477 0.103133 -0.087546
0.225490 0.174638 -0.245504 -0.278433 -0.257637 -0.040355 0.278208 -0.126700 -0.266408 -0.278436
-0.272148 0.174796 0.682278 0.007990 -0.176780 -0.270669 -0.274623 0.127741 0.158699 0.962728
0.423985 0.042070 0.244598 0.159057 0.075455 0.086540 -0.177225 -0.245219 -0.267254 0.453581
-0.161922 -0.029663 0.059511 -0.091274 -0.158168 -0.195474 -0.253106 -0.271877 -0.269945 -0.207630
0.096594 -0.158598 -0.163018 -0.253960 -0.270507 0.004049 0.800648 0.079667 0.056990 0.041009
-0.047904 -0.105582 -0.045792 -0.153721 -0.217123 -0.225735 -0.192741 -0.094905 0.025467 -0.186281
-0.171794 -0.208894 -0.234986 -0.207232 -0.090314 -0.165047 -0.178643 0.036924 -0.225551 -0.261478
-0.235389 -0.253140 -0.203819 -0.119399 -0.130864 -0.257002 -0.227253 -0.016863 0.183572 -0.185218
-0.044453 -0.053025 -0.011779 0.029338 -0.202419 0.476195 0.769923 0.026516 -0.208498 0.299258
1.120490 0.035887 -0.137918 -0.051019 -0.033657 -0.217997 -0.144971 -0.158730 0.044151 0.211187
0.140561 0.091465 0.054548 -0.113523 -0.105880 -0.147799 -0.152591 -0.228447 -0.241535 0.303790
-0.126509 -0.199821 -0.144784 -0.231261 -0.257590 -0.277513 -0.273029 -0.266363 -0.266394 -0.167816
-0.082662 -0.251779 -0.275814 -0.272406 -0.277359 -0.050816 0.690469 -0.195824 -0.262170 -0.222784
-0.255978 -0.264914 -0.242686 -0.277575 -0.276988 -0.276646 -0.263654 -0.269253 -0.278276 -0.237379
-0.244474 -0.254811 -0.225774 -0.234265 -0.269552 -0.225817 -0.210489 -0.255676 -0.278377 -0.278178
-0.101796 -0.255474 -0.241594 -0.244557 -0.271455 -0.246998 -0.094723 0.018386 -0.207225 -0.168292
-0.135961 -0.261852 -0.276801 -0.278456 -0.271776 -0.269253 -0.277615 -0.275735 -0.250945 -0.230393
-0.194631 -0.226581 -0.208160 -0.255039 -0.246234 -0.186941 -0.251046 -0.268387 -0.253827 -0.259812
-0.247043 -0.256736 -0.252009 -0.242718 -0.237654 -0.250649 -0.253555 -0.274469 -0.271911 -0.162829
0.100949 0.093084 -0.023270 -0.160317 -0.134155 -0.028399 0.102693 0.296588 0.697947 0.130414
-0.001092 -0.022187 -0.052106 0.129025 0.543670 0.310445 -0.064602 -0.065604 0.381905 0.014032
-0.123916 -0.117644 0.001544 -0.031136 0.008148 0.071432 -0.093369 -0.116162 0.006198 0.086415
0.038290 0.118396 0.257307 0.237385 -0.030753 -0.078050 -0.001915 -0.243914 -0.000873 0.388432
0.053889 -0.006359 0.097603 0.013181 -0.008490 0.055202 0.028184 -0.166677 -0.124199 0.072663
-0.114846 -0.128869 -0.075619 0.223385 0.217067 -0.017119 -0.078655 -0.016658 0.008139 -0.047118
-0.086660 -0.031524 0.017757 -0.092486 -0.070407 -0.043140 -0.003879 0.114832 -0.062914 -0.069746
-0.033091 -0.106290 -0.111773 -0.066497 -0.022817 -0.057454 -0.052145 -0.153005 0.061054 0.693455
0.224266 -0.230536 -0.277050 -0.249318 -0.220146 -0.233364 -0.265950 -0.274836 -0.273975 -0.258766
-0.247678 -0.247094 -0.256213 -0.236176 -0.253612 -0.267362 -0.270451 -0.256989 -0.257315 -0.256597
-0.254158 -0.255938 -0.246838 -0.244677 -0.222533 -0.234750 -0.222021 -0.185793 -0.248367 -0.251325
-0.247047 -0.224953 -0.218350 -0.260758 -0.243020 -0.241542 -0.238539 -0.239498 -0.254959 -0.255614
-0.250369 -0.239234 -0.230764 -0.240611 -0.241530 -0.257628 -0.255981 -0.239016 -0.233635 -0.241210
-0.240207 -0.239504 -0.220234 -0.248483 -0.255618 -0.256273 -0.247950 -0.245416 -0.214668 -0.169802
-0.225850 -0.268822 -0.257099 -0.224542 -0.242481 -0.251593 -0.256357 -0.256657 -0.261425 -0.258567
-0.254415 -0.255408 -0.259906 -0.248019 -0.247220 -0.244612 -0.217614 -0.245967 -0.278252 -0.249752
1.662943 0.127184 0.228647 -0.015578 0.090127 0.165336 0.356554 0.240380 0.132640 0.136174
0.171626 0.050455 -0.087232 -0.066080 0.178141 0.316504 0.295877 0.053097 -0.031247 -0.103315
-0.087936 -0.037646 -0.110547 -0.131570 -0.125674 0.008441 0.088004 0.023726 0.102757 -0.148707
-0.097728 -0.062263 -0.151011 -0.102113 -0.175511 -0.138769 -0.093111 0.088572 0.049902 -0.059256
-0.066667 -0.027302 0.046769 -0.005415 -0.003283 0.028763 -0.078531 -0.140974 -0.095582 -0.031795
-0.034831 -0.001039 0.010299 0.078670 0.042431 0.028050 -0.018883 0.080462 0.032071 0.010166
0.100962 0.052595 -0.082905 -0.021704 -0.109556 -0.214373 -0.104715 0.138665 0.212523 0.192753
0.157181 0.175772 0.120193 0.007365 0.023520 0.134445 0.163266 0.217156 0.264756 -0.167926
0.238567 -0.240190 -0.154047 -0.198781 -0.042997 -0.113128 -0.231869 -0.223265 -0.223230 -0.203011
-0.233289 -0.258035 -0.260635 -0.248450 -0.210439 -0.173535 -0.212850 -0.253525 -0.273259 -0.258778
-0.261091 -0.261176 -0.269860 -0.274869 -0.273658 -0.271545 -0.245168 -0.215249 -0.274889 -0.273295
-0.272639 -0.278415 -0.275522 -0.223290 -0.265166 -0.274093 -0.276702 -0.276108 -0.275238 -0.271480
-0.272133 -0.274963 -0.272870 -0.269532 -0.269072 -0.250380 -0.238325 -0.249693 -0.249897 -0.247266
-0.277932 -0.275035 -0.276142 -0.276911 -0.263436 -0.257521 -0.273451 -0.275813 -0.186277 -0.169430
-0.277909 -0.243728 -0.268684 -0.266192 -0.220866 -0.233526 -0.273822 -0.257194 -0.266930 -0.275216
-0.277258 -0.265064 -0.266982 -0.274301 -0.275263 -0.252203 -0.214420 -0.125964 0.004411 -0.188203
-0.113298 -0.222394 -0.086879 -0.139236 0.005707 -0.080190 -0.236722 -0.252516 -0.243480 -0.210750
-0.227555 -0.261132 -0.254551 -0.233889 -0.222456 -0.197744 -0.158138 -0.125573 -0.240534 -0.246697
-0.269596 -0.266258 -0.230296 -0.185741 -0.107823 -0.209192 -0.187707 -0.157995 -0.266544 -0.220969
-0.234926 -0.270531 -0.274774 -0.263286 -0.116389 -0.062461 -0.205265 -0.218365 -0.191163 -0.147400
-0.155374 -0.197895 -0.216880 -0.257748 -0.276312 -0.277299 -0.271879 -0.264116 -0.246349 -0.251077
-0.271733 -0.136720 -0.135687 -0.237794 -0.277469 -0.272659 -0.278023 -0.272954 -0.174632 -0.124367
-0.266434 -0.266376 -0.278130 -0.267385 -0.277031 -0.277277 -0.275882 -0.020478 -0.186573 -0.253745
-0.257322 -0.163581 -0.146528 -0.132054 -0.160305 -0.147986 -0.052197 0.023369 -0.067339 -0.244640
-0.207928 -0.221560 -0.009400 -0.065970 -0.160832 -0.174802 -0.236367 -0.269554 -0.273280 -0.252349
-0.243807 -0.251325 -0.219674 -0.234417 -0.257731 -0.275326 -0.247887 -0.214685 -0.232677 -0.257837
-0.273832 -0.273683 -0.278305 -0.270788 -0.257403 -0.270345 -0.265750 -0.275762 -0.278410 -0.278457
-0.269242 -0.255013 -0.257301 -0.273796 -0.276565 -0.277369 -0.278464 -0.277378 -0.269590 -0.254364
-0.263216 -0.277028 -0.275203 -0.269838 -0.252896 -0.240762 -0.219196 -0.190514 -0.188936 -0.195345
-0.196687 -0.258225 -0.275337 -0.276805 -0.276309 -0.265072 -0.229094 -0.221979 -0.257744 -0.278460
-0.277896 -0.274768 -0.230526 -0.196529 -0.214732 -0.218158 -0.220911 -0.250601 -0.271068 -0.273558
-0.277797 -0.211313 -0.145413 -0.050085 -0.038076 -0.100943 -0.120300 0.060342 -0.039298 -0.230709
-0.257758 -0.254456 -0.090500 -0.127873 -0.187616 -0.210431 -0.203691 -0.237691 -0.251966 -0.237601
-0.122644 -0.146910 -0.208075 -0.218252 -0.247100 -0.271163 -0.270739 -0.237291 -0.225849 -0.271451
-0.276063 -0.277725 -0.267658 -0.227014 -0.206638 -0.216476 -0.230618 -0.255801 -0.250420 -0.271270
-0.278464 -0.269246 -0.273255 -0.278455 -0.269237 -0.255707 -0.186940 -0.188266 -0.111907 -0.075667
-0.139048 -0.262760 -0.277054 -0.258808 -0.238984 -0.259802 -0.271257 -0.263410 -0.264021 -0.277883
-0.277443 -0.258017 -0.222605 -0.213932 -0.203480 -0.270486 -0.278462 -0.278416 -0.257303 -0.183597
-0.190353 -0.266022 -0.260137 -0.235412 -0.243102 -0.277897 -0.228054 -0.199484 -0.174222 -0.130743
-0.193386 -0.133812 -0.148431 -0.092014 -0.068692 -0.056989 -0.151045 -0.149081 -0.083358 -0.242358
-0.250194 -0.248458 -0.167362 -0.184201 -0.256925 -0.270030 -0.265408 -0.275346 -0.259543 -0.232521
-0.038056 -0.031420 -0.164529 -0.119316 -0.119302 -0.220450 -0.236319 -0.131521 -0.121445 -0.199341
-0.208796 -0.213377 -0.187072 -0.119329 -0.152733 -0.180062 -0.088033 -0.095819 -0.080133 -0.170074
-0.235675 -0.259525 -0.228612 -0.115806 -0.195586 -0.138317 0.158154 0.336146 0.329361 0.083864
-0.099170 -0.204968 -0.237491 -0.229928 -0.230923 -0.125066 -0.055863 -0.164005 -0.145360 0.012805
0.217186 0.492849 0.220127 0.277493 0.415874 0.136642 -0.120210 -0.147104 -0.024707 0.225002
0.269820 0.045637 -0.254639 -0.273968 -0.275796 0.226652 0.485207 0.038503 0.085881 0.387812
0.344522 -0.087439 -0.117963 -0.006234 -0.022647 0.075274 -0.109711 -0.118736 -0.068514 -0.244669
-0.258965 -0.263771 -0.177418 -0.235218 -0.278465 -0.273625 -0.240681 -0.242079 -0.274057 -0.278398
-0.277251 -0.266247 -0.277131 -0.270643 -0.269589 -0.266121 -0.252057 -0.173098 -0.194446 -0.252263
-0.247691 -0.267172 -0.277354 -0.278418 -0.278452 -0.272670 -0.254301 -0.258579 -0.246446 -0.256950
-0.277179 -0.276179 -0.267078 -0.244856 -0.209688 -0.076171 0.133167 0.559686 -0.081593 -0.238748
-0.251468 -0.239170 -0.263530 -0.278132 -0.278158 -0.276666 -0.202142 -0.079147 0.054164 0.265816
0.446863 0.033877 -0.156489 -0.145492 -0.124237 -0.079736 -0.008050 -0.070687 -0.180918 -0.155214
-0.129402 -0.119303 -0.264687 -0.267668 -0.275513 0.123655 0.248083 -0.150754 -0.050490 0.171898
0.235713 -0.122950 -0.180546 -0.161572 -0.108643 -0.052697 -0.121110 -0.110588 -0.101691 -0.248166
-0.269646 -0.263415 -0.147042 -0.220899 -0.239023 -0.259775 -0.270647 -0.272248 -0.262628 -0.248828
-0.271959 -0.274413 -0.273862 -0.269775 -0.251013 -0.271806 -0.277634 -0.248412 -0.142557 -0.052193
0.029099 0.079283 -0.189205 -0.252604 -0.264381 -0.243039 -0.209540 -0.235143 -0.226779 -0.210653
-0.238734 -0.277574 -0.278343 -0.268675 -0.129610 0.364876 0.431706 0.008954 -0.243644 -0.244495
-0.213096 -0.149594 -0.096955 -0.189790 -0.259202 -0.252285 -0.150294 0.378113 0.795996 0.638602
0.188505 -0.138887 -0.091116 -0.119159 -0.106982 0.012915 0.166398 0.074233 -0.148042 -0.202269
-0.121391 0.059120 -0.092382 -0.234648 -0.173520 0.106612 -0.046484 -0.138442 0.095203 0.167954
-0.038931 -0.165899 -0.210212 -0.198265 -0.179692 -0.146201 -0.139342 -0.097803 -0.093886 -0.256260
-0.265964 -0.258937 -0.152546 -0.111966 0.077266 0.012417 0.396457 -0.119256 -0.276522 -0.258365
-0.278395 -0.278446 -0.278418 -0.277760 -0.274542 -0.277135 -0.272242 -0.278170 -0.206771 -0.103667
-0.207473 -0.169393 -0.235778 -0.260967 -0.260725 -0.255350 -0.259871 -0.237742 -0.214238 -0.152947
-0.114247 -0.256203 -0.276942 -0.273514 -0.008378 0.463628 0.230065 -0.235703 -0.263257 -0.231349
-0.174738 -0.155011 -0.122021 -0.077656 -0.132676 -0.193269 -0.062551 0.023397 -0.043777 -0.123694
-0.248773 -0.210410 -0.090025 -0.174598 -0.217048 -0.244897 -0.221134 -0.181375 -0.182580 -0.207981
-0.202099 -0.197752 -0.258361 -0.276035 -0.250875 -0.233348 -0.236588 0.050813 0.252315 0.068824
-0.142974 -0.131469 -0.113898 -0.178556 -0.191230 -0.183073 -0.155858 -0.117189 -0.086890 -0.256655
-0.240977 -0.257555 -0.134194 0.003270 0.307562 0.256369 0.140724 -0.085934 -0.136687 -0.191561
-0.264634 -0.255507 -0.201140 -0.100654 0.009257 0.011386 -0.134983 -0.192315 -0.033094 -0.099968
-0.127541 -0.189639 -0.250128 -0.275428 -0.274519 -0.234030 -0.170144 -0.100571 0.102890 0.242257
0.133444 -0.126197 -0.196793 0.062640 0.604137 0.615806 0.040523 -0.215123 -0.204864 -0.212531
-0.041364 0.104675 0.287245 0.267701 0.155047 -0.075513 -0.134211 -0.207412 -0.274829 -0.264767
-0.272893 -0.273930 -0.268059 -0.239502 -0.175449 -0.235235 -0.274556 -0.277430 -0.196466 -0.040637
-0.148602 -0.198231 -0.212100 -0.270646 -0.278367 -0.278454 -0.232709 0.009556 0.092935 0.000886
-0.124378 -0.038581 0.036809 -0.071891 -0.144419 -0.236637 -0.189879 -0.079920 -0.048339 -0.249078
-0.217371 -0.277341 -0.124159 -0.034329 0.062638 -0.010542 -0.117944 -0.223113 -0.267108 -0.274671
-0.231829 -0.189035 -0.054756 0.123473 0.165999 0.115937 -0.108566 -0.130253 -0.124411 -0.246144
-0.235377 -0.247046 -0.249095 -0.213708 -0.145158 0.072967 -0.154768 -0.121964 0.027420 0.135210
-0.093573 -0.160749 -0.001409 0.271678 0.325413 -0.077271 -0.234239 -0.226955 -0.223280 -0.251423
-0.196594 0.008671 0.275031 0.263586 0.184448 0.071403 -0.192506 -0.259652 -0.276898 -0.274579
-0.267035 -0.224331 -0.255698 -0.264083 -0.095169 -0.046514 -0.237041 -0.274374 -0.256409 -0.086398
-0.162446 -0.232294 -0.168820 -0.228631 -0.271408 -0.274789 -0.231202 -0.059819 0.006926 -0.096777
-0.154166 -0.062199 0.129325 0.138773 -0.139667 -0.247541 -0.208458 -0.145280 -0.085632 -0.255757
-0.254581 -0.268639 -0.115882 -0.078699 -0.062167 -0.138674 -0.234556 -0.277905 -0.272183 -0.276499
-0.181831 -0.045729 0.291644 0.195629 0.260112 0.414166 0.242219 -0.102593 -0.265227 -0.274817
-0.277704 -0.274588 -0.268938 -0.238774 0.133549 0.415302 0.395956 0.187348 0.288311 0.277646
0.030661 -0.006644 0.095971 0.044429 -0.218137 -0.267484 -0.213628 0.014728 -0.111578 -0.217559
-0.182106 0.072135 0.368172 0.227397 0.171615 0.148205 -0.073628 -0.203886 -0.204594 -0.238236
-0.276233 -0.267979 -0.269797 -0.278456 -0.232056 -0.072522 -0.141486 -0.234113 -0.266005 -0.238830
-0.244601 -0.246691 -0.257311 -0.275494 -0.278380 -0.278465 -0.274767 -0.195579 -0.056835 -0.087589
-0.159881 -0.112651 -0.042682 -0.080091 -0.165901 -0.146887 -0.162702 -0.165687 -0.098980 -0.250351
-0.258418 -0.257625 -0.193307 -0.204566 -0.229608 -0.242174 -0.260442 -0.271049 -0.277106 -0.182999
-0.003525 0.223492 0.056604 -0.149215 -0.083843 0.157148 0.145709 -0.177020 -0.271552 -0.267608
-0.274956 -0.261952 -0.163549 -0.127072 0.487440 0.209137 0.417836 0.210472 0.269102 -0.083701
-0.082277 -0.174728 -0.228637 -0.233383 -0.273455 -0.220842 -0.054293 0.198619 -0.180125 -0.266692
-0.268958 -0.014310 0.053613 -0.094154 -0.103492 -0.166474 -0.250851 -0.251964 -0.174121 -0.167860
-0.278130 -0.275314 -0.267451 -0.277966 -0.244344 -0.095549 -0.063953 -0.134218 -0.223246 -0.241196
-0.204105 -0.207536 -0.275657 -0.275122 -0.268980 -0.276449 -0.277622 -0.227631 -0.076156 0.026751
-0.066949 -0.178947 -0.226521 -0.230086 -0.147266 -0.042881 -0.159191 -0.162146 -0.117163 -0.239796
-0.244512 -0.272585 -0.273980 -0.278413 -0.274615 -0.277549 -0.274843 -0.276919 -0.278128 -0.023395
0.417104 0.677291 -0.014603 -0.116638 -0.131728 -0.146655 -0.090656 -0.138678 -0.221446 -0.250420
-0.262718 -0.257105 -0.145281 -0.097906 -0.064152 0.133678 0.183729 0.097520 -0.182095 -0.228756
-0.227487 -0.242763 -0.271129 -0.278228 -0.277812 -0.232229 -0.113573 0.365823 0.012143 -0.233025
-0.241657 -0.170759 -0.260910 -0.272110 -0.211352 -0.241647 -0.273409 -0.275928 -0.275149 -0.262332
-0.225252 -0.244473 -0.278099 -0.262911 -0.170351 0.032711 0.266783 0.171677 -0.130196 -0.215999
-0.088178 -0.014613 -0.254687 -0.272501 -0.224832 -0.239650 -0.262798 -0.268971 -0.166646 -0.004641
-0.064840 -0.182905 -0.247678 -0.263428 -0.233363 -0.178420 -0.217107 -0.181737 -0.136215 -0.248772
-0.246133 -0.278435 -0.277588 -0.277687 -0.277354 -0.278238 -0.187053 -0.203707 0.028168 -0.086562
-0.093659 -0.073810 -0.148606 -0.097159 -0.197133 -0.210300 -0.129387 -0.090268 -0.114387 -0.071304
-0.115807 -0.165941 0.075736 0.556991 0.092894 -0.106694 -0.189848 -0.180641 -0.231040 -0.198037
-0.204114 -0.194842 0.003852 -0.100580 -0.138014 -0.240841 -0.140625 0.077203 0.234824 -0.057100
-0.198951 -0.251404 -0.257821 -0.262063 -0.278304 -0.273558 -0.277020 -0.277808 -0.253192 -0.226316
-0.265586 -0.273082 -0.266355 -0.255461 -0.211968 -0.010483 0.341212 0.329331 -0.061320 -0.187219
-0.154306 -0.066661 -0.253834 -0.275349 -0.245170 -0.254915 -0.272943 -0.276265 -0.203113 -0.088623
-0.134127 -0.171561 -0.214229 -0.217541 -0.213249 -0.159160 -0.157929 -0.078880 -0.079293 -0.255848
-0.268018 -0.276362 -0.274067 -0.276229 -0.275767 -0.277391 0.135608 1.138729 0.604895 -0.141297
-0.209123 -0.174165 -0.081448 -0.159603 -0.240314 -0.201879 -0.208902 -0.103872 0.229035 0.327558
0.043130 0.174871 0.288394 0.269152 -0.022508 -0.206894 -0.165297 -0.166882 -0.048302 -0.048412
-0.056898 0.004231 0.188743 0.248797 0.057730 -0.116728 -0.051585 -0.039207 0.317307 0.232147
-0.080195 -0.247543 -0.273909 -0.278234 -0.226697 -0.218135 -0.218419 -0.191713 -0.136067 -0.115944
-0.166050 -0.228791 -0.246789 -0.258969 -0.277857 -0.206408 -0.057115 -0.023212 -0.146604 -0.199350
-0.212440 -0.222425 -0.275814 -0.198791 -0.155613 -0.186943 -0.220840 -0.278109 -0.225992 -0.141912
-0.175187 -0.211191 -0.173783 -0.035573 -0.066637 -0.045874 -0.055724 -0.026011 -0.064579 -0.250153
-0.264377 -0.215521 0.020590 -0.009372 0.039112 -0.204757 -0.083566 0.116010 -0.186402 -0.241297
-0.247645 -0.223631 -0.107415 -0.088457 -0.172918 -0.247033 -0.272063 -0.184504 -0.086465 -0.053222
-0.140153 0.266127 0.053174 -0.211394 -0.235372 -0.205105 -0.181946 -0.162814 -0.080385 -0.115161
-0.059535 0.003652 -0.095780 -0.065826 -0.115807 -0.146756 -0.170539 -0.234890 -0.040891 0.090522
-0.105761 -0.212452 -0.227376 -0.271635 -0.246862 -0.255278 -0.265962 -0.261708 -0.219762 -0.234648
-0.269099 -0.276799 -0.276762 -0.278142 -0.269144 0.109311 0.019747 -0.076991 -0.115764 -0.137541
-0.173723 -0.202944 -0.275213 -0.180301 -0.132474 -0.200112 -0.278272 -0.220371 -0.176154 -0.140617
-0.193393 -0.234437 -0.170866 -0.094326 -0.023878 -0.091469 -0.060140 -0.083390 -0.114875 -0.252838
-0.265225 -0.153179 0.343444 0.141902 0.272166 0.310622 -0.171227 -0.267983 -0.272994 -0.278270
-0.258696 -0.227515 -0.190992 -0.126029 -0.158544 -0.269093 -0.275977 -0.269953 -0.274480 -0.262227
-0.146577 -0.009721 -0.239067 -0.272454 -0.269512 -0.174530 -0.085053 -0.054850 -0.115329 -0.071455
0.079398 0.037917 -0.062720 0.063799 -0.170891 -0.179308 -0.155556 -0.216959 -0.036236 0.107635
-0.059767 -0.160361 0.006171 -0.263476 -0.258797 -0.277430 0.084454 -0.110615 -0.175519 -0.128594
0.142968 0.488955 0.280405 -0.136568 0.182298 0.546668 -0.035982 -0.051421 0.035256 -0.023232
-0.071139 -0.111791 -0.241328 -0.219894 -0.175977 -0.275436 -0.098646 -0.126521 -0.098220 -0.045573
-0.033383 -0.019964 0.003767 0.048953 -0.079219 -0.172508 -0.165621 -0.100350 -0.100506 -0.249222
-0.251980 -0.233104 0.088635 0.007816 0.052071 0.097224 -0.277242 -0.248187 -0.240039 -0.270968
-0.260915 -0.101951 -0.211591 -0.220617 -0.218866 -0.196863 -0.212027 -0.278443 -0.278279 -0.241115
0.041367 -0.023330 -0.048653 -0.218271 -0.250928 -0.188963 -0.129601 -0.125198 -0.091857 -0.009756
-0.044063 -0.152123 -0.148280 -0.217987 -0.248772 -0.249430 -0.264085 -0.204262 -0.013152 -0.057950
-0.087203 -0.092864 -0.009190 -0.241656 -0.274321 -0.259821 -0.042586 -0.000125 0.306384 0.530740
0.790571 0.786283 0.598098 0.277094 0.491190 -0.198033 -0.256298 -0.197640 -0.056220 -0.056379
-0.099689 -0.051371 -0.250879 -0.223799 -0.230117 -0.265212 -0.105516 -0.077459 -0.062211 0.001459
0.047026 0.039108 0.030828 0.007275 -0.112425 -0.209716 -0.202184 -0.134602 -0.114991 -0.256873
-0.233239 -0.268138 -0.132707 -0.073498 -0.091479 -0.189692 -0.278428 -0.270482 -0.217556 -0.218916
-0.250475 -0.251042 -0.239696 -0.260371 -0.246182 -0.195317 -0.231609 -0.277033 -0.227757 -0.081124
0.331366 -0.178207 -0.075133 -0.030867 -0.106185 -0.119283 -0.141713 -0.156630 -0.095762 -0.014872
0.016346 0.018529 -0.024153 -0.177991 -0.273720 -0.277595 -0.278370 -0.098054 0.025713 0.005851
0.061114 0.062439 0.075540 -0.081793 -0.008128 0.066961 0.213303 0.250032 0.568743 0.638965
0.482563 0.221441 0.286182 0.479535 -0.114476 -0.278137 -0.228711 -0.141740 -0.078106 -0.092209
-0.109761 -0.037571 -0.215824 -0.272755 -0.278464 -0.136744 -0.156694 -0.012813 -0.060308 -0.018844
0.028914 -0.004030 -0.059808 -0.093521 -0.176329 -0.212743 -0.188673 -0.098636 -0.113968 -0.268087
-0.250148 -0.262623 -0.160656 -0.187368 -0.110431 -0.182628 -0.257906 -0.278419 -0.243345 -0.235140
-0.269207 -0.278450 -0.270142 -0.258111 -0.224509 -0.154000 -0.201425 -0.249176 -0.164628 -0.010948
-0.089593 -0.182587 -0.055013 0.109470 -0.111842 -0.110218 -0.154102 -0.212698 -0.194381 -0.157019
-0.088257 -0.073376 -0.016124 0.040347 -0.243198 -0.277953 -0.276089 -0.204139 -0.212093 -0.186385
-0.095153 -0.065645 -0.071323 -0.188336 -0.108941 0.138407 0.282833 0.182431 0.090876 0.053194
-0.077340 -0.161214 -0.128494 -0.052134 -0.276470 -0.278453 -0.178806 -0.121287 -0.160112 -0.189890
-0.196791 -0.171776 -0.228796 -0.277157 -0.277967 -0.192509 -0.002964 -0.016056 -0.147072 -0.076596
-0.053988 -0.102220 -0.053356 -0.121026 -0.162090 -0.212737 -0.201801 -0.160973 -0.159668 -0.254796
-0.273260 -0.254913 -0.177115 -0.213834 -0.142951 -0.165116 -0.237829 -0.277363 -0.236434 -0.239527
-0.244416 -0.262537 -0.275485 -0.242789 -0.226705 -0.139477 -0.125775 -0.128778 -0.061227 0.094650
-0.227398 -0.149015 -0.124742 -0.026688 -0.129227 -0.202867 -0.236426 -0.266260 -0.261532 -0.251456
-0.209370 -0.218497 -0.091543 0.022734 -0.075428 -0.066401 -0.186731 -0.059342 -0.222516 -0.233543
-0.224684 -0.185033 -0.121519 -0.206880 -0.090266 0.004705 -0.021261 -0.166980 -0.233393 -0.242405
-0.272331 -0.277310 -0.273527 -0.274669 -0.243185 -0.272600 -0.274612 -0.237291 -0.251201 -0.252985
-0.252507 -0.203106 -0.200051 -0.271454 -0.221809 0.119622 0.434063 -0.173533 -0.222150 -0.144043
-0.161730 -0.186981 -0.121056 -0.110964 -0.120320 -0.206655 -0.219201 -0.168362 -0.102700 -0.246173
-0.276777 -0.229865 -0.204862 -0.224537 -0.165682 -0.217914 -0.272096 -0.267858 -0.166386 -0.167696
-0.174574 -0.220009 -0.275774 -0.237979 -0.249139 -0.212170 -0.116436 -0.185519 -0.227674 -0.143717
-0.194614 -0.184095 -0.148166 -0.127638 -0.198933 -0.236636 -0.266095 -0.275742 -0.276953 -0.274141
-0.273293 -0.257032 -0.228395 -0.165453 0.123562 0.414158 0.275408 -0.199872 -0.260880 -0.264291
-0.264591 -0.187479 -0.042893 -0.168864 -0.119061 -0.160348 -0.201601 -0.249011 -0.251364 -0.244047
-0.274518 -0.278464 -0.266136 -0.250224 -0.273856 -0.270220 -0.266978 -0.269740 -0.256302 -0.255169
-0.258225 -0.154002 -0.033657 -0.174940 0.105893 0.616678 0.337312 -0.272291 -0.265898 -0.196899
-0.192748 -0.214436 -0.170150 -0.129064 -0.147548 -0.218938 -0.236276 -0.197312 -0.102898 -0.246091
-0.248778 -0.243964 -0.174411 -0.188806 -0.166501 -0.209637 -0.247746 -0.245636 -0.152822 -0.188670
-0.222033 -0.226582 -0.273254 -0.239020 -0.276353 -0.268687 -0.200245 -0.231145 -0.260051 -0.245904
-0.231249 -0.158571 -0.167514 -0.200143 -0.235806 -0.257738 -0.266050 -0.277447 -0.278282 -0.267660
-0.187478 -0.262550 -0.261184 -0.221205 0.045978 0.352759 0.541304 -0.220648 -0.260209 -0.253067
-0.254544 -0.162231 0.024422 0.005354 -0.157753 -0.230252 -0.240856 -0.257966 -0.264514 -0.259170
-0.242492 -0.267169 -0.272777 -0.272393 -0.260813 -0.270923 -0.273567 -0.254858 -0.255092 -0.258097
-0.277005 -0.255252 -0.004927 0.263878 0.470324 0.480679 -0.108089 -0.275265 -0.226046 -0.140894
-0.106642 -0.114352 -0.125901 -0.130776 -0.142011 -0.181984 -0.234135 -0.130623 -0.143175 -0.248447
-0.258285 -0.274252 -0.075608 -0.171044 -0.223203 -0.189734 -0.214309 -0.198215 -0.156389 -0.233628
-0.273018 -0.276310 -0.271232 -0.231074 -0.235615 -0.243587 -0.219135 -0.184056 -0.160416 -0.229758
-0.207146 -0.061034 -0.170492 -0.240897 -0.247119 -0.252397 -0.252722 -0.277470 -0.276826 -0.207422
-0.063657 -0.026157 -0.261471 -0.126333 -0.035482 -0.012759 -0.030697 -0.234299 -0.223963 -0.190658
-0.161455 -0.199639 -0.115015 -0.069214 -0.192185 -0.204816 -0.171144 -0.237194 -0.277246 -0.274238
-0.277608 -0.278453 -0.277975 -0.277841 -0.262334 -0.148768 -0.080540 -0.257366 -0.267975 -0.261782
-0.275167 -0.278435 -0.237859 -0.161149 -0.143016 -0.048518 -0.238342 -0.206542 -0.092599 -0.085631
-0.062557 -0.074980 -0.154430 -0.167847 -0.084665 -0.127863 -0.247444 -0.141175 -0.141025 -0.248952
-0.270967 -0.241675 -0.062649 -0.161067 -0.159551 -0.087161 -0.118919 -0.276781 -0.278232 -0.236645
-0.254229 -0.251117 -0.190102 -0.214473 -0.062495 -0.155969 -0.188954 -0.171199 -0.134070 -0.212750
-0.099028 -0.092320 -0.187297 -0.175147 -0.170778 -0.219950 -0.197834 -0.233595 -0.278184 -0.186015
-0.107136 -0.027142 -0.277796 -0.204593 -0.061752 -0.155097 -0.185087 -0.182389 -0.102310 -0.190476
-0.218002 -0.256417 -0.244260 -0.239005 -0.240343 -0.233214 -0.253093 -0.234184 -0.251399 -0.278440
-0.274024 -0.265722 -0.268338 -0.263073 -0.148631 0.023957 0.012228 -0.195670 -0.149377 -0.126439
-0.236165 -0.272334 -0.276375 -0.274156 -0.273294 -0.278081 -0.256773 -0.092459 0.074680 0.085453
0.050110 -0.061582 -0.151124 -0.132530 -0.112918 -0.076493 -0.144988 -0.084501 -0.137835 -0.254537
-0.209248 -0.256076 -0.198504 -0.161196 -0.098344 -0.114831 -0.152423 -0.278226 -0.278465 -0.266042
-0.240630 -0.149522 -0.205762 -0.146099 0.055280 -0.080854 -0.150898 -0.221759 -0.209147 -0.230131
-0.092612 -0.171819 -0.209678 -0.163025 -0.140096 -0.157671 -0.052117 0.330338 0.448042 -0.262718
-0.262554 -0.278454 0.081430 -0.081394 -0.027738 -0.196539 -0.210903 -0.130573 -0.141341 -0.189994
-0.237840 -0.247564 -0.212871 -0.193028 -0.220391 -0.242099 -0.278108 -0.277813 -0.274409 -0.270439
-0.234905 -0.157744 -0.041129 -0.042994 -0.157226 -0.137199 -0.113790 -0.074712 0.034181 -0.037487
-0.210038 -0.264975 -0.277905 -0.256116 -0.238773 -0.244773 -0.277805 -0.037410 0.215504 0.117552
-0.031014 -0.109258 -0.147336 -0.134762 -0.167396 -0.194361 -0.231787 -0.137750 -0.115227 -0.243126
-0.196099 -0.278034 -0.238520 -0.154916 -0.062706 -0.119223 -0.167677 -0.277699 -0.256644 -0.277283
-0.257795 -0.225328 -0.252207 -0.223644 -0.185099 -0.201412 -0.186652 -0.186063 -0.218096 -0.158915
-0.135808 -0.200521 -0.217651 -0.133081 -0.101967 -0.082880 -0.045372 -0.128109 -0.277249 0.049808
0.398794 1.001327 0.091313 -0.029744 -0.068123 -0.206961 -0.219202 -0.207527 -0.233983 -0.243583
-0.273638 -0.269563 -0.259075 -0.243288 -0.260448 -0.262499 -0.277251 -0.266907 -0.233128 -0.260140
-0.278305 -0.277679 -0.209564 -0.152713 -0.255110 -0.260949 -0.210388 -0.162306 -0.139596 -0.170301
-0.153095 -0.235288 -0.278463 -0.262337 -0.220410 -0.218359 -0.263300 -0.224088 0.010803 -0.037263
-0.114519 -0.161968 -0.175084 -0.179455 -0.206213 -0.227303 -0.260084 -0.199374 -0.126394 -0.244500
-0.252735 -0.275620 -0.220050 -0.201515 -0.117287 -0.115679 -0.102893 -0.270099 -0.278105 -0.275511
-0.265129 -0.264539 -0.244366 -0.259134 -0.278445 -0.278355 -0.264845 -0.224646 -0.211938 -0.087505
-0.160315 -0.218421 -0.179080 -0.125925 -0.110727 -0.053695 0.037142 0.013380 -0.277271 -0.270655
-0.276074 -0.025915 -0.207857 -0.135178 -0.211097 -0.220760 -0.219795 -0.223014 -0.229903 -0.231354
-0.217657 -0.134019 -0.211789 -0.205158 -0.246559 -0.174205 -0.222008 -0.271406 -0.273870 -0.277237
-0.251048 -0.258268 -0.199277 -0.198422 -0.260269 -0.274097 -0.232493 -0.143283 -0.094895 -0.132918
-0.133922 -0.240002 -0.277911 -0.276202 -0.251651 -0.230591 -0.271430 -0.229303 -0.081339 -0.146772
-0.179472 -0.159561 -0.152772 -0.189739 -0.224987 -0.221908 -0.259673 -0.189494 -0.101304 -0.223490
-0.275143 -0.233792 -0.216662 -0.227023 -0.191746 -0.217142 -0.220509 -0.273487 -0.263490 -0.273565
-0.273980 -0.276497 -0.242005 -0.254486 -0.267015 -0.263004 -0.269834 -0.277434 -0.254443 -0.005337
-0.091140 -0.214893 -0.223261 -0.168251 -0.156767 -0.158179 -0.024922 0.047811 -0.179589 -0.199681
0.374765 0.428736 -0.270674 -0.226990 -0.262680 -0.271672 -0.264043 -0.245739 -0.212277 -0.133252
-0.029016 -0.102720 -0.163798 -0.219034 -0.215022 -0.142513 -0.118145 -0.211781 -0.165900 -0.142244
-0.081477 0.049600 -0.138563 -0.192786 -0.217795 -0.257651 -0.239545 -0.177129 -0.093431 -0.083163
-0.186163 -0.256634 -0.278044 -0.248099 -0.192873 -0.198363 -0.256210 -0.197233 -0.219895 -0.201751
-0.229586 -0.167471 -0.188759 -0.217607 -0.214776 -0.173499 -0.249652 -0.218405 -0.147168 -0.235584
-0.256877 -0.191410 -0.111962 -0.183391 -0.177413 -0.183398 -0.135476 -0.261731 -0.277167 -0.277771
-0.266718 -0.205146 -0.202726 -0.270520 -0.278244 -0.277807 -0.271780 -0.258971 -0.277788 0.214594
0.036755 -0.147883 -0.178870 -0.198217 -0.192127 -0.193950 -0.168821 -0.133833 -0.032959 -0.003359
0.542508 0.204793 -0.176759 -0.257829 -0.259937 -0.278217 -0.275525 -0.257228 -0.200555 -0.154000
-0.004224 -0.136170 -0.228797 -0.259936 -0.196135 -0.156103 -0.087434 -0.212686 -0.145147 0.063337
0.001906 -0.153743 -0.262205 -0.235995 -0.218955 -0.213406 -0.227125 -0.164862 -0.051449 -0.108716
-0.221833 -0.245407 -0.255756 -0.269087 -0.237189 -0.238889 -0.255393 -0.264089 -0.270915 -0.218142
-0.237971 -0.163662 -0.204330 -0.185375 -0.109635 0.007229 -0.148132 -0.155305 -0.046102 -0.240079
-0.244811 -0.271818 -0.132640 -0.162101 -0.157620 -0.109873 -0.151580 -0.264199 -0.278441 -0.278246
-0.278202 -0.267036 -0.213463 -0.219413 -0.227619 -0.221546 -0.226485 -0.223671 -0.243181 -0.253689
-0.210802 -0.110765 -0.172818 -0.223619 -0.251178 -0.266617 -0.265949 -0.230818 -0.198305 -0.185036
-0.124219 -0.166500 -0.228952 -0.250222 -0.277660 -0.276598 -0.276845 -0.274404 -0.253719 -0.237654
-0.207256 -0.203264 -0.268932 -0.273563 -0.260305 -0.226839 -0.171410 -0.217693 -0.091141 0.129469
-0.056866 -0.257580 -0.266240 -0.219097 -0.234945 -0.231181 -0.238983 -0.160840 -0.165863 -0.221641
-0.252772 -0.269098 -0.276650 -0.183218 -0.186058 -0.267037 -0.278386 -0.277815 -0.258070 -0.254330
-0.252672 -0.223724 -0.242096 -0.206535 -0.164202 0.020755 -0.081750 -0.156847 -0.044240 -0.260731
-0.231713 -0.277510 -0.183786 -0.190944 -0.152963 -0.178532 -0.236742 -0.270176 -0.276153 -0.223066
-0.242696 -0.276211 -0.273543 -0.255251 -0.246057 -0.258873 -0.275366 -0.273965 -0.252890 -0.276100
-0.230836 0.018781 -0.047106 -0.180794 -0.261445 -0.277025 -0.277506 -0.260572 -0.251168 -0.238271
-0.249250 -0.258076 -0.244325 -0.247208 -0.277728 -0.267580 -0.261820 -0.254608 -0.160103 -0.236175
-0.253896 -0.181934 -0.178807 -0.228829 -0.244851 -0.203865 -0.079789 -0.165876 -0.207976 -0.261510
-0.260450 -0.244269 -0.250360 -0.255875 -0.260016 -0.218344 -0.192118 -0.163522 -0.212202 -0.211629
-0.220855 -0.226036 -0.276196 -0.233209 -0.244286 -0.271464 -0.225388 -0.062864 -0.199527 -0.182789
-0.161467 -0.187755 -0.199875 -0.191098 -0.149933 -0.059763 -0.156842 -0.131053 -0.082226 -0.268441
-0.257781 -0.274960 -0.224216 -0.200927 -0.083628 -0.101269 -0.170289 -0.272199 -0.262774 -0.133834
-0.143228 -0.221930 -0.249049 -0.257734 -0.263904 -0.253254 -0.243939 -0.178054 -0.208381 -0.222422
-0.119075 -0.024863 -0.041985 -0.176116 -0.243536 -0.273225 -0.276608 -0.259307 -0.259191 -0.244898
-0.264328 -0.257863 -0.253231 -0.243055 -0.087600 0.074991 -0.270330 -0.240090 -0.123658 -0.233960
-0.257217 -0.203121 -0.148707 -0.185080 -0.235796 -0.183936 -0.025081 -0.061121 -0.250747 -0.273552
-0.269984 -0.260256 -0.253540 -0.272641 -0.262978 -0.250762 -0.237006 -0.243450 -0.233118 -0.193257
-0.183305 -0.171838 -0.268673 -0.269779 -0.277106 -0.199270 0.126782 0.030122 -0.052528 0.092758
0.030774 -0.161912 -0.124999 -0.146063 -0.106172 -0.163106 -0.221208 -0.220096 -0.188781 -0.263399
-0.241763 -0.254047 -0.159268 -0.163484 -0.147124 -0.148946 -0.068731 -0.274332 -0.246919 -0.209281
-0.204279 -0.272455 -0.272506 -0.267050 -0.223344 -0.209018 -0.244810 -0.278370 -0.268900 -0.049542
-0.078563 -0.101377 -0.162837 -0.208486 -0.229907 -0.253906 -0.268878 -0.268221 -0.247314 -0.252689
-0.258515 -0.238443 -0.247907 -0.237601 -0.203692 -0.179925 -0.224862 -0.191891 -0.243696 -0.213317
-0.231678 -0.246341 -0.210144 -0.193455 -0.222764 -0.229891 -0.211801 -0.190571 -0.200443 -0.193787
-0.230546 -0.260224 -0.261390 -0.249379 -0.223851 -0.230951 -0.223844 -0.182967 -0.124657 -0.034368
-0.044676 -0.030964 -0.218251 -0.273487 -0.243326 0.156149 0.452876 -0.104293 -0.044418 0.000850
-0.107824 -0.205802 -0.147046 -0.132632 -0.134416 -0.094334 -0.160418 -0.220259 -0.198202 -0.248570
-0.250337 -0.248677 -0.085257 -0.111120 -0.192757 -0.184683 0.053055 -0.191532 -0.219594 -0.228627
-0.237271 -0.246735 -0.266464 -0.277634 -0.242295 -0.213315 -0.231590 -0.277981 -0.251572 -0.119059
-0.106282 -0.162745 -0.219723 -0.230712 -0.190667 -0.191754 -0.225121 -0.245095 -0.239785 -0.240159
-0.223899 -0.224170 -0.234014 -0.197619 -0.226838 -0.238616 -0.184883 -0.244813 -0.190440 -0.130387
-0.188792 -0.228798 -0.189085 -0.178247 -0.201875 -0.243817 -0.248523 -0.220854 -0.207243 -0.207957
-0.204692 -0.233212 -0.271370 -0.261835 -0.243612 -0.257323 -0.270739 -0.260994 -0.207968 -0.135165
-0.127784 -0.035242 -0.107759 -0.153041 -0.060065 0.277367 0.128946 -0.182224 -0.004767 -0.085684
-0.163678 -0.155614 -0.152636 -0.230808 -0.197245 -0.159846 -0.161817 -0.182888 -0.217077 -0.255528
-0.259560 -0.248022 -0.077742 -0.130002 -0.145647 -0.208686 -0.158689 -0.172002 -0.262183 -0.253286
-0.215090 -0.251516 -0.274790 -0.276071 -0.277276 -0.246956 -0.240217 -0.271778 -0.248855 -0.208311
-0.220060 -0.238226 -0.264760 -0.260809 -0.249685 -0.239227 -0.264784 -0.278120 -0.278370 -0.277493
-0.271201 -0.269282 -0.262169 -0.267648 -0.274195 -0.247186 -0.218637 -0.260704 -0.234972 -0.222750
-0.191629 -0.213840 -0.205246 -0.182063 -0.234571 -0.248993 -0.245512 -0.251999 -0.231882 -0.169255
-0.143525 -0.195747 -0.256875 -0.264159 -0.275486 -0.277930 -0.276793 -0.267182 -0.232241 -0.188830
-0.121816 -0.097536 -0.135833 -0.220664 -0.240936 -0.135672 -0.201461 -0.214005 -0.114882 -0.181738
-0.207576 -0.169230 -0.234707 -0.250235 -0.232808 -0.149872 -0.124331 -0.207275 -0.237171 -0.268579
-0.256429 -0.269436 -0.173632 -0.159276 -0.073849 -0.118600 -0.151528 -0.127723 -0.217551 -0.193992
-0.149134 -0.191524 -0.231643 -0.199603 -0.248219 -0.276742 -0.277786 0.030211 0.421204 -0.270179
-0.262197 -0.271546 -0.275836 -0.277380 -0.278420 -0.277217 -0.277539 -0.248230 -0.230376 -0.233638
-0.261748 -0.269702 -0.268135 -0.261534 -0.277649 -0.211739 -0.228054 -0.255732 -0.273741 -0.273767
-0.244714 -0.231947 -0.240211 -0.219041 -0.244501 -0.231227 -0.247308 -0.266739 -0.261912 -0.190678
-0.135392 -0.093684 -0.169244 -0.257488 -0.278410 -0.275770 -0.265258 -0.249356 -0.223856 -0.191383
-0.131681 -0.180090 -0.251624 -0.277999 -0.278417 -0.278448 -0.277748 -0.248990 -0.230654 -0.254809
-0.266508 -0.270151 -0.275141 -0.267341 -0.266303 -0.204033 -0.186808 -0.164907 -0.148685 -0.267808
-0.256280 -0.271731 -0.213667 -0.208280 -0.144506 -0.040822 -0.049276 -0.197358 -0.241062 -0.253728
-0.200734 -0.037536 -0.088333 -0.230347 -0.277804 -0.277598 -0.218329 0.611041 0.354970 -0.195491
-0.147849 -0.243426 -0.271560 -0.263034 -0.269577 -0.274443 -0.274632 -0.260294 -0.209165 -0.188334
-0.196375 -0.222479 -0.230593 -0.227859 -0.259003 -0.273847 -0.278441 -0.264032 -0.278392 -0.277790
-0.262822 -0.229295 -0.251911 -0.247569 -0.236398 -0.218086 -0.232573 -0.260940 -0.262122 -0.214405
-0.124226 -0.116500 -0.173902 -0.249503 -0.278383 -0.278457 -0.278456 -0.262231 -0.247989 -0.218759
-0.174208 -0.204186 -0.248990 -0.273425 -0.277455 -0.269998 -0.278332 -0.227369 -0.234945 -0.261431
-0.273720 -0.273435 -0.257530 -0.246915 -0.241082 -0.251258 -0.255890 -0.208856 -0.248988 -0.270947
-0.260053 -0.254204 -0.168705 -0.198838 -0.117145 0.110324 0.113281 -0.130977 -0.127027 -0.169095
-0.053786 0.038987 0.166332 0.254532 0.532666 0.534208 0.899512 0.874427 -0.253841 -0.200339
-0.205004 -0.260841 -0.265202 -0.245970 -0.253797 -0.260934 -0.262305 -0.259368 -0.234775 -0.209348
-0.190291 -0.201954 -0.230984 -0.255511 -0.245439 -0.215305 -0.260938 -0.276448 -0.273453 -0.277449
-0.278384 -0.274852 -0.271271 -0.264858 -0.266282 -0.267380 -0.268272 -0.275056 -0.277650 -0.265458
-0.255913 -0.251947 -0.223162 -0.243016 -0.259209 -0.269388 -0.276528 -0.224674 -0.165686 -0.127274
-0.212815 -0.252998 -0.267126 -0.276765 -0.276190 -0.261046 -0.277179 -0.273269 -0.276112 -0.268288
-0.272872 -0.270543 -0.252596 -0.217384 -0.229077 -0.276072 -0.267031 -0.238704 -0.247083 -0.246891
-0.261215 -0.270906 -0.194347 -0.166566 -0.196689 -0.157654 -0.171636 -0.235876 -0.237680 -0.192969
0.045561 -0.101802 0.095172 0.450147 0.534845 0.538696 0.523605 0.059024 -0.277626 -0.278332
-0.276062 -0.272114 -0.272420 -0.274615 -0.278265 -0.257574 -0.270947 -0.274508 -0.277964 -0.277984
-0.276648 -0.278152 -0.277425 -0.274274 -0.277812 -0.273859 -0.263461 -0.277164 -0.274531 -0.278384
-0.278029 -0.278430 -0.263440 -0.242768 -0.249314 -0.260812 -0.268400 -0.273988 -0.277017 -0.273982
-0.272144 -0.266275 -0.226408 -0.176452 -0.219317 -0.272344 -0.276745 -0.248607 -0.200189 -0.205881
-0.268143 -0.277316 -0.278464 -0.277825 -0.277290 -0.278267 -0.275197 -0.269398 -0.228859 -0.132480
-0.136488 -0.099384 -0.038450 -0.030210 -0.163316 -0.267263 -0.275013 -0.268101 -0.250692 -0.260137
-0.150358 -0.274058 -0.095713 -0.114286 -0.262307 -0.276423 -0.247134 -0.232571 -0.259594 -0.244194
-0.107076 -0.065107 -0.241118 -0.207648 -0.259660 -0.272519 -0.028404 -0.017131 0.024193 -0.053648
-0.082109 -0.127713 -0.186481 -0.204710 -0.202809 -0.021741 0.073929 -0.067536 0.040101 0.197050
-0.113360 -0.267330 -0.269669 -0.271804 -0.278429 -0.274895 -0.278077 -0.274861 -0.268484 -0.277756
-0.274238 -0.277393 -0.268601 -0.207973 -0.210324 -0.220440 -0.197890 -0.238484 -0.262753 -0.272671
-0.275148 -0.270845 -0.245955 -0.105779 0.008169 -0.116754 -0.161847 -0.201323 -0.190339 -0.231573
-0.267763 -0.275902 -0.278464 -0.262255 -0.272217 -0.275449 -0.266007 -0.166050 0.016329 -0.057364
-0.170865 -0.173750 -0.120482 -0.151308 -0.202831 -0.249765 -0.243721 -0.209612 -0.218069 -0.270450
-0.196771 -0.277681 -0.204219 0.106635 -0.265918 -0.278444 -0.277903 -0.222313 -0.108537 -0.208057
-0.221487 -0.260577 -0.233687 -0.241840 -0.249508 -0.199580 -0.274824 0.285687 0.630940 0.277493
0.036690 -0.138850 -0.254487 -0.271512 -0.276615 -0.264048 -0.116304 -0.069918 -0.064695 -0.061168
-0.267436 -0.270483 -0.268545 -0.274812 -0.251472 -0.241705 -0.253869 -0.269956 -0.276479 -0.278221
-0.278463 -0.276078 -0.233524 -0.099172 -0.157602 -0.167355 -0.133554 -0.220833 -0.264120 -0.277995
-0.277480 -0.278313 -0.277341 -0.218288 0.045627 0.114512 -0.027767 -0.222899 -0.265218 -0.273666
-0.270511 -0.276259 -0.270907 -0.207397 -0.239706 -0.278122 -0.254804 -0.072628 0.131072 -0.013280
-0.090134 -0.253520 -0.256748 -0.227244 -0.140669 -0.005293 -0.161132 -0.250093 -0.277597 -0.265867
-0.254410 -0.107036 -0.108936 -0.091928 -0.254570 -0.276933 -0.276900 -0.254322 -0.255598 -0.234692
-0.238677 -0.131090 -0.263134 -0.273356 -0.261061 -0.272813 -0.271971 0.295369 0.524087 0.360514
0.197140 0.193515 -0.135794 -0.213799 -0.253988 -0.219892 0.070582 0.233779 0.013192 -0.241875
-0.270598 -0.258476 -0.234031 -0.232983 -0.247943 -0.226095 -0.198624 -0.213533 -0.230776 -0.238408
-0.252796 -0.268951 -0.277745 -0.259420 -0.237584 -0.227968 -0.210182 -0.236749 -0.257405 -0.275048
-0.278361 -0.275252 -0.273268 -0.273922 -0.115523 -0.000833 -0.099954 -0.238572 -0.276354 -0.272495
-0.270472 -0.269161 -0.267009 -0.225659 -0.253073 -0.273912 -0.193411 -0.059025 0.025280 0.188770
-0.102754 -0.276168 -0.277651 -0.277982 -0.225765 -0.029003 -0.183645 -0.249502 -0.270144 -0.276389
-0.260651 -0.139715 -0.202317 -0.248505 -0.277711 -0.275326 -0.247280 -0.278462 -0.124415 -0.091265
-0.245865 -0.149521 0.078604 0.049715 0.021674 -0.272089 -0.267493 -0.244766 -0.184533 -0.051661
-0.091301 -0.016673 -0.138052 -0.222023 -0.247610 -0.184997 -0.094432 0.028297 -0.111939 -0.234162
-0.268591 -0.275485 -0.251815 -0.239533 -0.269239 -0.272867 -0.262970 -0.258567 -0.273161 -0.273815
-0.245193 -0.227572 -0.253084 -0.252245 -0.198289 -0.211019 -0.212338 -0.234895 -0.254544 -0.262922
-0.273836 -0.277677 -0.267929 -0.278270 -0.253605 -0.123658 -0.107394 -0.177745 -0.226901 -0.228441
-0.259156 -0.277681 -0.267212 -0.223750 -0.208788 -0.240292 -0.271633 -0.185194 0.030009 -0.003472
-0.220126 -0.266131 -0.277553 -0.278456 -0.203906 -0.008139 -0.044065 -0.205248 -0.262433 -0.275884
-0.251593 -0.275735 -0.231094 -0.209812 -0.183781 0.261877 0.485767 0.752049 -0.274002 -0.278060
-0.255527 0.001560 0.192181 0.030123 -0.136790 -0.037930 -0.277436 -0.229224 -0.142360 -0.192737
-0.139222 -0.195487 -0.103012 -0.175627 -0.228429 -0.191924 -0.215955 -0.210763 -0.225536 -0.236041
-0.264606 -0.267225 -0.271320 -0.275200 -0.233983 -0.219897 -0.260617 -0.278358 -0.275729 -0.106150
-0.069659 -0.112357 -0.202082 -0.243605 -0.226380 -0.235699 -0.244067 -0.257611 -0.250440 -0.245063
-0.276132 -0.271602 -0.272420 -0.271022 -0.272887 -0.241958 -0.207621 -0.217718 -0.244584 -0.263622
-0.271658 -0.274862 -0.277111 -0.226268 -0.233620 -0.278321 -0.238712 -0.004445 -0.016339 -0.143686
-0.177527 -0.211668 -0.247406 -0.246774 -0.257440 -0.270625 -0.029956 0.135253 0.089616 -0.241899
-0.114938 -0.174687 -0.263053 -0.278426 -0.120193 -0.094682 -0.228190 0.047310 -0.170054 -0.278211
-0.198435 -0.222567 -0.091283 0.164113 -0.267495 0.142545 -0.273789 -0.254977 -0.268140 -0.203185
-0.087582 0.069907 0.254485 0.041782 -0.066116 -0.165283 -0.248398 -0.270514 -0.254826 -0.211928
-0.260549 -0.259950 -0.266638 -0.261769 -0.153446 -0.158222 -0.223798 -0.276854 -0.278143 -0.193510
-0.218102 -0.265638 -0.273973 -0.277158 -0.274026 -0.247032 -0.248446 -0.269987 -0.276014 -0.278430
-0.267223 -0.243398 -0.244664 -0.249592 -0.276059 -0.269680 -0.241043 -0.203012 -0.223331 -0.232665
-0.218052 -0.221257 -0.277260 -0.274489 -0.264256 0.048874 0.363721 0.141725 -0.168148 -0.221912
-0.230430 -0.131780 -0.050902 -0.037475 -0.271502 -0.276814 -0.192152 0.018190 0.162595 -0.237361
-0.256172 -0.234873 -0.278449 -0.174539 -0.267474 -0.087976 -0.199651 -0.278415 -0.261370 -0.244423
-0.270736 -0.262571 -0.203867 -0.229631 -0.110192 -0.021899 -0.148085 -0.276928 -0.271372 -0.178971
0.126645 0.238651 0.209081 0.202071 0.091425 -0.142677 -0.252206 -0.277362 -0.276897 -0.253131
-0.196980 -0.251395 -0.158737 -0.101348 -0.086700 -0.086843 -0.125835 -0.126328 -0.220101 -0.263634
-0.261082 -0.260534 -0.274003 -0.276953 -0.276520 -0.243699 -0.240193 -0.257373 -0.268850 -0.266497
-0.264973 -0.272369 -0.234512 -0.243585 -0.269647 -0.277844 -0.262954 -0.248010 -0.261846 -0.264367
-0.278375 -0.266181 -0.266928 -0.265111 -0.101273 0.382342 0.248246 0.049088 0.015656 -0.163723
-0.223165 -0.231150 -0.186998 -0.205683 -0.275063 -0.266411 -0.208953 -0.137337 -0.105302 -0.260015
-0.191978 -0.010167 -0.193796 -0.273449 -0.127689 0.141225 -0.095746 -0.216798 -0.228096 0.176288
-0.278451 -0.241965 -0.264608 -0.263136 -0.198809 -0.088502 -0.225767 -0.249088 -0.241094 -0.265792
-0.159893 -0.256450 -0.152238 -0.069770 -0.010894 -0.082416 -0.257138 -0.277597 -0.271385 -0.278458
-0.221634 -0.248479 -0.246570 -0.258014 -0.209839 -0.146402 -0.053546 -0.058524 -0.167333 -0.214934
-0.205671 -0.212938 -0.248211 -0.264172 -0.259539 -0.229854 -0.216238 -0.262389 -0.278064 -0.274629
-0.271318 -0.268204 -0.236727 -0.264134 -0.276603 -0.277573 -0.271096 -0.166572 -0.114916 -0.167740
-0.245851 -0.260402 -0.265819 -0.262075 -0.242641 -0.179372 -0.142737 -0.042236 -0.061270 -0.116241
-0.088529 -0.242761 -0.231686 -0.239719 -0.278428 -0.269017 -0.268994 -0.262351 -0.257207 -0.233239
-0.153542 -0.255242 -0.242946 -0.278408 -0.268657 -0.258262 -0.121559 -0.268093 -0.236346 -0.174312
-0.272588 -0.277653 -0.264579 -0.270731 -0.239601 -0.167756 -0.053807 -0.277088 -0.278460 -0.270336
-0.265206 -0.277217 -0.242467 -0.247681 -0.147831 -0.199060 -0.275765 -0.278388 -0.264057 -0.273524
-0.276671 -0.269279 -0.252256 -0.261457 -0.270087 -0.263848 -0.231014 -0.246451 -0.258559 -0.250387
-0.212053 -0.238001 -0.254254 -0.226983 -0.159991 -0.189548 -0.169151 -0.222722 -0.235077 -0.233817
-0.230931 -0.255295 -0.264604 -0.258120 -0.252578 -0.252824 -0.227436 -0.058814 -0.040887 0.074885
0.211030 0.068966 -0.047327 -0.141105 -0.169637 -0.172770 -0.127915 -0.244722 -0.252193 -0.237272
-0.228342 -0.277861 -0.278463 -0.267116 -0.202278 -0.119015 -0.196301 -0.196021 -0.275599 -0.256027
-0.185523 -0.160178 -0.256768 -0.271115 -0.267670 -0.277250 -0.277775 -0.263282 -0.273651 -0.211890
-0.185976 -0.240823 -0.223685 -0.239168 -0.221596 -0.195083 -0.214561 -0.185271 -0.150004 -0.130648
-0.276333 -0.186296 -0.222765 -0.264160 -0.259581 -0.236755 -0.240157 -0.236208 -0.277007 -0.272459
-0.235810 -0.186505 -0.148905 -0.193522 -0.217621 -0.203250 -0.247596 -0.277751 -0.277327 -0.275665
-0.278291 -0.275341 -0.274728 -0.275510 -0.219338 -0.268857 -0.276309 -0.257785 -0.253093 -0.178735
-0.230356 -0.243579 -0.194792 -0.146533 -0.218930 -0.207082 -0.262247 -0.254193 -0.179755 -0.218992
-0.221316 -0.216840 -0.263540 -0.278342 -0.226391 -0.203188 -0.220661 -0.278411 -0.273945 -0.238178
-0.209241 -0.218556 -0.202594 -0.025664 0.132113 -0.276878 -0.275750 -0.272898 -0.261615 -0.255852
-0.059757 -0.270224 -0.219162 -0.265975 -0.278244 -0.278202 -0.273896 -0.273420 -0.205805 -0.157001
0.052434 -0.277827 -0.244082 -0.182774 -0.277197 -0.277806 -0.272294 -0.147005 -0.270645 -0.212356
-0.272189 -0.201276 -0.214523 -0.261429 -0.264146 -0.202386 -0.217226 -0.246256 -0.271701 -0.210383
0.074507 0.553499 0.052899 -0.101520 0.008525 0.175868 -0.078751 -0.013750 0.185289 0.474910
0.278970 0.141615 -0.009748 0.124668 -0.016780 -0.062401 0.024840 0.423201 0.449090 0.199729
0.081103 0.024394 0.148750 0.117943 -0.018102 -0.060525 -0.050315 -0.092884 -0.124419 -0.105988
-0.008774 0.044343 -0.073088 -0.198034 -0.257291 -0.254748 -0.259834 -0.275145 -0.169193 -0.127614
-0.216237 -0.222737 -0.214287 -0.043916 -0.039703 -0.278289 -0.275189 -0.243717 -0.221423 -0.275612
-0.271742 -0.251754 -0.100742 -0.187355 -0.249619 -0.270360 -0.168350 -0.196327 -0.204771 -0.276992
-0.242266 -0.262288 -0.261384 -0.270671 -0.278052 -0.277159 -0.259387 -0.084539 -0.181159 -0.193515
-0.247512 -0.227839 -0.166189 -0.260078 -0.264774 -0.261703 -0.261254 -0.277318 -0.276580 -0.278415
-0.219025 -0.065705 -0.189533 -0.211346 -0.156660 -0.185325 -0.171901 -0.020724 0.209228 0.122446
0.190213 0.240285 0.253918 -0.006447 -0.160451 -0.121494 -0.141313 0.009600 0.162994 0.114500
0.085141 0.040276 -0.002905 0.081401 0.040358 0.080212 0.142581 -0.005362 -0.163560 -0.137638
-0.128931 -0.219134 -0.228184 -0.214656 -0.210549 -0.081929 -0.021869 0.274524 -0.004454 -0.120912
-0.151932 -0.147852 -0.116084 -0.057428 -0.177744 -0.267328 -0.275258 -0.056554 -0.055577 -0.275318
-0.278446 -0.181424 0.090570 -0.014642 -0.217363 -0.276626 -0.262939 -0.278309 -0.235282 -0.273142
-0.275595 -0.275100 -0.211586 -0.277230 -0.275968 -0.257567 -0.277224 -0.270204 -0.235387 -0.231175
-0.277043 -0.244290 -0.252335 -0.187886 -0.220348 -0.216055 -0.214596 -0.244297 -0.242328 -0.267548
-0.266581 -0.126590 -0.037191 -0.196355 -0.227754 -0.182222 -0.009294 0.005330 -0.061285 -0.159683
-0.170808 -0.129640 -0.063946 -0.118790 -0.121116 -0.092956 -0.172911 -0.248599 -0.212377 -0.221510
-0.241598 -0.239485 -0.248347 -0.214825 -0.222652 -0.225844 -0.232529 -0.259572 -0.272795 -0.262246
-0.271984 -0.269218 -0.252060 -0.200145 -0.048296 -0.158404 -0.216308 -0.156281 -0.231996 -0.181045
0.057677 0.054654 0.117323 0.311718 -0.272614 -0.273272 -0.278229 -0.230787 -0.269931 -0.110733
-0.269686 -0.276663 -0.216420 -0.170681 -0.180264 -0.272651 -0.277079 -0.270093 -0.227887 -0.255542
-0.267375 -0.276868 -0.278464 -0.277533 -0.266266 -0.274456 -0.276326 -0.212687 -0.267792 -0.235992
-0.278311 -0.057359 -0.209496 -0.114432 -0.207233 -0.236592 -0.226033 -0.240144 -0.247579 -0.276782
-0.276080 -0.278464 -0.268157 -0.278199 -0.269702 -0.266147 -0.278222 -0.245440 -0.237714 -0.266049
-0.267025 -0.241255 -0.245409 -0.233360 -0.194233 -0.182673 -0.234978 -0.260260 -0.250529 -0.204550
-0.201833 -0.241604 -0.230910 -0.234089 -0.212357 -0.211577 -0.208702 -0.226710 -0.218850 -0.232754
-0.172014 -0.041567 -0.192481 -0.264334 -0.278170 -0.050964 0.037308 -0.217293 -0.274770 -0.270354
-0.230436 -0.255824 -0.275247 -0.258148 -0.247259 -0.278086 -0.257434 -0.190919 -0.144573 -0.178739
-0.111389 -0.267177 -0.220713 -0.229827 -0.048071 -0.190857 -0.274053 -0.214792 -0.232017 -0.251024
-0.270416 -0.216626 -0.211885 -0.256229 -0.151373 -0.276327 -0.242446 -0.226081 -0.248181 -0.031665
-0.233467 -0.254758 -0.273041 -0.103287 -0.179784 -0.135532 0.229275 0.587237 0.323788 0.092960
-0.136221 -0.264794 -0.253086 -0.211558 -0.140329 0.130845 0.226354 0.309051 0.220528 -0.078856
-0.210335 -0.226712 -0.240138 -0.225911 -0.225521 -0.225956 -0.236500 -0.251684 -0.186806 -0.012444
0.005259 -0.109903 -0.134567 -0.182361 -0.225460 -0.254793 -0.231484 -0.225035 -0.249685 -0.269015
-0.266953 -0.222698 -0.248178 -0.250910 -0.272811 0.135050 -0.187942 -0.250359 -0.260910 -0.278115
-0.268285 0.165921 0.045087 -0.259502 -0.240221 -0.278065 -0.253192 -0.166424 -0.221673 -0.233661
-0.119555 -0.233059 -0.274337 -0.263977 -0.240291 -0.268857 -0.278343 -0.252990 -0.210717 -0.029220
-0.271825 -0.278309 -0.262282 -0.243395 -0.244297 -0.276490 -0.210135 -0.277385 -0.216715 0.074602
-0.181567 -0.249884 -0.257399 -0.174275 -0.253247 -0.272108 -0.260890 -0.201902 -0.242663 -0.239623
-0.273669 -0.264949 -0.276354 -0.275772 -0.269962 -0.260129 -0.261446 -0.272673 0.008875 -0.002571
-0.227931 -0.226945 -0.227673 -0.232746 -0.244611 -0.233658 -0.200023 -0.028928 0.204351 -0.052636
-0.057517 -0.126391 -0.159869 -0.207965 -0.259329 -0.272933 -0.266624 -0.239470 -0.123681 -0.163670
-0.246324 -0.235914 -0.172186 -0.261173 -0.237892 -0.278110 -0.278131 -0.274455 -0.249178 -0.215033
-0.192062 -0.015798 -0.276918 -0.255963 -0.248744 -0.145626 -0.241748 -0.264017 -0.038470 -0.221214
-0.204481 -0.105397 -0.271440 -0.278373 -0.278376 -0.225351 -0.165824 -0.234557 -0.278451 -0.277716
-0.278430 -0.278464 -0.249297 -0.186681 -0.203164 0.052722 0.224869 -0.107285 -0.241479 -0.223038
-0.263439 -0.276705 -0.147209 -0.198265 -0.254454 -0.261203 -0.278265 -0.275736 -0.277942 -0.268452
-0.276531 -0.277586 -0.277477 -0.278461 -0.278442 -0.240754 -0.244330 -0.278088 -0.221089 -0.135729
-0.231835 -0.256509 -0.272775 -0.276102 -0.198280 0.213267 -0.010237 -0.244168 -0.278450 -0.264878
-0.229431 -0.080664 -0.105304 -0.206655 -0.229958 -0.261024 -0.230439 -0.010394 0.672969 0.393256
-0.068775 -0.112445 -0.072998 0.009845 -0.158282 -0.278463 -0.273381 -0.275280 -0.262715 -0.242870
-0.277630 -0.214580 -0.220402 0.223786 0.168303 -0.239101 -0.030190 -0.175111 -0.194426 -0.267263
-0.276823 -0.232763 -0.221348 -0.185851 -0.268447 -0.161478 -0.062777 -0.085000 0.149183 0.012593
-0.261947 -0.277145 -0.267364 -0.129544 -0.275431 -0.254091 -0.274272 -0.277235 -0.276848 -0.275749
-0.276208 -0.242264 -0.277610 -0.223836 -0.185907 -0.176420 -0.243663 -0.276404 -0.275304 -0.255093
-0.278430 -0.277155 -0.257277 -0.258061 -0.270705 -0.264482 -0.251455 -0.274747 -0.212385 -0.167402
-0.248314 -0.220886 -0.273673 -0.277187 -0.271063 -0.185653 -0.277082 -0.123344 -0.267716 -0.277593
-0.255575 -0.103153 -0.202907 -0.238739 -0.236516 -0.240117 -0.164783 -0.156809 -0.273153 -0.278163
-0.120993 -0.206943 -0.267076 -0.266917 -0.160781 -0.228414 -0.150582 -0.177087 0.069382 1.005002
0.882385 -0.245327 -0.274792 0.251486 0.058860 -0.251715 -0.278002 -0.246064 -0.277796 -0.275870
-0.244319 -0.263745 -0.245156 -0.191460 -0.275747 -0.277626 -0.274031 -0.211097 -0.183970 -0.230875
-0.261334 -0.167881 -0.278223 -0.238443 -0.148489 -0.201571 -0.256120 -0.277518 -0.271686 -0.275165
-0.270063 -0.276532 -0.232249 -0.202354 -0.249363 -0.256603 -0.245841 -0.251759 -0.195379 -0.237462
-0.261247 -0.189324 0.369259 0.225027 -0.227073 -0.263495 -0.266431 -0.196565 -0.236242 -0.192107
0.001251 0.614801 -0.002752 0.030273 0.053076 -0.032937 -0.008148 -0.120047 -0.128953 -0.266504
-0.168500 -0.101702 -0.160570 -0.167104 -0.223168 -0.179075 -0.192051 -0.234683 -0.241135 -0.177707
-0.039994 -0.093726 -0.152655 -0.240396 -0.232950 -0.244526 -0.128513 -0.275117 -0.268866 -0.140344
-0.202470 -0.262425 -0.070365 -0.123772 -0.126841 -0.268400 -0.270301 -0.277735 -0.278464 -0.215451
0.162168 -0.264832 -0.129026 0.379797 0.110162 -0.259670 -0.244948 -0.232211 -0.205222 -0.144720
-0.229955 -0.264166 -0.277315 -0.271298 -0.272383 -0.172128 -0.168122 -0.114789 -0.238967 -0.220589
-0.178245 -0.270834 -0.260815 -0.218797 -0.276040 -0.245003 -0.050474 0.244995 0.021088 -0.161374
-0.211766 -0.182027 -0.115290 0.117738 0.087436 0.536818 -0.006454 -0.260742 -0.277218 -0.278370
-0.268203 -0.123097 -0.122375 0.134567 -0.168688 -0.277981 -0.276043 -0.267730 -0.229456 -0.188156
-0.232446 -0.232515 -0.276815 -0.222721 -0.189843 -0.141839 -0.130692 -0.275807 -0.278434 -0.217066
-0.235579 0.107635 -0.029182 -0.023407 -0.259316 -0.147493 -0.099885 -0.163296 -0.268526 -0.274769
-0.245616 -0.259983 0.045733 -0.275872 -0.272302 -0.230741 -0.226183 -0.215507 -0.266994 -0.268288
-0.104681 -0.220573 -0.181708 -0.188081 -0.194903 -0.272414 -0.226761 -0.213498 -0.222951 -0.227894
-0.183317 -0.202298 -0.228345 -0.278453 -0.277315 -0.272141 -0.277387 -0.115489 -0.169662 -0.256298
-0.277042 -0.244541 -0.048316 -0.015604 -0.053855 0.281346 0.393462 0.629693 0.029355 -0.195529
-0.171446 -0.236670 -0.244529 -0.122350 -0.276569 -0.269617 -0.090025 -0.140285 -0.229634 -0.259977
-0.207766 -0.278225 -0.271369 -0.250552 -0.270829 -0.240457 -0.242201 -0.274706 -0.236946 -0.180770
-0.244104 -0.214974 -0.277829 -0.227791 -0.121054 -0.209226 -0.256591 -0.229345 -0.240462 -0.265758
-0.274892 -0.269326 -0.276935 -0.147326 -0.241763 -0.240201 -0.226506 -0.268606 -0.240502 -0.278115
-0.274894 -0.041464 -0.255173 -0.257977 -0.276075 -0.278428 -0.270310 -0.258716 -0.261891 -0.265518
-0.177662 -0.200416 -0.270946 -0.273794 -0.259850 -0.261286 -0.263891 -0.227671 -0.247454 -0.277842
-0.278387 -0.277448 -0.269842 -0.251835 -0.275650 -0.276684 -0.273534 -0.115204 -0.188896 0.047001
-0.278069 -0.230769 -0.275443 -0.270568 -0.093283 -0.191167 -0.259091 -0.249094 -0.236043 -0.241396
0.057875 -0.129963 0.109917 -0.275695 -0.269883 -0.268743 -0.228353 -0.210338 -0.239813 -0.271886
-0.250445 -0.266389 -0.188448 -0.046774 -0.172939 -0.278068 -0.268742 -0.041795 -0.273920 -0.272467
-0.260999 -0.245805 -0.254223 -0.266400 -0.036446 -0.049615 -0.232438 -0.251896 -0.243423 -0.278114
-0.270960 -0.251171 -0.266619 -0.213750 -0.219552 -0.147791 -0.185167 0.203993 0.154574 -0.096931
-0.245939 -0.259713 -0.224643 -0.273537 -0.273949 -0.272264 -0.247046 -0.278060 -0.253919 -0.209048
-0.217295 -0.258823 -0.242636 -0.257205 -0.182493 -0.169351 -0.270717 -0.239013 -0.233732 -0.264023
-0.278132 -0.252953 -0.249547 -0.272557 -0.271582 -0.273186 -0.269545 -0.255962 -0.219051 -0.270474
-0.266270 -0.278463 -0.132620 -0.178129 -0.262945 -0.266942 -0.276257 -0.250891 -0.249337 -0.236989
-0.234615 -0.259405 -0.255255 -0.272509 -0.264226 -0.278077 -0.251011 -0.275014 -0.259089 -0.278308
-0.261430 -0.278008 -0.275118 -0.252452 -0.278391 -0.273720 -0.247805 -0.240305 -0.246120 -0.245153
-0.187514 -0.241686 -0.263028 0.049271 -0.028360 -0.200567 -0.267406 -0.277341 -0.266712 -0.227599
-0.250762 -0.272509 -0.221332 -0.235309 -0.268338 -0.128769 -0.148203 -0.151433 -0.148643 -0.276736
-0.275749 -0.271722 -0.275469 -0.255489 -0.249773 -0.270514 -0.247729 -0.275180 -0.264566 -0.239864
-0.265374 -0.269529 -0.278183 -0.278462 -0.054081 -0.157756 -0.036161 -0.238714 -0.174952 -0.084712
-0.251162 -0.277636 -0.272940 -0.275938 -0.187758 -0.196141 -0.243732 -0.256447 -0.268516 -0.252838
-0.085285 -0.268532 -0.150600 -0.275936 -0.174678 -0.148730 -0.114289 -0.261561 -0.278338 -0.271954
-0.261726 0.074340 -0.274549 -0.250807 -0.276717 -0.256665 -0.206766 -0.276734 -0.259285 -0.275126
-0.270575 -0.276926 -0.236742 -0.278212 -0.278377 -0.252240 -0.244069 -0.277484 -0.189404 0.236604
-0.217781 -0.202460 -0.162395 -0.235412 -0.268901 -0.148284 -0.273337 -0.257110 -0.234021 -0.272812
-0.203159 -0.270707 -0.278364 -0.201752 -0.256474 -0.271342 -0.270951 -0.241642 -0.040510 -0.270976
-0.268452 -0.278423 -0.214470 -0.272332 -0.254173 -0.273135 -0.243296 -0.263670 -0.278302 -0.239910
-0.239675 -0.272401 -0.091479 -0.241472 -0.243259 -0.251416 -0.152315 -0.254982 -0.216781 -0.260368
-0.259547 -0.211469 -0.224371 -0.252935 -0.263755 -0.271029 -0.103260 -0.266146 -0.197164 -0.230567
-0.268584 -0.272977 -0.278275 -0.272108 -0.269398 -0.249637 -0.278175 -0.210416 -0.274683 -0.269287
-0.221100 -0.242261 -0.278296 -0.275901 -0.274177 -0.264073 -0.267273 -0.166374 -0.054578 -0.253533
-0.262019 -0.275714 -0.267378 -0.278463 -0.200900 0.207488 -0.144335 -0.231865 -0.261842 -0.269425
-0.242330 -0.271668 -0.172127 -0.278305 -0.015462 -0.241235 -0.231001 -0.232876 -0.265967 -0.278288
-0.269480 -0.259968 -0.272537 -0.274523 -0.264759 -0.270931 -0.278404 -0.278352 -0.257283 -0.264069
-0.277924 -0.226724 -0.268409 -0.235910 -0.143850 -0.275307 -0.269928 -0.278445 -0.278085 -0.263051
-0.266275 -0.256945 0.289409 -0.128777 -0.247448 -0.271232 -0.277896 -0.252646 -0.224728 -0.274652
-0.246730 -0.163218 0.081724 -0.036687 -0.244380 -0.278461 -0.242517 -0.259999 -0.206474 -0.239641
-0.267686 -0.265023 -0.248066 -0.086191 -0.275696 -0.277696 -0.257977 -0.274168 -0.275377 -0.241983
-0.257434 -0.159067 -0.208292 -0.232271 -0.129892 -0.264917 -0.278119 -0.277460 -0.275912 -0.268828
-0.268527 -0.278377 -0.277784 -0.267100 -0.213547 -0.091772 -0.228220 -0.269997 -0.254978 -0.277647
-0.207143 -0.252001 -0.245308 -0.269846 -0.127315 -0.241531 -0.018599 -0.254051 -0.273303 -0.267938
-0.276765 -0.252087 0.057481 -0.091483 -0.270526 -0.269343 -0.277264 -0.276349 -0.275612 -0.241207
-0.194654 -0.277425 -0.277462 -0.275973 -0.268772 -0.271601 -0.272432 -0.270862 -0.266333 -0.255222
-0.275441 -0.277038 -0.245087 -0.225398 -0.278144 -0.258449 -0.261668 -0.278404 -0.271955 -0.278169
-0.147965 -0.116279 -0.033026 -0.160115 -0.190304 -0.258009 -0.277980 -0.278459 -0.264493 -0.278311
-0.242409 -0.246199 -0.273276 -0.129978 -0.266958 -0.237775 -0.238912 -0.174327 -0.059127 -0.242749
-0.201845 -0.278347 -0.258984 -0.101225 -0.210966 -0.257018 -0.165471 -0.277166 -0.268098 -0.261256
-0.203070 -0.274620 -0.278438 -0.263949 -0.208246 -0.142869 -0.264864 -0.255425 -0.277746 -0.278382
0.089664 -0.222412 -0.219933 -0.178325 -0.266847 -0.278092 -0.273095 -0.276630 -0.278192 -0.254642
-0.178860 -0.176036 -0.244241 -0.218053 -0.241789 -0.262168 -0.266586 -0.216799 -0.278241 -0.207680
-0.122018 -0.170360 -0.260097 -0.268901 -0.275394 -0.269048 -0.276623 -0.257958 -0.272028 -0.275952
-0.012115 -0.225006 -0.276859 -0.277081 -0.275274 -0.275510 -0.259778 -0.276292 -0.247997 -0.277256
-0.241613 -0.218571 -0.252437 -0.248549 -0.214198 -0.277074 -0.276868 -0.262536 -0.244122 -0.266983
-0.277926 -0.265539 -0.222556 -0.275891 -0.178140 -0.228621 -0.234642 -0.081312 -0.046301 -0.229086
-0.248507 -0.251335 -0.278430 -0.227298 -0.274918 -0.250652 -0.209484 -0.198880 -0.259095 -0.276345
-0.247803 -0.248765 -0.215087 -0.278111 -0.222206 -0.237238 -0.140122 -0.268129 -0.278119 -0.273544
-0.264137 -0.276568 -0.248910 -0.267077 -0.268382 -0.277281 -0.262144 -0.274560 -0.271582 -0.258475
-0.243417 -0.169805 -0.181594 -0.262905 -0.257897 -0.231150 -0.186901 -0.256923 -0.278465 -0.262515
-0.252070 -0.260205 -0.274262 -0.216051 -0.274589 -0.274325 -0.244919 -0.236786 -0.252784 -0.248799
0.137302 -0.151813 -0.271938 -0.272945 -0.268352 -0.259828 -0.276597 -0.266444 -0.272799 -0.238025
-0.231937 -0.253211 -0.268084 -0.207971 -0.267208 -0.278277 -0.255684 -0.253216 -0.270761 -0.257047
-0.228682 -0.245043 -0.276878 -0.278257 -0.259255 -0.251650 -0.192183 -0.165927 -0.183117 -0.272226
-0.276578 -0.267885 -0.278169 -0.224628 -0.268145 -0.277853 -0.253647 -0.194202 -0.222773 -0.272412
-0.269554 -0.257651 -0.265563 -0.260866 -0.256802 -0.250227 -0.274320 -0.275117 -0.266401 -0.271731
-0.230968 -0.252503 -0.262727 -0.269035 -0.150235 -0.244619 -0.205596 0.212211 -0.082633 -0.251961
-0.274497 -0.182771 -0.022245 -0.277767 -0.267168 -0.278334 -0.236785 -0.278395 -0.259037 -0.267016
-0.247995 -0.260165 -0.278164 -0.275345 -0.268817 -0.267787 -0.274393 -0.116662 -0.021360 -0.228233
-0.199425 -0.269823 -0.261880 -0.258604 -0.278386 -0.262111 -0.017314 0.021797 0.080846 -0.051303
-0.248366 -0.278434 -0.274658 -0.274988 -0.278294 -0.261755 -0.252219 -0.272384 -0.277637 -0.278337
-0.268582 -0.245833 -0.261288 -0.252482 -0.278463 -0.247337 -0.209163 -0.170723 -0.123064 -0.116915
-0.278439 -0.263274 -0.151266 -0.277018 -0.271968 -0.275259 -0.236997 -0.065588 -0.109467 -0.155542
-0.176386 -0.248642 -0.184356 -0.278441 -0.169383 -0.203524 -0.211467 -0.245669 -0.274226 -0.277085
-0.253090 -0.274974 -0.277685 -0.251903 -0.183820 -0.247652 -0.275097 -0.198237 -0.278134 -0.272687
-0.233979 -0.238912 -0.014157 -0.197492 -0.233917 -0.215459 -0.278381 -0.251138 -0.220719 -0.252530
-0.108539 -0.138528 -0.255294 -0.256575 -0.226352 -0.220655 -0.276124 -0.204800 -0.231827 -0.260998
-0.237112 -0.225999 -0.269233 -0.270730 -0.249953 -0.261263 -0.154731 -0.228420 0.011289 0.037897
-0.267383 -0.276760 -0.272942 -0.276506 -0.263880 -0.256201 -0.268920 -0.278193 -0.181672 -0.183976
-0.242181 -0.197092 -0.155138 -0.263832 -0.264554 -0.062187 0.012008 -0.211430 -0.203856 -0.197437
-0.265195 -0.244616 -0.026143 -0.033670 -0.145971 -0.244582 -0.214758 -0.208073 -0.223139 -0.203079
-0.233821 -0.247501 -0.278436 -0.274828 -0.268329 -0.278340 -0.177922 -0.113121 -0.126181 -0.232708
-0.277336 -0.277967 -0.278454 -0.278156 -0.276917 -0.234855 -0.255368 -0.251973 -0.198534 -0.115218
-0.060091 -0.271091 -0.273234 -0.207220 -0.223792 -0.267832 -0.263618 -0.277953 -0.265484 -0.254823
-0.270413 -0.205626 -0.188561 -0.146457 -0.212807 0.134599 -0.096824 -0.217116 -0.272391 -0.251054
-0.271003 -0.254266 -0.252275 0.108030 0.356928 -0.150427 -0.099912 -0.242686 -0.126263 -0.086835
-0.269887 -0.271373 -0.275744 -0.276768 -0.277305 -0.276869 -0.263535 -0.267171 -0.171292 -0.157446
-0.137285 -0.275372 -0.212150 -0.277641 -0.278131 -0.160511 -0.270372 -0.276001 -0.221918 -0.209360
-0.147021 -0.238464 -0.232487 -0.185935 -0.073267 -0.223276 -0.251427 -0.230637 -0.098589 -0.063231
-0.146096 -0.231036 -0.254196 -0.216109 -0.062958 -0.161383 -0.177359 -0.256968 -0.193592 -0.265573
-0.257291 -0.272588 -0.271417 -0.256679 -0.184461 -0.270569 -0.272385 -0.259209 -0.111475 -0.131598
-0.216441 -0.277677 -0.270203 -0.264391 -0.270931 -0.236274 -0.217614 -0.204840 -0.257736 -0.243120
-0.128572 -0.032730 -0.269292 -0.278306 -0.258463 -0.140404 0.055442 -0.238866 -0.171575 -0.264149
-0.275276 -0.268575 -0.080924 0.032064 0.560342 -0.237633 -0.271875 -0.196248 -0.271689 -0.270400
-0.229845 -0.230951 -0.272329 -0.278277 -0.273587 -0.254822 -0.278038 -0.248090 -0.233293 -0.203176
-0.143221 -0.214787 -0.268696 -0.272338 -0.277360 -0.265159 -0.269023 -0.261085 -0.247503 -0.223948
-0.254792 -0.270602 -0.228345 -0.102324 -0.090536 -0.222626 -0.278382 -0.253699 -0.133086 -0.081198
-0.143944 -0.137477 -0.217508 -0.229847 -0.218130 -0.247361 -0.115970 -0.256480 -0.278465 -0.177397
-0.019754 -0.216716 0.716546 0.222627 0.380105 -0.046679 -0.275308 0.129215 -0.139527 -0.054662
-0.090309 -0.269094 -0.250467 -0.138504 0.095507 -0.015819 -0.258566 -0.248305 -0.185588 -0.214196
-0.251508 -0.276945 -0.267524 -0.274091 -0.233883 -0.238361 -0.166512 -0.199044 -0.278335 -0.277481
-0.273833 -0.273991 -0.186866 -0.118618 -0.190939 -0.000827 -0.127359 -0.216973 -0.216223 -0.271241
-0.238447 -0.240861 -0.272891 -0.278453 -0.277414 -0.270909 -0.208976 0.051023 -0.194846 0.004925
-0.198854 -0.277608 -0.275136 -0.229742 -0.275529 -0.277842 -0.276952 -0.270512 -0.277536 -0.225930
-0.157137 -0.237046 -0.214695 -0.201958 -0.187828 -0.165253 -0.233091 -0.225631 -0.224229 -0.249692
-0.188517 -0.165828 -0.127605 -0.193397 -0.141054 -0.000338 -0.122589 -0.019666 0.765758 0.452340
-0.063506 0.122556 -0.026086 0.621439 0.009463 -0.218855 0.014399 0.086469 -0.271836 -0.278235
0.100543 -0.075096 -0.249514 -0.230415 -0.021717 -0.249129 -0.274670 -0.219517 0.089467 0.195767
-0.278270 -0.270180 0.025103 0.169845 0.099246 -0.270703 -0.275148 -0.272175 -0.269195 -0.253409
0.127518 -0.179312 -0.145360 0.029796 -0.230514 -0.199158 -0.247576 -0.275328 -0.190488 -0.260401
-0.198143 -0.220960 -0.254673 -0.273666 -0.267170 -0.270931 -0.262507 0.051589 -0.125258 0.112547
-0.265108 -0.275326 -0.276273 -0.219924 -0.245573 -0.274892 -0.274206 -0.277702 -0.278246 -0.211690
-0.196429 -0.269572 -0.277708 -0.269671 -0.172791 -0.215202 -0.248492 -0.220751 -0.234148 -0.276342
-0.268529 -0.191447 -0.183668 -0.175320 -0.021586 -0.064050 -0.265925 -0.196689 -0.153932 -0.250098
-0.126547 0.241428 -0.247137 -0.127172 -0.278352 -0.278328 -0.174003 -0.277741 -0.276713 -0.259411
-0.266784 -0.270809 -0.275451 -0.265136 -0.154482 -0.234268 -0.040477 0.695442 1.492850 0.683815
-0.195866 -0.130563 -0.226664 -0.168045 0.068300 -0.223797 -0.202789 -0.168287 -0.207522 -0.233783
-0.151893 -0.161612 -0.210751 -0.275637 -0.278433 -0.266289 -0.251483 -0.278315 -0.262409 -0.079902
-0.168963 -0.236704 -0.226679 -0.225922 -0.245458 -0.276004 -0.276867 -0.264995 -0.270789 -0.277468
-0.241021 -0.214702 -0.275200 -0.269144 -0.254726 -0.276928 -0.275746 -0.266770 -0.274181 -0.265640
-0.247736 -0.268110 -0.269101 -0.278447 -0.248946 -0.277213 -0.276069 -0.274803 -0.270982 -0.273007
-0.276567 -0.237695 -0.272061 -0.278445 -0.268189 -0.232984 -0.258375 -0.016301 -0.273057 -0.228842
-0.043755 -0.278137 -0.278414 -0.274554 -0.226761 -0.130808 -0.219343 -0.263087 -0.278081 -0.258740
-0.278430 -0.258946 -0.262127 -0.276237 -0.260426 -0.261648 -0.270391 -0.277120 -0.185744 -0.145708
-0.269936 -0.244981 -0.248620 -0.234842 -0.078422 -0.045498 -0.023072 -0.106274 -0.157837 -0.264046
-0.278460 -0.278211 -0.242743 -0.278156 -0.277726 -0.275921 -0.274793 -0.264646 -0.278464 0.036656
-0.240438 -0.184010 -0.130917 0.082617 0.423741 -0.113180 -0.231814 -0.219350 -0.278341 -0.274305
-0.232229 -0.197318 -0.250138 -0.278438 -0.268401 -0.232166 -0.184156 -0.245846 -0.277879 -0.278426
-0.278354 -0.273767 -0.274798 -0.262171 -0.271876 -0.277714 -0.257307 -0.278221 -0.245659 -0.276253
-0.224102 -0.249005 -0.175573 -0.199571 -0.121417 -0.114862 -0.199323 -0.277660 -0.278342 -0.231192
-0.273279 -0.261079 -0.244919 -0.266960 -0.241260 -0.260373 -0.270202 -0.270902 -0.263394 -0.114354
-0.252749 -0.277657 -0.214004 -0.264713 -0.220191 -0.169095 -0.249319 -0.042465 -0.025184 -0.027232
-0.008404 -0.202007 -0.057447 -0.051471 -0.166576 -0.123661 0.155785 0.203644 -0.092171 -0.209157
-0.275840 -0.145613 0.171737 0.472477 0.723542 0.831284 1.004447 0.652393 0.236859 -0.035990
0.041856 0.644648 0.954094 1.273560 1.360482 0.479757 -0.268866 -0.207098 0.145785 0.053006
0.392135 0.571073 0.171907 -0.153056 -0.160440 -0.169184 -0.142875 -0.186933 -0.190203 -0.133185
0.106030 0.519406 0.411343 0.269618 0.118025 0.387757 0.245229 0.099705 0.249514 0.166523
0.031962 0.009945 0.198228 0.189784 0.337287 0.311943 0.575970 -0.101970 0.206372 0.175230
-0.174139 -0.141380 0.119503 0.114794 0.062468 0.086722 0.265566 0.400671 0.293431 0.514187
0.351679 0.446660 0.091975 0.096486 0.462817 0.294006 0.037516 -0.036310 -0.109198 0.097615
0.198007 0.158951 0.369435 0.482690 0.359829 0.387402 0.405113 0.348143 0.025279 -0.135360
0.223528 0.146212 0.239381 0.341905 0.153872 0.472562 0.626361 0.490103 0.343235 0.213392
0.288268 0.481141 0.533163 0.188058 0.367157 0.476961 0.386520 0.379979 0.389339 0.357711
0.317297 0.318109 0.332470 0.324335 0.139513 0.209085 0.102086 0.123368 0.878591 0.646743
0.385096 0.266078 0.216223 0.379554 0.292372 0.453757 0.233091 0.084738 0.285660 0.366831
0.307903 0.138398 0.148655 0.471380 0.418468 0.302887 0.260862 0.223528 0.198995 0.296236
0.325869 0.262780 0.141560 0.385792 0.343481 0.326144 0.305930 0.172429 0.078846 0.008503
0.607724 0.887801 0.396646 0.085367 0.470944 0.624652 0.360955 0.123765 0.210137 0.266546
0.280393 0.311516 0.333509 0.260020 0.274825 0.260850 0.199023 0.209427 0.258442 0.635143
0.063674 -0.277385 -0.273413 -0.277899 -0.276955 -0.277091 -0.248250 -0.269072 -0.276577 -0.278364
-0.277928 -0.272079 -0.274920 -0.274848 -0.277694 -0.276575 -0.278261 -0.272621 -0.276653 -0.277995
-0.274979 -0.272830 -0.278463 -0.278204 -0.277974 -0.275397 -0.271405 -0.271097 -0.278464 -0.276055
-0.268277 -0.278442 -0.278302 -0.209913 -0.225428 -0.262570 -0.273243 -0.274970 -0.273831 -0.276493
-0.276155 -0.276190 -0.278027 -0.277577 -0.278269 -0.277763 -0.278289 -0.278465 -0.278311 -0.278409
-0.278133 -0.276923 -0.271425 -0.278463 -0.274001 -0.276512 -0.278363 -0.276527 -0.259689 -0.251205
-0.276807 -0.234424 -0.262256 -0.277735 -0.276019 -0.267019 -0.273780 -0.273541 -0.277914 -0.278464
-0.276732 -0.275102 -0.276953 -0.277071 -0.276178 -0.275155 -0.264351 -0.265787 -0.258256 -0.272487
0.231513 -0.266751 -0.184040 -0.174230 -0.097718 -0.185343 -0.192400 -0.155825 -0.140198 -0.156345
-0.165424 -0.162415 -0.166925 -0.169880 -0.163929 -0.163124 -0.188932 -0.212921 -0.128225 -0.038965
0.027515 -0.005532 -0.048661 -0.065507 -0.069006 -0.086205 -0.103582 -0.198386 -0.247810 -0.227943
-0.178676 -0.071647 -0.009696 -0.119754 -0.151754 -0.052673 0.177615 0.216590 -0.029024 -0.105055
-0.096770 0.009427 0.012518 -0.011170 -0.018489 0.001771 0.005330 -0.109771 -0.111684 -0.044970
-0.045742 -0.070379 -0.022770 -0.023376 -0.002283 -0.019751 -0.080741 -0.113224 -0.175671 -0.241426
-0.266258 -0.267034 -0.207161 -0.017942 0.030870 -0.062773 0.005986 0.193828 0.077323 -0.043423
-0.101847 -0.103318 -0.141931 -0.149316 -0.136371 -0.133074 -0.195466 -0.217331 -0.228950 -0.262164
0.091207 -0.278028 -0.254815 -0.254912 -0.191710 -0.222046 -0.243429 -0.203252 -0.176912 -0.181630
-0.204275 -0.217141 -0.183022 -0.035415 0.053190 0.007478 -0.152613 -0.227316 -0.225647 -0.204774
-0.181583 -0.110497 -0.065286 -0.056225 -0.055507 -0.054568 -0.117175 -0.172359 -0.203571 -0.174943
-0.178832 -0.125270 -0.037119 -0.060675 -0.077282 -0.097090 0.005602 -0.019020 -0.114052 -0.154433
-0.190521 -0.181569 -0.174799 -0.134846 -0.141091 -0.130563 -0.170559 -0.097215 0.187247 0.484398
0.617357 0.134862 0.037693 -0.027078 -0.107243 -0.082198 -0.000143 0.104796 0.055864 -0.080774
-0.137477 -0.135284 -0.144568 -0.038296 -0.045182 -0.026350 0.105732 0.257043 0.025719 -0.045237
-0.093686 -0.149602 -0.174955 -0.184614 -0.149101 -0.126231 -0.220220 -0.271578 -0.270324 -0.242773
0.125385 -0.278073 -0.249283 -0.257642 -0.223882 -0.202401 -0.193532 -0.097392 -0.012527 -0.046318
-0.134347 -0.155567 -0.019957 0.131641 0.227383 0.238478 0.125555 0.007696 -0.148278 -0.185006
0.002445 0.316557 0.516918 0.598016 0.630320 0.590287 0.374950 0.306607 0.164225 0.180724
0.276865 0.388409 0.369879 0.574255 1.249878 1.615266 0.736611 0.498821 0.329847 0.235937
0.308999 0.451365 0.417204 0.366349 0.298908 0.257052 0.230733 0.408252 0.845800 1.266064
1.849657 2.198225 1.306960 0.618107 0.143623 0.120629 0.641686 1.369175 1.279064 1.090767
0.573549 0.271205 0.344502 0.441935 0.624880 1.085671 1.419005 2.021864 0.576277 0.277258
0.248884 0.450404 0.317435 0.144168 -0.020987 -0.121354 -0.194078 -0.215926 -0.249651 -0.218981
0.132341 -0.276640 -0.235818 -0.234971 -0.180762 -0.184242 -0.179468 -0.141582 -0.132970 -0.168443
-0.166152 -0.192272 -0.102874 -0.075333 -0.070908 -0.047919 -0.073431 -0.093317 -0.181527 -0.219245
-0.152180 -0.060186 -0.006787 0.130460 0.183644 0.178771 0.007264 -0.027591 -0.047949 -0.132020
-0.175608 -0.186456 -0.183293 -0.096881 0.139467 0.338066 0.219456 0.065341 -0.068402 -0.162091
-0.177294 -0.134235 -0.070154 -0.096123 -0.168200 -0.233773 -0.258823 -0.253463 -0.145122 -0.018430
0.172094 0.509068 0.386310 0.039534 -0.202753 -0.248683 -0.121776 0.035306 0.083049 0.109803
-0.060754 -0.214237 -0.241020 -0.163595 -0.053237 0.210511 0.153298 0.483874 0.021786 -0.143497
-0.162546 0.121603 -0.020067 -0.061131 -0.114553 -0.177698 -0.223662 -0.230229 -0.247939 -0.223899
0.067778 -0.274172 -0.223840 -0.197685 -0.172389 -0.160705 -0.151990 -0.174138 -0.187169 -0.113241
-0.041196 -0.160934 -0.195174 -0.223422 -0.234254 -0.225377 -0.181998 -0.178718 -0.228812 -0.252370
-0.241251 -0.220768 -0.117544 0.034483 0.013216 0.012074 -0.082485 -0.162942 -0.154211 -0.189468
-0.218687 -0.228344 -0.166069 -0.116471 -0.108976 -0.026788 -0.166490 -0.227704 -0.197664 -0.217975
-0.228580 -0.241022 -0.251904 -0.233045 -0.151968 -0.076360 -0.202012 -0.252124 -0.223759 -0.060923
0.040230 0.082490 -0.091304 -0.213306 -0.265816 -0.275404 -0.269427 -0.218126 -0.196820 -0.191468
-0.227994 -0.275399 -0.271918 -0.274861 -0.043209 0.473730 0.105397 0.052815 -0.197894 -0.256869
-0.266028 -0.245559 -0.249989 -0.236011 -0.238341 -0.224717 -0.259177 -0.262261 -0.261188 -0.217932
0.114240 -0.273292 -0.224534 -0.206170 -0.193182 -0.176237 -0.117042 0.084779 0.251947 0.690052
0.468493 0.379162 0.162569 0.298187 0.272707 0.079469 0.007684 0.008526 -0.146258 -0.227468
-0.202118 -0.065871 0.204586 0.254467 0.088654 0.016349 0.060325 0.111625 0.102304 0.020769
-0.045021 -0.015121 0.168342 0.530354 0.421294 0.257154 -0.052177 -0.169675 -0.179304 -0.108201
-0.144838 -0.200638 -0.150877 0.003583 0.131118 0.261123 0.193138 0.011928 -0.031892 0.108202
0.129358 0.030962 -0.085756 -0.137281 -0.185769 -0.194879 -0.202629 -0.194865 -0.171401 -0.142938
-0.183569 -0.232999 -0.278199 -0.278196 -0.113086 0.508420 0.277791 0.109564 -0.181305 -0.248523
-0.210699 -0.210207 -0.239525 -0.225964 -0.208672 -0.206812 -0.248826 -0.256468 -0.253702 -0.211740
0.173621 -0.269862 -0.217523 -0.212528 -0.232249 -0.246183 -0.170268 0.068685 0.498459 1.006530
0.788669 0.678472 0.331524 0.281060 0.432543 0.446891 0.433894 0.399763 0.032366 -0.163036
-0.206297 -0.241548 -0.208235 -0.138201 -0.170192 -0.142439 -0.115055 -0.106634 -0.066481 -0.106332
-0.191351 -0.131478 0.139059 0.573165 0.527162 0.448869 -0.044111 -0.215244 -0.212215 -0.142200
-0.163660 -0.154248 -0.136395 -0.117665 -0.043836 0.140879 0.264036 0.294158 0.016617 -0.212026
-0.253000 -0.272818 -0.273964 -0.276018 -0.267850 -0.239786 -0.254798 -0.251814 -0.251128 -0.227491
-0.232637 -0.266456 -0.274480 -0.269323 -0.277362 -0.106042 -0.136955 -0.196974 -0.241234 -0.265558
-0.237687 -0.215632 -0.222387 -0.165432 -0.140568 -0.134914 -0.220815 -0.249638 -0.256698 -0.222921
0.209890 -0.241700 -0.191341 -0.207735 -0.230474 -0.273367 -0.278160 -0.273202 -0.277204 -0.235773
-0.168487 -0.085273 0.112782 0.229611 0.109723 0.281841 0.645511 0.768783 0.390208 0.111576
0.100807 0.102493 -0.033581 -0.077618 -0.085228 -0.024164 0.027787 0.109921 0.049806 0.014036
-0.113049 -0.144552 -0.004736 0.466415 0.439346 0.328829 0.023188 -0.165747 -0.177628 -0.150889
-0.064915 0.027615 -0.039350 -0.143677 -0.168614 -0.095248 -0.010857 -0.002888 -0.041212 -0.058080
-0.164950 -0.196445 -0.255029 -0.263681 -0.224035 -0.134194 -0.031252 -0.057301 -0.186706 -0.212056
-0.203084 -0.209309 -0.252895 -0.247952 -0.196396 -0.051114 -0.098409 -0.110272 -0.235493 -0.256772
-0.245150 -0.237959 -0.244845 -0.202379 -0.193342 -0.149213 -0.221981 -0.253363 -0.252028 -0.180286
0.048842 -0.261362 -0.236606 -0.219212 -0.209890 -0.253999 -0.271654 -0.277365 -0.271375 -0.276289
-0.273242 -0.233542 -0.210643 -0.158151 -0.123574 -0.077811 0.017355 0.035106 0.206276 0.230357
0.216625 0.067796 -0.110552 -0.108806 -0.015918 0.201683 0.139488 0.167764 0.201998 -0.007612
-0.177730 -0.202209 -0.040496 0.250565 0.174352 0.203146 0.000885 -0.116873 -0.102376 -0.101372
0.025982 0.029970 -0.107796 -0.199866 -0.219307 -0.220380 -0.186511 -0.120619 0.085987 0.105196
0.240746 0.285013 0.195132 -0.032206 -0.123122 -0.105717 0.023132 0.094449 0.034282 -0.146418
-0.207939 -0.212877 -0.265312 -0.264455 -0.157151 0.155317 0.143599 0.045752 -0.187070 -0.232340
-0.241189 -0.224207 -0.245249 -0.235351 -0.205120 -0.143993 -0.207839 -0.241575 -0.250504 -0.228451
0.121029 -0.278367 -0.239724 -0.222505 -0.206769 -0.222185 -0.219662 -0.218707 -0.122823 -0.019965
-0.079897 -0.128094 -0.020459 0.040979 -0.083336 -0.133713 -0.146688 -0.162580 -0.086842 -0.035144
0.056618 0.006958 -0.094560 -0.124644 -0.082967 -0.022199 -0.107952 0.038557 0.051913 -0.111331
-0.224200 -0.251951 -0.195771 -0.100277 -0.021123 -0.077547 -0.148821 -0.222188 -0.191347 -0.055924
0.082251 0.019326 -0.125907 -0.205764 -0.237459 -0.262306 -0.260738 -0.220233 -0.200642 -0.191276
-0.026388 0.499002 0.886380 0.434746 0.104708 -0.080718 -0.025869 0.115294 0.155149 0.028181
-0.125113 -0.178811 -0.231551 -0.205430 -0.115887 0.072856 0.119655 0.109602 -0.174914 -0.232593
-0.233953 -0.230337 -0.240485 -0.253298 -0.252449 -0.222390 -0.227773 -0.227586 -0.227351 -0.209857
0.103138 -0.275815 -0.213800 -0.198023 -0.183321 -0.216363 -0.230438 -0.209863 -0.101347 0.077974
0.141980 0.233954 0.359420 0.177528 -0.080691 -0.214091 -0.248792 -0.239839 -0.232910 -0.199649
-0.086361 0.002336 -0.076047 -0.073748 0.039194 0.036020 -0.229003 -0.270212 -0.277967 -0.278454
-0.271908 -0.274099 -0.253309 -0.257980 -0.274689 -0.278425 -0.278266 -0.275155 -0.278230 -0.209468
-0.105141 -0.077891 -0.164722 -0.229347 -0.248794 -0.263355 -0.271122 -0.272134 -0.272682 -0.261582
-0.124167 0.047052 0.424274 0.620194 0.662912 0.411701 0.132367 0.145187 0.175661 0.220743
0.119987 0.032748 -0.040288 0.042514 0.329765 0.604596 0.409276 0.277402 -0.159381 -0.221109
-0.199637 -0.177208 -0.204107 -0.224957 -0.229755 -0.222248 -0.249882 -0.259805 -0.249066 -0.221144
0.075785 -0.268514 -0.204091 -0.185395 -0.167905 -0.204201 -0.236329 -0.242825 -0.077153 0.223759
0.176791 0.110741 0.089680 -0.053997 -0.106890 -0.154870 -0.216444 -0.246335 -0.237181 -0.167910
-0.111683 -0.004831 0.021605 0.040031 0.129804 -0.028543 -0.137459 -0.223290 -0.239161 -0.268687
-0.263186 -0.268146 -0.274138 -0.270137 -0.261905 -0.219014 -0.253534 -0.272922 -0.261494 -0.152330
-0.095992 0.079240 -0.081627 -0.216334 -0.230233 -0.246830 -0.257605 -0.235098 -0.233782 -0.251116
-0.240556 -0.175669 -0.104134 0.043899 0.190024 0.146826 -0.072281 -0.100290 -0.106764 -0.076882
-0.098831 -0.160853 -0.181457 -0.073161 0.163526 0.319399 0.150503 0.337379 -0.115895 -0.232238
-0.213676 -0.162206 -0.182117 -0.192002 -0.205093 -0.205443 -0.232463 -0.251927 -0.249537 -0.224501
0.126008 -0.267984 -0.220199 -0.191700 -0.169592 -0.151742 -0.246706 -0.207487 0.596876 1.435706
0.589033 0.139285 -0.181381 -0.208325 -0.177660 -0.164971 -0.185128 -0.234610 -0.240641 -0.204956
0.033623 0.244095 0.338844 0.398866 0.493867 0.214690 -0.018365 -0.114979 -0.161008 -0.187658
-0.208320 -0.212051 -0.148111 0.050527 0.446010 0.869183 0.239160 -0.073231 -0.241462 -0.227579
0.043345 0.201723 0.059144 -0.073529 -0.168534 -0.227015 -0.208171 -0.160270 -0.142583 -0.016858
-0.094714 -0.183560 -0.191359 -0.107639 -0.103495 -0.131372 -0.188676 -0.224698 -0.231916 -0.189549
-0.196194 -0.262884 -0.271329 -0.215323 -0.140133 0.177380 0.392248 0.930013 0.170084 -0.172274
-0.246365 -0.251047 -0.241263 -0.184650 -0.156813 -0.120112 -0.173708 -0.227684 -0.207568 -0.171302
0.195030 -0.273511 -0.232284 -0.216390 -0.103466 0.184432 -0.132799 -0.263530 -0.108028 0.140046
0.053051 -0.059158 -0.208312 -0.197560 -0.211123 -0.203510 -0.200810 -0.213433 -0.223786 -0.229744
-0.180414 -0.125143 -0.114842 -0.069622 -0.139480 -0.055145 -0.166617 -0.166390 -0.211586 -0.189855
-0.188809 -0.188807 -0.162725 -0.199699 -0.126937 -0.052041 -0.079085 -0.153908 -0.235985 -0.267504
-0.238278 -0.117176 -0.146319 -0.103268 -0.079849 -0.023560 -0.095506 -0.149515 -0.089602 0.601551
0.701962 0.511396 0.546230 0.581583 0.495357 0.278839 -0.066632 -0.204686 -0.210585 -0.181672
-0.184390 -0.243254 -0.276876 -0.250945 -0.140152 0.536257 0.422860 0.804455 0.166803 -0.180156
-0.205210 -0.207279 -0.235385 -0.205507 -0.163752 -0.046450 -0.134559 -0.213361 -0.237482 -0.204616
0.095022 -0.277908 -0.269990 -0.199887 0.290039 0.697763 0.699728 -0.011002 -0.276943 -0.276637
-0.274808 -0.261939 -0.253889 -0.246827 -0.224838 -0.142271 -0.140608 -0.142848 -0.184142 -0.252122
-0.276974 -0.276010 -0.278325 -0.274170 -0.277419 -0.276026 -0.263664 -0.268832 -0.245424 -0.212531
-0.209452 -0.188137 -0.189421 -0.195475 -0.244127 -0.234188 -0.197863 -0.186213 -0.245092 -0.268716
-0.276284 -0.264867 -0.263778 -0.248310 -0.054190 0.506551 -0.012225 -0.093401 0.410076 1.300186
1.449243 1.624961 1.759617 1.595048 1.231909 1.052408 0.362070 0.023718 -0.078615 -0.101508
-0.118198 -0.224015 -0.276508 -0.273977 0.080642 1.034017 0.828495 1.578312 0.323207 -0.137984
-0.120097 -0.143136 -0.208167 -0.218079 -0.216581 -0.171478 -0.225099 -0.220974 -0.252398 -0.227409
0.134402 -0.277477 -0.272357 -0.265239 -0.215847 -0.234577 -0.022625 0.280224 -0.169398 -0.245296
-0.251419 -0.216717 -0.218532 -0.231094 -0.229926 -0.162567 -0.156030 -0.079300 -0.127757 -0.116598
-0.208086 -0.210427 -0.210341 -0.226100 -0.231652 -0.234629 -0.233753 -0.220877 -0.152918 -0.197278
-0.222978 -0.192831 -0.171558 -0.159398 -0.109306 -0.179313 -0.223851 -0.218329 -0.223626 -0.207700
-0.204075 -0.220329 -0.278192 -0.269987 -0.156317 0.166964 -0.226475 -0.277193 -0.197499 0.090932
0.153380 0.438130 0.526160 0.502216 0.601485 0.758145 0.188801 -0.034035 -0.120255 -0.142390
-0.146546 -0.248694 -0.246161 -0.246878 -0.247209 0.476123 0.587715 0.986590 0.114077 -0.169414
-0.201727 -0.215725 -0.167509 -0.108946 -0.069286 -0.143844 -0.239113 -0.259525 -0.260737 -0.223111
0.133028 -0.274392 -0.247181 -0.271296 -0.271233 -0.278217 -0.272591 -0.219196 -0.159193 -0.185041
-0.143931 -0.073163 -0.058155 -0.167047 -0.192181 -0.207789 -0.133238 0.002935 -0.051924 -0.080270
-0.132491 -0.126616 -0.155469 0.046140 0.066874 0.019626 -0.077776 -0.149012 -0.191524 -0.221289
-0.202046 -0.230789 -0.248995 -0.218267 -0.243837 -0.215584 -0.226593 -0.257908 -0.235117 -0.198414
-0.216991 -0.239734 -0.278317 -0.276253 -0.224187 -0.123391 -0.229757 -0.268744 -0.230254 -0.090626
-0.076832 -0.062698 -0.119949 -0.103114 0.042026 0.313684 -0.084044 -0.121983 -0.203402 -0.218399
-0.191771 -0.271339 -0.219650 -0.203302 -0.276565 0.098528 0.324987 0.327895 -0.150978 -0.273185
-0.265868 -0.239592 -0.231336 -0.218126 -0.188859 -0.170923 -0.224942 -0.251220 -0.257289 -0.222643
0.135514 -0.273587 -0.219211 -0.245975 -0.228493 -0.255777 -0.249655 -0.221855 -0.172251 0.022554
0.146951 0.028690 -0.127542 -0.079513 -0.117828 -0.185323 -0.198100 -0.159347 -0.081658 -0.089622
-0.055730 -0.027706 -0.195181 -0.252467 -0.222286 -0.086675 -0.094450 -0.160450 -0.213832 -0.240660
-0.242880 -0.247272 -0.212384 -0.184225 -0.175417 -0.097381 -0.085071 -0.133715 -0.148156 -0.194666
-0.204196 -0.227810 -0.267544 -0.274690 -0.252544 -0.254330 -0.241192 -0.233752 -0.220454 -0.144119
-0.124402 -0.187819 -0.234470 -0.254018 -0.187314 -0.173962 -0.194366 -0.212037 -0.228426 -0.213237
-0.208302 -0.271611 -0.224223 -0.210108 -0.273268 -0.073118 0.123553 0.277007 -0.153342 -0.273300
-0.263419 -0.242682 -0.233098 -0.248142 -0.252737 -0.238248 -0.245224 -0.247959 -0.230129 -0.204211
0.094250 -0.276107 -0.230364 -0.185651 -0.199658 -0.242017 -0.253963 -0.243878 -0.034049 0.522753
0.731287 1.085912 0.099839 -0.033872 -0.085540 -0.143996 -0.153166 -0.103039 -0.077123 -0.129320
-0.057661 -0.183448 -0.216341 -0.247184 -0.221161 -0.201513 -0.208004 -0.220668 -0.232908 -0.235591
-0.249224 -0.261774 -0.265275 -0.268383 -0.239028 -0.083178 -0.083367 -0.074319 -0.127528 -0.194327
-0.240280 -0.246909 -0.266772 -0.271985 -0.276785 -0.274924 -0.256802 -0.244118 -0.213678 -0.231720
-0.257394 -0.255876 -0.258617 -0.245584 -0.256423 -0.276389 -0.273298 -0.275252 -0.249832 -0.197661
-0.200633 -0.263328 -0.242411 -0.225516 -0.252807 -0.268705 -0.226117 0.000165 -0.203159 -0.273436
-0.266035 -0.250306 -0.254927 -0.245291 -0.238461 -0.222796 -0.249034 -0.251347 -0.247554 -0.206183
0.035915 -0.278417 -0.242304 -0.233459 -0.226322 -0.265831 -0.277687 -0.270705 -0.159789 0.171267
0.241061 0.577869 0.116411 -0.057796 -0.089905 -0.100988 -0.116261 -0.113675 -0.098780 -0.105043
-0.108928 -0.251741 -0.243151 -0.240059 -0.250416 -0.246756 -0.260333 -0.251663 -0.239424 -0.238352
-0.233317 -0.235696 -0.262417 -0.270226 -0.276010 -0.249197 -0.217090 0.038031 0.059239 -0.059275
-0.175818 -0.223095 -0.250863 -0.238284 -0.159040 -0.124812 -0.226555 -0.267838 -0.275427 -0.278359
-0.278113 -0.278382 -0.277793 -0.276731 -0.271127 -0.263992 -0.262235 -0.259440 -0.228598 -0.189927
-0.174371 -0.247123 -0.268899 -0.264790 -0.277347 -0.131026 -0.072187 0.108997 -0.201470 -0.270881
-0.260097 -0.246788 -0.254351 -0.256315 -0.239946 -0.218533 -0.241185 -0.248494 -0.253509 -0.166184
0.024674 -0.278319 -0.212117 -0.181086 -0.179495 -0.239463 -0.278387 -0.273596 -0.224914 0.175659
0.305117 0.433872 0.054082 -0.070323 -0.107220 -0.108011 -0.151698 -0.153723 -0.166556 -0.177851
-0.260235 -0.250989 -0.254848 -0.248615 -0.245029 -0.252352 -0.223084 -0.218405 -0.230737 -0.217354
-0.206696 -0.227940 -0.231965 -0.248691 -0.272096 -0.276977 -0.277838 -0.127275 -0.187026 -0.176120
-0.162221 -0.221176 -0.256375 -0.246349 -0.021653 0.102378 -0.019862 -0.066235 -0.111463 -0.131483
-0.128543 -0.149525 -0.116641 -0.009061 -0.039085 0.068334 -0.037983 -0.071787 -0.130624 -0.121799
-0.165138 -0.212886 -0.278454 -0.273394 -0.263455 -0.021252 0.020271 0.076562 -0.203788 -0.266160
-0.245353 -0.234174 -0.245822 -0.248254 -0.234620 -0.230678 -0.236746 -0.240879 -0.235015 -0.225412
0.127325 -0.267542 -0.194340 -0.160343 -0.141944 -0.239900 -0.276216 -0.277506 -0.108012 0.887613
1.012940 1.625507 0.735333 0.193056 0.095632 0.036357 -0.033409 -0.082929 -0.070264 -0.079663
-0.225668 -0.254708 -0.246902 -0.229850 -0.232672 -0.239340 -0.229619 -0.214874 -0.093288 -0.048504
-0.055756 -0.090986 -0.175162 -0.178281 -0.233939 -0.257239 -0.273960 -0.250736 -0.276341 -0.250074
-0.220927 -0.228539 -0.245602 -0.248867 -0.121875 -0.104909 -0.155316 -0.167879 -0.136823 -0.147161
-0.159297 -0.164632 -0.059379 0.085685 0.153695 0.591988 0.703896 0.548320 0.176699 0.059349
0.021954 -0.008174 -0.236638 -0.276566 -0.249843 -0.154705 -0.128022 -0.159433 -0.235105 -0.259438
-0.238918 -0.217463 -0.205366 -0.212598 -0.219671 -0.219048 -0.197398 -0.219870 -0.211285 -0.211418
0.132233 -0.245257 -0.217235 -0.195276 -0.160552 -0.253095 -0.239716 -0.255946 -0.128246 0.748042
0.902483 1.648400 0.988510 0.514697 0.389994 0.393936 0.190225 0.009335 0.000397 0.070178
-0.146151 -0.212897 -0.218353 -0.238659 -0.250310 -0.242763 -0.217351 -0.186219 -0.076395 -0.250090
-0.275673 -0.208452 -0.105198 -0.137607 -0.152129 -0.238266 -0.272003 -0.278324 -0.278147 -0.265178
-0.248997 -0.123380 -0.145895 -0.239588 -0.229057 -0.241332 -0.245391 -0.174434 -0.096807 -0.123129
-0.161505 -0.186004 0.063665 0.380799 0.566271 0.486954 0.477796 0.611404 0.337580 0.239441
0.400964 0.647156 0.282779 -0.060927 -0.246523 -0.276280 -0.277570 -0.272266 -0.258918 -0.270401
-0.248372 -0.223693 -0.195243 -0.181061 -0.221387 -0.215022 -0.192942 -0.217136 -0.229858 -0.177020
0.117259 -0.272487 -0.238217 -0.234399 -0.201883 -0.253144 -0.247933 -0.211961 -0.276190 0.103923
0.482167 0.965030 0.601187 0.184087 0.093981 0.149397 0.067703 -0.020161 -0.076889 -0.058721
-0.198938 -0.209676 -0.222904 -0.243337 -0.238292 -0.209169 -0.240012 -0.261506 -0.278265 -0.262207
1.396049 2.539274 1.638554 0.127382 -0.077707 -0.153139 -0.210445 -0.268650 -0.265437 -0.204507
-0.222270 -0.240509 -0.218671 -0.232027 -0.253892 -0.255951 -0.242166 -0.251632 -0.216178 0.031652
0.081129 -0.068195 -0.026487 -0.049474 0.158630 0.290049 0.025801 -0.066286 -0.057664 -0.049159
0.057004 0.219842 0.315086 0.335645 0.040669 -0.160025 -0.258441 -0.261308 -0.270453 -0.262678
-0.236283 -0.220305 -0.218453 -0.225655 -0.230291 -0.241196 -0.251815 -0.212125 -0.224142 -0.191967
-0.038516 -0.275113 -0.240200 -0.236006 -0.202974 -0.254460 -0.264404 -0.240683 -0.257833 -0.228553
-0.051827 0.184420 0.160251 -0.096909 -0.066805 -0.139668 -0.132768 -0.119087 -0.136144 -0.164594
-0.212956 -0.233231 -0.249550 -0.250651 -0.246148 -0.254643 -0.277124 -0.225915 -0.203489 -0.236016
-0.060415 1.171168 1.811405 -0.041632 -0.125393 -0.202252 -0.240445 -0.253655 -0.230326 -0.244155
-0.236504 -0.252580 -0.255017 -0.231575 -0.131390 -0.123246 -0.134394 -0.222817 -0.252787 -0.230309
-0.215038 -0.181191 -0.160494 -0.085289 0.121442 0.016208 -0.145276 -0.207012 -0.226420 -0.238727
-0.174639 -0.091851 -0.028008 0.066620 0.182863 0.321801 0.031170 -0.131172 -0.231847 -0.250756
-0.242272 -0.243991 -0.244594 -0.234544 -0.238541 -0.215725 -0.248895 -0.268979 -0.270712 -0.228932
0.204509 -0.254698 -0.196900 -0.197419 -0.198141 -0.250247 -0.272877 -0.267003 -0.264767 0.045203
0.418776 0.427375 0.067359 -0.116947 -0.159641 -0.198668 -0.213468 -0.195604 -0.127129 -0.162480
-0.194535 -0.227919 -0.236672 -0.240072 -0.231243 -0.253272 -0.269800 -0.277660 -0.240312 -0.219366
-0.270951 -0.230312 -0.278439 -0.278305 -0.195287 -0.251263 -0.236871 -0.231774 -0.236882 -0.253138
-0.253876 -0.259478 -0.228082 -0.225523 -0.196225 -0.183515 -0.178376 -0.125666 0.012352 -0.020890
-0.128265 -0.053573 0.013615 0.002315 0.047315 0.019312 -0.115793 -0.213730 -0.247671 -0.252457
-0.232045 -0.198231 -0.155676 -0.016072 0.227801 0.579930 0.367585 0.072111 -0.166533 -0.241939
-0.253753 -0.252423 -0.259525 -0.246318 -0.249192 -0.219991 -0.216584 -0.240018 -0.266544 -0.212369
0.262528 -0.250933 -0.202057 -0.207611 -0.204087 -0.257865 -0.273950 -0.278324 -0.196105 0.248462
0.410652 0.412669 0.153130 0.141068 0.205397 -0.091528 -0.166375 -0.186522 -0.170477 -0.186472
-0.218912 -0.226456 -0.242161 -0.238915 -0.251943 -0.263562 -0.269479 -0.272465 -0.276406 -0.217211
-0.230946 -0.125607 -0.205305 -0.276500 -0.249192 -0.258262 -0.247002 -0.258563 -0.261633 -0.264094
-0.263588 -0.242050 -0.111343 -0.046442 -0.113344 -0.202346 -0.223173 -0.038792 0.226598 0.522910
0.561125 0.813595 0.956201 0.793102 0.429269 0.299669 0.017960 -0.145320 -0.177170 -0.166047
-0.169250 -0.221502 -0.223833 -0.098179 0.273476 0.805234 0.718187 0.566702 0.053528 -0.190465
-0.228172 -0.242045 -0.246729 -0.234284 -0.240888 -0.222122 -0.230834 -0.217028 -0.231159 -0.154591
0.025073 -0.272832 -0.244988 -0.229339 -0.197838 -0.232480 -0.277925 -0.274171 -0.257060 0.043500
0.249511 0.227700 -0.012934 0.166810 0.348756 0.045409 -0.078287 -0.145212 -0.161846 -0.176378
-0.230482 -0.225581 -0.232368 -0.236898 -0.244185 -0.241768 -0.256698 -0.258785 -0.266411 -0.278215
-0.277912 -0.206442 0.014648 -0.273495 -0.269694 -0.261025 -0.263869 -0.256360 -0.259301 -0.246159
-0.244038 -0.226639 -0.231466 -0.172218 -0.167822 -0.219884 -0.274636 -0.276397 -0.187155 0.011012
0.020113 0.051328 0.251754 0.225571 0.150158 0.146774 -0.002613 -0.132428 -0.156375 -0.151523
-0.152663 -0.206777 -0.240728 -0.230232 -0.158738 0.268620 0.349160 0.305078 0.032857 -0.192056
-0.215591 -0.237735 -0.237003 -0.226484 -0.243385 -0.218315 -0.206391 -0.165759 -0.214118 -0.189377
-0.029452 -0.277849 -0.228936 -0.132909 -0.123047 -0.230331 -0.278288 -0.275904 -0.104654 0.335020
0.593639 0.695787 0.156837 -0.204633 -0.247238 -0.195034 -0.113897 -0.071401 -0.136360 -0.167660
-0.224088 -0.223659 -0.221949 -0.198005 -0.226024 -0.240510 -0.244947 -0.265003 -0.274460 -0.260434
-0.275899 -0.278426 -0.262869 -0.261108 -0.269860 -0.262265 -0.256408 -0.259914 -0.247558 -0.232564
-0.240309 -0.235607 -0.207915 -0.205538 -0.223541 -0.227014 -0.267064 -0.277259 -0.238745 -0.203475
-0.159930 -0.114812 -0.129964 -0.115405 -0.142470 -0.147385 -0.100759 -0.153595 -0.148368 -0.154385
-0.190127 -0.215155 -0.272566 -0.256396 0.002163 0.432508 0.520386 0.460042 -0.085085 -0.220571
-0.235286 -0.234872 -0.231032 -0.224104 -0.242548 -0.217553 -0.199037 -0.168869 -0.206759 -0.117735
0.040206 -0.265112 -0.231775 -0.205056 -0.170970 -0.223268 -0.278218 -0.276002 -0.207955 0.056479
0.223652 0.589824 0.975472 0.546660 0.037778 -0.001527 0.048665 0.137908 0.265836 0.173155
-0.193066 -0.242076 -0.236347 -0.205001 -0.221967 -0.224457 -0.220616 -0.243210 -0.234790 -0.259233
-0.278388 -0.278421 -0.277843 -0.276814 -0.248867 -0.252892 -0.245913 -0.207727 -0.160182 -0.211717
-0.217902 -0.249645 -0.237140 -0.225895 -0.202458 -0.207306 -0.238249 -0.246453 -0.198418 -0.191161
-0.183979 -0.125658 -0.120098 -0.082481 -0.087531 -0.081821 -0.074702 -0.081784 -0.099270 -0.112965
-0.116015 -0.168457 -0.268487 -0.269198 -0.152972 0.358985 0.696918 1.257774 0.118366 -0.145361
-0.215649 -0.177607 -0.215622 -0.219379 -0.233276 -0.228923 -0.248812 -0.203697 -0.242564 -0.177569
0.185189 -0.263816 -0.231965 -0.218175 -0.216675 -0.237416 -0.278456 -0.277145 -0.237844 -0.022281
0.177086 0.318279 0.438488 0.596973 0.565992 0.493558 0.632250 0.716981 0.835333 1.304256
0.012362 -0.165777 -0.185778 -0.171191 -0.202240 -0.196556 -0.200619 -0.199071 -0.210487 -0.255900
-0.234511 -0.263094 -0.270541 -0.258384 -0.268527 -0.277297 -0.156678 -0.021897 -0.041757 -0.113337
-0.150691 -0.215969 -0.238649 -0.205287 -0.078495 -0.111180 -0.205812 -0.185180 -0.112977 -0.128307
-0.212930 -0.205972 -0.196139 -0.183006 -0.131100 -0.040035 -0.039518 -0.028641 -0.027230 -0.003702
-0.059264 -0.180195 -0.260526 -0.223948 0.101619 0.688372 0.407949 0.814837 0.250120 -0.111687
-0.139906 -0.121236 -0.188730 -0.168491 -0.186884 -0.125625 -0.201754 -0.255902 -0.276335 -0.262150
0.188302 -0.268169 -0.214093 -0.199998 -0.194058 -0.225778 -0.272463 -0.249229 -0.134388 0.100792
-0.016276 -0.036099 -0.033194 0.008584 0.141114 0.186090 0.237860 0.228681 0.120547 0.478684
0.015092 -0.202613 -0.252722 -0.239109 -0.244507 -0.200358 -0.197300 -0.179617 -0.174768 -0.215385
-0.197224 -0.209928 -0.223823 -0.243120 -0.277955 -0.273164 0.151060 0.065536 -0.132097 -0.149663
-0.147845 -0.210406 -0.234839 -0.221224 -0.135606 -0.137926 -0.212461 -0.219425 -0.101224 -0.054170
-0.106869 -0.149588 -0.177077 -0.054409 -0.019278 -0.064367 -0.115695 -0.091259 -0.095506 -0.090077
-0.124471 -0.217432 -0.278462 -0.278068 -0.212370 0.211444 0.174839 0.427487 -0.100065 -0.191669
-0.163898 -0.097037 -0.187629 -0.192731 -0.201087 -0.137002 -0.208906 -0.240973 -0.266999 -0.245464
0.051804 -0.277385 -0.170569 -0.128472 -0.126180 -0.231469 -0.274172 -0.275968 -0.093775 0.200621
0.029562 0.012776 -0.034211 -0.108712 -0.093674 -0.033892 0.181387 0.195105 -0.065999 -0.063558
-0.175440 -0.238350 -0.243810 -0.256334 -0.258843 -0.208207 -0.150781 -0.063194 -0.129848 -0.126899
-0.160462 -0.194195 -0.180970 -0.172638 -0.190247 -0.248346 -0.278242 -0.240405 -0.140963 -0.238105
-0.235111 -0.201432 -0.198701 -0.194248 -0.178095 -0.168614 -0.183425 -0.218071 -0.223779 -0.186932
-0.118308 -0.066868 -0.028004 -0.034011 -0.077051 -0.118490 -0.079463 -0.062501 -0.080904 -0.115022
-0.132690 -0.206422 -0.278416 -0.276190 -0.242026 0.273342 0.272092 0.172045 -0.204397 -0.253371
-0.253012 -0.219934 -0.246782 -0.239935 -0.227039 -0.221645 -0.227143 -0.211150 -0.234235 -0.162386
0.102431 -0.274976 -0.198524 -0.192895 -0.148704 -0.212041 -0.278437 -0.271384 -0.271674 -0.199811
-0.211631 -0.231310 -0.166073 -0.067000 0.012537 0.346495 0.664507 0.743875 0.347404 0.514514
-0.130281 -0.243527 -0.237368 -0.255730 -0.263388 -0.245971 -0.236373 -0.176496 -0.174524 -0.215769
-0.224298 -0.219643 -0.229548 -0.234282 -0.203481 -0.190455 -0.249366 -0.253046 -0.248495 -0.223268
-0.206600 -0.194421 -0.190467 -0.192589 -0.189973 -0.179244 -0.162441 -0.178247 -0.152146 -0.185332
-0.189279 -0.093049 0.038303 0.016455 0.034259 0.061210 0.140107 0.032915 -0.092360 -0.146164
-0.177387 -0.240924 -0.278405 -0.277869 -0.260547 -0.071334 -0.073128 -0.121213 -0.250717 -0.268369
-0.258723 -0.251218 -0.255658 -0.229577 -0.233955 -0.218522 -0.248725 -0.255147 -0.225880 -0.162727
0.103136 -0.277638 -0.242936 -0.230918 -0.197751 -0.202682 -0.265656 -0.278276 -0.278243 -0.278325
-0.277945 -0.276974 -0.273905 -0.276282 -0.277807 -0.276456 -0.164981 0.211795 0.223327 0.523044
-0.093920 -0.235433 -0.237446 -0.253035 -0.244094 -0.240296 -0.227217 -0.181126 -0.178823 -0.187251
-0.200708 -0.209904 -0.216134 -0.197264 -0.228497 -0.245082 -0.220689 -0.175815 -0.166263 -0.201104
-0.227749 -0.224115 -0.194034 -0.202387 -0.178021 -0.197422 -0.200121 -0.185184 -0.151238 -0.143570
-0.138457 -0.108755 -0.037483 0.093615 0.299285 0.373410 0.377657 0.257469 0.132050 0.028525
-0.102848 -0.161054 -0.257205 -0.273552 -0.278084 -0.277944 -0.272093 -0.266773 -0.270321 -0.278268
-0.274996 -0.256662 -0.239815 -0.236843 -0.215305 -0.205118 -0.242433 -0.252783 -0.231311 -0.176222
0.149789 -0.272845 -0.238242 -0.228146 -0.190760 -0.192085 -0.193950 -0.196172 -0.209671 -0.230257
-0.235327 -0.224211 -0.179579 -0.204967 -0.257720 -0.261858 -0.066715 0.921785 0.722379 0.945406
0.069360 -0.230355 -0.249146 -0.248863 -0.231492 -0.214129 -0.193742 -0.172350 -0.193004 -0.156860
-0.140669 -0.154235 -0.182425 -0.169871 -0.212844 -0.159417 -0.109643 -0.168107 -0.168037 -0.193097
-0.210251 -0.243944 -0.220975 -0.214911 -0.194220 -0.185627 -0.183805 -0.173314 -0.136761 -0.127389
-0.172251 -0.191550 -0.147164 -0.041258 0.037320 0.101232 0.139399 0.175470 0.181671 0.211156
0.077554 -0.085833 -0.200476 -0.213924 -0.181388 -0.091137 -0.160015 -0.190364 -0.247264 -0.267625
-0.258905 -0.223246 -0.228858 -0.226796 -0.216884 -0.177925 -0.227760 -0.265930 -0.208867 -0.027579
0.143353 -0.266550 -0.186048 -0.187292 -0.185322 -0.198779 -0.182199 -0.150005 -0.066215 0.030368
-0.100226 -0.150988 -0.132031 -0.178407 -0.227629 -0.166129 0.291308 0.686592 0.394325 0.960520
0.180036 -0.210088 -0.242601 -0.238560 -0.227397 -0.208544 -0.211067 -0.192835 -0.140881 -0.095210
-0.076670 -0.149300 -0.152258 -0.165421 -0.205321 -0.156750 -0.171032 -0.227622 -0.181946 -0.192273
-0.176063 -0.217172 -0.207321 -0.199703 -0.199709 -0.192158 -0.191219 -0.167278 -0.127788 -0.081674
-0.146151 -0.172537 -0.210232 -0.186622 -0.135096 -0.108510 -0.106213 -0.073144 0.010629 0.013579
-0.019324 -0.092058 -0.165206 -0.115230 0.099913 0.323869 0.145864 0.022732 -0.152717 -0.200064
-0.172258 -0.171773 -0.236612 -0.215725 -0.141907 0.018953 -0.132737 -0.238487 -0.253262 -0.199949
0.180464 -0.269999 -0.180913 -0.177317 -0.176107 -0.214199 -0.220307 -0.206172 -0.149612 -0.097963
-0.198742 -0.239527 -0.267501 -0.278267 -0.270254 -0.276328 -0.214215 0.405151 0.447379 0.155951
0.149860 -0.024645 -0.088407 0.008070 0.030270 0.005738 -0.018210 -0.078099 0.002784 0.177871
0.220078 0.218236 0.111322 0.044288 0.323493 0.505626 0.163534 -0.079119 -0.123261 -0.153611
-0.145642 -0.171268 -0.172148 -0.147762 -0.131937 -0.152034 -0.182080 -0.127396 -0.030530 0.033540
-0.032621 -0.104377 -0.106899 -0.108503 -0.119605 0.000044 0.194766 0.320229 0.228285 0.157810
0.101823 -0.020083 -0.138750 -0.127427 -0.058996 0.142437 0.168096 0.176130 -0.027243 -0.150376
-0.178483 -0.181652 -0.212640 -0.187995 -0.087564 -0.011811 -0.160937 -0.158490 -0.198785 -0.193494
0.145062 -0.277802 -0.214826 -0.198187 -0.153348 -0.179250 -0.232699 -0.244218 -0.224153 -0.202249
-0.176631 -0.219814 -0.253919 -0.278457 -0.232222 -0.142046 -0.113847 -0.178075 -0.247196 -0.272861
-0.232799 -0.199076 0.082512 0.278490 0.373036 0.368688 0.206867 0.061020 0.272241 0.431997
0.593134 1.006660 0.951420 0.734129 0.790013 0.714457 0.504212 0.221589 0.052105 0.027436
0.083063 0.032067 -0.052933 -0.050520 -0.073671 -0.095676 -0.108689 -0.056099 0.074201 0.259125
0.204304 0.196342 0.131085 0.022811 -0.060469 -0.011518 0.154412 0.443484 0.357210 0.258983
0.112535 -0.021994 -0.164587 -0.175130 -0.124601 0.030897 0.319585 0.571487 0.151932 -0.072058
-0.110742 -0.030467 0.065878 0.190145 0.083283 -0.010239 -0.108723 -0.204948 -0.260802 -0.170908
0.162784 -0.276046 -0.238355 -0.233583 -0.211301 -0.195914 -0.213124 -0.217661 -0.147205 -0.135226
-0.118715 -0.150397 -0.078569 -0.179564 -0.252450 -0.277387 -0.253726 -0.211527 -0.234696 -0.278368
-0.245043 -0.109963 0.097322 0.110357 0.137598 0.081179 -0.156920 -0.231506 -0.129341 -0.125361
-0.116364 -0.011268 -0.016668 -0.047254 0.039076 0.203180 0.058546 0.017038 -0.056325 -0.114340
-0.058095 -0.035892 -0.092878 -0.138983 -0.131642 -0.102085 -0.161070 -0.094877 0.060163 0.263498
0.278807 0.295571 0.169518 0.016570 -0.117993 -0.047664 0.121453 0.254809 0.197132 0.167199
0.042882 -0.059256 -0.173909 -0.135060 0.110083 0.340832 0.226145 0.344795 0.073180 -0.089171
-0.068240 -0.113367 -0.206341 -0.208285 -0.215707 -0.191328 -0.228100 -0.230220 -0.132526 0.020206
0.087186 -0.248210 -0.268905 -0.262613 -0.212442 -0.194624 -0.201610 -0.207479 -0.112788 0.062168
-0.054032 -0.167583 -0.095718 0.041830 -0.035430 0.101245 -0.132195 -0.231168 -0.258954 -0.268716
-0.195683 -0.128236 -0.134149 -0.078075 0.139150 0.329481 -0.058506 -0.178180 -0.168598 -0.210630
-0.220841 -0.212799 -0.205293 -0.203229 -0.179698 -0.175017 -0.149318 -0.172016 -0.126049 -0.131514
-0.155729 -0.103655 -0.088061 -0.103187 -0.133613 -0.136510 -0.185539 -0.151578 -0.021588 0.143936
0.126851 0.116858 0.153177 0.129314 -0.079698 -0.115503 -0.060977 -0.030934 -0.013344 -0.041285
-0.103418 -0.180666 -0.245484 -0.192461 0.127360 0.494505 0.396896 0.354791 0.030407 -0.105441
-0.057907 -0.038110 -0.168228 -0.227022 -0.228202 -0.192103 -0.152044 -0.184949 -0.254822 -0.233163
-0.174027 -0.156517 -0.222042 -0.104438 -0.198141 -0.122291 -0.037031 -0.146069 -0.219839 -0.167583
-0.232151 -0.236524 -0.114154 0.178952 0.013538 0.351166 0.816450 -0.025529 -0.225605 -0.246189
-0.241450 -0.267190 -0.267367 -0.198130 -0.009531 0.238681 0.058040 -0.118152 -0.158276 -0.150482
-0.175878 -0.136256 -0.126028 -0.025705 0.124292 0.591961 0.505018 0.327903 0.298844 0.255541
0.193034 0.185516 0.135757 0.042222 -0.001074 -0.064120 -0.149451 -0.151687 -0.053670 0.038226
0.093463 0.140386 0.360157 0.520842 0.231073 -0.065772 -0.127984 -0.148543 -0.117999 -0.102585
-0.140254 -0.235998 -0.234610 -0.061560 0.377277 0.866878 0.519124 0.374367 0.024125 -0.196706
-0.154713 -0.120757 -0.126526 -0.170165 -0.205615 -0.190523 -0.243027 -0.224843 -0.202861 -0.151631
-0.260624 0.782448 1.888947 0.743778 -0.200329 -0.118579 -0.171360 -0.246999 -0.093973 0.237581
1.680524 0.266935 -0.209040 0.532836 0.913209 0.835883 0.682371 0.684928 0.022786 -0.224140
-0.249273 -0.276802 -0.277741 -0.270090 -0.233185 -0.189574 -0.187385 -0.256396 -0.266267 -0.263375
-0.260123 -0.216026 -0.193190 0.017148 0.299459 0.641409 0.919831 1.065107 0.924115 0.848327
0.784985 0.832426 0.850391 0.806181 0.333449 0.171680 0.003120 -0.084490 -0.081038 -0.089961
-0.099470 -0.022024 0.303090 0.596303 0.451473 0.024051 -0.128744 -0.139171 -0.136642 -0.146651
-0.147028 -0.212298 -0.272432 -0.254048 0.117990 0.671993 0.448250 0.203877 -0.130495 -0.245045
-0.226511 -0.187544 -0.160822 -0.115206 -0.111134 -0.156370 -0.247148 -0.253020 -0.205411 0.098960
-0.041578 -0.240521 -0.170684 0.420610 -0.098750 -0.182349 -0.148593 -0.201847 0.106604 -0.098978
-0.168843 -0.185586 -0.258451 -0.262922 -0.275369 -0.273914 -0.130591 0.256926 -0.016926 -0.184896
-0.212351 -0.235424 -0.275520 -0.250266 -0.202249 -0.061258 -0.067683 -0.110002 -0.182826 -0.247391
-0.278463 -0.272665 -0.209894 0.009937 0.043584 0.119201 0.250528 0.354481 0.560840 0.661780
0.549507 0.494237 0.405018 0.532091 0.306998 0.078882 0.027292 0.007021 0.003644 -0.029574
-0.041280 0.001222 0.197192 0.641693 0.537347 0.172722 -0.055240 -0.146765 -0.182990 -0.186374
-0.191870 -0.211429 -0.271822 -0.256951 0.117209 0.959230 0.819207 0.962950 0.295646 -0.127099
-0.181313 -0.188285 -0.191872 -0.079982 0.200125 -0.008383 -0.247587 -0.271274 -0.272505 0.173889
0.270366 -0.232351 -0.240069 -0.187756 -0.238512 -0.232859 -0.264693 -0.001194 -0.169869 0.068681
0.030264 0.038477 -0.257442 -0.251204 -0.224416 -0.051677 -0.195443 -0.149458 -0.154525 -0.204231
-0.160726 -0.215632 -0.239621 -0.207005 -0.054783 0.178823 0.155322 0.092612 -0.039127 -0.214005
-0.274333 -0.278289 -0.138185 0.071770 0.076804 0.101567 0.003265 0.013811 0.343327 0.963923
0.741026 0.583464 0.419911 0.411838 0.323709 0.184535 0.118803 0.075798 0.133516 0.129380
-0.012810 0.012337 0.367435 0.696045 0.467338 0.348840 0.100016 0.000985 -0.074773 -0.097673
-0.085680 -0.167890 -0.275704 -0.277992 0.030498 0.659703 0.672910 1.084549 0.341229 -0.114887
-0.208356 -0.257081 -0.243575 -0.136637 0.229797 0.310296 -0.093193 -0.259788 -0.276408 -0.278266
0.547905 -0.251441 -0.274878 -0.028033 -0.191816 -0.253588 0.066573 0.769282 -0.182061 -0.242454
0.028501 -0.090305 -0.275312 -0.155344 -0.232682 -0.229609 -0.263091 -0.105815 -0.163432 -0.120835
-0.203751 -0.248048 -0.252067 -0.263861 -0.220917 -0.161532 -0.167421 -0.080986 -0.093413 -0.221592
-0.269805 -0.254517 -0.264952 -0.065879 -0.047383 -0.100528 -0.179627 -0.236725 0.025262 0.368019
0.120908 0.136349 0.193657 0.305937 0.326466 0.202146 0.090640 0.031816 0.064935 0.053032
-0.033411 0.019411 0.364662 0.581814 0.571315 0.663158 0.388313 0.193177 0.005794 -0.072911
-0.087901 -0.199359 -0.272129 -0.278127 -0.247755 0.089523 0.086652 -0.002479 -0.174966 -0.208231
-0.209872 -0.186552 -0.242783 -0.250525 -0.186341 0.033762 0.107962 -0.159788 -0.241325 -0.270417
-0.178754 -0.278304 -0.057818 0.080055 -0.247770 0.512251 -0.064786 0.176852 -0.026016 0.084588
0.193593 0.008169 -0.046043 -0.260040 -0.273574 -0.276184 -0.274079 -0.135863 -0.194486 -0.223233
-0.229953 -0.225673 -0.229354 -0.258168 -0.259810 -0.249394 -0.236241 -0.198029 -0.148500 -0.199053
-0.272626 -0.272320 -0.268001 -0.277286 -0.277971 -0.278461 -0.264769 -0.248443 -0.242003 -0.264064
-0.277945 -0.277474 -0.234602 -0.146725 -0.060336 0.016784 -0.007612 0.006211 -0.057008 -0.134262
-0.226032 -0.234691 -0.151083 0.194662 0.584765 0.883185 0.568812 0.221508 0.115209 0.130254
0.092927 0.009403 -0.097905 -0.203774 -0.205460 -0.146902 -0.200039 -0.224563 -0.266758 -0.276277
-0.241957 -0.147958 -0.195826 -0.207486 -0.194746 -0.225349 -0.241347 -0.186844 0.037188 -0.152463
0.042122 -0.167873 -0.269697 0.012416 0.061309 0.494915 -0.155377 0.046089 -0.174977 -0.152519
-0.245730 -0.157224 -0.214679 0.269381 -0.169278 0.035154 -0.044853 -0.226569 -0.179553 -0.278299
0.691961 0.102230 0.010840 -0.127402 -0.198840 -0.241299 -0.253314 -0.197297 -0.153475 -0.051311
-0.009994 -0.110758 -0.036932 0.071124 0.113681 -0.040820 -0.135353 -0.212822 -0.261273 -0.266724
-0.221346 -0.114686 0.033774 0.075947 0.125104 0.199405 0.207608 0.237062 0.125211 0.129458
0.013878 -0.038083 0.365774 1.024962 0.853365 0.894696 0.616435 0.274520 0.079944 -0.019936
-0.047852 -0.032265 0.140002 0.273235 0.160313 0.259508 0.138412 0.068760 -0.195360 -0.251481
-0.257358 -0.261479 -0.250538 -0.203627 -0.182747 -0.202389 -0.131934 -0.078076 -0.069870 -0.161945
-0.089885 -0.260974 -0.175668 0.380382 0.002067 -0.014050 -0.178416 -0.209291 0.057827 -0.125158
-0.234124 -0.075886 0.025976 0.513080 -0.103405 -0.245548 -0.120757 -0.178632 -0.275382 -0.258822
0.253660 -0.055412 0.006845 -0.081478 -0.088401 -0.157393 -0.218815 -0.187466 -0.101994 0.173312
0.387624 0.468198 0.669348 0.901370 0.854672 0.751700 0.649363 0.429135 0.367894 0.334187
0.389865 0.207172 0.254818 0.358714 0.515228 0.447345 0.239260 0.089282 0.066027 0.276022
0.084407 -0.044017 0.388562 0.712954 0.749912 1.025116 0.771722 0.463956 0.410774 0.309203
0.027723 -0.132083 -0.170511 -0.083760 0.282067 0.779081 0.479745 0.333207 -0.042227 -0.230528
-0.260348 -0.250365 -0.162828 -0.022046 -0.095883 -0.180346 -0.088859 -0.052630 -0.235022 -0.184903
-0.030465 -0.141507 -0.187244 -0.154263 -0.179845 0.126236 0.014310 -0.101838 -0.243595 -0.248658
-0.176170 -0.009043 -0.212232 -0.274601 -0.263245 -0.129919 -0.222680 0.029187 0.084089 -0.256939
-0.276519 -0.274721 -0.198716 0.025855 0.067394 -0.012087 -0.204390 -0.245652 -0.181629 -0.091448
-0.096556 -0.103686 -0.033098 -0.033978 -0.044074 -0.075930 -0.116678 -0.185753 -0.108505 -0.063875
0.034348 0.006897 0.153132 0.255721 0.441041 0.151670 0.031349 0.007870 -0.080082 0.063693
-0.116322 -0.192469 -0.042480 0.186003 0.192445 0.202091 0.032499 0.120425 0.266670 0.104519
0.000259 0.007456 -0.071061 -0.086952 0.446904 0.459993 0.274948 0.211051 -0.032752 -0.078558
-0.149826 -0.220183 -0.201377 -0.197034 -0.254873 -0.239381 0.245330 -0.092874 -0.199941 0.691968
0.235185 -0.172431 -0.243490 -0.208074 -0.196920 -0.051713 -0.084916 -0.090137 -0.127073 -0.133054
-0.261822 -0.228468 -0.213419 -0.276424 -0.174958 0.105432 -0.075660 -0.226391 -0.163731 -0.229131
-0.166386 -0.176770 -0.237583 -0.163785 -0.062396 -0.063256 -0.188220 -0.065292 0.179797 0.085322
-0.128866 -0.221292 -0.278443 -0.277359 -0.267874 -0.267077 -0.269387 -0.266309 -0.259855 -0.253971
-0.273842 -0.269460 -0.255680 -0.205267 -0.250297 -0.268791 -0.266806 -0.268558 -0.277622 -0.274547
-0.277687 -0.277885 -0.264586 -0.272759 -0.275230 -0.278216 -0.278462 -0.278464 -0.271108 -0.274396
-0.270583 -0.253402 -0.274608 -0.278446 -0.275648 -0.249369 -0.206687 -0.188812 -0.057712 -0.194289
-0.221793 -0.176067 -0.115216 -0.073696 -0.194139 -0.153080 -0.074944 -0.184742 -0.278417 -0.257496
0.331874 -0.121191 -0.118911 -0.238516 -0.172413 -0.011034 -0.100397 -0.197631 -0.186419 -0.185744
0.042621 -0.246769 -0.213671 -0.148157 -0.109100 -0.098943 -0.099016 -0.146445 -0.166166 -0.189700
-0.233068 -0.263526 -0.209053 -0.229841 -0.067612 -0.102695 -0.163446 -0.096651 0.057072 0.328540
0.400287 0.191680 -0.095356 -0.096655 -0.158403 -0.169223 -0.153415 -0.128661 -0.204905 -0.261874
-0.268325 -0.273535 -0.278443 -0.278368 -0.267531 -0.234586 -0.184945 -0.120265 -0.202830 -0.233986
-0.262521 -0.276984 -0.278079 -0.277897 -0.278188 -0.277250 -0.276760 -0.275360 -0.274266 -0.258937
-0.241815 -0.216893 -0.188617 -0.164452 -0.225407 -0.230668 -0.227919 -0.197540 -0.241740 -0.251475
-0.231372 -0.215578 -0.216545 -0.230579 -0.138978 -0.190608 -0.075844 0.433885 -0.054195 -0.277418
0.371312 -0.028879 -0.058204 -0.171800 -0.135272 -0.142794 -0.137070 -0.038859 0.077390 -0.220973
-0.061078 -0.184786 -0.100280 -0.107657 -0.164742 -0.224359 -0.158778 -0.068040 -0.061166 -0.178882
-0.250074 -0.245388 -0.179202 -0.148020 -0.137746 -0.178305 -0.247755 -0.264702 -0.183196 0.150845
0.412505 0.753576 0.090067 -0.069381 -0.119280 -0.170243 -0.191605 -0.231527 -0.225100 -0.239025
-0.244525 -0.221554 -0.182935 -0.219706 -0.241146 -0.230490 -0.218983 -0.203191 -0.126616 -0.161857
-0.147614 -0.030970 -0.017898 0.038132 -0.096147 -0.115670 -0.157227 -0.186354 -0.189239 -0.099856
-0.142609 -0.082282 -0.088096 -0.157528 -0.220362 -0.252864 -0.219643 0.032417 0.160331 0.081124
-0.042344 -0.117514 -0.210065 -0.255465 -0.233432 -0.263667 0.149213 -0.059404 -0.219211 -0.217016
0.181147 -0.062337 -0.112342 -0.217453 -0.211382 -0.202413 -0.092880 -0.223411 -0.214288 -0.077529
-0.160375 -0.022822 0.229212 0.084062 -0.127213 -0.262365 -0.030244 -0.109105 -0.037785 -0.123138
-0.274123 0.234228 -0.037336 -0.092348 -0.117776 -0.209252 -0.220271 -0.226158 -0.176245 -0.053881
0.075290 0.332849 0.114253 -0.037616 -0.042069 0.021779 0.166306 0.169415 0.127267 -0.033654
-0.078389 -0.065969 -0.080327 -0.136009 -0.176359 -0.210749 -0.217665 -0.183814 -0.119025 -0.110704
-0.132284 -0.135533 -0.131194 -0.164555 -0.159093 -0.164964 -0.179613 -0.179007 -0.146315 -0.105297
-0.152991 -0.167394 -0.230756 -0.209214 -0.141262 0.127346 0.211894 0.202766 -0.271482 -0.057030
0.112357 -0.103289 0.082969 0.615381 -0.054881 -0.192043 -0.155318 -0.100810 0.108015 -0.138682
-0.069665 -0.262644 -0.060988 -0.161444 -0.190928 -0.259474 -0.237017 -0.254497 -0.213603 0.092162
0.858865 -0.059664 -0.250838 -0.264546 -0.268419 -0.265632 -0.139471 -0.010458 -0.067358 -0.148167
-0.262143 0.190356 -0.255786 -0.246962 -0.241319 -0.230084 -0.248992 -0.273935 -0.277974 -0.277724
-0.278295 -0.276584 -0.262678 -0.247209 -0.216268 -0.202488 -0.218965 -0.201435 -0.239145 -0.252326
-0.137595 -0.155740 -0.193721 -0.152371 -0.135545 -0.136132 -0.175429 -0.195291 -0.193490 -0.218451
-0.242203 -0.242765 -0.226778 -0.221221 -0.159019 -0.140295 -0.185484 -0.236368 -0.243167 -0.244406
-0.237054 -0.192101 -0.232148 -0.194442 0.789505 1.086484 0.188113 -0.050002 -0.073692 -0.086527
-0.066566 -0.203396 -0.262030 -0.096135 0.002349 0.375949 0.393894 -0.220086 2.507339 -0.029211
-0.012374 -0.276744 0.005547 -0.107998 0.050636 -0.173308 -0.245464 -0.153675 -0.190944 -0.225373
-0.273472 -0.084524 -0.114897 -0.257485 -0.229091 -0.231165 0.098510 0.126192 -0.074937 -0.047768
-0.270197 -0.237365 -0.271647 -0.207806 -0.230570 -0.165163 -0.060961 -0.010152 -0.085602 -0.121930
-0.197834 -0.170797 -0.199114 -0.123254 -0.060645 -0.211159 -0.218107 0.028903 -0.017495 -0.206243
-0.205215 -0.141556 -0.155189 -0.152004 -0.178192 -0.131981 -0.107583 -0.194551 -0.223423 -0.258289
-0.206135 -0.209921 -0.207723 -0.171400 -0.155712 -0.127616 -0.135902 -0.080250 -0.140670 -0.209752
-0.180709 -0.189698 -0.277290 -0.158267 0.893323 0.746177 -0.134099 -0.269605 0.550438 0.214142
0.170263 0.679464 -0.087337 -0.187714 0.102646 0.566342 -0.277897 -0.278442 -0.224510 -0.105796
0.209155 -0.226830 -0.228301 -0.034326 0.147343 -0.062043 -0.101095 -0.117099 -0.219705 -0.140878
-0.080467 0.109590 0.052565 -0.248398 -0.202998 -0.275589 -0.265410 -0.278313 -0.101357 0.686280
-0.201299 -0.230917 -0.158867 -0.216757 -0.203925 -0.146593 -0.058501 0.056957 -0.058604 -0.134210
-0.122888 -0.098133 -0.172068 -0.064641 0.179244 0.037980 0.328282 0.325504 0.218426 0.007532
-0.154833 -0.185191 -0.206638 -0.182279 -0.198250 -0.252733 -0.278329 -0.259257 0.309321 0.517924
0.213902 -0.156933 -0.207345 -0.217688 -0.214738 -0.191849 -0.106408 -0.191208 -0.206879 -0.194128
-0.108948 0.101287 -0.140981 -0.273009 -0.278464 -0.277921 -0.253873 -0.177532 -0.241746 -0.189468
0.382560 1.172242 -0.084694 -0.219235 -0.275318 -0.188696 -0.258648 -0.234685 -0.274685 -0.164550
0.152254 0.086113 0.036196 -0.167920 -0.142732 0.127335 0.057483 -0.074054 -0.186607 -0.237516
-0.153266 -0.156253 -0.192167 -0.237430 -0.260312 -0.259273 -0.254589 -0.263845 -0.275956 -0.257357
-0.265676 0.261349 -0.105848 -0.149951 -0.219384 -0.213489 -0.197915 -0.173474 -0.167568 -0.077535
-0.110621 -0.138521 -0.190862 -0.178649 -0.233256 -0.226921 1.349852 1.266240 0.033143 -0.115039
-0.162282 -0.109010 -0.068433 -0.026343 -0.058044 0.124617 -0.189388 -0.259488 -0.278458 -0.265813
-0.152743 0.064634 -0.087461 -0.159124 -0.167964 -0.202856 -0.268183 -0.273954 -0.249884 -0.081944
-0.045316 -0.213536 0.026141 -0.023699 0.099579 -0.196305 -0.122897 -0.219538 -0.207782 -0.277350
-0.253329 -0.278319 -0.109205 0.104584 -0.130131 -0.206646 -0.101628 -0.172992 -0.271608 -0.246403
0.192504 -0.095648 0.130277 -0.208867 -0.147619 0.414975 0.411292 -0.004840 -0.169153 -0.155869
-0.191267 0.067295 -0.119633 -0.122181 -0.226385 -0.278353 -0.267405 -0.146493 0.222880 0.578832
-0.112607 0.143686 -0.227307 -0.242416 -0.241795 -0.220659 -0.176079 -0.154767 -0.090332 -0.032672
-0.130719 -0.185701 -0.232500 -0.275900 -0.276034 -0.278425 -0.125794 0.037206 -0.086084 -0.244047
-0.254182 -0.186653 -0.207337 -0.088869 -0.204271 -0.143528 -0.215248 0.181841 -0.143419 -0.190614
0.111087 -0.085497 -0.201130 -0.245037 -0.228532 -0.237111 -0.244102 0.158702 -0.232613 -0.014039
-0.202805 -0.276432 0.009390 -0.144495 0.058812 -0.200237 -0.083990 -0.162981 0.081210 -0.274253
-0.071236 -0.116323 -0.167210 0.011663 -0.122563 -0.238193 -0.098673 -0.102441 -0.269842 -0.264488
-0.088048 -0.265376 -0.205640 -0.245204 -0.260359 -0.211043 -0.198355 -0.217072 -0.204042 -0.186999
-0.217872 -0.092242 -0.124873 0.098088 -0.141340 -0.243667 -0.270503 -0.277655 -0.278420 -0.031219
0.164267 -0.104595 -0.258694 -0.209409 -0.106183 -0.016674 -0.087403 -0.228647 -0.256988 -0.224574
-0.204558 -0.219349 -0.202344 -0.184464 0.005385 -0.174924 -0.264915 -0.263068 0.069049 -0.258795
-0.277104 -0.120870 -0.263384 -0.241192 -0.220547 -0.046664 -0.091424 0.323616 0.472537 0.102347
-0.243416 -0.213914 -0.211327 -0.100653 -0.134502 -0.068613 -0.259883 -0.257927 -0.157848 0.052021
-0.160742 0.114398 -0.229108 -0.198352 -0.226201 -0.272402 -0.213765 -0.158499 -0.140365 -0.016306
-0.164543 -0.258539 0.141992 -0.252041 -0.228014 -0.208632 -0.201056 -0.229456 -0.239838 -0.181433
-0.000970 -0.273725 -0.148781 -0.090139 -0.171141 -0.252238 -0.272575 -0.249184 -0.180898 -0.156502
-0.172113 -0.206886 -0.227205 -0.127420 -0.044145 -0.058393 -0.254085 -0.265588 -0.176676 0.293454
0.352722 -0.270026 -0.261432 -0.264116 -0.203191 -0.186845 -0.263424 -0.177608 -0.171509 -0.109899
-0.136862 -0.113133 0.037433 0.352904 -0.062275 -0.009877 -0.216151 -0.230543 -0.210010 -0.256964
-0.184866 -0.117385 -0.204940 -0.063715 -0.116295 0.068794 -0.177550 -0.260692 -0.163897 -0.265712
-0.258666 1.111845 -0.146356 0.004763 -0.101263 -0.002502 -0.012843 -0.069157 -0.273644 -0.030499
-0.085402 0.383435 0.100423 -0.204721 -0.234798 -0.193032 -0.164014 -0.250884 -0.109100 0.313584
0.287883 -0.146088 -0.088805 -0.214845 -0.191018 -0.174576 -0.075219 -0.133761 -0.235512 -0.070544
0.164172 -0.215031 -0.212682 -0.171177 -0.228011 -0.255571 -0.205823 -0.065958 -0.036386 -0.130119
-0.045373 -0.082421 -0.177470 -0.245924 -0.242279 -0.081641 -0.236860 0.050979 -0.229300 -0.171437
-0.278248 -0.214530 1.312789 0.082254 -0.178393 -0.277240 -0.235569 -0.076766 -0.160890 -0.215709
-0.170254 -0.231542 -0.240971 -0.024087 -0.043007 0.215480 0.380545 -0.109443 -0.224110 0.252667
-0.052876 0.111201 -0.219502 -0.217266 -0.179099 -0.200268 -0.200393 -0.275347 -0.277691 -0.258999
-0.274857 0.473249 0.003966 -0.032313 -0.021031 -0.147311 -0.052137 0.255903 -0.162578 -0.234515
-0.259547 -0.087757 -0.054077 0.092999 -0.117799 -0.186924 -0.253679 -0.247410 -0.269622 -0.253109
-0.191995 -0.115390 -0.276566 -0.232979 -0.135200 0.079830 -0.135874 -0.228496 -0.250665 -0.273916
0.407657 -0.154752 0.043930 -0.128203 -0.224849 -0.109726 -0.065297 0.197997 0.021788 -0.135738
0.216794 0.297634 0.051562 -0.137420 -0.154331 0.098631 -0.100310 0.120943 -0.189442 -0.244188
-0.274941 -0.043267 0.032456 -0.273856 -0.269796 0.140435 0.695845 0.250865 -0.276487 -0.246622
1.056750 0.519268 0.803108 -0.071726 0.369722 -0.023691 0.326637 -0.091338 -0.092142 -0.067071
-0.102645 0.013752 -0.052249 0.108584 -0.176688 -0.217521 -0.252357 1.082307 0.151948 0.348455
-0.188957 -0.219420 -0.259407 0.048183 -0.088894 -0.244792 0.112352 0.066324 0.048506 0.120633
0.021489 -0.000861 -0.230241 0.106819 -0.174075 -0.162448 -0.208701 -0.148765 -0.171753 -0.169172
-0.256950 -0.213444 -0.206244 0.230695 0.228959 0.152236 0.003042 -0.000941 -0.156876 -0.191242
0.205239 -0.257685 -0.181414 -0.110162 0.495517 -0.059669 -0.096254 -0.237811 -0.226796 -0.182115
-0.232577 -0.157630 -0.132731 -0.161843 -0.198850 -0.155374 -0.014765 -0.056915 -0.241280 -0.225435
-0.124797 -0.259192 -0.203427 0.217204 -0.146637 -0.252546 -0.032204 -0.183133 -0.272227 -0.264590
0.190485 0.187223 -0.073543 -0.126907 0.121119 0.169302 -0.188675 -0.220859 0.215249 0.433397
0.512368 0.041713 -0.054351 -0.117786 -0.258283 -0.237201 -0.245240 -0.045862 -0.258341 0.079400
0.091700 -0.259661 -0.278429 0.108826 0.046580 0.498710 -0.117375 -0.124191 -0.201529 -0.225127
-0.169284 -0.257271 -0.266399 -0.182854 0.144632 0.157203 0.210903 -0.103245 -0.196295 -0.099724
-0.057647 -0.109932 -0.211148 -0.261198 -0.213447 -0.196808 -0.184864 -0.085216 -0.102516 0.005862
-0.011034 -0.241634 -0.173819 -0.225402 0.326605 0.039267 -0.099704 -0.226693 -0.189489 -0.141152
-0.186809 -0.200839 -0.144599 -0.007205 0.000664 -0.103555 -0.193261 -0.184532 -0.170738 -0.263765
-0.186320 -0.182637 0.009258 0.113568 1.408233 0.344878 -0.249102 -0.165522 -0.240079 -0.273592
-0.192472 0.134111 -0.206349 -0.062571 0.113451 0.309385 0.098469 0.208354 -0.048087 -0.195466
-0.118972 -0.067467 -0.087449 -0.182334 -0.014777 -0.066507 -0.201573 -0.252565 -0.225852 -0.239481
-0.184661 -0.069065 0.835320 -0.185395 -0.235388 -0.232559 -0.186786 0.128565 -0.118484 -0.208393
-0.233158 -0.232680 -0.118406 0.641618 0.590714 0.084118 -0.192408 -0.225065 -0.242996 -0.225536
-0.017862 0.293902 0.735036 0.071337 -0.205292 -0.185276 -0.129913 -0.209333 -0.222694 -0.191224
0.110488 -0.062765 -0.060599 -0.211539 -0.174494 -0.143816 -0.009831 0.019550 0.021755 -0.130882
-0.164476 -0.120902 -0.034025 -0.043745 -0.173984 -0.184741 -0.098626 -0.172048 -0.132853 -0.195634
-0.177105 -0.192508 -0.245641 -0.199174 -0.076924 -0.126583 -0.100505 -0.252916 -0.217290 0.173904
-0.028727 0.228852 -0.171325 -0.219112 -0.095090 -0.218843 -0.269487 -0.105909 -0.101664 -0.159997
-0.072173 -0.155582 0.029159 0.149282 0.020925 0.042122 -0.090590 -0.057366 -0.064251 -0.231772
-0.026751 -0.127407 0.314229 -0.022223 -0.225139 -0.213972 -0.159418 -0.191827 -0.129792 -0.145724
-0.225179 -0.234210 -0.235023 -0.275696 -0.248761 -0.108129 -0.148105 -0.007875 0.084788 -0.021615
-0.192673 -0.213676 0.060405 0.184062 0.035263 -0.152435 -0.183821 -0.177680 -0.180340 -0.186958
-0.026046 0.174421 0.842605 0.533216 -0.059645 -0.016911 0.035258 0.042855 0.204393 0.008589
-0.077530 -0.152207 -0.096183 -0.083777 -0.118873 -0.150797 -0.178912 -0.132008 -0.091088 -0.091901
-0.093398 -0.038346 -0.176256 -0.204433 -0.264774 -0.184072 -0.179592 -0.223571 -0.263548 -0.265315
-0.269999 -0.277315 -0.122189 -0.100676 -0.237397 -0.196951 -0.262705 -0.208006 0.034749 0.049711
0.019611 -0.132846 0.086656 0.095540 -0.238214 -0.152901 -0.266964 -0.083508 -0.214010 -0.277159
-0.125972 -0.265442 -0.119820 0.615375 1.197584 0.028186 -0.109008 -0.094562 -0.135099 -0.197083
-0.178454 -0.184654 -0.208727 -0.055876 -0.171764 -0.159243 0.008314 -0.041650 -0.191490 -0.175866
-0.163993 -0.177498 -0.220826 -0.241896 -0.212249 -0.179229 0.138204 0.333542 0.129148 -0.021094
0.434774 -0.229637 -0.122815 -0.111009 0.002352 -0.009444 -0.114470 -0.034124 -0.154268 -0.055230
0.422353 0.399774 0.128131 -0.152777 -0.061767 -0.052196 -0.038717 -0.114391 -0.117087 -0.169116
-0.168143 0.025527 0.087489 0.562321 0.029961 -0.176647 -0.220906 -0.133764 -0.170744 -0.247601
-0.212779 -0.151500 -0.194134 0.014267 -0.181650 -0.213909 -0.270819 -0.275523 -0.263594 -0.202894
-0.022402 0.107238 0.169049 0.174783 -0.104545 -0.195627 -0.204066 -0.220065 -0.241654 -0.078998
0.278766 -0.273646 -0.173507 -0.274960 0.189414 -0.244018 -0.165562 -0.141966 -0.241442 -0.023480
-0.044036 -0.100097 -0.184802 -0.154943 -0.217457 -0.232504 -0.188003 -0.196177 -0.212819 0.544097
0.352995 0.621148 0.393933 0.165255 -0.147951 -0.246218 -0.223209 -0.000369 -0.008880 -0.182794
0.069641 -0.266559 -0.265674 -0.163026 -0.059424 -0.138106 -0.179981 -0.028444 -0.086800 0.064009
0.196220 -0.022419 -0.168684 -0.118294 -0.050996 -0.120992 -0.140356 -0.167746 -0.184482 -0.214855
-0.153486 0.125385 -0.085448 0.919230 0.234113 -0.137588 -0.205735 -0.150339 -0.076098 -0.154581
0.118616 0.169349 -0.043791 -0.095294 -0.170859 0.006029 -0.157047 -0.251502 -0.258311 -0.200772
-0.010155 -0.127915 -0.154828 -0.099770 0.012147 -0.168155 -0.234316 -0.250188 -0.082661 -0.111847
-0.034203 -0.197067 -0.244710 -0.272446 -0.245168 -0.253567 -0.225675 -0.243829 -0.261454 0.190779
0.009876 -0.114574 -0.238894 -0.272519 -0.174843 -0.004506 0.353472 0.005660 -0.234177 -0.201625
-0.241247 -0.197325 -0.101351 -0.126355 -0.114902 -0.140997 -0.249884 -0.259095 -0.248401 -0.202297
0.209675 -0.077660 -0.087714 0.051552 -0.002320 -0.177322 0.763418 0.080746 -0.091254 -0.101134
-0.151487 -0.165909 -0.023160 -0.066901 -0.094231 -0.104081 -0.038612 -0.163083 -0.188710 -0.101460
-0.139259 -0.030078 -0.006514 0.420581 0.065166 -0.144780 0.056811 0.083686 -0.093367 -0.197981
-0.208493 -0.170259 -0.120907 -0.046289 -0.028749 -0.057281 -0.033801 -0.168007 -0.200736 -0.239066
-0.247003 -0.244734 -0.178441 -0.209048 -0.235887 -0.119025 -0.066007 0.183936 0.161375 -0.067667
-0.138221 -0.101576 0.000583 -0.077043 0.022835 -0.084890 -0.198474 0.168200 0.004725 0.253982
-0.014070 -0.186987 0.004240 -0.242244 -0.235048 -0.233714 -0.227432 0.024966 0.040646 -0.182942
-0.217837 -0.103968 0.256172 0.159783 0.079488 -0.084210 -0.178268 -0.178022 -0.265118 -0.077547
0.240027 -0.274385 -0.196826 -0.236550 -0.273322 -0.107559 1.948771 2.539670 0.560964 0.056479
0.031629 -0.037506 -0.004124 0.115516 0.056121 0.050168 -0.112767 -0.179983 -0.190338 -0.208741
-0.136843 0.363075 0.252605 -0.010499 -0.171381 -0.217363 -0.072443 -0.167103 -0.203493 -0.210682
-0.209760 -0.162016 -0.119820 -0.164341 -0.188026 -0.200796 0.016439 -0.043486 -0.155094 -0.176436
-0.185270 -0.174426 -0.200090 -0.211942 -0.247520 -0.268193 0.120792 1.426603 1.792116 0.634380
-0.043818 -0.151945 -0.179577 -0.151397 0.053552 -0.056566 -0.120500 -0.129917 -0.215318 -0.236163
-0.238659 -0.237009 0.042795 -0.115200 -0.113969 -0.204604 -0.184359 -0.102232 -0.107992 0.182498
0.380673 0.285755 0.187242 0.119911 0.076730 -0.081512 -0.224038 -0.229106 -0.261518 0.238721
0.676005 0.202708 0.028481 -0.152842 -0.278373 -0.274256 -0.271328 0.782877 0.840982 0.412489
0.054355 0.003219 0.019849 0.181279 0.196282 0.001031 -0.179505 0.046433 0.159658 0.185501
-0.067199 -0.087462 0.041582 -0.144650 -0.109672 -0.083765 -0.182528 -0.239777 -0.123133 -0.162951
-0.168380 -0.254691 -0.240279 -0.249457 -0.217740 -0.266811 -0.126277 -0.139015 -0.169404 -0.169918
-0.153929 -0.200884 -0.156314 -0.206787 -0.253291 -0.278031 -0.275826 -0.246159 -0.227723 -0.027163
-0.168079 -0.250366 -0.268732 -0.035485 0.945901 2.216312 1.277604 0.301381 0.066421 -0.246688
-0.158148 -0.177445 -0.150769 0.027017 0.232194 0.647412 0.372132 -0.206919 -0.234748 -0.233448
-0.089202 -0.191502 -0.180597 -0.119790 0.299346 1.706647 0.211703 -0.206318 -0.278006 -0.267258
0.218159 -0.275975 0.455259 0.633536 0.542373 -0.276568 -0.235793 -0.153350 -0.106905 -0.214885
-0.202777 -0.139597 -0.164891 -0.090669 -0.145748 -0.251926 -0.092985 0.772911 1.061355 0.384845
0.197524 0.001177 -0.198125 -0.177877 0.019637 0.027586 -0.050063 -0.135246 -0.179960 -0.211830
-0.194002 -0.110464 -0.062598 -0.161389 -0.214787 -0.239912 -0.235847 -0.267591 -0.222154 -0.172287
-0.186931 -0.172439 -0.219600 -0.208384 -0.183365 -0.149874 -0.187115 -0.275513 -0.278276 -0.221573
-0.261803 -0.265392 -0.183862 -0.254316 -0.263042 -0.261191 -0.252580 -0.172575 0.045031 -0.114034
-0.116269 -0.049721 -0.013143 -0.077109 -0.187188 -0.266964 -0.270977 -0.263375 0.345007 1.311711
1.944325 0.677044 -0.045434 -0.159527 -0.038138 0.674339 0.041314 -0.081064 -0.057728 -0.278464
0.263481 -0.246344 0.254092 -0.016103 0.144002 -0.162021 -0.241740 -0.217029 -0.068446 -0.235638
0.044053 0.035906 -0.059247 -0.118902 -0.143943 0.052258 0.462704 -0.022941 -0.070883 -0.125849
0.007180 -0.088456 -0.132989 -0.161081 -0.137212 -0.049732 -0.077874 -0.142863 -0.035540 -0.043336
-0.038452 -0.078909 0.034120 -0.146651 -0.186337 -0.196785 -0.175288 -0.230189 -0.199297 -0.209846
-0.201405 -0.202341 -0.178532 -0.181942 -0.183380 -0.155059 -0.117231 -0.070480 -0.212683 -0.278105
-0.261710 -0.146759 0.250559 -0.273653 -0.234309 -0.249896 -0.247157 -0.105375 -0.243716 -0.223453
-0.048024 -0.232933 -0.041144 -0.093609 -0.256689 -0.269870 -0.225657 -0.257156 -0.273994 -0.273235
-0.235540 -0.087517 0.107293 -0.030802 -0.184589 -0.278089 -0.276257 -0.184974 -0.164816 -0.181552
0.006903 -0.276800 -0.166334 -0.211142 -0.263653 -0.227155 -0.211729 -0.262803 0.090715 0.305436
0.604582 0.256843 0.020835 0.000923 -0.021907 -0.144418 0.041309 0.303258 -0.135106 -0.014681
-0.114813 -0.023130 0.112719 -0.052408 -0.150413 -0.173594 -0.252978 -0.019315 0.261188 0.263628
0.000076 -0.119287 -0.116091 -0.197597 -0.149693 -0.210867 -0.190523 -0.207134 -0.170465 -0.157790
-0.194011 -0.191844 -0.206290 -0.216212 -0.182340 -0.177097 -0.266424 -0.170145 0.128575 0.377018
0.449973 -0.083828 -0.277204 -0.241985 -0.278222 -0.076155 0.287728 0.063997 -0.165643 -0.190602
0.522538 0.202951 1.048849 0.431310 0.073985 -0.270246 -0.275021 -0.229446 -0.272368 -0.277309
-0.252319 -0.257459 -0.237228 -0.119487 -0.219550 -0.252976 -0.254813 -0.266692 -0.277718 -0.216591
0.092937 -0.264913 -0.206373 -0.183399 -0.049720 -0.044513 -0.099250 -0.203484 -0.139267 0.073218
0.218904 0.127314 -0.058514 -0.210179 -0.259738 -0.183309 0.945678 1.344733 0.323323 0.142170
0.012299 -0.049900 0.041350 0.135858 -0.110019 -0.181296 -0.122130 0.320752 -0.010447 -0.139290
-0.110467 -0.112466 -0.134175 -0.154745 0.035469 -0.082727 -0.169728 -0.113952 0.147311 -0.150429
-0.036975 0.045157 -0.192123 -0.092724 -0.008845 -0.105348 -0.185333 0.329927 -0.163345 -0.206902
-0.209362 -0.144520 0.105864 0.276125 -0.224073 -0.178854 -0.044157 -0.233705 -0.248837 -0.090053
1.241261 0.100479 -0.259152 -0.113341 -0.002345 0.075566 0.335367 -0.107542 0.054674 -0.105182
-0.242867 0.012095 -0.129201 -0.184731 -0.207728 -0.235960 -0.226780 -0.247784 -0.265099 -0.230167
0.934491 0.124154 0.262816 0.026324 0.116479 0.083989 0.159370 0.245752 0.404018 0.562272
0.161197 0.188288 -0.048741 -0.203536 -0.230971 -0.273356 -0.122389 -0.208522 -0.023518 0.086434
-0.010402 -0.050984 -0.007880 -0.043421 -0.137860 -0.209507 -0.186027 -0.239220 -0.271103 -0.218485
-0.040111 0.122615 0.396238 0.415455 0.341608 -0.041468 -0.091894 -0.169841 -0.207500 -0.124939
0.220010 0.255934 0.105257 -0.075507 -0.200525 -0.159481 -0.092793 0.251722 -0.221437 -0.075539
-0.004919 -0.089831 -0.217194 -0.169567 0.091347 -0.128474 -0.227786 -0.205619 -0.069794 -0.202959
-0.213924 0.032741 -0.104538 -0.240280 -0.182676 0.066735 -0.021117 -0.186537 -0.244798 -0.200948
-0.223160 -0.217421 -0.177547 -0.188291 -0.150209 -0.107641 -0.094796 -0.197785 -0.273904 -0.278453
0.680782 0.043390 0.273461 0.227960 0.117219 0.047055 0.149384 0.502235 0.496369 0.631731
0.138654 0.227037 0.018823 -0.073277 0.309614 -0.104202 -0.146424 0.028635 0.784394 0.656242
0.289118 0.119634 0.032395 0.152038 0.427200 0.472345 0.339378 -0.144636 -0.010065 0.057630
0.178984 0.323120 0.182187 0.205604 0.470769 0.311331 0.178567 -0.028174 -0.066335 0.283858
0.490279 0.303983 0.505415 0.414989 0.248233 0.243438 0.132035 -0.109695 -0.083589 0.105425
0.301196 0.182801 0.191473 0.116613 0.476332 0.145438 0.022978 0.171738 0.119625 0.125216
-0.097369 -0.106254 0.030002 0.264514 0.260225 0.072909 0.045106 0.344095 0.492121 0.362369
0.385809 0.303554 0.286360 0.192043 0.259742 0.242430 0.159911 0.063918 0.130350 0.555490
1.742155 2.016891 1.999545 1.806637 1.755814 1.701930 1.624951 1.722162 1.741250 1.741892
1.742784 1.706511 1.693647 1.705031 1.691702 1.660132 1.701236 1.724879 1.700498 1.731908
1.770085 1.793489 1.786370 1.789559 1.805064 1.773605 1.835599 1.793065 1.643968 1.707408
1.818969 1.863299 1.791985 1.724674 1.792074 1.850752 1.890096 1.860323 1.771502 1.745163
1.791684 1.823214 1.853449 1.806799 1.788832 1.792673 1.816350 1.839432 1.826198 1.818805
1.811413 1.818943 1.827430 1.777227 1.756203 1.809503 1.811180 1.833049 1.920622 1.809594
1.622513 1.644668 1.872929 1.874988 1.788773 1.767053 1.842021 1.882734 1.844572 1.799715
1.793491 1.779251 1.772485 1.800301 1.786871 1.837543 1.864016 1.811115 1.832460 1.742622
2.009066 2.847599 2.780717 2.648106 2.545785 2.519429 2.463778 2.445120 2.510153 2.519707
2.520401 2.533858 2.545010 2.560224 2.452511 2.469703 2.482942 2.518735 2.432197 2.415156
2.404846 2.436655 2.467682 2.488357 2.507687 2.403134 2.593068 2.734506 2.600542 2.633847
2.630919 2.570733 2.576561 2.462429 2.490776 2.417158 2.375603 2.399979 2.428108 2.443779
2.440161 2.364883 2.397770 2.454638 2.482338 2.429405 2.471887 2.498255 2.449492 2.492608
2.512315 2.474074 2.507120 2.429499 2.481251 2.523014 2.527263 2.511360 2.675481 2.685009
2.552207 2.592779 2.578659 2.529207 2.498966 2.511576 2.351616 2.339036 2.403826 2.476862
2.478558 2.446765 2.453050 2.511919 2.452346 2.527221 2.640933 2.485920 2.469285 2.262275
1.985129 2.976027 2.713830 2.579444 2.390600 2.516757 2.506564 2.456446 2.459581 2.459307
2.436452 2.425484 2.404040 2.428698 2.384144 2.471315 2.555846 2.569012 2.589973 2.625462
2.626935 2.619124 2.666701 2.621864 2.632576 2.575431 2.674753 2.689253 2.647546 2.828172
2.808002 2.668832 2.751617 2.835401 2.794233 2.619266 2.618960 2.669200 2.760853 2.704856
2.699377 2.672230 2.667021 2.667571 2.648209 2.612221 2.626529 2.641104 2.609991 2.648537
2.693650 2.596361 2.640626 2.602460 2.690251 2.636719 2.590890 2.542889 2.550113 2.553020
2.678173 2.781644 2.818496 2.699851 2.783818 2.811433 2.559993 2.512373 2.651490 2.584762
2.518898 2.438022 2.487344 2.525533 2.454247 2.470014 2.596289 2.448251 2.258782 1.965391
1.937617 2.999524 2.686052 2.533491 2.305692 2.375792 2.375166 2.319650 2.363306 2.360329
2.404918 2.398485 2.281245 2.319039 2.246373 2.365402 2.425385 2.477996 2.556199 2.573604
2.541990 2.549494 2.538085 2.429367 2.438803 2.415922 2.428557 2.419862 2.391275 2.469712
2.448938 2.494826 2.561648 2.590021 2.497753 2.509470 2.662189 2.506837 2.464433 2.385049
2.405429 2.468017 2.490849 2.517158 2.486979 2.460730 2.558135 2.555242 2.442066 2.527579
2.406274 2.368244 2.531998 2.498178 2.570928 2.497771 2.377390 2.354620 2.247998 2.268152
2.357169 2.320422 2.444640 2.618476 2.642972 2.670482 2.515604 2.313815 2.643010 2.442612
2.361605 2.325097 2.429461 2.464997 2.438447 2.414930 2.517890 2.414056 2.325840 1.880640
1.881075 2.886189 2.465038 2.358893 2.227436 2.309098 2.331575 2.276830 2.295594 2.256876
2.371411 2.391393 2.222890 2.367285 2.297723 2.287678 2.243829 2.217134 2.343783 2.289592
2.278353 2.366842 2.333582 2.297544 2.217254 2.228324 2.240757 2.242197 2.331408 2.343284
2.332847 2.504747 2.554463 2.471885 2.050851 2.150671 2.475757 2.412138 2.397995 2.326121
2.214503 2.222264 2.297187 2.436337 2.509584 2.637831 2.769692 2.778411 2.691395 2.687758
2.361074 2.188412 2.337338 2.456665 2.652807 2.476127 2.312634 2.425804 2.334356 2.360753
2.515465 2.458161 2.546223 2.689120 2.745310 2.615014 2.269838 1.892824 2.629266 2.611183
2.363378 2.095259 2.288819 2.370892 2.323683 2.347904 2.408989 2.235706 2.263727 1.856498
1.877255 2.875204 2.445233 2.325419 2.262424 2.329466 2.346235 2.341217 2.380448 2.361364
2.422375 2.454529 2.307585 2.450692 2.370194 2.439366 2.400132 2.464447 2.626955 2.551119
2.664451 2.752364 2.639067 2.658794 2.667349 2.717818 2.723077 2.779611 2.898154 2.920896
2.955628 3.152178 3.132310 2.873764 2.622862 2.689204 3.018659 2.934872 2.752011 2.733194
2.769105 2.819675 2.892726 2.934399 3.006058 3.230848 3.373375 3.229885 3.099884 2.985960
2.839075 2.819837 3.031304 3.204522 3.253177 2.969445 2.754490 2.783664 2.772842 2.951352
3.061047 3.067335 3.120052 3.035347 2.997298 2.889848 2.720105 2.435192 3.136884 3.018617
2.669124 2.423320 2.568003 2.546734 2.432992 2.357485 2.501054 2.322425 2.292648 1.838382
1.908717 2.909064 2.489406 2.371140 2.315485 2.276959 2.233448 2.338380 2.411238 2.506024
2.341416 2.414436 2.314388 2.355410 2.428955 2.509910 2.403158 2.397518 2.537393 2.437504
2.486231 2.519655 2.361235 2.483351 2.652314 2.706945 2.603659 2.628166 2.706997 2.718678
2.699075 2.822764 2.708436 2.569177 2.516838 2.607527 2.766816 2.694373 2.538688 2.545649
2.572689 2.640832 2.669211 2.573801 2.444775 2.630485 2.774712 2.707979 2.515453 2.388556
2.297730 2.440726 2.700780 2.766285 2.685100 2.506741 2.427593 2.493907 2.403871 2.543990
2.690896 2.743098 2.889468 2.654256 2.428739 2.345884 2.352228 2.329171 2.860447 2.602753
2.389459 2.431797 2.547683 2.446831 2.391540 2.327113 2.498460 2.330461 2.255957 1.806143
1.928583 2.906889 2.513951 2.406810 2.391995 2.353458 2.404918 2.399185 1.684095 2.014799
2.132921 2.337132 2.408291 2.304607 2.297544 2.412177 2.401848 2.452851 2.560390 2.463146
2.492180 2.521559 2.438542 2.544894 2.690107 2.679262 2.553269 2.597579 2.629359 2.695935
2.762356 2.697907 2.550543 2.480285 2.465196 2.493567 2.614245 2.556599 2.496293 2.472702
2.460059 2.586590 2.633009 2.586489 2.550172 2.613641 2.641043 2.552728 2.411708 2.369456
2.235070 2.313153 2.516484 2.496318 2.438400 2.322572 2.306950 2.406882 2.307139 2.338508
2.456490 2.561670 2.731465 2.539424 2.415472 2.379873 2.364966 2.433939 2.733774 2.496284
2.295484 2.307832 2.389293 2.281219 2.288028 2.233843 2.443894 2.277899 2.236206 1.806357
1.911249 2.863105 2.504402 2.429824 2.514415 2.528481 2.617404 2.889614 2.270463 2.723034
2.578158 2.559217 2.489403 2.383633 2.409279 2.379301 2.266575 2.257624 2.470081 2.335032
2.380965 2.527425 2.697342 2.744670 2.705967 2.658316 2.691631 2.748829 2.786252 2.828657
2.959467 2.867708 2.653728 2.620759 2.559073 2.476069 2.661645 2.668789 2.651777 2.584365
2.465461 2.511056 2.609641 2.675568 2.684213 2.654652 2.563423 2.590432 2.650491 2.791471
2.819143 2.775205 2.804638 2.666621 2.567491 2.406096 2.396914 2.522299 2.568181 2.495318
2.492697 2.540623 2.686870 2.463096 2.583587 2.733247 2.648555 2.575907 2.800575 2.539023
2.385460 2.407651 2.438432 2.336713 2.312993 2.238207 2.475534 2.288500 2.197607 1.801610
2.018502 2.954459 2.587762 2.480598 2.446175 2.441489 2.484301 2.704068 2.497834 2.862434
2.805898 2.762970 2.649735 2.695784 2.718005 2.668111 2.582155 2.557117 2.590989 2.386933
2.404255 2.431129 2.548866 2.534285 2.447081 2.433344 2.525256 2.611197 2.624629 2.728472
2.809685 2.808223 2.737530 2.597934 2.451651 2.437130 2.602715 2.638578 2.612151 2.577541
2.407662 2.522761 2.591310 2.559509 2.597901 2.521190 2.415674 2.440462 2.464221 2.518232
2.434790 2.530226 2.503876 2.449275 2.399978 2.253917 2.184205 2.346812 2.460473 2.451909
2.389805 2.355762 2.564131 2.309698 2.394161 2.552061 2.482760 2.361051 2.585472 2.416819
2.362438 2.350224 2.401616 2.366706 2.331242 2.238035 2.465617 2.308832 2.216275 1.807192
2.024913 3.015733 2.520287 2.382031 2.253639 2.271392 2.298057 2.383593 2.423448 2.568657
2.651935 2.662055 2.569510 2.593866 2.611275 2.554788 2.606439 2.512606 2.451987 2.397228
2.469907 2.539717 2.633472 2.588517 2.501868 2.385823 2.441993 2.440077 2.458847 2.587964
2.703960 2.637684 2.593071 2.435338 2.276419 2.399167 2.636887 2.749554 2.518571 2.409416
2.327976 2.515830 2.508083 2.486603 2.560747 2.538177 2.431587 2.419851 2.534560 2.525721
2.373649 2.352766 2.371413 2.423524 2.459073 2.437496 2.364398 2.425009 2.452160 2.442245
2.504645 2.540419 2.704769 2.477803 2.445273 2.562240 2.463951 2.312266 2.637702 2.470451
2.379349 2.305876 2.335063 2.347959 2.321975 2.256836 2.408711 2.265817 2.207383 1.851861
1.921980 2.900346 2.451334 2.338078 2.258228 2.269071 2.317284 2.309434 2.332867 2.446369
2.584112 2.581631 2.468484 2.462125 2.492543 2.512494 2.501475 2.424202 2.382219 2.482169
2.449968 2.477302 2.626166 2.496341 2.457237 2.445366 2.640792 2.432757 2.330800 2.384596
2.512465 2.357754 2.340320 2.286416 2.162533 2.338722 2.678482 2.828456 2.535425 2.394241
2.339336 2.488592 2.392799 2.459262 2.471663 2.477172 2.477315 2.556923 2.681105 2.603459
2.411581 2.544979 2.527116 2.560915 2.428044 2.447623 2.422463 2.409649 2.383860 2.308602
2.407948 2.416701 2.521568 2.432746 2.495021 2.633577 2.475055 2.321251 2.647456 2.437634
2.308722 2.255612 2.296170 2.338537 2.358718 2.338288 2.424753 2.309811 2.202849 1.845267
1.881556 2.924726 2.449283 2.337010 2.243459 2.293258 2.401101 2.311702 2.316771 2.451498
2.308433 2.174971 2.155536 2.287005 2.373111 2.407264 2.480242 2.470360 2.402546 2.488772
2.452983 2.447840 2.704296 2.538690 2.315662 2.360253 2.661610 2.626224 2.615891 2.633191
2.688279 2.617653 2.688550 2.792257 2.692029 2.677678 2.741296 2.710962 2.534445 2.451122
2.446443 2.530796 2.488938 2.546530 2.517138 2.439249 2.470229 2.514494 2.587851 2.451085
2.490067 2.678162 2.548241 2.587449 2.390470 2.293670 2.433197 2.423943 2.393713 2.285648
2.448411 2.464291 2.458741 2.393098 2.374213 2.449610 2.390287 2.250676 2.640912 2.473723
2.285401 2.202683 2.228939 2.303298 2.321167 2.288066 2.398197 2.340022 2.233924 1.859629
1.900230 2.967137 2.469991 2.320362 2.179547 2.213173 2.328863 2.262938 2.375055 2.509244
2.410474 2.344489 2.329180 2.327003 2.311872 2.283907 2.380675 2.425727 2.394579 2.430599
2.462785 2.509018 2.724057 2.591171 2.260031 2.470297 2.609126 2.492611 2.372194 2.369833
2.450977 2.381897 2.355719 2.376732 2.300009 2.338458 2.441234 2.339102 2.436385 2.279408
2.275757 2.385524 2.432319 2.514247 2.413022 2.322367 2.386908 2.396962 2.403352 2.482111
2.655348 2.703942 2.512266 2.616802 2.569562 2.520092 2.667197 2.625340 2.507844 2.444196
2.644160 2.681959 2.665488 2.547906 2.468450 2.501989 2.526874 2.307208 2.734488 2.599484
2.386688 2.280896 2.268457 2.275587 2.256139 2.236870 2.402346 2.297359 2.217441 1.840744
1.873974 2.975229 2.475280 2.338293 2.301069 2.462057 2.650872 2.234689 1.948222 2.065834
2.297120 2.372688 2.488927 2.462524 2.411049 2.331851 2.350655 2.361052 2.423496 2.341684
2.296280 2.417170 2.446591 2.310277 2.095555 2.258968 2.389024 2.415637 2.331154 2.368153
2.398639 2.325704 2.344133 2.316563 2.120045 2.151468 2.334572 2.281401 2.524220 2.365549
2.278368 2.365757 2.497606 2.508031 2.317323 2.370123 2.512240 2.449228 2.461356 2.588215
2.702520 2.725663 2.656420 2.675370 2.593599 2.523213 2.657888 2.600207 2.511416 2.455952
2.534657 2.595480 2.703949 2.627931 2.712885 2.721722 2.497303 2.179243 2.744035 2.617668
2.376991 2.363827 2.386120 2.321777 2.185250 2.161012 2.399562 2.321734 2.201964 1.795799
1.867374 2.953648 2.494775 2.264225 2.169082 2.196813 2.671173 2.603724 2.460936 2.387725
2.387285 2.388123 2.450073 2.378193 2.296117 2.277509 2.338828 2.348649 2.440421 2.386383
2.332906 2.427953 2.305983 2.170111 2.159961 2.313316 2.389488 2.418477 2.332322 2.405531
2.425824 2.408322 2.461969 2.507487 2.412641 2.406727 2.482920 2.383029 2.505579 2.399650
2.305336 2.384407 2.473800 2.459099 2.147178 2.377107 2.513266 2.407037 2.518826 2.748379
2.663407 2.600266 2.528247 2.443495 2.340219 2.245675 2.439728 2.426422 2.398859 2.358284
2.355129 2.402237 2.610352 2.496621 2.666094 2.912579 2.697066 2.339275 2.912476 2.710484
2.304159 2.285273 2.416685 2.456846 2.358999 2.339417 2.520287 2.393103 2.267261 1.860550
1.864472 3.056649 2.731719 2.378959 2.308088 2.331705 2.031109 2.200213 2.602668 2.645548
2.570385 2.413023 2.461446 2.391473 2.332484 2.234830 2.306966 2.296689 2.324843 2.302469
2.414743 2.414126 2.439026 2.432310 2.472165 2.463854 2.456010 2.352547 2.274262 2.338832
2.339684 2.259535 2.266638 2.311354 2.271363 2.344450 2.396300 2.263531 2.355444 2.316188
2.314251 2.422231 2.683325 2.464685 2.056511 2.604192 3.079638 2.703443 2.399596 2.786670
2.734017 2.618988 2.485096 2.449270 2.456357 2.230985 2.387976 2.436673 2.417854 2.324881
2.313474 2.478677 2.881891 2.641702 2.478844 2.719614 2.383034 1.961954 2.691200 2.730437
2.372301 2.267366 2.300096 2.309713 2.283948 2.352924 2.514090 2.357099 2.235348 1.836512
1.886088 3.041537 2.722602 2.434455 2.582535 2.628138 2.277551 2.238186 2.328502 2.401455
2.353356 2.242800 2.311885 2.348531 2.375676 2.285988 2.336183 2.211376 2.261328 2.208722
2.240515 2.179922 2.179363 2.191740 2.237747 2.359868 2.323320 2.307870 2.252127 2.335644
2.348718 2.266620 2.302947 2.321830 2.279295 2.294932 2.342291 2.268358 2.207917 2.197686
2.263720 2.408207 2.742444 2.490562 2.317114 3.128677 3.554536 3.352504 3.006882 3.092758
3.061101 3.039025 2.948147 2.857748 2.687554 2.429400 2.708900 2.694336 2.591235 2.433856
2.367092 2.638689 3.067230 2.834982 2.731424 2.796945 2.499852 2.326984 3.003390 2.944062
2.501499 2.358162 2.336156 2.263091 2.273431 2.290873 2.473618 2.347847 2.226769 1.825347
1.882982 2.903832 2.459597 2.332350 2.368543 2.519303 2.409305 2.475988 2.460140 2.380219
2.316993 2.250841 2.322776 2.244595 2.356131 2.335583 2.399633 2.281654 2.347497 2.266371
2.299557 2.198055 2.411157 2.331202 2.137771 2.199505 2.215104 2.289780 2.303798 2.352242
2.305687 2.270303 2.305239 2.315416 2.276905 2.383111 2.393866 2.324542 2.218390 2.252000
2.279305 2.348709 2.535702 2.313943 2.381746 2.896723 2.849080 2.790948 2.773461 2.788479
2.702093 2.790534 2.909763 2.772406 2.514182 2.358433 2.714554 2.646061 2.475892 2.388409
2.360595 2.624264 2.976302 2.788054 2.886817 2.955901 2.530564 2.383890 2.985006 2.867496
2.440202 2.313793 2.383161 2.417466 2.410877 2.376253 2.468399 2.315978 2.202059 1.806474
1.907499 2.905579 2.389184 2.188361 2.139894 2.294133 2.246298 2.387779 2.370856 2.462988
2.365825 2.342143 2.517828 2.293748 2.289118 2.300674 2.368005 2.338533 2.439180 2.322005
2.253438 2.175604 2.392713 2.378822 2.270374 2.245917 2.212857 2.264515 2.238282 2.266647
2.268911 2.260784 2.254022 2.230824 2.094801 2.114197 2.230076 2.248272 2.214255 2.290863
2.270540 2.285347 2.413120 2.300894 2.418327 2.673214 2.439668 2.321168 2.364103 2.343630
2.220734 2.300780 2.414748 2.325902 2.110124 2.136826 2.603759 2.564625 2.313860 2.279602
2.276429 2.474491 2.781157 2.568510 2.735546 2.849910 2.423461 2.185435 2.795693 2.732633
2.341605 2.219046 2.292915 2.267985 2.290735 2.298650 2.388278 2.262943 2.157517 1.824820
1.968471 3.040721 2.528472 2.397990 2.352494 2.425983 2.469029 2.425843 2.219953 2.278148
2.167486 2.066000 2.483916 2.411443 2.383826 2.329307 2.354703 2.374307 2.360003 2.312719
2.242563 2.452631 2.435208 2.362352 2.344617 2.398440 2.356511 2.367130 2.284812 2.284100
2.247272 2.294528 2.387382 2.463866 2.398751 2.363794 2.337177 2.188339 2.165543 2.279419
2.239313 2.300153 2.380364 2.276865 2.330777 2.577365 2.671699 2.644948 2.725582 2.862222
2.809254 2.754818 2.669232 2.628126 2.488346 2.576334 2.633222 2.494009 2.342102 2.343490
2.334189 2.459100 2.736624 2.509928 2.773753 2.945599 2.667270 2.342874 2.867844 2.736333
2.347323 2.259781 2.323221 2.305440 2.302875 2.317346 2.402429 2.298268 2.170765 1.822985
1.894271 2.939509 2.444877 2.350666 2.272382 2.364949 2.567245 2.519979 2.422107 2.558105
2.403642 2.376796 2.713612 2.546027 2.394531 2.290176 2.370077 2.449676 2.290536 2.285979
2.188805 2.319112 2.218124 2.195722 2.252644 2.286255 2.225446 2.300277 2.212257 2.211138
2.132601 2.165363 2.185565 2.269662 2.434830 2.422231 2.368353 2.026369 2.228480 2.315020
2.177468 2.221196 2.283667 2.177462 2.130984 2.286331 2.312917 2.264467 2.308746 2.397300
2.369517 2.363925 2.297120 2.280093 2.339255 2.490996 2.430545 2.314418 2.330219 2.305457
2.294246 2.377013 2.621394 2.326311 2.507411 2.611712 2.384096 2.126232 2.704550 2.602107
2.269163 2.221438 2.270503 2.294760 2.311418 2.296873 2.352496 2.298953 2.234663 1.853464
1.832477 2.852460 2.419824 2.290849 2.168719 2.325318 2.502446 2.345816 2.427791 2.614929
2.326292 2.396230 2.815825 2.598673 2.430539 2.334810 2.434861 2.438746 2.324460 2.314626
2.334846 2.368533 2.210878 2.213158 2.266715 2.220388 2.210037 2.242556 2.161923 2.246774
2.204264 2.209496 2.171317 2.168466 2.414586 2.466476 2.584499 2.336880 2.527606 2.433611
2.222145 2.275021 2.335786 2.236358 2.019422 2.279513 2.359814 2.347149 2.346117 2.335045
2.303592 2.293741 2.272987 2.221492 2.207954 2.142295 2.224382 2.243003 2.295273 2.314621
2.305088 2.322258 2.616448 2.323904 2.345952 2.475313 2.405133 2.289428 2.696512 2.526910
2.249236 2.210469 2.166810 2.221777 2.251867 2.274916 2.302639 2.275541 2.167413 1.829619
1.911254 2.891210 2.541555 2.385565 2.206557 2.390462 2.585428 2.356514 2.511623 2.975459
2.612692 2.443279 2.709215 2.588944 2.452491 2.276025 2.412893 2.366328 2.284966 2.201942
2.341168 2.331751 2.215056 2.181532 2.253344 2.227242 2.279078 2.246705 2.209419 2.169984
2.071831 2.194911 2.275004 2.176146 2.261660 2.188478 2.341028 2.164969 2.285802 2.266666
2.201103 2.219494 2.284606 2.297991 2.136637 2.298174 2.330459 2.316549 2.297888 2.346586
2.473725 2.411765 2.434250 2.463732 2.523838 2.387959 2.389073 2.308699 2.396368 2.385859
2.354478 2.359717 2.671184 2.465112 2.326586 2.381404 2.241484 2.252318 2.556702 2.476174
2.286731 2.270717 2.186673 2.279025 2.305829 2.300897 2.285807 2.337909 2.269562 1.845512
1.984595 2.953826 2.587675 2.467002 2.254884 2.409997 2.798948 2.496905 2.336582 2.519712
2.203166 2.248597 2.604885 2.519095 2.398464 2.185568 2.347260 2.396731 2.304388 2.198396
2.332831 2.228977 2.199310 2.207299 2.221320 2.175978 2.219878 2.149922 2.098964 2.235216
2.903501 2.774865 2.289066 2.149574 2.063418 2.128343 2.254220 2.226669 2.354988 2.311644
2.263054 2.249746 2.183734 2.338655 2.298989 2.428528 2.419943 2.328533 2.208178 2.226446
2.429442 2.386783 2.341530 2.393536 2.357733 2.438146 2.502005 2.393682 2.469210 2.362864
2.201619 2.164783 2.327744 2.329886 2.423482 2.576438 2.547113 2.488720 2.590446 2.411875
2.281630 2.281909 2.216906 2.314609 2.325994 2.355203 2.328918 2.290017 2.254467 1.863595
1.965317 2.880844 2.509750 2.424714 2.272080 2.428895 2.817609 2.698616 2.697009 2.734021
2.231716 2.426023 2.699400 2.665616 2.507282 2.368038 2.433587 2.430787 2.385793 2.319221
2.429615 2.278018 2.219682 2.215093 2.237401 2.219636 2.294930 2.275037 2.233619 1.219478
1.244559 1.899910 2.019316 2.311494 2.123235 2.155400 2.093847 2.175027 2.275556 2.253618
2.280066 2.312624 2.188884 2.195281 2.173483 2.352293 2.368997 2.410721 2.341817 2.233292
2.423298 2.496900 2.558105 2.524855 2.405818 2.534093 2.632200 2.643692 2.749806 2.640911
2.485707 2.461876 2.462777 2.373204 2.317361 2.388193 2.478444 2.408490 2.424552 2.303954
2.280409 2.301681 2.312036 2.340319 2.297478 2.314207 2.456018 2.324537 2.297041 1.821932
1.881772 2.855930 2.436761 2.389994 2.298831 2.390185 2.657332 2.457308 2.614163 2.918169
2.504607 2.600576 2.735126 2.677232 2.489700 2.398054 2.445049 2.404914 2.323768 2.299164
2.331862 2.237307 2.254059 2.229336 2.256359 2.279692 2.485316 2.829671 3.382218 3.136100
4.045629 4.224019 2.654782 2.801815 2.301358 2.216886 2.152424 2.194510 2.263741 2.276539
2.261006 2.284301 2.227256 2.268272 2.145041 2.261671 2.307518 2.464178 2.569478 2.672842
2.778886 2.649216 2.627461 2.517426 2.307435 2.443055 2.698217 2.704194 2.697313 2.607882
2.517181 2.559757 2.530499 2.526108 2.420424 2.280308 2.310020 2.224490 2.367074 2.317302
2.307945 2.318384 2.344867 2.332438 2.304168 2.238344 2.388008 2.271534 2.397495 1.847153
1.950105 2.927135 2.544482 2.394430 2.303728 2.360487 2.622159 2.296484 2.317960 2.644933
2.346111 2.351517 2.495073 2.571651 2.497031 2.396772 2.458977 2.460965 2.315128 2.314229
2.258988 2.250464 2.274151 2.177975 2.188094 2.212805 2.247663 2.076702 2.129589 2.626398
3.986506 4.122858 2.490251 2.776758 2.476876 2.313802 2.198607 2.201371 2.212982 2.222749
2.224820 2.227758 2.120180 2.268728 2.271692 2.378983 2.307649 2.164754 2.161577 2.385549
2.436400 2.416073 2.477055 2.517593 2.351247 2.422811 2.635347 2.567540 2.409100 2.353431
2.421108 2.536626 2.490234 2.505521 2.446637 2.451128 2.501154 2.294087 2.439980 2.346241
2.296440 2.285175 2.296446 2.305893 2.331685 2.262026 2.374444 2.196513 2.350228 1.819565
2.052132 3.070425 2.576452 2.373575 2.282270 2.306591 2.637436 2.343142 2.322500 2.668004
2.420685 2.393510 2.393823 2.237332 2.245105 2.267582 2.346846 2.389553 2.300588 2.334563
2.286420 2.300175 2.267188 2.173338 2.175874 2.165885 2.155251 1.997424 1.842405 1.919206
2.727344 2.636515 1.753674 2.753572 2.304359 2.271552 2.220093 2.165451 2.153639 2.189032
2.210782 2.188673 2.046032 2.146984 2.158590 2.331863 2.436851 2.253598 2.186726 2.376383
2.340883 2.249088 2.115407 2.252378 2.284871 2.320806 2.504907 2.437319 2.311408 2.269932
2.308967 2.444209 2.534379 2.462179 2.279284 2.386217 2.393926 2.144759 2.278673 2.316373
2.243759 2.244913 2.262793 2.280157 2.319501 2.269727 2.422668 2.209401 2.409819 1.862765
1.902937 2.906836 2.493334 2.275901 2.250005 2.287776 2.584795 2.368533 2.353674 2.663714
2.423172 2.571494 2.757253 2.543459 2.402789 2.311928 2.313440 2.367750 2.303075 2.281206
2.272622 2.315537 2.271424 2.184725 2.216454 2.146648 2.132635 2.117711 2.025278 2.067738
2.189061 1.804496 1.579895 2.091816 2.108870 2.245781 2.192849 2.165366 2.216740 2.240818
2.319487 2.332956 2.323703 2.405870 2.378160 2.401559 2.679937 2.594376 2.569547 2.680838
2.679755 2.698956 2.595465 2.584141 2.550306 2.471433 2.492557 2.491601 2.417700 2.364202
2.386933 2.499625 2.593058 2.445095 2.341031 2.475084 2.514381 2.433972 2.536625 2.531536
2.312415 2.240326 2.262608 2.293951 2.341498 2.272542 2.447966 2.200113 2.460285 1.893194
1.852275 2.885247 2.514644 2.328026 2.269701 2.337096 2.588206 2.295744 2.264617 2.555691
2.404721 2.425270 2.504237 2.598459 2.576034 2.532071 2.384022 2.388829 2.367532 2.208023
2.385633 2.360450 2.227289 2.128036 2.137625 2.097430 2.047243 2.077005 2.057978 2.057371
2.112454 2.065327 1.982790 2.334023 2.197132 2.162857 2.106377 2.129672 2.205560 2.198231
2.241076 2.228035 2.213334 2.275976 2.316313 2.332260 2.503859 2.408061 2.406459 2.593621
2.464062 2.467821 2.507863 2.549526 2.549431 2.518205 2.438831 2.410635 2.402434 2.395430
2.426457 2.534932 2.733334 2.507279 2.405509 2.567719 2.393545 2.297865 2.714528 2.580458
2.340843 2.206525 2.271000 2.316041 2.345220 2.243165 2.419331 2.197275 2.387046 1.846600
1.918161 2.930767 2.560125 2.398218 2.291642 2.302832 2.607653 2.400257 2.384717 2.613905
2.533424 2.624049 2.521400 2.497010 2.492636 2.515934 2.490782 2.548753 2.458513 2.190292
2.511573 2.439946 2.252511 2.208500 2.178162 2.172931 2.062631 2.107677 2.130883 2.148530
2.153618 2.175225 2.299483 2.251968 2.176167 2.165337 2.253401 2.243652 2.118530 2.159482
2.192552 2.218230 2.219344 2.223124 2.195807 2.228128 2.318165 2.206686 2.290309 2.510624
2.456450 2.366626 2.396373 2.427038 2.370430 2.354506 2.316137 2.300746 2.329306 2.329849
2.357438 2.474676 2.680802 2.574343 2.597124 2.790932 2.441385 2.203058 2.674766 2.607794
2.358727 2.195127 2.323815 2.318119 2.323384 2.266328 2.501551 2.358546 2.447671 1.880963
1.908660 2.887639 2.448417 2.320328 2.236136 2.239157 2.475818 2.276931 2.416368 2.699016
2.550703 2.715500 2.608093 2.557729 2.542838 2.449504 2.388184 2.415173 2.235569 1.858367
2.476963 2.404273 2.249613 2.217300 2.177559 2.178756 2.070438 2.068271 2.052720 2.131028
2.060373 2.120491 2.215634 2.198331 2.202634 2.027025 1.815343 2.010114 2.149788 2.120454
2.126530 2.216275 2.271281 2.251780 2.156500 2.233230 2.376070 2.207949 2.144268 2.344275
2.482569 2.491837 2.488799 2.367365 2.382916 2.394985 2.367860 2.268430 2.261130 2.344146
2.399403 2.562534 2.687912 2.543775 2.455490 2.539139 2.356507 2.136933 2.768121 2.612761
2.316214 2.150840 2.342746 2.278512 2.294018 2.189322 2.349680 2.311803 2.371423 1.854381
1.943531 2.935595 2.434941 2.328524 2.205109 2.317894 2.509187 2.104454 2.116618 2.631573
2.686114 2.808551 2.678614 2.729402 2.824630 2.839325 2.793633 2.681911 2.612142 2.227099
2.685988 2.582702 2.350075 2.315684 2.270700 2.229419 2.145750 2.150538 2.068317 2.081880
2.062429 2.104764 2.119738 2.156473 2.364480 2.365710 2.106869 2.179923 2.201279 2.284920
2.234773 2.239599 2.298334 2.316816 2.275985 2.293459 2.380907 2.334503 2.187768 2.300084
2.376616 2.414026 2.373053 2.299526 2.386592 2.385112 2.391792 2.337334 2.401117 2.503677
2.510803 2.674650 2.855763 2.659569 2.500121 2.503659 2.394575 2.308108 2.877509 2.757865
2.422784 2.253282 2.425359 2.340542 2.335973 2.262671 2.329965 2.230371 2.208175 1.822897
1.919455 3.022416 2.512437 2.357017 2.203494 2.337978 2.630034 2.224095 2.058583 2.605031
2.718642 2.750339 2.552246 2.602968 2.615179 2.530532 2.626090 2.522294 2.510430 2.304586
2.825073 2.520255 2.301774 2.325627 2.315719 2.277646 2.195752 2.159039 2.124939 2.184459
2.152466 2.197552 2.183294 2.172535 2.140338 2.197872 2.296115 2.289097 2.151660 2.231423
2.252939 2.178850 2.218322 2.287636 2.278293 2.287049 2.305538 2.339725 2.333172 2.502269
2.460439 2.370943 2.366690 2.439811 2.490927 2.356478 2.353462 2.400108 2.432282 2.478591
2.478484 2.612038 2.782952 2.565988 2.454710 2.403322 2.365763 2.277095 2.803856 2.643316
2.409080 2.317371 2.402786 2.294344 2.313181 2.307459 2.382774 2.285541 2.184573 1.769809
1.881847 3.006924 2.538931 2.369096 2.226703 2.278330 2.411072 2.156097 2.121827 2.504442
2.568038 2.650569 2.530248 2.529234 2.429740 2.245570 2.348400 2.497325 2.529697 2.149270
2.681873 2.511142 2.285639 2.289951 2.302109 2.341602 2.320586 2.262016 2.232797 2.260289
2.250868 2.243374 2.243930 2.216828 2.209776 2.092651 2.130944 2.192867 2.180073 2.259314
2.235013 2.153952 2.210951 2.276868 2.259334 2.269682 2.281005 2.221311 2.202591 2.344234
2.396551 2.364954 2.327093 2.343036 2.364478 2.329375 2.370279 2.410689 2.400900 2.432663
2.445203 2.508915 2.661272 2.445312 2.399350 2.416707 2.318656 2.222321 2.656813 2.534221
2.338215 2.261987 2.311046 2.267785 2.268147 2.250726 2.332310 2.291071 2.198856 1.812500
1.845958 2.962022 2.499572 2.346051 2.288140 2.346314 2.371152 2.319936 2.418463 2.593359
2.618046 2.617615 2.670972 2.786345 2.867611 2.831247 2.775221 2.630497 2.552404 2.083759
2.757921 2.616879 2.347587 2.286457 2.281639 2.295496 2.316467 2.288540 2.258911 2.276257
2.263355 2.279499 2.285009 2.207603 2.252483 2.212011 2.201242 2.197025 2.182225 2.271549
2.359037 2.344439 2.301188 2.330219 2.294049 2.313410 2.357476 2.269731 2.210667 2.316679
2.401439 2.366700 2.347867 2.301354 2.293351 2.296618 2.240473 2.236880 2.229027 2.254506
2.335659 2.396677 2.536514 2.416640 2.473764 2.544936 2.491424 2.386086 2.589204 2.481437
2.330758 2.266991 2.322922 2.295766 2.266514 2.255572 2.302587 2.213241 2.114151 1.750810
1.835421 2.940415 2.433949 2.344575 2.266674 2.284985 2.232817 2.147602 2.247040 2.323676
2.397534 2.347129 2.379618 2.442774 2.647580 2.711753 2.635937 2.453882 2.407087 2.113789
2.767438 2.679566 2.362811 2.281034 2.245869 2.249752 2.306148 2.288736 2.198920 2.240448
2.200468 2.204165 2.218211 2.197741 2.267558 2.214441 2.194510 2.269600 2.169370 2.217656
2.241263 2.292251 2.249671 2.283727 2.266739 2.278232 2.329272 2.252499 2.235429 2.333797
2.457960 2.435380 2.433075 2.416267 2.482136 2.567641 2.470990 2.415187 2.362885 2.352918
2.396746 2.388766 2.460481 2.310998 2.267074 2.311345 2.313431 2.282657 2.380161 2.309566
2.231126 2.188778 2.270950 2.255062 2.234313 2.226303 2.338473 2.312776 2.145684 1.720996
1.867504 3.001220 2.418058 2.315389 2.264367 2.277254 2.285246 2.169000 2.175454 2.111244
2.270682 2.333622 2.384812 2.489908 2.741632 2.565690 2.383321 2.230892 2.358319 2.224760
2.595187 2.633257 2.305217 2.236723 2.273441 2.268751 2.385511 2.420754 2.306470 2.404587
2.365434 2.365419 2.381614 2.301296 2.257444 2.190476 2.372964 2.376660 2.227225 2.327859
2.264418 2.309162 2.276165 2.286806 2.289727 2.323080 2.393119 2.294914 2.225335 2.323226
2.433036 2.408725 2.442032 2.487299 2.530623 2.510270 2.434544 2.428369 2.386062 2.361094
2.367244 2.368359 2.459011 2.308115 2.246469 2.227309 2.301069 2.290184 2.423273 2.406896
2.287808 2.269618 2.411112 2.322146 2.259234 2.169296 2.324408 2.282795 2.252893 1.826369
1.877612 3.017461 2.457434 2.323615 2.224234 2.273470 2.343139 2.273044 2.280466 2.218209
2.371691 2.377228 2.391923 2.444008 2.569604 2.350091 2.185678 2.008536 1.985365 2.170032
2.520026 2.686588 2.384663 2.303210 2.312447 2.348300 2.385577 2.489061 2.506325 2.583391
2.446013 2.432342 2.441064 2.403165 2.253907 2.261611 2.339957 2.330775 2.215129 2.312335
2.235950 2.310753 2.286155 2.250895 2.243363 2.280240 2.389445 2.293100 2.263475 2.337244
2.391278 2.328227 2.339790 2.388510 2.446063 2.409509 2.327629 2.394105 2.415046 2.392966
2.432773 2.501243 2.609632 2.457801 2.385192 2.374185 2.355287 2.299867 2.487758 2.440542
2.280843 2.212992 2.329691 2.283431 2.302156 2.247231 2.364144 2.273868 2.207278 1.829053
1.916733 3.073820 2.535263 2.390491 2.300052 2.279513 2.361089 2.357804 2.377382 2.325280
2.363772 2.357520 2.369166 2.394612 2.462883 2.610209 2.887033 3.044822 2.873483 2.715292
2.676348 2.639307 2.424205 2.328255 2.284394 2.398071 2.491095 2.465588 2.438853 2.517880
2.393965 2.394543 2.513203 2.392581 2.148655 2.207968 2.388871 2.345657 2.282668 2.250410
2.118877 2.229494 2.279501 2.249531 2.212430 2.224952 2.290657 2.147707 2.093921 2.182592
2.254056 2.256149 2.281827 2.367348 2.454622 2.402290 2.336690 2.323087 2.320990 2.358627
2.447181 2.525416 2.575872 2.391568 2.357520 2.319125 2.222361 2.150901 2.511384 2.479783
2.345237 2.318193 2.405795 2.311012 2.386666 2.341489 2.474467 2.389207 2.270137 1.742514
1.987540 2.898786 2.469145 2.313216 2.257477 2.242494 2.250880 2.293758 2.326221 2.188447
2.150130 2.248104 2.202366 2.225027 2.225325 2.351373 2.430728 2.628682 2.658182 2.561810
2.348857 2.523182 2.670593 2.667292 2.582515 2.764832 2.982095 2.811138 2.735300 2.842497
2.852666 2.925764 2.991857 2.826062 2.585617 2.618460 2.729239 2.676829 2.537676 2.500739
2.399060 2.397677 2.425221 2.375237 2.341308 2.384585 2.521598 2.357896 2.294193 2.427431
2.545705 2.555038 2.465077 2.538929 2.592541 2.405644 2.338099 2.312853 2.380411 2.478607
2.541776 2.557403 2.628963 2.496972 2.426733 2.462420 2.327664 2.311456 2.665693 2.514278
2.308045 2.325227 2.535408 2.461351 2.398451 2.335309 2.475925 2.444619 2.289155 1.779418
1.925993 2.835065 2.525609 2.427806 2.325061 2.206976 2.277884 2.208757 2.093167 2.150889
2.187927 2.092355 1.830769 1.775249 1.751024 1.970451 2.021622 2.185005 2.368504 2.361493
2.317344 2.526060 2.528171 2.423973 2.263092 2.345456 2.584090 2.522483 2.371130 2.490813
2.590897 2.596430 2.603879 2.500783 2.448921 2.565256 2.672551 2.558053 2.431383 2.422521
2.369454 2.395734 2.370337 2.286565 2.309983 2.367328 2.483200 2.305870 2.285682 2.438852
2.523806 2.542596 2.380184 2.379681 2.520243 2.449174 2.400092 2.397273 2.451258 2.530472
2.590218 2.616509 2.643145 2.486449 2.344008 2.332340 2.201427 2.194819 2.572595 2.565980
2.311834 2.273538 2.350402 2.331718 2.293340 2.275153 2.374489 2.307114 2.385703 1.880947
1.714154 2.557668 2.594028 2.073302 2.246846 2.255163 2.188300 2.131754 2.347664 2.302048
2.189098 2.435996 2.167386 2.116598 2.057111 2.464512 2.302458 2.369704 2.397396 2.387811
2.342079 2.529202 2.584331 2.372840 2.305997 2.453679 2.573882 2.522216 2.333197 2.426261
2.520198 2.474351 2.449930 2.528314 2.542524 2.527587 2.595522 2.523943 2.489434 2.448040
2.384490 2.367983 2.362422 2.326491 2.372276 2.352487 2.466197 2.371991 2.357312 2.491845
2.548399 2.478121 2.318317 2.344642 2.425335 2.405084 2.348485 2.328023 2.359037 2.440839
2.526599 2.656336 2.740168 2.584297 2.462978 2.508523 2.465998 2.455783 2.687404 2.614334
2.375037 2.356547 2.375113 2.377890 2.374424 2.362122 2.490010 2.297704 2.257424 1.955847
2.494441 2.639698 2.218962 2.207219 2.479636 2.302693 2.342318 1.954416 1.759603 1.969140
1.959290 2.399267 2.431048 2.242216 1.995524 2.343644 1.919531 1.975896 2.263290 2.325120
2.393215 2.466588 2.591307 2.469894 2.453117 2.604221 2.615782 2.549308 2.550115 2.623310
2.709179 2.566288 2.548703 2.630482 2.526194 2.577166 2.592647 2.596192 2.573940 2.489134
2.433350 2.343397 2.262382 2.158617 2.301046 2.298076 2.351725 2.356907 2.401543 2.570397
2.614167 2.519702 2.397917 2.313702 2.332520 2.453528 2.418622 2.475453 2.476845 2.513074
2.527360 2.602101 2.794778 2.714623 2.494325 2.384235 2.345648 2.380537 2.645886 2.614124
2.344074 2.375407 2.371800 2.345962 2.279213 2.252951 2.513628 2.361530 2.218464 1.771799
2.677337 3.283208 3.087981 2.612986 3.174052 2.831547 2.751218 2.190802 1.997556 2.152348
2.165368 2.266945 2.358858 2.465264 2.326728 2.556331 2.166043 2.171729 2.517090 2.514563
2.361346 2.286901 2.417429 2.332500 2.235786 2.314344 2.311787 2.267389 2.346669 2.491835
2.663627 2.482521 2.600913 2.873842 2.668415 2.716515 2.765178 2.723152 2.819076 2.919159
2.779091 2.668699 2.637010 2.488624 2.543294 2.515127 2.427867 2.372888 2.388990 2.539897
2.595583 2.506709 2.455258 2.429751 2.425048 2.476015 2.432245 2.486403 2.430165 2.442751
2.494009 2.647023 2.818726 2.643351 2.364137 2.349939 2.351576 2.320025 2.582708 2.656813
2.410911 2.443949 2.385340 2.288955 2.138869 2.193888 2.626631 2.611234 2.510049 2.046323
2.473224 2.837047 2.523098 2.133692 2.929197 2.645499 2.168083 2.000318 2.164804 2.152165
1.999893 2.050233 1.940986 1.986823 2.059408 2.168937 1.998434 2.076061 2.390732 2.502622
2.374030 2.221847 2.338804 2.242792 2.159363 2.303557 2.326075 2.295849 2.328160 2.450174
2.710670 2.433046 2.380594 2.608348 2.550329 2.737333 2.784257 2.691379 2.539758 2.462567
2.516587 2.425621 2.375981 2.359314 2.402807 2.455842 2.401103 2.363379 2.328747 2.427366
2.569606 2.440182 2.315569 2.377669 2.407258 2.455440 2.410532 2.403635 2.368377 2.373500
2.450835 2.703973 2.938536 2.777582 2.556618 2.417722 2.399536 2.372868 2.621431 2.606963
2.383888 2.425783 2.438461 2.309188 2.175229 2.197403 2.411579 2.334306 2.455092 2.151090
2.138927 2.491060 2.247731 1.888121 2.406851 1.974262 1.858601 1.820021 2.247148 2.298284
1.975594 2.118427 2.233823 2.108062 2.150950 2.225965 2.060116 1.889380 2.274965 2.513532
2.349846 2.307944 2.393629 2.314399 2.222793 2.334090 2.339400 2.343885 2.355027 2.483602
2.712244 2.487658 2.458472 2.511378 2.394471 2.516916 2.576249 2.512953 2.384168 2.219007
2.399914 2.423022 2.364567 2.359858 2.418248 2.573560 2.516075 2.422654 2.398727 2.478097
2.616861 2.423153 2.264494 2.412520 2.411237 2.449759 2.503221 2.543225 2.438971 2.406376
2.482945 2.640427 2.716480 2.589217 2.552658 2.425236 2.336999 2.367662 2.675686 2.618262
2.286871 2.217482 2.255279 2.300438 2.182560 2.180291 2.183194 2.233888 2.523433 2.134765
2.067849 2.436201 2.318476 2.167747 2.277583 2.068447 2.449551 2.070390 2.041487 2.181618
1.780145 1.749630 2.028837 2.145666 2.235796 2.011807 2.021572 1.779236 1.945211 2.191340
2.425447 2.334170 2.270543 2.279351 2.298454 2.399743 2.449986 2.393092 2.353615 2.387688
2.490865 2.413952 2.601417 2.719514 2.681080 2.691258 2.670861 2.671483 2.773523 2.718187
2.698214 2.628869 2.569416 2.583848 2.556425 2.620723 2.581514 2.544033 2.543708 2.625126
2.747335 2.666802 2.588871 2.680387 2.496687 2.531365 2.702858 2.676094 2.495723 2.430276
2.446005 2.405977 2.454265 2.369740 2.412432 2.462068 2.500994 2.458430 2.705439 2.576135
2.331139 2.199175 2.141371 2.271119 2.286373 2.269982 2.299633 1.951921 1.693431 1.776693
1.779453 2.221660 2.072209 2.083433 2.130085 1.932594 2.036585 2.078622 2.020421 2.189902
1.974241 2.007852 2.107508 2.073360 2.064221 1.899542 2.093032 2.017013 2.225849 1.727361
1.456146 2.059561 2.195087 2.209775 2.221873 2.338161 2.413821 2.332438 2.270546 2.263767
2.299196 2.191517 2.262577 2.338324 2.326853 2.269453 2.258357 2.270743 2.388655 2.452981
2.437979 2.380163 2.349211 2.423872 2.453310 2.442595 2.448839 2.528920 2.480675 2.578591
2.613516 2.601136 2.507882 2.469365 2.440783 2.627415 2.784907 2.789302 2.681298 2.653989
2.805527 2.700926 2.559126 2.475920 2.540542 2.421264 2.436239 2.361536 2.517588 2.509550
2.306667 2.264123 2.199153 2.252987 2.360250 2.269904 2.384329 2.430009 2.397156 2.070707
1.870239 2.404227 2.338402 2.132749 2.123428 2.009099 2.117919 1.982018 2.035340 1.953896
1.833416 1.653923 2.256257 2.219548 2.053662 2.097219 2.290390 2.099219 2.297637 2.466916
2.234952 2.359188 2.408324 2.279813 2.126420 2.187677 2.391789 2.345947 2.306809 2.338860
2.373934 2.252001 2.163278 2.267374 2.362362 2.358132 2.268695 2.207978 2.229801 2.073801
2.073865 2.121992 2.125783 2.166304 2.219792 2.396409 2.442279 2.602576 2.503442 2.517004
2.704352 2.598387 2.398362 2.333014 2.350560 2.527806 2.664150 2.544130 2.451864 2.393238
2.433875 2.435969 2.461615 2.333235 2.247083 2.248917 2.262192 2.258748 2.449547 2.420537
2.214421 2.220614 2.167584 2.184696 2.155990 2.100716 1.878491 2.135755 2.393244 2.207726
1.804502 2.429267 2.366800 2.141884 2.182007 2.078127 2.119515 2.079899 2.059245 2.263198
2.008180 1.821539 2.087858 2.139302 2.268069 2.054469 2.066492 2.197800 1.664377 1.876891
1.942603 2.192363 2.314850 2.243741 2.212445 2.388977 2.602802 2.514090 2.530432 2.622669
2.648391 2.525850 2.461221 2.364939 2.418370 2.491503 2.501314 2.474365 2.475847 2.385939
2.367457 2.288246 2.262291 2.285863 2.332026 2.503636 2.482159 2.467815 2.322087 2.278748
2.372532 2.308840 2.259184 2.217415 2.199595 2.348826 2.449146 2.322302 2.220192 2.260242
2.243049 2.189552 2.280756 2.156649 2.030569 2.032898 2.066788 2.153669 2.264821 2.269497
2.109985 2.239160 2.178614 2.235996 2.173833 2.057835 1.953352 2.477839 2.278093 1.671730
1.818157 2.345278 2.342100 2.153696 2.247102 2.094609 2.115466 1.994881 1.933510 1.986989
2.029840 1.970693 2.059742 2.048612 2.013554 1.898685 2.156965 2.202755 1.982035 1.949404
1.728703 1.872794 2.397100 2.439452 2.218611 2.385147 2.493282 2.214046 2.234970 2.339955
2.340142 2.325211 2.459699 2.407917 2.325327 2.294426 2.325618 2.340214 2.361116 2.416028
2.458399 2.479497 2.420701 2.401395 2.386947 2.499312 2.490010 2.448392 2.570868 2.539472
2.534162 2.490963 2.623471 2.712935 2.724978 2.671017 2.658756 2.607041 2.489081 2.433631
2.422635 2.434387 2.489980 2.542896 2.534357 2.428184 2.238999 2.312011 2.374913 2.287209
2.126241 2.127562 2.105466 2.035250 1.773726 2.130888 2.102722 2.349125 2.583379 2.253748
1.920691 2.467804 2.261877 2.238794 2.303430 2.092577 2.035629 2.087341 1.974690 2.020234
1.872088 2.165340 2.178440 2.105644 2.018501 2.010636 1.932769 1.942382 2.136653 1.989528
2.020865 1.841229 2.340649 2.387450 2.310382 2.460670 2.559294 2.333139 2.288650 2.288823
2.283877 2.329906 2.530178 2.374247 2.242062 2.309949 2.376687 2.314892 2.289170 2.326951
2.347428 2.299752 2.320631 2.382369 2.412953 2.303393 2.271809 2.118199 2.137343 2.224089
2.245308 2.211598 2.365221 2.379913 2.354612 2.313591 2.279650 2.276824 2.230310 2.153115
2.242077 2.178931 2.216184 2.175786 2.141762 2.166694 1.969644 2.074039 2.307139 2.319972
2.371934 2.431963 2.414766 2.140668 1.856635 1.862388 2.072615 2.152554 1.843633 1.991977
1.941727 2.331572 2.191405 2.074316 2.273885 2.237690 1.913769 1.802489 1.986533 2.358122
2.142077 1.929543 1.825043 2.204723 2.150747 2.048758 2.167182 2.055575 2.240269 1.916046
2.083703 1.836029 2.389753 2.498743 2.353406 2.492419 2.588326 2.448582 2.266136 2.196651
2.180179 2.156142 2.485465 2.401443 2.251721 2.287829 2.355494 2.265250 2.201577 2.261673
2.248649 2.233577 2.225385 2.282911 2.368731 2.337837 2.333602 2.278612 2.216498 2.264610
2.277872 2.177870 2.235518 2.165869 2.150121 2.171970 2.239413 2.239563 2.196682 2.191620
2.316726 2.286094 2.319606 2.232311 2.174292 2.048576 1.881042 2.046455 2.131658 2.058959
2.053356 2.162146 2.099119 2.197715 2.123854 2.219194 2.280327 2.274921 2.213443 2.083722
2.142540 2.652005 2.250499 2.222959 2.440202 2.279369 2.061200 2.072660 2.156787 2.034555
1.947909 2.127434 1.982379 2.089096 2.011381 1.993328 1.793351 2.112677 2.342729 2.112216
2.057050 1.596574 2.402157 2.428740 2.315865 2.411874 2.480555 2.367557 2.286390 2.309952
2.217113 2.187915 2.459879 2.372709 2.179633 2.199235 2.238446 2.193253 2.187933 2.161165
2.107505 2.117886 2.099667 2.114097 2.171504 2.181028 2.182582 2.175419 2.072739 2.106246
2.149145 2.106970 2.174946 2.109496 2.155946 2.189741 2.266502 2.229862 2.149632 2.077272
2.173298 2.104680 2.211943 2.263317 2.290272 2.295686 2.326450 2.172463 2.251604 2.195305
2.058833 2.026327 1.825660 1.592947 2.057124 2.349421 1.965690 2.337661 2.228346 2.627433
2.031059 2.561062 2.074078 2.157677 2.307650 2.279901 2.134424 2.049512 2.234093 1.963020
1.787668 1.842750 1.973026 2.247691 2.358042 2.428604 2.314602 2.374077 2.370346 2.133043
2.218850 1.988041 2.510646 2.463659 2.354534 2.362397 2.304311 2.268038 2.336715 2.461402
2.467472 2.367050 2.510845 2.400869 2.099844 1.909294 1.897748 2.026523 2.307549 2.333192
2.162260 2.136060 2.159123 2.166697 2.174023 2.169399 2.256452 2.258642 2.316352 2.375981
2.351930 2.230994 2.190046 2.167538 2.164756 2.133571 2.145379 2.164574 2.201257 2.242933
2.176847 2.155661 2.211632 2.076724 1.732419 1.826942 2.112638 2.058378 2.217795 2.110645
2.347200 2.558518 2.409718 2.125307 2.007461 1.967604 2.245367 2.078387 1.649808 2.424709
1.902536 2.659333 2.148335 2.153143 2.191719 2.217769 2.238420 2.138663 2.285789 2.094488
1.732524 1.878378 1.853798 2.026914 2.034023 2.375741 2.180148 2.062226 1.852126 1.619120
2.196009 1.916742 2.352020 2.429261 2.282223 2.280186 2.167629 2.082376 2.132433 2.241586
2.265415 2.162499 2.308977 2.287226 2.204534 2.210654 2.228744 1.877216 1.913735 2.277676
2.275660 2.192285 2.182077 2.250494 2.302567 2.212840 2.148343 1.994761 1.974035 2.198941
2.135912 2.259767 2.234453 2.220530 2.204197 2.211025 2.233462 2.184434 2.301750 2.478659
2.559328 2.600584 2.669764 2.459312 2.216396 2.194001 2.433481 2.243516 1.972331 2.115817
2.309191 1.632299 2.261209 2.291551 2.118816 1.933085 2.229444 2.774039 2.370846 2.206625
1.753741 2.462902 2.188513 2.260608 2.161105 2.365205 2.361559 2.367714 2.446128 2.367823
2.003016 2.358489 2.143970 2.200597 2.017332 2.230368 2.482424 2.074755 1.947781 1.860743
1.978316 1.887605 2.284590 2.305362 2.343779 2.367779 2.255398 2.190213 2.272303 2.232118
2.239100 2.168405 2.339495 2.245903 1.888752 1.916984 2.448728 2.606232 2.388938 2.395271
2.386191 2.237678 2.244902 2.197412 2.094853 2.093679 2.211586 1.926567 1.711843 1.859591
2.179107 2.151424 2.192099 2.248019 2.245270 2.235224 2.128707 1.907505 1.782926 1.864627
2.153520 1.936358 1.741232 2.151808 2.338521 2.233719 2.429401 2.325001 2.488338 2.669270
2.565535 1.790067 2.310848 2.329260 2.446598 2.207640 2.081735 2.373378 2.742991 2.421999
1.973619 2.124505 2.170609 2.321886 2.084229 1.707628 1.994998 2.133072 2.104963 2.089517
1.969875 2.224786 1.962974 2.125061 2.145047 1.907865 1.945235 1.995973 2.201399 1.884806
2.277069 1.871912 2.200136 2.386813 2.358382 2.383987 2.314140 2.287800 2.251376 2.194966
2.222091 2.225842 2.418161 2.388365 2.114373 1.795802 1.917403 1.678088 2.170041 2.358681
2.309923 2.280855 2.425146 2.340530 2.121853 1.813075 2.127048 2.298737 2.318315 2.384859
2.191337 2.098038 2.143295 2.207267 2.197676 2.147563 2.121049 2.067620 2.062746 1.782994
2.348617 2.113843 1.696898 2.006688 2.128177 2.183334 2.209008 2.083905 2.028968 2.096082
2.424372 1.766314 2.237263 2.148917 2.347470 2.324100 2.141473 2.182650 2.311526 2.097988
2.320947 2.633821 2.653492 2.623800 2.623442 2.394111 2.503068 2.428479 2.230196 2.261838
2.137666 2.224990 1.893872 2.002107 2.324566 1.905933 2.245930 1.928015 1.803286 1.605955
1.908286 2.002236 2.143180 2.305035 2.218899 2.231087 2.111634 2.133131 2.177134 2.209976
2.284160 2.172813 2.152681 2.206907 2.183333 2.274760 2.719876 2.259259 2.126711 2.403855
2.086286 1.834504 2.206164 2.211582 2.157122 2.135503 2.053266 1.855842 2.001108 2.025977
1.911402 2.042487 2.316196 2.205441 2.195128 2.070055 1.943154 1.761886 2.065309 1.883031
2.560245 2.250961 2.103571 2.277395 2.231652 2.079339 2.238395 2.026639 2.061369 2.167842
2.251805 1.981296 1.983541 2.360175 2.380765 2.364078 2.490163 2.432492 2.353012 2.156810
2.063967 2.492178 2.178765 2.012844 2.342685 2.296303 2.290578 2.189024 2.157243 2.234724
2.122521 2.126317 1.901635 1.968412 2.077497 1.932068 2.294435 2.016214 2.347914 1.873906
2.125671 2.049921 2.021804 2.328152 2.345320 2.292145 2.200330 2.294925 2.372165 2.349195
2.332206 2.215722 2.112405 2.082426 1.788364 1.763669 2.198204 2.359182 2.127771 2.458048
2.364038 1.849718 2.328477 2.009905 1.917215 1.869006 2.294816 2.043984 1.971281 2.046607
2.086759 2.236814 2.460810 2.138284 2.215173 2.121057 1.916686 1.922633 2.023317 1.522405
2.057333 1.848216 1.984641 2.215786 1.946190 1.929357 2.026583 2.222649 2.155625 1.869769
2.020174 2.189575 2.001779 2.209685 2.270368 2.211524 2.181304 2.355923 2.303579 1.836821
1.879717 2.614239 2.202445 2.141217 2.368907 2.284292 2.233702 2.193265 2.131529 2.121663
2.140130 2.171875 2.098716 2.193381 2.266289 1.922858 2.163184 2.006478 2.213532 1.823385
1.710046 2.254537 2.092535 2.434230 2.356413 2.333574 2.002888 1.875608 2.062818 2.245178
2.374672 2.314078 2.014484 2.002959 1.954450 2.273318 1.939166 2.222999 2.015009 2.100223
2.154759 1.956088 2.363372 2.141992 2.234175 2.170485 2.171221 2.162887 2.294995 2.148221
1.862218 1.580122 2.308762 2.273469 2.193559 2.062537 1.806116 1.976101 2.216680 2.035520
2.092413 1.925735 1.948246 2.315504 2.283294 2.127712 2.259557 2.251169 2.427450 2.183708
2.075495 2.035493 2.143821 2.397655 2.416171 2.380524 2.296273 2.493762 2.488924 1.862754
1.864873 2.514672 2.127149 2.086758 2.176584 2.258000 2.223064 2.134309 2.182394 2.201876
2.170012 2.215840 2.193965 2.224522 2.242630 2.077137 2.019361 1.857228 2.255044 2.484417
1.954427 2.052861 1.472993 2.286811 2.142745 2.116589 2.070022 1.972311 2.143295 2.253172
2.208042 2.258487 2.093732 2.227844 1.810494 2.143498 1.827276 2.292958 2.203901 2.182695
2.119328 2.007291 2.212574 2.070240 2.086433 2.013575 2.062789 2.481935 2.557091 2.234773
2.163148 1.935600 2.422710 2.513127 2.400680 2.152951 1.928551 1.907606 2.056262 2.216775
2.314456 2.231309 2.042426 2.034960 1.988014 2.357757 2.261206 2.151390 2.361286 2.098773
1.958405 1.981133 2.055247 2.128524 2.133274 2.144233 2.203928 2.505686 2.472770 1.944696
1.988634 2.739397 2.355402 2.327044 2.457805 2.302638 2.192190 2.159687 2.152949 2.186940
2.203514 2.227245 2.201439 2.306790 2.316534 2.015138 2.045398 1.981175 2.316428 2.378087
1.951967 2.442918 2.129157 2.694226 2.359977 2.223510 2.101807 2.386656 2.331362 2.085137
1.808290 2.060580 2.022284 2.429856 2.320054 2.621412 2.191737 2.232866 2.068695 1.952725
2.289272 2.148703 2.094770 1.988809 2.276811 2.115247 1.700631 1.608342 2.341230 2.158936
2.229054 2.180945 2.110821 1.858427 1.934452 1.936269 2.180538 1.947840 2.097958 1.882437
1.891413 2.147828 2.143857 2.175395 2.011888 1.789757 1.900454 2.180953 2.323130 2.254779
2.281195 2.310087 2.397126 2.436605 2.511147 2.416394 2.179810 2.331350 2.361581 1.809919
1.967689 2.654315 2.534359 2.116797 1.775509 2.201553 2.370123 2.266721 2.200859 2.195767
2.291922 2.345307 2.217276 2.338349 2.374921 2.150287 2.205198 1.940015 2.177051 2.102519
1.810250 2.003306 1.916076 2.086366 2.036877 2.263328 2.226378 2.241932 2.575108 2.513392
2.601536 2.630061 2.257760 2.311705 2.143630 2.198599 2.099133 2.470179 2.355857 2.029931
2.172140 2.139823 2.253738 2.116965 2.635597 2.420157 2.258629 2.294347 2.272074 2.042571
2.069984 2.140662 2.452838 2.497337 2.290152 2.094366 2.262062 1.899725 2.188986 2.082747
2.313871 2.119802 2.192132 2.237927 2.134643 2.325922 2.253622 2.272802 2.182664 2.181254
2.119596 2.187348 2.358292 2.497897 2.549625 2.354414 2.399238 2.509320 2.501639 1.821450
1.981171 2.911951 2.698801 2.574816 2.366660 2.580400 2.391403 2.317986 2.318741 2.347520
2.327024 2.238573 2.174734 2.298974 2.299344 2.251816 2.273876 2.172517 2.371784 2.324529
2.191731 2.287176 2.416649 2.162150 1.855111 2.125609 2.194363 2.178334 1.851200 1.883508
2.055931 2.060226 2.233944 2.244290 2.348083 2.298061 2.356643 2.238268 2.208574 2.186147
2.376375 2.213712 2.194533 1.911372 2.243922 1.920935 2.039732 2.057089 2.244328 2.106792
2.279154 1.852226 1.761733 2.318077 2.383581 2.203725 2.219713 1.800404 2.085295 2.107429
2.541343 2.467211 2.280731 2.316318 2.017200 2.072387 2.181285 2.301726 2.184667 2.262723
2.253784 2.082383 1.985152 2.132756 2.167882 2.168227 2.401984 2.465560 2.554448 1.934760
2.027292 2.533449 2.136505 2.263985 2.299429 2.359953 2.214939 2.293399 2.253347 2.370538
2.313824 2.195763 2.064399 2.134769 2.182492 2.227599 2.253994 2.284426 2.287049 2.161722
2.097229 2.330242 2.433879 2.342491 2.089719 2.227479 2.269907 2.284955 2.143897 2.054265
2.212454 2.164751 2.063139 2.012446 2.176904 2.086469 2.318110 2.042133 1.939264 1.848808
2.134483 2.216784 2.399905 2.062427 2.485842 1.955212 2.397623 1.948105 2.056737 1.944773
1.815068 2.114831 2.052669 2.021923 2.233846 2.313215 2.212129 2.024752 2.223379 2.155927
2.380091 2.361464 2.238086 2.458457 2.343995 2.264639 2.207814 2.262038 2.132567 2.264302
2.417653 2.512744 2.491379 2.443416 2.369254 2.258879 2.275263 2.245114 2.289592 1.790850
2.370612 2.608124 2.178512 2.390913 2.310467 2.382570 2.281118 2.358252 2.267354 2.254174
2.309000 2.239106 2.172441 2.232878 2.038345 2.052421 2.254533 2.427181 2.437840 2.309957
2.331449 2.269210 2.296350 2.258137 2.240790 2.459643 2.410444 2.422082 2.399136 2.404574
2.429473 2.139900 2.276798 2.005048 2.298800 2.098329 2.269417 2.187575 2.177503 1.973794
2.147615 2.220549 2.403154 1.995720 2.556094 2.103559 2.433259 2.208565 2.189235 2.191900
1.996874 2.266429 2.094249 2.023137 1.971439 2.477153 2.390717 2.299253 2.351306 2.330512
2.308328 2.363020 2.348730 2.271876 2.380688 2.440697 2.188581 2.161601 2.137234 2.143901
2.159043 2.047240 2.096697 2.424690 2.558374 2.438181 2.354197 2.357434 2.468503 1.782293
2.327792 2.969553 2.551107 2.507220 2.488756 2.488309 2.311874 2.303429 2.339086 2.166024
1.903215 2.052654 2.197303 2.208323 2.202660 2.230119 2.304162 2.367536 2.420699 2.293510
2.332100 2.380937 2.560433 2.341526 2.389134 2.484893 2.356977 2.198741 2.094685 2.256310
2.084337 2.197078 2.204378 1.924859 2.296555 2.265339 2.362315 2.378415 2.281905 2.085966
2.163442 1.885057 2.081680 1.818660 2.170636 2.070302 2.425064 2.120093 1.943079 1.857223
1.833875 2.380743 2.256882 2.214596 2.184560 2.492149 2.477268 2.334903 2.308974 2.243630
2.343177 2.282778 2.254706 2.267496 2.296706 2.358194 2.327116 2.301006 2.043762 2.030356
2.293710 2.273433 2.204018 2.343708 2.388676 2.562448 2.565488 2.470180 2.468782 2.026739
2.165073 2.510313 2.382054 2.343643 2.466652 2.546977 2.647783 2.570922 2.666209 2.473090
2.334699 2.461492 2.378044 2.367139 2.293841 2.219393 2.244328 2.302796 2.330847 2.228657
2.140325 2.119879 2.338520 2.274164 2.367268 2.407719 2.182368 2.143772 2.131792 2.276398
2.212228 2.233486 2.256175 2.140543 2.252365 2.095314 2.258474 2.359015 2.328720 2.178673
2.210650 2.066527 2.069848 2.172779 2.176358 2.097188 2.500922 2.513814 2.283497 2.105338
1.840580 1.999604 1.853502 2.003165 1.839360 1.952624 1.925105 2.021159 2.163883 2.345243
2.464495 2.209291 2.200131 2.426924 2.427173 2.171562 2.173338 2.436673 2.617596 2.409634
2.644307 2.563222 2.357705 2.414223 2.284180 2.259093 2.372790 2.314152 2.133154 1.778394
2.174715 2.649348 2.428236 2.445422 2.466253 2.275943 1.882881 2.383500 2.395646 2.259996
2.124424 2.162328 2.221833 2.285233 2.320607 2.244348 2.218163 2.344417 2.452008 2.305691
2.287585 2.391981 2.488660 2.291008 2.275445 2.431930 2.155636 2.293023 2.216920 2.268718
2.319395 2.216557 2.193217 2.136672 2.277926 2.121070 2.154966 2.244938 2.256109 2.268701
2.254363 2.247370 2.199558 2.215506 2.207896 2.044311 1.711138 1.894306 2.036836 2.104458
2.228685 2.195923 2.080806 2.423830 2.474940 2.612117 2.381745 1.994822 2.276165 2.491604
2.328108 2.071839 2.045914 2.470153 2.819467 2.748134 2.448899 2.407687 2.304871 1.825268
2.025679 2.141063 1.918144 2.240768 2.309556 2.521559 2.631903 2.417775 2.239486 2.343529
1.975498 2.516969 2.665596 2.706761 2.681887 2.495124 2.311291 2.545700 2.590584 2.349264
2.093367 2.251621 2.295467 2.367292 2.321632 2.174840 2.177770 2.385507 2.320729 2.332514
2.167868 2.128513 2.310258 2.544708 2.281267 2.432961 2.288735 2.337684 2.250163 2.302242
2.420061 2.267295 2.190307 2.234648 2.313300 2.246000 2.203945 2.339538 2.317635 2.291495
2.248420 2.327250 2.316193 2.353003 2.582694 2.614204 2.274254 2.765469 2.642138 2.639521
2.370175 2.170460 2.094193 2.126757 1.977191 1.996020 1.961126 2.300695 2.463947 2.602799
2.346677 2.106848 2.033927 2.258023 2.329925 2.285956 2.170511 2.244896 2.357852 2.003697
2.298199 2.350789 2.112697 2.280327 2.155413 2.374876 2.525209 2.339329 2.005499 2.100409
2.225617 2.869477 2.761066 2.792188 2.510170 2.929536 2.685952 2.734169 2.596642 2.758142
2.335201 2.330240 2.371660 2.350158 2.344983 2.181313 2.068536 2.226646 2.128969 2.243355
2.202540 2.371282 2.464363 2.447498 2.184417 2.328753 2.253885 2.282055 2.192284 2.226256
2.326623 2.276605 2.294195 2.447782 2.348048 2.357415 2.366930 2.378882 2.217660 2.207575
2.222418 2.249254 2.286601 2.291080 2.389126 2.373847 2.406767 3.097835 2.906827 2.732757
2.455310 2.541336 2.509914 2.471638 2.177389 2.090619 2.142207 2.198691 2.232613 2.518271
2.361900 2.114492 2.038810 2.130656 2.294574 2.080025 2.184486 2.372634 2.349771 2.080909
2.249111 2.651896 2.490849 2.364426 2.205577 1.889414 2.490548 2.591380 2.504381 2.394052
2.300244 2.633028 2.402506 2.090995 1.970375 2.689498 2.533968 2.584599 2.685215 2.904572
2.505835 2.396032 2.407289 2.419177 2.483131 2.470680 2.187672 2.197764 2.182012 2.348531
2.158171 2.328106 2.250812 2.406672 2.348054 2.392520 2.342661 2.284924 2.265501 2.315665
2.237877 2.169206 2.089471 2.319480 2.213633 2.257302 2.360653 2.415089 2.263640 2.274999
2.307118 2.307658 2.285447 2.303132 2.245476 2.137218 2.165613 2.260165 2.328815 2.528305
2.396163 2.637413 2.576401 3.173946 2.922067 2.617329 2.662879 2.523815 2.302762 2.237676
2.291986 2.392539 2.693694 2.570604 2.607864 2.310873 2.493577 2.291013 1.832753 1.847165
1.673920 2.175755 2.414512 2.858955 2.873993 2.657783 2.712216 2.527529 2.355282 2.172099
2.497628 2.965063 2.787836 2.658260 2.503079 2.559211 2.258947 2.286556 1.975736 2.315218
2.195101 2.346099 2.487811 2.558635 2.645023 2.370032 2.185354 2.286605 2.619247 2.545552
2.322337 2.271807 2.172928 2.270048 2.366117 2.298740 2.302658 2.370775 2.261702 2.149052
2.222959 2.218284 2.135449 2.283870 2.204371 2.171692 2.244268 2.315283 2.269971 2.336050
2.327063 2.249979 2.275141 2.313294 2.393733 2.365408 2.225988 2.068820 2.107749 2.315126
2.080207 2.147428 2.116231 1.981570 2.048553 1.944960 1.748166 1.730691 2.364287 2.304525
2.228536 2.174500 2.135144 2.329966 2.613539 2.524035 2.840057 2.933994 3.129832 3.215098
2.787963 2.850988 2.406419 2.374329 2.494772 2.347737 2.410848 2.447236 2.410002 2.074744
2.205581 2.858724 2.379941 2.247030 2.457281 2.539403 2.389461 2.429845 2.423242 2.595278
2.214588 2.431607 2.518059 2.514831 2.558342 2.361934 2.127442 1.966234 2.358745 2.214561
2.325299 2.390486 2.194020 2.198377 2.395238 2.338417 2.218717 2.113502 2.082308 2.110924
2.175821 2.209545 2.114430 2.163447 2.083139 2.224497 2.256704 2.167236 2.081369 2.209652
2.245503 2.154557 2.027502 1.971214 1.969350 1.957422 2.019996 2.167758 2.153171 2.098803
2.043082 2.134192 2.137192 2.198838 2.387805 2.534288 2.633234 2.090634 2.407508 2.251480
2.022448 2.288823 2.446867 2.116170 2.206950 1.975347 2.228347 2.083756 1.868142 2.080599
2.025723 2.012692 2.093621 2.131662 2.107947 2.160747 2.365088 2.368823 2.417212 2.008002
1.819345 2.529343 2.243500 2.179931 2.344909 2.352040 2.263121 2.184062 2.394559 2.373805
2.220580 2.503214 2.560731 2.615633 2.602176 2.073292 1.905198 1.888335 2.422590 2.273706
2.346682 2.362072 2.154606 2.024124 2.232251 2.307272 2.323146 2.330512 2.371703 2.351412
2.229462 2.214967 2.084378 2.218986 2.121183 2.210817 2.093455 2.073582 2.078889 2.240052
2.189457 2.150143 2.382839 2.360946 2.436032 2.467935 2.101867 2.363054 2.443882 2.348485
2.136209 2.146871 2.157033 1.616608 1.566284 1.690800 1.871440 1.707791 2.149282 1.911408
1.677666 1.864887 2.168905 2.324325 2.148605 1.924219 2.079432 2.112106 1.995131 2.067690
2.045411 2.054185 2.170649 2.183339 2.152374 2.162561 2.261725 2.259334 2.257516 2.014980
2.061448 2.564769 2.221803 2.240528 2.321566 2.363194 2.412791 2.286082 2.375173 2.236302
2.374552 2.432036 2.387731 2.408169 2.488086 2.216165 2.252330 2.315902 2.465750 2.407963
2.328015 2.289122 2.165477 2.129385 2.378692 2.226458 2.023635 2.057549 2.198665 1.684301
1.692737 1.969736 1.891460 1.907346 1.874536 2.306449 2.306654 2.379690 2.407887 2.146394
2.007755 2.159224 2.133970 2.235161 2.290924 2.199753 2.115806 2.261727 2.129321 2.186454
2.087117 2.368864 2.457714 2.405841 2.330872 2.485644 2.630962 2.418073 2.391925 2.253018
2.130096 2.341225 2.270532 2.362717 2.386348 2.257054 2.252538 2.428171 2.330606 2.283789
2.285014 2.265330 2.251851 2.298760 2.273009 2.253639 2.291969 2.285586 2.323115 1.967051
2.260357 2.576678 2.087267 2.105156 2.167137 2.162260 2.170615 2.097236 2.031601 1.954842
1.987427 2.163768 2.179718 2.061711 1.898694 1.910327 1.972548 2.279223 2.093195 2.060074
2.092442 2.159347 2.099668 1.980694 2.086036 2.078644 2.232373 2.460743 2.603695 2.483523
2.397210 2.495267 2.236209 2.187485 2.154986 2.183649 1.943153 2.043700 2.191900 2.043940
2.183608 2.130514 1.936622 1.908918 1.839131 1.808109 1.823939 2.025124 2.150685 1.925293
1.924932 2.011916 1.966512 1.979569 1.819982 1.838190 1.915100 1.899383 1.885066 1.913535
1.986989 2.072479 1.949891 1.922131 1.930474 1.974357 1.999909 1.948148 1.886423 1.910710
1.875354 1.890430 1.865225 1.882502 1.885702 1.927691 1.951234 2.002469 1.994560 1.775784
0.260880 -0.046484 -0.113675 -0.178344 -0.209390 -0.220163 -0.216161 -0.195464 -0.208715 -0.205705
-0.224716 -0.225900 -0.220859 -0.205829 -0.219348 -0.215974 -0.214546 -0.216849 -0.218185 -0.200519
-0.161043 -0.175094 -0.146015 -0.161856 -0.144784 -0.176329 -0.207647 -0.191545 -0.241219 -0.153676
-0.100091 -0.141598 -0.108431 -0.156540 -0.017657 -0.034377 -0.090217 -0.141578 -0.184921 -0.171220
-0.131174 -0.166871 -0.187192 -0.210966 -0.180231 -0.178229 -0.177135 -0.148117 -0.148604 -0.164011
-0.151667 -0.177025 -0.179738 -0.205713 -0.187121 -0.180233 -0.182043 -0.194646 -0.222940 -0.230722
-0.244157 -0.201752 -0.103721 -0.148497 -0.204566 -0.134690 -0.080911 -0.103851 -0.165918 -0.187229
-0.197071 -0.199788 -0.200393 -0.179055 -0.179021 -0.187314 -0.153623 -0.186242 -0.158424 0.174747
0.206201 -0.127823 -0.106849 -0.107942 -0.174663 -0.212864 -0.213308 -0.190176 -0.169809 -0.168896
-0.203923 -0.211024 -0.190314 -0.133527 -0.173858 -0.186603 -0.197195 -0.208948 -0.201601 -0.091201
0.012710 0.010064 0.055862 0.083123 0.164201 0.062623 0.082251 -0.001905 -0.120967 0.112328
0.205195 0.194193 0.296661 0.325492 0.467099 0.207209 0.196698 0.016038 -0.050522 -0.001246
0.051512 0.036194 -0.037421 -0.053653 -0.016591 0.054589 0.092207 0.176246 0.175889 0.234575
0.255719 0.128306 0.033052 -0.054732 0.002838 0.031512 0.085333 0.122661 0.075134 -0.050521
-0.147379 -0.026512 0.203836 0.111648 0.052117 0.218984 0.229574 0.112267 -0.022027 -0.129260
-0.135419 -0.125621 -0.142649 -0.122656 -0.129111 -0.147299 -0.125662 -0.193364 -0.233000 -0.079710
0.251326 -0.006586 0.246288 0.370979 0.250915 0.143400 0.168859 0.263279 0.363170 0.392352
0.293953 0.334124 0.376889 0.556811 0.446957 0.399311 0.444500 0.449719 0.559778 0.944180
0.999012 1.140937 1.237589 1.358139 1.342537 1.176777 1.314224 1.102983 0.881445 1.260679
1.308116 1.453331 1.489899 1.622445 1.451701 1.093230 1.380514 1.262993 1.157538 1.262044
1.234399 1.236973 1.072764 1.104555 1.098188 1.098877 1.026397 1.125978 1.002127 1.353770
1.333250 1.055458 1.183399 1.044763 1.087713 1.301119 1.123297 1.178377 1.168423 0.905333
0.788329 1.051401 1.387373 1.482810 1.468213 1.489132 1.354325 0.859287 1.059947 0.854536
0.841576 0.695208 0.662820 0.625055 0.548707 0.512921 0.617172 0.358676 0.041313 0.219446
0.235021 -0.068780 0.297887 0.412636 0.350983 0.335979 0.327323 0.351988 0.478258 0.512736
0.399915 0.448744 0.381688 0.521751 0.427020 0.399081 0.452199 0.462855 0.544648 0.648091
0.648005 0.901107 0.968517 1.038746 0.817246 0.792375 0.683899 0.665729 0.687013 0.755211
0.638653 0.668368 0.564381 0.780399 0.697201 0.533931 0.927166 1.141934 0.908055 0.701414
0.555431 0.537569 0.582936 0.784580 0.703326 0.461240 0.317855 0.375904 0.176827 0.460543
0.639141 0.423702 0.673440 0.686355 0.662841 0.537464 0.286184 0.415688 0.544790 0.493188
0.622997 0.612136 0.606203 0.692603 0.676388 0.627944 0.824817 0.198765 0.631263 0.769343
0.734900 0.417276 0.554879 0.635694 0.674913 0.591199 0.708796 0.375028 0.020225 0.368707
0.161287 -0.138872 0.225968 0.250852 0.224698 0.234381 0.283311 0.338682 0.495658 0.517709
0.389895 0.335094 0.104490 0.092923 0.086049 0.181181 0.319028 0.438798 0.372768 0.387211
0.504739 0.732405 0.693122 0.678522 0.508114 0.487717 0.457083 0.636712 0.744078 0.693386
0.527772 0.561872 0.293797 0.243456 0.155454 0.338387 0.895576 1.151000 0.857393 0.542149
0.309686 0.284558 0.556237 0.767963 0.771821 0.770798 0.462386 0.198648 0.016894 0.138045
0.421951 0.501458 0.574441 0.663323 0.501509 0.128354 -0.128349 -0.016130 0.358556 0.437187
0.537440 0.304119 0.129483 0.208980 0.396395 0.394395 0.259817 -0.042236 0.235253 0.613628
0.374794 0.104833 0.237598 0.415545 0.412712 0.343200 0.443974 0.294059 -0.005418 0.375795
0.152853 -0.148494 0.266904 0.325361 0.313773 0.464948 0.518927 0.548378 0.568993 0.722863
0.605606 0.582401 0.491803 0.463316 0.424786 0.428547 0.615412 0.719386 0.626364 0.534187
0.620541 0.621735 0.535195 0.519111 0.637352 0.791366 0.877867 1.215163 1.347028 1.348508
1.153114 1.184496 1.042050 0.598309 0.557280 0.861986 1.347853 1.467463 1.146420 0.917588
0.818355 0.851259 1.122218 1.171515 1.129323 1.217833 1.019784 0.472796 0.090622 0.057767
0.134669 0.356835 0.574690 0.914356 0.767875 0.302392 -0.011159 0.062282 0.434468 0.637345
0.832134 0.640780 0.246369 0.134323 0.253096 0.200365 0.025832 -0.026729 0.258557 0.780819
0.386135 0.124447 0.263883 0.462526 0.493438 0.457229 0.423334 0.261182 -0.049340 0.389574
0.162318 -0.139192 0.286073 0.334098 0.322803 0.543304 0.496964 1.043775 0.689430 0.864262
0.858532 0.877572 0.823667 0.637038 0.662220 0.882971 1.083639 0.971730 0.813163 0.562998
0.396420 0.163882 0.139273 0.219510 0.607990 0.858246 0.928565 1.216526 1.330460 1.555024
1.448981 1.464814 1.402683 1.103844 1.265718 1.253117 1.397768 1.308311 1.034411 1.091363
1.021050 1.095026 1.145329 1.180718 1.074937 1.230578 1.217630 0.490800 -0.118935 -0.264963
-0.276802 -0.256254 -0.111325 0.327887 0.404009 0.205152 -0.054520 -0.150356 -0.018485 0.172260
0.401623 0.456943 0.024463 -0.163051 -0.201241 -0.216725 -0.179916 -0.168227 0.120860 0.721496
0.298132 0.073966 0.204482 0.435853 0.544423 0.399576 0.345336 0.174474 -0.085317 0.364016
0.193233 -0.133824 0.215419 0.231506 0.196503 0.098854 -0.111074 0.069196 -0.206846 -0.088081
0.416431 0.526211 0.671065 0.501084 0.656045 0.960813 1.059976 0.956439 0.986507 0.723870
0.519381 0.292419 0.296732 0.319587 0.667258 0.970342 1.086644 1.472955 1.505709 1.542425
1.403304 1.056609 0.685470 0.946150 1.507015 1.252956 1.231058 1.044814 0.897244 1.057162
0.954382 1.027567 1.060166 0.915679 0.715680 0.568032 0.628926 0.396788 -0.096103 -0.228447
-0.269572 -0.244591 -0.047186 0.350883 0.515460 0.494021 0.214737 0.034580 0.087354 0.231849
0.480846 0.515173 0.157521 -0.138623 -0.179698 -0.214388 -0.146508 -0.096140 0.227754 0.537782
0.276033 0.106546 0.209914 0.365900 0.406464 0.351107 0.345590 0.160908 -0.090239 0.391168
0.181075 -0.142645 0.229004 0.283477 0.220852 0.023229 -0.200616 -0.199357 -0.192338 -0.032340
0.180062 0.202417 0.314262 0.340436 0.544455 0.871679 0.801000 0.817633 1.098686 0.835758
0.621791 0.373247 0.320454 0.554599 0.924544 1.261253 1.503556 1.674030 1.448645 1.390862
1.200202 0.806096 0.551483 1.010112 1.358099 0.942605 0.919513 0.934247 0.942364 1.138892
0.944183 0.964439 0.840104 0.446568 0.273677 0.074659 0.155748 0.175173 0.154699 0.104573
0.035076 0.181574 0.275935 0.508054 0.554496 0.622737 0.482239 0.352706 0.357613 0.403855
0.415690 0.289400 0.210056 -0.101357 -0.139295 -0.126737 0.121586 0.114730 0.299977 0.399680
0.257121 0.169001 0.229291 0.340989 0.422783 0.381864 0.331112 0.151024 -0.129060 0.324855
0.162109 -0.129307 0.162816 0.306216 0.284912 0.118547 -0.058299 -0.055595 0.353450 0.445882
0.828434 0.836486 0.786584 0.736746 0.652512 0.634066 0.396964 0.538729 0.681742 0.670855
0.706507 0.713406 0.638707 0.841676 0.837042 0.666151 0.772292 0.881881 0.802795 0.662956
0.673200 0.413023 0.308712 0.339502 0.337728 0.264700 0.299908 0.709551 0.774206 0.880849
0.777785 0.793573 0.661845 0.443458 0.240171 0.079029 0.051341 0.074318 0.202762 0.387442
0.437795 0.603309 0.615676 0.870996 0.813562 0.787369 0.676985 0.661655 0.806112 0.759775
0.688735 0.613217 0.680152 0.305759 0.066274 0.134065 0.565987 0.314389 0.335633 0.432098
0.331243 0.332363 0.297349 0.364957 0.306428 0.279549 0.330288 0.205274 -0.102443 0.315004
0.095310 -0.169217 0.129445 0.249015 0.212281 0.121344 0.031579 0.152341 0.710474 1.126466
1.425842 1.472514 1.120541 0.741994 0.475418 0.213522 0.029614 0.087478 0.130593 0.472452
0.618076 0.685750 0.737172 0.743411 0.655845 0.204777 0.154949 -0.017140 -0.151346 -0.160979
-0.158239 -0.243464 -0.271337 -0.278403 -0.278333 -0.269377 -0.174230 0.359273 0.457794 0.479255
0.635272 0.571865 0.487911 0.363866 0.133545 -0.025196 -0.088297 -0.084842 0.114932 0.457994
0.516036 0.933116 1.150038 1.285679 1.179366 0.969146 0.889764 0.930625 1.197923 0.995766
0.921789 1.013501 1.089487 0.701077 0.437551 0.563111 0.909418 0.360420 0.262646 0.409513
0.363369 0.372671 0.280311 0.270218 0.198713 0.284225 0.318650 0.177331 -0.107256 0.278698
0.060112 -0.179801 0.137571 0.209023 0.198978 0.230991 0.262131 0.355500 0.708707 0.868246
0.814473 0.711640 0.434609 0.232245 0.195535 0.084436 0.023389 0.054644 0.089056 0.428672
0.533862 0.711067 0.950424 0.871361 0.589289 0.242731 0.210200 0.018638 -0.083859 -0.084860
-0.097685 -0.182643 -0.253127 -0.266361 -0.261724 -0.219560 0.130754 0.636437 0.544199 0.583485
0.780813 0.721068 0.582917 0.514111 0.448909 0.336070 0.238263 0.187830 0.324303 0.370670
0.117520 0.395265 0.833892 0.826599 0.938102 0.639715 0.637494 0.614588 0.818984 0.601162
0.561347 0.672154 0.698512 0.642718 0.518384 0.600477 0.792804 0.340799 0.231512 0.419648
0.320625 0.259914 0.204704 0.264211 0.318138 0.395990 0.314264 0.223666 -0.051539 0.334743
0.070158 -0.186859 0.127483 0.164180 0.207562 0.263253 0.369016 0.549445 0.747299 0.743024
0.502443 0.046471 -0.147388 -0.121292 0.115967 0.144484 0.118190 0.110931 0.230145 0.574206
0.846944 1.201221 1.517726 1.627785 0.847152 0.688955 0.546453 0.344605 0.132490 0.150074
0.245932 0.194401 0.079124 0.152550 0.219344 0.366894 0.763287 0.772962 0.512185 0.515231
0.831552 0.918322 0.663082 0.542826 0.532168 0.528178 0.431124 0.459021 0.656258 0.546511
0.167300 0.215940 0.290097 0.446032 0.610281 0.420572 0.426920 0.444698 0.424790 0.378457
0.492636 0.465974 0.425130 0.483695 0.490666 0.547970 0.700386 0.399698 0.249321 0.411002
0.203231 0.147645 0.144389 0.306558 0.425183 0.457095 0.366013 0.243507 -0.023297 0.372316
0.088539 -0.182493 0.148298 0.247836 0.350370 0.294955 0.220473 0.076093 0.219502 0.231188
0.191609 -0.044880 -0.168860 -0.072140 0.137628 0.168077 0.194242 0.191505 0.294942 0.318838
0.451851 0.560594 0.669399 0.600392 0.129670 0.155842 0.283206 0.384801 0.302700 0.495521
0.557055 0.496289 0.331291 0.298020 0.277287 0.331240 0.647971 0.591607 0.316191 0.287515
0.402850 0.491104 0.551688 0.678746 0.881676 1.068990 0.983931 1.229379 1.682345 1.656405
1.471491 1.324824 1.165395 1.221597 1.255140 1.073547 0.985496 0.859815 0.647324 0.693683
0.890956 0.752777 0.672133 0.685854 0.798025 0.896894 1.051129 0.617236 0.534858 0.655602
0.352065 0.229809 0.173047 0.269180 0.381101 0.365752 0.382971 0.158119 -0.076314 0.313111
0.078559 -0.200023 0.217190 0.385760 0.480888 0.530757 0.307283 -0.131390 -0.267759 -0.276822
-0.203825 -0.161784 -0.130110 0.000901 0.134386 0.197077 0.240232 0.169089 0.189506 -0.050046
-0.136509 -0.180403 -0.103892 -0.230523 -0.244487 -0.226351 -0.084179 0.179795 0.219486 0.419832
0.465492 0.441319 0.299406 0.138324 -0.001943 0.011966 0.323664 0.302244 0.132033 0.055421
-0.030970 -0.018454 0.232223 0.766279 0.736626 0.977272 1.053617 1.225309 1.347279 1.514943
1.705879 1.736938 1.651559 1.670879 1.759563 1.340777 1.194663 1.017791 0.814183 0.847709
0.960811 0.848180 0.723415 0.820540 1.026589 1.464095 1.155927 0.635944 0.734223 0.738976
0.356798 0.175895 0.192454 0.420723 0.451693 0.450603 0.428488 0.174518 -0.112706 0.324571
0.075923 -0.215420 0.067221 -0.042126 -0.078782 0.052232 0.145917 -0.010662 -0.263685 -0.270782
-0.111189 0.046689 0.162157 0.167271 0.191762 0.153997 0.218502 0.246801 0.360648 0.071032
-0.082047 -0.147422 -0.118432 -0.224168 -0.202471 -0.125748 0.038831 0.235168 0.205797 0.252754
0.334769 0.340349 0.287191 0.149945 0.001871 -0.025424 0.171790 0.224708 0.223818 0.157869
0.008856 -0.064687 0.159287 0.379761 0.307293 0.668772 0.772478 0.235837 -0.042141 0.264511
0.681166 0.803687 0.775219 0.869305 1.147509 0.816936 0.746842 0.729810 0.659810 0.617398
0.650332 0.573743 0.267277 0.042080 0.116680 0.490581 0.451292 0.196759 0.294703 0.482499
0.264480 0.154592 0.270107 0.503816 0.459514 0.421168 0.358343 0.140614 -0.133279 0.330499
0.087330 -0.199617 0.080090 -0.046103 -0.176987 -0.175816 -0.063939 -0.148538 -0.256106 -0.186299
0.080603 0.362605 0.398109 0.262983 0.175859 0.130854 0.308965 0.364531 0.355413 0.132184
0.059929 -0.028247 -0.029837 0.043524 0.089789 0.223663 0.219780 0.232819 0.184983 0.166522
0.240731 0.148778 0.115873 0.067096 -0.032384 -0.074420 0.016280 0.119620 0.132456 0.171287
0.011055 -0.012056 0.139132 0.141682 0.172510 0.775582 1.073252 0.310941 -0.156758 -0.066303
0.347771 0.312630 0.374104 0.602092 0.977904 0.692381 0.565655 0.627046 0.588751 0.558164
0.584572 0.477393 0.056193 -0.199991 -0.203489 -0.072169 0.186300 -0.039737 -0.009458 0.411088
0.305752 0.161763 0.211080 0.336420 0.387548 0.339827 0.385955 0.188305 -0.114160 0.301453
0.101767 -0.158549 0.153335 0.014297 -0.105318 -0.121660 -0.156925 -0.002579 0.161029 0.394565
0.506953 0.447278 0.326549 0.229235 0.135009 0.106986 0.220327 0.256783 0.275775 0.327186
0.252871 0.043727 -0.049373 0.002972 0.039917 0.198815 0.127818 0.104675 0.072770 0.114052
0.150813 0.102512 0.078213 0.165468 0.054921 0.120695 0.039390 0.140091 0.159641 0.195256
0.120922 0.113052 0.133653 0.023462 0.127711 0.636307 1.001030 0.248377 -0.214170 -0.206257
0.035758 0.112829 0.165348 0.376257 0.504282 0.182637 0.185291 0.609821 0.615107 0.640499
0.653261 0.495588 0.026050 -0.259850 -0.241401 -0.187724 -0.039240 -0.175023 -0.136919 0.356374
0.270118 0.100672 0.151270 0.299031 0.327455 0.322334 0.330835 0.189641 -0.094330 0.300159
0.110741 -0.168679 0.096893 0.026424 -0.032593 -0.038859 -0.087330 0.226802 0.655411 1.034613
0.847528 0.380025 0.285547 0.212555 0.125870 0.212682 0.212790 0.265485 0.302788 0.296497
0.035196 -0.064137 -0.126256 -0.052873 0.005180 0.017553 -0.007063 -0.035201 -0.002531 0.077717
0.081762 0.060587 -0.019408 -0.030600 -0.033316 0.144322 0.160124 0.249542 0.118431 0.056304
0.021662 0.073546 0.009172 -0.096788 -0.142067 -0.167459 -0.187563 -0.278252 -0.221459 -0.218114
-0.254190 -0.270926 -0.278356 -0.267241 -0.278235 -0.276492 -0.191286 0.434535 0.500212 0.569120
0.535563 0.409813 -0.037661 -0.268005 -0.261628 -0.262472 -0.233577 -0.257181 -0.209155 0.249228
0.215511 0.073471 0.093337 0.169420 0.243491 0.280153 0.327902 0.168743 -0.098556 0.299422
0.095901 -0.179433 0.135915 0.198518 0.184952 0.121680 0.051452 0.127001 0.327575 0.618594
0.565135 0.114061 0.145002 0.261936 0.282120 0.293272 0.156603 0.179339 0.352040 0.249749
0.020977 -0.040500 -0.087460 -0.032702 -0.038473 -0.021764 0.012016 -0.012408 0.040589 0.048834
0.054814 0.055745 -0.014282 -0.051748 -0.066021 -0.023159 0.173541 0.117509 0.017098 -0.008183
-0.028490 0.062087 0.038106 0.057816 0.006259 -0.109481 -0.183894 -0.268249 -0.260644 -0.244785
-0.245354 -0.266243 -0.278263 -0.259775 -0.278339 -0.262381 -0.015685 0.583119 0.621211 0.615942
0.581459 0.483360 0.091607 -0.218185 -0.221897 -0.240318 -0.226415 -0.253715 -0.207046 0.237211
0.190495 0.091353 0.060249 0.149261 0.212068 0.317881 0.346942 0.194641 -0.102603 0.398561
0.054129 -0.180807 0.231885 0.334316 0.322409 0.229576 0.148856 0.086060 0.111855 0.107469
0.064309 -0.029220 0.094118 0.345217 0.334207 0.274354 0.186759 0.197777 0.230327 -0.009888
-0.148341 -0.162586 -0.041922 0.039898 -0.032254 -0.036200 -0.006247 0.017034 0.019228 0.008218
0.003353 -0.046870 -0.019382 -0.039068 -0.056763 -0.081244 0.103833 0.024385 0.000342 -0.054837
-0.080701 -0.006947 0.010921 0.219746 0.302030 0.170980 0.018638 -0.163921 -0.254401 -0.265026
-0.263542 -0.222733 -0.109246 -0.037932 -0.136177 0.006465 0.400236 0.660656 0.630355 0.568784
0.546099 0.451405 0.202638 -0.149991 -0.162400 -0.162213 -0.187159 -0.266831 -0.213091 0.205611
0.148152 0.064760 0.042846 0.148163 0.253960 0.335623 0.329162 0.149729 -0.143456 0.306222
0.058444 -0.179332 0.239998 0.266441 0.319636 0.294161 0.210533 0.259880 0.438153 0.515218
0.349119 0.308457 0.689748 0.952434 0.755576 0.554299 0.463750 0.410808 0.334252 0.066120
-0.084599 -0.112460 0.033242 0.008145 -0.085441 -0.094087 -0.071553 -0.001393 0.037510 0.093476
0.073048 0.038389 0.111076 0.079289 0.044711 -0.004310 0.083510 -0.008969 -0.087434 -0.120494
-0.111449 -0.045148 -0.053727 0.083369 0.206994 0.222530 0.183618 0.131765 0.079383 0.104829
0.097360 0.230136 0.417279 0.426311 0.539999 0.577642 0.765554 0.799522 0.830165 0.845767
0.770458 0.641668 0.448720 -0.066669 -0.123458 -0.125832 -0.203424 -0.272746 -0.228542 0.202517
0.126811 0.060854 0.001676 0.104273 0.156818 0.225691 0.257012 0.149638 -0.102008 0.229420
0.091832 -0.196288 0.153509 0.210435 0.214912 0.252987 0.161814 0.179798 0.312068 0.695661
0.612289 0.495444 1.066629 1.365529 0.948449 0.578787 0.570476 0.543445 0.476888 0.118194
-0.007318 -0.076582 -0.050422 -0.070407 -0.091329 -0.091895 -0.058197 0.006117 0.048574 0.229745
0.323294 0.243637 0.121317 0.116477 0.072344 0.061080 -0.066373 -0.185532 -0.169174 -0.092875
-0.066158 -0.088176 -0.134779 -0.134936 -0.131731 -0.113870 0.056513 0.210631 0.354485 0.489854
0.454631 0.548646 0.630202 0.702952 0.731598 0.610124 0.816950 0.979602 0.996217 1.081011
0.971217 0.821162 0.689254 -0.003242 -0.227364 -0.272137 -0.278416 -0.276882 -0.227546 0.195173
0.112827 0.054812 -0.002789 0.076239 0.108949 0.180361 0.257502 0.200586 -0.089551 0.200534
0.213033 -0.155680 0.161289 0.238456 0.176895 0.265122 -0.004662 -0.182004 -0.101711 0.191173
0.293967 0.312477 0.680325 0.852989 0.539196 0.402231 0.321753 0.373411 0.334090 0.044403
-0.046015 -0.104725 -0.117975 -0.120761 -0.093672 -0.117161 -0.110640 -0.156285 -0.086042 -0.076042
0.167310 0.106938 0.047018 0.073915 0.004226 0.135741 -0.145267 -0.203811 -0.149423 -0.120272
-0.125447 -0.160030 -0.157465 -0.119909 -0.109505 -0.059684 0.125103 0.194011 0.362650 0.371457
0.459698 0.348841 0.271950 0.601674 0.486971 0.330206 0.602340 0.503660 0.315558 0.463315
0.460138 0.504835 0.663845 0.414488 -0.083634 -0.222920 -0.255704 -0.235414 0.015923 0.242775
0.114331 0.006369 -0.041482 0.021421 0.097824 0.149553 0.222176 0.198945 -0.064289 0.264059
0.131248 -0.186479 0.180614 0.229354 0.263582 0.256701 -0.125511 -0.272061 -0.273013 -0.278354
-0.273526 -0.202941 0.066021 0.305768 0.135048 0.157779 0.085574 0.245608 0.238451 0.087840
0.038114 -0.102784 -0.147576 -0.157055 -0.132276 -0.123640 -0.128506 -0.211547 -0.213776 -0.252255
-0.039690 0.054935 -0.067572 -0.101231 -0.136620 -0.093982 -0.213835 -0.205329 -0.187113 -0.130436
-0.131444 -0.130441 -0.109885 -0.050438 -0.044837 0.052326 0.137188 0.105970 0.036801 0.027143
0.083766 0.174333 0.146796 0.328657 0.201470 0.049873 0.137552 0.147395 0.131719 0.228688
0.101024 0.253129 0.627446 0.676360 0.268910 0.005953 -0.047414 0.019764 0.221854 0.212812
0.115161 0.004004 0.003950 0.058427 0.136444 0.074998 0.156185 0.032302 -0.105348 0.270117
0.066420 -0.146259 0.156370 0.224282 0.319068 0.253801 -0.047062 -0.232036 -0.246262 -0.278106
-0.274920 -0.212149 -0.001164 0.298198 0.164146 0.071186 0.120657 0.378476 0.248557 0.138540
0.027479 -0.089495 -0.149092 -0.149383 -0.150311 -0.095706 -0.109074 -0.198714 -0.250142 -0.270017
-0.140448 1.380402 -0.049616 -0.144429 -0.189825 -0.215416 -0.242978 -0.211563 -0.191564 -0.126338
-0.115048 -0.116026 -0.117952 -0.073398 -0.059263 0.046215 0.174454 0.316630 0.361872 0.452176
0.746302 0.809474 0.537138 0.360742 0.140653 0.090311 0.203156 0.426033 0.540880 0.525073
0.271005 0.403998 0.659003 0.866951 0.755779 0.482554 0.516696 0.507778 0.408425 0.253282
0.149939 0.066242 0.058959 0.096036 0.168348 0.110185 0.256035 0.078175 -0.062521 0.353030
0.104392 -0.149698 0.146555 0.265899 0.348988 0.291194 0.107103 -0.100361 -0.194596 -0.236741
-0.189061 -0.195083 0.002891 0.460508 0.228351 0.024860 0.116748 0.295479 0.161388 0.083650
-0.017351 -0.123989 -0.169241 -0.168589 -0.187256 -0.177438 -0.165878 -0.134658 0.100238 0.280768
0.358867 2.601504 0.476744 0.000619 -0.150863 -0.255066 -0.236495 -0.205658 -0.183215 -0.141565
-0.112349 -0.084765 -0.094726 -0.067392 -0.003835 0.076251 0.262589 0.623354 0.753489 0.958649
1.193666 1.374755 1.010397 0.594216 0.277010 0.195646 0.436296 0.794212 0.837772 0.722947
0.521075 0.520444 0.454787 0.789026 0.947375 0.990136 0.996350 0.676415 0.353422 0.203015
0.082178 0.059764 0.052428 0.123880 0.165058 0.144314 0.260867 0.092439 -0.066259 0.385414
0.176840 -0.172178 0.241306 0.329763 0.375344 0.245504 0.126024 -0.068012 -0.120560 -0.129135
-0.017653 -0.111751 0.105091 0.535387 0.356147 0.078433 0.124033 0.266176 0.235342 0.152714
-0.030689 -0.122475 -0.154608 -0.163474 -0.190002 -0.201375 -0.187679 -0.138215 -0.109888 0.133044
0.276570 2.442741 1.863046 0.560252 -0.142283 -0.234280 -0.210725 -0.210168 -0.192462 -0.201795
-0.176129 -0.174132 -0.149076 -0.135065 -0.088913 -0.082311 -0.029634 0.082403 0.213722 0.502050
0.548443 0.653241 0.483634 0.321123 0.210349 0.201878 0.475007 0.781264 0.724539 0.610323
0.474910 0.330057 0.242097 0.361576 0.363519 0.532450 0.768416 0.386245 0.096342 0.076903
-0.007862 0.035007 0.037483 0.116382 0.159949 0.172705 0.298029 0.235052 -0.027343 0.392940
0.108345 -0.207632 0.251597 0.271375 0.310398 0.251366 0.193809 0.043459 -0.000429 -0.015439
0.101761 -0.092057 -0.102390 -0.050664 -0.056111 0.038214 0.185491 0.296992 0.305144 0.141146
0.006169 -0.067917 -0.101462 -0.149221 -0.191795 -0.203373 -0.221470 -0.250389 -0.272788 -0.278381
-0.275512 -0.019773 -0.170686 -0.278142 -0.240341 -0.211367 -0.213050 -0.222024 -0.210242 -0.200369
-0.145082 -0.143069 -0.126419 -0.101393 -0.064414 -0.031117 -0.039793 -0.066546 -0.027358 0.243376
0.122571 0.094108 0.071227 -0.016678 0.076756 0.211286 0.409637 0.766039 0.699109 0.658244
0.529036 0.303689 0.229902 0.093177 0.037748 0.221931 0.573146 0.272792 0.046990 0.026410
-0.001177 -0.018150 -0.005182 0.070296 0.178090 0.197589 0.318091 0.321206 0.045467 0.467851
0.022953 -0.220497 0.180638 0.263833 0.307823 0.321085 0.167242 0.047209 -0.043414 0.004228
0.324899 0.316961 0.383447 0.428652 0.427083 0.796788 0.778954 0.850200 0.780223 0.425598
0.098699 -0.059135 -0.097989 -0.164624 -0.216115 -0.206002 -0.230443 -0.242707 -0.278201 -0.278247
-0.275120 -0.226605 -0.244738 -0.278282 -0.211056 -0.220825 -0.203036 -0.194997 -0.173963 -0.143714
-0.110273 -0.152941 -0.115271 -0.070727 0.073900 0.163911 0.053442 0.039428 0.054791 0.214703
0.233985 0.144362 0.109240 0.171794 0.279819 0.464760 0.681832 0.991679 1.006501 0.863837
0.725141 0.662144 0.426992 0.065258 -0.006994 0.371310 0.779136 0.466003 0.227628 0.155811
0.101655 0.005656 0.005683 0.069266 0.179946 0.124750 0.183981 0.145692 -0.038377 0.418295
0.085734 -0.188625 0.186446 0.281208 0.256028 0.261185 0.155875 0.055915 0.022247 0.052436
0.481990 0.825976 0.988691 0.826137 0.757593 1.013313 0.856974 1.017120 0.936770 0.292999
0.082318 -0.026354 -0.077589 -0.148136 -0.213312 -0.220945 -0.234948 -0.200746 -0.224552 -0.189206
-0.257327 -0.269534 -0.278101 -0.276965 -0.238257 -0.203793 -0.180983 -0.157741 -0.146980 -0.108530
-0.108795 -0.142393 -0.112822 -0.016872 0.087709 0.126731 0.147996 0.154238 0.199871 0.157822
0.156352 -0.031889 0.047512 0.225455 0.287291 0.487222 0.708317 0.973392 0.940308 0.803796
0.832126 0.918740 0.575885 0.292678 0.129205 0.522602 0.807689 0.263132 0.382771 0.382327
0.213395 0.052448 0.028989 0.096175 0.181929 0.125600 0.110059 0.026659 -0.143600 0.318967
0.156340 -0.168715 0.165501 0.257426 0.194719 0.255088 0.067285 0.112249 0.129226 0.134700
0.224741 0.429108 0.730484 0.644974 0.427663 0.456438 0.250479 0.506107 0.679500 -0.029022
-0.128143 -0.053176 -0.147897 -0.156309 -0.202481 -0.222344 -0.224064 -0.202069 -0.219261 -0.148288
-0.241831 -0.257543 -0.257670 -0.253981 -0.237534 -0.199894 -0.183356 -0.116733 -0.180863 -0.159684
-0.156566 -0.156975 -0.173541 -0.091439 -0.009856 0.038576 0.101242 0.143785 0.200971 0.154746
0.251829 0.227311 0.341835 0.366956 0.375578 0.477035 0.591259 0.589490 0.580909 0.667773
0.702441 0.571958 0.166812 -0.108668 -0.125362 0.120798 0.213567 0.088464 0.186437 0.243595
0.170311 -0.020320 -0.067110 0.015215 0.085929 0.135621 0.048015 -0.013884 -0.180608 0.258653
0.114806 -0.175718 0.165428 0.236832 0.120068 0.037201 -0.068283 0.072169 0.187625 0.424695
0.285631 0.318586 0.192441 0.094173 0.174327 0.296919 0.232819 0.305044 0.251860 -0.055165
-0.124206 -0.024797 -0.127213 -0.132794 -0.179169 -0.173560 -0.180405 -0.194053 -0.194597 -0.182160
-0.187724 -0.205512 -0.210822 -0.231263 -0.238871 -0.257480 -0.255573 -0.242839 -0.190422 -0.180346
-0.158672 -0.152520 -0.135192 -0.082071 0.035125 0.071388 0.056163 0.059026 0.040366 0.152095
0.340666 0.439519 0.411845 0.347353 0.405605 0.355778 0.383706 0.387016 0.514143 0.685677
0.618370 0.430442 0.044826 -0.185851 -0.174762 -0.155830 -0.064622 -0.068993 -0.058904 0.244176
0.063168 -0.099674 -0.114773 -0.002478 0.108120 0.187068 0.085912 0.039575 -0.185615 0.255450
0.063121 -0.193806 0.140246 0.185036 0.077634 0.024147 -0.072673 -0.137755 -0.117506 0.048299
0.117309 0.239439 0.118539 0.090125 0.248015 0.499545 0.673567 0.635303 0.383479 0.088601
0.045308 -0.013498 -0.114410 -0.145324 -0.180738 -0.173144 -0.164733 -0.206830 -0.201203 -0.213344
-0.205054 -0.204362 -0.208543 -0.214762 -0.175692 -0.194979 -0.247788 -0.215485 -0.164654 -0.195373
-0.147713 -0.147942 -0.130596 -0.077895 0.036097 0.123530 0.131063 0.200108 0.185971 0.373048
0.486434 0.610567 0.652287 0.702501 0.748720 0.543948 0.543993 0.621852 0.758474 0.836875
0.749819 0.499483 0.090178 -0.194242 -0.216233 -0.212984 -0.141447 -0.208552 -0.135107 0.264035
0.048813 -0.092543 -0.099312 0.011284 0.104737 0.144745 0.072980 0.010042 -0.187703 0.283067
0.065835 -0.199672 0.193902 0.221269 0.081838 0.018491 -0.138155 -0.259084 -0.267808 -0.259191
-0.101819 -0.035911 -0.139218 -0.221839 -0.217114 -0.118724 0.457600 0.955483 0.934389 0.362385
0.136658 0.059032 -0.128718 -0.154720 -0.165846 -0.141877 -0.139748 -0.165673 -0.168576 -0.197064
-0.188533 -0.185335 -0.182508 -0.162647 -0.082023 -0.186863 -0.226657 -0.216681 -0.140680 -0.185763
-0.195612 -0.171158 -0.141282 -0.059398 0.028775 0.124231 0.207245 0.258927 0.258494 0.376310
0.580642 0.809146 0.745234 0.747709 0.852390 0.759632 0.712162 0.834741 0.997505 0.994889
0.861481 0.528325 0.132564 -0.234738 -0.276973 -0.276638 -0.278460 -0.278398 -0.230491 0.134048
0.000559 -0.093300 -0.097804 0.016605 0.041751 0.088409 0.027779 0.028407 -0.119189 0.308265
0.102444 -0.194990 0.195434 0.195189 0.148062 0.161278 0.051319 -0.121411 -0.191251 -0.216016
0.143036 0.272892 0.209626 0.040300 -0.051363 -0.010225 0.342625 0.909927 0.968346 0.174328
0.009133 -0.008948 -0.116487 -0.108872 -0.099509 -0.039991 -0.014945 -0.025437 -0.028079 -0.077065
-0.050015 -0.057844 -0.046577 -0.049837 -0.024031 -0.014731 -0.099077 -0.126114 -0.115177 -0.109192
-0.145578 -0.098461 -0.078056 0.023502 0.111879 0.175619 0.241606 0.254373 0.300516 0.351802
0.510246 0.489620 0.455344 0.418568 0.471749 0.463027 0.466637 0.683604 0.839004 0.788164
0.749329 0.606481 0.403418 -0.038205 -0.236736 -0.268208 -0.272109 -0.264733 -0.129632 0.181887
0.075263 -0.056568 -0.062467 0.039944 0.122351 0.111031 0.041632 -0.027477 -0.131666 0.297634
0.107537 -0.180573 0.216796 0.271214 0.261554 0.298928 0.338740 0.246148 0.068602 0.067602
0.535643 0.717018 0.887676 0.726464 0.468232 0.212863 0.304758 0.795046 0.802667 0.017046
-0.107412 -0.004656 -0.104287 -0.089682 -0.069043 -0.017027 0.037824 0.056587 0.024918 0.005191
-0.012899 -0.015982 0.011885 -0.044774 -0.072944 -0.053218 -0.121346 -0.122323 -0.135405 -0.077845
-0.102618 -0.042072 -0.006148 0.064510 0.115561 0.178115 0.203150 0.233181 0.317957 0.356903
0.413694 0.316971 0.297666 0.156593 0.152999 0.253008 0.241303 0.410736 0.501531 0.626776
0.759820 0.762312 0.703744 0.326394 0.001917 -0.131879 -0.163549 -0.150841 -0.010779 0.154406
0.042148 -0.060808 -0.075349 0.133600 0.239315 0.190640 0.098907 -0.087662 -0.167340 0.250762
0.113234 -0.172111 0.189270 0.277912 0.217389 0.189973 0.288831 0.168931 0.086045 0.079733
0.278094 0.403579 0.453148 0.148757 0.012006 -0.131490 -0.114890 0.026372 0.050799 -0.179762
-0.226317 0.052336 0.058005 0.101009 0.234919 0.385667 0.401003 0.472676 0.420673 0.493125
0.438118 0.354864 0.282460 0.250007 0.221693 0.147174 0.004434 -0.038651 -0.056887 0.011504
0.005751 0.014365 0.079887 0.126467 0.215497 0.292713 0.305199 0.397191 0.551895 0.654449
0.732735 0.727767 0.587233 0.415478 0.412597 0.626668 0.557607 0.646487 0.677046 0.713168
0.702744 0.601452 0.560594 0.393394 0.259766 0.185255 0.234732 0.108092 0.100738 0.167155
0.091705 0.045583 0.049434 0.150156 0.163082 0.106681 0.062009 -0.032601 -0.172840 0.224987
0.085546 -0.194758 0.173298 0.182634 0.148577 0.095887 0.088623 0.012563 0.065223 0.118809
0.135443 0.095521 -0.106726 -0.260192 -0.274920 -0.210766 -0.185289 -0.189992 -0.199102 -0.245584
-0.247410 0.456216 0.412547 0.435839 0.531363 0.633493 0.539283 0.683679 0.504548 0.565574
0.506054 0.395614 0.330737 0.312617 0.250147 0.093030 0.160636 0.084917 0.015581 0.066057
0.110077 0.057342 0.117010 0.188809 0.293595 0.327959 0.379358 0.552036 0.707246 0.760184
0.910388 0.917289 0.772560 0.596908 0.617920 0.876400 0.742837 0.792487 0.809925 0.725427
0.643091 0.503607 0.534685 0.419656 0.322936 0.388301 0.697414 0.433755 0.350748 0.414605
0.346669 0.236085 0.157184 0.173064 0.154016 0.058330 0.087951 0.015467 -0.184315 0.226336
0.106481 -0.218280 0.194627 0.214475 0.240138 0.180208 0.203148 0.307047 0.354540 0.360626
0.362817 0.356859 0.155253 -0.044877 -0.236249 -0.260058 -0.200141 -0.196814 -0.204182 -0.266729
0.046343 0.603007 0.248822 0.234579 0.248816 0.270300 0.103179 0.078067 -0.018305 -0.027034
-0.029227 -0.024892 -0.064752 0.014235 -0.041520 -0.025278 0.076088 -0.019143 -0.038013 -0.047904
-0.031718 -0.016801 0.074237 0.149301 0.187778 0.134702 0.193763 0.306874 0.389501 0.382291
0.593683 0.783911 0.778606 0.615444 0.699507 0.631345 0.522527 0.473968 0.513992 0.496976
0.508847 0.582064 0.660609 0.589155 0.351035 0.317574 0.578073 0.239464 0.322378 0.315816
0.125456 -0.027269 -0.042036 0.019787 0.026396 0.074932 0.218831 0.221018 -0.059186 0.318054
0.073369 -0.228851 0.217810 0.297199 0.289827 0.179064 0.194164 0.370137 0.475156 0.523840
0.525939 0.555806 0.417343 0.198616 0.027936 -0.205559 -0.278211 -0.269775 -0.274317 -0.232767
0.160683 0.415876 0.275436 0.276921 0.265820 0.246807 0.071140 -0.116017 -0.220141 -0.251649
-0.253303 -0.233322 -0.179646 -0.162158 -0.178122 -0.099732 0.016587 0.143853 0.044401 -0.020269
-0.003593 0.092731 0.152850 0.175909 0.165175 0.090407 0.129625 0.176508 0.199005 0.243252
0.537045 0.930392 0.900523 0.749095 0.617463 0.278832 0.203615 0.126253 0.304954 0.367799
0.493793 0.726359 0.751599 0.584410 0.326307 0.254754 0.209809 0.163209 0.333209 0.373211
0.203722 0.044257 0.060953 0.061301 -0.004763 0.070849 0.238425 0.138043 -0.112633 0.263520
0.318016 -0.035991 0.588176 0.370207 0.264816 0.268850 0.346251 0.411290 0.558616 0.515811
0.223820 0.105239 0.148186 0.098811 0.127253 0.194273 0.006134 -0.041965 -0.000696 0.172902
0.328569 0.277991 0.269685 0.337842 0.296020 0.258685 0.274909 0.094231 -0.156235 -0.155987
-0.140994 -0.020210 0.330061 0.515689 0.480270 0.596399 0.996373 1.218407 0.990137 0.699686
0.590011 0.675116 0.672618 0.579961 0.409018 0.274934 0.280901 0.238696 0.200643 0.313579
0.664027 1.110570 0.978415 0.905016 0.697551 0.359891 0.156428 0.083840 0.312907 0.432170
0.673273 0.899982 0.735288 0.494600 0.355664 0.336859 0.228402 0.203692 0.385592 0.434628
0.266166 0.106478 0.016931 0.064387 0.005938 0.027350 0.149299 0.174696 -0.055683 0.454079
0.610970 -0.108421 0.232158 0.110588 0.176681 0.240211 0.225317 0.197256 0.174397 0.042954
-0.096416 -0.040855 0.049640 0.043218 0.162734 0.794547 0.632415 0.342750 0.332958 0.269981
0.186198 -0.043147 -0.033268 -0.064089 -0.101089 -0.027310 0.185126 -0.017356 -0.227775 -0.209766
-0.118404 0.248153 0.802143 1.065856 1.061421 1.168369 1.446561 1.482407 1.234608 0.918304
0.830156 0.890491 0.930676 0.650994 0.528311 0.453104 0.406234 0.317482 0.182641 0.289337
0.620907 1.049615 0.964651 0.882548 0.707478 0.396224 0.116375 0.090168 0.269756 0.480307
0.662567 0.711556 0.368958 0.206573 0.319780 0.476801 0.530812 0.299328 0.290581 0.403768
0.195147 0.032708 0.119856 0.257362 0.176518 0.120798 0.210285 0.125150 0.009329 0.702198
-0.114744 -0.199977 0.122549 0.027571 -0.072331 -0.051261 0.091414 -0.088169 -0.213963 -0.111532
0.036168 -0.042822 -0.099423 -0.023167 -0.134446 0.074098 0.515829 0.322394 0.169236 0.252378
0.273411 0.037025 0.050728 0.047129 0.040728 0.177938 0.439913 0.241328 -0.016350 -0.050539
0.103211 0.454962 0.485919 0.512987 0.418968 0.492730 0.623962 0.731938 0.662159 0.596730
0.587080 0.588015 0.702768 0.435705 0.493844 0.488642 0.462679 0.513990 0.371046 0.446442
0.652382 0.758190 0.555167 0.546384 0.688771 0.567780 0.401741 0.475962 0.591566 0.688734
0.791016 0.690131 0.333829 0.195461 0.148243 0.390555 0.749153 0.458504 0.413009 0.552554
0.157925 0.082344 0.225835 0.394291 0.304150 0.154944 0.145342 0.095354 0.101007 0.883228
0.084743 -0.082411 1.161626 0.000952 0.071046 0.321049 0.357576 -0.165131 -0.223381 -0.177772
-0.055726 0.035106 0.202149 0.220928 -0.006039 -0.127435 0.125372 0.080471 0.152700 0.206255
0.314612 0.269164 0.313719 0.404943 0.308411 0.423850 0.701413 0.492978 0.237099 0.166808
0.278668 0.509454 0.300127 0.325917 0.017226 0.055459 0.172468 0.458557 0.793621 1.001628
0.994947 0.787076 0.856050 0.700565 0.647914 0.647798 0.659674 0.802401 0.710201 0.762659
0.858561 0.713794 0.598724 0.642512 0.805744 0.819621 0.694875 0.777300 0.783109 0.784960
0.904464 0.727293 0.287224 -0.003950 -0.100414 0.321346 0.875436 0.552310 0.481246 0.549534
0.184363 0.094691 0.087633 0.501522 0.488261 0.179414 0.154322 0.012291 -0.211056 0.327236
0.332714 -0.107936 0.352419 0.315552 0.559472 0.477733 0.347185 -0.176814 -0.244556 -0.214237
-0.159278 0.030214 -0.114946 -0.240064 -0.243703 -0.270621 -0.232798 0.039140 0.233360 0.145424
0.330504 0.328535 0.307884 0.216689 0.140311 0.157898 0.373295 0.373100 0.309366 0.208889
0.065935 -0.035226 -0.061979 -0.017720 -0.091995 -0.036899 -0.061217 0.030561 0.451149 0.779662
0.824994 0.657141 0.690143 0.640086 0.597635 0.668661 0.672525 0.708073 0.609827 0.617961
0.582575 0.464712 0.421281 0.467523 0.840063 0.894093 0.790171 0.933633 0.797970 0.709690
0.779902 0.612436 0.069130 -0.175239 -0.233129 -0.031362 0.420606 0.252518 0.095248 0.291260
0.236361 0.033317 -0.022186 0.006303 0.044556 0.090691 0.347616 0.385608 -0.087411 0.259898
0.483406 0.017684 -0.014461 0.199132 0.019007 -0.063517 0.094577 -0.232475 -0.102253 0.015656
0.112045 0.160078 -0.103675 -0.216663 -0.020166 0.002121 -0.207023 -0.098937 0.067056 0.224366
0.522524 0.344003 0.192492 0.072386 0.004156 -0.091673 0.047654 0.140629 0.209862 0.205273
-0.059796 -0.247056 -0.275017 -0.278306 -0.277342 -0.278381 -0.272396 -0.269100 -0.272707 -0.276267
-0.248264 -0.148588 -0.005270 0.223874 0.478935 0.699286 0.564794 0.462405 0.307384 0.214297
0.201216 0.176929 0.019272 0.277478 0.886324 0.922650 0.916595 1.078991 0.932186 0.900102
0.914202 0.569056 0.030787 -0.257969 -0.277309 -0.278362 -0.274161 -0.273844 -0.258672 0.048081
0.071415 -0.062425 -0.105340 -0.210620 -0.238780 -0.026531 0.244490 0.226552 -0.095122 0.129447
0.281625 -0.115052 -0.141307 -0.070135 -0.119839 -0.063971 -0.154593 0.018386 -0.129748 -0.115499
-0.076015 -0.010033 -0.037451 -0.109583 0.065601 -0.016716 -0.251693 -0.206719 0.015324 0.149251
0.320045 0.178910 0.198271 0.249569 0.150461 0.044445 0.169306 0.308248 0.457495 0.606314
0.365035 0.002624 -0.147462 -0.218542 -0.218400 -0.221903 -0.267775 -0.278342 -0.270790 -0.275876
-0.190653 -0.049161 0.083703 0.269175 0.576925 0.795230 0.785002 0.845602 0.712483 0.640856
0.618313 0.283655 0.013099 0.396337 0.858088 0.885618 1.096984 1.293117 1.116663 0.825071
0.701226 0.540797 0.263232 -0.153955 -0.259789 -0.270549 -0.269912 -0.268687 -0.239883 0.015359
-0.031323 -0.103599 -0.141748 -0.179451 -0.210527 -0.078127 0.070938 0.141908 0.000292 0.360381
0.081984 -0.151447 -0.179903 -0.127760 -0.095182 -0.098862 -0.213292 -0.129455 -0.111022 -0.013723
-0.141983 -0.104412 0.163168 0.066289 -0.016739 0.097850 -0.143159 -0.222044 -0.192176 -0.006673
0.092454 0.142005 0.201777 0.338805 0.281168 0.210420 0.285486 0.525598 0.683269 0.931623
0.928643 0.524612 0.214993 0.199135 0.407487 0.354948 0.310425 0.152006 -0.112056 -0.101145
0.203543 0.288496 0.291561 0.536325 0.801606 0.945254 1.044734 1.252245 1.117941 1.054170
0.821467 0.390277 0.264158 0.523700 0.867747 1.080367 1.565587 1.814233 1.403101 1.018263
0.918486 0.654149 0.477437 0.202698 -0.008597 -0.087612 -0.095552 -0.157389 -0.146500 0.097935
-0.048518 -0.092418 -0.090665 -0.157234 -0.154439 -0.118548 -0.157438 -0.028907 -0.002739 0.514620
0.108621 -0.235373 -0.209271 -0.099117 -0.019718 -0.205067 -0.212395 -0.183924 -0.085681 -0.159507
-0.175069 -0.221344 -0.191713 -0.037133 -0.109279 0.183436 0.141035 0.075381 -0.225267 -0.247584
-0.228867 0.030860 0.249910 0.275279 0.230284 0.134331 0.235555 0.326041 0.268542 0.299143
0.423006 0.165955 -0.007615 0.090658 0.345058 0.390740 0.334015 0.148715 0.012868 0.007651
0.144898 0.160003 0.142379 0.264002 0.295422 0.343212 0.326925 0.508168 0.418348 0.461820
0.303191 0.048966 -0.043201 -0.023773 0.205031 0.570842 1.142740 1.247119 1.109321 0.894968
0.816014 0.661983 0.462732 0.380350 0.406995 0.383045 0.205065 0.063937 -0.000621 0.256162
-0.034008 -0.137653 -0.162038 -0.214283 -0.105058 -0.119067 -0.091769 0.201612 0.135256 0.705916
0.155185 -0.200330 -0.199816 -0.156168 -0.083005 -0.089394 -0.170783 -0.167817 -0.188753 -0.183073
-0.161254 -0.178818 -0.160153 0.009411 -0.013365 -0.058357 -0.085605 0.114658 -0.174919 -0.174827
-0.219055 -0.016905 -0.085704 0.020614 0.097150 0.315940 0.478819 0.350228 0.145128 -0.025855
-0.139415 -0.235033 -0.274395 -0.275879 -0.227871 -0.176180 -0.221741 -0.252677 -0.238584 -0.258524
-0.259014 -0.274259 -0.272553 -0.253783 -0.242173 -0.220330 -0.228877 -0.212419 -0.260540 -0.277110
-0.278383 -0.271244 -0.243005 -0.232945 -0.259455 -0.277425 -0.261457 -0.221950 -0.204219 -0.148439
-0.138229 -0.205597 -0.273509 -0.278380 -0.278464 -0.271093 -0.243304 -0.224443 -0.170806 0.040297
-0.099817 -0.122342 -0.141240 -0.112226 -0.183779 -0.164935 -0.033686 -0.102920 -0.086396 0.702398
0.367968 -0.081999 -0.092263 -0.039831 0.055900 -0.040022 -0.077583 -0.173614 -0.126824 -0.032104
-0.111380 -0.062260 -0.133794 -0.258660 -0.129823 -0.030049 -0.108281 0.035018 -0.038168 -0.164799
-0.202981 -0.161040 0.007272 0.134516 0.208078 0.257094 0.253899 0.175754 0.167094 0.156810
0.115194 -0.017592 -0.194686 -0.223709 -0.172282 -0.141812 -0.170011 -0.185789 -0.211383 -0.256530
-0.259772 -0.275934 -0.277905 -0.277535 -0.269645 -0.222446 -0.154132 -0.210539 -0.265761 -0.276789
-0.278360 -0.274375 -0.246851 -0.246042 -0.259070 -0.271941 -0.275619 -0.260877 -0.252944 -0.195061
-0.152670 -0.190369 -0.245561 -0.265347 -0.277110 -0.276876 -0.268579 -0.238410 -0.175903 -0.107972
-0.176970 -0.183205 -0.199082 -0.156105 -0.238869 -0.115005 0.203570 -0.060153 -0.174741 0.213186
0.225123 -0.032373 0.111896 0.051503 0.022017 -0.011852 -0.043920 -0.066049 -0.168969 0.053608
-0.188880 -0.061041 -0.204278 -0.222959 -0.168871 -0.195584 -0.046534 -0.134179 0.049521 -0.146762
-0.046074 -0.186527 -0.119556 -0.059043 0.023127 0.040411 0.050629 0.039068 0.229935 0.521005
0.600461 0.228383 -0.015948 -0.081712 -0.131310 -0.091090 -0.079283 -0.110843 -0.194931 -0.201963
-0.172942 -0.216027 -0.245638 -0.261115 -0.242814 -0.175254 -0.104147 -0.160502 -0.179218 -0.237094
-0.223059 -0.250380 -0.271677 -0.276658 -0.277188 -0.273241 -0.251820 -0.233603 -0.220067 -0.166941
-0.141691 -0.202609 -0.210718 -0.227125 -0.277086 -0.264283 -0.263954 -0.247620 -0.190115 -0.175532
-0.064831 -0.032961 -0.098855 -0.110724 -0.178176 -0.045058 0.037376 0.024082 -0.273557 -0.053011
0.321558 0.024847 -0.033883 -0.129758 -0.138014 -0.082068 -0.117656 -0.172502 -0.156802 -0.207633
-0.059556 -0.164327 -0.098610 -0.095506 -0.211342 -0.225530 0.001165 -0.148424 -0.021681 -0.005979
-0.121138 -0.131611 0.028127 0.046563 0.125881 0.163443 0.218528 0.099745 0.071766 0.139344
0.458274 0.290100 0.201967 0.271143 0.192945 0.287712 0.298620 0.116031 -0.019174 0.019749
0.032363 -0.007703 -0.105714 -0.154875 -0.088297 0.014016 -0.019998 -0.004656 -0.017919 -0.077518
-0.088689 -0.144034 -0.181675 -0.188990 -0.186657 -0.153425 -0.110613 -0.090362 -0.084814 -0.081803
-0.087466 -0.107713 -0.062701 -0.017875 -0.142945 -0.093054 -0.152633 -0.219099 0.069707 0.068917
0.149336 0.064859 -0.004792 -0.185450 -0.159971 -0.058981 0.057052 0.099992 -0.079431 0.090735
0.203370 -0.210827 -0.185022 -0.184487 -0.182970 -0.209674 -0.146261 -0.182786 0.044504 -0.024144
-0.028120 -0.048164 -0.200363 -0.193139 -0.104293 -0.111954 -0.214108 -0.143510 0.147185 0.164755
-0.053273 -0.139313 -0.146345 -0.129726 0.024099 0.141611 0.145335 -0.104480 -0.256617 -0.276806
-0.235776 -0.189775 -0.106146 0.042167 0.042148 0.061037 0.153284 0.067807 -0.000815 0.024210
0.035958 0.021609 -0.004753 -0.013288 0.047053 0.012029 -0.092504 -0.133047 -0.135425 -0.148869
-0.131612 -0.179004 -0.161804 -0.095934 -0.072032 -0.089043 -0.117150 -0.101140 -0.150631 -0.140516
-0.083034 -0.090111 0.087719 0.267013 0.248549 0.246529 0.114750 -0.200107 -0.133636 -0.020712
-0.214514 -0.117660 -0.021895 -0.157382 -0.005424 0.061117 -0.023747 0.043007 0.044298 0.449886
0.009197 -0.111190 -0.090146 -0.094123 -0.154348 -0.190136 -0.177570 -0.256773 -0.255166 -0.276780
-0.271219 -0.271037 -0.169667 -0.096615 -0.075296 -0.054751 -0.175582 0.269789 0.293966 0.138154
-0.076833 -0.135168 -0.130328 0.029730 0.209266 0.348085 0.371750 0.087224 -0.169648 -0.226125
-0.210848 -0.166996 0.083427 0.134624 -0.004200 -0.063131 -0.128731 -0.156894 -0.142456 -0.104526
-0.064060 -0.085012 -0.067173 -0.030190 -0.003542 0.002594 0.039250 0.102662 0.119606 0.016577
-0.074862 -0.108941 -0.128175 -0.094593 -0.078935 -0.112025 -0.101254 -0.064287 -0.090754 -0.117883
-0.065350 -0.092815 -0.006587 0.309088 0.665384 0.417653 0.084786 -0.072458 0.182053 0.197796
-0.154814 -0.159168 -0.209336 0.024024 0.049014 0.335486 -0.202939 0.314265 0.175219 0.464040
0.001964 -0.110011 -0.123959 0.010859 0.004407 -0.070798 0.015007 -0.039479 -0.141866 -0.230607
-0.153550 -0.181173 -0.218279 -0.207079 -0.186120 -0.186096 -0.061215 0.189762 -0.165972 -0.044881
-0.198141 -0.180521 -0.088067 0.108891 0.101993 0.231888 0.277046 0.035833 -0.052914 -0.099012
-0.100437 -0.108846 0.047711 0.086271 -0.148418 -0.264751 -0.255500 -0.143805 -0.091598 -0.110640
-0.129364 -0.130379 -0.132077 -0.064608 0.037279 0.048721 0.161053 0.087867 -0.107673 -0.103113
-0.087458 -0.076085 -0.134467 -0.132763 -0.122276 -0.088025 -0.071893 0.033906 0.065991 0.143369
0.219646 0.117975 -0.067098 -0.177959 -0.023030 -0.145647 -0.229927 -0.171090 -0.011473 0.140575
0.352275 -0.090152 -0.196764 -0.233329 -0.160950 -0.274120 -0.277025 -0.278293 -0.228986 0.640237
0.138256 -0.196344 -0.202006 0.038617 0.013928 -0.103164 -0.009019 -0.061178 -0.202153 -0.218751
-0.229721 -0.207211 -0.107326 -0.197381 -0.150208 -0.195162 -0.149712 -0.254941 -0.242325 -0.167885
-0.165163 -0.127610 -0.039455 -0.009598 0.055279 0.143697 0.093950 0.047465 0.063550 -0.025269
-0.064153 -0.159052 -0.141230 -0.138452 -0.094005 -0.169711 -0.010187 0.049208 -0.017394 -0.021626
0.007685 0.105581 0.112965 0.067815 0.090255 -0.117297 -0.179386 -0.249656 -0.249914 -0.110861
-0.024777 -0.029168 -0.047337 -0.047859 -0.064621 -0.110862 -0.119838 -0.096424 -0.201197 -0.192657
-0.079744 0.013925 -0.026056 -0.224596 -0.246047 -0.236516 -0.153717 -0.254128 -0.266167 -0.067194
0.327233 -0.229052 -0.120562 -0.138745 -0.165824 -0.265844 -0.199316 -0.276518 -0.174616 1.175905
0.337407 -0.163510 -0.066379 0.019079 0.067923 -0.005987 0.054853 -0.006827 -0.140958 -0.109857
-0.127535 -0.123293 -0.107987 -0.213467 -0.158657 -0.181101 -0.267370 -0.213089 -0.160839 -0.063444
0.067524 0.061659 -0.072770 -0.000823 0.120576 0.231336 0.086823 0.086865 0.052006 -0.107540
-0.184235 -0.196531 -0.237053 -0.238796 -0.263008 -0.186187 0.493243 -0.018569 0.006127 0.088761
0.102635 0.112154 0.015918 -0.005405 -0.054848 -0.235557 -0.227208 -0.197718 -0.178612 -0.030295
0.035052 -0.010151 -0.105511 -0.057490 -0.067639 -0.074650 -0.104670 -0.258624 -0.277372 -0.271586
-0.077668 -0.070832 -0.153365 -0.128599 -0.255183 -0.138798 0.048114 0.013279 -0.231462 0.056890
-0.208820 -0.165071 0.483193 0.121536 -0.215357 -0.257352 -0.144296 -0.253147 -0.246273 0.200842
0.240397 -0.166561 -0.070210 -0.196969 -0.153312 -0.169972 -0.113134 -0.026401 -0.036051 -0.070942
0.087946 -0.059770 0.079749 -0.153469 -0.041944 -0.198211 -0.196710 -0.270810 -0.254144 -0.238043
-0.138183 -0.127579 -0.204759 -0.056391 -0.036781 -0.006170 -0.148988 -0.135139 -0.145716 -0.178843
-0.160259 -0.112960 -0.169720 -0.211549 -0.276766 -0.273809 -0.251640 -0.197928 -0.251576 -0.049187
-0.006183 -0.240144 -0.185153 -0.027843 -0.104304 -0.205353 -0.008327 0.243022 -0.065892 0.283014
0.248118 -0.065823 -0.063650 -0.066395 -0.085372 -0.172446 -0.253847 -0.271266 -0.254953 -0.181167
-0.074152 -0.198374 -0.109366 -0.156210 -0.148965 -0.135358 -0.040806 -0.123558 -0.154504 -0.228706
-0.276115 -0.197616 -0.052359 -0.058542 -0.217650 -0.204890 0.072439 -0.066388 -0.138882 -0.023286
0.148784 -0.190717 -0.095299 -0.162787 -0.199571 -0.213827 -0.122980 -0.128512 -0.155444 -0.176123
-0.192049 -0.168133 -0.107884 -0.072405 0.110489 -0.092921 -0.183860 -0.149422 -0.125911 0.095381
-0.101198 -0.069869 -0.203153 -0.122590 -0.157197 0.007765 -0.059471 -0.071904 -0.058237 -0.052870
0.093871 0.071816 -0.047227 -0.100236 -0.176360 -0.211033 -0.278315 -0.111716 -0.033958 -0.111817
-0.211792 -0.273327 -0.203699 -0.165888 -0.226827 -0.194298 -0.110318 0.023671 -0.237313 -0.076120
-0.125180 -0.140337 0.014321 -0.039970 0.016212 -0.111579 -0.262051 -0.229407 -0.054075 0.086818
0.275915 -0.062449 -0.093765 -0.148189 -0.126504 -0.054521 0.020604 -0.030576 0.298174 0.085515
-0.172551 -0.014466 -0.222773 -0.156967 -0.073563 0.001187 0.105368 0.258373 -0.029768 0.089624
0.097224 -0.203475 -0.170073 -0.103185 -0.139685 -0.202359 -0.119672 -0.148289 -0.142387 -0.137891
-0.175970 -0.173027 -0.188548 -0.040669 0.029094 -0.090325 -0.164744 -0.250811 -0.249821 -0.142208
-0.227821 -0.159045 -0.142299 -0.065203 -0.040471 0.070869 -0.089137 -0.212235 -0.133244 0.038227
0.390953 0.215407 0.048868 -0.115718 -0.066725 -0.072037 -0.275273 -0.248104 -0.121179 -0.066965
-0.115071 -0.238731 -0.198180 -0.272627 -0.259935 -0.165656 -0.202938 -0.167798 -0.067059 -0.182322
-0.094516 -0.112598 0.056611 -0.031652 -0.075056 0.064923 -0.250178 -0.202980 -0.169538 -0.138898
-0.220396 -0.095211 -0.062026 -0.109464 -0.147672 -0.126025 -0.202657 -0.192353 -0.113654 -0.079436
-0.206054 -0.193170 -0.225449 -0.221166 -0.109023 -0.055654 -0.127893 0.010328 -0.151879 0.152462
0.143052 -0.060043 -0.172195 -0.092152 0.007205 -0.028992 0.025178 -0.035257 0.009394 0.004382
0.036523 -0.034414 -0.138000 0.017175 0.028676 0.052480 -0.126978 0.035816 0.072144 -0.067271
-0.206244 0.155997 -0.068016 -0.130382 -0.027924 -0.009446 -0.177051 -0.186619 -0.063587 0.049405
-0.077438 -0.132881 -0.263878 -0.166228 -0.203178 0.349019 0.169991 -0.135463 -0.041874 -0.005321
-0.052685 -0.029003 -0.090395 -0.137543 -0.080815 -0.127548 0.113420 -0.083214 -0.108600 -0.129101
-0.240285 -0.175438 -0.127697 0.195523 0.015067 -0.097765 -0.111057 -0.066788 -0.126841 -0.033421
-0.224607 -0.042328 0.067828 0.023371 0.048433 0.020595 -0.106729 -0.072051 -0.064230 -0.097237
-0.087895 -0.238116 -0.039819 -0.064172 -0.059428 -0.015569 -0.100681 0.027778 0.003592 0.231403
0.296986 -0.036965 0.004786 0.018231 -0.091974 -0.147597 -0.166495 -0.218134 -0.203728 -0.208993
-0.141579 -0.079920 -0.127464 -0.122197 -0.193580 -0.100480 -0.150266 0.087564 -0.159930 -0.223307
-0.258620 -0.241837 -0.215631 -0.232740 -0.226604 -0.145146 0.033585 0.070434 -0.223320 -0.206341
-0.131570 0.067237 -0.234853 -0.142001 0.037446 0.130429 0.163574 -0.175996 0.056802 0.139126
-0.043459 0.061070 -0.149156 -0.138115 -0.149441 -0.135667 -0.011017 -0.075116 0.253994 0.431162
-0.146666 -0.227010 0.166907 0.041921 -0.121115 -0.244092 -0.093101 -0.115635 -0.138419 -0.191927
-0.270482 -0.230326 -0.144042 -0.173018 -0.177340 -0.107250 -0.075700 -0.126137 -0.136472 -0.180196
-0.155635 -0.115199 -0.111701 -0.084701 0.000676 -0.058342 -0.086214 0.124976 0.106805 0.209363
0.279743 -0.057759 0.397999 0.416338 -0.085857 -0.076260 -0.197229 -0.239413 -0.201003 -0.199521
-0.183667 -0.032419 0.051734 0.175494 -0.051983 -0.191732 -0.176952 -0.244360 -0.187641 -0.174536
-0.083924 -0.257509 -0.113390 0.448469 0.117859 0.079289 0.115790 -0.070385 0.026995 0.015198
0.080270 0.074289 -0.081438 -0.128925 0.502219 0.013774 -0.012652 -0.124724 0.023137 0.020590
0.072386 -0.041161 -0.070340 -0.014292 -0.042113 0.054505 -0.112066 -0.255907 -0.026741 0.068057
-0.166809 -0.204117 -0.100814 -0.192759 -0.096100 -0.202505 -0.155514 -0.058173 0.025940 -0.132960
-0.062571 -0.147122 0.093949 0.087975 0.246360 -0.058912 -0.218543 -0.027295 -0.144669 0.046958
0.164796 0.396832 0.042461 -0.031387 0.031433 -0.141285 -0.080194 0.086730 -0.066370 0.249254
0.315635 0.022962 0.268779 0.056400 -0.123332 -0.067520 -0.116505 -0.117670 -0.094396 -0.136123
-0.138168 -0.065476 0.136561 0.137541 -0.011791 -0.156856 -0.158022 -0.176392 -0.080418 -0.071091
-0.128673 -0.271131 -0.065668 0.287125 0.168056 -0.139329 -0.159324 -0.012668 0.095553 -0.202328
-0.261873 -0.108290 -0.064695 -0.117892 0.252784 -0.164505 0.025236 0.130598 -0.004864 0.043184
-0.020574 0.092085 -0.035043 0.106884 0.098589 0.214847 -0.231092 -0.227590 -0.007782 -0.036957
0.207344 0.236581 0.038433 -0.082611 -0.063036 -0.127294 -0.219665 -0.132839 -0.131413 -0.148416
-0.040063 -0.216973 -0.231115 -0.222337 -0.253888 -0.260603 -0.054305 0.058886 -0.104848 0.054592
0.170937 0.514655 0.078304 -0.046921 -0.114848 -0.078815 0.085879 -0.024406 -0.001628 0.384641
0.624968 0.399338 0.420242 -0.101166 -0.143730 0.038828 -0.022275 0.145748 0.058580 0.111814
0.145612 0.068216 0.052533 0.015717 -0.002698 0.033610 -0.136114 -0.094817 -0.093004 -0.131638
-0.148340 -0.151876 -0.060727 -0.149276 -0.129666 -0.122043 -0.058972 -0.111318 -0.163091 -0.257392
-0.277455 -0.223355 -0.138465 -0.076799 0.020254 -0.225489 -0.123501 -0.150688 -0.189096 -0.055637
-0.081494 0.007757 0.010144 -0.135398 0.244122 -0.075257 -0.132855 -0.232821 -0.212847 -0.189381
-0.098646 -0.031936 0.094538 0.001442 -0.106644 0.029064 -0.094769 0.030344 -0.100362 0.037547
-0.018530 0.014571 -0.037915 -0.220458 -0.142708 0.051963 0.215955 0.123083 -0.104390 -0.054234
0.032590 0.078850 0.065312 -0.039019 -0.000632 0.118028 0.194299 0.051521 -0.009573 0.243016
0.472196 0.290143 0.008732 -0.134728 -0.190660 0.037712 0.120491 0.130855 0.096227 0.151220
0.197091 0.060950 -0.028968 -0.088133 -0.070105 -0.036895 -0.121879 -0.011775 -0.012058 -0.001467
0.134386 0.083988 0.107195 -0.086158 -0.134094 -0.074228 0.068759 -0.011256 -0.123504 -0.171710
-0.203198 -0.250073 -0.207627 -0.207582 -0.247855 -0.265627 -0.264335 -0.231388 -0.133503 -0.116883
-0.061652 0.248647 0.511213 0.117773 -0.095467 -0.119805 -0.086877 -0.036337 -0.153654 -0.166037
-0.162419 -0.256788 -0.132477 0.269303 -0.188645 -0.026733 -0.177468 0.060669 -0.008783 0.047871
0.095840 0.251280 -0.035824 -0.198993 -0.075904 0.050929 0.140613 -0.072124 -0.018847 0.012022
0.039970 0.051901 0.079347 0.262055 0.134047 -0.039486 -0.001728 0.041668 -0.038342 0.243799
0.497527 -0.146841 -0.177152 -0.142552 -0.196606 0.138660 0.233682 0.065767 0.146690 0.271902
0.174322 -0.018166 -0.140112 -0.170591 -0.152890 -0.146066 -0.064000 0.182501 0.041948 0.088047
0.319083 0.269237 0.623783 0.378375 0.102814 -0.004026 0.095915 0.155765 -0.072628 -0.082747
0.006416 -0.083561 -0.031324 -0.175003 -0.163033 -0.174837 -0.186042 -0.139384 -0.123206 -0.065314
-0.037156 -0.115395 -0.208591 -0.149624 -0.187096 -0.036290 0.000492 0.089770 -0.127579 -0.136362
-0.217448 -0.250172 -0.221319 -0.192900 -0.121190 -0.161361 -0.123227 0.184749 0.117063 0.066119
0.085905 0.064588 -0.107840 -0.123198 0.034472 0.174069 0.100609 -0.179152 -0.130524 -0.186554
-0.123554 0.137989 0.057933 0.155955 0.268321 0.086526 -0.056219 -0.099526 0.080625 0.433742
0.829318 -0.112047 0.025900 0.205232 0.182640 0.598318 0.531712 0.016216 0.046109 -0.087135
-0.155054 -0.149184 -0.093582 -0.085409 -0.094688 -0.033917 0.128545 0.254152 0.109124 0.143567
0.251824 0.315151 0.829826 0.773130 0.263879 0.076063 -0.006867 0.014259 -0.142878 -0.135010
-0.011387 0.061100 -0.080798 0.032866 0.127584 -0.083651 -0.124994 -0.177557 -0.240969 -0.230564
-0.238733 -0.276557 -0.276963 -0.084247 -0.138202 0.091267 -0.009067 -0.004716 -0.005431 -0.216321
-0.248467 -0.150955 -0.195841 -0.261061 -0.124987 -0.126490 0.000265 -0.043557 0.028483 0.097368
0.266345 0.377243 0.027634 -0.110565 -0.110341 0.019337 -0.073121 -0.067048 -0.048327 -0.162379
0.171150 0.661956 0.327514 0.444592 0.521011 0.464220 -0.003459 -0.073852 0.066270 0.448968
0.232600 -0.139877 -0.045476 0.309760 0.475004 1.418660 0.945571 0.263029 0.383187 0.168203
-0.093065 -0.002559 0.086311 -0.005860 0.008133 0.108168 0.051399 0.085904 0.201784 0.203552
0.135652 0.187389 0.005436 0.021992 -0.010707 0.001665 -0.119474 -0.167540 -0.156495 -0.091579
0.021941 0.218423 -0.048410 0.000472 -0.010364 0.057899 -0.033219 -0.042788 -0.152860 -0.100486
-0.159815 -0.207513 -0.263818 -0.180498 -0.218338 0.326816 -0.003645 0.222045 0.064337 -0.212623
-0.039937 0.126877 0.035131 -0.092676 0.124481 0.078222 -0.093934 -0.176612 -0.068385 -0.047541
0.163760 0.067858 -0.149462 -0.121867 0.174357 0.377968 0.347823 0.726215 0.379028 0.006471
0.355176 0.368861 0.146242 0.359289 0.687101 0.532817 0.241176 0.039332 -0.065025 0.749864
0.198835 0.098088 0.366668 0.574294 0.029159 0.062836 0.085276 -0.019259 0.465740 0.061943
-0.126173 0.011591 0.235583 0.215500 0.256070 0.256712 0.201958 0.363963 0.429966 0.291063
0.136230 0.095979 -0.141533 -0.129379 -0.116952 -0.099244 -0.156231 -0.168865 -0.107549 -0.088209
-0.063904 -0.088628 -0.083244 -0.013287 -0.073579 0.039638 0.098552 0.094549 0.007267 -0.020101
-0.076591 -0.092597 -0.181511 -0.163589 -0.058612 -0.036562 -0.041339 0.152915 0.239332 0.035031
0.180178 0.276364 0.098783 0.188664 0.263972 0.054452 -0.116294 -0.145019 0.033661 0.069506
0.115024 0.056843 0.126792 0.268536 0.641768 0.515260 0.340297 0.410264 0.334574 -0.029217
0.160715 0.382519 0.153930 0.411290 0.501355 0.259306 0.291494 -0.061532 -0.225016 0.359598
0.259931 0.115377 0.686661 0.679552 0.061876 -0.242733 -0.168669 0.929506 0.125352 0.153401
-0.005888 0.046020 0.021767 0.100875 0.222333 0.301286 0.279736 0.431560 0.251037 0.177038
0.009284 0.006424 0.050051 -0.092762 -0.080416 -0.168784 -0.236742 -0.217200 -0.110635 -0.065893
0.016291 -0.003519 -0.057003 -0.099304 -0.109959 -0.081640 -0.056510 0.019635 -0.040661 -0.019708
-0.001275 -0.060624 -0.053095 -0.041895 0.127787 0.053087 -0.114059 0.028825 0.387694 0.282509
0.162951 0.015208 -0.156781 -0.206758 -0.163553 -0.000773 -0.031528 0.299845 0.495672 0.420645
0.353135 0.043123 -0.029849 -0.097360 0.201155 0.433982 0.514108 0.422086 0.396121 0.357491
0.422670 0.244251 -0.185587 0.087725 0.455782 0.295091 0.435908 0.042522 -0.131070 0.296811
0.241695 0.175156 0.602296 0.584373 0.050947 -0.197942 -0.242244 -0.001642 -0.006846 0.096608
0.207459 0.329775 0.118072 0.210754 0.212059 0.015294 -0.059783 -0.067947 -0.129774 0.067983
0.017486 0.028564 0.025185 -0.000596 0.094559 -0.123594 -0.124060 -0.030849 0.026558 0.029675
0.069098 0.151044 -0.042649 -0.010951 -0.010286 -0.099521 -0.116390 -0.020432 -0.026993 -0.038559
0.017760 0.064608 0.119173 0.136184 0.330705 0.379702 0.231876 0.056344 0.393692 0.782066
-0.010115 0.143552 -0.062362 -0.260800 -0.276604 -0.193391 0.191471 0.027460 0.028940 -0.011352
0.235431 -0.077946 -0.136576 -0.141496 -0.068459 -0.047331 -0.039098 -0.239224 -0.258512 0.097687
0.033698 0.087093 0.403438 0.555087 0.580996 0.265010 0.136280 0.207423 0.012587 0.322094
0.297113 0.051771 -0.004729 -0.055449 -0.098816 -0.083189 -0.105389 -0.130558 0.335479 0.690022
0.577324 0.541532 0.442270 0.434644 0.134515 0.121784 -0.034764 -0.214440 0.003127 0.054845
-0.012933 0.030904 0.068834 0.144080 0.227303 0.028412 0.094769 0.159240 0.132728 0.118586
0.102761 0.075168 0.048099 0.009418 0.008349 -0.060505 -0.111771 -0.100044 -0.082428 -0.066067
0.059622 0.146905 0.266725 0.374943 0.595490 0.420647 0.013203 0.290836 0.494733 0.399815
0.125559 0.201361 -0.223075 -0.264759 -0.258217 -0.142862 0.309172 -0.156050 -0.016347 0.218646
0.301103 0.413182 0.382981 0.130525 -0.163047 -0.269525 -0.264389 -0.145557 -0.126956 0.000066
-0.021755 0.352760 0.413041 0.221630 -0.073982 -0.178461 0.051291 0.010147 -0.098766 0.190494
0.505459 -0.141224 0.027546 -0.125523 0.023828 0.235790 -0.021224 -0.208317 0.140049 0.798974
0.651884 0.304362 0.452696 0.368020 0.139150 0.097164 -0.121591 -0.166886 0.067937 0.001835
0.013676 0.377212 0.395745 0.090813 0.206528 0.292685 0.317540 0.181219 0.361416 0.315261
0.190569 0.095099 0.139009 0.073687 0.073381 0.010991 0.038005 0.147916 -0.017092 0.015571
0.117193 0.151624 0.159221 0.077900 0.195198 0.023714 -0.091766 0.108426 -0.046970 -0.148492
0.129882 -0.221297 -0.208072 -0.092248 -0.209434 -0.036690 0.220409 0.069295 0.099480 0.571263
0.810488 0.233175 -0.178465 0.077700 0.203611 -0.016585 -0.123641 -0.072525 -0.188196 0.054607
0.088028 0.170831 0.251133 -0.021922 -0.077626 0.009745 0.161559 0.037844 0.005455 0.476766
0.516784 0.031988 0.087001 -0.069342 0.230117 0.585735 0.617068 0.277290 0.954024 1.141049
0.388180 0.199022 0.476609 0.443840 -0.049397 -0.137415 -0.125818 0.063058 0.130571 -0.012384
0.141724 0.474726 0.463946 0.181632 0.243794 0.320156 0.121991 -0.075918 0.126171 0.136165
0.119684 0.051549 0.009981 -0.043940 -0.085330 -0.095787 -0.039145 -0.077564 -0.113245 0.033547
0.355183 0.119844 -0.011213 -0.077009 0.040543 0.080034 0.154549 0.078447 -0.033910 0.156757
0.369582 -0.167510 -0.245760 -0.084527 -0.138589 -0.221545 -0.269632 -0.148378 -0.116556 -0.190019
-0.174911 -0.207098 -0.162224 0.201522 0.250211 0.044883 -0.152977 -0.271195 -0.235759 -0.263150
-0.191320 -0.043143 0.003412 -0.011798 0.022260 0.039080 0.115527 -0.047877 -0.160295 0.096661
0.391853 0.097226 0.130517 0.123053 0.351444 0.694046 0.835503 0.399467 0.614138 0.207861
0.056374 0.286120 0.606166 0.587595 0.153585 -0.177738 -0.274218 0.012428 0.161203 0.167095
0.295568 0.659569 0.548072 0.291832 0.314006 0.319773 0.033711 -0.139200 -0.230290 -0.139000
-0.153425 -0.127403 -0.064199 0.057772 -0.047134 0.068526 0.088653 -0.046296 0.302338 0.103116
0.081304 -0.003442 0.251542 0.281544 0.158211 0.293315 -0.023771 -0.241516 -0.228427 -0.086500
-0.060442 -0.018939 -0.035789 0.252001 0.021798 -0.236797 -0.278299 -0.080008 -0.092315 -0.183079
-0.257115 -0.087520 -0.166441 -0.155979 0.140570 0.248545 -0.016059 -0.115516 -0.001897 -0.066980
0.023792 0.212267 0.222271 0.454241 0.415498 0.481974 0.468124 0.298890 0.119511 0.220284
0.381943 0.083325 0.092811 0.080570 0.080700 0.137077 0.046004 -0.026406 -0.124882 -0.208433
-0.136537 0.068576 0.114261 0.063251 -0.065945 -0.228638 -0.269193 -0.131762 0.016022 -0.082221
0.004166 0.083253 -0.110892 -0.199656 -0.203375 -0.135227 -0.236353 -0.276454 -0.268005 -0.203524
-0.204905 -0.138299 -0.151980 -0.122868 -0.083609 -0.037944 0.093705 -0.125774 0.071237 -0.091594
-0.209582 0.046968 0.086554 -0.057238 -0.144468 -0.019161 -0.207651 -0.267891 -0.195758 -0.162665
-0.201837 -0.160538 -0.254831 -0.215294 -0.248928 -0.268467 -0.254415 -0.154857 -0.157662 -0.235213
-0.269518 -0.195745 -0.223056 -0.182047 -0.099103 -0.146507 -0.206251 -0.183681 -0.165418 -0.124626
-0.144429 -0.081315 -0.049220 0.050756 0.058151 0.047007 0.032768 -0.074288 -0.123823 0.086090
0.186912 -0.205362 -0.139195 -0.124737 -0.190799 -0.199354 -0.215941 -0.173620 -0.232626 -0.222310
-0.219734 -0.204140 -0.172056 -0.164036 -0.178240 -0.201454 -0.261573 -0.224952 -0.192580 -0.189797
-0.170450 -0.181630 -0.240267 -0.245319 -0.249876 -0.222040 -0.216550 -0.214747 -0.184521 -0.166229
-0.150332 -0.171992 -0.161916 -0.142039 -0.037330 -0.117818 -0.117632 -0.112714 -0.114125 -0.157628
-0.165320 -0.118767 -0.182152 -0.179303 -0.182322 -0.194104 -0.220511 -0.246186 -0.233412 -0.239899
-0.234923 -0.226407 -0.247235 -0.253554 -0.234592 -0.237998 -0.188362 -0.194121 -0.190910 -0.192181
-0.242716 -0.228942 -0.229781 -0.208823 -0.202735 -0.236327 -0.246714 -0.235665 -0.198696 -0.205614
-0.199228 -0.199360 -0.195090 -0.204837 -0.189004 -0.192721 -0.191965 -0.169369 -0.165107 0.052726
-0.257684 -0.277756 -0.239748 -0.207207 -0.186348 -0.220769 -0.230007 -0.200102 -0.191081 -0.182888
-0.167607 -0.162696 -0.172843 -0.183397 -0.194000 -0.206746 -0.177859 -0.168827 -0.175190 -0.185160
-0.185939 -0.183633 -0.181393 -0.188166 -0.198261 -0.209955 -0.238162 -0.212617 -0.192119 -0.224827
-0.220871 -0.218344 -0.216651 -0.213318 -0.224501 -0.198121 -0.198643 -0.193476 -0.187738 -0.193900
-0.190849 -0.179272 -0.167983 -0.168189 -0.181418 -0.177991 -0.183263 -0.177760 -0.175039 -0.177246
-0.172735 -0.169625 -0.170819 -0.172816 -0.188929 -0.179434 -0.183070 -0.181533 -0.188436 -0.184217
-0.204861 -0.246701 -0.235980 -0.203021 -0.187944 -0.184845 -0.181703 -0.181823 -0.175471 -0.172333
-0.166214 -0.166545 -0.164800 -0.159287 -0.157686 -0.173329 -0.179901 -0.177730 -0.140090 -0.169891
-0.272974 -0.219426 -0.276119 -0.275696 -0.271578 -0.269016 -0.258211 -0.264742 -0.264697 -0.250710
-0.239000 -0.238076 -0.249926 -0.265130 -0.254247 -0.262020 -0.259465 -0.250802 -0.271223 -0.278258
-0.276274 -0.278237 -0.277916 -0.277814 -0.273066 -0.278345 -0.274633 -0.270667 -0.242946 -0.275070
-0.277775 -0.274946 -0.258998 -0.274515 -0.278208 -0.278335 -0.262991 -0.275202 -0.273393 -0.268566
-0.277526 -0.277948 -0.275062 -0.265739 -0.264032 -0.269715 -0.272442 -0.267066 -0.261862 -0.274139
-0.273402 -0.275974 -0.278145 -0.271349 -0.265748 -0.253395 -0.257104 -0.268207 -0.272966 -0.253428
-0.227290 -0.264525 -0.276554 -0.276088 -0.278011 -0.267180 -0.272533 -0.275381 -0.276996 -0.245131
-0.245073 -0.253003 -0.256835 -0.250570 -0.247333 -0.261512 -0.266797 -0.245196 -0.204925 -0.195787
-0.278294 -0.156157 -0.247231 -0.271393 -0.270426 -0.274541 -0.275453 -0.278336 -0.276148 -0.278353
-0.278357 -0.277899 -0.277301 -0.258523 -0.265361 -0.265697 -0.269472 -0.277529 -0.272391 -0.273584
-0.273134 -0.218880 -0.216900 -0.218119 -0.171735 -0.213685 -0.228830 -0.264565 -0.264850 -0.256518
-0.252913 -0.182386 -0.176942 -0.204522 -0.229471 -0.128234 -0.127568 -0.245568 -0.253923 -0.268829
-0.266545 -0.251638 -0.263220 -0.266547 -0.276893 -0.270338 -0.268227 -0.272840 -0.258730 -0.194866
-0.232957 -0.189916 -0.158482 -0.248076 -0.264410 -0.278442 -0.278444 -0.261336 -0.261235 -0.266559
-0.274253 -0.274734 -0.251469 -0.236544 -0.239651 -0.243530 -0.237582 -0.189017 -0.206257 -0.278399
-0.277283 -0.278456 -0.269510 -0.278033 -0.277313 -0.266513 -0.276468 -0.274243 -0.247160 -0.234661
-0.275376 -0.217429 -0.264044 -0.275491 -0.265877 -0.247788 -0.269033 -0.253272 -0.197528 -0.209516
-0.188616 -0.219471 -0.165748 0.105084 -0.039811 -0.128131 -0.175902 -0.177562 -0.205314 -0.234023
-0.134788 0.163652 0.116240 0.111958 0.183686 0.145518 -0.039830 -0.031605 -0.029383 -0.122655
-0.047117 0.156715 0.088964 0.018771 0.164994 0.409882 0.241821 -0.087333 -0.052698 0.026454
0.053821 0.124685 0.083038 -0.001558 -0.078388 -0.038734 0.198714 0.341444 0.369976 0.491293
0.336966 0.413145 0.258652 0.066229 -0.060852 -0.192651 -0.078009 0.445282 0.311772 0.239927
0.096990 -0.133673 0.014742 0.182633 0.123292 0.362530 0.454135 0.043403 0.184392 -0.125827
-0.220110 -0.102211 0.073644 -0.124896 -0.178336 -0.192988 -0.243953 -0.272417 -0.278456 -0.266706
-0.277635 -0.253665 -0.277564 -0.278030 -0.277318 -0.270627 -0.270713 -0.261829 -0.241815 -0.226350
-0.138514 -0.148252 -0.135855 0.093099 -0.041800 -0.163313 -0.198043 -0.178473 -0.211897 -0.205819
-0.068989 0.169771 0.309758 0.628524 0.541222 0.330885 0.246385 0.257169 0.234583 0.196842
0.159903 0.262921 0.314754 0.705610 0.810870 0.689478 0.483763 0.022857 0.025490 0.353538
0.257906 0.223607 0.116978 0.073323 0.191028 0.392233 0.335636 0.407480 0.635153 0.902445
0.888592 0.762914 0.482255 0.326760 0.073111 -0.021806 0.230889 0.955639 0.797857 0.523439
0.323172 0.063902 0.039531 0.229827 0.699170 1.038275 0.765015 0.148272 0.196428 -0.076407
-0.145536 0.042645 0.175466 -0.117568 -0.231686 -0.230818 -0.262127 -0.276595 -0.278218 -0.270846
-0.278317 -0.262741 -0.275557 -0.278264 -0.278061 -0.278452 -0.277932 -0.278073 -0.277648 -0.238604
-0.198205 -0.220466 -0.263022 -0.275640 -0.277530 -0.277909 -0.275869 -0.241303 -0.249068 -0.256507
-0.203908 -0.070263 0.123946 0.364866 0.290073 0.103633 -0.038076 0.014798 0.077049 0.073825
-0.025059 0.007961 -0.003655 0.023679 0.231408 0.161416 0.055591 0.054773 -0.100534 0.019297
-0.113928 -0.188082 -0.223905 -0.198149 -0.013385 0.268090 0.154942 -0.093670 0.040734 0.267205
0.351095 0.214341 0.041866 -0.014791 -0.139501 -0.187709 -0.167576 0.031546 0.070601 0.028284
-0.016490 -0.143798 -0.255088 -0.264222 -0.014715 0.479637 0.233285 -0.029052 -0.144976 -0.225336
-0.235585 -0.200929 -0.249110 -0.276018 -0.273753 -0.273503 -0.276363 -0.278032 -0.276906 -0.275353
-0.278451 -0.259823 -0.273710 -0.278454 -0.278446 -0.278290 -0.267238 -0.258496 -0.278396 -0.134949
-0.186784 -0.216409 -0.254914 -0.273555 -0.242577 -0.277214 -0.276086 -0.242401 -0.253474 -0.275815
-0.244921 0.030669 0.216542 0.099925 -0.057404 -0.148752 -0.117302 -0.068813 0.056536 0.133828
0.011785 -0.070399 0.036849 0.138407 0.170902 -0.010880 -0.052114 -0.110688 -0.162215 -0.195254
-0.241773 -0.262876 -0.251058 -0.207883 -0.147495 0.031084 0.035598 -0.137315 -0.159669 -0.026898
-0.035773 -0.095687 -0.127328 -0.218563 -0.240407 -0.234984 -0.257877 -0.254208 -0.249148 -0.258421
-0.227452 -0.242169 -0.275117 -0.240826 -0.269871 0.266315 -0.047248 -0.177363 -0.249065 -0.277164
-0.276762 -0.273507 -0.273702 -0.273362 -0.278203 -0.278276 -0.278076 -0.277409 -0.277085 -0.276930
-0.278328 -0.242951 -0.265200 -0.274646 -0.267521 -0.266901 -0.076891 0.120378 -0.099652 1.477163
0.595388 0.139939 0.023714 -0.123445 -0.070084 -0.150790 -0.207968 -0.167961 -0.219448 -0.264798
-0.244986 -0.178048 -0.174598 -0.263619 -0.272952 -0.258851 -0.195000 -0.162464 -0.151956 -0.030211
-0.016122 -0.129479 0.010261 0.525108 0.406810 0.035031 -0.091879 -0.220608 -0.232679 -0.267594
-0.264522 -0.192751 -0.147722 -0.111931 -0.129235 -0.088053 0.156530 0.127564 -0.221256 -0.273218
-0.237065 -0.245333 -0.252495 -0.252968 -0.268851 -0.277634 -0.277815 -0.274292 -0.266146 -0.259996
-0.274891 -0.277159 -0.269662 -0.198177 -0.241951 -0.250812 -0.261590 -0.261021 -0.275218 -0.274965
-0.278366 -0.275940 -0.275125 -0.277503 -0.277761 -0.272074 -0.275144 -0.276401 -0.275633 -0.277267
-0.276101 -0.191945 -0.249952 -0.272963 -0.264678 -0.250039 -0.168799 0.055767 0.064230 -0.050916
-0.074903 -0.032315 0.239296 0.237814 0.133675 0.068444 0.067284 0.096373 -0.037643 -0.125758
-0.057296 -0.173162 -0.206871 -0.274428 -0.273710 -0.235747 -0.118437 -0.167950 -0.137809 0.096837
0.147187 0.039950 0.062359 0.343150 0.274682 0.129876 -0.087867 -0.210601 -0.254837 -0.265041
-0.205868 0.073919 -0.032155 -0.082526 -0.083776 -0.176351 -0.105111 -0.101119 -0.215892 -0.276879
-0.259540 -0.258227 -0.254276 -0.255898 -0.274986 -0.277147 -0.270519 -0.269399 -0.278164 -0.271974
-0.265070 -0.274456 -0.271475 -0.245578 -0.260638 -0.259779 -0.250822 -0.273153 -0.272151 -0.278231
-0.278389 -0.277595 -0.278462 -0.278458 -0.276931 -0.268992 -0.272809 -0.277288 -0.275684 -0.278464
-0.274641 -0.221597 -0.262281 -0.276759 -0.276605 -0.272532 -0.278456 -0.278320 -0.222445 -0.273857
-0.251967 -0.276508 -0.247038 -0.094861 -0.035793 -0.014147 -0.044215 0.010480 0.131318 0.157756
0.051585 -0.158286 -0.254715 -0.276665 -0.276029 -0.142404 0.030532 -0.004073 0.069614 0.325342
0.378453 0.180412 0.158776 0.142030 0.107283 0.049440 -0.106226 -0.157950 -0.250146 -0.164708
-0.033671 0.114954 -0.072360 -0.177680 -0.188941 -0.254852 -0.264923 -0.207401 -0.186495 -0.253875
-0.277431 -0.276024 -0.278247 -0.277271 -0.273066 -0.263865 -0.268006 -0.219964 -0.254071 -0.277023
-0.275217 -0.277590 -0.278189 -0.249917 -0.266866 -0.193026 -0.193345 -0.266385 -0.272159 -0.278077
-0.276736 -0.278444 -0.278356 -0.278344 -0.278463 -0.260648 -0.267961 -0.278144 -0.277382 -0.276695
-0.277747 -0.244259 -0.274716 -0.278442 -0.277863 -0.273475 -0.278448 -0.260893 -0.277797 -0.232113
-0.253465 -0.277145 -0.257377 -0.140713 -0.074666 -0.097240 -0.148061 -0.150188 -0.040267 0.090114
-0.073852 -0.138335 -0.228516 -0.250678 -0.192375 -0.007365 0.108334 0.078807 0.275414 0.285069
0.095898 -0.032409 0.038836 0.108767 -0.033966 -0.125770 -0.118112 -0.190893 -0.268768 -0.103292
0.092609 -0.000044 -0.099378 -0.193560 -0.239248 -0.270446 -0.277511 -0.278443 -0.274312 -0.277020
-0.272640 -0.135457 -0.179925 -0.205721 -0.205889 -0.163320 -0.211752 -0.225899 -0.237382 -0.255364
-0.268552 -0.277410 -0.276152 -0.275600 -0.266734 -0.166814 -0.153957 -0.250815 -0.268416 -0.278178
-0.275786 -0.278450 -0.277939 -0.278447 -0.278465 -0.272207 -0.277084 -0.274284 -0.277388 -0.275753
-0.278231 -0.256486 -0.277470 -0.277267 -0.278205 -0.277708 -0.278444 -0.264590 -0.278367 -0.111161
-0.140224 -0.061632 0.009760 -0.108766 -0.213045 -0.266184 -0.277684 -0.278101 -0.278456 -0.257882
-0.244367 -0.163752 -0.193397 -0.266347 -0.173370 -0.081309 -0.221105 -0.276457 -0.277434 -0.265139
-0.251096 -0.200819 -0.162147 -0.176833 -0.187038 -0.244668 -0.271320 -0.271467 -0.271733 -0.264052
-0.112574 -0.142517 -0.227237 -0.262926 -0.278450 -0.272720 -0.258121 -0.248453 -0.262391 -0.274384
-0.249523 0.005313 -0.045055 0.176468 0.143594 0.113179 0.054309 -0.155240 -0.191757 -0.175968
-0.118398 -0.193532 -0.193215 -0.069261 -0.076995 -0.028264 -0.070168 -0.227590 -0.259222 -0.278445
-0.276888 -0.276924 -0.277004 -0.278448 -0.278124 -0.277149 -0.278409 -0.277191 -0.278266 -0.273349
-0.278456 -0.254195 -0.275240 -0.276321 -0.275922 -0.278464 -0.278315 -0.269988 -0.277899 0.023623
0.033171 -0.007504 -0.069458 -0.193503 -0.259168 -0.277588 -0.277299 -0.265400 -0.262233 -0.275833
-0.274691 -0.182500 -0.106024 -0.218532 -0.251508 -0.052589 -0.221760 -0.274691 -0.257855 -0.264126
-0.248459 -0.214462 -0.179982 -0.185971 -0.213366 -0.267012 -0.262396 -0.265605 -0.276900 -0.276581
-0.166501 -0.111187 -0.242219 -0.275541 -0.276740 -0.268190 -0.265249 -0.257901 -0.268695 -0.269628
-0.224091 -0.244580 -0.207687 0.155516 0.311340 0.200497 0.129369 -0.110226 -0.191234 -0.140501
-0.065240 -0.079726 -0.123897 -0.070822 0.009315 -0.053297 -0.134519 -0.236317 -0.258129 -0.277858
-0.278190 -0.274270 -0.275407 -0.278434 -0.278031 -0.277141 -0.278435 -0.277294 -0.278216 -0.275786
-0.278045 -0.261175 -0.278454 -0.270554 -0.274404 -0.272538 -0.256199 -0.273734 -0.040861 0.710078
0.288481 -0.197782 -0.266051 -0.278350 -0.278241 -0.277291 -0.277941 -0.276108 -0.278315 -0.278464
-0.248831 0.053756 0.151160 0.214127 -0.019102 0.083170 -0.133848 -0.250568 -0.278226 -0.277524
-0.273090 -0.270570 -0.278420 -0.278464 -0.262922 -0.160252 -0.234166 -0.260946 -0.256322 -0.271818
-0.265350 -0.014456 -0.208465 -0.277267 -0.274252 -0.278018 -0.278215 -0.277899 -0.276742 -0.168830
-0.207041 -0.271044 -0.277376 -0.226528 -0.130987 -0.105467 -0.161391 -0.244677 -0.265469 -0.246341
-0.253442 -0.222532 -0.249479 -0.274578 -0.200557 -0.142113 -0.129154 -0.183524 -0.224156 -0.278323
-0.276331 -0.278281 -0.278464 -0.278419 -0.277988 -0.258406 -0.265724 -0.278262 -0.275170 -0.278453
-0.278373 -0.259634 -0.278385 -0.276215 -0.275978 -0.198782 -0.150811 -0.202889 -0.022132 0.351729
0.111222 -0.242792 -0.276213 -0.274901 -0.275592 -0.277764 -0.278307 -0.278334 -0.237398 -0.259134
-0.232375 0.104011 0.040306 0.031433 0.107063 -0.173307 -0.238958 -0.262331 -0.274350 -0.276036
-0.276716 -0.260029 -0.207581 -0.148736 -0.184966 -0.104059 -0.157989 -0.226004 -0.184921 -0.277217
-0.277712 -0.181814 -0.231697 -0.277267 -0.262970 -0.243351 -0.227415 -0.274854 -0.255667 0.116863
0.086150 -0.215835 -0.232572 -0.179953 -0.172853 -0.196542 -0.213138 -0.254811 -0.274779 -0.277419
-0.278424 -0.252593 -0.246575 -0.277881 -0.217256 0.257340 -0.032649 -0.153266 -0.204940 -0.278414
-0.277127 -0.277864 -0.276194 -0.271606 -0.275861 -0.196231 -0.202749 -0.273524 -0.277867 -0.278330
-0.278447 -0.249489 -0.273089 -0.268741 0.063251 0.407498 0.158628 -0.142094 -0.271164 -0.258736
-0.262066 -0.271077 -0.277223 -0.270966 -0.272101 -0.278464 -0.276088 -0.274597 -0.267608 -0.278292
-0.254962 -0.265776 -0.256616 -0.241489 -0.267072 -0.254354 -0.258118 -0.268634 -0.277621 -0.276921
-0.274962 -0.255594 -0.229404 -0.234087 -0.277146 -0.265484 -0.260787 -0.265984 -0.271827 -0.278461
-0.261519 -0.275617 -0.278442 -0.238961 -0.276684 0.505644 0.206456 -0.248443 0.163175 1.448564
0.767238 0.395429 0.325963 0.205046 0.073622 -0.053866 -0.127871 -0.172788 -0.245135 -0.271237
-0.271992 -0.209537 -0.230867 -0.272644 -0.186384 0.913908 0.361711 -0.120572 -0.185714 -0.258109
-0.276445 -0.272116 -0.265972 -0.260337 -0.252277 -0.206671 -0.216274 -0.274313 -0.277873 -0.275355
-0.278461 -0.235875 -0.264848 -0.252325 -0.062463 -0.099633 -0.150815 -0.135977 -0.277490 -0.223063
-0.235921 -0.266975 -0.277236 -0.277449 -0.278256 -0.278435 -0.272564 -0.271948 -0.273983 -0.278448
-0.259212 -0.233641 -0.242165 -0.226376 -0.244396 -0.244479 -0.246305 -0.271160 -0.278068 -0.276558
-0.276894 -0.271491 -0.257549 -0.256713 -0.277738 -0.278314 -0.278344 -0.278318 -0.277985 -0.278294
-0.274941 -0.265355 -0.266382 -0.223685 -0.248759 1.211197 0.849667 0.183456 0.717450 1.432700
1.203560 1.023308 0.782152 0.459875 0.342695 0.121445 -0.106218 -0.151242 -0.239006 -0.267713
-0.262683 -0.212952 -0.273511 -0.260051 -0.233111 0.874527 0.472810 -0.164788 -0.175435 -0.251419
-0.278426 -0.271033 -0.245794 -0.184036 -0.197610 -0.224142 -0.269468 -0.277592 -0.271212 -0.273717
-0.278456 -0.238607 -0.269381 -0.278213 -0.275871 -0.278409 -0.272438 -0.278449 -0.276364 -0.267296
-0.267918 -0.274785 -0.264585 -0.270002 -0.268761 -0.278462 -0.274375 -0.260535 -0.254004 -0.269158
-0.276947 -0.276614 -0.269169 -0.277922 -0.273397 -0.262751 -0.277047 -0.277252 -0.277069 -0.278220
-0.277720 -0.278071 -0.277012 -0.277599 -0.274397 -0.273800 -0.263480 -0.269681 -0.276215 -0.276191
-0.278408 -0.277075 -0.269027 -0.257294 -0.249856 0.260454 0.497050 0.604806 0.628527 0.434884
0.463929 0.384915 0.356978 0.218532 0.054665 -0.012857 -0.109986 -0.214802 -0.273079 -0.270654
-0.272864 -0.242996 -0.277633 -0.224357 -0.277920 0.146393 -0.015215 -0.228893 -0.243246 -0.278228
-0.276786 -0.264814 -0.223658 -0.206568 -0.233798 -0.262624 -0.276255 -0.275786 -0.273356 -0.274686
-0.278362 -0.238375 -0.271145 -0.278366 -0.277229 -0.266075 -0.255009 -0.259244 -0.264500 -0.274539
-0.260210 -0.220031 -0.227708 -0.262254 -0.246893 -0.276613 -0.278391 -0.257897 -0.234747 -0.253563
-0.206259 -0.229164 -0.229662 -0.276887 -0.271562 -0.209022 -0.247624 -0.273892 -0.277837 -0.278406
-0.278278 -0.276383 -0.276325 -0.277647 -0.276973 -0.278276 -0.272429 -0.275406 -0.278216 -0.272643
-0.276008 -0.273747 -0.276713 -0.278437 -0.275709 -0.229231 0.193193 0.561776 0.340810 0.045154
0.014024 -0.026732 0.004772 -0.097554 -0.231965 -0.198825 -0.226175 -0.275552 -0.277139 -0.275356
-0.276464 -0.260732 -0.273245 -0.197573 -0.259175 -0.197802 -0.209568 -0.253753 -0.266993 -0.274438
-0.274156 -0.265121 -0.260488 -0.266314 -0.270620 -0.274560 -0.278216 -0.277939 -0.277856 -0.277687
-0.278290 -0.244156 -0.272445 -0.277992 -0.278464 -0.271362 -0.271242 -0.263108 -0.277218 0.133192
0.264312 0.057689 -0.141790 -0.249976 -0.259108 -0.260441 -0.273564 -0.230631 -0.217003 -0.215053
-0.256134 -0.245845 -0.275290 -0.277245 -0.278289 -0.261102 -0.277628 -0.275684 -0.276202 -0.277931
-0.277825 -0.277067 -0.277962 -0.276854 -0.276269 -0.267232 -0.273931 -0.276035 -0.275143 -0.278279
-0.278326 -0.277737 -0.278314 -0.268836 -0.262705 -0.250997 -0.242963 -0.195561 -0.130183 -0.124629
-0.122040 -0.139925 -0.167788 -0.139519 -0.122083 -0.232774 -0.246338 -0.242722 -0.268685 -0.278459
-0.278167 -0.273715 -0.266469 -0.173701 -0.204861 -0.271320 -0.277879 -0.278464 -0.277523 -0.269126
-0.269648 -0.277987 -0.278447 -0.276167 -0.278228 -0.278453 -0.277648 -0.278346 -0.277701 -0.278438
-0.278411 -0.261238 -0.276039 -0.278021 -0.276659 -0.273909 -0.273779 -0.265852 -0.252145 0.452884
0.543349 0.152286 -0.089068 -0.250845 -0.270298 -0.217457 -0.225278 -0.248945 -0.237758 -0.163453
-0.272545 -0.272610 -0.277404 -0.276393 -0.275414 -0.268816 -0.271222 -0.265793 -0.273033 -0.277783
-0.278090 -0.278393 -0.278056 -0.278297 -0.277770 -0.272950 -0.272841 -0.261255 -0.254702 -0.277535
-0.278417 -0.277732 -0.273951 -0.266205 -0.276821 -0.275691 -0.251780 -0.190813 -0.155898 -0.144199
-0.139073 -0.143255 -0.164507 -0.149469 -0.164158 -0.240029 -0.238182 -0.244934 -0.273836 -0.278408
-0.278464 -0.274601 -0.267070 -0.181962 -0.231960 -0.276451 -0.271790 -0.277984 -0.277803 -0.264903
-0.266569 -0.277497 -0.274105 -0.274842 -0.276260 -0.278099 -0.277697 -0.278253 -0.278155 -0.278449
-0.277510 -0.273584 -0.276965 -0.278445 -0.277515 -0.278271 -0.276578 -0.261148 -0.271319 -0.040276
-0.169684 -0.205819 -0.218442 -0.271696 -0.277855 -0.242413 -0.229640 -0.275540 -0.270067 -0.274154
-0.277721 -0.253171 -0.263079 -0.272740 -0.266694 -0.257599 -0.272944 -0.266197 -0.269560 -0.273154
-0.273016 -0.274852 -0.274526 -0.278464 -0.278031 -0.277475 -0.277907 -0.274764 -0.247678 -0.276513
-0.278298 -0.277777 -0.278232 -0.277999 -0.262057 -0.088281 -0.261324 -0.274218 -0.270455 -0.254748
-0.244771 -0.236853 -0.249748 -0.257746 -0.275246 -0.275371 -0.274396 -0.274543 -0.278449 -0.278422
-0.276705 -0.273710 -0.277155 -0.213645 -0.275291 -0.177078 -0.269975 -0.278396 -0.277886 -0.259232
-0.265720 -0.276112 -0.272354 -0.277141 -0.277411 -0.278234 -0.278459 -0.273095 -0.278367 -0.275482
-0.278446 -0.268020 -0.268162 -0.278465 -0.278402 -0.276602 -0.278040 -0.263414 -0.213023 0.516407
0.017306 -0.132947 -0.164531 -0.252259 -0.270154 -0.224393 -0.198906 -0.271431 -0.268166 -0.278196
-0.275127 -0.244268 -0.261905 -0.274054 -0.270932 -0.266956 -0.277836 -0.273024 -0.277815 -0.273144
-0.277965 -0.277136 -0.275760 -0.277974 -0.275367 -0.278013 -0.277525 -0.270058 -0.271891 -0.278462
-0.278205 -0.277981 -0.274667 -0.258915 -0.208191 -0.073176 -0.231535 -0.274159 -0.278352 -0.278455
-0.278009 -0.272296 -0.272875 -0.212344 -0.207102 -0.187976 -0.116677 -0.229596 -0.253940 -0.275258
-0.278339 -0.231315 -0.236750 -0.277071 -0.269033 -0.178153 -0.264793 -0.275466 -0.278070 -0.262158
-0.270643 -0.277905 -0.278247 -0.278286 -0.278429 -0.277951 -0.278209 -0.265010 -0.276122 -0.274320
-0.278315 -0.255382 -0.265715 -0.277616 -0.278433 -0.275179 -0.278464 -0.262790 -0.107425 1.075517
0.463824 -0.083702 -0.083142 -0.057107 -0.098588 -0.098933 -0.076628 -0.199453 -0.254965 -0.266723
-0.278446 -0.271896 -0.272451 -0.267971 -0.275049 -0.277979 -0.278300 -0.276625 -0.277350 -0.275426
-0.259308 -0.265046 -0.272217 -0.274855 -0.278425 -0.277192 -0.270742 -0.269054 -0.264309 -0.268495
-0.278008 -0.265497 -0.269128 -0.277535 -0.275964 -0.274606 -0.278055 -0.277797 -0.278368 -0.258292
-0.235268 -0.275265 -0.178685 0.219117 0.285302 0.283087 0.018010 -0.104169 -0.061307 -0.151162
-0.164384 0.077738 0.057570 -0.196664 -0.278465 -0.235075 -0.226923 -0.264508 -0.259311 -0.257049
-0.277878 -0.277207 -0.275941 -0.276572 -0.275667 -0.277997 -0.276159 -0.264087 -0.274936 -0.274425
-0.276643 -0.234213 -0.277329 -0.269512 -0.277120 -0.277168 -0.278423 -0.257224 -0.274859 0.499045
0.496628 0.190399 0.100699 0.110086 0.150562 0.003281 -0.092385 -0.132213 -0.228803 -0.267177
-0.277871 -0.270925 -0.268741 -0.265160 -0.276373 -0.277609 -0.277478 -0.275646 -0.275871 -0.239618
-0.192161 -0.262711 -0.230418 -0.234698 -0.278464 -0.274874 -0.275961 -0.268147 -0.273735 -0.278254
-0.278460 -0.278464 -0.278433 -0.275361 -0.273513 -0.272470 -0.269553 -0.276343 -0.276172 -0.216683
0.046236 -0.147806 -0.076860 0.269708 0.290347 0.305566 -0.001185 -0.011140 -0.020578 -0.034026
0.004705 0.253099 0.136096 -0.104490 -0.264257 -0.257411 -0.253281 -0.265983 -0.258313 -0.268461
-0.277172 -0.273422 -0.275701 -0.278448 -0.278092 -0.275427 -0.272766 -0.267844 -0.266074 -0.274726
-0.278071 -0.266730 -0.278464 -0.272169 -0.275946 -0.277701 -0.277711 -0.218089 -0.226400 -0.259496
-0.254868 -0.245583 -0.222181 -0.150623 -0.163628 -0.159415 -0.229528 -0.247760 -0.259834 -0.275702
-0.275014 -0.265247 -0.267801 -0.270695 -0.275564 -0.278464 -0.277063 -0.269322 -0.275352 -0.041157
1.102801 0.031445 -0.268813 -0.252407 -0.278443 -0.278434 -0.276995 -0.278177 -0.277907 -0.278132
-0.276895 -0.269925 -0.273867 -0.277271 -0.277427 -0.276777 -0.277081 -0.278262 -0.276931 -0.275339
-0.212390 -0.237276 -0.235688 -0.133427 -0.115201 -0.099692 -0.204065 -0.230954 -0.267331 -0.259783
-0.226418 -0.147898 -0.172423 -0.211313 -0.242789 -0.267304 -0.275177 -0.277861 -0.272699 -0.275178
-0.277952 -0.278458 -0.277721 -0.275235 -0.277887 -0.276744 -0.277751 -0.278167 -0.278340 -0.271237
-0.277828 -0.263328 -0.275099 -0.273989 -0.276926 -0.276158 -0.278393 -0.232010 -0.253346 -0.250826
-0.267046 -0.277050 -0.272609 -0.272826 -0.278330 -0.258326 -0.273318 -0.270944 -0.276464 -0.269495
-0.274462 -0.273662 -0.270373 -0.274050 -0.278163 -0.278012 -0.272341 -0.195901 -0.268160 -0.025568
1.244633 -0.176570 -0.162485 -0.278381 -0.277098 -0.278183 -0.278454 -0.278047 -0.275967 -0.276279
-0.273562 -0.268318 -0.275134 -0.278076 -0.277664 -0.272417 -0.278443 -0.278337 -0.268035 -0.263840
-0.257923 -0.189141 -0.188506 -0.204019 -0.253176 -0.257512 -0.248995 -0.276664 -0.278252 -0.273759
-0.259200 -0.263685 -0.269106 -0.227976 -0.215107 -0.149099 -0.207683 -0.266070 -0.272541 -0.278241
-0.278459 -0.277211 -0.275431 -0.276217 -0.277132 -0.278327 -0.278171 -0.278337 -0.277900 -0.275199
-0.277766 -0.230379 -0.275754 -0.274250 -0.278357 -0.277772 -0.278005 -0.242061 -0.278277 -0.085875
-0.210219 -0.277870 -0.262621 -0.272959 -0.276451 -0.277924 -0.276614 -0.268597 -0.273284 -0.276634
-0.266489 -0.274961 -0.273028 -0.270485 -0.271562 -0.276060 -0.277409 -0.272750 -0.265355 -0.202577
0.063745 -0.275592 -0.228081 -0.269669 -0.266638 -0.272669 -0.269973 -0.270484 -0.273142 -0.275568
-0.276827 -0.278457 -0.271081 -0.264052 -0.267147 -0.270263 -0.272735 -0.263242 -0.079201 0.151655
-0.017304 0.163558 0.363059 0.133618 -0.168804 -0.248786 -0.249616 -0.273289 -0.276453 -0.265434
-0.259820 -0.269401 -0.276364 -0.272735 -0.226789 0.150418 0.065985 -0.177146 -0.239222 -0.277480
-0.276940 -0.276808 -0.276092 -0.278038 -0.277831 -0.278433 -0.278317 -0.276135 -0.275584 -0.278204
-0.278423 -0.270078 -0.271417 -0.268273 -0.278213 -0.277647 -0.278464 -0.242976 -0.278403 -0.128740
-0.217179 -0.265076 -0.240489 -0.219374 -0.201631 -0.263783 -0.276895 -0.272652 -0.271657 -0.276636
-0.274231 -0.272272 -0.266942 -0.266213 -0.266632 -0.262902 -0.274771 -0.269493 -0.238200 -0.216339
-0.237073 -0.257563 -0.278343 -0.276441 -0.271412 -0.254522 -0.251943 -0.265472 -0.273634 -0.278304
-0.277153 -0.277538 -0.267063 -0.274009 -0.270343 -0.274734 -0.276939 -0.277328 -0.125011 0.679127
0.514385 0.461031 0.270611 0.040827 -0.136058 -0.265446 -0.268400 -0.266695 -0.275305 -0.266509
-0.267895 -0.271107 -0.278312 -0.271209 -0.266322 0.038762 0.078907 -0.110904 -0.247902 -0.275508
-0.273481 -0.276033 -0.277912 -0.278430 -0.278139 -0.278176 -0.276924 -0.262627 -0.246644 -0.278464
-0.277125 -0.273128 -0.276940 -0.275790 -0.278272 -0.276947 -0.276934 -0.257900 -0.262160 0.010141
-0.160476 -0.270549 -0.277513 -0.272653 -0.272796 -0.276858 -0.278243 -0.274634 -0.275544 -0.274475
-0.278363 -0.266150 -0.270262 -0.275722 -0.270067 -0.264112 -0.264884 -0.257665 -0.253014 -0.180097
-0.076394 -0.086061 -0.273560 -0.270394 -0.233470 -0.237527 -0.247509 -0.263098 -0.276072 -0.278342
-0.278274 -0.278249 -0.275788 -0.278116 -0.277377 -0.278238 -0.278282 -0.258169 -0.257767 0.223462
0.009625 -0.125681 -0.188309 -0.253329 -0.275081 -0.277705 -0.278393 -0.268999 -0.264659 -0.265571
-0.269356 -0.273678 -0.272081 -0.235631 -0.270921 -0.062646 -0.131289 -0.198499 -0.261980 -0.277931
-0.268081 -0.275533 -0.278354 -0.278455 -0.278314 -0.273021 -0.265017 -0.230199 -0.197040 -0.276003
-0.276022 -0.276029 -0.277343 -0.273515 -0.275991 -0.275957 -0.278287 -0.267456 -0.251886 -0.052852
-0.154760 -0.250194 -0.276714 -0.278140 -0.273800 -0.278157 -0.268269 -0.244332 -0.266597 -0.275747
-0.275083 -0.267795 -0.268247 -0.276783 -0.265943 -0.267873 -0.259671 -0.249002 -0.259028 -0.205778
-0.116504 -0.111830 -0.218066 -0.232418 -0.248090 -0.234362 -0.250866 -0.272842 -0.276878 -0.277252
-0.278360 -0.277390 -0.273787 -0.271970 -0.272644 -0.278368 -0.278343 -0.275449 -0.262377 -0.089631
-0.215144 -0.276840 -0.270932 -0.278404 -0.277985 -0.276206 -0.277175 -0.269298 -0.255796 -0.252455
-0.262475 -0.265152 -0.274468 -0.275686 -0.231983 -0.004134 -0.132317 -0.216291 -0.233473 -0.275731
-0.268659 -0.277750 -0.277797 -0.278457 -0.277685 -0.257217 -0.258885 -0.235330 -0.217404 -0.275904
-0.278383 -0.269525 -0.276368 -0.269627 -0.274958 -0.276736 -0.278382 -0.271549 -0.258118 0.046352
-0.054471 -0.116487 -0.188697 -0.129162 -0.093876 -0.099222 0.033653 0.161047 -0.048634 -0.227534
-0.248640 -0.278441 -0.276949 -0.277819 -0.267156 -0.269335 -0.262635 -0.251350 -0.248605 -0.239322
-0.229308 -0.199099 -0.240420 -0.249781 -0.253304 -0.252142 -0.275845 -0.272108 -0.277316 -0.277017
-0.276270 -0.277964 -0.276863 -0.277084 -0.275415 -0.258666 -0.274144 -0.277221 -0.252888 -0.214858
-0.273250 -0.268281 -0.268395 -0.273953 -0.277749 -0.272777 -0.268918 -0.259680 -0.210769 -0.190041
-0.251556 -0.242723 -0.253229 -0.257011 -0.149156 0.327377 0.112650 -0.179620 -0.236163 -0.272138
-0.277920 -0.272993 -0.269471 -0.277021 -0.271482 -0.234531 -0.258293 -0.274706 -0.275748 -0.267556
-0.277873 -0.259794 -0.277282 -0.266297 -0.275184 -0.271982 -0.276739 -0.274943 -0.214486 0.213886
-0.183754 -0.214793 -0.188045 0.138463 0.674511 0.643072 0.553515 0.536521 0.222303 -0.167112
-0.249349 -0.278456 -0.276124 -0.274202 -0.268587 -0.269966 -0.266744 -0.259576 -0.253170 -0.240587
-0.244378 -0.252181 -0.249438 -0.251561 -0.260311 -0.273410 -0.269316 -0.093171 -0.261144 -0.276539
-0.264034 -0.277813 -0.278221 -0.278442 -0.277157 -0.264546 -0.268799 -0.276333 -0.273668 -0.224725
-0.263409 -0.274075 -0.269196 -0.277674 -0.264896 -0.267356 -0.246861 -0.240655 -0.198458 -0.200322
-0.248032 -0.221428 -0.254335 -0.275930 -0.256018 -0.096710 0.008521 -0.193418 -0.215196 -0.249959
-0.263992 -0.245101 -0.257387 -0.273759 -0.263745 -0.260277 -0.272677 -0.276425 -0.241468 -0.260169
-0.276947 -0.266865 -0.274285 -0.278328 -0.278315 -0.272079 -0.278016 -0.251989 -0.188760 0.638067
-0.028278 -0.245200 -0.234878 -0.150418 -0.142022 -0.096282 0.030882 -0.036885 -0.144454 -0.244205
-0.278464 -0.272332 -0.275543 -0.274862 -0.275009 -0.277839 -0.278374 -0.278131 -0.276006 -0.276532
-0.273826 -0.273174 -0.272668 -0.276304 -0.278423 -0.268481 -0.248332 -0.278074 -0.272037 -0.278356
-0.277557 -0.278086 -0.278421 -0.278449 -0.277970 -0.275717 -0.273687 -0.276900 -0.277658 -0.270422
-0.274323 -0.273228 -0.273479 -0.261095 -0.277231 -0.276283 -0.224574 -0.217854 -0.255205 -0.248843
-0.245429 -0.226998 -0.270607 -0.271098 -0.277041 -0.121695 -0.031017 -0.225750 -0.251777 -0.274193
-0.277190 -0.270925 -0.278155 -0.276644 -0.273516 -0.270323 -0.274927 -0.278404 -0.265639 -0.275186
-0.277677 -0.263487 -0.275217 -0.276359 -0.277889 -0.277860 -0.277776 -0.258222 -0.278005 -0.093804
-0.179807 -0.276852 -0.271624 -0.250975 -0.262376 -0.162378 0.069214 -0.003724 -0.162506 -0.242093
-0.278452 -0.264237 -0.275086 -0.274603 -0.277334 -0.278246 -0.278294 -0.276886 -0.278412 -0.277815
-0.278451 -0.278031 -0.277183 -0.277972 -0.278444 -0.274734 -0.261311 -0.260445 -0.278312 -0.278407
-0.278462 -0.277464 -0.278458 -0.277589 -0.278450 -0.278109 -0.278457 -0.278182 -0.267142 -0.270617
-0.275562 -0.268426 -0.261482 -0.236705 -0.256601 -0.256817 -0.198999 -0.200962 -0.252403 -0.255367
-0.249769 -0.237050 -0.274168 -0.262569 -0.278340 -0.229659 -0.229926 -0.258653 -0.271787 -0.277412
-0.273866 -0.277930 -0.276940 -0.278425 -0.277050 -0.275341 -0.277407 -0.278123 -0.277242 -0.277911
-0.277659 -0.271105 -0.278031 -0.265849 -0.275256 -0.277703 -0.271291 -0.248989 -0.199881 -0.227926
-0.263491 -0.224550 -0.219184 -0.224374 -0.185012 -0.204587 -0.278413 -0.137422 -0.105802 -0.242228
-0.274213 -0.270502 -0.273698 -0.277029 -0.278280 -0.278277 -0.278396 -0.278463 -0.277636 -0.276871
-0.278326 -0.277524 -0.277249 -0.276811 -0.278081 -0.276194 -0.276829 -0.276935 -0.277838 -0.278232
-0.276829 -0.278298 -0.277746 -0.275964 -0.276988 -0.277999 -0.278341 -0.277638 -0.261377 -0.238315
-0.261454 -0.261540 -0.235991 -0.140599 -0.050020 -0.102172 -0.172289 -0.180602 -0.219490 -0.236353
-0.234097 -0.240113 -0.272381 -0.248771 -0.211546 -0.216647 -0.241408 -0.274351 -0.269984 -0.252729
-0.259351 -0.275758 -0.274370 -0.277699 -0.277786 -0.277417 -0.278408 -0.277555 -0.278026 -0.278329
-0.278271 -0.269744 -0.277512 -0.268900 -0.272083 -0.277124 -0.274206 -0.272847 -0.249845 -0.234462
-0.263047 -0.243825 -0.248457 -0.259738 -0.249250 -0.223999 -0.277214 0.053197 -0.015154 -0.222941
-0.263259 -0.276978 -0.272063 -0.278237 -0.277809 -0.277415 -0.276514 -0.278464 -0.278297 -0.278104
-0.277175 -0.278003 -0.278352 -0.278464 -0.278239 -0.256714 -0.245550 -0.274703 -0.278040 -0.278378
-0.275142 -0.275442 -0.275322 -0.276951 -0.274947 -0.277553 -0.277979 -0.278326 -0.261814 -0.204235
-0.234846 -0.242955 -0.231001 -0.170562 -0.013034 -0.102511 -0.194304 -0.156187 -0.149040 -0.160271
-0.211652 -0.235495 -0.268272 -0.268942 -0.245336 -0.250245 -0.255965 -0.274824 -0.262852 -0.247428
-0.264559 -0.276727 -0.276057 -0.275480 -0.276172 -0.276810 -0.277821 -0.272180 -0.275724 -0.273287
-0.278424 -0.257844 -0.277595 -0.277247 -0.277222 -0.278300 -0.278121 -0.276534 -0.262645 -0.277353
-0.273601 -0.277354 -0.278013 -0.255256 -0.058062 0.042564 0.140234 0.355985 0.011954 -0.211410
-0.276217 -0.277251 -0.264685 -0.274878 -0.276339 -0.277440 -0.277757 -0.275065 -0.276021 -0.276727
-0.277463 -0.278455 -0.278414 -0.278434 -0.276279 -0.276967 -0.273459 -0.275767 -0.274941 -0.278135
-0.276092 -0.275451 -0.274145 -0.276901 -0.276362 -0.278458 -0.276517 -0.278212 -0.261513 -0.207696
-0.234495 -0.259906 -0.268805 -0.273038 -0.263905 -0.270221 -0.272860 -0.240546 -0.232121 -0.207213
-0.228676 -0.230689 -0.250537 -0.272546 -0.268570 -0.251368 -0.271272 -0.278159 -0.275939 -0.262768
-0.271105 -0.278101 -0.276639 -0.277082 -0.275253 -0.259258 -0.250215 -0.278457 -0.277604 -0.278321
-0.278058 -0.246958 -0.274451 -0.278305 -0.277934 -0.275395 -0.276617 -0.274190 -0.263022 -0.270193
-0.273042 -0.277543 -0.268148 -0.210815 -0.180195 -0.061587 0.374764 0.428667 -0.025162 -0.188737
-0.248329 -0.278460 -0.274262 -0.277939 -0.276541 -0.270183 -0.269501 -0.273812 -0.270170 -0.238185
-0.269145 -0.269797 -0.270367 -0.277883 -0.276713 -0.221371 -0.236694 -0.278442 -0.278106 -0.277224
-0.278456 -0.278128 -0.277981 -0.278364 -0.278020 -0.277508 -0.271810 -0.274174 -0.245789 -0.137476
-0.194783 -0.245184 -0.247526 -0.275364 -0.277340 -0.276745 -0.265482 -0.199021 -0.222253 -0.233056
-0.219848 -0.191015 -0.223236 -0.261419 -0.245592 -0.151811 -0.148891 -0.257313 -0.274133 -0.277063
-0.272626 -0.278233 -0.275191 -0.272881 -0.254792 -0.249600 -0.243922 -0.276699 -0.276575 -0.274846
-0.277990 -0.260006 -0.277344 -0.276800 -0.278350 -0.276669 -0.276667 -0.274732 -0.272997 -0.276617
-0.277901 -0.273408 -0.272144 -0.259794 -0.177754 -0.089587 -0.051661 -0.062952 -0.091343 -0.236332
-0.266143 -0.265572 -0.140564 -0.151339 -0.124717 0.033402 0.022541 0.027836 0.245622 0.402301
0.385130 0.406282 0.319653 0.274475 0.197839 0.081474 -0.135082 -0.211222 -0.241052 -0.255531
-0.251347 -0.265150 -0.269022 -0.271034 -0.273262 -0.255576 -0.246085 -0.254395 -0.198162 -0.080100
-0.129039 -0.183794 -0.203619 -0.236783 -0.259872 -0.259433 -0.176465 -0.073389 -0.075636 -0.174876
-0.210268 -0.224167 -0.259060 -0.271272 -0.267647 -0.164567 -0.091885 -0.155136 -0.211529 -0.263832
-0.275489 -0.178787 0.001628 -0.040495 -0.182204 -0.240420 -0.233996 -0.275752 -0.275340 -0.271820
-0.278283 -0.266722 -0.275791 -0.263205 -0.276688 -0.277774 -0.278170 -0.276418 -0.276652 -0.276195
-0.269906 -0.272779 -0.277763 -0.276798 -0.257311 -0.167238 -0.090081 -0.073990 -0.110915 -0.189890
-0.266654 -0.124679 0.148574 0.083601 0.231546 0.501437 0.394872 0.311015 0.672345 0.863271
0.825230 0.634576 0.550838 0.442559 0.320755 -0.019817 -0.115217 -0.140732 -0.224600 -0.248042
-0.245149 -0.239353 -0.259799 -0.265593 -0.262794 -0.219450 -0.208548 -0.230630 -0.094656 0.064575
-0.014593 -0.138095 -0.195180 -0.171100 -0.229080 -0.239116 -0.132383 -0.087565 -0.046309 -0.158383
-0.226360 -0.256075 -0.270182 -0.266491 -0.165147 0.044803 0.014802 -0.059522 -0.156243 -0.207122
-0.179145 -0.061526 -0.135612 -0.230176 -0.261268 -0.257469 -0.254381 -0.275081 -0.261050 -0.275281
-0.276884 -0.277345 -0.276322 -0.260808 -0.268324 -0.278372 -0.278452 -0.278346 -0.278376 -0.269958
-0.237272 -0.261789 -0.278346 -0.269800 -0.261769 -0.265893 -0.241881 -0.215254 -0.238286 -0.246731
-0.278370 -0.045726 -0.022534 -0.081628 0.043923 0.203169 0.130239 -0.126932 -0.135862 -0.019775
-0.116515 -0.212341 -0.247548 -0.260374 -0.270185 -0.271788 -0.272293 -0.274716 -0.273680 -0.277557
-0.277927 -0.273308 -0.271725 -0.267949 -0.259037 -0.236520 -0.237226 -0.244588 -0.130534 -0.077698
-0.151011 -0.223006 -0.229823 -0.120650 -0.161976 -0.235827 -0.225765 -0.210195 -0.216180 -0.248879
-0.265244 -0.272472 -0.272782 -0.235710 -0.074414 0.055180 -0.073278 -0.136263 -0.168490 -0.208538
-0.201465 -0.203696 -0.257234 -0.278029 -0.278398 -0.263231 -0.248333 -0.272061 -0.277545 -0.275789
-0.271877 -0.263058 -0.277622 -0.278462 -0.278083 -0.278443 -0.277618 -0.272409 -0.271248 -0.258562
-0.278454 -0.270709 -0.278088 -0.277317 -0.274514 -0.195188 -0.255934 -0.275890 -0.271859 -0.259071
-0.250563 -0.239899 -0.266763 -0.261080 -0.120083 0.006562 -0.009429 -0.208876 -0.264842 -0.255494
-0.278227 -0.268276 -0.268412 -0.277058 -0.278114 -0.269957 -0.272251 -0.274168 -0.259945 -0.260459
-0.269732 -0.269200 -0.265144 -0.247109 -0.215363 -0.229859 -0.222270 -0.229611 -0.206486 -0.189345
-0.222987 -0.236022 -0.184345 -0.032398 -0.059985 -0.176042 -0.242466 -0.258055 -0.271954 -0.273605
-0.275540 -0.269486 -0.259139 -0.105668 0.128528 0.285625 0.058639 -0.110104 -0.167058 -0.181112
-0.264225 -0.251025 -0.271657 -0.278448 -0.277527 -0.276680 -0.276693 -0.276524 -0.273262 -0.277055
-0.257117 -0.249502 -0.242188 -0.258599 -0.268799 -0.262952 -0.273600 -0.271022 -0.268936 -0.161022
-0.094234 -0.190699 -0.252969 -0.205789 -0.040631 -0.016963 -0.220176 -0.232402 -0.264207 -0.243479
-0.278230 -0.265277 -0.245424 -0.231257 -0.271285 -0.271358 -0.276258 -0.276313 -0.257438 -0.247390
-0.240287 -0.210720 -0.268132 -0.145225 -0.028934 -0.054103 0.044518 0.020027 -0.011380 -0.002863
-0.054349 -0.113685 -0.095841 -0.048847 -0.081266 -0.189863 -0.200212 -0.230006 -0.256239 -0.260648
-0.269593 -0.263240 -0.201515 -0.018479 -0.052940 -0.184160 -0.246900 -0.273858 -0.278134 -0.278274
-0.277338 -0.248095 -0.245560 -0.271772 -0.196727 0.093873 0.070022 -0.164785 -0.224885 -0.262903
-0.274702 -0.257863 -0.273825 -0.274521 -0.273215 -0.266169 -0.266740 -0.277325 -0.277663 -0.246363
0.171228 -0.141276 -0.253570 -0.194866 -0.115870 -0.108425 -0.278432 -0.214113 0.040945 -0.213462
-0.257199 -0.212251 -0.245857 -0.275778 -0.233651 -0.261809 -0.263085 -0.184369 -0.249722 -0.239873
-0.278354 -0.260951 -0.260254 -0.235310 -0.244881 -0.273732 -0.276866 -0.275660 -0.272230 -0.247065
-0.223632 -0.201910 -0.278002 0.237780 0.167578 0.246371 0.394442 0.656183 0.806908 0.672041
0.421143 0.274289 0.232800 0.082302 -0.054883 -0.141173 -0.203249 -0.228698 -0.254066 -0.258623
-0.267578 -0.261788 -0.197901 -0.119736 -0.115962 -0.156617 -0.235532 -0.267787 -0.278283 -0.276005
-0.270186 -0.243927 -0.237026 -0.271766 -0.193218 0.176693 0.112893 -0.109507 -0.193152 -0.250142
-0.269082 -0.272447 -0.273054 -0.237733 -0.266124 -0.264466 -0.249817 -0.277635 -0.270866 -0.184779
-0.190857 0.330563 -0.179438 -0.205623 -0.263819 -0.240166 -0.272185 -0.233442 -0.257373 -0.275746
-0.277932 -0.271720 -0.276345 -0.276131 -0.273167 -0.276167 -0.262495 -0.219224 -0.278020 -0.269464
-0.277338 -0.275691 -0.278402 -0.277805 -0.277562 -0.193460 -0.214098 -0.271653 -0.277177 -0.274627
-0.245147 -0.244831 -0.168368 0.495915 0.244065 -0.000784 -0.060140 0.061805 0.276882 0.562966
0.553270 0.325266 0.210533 0.023501 -0.097096 -0.105309 -0.179130 -0.170751 -0.172473 -0.145909
-0.168282 -0.226099 -0.201540 -0.112937 -0.120800 -0.186678 -0.197156 -0.224607 -0.272802 -0.267317
-0.244008 -0.222918 -0.253938 -0.238717 -0.076141 0.424045 0.390309 -0.031464 -0.181799 -0.213462
-0.276161 -0.276703 -0.277347 -0.227656 -0.206618 -0.174833 -0.241907 -0.276057 -0.259133 -0.261707
-0.255547 -0.119565 -0.278420 -0.143067 -0.270400 -0.274102 -0.100354 -0.213368 -0.272262 -0.240641
-0.219921 -0.241960 -0.221559 -0.264985 -0.277803 -0.173608 -0.188568 -0.278440 -0.254042 -0.251638
-0.277335 -0.278462 -0.276172 -0.270821 -0.272201 -0.256604 -0.261658 -0.276857 -0.278457 -0.278430
-0.265731 -0.253338 -0.216928 0.200520 0.173055 -0.068576 -0.193623 -0.136849 0.015640 0.187253
0.469081 0.233394 0.024276 0.021801 -0.071692 -0.069514 -0.173138 -0.168569 -0.150133 -0.125612
-0.151330 -0.236434 -0.195898 0.056344 -0.025428 -0.141016 -0.154101 -0.191371 -0.251593 -0.241987
-0.237290 -0.247367 -0.276068 -0.278465 -0.244252 -0.079521 -0.068175 -0.216659 -0.200205 -0.263549
-0.273853 -0.256705 -0.271220 -0.278112 -0.265010 -0.216171 -0.268577 -0.271407 -0.276615 -0.254895
-0.275245 -0.274632 -0.259333 -0.272861 -0.242965 -0.271882 -0.183607 -0.276353 -0.277017 -0.278152
-0.274595 -0.277119 -0.260488 -0.240168 -0.268361 -0.156582 -0.197664 -0.246293 -0.278430 -0.264397
-0.275853 -0.274619 -0.278381 -0.278187 -0.271483 -0.266406 -0.261375 -0.257049 -0.259691 -0.277042
-0.267496 -0.204921 -0.222080 -0.234278 -0.231426 -0.189772 -0.158339 -0.106745 -0.095762 -0.149282
-0.217978 -0.249414 -0.278462 -0.243494 -0.226674 -0.178016 -0.196636 -0.236574 -0.263900 -0.269367
-0.276823 -0.277015 -0.275328 -0.122891 -0.050626 -0.021537 -0.076334 -0.132762 -0.193351 -0.185673
-0.144296 -0.183302 -0.242662 -0.272824 -0.251209 -0.259696 -0.270254 -0.273543 -0.275042 -0.272745
-0.278138 -0.272532 -0.278284 -0.269504 -0.262363 -0.277756 -0.277972 -0.278094 -0.278197 -0.275484
-0.278434 -0.277508 -0.246109 -0.277077 -0.278438 -0.278399 -0.259308 -0.278272 -0.273444 -0.252357
-0.267369 -0.254362 -0.278130 -0.268204 -0.237190 -0.259036 -0.199829 -0.247996 -0.219395 -0.233793
-0.273735 -0.265717 -0.278137 -0.278377 -0.275995 -0.258225 -0.237121 -0.238220 -0.245529 -0.277807
-0.271779 -0.266730 -0.259717 -0.268338 -0.256758 -0.214552 -0.210366 -0.152850 -0.115858 -0.160069
-0.207798 -0.239654 -0.276921 -0.255327 -0.252836 -0.248671 -0.215820 -0.210694 -0.242157 -0.256179
-0.250874 -0.223732 -0.190564 -0.064334 -0.052288 -0.084179 -0.059704 -0.130695 -0.144526 -0.077410
-0.067008 -0.177901 -0.111898 -0.208138 -0.278131 -0.273474 -0.278452 -0.273838 -0.268084 -0.256134
-0.257679 -0.273864 -0.268721 -0.262798 -0.251394 -0.242603 -0.276564 -0.236224 -0.273752 -0.256971
-0.260556 -0.249843 -0.256596 -0.275756 -0.255034 -0.273920 -0.250424 -0.264586 -0.268957 -0.222985
-0.253448 -0.270883 -0.256863 -0.206024 -0.268207 -0.276469 -0.273347 -0.211123 -0.144731 -0.237475
-0.175691 -0.131691 -0.258262 -0.275355 -0.278462 -0.276081 -0.268712 -0.258910 -0.273641 -0.127344
0.214885 0.097252 -0.030132 -0.105169 -0.179749 -0.232441 -0.231555 -0.239117 -0.267373 -0.272817
-0.241526 -0.210315 -0.191465 -0.165118 -0.205614 -0.200121 -0.102655 -0.028916 -0.093699 0.006464
0.066900 0.124354 0.153975 0.065395 0.146827 0.169495 0.068912 0.032785 0.223905 0.173028
0.109980 -0.070882 -0.092539 -0.052334 -0.151250 -0.184837 -0.241049 -0.270675 -0.278392 -0.262673
-0.247331 -0.273532 -0.276828 -0.276964 -0.277854 -0.247249 -0.278173 -0.238924 -0.276132 -0.277315
-0.277603 -0.274263 -0.277098 -0.278447 -0.252110 -0.237342 -0.266138 -0.256662 -0.275025 -0.242806
-0.276908 -0.233291 -0.245332 -0.252014 -0.265705 -0.273691 -0.256635 -0.276283 -0.273246 -0.259396
-0.195447 -0.275152 -0.260228 -0.251732 -0.258995 -0.269316 -0.275162 -0.269925 -0.270428 -0.054866
0.245398 0.350142 0.176738 0.025364 0.052516 -0.062146 -0.141572 0.030075 0.132643 0.067555
0.027046 0.084659 0.060205 0.073793 -0.007175 -0.036390 -0.027363 0.070356 0.075359 0.273579
0.218153 0.106368 0.260665 0.174323 0.239993 0.116230 0.151320 0.257114 0.402367 0.340515
0.145870 0.060926 -0.056676 0.031872 0.104706 0.173326 -0.097058 -0.214247 -0.269784 -0.278089
-0.278043 -0.278386 -0.272824 -0.268396 -0.245148 -0.271170 -0.269217 -0.071616 -0.262766 -0.227656
-0.278155 -0.277745 -0.276622 -0.278049 -0.276824 -0.278462 -0.266594 -0.245580 -0.270488 -0.257578
-0.249697 -0.269399 -0.225828 -0.200291 -0.257883 -0.273791 -0.278424 -0.278415 -0.277212 -0.255232
-0.187104 -0.270252 -0.278317 -0.277078 -0.275732 -0.256221 -0.277949 -0.278464 -0.203096 -0.223393
-0.240487 -0.278429 -0.255315 -0.226591 -0.259287 -0.271054 -0.273769 -0.274088 -0.278349 -0.278412
-0.274375 -0.252648 -0.256308 -0.257132 -0.270429 -0.261559 -0.251292 -0.248918 -0.231097 -0.228018
-0.247997 -0.191587 -0.143686 -0.142389 -0.131067 -0.163826 -0.193910 -0.215975 -0.244809 -0.269568
-0.272475 -0.270801 -0.254566 -0.192879 -0.180557 -0.242507 -0.243173 -0.277673 -0.278185 -0.275967
-0.276886 -0.277621 -0.269827 -0.241894 -0.208514 -0.274620 -0.276670 -0.277851 -0.238579 -0.275034
-0.275505 -0.269092 -0.256357 -0.253425 -0.276137 -0.272691 -0.246689 -0.230203 -0.220941 -0.239669
-0.230274 -0.219860 -0.230096 -0.258773 -0.273097 -0.278261 -0.269895 -0.271074 -0.275148 -0.235598
-0.245818 -0.243763 -0.272696 -0.277891 -0.278461 -0.189005 -0.218030 -0.270724 -0.248512 -0.230125
-0.270026 -0.277999 -0.270632 -0.219359 -0.218604 -0.253202 -0.263979 -0.249733 -0.231638 -0.237730
-0.216852 -0.190191 -0.157650 -0.163107 -0.216807 -0.211635 -0.225979 -0.232022 -0.230567 -0.191548
-0.178943 -0.142240 -0.123430 -0.118479 -0.120183 -0.139580 -0.161748 -0.153776 -0.166046 -0.213920
-0.241697 -0.240843 -0.250525 -0.211527 -0.180227 -0.193473 -0.255662 -0.276536 -0.253370 -0.274136
-0.269665 -0.276813 -0.266961 -0.244532 -0.244317 -0.278328 -0.259352 -0.263973 -0.196666 -0.215590
-0.265696 -0.247941 -0.277978 -0.277862 -0.276093 -0.274645 -0.221311 -0.227271 -0.251673 -0.271832
-0.250016 -0.226227 -0.232376 -0.266651 -0.263627 -0.248857 -0.266685 -0.271247 -0.277132 -0.226306
-0.238792 -0.253361 -0.278258 -0.277669 -0.277990 -0.278416 -0.278327 -0.277532 -0.276985 -0.111954
-0.074122 -0.212147 -0.259399 -0.268843 -0.244330 -0.269444 -0.260374 -0.231475 -0.219555 -0.223526
-0.219153 -0.238727 -0.218393 -0.216008 -0.233578 -0.233108 -0.235731 -0.257568 -0.260362 -0.262762
-0.250047 -0.255341 -0.271425 -0.260611 -0.247309 -0.243657 -0.249373 -0.237004 -0.246803 -0.255106
-0.264548 -0.258230 -0.264169 -0.247411 -0.208147 -0.188648 -0.189157 -0.255917 -0.278438 -0.274020
-0.273731 -0.277324 -0.250365 -0.218481 -0.266018 -0.278274 -0.278455 -0.277917 -0.273652 -0.274468
-0.275187 -0.254448 -0.275070 -0.278176 -0.277834 -0.278026 -0.256153 -0.252593 -0.273214 -0.265419
-0.245820 -0.269596 -0.271737 -0.266970 -0.278457 -0.202890 -0.265537 -0.269582 -0.265798 -0.268467
-0.236474 -0.221965 -0.249863 -0.269035 -0.278461 -0.274486 -0.276075 -0.278443 -0.272964 -0.121489
-0.000851 -0.164373 -0.211413 -0.271788 -0.278440 -0.266867 -0.258131 -0.272295 -0.277623 -0.277918
-0.275030 -0.276232 -0.275344 -0.275186 -0.269273 -0.266827 -0.267751 -0.277022 -0.278410 -0.276315
-0.278435 -0.278137 -0.277877 -0.277916 -0.274306 -0.274671 -0.275158 -0.274691 -0.277393 -0.278273
-0.276640 -0.256502 -0.247435 -0.209349 -0.249897 -0.277617 -0.242170 -0.274095 -0.248795 -0.277287
-0.255055 -0.276479 -0.255357 -0.219413 -0.271359 -0.240115 -0.223535 -0.215499 -0.270892 -0.278214
-0.271115 -0.275739 -0.242886 -0.265894 -0.262761 -0.272712 -0.267510 -0.270203 -0.270004 -0.266115
-0.275559 -0.276216 -0.278234 -0.261658 -0.264038 -0.278331 -0.275830 -0.273869 -0.249860 -0.278463
-0.278410 -0.248663 -0.277664 -0.270550 -0.265533 -0.263725 -0.254950 -0.267687 -0.236246 -0.197338
-0.200156 -0.236125 -0.260047 -0.264086 -0.278434 -0.276674 -0.278254 -0.276139 -0.269382 -0.278458
-0.278345 -0.276330 -0.278371 -0.277723 -0.275541 -0.274488 -0.265347 -0.263189 -0.272037 -0.269540
-0.263482 -0.260105 -0.260598 -0.268421 -0.273071 -0.274304 -0.265623 -0.260804 -0.259144 -0.245274
-0.228783 -0.253319 -0.253657 -0.277245 -0.245414 -0.215100 -0.251646 -0.276007 -0.212092 -0.200968
-0.258139 -0.270566 -0.278458 -0.277625 -0.270648 -0.225801 -0.258917 -0.242892 -0.100944 -0.277744
-0.258629 -0.275595 -0.268742 -0.275977 -0.257124 -0.261872 -0.259752 -0.261844 -0.262087 -0.242570
-0.237760 -0.272065 -0.255313 -0.204182 -0.278460 -0.164715 -0.239171 -0.276693 -0.259980 -0.278148
-0.276128 -0.257460 -0.260695 -0.262739 -0.265585 -0.271423 -0.264490 -0.275687 -0.273147 -0.222306
-0.207170 -0.231435 -0.254816 -0.247938 -0.228546 -0.216010 -0.240429 -0.259930 -0.272842 -0.272020
-0.278431 -0.278464 -0.277853 -0.277881 -0.275151 -0.273958 -0.278433 -0.274907 -0.270159 -0.260546
-0.261006 -0.266666 -0.265095 -0.275594 -0.274711 -0.271027 -0.257641 -0.256655 -0.262407 -0.257023
-0.239194 -0.265110 -0.260771 -0.143077 0.616687 0.005535 -0.278412 -0.242979 -0.270345 -0.261768
-0.225728 -0.216783 -0.275829 -0.254507 -0.173503 -0.055263 -0.258341 -0.278298 -0.189324 -0.248824
-0.272845 -0.276616 -0.275851 -0.269866 -0.272100 -0.278277 -0.277782 -0.270877 -0.248997 -0.247663
-0.262170 -0.219896 -0.274832 -0.216552 -0.245154 -0.274687 -0.270830 -0.222097 -0.267197 -0.276721
-0.214952 -0.253501 -0.277083 -0.268184 -0.278387 -0.277803 -0.277063 -0.278265 -0.277203 -0.273138
-0.273379 -0.277893 -0.276004 -0.278452 -0.269849 -0.232349 -0.201516 -0.272763 -0.260908 -0.275385
-0.274481 -0.266703 -0.261259 -0.269807 -0.269021 -0.270021 -0.269605 -0.259552 -0.278416 -0.270658
-0.277539 -0.273276 -0.266445 -0.268669 -0.258448 -0.259607 -0.272360 -0.278390 -0.278328 -0.277348
-0.278212 -0.277267 -0.273130 -0.275344 -0.278328 -0.266531 -0.265331 -0.273391 -0.235581 0.189469
-0.018912 -0.237744 -0.278041 -0.277872 -0.263005 -0.266087 -0.263391 -0.209129 -0.179018 -0.258492
-0.278332 -0.278291 -0.274937 -0.276398 -0.255347 -0.275420 -0.276468 -0.275231 -0.259899 -0.263537
-0.254422 -0.232713 -0.251630 -0.264784 -0.248351 -0.161198 -0.206682 -0.275473 -0.243377 -0.178457
-0.234448 -0.268360 -0.278437 -0.267800 -0.276729 -0.277861 -0.278464 -0.277231 -0.274954 -0.275248
-0.261560 -0.245888 -0.255939 -0.260662 -0.277716 -0.185673 0.149191 -0.250053 -0.245696 -0.278463
-0.277645 -0.278341 -0.277624 -0.278211 -0.263990 -0.269573 -0.275788 -0.276185 -0.257935 -0.243281
-0.263155 -0.272450 -0.277622 -0.273273 -0.265147 -0.270915 -0.256262 -0.207624 -0.224253 -0.271860
-0.248116 -0.269199 -0.278120 -0.278459 -0.237423 -0.238349 -0.255072 -0.260924 -0.269021 -0.232075
-0.272697 -0.254517 -0.274266 -0.277576 -0.263780 -0.249087 -0.277954 -0.216896 -0.137593 -0.252600
-0.255128 -0.246627 -0.246769 -0.267604 -0.266169 -0.261973 -0.190234 -0.278457 -0.266014 -0.267820
-0.271679 -0.232176 -0.226877 -0.278264 -0.267419 -0.152485 -0.213579 -0.277325 -0.271671 -0.234223
-0.277733 -0.278452 -0.277841 -0.262579 -0.275507 -0.278439 -0.277387 -0.262614 -0.264564 -0.247816
-0.263849 -0.278210 -0.258195 -0.223381 -0.225609 -0.278310 -0.131021 -0.278444 -0.277889 -0.269332
-0.273061 -0.256649 -0.231046 -0.276385 -0.273244 -0.273851 -0.263099 -0.260309 -0.262911 -0.272984
-0.273785 -0.276829 -0.278135 -0.276035 -0.265779 -0.252460 -0.247721 -0.249867 -0.216252 -0.253263
-0.267114 -0.270182 -0.265274 -0.275216 -0.255157 -0.270270 -0.267298 -0.264563 -0.259937 -0.207580
-0.260959 -0.278126 -0.278005 -0.261163 -0.274984 -0.277028 -0.278075 -0.271713 -0.170686 -0.171265
-0.278213 -0.265407 -0.278242 -0.276115 -0.277524 -0.275950 -0.271088 -0.264491 -0.277176 -0.261577
-0.262681 -0.260328 -0.274744 -0.269935 -0.241035 -0.205983 -0.240888 -0.216736 -0.174194 -0.261885
-0.275380 -0.278454 -0.275606 -0.275448 -0.272053 -0.273977 -0.278450 -0.278253 -0.276245 -0.274437
-0.266725 -0.237645 -0.234486 -0.217321 -0.243105 -0.218573 -0.132550 -0.237589 -0.228931 -0.261129
-0.228333 -0.257199 -0.271331 -0.275645 -0.263292 -0.278362 -0.275948 -0.278460 -0.236012 -0.261794
-0.245852 -0.237976 -0.272027 -0.277996 -0.277984 -0.238983 -0.207468 -0.262620 -0.264484 -0.246169
-0.276532 -0.277258 -0.277354 -0.275278 -0.262044 -0.261851 -0.277171 -0.270571 -0.223755 -0.205272
-0.198766 -0.255512 -0.245317 -0.270406 -0.271049 -0.263278 -0.276332 -0.278262 -0.232057 -0.197979
-0.266153 -0.273436 -0.237559 -0.264154 -0.237589 -0.224075 -0.213702 -0.249070 -0.261857 -0.264132
-0.253773 -0.252642 -0.277335 -0.266966 -0.228280 -0.226976 -0.244796 -0.257897 -0.258916 -0.266718
-0.277108 -0.247427 -0.255916 -0.261056 -0.274662 -0.275583 -0.269509 -0.277881 -0.275150 -0.273006
-0.276502 -0.268735 -0.272574 -0.235514 -0.261263 -0.271970 -0.148876 -0.241521 -0.253056 -0.235380
-0.230411 -0.173998 -0.199380 -0.277049 -0.276031 -0.277285 -0.278243 -0.277995 -0.263053 -0.189342
-0.227196 -0.271629 -0.275772 -0.274698 -0.275478 -0.248306 -0.189213 -0.221803 -0.251542 -0.261679
-0.270665 -0.272341 -0.250059 -0.202471 -0.263495 -0.259042 -0.276071 -0.249028 -0.273854 -0.275359
-0.276937 -0.278338 -0.264581 -0.261193 -0.271036 -0.253622 -0.272967 -0.239320 -0.277613 -0.271807
-0.263742 -0.253676 -0.225225 -0.244892 -0.218571 -0.188945 -0.212786 -0.254072 -0.248124 -0.241651
-0.248070 -0.227973 -0.249566 -0.257071 -0.262938 -0.252498 -0.214102 -0.273830 -0.277469 -0.254708
-0.160526 -0.259372 -0.275773 -0.278425 -0.273003 -0.223437 -0.224326 -0.262187 -0.269325 -0.272853
-0.257963 -0.242100 -0.275078 -0.265594 -0.238504 -0.270311 -0.231396 -0.208007 -0.254331 -0.263276
-0.278319 -0.276225 -0.207911 -0.227663 -0.242312 -0.246463 -0.263800 -0.245323 -0.206241 -0.219687
-0.273589 -0.258402 -0.169992 -0.263892 -0.276088 -0.274113 -0.264379 -0.249408 -0.211507 -0.234212
-0.235091 -0.276882 -0.247117 -0.209432 -0.267921 -0.269199 -0.260255 -0.272088 -0.275290 -0.264956
-0.248457 -0.248492 -0.257967 -0.249853 -0.263709 -0.271772 -0.260460 -0.274724 -0.275166 -0.241907
-0.276247 -0.277431 -0.278435 -0.265502 -0.257308 -0.275230 -0.275184 -0.274821 -0.278273 -0.265701
-0.278439 -0.276450 -0.261679 -0.278291 -0.276773 -0.256651 -0.259842 -0.260254 -0.222963 -0.260701
-0.206607 -0.256673 -0.250374 -0.272895 -0.269969 -0.278459 -0.272430 -0.261068 -0.228575 -0.247591
-0.229220 -0.216734 -0.276714 -0.276762 -0.277766 -0.235976 -0.255259 -0.268154 -0.262526 -0.248126
-0.271071 -0.278387 -0.265473 -0.267063 -0.278190 -0.244352 -0.218192 -0.278274 -0.275693 -0.272140
-0.260217 -0.277095 -0.271652 -0.268684 -0.267554 -0.263188 -0.277129 -0.271509 -0.278265 -0.277392
-0.278302 -0.277298 -0.263436 -0.278200 -0.277666 -0.271340 -0.260893 -0.276115 -0.263354 -0.250290
-0.255210 -0.258908 -0.263157 -0.275214 -0.247380 -0.278223 -0.277186 -0.276701 -0.265008 -0.236992
-0.278464 -0.248313 -0.277938 -0.256628 -0.261184 -0.277991 -0.278230 -0.273256 -0.277228 -0.263323
-0.265354 -0.266408 -0.239891 -0.268663 -0.271986 -0.253440 -0.275307 -0.256680 -0.271697 -0.275791
-0.233172 -0.203762 -0.267385 -0.277507 -0.247814 -0.274481 -0.273139 -0.265723 -0.224784 -0.250537
-0.093428 -0.024060 -0.277114 -0.272469 -0.261070 -0.278366 -0.277883 -0.277452 -0.278367 -0.272512
-0.278392 -0.275744 -0.277219 -0.254525 -0.274597 -0.241325 -0.278453 -0.239365 -0.050496 -0.154996
-0.268697 -0.230054 -0.222166 -0.250601 -0.093418 -0.267617 -0.277615 -0.237690 -0.253121 -0.278458
-0.266115 -0.240688 -0.232311 -0.221399 -0.263393 -0.262021 -0.252333 -0.278085 -0.274337 -0.276071
-0.274298 -0.265873 -0.262833 -0.261011 -0.264805 -0.262661 -0.278426 -0.277410 -0.270850 -0.278294
-0.278433 -0.250915 -0.265352 -0.260646 -0.278045 -0.253758 -0.268303 -0.257054 -0.261928 -0.264503
-0.245677 -0.263057 -0.264076 -0.263431 -0.269387 -0.278001 -0.276709 -0.269245 -0.247760 -0.235212
-0.274713 -0.265717 -0.278430 -0.269295 -0.276873 -0.257644 -0.207998 -0.270894 -0.237924 -0.204566
-0.260839 -0.259494 -0.271476 -0.278449 -0.200852 -0.252961 -0.206984 -0.275775 -0.278119 -0.278324
-0.270565 -0.277721 -0.271530 -0.263295 -0.275097 -0.278461 -0.269160 -0.253017 -0.278455 -0.274615
-0.272619 -0.225072 -0.242288 -0.241688 -0.275455 -0.270800 -0.273146 -0.262171 -0.270234 -0.277842
-0.275457 -0.276542 -0.266996 -0.093882 -0.119387 -0.235477 -0.254009 -0.261447 -0.257678 -0.276286
-0.272286 -0.267356 -0.266967 -0.271078 -0.242783 -0.264442 -0.275090 -0.260307 -0.276192 -0.272647
-0.277568 -0.278325 -0.267728 -0.223054 -0.266868 -0.277763 -0.269472 -0.276331 -0.261594 -0.261424
-0.244040 -0.268082 -0.278310 -0.265885 -0.251444 -0.267697 -0.276911 -0.272624 -0.261753 -0.255298
-0.276910 -0.274827 -0.275839 -0.262676 -0.267071 -0.231222 -0.278306 -0.257610 -0.274010 -0.278366
-0.221130 -0.266625 -0.253352 -0.264959 -0.269490 -0.277769 -0.270070 -0.277850 -0.275024 -0.269465
-0.277707 -0.271151 -0.278150 -0.252175 -0.261150 -0.154013 -0.265537 -0.204394 -0.278449 -0.273938
-0.238472 -0.182992 -0.277537 -0.224355 -0.246374 -0.276133 -0.270014 -0.270925 -0.275862 -0.274512
-0.273983 -0.277312 -0.264379 -0.277812 -0.262374 -0.264602 -0.242021 -0.276470 -0.278153 -0.263040
-0.275742 -0.277322 -0.260051 -0.267214 -0.264265 -0.269585 -0.260400 -0.231557 -0.230332 -0.253051
-0.269106 -0.153646 -0.052577 -0.202044 -0.272896 -0.271100 -0.270998 -0.274857 -0.278354 -0.277134
-0.269693 -0.277636 -0.278438 -0.278393 -0.262411 -0.247145 -0.270777 -0.275926 -0.272485 -0.276618
-0.275096 -0.270492 -0.263979 -0.263362 -0.275761 -0.271582 -0.275372 -0.278423 -0.269412 -0.257006
-0.183396 -0.218814 -0.277373 -0.263122 -0.272375 -0.270396 -0.276709 -0.275461 -0.249862 -0.224266
-0.278331 -0.264648 -0.273115 -0.266587 -0.278392 -0.278444 -0.278388 -0.217913 -0.191866 -0.246346
-0.278445 -0.262890 -0.271058 -0.187942 -0.278459 -0.272189 -0.276156 -0.271979 -0.278134 -0.276881
-0.268022 -0.278343 -0.277079 -0.277894 -0.266919 -0.277451 -0.276252 -0.270017 -0.278059 -0.260239
-0.268791 -0.253886 -0.256277 -0.273026 -0.253932 -0.278377 -0.264807 -0.276713 -0.263411 -0.270015
-0.267036 -0.059458 -0.216441 -0.272587 -0.250605 -0.278303 -0.271187 -0.277474 -0.272363 -0.274945
-0.270856 -0.239667 -0.274770 -0.277863 -0.273440 -0.268580 -0.278439 -0.278460 -0.273884 -0.275828
-0.272988 -0.265497 -0.256061 -0.271281 -0.276651 -0.278011 -0.277441 -0.278441 -0.242006 -0.217944
-0.230755 -0.192344 -0.217028 -0.256329 -0.219756 -0.256363 -0.255995 -0.258616 -0.263700 -0.240552
-0.272162 -0.163165 -0.180896 -0.273728 -0.274720 -0.278084 -0.277437 -0.255777 -0.151650 -0.254588
-0.278456 -0.266941 -0.271500 -0.243534 -0.269906 -0.278144 -0.277096 -0.278452 -0.273273 -0.269414
-0.249921 -0.258951 -0.216910 -0.240843 -0.259712 -0.275571 -0.275542 -0.263274 -0.266517 -0.276887
-0.277522 -0.278352 -0.274136 -0.267626 -0.277605 -0.277795 -0.278252 -0.278170 -0.258898 -0.263135
-0.265313 -0.275034 -0.248367 -0.262254 -0.277961 -0.272060 -0.264979 -0.274472 -0.248900 -0.274382
-0.219399 -0.216120 -0.266989 -0.278304 -0.278133 -0.269494 -0.264463 -0.272755 -0.263566 -0.268113
-0.277394 -0.278317 -0.272446 -0.277908 -0.228749 -0.278377 -0.272325 -0.278431 -0.269821 -0.262543
-0.277852 -0.277163 -0.243490 -0.272756 -0.272444 -0.266606 -0.267177 -0.267467 -0.278196 -0.277858
-0.278260 -0.260427 -0.266259 -0.278235 -0.253669 -0.272379 -0.231279 -0.276923 -0.277594 -0.268541
-0.277669 -0.254511 -0.180314 -0.242554 -0.252814 -0.264216 -0.267297 -0.276731 -0.278308 -0.260087
-0.260267 -0.265412 -0.276215 -0.278139 -0.278261 -0.274702 -0.272668 -0.271004 -0.277664 -0.278413
-0.265335 -0.277815 -0.275119 -0.277233 -0.278004 -0.260761 -0.224714 -0.268226 -0.247516 -0.272042
-0.278068 -0.270635 -0.276010 -0.274005 -0.275491 -0.271054 -0.232280 -0.259670 -0.275901 -0.275739
-0.263949 -0.278294 -0.278424 -0.277878 -0.277463 -0.254259 -0.263482 -0.278463 -0.268907 -0.261796
-0.277639 -0.273071 -0.232424 -0.133188 -0.175133 -0.274221 -0.277112 -0.273199 -0.275869 -0.275070
-0.277527 -0.261848 -0.275640 -0.275145 -0.267878 -0.274156 -0.278457 -0.258807 -0.277043 -0.278214
-0.232448 -0.228847 -0.247672 -0.247805 -0.245611 -0.260870 -0.216597 -0.276747 -0.278436 -0.256275
-0.227129 -0.212986 -0.233228 -0.220630 -0.233364 -0.237802 -0.229230 -0.278184 -0.193058 -0.245810
-0.267759 -0.263332 -0.276776 -0.276671 -0.278451 -0.269898 -0.275599 -0.238585 -0.272814 -0.231262
-0.276419 -0.277158 -0.278253 -0.276295 -0.278464 -0.277982 -0.265136 -0.230558 -0.233128 -0.194241
-0.278438 -0.264448 -0.276920 -0.277408 -0.256666 -0.237651 -0.174136 0.132642 -0.165918 -0.278416
-0.268062 -0.278040 -0.276053 -0.278108 -0.276378 -0.260459 -0.261434 -0.278002 -0.275586 -0.254852
-0.245208 -0.276520 -0.264129 -0.276752 -0.277607 -0.276494 -0.278465 -0.277574 -0.277680 -0.274994
-0.275287 -0.278345 -0.269116 -0.275952 -0.271039 -0.268540 -0.278322 -0.278406 -0.270511 -0.278206
-0.260859 -0.246935 -0.240194 -0.278192 -0.275089 -0.234968 -0.261315 0.428608 -0.078895 -0.276919
-0.257627 -0.277382 -0.249110 -0.212406 -0.277553 -0.269651 -0.251853 -0.268603 -0.274616 -0.272468
-0.233770 -0.257162 -0.277348 -0.261849 -0.276978 -0.264152 -0.271076 -0.213600 -0.268876 -0.233278
-0.184909 -0.270575 -0.278092 -0.268575 -0.275467 -0.276869 -0.277535 -0.234434 -0.263621 -0.105946
-0.259244 0.052877 -0.204207 -0.278189 -0.268394 0.063688 0.142036 -0.124914 -0.050091 -0.147249
-0.255488 -0.277099 -0.277952 -0.274856 -0.273427 -0.277454 -0.270744 -0.278361 -0.277155 -0.272360
-0.262552 -0.278083 -0.269235 -0.260412 -0.274465 -0.273357 -0.258865 -0.273347 -0.276226 -0.277420
-0.262559 -0.247874 -0.275215 -0.276025 -0.267549 -0.260991 -0.275293 -0.260948 -0.275953 -0.278249
-0.274626 -0.263419 -0.254017 -0.271320 -0.278437 -0.277335 -0.269160 -0.275742 -0.277976 -0.261067
-0.278025 -0.249595 -0.045213 0.266532 0.028966 -0.047356 -0.266527 -0.258723 -0.276580 -0.276766
-0.255157 -0.277534 -0.260390 -0.182157 -0.213923 -0.268931 -0.263496 -0.276876 -0.278129 -0.273254
-0.267944 -0.277248 -0.276180 -0.266735 -0.248903 -0.258801 -0.234149 -0.278411 -0.222929 -0.242357
-0.269859 -0.217033 -0.123983 -0.008253 -0.170584 -0.278448 -0.268427 -0.275648 -0.274227 -0.260782
-0.270039 -0.277520 -0.262815 -0.273480 -0.277695 -0.274302 -0.276809 -0.042858 -0.061882 -0.205830
-0.272235 -0.270410 -0.264875 -0.277603 -0.278293 -0.262218 -0.255783 -0.241470 -0.256490 -0.265804
-0.255459 -0.258079 -0.273883 -0.274383 -0.273880 -0.263705 -0.276949 -0.278132 -0.270373 -0.271214
-0.278044 -0.272544 -0.264604 -0.269158 -0.273751 -0.273326 -0.275443 -0.225148 -0.278303 -0.276675
-0.277761 0.117140 0.419420 0.359544 -0.180173 -0.217856 -0.210911 -0.275387 -0.278456 -0.222856
-0.234723 -0.268470 -0.184642 -0.170950 -0.185494 -0.164293 0.176095 -0.107426 -0.051233 -0.032874
-0.271568 -0.277108 -0.278101 -0.277897 -0.276781 -0.278427 -0.230137 -0.215065 -0.274903 -0.197868
-0.267848 -0.012798 0.125461 0.284398 -0.019516 -0.262213 -0.154283 -0.214705 -0.238327 -0.245536
-0.268169 -0.278439 -0.267992 -0.269230 -0.276056 -0.272852 -0.216385 -0.254595 -0.256059 -0.246480
-0.267040 -0.262427 -0.232829 -0.278368 -0.278310 -0.244230 -0.257480 -0.263815 -0.263674 -0.268669
-0.271398 -0.277792 -0.276247 -0.271399 -0.277589 -0.275568 -0.268347 -0.273688 -0.274886 -0.277319
-0.272666 -0.276789 -0.270220 -0.278406 -0.278181 -0.277580 -0.276293 -0.261649 -0.245805 -0.261677
-0.273269 -0.239216 -0.217595 -0.272167 -0.277424 -0.274283 -0.271425 -0.222264 -0.263598 -0.264314
-0.271013 -0.278383 -0.271522 -0.265189 -0.242589 -0.249097 1.163102 1.189086 0.116062 -0.244652
-0.265603 -0.277865 -0.268835 -0.191942 -0.244861 -0.254411 -0.261336 -0.232317 -0.262549 -0.274644
-0.277489 -0.212215 -0.277422 -0.278413 -0.243625 -0.278071 -0.199551 -0.185158 -0.246138 -0.241414
-0.277059 -0.223987 -0.265153 -0.275186 -0.274445 -0.278426 -0.276191 -0.255364 -0.278248 -0.273537
-0.251243 -0.278275 -0.246369 -0.271288 -0.278381 -0.254326 -0.254606 -0.278210 -0.272633 -0.277490
-0.274897 -0.271586 -0.263767 -0.272429 -0.270871 -0.269654 -0.267656 -0.265315 -0.262157 -0.260353
-0.263477 -0.275241 -0.273945 -0.273870 -0.273630 -0.272244 -0.270150 -0.256413 -0.271443 -0.263501
-0.261958 -0.262661 -0.273786 -0.137895 -0.136879 -0.253880 -0.165664 -0.216612 -0.230224 -0.255331
-0.275638 -0.272270 -0.176582 -0.155346 -0.210875 -0.231349 -0.253019 -0.199116 -0.244774 -0.230899
-0.239527 -0.270511 -0.233780 -0.270304 -0.278449 -0.269279 -0.253082 -0.260753 -0.276101 -0.275526
-0.277429 -0.278452 -0.200240 -0.265690 -0.276862 -0.275077 -0.249185 -0.197892 -0.265342 -0.262062
-0.275346 -0.223093 -0.219590 -0.269938 -0.276284 -0.260301 -0.277713 -0.175437 -0.274952 -0.229964
-0.227622 -0.273977 -0.273437 -0.274909 -0.277638 -0.266527 -0.264436 -0.265092 -0.110751 -0.270301
-0.273366 -0.277481 -0.272394 -0.272260 -0.275541 -0.272700 -0.274288 -0.276084 -0.273403 -0.269324
-0.275761 -0.276118 -0.261388 -0.269129 -0.112008 -0.277448 -0.260690 0.083218 -0.039880 -0.278433
-0.269628 -0.275230 -0.266324 -0.274770 -0.259709 -0.269277 -0.188357 -0.270908 -0.266415 -0.255088
-0.202876 -0.191116 -0.275733 -0.229446 -0.274082 -0.272729 -0.211389 -0.241636 -0.254354 -0.270612
-0.276581 -0.266269 -0.277905 -0.262185 -0.244290 -0.255379 -0.263168 -0.234036 -0.207362 -0.261527
-0.249080 -0.261044 -0.275155 -0.276750 -0.275119 -0.271706 -0.278365 -0.264485 -0.272887 -0.241581
-0.223513 -0.248406 -0.265838 -0.275271 -0.272849 -0.263567 -0.274119 -0.151399 -0.277750 -0.275654
-0.278174 -0.277413 -0.275962 -0.273485 -0.275039 -0.275606 -0.272989 -0.253418 -0.269386 -0.276345
-0.277358 -0.254763 -0.270013 -0.277461 -0.275295 -0.277557 -0.267453 -0.278348 -0.277512 -0.277364
-0.276577 -0.247469 -0.270525 -0.278388 -0.277060 -0.276184 -0.277937 -0.241539 -0.271939 -0.262818
-0.273268 -0.266287 -0.235759 -0.261216 -0.254302 -0.184459 -0.205747 -0.274843 -0.278125 -0.268191
-0.272198 -0.259222 -0.239509 -0.278464 -0.232152 -0.276972 -0.235351 -0.189176 -0.188595 -0.210677
-0.237879 -0.251058 -0.259971 -0.238736 -0.252183 -0.275674 -0.273243 -0.255492 -0.205367 -0.193349
0.357716 0.450058 0.081967 0.009753 -0.111786 -0.101865 0.288197 0.457081 -0.057050 0.061110
0.149137 0.019826 -0.016625 0.000455 -0.068258 -0.253440 -0.277677 0.564470 0.157306 -0.019338
-0.151786 -0.105141 -0.043542 0.138389 0.292632 0.249259 0.047326 -0.128732 0.192961 0.437311
0.573164 0.688450 0.171762 0.004297 -0.126179 0.019288 -0.149544 -0.233136 -0.264240 -0.204302
0.324257 0.275756 0.033889 -0.201138 -0.268852 -0.158775 -0.257501 -0.267035 -0.276681 -0.264936
-0.132199 -0.155091 -0.226986 0.018575 -0.144027 -0.273932 -0.275405 -0.239056 -0.174289 -0.262815
-0.275047 -0.257695 -0.255905 -0.233854 -0.201424 -0.189015 -0.215859 -0.224955 -0.206555 -0.263866
-0.259497 -0.259161 -0.274054 -0.258913 -0.255411 -0.239533 -0.242558 -0.245752 -0.233013 -0.273843
-0.276233 -0.278430 -0.259598 -0.270633 -0.273261 -0.253243 -0.179460 -0.173732 -0.265871 -0.278457
-0.276804 -0.278336 -0.268113 -0.248425 -0.170708 -0.166057 -0.277953 -0.278328 -0.277645 -0.277716
-0.278208 -0.265066 -0.169087 -0.140924 -0.228459 -0.241934 -0.210560 -0.163193 -0.215321 -0.265134
-0.277986 -0.278208 -0.277607 -0.278306 -0.276212 -0.267767 -0.211436 -0.227908 -0.179080 -0.223652
-0.271463 -0.277183 -0.222517 -0.201799 -0.246780 -0.200292 -0.225435 -0.267353 -0.218939 -0.198609
-0.246020 -0.252060 -0.235482 -0.251333 -0.269721 -0.264944 -0.256185 -0.243928 -0.254338 -0.267517
-0.265711 -0.242371 -0.229611 -0.266795 -0.268426 -0.239133 -0.234192 -0.249948 -0.259964 -0.247709
-0.248337 -0.256950 -0.244470 -0.224819 -0.232032 -0.248204 -0.241270 -0.188775 -0.133612 -0.117132

