0.744096 0.573929 0.622172 0.670072 0.692887 0.707652 0.719112 0.731471 0.702640 0.706565 
0.719482 0.691187 0.698573 0.682795 0.750042 0.755714 0.719291 0.718376 0.717145 0.714251 
0.725874 0.714129 0.722986 0.724088 0.743534 0.735095 0.739358 0.733084 0.721079 0.726018 
0.686574 0.739453 0.730762 0.740561 0.728918 0.733633 0.726074 0.712747 0.664751 0.746827 
0.811740 0.761173 0.742434 0.781458 0.836963 0.870243 0.844779 0.819101 0.843532 0.855789 
0.836407 0.828239 0.829084 0.797214 0.841261 0.833369 0.837389 0.821538 0.830073 0.845599 
0.851223 0.842014 0.850024 0.866249 0.857883 0.857102 0.840729 0.862771 0.872424 0.855510 
0.815726 0.843200 0.870944 0.850012 0.865486 0.864757 0.851692 0.846022 0.818288 0.794948 
0.642990 0.625903 0.587810 0.605924 0.669040 0.752787 0.717263 0.661035 0.693324 0.728905 
0.688341 0.630944 0.673302 0.648816 0.697563 0.711830 0.729411 0.696402 0.695977 0.710051 
0.723056 0.717323 0.753366 0.753029 0.733598 0.739349 0.728615 0.745163 0.710742 0.718842 
0.734125 0.734547 0.732599 0.719651 0.755137 0.725533 0.674076 0.722442 0.747075 0.686105 
0.548896 0.500806 0.500264 0.495866 0.526071 0.732569 0.674844 0.623811 0.623211 0.662458 
0.615615 0.533308 0.649058 0.690300 0.603967 0.658541 0.669982 0.709221 0.630544 0.631263 
0.703191 0.683479 0.672054 0.692418 0.706495 0.707097 0.702050 0.689633 0.664021 0.676350 
0.681822 0.682414 0.642423 0.685290 0.703049 0.674666 0.625936 0.686464 0.728688 0.672039 
0.550742 0.533849 0.574752 0.519989 0.602314 0.670694 0.706255 0.674455 0.635143 0.653185 
0.619318 0.592380 0.640415 0.663147 0.553595 0.594611 0.604969 0.681694 0.645563 0.697967 
0.714384 0.651878 0.638612 0.643129 0.674465 0.705118 0.685694 0.651484 0.672032 0.702252 
0.637656 0.651434 0.622508 0.670401 0.683129 0.679143 0.628568 0.617720 0.699682 0.667279 
0.564428 0.528318 0.570752 0.604753 0.627115 0.674305 0.727039 0.678022 0.586205 0.584452 
0.624924 0.683308 0.637442 0.599252 0.535711 0.578402 0.596902 0.590827 0.665202 0.678754 
0.667977 0.675925 0.687607 0.654754 0.659759 0.662971 0.697908 0.669511 0.673865 0.713857 
0.689276 0.681651 0.664029 0.644622 0.674729 0.680099 0.634758 0.612637 0.674694 0.679480 
0.569037 0.487839 0.469193 0.560634 0.613041 0.618117 0.546266 0.585322 0.605627 0.609139 
0.614911 0.653667 0.605823 0.604437 0.585906 0.587141 0.588344 0.598019 0.645956 0.633122 
0.614850 0.677781 0.712012 0.706606 0.696492 0.644207 0.695666 0.705344 0.659063 0.641584 
0.710967 0.685367 0.676047 0.648148 0.669652 0.642337 0.613728 0.644050 0.661942 0.673760 
0.567232 0.530210 0.508102 0.540593 0.544826 0.576676 0.536713 0.556351 0.641126 0.634547 
0.614933 0.610289 0.606967 0.624663 0.685797 0.673902 0.653778 0.589311 0.603938 0.641272 
0.599738 0.626512 0.699229 0.697213 0.648916 0.664864 0.679395 0.682045 0.659408 0.647909 
0.654793 0.664779 0.678517 0.651730 0.672071 0.690033 0.664318 0.630229 0.677851 0.671352 
0.612476 0.575233 0.507302 0.517149 0.583662 0.604355 0.590808 0.566227 0.616168 0.599084 
0.571445 0.555029 0.613552 0.628429 0.645435 0.665995 0.683771 0.657421 0.647189 0.694798 
0.643140 0.635958 0.667451 0.689038 0.634177 0.662294 0.659041 0.624173 0.616860 0.655019 
0.642520 0.663996 0.687123 0.663662 0.687001 0.726278 0.677878 0.640424 0.679622 0.698103 
0.599339 0.567428 0.555587 0.565441 0.639738 0.620285 0.603380 0.632591 0.637019 0.636811 
0.606030 0.631412 0.601225 0.606461 0.596252 0.624095 0.674653 0.666372 0.674211 0.646506 
0.635578 0.668403 0.692116 0.661467 0.663715 0.674499 0.691207 0.624784 0.640636 0.678386 
0.678218 0.665993 0.654507 0.631044 0.688404 0.693972 0.623800 0.641634 0.688085 0.680605 
0.552332 0.501891 0.524967 0.575532 0.638501 0.636995 0.650600 0.662952 0.633924 0.601179 
0.625394 0.661732 0.606391 0.649159 0.641186 0.537278 0.636826 0.717372 0.668321 0.633373 
0.635015 0.662218 0.677139 0.628380 0.620726 0.671154 0.699575 0.649721 0.643229 0.682235 
0.688146 0.667438 0.638002 0.617884 0.673216 0.649438 0.613712 0.668579 0.712888 0.649505 
0.581061 0.496791 0.481998 0.545599 0.581105 0.594506 0.657877 0.649658 0.630829 0.591366 
0.661288 0.610937 0.621967 0.718716 0.684005 0.536837 0.614909 0.718925 0.648799 0.665217 
0.672463 0.661045 0.633850 0.656488 0.630738 0.655632 0.686244 0.638703 0.589694 0.681104 
0.691950 0.672251 0.644058 0.636120 0.674890 0.630930 0.588407 0.673281 0.748363 0.667150 
0.591535 0.520148 0.506086 0.561277 0.592455 0.552378 0.583733 0.644497 0.653193 0.636248 
0.654976 0.603137 0.606860 0.699164 0.514309 0.370681 0.544127 0.589562 0.661438 0.678772 
0.642625 0.669010 0.674618 0.700730 0.609915 0.634017 0.743640 0.702655 0.633386 0.666084 
0.662909 0.670841 0.658949 0.654825 0.667088 0.602707 0.544181 0.652767 0.775481 0.695995 
0.597870 0.574717 0.542921 0.552146 0.648019 0.623812 0.594312 0.648315 0.674931 0.624701 
0.625722 0.636602 0.573694 0.635704 0.668034 0.739686 0.829786 0.581633 0.617347 0.673771 
0.675233 0.729734 0.729695 0.729067 0.674693 0.646243 0.726353 0.694353 0.687945 0.667512 
0.637534 0.672803 0.666283 0.670458 0.671713 0.622668 0.570844 0.621753 0.765566 0.714082 
0.581234 0.521659 0.525837 0.562299 0.685062 0.682499 0.559231 0.584408 0.733944 0.666327 
0.644368 0.644605 0.505649 0.377877 0.352449 0.741378 0.574806 0.423465 0.568721 0.688902 
0.662912 0.678172 0.685277 0.687176 0.718991 0.682021 0.645523 0.668597 0.682160 0.663836 
0.629573 0.675504 0.673072 0.667557 0.659553 0.641776 0.570179 0.561702 0.682753 0.666900 
0.611984 0.511954 0.524293 0.609829 0.690645 0.651506 0.551421 0.589194 0.696715 0.674635 
0.632779 0.552287 0.573110 0.557527 0.403976 0.239458 0.306367 0.402101 0.580824 0.702977 
0.664456 0.687297 0.697495 0.704084 0.688054 0.652187 0.650217 0.679060 0.686092 0.659756 
0.628245 0.672657 0.657889 0.626782 0.652669 0.647484 0.567636 0.542330 0.592712 0.653127 
0.595164 0.531492 0.542099 0.597718 0.665292 0.629620 0.603334 0.648163 0.655815 0.659613 
0.652607 0.557587 0.576648 0.687711 0.723293 0.802980 0.789144 0.657350 0.612188 0.662297 
0.670657 0.692958 0.634246 0.666241 0.632979 0.647781 0.651609 0.675551 0.691798 0.657826 
0.654357 0.677819 0.667762 0.653965 0.684956 0.690047 0.618727 0.569620 0.572122 0.657868 
0.606362 0.519797 0.549792 0.619185 0.643412 0.662390 0.620844 0.652671 0.651055 0.655944 
0.646214 0.649318 0.649889 0.622558 0.631981 0.707989 0.756030 0.706802 0.683148 0.723312 
0.679501 0.683901 0.642441 0.681246 0.695068 0.696831 0.667405 0.664666 0.666322 0.691930 
0.695155 0.681738 0.675000 0.686403 0.685923 0.688175 0.622125 0.616699 0.670460 0.685409 
0.625845 0.548574 0.562068 0.616911 0.662120 0.670887 0.598973 0.620864 0.637064 0.655420 
0.669213 0.709610 0.701311 0.642044 0.604051 0.631753 0.658922 0.633674 0.691697 0.709300 
0.664653 0.646586 0.649170 0.695399 0.714599 0.707913 0.645718 0.629765 0.674199 0.685864 
0.656712 0.672657 0.654697 0.667391 0.670664 0.667823 0.634604 0.623807 0.678794 0.642117 
0.600427 0.580242 0.532516 0.549438 0.614815 0.650819 0.634587 0.614330 0.642114 0.653251 
0.668747 0.683235 0.676110 0.700348 0.667590 0.668582 0.680397 0.599926 0.656040 0.687097 
0.696171 0.642605 0.641828 0.646999 0.654754 0.684512 0.662516 0.652959 0.696025 0.639120 
0.602932 0.685571 0.654610 0.648442 0.693990 0.683233 0.661276 0.618352 0.659283 0.667660 
0.563727 0.592396 0.529166 0.614621 0.719852 0.757908 0.765685 0.689484 0.698757 0.729187 
0.662129 0.700629 0.684494 0.715310 0.692809 0.677715 0.697247 0.664350 0.690328 0.680989 
0.656215 0.656935 0.647951 0.637575 0.636350 0.663828 0.682255 0.687974 0.669145 0.661926 
0.660200 0.747741 0.722958 0.671860 0.724561 0.742451 0.697077 0.663059 0.692530 0.695597 
0.612710 0.640768 0.429355 0.570525 0.610445 0.523973 0.481023 0.490119 0.646644 0.614153 
0.595091 0.671133 0.640987 0.670427 0.648076 0.665533 0.685983 0.689546 0.688718 0.699503 
0.686005 0.670385 0.660350 0.655920 0.665669 0.679870 0.656362 0.668294 0.675461 0.715419 
0.750448 0.720311 0.726348 0.710407 0.689883 0.741715 0.741016 0.732685 0.708629 0.697905 
0.680816 0.697937 0.399675 0.415031 0.464080 0.738867 0.664946 0.659504 0.703346 0.587879 
0.590884 0.642964 0.625513 0.650386 0.659715 0.701188 0.668440 0.617576 0.625353 0.682421 
0.712632 0.696046 0.681583 0.668460 0.702572 0.690337 0.626760 0.657813 0.715235 0.720201 
0.703394 0.673563 0.713309 0.753073 0.689588 0.693476 0.734126 0.754093 0.732351 0.657283 
0.722571 0.837390 0.638589 0.492435 0.608119 0.791175 0.515525 0.555170 0.673079 0.608074 
0.573420 0.592476 0.565771 0.630342 0.677581 0.683212 0.648421 0.650475 0.643983 0.623852 
0.682374 0.712269 0.699463 0.686058 0.716485 0.709302 0.697669 0.723914 0.725456 0.687056 
0.683786 0.704199 0.702396 0.703708 0.650859 0.662388 0.718598 0.739381 0.757585 0.756202 
0.507856 0.680943 0.563220 0.453626 0.509057 0.722749 0.584117 0.350816 0.516419 0.615073 
0.714683 0.499391 0.531673 0.614418 0.662002 0.677821 0.657439 0.701562 0.674608 0.633729 
0.714646 0.750860 0.730908 0.745911 0.742539 0.713918 0.715602 0.713507 0.716054 0.721755 
0.706968 0.698316 0.682514 0.696325 0.617899 0.613268 0.654639 0.602768 0.505760 0.587518 
0.556034 0.543252 0.468077 0.528958 0.481092 0.784174 0.761395 0.494941 0.395929 0.713717 
0.861596 0.664095 0.503399 0.628937 0.666198 0.689164 0.702408 0.742294 0.710738 0.711604 
0.726465 0.731458 0.735458 0.771519 0.746823 0.700957 0.732151 0.738763 0.692410 0.661405 
0.733473 0.713249 0.703513 0.745938 0.658437 0.475507 0.556919 0.519393 0.448464 0.633166 
0.688861 0.719812 0.634292 0.466507 0.402593 0.681105 0.707781 0.596597 0.194931 0.388884 
0.741817 0.720621 0.451973 0.607290 0.662475 0.702610 0.742807 0.763311 0.783215 0.754470 
0.693815 0.676496 0.735702 0.754102 0.765230 0.743360 0.730620 0.722643 0.641456 0.641348 
0.775897 0.838380 0.788021 0.796506 0.589695 0.472398 0.649887 0.627388 0.533978 0.556963 
0.662468 0.750332 0.647078 0.398586 0.669222 0.729583 0.755030 0.759608 0.287265 0.278190 
0.641320 0.758252 0.585089 0.592686 0.621209 0.674901 0.757291 0.763819 0.777117 0.746312 
0.697088 0.678318 0.751070 0.713247 0.720281 0.704340 0.617563 0.625215 0.593333 0.558155 
0.591893 0.631005 0.527491 0.372693 0.514035 0.407444 0.485181 0.508778 0.534786 0.519908 
0.620213 0.620104 0.528337 0.597615 0.472046 0.596956 0.730295 0.671790 0.275368 0.229600 
0.543214 0.616192 0.569883 0.535692 0.536291 0.532440 0.659132 0.634382 0.625274 0.461872 
0.457309 0.504801 0.658408 0.671142 0.662686 0.586587 0.570598 0.559937 0.554019 0.497457 
0.532605 0.612039 0.473828 0.374503 0.734805 0.628557 0.417388 0.401156 0.686607 0.559461 
0.666339 0.627720 0.529535 0.715471 0.544722 0.388314 0.577849 0.659240 0.355862 0.397489 
0.555209 0.626585 0.476991 0.519792 0.540031 0.445485 0.658162 0.607630 0.667278 0.518912 
0.411697 0.419374 0.438264 0.432109 0.466176 0.508815 0.392094 0.472019 0.369055 0.298018 
0.425546 0.767164 0.450559 0.613207 0.757363 0.830437 0.684324 0.643722 0.377641 0.531461 
0.656543 0.533489 0.460689 0.641288 0.814391 0.710065 0.736788 0.707557 0.493351 0.627880 
0.297046 0.603649 0.599682 0.710984 0.570078 0.373522 0.566135 0.419922 0.379640 0.367514 
0.311142 0.382985 0.387625 0.406873 0.577141 0.650625 0.496273 0.487222 0.377114 0.385596 
0.625837 0.421358 0.186075 0.244434 0.300020 0.598916 0.742216 0.820995 0.707745 0.699089 
0.663604 0.657308 0.577065 0.507765 0.628686 0.567532 0.609446 0.548909 0.432567 0.308898 
0.393822 0.544594 0.544968 0.657907 0.504338 0.331620 0.425393 0.252928 0.223755 0.424080 
0.466887 0.614873 0.727688 0.343703 0.303904 0.680980 0.756509 0.531354 0.675786 0.670379 
0.738126 0.442938 0.307728 0.357311 0.319840 0.573849 0.604799 0.735615 0.691694 0.559602 
0.683522 0.657155 0.524029 0.540151 0.561689 0.572755 0.722101 0.374422 0.539304 0.355766 
0.430379 0.560185 0.582713 0.639201 0.518779 0.349542 0.177182 0.258670 0.344986 0.592537 
0.678138 0.831755 0.570090 0.237650 0.336218 0.577591 0.609932 0.508280 0.485325 0.641259 
0.607556 0.380511 0.570375 0.707246 0.700940 0.665697 0.518308 0.517153 0.641201 0.567811 
0.721297 0.660628 0.504118 0.516187 0.594188 0.587258 0.537908 0.465066 0.515247 0.580997 
0.638374 0.700926 0.788711 0.706335 0.688080 0.494319 0.314127 0.581396 0.644429 0.239637 
0.213973 0.733734 0.439668 0.498330 0.297877 0.636001 0.632257 0.690067 0.288698 0.555779 
0.720155 0.462008 0.695852 0.714773 0.829353 0.780092 0.567970 0.685611 0.688954 0.600580 
0.569681 0.541557 0.496151 0.493589 0.531081 0.650771 0.396007 0.488740 0.659441 0.869345 
0.757105 0.644836 0.772316 0.618993 0.545116 0.514175 0.565723 0.651098 0.487002 0.058342 
0.333757 0.709199 0.406094 0.325805 0.585756 0.650217 0.643491 0.536698 0.441912 0.571920 
0.682391 0.627326 0.689772 0.609963 0.608283 0.705143 0.514057 0.629631 0.527556 0.621682 
0.457149 0.678097 0.680039 0.584111 0.437102 0.624489 0.402915 0.415231 0.626709 0.793844 
0.564891 0.561122 0.728716 0.671171 0.582186 0.553032 0.669253 0.599863 0.694339 0.476933 
0.464990 0.308009 0.386974 0.442277 0.562261 0.649337 0.755297 0.639581 0.589154 0.635695 
0.632037 0.628243 0.434661 0.328664 0.697232 0.731781 0.574563 0.640741 0.592706 0.599780 
0.533644 0.722708 0.590038 0.511423 0.457049 0.466561 0.321913 0.425475 0.544045 0.593032 
0.431509 0.415947 0.462800 0.546019 0.589956 0.518595 0.547621 0.508549 0.695609 0.843397 
0.786830 0.574205 0.604747 0.535167 0.750455 0.840137 0.558504 0.634547 0.499845 0.731878 
0.736555 0.733657 0.549489 0.351721 0.786187 0.766442 0.668931 0.503775 0.462407 0.644497 
0.568128 0.676280 0.663115 0.524095 0.497760 0.618480 0.421188 0.383712 0.607535 0.422635 
0.462613 0.582665 0.612226 0.643097 0.601291 0.577236 0.600264 0.462354 0.438091 0.645253 
0.775357 0.784474 0.739800 0.556173 0.671022 0.858212 0.710949 0.730758 0.569537 0.773413 
0.643854 0.725240 0.450742 0.309794 0.537767 0.558981 0.539833 0.253432 0.322709 0.583876 
0.544896 0.728836 0.596998 0.536796 0.554147 0.631262 0.530363 0.420912 0.751268 0.479163 
0.445326 0.514722 0.595312 0.681128 0.606017 0.746605 0.773898 0.671694 0.751553 0.657360 
0.464432 0.503970 0.502284 0.292814 0.497041 0.717675 0.522975 0.633059 0.563363 0.580544 
0.516096 0.583757 0.608320 0.499443 0.641597 0.676134 0.609621 0.660487 0.714487 0.619994 
0.688298 0.788323 0.636541 0.449060 0.519291 0.556364 0.504193 0.411519 0.720662 0.625810 
0.592497 0.630466 0.624506 0.654224 0.527041 0.503617 0.499347 0.538807 0.741376 0.704703 
0.613781 0.733918 0.652207 0.617355 0.684106 0.743068 0.837693 0.865306 0.816366 0.654119 
0.629001 0.666531 0.760923 0.761900 0.770751 0.715634 0.714924 0.766965 0.755979 0.664966 
0.820626 0.185170 0.131553 0.130025 0.122775 0.126232 0.134623 0.153173 0.122316 0.131086 
0.123859 0.130061 0.177096 0.221357 0.215511 0.194954 0.177009 0.151843 0.142571 0.149215 
0.133074 0.140785 0.134862 0.133770 0.155664 0.144699 0.164161 0.145692 0.151148 0.155590 
0.167160 0.145195 0.158504 0.139671 0.141883 0.138290 0.124858 0.135086 0.138783 0.407073 
0.857323 0.290392 0.180035 0.141785 0.182694 0.200014 0.182526 0.188460 0.171631 0.193476 
0.155942 0.147431 0.194139 0.243274 0.231691 0.204123 0.249392 0.205438 0.218942 0.206392 
0.232629 0.205832 0.193198 0.200560 0.207180 0.194688 0.210569 0.199508 0.220727 0.270619 
0.210712 0.177367 0.227586 0.186745 0.209279 0.208791 0.174348 0.185882 0.237658 0.545437 
0.717717 0.136735 0.118295 0.101118 0.099168 0.142241 0.098299 0.124068 0.099998 0.120826 
0.098252 0.090425 0.112534 0.123846 0.197478 0.120318 0.182594 0.158857 0.134857 0.149034 
0.137811 0.128923 0.134030 0.142820 0.133574 0.144145 0.155863 0.155625 0.146269 0.131577 
0.169474 0.128858 0.147815 0.136641 0.184933 0.164538 0.120676 0.147490 0.182237 0.502617 
0.762682 0.105221 0.108391 0.125606 0.091410 0.163034 0.123126 0.093510 0.090728 0.112733 
0.090454 0.091421 0.135561 0.084365 0.298044 0.134392 0.099864 0.147443 0.137017 0.118461 
0.130075 0.137989 0.138329 0.118749 0.122215 0.124378 0.128607 0.128381 0.115049 0.116013 
0.114124 0.134652 0.126602 0.144973 0.171001 0.157413 0.105587 0.123244 0.159690 0.472132 
0.797670 0.148579 0.173271 0.133742 0.079275 0.090896 0.106587 0.100206 0.101144 0.092187 
0.096610 0.094407 0.111686 0.074687 0.138796 0.130958 0.092088 0.104325 0.084399 0.120372 
0.112775 0.119306 0.111775 0.107176 0.114469 0.109927 0.116298 0.113287 0.105152 0.137809 
0.120562 0.122763 0.116936 0.126333 0.120624 0.121451 0.099579 0.103006 0.148614 0.445288 
0.829807 0.148947 0.139873 0.156410 0.084610 0.082028 0.084498 0.118785 0.101786 0.060274 
0.088478 0.111026 0.128613 0.159081 0.095493 0.130345 0.118480 0.099716 0.096153 0.121288 
0.095276 0.108545 0.129138 0.128896 0.166457 0.133861 0.135163 0.145069 0.139100 0.157896 
0.145008 0.129080 0.143919 0.126424 0.120921 0.121139 0.107039 0.118631 0.164615 0.491077 
0.807374 0.132602 0.096716 0.096717 0.087599 0.085489 0.068142 0.068776 0.081928 0.074548 
0.098962 0.148337 0.089903 0.251631 0.128097 0.125076 0.137844 0.102858 0.128517 0.116017 
0.111504 0.090909 0.115330 0.131102 0.180555 0.127081 0.131461 0.145638 0.151897 0.126415 
0.143819 0.124607 0.128490 0.133413 0.141875 0.132886 0.098602 0.115523 0.147433 0.459580 
0.799717 0.142256 0.110046 0.097387 0.077252 0.093159 0.099304 0.066110 0.077770 0.104871 
0.094729 0.133821 0.109583 0.120117 0.114709 0.125366 0.139361 0.140899 0.116856 0.116327 
0.134495 0.103706 0.108215 0.133866 0.124019 0.126886 0.109982 0.122022 0.122876 0.131829 
0.146127 0.131900 0.135735 0.133433 0.139508 0.149741 0.121413 0.118133 0.149811 0.469202 
0.835954 0.176889 0.101117 0.103157 0.094904 0.116665 0.133651 0.096914 0.088926 0.094873 
0.085272 0.099841 0.113617 0.095619 0.109516 0.098007 0.102349 0.118254 0.114359 0.132465 
0.137990 0.135447 0.116462 0.136880 0.122390 0.128242 0.121910 0.110068 0.109518 0.138083 
0.139060 0.138014 0.138593 0.123369 0.134541 0.152186 0.124445 0.114080 0.153536 0.475372 
0.809050 0.153275 0.101051 0.113161 0.116951 0.111573 0.118955 0.110314 0.106962 0.117017 
0.100451 0.160364 0.148485 0.094805 0.101282 0.084700 0.091169 0.080391 0.100731 0.123544 
0.118219 0.151716 0.144225 0.133981 0.120992 0.123005 0.165041 0.127592 0.126799 0.152893 
0.156670 0.143297 0.141343 0.123655 0.131360 0.158562 0.116695 0.115217 0.136700 0.435498 
0.765683 0.143543 0.098100 0.089498 0.100596 0.091583 0.110800 0.121366 0.111784 0.133762 
0.088333 0.128428 0.122481 0.107678 0.103574 0.089581 0.119065 0.105754 0.110366 0.106609 
0.120008 0.135160 0.139887 0.107790 0.095720 0.109934 0.147449 0.117313 0.122219 0.161909 
0.151751 0.151564 0.155361 0.134648 0.134416 0.129284 0.100859 0.131637 0.151817 0.471733 
0.787579 0.165807 0.092870 0.090815 0.094730 0.081743 0.109856 0.092269 0.105968 0.109867 
0.128285 0.093827 0.092158 0.190604 0.148426 0.091320 0.158354 0.160320 0.103697 0.105122 
0.110638 0.129080 0.106753 0.106951 0.096708 0.131664 0.143860 0.141204 0.109666 0.151265 
0.149062 0.150153 0.144018 0.128132 0.130756 0.117829 0.095735 0.148836 0.178044 0.557719 
0.792072 0.178756 0.102477 0.096177 0.101654 0.090050 0.102842 0.112398 0.101403 0.104677 
0.142963 0.091325 0.218518 0.561666 0.510398 0.136755 0.172783 0.349014 0.145933 0.137220 
0.110983 0.125772 0.136218 0.154979 0.128574 0.136744 0.153396 0.166773 0.150119 0.159475 
0.148182 0.136809 0.127050 0.132119 0.146337 0.127279 0.101637 0.185669 0.173894 0.474820 
0.805792 0.167417 0.122797 0.087759 0.094533 0.106297 0.114814 0.144276 0.137906 0.143329 
0.118970 0.122456 0.255535 0.432801 0.637633 0.231808 0.217271 0.416346 0.180453 0.135099 
0.110821 0.136398 0.166598 0.177387 0.136270 0.126967 0.152829 0.132164 0.139881 0.157724 
0.159523 0.146219 0.135764 0.151522 0.146602 0.118947 0.103072 0.210063 0.171893 0.358713 
0.801663 0.130533 0.107773 0.083808 0.094741 0.112773 0.108267 0.117067 0.124093 0.141683 
0.102997 0.093869 0.137104 0.277259 0.084959 0.073183 0.226294 0.244706 0.131095 0.137761 
0.115042 0.122368 0.136678 0.118338 0.109337 0.099577 0.121867 0.124416 0.126071 0.137132 
0.137884 0.147509 0.121517 0.147342 0.139755 0.102505 0.095214 0.203461 0.150595 0.324196 
0.823452 0.134979 0.088390 0.084557 0.097807 0.098162 0.077541 0.108471 0.102205 0.114761 
0.122602 0.081399 0.080636 0.366017 0.230096 0.033455 0.100546 0.071948 0.092160 0.132084 
0.127668 0.129503 0.110433 0.120997 0.107206 0.101224 0.105544 0.143978 0.144023 0.138085 
0.137784 0.164957 0.136004 0.146486 0.145919 0.115596 0.108284 0.193721 0.168590 0.397167 
0.803730 0.119935 0.098821 0.096514 0.085472 0.099396 0.090979 0.114212 0.108000 0.116006 
0.152549 0.093995 0.085196 0.269882 0.337167 0.211907 0.429498 0.332832 0.189727 0.129209 
0.119521 0.131278 0.109646 0.115018 0.129476 0.121432 0.130076 0.167265 0.167512 0.147987 
0.153118 0.163377 0.140975 0.136381 0.161098 0.128351 0.111152 0.163219 0.212874 0.438804 
0.834123 0.166285 0.079074 0.092347 0.094564 0.097892 0.103234 0.077571 0.098748 0.119885 
0.134156 0.111659 0.109438 0.143200 0.133634 0.097812 0.146580 0.253742 0.157044 0.162043 
0.153949 0.140597 0.126795 0.131407 0.140383 0.146632 0.125576 0.144642 0.166427 0.137667 
0.128549 0.147817 0.125888 0.123114 0.135592 0.135878 0.107920 0.126733 0.211369 0.487109 
0.843112 0.138213 0.074045 0.075330 0.101102 0.092264 0.079845 0.080496 0.089901 0.107586 
0.116355 0.128888 0.125850 0.124362 0.103734 0.101330 0.120295 0.139499 0.139556 0.120726 
0.122729 0.132979 0.126977 0.126747 0.133029 0.135703 0.112786 0.098377 0.142152 0.116521 
0.099973 0.138979 0.120919 0.117599 0.114958 0.118473 0.097986 0.113153 0.159842 0.498501 
0.818547 0.111180 0.065563 0.064939 0.104489 0.099067 0.104492 0.102281 0.111714 0.108370 
0.093815 0.112905 0.118407 0.138445 0.127415 0.122255 0.156521 0.131949 0.147528 0.113703 
0.110924 0.131084 0.119302 0.122707 0.116592 0.115789 0.121870 0.108286 0.139837 0.145354 
0.106267 0.151106 0.141542 0.112449 0.135218 0.135271 0.109060 0.116934 0.134803 0.446171 
0.822982 0.127577 0.072079 0.114523 0.182615 0.117271 0.087951 0.113012 0.195983 0.165631 
0.103492 0.101177 0.119963 0.133645 0.127857 0.121694 0.157670 0.149406 0.165364 0.162833 
0.117344 0.132052 0.122510 0.120098 0.126575 0.114482 0.126927 0.136883 0.138451 0.153595 
0.132029 0.157129 0.157761 0.128664 0.130865 0.129329 0.092450 0.093887 0.124726 0.423332 
0.619850 0.103761 0.114045 0.239946 0.113707 0.125267 0.114516 0.178752 0.204979 0.352520 
0.128010 0.112392 0.100898 0.121358 0.118897 0.115752 0.150418 0.148361 0.133903 0.153744 
0.127659 0.132194 0.127414 0.114460 0.130634 0.126373 0.120926 0.113975 0.110490 0.122572 
0.141310 0.131356 0.104519 0.092990 0.085211 0.094952 0.070929 0.073738 0.081633 0.355370 
0.538991 0.233499 0.279556 0.114588 0.391323 0.450675 0.212379 0.397579 0.622396 0.286835 
0.185124 0.111234 0.098035 0.129089 0.122289 0.133680 0.139844 0.115946 0.108849 0.104034 
0.116993 0.110870 0.111968 0.110445 0.127133 0.138892 0.122256 0.097230 0.107993 0.115035 
0.119012 0.100436 0.073435 0.077653 0.077360 0.067706 0.063389 0.078825 0.113313 0.337960 
0.412475 0.402495 0.334399 0.089912 0.289988 0.231747 0.209523 0.166701 0.474924 0.357695 
0.220953 0.219424 0.086318 0.112381 0.124582 0.125889 0.122440 0.123824 0.114909 0.128437 
0.123490 0.107355 0.097277 0.102462 0.103147 0.097715 0.107515 0.106578 0.122467 0.106621 
0.083052 0.073497 0.060501 0.058189 0.060967 0.058045 0.070246 0.102860 0.098683 0.298112 
0.249958 0.233238 0.248448 0.117500 0.109357 0.147322 0.184872 0.184599 0.155527 0.370269 
0.371140 0.502210 0.124980 0.123652 0.118702 0.114336 0.114050 0.122987 0.115694 0.115143 
0.147977 0.124495 0.105025 0.111236 0.116479 0.088182 0.089048 0.100734 0.093605 0.086599 
0.066875 0.055118 0.063762 0.071161 0.049624 0.043707 0.067834 0.166858 0.043961 0.436779 
0.417820 0.278892 0.224082 0.314918 0.157152 0.230483 0.124894 0.128487 0.257540 0.418716 
0.729732 0.715233 0.143374 0.119134 0.112509 0.098194 0.097563 0.121282 0.128548 0.085258 
0.065808 0.072692 0.070039 0.080282 0.084895 0.076113 0.075800 0.085418 0.069230 0.055941 
0.069595 0.076810 0.076666 0.075308 0.046174 0.038384 0.106665 0.130581 0.044430 0.483885 
0.611961 0.254466 0.404008 0.280834 0.088205 0.213519 0.209520 0.195785 0.127641 0.182830 
0.861010 0.672143 0.185035 0.082388 0.098577 0.089587 0.112311 0.159255 0.157834 0.124203 
0.045220 0.056931 0.074406 0.077622 0.069015 0.067325 0.058944 0.051277 0.046680 0.050406 
0.089670 0.095697 0.030314 0.034988 0.032165 0.104280 0.154130 0.220665 0.097264 0.284740 
0.657458 0.329144 0.512828 0.167532 0.146247 0.321752 0.161930 0.202955 0.098059 0.229613 
0.961277 0.577229 0.141958 0.057939 0.061888 0.090537 0.183908 0.251441 0.176616 0.143069 
0.071807 0.089929 0.124730 0.093170 0.070433 0.057018 0.040732 0.039961 0.045508 0.090806 
0.145160 0.259452 0.041927 0.224117 0.132070 0.155008 0.300863 0.127410 0.062127 0.134667 
0.641336 0.280790 0.261287 0.319680 0.099242 0.067240 0.164208 0.240235 0.139537 0.256579 
0.978031 0.718928 0.107553 0.057952 0.061822 0.131566 0.379456 0.355649 0.165636 0.118903 
0.084668 0.139033 0.126909 0.074736 0.063952 0.068746 0.075592 0.084469 0.076717 0.155554 
0.276969 0.178754 0.272070 0.251845 0.361043 0.150553 0.317640 0.075330 0.129871 0.218439 
0.601166 0.225363 0.237756 0.433331 0.318845 0.116843 0.394332 0.195112 0.139952 0.099237 
0.971429 0.891031 0.095267 0.070169 0.076853 0.126053 0.354518 0.326579 0.083064 0.123022 
0.119505 0.180945 0.203155 0.057888 0.221345 0.098074 0.123934 0.197997 0.106164 0.204022 
0.139128 0.117588 0.113318 0.106626 0.250455 0.143544 0.220094 0.268978 0.246882 0.293818 
0.529159 0.228164 0.219926 0.287427 0.224083 0.139269 0.275044 0.128619 0.150703 0.175295 
0.919939 0.926419 0.082114 0.059465 0.050302 0.154358 0.401641 0.288250 0.077149 0.143453 
0.098720 0.179889 0.049034 0.056379 0.327482 0.263804 0.202215 0.313173 0.266298 0.146797 
0.236377 0.100027 0.064280 0.047605 0.047822 0.120754 0.262187 0.192606 0.218121 0.425846 
0.685817 0.203676 0.095646 0.145336 0.118438 0.149961 0.327577 0.149528 0.079767 0.095477 
0.481361 0.664755 0.124603 0.339214 0.120656 0.160897 0.408814 0.371969 0.283563 0.250261 
0.077405 0.120061 0.240706 0.132470 0.095773 0.268851 0.369927 0.262717 0.131244 0.107567 
0.166382 0.257339 0.127025 0.120808 0.094164 0.083971 0.081625 0.093144 0.105081 0.456509 
0.705494 0.199501 0.108603 0.103773 0.122905 0.251191 0.251230 0.194519 0.134970 0.133458 
0.365840 0.759867 0.267257 0.328580 0.230065 0.222902 0.192418 0.022036 0.076662 0.210383 
0.146128 0.089229 0.213433 0.126785 0.115743 0.184095 0.259544 0.368761 0.094578 0.074501 
0.118948 0.168448 0.258676 0.223609 0.140169 0.189257 0.121720 0.072638 0.110009 0.446552 
0.722944 0.252972 0.093053 0.084957 0.123204 0.158758 0.110663 0.075436 0.170797 0.138238 
0.186840 0.378553 0.216462 0.115473 0.262638 0.189274 0.166987 0.186357 0.157478 0.081231 
0.039147 0.165452 0.309285 0.098897 0.121836 0.397786 0.271835 0.344061 0.057571 0.058980 
0.206522 0.101581 0.227534 0.119071 0.172250 0.166541 0.109760 0.087358 0.132915 0.362241 
0.598422 0.093147 0.111712 0.103319 0.139849 0.154445 0.084970 0.084383 0.142126 0.191432 
0.314401 0.170023 0.126142 0.229339 0.374452 0.089068 0.162454 0.086511 0.062206 0.042049 
0.020226 0.250603 0.176442 0.070494 0.039276 0.381606 0.299495 0.070708 0.096544 0.260044 
0.282016 0.098671 0.061618 0.178268 0.214575 0.119357 0.088486 0.134543 0.136082 0.494640 
0.595029 0.180100 0.183128 0.161825 0.223806 0.173686 0.123724 0.207304 0.117343 0.141827 
0.152462 0.055390 0.095077 0.102192 0.155971 0.142738 0.116744 0.059691 0.084138 0.191064 
0.115864 0.144082 0.130777 0.201063 0.196218 0.300135 0.405359 0.150489 0.167616 0.217235 
0.214819 0.152220 0.233030 0.205183 0.313302 0.263855 0.143135 0.200463 0.272339 0.485257 
0.581161 0.237289 0.104580 0.212102 0.363906 0.144796 0.101526 0.273926 0.361312 0.247792 
0.064403 0.066475 0.076156 0.077518 0.093219 0.124326 0.100655 0.082957 0.127305 0.199703 
0.247338 0.123688 0.240672 0.088614 0.337308 0.422039 0.092182 0.133971 0.154148 0.125769 
0.167790 0.211570 0.144486 0.066103 0.127971 0.222584 0.141653 0.210494 0.203047 0.232845 
0.560648 0.244871 0.121067 0.171740 0.299504 0.365895 0.284690 0.429484 0.831452 0.566889 
0.082598 0.113179 0.136223 0.102113 0.130399 0.174419 0.150670 0.104510 0.095393 0.087566 
0.140899 0.171562 0.277764 0.157753 0.264031 0.237825 0.324655 0.121097 0.214060 0.162391 
0.243100 0.184562 0.074836 0.026642 0.054944 0.116391 0.163732 0.131355 0.223141 0.161575 
0.614310 0.223740 0.125934 0.127723 0.148991 0.267593 0.389465 0.417929 0.742164 0.690613 
0.166029 0.074657 0.155831 0.164076 0.109557 0.095290 0.091613 0.065319 0.214699 0.157565 
0.137436 0.131465 0.210879 0.080500 0.121333 0.142729 0.124223 0.174300 0.257169 0.119738 
0.235532 0.151502 0.070945 0.144792 0.164029 0.200710 0.100718 0.088089 0.163135 0.653703 
0.683855 0.515344 0.385527 0.311458 0.320310 0.260690 0.369334 0.510172 0.485035 0.848512 
0.553670 0.350598 0.312552 0.485909 0.143949 0.259665 0.452001 0.254822 0.473322 0.543223 
0.378371 0.518951 0.414434 0.287651 0.293057 0.485708 0.188315 0.341514 0.317923 0.337471 
0.385412 0.234083 0.371501 0.369020 0.289964 0.303235 0.209373 0.248820 0.253875 0.624551 
0.767720 0.782693 0.717433 0.707336 0.715888 0.728676 0.715384 0.698671 0.729016 0.707845 
0.705567 0.705910 0.719529 0.741779 0.707422 0.731907 0.698645 0.686476 0.674143 0.661892 
0.683628 0.675553 0.688030 0.695217 0.686654 0.710797 0.689665 0.697154 0.703998 0.695773 
0.677775 0.722057 0.705612 0.706260 0.710002 0.704698 0.697716 0.689034 0.697377 0.686179 
0.824730 0.877508 0.850402 0.809847 0.809853 0.847354 0.826594 0.781868 0.825515 0.818013 
0.826285 0.833674 0.849328 0.844438 0.804254 0.835629 0.844465 0.811345 0.807795 0.809228 
0.811645 0.813228 0.796301 0.803407 0.802630 0.824395 0.817834 0.812221 0.831836 0.844015 
0.836779 0.831277 0.831492 0.821124 0.818537 0.807066 0.805918 0.833501 0.811355 0.729368 
0.784877 0.853858 0.823574 0.784641 0.770894 0.819993 0.814170 0.807651 0.809634 0.817231 
0.822624 0.810718 0.831702 0.814684 0.801260 0.830960 0.841529 0.830611 0.827491 0.834997 
0.858443 0.838346 0.818497 0.840302 0.845921 0.833334 0.829072 0.833401 0.855183 0.843670 
0.851740 0.833275 0.842257 0.835779 0.828006 0.818967 0.834343 0.865042 0.816861 0.709052 
0.715108 0.749813 0.754400 0.666246 0.602929 0.699677 0.767310 0.768377 0.734443 0.759149 
0.793426 0.796234 0.821332 0.788896 0.795631 0.777365 0.777140 0.814725 0.818691 0.812034 
0.805485 0.792057 0.778110 0.792203 0.802387 0.801652 0.797393 0.804282 0.811822 0.780997 
0.778661 0.770143 0.767857 0.797481 0.812307 0.817149 0.816353 0.836146 0.777201 0.700951 
0.696174 0.724236 0.777186 0.806982 0.790180 0.772539 0.800300 0.748294 0.735959 0.747805 
0.756178 0.794769 0.761686 0.702025 0.739048 0.713490 0.731668 0.791394 0.768636 0.783009 
0.770757 0.796245 0.799114 0.755021 0.717103 0.735867 0.739497 0.734838 0.736784 0.746915 
0.751992 0.766819 0.746327 0.755482 0.779529 0.779387 0.776999 0.780632 0.718691 0.684704 
0.716410 0.727042 0.777921 0.798254 0.852998 0.739955 0.768467 0.792714 0.815990 0.748673 
0.739969 0.734676 0.681617 0.673908 0.719532 0.684104 0.736055 0.732810 0.729696 0.765091 
0.755739 0.777760 0.792071 0.777754 0.762721 0.729435 0.747409 0.757431 0.745792 0.756864 
0.782610 0.788707 0.765952 0.746897 0.748601 0.742131 0.761861 0.759191 0.689609 0.660448 
0.700283 0.707131 0.748409 0.759344 0.760521 0.767785 0.759347 0.768650 0.806510 0.743825 
0.754982 0.773995 0.746559 0.754282 0.730351 0.727729 0.731152 0.695952 0.708530 0.728009 
0.707234 0.735550 0.766160 0.797874 0.816905 0.799508 0.771493 0.784173 0.810470 0.769926 
0.785864 0.780374 0.766813 0.741572 0.725005 0.741367 0.731249 0.754849 0.695159 0.660453 
0.692310 0.699602 0.710916 0.712969 0.734457 0.728807 0.732989 0.706879 0.726193 0.752096 
0.751746 0.754000 0.732928 0.743559 0.747506 0.754743 0.765434 0.741235 0.732888 0.763057 
0.716283 0.703725 0.746243 0.761409 0.761753 0.787586 0.766055 0.766511 0.791093 0.778156 
0.769256 0.763340 0.766676 0.740222 0.741827 0.763852 0.737932 0.731070 0.693608 0.659722 
0.704969 0.740980 0.785941 0.749115 0.741735 0.710253 0.734709 0.698997 0.694298 0.742034 
0.743279 0.708239 0.679540 0.725580 0.737553 0.770785 0.795826 0.792519 0.762530 0.765259 
0.774462 0.766476 0.721019 0.777528 0.748903 0.767537 0.761266 0.770319 0.740117 0.774765 
0.767848 0.751699 0.750245 0.750729 0.768203 0.779445 0.756862 0.766224 0.737170 0.679962 
0.695844 0.732742 0.799182 0.764553 0.746368 0.756913 0.750309 0.738292 0.732416 0.736785 
0.737330 0.730113 0.695572 0.727306 0.723291 0.724029 0.730325 0.744918 0.731536 0.734274 
0.767303 0.779272 0.784594 0.766808 0.756794 0.781925 0.800779 0.751691 0.739027 0.765460 
0.762927 0.751880 0.752604 0.759648 0.769500 0.781519 0.778393 0.789919 0.739983 0.667829 
0.690793 0.688855 0.760306 0.741461 0.749598 0.752138 0.770055 0.758172 0.768433 0.785305 
0.727972 0.740335 0.756314 0.691758 0.631621 0.642994 0.698736 0.701647 0.726957 0.736444 
0.765908 0.782883 0.774742 0.754063 0.720471 0.750442 0.762464 0.709377 0.725187 0.749960 
0.765013 0.761703 0.776654 0.758506 0.754356 0.754349 0.782979 0.788341 0.728983 0.651221 
0.665786 0.686151 0.735272 0.707321 0.727558 0.727799 0.774868 0.770985 0.752004 0.734233 
0.701071 0.695253 0.699424 0.601030 0.437442 0.450501 0.501449 0.695433 0.767253 0.734200 
0.748148 0.773339 0.738854 0.704430 0.679919 0.704667 0.728260 0.736050 0.749232 0.748187 
0.747413 0.740561 0.763976 0.755188 0.731046 0.735171 0.743419 0.800006 0.755713 0.686715 
0.685320 0.724045 0.725510 0.708739 0.720597 0.708612 0.709639 0.695028 0.688835 0.707671 
0.739550 0.711235 0.591247 0.484821 0.406649 0.358562 0.300062 0.402668 0.673597 0.726640 
0.749714 0.773764 0.714624 0.693302 0.718488 0.737636 0.740424 0.798038 0.779420 0.756801 
0.722083 0.721815 0.736131 0.742625 0.737304 0.752261 0.745462 0.809127 0.790549 0.731325 
0.675014 0.696696 0.754801 0.716619 0.711129 0.701975 0.659607 0.700321 0.730333 0.752910 
0.751219 0.737338 0.643619 0.432130 0.702153 0.931139 0.846853 0.590492 0.635896 0.777659 
0.743049 0.740881 0.734215 0.755224 0.781744 0.748382 0.761825 0.799037 0.794916 0.762297 
0.746414 0.729368 0.718286 0.745876 0.762038 0.762218 0.762246 0.797607 0.777031 0.730424 
0.716561 0.686769 0.748242 0.732207 0.708462 0.750063 0.783290 0.784159 0.788110 0.797889 
0.730705 0.785075 0.717466 0.380626 0.837647 0.992608 0.910953 0.636044 0.693350 0.779319 
0.747684 0.761286 0.774241 0.790325 0.814701 0.784437 0.765781 0.748739 0.739184 0.746424 
0.779402 0.746887 0.727376 0.740438 0.736659 0.751011 0.746707 0.758626 0.709036 0.694368 
0.692501 0.694066 0.738198 0.743509 0.742218 0.755911 0.772687 0.728894 0.690836 0.740775 
0.721771 0.745520 0.718002 0.549308 0.611392 0.872038 0.603902 0.512368 0.726171 0.754489 
0.767552 0.763968 0.767316 0.777085 0.776907 0.747239 0.732694 0.723947 0.708027 0.718649 
0.748037 0.761267 0.729452 0.737120 0.730901 0.733887 0.715550 0.707235 0.650092 0.663724 
0.660144 0.667747 0.733730 0.753792 0.753017 0.769532 0.780958 0.758741 0.686883 0.724474 
0.752159 0.742241 0.711625 0.725557 0.768048 0.743241 0.658690 0.672432 0.748016 0.749027 
0.751236 0.755910 0.746792 0.771891 0.748894 0.741130 0.717902 0.770011 0.765239 0.752585 
0.744636 0.780985 0.775094 0.777664 0.756057 0.742963 0.737371 0.695422 0.675484 0.655984 
0.695763 0.701403 0.747743 0.773381 0.734771 0.771752 0.792469 0.741424 0.719288 0.744797 
0.756739 0.740964 0.741187 0.775487 0.800208 0.764140 0.789438 0.803865 0.804146 0.767204 
0.777607 0.788857 0.784573 0.775612 0.776637 0.771115 0.780786 0.775810 0.795099 0.745431 
0.753382 0.765466 0.774987 0.778137 0.757478 0.771910 0.742876 0.729025 0.694686 0.643651 
0.699435 0.737572 0.748807 0.758310 0.715336 0.735403 0.739927 0.716636 0.729332 0.737270 
0.728102 0.709514 0.742149 0.768650 0.756486 0.742795 0.744222 0.742449 0.764641 0.775317 
0.794831 0.790213 0.778380 0.781219 0.784539 0.803117 0.774157 0.767460 0.749238 0.712282 
0.725820 0.734394 0.731343 0.730962 0.743646 0.738105 0.728875 0.722601 0.684882 0.631177 
0.665055 0.647306 0.699289 0.688366 0.666010 0.611985 0.646911 0.734268 0.768226 0.746788 
0.715072 0.739493 0.757626 0.776265 0.743327 0.756573 0.768294 0.754117 0.773272 0.718374 
0.759755 0.760349 0.773569 0.775226 0.755334 0.765584 0.763692 0.732046 0.754566 0.748273 
0.730869 0.732845 0.729932 0.700354 0.719839 0.709432 0.705940 0.713171 0.677208 0.637892 
0.591179 0.525225 0.546692 0.596768 0.606065 0.507598 0.478166 0.535736 0.607264 0.686314 
0.703170 0.752475 0.756343 0.760389 0.780390 0.781285 0.778989 0.760554 0.761422 0.780716 
0.753269 0.746315 0.765792 0.751973 0.738143 0.736183 0.746966 0.760029 0.797116 0.790608 
0.747714 0.736999 0.734198 0.709894 0.734149 0.746472 0.766451 0.764609 0.651394 0.632923 
0.419759 0.439246 0.341698 0.465785 0.528622 0.612302 0.562313 0.530478 0.496834 0.594353 
0.706889 0.747538 0.765664 0.761287 0.780844 0.795721 0.769124 0.766707 0.755107 0.793108 
0.761543 0.761715 0.760540 0.756512 0.749725 0.731963 0.718464 0.756531 0.783460 0.752799 
0.736116 0.737939 0.761228 0.775144 0.780253 0.760916 0.753064 0.748589 0.707874 0.613332 
0.758514 0.694674 0.389634 0.501976 0.528059 0.662284 0.895300 0.849698 0.802591 0.637377 
0.632608 0.720718 0.754768 0.758334 0.778364 0.789438 0.800958 0.766113 0.745683 0.751307 
0.750342 0.757936 0.732115 0.726557 0.733123 0.722838 0.727673 0.717102 0.713018 0.713007 
0.724850 0.768236 0.759704 0.774955 0.763008 0.750295 0.704091 0.705311 0.680845 0.655949 
0.878896 0.779899 0.430591 0.663225 0.765150 0.805443 0.864913 0.860154 0.813703 0.457309 
0.522673 0.606420 0.724813 0.741221 0.756181 0.752068 0.756268 0.754625 0.743913 0.718941 
0.737847 0.732320 0.721690 0.710881 0.711282 0.742829 0.723896 0.711402 0.715928 0.748268 
0.763007 0.777346 0.752426 0.774325 0.750304 0.698766 0.698668 0.694383 0.671289 0.644532 
0.781920 0.716874 0.537524 0.710601 0.881310 0.850423 0.610021 0.681448 0.589084 0.567209 
0.720107 0.630392 0.702309 0.721970 0.725465 0.719612 0.712241 0.721170 0.729847 0.713486 
0.704847 0.718239 0.729716 0.724664 0.709265 0.726384 0.739903 0.738720 0.737705 0.746868 
0.761368 0.762175 0.740415 0.730112 0.705418 0.685291 0.615141 0.688189 0.653872 0.593456 
0.486458 0.519329 0.608110 0.468290 0.679864 0.572291 0.472144 0.495096 0.586436 0.820028 
0.872153 0.753813 0.682228 0.707550 0.698047 0.713780 0.706430 0.706277 0.691916 0.745311 
0.779670 0.747216 0.755280 0.771820 0.798333 0.780805 0.764603 0.760924 0.750440 0.736708 
0.710516 0.696622 0.674604 0.636191 0.626292 0.595510 0.656745 0.608249 0.627297 0.709561 
0.552789 0.630598 0.610169 0.688661 0.716538 0.440362 0.497296 0.545557 0.469919 0.755013 
0.833494 0.830096 0.720259 0.705589 0.709253 0.664808 0.701486 0.682552 0.751948 0.800903 
0.819977 0.785264 0.762461 0.783339 0.816905 0.798268 0.768184 0.788920 0.779531 0.700174 
0.669021 0.666170 0.655682 0.483324 0.456365 0.426782 0.543674 0.517047 0.636372 0.699858 
0.681077 0.682111 0.618392 0.688399 0.760984 0.666202 0.646168 0.571249 0.354521 0.507111 
0.829733 0.799008 0.758120 0.721593 0.702410 0.670815 0.675968 0.701896 0.743437 0.697340 
0.681037 0.693791 0.681598 0.714996 0.769196 0.799556 0.791247 0.725362 0.682866 0.557990 
0.533566 0.603505 0.776698 0.839938 0.524121 0.436929 0.410574 0.664909 0.613800 0.675959 
0.723968 0.661066 0.541520 0.516324 0.766101 0.760638 0.571046 0.527640 0.484208 0.516675 
0.684331 0.624883 0.669253 0.645894 0.641282 0.588386 0.670505 0.810316 0.801508 0.646876 
0.500981 0.565111 0.544191 0.507020 0.457077 0.547908 0.619648 0.613798 0.517506 0.425800 
0.305710 0.439597 0.917273 0.899622 0.483850 0.436660 0.667002 0.631734 0.680955 0.584498 
0.672195 0.627306 0.456038 0.475315 0.711570 0.717223 0.590578 0.564471 0.519662 0.519092 
0.498295 0.480728 0.527302 0.629897 0.614533 0.550296 0.597275 0.822436 0.903313 0.478258 
0.329043 0.455794 0.605148 0.665893 0.556605 0.504933 0.452488 0.552630 0.567395 0.515850 
0.335694 0.688113 0.898416 0.896145 0.839129 0.774792 0.670671 0.671252 0.686450 0.574299 
0.725358 0.659603 0.681292 0.749335 0.798427 0.875653 0.827444 0.631467 0.693721 0.743854 
0.517173 0.603864 0.472495 0.578887 0.564547 0.536454 0.460449 0.888077 0.896115 0.487160 
0.758729 0.734911 0.572997 0.689510 0.792349 0.650474 0.447768 0.504387 0.740822 0.698922 
0.360742 0.697191 0.785631 0.843666 0.825122 0.633288 0.661196 0.711772 0.818747 0.660064 
0.668010 0.479381 0.727601 0.696502 0.607297 0.679567 0.872951 0.609432 0.661269 0.817677 
0.624473 0.397618 0.673395 0.709875 0.581660 0.494512 0.324318 0.573165 0.608677 0.570658 
0.844704 0.668102 0.552004 0.621896 0.704729 0.580993 0.530990 0.438269 0.787523 0.681840 
0.617765 0.550717 0.566700 0.632351 0.759674 0.665053 0.691333 0.816899 0.808191 0.691171 
0.648186 0.545688 0.647179 0.674371 0.708634 0.724222 0.745842 0.675467 0.783432 0.761275 
0.719217 0.613831 0.692376 0.817612 0.669720 0.661397 0.462170 0.527401 0.645890 0.761618 
0.755088 0.668630 0.532431 0.672001 0.634909 0.542074 0.529083 0.527274 0.727773 0.810771 
0.642835 0.562769 0.515918 0.632786 0.689411 0.657959 0.550554 0.620967 0.603455 0.588295 
0.640779 0.689126 0.747274 0.725079 0.782775 0.829244 0.833020 0.701550 0.804481 0.670684 
0.525611 0.598875 0.632286 0.731585 0.637983 0.819401 0.516039 0.522274 0.618428 0.715091 
0.519534 0.608763 0.686633 0.750670 0.675104 0.727836 0.593627 0.554802 0.602763 0.477522 
0.547540 0.619143 0.877425 0.587089 0.548463 0.626785 0.515458 0.521037 0.542296 0.553038 
0.668352 0.564807 0.642453 0.549031 0.690064 0.788229 0.806927 0.841825 0.792664 0.676992 
0.593015 0.592502 0.641851 0.720028 0.719092 0.789215 0.379423 0.541737 0.701636 0.617410 
0.420913 0.549460 0.664653 0.776944 0.691278 0.652972 0.596265 0.476110 0.366838 0.294573 
0.467412 0.585910 0.778041 0.415955 0.532792 0.652580 0.546440 0.497165 0.656747 0.526471 
0.712903 0.520988 0.560252 0.475590 0.580323 0.650857 0.711432 0.817143 0.808028 0.743711 
0.793818 0.762437 0.722458 0.854955 0.790064 0.785850 0.678726 0.509642 0.542681 0.421877 
0.587195 0.727968 0.539467 0.505668 0.625888 0.724492 0.547513 0.364209 0.407637 0.486560 
0.545282 0.660533 0.711877 0.669148 0.746783 0.720208 0.482461 0.412774 0.610628 0.677552 
0.633282 0.497127 0.702158 0.682814 0.641717 0.538880 0.571019 0.562602 0.552626 0.568600 
0.631500 0.737244 0.681061 0.737262 0.669478 0.632509 0.713036 0.701682 0.628541 0.600856 
0.729439 0.654311 0.534637 0.353941 0.459408 0.536380 0.603938 0.530871 0.467625 0.660056 
0.582586 0.598421 0.663117 0.625521 0.862639 0.772590 0.514412 0.601529 0.517436 0.815656 
0.679737 0.530477 0.775560 0.878838 0.653502 0.469108 0.452194 0.512028 0.598800 0.630158 
0.615208 0.705468 0.550658 0.507691 0.526225 0.639040 0.544774 0.695265 0.635308 0.649773 
0.668811 0.658931 0.503541 0.552067 0.632702 0.752039 0.768977 0.784446 0.719750 0.670105 
0.584084 0.467755 0.556151 0.755038 0.863347 0.624419 0.545376 0.807373 0.480292 0.741649 
0.640578 0.533221 0.733368 0.800532 0.585816 0.433598 0.490241 0.580772 0.889722 0.675217 
0.522167 0.533158 0.356818 0.263772 0.405063 0.474352 0.305846 0.389579 0.479831 0.396966 
0.428647 0.563663 0.617367 0.751658 0.641432 0.641154 0.794951 0.574106 0.581183 0.556622 
0.573009 0.442345 0.489982 0.695861 0.744042 0.545741 0.540357 0.661356 0.407845 0.509402 
0.691520 0.456301 0.628338 0.688039 0.684376 0.547181 0.461612 0.553669 0.914627 0.651960 
0.468887 0.496826 0.545003 0.494292 0.712702 0.839121 0.620229 0.408624 0.499624 0.576918 
0.709403 0.615663 0.582931 0.633136 0.625344 0.628644 0.716700 0.619052 0.658891 0.615216 
0.585509 0.514537 0.534712 0.680818 0.720462 0.624843 0.599098 0.611056 0.637996 0.619733 
0.633807 0.709194 0.728536 0.617004 0.661101 0.695995 0.646832 0.564221 0.633902 0.643963 
0.673409 0.712546 0.719395 0.671116 0.545720 0.653222 0.702359 0.703097 0.672830 0.620590 
0.615395 0.592081 0.565882 0.580330 0.571521 0.584675 0.552511 0.588102 0.656352 0.653359 
0.507652 0.590148 0.607471 0.624007 0.647988 0.643035 0.665060 0.713482 0.699359 0.631996 
0.570137 0.659333 0.796881 0.808978 0.808330 0.810725 0.803008 0.740533 0.781473 0.781915 
0.794840 0.793093 0.758947 0.716466 0.678770 0.787730 0.748607 0.798547 0.811771 0.803685 
0.792255 0.789764 0.793169 0.800766 0.787550 0.765920 0.750471 0.762540 0.795564 0.786458 
0.783291 0.803154 0.792544 0.821395 0.822070 0.830908 0.834991 0.848277 0.830861 0.776561 
0.281381 0.238608 0.361269 0.408280 0.353802 0.400253 0.411882 0.401457 0.406307 0.380581 
0.389580 0.388699 0.407587 0.420768 0.406287 0.424255 0.387049 0.427747 0.427453 0.474152 
0.435604 0.435520 0.457270 0.469680 0.424703 0.384391 0.392321 0.411188 0.387937 0.382437 
0.421221 0.386278 0.377844 0.363895 0.385715 0.419744 0.454814 0.466192 0.498948 0.551426 
0.283841 0.244963 0.317271 0.336527 0.304618 0.300857 0.385552 0.415339 0.379626 0.364985 
0.373571 0.385658 0.403965 0.325135 0.328183 0.310865 0.298115 0.320052 0.384348 0.373448 
0.362518 0.397449 0.410771 0.362730 0.346716 0.327069 0.334494 0.355956 0.333063 0.306408 
0.282713 0.295524 0.294046 0.310714 0.319216 0.311564 0.332416 0.377848 0.421515 0.442077 
0.304874 0.294394 0.376394 0.318406 0.392015 0.261404 0.400135 0.473488 0.492175 0.462274 
0.441469 0.448654 0.316739 0.202675 0.260967 0.304382 0.319058 0.321867 0.342659 0.426944 
0.456485 0.453487 0.477557 0.438868 0.406111 0.385829 0.391066 0.441907 0.451839 0.430988 
0.420507 0.424111 0.403590 0.404397 0.412214 0.393770 0.443689 0.465986 0.460986 0.460528 
0.333718 0.300681 0.379602 0.377345 0.375756 0.274485 0.279282 0.314654 0.366412 0.373942 
0.390851 0.394423 0.316402 0.326211 0.348402 0.308271 0.332706 0.335743 0.328212 0.385369 
0.369266 0.399857 0.474321 0.497400 0.493806 0.481000 0.435910 0.452667 0.471115 0.475083 
0.451341 0.441859 0.443208 0.419788 0.404968 0.408538 0.438504 0.466957 0.476837 0.493770 
0.333298 0.303954 0.333526 0.300796 0.348488 0.340764 0.239454 0.218921 0.296412 0.319094 
0.383642 0.367360 0.350072 0.352256 0.433389 0.389543 0.371229 0.298510 0.284464 0.309269 
0.302838 0.332801 0.419316 0.472526 0.463113 0.414541 0.404458 0.435716 0.460715 0.412910 
0.407418 0.402610 0.402550 0.403576 0.416600 0.441672 0.442375 0.449736 0.451565 0.467551 
0.356795 0.325867 0.376277 0.391582 0.365346 0.333579 0.322930 0.288582 0.310166 0.358859 
0.279273 0.236607 0.250563 0.348081 0.408467 0.418331 0.422162 0.373733 0.386020 0.383425 
0.394974 0.408853 0.399430 0.396805 0.389045 0.411888 0.392299 0.371274 0.362381 0.369173 
0.357771 0.369008 0.404076 0.421711 0.420944 0.440495 0.449746 0.492688 0.500752 0.464737 
0.364170 0.372372 0.431220 0.365074 0.368248 0.360638 0.375076 0.390144 0.379041 0.354528 
0.299612 0.242453 0.315597 0.381247 0.385190 0.408832 0.390821 0.374629 0.351490 0.427103 
0.475328 0.467517 0.405759 0.364818 0.360615 0.394538 0.388509 0.401551 0.403760 0.420529 
0.400442 0.402298 0.429815 0.428459 0.438957 0.447840 0.467109 0.460682 0.475130 0.501858 
0.293197 0.283948 0.319159 0.357253 0.431051 0.435254 0.426948 0.416123 0.366403 0.397825 
0.326754 0.308704 0.348983 0.325648 0.279563 0.309339 0.336284 0.349757 0.351994 0.389162 
0.426251 0.423016 0.374466 0.338260 0.356373 0.398453 0.411928 0.399826 0.437360 0.449215 
0.424582 0.421948 0.424879 0.428884 0.410447 0.410152 0.409081 0.439133 0.451963 0.495460 
0.292506 0.228048 0.304688 0.329752 0.400997 0.420654 0.446929 0.399434 0.347054 0.356919 
0.295835 0.307219 0.310935 0.293472 0.190518 0.200523 0.292302 0.401744 0.497100 0.425431 
0.373294 0.376276 0.375078 0.388013 0.395814 0.376906 0.384468 0.409159 0.435337 0.463583 
0.461586 0.425348 0.412352 0.424464 0.419774 0.397803 0.432450 0.502369 0.502457 0.524350 
0.304944 0.270326 0.343766 0.342393 0.387269 0.387081 0.403266 0.325485 0.274321 0.304644 
0.343176 0.392169 0.420254 0.385276 0.165097 0.107420 0.121390 0.255623 0.359193 0.387727 
0.351529 0.390409 0.364325 0.386908 0.390216 0.396028 0.468264 0.494812 0.481194 0.428222 
0.434107 0.405187 0.415332 0.431046 0.437676 0.453615 0.498155 0.570817 0.592254 0.572990 
0.323137 0.280551 0.352345 0.375177 0.357877 0.335114 0.312172 0.271217 0.269332 0.332511 
0.440718 0.536064 0.639743 0.608279 0.860909 0.974871 0.201435 0.247523 0.382167 0.475238 
0.447863 0.417889 0.401450 0.434076 0.450706 0.463822 0.436304 0.407285 0.410160 0.418893 
0.403277 0.410975 0.426839 0.454778 0.461855 0.495433 0.529804 0.599622 0.619820 0.613826 
0.296985 0.257492 0.373258 0.357981 0.386211 0.359125 0.377315 0.405006 0.410188 0.432718 
0.454486 0.568211 0.619148 0.381655 0.749764 0.976537 0.961214 0.395385 0.430962 0.486690 
0.428645 0.423907 0.410131 0.451079 0.457233 0.409532 0.396754 0.365026 0.357451 0.334293 
0.361316 0.431097 0.433989 0.459343 0.448223 0.480030 0.518189 0.544590 0.517505 0.500763 
0.337569 0.270779 0.377024 0.395528 0.383501 0.398275 0.429881 0.354768 0.287307 0.310247 
0.364294 0.406657 0.472269 0.433536 0.112698 0.016283 0.126670 0.244473 0.365628 0.433853 
0.509835 0.470373 0.448937 0.447320 0.443925 0.454699 0.417471 0.409422 0.389033 0.365442 
0.407204 0.418392 0.385511 0.399918 0.421473 0.469378 0.450144 0.425270 0.373642 0.396750 
0.319472 0.284479 0.384077 0.444258 0.432626 0.356358 0.288228 0.260986 0.265469 0.318223 
0.320528 0.306757 0.347532 0.353897 0.086115 0.029918 0.082008 0.376544 0.297592 0.343861 
0.391195 0.364416 0.356770 0.368592 0.357595 0.379977 0.420105 0.466483 0.463072 0.383025 
0.393859 0.436320 0.434458 0.404076 0.411491 0.454765 0.425286 0.375940 0.263755 0.338730 
0.290243 0.256344 0.398574 0.442128 0.364368 0.346873 0.350108 0.424388 0.379002 0.352719 
0.349822 0.337498 0.358330 0.406776 0.370659 0.419401 0.545027 0.633717 0.496786 0.371020 
0.365987 0.427401 0.402386 0.376444 0.355939 0.391277 0.417700 0.453444 0.467173 0.435850 
0.385086 0.421959 0.408850 0.418647 0.449344 0.444503 0.433847 0.447849 0.349438 0.375901 
0.353279 0.355828 0.439038 0.450769 0.412085 0.334339 0.379794 0.399106 0.375339 0.410890 
0.409954 0.400713 0.396775 0.386142 0.389418 0.425967 0.439330 0.415351 0.418970 0.376456 
0.415022 0.450857 0.427296 0.443744 0.427680 0.429712 0.393130 0.363881 0.341250 0.345112 
0.368892 0.394032 0.403598 0.424459 0.409598 0.419950 0.425581 0.446352 0.438791 0.456178 
0.320468 0.307947 0.373625 0.362643 0.331587 0.241272 0.259074 0.267101 0.312098 0.370604 
0.378908 0.396403 0.420638 0.390074 0.364537 0.351567 0.369723 0.377188 0.410663 0.363305 
0.358663 0.393551 0.385423 0.414467 0.392978 0.402923 0.366471 0.319714 0.325426 0.377526 
0.374441 0.375509 0.369698 0.385933 0.377878 0.361738 0.385905 0.416035 0.430910 0.453800 
0.287541 0.225001 0.292315 0.327625 0.255077 0.188069 0.215499 0.208349 0.248007 0.314119 
0.382184 0.432443 0.433737 0.441677 0.436127 0.419976 0.438214 0.414855 0.415793 0.364593 
0.381037 0.387700 0.393569 0.382558 0.334017 0.336513 0.347814 0.338455 0.387557 0.441415 
0.455566 0.444417 0.433039 0.431759 0.415325 0.390181 0.421055 0.401032 0.407994 0.437297 
0.271831 0.247098 0.357296 0.311477 0.280053 0.271467 0.417081 0.273534 0.145834 0.280090 
0.409496 0.476356 0.447087 0.440047 0.429390 0.421283 0.407988 0.389864 0.421359 0.483362 
0.446730 0.404611 0.413261 0.399222 0.380194 0.356322 0.359608 0.382551 0.400879 0.408888 
0.414937 0.450413 0.468317 0.431525 0.445817 0.454262 0.431207 0.436404 0.424735 0.512296 
0.702691 0.679407 0.416239 0.303537 0.439651 0.926142 0.959066 0.985044 0.629819 0.310346 
0.380645 0.480211 0.467711 0.435267 0.414304 0.441910 0.421866 0.445945 0.418117 0.426355 
0.427838 0.429907 0.438729 0.430544 0.413615 0.396006 0.353928 0.362206 0.352358 0.346117 
0.391472 0.441561 0.462386 0.438143 0.435669 0.431860 0.469504 0.485127 0.452889 0.497098 
0.948325 0.977169 0.576340 0.828180 0.966905 0.847291 0.887011 0.970361 0.987531 0.263896 
0.256718 0.367446 0.410021 0.422722 0.413703 0.414782 0.393406 0.354322 0.350846 0.344531 
0.382676 0.394507 0.384588 0.364446 0.366963 0.359816 0.367969 0.356315 0.353130 0.374310 
0.391201 0.401220 0.362440 0.381456 0.395800 0.418272 0.426058 0.403084 0.404134 0.557967 
0.402110 0.586143 0.451475 0.956520 0.793003 0.276189 0.256146 0.347657 0.731886 0.345719 
0.168930 0.316521 0.421779 0.431910 0.408366 0.396756 0.362286 0.338024 0.335905 0.349262 
0.369712 0.399640 0.400284 0.388842 0.377935 0.376475 0.393880 0.388369 0.387759 0.381701 
0.363799 0.354662 0.320981 0.321449 0.328962 0.353619 0.414328 0.383623 0.443505 0.664295 
0.114821 0.121492 0.548149 0.530751 0.426677 0.237777 0.074274 0.212116 0.535211 0.975959 
0.767203 0.342664 0.429686 0.483020 0.452949 0.402835 0.346619 0.339860 0.327280 0.320504 
0.347378 0.367077 0.363759 0.386177 0.392430 0.392689 0.411201 0.398753 0.391026 0.376956 
0.343929 0.280173 0.234417 0.230466 0.270703 0.305066 0.260583 0.310717 0.796582 0.904243 
0.163856 0.157763 0.306532 0.179954 0.209185 0.199183 0.343693 0.466354 0.677939 0.867192 
0.946351 0.339337 0.355883 0.458398 0.463477 0.400667 0.391521 0.386925 0.416502 0.444398 
0.518505 0.498859 0.449614 0.443425 0.479632 0.464805 0.446714 0.419828 0.414751 0.366181 
0.316980 0.228112 0.208513 0.206809 0.249009 0.253625 0.228418 0.546245 0.881157 0.551863 
0.388613 0.415573 0.575061 0.280199 0.310786 0.325981 0.275511 0.259084 0.268695 0.481785 
0.707423 0.266365 0.258610 0.426019 0.494624 0.471879 0.570218 0.423580 0.479651 0.553318 
0.562904 0.508776 0.482899 0.383469 0.326179 0.390282 0.360238 0.355039 0.378314 0.447879 
0.544701 0.318217 0.334931 0.680418 0.272669 0.404416 0.381302 0.760374 0.192048 0.107858 
0.462403 0.422403 0.499763 0.316170 0.285676 0.175971 0.144163 0.091124 0.283987 0.507882 
0.740307 0.248264 0.192771 0.381190 0.548705 0.603655 0.815315 0.429136 0.675024 0.380949 
0.346721 0.381114 0.334336 0.238269 0.249106 0.352292 0.383258 0.421100 0.456774 0.533230 
0.603297 0.386307 0.985831 0.996004 0.893475 0.567574 0.771047 0.451039 0.113024 0.047852 
0.268294 0.285807 0.450286 0.560204 0.100995 0.074308 0.171265 0.140807 0.222892 0.485663 
0.668754 0.184353 0.104310 0.261341 0.488681 0.627474 0.686614 0.866336 0.991772 0.610344 
0.519355 0.627451 0.462583 0.509446 0.446654 0.267347 0.449309 0.505493 0.453423 0.474100 
0.494461 0.809333 0.971156 0.773851 0.806458 0.643416 0.560872 0.248386 0.120103 0.232573 
0.153176 0.198584 0.353454 0.668362 0.495432 0.242902 0.130902 0.203480 0.416393 0.442342 
0.583271 0.390632 0.133568 0.245219 0.556341 0.604543 0.361528 0.903643 0.975032 0.780171 
0.706781 0.768935 0.782425 0.976260 0.989761 0.757556 0.359630 0.452538 0.704166 0.919771 
0.471032 0.829651 0.208505 0.041308 0.282534 0.683734 0.408415 0.601438 0.594180 0.588141 
0.262730 0.206615 0.259222 0.490869 0.646673 0.459612 0.234716 0.202363 0.535529 0.160736 
0.222326 0.488875 0.365342 0.481461 0.525567 0.600874 0.498853 0.891396 0.383079 0.728250 
0.905933 0.730353 0.936865 0.916458 0.735763 0.986866 0.577663 0.497719 0.955464 0.860148 
0.482469 0.692479 0.054379 0.019304 0.022899 0.072356 0.366165 0.385990 0.509653 0.774411 
0.262352 0.161388 0.193919 0.232053 0.352375 0.417324 0.384275 0.243910 0.192178 0.123362 
0.137615 0.480936 0.650304 0.813920 0.669298 0.592310 0.433786 0.158669 0.049301 0.530835 
0.741376 0.674989 0.640840 0.206435 0.161018 0.381496 0.322159 0.514594 0.865548 0.229454 
0.169474 0.148056 0.102627 0.050827 0.081310 0.128283 0.428635 0.225882 0.156126 0.373457 
0.264105 0.308275 0.346418 0.323095 0.633131 0.637927 0.461193 0.113016 0.067571 0.036728 
0.267875 0.603876 0.805910 0.503056 0.469718 0.687086 0.833560 0.219184 0.123511 0.401823 
0.319596 0.334415 0.113916 0.082994 0.172400 0.285105 0.599822 0.505962 0.247950 0.140865 
0.198423 0.225241 0.462340 0.440507 0.259592 0.334740 0.314256 0.159251 0.111607 0.183308 
0.168715 0.117013 0.347905 0.218304 0.306499 0.380164 0.497266 0.263311 0.142877 0.201362 
0.457101 0.490737 0.342701 0.644529 0.411848 0.291377 0.335979 0.220971 0.312306 0.207165 
0.318218 0.420349 0.345576 0.180100 0.190760 0.100926 0.453418 0.214679 0.075554 0.189854 
0.499614 0.304542 0.244036 0.364376 0.429113 0.347070 0.368961 0.256115 0.279130 0.346293 
0.353123 0.239136 0.138807 0.099047 0.153480 0.213561 0.471099 0.742674 0.637451 0.520996 
0.723552 0.593321 0.463651 0.633162 0.517365 0.368075 0.112095 0.052205 0.123195 0.086247 
0.042407 0.085443 0.240618 0.239306 0.066461 0.045315 0.390159 0.191371 0.110764 0.315603 
0.657185 0.304961 0.454091 0.482359 0.722559 0.495547 0.332615 0.407168 0.586012 0.609171 
0.488241 0.320090 0.272153 0.257157 0.203945 0.208822 0.147262 0.432894 0.437236 0.356775 
0.389622 0.325208 0.125240 0.168182 0.275591 0.219216 0.164317 0.193856 0.260236 0.276000 
0.199492 0.199273 0.204793 0.200081 0.254677 0.063815 0.315600 0.488244 0.585426 0.466468 
0.548940 0.575910 0.659482 0.610299 0.778987 0.687390 0.353593 0.491038 0.445657 0.897898 
0.353766 0.441648 0.605716 0.647448 0.229335 0.172730 0.167845 0.126149 0.106018 0.177202 
0.450311 0.266267 0.123070 0.111261 0.132954 0.133907 0.183772 0.231020 0.277406 0.192603 
0.340775 0.271742 0.365219 0.359653 0.317598 0.286236 0.741167 0.588201 0.588189 0.504674 
0.467946 0.457214 0.280900 0.274089 0.162277 0.148973 0.347207 0.376030 0.230484 0.678404 
0.222267 0.279671 0.693438 0.445146 0.333070 0.322821 0.635202 0.381824 0.720326 0.284713 
0.427381 0.375284 0.263989 0.157308 0.070394 0.115232 0.115884 0.163003 0.212586 0.166156 
0.254574 0.233870 0.280563 0.310866 0.331643 0.671581 0.542406 0.352098 0.379069 0.590790 
0.305701 0.158834 0.167321 0.356595 0.228096 0.200934 0.132341 0.187766 0.243083 0.185125 
0.220696 0.283467 0.658617 0.447503 0.461275 0.208656 0.510893 0.570135 0.975922 0.339254 
0.354099 0.311459 0.360777 0.387342 0.230135 0.173953 0.177715 0.160179 0.405891 0.330292 
0.166069 0.212851 0.281767 0.257670 0.305650 0.196276 0.107874 0.153205 0.327331 0.125920 
0.220666 0.372323 0.257303 0.128269 0.109004 0.126743 0.158885 0.262244 0.307800 0.352224 
0.297646 0.188057 0.282722 0.353559 0.528066 0.148725 0.126249 0.275920 0.531112 0.152638 
0.183699 0.371118 0.525891 0.577846 0.750158 0.741340 0.623448 0.634619 0.537162 0.533866 
0.679340 0.535621 0.428310 0.473985 0.437904 0.357983 0.446023 0.425884 0.441947 0.131665 
0.262219 0.489823 0.520011 0.545131 0.373803 0.330304 0.348807 0.432799 0.462388 0.389663 
0.339345 0.486502 0.396385 0.347490 0.352192 0.383002 0.371204 0.313719 0.384157 0.349411 
0.351876 0.371699 0.398540 0.452906 0.283862 0.462662 0.401531 0.333291 0.383477 0.347854 
0.339373 0.337626 0.341485 0.349612 0.332038 0.369788 0.348017 0.320701 0.365177 0.381971 
0.332326 0.311099 0.344138 0.345473 0.351707 0.332668 0.329412 0.358842 0.276901 0.236728 
0.209868 0.470572 0.337887 0.281547 0.290017 0.333711 0.362269 0.291591 0.352985 0.308854 
0.285371 0.302391 0.344273 0.493297 0.314403 0.385572 0.375727 0.293429 0.293075 0.304811 
0.300820 0.286285 0.280235 0.324543 0.274051 0.346499 0.333461 0.281747 0.314595 0.336642 
0.312565 0.321516 0.329280 0.277307 0.290377 0.277278 0.260315 0.345757 0.237578 0.188845 
0.285264 0.646386 0.551839 0.413407 0.425715 0.514877 0.505250 0.473597 0.510912 0.504777 
0.501847 0.492327 0.509162 0.598623 0.606305 0.511087 0.535814 0.497347 0.485717 0.444625 
0.480948 0.470965 0.460231 0.465434 0.459306 0.503722 0.523993 0.485045 0.486910 0.455192 
0.543442 0.548297 0.519845 0.485067 0.472918 0.455310 0.413791 0.533289 0.427507 0.285752 
0.272097 0.646569 0.579408 0.336424 0.569272 0.386219 0.471270 0.477638 0.529278 0.490748 
0.484546 0.519295 0.571557 0.527705 0.713536 0.532003 0.521178 0.501125 0.482596 0.488527 
0.472128 0.508922 0.490455 0.517070 0.518787 0.497022 0.503628 0.500480 0.547162 0.515556 
0.546016 0.547134 0.513973 0.514561 0.516997 0.504545 0.477815 0.588903 0.494495 0.310077 
0.246988 0.566932 0.583452 0.340689 0.375829 0.261005 0.464336 0.458782 0.468839 0.426887 
0.477669 0.542160 0.602262 0.483883 0.624960 0.502774 0.536578 0.475046 0.473332 0.502045 
0.416341 0.467765 0.471994 0.511758 0.462666 0.438666 0.470767 0.499013 0.494012 0.512720 
0.462011 0.463492 0.478800 0.490225 0.517393 0.510039 0.502684 0.571648 0.487309 0.325424 
0.232280 0.582302 0.632463 0.438917 0.376688 0.317169 0.446030 0.469510 0.476831 0.392084 
0.502427 0.479952 0.526744 0.464894 0.474699 0.480047 0.566144 0.488423 0.489044 0.497743 
0.432761 0.451795 0.466010 0.481267 0.441354 0.422306 0.406085 0.454410 0.435822 0.429947 
0.464929 0.435359 0.478465 0.471733 0.485307 0.496086 0.476048 0.546741 0.446508 0.294821 
0.244760 0.620679 0.645702 0.514925 0.526778 0.597263 0.504457 0.451946 0.558387 0.406810 
0.504995 0.585931 0.446007 0.531312 0.428341 0.478008 0.509521 0.499687 0.501429 0.492524 
0.464281 0.411330 0.431161 0.474500 0.463398 0.466564 0.409948 0.464994 0.506024 0.426673 
0.493211 0.496183 0.486497 0.482943 0.484545 0.492097 0.429816 0.528752 0.473439 0.311192 
0.259542 0.566584 0.582139 0.470650 0.468952 0.510090 0.519692 0.453110 0.527460 0.507518 
0.511992 0.546103 0.399198 0.478466 0.423823 0.456230 0.463131 0.482000 0.481846 0.500080 
0.461871 0.418917 0.419552 0.515905 0.462687 0.499821 0.490911 0.470889 0.509538 0.503300 
0.496038 0.513862 0.498052 0.438272 0.457917 0.475592 0.437957 0.488758 0.442606 0.312447 
0.269192 0.585769 0.547605 0.416506 0.434163 0.484748 0.519791 0.449992 0.488087 0.491489 
0.496543 0.542126 0.511712 0.527589 0.461523 0.488967 0.466803 0.456307 0.444978 0.466228 
0.463234 0.484901 0.399287 0.508759 0.407243 0.459798 0.497651 0.464914 0.458739 0.517768 
0.490188 0.504039 0.506614 0.446838 0.447864 0.486622 0.443747 0.484206 0.455109 0.293629 
0.287517 0.609378 0.559158 0.439705 0.462113 0.476816 0.456661 0.430607 0.460931 0.447761 
0.431751 0.508063 0.487912 0.455939 0.465908 0.506590 0.469772 0.416285 0.428310 0.401518 
0.444343 0.481410 0.466662 0.476990 0.419625 0.471138 0.507599 0.428917 0.457223 0.495830 
0.463077 0.482563 0.511154 0.432866 0.475085 0.500123 0.459977 0.488365 0.477643 0.299568 
0.281250 0.652722 0.599871 0.458255 0.501587 0.471470 0.490866 0.428917 0.525663 0.565132 
0.422219 0.476312 0.460398 0.454421 0.392568 0.363571 0.414260 0.400950 0.421178 0.356626 
0.471056 0.509201 0.504808 0.518447 0.466005 0.487819 0.493474 0.450109 0.498110 0.500712 
0.443023 0.465071 0.520184 0.457451 0.489962 0.487549 0.480681 0.517330 0.452353 0.337971 
0.281814 0.636766 0.547198 0.463584 0.513756 0.476604 0.542254 0.422769 0.527073 0.572867 
0.459180 0.409241 0.429846 0.422091 0.123635 0.091594 0.141101 0.315909 0.407060 0.339216 
0.433880 0.507855 0.479653 0.478337 0.451683 0.484384 0.458368 0.490386 0.450671 0.524678 
0.459371 0.461764 0.512592 0.481440 0.479721 0.475259 0.457334 0.563563 0.385586 0.342326 
0.275678 0.612807 0.501906 0.422599 0.495560 0.518374 0.582191 0.432200 0.432262 0.491568 
0.389694 0.429487 0.421553 0.266611 0.115817 0.191717 0.052633 0.103357 0.376509 0.391150 
0.409622 0.471362 0.457614 0.453396 0.416285 0.401033 0.434091 0.474688 0.466287 0.535370 
0.498991 0.420237 0.479287 0.479715 0.455999 0.427641 0.462425 0.568805 0.370932 0.335814 
0.257023 0.610497 0.561048 0.405683 0.442563 0.469238 0.524963 0.402626 0.434291 0.525953 
0.376656 0.460115 0.402854 0.158700 0.105879 0.966309 0.140738 0.055206 0.318896 0.462011 
0.420853 0.475392 0.451446 0.438296 0.415925 0.392651 0.497151 0.510387 0.520572 0.522613 
0.529756 0.418537 0.444297 0.466232 0.451464 0.420224 0.531897 0.616431 0.400031 0.344858 
0.264731 0.581618 0.597542 0.439478 0.439980 0.460703 0.523276 0.382680 0.444414 0.557734 
0.400403 0.483953 0.564774 0.362697 0.216962 0.979514 0.503453 0.060459 0.396667 0.457558 
0.426386 0.435252 0.445887 0.447844 0.478470 0.453709 0.517972 0.537472 0.469384 0.483868 
0.513878 0.448167 0.448651 0.524601 0.452401 0.437126 0.547957 0.654030 0.456229 0.403513 
0.268918 0.589472 0.522188 0.393534 0.409086 0.456258 0.539532 0.432721 0.441856 0.584895 
0.460017 0.456349 0.571667 0.596150 0.450040 0.885074 0.504570 0.118835 0.370192 0.396568 
0.447612 0.434259 0.438453 0.464975 0.489062 0.474950 0.486206 0.499699 0.427083 0.395613 
0.487457 0.502526 0.445446 0.500033 0.471037 0.443283 0.525023 0.650086 0.471505 0.399700 
0.279115 0.539677 0.506848 0.434452 0.374019 0.478693 0.489651 0.472090 0.481756 0.538317 
0.451824 0.425794 0.482000 0.578293 0.522659 0.452515 0.432502 0.363908 0.413372 0.426474 
0.492381 0.477529 0.445740 0.467831 0.474611 0.478440 0.452885 0.506304 0.493460 0.367879 
0.450918 0.466204 0.448557 0.464452 0.469583 0.441770 0.485182 0.556296 0.475819 0.337864 
0.249611 0.542924 0.475161 0.500927 0.382925 0.451935 0.520547 0.451064 0.462525 0.485983 
0.450626 0.431143 0.476962 0.517928 0.508476 0.470196 0.539445 0.507938 0.451769 0.429085 
0.480884 0.446015 0.454442 0.439376 0.442397 0.453148 0.445514 0.506610 0.553364 0.404832 
0.444266 0.469332 0.467274 0.492561 0.489651 0.483721 0.465080 0.523487 0.498103 0.316254 
0.271238 0.602698 0.529826 0.542114 0.469032 0.417953 0.462617 0.381920 0.403564 0.480451 
0.467567 0.445933 0.461592 0.493085 0.455908 0.486963 0.525487 0.533594 0.524487 0.472983 
0.482883 0.465038 0.473580 0.486158 0.450194 0.497731 0.477755 0.496658 0.564693 0.459655 
0.457102 0.490856 0.477135 0.471990 0.485314 0.472652 0.469082 0.524264 0.520953 0.321082 
0.299020 0.591874 0.561011 0.618285 0.519684 0.347130 0.379850 0.341283 0.397878 0.452787 
0.429764 0.450932 0.434146 0.458448 0.427575 0.452580 0.503970 0.460038 0.476097 0.441812 
0.459285 0.472258 0.486976 0.517884 0.480921 0.500473 0.485762 0.468197 0.513959 0.475735 
0.427494 0.494013 0.476448 0.446781 0.499586 0.446712 0.457181 0.513408 0.491737 0.306418 
0.244086 0.373883 0.436544 0.428248 0.159229 0.119502 0.181568 0.158810 0.256589 0.337425 
0.360883 0.398930 0.444552 0.468895 0.456938 0.443044 0.488928 0.463345 0.460819 0.490931 
0.429392 0.479266 0.476598 0.493313 0.483790 0.486901 0.486888 0.451273 0.462081 0.460925 
0.432962 0.464335 0.447150 0.432372 0.473208 0.427824 0.386879 0.450697 0.455578 0.317506 
0.159013 0.160216 0.206152 0.116181 0.102499 0.304072 0.299164 0.193413 0.107931 0.261136 
0.346280 0.372965 0.426026 0.452540 0.466751 0.506078 0.511723 0.492143 0.490808 0.534361 
0.458235 0.447483 0.454290 0.474855 0.475570 0.487683 0.466829 0.453706 0.522516 0.501852 
0.502521 0.475782 0.387617 0.418697 0.425359 0.401791 0.432558 0.485770 0.414235 0.277642 
0.548478 0.339492 0.229107 0.138395 0.293437 0.151046 0.243729 0.423533 0.275103 0.094887 
0.270909 0.337470 0.428125 0.435776 0.456343 0.477522 0.512346 0.477679 0.461936 0.494640 
0.451609 0.421412 0.446412 0.481865 0.467072 0.500410 0.442030 0.453434 0.500524 0.479318 
0.431230 0.434092 0.376107 0.414715 0.426037 0.415063 0.408443 0.499220 0.369156 0.255483 
0.564201 0.378110 0.102534 0.100195 0.311106 0.155615 0.379760 0.362278 0.590823 0.047496 
0.152646 0.253681 0.410764 0.410371 0.436211 0.469501 0.503073 0.492091 0.465999 0.438117 
0.461775 0.417222 0.423662 0.468912 0.420202 0.452317 0.409301 0.430902 0.409941 0.400920 
0.394185 0.448055 0.419859 0.416416 0.434588 0.436799 0.463268 0.296453 0.137086 0.197411 
0.647109 0.354933 0.121754 0.245788 0.481111 0.223602 0.247298 0.381888 0.270141 0.137277 
0.052596 0.275592 0.388813 0.422380 0.421350 0.475016 0.493428 0.471452 0.472657 0.436209 
0.443851 0.413786 0.381700 0.395579 0.391033 0.385229 0.387808 0.419398 0.434262 0.396901 
0.429401 0.445548 0.438263 0.412085 0.389602 0.380107 0.322161 0.153366 0.148090 0.487340 
0.459873 0.141842 0.070821 0.229878 0.373101 0.220157 0.203907 0.480003 0.143339 0.540302 
0.327489 0.174997 0.420785 0.442058 0.397502 0.393719 0.424665 0.418815 0.426957 0.343198 
0.361539 0.383060 0.373499 0.350612 0.385453 0.376967 0.383854 0.418550 0.428968 0.380228 
0.476939 0.453379 0.352818 0.279049 0.364627 0.357769 0.278926 0.169100 0.415893 0.489784 
0.316191 0.306697 0.208706 0.120350 0.336778 0.242208 0.104389 0.386236 0.309870 0.663600 
0.654027 0.109263 0.496604 0.397375 0.366733 0.363686 0.469532 0.296407 0.309462 0.284327 
0.377123 0.336365 0.412950 0.394135 0.375578 0.423300 0.390507 0.359972 0.397888 0.334623 
0.357450 0.154776 0.099978 0.131969 0.162520 0.305140 0.292714 0.310923 0.532211 0.388861 
0.393691 0.481086 0.443956 0.142735 0.305065 0.459561 0.141850 0.132550 0.162791 0.279252 
0.691318 0.173064 0.528919 0.377656 0.286573 0.292531 0.415994 0.115707 0.162984 0.175911 
0.317382 0.344901 0.412978 0.284296 0.224215 0.325421 0.337789 0.392416 0.426135 0.220573 
0.215820 0.072964 0.345238 0.622451 0.108937 0.175381 0.168605 0.396870 0.450157 0.318834 
0.416954 0.441854 0.519050 0.181927 0.125268 0.216323 0.270575 0.257651 0.129818 0.693303 
0.827632 0.180797 0.490642 0.354997 0.277733 0.342416 0.374744 0.161207 0.771519 0.168115 
0.288429 0.290867 0.152857 0.094615 0.103206 0.164464 0.248734 0.327784 0.141271 0.111857 
0.129978 0.085693 0.605182 0.683217 0.220122 0.135740 0.069636 0.029843 0.136835 0.224770 
0.468684 0.343977 0.589437 0.399488 0.334573 0.288017 0.668905 0.117394 0.050542 0.519338 
0.710711 0.082796 0.242699 0.192627 0.221709 0.301313 0.133389 0.280193 0.949327 0.047814 
0.110004 0.147888 0.092764 0.485242 0.520746 0.092892 0.195458 0.166368 0.106384 0.233654 
0.123725 0.120892 0.685067 0.489776 0.501057 0.447916 0.092538 0.119128 0.190639 0.100717 
0.524385 0.335759 0.345764 0.221730 0.456084 0.283984 0.456556 0.088008 0.207311 0.203536 
0.847482 0.130691 0.103820 0.081108 0.228113 0.482911 0.105424 0.759992 0.956109 0.051176 
0.139714 0.166549 0.154499 0.580032 0.748671 0.257779 0.146715 0.115558 0.193485 0.626616 
0.196129 0.313178 0.606836 0.198959 0.233718 0.611074 0.091489 0.133461 0.326664 0.167157 
0.482553 0.223586 0.278247 0.304698 0.509482 0.438550 0.468910 0.106388 0.555321 0.173692 
0.297890 0.179855 0.114215 0.201062 0.146531 0.342345 0.087812 0.843133 0.933107 0.055146 
0.195030 0.128323 0.218287 0.304519 0.519428 0.423814 0.065342 0.116817 0.347422 0.261943 
0.175586 0.190338 0.282778 0.208667 0.215569 0.209853 0.128399 0.490317 0.639686 0.404450 
0.489053 0.263857 0.331458 0.229011 0.530424 0.558239 0.361111 0.409521 0.284779 0.263270 
0.195382 0.267874 0.232559 0.230490 0.123748 0.273263 0.196048 0.291074 0.635021 0.248810 
0.337798 0.100463 0.151664 0.506989 0.297611 0.534500 0.207212 0.146391 0.466516 0.570438 
0.140035 0.060809 0.435703 0.123818 0.335017 0.373090 0.284314 0.398683 0.455185 0.393082 
0.400825 0.349550 0.302729 0.310239 0.520252 0.663723 0.517802 0.364932 0.343057 0.416585 
0.171880 0.141444 0.093667 0.227058 0.146836 0.106008 0.185431 0.212482 0.115438 0.051299 
0.525605 0.370929 0.300061 0.095979 0.657764 0.567029 0.257189 0.194894 0.083364 0.068588 
0.208505 0.139656 0.408541 0.111189 0.386454 0.384648 0.215146 0.326357 0.425177 0.334486 
0.477025 0.280257 0.365583 0.270168 0.358929 0.504895 0.573261 0.410039 0.359060 0.374566 
0.265873 0.321611 0.269111 0.495618 0.278950 0.215675 0.588885 0.173984 0.145796 0.113676 
0.209926 0.433107 0.231042 0.098967 0.347706 0.638875 0.128221 0.205430 0.205700 0.215460 
0.216132 0.256330 0.379571 0.120472 0.189957 0.336861 0.203002 0.334880 0.364707 0.271456 
0.495034 0.320008 0.273817 0.373503 0.450999 0.422533 0.689395 0.598220 0.618728 0.639832 
0.453899 0.448155 0.203460 0.436430 0.406812 0.374014 0.241362 0.122792 0.149328 0.190513 
0.131604 0.237751 0.122996 0.395605 0.135688 0.246267 0.115660 0.153197 0.288888 0.212093 
0.177227 0.321684 0.399086 0.175340 0.397027 0.374911 0.125992 0.316932 0.221980 0.305477 
0.448784 0.468815 0.281950 0.513427 0.315404 0.401379 0.681724 0.461521 0.447050 0.613989 
0.382674 0.411519 0.238501 0.431122 0.497048 0.411864 0.351438 0.388121 0.344817 0.330820 
0.344480 0.296569 0.235058 0.436709 0.270503 0.214515 0.588665 0.298037 0.126570 0.167089 
0.320136 0.289023 0.351869 0.203488 0.610072 0.438989 0.169480 0.409534 0.219955 0.467183 
0.448084 0.493345 0.355017 0.420646 0.209098 0.580643 0.647483 0.310440 0.441743 0.366486 
0.386116 0.565771 0.398252 0.505962 0.528031 0.521130 0.390860 0.428469 0.258993 0.313245 
0.317713 0.301049 0.240330 0.338486 0.245636 0.238657 0.366502 0.195514 0.111103 0.619078 
0.688363 0.276797 0.383851 0.618044 0.715793 0.501900 0.148754 0.336566 0.155398 0.484203 
0.319435 0.291512 0.595120 0.609256 0.489673 0.580534 0.452661 0.121159 0.849036 0.266886 
0.397458 0.452778 0.282692 0.136568 0.096094 0.150917 0.173224 0.261686 0.320415 0.203503 
0.295739 0.380075 0.410948 0.350932 0.348187 0.253824 0.205957 0.047242 0.066870 0.292064 
0.215384 0.129044 0.211548 0.196395 0.163531 0.116323 0.099871 0.156236 0.131165 0.264974 
0.307084 0.331215 0.502474 0.538878 0.460039 0.297873 0.394917 0.294747 0.891580 0.629879 
0.453746 0.446957 0.325402 0.169414 0.401983 0.591368 0.304420 0.189063 0.285266 0.278141 
0.317527 0.228982 0.242014 0.192213 0.258742 0.225944 0.193282 0.101337 0.075912 0.170770 
0.111292 0.161037 0.211451 0.276912 0.339641 0.254544 0.224866 0.293779 0.273366 0.386816 
0.140174 0.384600 0.374978 0.322244 0.392659 0.474078 0.492485 0.446614 0.430205 0.412712 
0.421690 0.479200 0.583087 0.537175 0.444650 0.434731 0.367071 0.315888 0.363339 0.366252 
0.360162 0.403681 0.391734 0.439745 0.467036 0.486436 0.407556 0.349563 0.474568 0.551453 
0.411888 0.366790 0.416029 0.348264 0.390761 0.376649 0.380971 0.426489 0.620334 0.875000 
0.127666 0.249896 0.257634 0.301533 0.373071 0.482571 0.367707 0.368878 0.410050 0.360549 
0.380102 0.437158 0.484421 0.431886 0.399913 0.380259 0.272087 0.280474 0.245788 0.297223 
0.289943 0.307326 0.366023 0.396182 0.407082 0.417539 0.351378 0.364481 0.464388 0.453746 
0.452616 0.396237 0.383454 0.324968 0.389897 0.397669 0.357560 0.398368 0.694801 0.928443 
0.209772 0.254382 0.172082 0.240228 0.316591 0.341463 0.186403 0.205942 0.319436 0.293597 
0.287338 0.293088 0.303511 0.350182 0.373808 0.250608 0.207609 0.189614 0.195603 0.176627 
0.177995 0.205580 0.239074 0.241636 0.250230 0.216554 0.247756 0.274955 0.251660 0.269243 
0.310495 0.274116 0.261080 0.239623 0.258538 0.216692 0.194500 0.267001 0.434966 0.773879 
0.196254 0.278898 0.257924 0.463245 0.201968 0.318871 0.286988 0.259572 0.313955 0.348662 
0.345714 0.358178 0.395048 0.347880 0.320704 0.318030 0.317487 0.233574 0.223899 0.224477 
0.257983 0.252073 0.251341 0.262673 0.253018 0.249380 0.321495 0.334635 0.294253 0.318346 
0.359946 0.323222 0.284592 0.328581 0.311402 0.234659 0.295347 0.386153 0.482466 0.767723 
0.176677 0.303852 0.289070 0.398407 0.075091 0.298340 0.385261 0.268016 0.286934 0.364473 
0.348184 0.404047 0.430486 0.287843 0.269521 0.298248 0.330047 0.272012 0.290873 0.316792 
0.259190 0.242016 0.246174 0.252394 0.295774 0.318999 0.336175 0.318287 0.298633 0.311357 
0.310118 0.276181 0.314327 0.349432 0.314418 0.290178 0.317809 0.419836 0.511573 0.796859 
0.201118 0.338331 0.241902 0.176887 0.288185 0.568647 0.462589 0.261630 0.258625 0.267090 
0.383810 0.453576 0.283874 0.240116 0.230200 0.302065 0.313904 0.304639 0.338932 0.328388 
0.205004 0.234806 0.257293 0.259949 0.337497 0.256382 0.265531 0.284616 0.279522 0.299683 
0.327374 0.274989 0.282369 0.312428 0.315112 0.326528 0.308658 0.376690 0.487411 0.804956 
0.211495 0.334637 0.279975 0.211480 0.383855 0.415575 0.300674 0.322950 0.292581 0.281431 
0.457516 0.446208 0.142907 0.199896 0.196652 0.237067 0.287595 0.304552 0.310251 0.257586 
0.201251 0.256450 0.327706 0.358196 0.333389 0.194218 0.232929 0.332297 0.280960 0.293852 
0.303595 0.292464 0.254419 0.274602 0.287176 0.263072 0.336431 0.400970 0.505385 0.791271 
0.234786 0.378383 0.291750 0.169598 0.276799 0.321584 0.260876 0.303909 0.374947 0.341142 
0.404740 0.254516 0.178280 0.290846 0.316608 0.256040 0.236950 0.228332 0.296432 0.289790 
0.250803 0.328314 0.403166 0.372211 0.254804 0.252276 0.295949 0.345683 0.313309 0.276542 
0.280712 0.320719 0.298376 0.225919 0.267304 0.304197 0.328996 0.331305 0.422341 0.780002 
0.275335 0.397079 0.183292 0.167628 0.285790 0.330193 0.255110 0.246428 0.295254 0.345824 
0.307912 0.235099 0.313216 0.347868 0.346952 0.324712 0.260690 0.195539 0.263538 0.321212 
0.268109 0.311506 0.380119 0.274346 0.214503 0.249132 0.288457 0.301165 0.300410 0.268923 
0.247959 0.328881 0.308902 0.235736 0.286602 0.389227 0.273418 0.293226 0.427971 0.778055 
0.282365 0.391075 0.191099 0.188293 0.373187 0.297604 0.238943 0.305153 0.360657 0.341998 
0.246509 0.236602 0.276701 0.249771 0.290496 0.306652 0.298386 0.312914 0.290600 0.320801 
0.295242 0.297308 0.401837 0.220602 0.235194 0.324011 0.341692 0.248516 0.281706 0.294832 
0.264656 0.306057 0.282789 0.256353 0.344987 0.348151 0.213683 0.308083 0.514358 0.814631 
0.279121 0.354340 0.227555 0.250300 0.357971 0.326046 0.257808 0.317787 0.385218 0.312876 
0.153261 0.234989 0.245350 0.268476 0.286963 0.275948 0.319018 0.372060 0.243961 0.228342 
0.287860 0.297388 0.270020 0.241446 0.337825 0.413223 0.340458 0.304229 0.325275 0.332860 
0.280980 0.279048 0.249883 0.246030 0.311562 0.301638 0.267840 0.369111 0.478368 0.792631 
0.236250 0.303689 0.224553 0.278709 0.324530 0.389561 0.342169 0.296253 0.264204 0.252174 
0.225699 0.272259 0.325902 0.394058 0.476140 0.303391 0.333682 0.323822 0.228889 0.174192 
0.283656 0.282942 0.240194 0.283429 0.408204 0.392041 0.292807 0.247584 0.324377 0.390653 
0.309796 0.251029 0.256266 0.258953 0.297127 0.312580 0.367093 0.419792 0.389362 0.755103 
0.204602 0.296394 0.212662 0.219022 0.273566 0.384831 0.372310 0.272919 0.255221 0.293586 
0.253318 0.277410 0.385231 0.454744 0.446688 0.182242 0.254910 0.303357 0.217069 0.213409 
0.295167 0.284354 0.278891 0.306752 0.298570 0.297615 0.359570 0.269428 0.326837 0.347042 
0.264815 0.239243 0.292635 0.296868 0.283397 0.264717 0.367791 0.467628 0.412773 0.722021 
0.186503 0.321474 0.209692 0.136429 0.253446 0.376683 0.335126 0.316082 0.371955 0.313647 
0.212343 0.273501 0.468001 0.674295 0.271945 0.015906 0.030719 0.229232 0.159776 0.209319 
0.316409 0.326208 0.299353 0.303589 0.275258 0.287268 0.379892 0.358221 0.310976 0.303725 
0.260478 0.254843 0.298050 0.329337 0.271451 0.258526 0.419995 0.485621 0.520445 0.705895 
0.193209 0.316899 0.186369 0.145091 0.274259 0.395542 0.215586 0.311050 0.349173 0.294968 
0.207976 0.299454 0.388083 0.661056 0.948884 0.128891 0.001817 0.037017 0.131889 0.186426 
0.237652 0.250171 0.267827 0.311019 0.319875 0.303937 0.346374 0.377825 0.279949 0.292638 
0.293016 0.288412 0.324412 0.337474 0.251232 0.293647 0.439191 0.483980 0.524955 0.632544 
0.188297 0.257649 0.187195 0.193202 0.263066 0.343657 0.220296 0.297424 0.411936 0.309393 
0.232643 0.314236 0.324870 0.289853 0.565534 0.336448 0.070824 0.190973 0.265850 0.273222 
0.220948 0.232466 0.295513 0.324138 0.306675 0.288578 0.345269 0.393635 0.262588 0.249451 
0.322906 0.288027 0.218318 0.243743 0.316450 0.326432 0.391439 0.391934 0.405361 0.569792 
0.168866 0.291560 0.227048 0.201097 0.231251 0.243761 0.263789 0.311544 0.350516 0.323435 
0.237389 0.248004 0.306876 0.253419 0.235439 0.208446 0.225112 0.436668 0.268567 0.296254 
0.293070 0.269940 0.266074 0.280562 0.265328 0.273440 0.374125 0.373419 0.278786 0.140773 
0.269546 0.236606 0.208018 0.236666 0.315073 0.346444 0.368164 0.287839 0.387042 0.750664 
0.195984 0.277267 0.282043 0.225234 0.217704 0.271446 0.284586 0.240954 0.265494 0.334708 
0.266650 0.249153 0.289036 0.264799 0.205437 0.293264 0.374320 0.314333 0.285098 0.195277 
0.316889 0.294008 0.256726 0.257220 0.294455 0.295717 0.381231 0.363086 0.238558 0.203382 
0.265649 0.270783 0.264491 0.290917 0.306842 0.339368 0.322233 0.334072 0.483865 0.814202 
0.205943 0.331382 0.287106 0.202491 0.221113 0.218067 0.248672 0.218316 0.319365 0.355346 
0.277672 0.277145 0.292573 0.248309 0.223779 0.278893 0.341586 0.301507 0.330319 0.250755 
0.289295 0.267003 0.265568 0.302542 0.317353 0.306922 0.284686 0.264777 0.286612 0.310024 
0.312994 0.307432 0.281681 0.285965 0.323337 0.336685 0.315973 0.382259 0.504053 0.784098 
0.225735 0.340937 0.240579 0.194560 0.225687 0.240951 0.246510 0.216564 0.236624 0.306823 
0.262683 0.293284 0.336234 0.286296 0.218411 0.282284 0.326914 0.255637 0.248415 0.299156 
0.282302 0.272398 0.291935 0.302972 0.313395 0.310640 0.266477 0.276237 0.298542 0.261889 
0.271865 0.305812 0.272815 0.300075 0.328352 0.303678 0.299597 0.354563 0.484103 0.787961 
0.254747 0.313055 0.196248 0.261577 0.337816 0.299956 0.279477 0.285257 0.334301 0.256958 
0.256622 0.274618 0.328068 0.296565 0.232257 0.313521 0.305128 0.302209 0.304489 0.296013 
0.216807 0.257689 0.298167 0.260418 0.280473 0.317526 0.313713 0.299532 0.285635 0.235262 
0.304910 0.354599 0.279957 0.270788 0.348194 0.363809 0.250064 0.371459 0.490388 0.817910 
0.317782 0.255464 0.216600 0.304070 0.221094 0.074889 0.170916 0.140979 0.125651 0.227816 
0.219030 0.217718 0.225037 0.240153 0.257493 0.304490 0.367089 0.300904 0.355271 0.299790 
0.204242 0.249174 0.310209 0.268865 0.284823 0.310868 0.299350 0.308521 0.292755 0.313682 
0.379712 0.297287 0.236172 0.287956 0.370319 0.389833 0.336790 0.349067 0.503111 0.858451 
0.438942 0.073878 0.106426 0.202231 0.106862 0.036993 0.248427 0.427377 0.060710 0.117454 
0.186283 0.158228 0.196687 0.205980 0.268911 0.345345 0.336765 0.210730 0.265768 0.345135 
0.298430 0.260940 0.312053 0.289773 0.311585 0.289631 0.245220 0.319023 0.348524 0.341965 
0.305639 0.269236 0.297602 0.338610 0.369054 0.371531 0.342735 0.417919 0.495611 0.750316 
0.742921 0.065114 0.055659 0.089352 0.157029 0.112746 0.256644 0.205345 0.068307 0.039295 
0.157410 0.190613 0.222238 0.230742 0.307844 0.338934 0.244807 0.241942 0.313547 0.321077 
0.341882 0.308952 0.242187 0.279571 0.348480 0.304700 0.312905 0.346640 0.339013 0.295944 
0.294977 0.285883 0.294966 0.375456 0.403796 0.385898 0.333949 0.554893 0.673862 0.803381 
0.784403 0.087291 0.068801 0.293184 0.576952 0.178906 0.127950 0.112907 0.060379 0.031288 
0.028305 0.235952 0.251397 0.221477 0.275370 0.281161 0.242168 0.298272 0.315054 0.305214 
0.347848 0.322195 0.249548 0.302612 0.373640 0.268465 0.336464 0.322840 0.324890 0.286014 
0.315313 0.283305 0.313963 0.374449 0.367201 0.366939 0.607461 0.765013 0.797355 0.724739 
0.363357 0.103084 0.536939 0.385660 0.342767 0.148702 0.183388 0.227894 0.413083 0.197771 
0.024824 0.117681 0.221387 0.186489 0.214253 0.207264 0.282080 0.316598 0.269973 0.253546 
0.359420 0.397920 0.361098 0.360101 0.331471 0.294345 0.295035 0.287175 0.274882 0.328234 
0.343385 0.303465 0.292060 0.209182 0.300502 0.441346 0.730509 0.780279 0.853089 0.163599 
0.132947 0.093333 0.368567 0.501070 0.387915 0.220852 0.249117 0.060147 0.228476 0.361337 
0.045899 0.037620 0.161381 0.183279 0.221187 0.265425 0.410708 0.364863 0.290047 0.249097 
0.311093 0.285225 0.304517 0.313998 0.208484 0.246674 0.237967 0.221886 0.239644 0.380774 
0.418499 0.478316 0.368775 0.177225 0.270623 0.488888 0.517350 0.386565 0.666241 0.145129 
0.182854 0.177700 0.353259 0.369580 0.513307 0.177399 0.192513 0.063552 0.448930 0.515977 
0.137394 0.064396 0.130701 0.196981 0.253962 0.436734 0.679476 0.602903 0.291924 0.364171 
0.241343 0.260671 0.279661 0.245109 0.225618 0.218643 0.221656 0.254763 0.249249 0.364212 
0.821795 0.844314 0.248247 0.073894 0.026164 0.235254 0.518219 0.185998 0.318600 0.069895 
0.341419 0.253570 0.149261 0.302477 0.623094 0.750003 0.161212 0.038042 0.071455 0.305465 
0.139793 0.072227 0.126831 0.174063 0.197135 0.608343 0.753681 0.719485 0.169851 0.247257 
0.198855 0.201325 0.341605 0.399682 0.384946 0.358656 0.239704 0.201897 0.440543 0.636368 
0.845374 0.492557 0.156349 0.151936 0.010578 0.032179 0.360180 0.834165 0.677169 0.181334 
0.213023 0.101586 0.119887 0.226451 0.366097 0.201713 0.150054 0.038803 0.246883 0.277212 
0.331866 0.058919 0.077652 0.148561 0.256359 0.748074 0.836350 0.841025 0.194820 0.065147 
0.051968 0.280836 0.546459 0.671835 0.091134 0.076558 0.177518 0.251743 0.621847 0.227232 
0.637181 0.344728 0.319792 0.144801 0.024012 0.036462 0.027661 0.093652 0.347133 0.851394 
0.200655 0.196204 0.071701 0.109678 0.521322 0.598367 0.071429 0.278179 0.286994 0.276596 
0.134552 0.041451 0.114326 0.245726 0.385832 0.688637 0.845977 0.871240 0.104176 0.020674 
0.027968 0.225275 0.662792 0.712094 0.051497 0.067175 0.077220 0.194344 0.174143 0.208098 
0.301597 0.211966 0.175234 0.129041 0.202898 0.065677 0.010906 0.054461 0.184648 0.879143 
0.137865 0.182703 0.084434 0.148450 0.335423 0.530722 0.181393 0.628380 0.211403 0.450679 
0.292340 0.042498 0.315209 0.098020 0.108394 0.336979 0.564426 0.372288 0.213712 0.159217 
0.177719 0.108985 0.249643 0.126201 0.416441 0.177253 0.056334 0.315973 0.477682 0.164017 
0.172973 0.168714 0.052142 0.055141 0.252100 0.248534 0.129199 0.264923 0.188817 0.568401 
0.150343 0.239793 0.131302 0.281909 0.193272 0.259064 0.246999 0.265741 0.235801 0.219646 
0.388435 0.225430 0.814714 0.425963 0.108235 0.171521 0.651856 0.449934 0.394594 0.511721 
0.447748 0.198870 0.073312 0.062535 0.384653 0.234723 0.066936 0.258476 0.803046 0.072075 
0.277309 0.600657 0.124995 0.108353 0.190441 0.054861 0.102628 0.161772 0.190631 0.597230 
0.131914 0.217889 0.079951 0.173219 0.251789 0.303275 0.464639 0.140896 0.061702 0.238097 
0.273803 0.354542 0.576682 0.465580 0.346575 0.488256 0.861117 0.742601 0.726705 0.862182 
0.635439 0.265637 0.073181 0.199581 0.171278 0.162926 0.114070 0.119966 0.481872 0.100509 
0.300796 0.701442 0.158063 0.165322 0.274751 0.054546 0.052700 0.139924 0.231907 0.673467 
0.117754 0.065804 0.066012 0.204924 0.399420 0.235007 0.338881 0.211867 0.103567 0.193548 
0.204195 0.212998 0.297829 0.422093 0.525269 0.739430 0.131670 0.083828 0.239294 0.829644 
0.702476 0.156834 0.195342 0.685481 0.366093 0.043817 0.274598 0.116136 0.057218 0.109808 
0.334561 0.497408 0.400509 0.341952 0.341021 0.195429 0.063592 0.152250 0.420565 0.768500 
0.096026 0.091349 0.162539 0.137359 0.423771 0.231692 0.148072 0.258834 0.153151 0.183441 
0.117705 0.094106 0.074298 0.191720 0.485742 0.581480 0.059540 0.134317 0.459194 0.615624 
0.301934 0.374298 0.258968 0.664114 0.518542 0.165552 0.553083 0.260733 0.128897 0.138451 
0.399374 0.126503 0.448496 0.748244 0.539436 0.173843 0.075144 0.101681 0.565536 0.477509 
0.110616 0.163283 0.152149 0.096663 0.088332 0.159018 0.223270 0.363551 0.211649 0.208882 
0.165516 0.149639 0.142952 0.315745 0.322075 0.265955 0.347692 0.579547 0.259045 0.163275 
0.100854 0.085168 0.369435 0.304448 0.256942 0.352865 0.381380 0.518841 0.407030 0.465260 
0.398170 0.134849 0.450972 0.767718 0.532410 0.038694 0.156607 0.058523 0.566553 0.470688 
0.215973 0.181522 0.413659 0.251763 0.106646 0.151956 0.291428 0.350136 0.034423 0.288455 
0.337733 0.108047 0.130596 0.329396 0.252564 0.206993 0.174686 0.197108 0.257570 0.390896 
0.192627 0.163123 0.370769 0.561412 0.654126 0.463390 0.154776 0.406702 0.848951 0.649122 
0.257508 0.121261 0.308388 0.171003 0.587288 0.347616 0.265812 0.121810 0.294656 0.778600 
0.185967 0.229785 0.526834 0.498680 0.069345 0.129937 0.447188 0.745983 0.102163 0.157835 
0.166191 0.243710 0.424626 0.517729 0.551383 0.406802 0.292211 0.379540 0.296735 0.504550 
0.359812 0.325006 0.351552 0.097758 0.465591 0.238538 0.133169 0.337585 0.816928 0.551142 
0.136264 0.234441 0.088927 0.138776 0.625827 0.184237 0.182978 0.114947 0.385281 0.832509 
0.172198 0.215220 0.343232 0.581117 0.133271 0.162983 0.471745 0.755568 0.306446 0.014386 
0.134492 0.217948 0.149189 0.347044 0.507132 0.147586 0.304535 0.367721 0.575602 0.561936 
0.227650 0.431824 0.491089 0.352539 0.523689 0.339165 0.315734 0.229303 0.413490 0.185117 
0.182331 0.421866 0.276617 0.352684 0.341650 0.246276 0.384852 0.392304 0.558393 0.882057 
0.210718 0.398330 0.559266 0.582063 0.591751 0.568892 0.541585 0.578992 0.583619 0.589555 
0.594265 0.590032 0.543148 0.472865 0.532353 0.530248 0.566353 0.561915 0.625661 0.646283 
0.648043 0.643082 0.642926 0.632026 0.608446 0.607786 0.626906 0.615252 0.582815 0.619987 
0.609258 0.565653 0.589175 0.595031 0.598482 0.597807 0.606923 0.580694 0.461741 0.547781 
0.239039 0.400261 0.446647 0.505421 0.501462 0.443384 0.451832 0.495721 0.513859 0.470591 
0.489591 0.493705 0.418398 0.417859 0.557369 0.416596 0.379156 0.453555 0.440603 0.462191 
0.470420 0.456011 0.468480 0.508860 0.455569 0.474147 0.445490 0.512549 0.492404 0.433394 
0.383984 0.463854 0.456128 0.460064 0.467363 0.480670 0.478426 0.462050 0.385842 0.496044 
0.348127 0.641976 0.682227 0.719863 0.670162 0.618159 0.641720 0.638646 0.702585 0.691933 
0.686309 0.658919 0.549321 0.596381 0.774355 0.627864 0.582311 0.553306 0.611860 0.621792 
0.594567 0.637058 0.688424 0.643893 0.624564 0.651470 0.666494 0.681348 0.613534 0.642464 
0.709173 0.689243 0.693725 0.643002 0.658677 0.639352 0.633360 0.628320 0.538558 0.646634 
0.353925 0.637931 0.658765 0.727108 0.792848 0.612371 0.576704 0.638137 0.709492 0.654271 
0.634973 0.574364 0.562617 0.691797 0.726083 0.697215 0.688401 0.626647 0.570657 0.587648 
0.624116 0.640137 0.644375 0.673370 0.669978 0.641979 0.657053 0.661342 0.632903 0.673264 
0.739702 0.701916 0.661556 0.637584 0.616311 0.575437 0.633453 0.662784 0.569410 0.636187 
0.316454 0.576875 0.588095 0.483308 0.550212 0.560880 0.607737 0.659724 0.667921 0.638634 
0.655149 0.584029 0.665917 0.746558 0.721270 0.704501 0.703107 0.668356 0.635600 0.680982 
0.617132 0.602812 0.617567 0.660929 0.673289 0.644611 0.653141 0.682802 0.680920 0.672484 
0.601071 0.590578 0.615026 0.670561 0.656557 0.666212 0.662475 0.650748 0.601423 0.600043 
0.281583 0.582077 0.634122 0.469378 0.372116 0.719002 0.760301 0.653803 0.613368 0.628443 
0.703182 0.650403 0.636749 0.619258 0.627868 0.674546 0.707589 0.698079 0.735281 0.700698 
0.661479 0.669150 0.655314 0.604683 0.553523 0.597620 0.636201 0.644914 0.629212 0.604638 
0.582913 0.586481 0.618652 0.653414 0.687507 0.721753 0.676861 0.637554 0.581714 0.591790 
0.319609 0.599500 0.655363 0.676383 0.727085 0.756144 0.695115 0.667130 0.664385 0.673253 
0.670191 0.644977 0.606404 0.646364 0.618506 0.650900 0.636081 0.713107 0.716193 0.671771 
0.715586 0.715539 0.672828 0.624799 0.544395 0.513228 0.621110 0.635723 0.593180 0.594624 
0.651263 0.637099 0.669047 0.675290 0.696167 0.660065 0.636131 0.665992 0.598675 0.633251 
0.316562 0.575658 0.635643 0.670873 0.682157 0.699666 0.668356 0.679498 0.751477 0.691302 
0.671209 0.678832 0.605265 0.707427 0.686380 0.648905 0.593706 0.608299 0.648325 0.648826 
0.625358 0.658766 0.662623 0.668798 0.627716 0.614868 0.690843 0.652686 0.656315 0.631550 
0.659784 0.652700 0.672871 0.630024 0.662008 0.623599 0.620364 0.632483 0.584554 0.603945 
0.313783 0.546945 0.520529 0.580084 0.643333 0.653094 0.658721 0.670566 0.730129 0.677821 
0.592614 0.632247 0.745187 0.733323 0.708612 0.700176 0.650239 0.617975 0.643396 0.668645 
0.604971 0.627972 0.632767 0.651459 0.603044 0.670043 0.638807 0.609983 0.631502 0.647237 
0.593546 0.653082 0.673825 0.615306 0.629770 0.625558 0.621722 0.607319 0.563279 0.598152 
0.324546 0.636876 0.612273 0.586343 0.681842 0.607039 0.582448 0.623745 0.686643 0.657352 
0.597234 0.683154 0.737435 0.700280 0.734824 0.794307 0.745473 0.643708 0.652297 0.630788 
0.659842 0.642071 0.597643 0.636422 0.667651 0.692662 0.606198 0.571083 0.641026 0.636844 
0.591542 0.651817 0.665088 0.621424 0.654457 0.647375 0.605821 0.610660 0.577009 0.644498 
0.322752 0.654329 0.664519 0.673660 0.739290 0.669072 0.614393 0.598889 0.658506 0.653952 
0.649660 0.703891 0.671686 0.745631 0.773332 0.754559 0.702398 0.667633 0.597446 0.618475 
0.704284 0.656399 0.638936 0.627753 0.735254 0.691479 0.610723 0.628968 0.706658 0.617094 
0.586519 0.625857 0.642418 0.611522 0.670910 0.663879 0.636083 0.599621 0.502985 0.580100 
0.341338 0.624918 0.662746 0.680690 0.718359 0.716174 0.700217 0.659235 0.709310 0.692123 
0.653634 0.662868 0.656871 0.683595 0.625927 0.639571 0.691795 0.683834 0.643046 0.687305 
0.696920 0.675480 0.679375 0.718626 0.758789 0.698293 0.595305 0.621444 0.631994 0.637554 
0.639237 0.666460 0.675793 0.650797 0.677011 0.675165 0.664680 0.608733 0.392115 0.508266 
0.323021 0.600304 0.632980 0.668091 0.686944 0.734697 0.743099 0.667930 0.690046 0.683150 
0.578496 0.604610 0.609691 0.455542 0.400528 0.617011 0.583030 0.692160 0.706185 0.658062 
0.604748 0.634141 0.652079 0.687499 0.624031 0.610424 0.649790 0.616843 0.581880 0.653940 
0.674801 0.670550 0.683696 0.675494 0.635290 0.621653 0.613323 0.592701 0.326721 0.493441 
0.308962 0.613698 0.628139 0.634124 0.714067 0.705348 0.713432 0.598861 0.591243 0.631489 
0.550909 0.674450 0.547571 0.429348 0.405856 0.606174 0.679308 0.232656 0.568215 0.620498 
0.618672 0.678714 0.655019 0.646812 0.554601 0.563020 0.695143 0.639964 0.645249 0.647888 
0.659950 0.648917 0.658848 0.675787 0.625354 0.617646 0.675181 0.616230 0.394744 0.561808 
0.283157 0.618661 0.670150 0.634003 0.713232 0.704696 0.609914 0.632186 0.694342 0.647369 
0.646195 0.734257 0.655844 0.614988 0.711650 0.885698 0.912057 0.701300 0.606306 0.620714 
0.641439 0.649144 0.623496 0.613759 0.624408 0.640901 0.681515 0.671631 0.627481 0.620542 
0.635204 0.613490 0.644636 0.723354 0.653033 0.664524 0.698672 0.663565 0.540117 0.599183 
0.331533 0.630386 0.659287 0.637457 0.632438 0.665655 0.606747 0.630650 0.731193 0.728331 
0.690642 0.688131 0.723297 0.713666 0.584375 0.369339 0.728682 0.768117 0.624358 0.627613 
0.677695 0.643945 0.671537 0.679657 0.690796 0.687666 0.688821 0.677929 0.552418 0.609133 
0.660307 0.669303 0.633140 0.652507 0.624584 0.677485 0.685172 0.686409 0.586880 0.605280 
0.323252 0.681254 0.614635 0.617084 0.625674 0.650804 0.613876 0.627431 0.710746 0.713831 
0.641571 0.606205 0.691866 0.698478 0.576124 0.486350 0.669053 0.658487 0.488932 0.568548 
0.692931 0.651415 0.622591 0.634648 0.626671 0.674155 0.657386 0.613684 0.586223 0.576953 
0.665608 0.647628 0.612039 0.602981 0.624406 0.651405 0.658438 0.645876 0.508446 0.580073 
0.303273 0.539312 0.586051 0.629383 0.587077 0.669596 0.652345 0.734505 0.729196 0.671228 
0.590362 0.646962 0.698673 0.656633 0.612764 0.706508 0.743230 0.625020 0.481263 0.580224 
0.630194 0.626298 0.615325 0.610868 0.595922 0.609888 0.611917 0.631243 0.600684 0.655268 
0.695305 0.655542 0.667495 0.673316 0.658615 0.642910 0.636431 0.616962 0.580734 0.576362 
0.325032 0.621237 0.691155 0.711755 0.728422 0.733987 0.721015 0.735317 0.724499 0.674395 
0.674952 0.709000 0.687461 0.613495 0.642391 0.717504 0.706533 0.621532 0.631205 0.661794 
0.615300 0.624462 0.629721 0.662423 0.644823 0.633243 0.638371 0.652591 0.670925 0.682378 
0.670379 0.678706 0.690878 0.685969 0.686805 0.661470 0.676943 0.700408 0.658132 0.572422 
0.391102 0.702476 0.788893 0.799057 0.745905 0.716548 0.719789 0.674968 0.651299 0.673252 
0.682329 0.655996 0.627181 0.617913 0.642403 0.660558 0.652525 0.609521 0.593898 0.658999 
0.653359 0.650280 0.665882 0.672230 0.662706 0.681964 0.676399 0.662039 0.668494 0.607149 
0.624442 0.660806 0.630284 0.697489 0.716437 0.630092 0.693647 0.689667 0.675583 0.602079 
0.353432 0.646775 0.785393 0.784028 0.529419 0.380800 0.527899 0.576135 0.659630 0.694022 
0.673306 0.611227 0.608207 0.644919 0.629360 0.629655 0.622757 0.542067 0.591830 0.603491 
0.610386 0.662206 0.651786 0.662820 0.649717 0.674659 0.701519 0.647581 0.601684 0.586926 
0.626355 0.683171 0.639566 0.677327 0.689236 0.631876 0.584372 0.624475 0.663893 0.609752 
0.271916 0.308840 0.716667 0.665849 0.369088 0.336395 0.350512 0.298408 0.396054 0.532832 
0.718736 0.634642 0.608271 0.644680 0.610312 0.626443 0.632922 0.627717 0.682483 0.685343 
0.611685 0.620756 0.623845 0.673309 0.649226 0.687768 0.685674 0.668072 0.672448 0.685924 
0.740211 0.678590 0.649268 0.671248 0.653752 0.619804 0.661431 0.741732 0.676118 0.677878 
0.387295 0.439781 0.638426 0.458799 0.390407 0.440484 0.340771 0.314403 0.380371 0.360962 
0.648871 0.663832 0.671661 0.634334 0.609700 0.628789 0.665071 0.625797 0.665739 0.723865 
0.667860 0.614081 0.673844 0.728930 0.719241 0.707151 0.647292 0.693202 0.738304 0.726824 
0.664134 0.596739 0.665776 0.717270 0.664154 0.681926 0.780574 0.825015 0.652356 0.458373 
0.299408 0.609573 0.508642 0.418655 0.273657 0.753107 0.801605 0.641703 0.659060 0.594887 
0.533624 0.695747 0.714507 0.631586 0.631637 0.655924 0.688183 0.643175 0.696248 0.666142 
0.663535 0.645395 0.688013 0.730208 0.691430 0.680175 0.649877 0.701332 0.678411 0.635046 
0.626767 0.683152 0.721815 0.738912 0.731153 0.800982 0.807111 0.743588 0.388608 0.390231 
0.480262 0.749478 0.562884 0.705752 0.551093 0.755797 0.616820 0.618691 0.822924 0.633244 
0.208731 0.408411 0.726900 0.640628 0.629974 0.704932 0.720301 0.698188 0.712867 0.667038 
0.685631 0.645358 0.640355 0.675969 0.667813 0.633701 0.635738 0.670783 0.697467 0.702579 
0.711919 0.746680 0.766459 0.779014 0.810542 0.834335 0.840584 0.547651 0.323123 0.615591 
0.566536 0.364788 0.433762 0.701819 0.650747 0.609491 0.712682 0.801303 0.715500 0.467703 
0.418518 0.192270 0.637626 0.681271 0.670289 0.687271 0.700142 0.673561 0.666385 0.608927 
0.599978 0.621154 0.616384 0.607664 0.612207 0.589640 0.640477 0.685622 0.717086 0.717182 
0.779808 0.744844 0.706707 0.669710 0.808193 0.817646 0.698126 0.397975 0.556035 0.773535 
0.453360 0.394389 0.300253 0.420174 0.442166 0.690530 0.743192 0.862214 0.880681 0.459345 
0.473513 0.200003 0.495691 0.628809 0.641097 0.716217 0.715808 0.646830 0.538356 0.488165 
0.602924 0.630165 0.642062 0.681402 0.634718 0.648214 0.696049 0.675173 0.682186 0.730325 
0.725157 0.594092 0.415607 0.409775 0.741845 0.769004 0.619221 0.612735 0.868303 0.887936 
0.383656 0.575216 0.474104 0.423747 0.576437 0.860852 0.868730 0.623118 0.822994 0.465129 
0.248842 0.300604 0.582825 0.606448 0.672299 0.702197 0.670475 0.391859 0.162871 0.386112 
0.754943 0.756299 0.798550 0.638255 0.512065 0.606236 0.633909 0.707589 0.738152 0.654076 
0.607414 0.493252 0.276754 0.135736 0.765123 0.588815 0.645118 0.601135 0.854069 0.787794 
0.475648 0.572161 0.747082 0.704736 0.494211 0.776343 0.825009 0.571549 0.613410 0.734156 
0.601596 0.533573 0.774377 0.721430 0.722932 0.745490 0.609360 0.256057 0.096003 0.313240 
0.666728 0.614511 0.573256 0.325352 0.332805 0.683329 0.746405 0.711725 0.590273 0.509863 
0.610806 0.586665 0.159895 0.481369 0.893186 0.629352 0.445809 0.654998 0.535071 0.741253 
0.403544 0.418770 0.818378 0.775107 0.198869 0.331229 0.774499 0.748408 0.514153 0.781096 
0.683136 0.390811 0.621451 0.505165 0.617765 0.708908 0.515119 0.361399 0.361580 0.594354 
0.538928 0.549537 0.447577 0.428751 0.421045 0.533372 0.660938 0.701624 0.395828 0.431008 
0.751331 0.654034 0.687259 0.836754 0.807175 0.609070 0.528181 0.347042 0.294426 0.508081 
0.422487 0.684061 0.644814 0.604659 0.521375 0.321376 0.474809 0.464521 0.609586 0.585985 
0.839840 0.799036 0.483693 0.379301 0.649387 0.757300 0.474204 0.545923 0.840262 0.835424 
0.332062 0.320050 0.628267 0.862682 0.811025 0.783923 0.609245 0.543084 0.207529 0.734605 
0.930432 0.736539 0.791682 0.533651 0.551650 0.892240 0.750515 0.483074 0.447442 0.579402 
0.460102 0.666944 0.507908 0.524880 0.698859 0.555221 0.299486 0.441278 0.939670 0.434838 
0.596466 0.682840 0.323149 0.166519 0.526625 0.663560 0.459369 0.841968 0.975288 0.896004 
0.482399 0.575124 0.744818 0.839350 0.629556 0.641738 0.571947 0.477692 0.475337 0.836751 
0.912155 0.729147 0.674621 0.544987 0.467300 0.789866 0.728498 0.792630 0.852709 0.698836 
0.494191 0.696731 0.633277 0.515551 0.631718 0.420720 0.441097 0.640114 0.856711 0.553649 
0.455804 0.633319 0.637400 0.276772 0.604664 0.636781 0.716308 0.908738 0.877673 0.664987 
0.649365 0.792184 0.583241 0.667238 0.586137 0.845574 0.651967 0.451505 0.875800 0.949424 
0.729491 0.501232 0.793751 0.533974 0.554709 0.675826 0.833278 0.863968 0.787737 0.680168 
0.456699 0.636061 0.681336 0.768046 0.719823 0.603036 0.483619 0.798543 0.408885 0.603684 
0.661229 0.616049 0.699309 0.420981 0.363010 0.435787 0.968629 0.985083 0.816665 0.551320 
0.957615 0.953422 0.457526 0.428451 0.846099 0.913144 0.765961 0.626897 0.805901 0.895474 
0.640420 0.567870 0.515264 0.592291 0.676740 0.572019 0.731033 0.811294 0.647373 0.512693 
0.380301 0.671138 0.596277 0.819746 0.628941 0.592467 0.658793 0.431661 0.499807 0.654982 
0.537240 0.780693 0.863755 0.641869 0.272525 0.474599 0.980097 0.966956 0.663620 0.533741 
0.979338 0.919876 0.787501 0.277631 0.956778 0.938790 0.792937 0.756746 0.682166 0.780268 
0.680149 0.644859 0.483514 0.455337 0.398952 0.427208 0.724141 0.846834 0.568088 0.376869 
0.495320 0.705502 0.549815 0.606068 0.616414 0.766549 0.770948 0.575631 0.690344 0.738695 
0.457301 0.760171 0.911693 0.680777 0.656752 0.746677 0.823901 0.743195 0.705259 0.621057 
0.739535 0.530823 0.665338 0.862854 0.825222 0.707790 0.739907 0.837715 0.798924 0.689984 
0.578169 0.541852 0.503112 0.453362 0.615828 0.523983 0.579785 0.838376 0.521300 0.355028 
0.519819 0.806690 0.398377 0.473431 0.580852 0.794629 0.767905 0.562154 0.585962 0.782494 
0.714970 0.644082 0.831515 0.772302 0.890042 0.807796 0.574114 0.844258 0.874731 0.700969 
0.656051 0.566047 0.520802 0.885704 0.727987 0.357610 0.623619 0.721104 0.671348 0.428356 
0.643877 0.647278 0.670782 0.790978 0.611737 0.398302 0.585683 0.721594 0.570405 0.578739 
0.539328 0.801094 0.506356 0.248288 0.574572 0.849652 0.725523 0.327739 0.107906 0.283968 
0.743285 0.768782 0.811099 0.896785 0.900308 0.758595 0.840468 0.793739 0.689976 0.705497 
0.737802 0.730499 0.624061 0.691222 0.518347 0.416675 0.557892 0.607869 0.371956 0.532093 
0.730831 0.556179 0.747051 0.843289 0.553039 0.528758 0.733023 0.617422 0.705378 0.785245 
0.397361 0.736669 0.757172 0.400373 0.701766 0.925858 0.777557 0.380226 0.134116 0.323420 
0.739299 0.821160 0.831362 0.882336 0.711934 0.615267 0.754665 0.787663 0.606418 0.653952 
0.677284 0.687507 0.630056 0.631609 0.764810 0.829905 0.632486 0.766181 0.703696 0.761064 
0.750702 0.571130 0.792267 0.712732 0.540748 0.591274 0.586369 0.446707 0.641651 0.524500 
0.303428 0.639653 0.610846 0.460520 0.469017 0.564854 0.571862 0.479937 0.494551 0.445257 
0.543650 0.559473 0.456767 0.453678 0.492833 0.250836 0.245460 0.421087 0.475200 0.364821 
0.302359 0.344543 0.444724 0.534893 0.529202 0.376724 0.465907 0.431579 0.459808 0.310896 
0.310597 0.392394 0.515721 0.477071 0.393863 0.405401 0.458353 0.487476 0.522718 0.372497 
0.497254 0.423423 0.304182 0.318756 0.316753 0.345916 0.363592 0.362457 0.353210 0.351084 
0.383049 0.371855 0.341862 0.267312 0.299521 0.362581 0.343001 0.259305 0.268503 0.292094 
0.286963 0.305219 0.322613 0.289525 0.325463 0.314174 0.295735 0.260913 0.319550 0.288773 
0.324418 0.260383 0.282898 0.277721 0.264890 0.267585 0.284416 0.290077 0.294196 0.078484 
0.304668 0.401707 0.254941 0.315025 0.324578 0.369242 0.396612 0.348121 0.386863 0.341776 
0.274051 0.256365 0.236061 0.244240 0.211565 0.343246 0.251980 0.251750 0.204651 0.221249 
0.174324 0.191786 0.218013 0.217012 0.248534 0.230530 0.210145 0.228232 0.229388 0.230597 
0.277269 0.258195 0.228977 0.208744 0.213637 0.222651 0.212361 0.203434 0.157685 0.161721 
0.380633 0.489372 0.298768 0.239429 0.331044 0.420958 0.362493 0.387546 0.446148 0.446527 
0.407262 0.372835 0.339969 0.406332 0.328632 0.345779 0.364994 0.317504 0.325463 0.234839 
0.234949 0.235507 0.258645 0.230866 0.241959 0.288975 0.319580 0.314611 0.273770 0.282645 
0.280595 0.297585 0.325039 0.335354 0.316461 0.350071 0.285571 0.267748 0.198338 0.117657 
0.358656 0.531977 0.363477 0.327457 0.520936 0.435381 0.408575 0.420598 0.443818 0.403675 
0.389863 0.367270 0.313436 0.322650 0.249133 0.281610 0.292865 0.261516 0.311503 0.246954 
0.349834 0.325832 0.285823 0.271393 0.274502 0.271911 0.280933 0.272559 0.317747 0.314609 
0.330242 0.364562 0.320859 0.312627 0.310748 0.318224 0.334195 0.307889 0.232361 0.126978 
0.358281 0.501476 0.274760 0.450905 0.736656 0.396059 0.392153 0.386134 0.350184 0.342231 
0.285875 0.204207 0.259124 0.343394 0.315565 0.283578 0.256394 0.234204 0.273831 0.278959 
0.289970 0.233830 0.229523 0.242030 0.256981 0.319753 0.294553 0.267129 0.295303 0.334846 
0.266826 0.273396 0.260160 0.260475 0.245386 0.300686 0.311994 0.271456 0.218268 0.142446 
0.386006 0.543791 0.212950 0.301470 0.560319 0.357833 0.354976 0.310612 0.228771 0.275880 
0.354060 0.295519 0.387682 0.340825 0.267363 0.333482 0.309211 0.271037 0.273216 0.242767 
0.263237 0.278386 0.267635 0.250017 0.234046 0.305406 0.272538 0.258553 0.230325 0.257033 
0.251485 0.230577 0.243245 0.260085 0.294377 0.304589 0.308134 0.278599 0.206641 0.147153 
0.395521 0.561217 0.303789 0.331344 0.370265 0.394078 0.292236 0.291262 0.333523 0.364079 
0.356217 0.383756 0.346710 0.301781 0.262127 0.265017 0.298663 0.285205 0.276239 0.244628 
0.270600 0.294471 0.293428 0.223405 0.252494 0.272100 0.276853 0.294979 0.228569 0.229968 
0.261833 0.314019 0.281380 0.293676 0.324072 0.274335 0.293457 0.308331 0.225721 0.153683 
0.406701 0.636189 0.458452 0.426771 0.317159 0.358431 0.356986 0.335589 0.427383 0.355303 
0.235798 0.210361 0.276835 0.314422 0.314394 0.315844 0.293077 0.256114 0.239149 0.248041 
0.290008 0.305439 0.319275 0.243857 0.245527 0.310566 0.320728 0.252706 0.276341 0.255511 
0.261919 0.288021 0.289567 0.277393 0.304713 0.292293 0.303037 0.267768 0.171657 0.131966 
0.400285 0.558917 0.290652 0.295235 0.380861 0.398217 0.409869 0.449502 0.362772 0.290917 
0.299380 0.265222 0.369328 0.379683 0.330860 0.306074 0.227879 0.224005 0.178640 0.242250 
0.223845 0.232463 0.270285 0.274910 0.252439 0.251036 0.285585 0.305139 0.267110 0.262457 
0.261914 0.274339 0.273012 0.307476 0.254003 0.267255 0.291487 0.242390 0.164693 0.121511 
0.396352 0.527301 0.374166 0.370310 0.441706 0.379153 0.348030 0.404574 0.364993 0.267109 
0.347810 0.296793 0.290194 0.352119 0.304693 0.268143 0.254347 0.316881 0.289149 0.257894 
0.224300 0.222369 0.310744 0.290189 0.309960 0.247264 0.253271 0.270574 0.281318 0.259454 
0.302161 0.268555 0.277275 0.276122 0.306366 0.273634 0.254724 0.263065 0.201401 0.140145 
0.424066 0.582061 0.411167 0.410603 0.377453 0.391084 0.334339 0.355748 0.330435 0.255912 
0.280232 0.324142 0.240581 0.258416 0.330551 0.227711 0.261327 0.393153 0.341657 0.279952 
0.244712 0.198119 0.253677 0.351266 0.308930 0.280188 0.310935 0.332324 0.305879 0.257378 
0.283155 0.253495 0.259194 0.286272 0.270655 0.265150 0.280571 0.281081 0.251094 0.169846 
0.440577 0.527733 0.367370 0.410855 0.413820 0.373787 0.349486 0.300369 0.265206 0.235923 
0.380758 0.315647 0.316565 0.259196 0.345948 0.283519 0.183328 0.280447 0.252522 0.262515 
0.303886 0.249946 0.248021 0.338870 0.292171 0.311533 0.334066 0.281541 0.236784 0.278571 
0.262446 0.243631 0.267412 0.267207 0.320369 0.299376 0.288864 0.265645 0.301354 0.172686 
0.355938 0.491291 0.288804 0.361122 0.403563 0.322895 0.357051 0.398829 0.361039 0.324104 
0.319174 0.338836 0.218816 0.142352 0.201952 0.159573 0.264713 0.162964 0.204338 0.237315 
0.283091 0.257384 0.283484 0.339379 0.273183 0.262354 0.287616 0.247276 0.252812 0.270252 
0.277665 0.272035 0.293043 0.281648 0.294667 0.304942 0.258010 0.215538 0.382884 0.148701 
0.372499 0.535249 0.371552 0.293243 0.402267 0.332928 0.330527 0.409625 0.380437 0.276458 
0.317890 0.342181 0.142798 0.181286 0.062662 0.020579 0.072652 0.220319 0.159781 0.141759 
0.267809 0.350008 0.278605 0.246847 0.252128 0.273494 0.313353 0.259787 0.250806 0.280946 
0.271179 0.304361 0.330395 0.259128 0.278248 0.298136 0.292151 0.193907 0.411049 0.170039 
0.345787 0.546192 0.352608 0.367723 0.376698 0.316249 0.232331 0.149174 0.233305 0.237026 
0.296311 0.328180 0.093976 0.055154 0.167250 0.043238 0.090044 0.040802 0.268093 0.237765 
0.249439 0.240316 0.218707 0.187797 0.234421 0.282224 0.254567 0.293890 0.261422 0.274378 
0.219172 0.279035 0.339611 0.294511 0.289857 0.352595 0.295453 0.203879 0.381107 0.200170 
0.373773 0.393957 0.262504 0.301293 0.302903 0.261138 0.336317 0.305223 0.437132 0.376552 
0.331959 0.303530 0.213351 0.081732 0.260411 0.741651 0.317917 0.259085 0.351041 0.272978 
0.199874 0.256321 0.299054 0.264020 0.276193 0.306666 0.292320 0.292133 0.327347 0.312752 
0.231983 0.258875 0.295640 0.278158 0.374896 0.372956 0.279862 0.210435 0.280100 0.148757 
0.350768 0.543562 0.393673 0.282760 0.308451 0.292372 0.302975 0.324199 0.406853 0.336360 
0.290662 0.291866 0.267344 0.161966 0.194536 0.408665 0.257216 0.194277 0.305773 0.320768 
0.249453 0.317834 0.263027 0.295720 0.287978 0.347966 0.342994 0.253288 0.326373 0.249145 
0.272248 0.176238 0.230026 0.218909 0.250324 0.267457 0.226747 0.185375 0.217742 0.124445 
0.383220 0.483895 0.332319 0.320814 0.363476 0.348964 0.280864 0.230489 0.255475 0.265175 
0.262624 0.315242 0.294657 0.226547 0.261514 0.276558 0.230278 0.195510 0.331449 0.276545 
0.254386 0.237515 0.222163 0.232660 0.269784 0.263589 0.207991 0.237184 0.199379 0.274638 
0.270236 0.255185 0.257689 0.281116 0.312088 0.273917 0.280470 0.247721 0.243801 0.136061 
0.384552 0.508823 0.336627 0.301978 0.319189 0.307250 0.295628 0.249162 0.249018 0.264156 
0.285768 0.312966 0.324506 0.292308 0.302620 0.306235 0.248108 0.220630 0.269969 0.267007 
0.233341 0.225421 0.252177 0.283821 0.256237 0.269627 0.214167 0.193866 0.252978 0.276799 
0.312597 0.320580 0.294991 0.329253 0.336457 0.364178 0.400420 0.347832 0.278660 0.179153 
0.377539 0.589060 0.380231 0.347995 0.315722 0.442166 0.407476 0.254723 0.205450 0.251898 
0.299408 0.300867 0.269160 0.296096 0.317127 0.294645 0.276520 0.255957 0.220574 0.283328 
0.343176 0.291165 0.271366 0.263245 0.287035 0.324378 0.289610 0.306435 0.303005 0.301638 
0.295764 0.358294 0.357368 0.375856 0.365399 0.378753 0.450572 0.352271 0.245785 0.184350 
0.420635 0.532991 0.387282 0.432702 0.286693 0.327082 0.309969 0.231651 0.205228 0.243746 
0.243443 0.274691 0.261730 0.271533 0.260812 0.238943 0.238432 0.328555 0.339314 0.265741 
0.277907 0.310155 0.260292 0.247529 0.294495 0.313108 0.286527 0.307204 0.240534 0.286655 
0.318743 0.368357 0.401580 0.328455 0.338272 0.330786 0.273318 0.248974 0.203750 0.172744 
0.414270 0.677164 0.410461 0.339407 0.402845 0.415662 0.315328 0.060830 0.196488 0.185801 
0.132130 0.214791 0.208263 0.236346 0.275943 0.257780 0.279113 0.296101 0.259060 0.222699 
0.295269 0.287997 0.285135 0.261657 0.284314 0.325743 0.309476 0.311519 0.306793 0.383639 
0.399096 0.310626 0.298747 0.266942 0.223265 0.293983 0.361583 0.261091 0.127843 0.108852 
0.643042 0.653148 0.473389 0.269183 0.636949 0.134021 0.088505 0.029803 0.067670 0.171868 
0.170193 0.182647 0.235460 0.278255 0.303801 0.307790 0.249153 0.296553 0.279950 0.299240 
0.325688 0.305958 0.360955 0.336136 0.347174 0.366825 0.337266 0.362733 0.400007 0.360173 
0.319074 0.300591 0.339043 0.383357 0.330545 0.299195 0.324513 0.282666 0.258632 0.125646 
0.717250 0.272098 0.550408 0.272364 0.219805 0.069504 0.083582 0.049157 0.022771 0.095005 
0.168857 0.148999 0.178810 0.238394 0.319777 0.316013 0.259498 0.386206 0.366755 0.378169 
0.361304 0.393061 0.351419 0.327397 0.311515 0.301802 0.338178 0.351948 0.332408 0.277088 
0.284045 0.335471 0.370971 0.376034 0.346790 0.381684 0.337252 0.117723 0.168660 0.192217 
0.756829 0.579099 0.151482 0.163231 0.372355 0.024680 0.136127 0.034293 0.006793 0.037918 
0.137423 0.189035 0.129260 0.195467 0.280239 0.321168 0.332372 0.369373 0.386266 0.407157 
0.412117 0.383567 0.349199 0.295926 0.297965 0.281825 0.315859 0.298491 0.324122 0.312201 
0.346284 0.402823 0.476724 0.483106 0.355044 0.329612 0.297663 0.218678 0.650631 0.710010 
0.802139 0.767782 0.593787 0.334485 0.514663 0.131560 0.248706 0.113291 0.005880 0.040233 
0.099505 0.245040 0.166335 0.196378 0.268084 0.278322 0.321094 0.319492 0.251125 0.182647 
0.165614 0.249993 0.251099 0.208074 0.200534 0.259016 0.251175 0.284038 0.245147 0.248870 
0.348906 0.453321 0.364893 0.356663 0.321258 0.396530 0.252751 0.541593 0.431780 0.103710 
0.558371 0.446725 0.225073 0.187797 0.410556 0.262946 0.278328 0.105604 0.058248 0.032986 
0.024070 0.401681 0.271419 0.219240 0.243007 0.303897 0.241268 0.267004 0.258125 0.177337 
0.157353 0.128567 0.260830 0.220701 0.206762 0.240883 0.243299 0.220160 0.167878 0.188577 
0.248629 0.208227 0.138092 0.257633 0.269324 0.362634 0.368581 0.287893 0.183154 0.038061 
0.388171 0.437348 0.239311 0.241141 0.677409 0.138266 0.152514 0.393242 0.337167 0.062037 
0.032141 0.567867 0.309230 0.229586 0.214304 0.181396 0.126081 0.263482 0.419396 0.472896 
0.399953 0.284476 0.333100 0.315313 0.260162 0.201692 0.176504 0.272827 0.282636 0.204850 
0.089614 0.474860 0.751823 0.455033 0.122508 0.301155 0.365114 0.160334 0.235335 0.087891 
0.351415 0.618231 0.082486 0.120955 0.683154 0.313133 0.344777 0.328152 0.069601 0.043729 
0.018511 0.351312 0.466507 0.435779 0.292370 0.171359 0.106144 0.273328 0.744228 0.543890 
0.364890 0.269471 0.256183 0.352019 0.397540 0.252939 0.282486 0.258164 0.310443 0.413356 
0.395651 0.539748 0.456548 0.024687 0.023902 0.103209 0.174540 0.157377 0.700544 0.099487 
0.384621 0.438312 0.195601 0.274917 0.363424 0.066024 0.155332 0.356922 0.105151 0.221211 
0.041136 0.207651 0.300297 0.194135 0.183330 0.081071 0.098692 0.482095 0.756586 0.413010 
0.596453 0.343085 0.509777 0.859057 0.284130 0.201281 0.308592 0.283656 0.491369 0.678059 
0.476755 0.277297 0.157020 0.023256 0.040031 0.068822 0.227330 0.210878 0.283940 0.038442 
0.421835 0.484220 0.281888 0.175600 0.258820 0.093984 0.172153 0.325817 0.119848 0.070749 
0.002659 0.018441 0.155615 0.145922 0.165901 0.064519 0.108763 0.315815 0.209341 0.099371 
0.457685 0.276443 0.457994 0.268448 0.036766 0.041921 0.177914 0.131343 0.598514 0.103174 
0.387060 0.192986 0.203218 0.164837 0.087412 0.033699 0.159546 0.332111 0.140604 0.054960 
0.394802 0.461729 0.530864 0.205970 0.154929 0.128959 0.169047 0.091605 0.057835 0.268613 
0.020748 0.191495 0.504278 0.714677 0.245455 0.106293 0.083365 0.087451 0.072708 0.112145 
0.329710 0.181107 0.317332 0.066929 0.131198 0.033181 0.137235 0.223370 0.159001 0.039861 
0.352951 0.132352 0.205879 0.400978 0.307652 0.100529 0.289946 0.534977 0.201454 0.072223 
0.342062 0.328202 0.411223 0.417063 0.280048 0.075932 0.067665 0.065885 0.158658 0.322276 
0.145674 0.135109 0.665236 0.698333 0.063532 0.141485 0.069824 0.256942 0.298173 0.215024 
0.065233 0.056594 0.216266 0.185303 0.289049 0.092181 0.391017 0.485679 0.622507 0.212929 
0.347186 0.181433 0.418045 0.543327 0.322697 0.287282 0.175656 0.471910 0.280108 0.099085 
0.308404 0.396920 0.710252 0.527572 0.316024 0.160521 0.163747 0.039710 0.260653 0.224982 
0.263728 0.281650 0.375412 0.391407 0.172814 0.132841 0.077105 0.781200 0.922894 0.834774 
0.065890 0.165896 0.082723 0.114483 0.012643 0.087889 0.407581 0.246339 0.392876 0.487027 
0.542275 0.319506 0.568120 0.389137 0.319084 0.150392 0.181675 0.323361 0.153079 0.078453 
0.198804 0.173586 0.391745 0.228217 0.412938 0.344355 0.345357 0.163709 0.228976 0.310219 
0.106789 0.168972 0.421886 0.299660 0.136988 0.066236 0.187070 0.434719 0.390499 0.442812 
0.170573 0.375998 0.143566 0.323630 0.019746 0.164814 0.335860 0.475336 0.586399 0.396464 
0.274440 0.606039 0.875844 0.480875 0.220871 0.325476 0.195150 0.154216 0.057611 0.054182 
0.134623 0.215683 0.278830 0.225545 0.223392 0.275474 0.212077 0.106966 0.375878 0.342386 
0.109643 0.203807 0.227783 0.275015 0.173577 0.421663 0.261850 0.147184 0.223137 0.287516 
0.466584 0.342603 0.247981 0.249297 0.102619 0.232123 0.184853 0.241466 0.503063 0.308896 
0.128673 0.441006 0.595065 0.551519 0.307830 0.394641 0.210030 0.182695 0.125570 0.316897 
0.199443 0.320478 0.354651 0.392003 0.116497 0.293752 0.216251 0.189590 0.382536 0.317878 
0.177088 0.314127 0.370930 0.411404 0.426308 0.347930 0.702001 0.342160 0.415886 0.396007 
0.108526 0.152353 0.311747 0.252704 0.316349 0.398747 0.282571 0.303703 0.180824 0.342235 
0.243453 0.612282 0.268266 0.140825 0.344492 0.304540 0.268541 0.167896 0.138942 0.207554 
0.421934 0.402178 0.447584 0.182917 0.105030 0.419679 0.141875 0.098016 0.372667 0.288940 
0.286767 0.180143 0.326726 0.398215 0.318715 0.297993 0.335174 0.466532 0.590489 0.642156 
0.417216 0.192304 0.208996 0.268900 0.168935 0.326498 0.503086 0.324154 0.555335 0.611896 
0.455911 0.541301 0.379233 0.274560 0.828067 0.530539 0.319168 0.154686 0.091598 0.360747 
0.516187 0.653500 0.558340 0.203953 0.274510 0.333825 0.116678 0.060258 0.689264 0.263433 
0.509013 0.261626 0.622925 0.526039 0.312141 0.346979 0.409156 0.564295 0.466858 0.501428 
0.661027 0.569182 0.620818 0.155955 0.361300 0.384696 0.517112 0.488478 0.660012 0.730391 
0.611735 0.555968 0.068192 0.227765 0.578744 0.465280 0.403166 0.416863 0.189287 0.165712 
0.356850 0.342902 0.141881 0.155816 0.257396 0.347586 0.076709 0.141228 0.577480 0.315047 
0.300640 0.232126 0.236611 0.282505 0.451347 0.225420 0.315044 0.359349 0.346032 0.471096 
0.428600 0.238421 0.281462 0.147004 0.238257 0.313620 0.399776 0.193401 0.158874 0.395073 
0.271107 0.224571 0.167899 0.192821 0.327594 0.297339 0.330956 0.341816 0.236422 0.331392 
0.740506 0.831595 0.738946 0.664409 0.775333 0.730396 0.762536 0.679576 0.758996 0.709226 
0.731695 0.746298 0.712699 0.733198 0.602702 0.794910 0.704024 0.763384 0.824792 0.722447 
0.752991 0.694597 0.696593 0.764911 0.720057 0.739485 0.666822 0.725369 0.796624 0.775898 
0.500638 0.769031 0.680785 0.791506 0.779411 0.766973 0.762347 0.772526 0.809101 0.742387 
0.581699 0.774921 0.636741 0.641710 0.768333 0.800024 0.663543 0.553355 0.799644 0.723127 
0.687847 0.711270 0.665391 0.671268 0.639847 0.682262 0.584797 0.561841 0.573659 0.755539 
0.727293 0.745466 0.767057 0.783978 0.670014 0.741943 0.697560 0.745178 0.773521 0.782899 
0.616710 0.662128 0.702223 0.678735 0.771759 0.803055 0.785749 0.732897 0.706583 0.763123 
0.461413 0.557981 0.445980 0.410845 0.386139 0.549777 0.243933 0.280518 0.372485 0.418075 
0.333627 0.272432 0.424491 0.488513 0.450898 0.360864 0.425617 0.354493 0.365959 0.403341 
0.431727 0.384902 0.463445 0.406779 0.325834 0.323423 0.399013 0.473931 0.352787 0.368541 
0.450280 0.357365 0.411273 0.299346 0.339071 0.210204 0.234898 0.370161 0.455898 0.580464 
0.489746 0.666709 0.634473 0.318661 0.150971 0.504402 0.536045 0.472373 0.519621 0.597767 
0.504627 0.297858 0.451898 0.379981 0.544418 0.504040 0.470531 0.512369 0.466756 0.467921 
0.596851 0.537911 0.503385 0.535885 0.585922 0.563437 0.602952 0.620329 0.542166 0.480625 
0.525825 0.556791 0.476136 0.612184 0.594000 0.487171 0.493856 0.591788 0.645697 0.596468 
0.503270 0.740197 0.789575 0.366417 0.055050 0.394189 0.505329 0.376321 0.420112 0.536043 
0.517035 0.554910 0.583394 0.433584 0.584630 0.599620 0.594455 0.635933 0.482369 0.609721 
0.520182 0.584741 0.617437 0.518442 0.486246 0.597339 0.642974 0.529677 0.529013 0.623286 
0.468847 0.548487 0.524985 0.634075 0.619233 0.585181 0.558533 0.549914 0.695065 0.632003 
0.539805 0.742996 0.831476 0.819845 0.789582 0.764945 0.586724 0.606178 0.540557 0.359808 
0.522111 0.574243 0.569928 0.616892 0.635326 0.659019 0.673418 0.533431 0.584857 0.499688 
0.362601 0.544085 0.677829 0.604954 0.519059 0.319248 0.563362 0.602533 0.537645 0.619399 
0.590781 0.524670 0.594537 0.562255 0.614706 0.608633 0.595665 0.562001 0.599053 0.639335 
0.547086 0.712071 0.720881 0.639280 0.682048 0.735256 0.616532 0.673166 0.735853 0.474055 
0.544422 0.516700 0.271357 0.548657 0.518066 0.665321 0.597780 0.528908 0.594078 0.408761 
0.398793 0.557135 0.678206 0.728985 0.675674 0.310640 0.455470 0.645926 0.680878 0.471251 
0.577245 0.504612 0.554334 0.594609 0.623694 0.513982 0.523729 0.686834 0.640136 0.613274 
0.534616 0.639804 0.483901 0.447712 0.570742 0.712492 0.696857 0.595206 0.686286 0.677808 
0.578440 0.620533 0.466241 0.669952 0.630493 0.683347 0.653277 0.538769 0.634281 0.718904 
0.491888 0.534110 0.645237 0.621354 0.514681 0.622173 0.573350 0.602439 0.704315 0.632448 
0.557452 0.601674 0.599737 0.469605 0.605689 0.607593 0.545870 0.491407 0.660016 0.675861 
0.556721 0.637071 0.422374 0.377892 0.598816 0.573354 0.539593 0.442243 0.534966 0.631646 
0.659318 0.594184 0.652428 0.633745 0.558362 0.560081 0.543373 0.519748 0.590619 0.732563 
0.624629 0.598759 0.381854 0.580685 0.398095 0.472221 0.494678 0.601928 0.539636 0.661842 
0.588158 0.685407 0.652104 0.574348 0.662300 0.662285 0.514110 0.525024 0.709680 0.713974 
0.515186 0.620762 0.538997 0.498957 0.662465 0.588135 0.516369 0.607356 0.565542 0.490736 
0.375192 0.449722 0.384523 0.541378 0.583598 0.510368 0.485198 0.540636 0.666180 0.654519 
0.596576 0.613189 0.574996 0.399730 0.560555 0.631218 0.659434 0.439458 0.526904 0.618747 
0.602077 0.657608 0.586903 0.512780 0.664748 0.647116 0.463096 0.594110 0.716871 0.707023 
0.543598 0.612624 0.576403 0.491494 0.661672 0.573085 0.582471 0.602783 0.699461 0.604856 
0.278476 0.591779 0.533859 0.584875 0.558426 0.579074 0.555510 0.304646 0.324506 0.491315 
0.658585 0.659761 0.676443 0.575965 0.607077 0.670431 0.664937 0.468781 0.550301 0.574015 
0.605939 0.645749 0.641238 0.511975 0.634008 0.630711 0.632450 0.693766 0.719778 0.679838 
0.559228 0.658856 0.623656 0.564758 0.573104 0.443710 0.481474 0.421413 0.633451 0.652758 
0.684830 0.622155 0.710928 0.614612 0.433662 0.577825 0.664310 0.634201 0.262192 0.325203 
0.550206 0.640267 0.520241 0.579655 0.559214 0.648539 0.496849 0.318399 0.380804 0.590580 
0.502983 0.559620 0.623625 0.584313 0.616836 0.599288 0.563460 0.714289 0.647660 0.707711 
0.526369 0.673095 0.500271 0.580799 0.638560 0.520751 0.461826 0.404373 0.517148 0.604749 
0.658236 0.566092 0.790618 0.836932 0.241395 0.026706 0.496802 0.783330 0.737764 0.671448 
0.562459 0.649454 0.554473 0.562028 0.329847 0.411847 0.592487 0.504064 0.471701 0.459995 
0.399769 0.513285 0.630377 0.636797 0.571755 0.510486 0.472907 0.674216 0.586562 0.665113 
0.519387 0.712508 0.652211 0.361246 0.651867 0.594001 0.495186 0.584638 0.599452 0.539388 
0.510309 0.580559 0.815129 0.798901 0.107289 0.011930 0.117488 0.789157 0.734035 0.740567 
0.655504 0.665152 0.568493 0.623460 0.497706 0.426423 0.681500 0.597158 0.703810 0.605963 
0.527628 0.496096 0.500156 0.625915 0.598456 0.517099 0.593002 0.650508 0.499284 0.538937 
0.542724 0.632361 0.662913 0.558713 0.703824 0.685669 0.287233 0.292212 0.633453 0.569507 
0.360917 0.613204 0.849908 0.904457 0.366744 0.014974 0.141573 0.887732 0.726210 0.678383 
0.523266 0.469950 0.607751 0.600734 0.593170 0.554669 0.589975 0.620762 0.621459 0.701017 
0.697519 0.614937 0.544498 0.584756 0.483704 0.570297 0.558918 0.578369 0.359283 0.480770 
0.563985 0.686241 0.645120 0.611158 0.714737 0.707557 0.433763 0.522013 0.605164 0.675382 
0.605636 0.555667 0.834739 0.870685 0.898426 0.783656 0.859909 0.843930 0.785586 0.642422 
0.584938 0.491788 0.577867 0.660168 0.587559 0.499100 0.564811 0.597557 0.442800 0.531603 
0.638874 0.664720 0.460552 0.477372 0.519149 0.510934 0.539560 0.602903 0.353209 0.548098 
0.496045 0.695127 0.702143 0.586193 0.629553 0.686064 0.504011 0.596093 0.501798 0.600294 
0.646567 0.558436 0.700481 0.802438 0.731113 0.845708 0.911170 0.803399 0.446025 0.562561 
0.576665 0.620931 0.501784 0.621988 0.492261 0.577732 0.491214 0.506077 0.298932 0.320062 
0.603577 0.668816 0.629588 0.595332 0.642158 0.579826 0.621687 0.615251 0.678757 0.719309 
0.527387 0.618894 0.631401 0.604782 0.508004 0.636908 0.543864 0.386090 0.511987 0.674205 
0.565700 0.546512 0.641295 0.623672 0.591611 0.627936 0.696060 0.672385 0.495964 0.536602 
0.566699 0.621479 0.544280 0.598992 0.629126 0.615064 0.618265 0.558246 0.471620 0.445167 
0.644205 0.663347 0.661962 0.660034 0.587944 0.654151 0.624415 0.606236 0.712266 0.680430 
0.527711 0.625264 0.592958 0.344686 0.291295 0.388369 0.529331 0.493579 0.503360 0.578806 
0.485331 0.482701 0.590995 0.542928 0.481011 0.552567 0.685517 0.589735 0.521207 0.506500 
0.639841 0.682185 0.589089 0.617470 0.627090 0.688183 0.563178 0.585074 0.630325 0.611570 
0.646551 0.652553 0.520260 0.555592 0.553456 0.517385 0.534248 0.513016 0.647566 0.598409 
0.445923 0.562821 0.595834 0.397763 0.332283 0.375070 0.596616 0.472928 0.483771 0.498544 
0.556213 0.580911 0.585102 0.626251 0.402167 0.552131 0.632010 0.327137 0.483329 0.455119 
0.640097 0.645080 0.661641 0.629552 0.485502 0.599806 0.619093 0.541822 0.584312 0.441150 
0.474791 0.649831 0.472926 0.429301 0.493659 0.389383 0.407208 0.375320 0.570292 0.611534 
0.428380 0.534883 0.464888 0.493882 0.511672 0.529156 0.700869 0.788527 0.782328 0.611731 
0.494533 0.660446 0.651742 0.681799 0.621589 0.648749 0.694905 0.532461 0.565074 0.561267 
0.373286 0.563045 0.631088 0.614034 0.568715 0.576491 0.642136 0.640477 0.579568 0.490005 
0.456997 0.613688 0.514261 0.383083 0.480775 0.514813 0.443940 0.566441 0.531514 0.600689 
0.488394 0.753097 0.549837 0.545506 0.642879 0.625290 0.548985 0.756939 0.761478 0.724359 
0.544317 0.611758 0.511360 0.596424 0.634033 0.714583 0.636525 0.509996 0.495217 0.566424 
0.461352 0.537899 0.553172 0.559491 0.493125 0.518908 0.487810 0.604483 0.603965 0.539776 
0.580685 0.405593 0.461478 0.546236 0.527012 0.575760 0.546518 0.623823 0.586185 0.618297 
0.137197 0.217386 0.699327 0.641432 0.375283 0.291186 0.564740 0.555877 0.530562 0.418228 
0.460766 0.469820 0.508517 0.522975 0.583797 0.702244 0.637787 0.303752 0.436178 0.558735 
0.550539 0.497097 0.519548 0.487883 0.492005 0.479483 0.387911 0.460173 0.537951 0.547285 
0.498578 0.451825 0.433633 0.554412 0.541657 0.560673 0.411228 0.508910 0.594123 0.492494 
0.420427 0.602642 0.431523 0.529437 0.168436 0.090674 0.108845 0.192574 0.265973 0.437151 
0.756560 0.540138 0.528427 0.526016 0.575879 0.589903 0.586993 0.554595 0.533488 0.369871 
0.442325 0.340981 0.355460 0.443519 0.506548 0.563255 0.476316 0.539642 0.522383 0.502728 
0.515399 0.540897 0.472765 0.550294 0.476558 0.386482 0.457492 0.551265 0.678370 0.819328 
0.553172 0.579634 0.798053 0.571559 0.161402 0.596308 0.451552 0.428221 0.703162 0.580157 
0.458416 0.792849 0.596247 0.557579 0.484357 0.530723 0.466431 0.547060 0.555087 0.385562 
0.449091 0.402897 0.404522 0.518399 0.496812 0.414523 0.481948 0.438246 0.540663 0.516688 
0.489947 0.394609 0.433339 0.538568 0.500315 0.353512 0.476103 0.712436 0.581186 0.419620 
0.705581 0.491523 0.681689 0.440372 0.539632 0.721442 0.623475 0.422505 0.585458 0.417416 
0.321035 0.665654 0.488491 0.533862 0.358470 0.379587 0.532956 0.606889 0.519908 0.485105 
0.597916 0.530611 0.627765 0.687720 0.629535 0.490182 0.596723 0.597230 0.496666 0.460274 
0.537961 0.528703 0.554821 0.598649 0.659666 0.585781 0.788857 0.680974 0.428526 0.077954 
0.682697 0.778064 0.932496 0.457181 0.390844 0.378600 0.359745 0.352623 0.452854 0.690122 
0.704831 0.519724 0.462975 0.545510 0.535921 0.498709 0.616964 0.455873 0.609161 0.599150 
0.602199 0.577726 0.571256 0.460218 0.452775 0.598606 0.560046 0.720201 0.689175 0.568410 
0.634480 0.749624 0.838453 0.898980 0.741825 0.681228 0.634246 0.628500 0.270745 0.183259 
0.466738 0.500024 0.823660 0.397233 0.259059 0.233186 0.520034 0.559381 0.709530 0.802027 
0.713672 0.292406 0.513416 0.621203 0.505403 0.509500 0.652545 0.278651 0.469019 0.611048 
0.563570 0.654429 0.678548 0.603333 0.708331 0.766334 0.697151 0.714593 0.721224 0.681146 
0.889850 0.720989 0.814375 0.326262 0.415588 0.736551 0.772843 0.596967 0.386517 0.297476 
0.316315 0.373643 0.793396 0.711313 0.454288 0.278338 0.334574 0.669473 0.429177 0.438108 
0.446306 0.153313 0.318905 0.216699 0.346362 0.552304 0.610913 0.295022 0.340431 0.400451 
0.446827 0.579314 0.679823 0.726882 0.818804 0.835918 0.629785 0.554481 0.692210 0.791911 
0.672689 0.434111 0.436630 0.035077 0.141141 0.341704 0.771357 0.533417 0.568499 0.547203 
0.473622 0.555797 0.419684 0.684270 0.893843 0.541598 0.377086 0.143690 0.425287 0.220151 
0.457631 0.224079 0.602969 0.513151 0.553525 0.525941 0.632264 0.297166 0.045707 0.154655 
0.517399 0.627703 0.444540 0.272587 0.143145 0.343670 0.646006 0.622492 0.362138 0.184513 
0.684378 0.787221 0.535365 0.201079 0.108896 0.384986 0.582208 0.957572 0.866908 0.681245 
0.437166 0.560942 0.169076 0.312060 0.926193 0.750209 0.444737 0.605539 0.479988 0.505546 
0.421096 0.390298 0.893953 0.850547 0.662107 0.667375 0.705715 0.587485 0.373684 0.583614 
0.517977 0.438938 0.461540 0.091409 0.052847 0.410609 0.410755 0.564824 0.385855 0.252188 
0.494471 0.773351 0.474646 0.345096 0.267341 0.572397 0.489226 0.878624 0.746118 0.751306 
0.675099 0.764406 0.751895 0.737026 0.795563 0.819941 0.672278 0.587155 0.166947 0.427968 
0.785846 0.522726 0.505769 0.344435 0.223553 0.475190 0.742823 0.518873 0.649161 0.722232 
0.432899 0.533776 0.592361 0.195691 0.464488 0.497682 0.618838 0.724011 0.644975 0.491982 
0.438590 0.709279 0.404031 0.401562 0.725920 0.585114 0.658026 0.674514 0.239414 0.377787 
0.515063 0.581153 0.428191 0.540564 0.725900 0.809720 0.830088 0.634449 0.193322 0.430608 
0.774876 0.669842 0.575977 0.506851 0.513979 0.217866 0.898116 0.848737 0.868233 0.873563 
0.804304 0.849936 0.595661 0.240765 0.366774 0.487180 0.542882 0.725516 0.347330 0.649442 
0.744774 0.556289 0.094053 0.358290 0.891496 0.588570 0.563417 0.415113 0.454687 0.541425 
0.532258 0.525528 0.091969 0.297456 0.653364 0.783064 0.837583 0.808500 0.808832 0.922247 
0.899343 0.863106 0.599689 0.811162 0.643881 0.105526 0.315566 0.419732 0.786676 0.637032 
0.617484 0.623155 0.738669 0.453395 0.312764 0.255725 0.564322 0.750074 0.440271 0.512160 
0.970074 0.705156 0.075483 0.360179 0.763294 0.760744 0.594235 0.821342 0.771063 0.571236 
0.674795 0.792220 0.668489 0.482021 0.658026 0.633319 0.697271 0.808140 0.749329 0.894819 
0.837690 0.575146 0.621517 0.829262 0.770078 0.610681 0.434473 0.157633 0.799038 0.600239 
0.392053 0.280827 0.461221 0.637111 0.538301 0.331751 0.624135 0.520966 0.665313 0.796142 
0.911273 0.753035 0.753943 0.684923 0.561918 0.652008 0.347779 0.554854 0.641109 0.781899 
0.580708 0.797627 0.800931 0.728417 0.719301 0.461988 0.515951 0.537196 0.404637 0.731388 
0.598555 0.203478 0.187429 0.677532 0.783421 0.487839 0.444287 0.772854 0.901136 0.927265 
0.680153 0.804837 0.533291 0.721983 0.477850 0.456666 0.643156 0.356719 0.213435 0.265795 
0.676936 0.589818 0.503610 0.170186 0.092579 0.158160 0.385528 0.677534 0.589679 0.409478 
0.531231 0.843348 0.609659 0.238003 0.504451 0.536322 0.625804 0.561023 0.241489 0.670719 
0.686648 0.607799 0.531601 0.746438 0.577916 0.604648 0.768089 0.440369 0.295417 0.788856 
0.914556 0.891835 0.837863 0.491935 0.543424 0.900466 0.704250 0.351257 0.214438 0.430008 
0.390141 0.392645 0.618105 0.150558 0.086060 0.138738 0.373989 0.213331 0.514525 0.213495 
0.319616 0.575097 0.794762 0.328235 0.525584 0.683568 0.770648 0.498578 0.434036 0.550156 
0.628953 0.670066 0.666419 0.682894 0.375580 0.363087 0.350375 0.509726 0.445820 0.613164 
0.658984 0.753493 0.738891 0.570041 0.396131 0.461072 0.119633 0.220386 0.295839 0.378747 
0.387921 0.683369 0.537039 0.234215 0.499908 0.584145 0.367822 0.258897 0.408560 0.342915 
0.592561 0.553000 0.701861 0.441385 0.228826 0.233424 0.630682 0.309536 0.218667 0.258059 
0.516452 0.464513 0.375077 0.285075 0.315979 0.396666 0.395369 0.523538 0.639563 0.435403 
0.261513 0.242581 0.287805 0.145028 0.180220 0.237866 0.184992 0.243082 0.332180 0.077213 
0.113540 0.550297 0.602085 0.498233 0.250231 0.396872 0.592007 0.825613 0.892335 0.660507 
0.494050 0.759290 0.841223 0.588155 0.452259 0.595923 0.831931 0.463961 0.142188 0.241102 
0.741230 0.728473 0.651521 0.664775 0.440572 0.266934 0.359762 0.634440 0.577459 0.430099 
0.316323 0.726557 0.694866 0.631813 0.752772 0.624911 0.845158 0.700627 0.876064 0.744505 
0.737409 0.931757 0.876926 0.872497 0.800651 0.841741 0.848408 0.826762 0.752474 0.569298 
0.446696 0.555464 0.395259 0.361048 0.512838 0.463841 0.573517 0.479845 0.548039 0.472089 
0.519855 0.528691 0.494950 0.554010 0.385965 0.578923 0.391837 0.521441 0.602554 0.507537 
0.581888 0.548539 0.575176 0.634003 0.567066 0.603222 0.487924 0.516645 0.553260 0.598301 
0.364156 0.564891 0.441705 0.571148 0.520570 0.500951 0.505083 0.517020 0.624152 0.450219 
0.546094 0.596394 0.231000 0.320843 0.519207 0.512528 0.420890 0.377928 0.673294 0.410326 
0.378047 0.446573 0.390417 0.548097 0.433236 0.374425 0.317650 0.328005 0.253655 0.467979 
0.405455 0.439094 0.510386 0.567904 0.378539 0.525740 0.411161 0.514180 0.491856 0.553811 
0.334508 0.379316 0.415480 0.353011 0.528874 0.561554 0.467500 0.374757 0.568064 0.653891 
0.591492 0.712914 0.308392 0.434935 0.494981 0.586628 0.227195 0.322449 0.444589 0.447277 
0.387466 0.366104 0.462143 0.562065 0.534225 0.366752 0.474467 0.293879 0.417752 0.332776 
0.346130 0.360594 0.484056 0.346812 0.283608 0.360513 0.443060 0.464974 0.262415 0.357188 
0.467497 0.343994 0.450208 0.320180 0.405045 0.229881 0.190827 0.259814 0.498044 0.592080 
0.666834 0.825351 0.575926 0.638034 0.501817 0.747652 0.557113 0.496991 0.598233 0.608244 
0.504548 0.306838 0.512496 0.401922 0.613566 0.542108 0.528578 0.507397 0.388532 0.409250 
0.628380 0.502780 0.492971 0.567068 0.608026 0.555596 0.601359 0.602580 0.527694 0.528408 
0.652972 0.643026 0.493303 0.624450 0.562244 0.450010 0.490595 0.490949 0.695334 0.603141 
0.634251 0.828761 0.552786 0.311148 0.030965 0.491874 0.479357 0.360083 0.458525 0.559786 
0.470214 0.457565 0.648082 0.531696 0.649001 0.537796 0.561750 0.627327 0.484387 0.677398 
0.472085 0.470835 0.515405 0.479165 0.567469 0.672737 0.656660 0.546440 0.538907 0.646381 
0.390985 0.501211 0.479171 0.634611 0.548911 0.550406 0.482059 0.404802 0.787780 0.631091 
0.594251 0.837438 0.563585 0.623352 0.565607 0.791780 0.564811 0.517044 0.411236 0.310694 
0.614047 0.631327 0.688967 0.626059 0.578698 0.608540 0.681344 0.485530 0.640972 0.571073 
0.404450 0.548474 0.573729 0.452363 0.484475 0.323575 0.605030 0.551809 0.449696 0.560005 
0.529238 0.435098 0.550960 0.527661 0.621148 0.639061 0.554845 0.443897 0.680530 0.657131 
0.672505 0.870829 0.598294 0.560745 0.632904 0.667884 0.451640 0.641249 0.670020 0.437861 
0.554132 0.585505 0.248439 0.655182 0.339545 0.547442 0.539299 0.548469 0.651357 0.421477 
0.498951 0.604615 0.587347 0.559930 0.627080 0.225769 0.448484 0.542946 0.519956 0.371116 
0.578555 0.455007 0.572380 0.598587 0.609931 0.446573 0.480993 0.653476 0.716830 0.657794 
0.662897 0.859441 0.510092 0.455998 0.515863 0.712883 0.620626 0.633328 0.759988 0.613116 
0.528402 0.619205 0.453451 0.737054 0.569237 0.620809 0.553167 0.468716 0.573480 0.650149 
0.463749 0.553305 0.644429 0.583343 0.531931 0.606204 0.581380 0.528445 0.654676 0.569705 
0.556486 0.578901 0.581236 0.393335 0.591463 0.544040 0.526121 0.366661 0.707418 0.653070 
0.708057 0.759265 0.207821 0.325558 0.612534 0.571223 0.539923 0.481602 0.562108 0.625589 
0.670080 0.634897 0.762640 0.648274 0.530162 0.542269 0.484682 0.475366 0.512581 0.651155 
0.473261 0.550571 0.352835 0.585514 0.357173 0.485347 0.461833 0.567349 0.482365 0.613572 
0.476576 0.657849 0.608154 0.524116 0.587070 0.588965 0.447967 0.392176 0.738730 0.651223 
0.712874 0.803242 0.378342 0.424035 0.668875 0.487071 0.433553 0.570588 0.571181 0.489198 
0.459185 0.567381 0.484397 0.541193 0.619599 0.614364 0.598580 0.651609 0.733489 0.573036 
0.489243 0.521149 0.537045 0.355186 0.575659 0.549204 0.582981 0.391687 0.560970 0.589543 
0.546629 0.612686 0.548959 0.435497 0.638832 0.581557 0.339994 0.440705 0.750850 0.672922 
0.721353 0.819508 0.441676 0.469168 0.712826 0.542441 0.537883 0.571468 0.651199 0.561167 
0.262025 0.655997 0.485191 0.639279 0.731902 0.669258 0.612204 0.432991 0.425329 0.538626 
0.652561 0.532349 0.609770 0.543222 0.617502 0.629402 0.677943 0.584319 0.680853 0.544235 
0.548535 0.578987 0.579619 0.417025 0.588134 0.576492 0.547509 0.531478 0.736202 0.634525 
0.783847 0.789702 0.518749 0.548387 0.606987 0.497876 0.574841 0.462496 0.690862 0.609293 
0.712118 0.601263 0.661634 0.816742 0.925356 0.919345 0.838666 0.748364 0.273222 0.386689 
0.593466 0.581409 0.507376 0.669679 0.698656 0.724393 0.473645 0.323279 0.395168 0.686312 
0.537585 0.588635 0.603577 0.509571 0.614809 0.567067 0.513971 0.622281 0.611950 0.669835 
0.715785 0.780517 0.367313 0.552061 0.635273 0.566688 0.652877 0.555302 0.633517 0.622151 
0.600107 0.528948 0.757908 0.950498 0.876537 0.304938 0.966372 0.915274 0.722164 0.536277 
0.414317 0.538821 0.523593 0.617468 0.281888 0.357850 0.566372 0.427919 0.430269 0.471466 
0.467276 0.599479 0.646432 0.596077 0.513240 0.418601 0.353752 0.563066 0.563679 0.574834 
0.755621 0.857152 0.516718 0.271919 0.672160 0.633236 0.680653 0.708471 0.637883 0.513555 
0.455416 0.519620 0.605823 0.926118 0.260434 0.000315 0.018641 0.918073 0.665682 0.450474 
0.650352 0.675597 0.528119 0.561568 0.396301 0.365622 0.686419 0.495108 0.651789 0.562783 
0.528000 0.505921 0.496413 0.594855 0.552883 0.426412 0.552127 0.608449 0.626420 0.579138 
0.667213 0.784252 0.555888 0.438661 0.706993 0.619395 0.231053 0.266231 0.726555 0.512821 
0.351884 0.562232 0.590060 0.934489 0.286519 0.006439 0.074455 0.991042 0.626958 0.482556 
0.464681 0.393219 0.500588 0.458280 0.506845 0.483669 0.565948 0.622215 0.588818 0.657930 
0.609758 0.567380 0.572574 0.649230 0.484072 0.560220 0.544921 0.658603 0.643553 0.593097 
0.795869 0.751081 0.479501 0.460997 0.558064 0.598881 0.439219 0.614295 0.726381 0.664132 
0.607985 0.486458 0.704153 0.861880 0.830267 0.517950 0.856934 0.829795 0.727515 0.537382 
0.548418 0.506644 0.610201 0.621382 0.571421 0.509212 0.600375 0.691399 0.499752 0.646091 
0.638556 0.636469 0.367718 0.455936 0.559424 0.500332 0.489392 0.671791 0.538230 0.579262 
0.743548 0.857287 0.549729 0.409104 0.537715 0.634825 0.463654 0.618192 0.568161 0.631825 
0.619658 0.459598 0.617702 0.724120 0.601659 0.709229 0.826158 0.630982 0.256497 0.565803 
0.616256 0.617780 0.428185 0.594494 0.439337 0.617707 0.490768 0.515342 0.359677 0.331501 
0.638044 0.524160 0.509900 0.456171 0.572169 0.488314 0.515954 0.483475 0.695575 0.727164 
0.713465 0.674225 0.446591 0.532578 0.504498 0.702322 0.499823 0.404827 0.543975 0.670316 
0.523421 0.588264 0.626409 0.533680 0.524280 0.550878 0.559338 0.625217 0.428301 0.553632 
0.497660 0.515580 0.453458 0.488044 0.555009 0.501994 0.487617 0.558618 0.424297 0.515045 
0.637189 0.573256 0.604750 0.610002 0.553046 0.560246 0.539880 0.476512 0.801043 0.696781 
0.739172 0.751187 0.479552 0.351806 0.484606 0.612933 0.583656 0.565388 0.576490 0.615042 
0.563526 0.588358 0.583231 0.494681 0.516183 0.589537 0.668050 0.613528 0.580666 0.544543 
0.523047 0.552633 0.511603 0.600408 0.549816 0.591057 0.457674 0.524200 0.668603 0.649639 
0.657237 0.645772 0.553484 0.608420 0.611182 0.598171 0.609536 0.530107 0.829825 0.644603 
0.733763 0.788612 0.591398 0.467654 0.608196 0.692808 0.719494 0.437820 0.421176 0.511163 
0.592272 0.549367 0.500630 0.569621 0.383955 0.514986 0.592447 0.272058 0.471832 0.546982 
0.676588 0.586824 0.608474 0.574158 0.497303 0.637793 0.589586 0.517667 0.562949 0.406945 
0.451283 0.683514 0.477649 0.546280 0.635585 0.494883 0.569430 0.409600 0.768407 0.664277 
0.803617 0.768869 0.544059 0.670241 0.750922 0.763869 0.885276 0.849229 0.822335 0.614862 
0.428688 0.588739 0.586944 0.613434 0.514536 0.515684 0.621875 0.498605 0.609579 0.538033 
0.329751 0.611719 0.580966 0.575917 0.593709 0.628280 0.641738 0.582421 0.435761 0.415496 
0.488070 0.701615 0.557911 0.444505 0.569175 0.518358 0.373895 0.461078 0.712793 0.615366 
0.893004 0.954355 0.803122 0.918973 0.857005 0.318315 0.176549 0.234988 0.856884 0.805754 
0.488708 0.545483 0.404230 0.556498 0.521787 0.597002 0.609612 0.516760 0.573849 0.588681 
0.435791 0.549686 0.518139 0.564527 0.532023 0.593026 0.576003 0.654667 0.635405 0.639206 
0.739033 0.466207 0.446386 0.493692 0.434235 0.570901 0.596778 0.580926 0.664487 0.684711 
0.076598 0.100066 0.906673 0.562131 0.097317 0.146763 0.061035 0.132670 0.118069 0.837004 
0.608656 0.406366 0.524307 0.504011 0.526098 0.638194 0.594057 0.295843 0.518767 0.692319 
0.632303 0.590136 0.660241 0.636269 0.626037 0.628932 0.478262 0.608592 0.701096 0.666416 
0.550677 0.446417 0.491955 0.597809 0.537042 0.586294 0.530609 0.593970 0.776877 0.377017 
0.231457 0.317890 0.622518 0.080911 0.096705 0.081119 0.027972 0.104213 0.231142 0.904502 
0.886844 0.638543 0.523768 0.494693 0.619021 0.578082 0.586533 0.602573 0.624829 0.447798 
0.605775 0.508870 0.528200 0.593258 0.604401 0.673674 0.598683 0.672221 0.568081 0.483599 
0.558215 0.624341 0.571914 0.608860 0.631226 0.626425 0.555858 0.510350 0.840304 0.711482 
0.548848 0.466109 0.416465 0.441557 0.175270 0.214983 0.388780 0.357645 0.320084 0.100041 
0.317712 0.950167 0.611707 0.480234 0.568837 0.655535 0.572727 0.654516 0.699305 0.566991 
0.697514 0.563825 0.518233 0.584050 0.580228 0.447719 0.519914 0.484835 0.623264 0.594945 
0.579677 0.515075 0.637668 0.721137 0.673464 0.525322 0.706455 0.906990 0.727992 0.329377 
0.643045 0.564779 0.252159 0.459946 0.243723 0.545535 0.648675 0.271647 0.423217 0.078814 
0.057014 0.937729 0.470336 0.492353 0.453338 0.460864 0.635225 0.685513 0.574648 0.440722 
0.481419 0.488573 0.584555 0.569772 0.489825 0.425179 0.514639 0.579217 0.508941 0.492186 
0.687413 0.636852 0.597904 0.603184 0.734518 0.546922 0.818403 0.836293 0.573450 0.034681 
0.445526 0.583322 0.638412 0.513626 0.318045 0.449340 0.466525 0.234620 0.365626 0.216998 
0.195028 0.906081 0.349495 0.415187 0.530220 0.607365 0.670196 0.499133 0.555470 0.275259 
0.300906 0.318703 0.524559 0.393936 0.397905 0.540707 0.518469 0.573669 0.520503 0.581988 
0.619701 0.853550 0.883297 0.773667 0.773057 0.545605 0.685749 0.692095 0.508918 0.052877 
0.361363 0.352198 0.767507 0.492640 0.258030 0.208344 0.424809 0.414594 0.573156 0.550314 
0.358012 0.958492 0.547118 0.515958 0.497587 0.555283 0.711851 0.754701 0.624672 0.804114 
0.722327 0.642207 0.751350 0.618493 0.546686 0.522767 0.455984 0.584261 0.676803 0.727129 
0.927948 0.982362 0.189013 0.009289 0.328245 0.601647 0.745961 0.507053 0.266432 0.204296 
0.444131 0.268101 0.971635 0.542321 0.241139 0.221372 0.500611 0.562481 0.275470 0.343245 
0.456895 0.934605 0.691596 0.353967 0.564257 0.714117 0.904223 0.795847 0.121438 0.826373 
0.813945 0.531364 0.864524 0.935547 0.905631 0.893326 0.609858 0.494539 0.862619 0.897770 
0.912848 0.627327 0.104415 0.015411 0.146913 0.212006 0.306544 0.423091 0.540546 0.269379 
0.613931 0.497464 0.547147 0.494277 0.440461 0.215820 0.294313 0.166051 0.127161 0.174137 
0.756882 0.950951 0.804394 0.432202 0.510869 0.546323 0.912510 0.370163 0.022709 0.317925 
0.785767 0.600074 0.613549 0.118211 0.033617 0.719838 0.903961 0.867820 0.713573 0.116499 
0.925738 0.413359 0.102840 0.055356 0.025955 0.076601 0.388770 0.609313 0.582954 0.467121 
0.332941 0.501143 0.067775 0.088137 0.679246 0.490494 0.178989 0.730079 0.232005 0.149202 
0.399472 0.725793 0.843805 0.668201 0.503926 0.555738 0.850190 0.640744 0.062460 0.382708 
0.028397 0.273906 0.180318 0.060057 0.036537 0.094635 0.647639 0.579603 0.037594 0.106414 
0.732557 0.284095 0.147894 0.416675 0.219917 0.359178 0.261090 0.523383 0.247031 0.414100 
0.666475 0.706598 0.613621 0.364657 0.598255 0.760715 0.302074 0.761096 0.117496 0.306328 
0.615865 0.490978 0.378470 0.078244 0.315742 0.644737 0.751099 0.775373 0.168760 0.181046 
0.071438 0.221447 0.421320 0.096088 0.250827 0.407370 0.705213 0.718856 0.247196 0.279176 
0.308462 0.487547 0.399568 0.473804 0.361976 0.314889 0.454286 0.743423 0.148050 0.313581 
0.515498 0.577020 0.309749 0.325662 0.274958 0.417758 0.378653 0.449138 0.262679 0.589842 
0.637577 0.540464 0.264004 0.343689 0.341533 0.074572 0.369416 0.665226 0.272795 0.218881 
0.415287 0.484571 0.250869 0.047715 0.308246 0.218831 0.308435 0.378921 0.505153 0.330564 
0.366662 0.605341 0.170309 0.409948 0.696328 0.175705 0.482912 0.367783 0.419747 0.641375 
0.554880 0.570460 0.051406 0.500218 0.301686 0.586518 0.476522 0.328093 0.481666 0.803144 
0.709662 0.587827 0.437810 0.455719 0.514109 0.102334 0.507018 0.615970 0.324713 0.266119 
0.662386 0.528223 0.306874 0.294888 0.123270 0.173420 0.520535 0.669116 0.499087 0.571535 
0.821341 0.454993 0.035567 0.581119 0.731072 0.398392 0.290062 0.699338 0.611681 0.493539 
0.392766 0.516778 0.549880 0.498733 0.410492 0.420226 0.539160 0.357551 0.303442 0.503970 
0.460172 0.318799 0.277567 0.336642 0.595643 0.481671 0.332971 0.329544 0.449492 0.616970 
0.564390 0.261048 0.301958 0.548357 0.383240 0.151997 0.332807 0.661351 0.868906 0.542327 
0.524968 0.622203 0.368816 0.810599 0.531196 0.612239 0.338328 0.510332 0.349979 0.670679 
0.302535 0.759611 0.647902 0.584290 0.556261 0.328510 0.467074 0.337099 0.236722 0.454788 
0.228988 0.100668 0.126649 0.321638 0.485756 0.467920 0.218067 0.500405 0.801071 0.927182 
0.281402 0.303050 0.565080 0.933283 0.378689 0.560247 0.413333 0.603727 0.259614 0.159653 
0.542803 0.384517 0.198410 0.307927 0.093131 0.182118 0.517658 0.559880 0.711338 0.112449 
0.350231 0.808968 0.163397 0.057362 0.544066 0.506892 0.447994 0.762308 0.595534 0.768264 
0.260467 0.345299 0.388367 0.547867 0.514530 0.657290 0.713858 0.440951 0.358016 0.689230 
0.361659 0.461852 0.666146 0.183532 0.440550 0.921896 0.461434 0.311581 0.271365 0.469748 
0.307642 0.271597 0.546965 0.484233 0.321384 0.211496 0.400816 0.110877 0.909565 0.103949 
0.212108 0.504951 0.346292 0.130940 0.478941 0.805526 0.547309 0.821449 0.304191 0.781190 
0.472462 0.408811 0.503608 0.766801 0.539753 0.448993 0.635124 0.419292 0.345209 0.661884 
0.461259 0.460767 0.725115 0.697686 0.615859 0.538717 0.119156 0.186373 0.303034 0.496215 
0.522435 0.741379 0.643302 0.085111 0.137191 0.740090 0.635237 0.178287 0.466137 0.288360 
0.514715 0.570751 0.505782 0.457730 0.277850 0.456435 0.691382 0.746980 0.051614 0.781751 
0.496794 0.501451 0.683968 0.661841 0.675265 0.887460 0.823003 0.819611 0.673309 0.820307 
0.793301 0.513446 0.392257 0.175040 0.286691 0.719948 0.201367 0.343007 0.213375 0.538632 
0.370459 0.755804 0.522991 0.297702 0.282429 0.672197 0.642518 0.664386 0.846439 0.494860 
0.327049 0.690258 0.589621 0.615240 0.178620 0.328570 0.812441 0.636905 0.117713 0.368406 
0.597457 0.472157 0.415167 0.501932 0.292629 0.053837 0.132069 0.582778 0.449211 0.587855 
0.142305 0.531850 0.560651 0.577325 0.702544 0.636781 0.570524 0.358944 0.638909 0.700159 
0.716548 0.842371 0.652510 0.530233 0.511391 0.660824 0.696857 0.532313 0.566739 0.596468 
0.795727 0.754681 0.798566 0.834552 0.823191 0.810870 0.821550 0.856324 0.829145 0.827097 
0.811830 0.755333 0.729930 0.769066 0.856443 0.788756 0.819768 0.804219 0.808337 0.828354 
0.814004 0.829876 0.837984 0.832246 0.828912 0.823281 0.853878 0.846701 0.784737 0.802272 
0.835993 0.821255 0.843529 0.834265 0.842530 0.842220 0.827153 0.798574 0.726158 0.789642 
0.556448 0.492696 0.438714 0.474261 0.495926 0.508618 0.541234 0.590256 0.579892 0.530663 
0.508939 0.472464 0.491973 0.534303 0.675300 0.565237 0.481497 0.495911 0.528009 0.536209 
0.534311 0.559498 0.585745 0.582407 0.564939 0.581631 0.577961 0.606261 0.530236 0.535984 
0.554624 0.599381 0.577436 0.544947 0.561580 0.552012 0.507279 0.443802 0.516412 0.702792 
0.558844 0.527781 0.391792 0.365918 0.452035 0.502469 0.494962 0.419134 0.490270 0.473741 
0.420197 0.397339 0.418303 0.494317 0.529488 0.510690 0.424637 0.411126 0.445697 0.454372 
0.454682 0.476168 0.492095 0.458806 0.487158 0.489953 0.463165 0.459557 0.459721 0.512047 
0.465415 0.482402 0.450766 0.447346 0.440034 0.434319 0.396762 0.347891 0.479009 0.665385 
0.543534 0.583096 0.399924 0.361050 0.578675 0.593964 0.533534 0.522264 0.552797 0.509476 
0.444832 0.401458 0.497495 0.648766 0.428396 0.549713 0.548873 0.499953 0.495405 0.550535 
0.541044 0.509614 0.531218 0.577483 0.556530 0.553520 0.543848 0.562179 0.575288 0.580333 
0.556942 0.558472 0.559594 0.550556 0.551208 0.541366 0.479038 0.455117 0.563921 0.682188 
0.523194 0.581364 0.438709 0.358691 0.509266 0.600526 0.518927 0.525204 0.484972 0.561411 
0.530860 0.483191 0.608104 0.711317 0.507929 0.576706 0.574133 0.561136 0.588859 0.564773 
0.576898 0.543416 0.537671 0.576164 0.567737 0.589035 0.601997 0.600171 0.586482 0.569310 
0.557293 0.560008 0.592698 0.614728 0.612531 0.563316 0.487752 0.499412 0.604731 0.692493 
0.532229 0.632408 0.555883 0.524468 0.526803 0.705984 0.659124 0.512380 0.469575 0.587748 
0.542639 0.523919 0.618675 0.624764 0.573575 0.577299 0.540341 0.575785 0.589480 0.558034 
0.638559 0.568351 0.507742 0.481110 0.482234 0.593638 0.610122 0.563801 0.549023 0.578854 
0.581205 0.569943 0.568745 0.596527 0.607607 0.563882 0.515645 0.490728 0.582597 0.690303 
0.558812 0.626222 0.518451 0.515785 0.555987 0.637508 0.639925 0.602774 0.563521 0.531799 
0.463088 0.516889 0.632650 0.520409 0.553039 0.515003 0.516258 0.586940 0.596446 0.605611 
0.626862 0.608244 0.548453 0.502547 0.494054 0.595563 0.597668 0.531840 0.492080 0.571337 
0.574941 0.571299 0.572782 0.583239 0.588237 0.545151 0.527764 0.500817 0.604047 0.699774 
0.539800 0.603046 0.481199 0.507314 0.548094 0.582662 0.557999 0.613925 0.611801 0.502891 
0.572146 0.645260 0.673028 0.560334 0.579454 0.529476 0.529662 0.524590 0.606362 0.593969 
0.546167 0.600966 0.607981 0.575796 0.578825 0.565713 0.591686 0.580615 0.559440 0.572728 
0.567540 0.588563 0.579550 0.576410 0.587694 0.548753 0.538474 0.515610 0.579715 0.685346 
0.507694 0.586499 0.430353 0.476461 0.569167 0.557891 0.522523 0.574908 0.617295 0.551006 
0.591452 0.633480 0.602483 0.542302 0.564060 0.591731 0.591630 0.533543 0.579603 0.572496 
0.511573 0.557046 0.594602 0.586918 0.568056 0.531441 0.521273 0.582958 0.604338 0.560771 
0.552447 0.603633 0.607688 0.588125 0.569109 0.573339 0.558253 0.531339 0.565824 0.685214 
0.531133 0.624320 0.460623 0.453802 0.571274 0.567480 0.519835 0.552488 0.578771 0.563607 
0.577909 0.555912 0.522031 0.554160 0.557155 0.606698 0.606206 0.564890 0.582788 0.596396 
0.547526 0.499651 0.585648 0.641919 0.601922 0.526984 0.518851 0.595369 0.602379 0.562138 
0.552126 0.579024 0.571993 0.558353 0.581927 0.585092 0.548705 0.512907 0.584501 0.710721 
0.561909 0.604436 0.457508 0.491344 0.579081 0.592928 0.528906 0.524555 0.546554 0.564113 
0.652756 0.561221 0.566928 0.693224 0.658981 0.551775 0.577226 0.595276 0.596812 0.621653 
0.540721 0.530066 0.594497 0.622775 0.583566 0.565788 0.578020 0.624491 0.577320 0.567428 
0.567546 0.574278 0.544048 0.545541 0.608068 0.589683 0.527366 0.510715 0.610093 0.688036 
0.574095 0.592804 0.473074 0.505007 0.554704 0.557750 0.519084 0.588032 0.616153 0.591926 
0.602987 0.598906 0.669041 0.740214 0.781705 0.727761 0.718824 0.704158 0.672301 0.667415 
0.568017 0.534905 0.586606 0.566418 0.562061 0.598735 0.604734 0.514795 0.509616 0.586151 
0.614618 0.604538 0.548677 0.549066 0.582898 0.547243 0.504016 0.510619 0.619952 0.667445 
0.548728 0.596066 0.478676 0.529610 0.584241 0.549804 0.545916 0.611237 0.632891 0.558573 
0.514078 0.572575 0.625998 0.613895 0.725076 0.600292 0.742514 0.751162 0.669042 0.624046 
0.591015 0.574922 0.567913 0.542076 0.513873 0.568573 0.650792 0.498713 0.477367 0.578109 
0.602244 0.600619 0.566846 0.534509 0.540316 0.500064 0.466826 0.481446 0.612911 0.661086 
0.550937 0.613727 0.460748 0.542719 0.616848 0.541081 0.538032 0.577693 0.610877 0.534302 
0.554323 0.484049 0.499709 0.621475 0.134279 0.059218 0.237899 0.645927 0.480352 0.536091 
0.623076 0.619677 0.572506 0.566094 0.555761 0.553383 0.593565 0.556327 0.556478 0.596959 
0.576625 0.608145 0.588402 0.553130 0.577096 0.514822 0.450549 0.452671 0.609322 0.677765 
0.551363 0.643749 0.492922 0.511901 0.612577 0.563073 0.443388 0.569979 0.652864 0.560881 
0.609679 0.495199 0.605465 0.762168 0.451049 0.138484 0.489729 0.789696 0.466299 0.459554 
0.548863 0.589121 0.561570 0.551317 0.556330 0.564879 0.578157 0.604301 0.595662 0.584231 
0.557569 0.618509 0.624279 0.600557 0.603097 0.515669 0.444516 0.452638 0.609359 0.679932 
0.573444 0.646361 0.489771 0.483704 0.606159 0.625425 0.516378 0.558639 0.694393 0.614139 
0.571536 0.551980 0.699962 0.753777 0.707819 0.690822 0.883665 0.829235 0.611459 0.588835 
0.589957 0.581403 0.564509 0.552010 0.573724 0.572560 0.566282 0.548584 0.582604 0.594077 
0.555413 0.551057 0.583918 0.556750 0.585701 0.563609 0.501848 0.515267 0.604737 0.668984 
0.572084 0.630323 0.481029 0.501662 0.649029 0.599520 0.461881 0.531099 0.685265 0.631030 
0.552443 0.600744 0.656921 0.641293 0.638139 0.728962 0.734226 0.699806 0.649379 0.631567 
0.583577 0.537317 0.537964 0.565347 0.570483 0.532166 0.504389 0.487126 0.565865 0.607044 
0.561550 0.546225 0.565993 0.551912 0.569784 0.593021 0.575290 0.571072 0.571300 0.683123 
0.514623 0.556074 0.501692 0.495220 0.577325 0.566347 0.482882 0.581253 0.602404 0.577422 
0.606490 0.622221 0.587621 0.541019 0.537725 0.612606 0.572063 0.543433 0.628771 0.599337 
0.501930 0.533692 0.557819 0.590192 0.563055 0.534482 0.571323 0.579614 0.605801 0.673926 
0.621125 0.578677 0.535343 0.556958 0.564961 0.578775 0.570566 0.547099 0.539003 0.684570 
0.542873 0.569033 0.458532 0.451777 0.542600 0.592972 0.538254 0.513979 0.529351 0.608163 
0.654856 0.620187 0.590974 0.568056 0.566189 0.554526 0.572553 0.560812 0.618301 0.645229 
0.552676 0.560174 0.549306 0.588178 0.589727 0.580361 0.607609 0.623251 0.598348 0.643083 
0.651905 0.630647 0.573246 0.568253 0.566056 0.566767 0.549113 0.494448 0.537256 0.649919 
0.517338 0.590998 0.496028 0.533804 0.611522 0.709310 0.677943 0.560845 0.571307 0.632969 
0.617992 0.579934 0.594254 0.592002 0.571674 0.544385 0.536304 0.539292 0.565753 0.655576 
0.616965 0.556131 0.524994 0.568680 0.619079 0.610048 0.579128 0.568708 0.539396 0.572447 
0.621154 0.597781 0.554318 0.570658 0.576246 0.562827 0.551025 0.486268 0.563940 0.669044 
0.553510 0.652365 0.675572 0.634982 0.675159 0.864118 0.906192 0.855113 0.762385 0.689644 
0.614123 0.596839 0.599720 0.633346 0.574554 0.569958 0.574257 0.545552 0.554035 0.547575 
0.614617 0.555954 0.539070 0.575245 0.581631 0.598060 0.600292 0.552198 0.545073 0.562084 
0.580557 0.598955 0.582886 0.559644 0.588080 0.624599 0.569095 0.544795 0.588250 0.691147 
0.606691 0.663823 0.654962 0.535714 0.767223 0.751724 0.408660 0.643531 0.712319 0.640629 
0.555783 0.557675 0.537283 0.587740 0.530411 0.553305 0.560570 0.561049 0.597275 0.590904 
0.580094 0.532290 0.558758 0.555188 0.545764 0.587276 0.586271 0.594492 0.590742 0.577788 
0.592080 0.620094 0.620498 0.556678 0.569390 0.637825 0.651790 0.596246 0.538457 0.666356 
0.289157 0.471552 0.429167 0.657875 0.577376 0.267920 0.074835 0.201787 0.429447 0.541957 
0.447895 0.563163 0.528681 0.536538 0.537403 0.533137 0.545958 0.586541 0.565540 0.590011 
0.580884 0.583563 0.609598 0.575050 0.571765 0.566012 0.555816 0.612736 0.605358 0.589906 
0.579293 0.599157 0.619342 0.562712 0.552491 0.611933 0.624325 0.611049 0.579002 0.636802 
0.347391 0.662104 0.535537 0.583337 0.219997 0.167775 0.116592 0.177308 0.583228 0.730169 
0.647188 0.633454 0.515356 0.542183 0.566416 0.608177 0.602058 0.548425 0.534918 0.536572 
0.586144 0.626363 0.602858 0.589210 0.605052 0.598534 0.622816 0.620712 0.601501 0.621767 
0.632728 0.597948 0.567822 0.552189 0.570453 0.605795 0.622584 0.609837 0.641363 0.766076 
0.639920 0.880205 0.727129 0.719691 0.300309 0.682296 0.456465 0.276146 0.632003 0.633200 
0.566075 0.581253 0.463140 0.509072 0.583279 0.651201 0.603585 0.551601 0.593381 0.621485 
0.644361 0.688339 0.602594 0.599114 0.646458 0.619228 0.611277 0.619132 0.644948 0.638033 
0.606526 0.563294 0.560679 0.638655 0.601106 0.519647 0.565315 0.525468 0.695482 0.705477 
0.863878 0.746898 0.737384 0.724820 0.547248 0.861701 0.703824 0.556016 0.342214 0.381184 
0.421583 0.546889 0.456981 0.505030 0.574381 0.619907 0.606040 0.668923 0.682720 0.627421 
0.644914 0.735440 0.705736 0.670815 0.644844 0.635358 0.650511 0.616010 0.594338 0.627940 
0.713107 0.756053 0.714178 0.785818 0.708097 0.545572 0.581076 0.766686 0.693096 0.509250 
0.715916 0.559492 0.689477 0.646010 0.633947 0.732601 0.550629 0.618264 0.453386 0.554258 
0.548510 0.586393 0.489927 0.480910 0.559229 0.631764 0.666771 0.745465 0.648152 0.635488 
0.569415 0.569225 0.641609 0.686917 0.646177 0.643917 0.660425 0.604545 0.568559 0.672172 
0.780967 0.843139 0.823028 0.872243 0.758202 0.749362 0.823876 0.832331 0.689658 0.459512 
0.436672 0.490094 0.505820 0.605617 0.619517 0.514575 0.694618 0.683603 0.676983 0.605718 
0.379200 0.584427 0.467599 0.476621 0.492260 0.559152 0.663305 0.668726 0.600573 0.665609 
0.578543 0.581799 0.688899 0.695487 0.680262 0.665023 0.669926 0.657827 0.558966 0.508754 
0.724503 0.836796 0.662382 0.157849 0.441739 0.582302 0.812049 0.898341 0.802021 0.648483 
0.463622 0.644790 0.643458 0.799383 0.543869 0.691765 0.782071 0.802987 0.519519 0.645777 
0.470270 0.464618 0.446979 0.473287 0.413234 0.510674 0.469253 0.537368 0.541621 0.575500 
0.484318 0.523377 0.636540 0.725243 0.814679 0.759371 0.698504 0.550662 0.419283 0.465803 
0.814088 0.800306 0.460733 0.067481 0.381942 0.607687 0.533433 0.872326 0.867344 0.801365 
0.594311 0.676084 0.600164 0.633504 0.595258 0.580698 0.691895 0.700829 0.535900 0.526735 
0.299843 0.410252 0.522065 0.456959 0.395927 0.474125 0.591329 0.245053 0.363393 0.561976 
0.361405 0.336437 0.394758 0.437191 0.429225 0.494663 0.470479 0.316884 0.359635 0.460318 
0.810308 0.838748 0.429215 0.194295 0.349625 0.703021 0.763340 0.666185 0.611847 0.826186 
0.658746 0.725916 0.405243 0.397293 0.765927 0.635376 0.648894 0.695868 0.630617 0.607630 
0.482424 0.616484 0.692349 0.612551 0.524802 0.408403 0.690136 0.516516 0.414499 0.515469 
0.216757 0.281166 0.497647 0.285620 0.121071 0.391443 0.368531 0.336935 0.233943 0.642528 
0.784097 0.793156 0.470416 0.243614 0.346204 0.785969 0.806140 0.657258 0.436029 0.657169 
0.609458 0.811197 0.486145 0.467388 0.812214 0.744509 0.570755 0.693001 0.689935 0.379057 
0.735219 0.727187 0.535443 0.451157 0.477378 0.353429 0.726130 0.691862 0.515810 0.433345 
0.298697 0.565860 0.777954 0.154460 0.163623 0.678195 0.583601 0.625768 0.614985 0.576099 
0.791957 0.743967 0.604363 0.572106 0.440937 0.812696 0.833001 0.666604 0.573988 0.540897 
0.561968 0.714603 0.586749 0.498604 0.547876 0.601505 0.681253 0.629300 0.622506 0.665520 
0.865459 0.800768 0.711022 0.681303 0.568044 0.259515 0.667904 0.896885 0.735185 0.667930 
0.695168 0.861841 0.537962 0.190017 0.311442 0.744663 0.627126 0.716475 0.744343 0.872161 
0.765695 0.625575 0.651521 0.672496 0.719929 0.653726 0.796046 0.697589 0.631814 0.635707 
0.523239 0.643325 0.656967 0.489707 0.354832 0.549795 0.791478 0.855461 0.576524 0.862525 
0.907494 0.798169 0.869929 0.791569 0.608175 0.380700 0.827435 0.907630 0.850914 0.719396 
0.825726 0.862720 0.443367 0.433629 0.502149 0.581573 0.749709 0.799223 0.674199 0.830639 
0.819295 0.692485 0.546020 0.697888 0.817602 0.660908 0.674054 0.766113 0.628154 0.721101 
0.673170 0.857112 0.613607 0.617146 0.478286 0.642682 0.721922 0.665537 0.604201 0.760730 
0.667425 0.602808 0.636745 0.496612 0.529375 0.723203 0.862026 0.788782 0.718621 0.799492 
0.914830 0.814581 0.679100 0.448486 0.859998 0.683707 0.870577 0.849777 0.573716 0.614745 
0.786515 0.796449 0.630326 0.691338 0.640721 0.649513 0.613198 0.675286 0.457515 0.744813 
0.660145 0.851786 0.562068 0.626338 0.682953 0.797870 0.490575 0.381417 0.547604 0.617396 
0.501556 0.667018 0.576414 0.419718 0.609092 0.757804 0.771836 0.825285 0.885091 0.869054 
0.850347 0.823925 0.875655 0.802689 0.791944 0.635578 0.834662 0.866787 0.652428 0.460514 
0.668937 0.729201 0.449349 0.366129 0.405317 0.571425 0.539363 0.381150 0.351705 0.680265 
0.512897 0.785404 0.570405 0.508226 0.591858 0.757903 0.558366 0.507348 0.535946 0.650794 
0.737949 0.657519 0.601045 0.576005 0.630680 0.636123 0.611367 0.801834 0.874621 0.808084 
0.706538 0.751231 0.784892 0.866748 0.713560 0.745444 0.798078 0.745159 0.545208 0.446581 
0.605650 0.694899 0.588418 0.699459 0.621784 0.593719 0.649204 0.323372 0.423906 0.670205 
0.488162 0.790234 0.696439 0.411339 0.637100 0.581789 0.528141 0.461080 0.544649 0.496324 
0.786325 0.691773 0.628090 0.809789 0.712506 0.696456 0.804955 0.579940 0.683395 0.786308 
0.694856 0.646953 0.628545 0.691678 0.774758 0.864107 0.505867 0.495601 0.512109 0.785085 
0.743142 0.784197 0.814698 0.708980 0.666648 0.844688 0.790302 0.549629 0.587603 0.811069 
0.475343 0.734990 0.606102 0.452773 0.705672 0.455250 0.314731 0.385043 0.335572 0.337052 
0.495650 0.643264 0.706349 0.830595 0.787761 0.843741 0.884948 0.709727 0.751790 0.790358 
0.566572 0.618164 0.656835 0.659379 0.750142 0.921222 0.365810 0.720887 0.692855 0.733754 
0.774658 0.818434 0.937139 0.636580 0.597816 0.801040 0.828072 0.680505 0.725679 0.754862 
0.673680 0.841935 0.747476 0.781515 0.788501 0.636056 0.657571 0.771216 0.736095 0.501172 
0.687645 0.858308 0.795523 0.805436 0.851374 0.635185 0.627597 0.806662 0.848168 0.828899 
0.752311 0.855800 0.900736 0.867776 0.822315 0.841461 0.792450 0.830858 0.821783 0.777655 
0.799988 0.908593 0.889015 0.773930 0.748045 0.765351 0.810493 0.715894 0.688945 0.811163 
0.086334 0.262228 0.229495 0.185359 0.237082 0.249520 0.241985 0.197295 0.277789 0.266410 
0.285282 0.352486 0.368319 0.279319 0.131785 0.351169 0.262858 0.300791 0.321629 0.300924 
0.381618 0.329432 0.307544 0.346707 0.327244 0.359898 0.278849 0.279379 0.338559 0.289630 
0.189487 0.299567 0.226688 0.308691 0.280215 0.289462 0.306089 0.319946 0.362084 0.138130 
0.039409 0.338282 0.413016 0.360222 0.373711 0.384104 0.355863 0.256832 0.328773 0.369712 
0.450242 0.497023 0.443573 0.380801 0.187221 0.334322 0.353712 0.309346 0.391577 0.399088 
0.446202 0.444852 0.417856 0.436060 0.413606 0.421256 0.369766 0.326774 0.468919 0.388623 
0.266343 0.304357 0.339401 0.377847 0.368728 0.398069 0.442263 0.523285 0.421059 0.098437 
0.059825 0.264171 0.430544 0.487907 0.408582 0.363111 0.365293 0.482107 0.408901 0.419713 
0.504894 0.530342 0.464159 0.460258 0.410176 0.395545 0.422024 0.485720 0.433736 0.461927 
0.497674 0.524845 0.506083 0.587750 0.542842 0.526003 0.519567 0.475767 0.577567 0.438251 
0.481025 0.486752 0.496328 0.465054 0.454742 0.462513 0.558723 0.643204 0.390426 0.103536 
0.053835 0.178810 0.380380 0.452716 0.137356 0.154512 0.295036 0.313664 0.394602 0.455285 
0.498058 0.565570 0.419692 0.276977 0.581991 0.380372 0.401549 0.405400 0.457175 0.430225 
0.381924 0.478218 0.479890 0.482766 0.472955 0.448712 0.492430 0.471850 0.420502 0.380853 
0.443832 0.416060 0.428616 0.420247 0.392460 0.383058 0.475442 0.541021 0.339363 0.105043 
0.052878 0.158674 0.390368 0.442667 0.129909 0.275550 0.443161 0.366288 0.538801 0.397002 
0.444514 0.543677 0.332068 0.221182 0.533201 0.402750 0.501723 0.423435 0.363603 0.398825 
0.376499 0.490609 0.442124 0.463684 0.473478 0.426169 0.423475 0.438243 0.451267 0.370997 
0.471866 0.445917 0.441304 0.394140 0.406674 0.427685 0.532633 0.565071 0.331010 0.115175 
0.056469 0.137845 0.350260 0.289211 0.227606 0.204967 0.347577 0.443906 0.524477 0.331882 
0.389682 0.406094 0.250276 0.262447 0.389753 0.362799 0.447979 0.460788 0.421140 0.458548 
0.310782 0.414585 0.435700 0.471713 0.515494 0.357901 0.345298 0.403529 0.457923 0.396845 
0.393040 0.385821 0.425374 0.383033 0.377905 0.432109 0.471961 0.506649 0.359575 0.120508 
0.049509 0.168869 0.367945 0.347988 0.396489 0.290837 0.411941 0.382189 0.430932 0.354660 
0.582664 0.464263 0.222939 0.322269 0.411425 0.428468 0.461080 0.417455 0.385874 0.373039 
0.332074 0.371016 0.414497 0.523562 0.444749 0.299768 0.369089 0.466055 0.479056 0.388186 
0.414744 0.406348 0.383482 0.411588 0.382090 0.476829 0.488915 0.504803 0.349846 0.126664 
0.056860 0.176503 0.395307 0.317970 0.389395 0.268516 0.342343 0.323987 0.323998 0.512177 
0.458274 0.362397 0.242674 0.403714 0.354487 0.410217 0.412634 0.499335 0.386265 0.380246 
0.410026 0.381875 0.338356 0.428801 0.370128 0.349749 0.355035 0.439890 0.412083 0.413401 
0.384757 0.385515 0.380705 0.437655 0.376124 0.445559 0.454418 0.510252 0.357141 0.138338 
0.066669 0.236569 0.523145 0.337642 0.256683 0.302814 0.348336 0.305950 0.338974 0.488862 
0.396566 0.330563 0.369346 0.486827 0.459490 0.450084 0.434516 0.441543 0.439652 0.419460 
0.522662 0.428203 0.330753 0.375896 0.355074 0.386723 0.480999 0.418929 0.404560 0.390026 
0.396949 0.370467 0.404201 0.381104 0.403635 0.437566 0.443643 0.455541 0.390568 0.132387 
0.070517 0.243783 0.412360 0.390699 0.288958 0.343271 0.393404 0.326060 0.375733 0.442676 
0.337363 0.329836 0.505813 0.521607 0.489431 0.474260 0.430582 0.430596 0.354085 0.386144 
0.470209 0.519442 0.337574 0.319336 0.369442 0.469798 0.457301 0.380527 0.372914 0.379342 
0.367907 0.368037 0.415559 0.443857 0.363078 0.379431 0.441920 0.483298 0.395723 0.133762 
0.064629 0.258906 0.483138 0.377214 0.342002 0.356010 0.389217 0.381338 0.469021 0.455626 
0.269073 0.411268 0.533720 0.455415 0.527739 0.664729 0.526610 0.407621 0.377622 0.297853 
0.416541 0.508646 0.413832 0.370456 0.447121 0.470662 0.417050 0.345608 0.381658 0.396684 
0.387810 0.373809 0.418379 0.420406 0.352362 0.391396 0.428883 0.454674 0.324400 0.135175 
0.055940 0.326387 0.464867 0.409525 0.388578 0.452699 0.435217 0.354519 0.356195 0.463391 
0.319507 0.400463 0.361371 0.299826 0.421426 0.506839 0.436927 0.292034 0.303105 0.296239 
0.439319 0.476521 0.397663 0.418514 0.496220 0.429490 0.353362 0.457029 0.466271 0.367119 
0.328799 0.321413 0.403943 0.421986 0.348397 0.445175 0.469478 0.410239 0.222242 0.121725 
0.064226 0.277918 0.487297 0.415594 0.354207 0.492236 0.442786 0.298061 0.289540 0.474118 
0.414553 0.415898 0.294383 0.203266 0.231685 0.168215 0.361324 0.147606 0.256078 0.335886 
0.421211 0.453700 0.447116 0.432579 0.499362 0.412470 0.287704 0.466028 0.492216 0.404744 
0.373938 0.313060 0.404570 0.434570 0.417567 0.451036 0.529089 0.454379 0.186116 0.121167 
0.054920 0.228286 0.457827 0.403164 0.288304 0.485786 0.524727 0.404928 0.341937 0.490069 
0.320216 0.463048 0.467708 0.167857 0.215679 0.682860 0.154963 0.052715 0.330435 0.439031 
0.374377 0.360575 0.431937 0.433049 0.389156 0.393890 0.341219 0.475447 0.428385 0.348111 
0.428432 0.338448 0.400847 0.445194 0.375001 0.435097 0.537840 0.518569 0.231542 0.102839 
0.067108 0.249752 0.454314 0.420791 0.329707 0.541092 0.634009 0.413737 0.278839 0.475459 
0.322369 0.493769 0.464405 0.142495 0.307184 0.438295 0.030037 0.096060 0.483103 0.549955 
0.469534 0.456499 0.478000 0.466431 0.517668 0.436349 0.426026 0.408679 0.398164 0.384597 
0.465001 0.345368 0.384241 0.403754 0.373712 0.444149 0.585131 0.542300 0.293554 0.127264 
0.050106 0.311963 0.478796 0.471602 0.390872 0.465405 0.523702 0.407539 0.292237 0.489171 
0.401843 0.462173 0.328093 0.212906 0.484358 0.097226 0.087084 0.251617 0.339030 0.441982 
0.399458 0.420634 0.437137 0.482209 0.459490 0.435133 0.420308 0.426049 0.372226 0.306696 
0.413534 0.382662 0.396247 0.468186 0.381987 0.422236 0.555384 0.501286 0.291469 0.140062 
0.056270 0.217797 0.437072 0.501130 0.266746 0.454180 0.626531 0.497415 0.332511 0.477160 
0.458397 0.424288 0.356779 0.317609 0.344032 0.214319 0.339945 0.357040 0.375456 0.358648 
0.414853 0.426811 0.502973 0.414690 0.426468 0.427143 0.489416 0.558818 0.358368 0.293207 
0.416772 0.470611 0.412004 0.480547 0.457327 0.408306 0.503176 0.450086 0.344561 0.096419 
0.058952 0.369577 0.433392 0.460650 0.351901 0.406399 0.629948 0.447613 0.457469 0.498623 
0.452296 0.353958 0.404293 0.485797 0.473744 0.433133 0.491260 0.455402 0.291845 0.335723 
0.547343 0.448288 0.479715 0.391986 0.374911 0.472029 0.523085 0.444381 0.414758 0.273936 
0.422679 0.425790 0.481238 0.453315 0.467687 0.469647 0.474469 0.459054 0.394484 0.135001 
0.061232 0.313579 0.510583 0.540619 0.427946 0.421808 0.605724 0.571878 0.560472 0.511980 
0.365036 0.377765 0.430477 0.463217 0.432207 0.445599 0.457309 0.482246 0.366575 0.312565 
0.510830 0.444066 0.483090 0.401076 0.432934 0.439870 0.418179 0.405207 0.408266 0.387178 
0.363212 0.352131 0.459884 0.466730 0.473251 0.445167 0.480276 0.560356 0.415144 0.188333 
0.076237 0.352424 0.545195 0.552006 0.495210 0.387335 0.499077 0.610449 0.545292 0.491798 
0.419124 0.463589 0.453409 0.412882 0.419148 0.486147 0.499694 0.440070 0.366075 0.319101 
0.394308 0.433355 0.478986 0.466201 0.418056 0.407622 0.401214 0.442625 0.512323 0.455244 
0.394845 0.370493 0.501144 0.465908 0.467704 0.478988 0.464239 0.608843 0.481431 0.192763 
0.098328 0.370564 0.429929 0.335950 0.299862 0.211329 0.156682 0.190491 0.206742 0.278537 
0.459386 0.423693 0.447861 0.365223 0.439061 0.433977 0.415544 0.405344 0.382414 0.449947 
0.366016 0.436443 0.490807 0.456557 0.429322 0.406800 0.439774 0.468873 0.493034 0.423209 
0.421408 0.419479 0.427148 0.529330 0.504375 0.431584 0.492050 0.571812 0.491412 0.213923 
0.064141 0.135821 0.232043 0.346270 0.171214 0.106797 0.285299 0.115924 0.036929 0.160653 
0.472003 0.407636 0.489620 0.381460 0.484890 0.424734 0.433561 0.475351 0.403904 0.427666 
0.435728 0.488248 0.497217 0.505967 0.486418 0.458212 0.494505 0.438711 0.424234 0.435694 
0.453622 0.486848 0.466758 0.554289 0.564579 0.472879 0.453544 0.563871 0.631375 0.249491 
0.157850 0.092815 0.320809 0.081391 0.092126 0.433354 0.867158 0.305823 0.082638 0.067977 
0.490606 0.420164 0.489242 0.409788 0.411882 0.438242 0.467096 0.391336 0.471383 0.469092 
0.476824 0.461008 0.444006 0.510828 0.490706 0.513553 0.551633 0.454172 0.467006 0.507853 
0.499319 0.489564 0.464626 0.546008 0.574537 0.524953 0.549670 0.634972 0.556682 0.238699 
0.111408 0.048912 0.080099 0.059554 0.169129 0.145670 0.744660 0.489295 0.142034 0.057003 
0.213394 0.257091 0.513999 0.433302 0.384280 0.397733 0.446096 0.446068 0.502040 0.601724 
0.550049 0.478188 0.509272 0.565344 0.543519 0.545848 0.490621 0.478357 0.499216 0.486738 
0.476000 0.544454 0.559018 0.618294 0.647875 0.542239 0.458476 0.509874 0.336364 0.122242 
0.133946 0.094891 0.378176 0.099853 0.332950 0.120606 0.142847 0.513369 0.049580 0.093402 
0.032608 0.086673 0.505782 0.484214 0.418546 0.357669 0.445623 0.479321 0.479596 0.529306 
0.493506 0.464506 0.574117 0.580991 0.537427 0.555579 0.530299 0.536145 0.534573 0.507645 
0.580990 0.641330 0.640402 0.566778 0.647040 0.665980 0.490084 0.389219 0.109341 0.187431 
0.067463 0.169434 0.215261 0.093035 0.425585 0.101800 0.156338 0.453892 0.429861 0.156918 
0.060737 0.027449 0.438519 0.506207 0.375635 0.417718 0.479006 0.397959 0.460612 0.555062 
0.561510 0.403873 0.473176 0.512355 0.552423 0.496120 0.527510 0.564471 0.617774 0.593151 
0.459358 0.423502 0.599111 0.455995 0.614406 0.700710 0.580159 0.051796 0.065197 0.217713 
0.171005 0.268187 0.219147 0.107121 0.130501 0.106138 0.338320 0.273574 0.471581 0.265778 
0.087680 0.013524 0.363115 0.587594 0.504961 0.432877 0.472746 0.342754 0.561482 0.552116 
0.654157 0.558607 0.513459 0.495240 0.452732 0.513928 0.494544 0.601124 0.650311 0.473855 
0.309092 0.299072 0.468757 0.230805 0.401153 0.333625 0.073797 0.013588 0.042129 0.126618 
0.493004 0.416950 0.335941 0.117447 0.080830 0.084963 0.186230 0.184101 0.124149 0.140381 
0.132578 0.037534 0.555344 0.710928 0.604737 0.544729 0.402707 0.308159 0.412038 0.394458 
0.538481 0.534568 0.417452 0.512217 0.457299 0.495038 0.526904 0.514244 0.564892 0.491356 
0.319417 0.136450 0.130453 0.552122 0.330574 0.263731 0.029728 0.030363 0.016388 0.075651 
0.325895 0.216835 0.321372 0.114651 0.247597 0.038289 0.082649 0.062797 0.429015 0.247862 
0.117310 0.101255 0.659903 0.712604 0.655986 0.610512 0.380956 0.197682 0.199489 0.289381 
0.565023 0.403934 0.350996 0.327059 0.215679 0.306268 0.270829 0.452291 0.654014 0.588911 
0.084088 0.006559 0.034523 0.606736 0.267445 0.209044 0.295622 0.092353 0.025898 0.099930 
0.263028 0.228783 0.456769 0.351680 0.279127 0.112274 0.027213 0.037658 0.283097 0.023706 
0.040892 0.076026 0.566806 0.680383 0.652826 0.700471 0.222004 0.092384 0.122679 0.123632 
0.361124 0.533475 0.349401 0.260127 0.245298 0.170928 0.262066 0.483898 0.352561 0.159136 
0.010922 0.003076 0.083088 0.405172 0.339091 0.152534 0.145425 0.321529 0.339907 0.035058 
0.276082 0.315705 0.373968 0.418758 0.200173 0.233349 0.073112 0.139616 0.286463 0.052008 
0.021987 0.109372 0.466875 0.434069 0.624899 0.818227 0.050859 0.044482 0.345683 0.164479 
0.273729 0.271590 0.090888 0.271808 0.516953 0.187529 0.179258 0.227851 0.145411 0.042011 
0.032137 0.041270 0.245947 0.540926 0.178344 0.057762 0.040569 0.091885 0.697680 0.280447 
0.282857 0.108664 0.527629 0.537121 0.305985 0.253397 0.174345 0.140276 0.114405 0.587204 
0.004873 0.044463 0.366339 0.236550 0.163258 0.668541 0.031332 0.002874 0.065152 0.278198 
0.136093 0.111771 0.028133 0.340242 0.311960 0.049716 0.045728 0.040103 0.041983 0.049695 
0.100399 0.088364 0.190332 0.250446 0.580069 0.047968 0.065545 0.362406 0.537186 0.562586 
0.298790 0.274697 0.401244 0.387447 0.378227 0.367276 0.084008 0.565062 0.078229 0.419338 
0.099270 0.171977 0.447254 0.200028 0.262033 0.602586 0.270743 0.005945 0.008922 0.130683 
0.096835 0.022799 0.041952 0.184380 0.237947 0.053379 0.051688 0.034056 0.146140 0.145850 
0.226016 0.419200 0.191055 0.147350 0.404263 0.359830 0.262861 0.419970 0.600499 0.471043 
0.367471 0.275303 0.248216 0.538227 0.657898 0.299842 0.248599 0.068993 0.254142 0.256166 
0.150426 0.397069 0.105953 0.344431 0.141100 0.265173 0.225810 0.099573 0.036530 0.147626 
0.068026 0.046600 0.294549 0.017014 0.406126 0.094915 0.028213 0.127839 0.331901 0.064123 
0.216236 0.415747 0.158506 0.092291 0.198843 0.370473 0.282776 0.380643 0.711355 0.250079 
0.237515 0.143416 0.430877 0.279655 0.494968 0.296502 0.359885 0.317199 0.228434 0.207824 
0.329497 0.361584 0.194330 0.430631 0.217372 0.172776 0.017191 0.055475 0.461052 0.420943 
0.013174 0.052642 0.333777 0.445402 0.026026 0.137547 0.099853 0.054891 0.446731 0.263204 
0.186683 0.078095 0.151610 0.264629 0.227774 0.259440 0.201188 0.280211 0.668400 0.145251 
0.322624 0.150244 0.517377 0.417883 0.325972 0.166021 0.659991 0.658743 0.469353 0.359651 
0.649228 0.258162 0.140230 0.599730 0.280187 0.285710 0.032864 0.139741 0.247230 0.306628 
0.089193 0.245166 0.076754 0.585700 0.109824 0.232512 0.321149 0.104450 0.294986 0.277629 
0.157568 0.074149 0.521969 0.495425 0.307979 0.293494 0.304016 0.607419 0.618501 0.084589 
0.555179 0.166543 0.309906 0.182803 0.303520 0.156984 0.706325 0.516059 0.280844 0.295320 
0.329710 0.271506 0.223132 0.565760 0.422798 0.612875 0.525793 0.402625 0.212355 0.377878 
0.352784 0.307142 0.243118 0.158403 0.172463 0.234441 0.327829 0.249642 0.292357 0.351049 
0.272755 0.042293 0.410892 0.401887 0.121904 0.146177 0.318867 0.696268 0.617869 0.076197 
0.557630 0.211608 0.240164 0.125638 0.137748 0.297891 0.556931 0.381982 0.095523 0.247061 
0.200491 0.310215 0.440670 0.380046 0.511587 0.637266 0.447935 0.668991 0.227758 0.241595 
0.439085 0.336403 0.237635 0.263108 0.122935 0.173838 0.541048 0.407227 0.330292 0.305421 
0.257713 0.061434 0.156908 0.509903 0.271926 0.186150 0.238071 0.653672 0.675268 0.101196 
0.460941 0.155209 0.430395 0.519506 0.125116 0.320601 0.633298 0.357857 0.071730 0.390551 
0.430806 0.339952 0.258488 0.104523 0.351963 0.307021 0.099684 0.508297 0.282127 0.148261 
0.419045 0.244791 0.290830 0.473618 0.415681 0.136021 0.825869 0.393694 0.577174 0.225146 
0.271547 0.331162 0.131553 0.531617 0.357831 0.291906 0.400906 0.649120 0.623368 0.172427 
0.329232 0.157064 0.441098 0.319592 0.087160 0.249058 0.488830 0.154021 0.041911 0.496441 
0.295970 0.239144 0.246786 0.194135 0.161794 0.443010 0.278468 0.176076 0.151033 0.141712 
0.259461 0.228156 0.148671 0.258003 0.476047 0.328207 0.667153 0.449906 0.652456 0.345962 
0.391170 0.398826 0.336068 0.441152 0.513169 0.494542 0.442297 0.598616 0.622410 0.145607 
0.584792 0.415676 0.469146 0.446667 0.362164 0.403210 0.431463 0.460835 0.376281 0.421719 
0.408782 0.447135 0.552824 0.551650 0.584092 0.494744 0.493899 0.402216 0.354203 0.379636 
0.332188 0.363364 0.356996 0.331057 0.392677 0.357965 0.410097 0.375069 0.352183 0.366735 
0.469158 0.368337 0.407025 0.350481 0.344162 0.358588 0.377256 0.411014 0.438940 0.474766 
0.712425 0.720368 0.746275 0.675058 0.641896 0.677665 0.707816 0.660967 0.612196 0.685468 
0.671437 0.694084 0.732463 0.735425 0.704303 0.810930 0.724243 0.712461 0.651140 0.580261 
0.595185 0.576451 0.597138 0.571202 0.635507 0.569433 0.583454 0.576165 0.589336 0.606725 
0.658918 0.691094 0.638698 0.673040 0.600481 0.612290 0.608255 0.650103 0.691469 0.623613 
0.639787 0.638747 0.653306 0.629135 0.643148 0.678323 0.708942 0.606405 0.605562 0.633901 
0.612282 0.654366 0.688045 0.745215 0.613587 0.766300 0.691394 0.663538 0.597274 0.606396 
0.588820 0.571664 0.583337 0.607957 0.629283 0.600541 0.563047 0.566347 0.636343 0.617799 
0.591082 0.632137 0.577879 0.625276 0.614697 0.652899 0.653579 0.688392 0.672043 0.592236 
0.589742 0.574946 0.587164 0.596550 0.535334 0.531360 0.606347 0.608223 0.554029 0.617720 
0.622020 0.659204 0.702940 0.732285 0.479377 0.580786 0.600361 0.620459 0.648342 0.580548 
0.599101 0.543166 0.501381 0.521813 0.515244 0.518938 0.504747 0.525616 0.549773 0.525800 
0.470835 0.482981 0.521217 0.507778 0.548495 0.545775 0.565685 0.622067 0.568500 0.562246 
0.576728 0.582560 0.638994 0.532036 0.544656 0.568966 0.692890 0.672094 0.575799 0.659507 
0.621841 0.638049 0.583737 0.504841 0.469246 0.489311 0.470523 0.528274 0.604278 0.573505 
0.628688 0.543968 0.511813 0.506614 0.493007 0.503240 0.513470 0.521730 0.552837 0.524905 
0.554622 0.518007 0.538664 0.523166 0.528994 0.545096 0.571077 0.610426 0.517825 0.549322 
0.574218 0.573907 0.588901 0.567794 0.637456 0.579155 0.620588 0.564722 0.539506 0.625123 
0.540861 0.627257 0.564989 0.429980 0.504906 0.447878 0.453490 0.542874 0.535974 0.551187 
0.558176 0.535917 0.554966 0.557008 0.556937 0.624611 0.523193 0.534400 0.541591 0.541250 
0.560794 0.576939 0.524573 0.511295 0.485201 0.494505 0.541922 0.608171 0.565444 0.566141 
0.581846 0.523649 0.569886 0.590656 0.557596 0.469288 0.454591 0.500205 0.507952 0.601419 
0.620592 0.594748 0.655676 0.484279 0.595469 0.466749 0.482901 0.468767 0.441346 0.490649 
0.450426 0.483928 0.534351 0.571074 0.558818 0.596231 0.554030 0.549273 0.531671 0.594590 
0.554664 0.588740 0.515425 0.531054 0.489953 0.499703 0.533468 0.556741 0.548254 0.557567 
0.590868 0.562422 0.617048 0.601814 0.523777 0.469486 0.480231 0.523927 0.466072 0.503136 
0.561917 0.479956 0.503465 0.465453 0.552874 0.545330 0.550718 0.484706 0.471392 0.458923 
0.503396 0.491061 0.533910 0.546720 0.562004 0.501149 0.521668 0.514764 0.507051 0.508103 
0.502348 0.505408 0.510802 0.560399 0.491490 0.539461 0.572550 0.597520 0.513197 0.539759 
0.647932 0.676967 0.638326 0.545318 0.531222 0.574498 0.533869 0.597352 0.538895 0.523944 
0.530575 0.431915 0.449150 0.506653 0.542679 0.593709 0.593785 0.554571 0.519645 0.525931 
0.571629 0.546228 0.638118 0.545103 0.579656 0.499057 0.519895 0.542176 0.529046 0.492088 
0.518611 0.476653 0.510135 0.539154 0.508655 0.541916 0.572397 0.556586 0.522757 0.552060 
0.624482 0.599825 0.668964 0.608041 0.541928 0.603477 0.552353 0.560613 0.547544 0.575353 
0.607036 0.498950 0.496107 0.519865 0.521452 0.519901 0.512121 0.538415 0.501240 0.531353 
0.525509 0.509498 0.521965 0.552416 0.484680 0.489102 0.512286 0.598338 0.523611 0.533194 
0.562541 0.514744 0.490304 0.546153 0.505894 0.522773 0.534282 0.554736 0.539087 0.523968 
0.597772 0.541596 0.608489 0.597167 0.491141 0.627121 0.612980 0.634359 0.553031 0.504594 
0.564485 0.431244 0.448436 0.493046 0.501446 0.488397 0.530566 0.660054 0.616894 0.535299 
0.506028 0.510127 0.513122 0.501427 0.487117 0.501053 0.531375 0.546639 0.483780 0.556489 
0.586348 0.548458 0.517465 0.547447 0.507450 0.512712 0.531882 0.578417 0.614438 0.527193 
0.612796 0.549299 0.587557 0.568511 0.530666 0.588364 0.592199 0.624391 0.529089 0.461112 
0.454004 0.499028 0.487003 0.468706 0.454140 0.358245 0.429855 0.512074 0.576392 0.512470 
0.481891 0.485757 0.487546 0.442136 0.475287 0.513862 0.605030 0.568031 0.527373 0.518687 
0.574493 0.551652 0.534028 0.527839 0.511799 0.521869 0.582939 0.597419 0.741022 0.596011 
0.619079 0.583418 0.598564 0.584957 0.502159 0.496706 0.474551 0.495481 0.514752 0.478621 
0.539415 0.621363 0.711915 0.734481 0.813882 0.653359 0.406647 0.536269 0.525352 0.481803 
0.517972 0.504276 0.539403 0.520749 0.552826 0.502908 0.538479 0.563892 0.574773 0.556156 
0.521073 0.513365 0.525069 0.508785 0.556059 0.588226 0.649595 0.644986 0.809614 0.708093 
0.600585 0.536788 0.555366 0.546470 0.482729 0.487055 0.492584 0.541988 0.584347 0.579853 
0.662058 0.684762 0.764868 0.558008 0.620658 0.707004 0.518652 0.602963 0.702093 0.520133 
0.513686 0.498475 0.519357 0.502256 0.556097 0.580986 0.435914 0.528609 0.506957 0.527429 
0.467348 0.544324 0.562352 0.518587 0.560256 0.589383 0.648129 0.638982 0.769161 0.727621 
0.610108 0.588042 0.568980 0.550696 0.507575 0.537020 0.538358 0.518291 0.560899 0.562247 
0.586503 0.553424 0.596132 0.266552 0.379908 0.561263 0.326636 0.210475 0.583192 0.634368 
0.573090 0.562448 0.544618 0.547106 0.578639 0.586350 0.527520 0.534507 0.564083 0.500395 
0.468260 0.510132 0.542648 0.481471 0.556018 0.550133 0.606911 0.574548 0.667585 0.692410 
0.615932 0.561773 0.589711 0.580757 0.535556 0.484853 0.504520 0.448854 0.495012 0.462076 
0.428574 0.451215 0.373613 0.289403 0.418157 0.522896 0.237049 0.299137 0.417769 0.544652 
0.481521 0.493244 0.475102 0.507535 0.522180 0.515578 0.528885 0.530416 0.609689 0.552468 
0.507615 0.487371 0.571594 0.474133 0.503629 0.564018 0.598016 0.511785 0.495329 0.615518 
0.566170 0.516341 0.597460 0.579220 0.588681 0.517808 0.534080 0.538634 0.513462 0.482821 
0.470171 0.475341 0.411366 0.349518 0.440460 0.588516 0.514533 0.519785 0.598595 0.535495 
0.481691 0.509939 0.532758 0.503274 0.550579 0.513227 0.587616 0.563472 0.627615 0.609856 
0.544003 0.495401 0.512975 0.511209 0.505275 0.536288 0.545155 0.537592 0.446965 0.547205 
0.621456 0.583564 0.645022 0.601496 0.623003 0.559224 0.557170 0.532767 0.463127 0.503341 
0.560742 0.534545 0.503751 0.473264 0.499016 0.524410 0.511113 0.510036 0.605912 0.561019 
0.520080 0.519692 0.566509 0.555488 0.564411 0.565299 0.555210 0.545020 0.479368 0.501406 
0.469977 0.502208 0.503179 0.524457 0.516076 0.500010 0.535153 0.548634 0.492043 0.544854 
0.600518 0.596773 0.634563 0.602481 0.579215 0.548732 0.524757 0.459464 0.445404 0.465028 
0.505409 0.504583 0.521593 0.522709 0.512401 0.461560 0.519023 0.521748 0.486116 0.505739 
0.517364 0.509599 0.531148 0.527765 0.563405 0.545971 0.535887 0.469491 0.409968 0.403150 
0.411497 0.449553 0.499503 0.490702 0.483930 0.529357 0.538006 0.593665 0.494862 0.558207 
0.565768 0.573400 0.563859 0.518010 0.421183 0.467580 0.508398 0.538418 0.554265 0.525509 
0.470596 0.463341 0.497563 0.544746 0.576530 0.504804 0.505851 0.582206 0.452209 0.483679 
0.489464 0.477298 0.485769 0.489353 0.503652 0.493398 0.499853 0.538086 0.486755 0.486282 
0.481353 0.456411 0.536327 0.518843 0.498964 0.582209 0.538697 0.569453 0.506861 0.548750 
0.540002 0.637108 0.653655 0.540204 0.512615 0.366420 0.206437 0.325654 0.417221 0.532339 
0.495678 0.506062 0.507656 0.501450 0.502871 0.499785 0.490314 0.575714 0.556206 0.500285 
0.574300 0.465396 0.512134 0.488600 0.480077 0.475375 0.485818 0.513523 0.540000 0.530979 
0.540773 0.515740 0.554384 0.537657 0.504873 0.559661 0.550173 0.563542 0.517076 0.561702 
0.710207 0.681474 0.694104 0.708702 0.562838 0.508693 0.308766 0.448661 0.415259 0.704464 
0.594220 0.587417 0.559228 0.517035 0.522961 0.526293 0.523292 0.572710 0.544513 0.545309 
0.588004 0.532204 0.568272 0.529292 0.523785 0.503343 0.479729 0.478239 0.521406 0.539373 
0.515284 0.555832 0.558000 0.527131 0.535937 0.536596 0.597775 0.572878 0.488245 0.552551 
0.884207 0.867619 0.870581 0.679765 0.658934 0.778801 0.891694 0.842768 0.672263 0.652113 
0.755712 0.657566 0.539751 0.538061 0.541007 0.535365 0.508464 0.545968 0.448457 0.453304 
0.501567 0.524098 0.514280 0.503341 0.516628 0.500102 0.524319 0.506703 0.494578 0.492848 
0.485717 0.517418 0.524287 0.524401 0.571157 0.557613 0.574516 0.526357 0.509040 0.582475 
0.859197 0.711332 0.760812 0.655440 0.702875 0.762248 0.916352 0.863475 0.609634 0.424226 
0.540512 0.604840 0.494499 0.526120 0.538115 0.589572 0.521416 0.515564 0.496083 0.538233 
0.516441 0.580144 0.509092 0.490437 0.502407 0.478591 0.527018 0.480137 0.517093 0.524717 
0.504105 0.525704 0.535509 0.532579 0.552418 0.556795 0.520464 0.500832 0.548826 0.591156 
0.713542 0.587660 0.610998 0.621010 0.557032 0.629500 0.660993 0.701861 0.402453 0.673370 
0.657893 0.719957 0.692948 0.573606 0.548087 0.514001 0.481726 0.471646 0.471237 0.518648 
0.506460 0.557259 0.504491 0.505952 0.520981 0.531980 0.508215 0.513825 0.525478 0.558890 
0.527786 0.519252 0.531438 0.580137 0.555816 0.480490 0.533477 0.601956 0.787056 0.744709 
0.626921 0.558375 0.463001 0.462385 0.340036 0.359410 0.598410 0.678478 0.560982 0.827312 
0.752880 0.679666 0.715440 0.578807 0.552829 0.491445 0.459944 0.518690 0.526150 0.535064 
0.453894 0.499677 0.516494 0.575488 0.521625 0.540486 0.549807 0.544928 0.509917 0.502205 
0.493043 0.514975 0.484953 0.569978 0.549267 0.585271 0.541504 0.609029 0.701670 0.692687 
0.592448 0.735638 0.731069 0.694837 0.498426 0.381659 0.432130 0.504743 0.451501 0.645019 
0.534371 0.598856 0.588563 0.565466 0.530502 0.554672 0.526440 0.619905 0.559008 0.670278 
0.509159 0.508483 0.530659 0.563590 0.524517 0.502984 0.482150 0.479630 0.484821 0.554564 
0.536845 0.514063 0.302917 0.176086 0.392507 0.679407 0.576000 0.402598 0.295467 0.526330 
0.662203 0.804338 0.746752 0.735839 0.572496 0.526308 0.458161 0.526052 0.399266 0.689498 
0.477375 0.581374 0.545327 0.666008 0.621936 0.619365 0.703834 0.710968 0.657747 0.625691 
0.621200 0.566381 0.492578 0.484904 0.560923 0.537986 0.515806 0.525264 0.566222 0.641961 
0.717982 0.538370 0.620540 0.476872 0.339601 0.680074 0.495208 0.432805 0.348252 0.592474 
0.696586 0.690503 0.485638 0.646244 0.484597 0.430730 0.464802 0.665508 0.526115 0.547930 
0.415986 0.399970 0.430505 0.661628 0.655796 0.777295 0.828456 0.864298 0.926460 0.787767 
0.744450 0.730923 0.543151 0.441409 0.406158 0.475740 0.640102 0.600062 0.678333 0.736862 
0.703086 0.495209 0.586654 0.878068 0.578020 0.768468 0.510294 0.543852 0.465796 0.534210 
0.574154 0.554078 0.445991 0.660680 0.800262 0.757024 0.590184 0.432539 0.584687 0.490316 
0.283655 0.375413 0.553482 0.704740 0.736055 0.802098 0.642212 0.790025 0.869172 0.784217 
0.748255 0.819611 0.791236 0.780509 0.761062 0.697273 0.766855 0.755954 0.731586 0.832649 
0.451190 0.351141 0.289361 0.395861 0.358448 0.727748 0.641374 0.560649 0.606354 0.621965 
0.638645 0.611660 0.662993 0.607684 0.770560 0.758183 0.702644 0.600943 0.667107 0.658566 
0.470326 0.366310 0.684463 0.739076 0.736867 0.808109 0.616028 0.828237 0.782422 0.698558 
0.889405 0.861709 0.872013 0.733075 0.719531 0.764064 0.805690 0.771942 0.913705 0.816270 
0.531743 0.553891 0.534836 0.383357 0.324306 0.288969 0.252808 0.658026 0.753887 0.659094 
0.586675 0.568048 0.550459 0.604312 0.536470 0.665539 0.679620 0.522246 0.474253 0.569280 
0.644769 0.610125 0.765352 0.794934 0.690385 0.560042 0.376510 0.397951 0.371503 0.636397 
0.897531 0.882155 0.673919 0.528650 0.411764 0.403476 0.524234 0.477454 0.757134 0.701298 
0.412363 0.570540 0.678465 0.613884 0.568163 0.497902 0.448795 0.525009 0.711423 0.657374 
0.598697 0.644266 0.686210 0.647365 0.503757 0.556216 0.527221 0.540541 0.486063 0.752246 
0.765274 0.827539 0.893160 0.818224 0.799408 0.612544 0.511895 0.447720 0.504906 0.574004 
0.598058 0.528525 0.440968 0.500341 0.598481 0.577514 0.611634 0.364349 0.550353 0.641389 
0.448155 0.562047 0.630376 0.659396 0.782012 0.739440 0.577351 0.421480 0.541994 0.529994 
0.513388 0.636775 0.669379 0.599149 0.583106 0.582121 0.533989 0.538290 0.722746 0.766477 
0.755403 0.721975 0.629910 0.424833 0.651890 0.757940 0.700727 0.600414 0.448298 0.190246 
0.416416 0.541520 0.655677 0.441736 0.802289 0.547782 0.645794 0.638646 0.415006 0.504931 
0.708366 0.709759 0.491306 0.558079 0.524587 0.463842 0.487157 0.397831 0.439878 0.551745 
0.474983 0.545039 0.592918 0.558894 0.567153 0.651176 0.552138 0.732730 0.867384 0.741711 
0.771941 0.810920 0.710112 0.493495 0.577024 0.767274 0.425264 0.380763 0.366616 0.338348 
0.267504 0.342131 0.489009 0.594648 0.526840 0.490698 0.501225 0.570526 0.731613 0.660388 
0.649541 0.609233 0.340244 0.427799 0.535259 0.538899 0.655365 0.706167 0.675782 0.652689 
0.638020 0.639525 0.569097 0.470131 0.491468 0.597705 0.556789 0.674017 0.804528 0.669357 
0.748841 0.683701 0.470087 0.542158 0.475115 0.578102 0.450520 0.531565 0.636685 0.594635 
0.402661 0.243647 0.444717 0.505050 0.494125 0.535137 0.492862 0.600254 0.671599 0.764847 
0.811258 0.858996 0.810436 0.787805 0.869759 0.809022 0.642184 0.706377 0.761641 0.891642 
0.559037 0.606045 0.778274 0.590779 0.484430 0.601555 0.587835 0.407093 0.527129 0.360487 
0.633359 0.707965 0.556649 0.626025 0.463179 0.568250 0.719708 0.531116 0.479062 0.457951 
0.556130 0.495032 0.468265 0.519687 0.627955 0.674236 0.470464 0.379326 0.559063 0.844138 
0.763080 0.782583 0.698252 0.562671 0.423475 0.580881 0.687167 0.540718 0.491250 0.875555 
0.637967 0.577932 0.648648 0.609951 0.710778 0.625739 0.777694 0.548997 0.744645 0.497249 
0.696355 0.768054 0.658952 0.644756 0.497750 0.664311 0.739353 0.714277 0.596816 0.512219 
0.531544 0.462169 0.461293 0.534636 0.638977 0.872102 0.773342 0.707626 0.605390 0.789594 
0.526973 0.733357 0.655978 0.361100 0.207361 0.347776 0.629613 0.682534 0.590276 0.629881 
0.665305 0.763950 0.698303 0.714676 0.646335 0.583049 0.786750 0.737839 0.929661 0.843524 
0.741518 0.751145 0.727248 0.687556 0.408059 0.188825 0.320235 0.541969 0.670208 0.629182 
0.604992 0.669446 0.701068 0.697017 0.524324 0.529141 0.825737 0.755365 0.575404 0.567446 
0.561598 0.524811 0.639802 0.503047 0.400406 0.307465 0.255890 0.385557 0.365946 0.358386 
0.620575 0.631955 0.593733 0.550734 0.498607 0.662468 0.588158 0.522309 0.609661 0.630523 
0.620691 0.679281 0.660224 0.760798 0.641386 0.560459 0.439816 0.614239 0.834743 0.809810 
0.780752 0.765018 0.800615 0.730601 0.588404 0.433980 0.541268 0.539855 0.445103 0.287047 
0.359356 0.371200 0.442524 0.680390 0.617652 0.496422 0.549510 0.667026 0.547670 0.535360 
0.384894 0.514506 0.535376 0.580052 0.563011 0.534190 0.540050 0.447243 0.483982 0.464193 
0.461136 0.449753 0.399728 0.467231 0.358831 0.400776 0.375535 0.430603 0.495998 0.480399 
0.432027 0.460669 0.476262 0.452632 0.398042 0.398982 0.404118 0.471275 0.482087 0.525308 
0.518998 0.473258 0.529149 0.490249 0.511116 0.485592 0.472135 0.464084 0.383660 0.701544 
0.370196 0.318960 0.243932 0.314194 0.282092 0.237998 0.208363 0.226839 0.274132 0.248743 
0.198841 0.170889 0.164152 0.148630 0.148442 0.127161 0.185067 0.239041 0.227728 0.314836 
0.279701 0.249936 0.248935 0.251838 0.199836 0.211714 0.229509 0.273234 0.263537 0.262292 
0.341651 0.269879 0.256499 0.228540 0.275868 0.251866 0.244767 0.256869 0.236743 0.492137 
0.286023 0.296565 0.317873 0.327914 0.267344 0.255314 0.181787 0.278056 0.281595 0.260309 
0.262835 0.194039 0.225919 0.190943 0.215322 0.101351 0.208730 0.268030 0.353904 0.350858 
0.350484 0.292137 0.287198 0.232682 0.209963 0.237337 0.269056 0.320259 0.238103 0.244946 
0.284317 0.242451 0.262217 0.256435 0.307084 0.278966 0.270392 0.260737 0.281533 0.469220 
0.331284 0.351572 0.353001 0.441463 0.434401 0.517353 0.278297 0.294348 0.287907 0.218313 
0.206640 0.170914 0.181415 0.120962 0.249272 0.116566 0.134313 0.191255 0.220085 0.297448 
0.336697 0.310064 0.332824 0.236458 0.243547 0.231604 0.235652 0.240013 0.265589 0.274494 
0.264474 0.270847 0.240801 0.265864 0.266535 0.284434 0.312532 0.247644 0.273899 0.447377 
0.355182 0.358254 0.308132 0.331620 0.554349 0.335968 0.179662 0.194929 0.248272 0.191003 
0.226961 0.187933 0.150699 0.128635 0.201099 0.156353 0.172590 0.167087 0.202152 0.281368 
0.236488 0.295603 0.325589 0.290102 0.269773 0.270286 0.277069 0.268038 0.229720 0.319068 
0.223514 0.242705 0.243748 0.258230 0.227614 0.248185 0.290462 0.222487 0.240636 0.426532 
0.341325 0.315617 0.232659 0.224477 0.221784 0.324471 0.129808 0.198714 0.216072 0.175803 
0.267471 0.168529 0.209195 0.290031 0.227891 0.259736 0.240171 0.143519 0.191745 0.199166 
0.214161 0.316014 0.324883 0.305869 0.299288 0.209797 0.314128 0.311784 0.270901 0.286994 
0.289470 0.233509 0.286306 0.286189 0.269078 0.279379 0.268861 0.239242 0.215588 0.421395 
0.340790 0.286822 0.201791 0.218528 0.229874 0.258678 0.143672 0.171463 0.184969 0.174615 
0.147961 0.153412 0.121488 0.362138 0.211516 0.314994 0.248630 0.197094 0.268142 0.201584 
0.262798 0.285431 0.314181 0.259392 0.260425 0.201377 0.252873 0.276491 0.286457 0.217530 
0.239281 0.221859 0.279038 0.270742 0.313923 0.273168 0.242845 0.233530 0.218990 0.381406 
0.324398 0.262573 0.172761 0.263475 0.291765 0.324218 0.269127 0.205959 0.243172 0.213233 
0.140143 0.113633 0.127696 0.286037 0.252626 0.311386 0.242399 0.245523 0.249698 0.242942 
0.327194 0.344479 0.302108 0.294296 0.209066 0.265733 0.286552 0.251394 0.268707 0.239003 
0.254390 0.250273 0.286837 0.230137 0.337667 0.277431 0.267968 0.195864 0.226759 0.440410 
0.274007 0.185707 0.115506 0.219108 0.350294 0.264883 0.275411 0.244497 0.261033 0.200180 
0.165624 0.165956 0.224490 0.227792 0.218214 0.209074 0.170085 0.197350 0.213233 0.263152 
0.216693 0.281963 0.213464 0.278781 0.270299 0.306498 0.248604 0.246731 0.252687 0.296129 
0.284534 0.298979 0.246691 0.263616 0.311096 0.258383 0.219684 0.258020 0.241416 0.418978 
0.247784 0.164856 0.120218 0.223861 0.316356 0.209701 0.233994 0.277614 0.253750 0.193810 
0.173109 0.250180 0.213677 0.188018 0.218774 0.186020 0.178976 0.176695 0.292122 0.331282 
0.289767 0.261065 0.262075 0.216890 0.298794 0.273940 0.266781 0.185874 0.259556 0.270488 
0.272912 0.309224 0.284808 0.237284 0.334328 0.273163 0.224074 0.274895 0.231364 0.406425 
0.228082 0.170408 0.136074 0.202389 0.282481 0.183459 0.223495 0.242118 0.209896 0.179779 
0.132404 0.265759 0.190895 0.200088 0.195377 0.135667 0.136108 0.145171 0.201519 0.354432 
0.378132 0.271878 0.203493 0.250478 0.282433 0.252972 0.228002 0.213540 0.276271 0.223185 
0.244120 0.297085 0.310311 0.300862 0.316011 0.272775 0.269907 0.296231 0.231599 0.480534 
0.257717 0.189915 0.158395 0.234454 0.235624 0.149272 0.185594 0.130510 0.224775 0.182570 
0.264468 0.281039 0.338670 0.431804 0.238341 0.190352 0.167050 0.256367 0.198485 0.273449 
0.295549 0.272571 0.241438 0.302250 0.264096 0.257934 0.218798 0.242849 0.261194 0.248582 
0.202116 0.283288 0.301774 0.295065 0.317923 0.297246 0.256010 0.316667 0.202470 0.514533 
0.271452 0.205114 0.146782 0.202342 0.285194 0.183318 0.158902 0.168471 0.232909 0.228047 
0.247277 0.321433 0.469375 0.561277 0.249670 0.615506 0.308586 0.469976 0.399303 0.333844 
0.291409 0.252711 0.247251 0.307385 0.232089 0.284993 0.260955 0.236146 0.273979 0.194835 
0.188806 0.287668 0.290018 0.311571 0.280876 0.316836 0.255336 0.263811 0.180486 0.417656 
0.287876 0.240750 0.198858 0.184271 0.318308 0.216783 0.164301 0.174999 0.237799 0.257468 
0.239222 0.328970 0.370474 0.541715 0.432486 0.288454 0.624194 0.634783 0.453579 0.329441 
0.285042 0.276867 0.260806 0.275443 0.296981 0.294132 0.334305 0.209774 0.250420 0.218386 
0.229601 0.253097 0.269628 0.289742 0.276386 0.321648 0.263423 0.225336 0.104478 0.300478 
0.268173 0.169805 0.172225 0.220053 0.287009 0.179888 0.122443 0.107678 0.171744 0.172971 
0.162391 0.273183 0.239605 0.516431 0.138692 0.076884 0.423493 0.291563 0.246297 0.252033 
0.242352 0.220539 0.236449 0.251810 0.190417 0.233991 0.272006 0.245630 0.214547 0.264327 
0.238608 0.264420 0.249878 0.288940 0.227487 0.326940 0.226769 0.206278 0.071734 0.224588 
0.266433 0.178956 0.159277 0.220027 0.285728 0.222575 0.153405 0.216036 0.214148 0.202702 
0.286902 0.284956 0.298727 0.399536 0.260158 0.178763 0.735049 0.572708 0.304365 0.237529 
0.271664 0.250371 0.261864 0.253475 0.239585 0.270503 0.248165 0.243371 0.204396 0.342068 
0.316788 0.327706 0.245273 0.290853 0.305799 0.279620 0.198297 0.195593 0.086376 0.243135 
0.308397 0.260953 0.202637 0.222998 0.242727 0.222353 0.151701 0.178165 0.200557 0.197571 
0.258430 0.294225 0.296319 0.277695 0.210557 0.203053 0.415487 0.388369 0.193111 0.275696 
0.274271 0.281344 0.245608 0.289966 0.246509 0.306899 0.236900 0.182442 0.146455 0.238495 
0.342698 0.263026 0.281482 0.270643 0.264978 0.244375 0.206861 0.188927 0.162590 0.338433 
0.303873 0.244318 0.168624 0.207055 0.211754 0.274937 0.208765 0.153821 0.178621 0.205333 
0.197450 0.293684 0.318716 0.258242 0.234781 0.274068 0.323240 0.262375 0.198055 0.252138 
0.244878 0.250442 0.239420 0.269993 0.306729 0.282515 0.195319 0.175980 0.141446 0.220630 
0.261177 0.276451 0.281402 0.281301 0.275616 0.236356 0.215978 0.198606 0.204622 0.319051 
0.282151 0.217048 0.142431 0.115221 0.124719 0.168838 0.175623 0.197701 0.215949 0.199849 
0.195027 0.252741 0.259310 0.259972 0.265565 0.323886 0.295106 0.203527 0.198019 0.237144 
0.246145 0.259724 0.238745 0.282888 0.221748 0.252588 0.226685 0.196920 0.230136 0.238375 
0.287989 0.305133 0.264450 0.265916 0.257958 0.230564 0.242162 0.188864 0.211792 0.353790 
0.239821 0.171559 0.141975 0.132006 0.142898 0.134603 0.178995 0.215552 0.226651 0.188810 
0.217058 0.257890 0.247875 0.253015 0.298402 0.297080 0.276651 0.194382 0.247480 0.265940 
0.278849 0.302141 0.281896 0.256991 0.221003 0.218594 0.253691 0.246376 0.236040 0.244838 
0.263455 0.349216 0.259592 0.245177 0.247411 0.201653 0.242527 0.200257 0.177495 0.358617 
0.179227 0.157293 0.134254 0.310854 0.269419 0.239354 0.349408 0.351428 0.421796 0.372938 
0.273837 0.273196 0.262046 0.270653 0.273863 0.288264 0.266391 0.263625 0.250734 0.265099 
0.220730 0.325178 0.251131 0.250732 0.249338 0.236937 0.228420 0.256528 0.242666 0.301126 
0.334649 0.277680 0.252147 0.223042 0.201195 0.183877 0.183480 0.171810 0.185794 0.334905 
0.176306 0.326495 0.398266 0.398600 0.243764 0.221556 0.512152 0.340405 0.686722 0.436563 
0.300352 0.262397 0.217714 0.293468 0.298293 0.313977 0.288383 0.180744 0.234793 0.206676 
0.191969 0.259313 0.207804 0.217023 0.221907 0.215854 0.222683 0.243650 0.241265 0.237270 
0.236977 0.171599 0.163938 0.203929 0.152089 0.166810 0.154849 0.132138 0.086294 0.257949 
0.110290 0.240061 0.447434 0.274750 0.363227 0.513553 0.162129 0.399647 0.444565 0.581994 
0.339001 0.243600 0.229797 0.284480 0.313251 0.292343 0.255430 0.208229 0.257700 0.204263 
0.191078 0.206544 0.215161 0.207684 0.196107 0.212137 0.193430 0.223147 0.223644 0.201093 
0.222907 0.191653 0.181349 0.210773 0.187692 0.141055 0.110065 0.111937 0.114720 0.332602 
0.034433 0.307414 0.503496 0.471716 0.588159 0.737553 0.203545 0.310710 0.232458 0.375742 
0.361479 0.353406 0.315490 0.239772 0.271332 0.224367 0.207666 0.223691 0.247916 0.167675 
0.175356 0.138401 0.162091 0.178335 0.157501 0.160884 0.166773 0.205769 0.190410 0.199390 
0.171508 0.148916 0.151575 0.145700 0.128965 0.129331 0.146730 0.134593 0.146554 0.329069 
0.060964 0.113706 0.486018 0.450441 0.344667 0.196351 0.624987 0.156970 0.652435 0.472893 
0.566378 0.707058 0.371734 0.244671 0.215365 0.216519 0.225703 0.231940 0.235851 0.175523 
0.184612 0.135411 0.141295 0.158027 0.148940 0.113353 0.165531 0.158012 0.146310 0.138960 
0.148355 0.105512 0.135382 0.144503 0.112261 0.105409 0.117435 0.230097 0.133360 0.200961 
0.144651 0.240506 0.392862 0.683300 0.463764 0.113225 0.371912 0.165705 0.260695 0.306787 
0.332573 0.779705 0.324754 0.199160 0.212955 0.177872 0.216952 0.215906 0.198888 0.133877 
0.120646 0.119864 0.132361 0.129460 0.131549 0.134894 0.143796 0.148427 0.124726 0.099569 
0.161096 0.173699 0.124505 0.085494 0.104429 0.085745 0.201823 0.252296 0.288402 0.420282 
0.125591 0.109605 0.288363 0.466062 0.587415 0.622840 0.551907 0.476637 0.384766 0.086507 
0.150638 0.626350 0.343534 0.144491 0.187220 0.175071 0.199947 0.170695 0.161970 0.095928 
0.096691 0.106700 0.150119 0.094490 0.107693 0.124565 0.140095 0.125663 0.131588 0.150837 
0.236639 0.226786 0.134532 0.144466 0.206078 0.215818 0.360914 0.578029 0.585416 0.708342 
0.214522 0.074579 0.306970 0.301456 0.714823 0.876347 0.709026 0.564111 0.841341 0.159455 
0.195619 0.254170 0.202990 0.073324 0.126386 0.173645 0.223719 0.218185 0.126018 0.208654 
0.236532 0.206940 0.202303 0.105952 0.083888 0.117401 0.127365 0.139956 0.157300 0.201777 
0.166958 0.269763 0.129133 0.224001 0.239681 0.351318 0.715082 0.642009 0.850046 0.857892 
0.147459 0.126684 0.164781 0.126361 0.170817 0.654611 0.563579 0.373268 0.443935 0.359822 
0.385641 0.259829 0.167592 0.050699 0.149087 0.161550 0.305353 0.131554 0.037221 0.233459 
0.313916 0.302825 0.335014 0.178165 0.181182 0.310452 0.282254 0.253912 0.106528 0.104059 
0.324927 0.672515 0.450251 0.350751 0.598431 0.747666 0.668449 0.422959 0.444466 0.867370 
0.107810 0.120426 0.214812 0.330567 0.308222 0.526801 0.844988 0.888145 0.571492 0.946296 
0.801038 0.378792 0.108201 0.048997 0.134554 0.090935 0.298912 0.106716 0.020357 0.139445 
0.418058 0.374095 0.227123 0.152716 0.272811 0.517560 0.449376 0.269843 0.166535 0.297898 
0.840060 0.823911 0.368565 0.316490 0.316708 0.242013 0.470465 0.707306 0.306269 0.821829 
0.124540 0.103925 0.388071 0.238257 0.112238 0.171954 0.469800 0.325758 0.383856 0.407525 
0.939646 0.154879 0.081798 0.070641 0.097330 0.080303 0.221303 0.042064 0.010377 0.161743 
0.318721 0.369143 0.283385 0.162598 0.232512 0.286797 0.519225 0.364832 0.331191 0.697052 
0.816686 0.303234 0.346834 0.326521 0.311929 0.582682 0.648228 0.610522 0.199581 0.429834 
0.152177 0.235804 0.261777 0.145199 0.132234 0.122383 0.153365 0.379798 0.590014 0.438551 
0.924689 0.754152 0.168634 0.245495 0.436165 0.208107 0.256931 0.400123 0.265272 0.286569 
0.326869 0.414700 0.474508 0.287662 0.633747 0.248966 0.452727 0.514422 0.462629 0.844752 
0.644072 0.450676 0.285794 0.405032 0.295596 0.565694 0.461663 0.227758 0.057878 0.260457 
0.190518 0.273735 0.229600 0.361905 0.276524 0.142046 0.271813 0.185070 0.550432 0.134619 
0.099083 0.511521 0.138870 0.106087 0.276316 0.505559 0.159854 0.607948 0.924968 0.261791 
0.196270 0.325465 0.685038 0.670036 0.590300 0.422882 0.650687 0.733394 0.371162 0.289526 
0.366208 0.312868 0.344516 0.498261 0.198625 0.251482 0.199107 0.146976 0.073448 0.229921 
0.190947 0.222308 0.219660 0.199136 0.166225 0.156749 0.092391 0.404138 0.308778 0.233113 
0.194175 0.174970 0.176374 0.156055 0.107306 0.762722 0.264090 0.247216 0.561869 0.209549 
0.678699 0.251724 0.319136 0.950341 0.789863 0.504801 0.388260 0.414165 0.212977 0.329861 
0.288863 0.181695 0.366034 0.182759 0.129225 0.171402 0.418540 0.326292 0.090886 0.222261 
0.364240 0.238465 0.145069 0.154356 0.158784 0.130224 0.116447 0.092443 0.175794 0.230052 
0.374289 0.220532 0.492308 0.412009 0.186563 0.188697 0.883673 0.723429 0.277248 0.179564 
0.775252 0.705048 0.297085 0.211223 0.686719 0.560635 0.310620 0.489536 0.170808 0.410839 
0.376817 0.547848 0.433012 0.259605 0.237984 0.355412 0.272684 0.301829 0.096398 0.312303 
0.175662 0.153930 0.206317 0.273844 0.238107 0.081320 0.091652 0.079583 0.041464 0.095279 
0.075241 0.243074 0.639189 0.293795 0.179269 0.058999 0.688152 0.597007 0.243940 0.197456 
0.452756 0.296384 0.397583 0.096372 0.279139 0.467367 0.144856 0.135244 0.136295 0.387084 
0.261295 0.482463 0.321974 0.277449 0.218016 0.240616 0.202330 0.369225 0.214293 0.408417 
0.136032 0.432541 0.274876 0.609997 0.380638 0.130281 0.095657 0.127086 0.079183 0.192392 
0.135760 0.221717 0.374898 0.174980 0.153986 0.072194 0.143325 0.206385 0.135610 0.161825 
0.300333 0.249513 0.139052 0.371732 0.574507 0.446920 0.225847 0.202744 0.358698 0.084680 
0.118938 0.393444 0.335148 0.248304 0.067015 0.111541 0.164796 0.172366 0.252188 0.198216 
0.119555 0.299176 0.272926 0.641195 0.355706 0.395651 0.166128 0.172595 0.164616 0.356625 
0.106212 0.078726 0.309513 0.118184 0.101420 0.048240 0.071597 0.137354 0.274864 0.228143 
0.174545 0.275241 0.266033 0.385894 0.550815 0.097094 0.356636 0.407634 0.209778 0.073869 
0.202688 0.379650 0.464209 0.149979 0.090117 0.061630 0.206541 0.129218 0.070223 0.096052 
0.202900 0.217981 0.221981 0.067075 0.224768 0.413913 0.209272 0.120523 0.096455 0.150114 
0.181913 0.070736 0.313685 0.411714 0.249427 0.111509 0.159194 0.182040 0.273242 0.394593 
0.303626 0.413209 0.332448 0.217555 0.230743 0.085068 0.075379 0.233086 0.072909 0.054697 
0.121504 0.124324 0.103896 0.191726 0.088423 0.092703 0.126138 0.085951 0.105332 0.275119 
0.229494 0.165139 0.282815 0.179542 0.496995 0.432059 0.214318 0.133348 0.030395 0.063358 
0.218406 0.179240 0.226835 0.376186 0.450838 0.096157 0.145737 0.325434 0.221471 0.262781 
0.280787 0.337553 0.346340 0.564300 0.289322 0.182540 0.284328 0.366394 0.292461 0.160543 
0.264613 0.159321 0.201752 0.268692 0.186606 0.216051 0.247041 0.234019 0.232190 0.374382 
0.643663 0.247234 0.217725 0.273485 0.265498 0.206959 0.206656 0.216021 0.237780 0.251983 
0.231142 0.190436 0.180167 0.215721 0.226156 0.209403 0.272614 0.316368 0.259567 0.278331 
0.305933 0.280931 0.278697 0.291071 0.260054 0.244501 0.288133 0.304934 0.239033 0.203742 
0.249508 0.307531 0.251412 0.278653 0.267225 0.269735 0.262120 0.259999 0.152233 0.071680 
0.696789 0.224466 0.191534 0.186125 0.189918 0.176184 0.196843 0.190863 0.171058 0.178549 
0.165917 0.151993 0.165534 0.218502 0.275774 0.236241 0.209811 0.288691 0.279606 0.238311 
0.250436 0.234738 0.200596 0.221069 0.204187 0.195267 0.198905 0.237782 0.244150 0.239092 
0.163175 0.230836 0.212977 0.236424 0.213330 0.217589 0.190691 0.198484 0.190744 0.091669 
0.649872 0.287822 0.308607 0.297772 0.280935 0.255002 0.327766 0.262591 0.246832 0.264123 
0.251775 0.271588 0.237531 0.217857 0.313738 0.432478 0.348865 0.297166 0.322004 0.320770 
0.286671 0.312414 0.318050 0.298676 0.298962 0.318759 0.301873 0.298273 0.344864 0.333911 
0.298892 0.303202 0.327308 0.327290 0.328822 0.339657 0.315425 0.314428 0.311060 0.213523 
0.617443 0.200967 0.284934 0.288175 0.261916 0.190039 0.242026 0.247698 0.212904 0.223490 
0.206097 0.187817 0.217994 0.278069 0.239302 0.366950 0.370563 0.382220 0.323502 0.325036 
0.286195 0.276007 0.294525 0.317859 0.279202 0.261695 0.264109 0.311760 0.290441 0.252899 
0.276893 0.306019 0.316421 0.297555 0.310849 0.280537 0.231656 0.280923 0.297097 0.193218 
0.566338 0.169347 0.339143 0.227550 0.258805 0.338251 0.255114 0.249360 0.240003 0.240360 
0.224020 0.172217 0.216045 0.285508 0.286769 0.317893 0.327316 0.376101 0.314758 0.299128 
0.291642 0.267280 0.247821 0.272161 0.279714 0.273450 0.259822 0.283244 0.288461 0.256755 
0.248021 0.258582 0.246586 0.287144 0.302310 0.286854 0.218338 0.239729 0.298320 0.159286 
0.566407 0.171720 0.392118 0.450744 0.180778 0.158030 0.250584 0.274498 0.273531 0.239197 
0.219039 0.250576 0.292637 0.245635 0.264062 0.231594 0.273392 0.357700 0.327758 0.341177 
0.363530 0.291378 0.265390 0.264945 0.234127 0.264076 0.263640 0.251424 0.285687 0.295335 
0.265322 0.275180 0.246566 0.254301 0.276077 0.296268 0.251189 0.245373 0.295965 0.168904 
0.575509 0.153080 0.304799 0.381333 0.242475 0.184480 0.272836 0.294017 0.251377 0.216878 
0.195024 0.288915 0.428428 0.343607 0.315540 0.248524 0.256426 0.291327 0.329466 0.367293 
0.377408 0.277722 0.241295 0.300398 0.304403 0.265544 0.276189 0.241074 0.272058 0.296804 
0.288624 0.292061 0.308334 0.288674 0.260762 0.271507 0.225319 0.255330 0.285198 0.176883 
0.535086 0.168081 0.271215 0.317435 0.230123 0.245804 0.278903 0.254386 0.222967 0.229655 
0.276494 0.386178 0.382404 0.278459 0.294521 0.287094 0.267377 0.265393 0.289295 0.281028 
0.273285 0.242383 0.239304 0.319165 0.387158 0.283863 0.253878 0.262907 0.304849 0.290185 
0.302078 0.277234 0.297812 0.298194 0.278477 0.269498 0.233393 0.265726 0.277956 0.167347 
0.519479 0.197733 0.267616 0.289773 0.230729 0.243943 0.268195 0.251281 0.258132 0.285735 
0.282083 0.294021 0.278094 0.233184 0.271159 0.332572 0.334750 0.277166 0.253973 0.288080 
0.282259 0.246856 0.238475 0.307211 0.303049 0.297502 0.274412 0.281030 0.272020 0.281585 
0.271286 0.270123 0.303494 0.283726 0.237624 0.266280 0.270868 0.254452 0.278159 0.188521 
0.493841 0.223060 0.325103 0.286895 0.225073 0.260866 0.235130 0.183059 0.229411 0.335203 
0.327641 0.303138 0.325552 0.319296 0.285981 0.337888 0.375879 0.280140 0.256643 0.259323 
0.295469 0.289983 0.240049 0.331283 0.309619 0.269668 0.288865 0.309777 0.283843 0.273895 
0.270657 0.265329 0.304858 0.300079 0.254197 0.300322 0.299462 0.267698 0.257973 0.189127 
0.506080 0.186358 0.289373 0.308292 0.267215 0.305720 0.262873 0.201688 0.210086 0.317099 
0.383430 0.299323 0.304224 0.336415 0.305642 0.370204 0.376982 0.349638 0.370221 0.326150 
0.260731 0.314543 0.337538 0.245036 0.228831 0.265087 0.308815 0.271629 0.262544 0.261394 
0.283410 0.286181 0.288234 0.286587 0.279401 0.293921 0.256314 0.245978 0.248737 0.156441 
0.514886 0.187815 0.251708 0.261463 0.256156 0.279616 0.300094 0.302882 0.325698 0.334298 
0.289107 0.251571 0.222496 0.260272 0.332316 0.555744 0.449520 0.325167 0.422183 0.453552 
0.292336 0.305530 0.330794 0.258196 0.249772 0.302742 0.274230 0.263219 0.242204 0.264971 
0.326061 0.326378 0.303173 0.297880 0.265641 0.244639 0.227389 0.268503 0.267443 0.149675 
0.546981 0.209615 0.278345 0.315762 0.223280 0.232620 0.292003 0.320194 0.295988 0.290046 
0.275016 0.201196 0.260792 0.308041 0.325324 0.482985 0.690237 0.357373 0.299927 0.326682 
0.245128 0.267238 0.287055 0.277342 0.241328 0.251398 0.262727 0.273935 0.228327 0.265512 
0.362265 0.333253 0.278862 0.279773 0.275891 0.228151 0.175846 0.256550 0.250410 0.144498 
0.563443 0.186027 0.261726 0.343649 0.245577 0.242711 0.275160 0.255331 0.197816 0.276139 
0.296129 0.194263 0.281229 0.294010 0.167629 0.223099 0.467011 0.403640 0.261137 0.343970 
0.271300 0.257052 0.281014 0.343163 0.275102 0.196571 0.202491 0.261690 0.278992 0.262276 
0.326398 0.323409 0.280448 0.311572 0.317953 0.223230 0.174097 0.243845 0.259314 0.184165 
0.587916 0.227226 0.294526 0.308187 0.252427 0.276027 0.275740 0.314432 0.315130 0.305894 
0.335617 0.258709 0.456927 0.280095 0.013661 0.284275 0.964095 0.811527 0.451408 0.389095 
0.325516 0.300934 0.267458 0.272373 0.263761 0.237820 0.218191 0.258109 0.293242 0.264377 
0.288156 0.295883 0.262736 0.311000 0.315719 0.215421 0.193019 0.242423 0.295098 0.232743 
0.604162 0.215144 0.249186 0.292933 0.249787 0.286124 0.315382 0.249914 0.265383 0.296627 
0.289475 0.238938 0.400118 0.506181 0.263092 0.100371 0.729176 0.697842 0.384887 0.335075 
0.350446 0.303684 0.279943 0.273235 0.281284 0.256645 0.243201 0.285907 0.310457 0.284786 
0.273793 0.333165 0.326223 0.271082 0.253202 0.252183 0.246332 0.286908 0.295444 0.251385 
0.559262 0.209327 0.237293 0.302876 0.305075 0.280938 0.276402 0.236969 0.233707 0.308078 
0.338552 0.248084 0.275520 0.419949 0.481374 0.502123 0.489142 0.404569 0.260516 0.259522 
0.287787 0.295115 0.282103 0.257680 0.267653 0.239434 0.253904 0.295809 0.373974 0.406272 
0.292870 0.349075 0.335723 0.273026 0.236358 0.220402 0.238308 0.303431 0.262042 0.183648 
0.550324 0.183794 0.224942 0.295961 0.279173 0.235437 0.256746 0.308123 0.275145 0.296712 
0.321329 0.276324 0.250155 0.300343 0.304228 0.238155 0.318326 0.428137 0.321876 0.272573 
0.224482 0.295128 0.317151 0.293648 0.238439 0.227439 0.262125 0.296107 0.351763 0.397552 
0.318010 0.320051 0.315258 0.282457 0.252667 0.257792 0.236709 0.249372 0.247786 0.179908 
0.556886 0.192992 0.247952 0.374153 0.394304 0.386449 0.318019 0.309043 0.276257 0.294649 
0.312625 0.301614 0.305819 0.308195 0.296077 0.250900 0.302325 0.334567 0.285813 0.319140 
0.265716 0.298381 0.290462 0.282550 0.291626 0.264876 0.303938 0.318270 0.305147 0.297565 
0.270936 0.280458 0.316181 0.299223 0.273806 0.270422 0.227872 0.254367 0.269665 0.181437 
0.540738 0.188805 0.289908 0.420403 0.464704 0.501262 0.432754 0.397764 0.336407 0.299168 
0.286100 0.245807 0.284016 0.291269 0.283555 0.250292 0.287142 0.321732 0.319364 0.315527 
0.304756 0.275044 0.281951 0.292236 0.294181 0.310237 0.301115 0.272193 0.291149 0.301979 
0.273606 0.254655 0.273882 0.283903 0.290866 0.273442 0.228373 0.240020 0.284061 0.187710 
0.567636 0.298594 0.286658 0.321221 0.336905 0.456532 0.543271 0.438030 0.344298 0.306942 
0.315587 0.263905 0.255361 0.267758 0.262130 0.259785 0.288712 0.259948 0.284997 0.279783 
0.310711 0.276257 0.297861 0.314625 0.269264 0.258990 0.292205 0.283333 0.301230 0.290586 
0.246299 0.283478 0.288425 0.246082 0.249062 0.256952 0.216696 0.211177 0.219060 0.152717 
0.532028 0.328407 0.253816 0.455059 0.316591 0.187297 0.379294 0.562060 0.536212 0.305295 
0.346798 0.343068 0.288641 0.278017 0.249675 0.254657 0.280912 0.299848 0.285397 0.346474 
0.321117 0.267306 0.268768 0.294724 0.272935 0.265269 0.293914 0.304646 0.289620 0.271727 
0.290368 0.320457 0.286401 0.215433 0.208030 0.219160 0.216611 0.245619 0.185105 0.132281 
0.272117 0.633562 0.537994 0.278398 0.163912 0.279882 0.141351 0.325587 0.591266 0.509900 
0.408244 0.401302 0.372249 0.303646 0.256670 0.267130 0.309307 0.313297 0.279486 0.306790 
0.333182 0.306363 0.263397 0.290126 0.305076 0.305227 0.298677 0.265176 0.269522 0.302541 
0.284384 0.251714 0.229273 0.208135 0.211613 0.202855 0.207774 0.295822 0.294519 0.119971 
0.060048 0.743156 0.586596 0.434516 0.268686 0.307708 0.428343 0.589225 0.826998 0.930383 
0.535144 0.323699 0.316768 0.328148 0.271398 0.316084 0.349736 0.272168 0.249131 0.267553 
0.309965 0.316195 0.295486 0.273544 0.263539 0.283812 0.259153 0.226522 0.245019 0.289107 
0.272047 0.233746 0.195663 0.191242 0.207879 0.195968 0.201706 0.226640 0.213824 0.130389 
0.073197 0.867606 0.722142 0.266064 0.334083 0.687962 0.280715 0.493824 0.890334 0.820808 
0.726747 0.179008 0.265334 0.359726 0.315772 0.314066 0.303624 0.290644 0.310005 0.303168 
0.305079 0.310189 0.270697 0.257684 0.280663 0.291560 0.235778 0.256694 0.298075 0.298132 
0.242652 0.237594 0.236360 0.234636 0.190394 0.152976 0.160026 0.178178 0.068719 0.156253 
0.200673 0.406393 0.195274 0.121551 0.363156 0.537784 0.391102 0.577476 0.473694 0.564782 
0.877278 0.335314 0.226561 0.407035 0.369522 0.324578 0.286734 0.302956 0.296977 0.231541 
0.177186 0.199673 0.215496 0.250386 0.241504 0.245944 0.243454 0.241768 0.259522 0.256029 
0.248965 0.225257 0.301467 0.344441 0.226467 0.174973 0.146785 0.112467 0.033547 0.270613 
0.411937 0.521099 0.341551 0.088133 0.095227 0.354133 0.343585 0.652135 0.542007 0.582390 
0.892210 0.532669 0.205986 0.297927 0.306817 0.292045 0.264235 0.252623 0.267889 0.221864 
0.181489 0.220294 0.206638 0.330793 0.383460 0.277023 0.265575 0.246960 0.215477 0.162298 
0.160370 0.175796 0.426400 0.501155 0.172332 0.218238 0.302604 0.285938 0.066555 0.303050 
0.393922 0.365396 0.449855 0.181868 0.136937 0.272170 0.618922 0.495746 0.460153 0.575741 
0.845595 0.640910 0.301299 0.269733 0.214437 0.183199 0.236220 0.221031 0.357577 0.205278 
0.186507 0.288151 0.298497 0.353084 0.345520 0.295325 0.261144 0.205853 0.130972 0.101733 
0.124231 0.251440 0.050697 0.395633 0.550034 0.286149 0.339398 0.438206 0.123092 0.391606 
0.475650 0.348811 0.524754 0.357272 0.033571 0.024392 0.703980 0.752092 0.672554 0.396116 
0.798617 0.686315 0.520127 0.378235 0.232022 0.188465 0.173503 0.178968 0.200926 0.271048 
0.253643 0.289659 0.321075 0.389313 0.289746 0.208007 0.206215 0.178093 0.162869 0.248310 
0.219417 0.067767 0.138230 0.420748 0.853035 0.819966 0.234540 0.064454 0.082766 0.313489 
0.400126 0.436175 0.511167 0.656203 0.313857 0.147953 0.260693 0.620555 0.323326 0.217108 
0.499172 0.751790 0.579470 0.286002 0.138873 0.172089 0.224376 0.026952 0.275201 0.750869 
0.459771 0.309448 0.211419 0.068472 0.589641 0.544563 0.295385 0.398709 0.191198 0.267467 
0.162915 0.112385 0.177855 0.308138 0.767590 0.783728 0.942807 0.450758 0.381216 0.121391 
0.516244 0.641753 0.323623 0.582553 0.603495 0.158532 0.337960 0.430604 0.492465 0.121902 
0.376173 0.913308 0.584193 0.332616 0.149819 0.210834 0.242176 0.046111 0.730739 0.933249 
0.386065 0.225265 0.062389 0.071528 0.670725 0.782556 0.635907 0.723884 0.108843 0.137711 
0.266000 0.402231 0.448444 0.339076 0.292611 0.829488 0.948923 0.617175 0.417004 0.116916 
0.550092 0.469653 0.344603 0.373748 0.566006 0.457023 0.396764 0.221495 0.420942 0.174230 
0.145843 0.602722 0.326579 0.264915 0.473898 0.387177 0.289159 0.033212 0.424152 0.808147 
0.432820 0.462429 0.141466 0.223602 0.185839 0.432218 0.765141 0.544057 0.169762 0.245014 
0.400087 0.641525 0.821420 0.709559 0.413354 0.336357 0.730262 0.371047 0.505553 0.292334 
0.541574 0.601180 0.471271 0.138565 0.352221 0.562058 0.453049 0.315127 0.207690 0.586270 
0.384695 0.462124 0.154664 0.283579 0.447750 0.302959 0.158008 0.054289 0.066508 0.330143 
0.435168 0.562449 0.219456 0.128101 0.121175 0.379063 0.565690 0.292622 0.120491 0.751153 
0.323809 0.364380 0.511838 0.552300 0.506338 0.624188 0.715015 0.402298 0.405181 0.290535 
0.617698 0.362452 0.421366 0.415964 0.312562 0.563136 0.678418 0.653547 0.331865 0.359288 
0.436080 0.196769 0.082388 0.307274 0.149957 0.073225 0.182600 0.163732 0.067483 0.103078 
0.455971 0.775534 0.767901 0.142947 0.318813 0.408719 0.672420 0.589723 0.184475 0.573929 
0.576022 0.196212 0.227763 0.571856 0.612540 0.696447 0.539655 0.327559 0.344670 0.182485 
0.785316 0.650641 0.385396 0.327736 0.243602 0.366907 0.609755 0.552193 0.493940 0.349156 
0.399057 0.348969 0.203361 0.355628 0.622306 0.170842 0.314493 0.407950 0.671269 0.176725 
0.075135 0.658050 0.872616 0.218069 0.182540 0.657483 0.741358 0.709681 0.505859 0.361567 
0.333106 0.120815 0.211092 0.340868 0.353720 0.297832 0.340608 0.406022 0.270488 0.170040 
0.803130 0.593877 0.331343 0.313911 0.225115 0.312082 0.441071 0.450838 0.427934 0.520075 
0.630572 0.361282 0.419717 0.301588 0.402718 0.191966 0.213843 0.570783 0.548253 0.227601 
0.152930 0.540272 0.664125 0.421545 0.109790 0.255852 0.575012 0.663894 0.373671 0.382384 
0.309393 0.215925 0.143636 0.143738 0.238387 0.589901 0.327550 0.425701 0.229668 0.124859 
0.624609 0.457681 0.312377 0.277260 0.478130 0.283354 0.343237 0.348865 0.422892 0.611588 
0.620136 0.277258 0.323638 0.235546 0.399471 0.475911 0.260723 0.216518 0.537287 0.450274 
0.485282 0.585184 0.298887 0.288674 0.374552 0.163182 0.197054 0.170702 0.171055 0.143731 
0.255579 0.188508 0.177047 0.159931 0.120945 0.600855 0.402639 0.598782 0.330099 0.187991 
0.454208 0.355121 0.372147 0.290990 0.356242 0.241321 0.493130 0.630412 0.602647 0.187165 
0.239453 0.355128 0.232796 0.306783 0.490098 0.571678 0.641637 0.308975 0.321438 0.296837 
0.407315 0.428587 0.231455 0.095363 0.118571 0.138751 0.285212 0.180430 0.070064 0.134449 
0.347446 0.282993 0.300292 0.212678 0.083307 0.321474 0.390805 0.659757 0.396775 0.125280 
0.455733 0.209057 0.402982 0.397579 0.272868 0.229975 0.388977 0.489092 0.252078 0.490392 
0.248962 0.291226 0.185125 0.189467 0.251843 0.272067 0.212889 0.157398 0.260607 0.153897 
0.215090 0.188107 0.248752 0.541860 0.264034 0.550073 0.305762 0.328184 0.078153 0.242952 
0.525678 0.549901 0.624698 0.375641 0.089304 0.395242 0.316863 0.330153 0.197217 0.073547 
0.455817 0.350297 0.440404 0.472852 0.265750 0.143131 0.369458 0.296843 0.487380 0.692338 
0.316589 0.306390 0.241385 0.205686 0.108127 0.277750 0.259770 0.177313 0.281438 0.254153 
0.308226 0.265867 0.313121 0.347904 0.185272 0.241741 0.234780 0.422468 0.422367 0.395007 
0.474691 0.477210 0.505898 0.367910 0.300982 0.381468 0.341031 0.280524 0.298351 0.121426 
0.494831 0.430809 0.492787 0.452249 0.519351 0.475947 0.507488 0.455630 0.486646 0.485358 
0.537761 0.590197 0.589696 0.457054 0.396194 0.555122 0.477158 0.501651 0.540080 0.454405 
0.521214 0.453504 0.455641 0.498132 0.468958 0.454816 0.443042 0.469198 0.495701 0.480248 
0.321249 0.529470 0.383147 0.536651 0.491521 0.522409 0.548785 0.534201 0.602708 0.517761 
0.416963 0.601606 0.687171 0.625458 0.669035 0.645790 0.585665 0.415136 0.553973 0.622790 
0.675529 0.705562 0.615183 0.447953 0.339272 0.578148 0.483092 0.542933 0.560369 0.592690 
0.610732 0.579577 0.595991 0.604987 0.508421 0.510327 0.439301 0.530011 0.625270 0.570766 
0.377199 0.495354 0.510166 0.576733 0.564709 0.623712 0.659035 0.618407 0.624092 0.584772 
0.276547 0.286102 0.516517 0.528390 0.465942 0.471824 0.378463 0.395395 0.373058 0.443815 
0.426363 0.386261 0.396948 0.385986 0.246626 0.333580 0.394473 0.399281 0.409842 0.483921 
0.495921 0.435456 0.473280 0.492720 0.402993 0.377136 0.361009 0.449400 0.464914 0.387489 
0.396995 0.342656 0.389350 0.333128 0.399697 0.390202 0.424887 0.479562 0.482368 0.537188 
0.261622 0.226095 0.458367 0.344007 0.187706 0.310405 0.357928 0.361427 0.389074 0.537780 
0.496882 0.316107 0.292686 0.338261 0.230387 0.228605 0.269238 0.327265 0.391809 0.314844 
0.443972 0.426890 0.381059 0.378513 0.365098 0.414093 0.447021 0.429195 0.337224 0.313635 
0.340443 0.338355 0.313181 0.330173 0.383823 0.343404 0.395933 0.420053 0.418185 0.452818 
0.313104 0.280892 0.608031 0.331976 0.056939 0.247979 0.480335 0.450088 0.466035 0.553511 
0.430646 0.330237 0.245242 0.230254 0.306471 0.289735 0.260145 0.371678 0.273439 0.345509 
0.478160 0.436699 0.409443 0.362571 0.321996 0.391273 0.422914 0.382484 0.365809 0.391102 
0.399153 0.427051 0.333201 0.369377 0.367364 0.371756 0.454570 0.378920 0.404899 0.406981 
0.315772 0.251504 0.574508 0.525982 0.297781 0.341305 0.465383 0.461643 0.449466 0.384438 
0.303484 0.329351 0.284833 0.263960 0.402635 0.334502 0.317011 0.306794 0.293073 0.352321 
0.280513 0.387220 0.517776 0.479531 0.402105 0.329019 0.389277 0.419244 0.441474 0.456555 
0.365318 0.393924 0.393204 0.364735 0.363888 0.408467 0.449354 0.391248 0.413391 0.415953 
0.284534 0.212734 0.436140 0.480707 0.412136 0.324343 0.366418 0.395903 0.382820 0.382303 
0.459413 0.296997 0.219665 0.217855 0.399001 0.436924 0.385140 0.308620 0.284547 0.235549 
0.209948 0.392097 0.552228 0.543909 0.443412 0.229051 0.394841 0.493060 0.471567 0.376751 
0.366707 0.316157 0.339953 0.394525 0.409382 0.430318 0.419466 0.422310 0.371896 0.435026 
0.297622 0.210932 0.395420 0.424540 0.422179 0.346713 0.319396 0.350845 0.351175 0.445038 
0.406893 0.309732 0.213727 0.332019 0.400019 0.491512 0.488946 0.402702 0.358591 0.358590 
0.313316 0.329323 0.444694 0.422645 0.331290 0.259095 0.352258 0.445631 0.407029 0.362109 
0.365900 0.318134 0.353512 0.425183 0.408208 0.429258 0.456725 0.421182 0.438915 0.467849 
0.333614 0.294100 0.452173 0.376525 0.317014 0.416927 0.344680 0.349282 0.383800 0.411153 
0.394061 0.237267 0.237677 0.414506 0.432647 0.404556 0.402869 0.408413 0.447507 0.504205 
0.474094 0.375827 0.315387 0.393572 0.308331 0.328960 0.344740 0.425884 0.343505 0.364615 
0.386298 0.379917 0.410448 0.416322 0.449119 0.455187 0.441549 0.373713 0.472084 0.505678 
0.301407 0.207364 0.373378 0.383680 0.389121 0.484775 0.459965 0.461297 0.435896 0.352568 
0.281847 0.216613 0.303926 0.421888 0.429206 0.334579 0.271604 0.311654 0.426114 0.495887 
0.469133 0.426071 0.304094 0.283805 0.350739 0.431234 0.422356 0.356172 0.323504 0.381109 
0.428599 0.433717 0.390965 0.382340 0.386032 0.406224 0.365381 0.376407 0.506772 0.477630 
0.269102 0.191239 0.391171 0.376195 0.373169 0.398207 0.427271 0.536927 0.486543 0.328886 
0.214851 0.346185 0.407970 0.435834 0.458352 0.475553 0.335210 0.268855 0.314172 0.328941 
0.414625 0.435328 0.406551 0.304066 0.396911 0.420710 0.420366 0.283950 0.304750 0.357124 
0.443358 0.441345 0.414500 0.356412 0.390544 0.406673 0.391956 0.420716 0.580135 0.473430 
0.284498 0.268259 0.442894 0.417115 0.393476 0.322172 0.278192 0.372603 0.368447 0.295550 
0.328467 0.464496 0.489665 0.455775 0.451669 0.469752 0.408702 0.379264 0.234764 0.270360 
0.418160 0.437361 0.336325 0.368317 0.407456 0.391705 0.335978 0.307303 0.254292 0.272899 
0.307956 0.356947 0.404740 0.384020 0.411991 0.458155 0.422771 0.361032 0.572964 0.509885 
0.306380 0.265132 0.430213 0.500993 0.394679 0.337841 0.218319 0.248134 0.349470 0.391031 
0.545459 0.513370 0.694887 0.810648 0.551027 0.045118 0.306108 0.560476 0.444301 0.465458 
0.422700 0.471758 0.422530 0.467522 0.414429 0.325115 0.314676 0.395309 0.340200 0.277019 
0.234842 0.318896 0.423911 0.413428 0.464694 0.485996 0.456186 0.366042 0.510855 0.553209 
0.300990 0.221567 0.435336 0.428568 0.421126 0.462959 0.368576 0.395527 0.397929 0.358222 
0.432036 0.586692 0.839011 0.664949 0.162565 0.090783 0.213064 0.599942 0.712103 0.566330 
0.415196 0.437386 0.460086 0.491958 0.388577 0.336293 0.361927 0.374214 0.401071 0.331660 
0.274475 0.347745 0.408077 0.398675 0.426743 0.464205 0.481938 0.324789 0.362406 0.446103 
0.298147 0.262379 0.430352 0.462877 0.548430 0.586263 0.390732 0.247837 0.321769 0.368808 
0.315718 0.532585 0.645797 0.393649 0.033262 0.013176 0.065472 0.262678 0.578652 0.619294 
0.472516 0.402282 0.472382 0.454054 0.458541 0.398304 0.352210 0.324896 0.435956 0.436258 
0.394198 0.353200 0.384710 0.357098 0.346473 0.458456 0.475763 0.241499 0.196763 0.330982 
0.295715 0.323216 0.545729 0.582142 0.612987 0.530668 0.278368 0.240196 0.311896 0.347705 
0.355716 0.428729 0.436116 0.395711 0.274461 0.025480 0.067647 0.479391 0.516876 0.508364 
0.358823 0.348179 0.412979 0.433363 0.409829 0.351303 0.370932 0.352170 0.350114 0.385297 
0.363383 0.377874 0.386427 0.358073 0.302451 0.425092 0.440833 0.255111 0.136875 0.315558 
0.293750 0.249339 0.520365 0.534033 0.528411 0.524311 0.420197 0.425787 0.300824 0.349655 
0.431477 0.366077 0.407339 0.438289 0.401283 0.486842 0.632367 0.532857 0.339870 0.380021 
0.334856 0.410616 0.391603 0.424249 0.357104 0.396394 0.418432 0.350459 0.237948 0.283149 
0.403194 0.491273 0.443537 0.448393 0.460939 0.454733 0.487442 0.323481 0.226141 0.327057 
0.328739 0.355746 0.491643 0.461710 0.457004 0.494664 0.433678 0.387505 0.380722 0.404540 
0.386797 0.327609 0.429148 0.465873 0.419664 0.497383 0.554139 0.425694 0.235213 0.415863 
0.483342 0.453929 0.402968 0.433661 0.437491 0.529986 0.484824 0.342852 0.205050 0.247250 
0.451881 0.464990 0.463501 0.436038 0.417973 0.455836 0.458816 0.358060 0.367705 0.413431 
0.305109 0.262447 0.473322 0.368699 0.295592 0.368572 0.404501 0.438656 0.426609 0.362163 
0.302518 0.348695 0.430941 0.392573 0.365969 0.405937 0.487093 0.392983 0.249610 0.285341 
0.469762 0.466715 0.424243 0.398951 0.462348 0.471337 0.385746 0.335790 0.251301 0.325652 
0.361616 0.385658 0.411225 0.395603 0.352965 0.361890 0.376923 0.394549 0.409619 0.441590 
0.238749 0.264798 0.472864 0.309301 0.214858 0.281813 0.420744 0.487921 0.448799 0.385447 
0.384264 0.431265 0.400151 0.409182 0.372297 0.435174 0.480689 0.283319 0.242299 0.239753 
0.413598 0.410895 0.438899 0.403312 0.318109 0.373668 0.370472 0.380941 0.419833 0.325788 
0.305878 0.380684 0.413870 0.368520 0.357075 0.347922 0.407608 0.383245 0.417323 0.455105 
0.218503 0.455326 0.637128 0.477961 0.517552 0.349726 0.266802 0.437215 0.466022 0.533726 
0.431576 0.491269 0.453490 0.430815 0.464602 0.477381 0.462762 0.323907 0.335600 0.352739 
0.355619 0.385656 0.453309 0.394574 0.338534 0.355634 0.411367 0.455415 0.447128 0.336502 
0.305822 0.464040 0.469283 0.434932 0.437605 0.420223 0.513930 0.533344 0.499128 0.499640 
0.307945 0.540241 0.712556 0.832305 0.669474 0.170765 0.110709 0.112157 0.339964 0.635897 
0.509397 0.522921 0.450444 0.424209 0.465326 0.459970 0.395007 0.391196 0.307710 0.310826 
0.364496 0.470202 0.452851 0.428870 0.366852 0.355917 0.380411 0.389443 0.359963 0.360909 
0.429213 0.424808 0.507097 0.538377 0.518098 0.454209 0.451064 0.568785 0.618306 0.581081 
0.243177 0.297767 0.820176 0.747437 0.232140 0.291612 0.518971 0.254900 0.373693 0.376136 
0.629781 0.523773 0.420600 0.418382 0.417506 0.498970 0.413210 0.254101 0.292616 0.325210 
0.352083 0.385623 0.389519 0.375875 0.384129 0.365349 0.348483 0.350311 0.412356 0.475395 
0.443177 0.388324 0.447487 0.540677 0.504802 0.468318 0.518267 0.520537 0.574793 0.528796 
0.095189 0.411471 0.835011 0.295411 0.083186 0.182287 0.364389 0.209754 0.103788 0.281674 
0.519195 0.505971 0.451307 0.403738 0.406995 0.445714 0.384727 0.331178 0.397910 0.389076 
0.323941 0.344928 0.388430 0.414896 0.466669 0.465999 0.389517 0.437598 0.499887 0.465223 
0.428505 0.424136 0.452527 0.585565 0.501822 0.441852 0.519167 0.629627 0.653877 0.657794 
0.041337 0.226183 0.545964 0.102712 0.017413 0.110669 0.164804 0.428628 0.078560 0.450363 
0.411195 0.535311 0.596348 0.431888 0.381982 0.366040 0.331092 0.416983 0.415588 0.372798 
0.373511 0.378181 0.476557 0.557298 0.514977 0.452767 0.437304 0.411492 0.454213 0.475559 
0.420236 0.445863 0.455725 0.565956 0.630370 0.643378 0.620237 0.676402 0.328411 0.338855 
0.137406 0.216020 0.463422 0.153527 0.136931 0.196608 0.230314 0.486610 0.259242 0.143274 
0.308200 0.501581 0.523570 0.443718 0.329815 0.391616 0.443979 0.567777 0.553674 0.599566 
0.557754 0.428039 0.491448 0.640548 0.569801 0.410325 0.526176 0.573613 0.548378 0.486041 
0.466166 0.528704 0.677398 0.743579 0.779447 0.630735 0.727861 0.256604 0.032002 0.239872 
0.387440 0.560882 0.651669 0.234878 0.184245 0.149118 0.337600 0.235467 0.213412 0.100008 
0.157858 0.403825 0.431142 0.593548 0.496603 0.491932 0.551542 0.557127 0.691938 0.687283 
0.653877 0.596695 0.474246 0.483723 0.470962 0.522177 0.580450 0.725717 0.693910 0.663266 
0.755205 0.816902 0.740414 0.655038 0.770383 0.717538 0.422307 0.034480 0.017973 0.173922 
0.391112 0.546914 0.614782 0.240349 0.086920 0.060541 0.279928 0.485518 0.302284 0.347634 
0.127664 0.297664 0.434732 0.714521 0.690904 0.709505 0.676311 0.531254 0.571800 0.641738 
0.708417 0.701772 0.594545 0.569065 0.672714 0.695330 0.651636 0.683177 0.737854 0.833946 
0.797640 0.483204 0.292617 0.062139 0.532917 0.866293 0.384466 0.037137 0.065364 0.142622 
0.253050 0.197577 0.308787 0.370827 0.253508 0.074299 0.272106 0.310234 0.461878 0.208698 
0.046874 0.113640 0.289198 0.522840 0.701995 0.750566 0.644500 0.419845 0.260159 0.452145 
0.722660 0.817480 0.773879 0.461259 0.429602 0.611284 0.681227 0.741799 0.830544 0.878756 
0.498703 0.170594 0.078964 0.130605 0.362999 0.620225 0.496095 0.257778 0.153634 0.251958 
0.312407 0.229787 0.549922 0.711402 0.452258 0.193768 0.208171 0.230587 0.541313 0.024828 
0.026448 0.184593 0.622701 0.810816 0.907099 0.783048 0.601187 0.094540 0.029494 0.472843 
0.885225 0.923899 0.786735 0.190289 0.056750 0.446536 0.721573 0.816777 0.677419 0.276533 
0.114329 0.108007 0.079530 0.086254 0.164246 0.260862 0.424590 0.879254 0.707127 0.269790 
0.171867 0.205087 0.309459 0.509067 0.598756 0.413769 0.353326 0.542598 0.342359 0.192246 
0.026112 0.276507 0.842138 0.889947 0.882932 0.765561 0.368349 0.030161 0.029334 0.593827 
0.898266 0.825299 0.345842 0.112342 0.061601 0.342626 0.583358 0.693627 0.426240 0.060976 
0.196313 0.095026 0.096275 0.125641 0.065348 0.082459 0.244226 0.728624 0.855854 0.737204 
0.360390 0.294083 0.652784 0.661729 0.582181 0.343419 0.261855 0.244631 0.109685 0.360874 
0.116303 0.605046 0.760223 0.459805 0.520478 0.676443 0.324786 0.011741 0.029380 0.450676 
0.317453 0.475176 0.251765 0.182579 0.066583 0.171913 0.537074 0.319797 0.081578 0.144980 
0.406468 0.150797 0.202231 0.239019 0.356175 0.312567 0.213529 0.433767 0.463795 0.611998 
0.326258 0.337996 0.569417 0.508176 0.405393 0.357282 0.202487 0.297022 0.089646 0.404895 
0.321321 0.679347 0.622873 0.192895 0.490086 0.377160 0.362495 0.039021 0.084145 0.314338 
0.135416 0.306214 0.183434 0.172038 0.206159 0.099233 0.404822 0.162414 0.038972 0.231327 
0.411499 0.320404 0.211782 0.248967 0.655644 0.451784 0.387388 0.398300 0.453064 0.650606 
0.362566 0.348111 0.177299 0.269084 0.502030 0.267632 0.144433 0.184512 0.481259 0.717155 
0.617358 0.893149 0.657606 0.390349 0.330191 0.108734 0.126608 0.251823 0.483118 0.143232 
0.015301 0.179755 0.271227 0.095834 0.232322 0.214934 0.147247 0.230938 0.486542 0.369486 
0.731948 0.384331 0.062995 0.243217 0.348738 0.483682 0.527066 0.707371 0.737708 0.621837 
0.201106 0.378215 0.501517 0.495010 0.384855 0.424311 0.176455 0.354318 0.554703 0.745755 
0.720425 0.732394 0.557786 0.268983 0.258747 0.177038 0.162861 0.349567 0.736437 0.080591 
0.061991 0.158841 0.226949 0.240297 0.110759 0.404944 0.153307 0.070970 0.580196 0.832130 
0.863431 0.471372 0.153411 0.372233 0.315385 0.366046 0.538191 0.657300 0.656553 0.701532 
0.185217 0.437837 0.774944 0.633944 0.312689 0.276395 0.295861 0.299404 0.350909 0.345586 
0.465934 0.179447 0.350755 0.473059 0.216478 0.177337 0.220117 0.529038 0.714366 0.452349 
0.255710 0.265942 0.096037 0.436278 0.204366 0.448923 0.437741 0.205726 0.328412 0.554887 
0.680980 0.574332 0.492599 0.140651 0.152590 0.199615 0.467428 0.842789 0.746800 0.649428 
0.350610 0.416810 0.455605 0.171087 0.285627 0.290382 0.480142 0.288490 0.157355 0.218215 
0.191538 0.246046 0.368154 0.508727 0.400863 0.391474 0.450010 0.308036 0.235425 0.604568 
0.732285 0.400161 0.431816 0.283857 0.668824 0.910291 0.517465 0.498576 0.211080 0.697749 
0.483344 0.595632 0.714231 0.138857 0.033349 0.094078 0.381654 0.720596 0.481907 0.196074 
0.339892 0.401490 0.218336 0.080989 0.275132 0.570451 0.686248 0.292733 0.263170 0.274817 
0.197510 0.322068 0.484687 0.528643 0.425928 0.290417 0.355131 0.368008 0.184935 0.340360 
0.642807 0.611725 0.630962 0.660743 0.568512 0.601649 0.627075 0.690228 0.281947 0.192293 
0.181065 0.606368 0.566084 0.245400 0.026778 0.071793 0.269551 0.449933 0.446362 0.167236 
0.357673 0.493724 0.296391 0.189146 0.153214 0.568750 0.747721 0.237832 0.094027 0.229918 
0.454983 0.579152 0.576263 0.583041 0.438088 0.248942 0.312068 0.514941 0.514619 0.356553 
0.440388 0.334562 0.524787 0.383727 0.228933 0.261717 0.614880 0.730423 0.280066 0.091381 
0.212760 0.452779 0.562200 0.454793 0.234096 0.364028 0.662045 0.872770 0.930054 0.455487 
0.579458 0.857484 0.813915 0.376107 0.234784 0.839414 0.904699 0.225533 0.037946 0.544583 
0.840441 0.819170 0.926496 0.943578 0.589586 0.177133 0.387889 0.599020 0.810934 0.623465 
0.645782 0.818318 0.806094 0.664698 0.803968 0.691291 0.921025 0.913842 0.917410 0.682585 
0.711115 0.894305 0.900529 0.864938 0.773974 0.838281 0.867286 0.901635 0.849684 0.533716 
0.568542 0.584913 0.487741 0.532395 0.508188 0.505253 0.521363 0.515931 0.513723 0.518354 
0.513431 0.533990 0.572273 0.597394 0.551795 0.547394 0.447803 0.486436 0.487408 0.521145 
0.522736 0.544741 0.542694 0.527874 0.535968 0.512470 0.518452 0.534487 0.507821 0.515230 
0.512302 0.528563 0.518964 0.486965 0.477860 0.480390 0.486923 0.503784 0.547701 0.499580 
0.552816 0.608425 0.529716 0.478668 0.350698 0.353041 0.386646 0.455633 0.343250 0.430112 
0.409679 0.378644 0.485371 0.489299 0.420715 0.449069 0.495211 0.422481 0.432362 0.434395 
0.453662 0.432832 0.412880 0.365256 0.428834 0.380817 0.451334 0.398587 0.396022 0.427316 
0.548387 0.457377 0.439943 0.412011 0.369828 0.327834 0.358216 0.444415 0.485840 0.365578 
0.686523 0.772892 0.756687 0.650015 0.635542 0.566471 0.675382 0.738471 0.658331 0.677222 
0.712348 0.695515 0.695411 0.710984 0.610770 0.656052 0.685620 0.736798 0.707124 0.678567 
0.701983 0.691363 0.625472 0.668442 0.718566 0.725523 0.706211 0.676336 0.751245 0.716270 
0.675358 0.740256 0.680279 0.745084 0.715644 0.713304 0.739146 0.770253 0.692521 0.477942 
0.626003 0.704093 0.670691 0.635563 0.438412 0.496290 0.625007 0.652724 0.610292 0.628818 
0.629175 0.694158 0.626495 0.616404 0.700217 0.607442 0.623080 0.699826 0.700008 0.721208 
0.669380 0.672056 0.681057 0.652218 0.641020 0.667902 0.639865 0.622066 0.697356 0.702665 
0.640525 0.655163 0.684336 0.653268 0.640076 0.714452 0.711800 0.709535 0.633980 0.499847 
0.587647 0.647679 0.568445 0.626256 0.508603 0.640193 0.599804 0.588608 0.604563 0.541302 
0.622539 0.682662 0.562558 0.577212 0.683890 0.629315 0.634175 0.578987 0.691247 0.585248 
0.586173 0.639947 0.621957 0.650405 0.630041 0.580845 0.600398 0.614873 0.595126 0.579837 
0.631230 0.595275 0.644153 0.566029 0.594588 0.629439 0.661099 0.691612 0.534787 0.479707 
0.625188 0.641084 0.549413 0.593895 0.680042 0.591734 0.558506 0.646690 0.647311 0.630964 
0.612028 0.546542 0.537313 0.583455 0.602229 0.650292 0.612165 0.649094 0.637261 0.569017 
0.619061 0.658386 0.611153 0.646834 0.651519 0.532812 0.558510 0.621551 0.629856 0.583710 
0.622500 0.624302 0.621100 0.611642 0.594327 0.590364 0.623614 0.689382 0.593809 0.488014 
0.601853 0.640938 0.611163 0.623984 0.592837 0.554053 0.623523 0.616501 0.585468 0.657798 
0.620865 0.572305 0.554792 0.643555 0.673356 0.643293 0.661701 0.659992 0.640386 0.667532 
0.667002 0.613560 0.625902 0.606493 0.571549 0.632340 0.621823 0.616204 0.626421 0.650905 
0.605393 0.637808 0.616569 0.616739 0.602112 0.641267 0.630585 0.602826 0.608163 0.468340 
0.606762 0.606142 0.559119 0.586791 0.619824 0.569807 0.620333 0.621679 0.538782 0.599089 
0.648766 0.546697 0.619024 0.616662 0.631238 0.616580 0.616832 0.670888 0.597818 0.595075 
0.691376 0.638730 0.579422 0.622873 0.603018 0.632461 0.601708 0.653978 0.590911 0.622966 
0.623004 0.631949 0.598255 0.635332 0.616723 0.635968 0.614721 0.627611 0.551645 0.501011 
0.609666 0.557385 0.610817 0.606034 0.596921 0.587465 0.618282 0.630436 0.616414 0.585614 
0.597221 0.626497 0.582854 0.598686 0.634724 0.611131 0.612865 0.655488 0.646703 0.550445 
0.615158 0.594077 0.597967 0.591797 0.661879 0.630179 0.646833 0.600385 0.629934 0.575500 
0.656388 0.592857 0.541236 0.600650 0.590667 0.571566 0.580652 0.682933 0.562416 0.468773 
0.624042 0.587419 0.648314 0.681768 0.523836 0.562236 0.618387 0.611229 0.607967 0.620490 
0.604660 0.665187 0.673527 0.657088 0.687404 0.639441 0.645798 0.619520 0.569968 0.638357 
0.668291 0.628985 0.649901 0.649969 0.637573 0.626154 0.629133 0.638847 0.618166 0.586844 
0.611715 0.590756 0.596925 0.637089 0.585311 0.567410 0.661800 0.701580 0.585731 0.449411 
0.631574 0.638766 0.665255 0.662699 0.529792 0.577330 0.597731 0.612244 0.585162 0.565280 
0.587302 0.603125 0.680944 0.638688 0.687296 0.663363 0.663710 0.668057 0.575807 0.628522 
0.667658 0.676166 0.607293 0.671277 0.628027 0.614706 0.586080 0.615624 0.546767 0.585850 
0.580211 0.611336 0.619771 0.671232 0.604096 0.611442 0.646658 0.653462 0.591917 0.481989 
0.577089 0.661081 0.595262 0.641595 0.567277 0.616184 0.578967 0.584306 0.652881 0.669038 
0.613627 0.613254 0.625158 0.636470 0.633828 0.643161 0.681444 0.683611 0.632669 0.625402 
0.637880 0.613568 0.646079 0.604069 0.592470 0.556740 0.589468 0.644323 0.640512 0.550804 
0.551562 0.610053 0.617966 0.647398 0.586978 0.614242 0.622773 0.587013 0.584251 0.500784 
0.578839 0.664521 0.658544 0.573437 0.599742 0.648842 0.573232 0.617216 0.675445 0.634070 
0.569682 0.644730 0.597586 0.609758 0.321088 0.113306 0.621709 0.763620 0.642540 0.552916 
0.636178 0.614116 0.648027 0.593685 0.630538 0.598248 0.574234 0.678632 0.697336 0.600474 
0.573725 0.586599 0.578804 0.584111 0.603301 0.639912 0.688566 0.574271 0.591131 0.518072 
0.571508 0.641028 0.589416 0.645137 0.529568 0.606542 0.560718 0.496514 0.620630 0.659019 
0.626696 0.652383 0.703572 0.647178 0.157921 0.277335 0.168076 0.662744 0.770498 0.613172 
0.589812 0.538532 0.608042 0.571485 0.671773 0.683200 0.555468 0.642078 0.600772 0.639398 
0.643058 0.595343 0.616408 0.592980 0.606204 0.676744 0.662813 0.586180 0.565225 0.500082 
0.612228 0.630881 0.575022 0.628721 0.511387 0.536646 0.598843 0.517521 0.535782 0.655841 
0.625167 0.602955 0.655888 0.506687 0.571044 0.815282 0.351577 0.603694 0.788065 0.672786 
0.589753 0.608541 0.625944 0.646147 0.610245 0.620397 0.649530 0.625849 0.604826 0.603644 
0.583203 0.592019 0.626810 0.578681 0.616278 0.617601 0.655781 0.590922 0.513581 0.487871 
0.536386 0.685260 0.617029 0.585111 0.578939 0.603162 0.713141 0.684759 0.595129 0.621093 
0.643812 0.666944 0.579263 0.532135 0.757607 0.899217 0.734276 0.567801 0.586922 0.650396 
0.628231 0.668293 0.629494 0.644792 0.645539 0.664499 0.632492 0.545941 0.600577 0.604494 
0.633923 0.554396 0.636809 0.653337 0.639941 0.593521 0.644561 0.566958 0.524666 0.525657 
0.577377 0.610473 0.618432 0.611395 0.586337 0.624915 0.670003 0.554580 0.596912 0.636675 
0.618148 0.692223 0.619204 0.548723 0.641529 0.607282 0.539241 0.553021 0.573927 0.647369 
0.627127 0.583711 0.664971 0.607272 0.694383 0.642283 0.654905 0.627683 0.534575 0.629786 
0.638678 0.606889 0.633093 0.664313 0.584965 0.575329 0.585347 0.592347 0.603681 0.478945 
0.614207 0.696849 0.613316 0.568459 0.599764 0.602937 0.672217 0.561680 0.590458 0.598949 
0.624759 0.630597 0.631340 0.661704 0.672478 0.618385 0.610961 0.598109 0.650564 0.637908 
0.625972 0.578371 0.640884 0.626289 0.651321 0.637873 0.628035 0.592031 0.625995 0.600608 
0.602015 0.642076 0.613019 0.620632 0.632423 0.616329 0.612538 0.653925 0.571817 0.470784 
0.608000 0.691335 0.614142 0.591965 0.580198 0.644019 0.718579 0.686874 0.664438 0.623395 
0.595375 0.609378 0.597959 0.683776 0.666993 0.655207 0.625193 0.618284 0.523098 0.581120 
0.664791 0.637968 0.673592 0.602783 0.601415 0.590640 0.649549 0.645222 0.623822 0.523696 
0.555489 0.595174 0.634122 0.629385 0.644688 0.650663 0.669432 0.686485 0.574827 0.535590 
0.585097 0.620396 0.563673 0.634795 0.656451 0.662726 0.698640 0.779532 0.773825 0.698125 
0.589693 0.594352 0.608740 0.608543 0.661792 0.644000 0.594920 0.630396 0.631545 0.625649 
0.581324 0.627512 0.635875 0.620802 0.650281 0.592669 0.641901 0.687010 0.611104 0.608283 
0.593598 0.563290 0.665188 0.634117 0.605705 0.676089 0.627817 0.741337 0.594861 0.535574 
0.580529 0.638134 0.610094 0.619245 0.547997 0.493369 0.347795 0.472426 0.693238 0.724268 
0.626560 0.580107 0.597596 0.574379 0.609192 0.616523 0.584401 0.693834 0.613579 0.587998 
0.629259 0.613410 0.599400 0.607963 0.627325 0.607511 0.595057 0.634853 0.683108 0.706628 
0.699784 0.540845 0.612895 0.673260 0.575908 0.570107 0.611701 0.673921 0.596922 0.468552 
0.280856 0.271530 0.627920 0.580150 0.314106 0.156363 0.196880 0.130295 0.285421 0.722434 
0.708692 0.562912 0.629455 0.608579 0.648965 0.620594 0.621602 0.592255 0.598389 0.595963 
0.647650 0.632944 0.626125 0.595748 0.639676 0.618639 0.642166 0.620499 0.657883 0.667190 
0.564258 0.586733 0.575215 0.625717 0.614806 0.606357 0.551987 0.516843 0.506377 0.419813 
0.317080 0.177249 0.592715 0.283950 0.152162 0.512185 0.863500 0.446612 0.181191 0.605304 
0.834626 0.698115 0.642683 0.633020 0.664918 0.587763 0.578564 0.673042 0.670445 0.577446 
0.587849 0.620056 0.611217 0.630126 0.625387 0.653243 0.703981 0.656420 0.600497 0.574132 
0.620106 0.659948 0.629424 0.615098 0.666350 0.613161 0.566435 0.555457 0.528262 0.490170 
0.731238 0.348043 0.268682 0.205087 0.522547 0.857362 0.943060 0.849689 0.344833 0.365579 
0.722037 0.743672 0.658191 0.619112 0.597717 0.603192 0.632938 0.675680 0.667017 0.699146 
0.651710 0.610083 0.630253 0.638206 0.604608 0.576752 0.620024 0.573723 0.594478 0.641167 
0.617182 0.611544 0.642801 0.628638 0.671200 0.622548 0.585608 0.640453 0.420875 0.295284 
0.635986 0.500117 0.505958 0.313823 0.689901 0.726047 0.779620 0.594762 0.352094 0.093030 
0.256151 0.788651 0.732209 0.620254 0.574178 0.570873 0.659607 0.628274 0.615924 0.701998 
0.625161 0.623246 0.626785 0.619755 0.597278 0.587721 0.598185 0.623626 0.595209 0.612155 
0.661264 0.682782 0.708751 0.692473 0.647604 0.663181 0.658750 0.647022 0.318224 0.167555 
0.634655 0.675005 0.628657 0.493764 0.650456 0.388055 0.485513 0.577592 0.529002 0.269093 
0.206503 0.777745 0.818093 0.611507 0.574291 0.605346 0.583814 0.552059 0.554284 0.503750 
0.416666 0.423010 0.483000 0.491394 0.497387 0.580298 0.590064 0.608345 0.607825 0.608385 
0.577364 0.650725 0.635521 0.610317 0.603090 0.753390 0.702113 0.337140 0.133062 0.423450 
0.592040 0.559131 0.584576 0.654639 0.540673 0.293807 0.495415 0.742536 0.496905 0.351518 
0.224313 0.709264 0.878220 0.619228 0.584506 0.559879 0.480806 0.515908 0.525439 0.508222 
0.406202 0.445117 0.524377 0.522395 0.578531 0.541591 0.524169 0.512521 0.578330 0.519441 
0.421510 0.414713 0.337795 0.190597 0.519176 0.692470 0.393973 0.170394 0.555271 0.795389 
0.741918 0.523869 0.706925 0.598276 0.597140 0.723489 0.754119 0.809270 0.673774 0.499762 
0.165302 0.481322 0.879851 0.642348 0.537812 0.528192 0.445090 0.662474 0.533806 0.616859 
0.668523 0.573749 0.527393 0.624301 0.569657 0.511184 0.550380 0.522082 0.490082 0.534778 
0.455132 0.446377 0.102518 0.199994 0.354052 0.471022 0.359753 0.240674 0.728641 0.786453 
0.805326 0.657132 0.467890 0.349109 0.710908 0.608027 0.634018 0.595345 0.790610 0.256490 
0.259425 0.580900 0.876854 0.728562 0.690675 0.656669 0.616332 0.412600 0.092241 0.460182 
0.793141 0.632624 0.526182 0.428333 0.392015 0.502950 0.627194 0.624800 0.552568 0.634860 
0.525979 0.149517 0.064610 0.781943 0.512750 0.534204 0.729337 0.493472 0.471808 0.549545 
0.568903 0.528598 0.480743 0.458712 0.748162 0.666112 0.563594 0.506235 0.331662 0.520032 
0.260139 0.392912 0.817711 0.735434 0.622175 0.666651 0.683052 0.237768 0.102828 0.346958 
0.724624 0.743977 0.639094 0.281146 0.164265 0.461737 0.760523 0.732335 0.541779 0.269006 
0.370611 0.143896 0.478865 0.906559 0.585561 0.494963 0.633142 0.786309 0.724780 0.351456 
0.670646 0.614826 0.732046 0.700959 0.412473 0.623240 0.572902 0.532338 0.662626 0.609161 
0.632339 0.306518 0.576399 0.453877 0.549137 0.675088 0.486414 0.186890 0.563456 0.255770 
0.522865 0.592739 0.327599 0.247368 0.701010 0.442822 0.699628 0.723482 0.319506 0.491147 
0.447684 0.252991 0.888023 0.891403 0.831255 0.633414 0.283493 0.806068 0.863647 0.544703 
0.730950 0.645009 0.756202 0.760877 0.553193 0.554411 0.611115 0.497029 0.741095 0.900445 
0.624334 0.309429 0.498897 0.377612 0.418397 0.479300 0.286842 0.356655 0.839282 0.632183 
0.654896 0.520041 0.332715 0.756637 0.792772 0.274309 0.393426 0.340645 0.258646 0.613956 
0.529244 0.659519 0.804567 0.866808 0.949362 0.703835 0.417997 0.715374 0.871286 0.723772 
0.765007 0.620230 0.596428 0.756618 0.701579 0.575261 0.475831 0.752472 0.678126 0.794072 
0.574531 0.406457 0.449424 0.597162 0.652856 0.517385 0.416809 0.491760 0.855090 0.555426 
0.461893 0.285544 0.663813 0.754334 0.767543 0.463670 0.202251 0.571286 0.524879 0.603641 
0.813622 0.715567 0.405812 0.547087 0.765650 0.714167 0.546727 0.825390 0.832090 0.708933 
0.773584 0.751156 0.670082 0.801204 0.826544 0.660389 0.557311 0.692989 0.809133 0.756374 
0.547735 0.500706 0.278853 0.344129 0.446392 0.703285 0.619634 0.574203 0.719154 0.709343 
0.607604 0.288646 0.607095 0.616932 0.817348 0.726863 0.431202 0.807103 0.854971 0.623534 
0.710403 0.732681 0.605946 0.353024 0.412207 0.670348 0.646769 0.671549 0.699323 0.552566 
0.728907 0.748823 0.829994 0.806908 0.816735 0.737335 0.671192 0.741436 0.747794 0.720209 
0.598667 0.698371 0.761172 0.769029 0.602806 0.616901 0.663492 0.712295 0.709218 0.852010 
0.618468 0.617204 0.767782 0.839221 0.738710 0.837673 0.580639 0.750675 0.893384 0.796525 
0.566868 0.682061 0.782583 0.622785 0.504561 0.533087 0.667869 0.718949 0.649896 0.651096 
0.800123 0.556400 0.709781 0.696023 0.675509 0.665352 0.847172 0.789482 0.648097 0.576994 
0.707063 0.729365 0.782237 0.869483 0.717923 0.659508 0.537263 0.686637 0.635401 0.729140 
0.655818 0.710562 0.555934 0.550215 0.438204 0.812128 0.582807 0.414763 0.347476 0.653588 
0.632911 0.625410 0.761533 0.694218 0.639739 0.665615 0.815380 0.815798 0.805069 0.342097 
0.819012 0.527554 0.406429 0.424635 0.644273 0.740846 0.872038 0.717779 0.665158 0.535550 
0.703550 0.814233 0.806855 0.871902 0.728841 0.837445 0.872424 0.643862 0.489884 0.641703 
0.760241 0.748712 0.650170 0.807854 0.680970 0.670681 0.413367 0.449384 0.449182 0.631390 
0.316696 0.467952 0.818448 0.634478 0.401776 0.479696 0.587845 0.721560 0.816627 0.377261 
0.784931 0.602763 0.501205 0.719153 0.653705 0.742609 0.755309 0.633427 0.598530 0.731505 
0.616426 0.813500 0.856074 0.724459 0.851597 0.867095 0.841959 0.922822 0.869085 0.773887 
0.689864 0.666299 0.644195 0.717031 0.463492 0.312524 0.713725 0.844777 0.648637 0.300458 
0.431855 0.584028 0.700909 0.632283 0.725997 0.460494 0.549027 0.714145 0.721738 0.406234 
0.869074 0.767576 0.593317 0.713023 0.435025 0.868098 0.876998 0.668229 0.287967 0.806410 
0.814093 0.741542 0.733019 0.667619 0.681762 0.552636 0.561777 0.734554 0.627609 0.630639 
0.797321 0.711046 0.595123 0.542835 0.514171 0.368636 0.804927 0.743692 0.717023 0.454594 
0.509978 0.504590 0.492193 0.803150 0.715108 0.545525 0.502013 0.517312 0.466530 0.419281 
0.582880 0.527768 0.659276 0.495919 0.480835 0.710990 0.714543 0.333677 0.177791 0.460803 
0.610531 0.436864 0.273216 0.306010 0.323013 0.427988 0.414044 0.391214 0.393198 0.422826 
0.458977 0.575222 0.582302 0.647726 0.628507 0.504549 0.556110 0.498640 0.409691 0.475358 
0.473884 0.359167 0.327465 0.574614 0.628066 0.622040 0.622791 0.625129 0.621078 0.512009 
0.738769 0.400655 0.435763 0.527721 0.480088 0.388265 0.394365 0.449517 0.449114 0.440233 
0.405948 0.347708 0.242907 0.270133 0.385525 0.372367 0.406926 0.391778 0.442602 0.464489 
0.404768 0.379435 0.377680 0.399382 0.351356 0.325268 0.327172 0.351346 0.280759 0.261073 
0.351757 0.365787 0.409170 0.414275 0.410091 0.365033 0.350676 0.246672 0.166417 0.097386 
0.402968 0.349609 0.436316 0.376294 0.276594 0.225835 0.256614 0.306005 0.319980 0.348469 
0.291815 0.197082 0.154992 0.194747 0.243176 0.186505 0.262481 0.247914 0.322653 0.364918 
0.335730 0.298323 0.280496 0.292386 0.260076 0.240307 0.230182 0.231083 0.188213 0.186800 
0.221516 0.256927 0.301448 0.283645 0.286770 0.287201 0.285699 0.139789 0.095801 0.126189 
0.223039 0.317353 0.431954 0.220344 0.137172 0.150739 0.204459 0.194258 0.211667 0.239163 
0.212698 0.134993 0.116052 0.186369 0.175585 0.127449 0.191967 0.211565 0.222266 0.255540 
0.260939 0.238517 0.215907 0.207128 0.165803 0.173167 0.175514 0.145469 0.133490 0.147717 
0.164033 0.186751 0.183178 0.158063 0.156092 0.184697 0.174186 0.086310 0.089184 0.169440 
0.221355 0.285930 0.412313 0.179935 0.265136 0.370713 0.300500 0.304577 0.316743 0.293665 
0.252411 0.160739 0.154235 0.336290 0.250404 0.187975 0.200345 0.229768 0.240541 0.281232 
0.322600 0.349719 0.306524 0.321500 0.279633 0.245840 0.215187 0.187857 0.224164 0.240524 
0.237764 0.254898 0.226431 0.213607 0.224238 0.259234 0.231935 0.126023 0.163406 0.222412 
0.221630 0.238144 0.357230 0.315615 0.326181 0.305026 0.270790 0.327722 0.283977 0.266139 
0.287333 0.172723 0.192106 0.306051 0.235825 0.242319 0.196365 0.188940 0.232561 0.256689 
0.351724 0.376615 0.317603 0.304845 0.273133 0.232894 0.237149 0.242814 0.248434 0.284960 
0.270155 0.243380 0.224756 0.232823 0.268301 0.249932 0.227054 0.136190 0.180790 0.226304 
0.223868 0.256495 0.449720 0.448125 0.246746 0.232097 0.325505 0.358896 0.236531 0.252554 
0.226599 0.162324 0.272716 0.317155 0.234806 0.262586 0.201375 0.183517 0.202881 0.234771 
0.349890 0.376489 0.335210 0.281356 0.204829 0.234012 0.279566 0.282211 0.239393 0.243391 
0.274042 0.250300 0.241417 0.255450 0.271423 0.250711 0.223823 0.141737 0.167474 0.218737 
0.259148 0.276985 0.410870 0.427581 0.348094 0.336561 0.314239 0.274858 0.295648 0.227610 
0.143686 0.163367 0.333376 0.344658 0.299229 0.272642 0.229950 0.222674 0.216703 0.250986 
0.296784 0.304482 0.305512 0.241957 0.227721 0.275239 0.271488 0.262819 0.235523 0.204840 
0.234454 0.248121 0.267288 0.293725 0.319042 0.264485 0.217677 0.140386 0.174147 0.221134 
0.257952 0.273357 0.379551 0.376708 0.295872 0.283421 0.293260 0.277329 0.350234 0.258011 
0.185568 0.221152 0.271328 0.228314 0.292227 0.293214 0.308262 0.267391 0.240247 0.247686 
0.224422 0.210260 0.224608 0.255338 0.291826 0.291745 0.265185 0.269843 0.282014 0.258378 
0.240135 0.263221 0.252847 0.292179 0.287612 0.251965 0.245819 0.172532 0.185282 0.203020 
0.240856 0.275592 0.401854 0.268872 0.222276 0.240285 0.289224 0.279092 0.344585 0.300173 
0.259401 0.288683 0.230746 0.227078 0.257766 0.274339 0.339919 0.285047 0.236525 0.242481 
0.202991 0.167361 0.187417 0.264386 0.356107 0.319694 0.254245 0.234298 0.297462 0.265519 
0.257611 0.258950 0.271100 0.283833 0.232210 0.223217 0.270249 0.190230 0.180578 0.196595 
0.230758 0.291281 0.426819 0.274188 0.253723 0.314251 0.292452 0.273495 0.244789 0.209907 
0.281175 0.311402 0.258491 0.243490 0.245085 0.235570 0.245969 0.214445 0.226624 0.300064 
0.262717 0.197194 0.201695 0.299421 0.357799 0.275458 0.215252 0.229657 0.255513 0.248455 
0.258840 0.263887 0.268626 0.223031 0.226816 0.259891 0.285761 0.155703 0.176376 0.200620 
0.264783 0.286449 0.377621 0.290393 0.289932 0.322376 0.297427 0.267545 0.272070 0.235665 
0.343665 0.328809 0.295861 0.246080 0.241649 0.121133 0.070001 0.111741 0.202017 0.348893 
0.369234 0.295349 0.280558 0.315490 0.258054 0.216987 0.225054 0.269606 0.247289 0.222462 
0.235732 0.265720 0.262540 0.246496 0.252934 0.311409 0.250316 0.155541 0.199380 0.243452 
0.318357 0.295026 0.371172 0.285165 0.282941 0.241037 0.218084 0.237837 0.346121 0.338699 
0.317347 0.333610 0.345053 0.358681 0.320148 0.164999 0.039149 0.052170 0.160259 0.269577 
0.350210 0.333089 0.293491 0.275535 0.213919 0.210478 0.274538 0.288147 0.192757 0.196115 
0.223571 0.265469 0.283414 0.270820 0.270249 0.284193 0.199363 0.122045 0.205181 0.251661 
0.281870 0.308374 0.401831 0.321977 0.352117 0.260241 0.191170 0.236125 0.297118 0.281794 
0.263624 0.356724 0.279381 0.443889 0.732663 0.285539 0.075385 0.052136 0.188315 0.257274 
0.281578 0.284931 0.274687 0.269409 0.240868 0.226697 0.258547 0.244578 0.174760 0.193333 
0.226896 0.243710 0.280228 0.262901 0.244994 0.252957 0.180633 0.096668 0.189502 0.236654 
0.266703 0.300677 0.461676 0.385311 0.390745 0.352817 0.236498 0.208050 0.216544 0.204722 
0.266446 0.267246 0.233368 0.383892 0.585104 0.032033 0.124591 0.099112 0.193380 0.262194 
0.247616 0.289875 0.291484 0.246174 0.238883 0.252288 0.247576 0.222919 0.215325 0.238153 
0.228564 0.201050 0.236641 0.238039 0.254614 0.268375 0.168735 0.094221 0.178250 0.241667 
0.258698 0.314398 0.522132 0.445414 0.376232 0.398488 0.248141 0.151434 0.178822 0.199228 
0.251451 0.216490 0.200855 0.364031 0.131562 0.026284 0.191484 0.167209 0.254795 0.310295 
0.302745 0.301097 0.282259 0.265880 0.210653 0.228153 0.213556 0.258467 0.260914 0.287035 
0.204096 0.199441 0.236623 0.254546 0.274806 0.260784 0.174000 0.108327 0.186789 0.262461 
0.312792 0.356646 0.478360 0.356518 0.321778 0.363294 0.263324 0.159718 0.219843 0.287106 
0.266936 0.231051 0.277010 0.478641 0.332079 0.158310 0.554473 0.124757 0.170990 0.321356 
0.275448 0.295726 0.259680 0.219636 0.231058 0.235946 0.211815 0.211014 0.223150 0.307171 
0.280897 0.259683 0.282631 0.256144 0.267666 0.233731 0.200538 0.184590 0.249079 0.200150 
0.297523 0.302126 0.424541 0.315188 0.346255 0.411625 0.263018 0.202531 0.283188 0.299532 
0.286544 0.279287 0.270884 0.378124 0.416660 0.347556 0.257936 0.200697 0.247692 0.311344 
0.288450 0.256739 0.236098 0.237843 0.244172 0.242509 0.213450 0.166683 0.187103 0.285893 
0.347425 0.372909 0.324352 0.273799 0.244515 0.238086 0.251655 0.224731 0.215501 0.166217 
0.274886 0.258703 0.400168 0.327674 0.319685 0.421870 0.397618 0.299393 0.237707 0.175839 
0.226543 0.301813 0.308394 0.310672 0.311708 0.312987 0.250043 0.193700 0.232574 0.360815 
0.292895 0.235344 0.212937 0.245343 0.270932 0.279432 0.238939 0.231516 0.220269 0.251495 
0.301255 0.344087 0.296403 0.273296 0.265959 0.223882 0.246176 0.192231 0.180777 0.184561 
0.275894 0.282984 0.419324 0.336072 0.290598 0.431050 0.466677 0.329590 0.206046 0.191084 
0.235775 0.279476 0.277588 0.289088 0.317591 0.289763 0.247008 0.267286 0.279158 0.313210 
0.288576 0.262693 0.232978 0.234398 0.283296 0.287566 0.319762 0.318971 0.272202 0.252187 
0.235010 0.284838 0.286095 0.275938 0.242327 0.226194 0.271843 0.188749 0.209202 0.213210 
0.236907 0.234583 0.454140 0.360630 0.303927 0.322837 0.351691 0.261610 0.186296 0.238264 
0.293065 0.261521 0.226434 0.252965 0.301973 0.263171 0.247660 0.237132 0.242469 0.275633 
0.300284 0.315088 0.256152 0.248358 0.275733 0.281774 0.314600 0.321791 0.297578 0.266103 
0.247611 0.268954 0.300936 0.279123 0.260081 0.277019 0.335852 0.226832 0.205486 0.204995 
0.259176 0.160737 0.345473 0.295593 0.227657 0.258982 0.247492 0.139178 0.134269 0.209097 
0.234532 0.228898 0.265131 0.290694 0.306598 0.225306 0.217768 0.219808 0.248418 0.261070 
0.294308 0.325296 0.291670 0.282088 0.285777 0.267243 0.288200 0.296729 0.251630 0.270735 
0.280827 0.324846 0.405296 0.356870 0.303503 0.334849 0.353113 0.243210 0.244399 0.175574 
0.221493 0.182508 0.273358 0.273546 0.457907 0.677876 0.118419 0.010562 0.053089 0.183978 
0.229146 0.230377 0.291628 0.280411 0.289062 0.223975 0.233347 0.271458 0.278968 0.290905 
0.310590 0.277531 0.303636 0.290311 0.269668 0.252229 0.273571 0.264031 0.257587 0.292079 
0.340114 0.402281 0.437882 0.377216 0.285728 0.301934 0.400963 0.335213 0.261239 0.123251 
0.065096 0.072381 0.144331 0.360585 0.727199 0.423502 0.011092 0.006843 0.030868 0.193864 
0.157467 0.236596 0.272504 0.244845 0.269076 0.258239 0.273894 0.322774 0.305477 0.306594 
0.287841 0.263388 0.326730 0.316210 0.294562 0.277003 0.251669 0.261839 0.310557 0.335325 
0.367996 0.383663 0.360137 0.312232 0.305718 0.343987 0.372341 0.249186 0.232578 0.172285 
0.022114 0.080314 0.147443 0.245261 0.490733 0.109364 0.012698 0.012970 0.062684 0.388544 
0.163396 0.241910 0.253883 0.213629 0.233109 0.297257 0.357487 0.359869 0.335683 0.329411 
0.316422 0.355547 0.390626 0.350093 0.340291 0.297241 0.286279 0.294925 0.304367 0.331382 
0.388123 0.364896 0.332283 0.291399 0.342436 0.375245 0.276247 0.172342 0.151836 0.154237 
0.097409 0.716702 0.254842 0.123257 0.115471 0.056293 0.085810 0.063470 0.155589 0.100091 
0.112993 0.231100 0.297990 0.241094 0.263535 0.361745 0.396051 0.364320 0.397307 0.426773 
0.396299 0.446251 0.393157 0.309997 0.303634 0.310586 0.275914 0.271937 0.286589 0.332362 
0.383111 0.340339 0.270466 0.352586 0.510171 0.341762 0.104859 0.060266 0.167224 0.331784 
0.568303 0.519826 0.259820 0.136529 0.100085 0.124513 0.154166 0.098838 0.024204 0.009195 
0.039719 0.357563 0.319916 0.338345 0.368159 0.381692 0.370815 0.436524 0.571805 0.573910 
0.391989 0.317932 0.293085 0.275432 0.314000 0.287306 0.301144 0.356671 0.336251 0.244209 
0.314174 0.414968 0.342412 0.284316 0.270329 0.102886 0.029304 0.097976 0.543301 0.535152 
0.361205 0.166578 0.242021 0.304476 0.344001 0.265021 0.126594 0.057899 0.015553 0.008060 
0.049840 0.467557 0.408309 0.423751 0.382109 0.376959 0.332492 0.464193 0.512392 0.456730 
0.326241 0.213190 0.235846 0.249089 0.272848 0.296717 0.408362 0.417420 0.307257 0.272282 
0.235073 0.482819 0.417225 0.270562 0.063478 0.026438 0.019968 0.320339 0.699189 0.414367 
0.150902 0.066156 0.201725 0.382317 0.469483 0.253995 0.176252 0.049736 0.022398 0.008150 
0.042970 0.691516 0.424876 0.485908 0.451286 0.327921 0.132944 0.294576 0.206039 0.212736 
0.211456 0.218477 0.257347 0.306301 0.207522 0.173567 0.303570 0.411604 0.307519 0.209905 
0.085935 0.234533 0.615478 0.180505 0.065855 0.077550 0.072042 0.430191 0.470994 0.557802 
0.136286 0.089824 0.342452 0.695272 0.402544 0.078654 0.202638 0.225056 0.144596 0.020674 
0.173120 0.664897 0.246705 0.375938 0.391974 0.174494 0.067447 0.183659 0.124955 0.291514 
0.218988 0.297276 0.272775 0.219111 0.183085 0.154239 0.221950 0.180041 0.119537 0.031659 
0.026019 0.239663 0.850933 0.437593 0.395391 0.421296 0.079148 0.067891 0.347502 0.127417 
0.214180 0.286953 0.351426 0.309851 0.308651 0.257767 0.292166 0.498989 0.140195 0.065153 
0.144482 0.695073 0.140149 0.228853 0.216372 0.058770 0.023448 0.059082 0.259875 0.511195 
0.279345 0.257280 0.071374 0.133488 0.081087 0.220695 0.159895 0.095748 0.038446 0.026244 
0.058323 0.580609 0.826829 0.262431 0.257238 0.011121 0.585577 0.355014 0.444156 0.159148 
0.234649 0.240657 0.248629 0.093152 0.126308 0.428123 0.502872 0.530381 0.508692 0.093134 
0.101090 0.619046 0.147046 0.138100 0.131566 0.012243 0.005054 0.195653 0.622296 0.505011 
0.064290 0.139004 0.092397 0.318334 0.107431 0.032343 0.076473 0.028066 0.054523 0.246192 
0.338935 0.517434 0.770121 0.520853 0.071939 0.019459 0.171554 0.283873 0.435373 0.237776 
0.242601 0.268185 0.351528 0.111786 0.131442 0.461430 0.509780 0.367952 0.394953 0.199506 
0.179880 0.365018 0.088877 0.082821 0.123175 0.027278 0.014305 0.422820 0.569273 0.173838 
0.052401 0.308464 0.693170 0.322199 0.033839 0.014978 0.055886 0.019307 0.358326 0.313555 
0.364036 0.149193 0.475639 0.577284 0.122157 0.054431 0.224082 0.231737 0.517667 0.372727 
0.197729 0.155205 0.385779 0.328080 0.128572 0.184127 0.443795 0.507646 0.187344 0.447511 
0.487965 0.556386 0.222076 0.336124 0.337918 0.081369 0.017594 0.115176 0.097131 0.099069 
0.056839 0.571415 0.593147 0.187448 0.111906 0.063438 0.158760 0.083112 0.300076 0.720630 
0.573793 0.205044 0.163196 0.223473 0.304695 0.228246 0.427983 0.415539 0.442759 0.314857 
0.145968 0.150145 0.323954 0.336856 0.078656 0.066496 0.295249 0.656606 0.449848 0.457702 
0.528596 0.748797 0.537968 0.473054 0.405321 0.089938 0.110739 0.656400 0.494891 0.147302 
0.054262 0.467250 0.532335 0.327515 0.212580 0.219273 0.332657 0.402347 0.378090 0.276610 
0.191827 0.376701 0.207880 0.103278 0.222027 0.287112 0.360000 0.553345 0.390690 0.187560 
0.187171 0.350827 0.283218 0.116392 0.045889 0.085353 0.355966 0.228734 0.285317 0.272672 
0.358494 0.454966 0.444197 0.246028 0.253127 0.299835 0.591061 0.753009 0.559646 0.172069 
0.189393 0.386029 0.354485 0.217640 0.298856 0.406678 0.145009 0.223068 0.475715 0.127501 
0.236201 0.550791 0.728403 0.352302 0.123089 0.199090 0.415531 0.459176 0.206388 0.141254 
0.178174 0.351827 0.318141 0.160239 0.089495 0.251966 0.188962 0.087764 0.131061 0.128715 
0.246314 0.371024 0.404963 0.149403 0.403918 0.663905 0.422749 0.246557 0.365731 0.779616 
0.539133 0.349640 0.293303 0.621575 0.515952 0.348347 0.086805 0.162573 0.267584 0.122065 
0.123965 0.605374 0.621341 0.305052 0.130520 0.478785 0.539180 0.164342 0.083919 0.208322 
0.139974 0.122819 0.341428 0.223046 0.379161 0.424722 0.174958 0.100570 0.116706 0.063002 
0.166616 0.395271 0.324625 0.198885 0.534347 0.506009 0.480957 0.225980 0.412158 0.661250 
0.403858 0.324157 0.321069 0.425863 0.381678 0.441607 0.651444 0.153856 0.081851 0.031537 
0.083061 0.480729 0.726909 0.658015 0.287886 0.483009 0.427666 0.188236 0.082892 0.279356 
0.139068 0.108175 0.330486 0.171461 0.441566 0.558775 0.198844 0.130303 0.395813 0.214883 
0.089408 0.286715 0.316232 0.458208 0.463345 0.273062 0.510502 0.320222 0.154283 0.259671 
0.421013 0.319336 0.341204 0.231584 0.336934 0.822282 0.828826 0.224630 0.051346 0.069687 
0.300746 0.484107 0.862154 0.933617 0.394459 0.361055 0.527844 0.218150 0.160364 0.177275 
0.192123 0.082851 0.198665 0.264213 0.595549 0.393609 0.105001 0.049109 0.261969 0.640087 
0.146345 0.267159 0.510727 0.608651 0.408101 0.420160 0.258950 0.169588 0.111900 0.319192 
0.508527 0.440933 0.711617 0.793831 0.702362 0.933506 0.699809 0.280490 0.108150 0.104498 
0.207313 0.459218 0.785592 0.815292 0.324031 0.451087 0.724213 0.682337 0.432483 0.158497 
0.140995 0.117805 0.119759 0.250188 0.309942 0.185291 0.073572 0.078803 0.732802 0.747176 
0.183621 0.500910 0.677105 0.474969 0.533612 0.528608 0.067211 0.057136 0.143378 0.278150 
0.391575 0.446108 0.724600 0.793136 0.822427 0.770089 0.471382 0.360301 0.335459 0.190449 
0.173405 0.268580 0.277003 0.228918 0.315411 0.248920 0.265455 0.300339 0.207340 0.193177 
0.835732 0.844886 0.853382 0.891086 0.857821 0.860738 0.855930 0.899212 0.881560 0.883152 
0.869082 0.845706 0.834016 0.869791 0.909266 0.817216 0.866864 0.856913 0.834961 0.884208 
0.871289 0.890811 0.894580 0.872771 0.879554 0.879640 0.902458 0.890643 0.835698 0.840694 
0.918395 0.859258 0.892740 0.854001 0.872476 0.873059 0.866571 0.858439 0.813152 0.798955 
0.797177 0.758411 0.815881 0.829200 0.727998 0.761605 0.843290 0.892159 0.784317 0.823400 
0.838141 0.813814 0.851548 0.872169 0.885967 0.798377 0.850584 0.807798 0.845704 0.807620 
0.816688 0.850297 0.836365 0.805277 0.868179 0.848905 0.889459 0.841652 0.781689 0.833204 
0.911755 0.841153 0.841658 0.834240 0.804778 0.778703 0.807797 0.829319 0.815312 0.793640 
0.816964 0.809583 0.767372 0.759515 0.742161 0.774555 0.901670 0.879850 0.841305 0.829212 
0.857733 0.862744 0.849794 0.840654 0.848712 0.872611 0.841496 0.876118 0.846410 0.856568 
0.860554 0.868543 0.834849 0.867912 0.898307 0.891872 0.865227 0.837241 0.881693 0.892804 
0.855621 0.880279 0.854722 0.883023 0.841262 0.882084 0.884537 0.840300 0.836359 0.807009 
0.803287 0.807566 0.681235 0.717294 0.824468 0.760500 0.834076 0.863617 0.835110 0.799292 
0.845128 0.900877 0.858181 0.893772 0.862953 0.873401 0.878582 0.864513 0.885545 0.888625 
0.818805 0.852248 0.875383 0.872233 0.868635 0.872961 0.843943 0.845710 0.884565 0.886574 
0.844230 0.846699 0.884810 0.851113 0.859744 0.901076 0.865039 0.816617 0.824889 0.837898 
0.810035 0.806499 0.665414 0.891388 0.981527 0.893431 0.802297 0.870240 0.861764 0.813071 
0.858901 0.865523 0.857759 0.918688 0.861200 0.875374 0.873368 0.848442 0.896025 0.821408 
0.845197 0.857069 0.859128 0.861052 0.856105 0.811157 0.829185 0.869369 0.867867 0.825175 
0.882718 0.865979 0.880742 0.837795 0.871925 0.866396 0.847628 0.856230 0.812267 0.849914 
0.822151 0.828926 0.756967 0.879129 0.929419 0.827820 0.841724 0.858211 0.882353 0.917352 
0.837338 0.794577 0.828979 0.880748 0.848789 0.848891 0.831224 0.891884 0.861707 0.866090 
0.915442 0.860322 0.802615 0.836291 0.838970 0.893049 0.843158 0.846221 0.857733 0.838568 
0.863237 0.880673 0.858582 0.864763 0.855086 0.827439 0.840206 0.854942 0.851055 0.842781 
0.798470 0.818447 0.783775 0.833515 0.814387 0.857176 0.905405 0.861926 0.866892 0.905116 
0.841240 0.846106 0.946595 0.855924 0.873875 0.830409 0.857372 0.881613 0.858370 0.917885 
0.909978 0.846797 0.790424 0.797459 0.829461 0.942658 0.880097 0.815591 0.838158 0.899990 
0.859742 0.881599 0.867760 0.845423 0.840719 0.870699 0.865039 0.810607 0.854333 0.845694 
0.785581 0.783799 0.781086 0.840220 0.846640 0.815180 0.858287 0.864512 0.825648 0.832775 
0.865404 0.902780 0.936992 0.824311 0.821527 0.814821 0.850587 0.884205 0.866013 0.848953 
0.879871 0.856401 0.798849 0.819427 0.891910 0.894552 0.859376 0.841356 0.827302 0.873408 
0.870593 0.863634 0.850954 0.885631 0.847346 0.842987 0.836245 0.875541 0.843500 0.832209 
0.772414 0.797155 0.877664 0.898676 0.843471 0.815905 0.854527 0.884868 0.850860 0.822997 
0.849006 0.917364 0.844705 0.821810 0.863109 0.861844 0.885128 0.891937 0.865470 0.798079 
0.857668 0.850059 0.890652 0.846791 0.906684 0.865018 0.860597 0.837924 0.878974 0.843360 
0.875238 0.836742 0.845663 0.873901 0.843492 0.816040 0.875237 0.891192 0.814852 0.820725 
0.816489 0.852247 0.870176 0.883680 0.809176 0.850901 0.887257 0.853394 0.842928 0.859667 
0.890673 0.879632 0.871527 0.867370 0.859320 0.870534 0.877523 0.865257 0.806285 0.838467 
0.854488 0.863936 0.886163 0.928988 0.871964 0.822882 0.819996 0.901769 0.870253 0.834932 
0.839739 0.833597 0.860468 0.882210 0.833389 0.842380 0.906952 0.869322 0.797086 0.830804 
0.834700 0.860140 0.835116 0.869229 0.819467 0.858400 0.859033 0.828688 0.828030 0.881691 
0.945299 0.847846 0.880756 0.866015 0.861674 0.836188 0.844437 0.881812 0.897642 0.883771 
0.820300 0.846961 0.867173 0.908809 0.841845 0.797445 0.830059 0.891688 0.835984 0.838287 
0.832912 0.840309 0.848515 0.882494 0.843337 0.855248 0.852858 0.823309 0.790907 0.836522 
0.801970 0.845927 0.814260 0.834687 0.859938 0.888945 0.859916 0.897987 0.863511 0.891307 
0.861493 0.852255 0.833246 0.802654 0.832440 0.813410 0.797118 0.847857 0.942469 0.916886 
0.839942 0.829007 0.886213 0.851420 0.813264 0.798197 0.888810 0.903139 0.895300 0.815619 
0.861172 0.854821 0.838292 0.857977 0.839878 0.838760 0.832750 0.779470 0.822381 0.802931 
0.815691 0.841306 0.860291 0.829381 0.858955 0.875065 0.871125 0.900837 0.880793 0.834370 
0.809910 0.850128 0.676078 0.554793 0.504635 0.837605 0.577213 0.698717 0.835787 0.857197 
0.874167 0.849088 0.858821 0.819404 0.902543 0.902533 0.867029 0.880557 0.879356 0.881832 
0.895117 0.862930 0.812711 0.821463 0.846752 0.865358 0.853086 0.781821 0.821575 0.808170 
0.818485 0.827725 0.813765 0.911878 0.835716 0.831765 0.844014 0.824189 0.838922 0.845057 
0.868961 0.805500 0.729605 0.768355 0.653285 0.675695 0.763679 0.677257 0.745054 0.808970 
0.852677 0.831276 0.851190 0.837473 0.899472 0.906832 0.824164 0.860742 0.832095 0.876925 
0.887102 0.877099 0.855392 0.830539 0.855571 0.878997 0.810071 0.796187 0.830867 0.826798 
0.836754 0.849845 0.808375 0.879271 0.804083 0.810118 0.923739 0.934436 0.841563 0.876368 
0.926187 0.829269 0.871695 0.933605 0.918407 0.975743 0.966403 0.889294 0.854035 0.819063 
0.885300 0.896684 0.869888 0.878591 0.870825 0.879372 0.862129 0.838826 0.839751 0.840221 
0.854448 0.869990 0.864439 0.836083 0.889278 0.836041 0.812157 0.838767 0.878884 0.858735 
0.805338 0.856436 0.819026 0.836447 0.834824 0.860726 0.927625 0.908335 0.859664 0.862530 
0.875721 0.880673 0.889753 0.905408 0.854594 0.970838 0.940434 0.823363 0.821692 0.864113 
0.889329 0.900483 0.860648 0.847319 0.864331 0.879881 0.843806 0.791094 0.858075 0.837547 
0.831596 0.823746 0.892502 0.891080 0.871428 0.842937 0.844105 0.859824 0.919672 0.856475 
0.828402 0.823838 0.796075 0.851962 0.863596 0.857425 0.877203 0.853848 0.888095 0.853292 
0.840240 0.897158 0.882914 0.867658 0.877887 0.865166 0.749407 0.753061 0.918229 0.877097 
0.857737 0.835718 0.876530 0.849177 0.892263 0.849797 0.843825 0.852182 0.908899 0.917574 
0.822800 0.841712 0.871035 0.887037 0.848756 0.860828 0.856273 0.890031 0.879347 0.831069 
0.813657 0.854814 0.814183 0.823820 0.875611 0.826905 0.853121 0.899256 0.878358 0.825229 
0.875166 0.878872 0.836073 0.861244 0.883964 0.835788 0.797895 0.831226 0.920402 0.868259 
0.840533 0.841567 0.872022 0.877210 0.856326 0.848960 0.861234 0.878888 0.929655 0.912373 
0.850484 0.850003 0.842446 0.851026 0.870782 0.858847 0.876836 0.890371 0.816002 0.835756 
0.807065 0.839896 0.795076 0.886884 0.901065 0.876768 0.870181 0.886903 0.877151 0.869231 
0.894423 0.872216 0.841757 0.877673 0.886811 0.848736 0.814367 0.859096 0.887530 0.892923 
0.858479 0.859020 0.881440 0.865351 0.860690 0.853733 0.898160 0.899960 0.874198 0.861556 
0.846731 0.846927 0.857847 0.858028 0.869206 0.871878 0.879288 0.864761 0.814304 0.849262 
0.816870 0.811650 0.781017 0.886465 0.912937 0.912695 0.882576 0.892312 0.889897 0.889897 
0.883119 0.871199 0.867685 0.862962 0.897153 0.860889 0.826876 0.914315 0.899363 0.889728 
0.830855 0.851129 0.845064 0.866343 0.899069 0.868362 0.880199 0.881949 0.849180 0.895679 
0.894514 0.825224 0.877389 0.880582 0.854000 0.887296 0.875461 0.892772 0.847215 0.847710 
0.785920 0.743386 0.810381 0.785111 0.875615 0.916767 0.855330 0.829224 0.769549 0.829142 
0.871336 0.841256 0.844485 0.856921 0.871271 0.852964 0.843022 0.879304 0.856527 0.863510 
0.904257 0.843779 0.828868 0.869185 0.884105 0.871107 0.849490 0.856031 0.882407 0.903395 
0.882809 0.807481 0.857646 0.889355 0.863306 0.875088 0.901847 0.880293 0.843795 0.847193 
0.519366 0.424130 0.650117 0.538328 0.829577 0.927635 0.783428 0.847382 0.676297 0.674435 
0.802991 0.811562 0.882607 0.863472 0.855509 0.827545 0.850273 0.869944 0.865827 0.868698 
0.898404 0.862289 0.863484 0.867964 0.885516 0.883193 0.884299 0.869061 0.875937 0.875697 
0.828662 0.897207 0.898356 0.881477 0.889597 0.887307 0.888056 0.848713 0.852900 0.825365 
0.658655 0.799698 0.405581 0.771938 0.868823 0.705218 0.592849 0.693691 0.821435 0.836921 
0.735488 0.847549 0.863316 0.869689 0.851872 0.803018 0.851452 0.933384 0.903200 0.852018 
0.866771 0.887941 0.877208 0.876925 0.873190 0.876543 0.913487 0.886035 0.853076 0.847139 
0.888724 0.923633 0.908478 0.861406 0.883363 0.890060 0.883492 0.827835 0.811862 0.894524 
0.789089 0.789136 0.736915 0.952893 0.789811 0.787827 0.776164 0.851037 0.949041 0.889209 
0.710831 0.825143 0.832785 0.860678 0.836336 0.846467 0.886846 0.896024 0.871445 0.905043 
0.890533 0.909536 0.909994 0.887192 0.873819 0.866994 0.898240 0.867427 0.872752 0.900312 
0.909252 0.897664 0.903105 0.880597 0.895732 0.897216 0.871408 0.802808 0.736447 0.751707 
0.884009 0.928289 0.867087 0.854940 0.859246 0.913691 0.906608 0.852704 0.870488 0.813066 
0.818439 0.625840 0.717775 0.840140 0.869451 0.874730 0.899434 0.850801 0.863647 0.913209 
0.880216 0.895870 0.893082 0.860288 0.875195 0.911005 0.895689 0.907696 0.889994 0.896416 
0.900415 0.911270 0.897539 0.882140 0.889224 0.889222 0.799270 0.634650 0.826370 0.689759 
0.906201 0.905928 0.790546 0.858436 0.800134 0.883896 0.881964 0.818912 0.791030 0.713385 
0.743318 0.828647 0.841450 0.845651 0.902617 0.905353 0.859201 0.830862 0.881015 0.897900 
0.878989 0.890037 0.871842 0.847238 0.894570 0.920816 0.887589 0.877746 0.896713 0.899766 
0.859302 0.888409 0.881630 0.901392 0.814534 0.800950 0.681594 0.809730 0.831391 0.844880 
0.848411 0.688291 0.602285 0.788816 0.820982 0.801277 0.834037 0.900054 0.874195 0.805140 
0.818650 0.910904 0.922362 0.851903 0.874768 0.860298 0.805812 0.888607 0.863104 0.905415 
0.879134 0.894357 0.897802 0.911748 0.922621 0.890180 0.880848 0.852746 0.875379 0.872577 
0.794635 0.739436 0.737370 0.812133 0.788336 0.668487 0.781671 0.893939 0.808940 0.898427 
0.795214 0.774345 0.684742 0.915802 0.852340 0.786907 0.733082 0.899887 0.776685 0.560813 
0.699839 0.862882 0.908124 0.836429 0.871846 0.808731 0.683714 0.825486 0.782749 0.759987 
0.768376 0.778424 0.819795 0.897440 0.884796 0.853793 0.888622 0.838940 0.790540 0.695786 
0.534830 0.443232 0.741398 0.721431 0.855177 0.654344 0.748840 0.845911 0.904673 0.900456 
0.768149 0.922537 0.730658 0.790328 0.831136 0.891948 0.705787 0.790983 0.767850 0.793539 
0.794186 0.892822 0.914150 0.908353 0.878535 0.722644 0.623048 0.617735 0.726641 0.696818 
0.667684 0.629389 0.579178 0.646531 0.725356 0.671122 0.802179 0.735790 0.564779 0.361140 
0.689100 0.869490 0.704521 0.666528 0.740687 0.692141 0.683452 0.884878 0.943391 0.902610 
0.793607 0.881810 0.781919 0.591457 0.694413 0.860056 0.732818 0.818995 0.846892 0.881763 
0.728085 0.813131 0.869951 0.860499 0.788969 0.697692 0.776893 0.793679 0.813606 0.828864 
0.494270 0.298360 0.463327 0.693775 0.809795 0.690724 0.460686 0.387387 0.472333 0.849505 
0.839889 0.937047 0.653829 0.873543 0.920594 0.900421 0.881832 0.734721 0.776734 0.880402 
0.891215 0.876861 0.944790 0.906887 0.652626 0.885188 0.937818 0.779692 0.653572 0.852942 
0.799067 0.825905 0.782425 0.791625 0.781631 0.641496 0.889880 0.874288 0.877445 0.778950 
0.786019 0.701082 0.845010 0.821634 0.846839 0.800429 0.726565 0.539627 0.760182 0.925301 
0.831325 0.842036 0.809514 0.913605 0.949689 0.899053 0.942844 0.830733 0.781193 0.835336 
0.822826 0.830091 0.827442 0.854894 0.833863 0.861989 0.909427 0.799616 0.813939 0.785388 
0.911463 0.840819 0.780474 0.891742 0.833592 0.655813 0.762239 0.865533 0.786172 0.713068 
0.870580 0.895712 0.864755 0.785481 0.795300 0.819884 0.818912 0.747196 0.867497 0.911575 
0.906979 0.698112 0.833521 0.851274 0.845208 0.916146 0.936514 0.817647 0.913533 0.880077 
0.797675 0.804161 0.765507 0.832434 0.873870 0.848941 0.870807 0.859837 0.965997 0.898121 
0.910216 0.787649 0.694431 0.874984 0.829421 0.824133 0.776192 0.947635 0.876688 0.701856 
0.828525 0.901993 0.813852 0.893965 0.719735 0.745996 0.863661 0.921344 0.865213 0.963787 
0.930720 0.701428 0.870645 0.879784 0.697795 0.901543 0.857571 0.898902 0.896838 0.848524 
0.787587 0.841920 0.969778 0.879709 0.784788 0.829214 0.904986 0.962269 0.917592 0.770447 
0.844814 0.748688 0.865530 0.803670 0.814705 0.890377 0.836073 0.829493 0.796771 0.891662 
0.870315 0.790644 0.785588 0.895811 0.725173 0.813897 0.894733 0.834691 0.899067 0.948556 
0.639292 0.799860 0.969694 0.893611 0.701917 0.816600 0.883278 0.779959 0.744185 0.855623 
0.813763 0.897593 0.885588 0.811531 0.815898 0.876739 0.890710 0.923685 0.820353 0.739846 
0.689527 0.799539 0.831227 0.816166 0.786622 0.860239 0.869311 0.908964 0.687102 0.905357 
0.943416 0.868579 0.841623 0.820678 0.933896 0.905224 0.896347 0.874024 0.819083 0.707328 
0.666959 0.798223 0.874121 0.625580 0.650282 0.766289 0.885856 0.721135 0.763547 0.737058 
0.834740 0.811008 0.690557 0.759844 0.775711 0.919024 0.877027 0.840391 0.845329 0.791313 
0.829334 0.957520 0.930032 0.859460 0.823720 0.932041 0.975648 0.859522 0.500257 0.787439 
0.935880 0.917839 0.907307 0.652484 0.926684 0.924443 0.737689 0.814639 0.908081 0.798120 
0.694044 0.821562 0.648426 0.794614 0.840811 0.807198 0.834585 0.555915 0.648734 0.793324 
0.788120 0.602074 0.826607 0.919991 0.871129 0.854286 0.777833 0.793043 0.833503 0.708690 
0.870702 0.930147 0.912030 0.804682 0.862920 0.934970 0.923034 0.920970 0.938418 0.830089 
0.794972 0.888835 0.866347 0.898805 0.803918 0.591283 0.727817 0.841704 0.869438 0.756607 
0.795746 0.879482 0.708985 0.852517 0.964559 0.943961 0.827817 0.832144 0.795645 0.879680 
0.839234 0.856677 0.813923 0.944082 0.905611 0.602323 0.509426 0.722562 0.660908 0.695290 
0.845605 0.867620 0.850862 0.775829 0.873975 0.930101 0.878783 0.896852 0.939926 0.881666 
0.815842 0.784371 0.744117 0.818038 0.844650 0.838678 0.818569 0.897027 0.891209 0.854578 
0.856671 0.844306 0.897664 0.959641 0.960854 0.922168 0.853954 0.957360 0.948611 0.895579 
0.803919 0.879629 0.687426 0.860246 0.948544 0.713279 0.508202 0.848707 0.821217 0.789010 
0.794397 0.834676 0.823141 0.864518 0.866359 0.853603 0.891325 0.800595 0.720894 0.803383 
0.736028 0.846026 0.832071 0.946883 0.938520 0.926488 0.889468 0.887006 0.892100 0.914201 
0.940102 0.879663 0.926787 0.930348 0.881485 0.889350 0.882900 0.875388 0.748965 0.838272 
0.776672 0.627044 0.562274 0.757637 0.924048 0.791233 0.635554 0.889163 0.921109 0.752097 
0.647541 0.750779 0.740157 0.680888 0.896482 0.909379 0.817519 0.696632 0.565486 0.754298 
0.834413 0.653451 0.665332 0.796515 0.749890 0.714521 0.660828 0.745903 0.630934 0.805999 
0.787086 0.654419 0.701800 0.705379 0.733997 0.744740 0.742181 0.629636 0.682062 0.774468 
0.256250 0.194680 0.275277 0.285160 0.288477 0.309065 0.274379 0.346696 0.341096 0.356581 
0.353919 0.354445 0.353234 0.275866 0.342947 0.245883 0.318155 0.319710 0.306076 0.369284 
0.378239 0.404719 0.399474 0.393021 0.396325 0.382148 0.399448 0.342435 0.304613 0.306806 
0.372205 0.280094 0.319074 0.275890 0.305271 0.297309 0.318994 0.326904 0.251088 0.175928 
0.190069 0.103602 0.176957 0.188131 0.179827 0.186054 0.224872 0.297741 0.249588 0.210286 
0.202262 0.202111 0.202031 0.279328 0.318750 0.170286 0.198969 0.193142 0.208546 0.186783 
0.174473 0.182264 0.181747 0.207308 0.218026 0.209167 0.195930 0.201809 0.181043 0.201811 
0.189056 0.185182 0.196409 0.162231 0.182467 0.177436 0.182366 0.166915 0.183632 0.239915 
0.353253 0.278261 0.258479 0.237849 0.230736 0.278717 0.396061 0.332562 0.406910 0.376229 
0.384797 0.428082 0.328130 0.353441 0.502962 0.390827 0.301509 0.246862 0.268213 0.228843 
0.192880 0.273924 0.322683 0.283838 0.307348 0.337225 0.352112 0.298366 0.270433 0.326005 
0.333297 0.372192 0.364649 0.361183 0.337653 0.364245 0.323194 0.247771 0.260897 0.318699 
0.406822 0.329036 0.284463 0.314026 0.344896 0.259527 0.328050 0.401933 0.458288 0.360092 
0.377205 0.413052 0.384075 0.498641 0.467731 0.552407 0.485784 0.411304 0.294568 0.314318 
0.293090 0.326166 0.361727 0.412745 0.367664 0.315320 0.330371 0.364585 0.360304 0.406265 
0.468142 0.449594 0.414272 0.373732 0.331301 0.321449 0.328254 0.347355 0.337838 0.351145 
0.374670 0.326187 0.266063 0.345563 0.491350 0.354372 0.334965 0.430016 0.414649 0.377414 
0.408625 0.339855 0.442044 0.623410 0.495293 0.528243 0.498834 0.424960 0.416424 0.371911 
0.329024 0.273984 0.270363 0.337211 0.401414 0.347920 0.362348 0.419647 0.428664 0.363745 
0.346747 0.319668 0.360287 0.380562 0.387400 0.381240 0.343092 0.401704 0.418372 0.339920 
0.355111 0.386980 0.325366 0.270554 0.221243 0.323840 0.481052 0.376139 0.304583 0.401109 
0.442708 0.416469 0.388661 0.389146 0.320280 0.416750 0.435712 0.499908 0.535455 0.430665 
0.475788 0.341763 0.286884 0.264157 0.255191 0.362518 0.362306 0.326142 0.332538 0.305229 
0.307885 0.294743 0.330282 0.363474 0.438164 0.448449 0.404725 0.401191 0.431833 0.371833 
0.393845 0.434328 0.436874 0.440262 0.430122 0.413147 0.420240 0.348143 0.356760 0.457837 
0.411231 0.544002 0.560459 0.434047 0.340146 0.313318 0.387808 0.543233 0.523030 0.564736 
0.538316 0.397986 0.285825 0.261838 0.267400 0.384588 0.368477 0.319552 0.274121 0.355216 
0.383339 0.372859 0.426009 0.406847 0.409499 0.369519 0.395696 0.430443 0.459339 0.406565 
0.386721 0.468978 0.515312 0.401834 0.318125 0.346889 0.373713 0.438760 0.508276 0.431842 
0.463548 0.491107 0.488412 0.390491 0.422525 0.321733 0.327512 0.348198 0.373696 0.378444 
0.358245 0.370760 0.349900 0.351913 0.370092 0.385685 0.380629 0.378695 0.375989 0.379449 
0.397938 0.416970 0.397543 0.379806 0.363028 0.331613 0.368457 0.429295 0.427435 0.330948 
0.410811 0.421448 0.342253 0.320200 0.356374 0.385999 0.430385 0.448966 0.474164 0.393399 
0.322478 0.451925 0.549420 0.442136 0.469527 0.425738 0.374621 0.319958 0.286697 0.300259 
0.303313 0.291801 0.388210 0.351848 0.359039 0.368557 0.368979 0.322774 0.388640 0.345563 
0.304862 0.356522 0.376137 0.333114 0.271434 0.294773 0.360403 0.368009 0.331224 0.319195 
0.481635 0.549843 0.461729 0.349881 0.403632 0.375856 0.344324 0.335557 0.395331 0.446891 
0.432246 0.488628 0.544272 0.541865 0.517137 0.564711 0.496386 0.387089 0.340233 0.279619 
0.327937 0.333843 0.385464 0.461258 0.414740 0.333531 0.298697 0.394775 0.437282 0.369171 
0.331159 0.333019 0.379366 0.348475 0.330234 0.354494 0.360893 0.319361 0.327164 0.386470 
0.497939 0.595685 0.499629 0.480637 0.473187 0.461109 0.357762 0.309375 0.358603 0.417010 
0.520494 0.435072 0.432068 0.502089 0.552145 0.517843 0.438078 0.508898 0.460742 0.402985 
0.329623 0.321076 0.388866 0.419086 0.415834 0.367534 0.360726 0.480440 0.456880 0.381371 
0.323715 0.325513 0.325832 0.338485 0.356490 0.378070 0.319656 0.276577 0.297959 0.339363 
0.482800 0.459654 0.428927 0.434635 0.507464 0.583804 0.503892 0.440018 0.458797 0.430285 
0.403481 0.343069 0.353215 0.415330 0.610601 0.587545 0.378636 0.349943 0.504464 0.508392 
0.428032 0.382706 0.421348 0.466815 0.490405 0.412258 0.388248 0.424681 0.393884 0.439759 
0.444556 0.421901 0.363676 0.360976 0.370956 0.377611 0.375880 0.281289 0.241912 0.270587 
0.437832 0.396305 0.446447 0.431222 0.450134 0.574076 0.615207 0.591729 0.516083 0.411541 
0.251308 0.347022 0.233262 0.145051 0.441150 0.780632 0.636212 0.277850 0.290297 0.259906 
0.303219 0.338195 0.396171 0.414044 0.422026 0.356628 0.388385 0.330968 0.324104 0.460950 
0.541985 0.469198 0.382114 0.359455 0.337395 0.337611 0.347328 0.283545 0.226297 0.222927 
0.449722 0.463631 0.433546 0.493030 0.455895 0.500063 0.526388 0.379160 0.341068 0.361992 
0.330902 0.401619 0.253290 0.292861 0.285362 0.439365 0.056447 0.196161 0.185678 0.184772 
0.327790 0.387815 0.396066 0.355100 0.303576 0.314709 0.363370 0.356005 0.330359 0.405060 
0.463660 0.439282 0.412165 0.414149 0.370244 0.352575 0.399097 0.350420 0.409723 0.364423 
0.413859 0.499265 0.458806 0.415552 0.399994 0.439763 0.398743 0.421798 0.417003 0.369792 
0.503217 0.476069 0.462304 0.557496 0.267924 0.213286 0.318844 0.522307 0.422935 0.316484 
0.356006 0.362365 0.303796 0.269358 0.276889 0.321700 0.372807 0.432196 0.344545 0.311575 
0.309574 0.363721 0.416368 0.466646 0.448398 0.411896 0.477112 0.508762 0.652478 0.489541 
0.487934 0.405504 0.350461 0.299785 0.247444 0.355677 0.439183 0.452055 0.560818 0.519014 
0.437588 0.416904 0.542725 0.582071 0.334394 0.167205 0.346307 0.395480 0.370440 0.375805 
0.378983 0.397774 0.379509 0.366279 0.379923 0.410599 0.423105 0.422142 0.398224 0.361572 
0.348281 0.352518 0.408856 0.396507 0.432621 0.454159 0.543264 0.566987 0.678083 0.435900 
0.459621 0.493931 0.338427 0.302844 0.308929 0.318919 0.344948 0.356940 0.567022 0.502720 
0.358118 0.329398 0.410996 0.491675 0.376899 0.301345 0.313768 0.260249 0.335649 0.341877 
0.410383 0.341095 0.342124 0.329611 0.364819 0.404615 0.427992 0.438632 0.533966 0.446131 
0.371625 0.321295 0.310275 0.271311 0.320747 0.363351 0.405309 0.451678 0.436712 0.356788 
0.404534 0.326727 0.353158 0.349609 0.364080 0.362126 0.353935 0.445479 0.448171 0.360105 
0.354056 0.415973 0.363278 0.336900 0.329580 0.332951 0.316355 0.309791 0.336613 0.361675 
0.322848 0.319975 0.313497 0.312857 0.302536 0.292317 0.341690 0.433216 0.463477 0.506684 
0.406608 0.384844 0.349483 0.339694 0.357721 0.333213 0.388335 0.423111 0.431696 0.394343 
0.448337 0.435204 0.480433 0.608322 0.634629 0.577078 0.477334 0.433805 0.396147 0.422854 
0.487663 0.492771 0.389392 0.332652 0.366142 0.399017 0.382540 0.364042 0.384585 0.400056 
0.286553 0.319665 0.352996 0.354533 0.350630 0.305075 0.368411 0.376616 0.418971 0.416587 
0.389049 0.407094 0.436354 0.433639 0.441656 0.435366 0.492753 0.544860 0.550727 0.439748 
0.527742 0.520341 0.605822 0.699992 0.734792 0.792045 0.701654 0.445347 0.314044 0.389768 
0.442062 0.359941 0.349094 0.350030 0.382508 0.357539 0.354793 0.421289 0.388375 0.473505 
0.373258 0.369117 0.376253 0.389168 0.457497 0.446661 0.412420 0.388939 0.345474 0.359236 
0.381602 0.389135 0.430690 0.536528 0.545842 0.536007 0.584318 0.595782 0.592270 0.460488 
0.646090 0.540827 0.580373 0.545070 0.393629 0.522005 0.491154 0.276266 0.169186 0.216336 
0.338492 0.290508 0.316945 0.332097 0.296713 0.261410 0.307937 0.329675 0.371332 0.378736 
0.407869 0.410079 0.372476 0.400959 0.413350 0.440995 0.433710 0.347897 0.290842 0.322736 
0.376138 0.464937 0.486700 0.505113 0.484960 0.445702 0.376085 0.421608 0.528898 0.413723 
0.409903 0.270597 0.389935 0.386685 0.294877 0.293204 0.269737 0.233941 0.148477 0.168246 
0.264437 0.268224 0.330645 0.325087 0.278055 0.262282 0.333111 0.403288 0.439087 0.445745 
0.413445 0.359477 0.419711 0.437073 0.427546 0.485551 0.489083 0.441096 0.410250 0.463889 
0.528372 0.518947 0.412035 0.338500 0.333602 0.385274 0.455955 0.447664 0.422163 0.395603 
0.489807 0.442203 0.480595 0.281298 0.493376 0.263247 0.125586 0.166102 0.159240 0.287798 
0.319799 0.344871 0.442767 0.342609 0.332878 0.322331 0.385934 0.475208 0.467320 0.521345 
0.475829 0.445432 0.530478 0.578733 0.574896 0.559822 0.518725 0.538578 0.566564 0.535875 
0.468576 0.413705 0.419005 0.410892 0.402438 0.454529 0.552938 0.538970 0.532389 0.391248 
0.534401 0.194074 0.467321 0.378241 0.425814 0.188611 0.313550 0.425265 0.646062 0.743718 
0.323496 0.284039 0.350946 0.352556 0.395250 0.434951 0.475072 0.437626 0.476399 0.567374 
0.600269 0.593243 0.630353 0.592643 0.544681 0.494707 0.499937 0.500027 0.478015 0.422746 
0.419943 0.415946 0.450159 0.449440 0.572986 0.648384 0.493186 0.285720 0.191912 0.165612 
0.794405 0.803603 0.410213 0.369388 0.532272 0.432845 0.367769 0.501117 0.446053 0.203087 
0.071713 0.130072 0.266362 0.375513 0.486469 0.569348 0.570891 0.524837 0.600445 0.617754 
0.629667 0.591118 0.522894 0.456428 0.481873 0.486169 0.440880 0.488172 0.525187 0.497296 
0.481467 0.576625 0.652758 0.655274 0.666342 0.549902 0.443493 0.172104 0.300770 0.519870 
0.710837 0.578966 0.252118 0.439079 0.311477 0.580084 0.667980 0.715230 0.379198 0.231301 
0.133040 0.116782 0.354338 0.502612 0.561340 0.548510 0.532436 0.470052 0.475363 0.306288 
0.228826 0.293530 0.297010 0.246027 0.240799 0.356303 0.386651 0.456362 0.495979 0.512376 
0.547319 0.539094 0.568217 0.573502 0.413738 0.425815 0.160515 0.224114 0.711553 0.716439 
0.504641 0.259400 0.140490 0.111658 0.137719 0.444805 0.481710 0.624845 0.657909 0.507577 
0.336906 0.180007 0.329401 0.433499 0.429988 0.528341 0.417347 0.389534 0.259219 0.164643 
0.185141 0.229400 0.310830 0.412928 0.357006 0.334691 0.390777 0.317051 0.284923 0.331279 
0.231684 0.160336 0.183259 0.213748 0.185288 0.317575 0.330936 0.457751 0.667136 0.408371 
0.442370 0.419752 0.422269 0.293984 0.295268 0.431977 0.255547 0.379187 0.445831 0.468810 
0.363139 0.618449 0.394210 0.393511 0.424339 0.397646 0.288457 0.249086 0.181848 0.234679 
0.365746 0.414364 0.506592 0.451174 0.278757 0.177628 0.203064 0.287901 0.295657 0.202261 
0.098883 0.146194 0.179561 0.405537 0.441075 0.239886 0.270694 0.346902 0.184679 0.210997 
0.610185 0.676447 0.804229 0.408503 0.096405 0.170534 0.399712 0.373869 0.562498 0.580805 
0.688357 0.892926 0.798029 0.745798 0.676268 0.571922 0.261115 0.076921 0.192829 0.296458 
0.408365 0.291875 0.193972 0.210538 0.217715 0.156868 0.204799 0.248680 0.308501 0.247319 
0.310567 0.273352 0.231932 0.518094 0.677433 0.330743 0.078398 0.237609 0.450373 0.177174 
0.459529 0.459850 0.612739 0.422277 0.118206 0.072516 0.174428 0.214868 0.220624 0.461201 
0.715002 0.859818 0.641827 0.386786 0.404789 0.481525 0.209175 0.300590 0.807907 0.716171 
0.448504 0.160261 0.153732 0.572830 0.643397 0.393576 0.311118 0.254059 0.266040 0.392036 
0.385899 0.258428 0.233124 0.333887 0.506571 0.283627 0.228475 0.044141 0.189495 0.202335 
0.645088 0.629145 0.495341 0.439869 0.347062 0.146724 0.147651 0.315134 0.456132 0.309376 
0.361702 0.764771 0.307050 0.163955 0.319701 0.427889 0.523094 0.462735 0.828029 0.511552 
0.040824 0.127090 0.350239 0.730655 0.837755 0.394775 0.397079 0.293893 0.234658 0.315680 
0.437676 0.448134 0.391600 0.300717 0.351862 0.481382 0.141253 0.142103 0.190646 0.314118 
0.539421 0.464652 0.286812 0.321075 0.656613 0.573766 0.206899 0.288501 0.459252 0.103584 
0.168745 0.406291 0.183760 0.166057 0.348619 0.452887 0.417576 0.449568 0.632142 0.299283 
0.204414 0.252419 0.522038 0.363057 0.214548 0.438343 0.324107 0.345455 0.399238 0.180046 
0.381332 0.258898 0.358635 0.272848 0.248793 0.241377 0.434997 0.629972 0.755109 0.549983 
0.483468 0.453536 0.302057 0.291540 0.491645 0.389109 0.294593 0.353361 0.277775 0.438807 
0.504194 0.448097 0.375723 0.595789 0.255892 0.279169 0.235931 0.353135 0.103344 0.172584 
0.313915 0.275199 0.142486 0.071790 0.176433 0.540995 0.238072 0.362578 0.863570 0.648991 
0.232847 0.202108 0.515767 0.274969 0.294730 0.369956 0.661475 0.745005 0.825994 0.604428 
0.504846 0.584887 0.744534 0.674865 0.398160 0.476438 0.592161 0.493000 0.117633 0.250980 
0.471391 0.293919 0.343991 0.216877 0.239156 0.114316 0.705207 0.804203 0.293847 0.528986 
0.606216 0.642251 0.283744 0.036695 0.111551 0.473234 0.437701 0.460697 0.490447 0.587251 
0.309486 0.311161 0.331923 0.562299 0.625556 0.316113 0.349599 0.524152 0.491317 0.445192 
0.446772 0.446103 0.434313 0.503596 0.433266 0.423224 0.723697 0.440619 0.202658 0.273790 
0.248461 0.342488 0.337918 0.342408 0.299614 0.338516 0.465869 0.539801 0.232562 0.545685 
0.705095 0.735719 0.620032 0.336028 0.558980 0.540862 0.605115 0.641433 0.743293 0.357625 
0.184027 0.202228 0.275641 0.482958 0.306200 0.258962 0.418356 0.460552 0.226609 0.208656 
0.519359 0.551812 0.248580 0.356475 0.367691 0.647462 0.657861 0.443120 0.543043 0.560576 
0.457930 0.642650 0.349975 0.178189 0.400304 0.754999 0.216580 0.116622 0.177209 0.463455 
0.261861 0.347043 0.633652 0.859317 0.440781 0.249602 0.642832 0.801114 0.834467 0.478382 
0.213619 0.219941 0.269306 0.553635 0.719138 0.640766 0.617764 0.423360 0.263067 0.315564 
0.503195 0.430894 0.270653 0.333862 0.321819 0.569989 0.539439 0.552071 0.727959 0.692491 
0.601036 0.456430 0.439805 0.360164 0.765779 0.816391 0.544487 0.599276 0.727055 0.436386 
0.132736 0.269219 0.509862 0.719009 0.385360 0.178134 0.426972 0.591986 0.547197 0.356137 
0.540017 0.422145 0.500753 0.751344 0.611495 0.570586 0.573461 0.531768 0.509194 0.500349 
0.594325 0.578479 0.438976 0.201473 0.320056 0.485794 0.433828 0.412191 0.354158 0.360281 
0.700023 0.599207 0.534309 0.787918 0.854611 0.806334 0.828740 0.599341 0.497893 0.516575 
0.455333 0.276525 0.316049 0.311518 0.196943 0.425067 0.559027 0.237010 0.262037 0.599828 
0.585348 0.470194 0.557139 0.690099 0.490058 0.781869 0.855067 0.717110 0.834525 0.695330 
0.533017 0.659526 0.658049 0.573569 0.765693 0.629512 0.482973 0.482590 0.427487 0.623835 
0.725921 0.786517 0.831002 0.798210 0.599638 0.586279 0.564466 0.500693 0.342429 0.518378 
0.668686 0.508134 0.525775 0.594763 0.781662 0.826267 0.530793 0.409516 0.589012 0.835512 
0.808950 0.873956 0.677168 0.307196 0.436874 0.608692 0.513826 0.269889 0.303637 0.390337 
0.340652 0.466265 0.309649 0.517915 0.462293 0.377592 0.353440 0.707199 0.791977 0.756025 
0.368285 0.518424 0.386032 0.262654 0.196754 0.384129 0.457547 0.414690 0.435679 0.474537 
0.444219 0.298798 0.334209 0.255733 0.188139 0.199416 0.116025 0.148716 0.071975 0.133066 
0.150548 0.219932 0.245619 0.074928 0.119742 0.142209 0.182866 0.163143 0.205778 0.331638 
0.773254 0.697915 0.630370 0.648330 0.696318 0.684346 0.696350 0.711684 0.719588 0.705766 
0.707297 0.696714 0.695484 0.691508 0.695980 0.736477 0.669104 0.648735 0.697618 0.684811 
0.724603 0.722343 0.737938 0.759878 0.753112 0.758438 0.764971 0.742001 0.731564 0.723087 
0.661689 0.720587 0.685067 0.731718 0.722539 0.728555 0.723630 0.711293 0.689139 0.741856 
0.753530 0.626882 0.432213 0.441519 0.495077 0.520635 0.515269 0.511465 0.559707 0.509243 
0.483359 0.517991 0.534672 0.602290 0.652912 0.544215 0.464892 0.430206 0.364713 0.426806 
0.436318 0.427800 0.462201 0.503191 0.444405 0.516197 0.489727 0.532171 0.538512 0.535557 
0.463956 0.524065 0.498617 0.431802 0.444523 0.459006 0.442775 0.453449 0.485810 0.720660 
0.872060 0.831899 0.685173 0.615615 0.654925 0.744788 0.664938 0.605617 0.701156 0.715647 
0.680588 0.670717 0.691913 0.711025 0.768212 0.715881 0.691785 0.599268 0.614051 0.577561 
0.585416 0.600636 0.647855 0.617696 0.612041 0.644993 0.669926 0.693424 0.670371 0.671079 
0.728228 0.726717 0.708187 0.671922 0.675433 0.625755 0.568014 0.663019 0.658340 0.773231 
0.858789 0.817976 0.721706 0.608870 0.625351 0.715919 0.704963 0.681561 0.729657 0.737829 
0.723867 0.663377 0.777488 0.808673 0.748766 0.784343 0.778228 0.777279 0.665731 0.652252 
0.733402 0.704132 0.676927 0.734354 0.735138 0.729495 0.758918 0.764963 0.767699 0.755863 
0.792777 0.788407 0.752905 0.778006 0.773103 0.744280 0.752716 0.808987 0.762040 0.797097 
0.833548 0.786044 0.758268 0.635848 0.379904 0.734580 0.740386 0.646966 0.620174 0.701479 
0.692709 0.682062 0.789957 0.815268 0.759816 0.749804 0.740756 0.763073 0.709516 0.713475 
0.676246 0.621411 0.608254 0.623104 0.631770 0.681448 0.722142 0.686482 0.684948 0.698651 
0.633137 0.646589 0.663153 0.731921 0.726434 0.732682 0.709845 0.735619 0.738922 0.772540 
0.825894 0.800221 0.776919 0.736352 0.725228 0.856546 0.842484 0.732063 0.669726 0.672698 
0.698389 0.708637 0.706937 0.669434 0.667591 0.711042 0.740945 0.715362 0.765946 0.719568 
0.690741 0.677170 0.661666 0.596321 0.556080 0.587567 0.653026 0.631661 0.627091 0.650960 
0.670020 0.643373 0.667251 0.672669 0.716698 0.730933 0.708652 0.715555 0.690067 0.766450 
0.840583 0.779177 0.746733 0.778888 0.792467 0.789818 0.778649 0.787068 0.772638 0.741094 
0.726099 0.777755 0.661567 0.694360 0.610224 0.652386 0.655986 0.737379 0.755155 0.720360 
0.699923 0.721180 0.698625 0.690278 0.666703 0.583367 0.668387 0.693432 0.680599 0.657267 
0.735682 0.697196 0.704073 0.708952 0.698947 0.647952 0.648768 0.748544 0.700269 0.781526 
0.814216 0.745768 0.685532 0.665703 0.697938 0.727738 0.717806 0.742777 0.773515 0.745213 
0.780434 0.788289 0.710801 0.714491 0.722718 0.685190 0.651318 0.615419 0.656448 0.699294 
0.606072 0.670239 0.728821 0.733009 0.674509 0.687636 0.733115 0.737314 0.753319 0.728681 
0.732010 0.730239 0.705487 0.646838 0.669462 0.670592 0.668727 0.660636 0.662013 0.763750 
0.824556 0.766760 0.586835 0.601651 0.691601 0.717960 0.697047 0.663632 0.712368 0.703334 
0.710275 0.712992 0.748808 0.732651 0.732236 0.731957 0.685989 0.629241 0.653345 0.700165 
0.634396 0.657920 0.674645 0.723382 0.631897 0.644869 0.682538 0.704338 0.679848 0.693925 
0.670021 0.714362 0.706431 0.663712 0.662688 0.703071 0.661399 0.663210 0.666399 0.767341 
0.848597 0.817466 0.744392 0.652974 0.728260 0.694642 0.625546 0.669316 0.704177 0.680550 
0.671930 0.686352 0.674226 0.729579 0.762456 0.777619 0.718549 0.645659 0.696185 0.673616 
0.681180 0.696929 0.734896 0.710184 0.720537 0.704197 0.705843 0.654787 0.676039 0.679266 
0.685544 0.690315 0.684970 0.650652 0.723669 0.732676 0.640503 0.678900 0.714428 0.788087 
0.837784 0.823281 0.755384 0.723190 0.741597 0.728343 0.676095 0.695963 0.754949 0.725659 
0.644000 0.714885 0.674876 0.758587 0.776323 0.773399 0.718424 0.675905 0.620540 0.645197 
0.708658 0.714640 0.744004 0.694133 0.723843 0.737261 0.724240 0.671936 0.686385 0.670796 
0.680018 0.691092 0.690053 0.653950 0.717085 0.717603 0.681052 0.688825 0.683165 0.745934 
0.844636 0.782556 0.693461 0.712569 0.731854 0.733308 0.740120 0.727055 0.781950 0.689832 
0.702344 0.646614 0.660968 0.678298 0.649022 0.695383 0.763166 0.752167 0.679451 0.651765 
0.719497 0.729846 0.676714 0.694789 0.706373 0.731113 0.643971 0.587073 0.564715 0.720437 
0.703448 0.705179 0.690273 0.681416 0.689786 0.693331 0.662360 0.681891 0.607323 0.723291 
0.829475 0.772361 0.655677 0.706163 0.719871 0.724141 0.734454 0.731763 0.727268 0.690469 
0.605424 0.601596 0.630280 0.502156 0.123847 0.020823 0.593756 0.697823 0.704351 0.653110 
0.626527 0.681718 0.668407 0.667747 0.567285 0.577436 0.709869 0.672458 0.650313 0.696661 
0.690072 0.667306 0.687885 0.673936 0.654443 0.638507 0.626755 0.685053 0.617273 0.708965 
0.837609 0.790206 0.684280 0.626868 0.707265 0.688722 0.636597 0.654276 0.666122 0.677080 
0.624892 0.678832 0.755242 0.785475 0.263413 0.043276 0.061394 0.630844 0.635117 0.652916 
0.685387 0.722774 0.690034 0.667384 0.610704 0.605987 0.739827 0.718611 0.746435 0.730739 
0.697026 0.679139 0.680114 0.688935 0.682395 0.654575 0.722686 0.735400 0.717651 0.783178 
0.814008 0.799044 0.682741 0.635533 0.720786 0.727002 0.562382 0.612215 0.800313 0.753797 
0.685754 0.780380 0.824735 0.829310 0.868212 0.907105 0.828963 0.707041 0.785614 0.717207 
0.621001 0.621006 0.652026 0.646383 0.690549 0.693052 0.694579 0.726431 0.696648 0.701797 
0.678783 0.687389 0.712675 0.735301 0.670116 0.706307 0.746698 0.769507 0.766707 0.814686 
0.852718 0.776334 0.639644 0.625163 0.680104 0.725056 0.668185 0.722237 0.814313 0.780535 
0.729928 0.745347 0.824154 0.814670 0.922540 0.851518 0.929099 0.759356 0.795446 0.727848 
0.673687 0.668171 0.710096 0.732765 0.734983 0.701688 0.683185 0.662480 0.603945 0.667552 
0.679085 0.697051 0.661145 0.653531 0.675918 0.713904 0.742055 0.763620 0.722311 0.816771 
0.826298 0.791889 0.645403 0.636010 0.703883 0.701720 0.637214 0.671309 0.726265 0.723210 
0.693262 0.673771 0.729284 0.747705 0.730826 0.768442 0.809717 0.638728 0.574135 0.677448 
0.689596 0.677811 0.651024 0.712692 0.675748 0.701352 0.684231 0.655204 0.678913 0.595920 
0.699822 0.681495 0.675845 0.640422 0.687857 0.696659 0.714592 0.674935 0.670285 0.786460 
0.808806 0.705570 0.634675 0.667138 0.631113 0.725105 0.665634 0.642109 0.667652 0.672164 
0.652643 0.682769 0.699682 0.665605 0.650291 0.732040 0.770409 0.717423 0.648699 0.693726 
0.666021 0.667498 0.656674 0.670682 0.674959 0.681266 0.711682 0.726421 0.695025 0.712844 
0.739304 0.723019 0.710110 0.705697 0.702216 0.708959 0.698898 0.683148 0.698322 0.768431 
0.833473 0.775027 0.721157 0.704615 0.707125 0.758029 0.713010 0.689677 0.663681 0.692201 
0.693224 0.701614 0.697028 0.667023 0.666592 0.727165 0.761433 0.695695 0.696820 0.713413 
0.714552 0.716700 0.699989 0.727916 0.740197 0.736268 0.712064 0.696758 0.707381 0.694270 
0.715856 0.729239 0.715440 0.706242 0.714283 0.715895 0.703518 0.743317 0.725923 0.760300 
0.829364 0.815437 0.775921 0.740893 0.747814 0.798927 0.816787 0.749525 0.708130 0.703623 
0.671583 0.653792 0.655348 0.676384 0.632276 0.658678 0.697410 0.607082 0.609242 0.695065 
0.735784 0.700962 0.717863 0.735233 0.737661 0.766046 0.732900 0.696728 0.683277 0.613105 
0.615984 0.689979 0.653702 0.658442 0.708509 0.660890 0.691671 0.708676 0.725729 0.782302 
0.789451 0.735520 0.673891 0.691133 0.577735 0.598366 0.530391 0.654838 0.794511 0.683763 
0.607116 0.627323 0.671187 0.682726 0.676412 0.677327 0.703348 0.652826 0.663455 0.650092 
0.626718 0.681199 0.701085 0.699188 0.694293 0.724954 0.736604 0.705580 0.673005 0.650969 
0.629565 0.709016 0.665232 0.615619 0.658632 0.654527 0.614593 0.670847 0.683104 0.738841 
0.369909 0.316154 0.472999 0.471546 0.377647 0.088728 0.092160 0.057439 0.360433 0.668396 
0.606387 0.630110 0.603386 0.654630 0.670360 0.694409 0.699968 0.696853 0.703117 0.704819 
0.652145 0.660530 0.677253 0.687724 0.662583 0.698724 0.707144 0.730587 0.738367 0.736763 
0.756719 0.667546 0.610644 0.637773 0.633840 0.664143 0.670760 0.694546 0.627079 0.762193 
0.299911 0.169459 0.548606 0.208960 0.100832 0.184139 0.176182 0.178920 0.165682 0.646944 
0.669769 0.670787 0.673122 0.637399 0.690728 0.736915 0.734892 0.646214 0.668124 0.724456 
0.701488 0.674470 0.710845 0.721378 0.716066 0.710643 0.641895 0.705011 0.752859 0.735826 
0.658621 0.618283 0.660529 0.718951 0.689675 0.695411 0.683365 0.737499 0.690948 0.589546 
0.723363 0.632917 0.653247 0.170756 0.222778 0.378287 0.637927 0.700361 0.737683 0.601606 
0.757534 0.583632 0.612628 0.626139 0.711533 0.745443 0.729576 0.705873 0.729879 0.684128 
0.709797 0.672461 0.652196 0.672279 0.682291 0.691289 0.647588 0.698374 0.692619 0.647628 
0.656449 0.680545 0.709906 0.750144 0.752774 0.735621 0.659228 0.560379 0.466674 0.620992 
0.904270 0.843989 0.595408 0.509062 0.421623 0.526881 0.681668 0.671066 0.545567 0.080153 
0.189027 0.626452 0.606880 0.613127 0.667580 0.729359 0.706627 0.717237 0.742178 0.685672 
0.716165 0.685533 0.633664 0.658564 0.660454 0.627545 0.643989 0.655402 0.706367 0.705058 
0.701033 0.740231 0.794382 0.831550 0.771040 0.664002 0.697640 0.586516 0.271759 0.477580 
0.821295 0.588139 0.530589 0.679035 0.549333 0.730699 0.723976 0.771511 0.322810 0.389926 
0.466145 0.631481 0.666260 0.632592 0.604065 0.618904 0.661946 0.692668 0.627987 0.545068 
0.544834 0.593323 0.634791 0.661153 0.607454 0.562310 0.656101 0.678576 0.670549 0.671950 
0.754074 0.772932 0.801315 0.802294 0.776272 0.681072 0.778696 0.589321 0.405187 0.538155 
0.671830 0.599536 0.651538 0.384717 0.329083 0.429880 0.457740 0.644895 0.781672 0.683685 
0.842321 0.646626 0.718218 0.578273 0.549723 0.610102 0.620158 0.596355 0.572580 0.462774 
0.562811 0.558114 0.621204 0.702615 0.677960 0.672650 0.682214 0.691944 0.652667 0.593669 
0.568935 0.547299 0.471537 0.358430 0.627110 0.776776 0.820762 0.542877 0.651147 0.693655 
0.692644 0.712949 0.814019 0.589989 0.646841 0.591505 0.642742 0.630326 0.699120 0.714340 
0.789745 0.801015 0.787913 0.639037 0.523091 0.549968 0.475789 0.372695 0.294692 0.620457 
0.670955 0.700717 0.758018 0.723778 0.707911 0.697193 0.643905 0.676953 0.637235 0.500244 
0.475912 0.381816 0.064057 0.018575 0.141937 0.574484 0.494599 0.537559 0.602647 0.721859 
0.850827 0.714054 0.707601 0.645726 0.634152 0.601940 0.683006 0.707848 0.554484 0.622252 
0.865756 0.799723 0.854335 0.687332 0.592118 0.668676 0.522454 0.105662 0.115067 0.499095 
0.458493 0.408471 0.404961 0.251181 0.411870 0.706342 0.568097 0.549436 0.447333 0.564331 
0.716210 0.298728 0.181594 0.173445 0.200561 0.331619 0.390099 0.464551 0.706929 0.766789 
0.813530 0.591679 0.632434 0.741213 0.631829 0.376793 0.747216 0.401358 0.308532 0.423710 
0.581249 0.550255 0.738327 0.574677 0.554659 0.637869 0.685228 0.312518 0.316537 0.294076 
0.292307 0.238460 0.201932 0.172587 0.090328 0.222550 0.591288 0.436175 0.244065 0.167538 
0.709674 0.509360 0.780901 0.596421 0.610341 0.577065 0.623539 0.472366 0.445618 0.549660 
0.840151 0.802387 0.482660 0.595532 0.901885 0.720633 0.713329 0.681102 0.560856 0.524751 
0.740889 0.468074 0.643338 0.514752 0.649666 0.782817 0.818544 0.640874 0.822366 0.336298 
0.119912 0.360875 0.309893 0.376919 0.478027 0.127052 0.474462 0.480710 0.142918 0.502701 
0.707047 0.610581 0.789072 0.682587 0.812858 0.926657 0.624785 0.782440 0.656701 0.672372 
0.848864 0.803729 0.694604 0.744942 0.892148 0.863479 0.717836 0.690244 0.763794 0.564246 
0.751952 0.515414 0.332164 0.203198 0.331694 0.476292 0.705412 0.783099 0.823302 0.341333 
0.506281 0.472927 0.499008 0.420981 0.340272 0.640146 0.595638 0.613885 0.477038 0.544432 
0.650016 0.595143 0.575540 0.720691 0.754077 0.796438 0.768573 0.924971 0.920039 0.805754 
0.814908 0.745017 0.636708 0.660024 0.698098 0.655051 0.695159 0.752053 0.730852 0.893156 
0.709842 0.692281 0.614199 0.577421 0.352777 0.197696 0.541539 0.730905 0.643178 0.459997 
0.723084 0.659662 0.513021 0.339424 0.421432 0.735976 0.563868 0.539506 0.908688 0.868893 
0.722789 0.400604 0.418225 0.513076 0.863209 0.679611 0.791871 0.844076 0.866989 0.863266 
0.857547 0.859343 0.652471 0.804471 0.809053 0.864853 0.815857 0.680251 0.618632 0.894406 
0.690206 0.582037 0.711179 0.510897 0.490919 0.275993 0.637900 0.884784 0.775101 0.575131 
0.672862 0.685385 0.559021 0.310370 0.720164 0.717739 0.719669 0.752973 0.635398 0.664099 
0.791179 0.634441 0.455708 0.627511 0.811635 0.645275 0.546779 0.784736 0.703751 0.733362 
0.785024 0.785029 0.777682 0.835384 0.817067 0.839371 0.829093 0.647289 0.590890 0.818997 
0.523188 0.585627 0.722124 0.661478 0.638407 0.660979 0.771282 0.699851 0.800410 0.667525 
0.854880 0.846869 0.795924 0.646700 0.911074 0.892168 0.662400 0.716912 0.684765 0.671161 
0.605455 0.744581 0.537678 0.431618 0.211792 0.439463 0.529842 0.711245 0.464642 0.629464 
0.753739 0.811054 0.682622 0.663326 0.802224 0.818350 0.865914 0.707225 0.823278 0.894304 
0.690806 0.676597 0.759466 0.804999 0.808818 0.876216 0.606274 0.602829 0.811441 0.719476 
0.582665 0.719648 0.752780 0.904475 0.548476 0.751829 0.719280 0.668661 0.437490 0.455303 
0.571746 0.542566 0.575056 0.401224 0.424395 0.450735 0.453295 0.680311 0.606788 0.389785 
0.748904 0.831671 0.516401 0.341872 0.562964 0.776607 0.830671 0.764377 0.789156 0.899580 
0.779607 0.718228 0.832889 0.867321 0.886801 0.883127 0.807653 0.865558 0.790433 0.811526 
0.771692 0.711816 0.678356 0.708930 0.736192 0.733822 0.431242 0.497951 0.310095 0.588802 
0.707669 0.737889 0.835636 0.699237 0.675645 0.688908 0.554674 0.548649 0.726163 0.728523 
0.803660 0.863526 0.740360 0.454716 0.542851 0.757716 0.604828 0.344998 0.256566 0.610148 
0.794995 0.798692 0.793264 0.922857 0.909459 0.837043 0.884492 0.797269 0.680298 0.809086 
0.786448 0.782512 0.697432 0.669191 0.650290 0.573567 0.551225 0.589525 0.393309 0.671898 
0.797268 0.880044 0.762163 0.501838 0.695570 0.808209 0.817496 0.703901 0.748861 0.911333 
0.810376 0.856525 0.848846 0.709597 0.624159 0.800460 0.608236 0.388072 0.346582 0.634909 
0.804715 0.875858 0.763233 0.637886 0.428574 0.468406 0.675530 0.727404 0.615402 0.586842 
0.649885 0.645743 0.688826 0.448883 0.710408 0.794765 0.724854 0.703269 0.666778 0.802122 
0.653263 0.733243 0.726269 0.595019 0.620925 0.588103 0.565178 0.586894 0.707163 0.695853 
0.784147 0.899162 0.856532 0.773117 0.643211 0.792757 0.857624 0.850680 0.802814 0.796683 
0.840205 0.787005 0.547189 0.556065 0.421306 0.273924 0.428351 0.546341 0.773329 0.673661 
0.488720 0.743577 0.774623 0.612000 0.665740 0.499232 0.705716 0.612542 0.693625 0.587915 
0.512863 0.724621 0.715188 0.682316 0.733299 0.737331 0.781851 0.781465 0.769620 0.830220 
0.265757 0.308771 0.260817 0.221871 0.293021 0.285124 0.276949 0.254309 0.274686 0.282869 
0.316393 0.374007 0.371813 0.249498 0.226328 0.343312 0.276545 0.322613 0.388663 0.349821 
0.376722 0.334514 0.308485 0.339724 0.338248 0.310551 0.244298 0.276262 0.350724 0.334403 
0.204398 0.284796 0.263253 0.299099 0.291894 0.292014 0.312752 0.326518 0.460373 0.325320 
0.571263 0.767247 0.708704 0.692997 0.752201 0.750116 0.675312 0.603513 0.696010 0.735527 
0.713237 0.697398 0.642314 0.496419 0.423922 0.552106 0.584089 0.611609 0.554960 0.641738 
0.667232 0.631955 0.631176 0.634297 0.616487 0.625934 0.553993 0.620435 0.664944 0.635360 
0.501075 0.558641 0.581406 0.612909 0.649128 0.685271 0.706749 0.697705 0.708860 0.529325 
0.634287 0.785459 0.843630 0.818075 0.790212 0.777208 0.671826 0.705565 0.723828 0.795718 
0.785636 0.707600 0.681394 0.632669 0.565472 0.603955 0.710782 0.656989 0.675645 0.644216 
0.667905 0.665792 0.696341 0.675021 0.659370 0.679696 0.704425 0.756467 0.694559 0.681714 
0.702469 0.710936 0.728204 0.710306 0.748626 0.675897 0.698946 0.791142 0.720064 0.541697 
0.543307 0.646911 0.774823 0.660774 0.368945 0.562169 0.606977 0.607151 0.600799 0.668093 
0.660267 0.490521 0.499819 0.466126 0.539255 0.532042 0.530412 0.597731 0.532924 0.482934 
0.632505 0.605799 0.553337 0.563501 0.604109 0.593330 0.608656 0.584085 0.554339 0.598341 
0.585653 0.606799 0.554434 0.585862 0.552301 0.516080 0.621161 0.684696 0.620265 0.461298 
0.482675 0.583257 0.654350 0.408810 0.113900 0.327813 0.575504 0.561854 0.522266 0.542360 
0.556953 0.539888 0.477485 0.375795 0.525436 0.563591 0.530769 0.567235 0.524966 0.553097 
0.508036 0.500401 0.541801 0.520967 0.533624 0.560574 0.566294 0.522208 0.517983 0.578305 
0.434606 0.447346 0.455070 0.520831 0.498407 0.563047 0.609228 0.586545 0.564071 0.420700 
0.476314 0.572442 0.615394 0.639596 0.615897 0.666208 0.602220 0.622157 0.512926 0.413136 
0.546016 0.578247 0.487460 0.407624 0.463092 0.595127 0.627572 0.548151 0.572578 0.467109 
0.378536 0.539793 0.634976 0.566441 0.491583 0.339358 0.441523 0.542747 0.525857 0.510890 
0.485636 0.485133 0.509439 0.497398 0.570636 0.610273 0.604985 0.621806 0.568572 0.452251 
0.516109 0.572805 0.650230 0.736470 0.713650 0.608129 0.497971 0.586179 0.602561 0.582204 
0.561339 0.458743 0.243206 0.483996 0.495189 0.589877 0.570118 0.545003 0.539723 0.422625 
0.439574 0.536632 0.658684 0.633020 0.549250 0.280451 0.409552 0.558350 0.576871 0.470888 
0.525390 0.537567 0.549034 0.545930 0.576387 0.528809 0.545806 0.645984 0.556898 0.458402 
0.521295 0.585106 0.584498 0.615624 0.604800 0.628307 0.650776 0.628841 0.660364 0.661904 
0.543358 0.398680 0.355675 0.566442 0.620003 0.637957 0.567140 0.471227 0.438115 0.518696 
0.498727 0.478604 0.581263 0.584962 0.498485 0.514131 0.526923 0.539757 0.598712 0.538681 
0.518715 0.535420 0.564174 0.477361 0.532890 0.576231 0.574593 0.518787 0.516377 0.472126 
0.575375 0.499953 0.423534 0.446863 0.553923 0.606269 0.617472 0.583333 0.578602 0.585574 
0.524538 0.419877 0.544285 0.608987 0.586912 0.556249 0.516259 0.512889 0.520746 0.581995 
0.519469 0.462765 0.408146 0.483454 0.445184 0.525645 0.515787 0.517315 0.467727 0.533066 
0.520930 0.545694 0.534220 0.507899 0.537803 0.548117 0.497585 0.524976 0.552395 0.483725 
0.554431 0.475430 0.632314 0.632728 0.609288 0.532941 0.519369 0.580588 0.568974 0.487511 
0.451585 0.539684 0.543691 0.583512 0.667006 0.602835 0.562183 0.577512 0.596587 0.566824 
0.567447 0.523418 0.464573 0.362253 0.508683 0.594509 0.578845 0.444534 0.474176 0.536478 
0.585007 0.581163 0.534983 0.513185 0.570032 0.536372 0.468509 0.599803 0.598068 0.492158 
0.524083 0.523044 0.691089 0.694314 0.642741 0.573719 0.594144 0.619877 0.578589 0.455665 
0.348825 0.546741 0.520736 0.580262 0.708054 0.730817 0.665810 0.556690 0.379679 0.440570 
0.645344 0.598767 0.545877 0.496562 0.594209 0.626680 0.604552 0.472833 0.489349 0.497222 
0.544920 0.562128 0.575290 0.543677 0.559456 0.553398 0.605044 0.643971 0.604615 0.453557 
0.550324 0.537762 0.657980 0.681698 0.622186 0.564133 0.602970 0.527637 0.579605 0.544848 
0.619548 0.577044 0.614956 0.684882 0.686133 0.789703 0.816305 0.745796 0.345422 0.354755 
0.538156 0.611817 0.553159 0.606884 0.587559 0.534717 0.465983 0.417750 0.379907 0.475354 
0.460468 0.531353 0.599249 0.588951 0.588207 0.582692 0.586851 0.591157 0.562485 0.456489 
0.483548 0.564009 0.592042 0.610569 0.618828 0.623561 0.569669 0.514678 0.574715 0.593699 
0.625353 0.552643 0.641023 0.852814 0.448912 0.088754 0.743300 0.893314 0.693396 0.518487 
0.457769 0.541005 0.565358 0.610330 0.402431 0.337254 0.463036 0.530953 0.505096 0.438105 
0.382009 0.472678 0.572926 0.604482 0.566098 0.554978 0.539149 0.524104 0.535595 0.437115 
0.508723 0.579363 0.663158 0.487237 0.605522 0.649409 0.507837 0.474663 0.510097 0.514790 
0.539729 0.658786 0.756910 0.781779 0.273132 0.099270 0.165876 0.625470 0.850842 0.613428 
0.561288 0.575772 0.560534 0.521783 0.453066 0.462312 0.563597 0.547047 0.577816 0.537911 
0.437549 0.454626 0.506828 0.577366 0.546757 0.558447 0.629889 0.513904 0.503199 0.449262 
0.464234 0.505463 0.662876 0.627101 0.637111 0.606647 0.343834 0.241821 0.441533 0.481179 
0.444159 0.590172 0.593995 0.412215 0.314017 0.155702 0.121541 0.523315 0.737504 0.700824 
0.513343 0.414539 0.499602 0.508575 0.518974 0.527890 0.520711 0.547445 0.559919 0.558532 
0.504238 0.485106 0.502938 0.535244 0.490505 0.607407 0.613633 0.480761 0.379656 0.375782 
0.524920 0.524297 0.673220 0.653775 0.641200 0.587953 0.524459 0.515695 0.519614 0.569012 
0.587536 0.519955 0.468907 0.379516 0.391309 0.194830 0.100076 0.211083 0.558077 0.583353 
0.550566 0.540285 0.592012 0.643334 0.601310 0.552964 0.554298 0.526845 0.455778 0.536594 
0.573395 0.575342 0.472019 0.442289 0.471458 0.547350 0.545508 0.417907 0.284541 0.380129 
0.473032 0.589935 0.707021 0.634436 0.609539 0.612657 0.608400 0.556926 0.460007 0.547935 
0.578260 0.485421 0.496480 0.522873 0.620288 0.642767 0.606646 0.395683 0.256947 0.446738 
0.514243 0.615418 0.525733 0.560988 0.509125 0.592328 0.565163 0.449806 0.308056 0.325560 
0.568052 0.554090 0.536584 0.486137 0.476252 0.472919 0.471130 0.376576 0.418780 0.467967 
0.524738 0.531903 0.630877 0.640141 0.559395 0.646523 0.641648 0.496674 0.473345 0.510544 
0.470361 0.517226 0.608767 0.603913 0.616465 0.640063 0.642489 0.523024 0.379931 0.483356 
0.508561 0.554315 0.518030 0.502105 0.541882 0.548145 0.476059 0.443111 0.326886 0.357446 
0.494376 0.615479 0.639045 0.632175 0.561186 0.518767 0.510903 0.490053 0.619579 0.491619 
0.544912 0.585347 0.710337 0.581577 0.518547 0.574504 0.693159 0.675197 0.596294 0.493217 
0.456838 0.509886 0.546212 0.544601 0.539863 0.570006 0.603163 0.488872 0.408838 0.412065 
0.503513 0.566446 0.554642 0.562542 0.528147 0.553254 0.472300 0.448410 0.500683 0.433615 
0.438139 0.572028 0.588281 0.598174 0.597031 0.586171 0.602207 0.643795 0.655455 0.486853 
0.557966 0.662226 0.740155 0.651584 0.518782 0.536404 0.737357 0.733958 0.668227 0.567946 
0.488691 0.487631 0.471244 0.570670 0.519361 0.517538 0.537099 0.378730 0.405803 0.415909 
0.541198 0.599787 0.619487 0.569673 0.481204 0.544592 0.585684 0.588658 0.560509 0.392146 
0.355624 0.514761 0.526596 0.536593 0.553262 0.524658 0.551561 0.588983 0.585992 0.484641 
0.579104 0.740542 0.792408 0.884094 0.785983 0.516436 0.444458 0.666103 0.805017 0.779560 
0.570522 0.575066 0.541240 0.548951 0.530838 0.537116 0.543404 0.526130 0.548328 0.453445 
0.396601 0.532869 0.579450 0.541689 0.517865 0.540176 0.570956 0.611390 0.549377 0.517092 
0.532880 0.558894 0.544786 0.510334 0.479805 0.456597 0.424796 0.537461 0.537837 0.436959 
0.414858 0.698614 0.908358 0.949152 0.583828 0.242531 0.296010 0.085623 0.386221 0.799103 
0.747853 0.642173 0.520241 0.528092 0.555253 0.591069 0.553467 0.491174 0.486878 0.495562 
0.492435 0.510957 0.522303 0.549994 0.532127 0.547780 0.520632 0.561968 0.620015 0.644786 
0.628256 0.420045 0.414490 0.496818 0.458341 0.478290 0.519642 0.580402 0.570232 0.455431 
0.215612 0.243922 0.932738 0.520755 0.229269 0.772144 0.971086 0.745281 0.171254 0.455890 
0.894386 0.724620 0.625629 0.559982 0.583326 0.631325 0.539360 0.391029 0.453609 0.518610 
0.543681 0.500149 0.531369 0.581158 0.610435 0.596695 0.514759 0.533772 0.594019 0.574120 
0.498898 0.441025 0.505471 0.626882 0.615574 0.594265 0.633110 0.655937 0.691362 0.352454 
0.629009 0.361941 0.583954 0.275611 0.612175 0.954483 0.975478 0.899141 0.212799 0.284135 
0.789568 0.789353 0.671854 0.561627 0.575081 0.570949 0.544449 0.593603 0.632290 0.529105 
0.524355 0.468556 0.441525 0.508875 0.539716 0.516310 0.494633 0.518355 0.523920 0.469366 
0.464012 0.558160 0.605734 0.651917 0.624669 0.611703 0.625898 0.700406 0.733821 0.522083 
0.340763 0.122873 0.305393 0.189082 0.458550 0.596829 0.782029 0.474836 0.171573 0.034968 
0.184246 0.790533 0.824118 0.613998 0.497224 0.477850 0.556183 0.647822 0.635123 0.521597 
0.545290 0.475603 0.501959 0.548777 0.490957 0.427815 0.461379 0.448182 0.488871 0.545718 
0.582258 0.626774 0.687417 0.753734 0.719734 0.710733 0.768895 0.836878 0.428285 0.326528 
0.401848 0.336782 0.451850 0.405029 0.485979 0.259257 0.448550 0.512741 0.386427 0.177423 
0.217196 0.509302 0.697978 0.611992 0.491757 0.445705 0.538349 0.553226 0.473242 0.403017 
0.333902 0.302560 0.404005 0.467547 0.421726 0.397505 0.491262 0.565398 0.528072 0.510393 
0.585411 0.633097 0.677875 0.711321 0.765863 0.842519 0.827831 0.330263 0.217299 0.421577 
0.405947 0.547168 0.760064 0.451164 0.275560 0.328366 0.580295 0.557949 0.543358 0.278997 
0.196331 0.335202 0.593250 0.596153 0.552935 0.563599 0.525589 0.473910 0.548460 0.504754 
0.479255 0.457335 0.481213 0.442605 0.465837 0.528487 0.539543 0.599719 0.604287 0.588623 
0.554562 0.730407 0.584850 0.455595 0.828629 0.855578 0.577504 0.150475 0.627024 0.700220 
0.603608 0.630251 0.826964 0.332241 0.529503 0.646747 0.776692 0.652323 0.808631 0.605744 
0.222863 0.367582 0.721589 0.652795 0.633575 0.625700 0.554625 0.625887 0.610417 0.808031 
0.918153 0.880155 0.842228 0.774069 0.736683 0.696711 0.611841 0.652163 0.775781 0.809151 
0.764152 0.719508 0.194351 0.235816 0.401790 0.662181 0.395704 0.088754 0.535395 0.434610 
0.679990 0.487336 0.555684 0.307557 0.394340 0.214165 0.472363 0.536299 0.656977 0.214328 
0.169044 0.360737 0.801542 0.701536 0.753330 0.705581 0.769294 0.249238 0.125959 0.451204 
0.892495 0.865413 0.860407 0.693167 0.779374 0.862989 0.870882 0.859347 0.896737 0.935203 
0.816406 0.280648 0.310952 0.936935 0.559504 0.441127 0.475227 0.249985 0.221743 0.176696 
0.395237 0.312096 0.335955 0.451269 0.623946 0.276088 0.208490 0.334994 0.357124 0.505487 
0.503887 0.303535 0.844605 0.807948 0.825033 0.678898 0.686250 0.157421 0.135707 0.299798 
0.927911 0.932123 0.850307 0.255123 0.123549 0.609607 0.945651 0.967189 0.715312 0.323971 
0.457380 0.116119 0.693201 0.822482 0.166122 0.164295 0.246020 0.705185 0.658740 0.334619 
0.261921 0.407139 0.382286 0.472109 0.627915 0.334719 0.112865 0.341262 0.405182 0.282126 
0.361426 0.286687 0.783824 0.782114 0.835862 0.784972 0.435668 0.121531 0.328755 0.276318 
0.541906 0.557420 0.338535 0.454041 0.703181 0.225631 0.726509 0.890803 0.296569 0.160738 
0.405658 0.208559 0.787595 0.685520 0.378337 0.354072 0.097949 0.838136 0.925541 0.613872 
0.605130 0.677425 0.751492 0.729189 0.512297 0.417130 0.413923 0.259508 0.260916 0.468717 
0.127542 0.260400 0.556782 0.436199 0.491974 0.648198 0.215375 0.161472 0.833942 0.742116 
0.728589 0.449495 0.297776 0.739938 0.698423 0.203014 0.521532 0.365172 0.192076 0.496761 
0.318247 0.439569 0.505690 0.750022 0.820356 0.362757 0.139737 0.715250 0.793678 0.669069 
0.606578 0.478996 0.563424 0.723079 0.555340 0.339908 0.463993 0.323399 0.182761 0.315119 
0.137165 0.174456 0.422976 0.420995 0.552798 0.287784 0.241185 0.131630 0.602098 0.583887 
0.619600 0.481737 0.529053 0.500940 0.500587 0.203971 0.221024 0.157857 0.251657 0.214797 
0.400218 0.262883 0.184748 0.346429 0.768584 0.540348 0.399627 0.667133 0.730686 0.636354 
0.579764 0.465271 0.249761 0.706432 0.852394 0.648426 0.285054 0.211758 0.405244 0.508195 
0.427097 0.478379 0.310779 0.272204 0.472305 0.389215 0.385642 0.558602 0.605495 0.341979 
0.461249 0.494665 0.561070 0.398607 0.263968 0.380640 0.254267 0.610388 0.649036 0.505839 
0.800168 0.595500 0.139423 0.311370 0.570154 0.694941 0.672463 0.744850 0.715106 0.420447 
0.350098 0.292894 0.628783 0.771754 0.786345 0.723320 0.451090 0.385804 0.616144 0.844441 
0.687869 0.733543 0.835147 0.766692 0.608302 0.324536 0.502398 0.418336 0.497504 0.270623 
0.296523 0.297233 0.459104 0.558924 0.250809 0.321880 0.094406 0.473284 0.882276 0.911307 
0.825309 0.737201 0.741643 0.702860 0.466919 0.534329 0.635527 0.777802 0.749745 0.539558 
0.404789 0.403254 0.720194 0.567607 0.485189 0.472431 0.701237 0.692798 0.655884 0.687111 
0.471589 0.275136 0.590573 0.789166 0.714030 0.450710 0.109412 0.200346 0.653932 0.672241 
0.211534 0.111297 0.277107 0.535909 0.296392 0.367116 0.294948 0.281666 0.305293 0.632301 
0.569180 0.541347 0.808696 0.624879 0.466181 0.379300 0.722594 0.914732 0.891249 0.307135 
0.516244 0.521029 0.352060 0.150836 0.201518 0.565677 0.750002 0.664870 0.618653 0.591280 
0.415458 0.532214 0.638402 0.838785 0.854233 0.819215 0.794370 0.336642 0.272940 0.654741 
0.726259 0.738417 0.735875 0.477591 0.597565 0.763614 0.271711 0.313663 0.465703 0.745805 
0.425973 0.586868 0.883137 0.514464 0.133928 0.109996 0.453721 0.643562 0.695577 0.202331 
0.476916 0.374790 0.375091 0.498489 0.291251 0.716408 0.685845 0.439569 0.235753 0.364270 
0.486336 0.601142 0.793239 0.800969 0.846661 0.736577 0.814210 0.856411 0.714526 0.768369 
0.856881 0.942388 0.935833 0.696695 0.262892 0.225023 0.616874 0.794951 0.538486 0.201715 
0.189404 0.587259 0.537240 0.219731 0.112353 0.133148 0.384173 0.288261 0.335456 0.257186 
0.692219 0.709213 0.615227 0.506702 0.183792 0.776883 0.901241 0.334404 0.125781 0.425894 
0.843835 0.721234 0.860038 0.848943 0.707706 0.607363 0.682585 0.837212 0.767584 0.773732 
0.869837 0.803026 0.622134 0.169807 0.099639 0.126283 0.634041 0.735877 0.426654 0.444019 
0.222278 0.372063 0.231367 0.497190 0.708267 0.643901 0.540209 0.657200 0.789103 0.383070 
0.333739 0.683145 0.667218 0.312989 0.127818 0.476608 0.696577 0.127335 0.066764 0.174646 
0.737130 0.405164 0.411190 0.516588 0.171794 0.297479 0.390138 0.330540 0.590838 0.392096 
0.225591 0.516336 0.641740 0.514904 0.540491 0.382381 0.554072 0.603954 0.586661 0.494467 
0.449496 0.537463 0.447807 0.618566 0.772885 0.795219 0.803145 0.864789 0.779061 0.388663 
0.224947 0.291866 0.321575 0.277497 0.206556 0.203922 0.193852 0.180426 0.183470 0.186825 
0.177576 0.186522 0.212225 0.237792 0.261663 0.160793 0.192869 0.155166 0.126095 0.131832 
0.101504 0.110384 0.120087 0.113124 0.107218 0.105349 0.132058 0.137600 0.124259 0.140394 
0.209420 0.126945 0.147732 0.113066 0.121865 0.119581 0.129575 0.140335 0.111332 0.192462 
0.376625 0.249337 0.271144 0.210657 0.135947 0.121818 0.119493 0.150545 0.148428 0.117217 
0.103981 0.116271 0.133404 0.180647 0.283505 0.228022 0.150460 0.183945 0.109364 0.105727 
0.082886 0.074307 0.077862 0.077842 0.070328 0.073890 0.086221 0.106056 0.084091 0.095379 
0.153257 0.147810 0.111540 0.103049 0.092836 0.083662 0.076714 0.087756 0.090642 0.246910 
0.562405 0.569706 0.479513 0.347753 0.299767 0.278722 0.312692 0.258105 0.338298 0.286647 
0.262797 0.302473 0.302670 0.349605 0.458720 0.414844 0.297753 0.239495 0.272766 0.220798 
0.198608 0.200162 0.206428 0.161456 0.190063 0.186538 0.206143 0.220190 0.196328 0.232985 
0.278067 0.264493 0.238872 0.253077 0.236405 0.230794 0.230441 0.235027 0.208686 0.422873 
0.618164 0.695240 0.581948 0.438649 0.495271 0.332911 0.379086 0.378544 0.366175 0.290858 
0.301723 0.347954 0.379765 0.450714 0.331952 0.417138 0.372170 0.332277 0.299776 0.322123 
0.293669 0.219634 0.212698 0.217868 0.195877 0.187898 0.200981 0.249769 0.273497 0.260700 
0.286162 0.274725 0.257695 0.264626 0.275069 0.255842 0.301661 0.342197 0.237685 0.432890 
0.563589 0.683898 0.590641 0.355330 0.360864 0.388480 0.378910 0.363742 0.284171 0.346777 
0.346267 0.348893 0.385271 0.431269 0.345573 0.352026 0.335942 0.315089 0.354770 0.348866 
0.261800 0.260295 0.281204 0.270808 0.214300 0.211910 0.232137 0.272175 0.256701 0.267908 
0.243454 0.239855 0.278856 0.309738 0.285605 0.292720 0.286640 0.349719 0.255066 0.383866 
0.542967 0.705776 0.570868 0.266876 0.288269 0.426120 0.390335 0.311496 0.330903 0.399482 
0.435295 0.356804 0.355537 0.331658 0.361529 0.324979 0.325827 0.301581 0.331773 0.277989 
0.308964 0.283014 0.287178 0.275794 0.230700 0.246163 0.278074 0.295309 0.260443 0.243161 
0.275724 0.256913 0.264572 0.304013 0.293993 0.294103 0.295861 0.352010 0.231763 0.357859 
0.591831 0.663642 0.613913 0.416143 0.412966 0.441669 0.349603 0.337856 0.323223 0.368605 
0.322331 0.387605 0.410976 0.395922 0.337690 0.306842 0.292110 0.313801 0.328062 0.299691 
0.326438 0.266437 0.255591 0.238736 0.232394 0.298427 0.283274 0.276990 0.274327 0.307583 
0.287457 0.284376 0.283945 0.294921 0.273193 0.241938 0.259569 0.330370 0.261514 0.360675 
0.597448 0.665368 0.580864 0.439849 0.376820 0.431461 0.368530 0.355834 0.343766 0.273256 
0.336406 0.322473 0.341627 0.347525 0.368161 0.287126 0.261382 0.257608 0.343851 0.315783 
0.303271 0.303330 0.296683 0.279268 0.258443 0.280338 0.306301 0.266176 0.312399 0.286572 
0.306727 0.308603 0.314727 0.237583 0.285127 0.247501 0.256905 0.289897 0.232058 0.327202 
0.562855 0.639134 0.450007 0.401421 0.494421 0.426146 0.367240 0.388024 0.365463 0.307775 
0.303146 0.271913 0.381255 0.312302 0.307882 0.336007 0.280232 0.236394 0.248132 0.280151 
0.255269 0.329024 0.313231 0.309612 0.285421 0.320713 0.277389 0.300997 0.299415 0.314591 
0.265466 0.296928 0.272233 0.252285 0.245115 0.253996 0.236487 0.304534 0.238409 0.328558 
0.526441 0.626496 0.543860 0.363463 0.445378 0.385176 0.297415 0.337256 0.368228 0.355395 
0.320374 0.326011 0.300266 0.286652 0.301767 0.344104 0.289623 0.218253 0.244075 0.247484 
0.287024 0.246585 0.310339 0.308190 0.299996 0.281108 0.256433 0.275069 0.333716 0.310947 
0.273379 0.293551 0.282094 0.262706 0.296973 0.297160 0.268019 0.324696 0.233816 0.342471 
0.555325 0.616863 0.517461 0.410142 0.407414 0.419943 0.324061 0.293044 0.305108 0.329402 
0.316042 0.258905 0.233950 0.242665 0.160614 0.182013 0.234230 0.286830 0.256271 0.286387 
0.318912 0.266007 0.256013 0.263628 0.289944 0.271809 0.224999 0.275615 0.326030 0.290541 
0.271001 0.296979 0.295896 0.284278 0.309357 0.300039 0.316282 0.311263 0.226350 0.332130 
0.548761 0.515371 0.509092 0.414931 0.387078 0.397783 0.370554 0.291547 0.345698 0.272478 
0.247894 0.243225 0.245233 0.144365 0.056298 0.063364 0.092385 0.201309 0.337539 0.332417 
0.281854 0.267163 0.271360 0.227208 0.261781 0.278078 0.236424 0.277515 0.312832 0.344447 
0.318208 0.337532 0.314806 0.293439 0.293379 0.284669 0.350003 0.406015 0.243078 0.370689 
0.520960 0.560030 0.456841 0.384257 0.355238 0.360394 0.358713 0.298047 0.334946 0.272218 
0.218243 0.297758 0.377268 0.105658 0.145943 0.254006 0.122353 0.209797 0.281292 0.246294 
0.258645 0.253728 0.233282 0.214879 0.207371 0.229877 0.289523 0.249847 0.277063 0.315967 
0.318587 0.335547 0.302929 0.288440 0.259023 0.289063 0.383223 0.459406 0.312307 0.417844 
0.495746 0.529799 0.452595 0.338171 0.352159 0.274034 0.277620 0.245272 0.320574 0.350093 
0.316102 0.354953 0.346496 0.136893 0.143251 0.475365 0.289352 0.503827 0.350518 0.274518 
0.254888 0.234834 0.201447 0.220787 0.236196 0.231242 0.266742 0.256514 0.268989 0.301176 
0.311256 0.315462 0.284735 0.292674 0.291222 0.288997 0.423612 0.421827 0.327996 0.551821 
0.511899 0.599260 0.484918 0.322025 0.282524 0.250144 0.215022 0.280878 0.404494 0.315664 
0.312705 0.355420 0.372249 0.205999 0.674867 0.444799 0.701698 0.340603 0.386364 0.259098 
0.219695 0.229965 0.213856 0.231122 0.216194 0.249160 0.295472 0.308471 0.238775 0.246482 
0.267293 0.287801 0.292491 0.319503 0.269505 0.292794 0.376260 0.395094 0.350629 0.558399 
0.540298 0.518242 0.436753 0.298794 0.214980 0.236423 0.242109 0.229095 0.328851 0.259953 
0.258914 0.300463 0.366388 0.227269 0.272088 0.487042 0.480695 0.567290 0.383047 0.221701 
0.266078 0.213720 0.215722 0.211327 0.243391 0.273191 0.304419 0.309878 0.247548 0.278535 
0.303590 0.309132 0.264293 0.251547 0.292789 0.302124 0.352276 0.376451 0.328834 0.444928 
0.466952 0.597929 0.438048 0.297447 0.314677 0.251166 0.221102 0.218040 0.332178 0.285400 
0.225178 0.265003 0.325259 0.224962 0.153125 0.145929 0.194857 0.402436 0.273020 0.285680 
0.306071 0.231668 0.219127 0.250208 0.258536 0.274341 0.284693 0.259348 0.325757 0.303298 
0.322009 0.240780 0.248972 0.212084 0.220840 0.256896 0.288317 0.335725 0.253725 0.423161 
0.509750 0.454262 0.479039 0.359923 0.275212 0.272391 0.230828 0.253549 0.253767 0.267955 
0.232877 0.289237 0.289506 0.226494 0.187160 0.216605 0.238175 0.239585 0.272192 0.235276 
0.234585 0.264026 0.279666 0.257635 0.269421 0.225558 0.252320 0.291178 0.254202 0.304395 
0.258701 0.256460 0.232658 0.232792 0.213604 0.228802 0.255715 0.310194 0.201736 0.305246 
0.502454 0.554344 0.500059 0.350626 0.280229 0.254613 0.215815 0.168905 0.177992 0.217628 
0.267125 0.258019 0.250282 0.233566 0.234485 0.260532 0.286763 0.220390 0.229415 0.272470 
0.229793 0.273472 0.259434 0.264990 0.238078 0.239945 0.283850 0.271584 0.231108 0.219362 
0.279511 0.273746 0.245034 0.218011 0.223916 0.225988 0.244754 0.299237 0.205736 0.259088 
0.478001 0.466816 0.483064 0.365245 0.215351 0.186030 0.161640 0.154018 0.172494 0.201977 
0.217285 0.205385 0.245376 0.246931 0.242990 0.234436 0.242683 0.273256 0.255242 0.307819 
0.247183 0.244863 0.269177 0.266536 0.270181 0.261844 0.259382 0.239968 0.190178 0.207659 
0.262022 0.266773 0.220622 0.238776 0.238929 0.210043 0.241848 0.256864 0.203682 0.267989 
0.415681 0.398210 0.376988 0.270099 0.074741 0.052008 0.073980 0.092021 0.137726 0.158381 
0.208738 0.207664 0.220768 0.232610 0.212134 0.241547 0.238281 0.259000 0.255257 0.250302 
0.274942 0.258012 0.264443 0.255240 0.245516 0.244101 0.247614 0.214541 0.216116 0.216055 
0.247481 0.224956 0.207624 0.197236 0.200073 0.204993 0.176869 0.242657 0.186985 0.215306 
0.538229 0.357792 0.376304 0.122069 0.067143 0.079924 0.235858 0.164542 0.367988 0.292967 
0.289373 0.266410 0.230366 0.270940 0.239773 0.289946 0.262713 0.227598 0.294837 0.295562 
0.228758 0.219505 0.247993 0.246902 0.225770 0.219906 0.206536 0.234046 0.254512 0.202960 
0.200649 0.185640 0.167960 0.176496 0.185335 0.175478 0.191591 0.199245 0.099812 0.186791 
0.783379 0.678835 0.671559 0.379528 0.237385 0.127797 0.145131 0.305344 0.371289 0.465679 
0.291117 0.288054 0.298753 0.256512 0.276712 0.263426 0.282037 0.297848 0.253670 0.267365 
0.208988 0.196724 0.232092 0.233487 0.211389 0.198192 0.178033 0.233581 0.210365 0.175250 
0.156927 0.174138 0.177096 0.164875 0.173992 0.179264 0.163285 0.159637 0.088247 0.159728 
0.797485 0.760758 0.589258 0.772765 0.514417 0.557766 0.585510 0.623287 0.515178 0.549397 
0.286926 0.288306 0.324437 0.267156 0.284989 0.295705 0.266173 0.219842 0.213361 0.180456 
0.199425 0.185709 0.175326 0.187069 0.155656 0.160829 0.164687 0.170844 0.165032 0.187810 
0.181342 0.176242 0.157914 0.152467 0.182655 0.232134 0.176512 0.131601 0.072568 0.177068 
0.767648 0.707324 0.350327 0.866593 0.762925 0.658847 0.421580 0.443919 0.832197 0.656329 
0.324971 0.537278 0.399287 0.289024 0.261622 0.301480 0.238038 0.188591 0.197033 0.178750 
0.172452 0.158205 0.114438 0.127904 0.143840 0.132385 0.156112 0.165919 0.185298 0.173147 
0.165674 0.141716 0.164191 0.169850 0.175460 0.151919 0.187419 0.167227 0.333828 0.468945 
0.393537 0.192619 0.275540 0.556378 0.337929 0.194469 0.480813 0.524923 0.581234 0.688157 
0.364327 0.453154 0.458499 0.320819 0.262084 0.208599 0.187700 0.163968 0.131699 0.106227 
0.121379 0.185558 0.155767 0.141207 0.121051 0.167666 0.157792 0.164619 0.175344 0.181448 
0.181079 0.144274 0.088296 0.088880 0.113561 0.175053 0.130472 0.364043 0.649087 0.509183 
0.195830 0.245169 0.238524 0.351824 0.386150 0.293775 0.181150 0.298088 0.660035 0.622053 
0.372953 0.449369 0.421159 0.277654 0.198997 0.206271 0.151511 0.100916 0.063524 0.085296 
0.126914 0.151687 0.154902 0.169383 0.151527 0.145860 0.155763 0.134275 0.156715 0.188731 
0.122978 0.045211 0.032138 0.030721 0.075504 0.389877 0.297722 0.517972 0.654176 0.628891 
0.217305 0.233713 0.318946 0.604874 0.646226 0.566955 0.484722 0.113723 0.740278 0.790614 
0.358989 0.484571 0.267138 0.234979 0.172036 0.186692 0.196636 0.093389 0.070200 0.093193 
0.149767 0.150667 0.116735 0.068621 0.080976 0.126840 0.170393 0.197775 0.159443 0.136370 
0.188127 0.131965 0.348382 0.212661 0.135571 0.443144 0.493275 0.808096 0.695257 0.611359 
0.463198 0.439066 0.400244 0.489810 0.204064 0.428776 0.505091 0.284903 0.440148 0.593669 
0.443350 0.441179 0.250886 0.248036 0.184090 0.313318 0.215624 0.303327 0.418141 0.459249 
0.333707 0.316354 0.116784 0.071018 0.067472 0.151205 0.262700 0.240313 0.144906 0.179748 
0.308527 0.570322 0.875967 0.658541 0.358270 0.447748 0.346344 0.540765 0.328382 0.405043 
0.222108 0.239633 0.350793 0.393022 0.355627 0.527925 0.653038 0.421742 0.267073 0.869276 
0.599915 0.308695 0.218889 0.164409 0.159361 0.349751 0.153713 0.779966 0.942221 0.782559 
0.536141 0.508976 0.346339 0.662955 0.598268 0.511086 0.555036 0.275595 0.413301 0.433394 
0.855857 0.862692 0.889107 0.320750 0.391191 0.405619 0.353792 0.114991 0.216840 0.511308 
0.344192 0.589354 0.391565 0.331344 0.479216 0.265322 0.375836 0.242339 0.673385 0.414933 
0.886141 0.600353 0.197304 0.116343 0.152109 0.349154 0.302760 0.971800 0.973337 0.913131 
0.633992 0.757711 0.891669 0.899484 0.723037 0.681620 0.723113 0.534916 0.721821 0.950005 
0.845711 0.959697 0.895782 0.309466 0.455939 0.624295 0.407112 0.268764 0.116098 0.225360 
0.212762 0.413747 0.204594 0.229408 0.442079 0.505677 0.335787 0.337915 0.885016 0.436830 
0.923693 0.668323 0.387716 0.159688 0.496463 0.369147 0.561972 0.986283 0.983641 0.909085 
0.907831 0.693053 0.729459 0.717175 0.621462 0.559919 0.555848 0.637118 0.818572 0.809003 
0.650296 0.780872 0.707316 0.433335 0.335437 0.567727 0.655223 0.477969 0.308112 0.303186 
0.234425 0.466763 0.325533 0.345852 0.567096 0.355343 0.430796 0.303770 0.641452 0.573971 
0.683126 0.610085 0.678472 0.615022 0.465374 0.433099 0.670702 0.992358 0.981783 0.857265 
0.729165 0.658065 0.481899 0.531833 0.660138 0.873686 0.683532 0.604860 0.925985 0.799297 
0.239540 0.370170 0.518452 0.246674 0.336151 0.263954 0.557432 0.436988 0.234983 0.198606 
0.174239 0.410025 0.568699 0.534790 0.377799 0.525054 0.629606 0.751662 0.213220 0.325239 
0.373700 0.086739 0.195482 0.171685 0.176102 0.289351 0.919859 0.924921 0.767565 0.759435 
0.986024 0.910822 0.509764 0.449083 0.732398 0.712932 0.811556 0.355982 0.435278 0.574306 
0.306493 0.312845 0.295066 0.338634 0.303167 0.107127 0.227508 0.219655 0.095040 0.182258 
0.337377 0.497852 0.292933 0.472683 0.383030 0.287220 0.764100 0.641456 0.586716 0.271926 
0.360117 0.257432 0.387864 0.315770 0.320923 0.650769 0.850053 0.642135 0.285074 0.677029 
0.952931 0.792846 0.654639 0.405972 0.894762 0.563619 0.693982 0.758379 0.244866 0.299420 
0.169771 0.374159 0.265692 0.198665 0.252136 0.201463 0.343873 0.507146 0.139205 0.193434 
0.554391 0.496036 0.159199 0.266302 0.418281 0.451872 0.562865 0.543270 0.546310 0.408557 
0.380656 0.665087 0.512299 0.219866 0.393218 0.468728 0.324007 0.364473 0.285929 0.164534 
0.382390 0.368121 0.573006 0.432154 0.281086 0.109290 0.189044 0.626079 0.238140 0.340712 
0.489161 0.603029 0.474278 0.499590 0.570984 0.614191 0.293553 0.381611 0.141223 0.511340 
0.249052 0.609735 0.394074 0.418199 0.316167 0.702772 0.558884 0.235586 0.320835 0.477547 
0.684918 0.623874 0.637713 0.327006 0.361790 0.227955 0.186844 0.399687 0.356638 0.062219 
0.133674 0.159724 0.100287 0.328584 0.199892 0.064741 0.360436 0.273240 0.328142 0.329544 
0.413859 0.559303 0.331807 0.547619 0.368301 0.259087 0.239616 0.269867 0.196798 0.819278 
0.276215 0.505548 0.684870 0.447815 0.393989 0.480136 0.617946 0.234946 0.232137 0.420970 
0.821926 0.644158 0.309298 0.342758 0.256892 0.183327 0.262535 0.317457 0.438527 0.250659 
0.112406 0.093163 0.078563 0.191203 0.209709 0.245983 0.332165 0.125731 0.145868 0.312554 
0.393437 0.406832 0.488683 0.340521 0.198116 0.227772 0.475530 0.532315 0.225914 0.687742 
0.302616 0.466959 0.783198 0.321594 0.485219 0.391204 0.425874 0.320319 0.720408 0.593291 
0.709004 0.618384 0.421973 0.295069 0.062163 0.034409 0.066160 0.098848 0.163973 0.188923 
0.220721 0.281631 0.249321 0.410882 0.272076 0.378623 0.107405 0.110798 0.122170 0.382898 
0.323952 0.279372 0.509152 0.121859 0.090684 0.045541 0.042424 0.022653 0.021546 0.119993 
0.180411 0.212868 0.331667 0.411797 0.457641 0.307752 0.216676 0.537245 0.873659 0.186709 
0.288991 0.395982 0.164722 0.159360 0.187199 0.161042 0.168118 0.344138 0.400737 0.353552 
0.299521 0.235087 0.321953 0.198835 0.076643 0.050894 0.017394 0.022902 0.016045 0.026156 
0.032571 0.058607 0.066933 0.079821 0.055784 0.036007 0.061019 0.067509 0.071846 0.268510 
0.337968 0.730440 0.821425 0.818396 0.821090 0.828934 0.823614 0.811388 0.813858 0.813894 
0.803441 0.797869 0.815603 0.773868 0.774842 0.796759 0.810239 0.809083 0.802815 0.797823 
0.807041 0.796283 0.790612 0.798177 0.790229 0.800782 0.791100 0.797907 0.802635 0.814777 
0.820266 0.828081 0.811537 0.807898 0.804366 0.799671 0.796174 0.794321 0.749604 0.640002 
0.316230 0.697397 0.797475 0.818335 0.814790 0.835458 0.805935 0.783054 0.813238 0.809412 
0.803643 0.801188 0.782771 0.722224 0.784645 0.794571 0.758994 0.816725 0.766253 0.793736 
0.784779 0.767650 0.780977 0.790733 0.784037 0.796013 0.756362 0.771974 0.799154 0.759440 
0.761687 0.795828 0.784350 0.797175 0.802050 0.815429 0.801187 0.805165 0.714101 0.538849 
0.403048 0.713146 0.832801 0.875150 0.875214 0.857279 0.827527 0.824176 0.839754 0.840845 
0.848558 0.852034 0.821314 0.829133 0.866201 0.838094 0.832388 0.809842 0.835142 0.830124 
0.822451 0.827271 0.843763 0.826035 0.820550 0.816764 0.821404 0.839877 0.808636 0.805391 
0.823396 0.825925 0.833479 0.831098 0.839495 0.836602 0.842611 0.849259 0.749184 0.572688 
0.385248 0.691113 0.852480 0.925827 0.912604 0.853739 0.827706 0.828257 0.818398 0.810340 
0.833341 0.808588 0.805176 0.816783 0.764021 0.818318 0.828524 0.807626 0.805994 0.795292 
0.823887 0.816179 0.798039 0.807596 0.813482 0.781881 0.790509 0.798904 0.793005 0.793244 
0.815523 0.807874 0.798918 0.808804 0.800293 0.771990 0.809142 0.825367 0.744166 0.581089 
0.367335 0.651867 0.833254 0.839117 0.841647 0.874386 0.855184 0.836073 0.826054 0.824727 
0.821299 0.825572 0.805881 0.807799 0.788263 0.802930 0.821331 0.821469 0.816547 0.839415 
0.815432 0.807612 0.822462 0.822895 0.826815 0.829530 0.813186 0.801686 0.815374 0.826864 
0.805895 0.795527 0.791100 0.812902 0.801324 0.815058 0.817019 0.810915 0.743345 0.598158 
0.322235 0.622750 0.779753 0.730847 0.836816 0.852747 0.834846 0.828577 0.822177 0.792903 
0.835134 0.855921 0.828975 0.798168 0.792218 0.779430 0.810860 0.793340 0.826144 0.823816 
0.786127 0.804775 0.815079 0.825160 0.827118 0.818623 0.820612 0.811614 0.803263 0.795434 
0.805428 0.799865 0.784121 0.780973 0.798593 0.815439 0.802144 0.801543 0.715573 0.577190 
0.360352 0.631555 0.786121 0.797087 0.834232 0.838679 0.810515 0.828103 0.817872 0.811882 
0.825371 0.826131 0.783125 0.790687 0.780761 0.792551 0.766152 0.791005 0.803596 0.779912 
0.796009 0.799650 0.797391 0.829210 0.815034 0.771189 0.787041 0.796437 0.797337 0.776973 
0.794270 0.816161 0.807687 0.793512 0.802472 0.788624 0.785132 0.815932 0.721123 0.593217 
0.395818 0.704672 0.826813 0.838731 0.822984 0.824396 0.809376 0.802189 0.814715 0.818168 
0.807620 0.760288 0.770751 0.809577 0.807516 0.821864 0.792059 0.766497 0.785146 0.810814 
0.799738 0.793157 0.817308 0.821302 0.804045 0.802162 0.807991 0.772816 0.806444 0.791507 
0.784220 0.794807 0.821970 0.783048 0.801322 0.806882 0.811666 0.799941 0.730531 0.596824 
0.397957 0.745353 0.788517 0.794193 0.812425 0.802351 0.798443 0.811116 0.820313 0.836778 
0.818294 0.761682 0.800756 0.819752 0.796505 0.820728 0.808433 0.787384 0.774609 0.806558 
0.791924 0.804010 0.812236 0.824281 0.796461 0.822107 0.821906 0.813336 0.788781 0.808965 
0.784408 0.793481 0.808645 0.793719 0.799495 0.816290 0.800672 0.800388 0.746843 0.595908 
0.382216 0.705554 0.821227 0.808198 0.827867 0.797998 0.772474 0.785247 0.825042 0.831862 
0.820768 0.807831 0.799411 0.786077 0.788054 0.802460 0.821496 0.830784 0.809801 0.777509 
0.797006 0.785701 0.793813 0.766778 0.799464 0.822214 0.808956 0.767487 0.786006 0.792289 
0.785415 0.799447 0.800622 0.791168 0.814190 0.806836 0.773102 0.811689 0.747531 0.603641 
0.377823 0.682519 0.816424 0.821189 0.823387 0.826429 0.815554 0.793619 0.804097 0.806146 
0.785088 0.816893 0.770069 0.779398 0.789409 0.784662 0.786538 0.831588 0.813779 0.798877 
0.810443 0.795660 0.774930 0.773392 0.802732 0.821721 0.801928 0.791985 0.811242 0.781888 
0.787493 0.786873 0.791505 0.789271 0.796389 0.790912 0.811935 0.814312 0.733963 0.579963 
0.392111 0.674670 0.821012 0.821079 0.813645 0.810747 0.827717 0.784920 0.785914 0.782820 
0.798437 0.810957 0.820126 0.779803 0.781646 0.799096 0.734788 0.788946 0.789387 0.798677 
0.800236 0.803829 0.794563 0.800364 0.823319 0.820635 0.799004 0.799621 0.802992 0.806381 
0.795931 0.782314 0.794384 0.796165 0.798214 0.797049 0.819484 0.828990 0.730013 0.586340 
0.360894 0.691773 0.805669 0.816809 0.797055 0.807839 0.810242 0.767561 0.774207 0.802208 
0.789417 0.795240 0.772945 0.650321 0.880383 0.938763 0.896350 0.675734 0.783129 0.804465 
0.780177 0.786362 0.799267 0.823034 0.795719 0.769673 0.796008 0.804023 0.799136 0.795705 
0.799777 0.794404 0.803580 0.816068 0.796387 0.792533 0.793639 0.800211 0.746350 0.628711 
0.361302 0.670014 0.814803 0.772742 0.807963 0.827388 0.818192 0.808904 0.801658 0.814870 
0.792490 0.806699 0.673525 0.422991 0.449121 0.710628 0.794044 0.469375 0.666833 0.769837 
0.789917 0.805843 0.792391 0.798187 0.791215 0.766277 0.788705 0.803562 0.803163 0.798254 
0.798093 0.796228 0.793367 0.808848 0.789538 0.770092 0.804524 0.763370 0.721935 0.673899 
0.335099 0.666983 0.808508 0.810861 0.811155 0.834339 0.774636 0.737952 0.791893 0.781186 
0.749701 0.797701 0.694177 0.293162 0.751557 0.812328 0.538501 0.334696 0.513564 0.787230 
0.797206 0.786263 0.791935 0.801114 0.806941 0.808558 0.789614 0.811367 0.795212 0.788676 
0.800700 0.787106 0.791431 0.807079 0.779271 0.804834 0.805284 0.742726 0.755110 0.694654 
0.353466 0.634435 0.797724 0.822681 0.794626 0.797385 0.800371 0.774356 0.788511 0.787675 
0.787764 0.785397 0.743559 0.524443 0.779404 0.891524 0.780816 0.797549 0.731542 0.785098 
0.793238 0.781257 0.795601 0.799521 0.804094 0.800335 0.806202 0.833416 0.794324 0.805090 
0.803762 0.817166 0.793376 0.774780 0.778483 0.815548 0.801603 0.753317 0.734102 0.682071 
0.346120 0.694829 0.814089 0.813700 0.798042 0.787013 0.822127 0.805988 0.786031 0.806148 
0.799680 0.769934 0.760005 0.654488 0.681525 0.746378 0.750937 0.804187 0.732218 0.789502 
0.808227 0.831752 0.803363 0.810646 0.782274 0.804823 0.816177 0.807162 0.794424 0.767448 
0.799364 0.782130 0.796627 0.779801 0.771404 0.792803 0.800919 0.758584 0.750821 0.675078 
0.337419 0.649707 0.814250 0.847736 0.804355 0.812575 0.830299 0.816478 0.800702 0.810897 
0.763659 0.786505 0.803781 0.767426 0.730409 0.793738 0.813691 0.773289 0.769464 0.756448 
0.772831 0.801374 0.808883 0.790503 0.792632 0.789357 0.795362 0.810962 0.765622 0.772788 
0.763501 0.771333 0.804695 0.804953 0.787318 0.779704 0.773364 0.758573 0.740380 0.577956 
0.345541 0.676235 0.826928 0.820850 0.785636 0.787100 0.800131 0.805718 0.795506 0.770410 
0.762477 0.784995 0.806471 0.792745 0.791595 0.799280 0.807559 0.775245 0.784016 0.794888 
0.780994 0.778556 0.772725 0.797781 0.788213 0.800391 0.795451 0.796962 0.804686 0.799990 
0.786359 0.776161 0.795830 0.793980 0.794594 0.793488 0.771458 0.790525 0.729765 0.539398 
0.358915 0.715356 0.833371 0.855419 0.786532 0.747174 0.745899 0.784227 0.799657 0.794381 
0.798727 0.787996 0.784861 0.799694 0.802417 0.804023 0.804768 0.788292 0.772971 0.802251 
0.803528 0.789988 0.796030 0.779390 0.769940 0.793177 0.795262 0.809951 0.816348 0.791346 
0.789339 0.793942 0.779066 0.793974 0.805695 0.787679 0.800055 0.788325 0.733510 0.567637 
0.356141 0.760902 0.816348 0.861217 0.788720 0.755101 0.807515 0.807504 0.768126 0.783213 
0.798921 0.805665 0.792213 0.782363 0.790830 0.799730 0.780919 0.781060 0.804660 0.791781 
0.769751 0.787712 0.807545 0.791679 0.776245 0.783123 0.787992 0.798033 0.788038 0.778371 
0.795367 0.806680 0.793333 0.791136 0.802778 0.806158 0.784568 0.786817 0.736891 0.597228 
0.739193 0.925610 0.843401 0.866291 0.809441 0.776561 0.839655 0.760120 0.777356 0.674287 
0.799218 0.814350 0.779410 0.779725 0.782883 0.805837 0.805520 0.789160 0.809299 0.805632 
0.792405 0.772824 0.771099 0.799397 0.784445 0.786731 0.768655 0.776746 0.787329 0.788747 
0.814853 0.787452 0.784995 0.808566 0.787090 0.774081 0.800220 0.814167 0.712727 0.565199 
0.783142 0.879654 0.892230 0.773927 0.667685 0.744869 0.835295 0.740660 0.527431 0.591689 
0.734466 0.784834 0.804059 0.782612 0.780917 0.808123 0.813250 0.793607 0.796652 0.809453 
0.809609 0.779644 0.775287 0.790004 0.795549 0.793762 0.759089 0.782190 0.798340 0.802311 
0.782970 0.763852 0.789361 0.815827 0.803012 0.783338 0.788269 0.828893 0.761709 0.541422 
0.787090 0.730990 0.762916 0.532607 0.736631 0.892759 0.871050 0.805467 0.450362 0.627438 
0.598416 0.738554 0.826589 0.794695 0.784789 0.792828 0.783075 0.795626 0.806366 0.768529 
0.794250 0.798597 0.781166 0.782609 0.789108 0.795009 0.781065 0.793835 0.785525 0.772134 
0.775756 0.793117 0.795067 0.788208 0.769941 0.782350 0.802438 0.788453 0.801993 0.661395 
0.857733 0.871205 0.873244 0.893568 0.950445 0.888295 0.861261 0.882593 0.794616 0.838795 
0.749829 0.559387 0.826946 0.806852 0.786324 0.774745 0.773561 0.787428 0.796828 0.774389 
0.792386 0.789500 0.796893 0.788420 0.784910 0.777218 0.786429 0.772436 0.775743 0.775570 
0.787537 0.779197 0.774506 0.781891 0.761568 0.754930 0.786348 0.801018 0.876097 0.790312 
0.754710 0.868194 0.923703 0.860505 0.916529 0.811764 0.831528 0.834960 0.784061 0.811386 
0.427379 0.303923 0.572602 0.803347 0.803720 0.774163 0.785637 0.782110 0.776064 0.794886 
0.812655 0.817408 0.825597 0.821705 0.788009 0.773754 0.776137 0.776287 0.776147 0.773684 
0.809961 0.792982 0.744569 0.686279 0.786715 0.847431 0.777959 0.805960 0.811777 0.797168 
0.569564 0.833772 0.750314 0.829783 0.899179 0.914425 0.922737 0.866899 0.874572 0.765474 
0.139749 0.248804 0.366308 0.776429 0.798740 0.811604 0.823353 0.746052 0.721152 0.715790 
0.805578 0.785630 0.775936 0.776398 0.779370 0.786261 0.777802 0.782551 0.775930 0.778031 
0.789758 0.802822 0.862811 0.778140 0.762243 0.703038 0.713558 0.528491 0.847519 0.858718 
0.553577 0.819198 0.658248 0.722529 0.835445 0.949282 0.963653 0.875213 0.818384 0.741529 
0.081041 0.242086 0.367782 0.747479 0.766749 0.766958 0.772422 0.742639 0.733467 0.752094 
0.833243 0.833975 0.807393 0.745092 0.730048 0.782169 0.782170 0.787307 0.787233 0.747449 
0.778975 0.913967 0.834742 0.821279 0.781524 0.701593 0.670265 0.771147 0.903588 0.918207 
0.642878 0.784783 0.665062 0.689851 0.875377 0.918994 0.927625 0.869373 0.791884 0.833416 
0.100136 0.183777 0.508421 0.736178 0.752169 0.775837 0.682510 0.881734 0.806534 0.826851 
0.790958 0.776286 0.824706 0.883383 0.846590 0.814728 0.808098 0.756908 0.778941 0.762352 
0.684794 0.703814 0.385724 0.916292 0.928627 0.940190 0.761335 0.856363 0.858040 0.826946 
0.692176 0.782089 0.775968 0.791186 0.814882 0.856153 0.856178 0.917797 0.855406 0.919365 
0.237247 0.276830 0.548882 0.650467 0.714907 0.698877 0.517120 0.607894 0.730604 0.742630 
0.707580 0.879232 0.893823 0.910358 0.841678 0.853380 0.818384 0.815942 0.879451 0.856536 
0.732254 0.361661 0.691253 0.928059 0.863061 0.811930 0.766027 0.712912 0.765095 0.739720 
0.594918 0.849484 0.802956 0.734241 0.770599 0.782369 0.738268 0.904340 0.877224 0.865086 
0.476319 0.376180 0.525462 0.638370 0.723123 0.545518 0.276142 0.363534 0.853215 0.862737 
0.779006 0.793115 0.849849 0.847812 0.847474 0.772616 0.830463 0.815853 0.763198 0.836266 
0.855403 0.629491 0.901750 0.913142 0.903068 0.731534 0.478246 0.519003 0.677889 0.509178 
0.553556 0.797525 0.823925 0.766726 0.675686 0.751466 0.793944 0.871452 0.914025 0.910408 
0.666726 0.751779 0.855411 0.794984 0.878422 0.739149 0.313333 0.326627 0.882277 0.919553 
0.875014 0.838480 0.700617 0.892870 0.891810 0.652716 0.663275 0.667226 0.751357 0.931489 
0.911159 0.901900 0.902456 0.921457 0.902686 0.789386 0.698044 0.732577 0.724847 0.527301 
0.542964 0.841359 0.870504 0.837961 0.785605 0.693850 0.771176 0.879336 0.899998 0.910510 
0.824930 0.817515 0.933985 0.912266 0.899266 0.875085 0.655613 0.848909 0.937524 0.909506 
0.843634 0.814057 0.810183 0.888788 0.896606 0.890139 0.836690 0.510446 0.907814 0.910080 
0.891414 0.928630 0.886413 0.857680 0.871873 0.831129 0.834923 0.801371 0.735701 0.546349 
0.498427 0.814793 0.790705 0.851229 0.836360 0.784374 0.761831 0.776482 0.849298 0.857346 
0.862197 0.860923 0.891688 0.913150 0.842913 0.913089 0.924368 0.927145 0.920108 0.890055 
0.916569 0.919832 0.757607 0.804123 0.941748 0.917441 0.791090 0.727399 0.857701 0.843304 
0.808842 0.894835 0.847296 0.829407 0.780171 0.786856 0.777237 0.794876 0.723724 0.503172 
0.539134 0.748731 0.786055 0.812656 0.819156 0.811585 0.803312 0.767163 0.824217 0.797507 
0.813493 0.867018 0.893070 0.826645 0.792868 0.879133 0.880424 0.921616 0.933634 0.897904 
0.904514 0.902760 0.855029 0.893126 0.882884 0.867100 0.842788 0.823732 0.792536 0.725542 
0.627540 0.834927 0.876860 0.846053 0.836000 0.882146 0.788886 0.812201 0.730621 0.464846 
0.499877 0.740752 0.788907 0.792779 0.753649 0.705092 0.716346 0.728682 0.799684 0.824856 
0.800797 0.775607 0.831197 0.819812 0.821928 0.788523 0.802161 0.894377 0.905833 0.791311 
0.857274 0.837689 0.854498 0.855848 0.858621 0.780196 0.763288 0.806130 0.746162 0.795031 
0.804197 0.790590 0.889669 0.929848 0.867368 0.887764 0.765570 0.792899 0.737969 0.633064 
0.534625 0.849499 0.869812 0.812795 0.762695 0.800062 0.803712 0.666687 0.694358 0.830896 
0.805884 0.842596 0.830297 0.813223 0.819569 0.718454 0.801868 0.846725 0.754028 0.736313 
0.817179 0.807577 0.729176 0.718394 0.746434 0.770132 0.831666 0.784022 0.794209 0.786318 
0.746953 0.696348 0.785090 0.928803 0.882868 0.833025 0.862645 0.797250 0.719577 0.673034 
0.617266 0.815999 0.850654 0.819008 0.752895 0.787163 0.828494 0.685998 0.501969 0.646764 
0.815953 0.795344 0.793545 0.758179 0.786863 0.730425 0.750748 0.858943 0.829949 0.733283 
0.725262 0.765728 0.683532 0.758718 0.702131 0.682126 0.838643 0.890966 0.855615 0.893352 
0.852271 0.764600 0.794287 0.827636 0.935970 0.868552 0.878649 0.852636 0.733935 0.843408 
0.549160 0.738435 0.853114 0.802165 0.744864 0.747429 0.780062 0.649316 0.324405 0.545260 
0.721585 0.718253 0.752131 0.772919 0.847695 0.795697 0.704668 0.838647 0.818217 0.803256 
0.845810 0.845451 0.825597 0.819654 0.858707 0.821001 0.908503 0.913226 0.882939 0.931882 
0.880126 0.831470 0.753013 0.822147 0.903479 0.828989 0.846739 0.813181 0.700893 0.430621 
0.506104 0.630433 0.742428 0.770951 0.683381 0.760164 0.567728 0.524539 0.505481 0.534818 
0.559746 0.724133 0.682569 0.716144 0.817176 0.717502 0.672753 0.720016 0.760056 0.802542 
0.787753 0.752479 0.796844 0.851424 0.841801 0.801805 0.831358 0.779722 0.830415 0.835704 
0.733448 0.664857 0.669819 0.740175 0.746208 0.680025 0.673032 0.698755 0.646477 0.473034 
0.738552 0.673121 0.788632 0.807929 0.752125 0.749775 0.750680 0.791577 0.746540 0.755825 
0.732977 0.705199 0.738057 0.776334 0.809735 0.733982 0.774271 0.724331 0.721471 0.749885 
0.698895 0.721359 0.728388 0.696409 0.713971 0.713447 0.771346 0.737444 0.709225 0.742979 
0.813707 0.724834 0.773586 0.736338 0.739624 0.729948 0.714001 0.693897 0.567293 0.753981 
0.733774 0.670856 0.732280 0.763871 0.750581 0.733258 0.741495 0.783166 0.749928 0.742741 
0.732316 0.735075 0.741156 0.792851 0.838245 0.767992 0.765347 0.776711 0.758705 0.754694 
0.741243 0.739664 0.751003 0.755588 0.749005 0.759916 0.781493 0.768971 0.735130 0.729062 
0.768578 0.763819 0.771868 0.766646 0.763385 0.750740 0.732066 0.727988 0.600445 0.708594 
0.676839 0.708644 0.741778 0.766029 0.740949 0.751333 0.772765 0.785297 0.788517 0.766514 
0.745174 0.745911 0.719924 0.790418 0.885046 0.795469 0.767491 0.770404 0.781401 0.799238 
0.795182 0.790458 0.796048 0.787967 0.782325 0.796819 0.803039 0.778449 0.750531 0.768226 
0.816351 0.781022 0.789921 0.775613 0.772350 0.791953 0.763581 0.728603 0.651020 0.762008 
0.735066 0.750174 0.751323 0.830778 0.875116 0.867024 0.808922 0.788582 0.803716 0.773272 
0.770018 0.785518 0.786230 0.827358 0.887815 0.846125 0.812193 0.782356 0.786898 0.800650 
0.786827 0.798487 0.812160 0.811397 0.806419 0.797751 0.795753 0.799080 0.791658 0.795030 
0.820781 0.806898 0.810679 0.798949 0.814912 0.810597 0.781589 0.752344 0.692204 0.799861 
0.763095 0.768807 0.770242 0.799130 0.871456 0.837014 0.809068 0.814999 0.817586 0.799147 
0.809684 0.783717 0.827552 0.857070 0.852520 0.837239 0.816002 0.787275 0.788809 0.802701 
0.796630 0.816322 0.815401 0.825871 0.825375 0.803166 0.802288 0.820051 0.812258 0.820338 
0.821219 0.826852 0.824794 0.827004 0.821491 0.815472 0.784235 0.758403 0.719234 0.802682 
0.742371 0.756435 0.770548 0.691715 0.652732 0.749382 0.810224 0.809596 0.815499 0.802859 
0.827556 0.811764 0.836855 0.872600 0.833025 0.823765 0.810869 0.797385 0.793186 0.825574 
0.820539 0.816884 0.802613 0.813338 0.816726 0.833371 0.848091 0.839884 0.812313 0.817813 
0.820172 0.817685 0.818861 0.826154 0.812655 0.810929 0.784709 0.753420 0.708197 0.788841 
0.749011 0.760530 0.749322 0.730660 0.776765 0.826428 0.793800 0.785600 0.791018 0.775242 
0.796070 0.822847 0.841262 0.867769 0.812136 0.800472 0.807763 0.797024 0.813944 0.826807 
0.825326 0.810156 0.783454 0.780424 0.806211 0.835883 0.832915 0.825413 0.797232 0.810807 
0.818787 0.819952 0.809538 0.812008 0.822903 0.820572 0.785044 0.757633 0.721043 0.795018 
0.763869 0.772325 0.793389 0.803715 0.804558 0.825844 0.785968 0.758603 0.795013 0.787196 
0.791845 0.847419 0.824493 0.834116 0.789753 0.776814 0.790628 0.818588 0.845192 0.824915 
0.829572 0.815584 0.789880 0.793722 0.810295 0.810841 0.827338 0.795692 0.795640 0.808849 
0.826149 0.818845 0.816633 0.813177 0.829087 0.812074 0.789516 0.792876 0.741243 0.797347 
0.757399 0.801021 0.805097 0.829496 0.817508 0.807459 0.797399 0.800749 0.811167 0.802175 
0.787359 0.829353 0.844815 0.814001 0.785390 0.800326 0.807921 0.814562 0.811147 0.826823 
0.819021 0.828561 0.829127 0.828649 0.838149 0.846651 0.827794 0.789123 0.816374 0.830983 
0.815238 0.819523 0.832025 0.815014 0.822363 0.823204 0.811513 0.796262 0.744548 0.782589 
0.752378 0.816863 0.768198 0.776983 0.804804 0.797431 0.799039 0.804790 0.822044 0.819212 
0.817463 0.853235 0.844149 0.782087 0.766773 0.794613 0.808308 0.778740 0.764804 0.785515 
0.799759 0.811859 0.816613 0.834269 0.820592 0.821560 0.807058 0.797298 0.817090 0.820090 
0.797697 0.812773 0.829060 0.802765 0.810624 0.828521 0.811671 0.776870 0.716907 0.775217 
0.739662 0.802388 0.765334 0.763520 0.796231 0.790431 0.776601 0.779150 0.810178 0.843725 
0.835305 0.840080 0.815069 0.787202 0.755402 0.706588 0.760000 0.791501 0.777998 0.788368 
0.800043 0.792173 0.801920 0.800451 0.807549 0.791395 0.784752 0.814610 0.844231 0.827776 
0.793023 0.803237 0.815742 0.797673 0.807910 0.814210 0.778523 0.758058 0.688643 0.781579 
0.764525 0.809028 0.788257 0.772835 0.797500 0.796956 0.787961 0.771429 0.788133 0.816188 
0.793084 0.799020 0.768784 0.762949 0.675027 0.520774 0.574717 0.721495 0.816126 0.821900 
0.811788 0.799427 0.816471 0.814575 0.809590 0.809345 0.823922 0.850672 0.844997 0.839587 
0.827600 0.812818 0.810986 0.794748 0.809546 0.803900 0.791180 0.776784 0.676828 0.792243 
0.777672 0.796588 0.776217 0.777440 0.800943 0.801763 0.816052 0.791136 0.781431 0.798467 
0.790489 0.777173 0.759222 0.664367 0.790121 0.689189 0.508204 0.635161 0.772949 0.815269 
0.815776 0.804344 0.810713 0.814398 0.820733 0.840968 0.855012 0.835326 0.820172 0.852666 
0.858654 0.826585 0.815515 0.803769 0.806049 0.795153 0.781880 0.782857 0.667814 0.785985 
0.766981 0.788284 0.785808 0.785775 0.806585 0.802840 0.832153 0.834327 0.835527 0.824399 
0.780027 0.760412 0.607144 0.495347 0.834883 0.923458 0.829943 0.610243 0.617548 0.772298 
0.779041 0.812777 0.824786 0.830452 0.801737 0.806840 0.842546 0.824507 0.805460 0.833479 
0.852159 0.831256 0.819277 0.805378 0.800721 0.774781 0.762953 0.778495 0.676745 0.767339 
0.740185 0.784044 0.790102 0.772155 0.796222 0.815067 0.844642 0.864691 0.851938 0.828428 
0.802650 0.768332 0.651940 0.652304 0.735240 0.949790 0.868274 0.588811 0.557288 0.725955 
0.802309 0.829200 0.816517 0.814750 0.810197 0.808902 0.829074 0.815138 0.785538 0.813924 
0.835248 0.822164 0.806635 0.832859 0.818560 0.768299 0.767297 0.796263 0.760214 0.796128 
0.761696 0.770993 0.773461 0.765164 0.762923 0.795797 0.792085 0.788373 0.819922 0.810466 
0.792169 0.767020 0.750278 0.846362 0.776392 0.752984 0.804182 0.840756 0.698004 0.777007 
0.815458 0.800632 0.791575 0.781419 0.800927 0.809759 0.810598 0.828653 0.786600 0.803339 
0.822621 0.824867 0.814484 0.838687 0.833759 0.800759 0.778775 0.839007 0.852290 0.836533 
0.786426 0.779929 0.755764 0.758350 0.755910 0.780966 0.780275 0.805361 0.846663 0.820275 
0.803845 0.778359 0.794821 0.849688 0.815571 0.740484 0.832681 0.881487 0.810035 0.815539 
0.835865 0.810254 0.790408 0.799352 0.810159 0.795875 0.805689 0.826880 0.848521 0.821455 
0.821326 0.815062 0.806190 0.818218 0.833809 0.828214 0.811183 0.850824 0.812138 0.809968 
0.775662 0.765553 0.761375 0.761976 0.760241 0.783621 0.795995 0.838978 0.841916 0.829160 
0.809967 0.799926 0.800194 0.804649 0.783155 0.791086 0.827058 0.839327 0.799928 0.813316 
0.833793 0.821106 0.808190 0.805889 0.805038 0.802229 0.803316 0.843581 0.860255 0.841355 
0.820084 0.793175 0.789789 0.790877 0.810295 0.807065 0.792617 0.801936 0.760680 0.776471 
0.773235 0.761424 0.744344 0.788491 0.805220 0.775169 0.741066 0.762209 0.796308 0.810464 
0.822529 0.826031 0.818379 0.797886 0.794864 0.813347 0.795339 0.809999 0.848669 0.850805 
0.806207 0.789226 0.792157 0.798987 0.805494 0.808626 0.816488 0.824563 0.854627 0.849737 
0.833954 0.814918 0.798895 0.788276 0.789593 0.782463 0.767642 0.755293 0.718295 0.767769 
0.787303 0.747506 0.753382 0.788061 0.782776 0.723938 0.656246 0.700480 0.750199 0.781530 
0.809880 0.826235 0.817253 0.799778 0.812254 0.818680 0.822517 0.832355 0.843726 0.840518 
0.792310 0.796686 0.786095 0.791389 0.804854 0.806106 0.797373 0.804918 0.833148 0.848941 
0.839770 0.831424 0.798415 0.802130 0.812821 0.792288 0.792878 0.771411 0.736379 0.766963 
0.741605 0.657732 0.694515 0.696654 0.657899 0.660449 0.781894 0.723893 0.725554 0.755439 
0.789239 0.780968 0.791492 0.819204 0.817246 0.812623 0.811374 0.799717 0.821527 0.833663 
0.816298 0.815756 0.796384 0.803264 0.809939 0.811048 0.807066 0.793432 0.799417 0.805513 
0.801353 0.814814 0.807527 0.823196 0.844388 0.842177 0.814276 0.785233 0.771758 0.793230 
0.801625 0.643238 0.614018 0.594180 0.661864 0.801537 0.807602 0.729999 0.695935 0.730568 
0.730357 0.758279 0.772167 0.809334 0.799577 0.787248 0.808065 0.807963 0.847123 0.845769 
0.803288 0.796114 0.793739 0.800322 0.809768 0.808055 0.798195 0.787767 0.778052 0.780362 
0.803373 0.826207 0.823778 0.826839 0.815835 0.814720 0.808551 0.811801 0.731578 0.766407 
0.847603 0.640395 0.464287 0.538779 0.698192 0.638788 0.422707 0.557494 0.588453 0.667327 
0.540542 0.704068 0.753149 0.796502 0.778122 0.778009 0.814321 0.833313 0.824064 0.827334 
0.804649 0.777964 0.787310 0.799281 0.797768 0.798730 0.781891 0.792314 0.798003 0.796087 
0.809976 0.804223 0.806404 0.794673 0.769773 0.768699 0.788643 0.812432 0.686125 0.722424 
0.675563 0.732616 0.652329 0.495104 0.555725 0.536596 0.393736 0.405643 0.746376 0.713976 
0.539238 0.736590 0.766675 0.775404 0.767334 0.781108 0.796703 0.787980 0.777355 0.778379 
0.782238 0.792374 0.800834 0.809770 0.799210 0.804725 0.806890 0.816657 0.814636 0.801567 
0.793696 0.796097 0.778292 0.747945 0.743463 0.791157 0.825707 0.781644 0.612963 0.681258 
0.732595 0.862144 0.758685 0.860727 0.819725 0.633190 0.605384 0.747386 0.849646 0.892988 
0.590157 0.741074 0.707200 0.758761 0.774625 0.804405 0.802561 0.781217 0.767994 0.779806 
0.805949 0.822607 0.808204 0.804851 0.815960 0.807214 0.815568 0.814994 0.807163 0.786160 
0.783397 0.760073 0.729876 0.706875 0.744262 0.791105 0.783133 0.673412 0.604514 0.755762 
0.796433 0.707799 0.715607 0.891808 0.811130 0.831193 0.747015 0.712103 0.808792 0.855134 
0.591069 0.734710 0.649905 0.766709 0.813183 0.819341 0.798905 0.796472 0.821846 0.835549 
0.849112 0.878691 0.838204 0.813818 0.819671 0.812511 0.796719 0.796447 0.791912 0.781019 
0.810922 0.785648 0.704312 0.692318 0.763575 0.743661 0.642468 0.722074 0.671706 0.776260 
0.769135 0.714012 0.479061 0.795450 0.774029 0.844252 0.816481 0.748520 0.723215 0.726716 
0.505270 0.696404 0.591851 0.751737 0.788711 0.814742 0.818815 0.812722 0.759632 0.757361 
0.783417 0.799902 0.816162 0.814344 0.788148 0.790636 0.795827 0.777743 0.762211 0.795346 
0.814896 0.779226 0.713626 0.654824 0.686707 0.640835 0.651033 0.821193 0.783605 0.803578 
0.676178 0.699289 0.532562 0.712010 0.714364 0.887964 0.796465 0.731589 0.620625 0.495934 
0.591509 0.718953 0.537738 0.673329 0.730246 0.764100 0.769834 0.735522 0.525876 0.617107 
0.684288 0.680050 0.718732 0.660508 0.640611 0.717735 0.734427 0.769036 0.748627 0.715856 
0.730783 0.826211 0.732535 0.570159 0.727576 0.668786 0.794490 0.864976 0.820599 0.792349 
0.679432 0.738998 0.770724 0.787851 0.682350 0.923744 0.829897 0.638997 0.514939 0.770469 
0.793221 0.797514 0.513312 0.642883 0.643844 0.732491 0.716804 0.868975 0.575709 0.614674 
0.606315 0.630419 0.668298 0.658255 0.535721 0.652986 0.686396 0.652122 0.569965 0.396894 
0.549234 0.743219 0.510087 0.486173 0.816969 0.733393 0.747154 0.807292 0.844870 0.815402 
0.811062 0.794596 0.889060 0.859445 0.563924 0.774410 0.930985 0.822790 0.680421 0.741891 
0.897542 0.869463 0.415396 0.499117 0.609673 0.674510 0.595655 0.828532 0.706221 0.646493 
0.422370 0.580173 0.671100 0.719224 0.684700 0.610100 0.523855 0.562661 0.546217 0.450475 
0.689026 0.815797 0.585429 0.810118 0.924920 0.827753 0.693268 0.499320 0.398030 0.613738 
0.808392 0.744996 0.837778 0.759815 0.625826 0.668268 0.846051 0.762409 0.721918 0.830163 
0.946400 0.916622 0.407897 0.426026 0.537002 0.500023 0.418712 0.769356 0.785498 0.817511 
0.466044 0.581934 0.611720 0.776882 0.715288 0.757670 0.600339 0.447886 0.539557 0.742268 
0.906210 0.738412 0.618249 0.652924 0.685526 0.844624 0.847636 0.433657 0.347620 0.629908 
0.722185 0.693413 0.622255 0.591213 0.661118 0.680240 0.665756 0.782400 0.881867 0.727099 
0.913504 0.921913 0.589238 0.523981 0.705591 0.585003 0.676027 0.951728 0.914895 0.802118 
0.395414 0.577224 0.836340 0.794852 0.845747 0.848585 0.703399 0.653225 0.667376 0.826353 
0.939195 0.829418 0.763974 0.600222 0.532680 0.812317 0.819322 0.658172 0.569706 0.679119 
0.747758 0.768215 0.680132 0.684494 0.722959 0.763387 0.712812 0.832900 0.923303 0.710504 
0.847489 0.920635 0.835372 0.662818 0.775910 0.828375 0.725188 0.912243 0.882976 0.834345 
0.623482 0.765316 0.801183 0.888669 0.813392 0.903004 0.821800 0.836555 0.834578 0.881090 
0.728721 0.773783 0.893352 0.803543 0.674971 0.763531 0.804561 0.709008 0.621297 0.710253 
0.726463 0.798216 0.773116 0.718461 0.667961 0.703220 0.683774 0.786167 0.726430 0.681146 
0.809703 0.812012 0.833855 0.704944 0.748973 0.767497 0.908887 0.922690 0.750946 0.774644 
0.853392 0.902226 0.582963 0.723197 0.855845 0.943067 0.851118 0.713187 0.757726 0.751847 
0.531658 0.723571 0.882061 0.737453 0.733721 0.664216 0.712226 0.743122 0.664355 0.735456 
0.698127 0.760718 0.683642 0.746787 0.614688 0.620320 0.672177 0.617816 0.675269 0.612378 
0.741506 0.714020 0.779107 0.663187 0.601336 0.645194 0.919845 0.920366 0.653659 0.535161 
0.871327 0.893262 0.646214 0.441792 0.853805 0.921443 0.906758 0.665993 0.498149 0.549422 
0.599950 0.688471 0.592679 0.597273 0.650317 0.693914 0.711410 0.785005 0.602800 0.636026 
0.662706 0.802589 0.697626 0.755182 0.781897 0.765050 0.693450 0.731319 0.667228 0.688921 
0.655606 0.794790 0.832028 0.669330 0.679343 0.703877 0.897708 0.872125 0.692681 0.672624 
0.841324 0.787745 0.676386 0.804484 0.762667 0.778361 0.848399 0.781124 0.793862 0.710056 
0.722475 0.724290 0.577077 0.643300 0.745572 0.773300 0.639508 0.670086 0.476760 0.629419 
0.730705 0.850255 0.693962 0.843923 0.885529 0.812113 0.669600 0.736811 0.757243 0.762409 
0.632464 0.688191 0.744720 0.584494 0.662979 0.520605 0.574310 0.817397 0.809757 0.746624 
0.765017 0.638607 0.583111 0.776635 0.790116 0.704851 0.780794 0.831406 0.723940 0.525135 
0.735732 0.686655 0.541118 0.755483 0.922964 0.839492 0.735047 0.591439 0.546796 0.700728 
0.762272 0.857626 0.696161 0.606935 0.807176 0.865458 0.772937 0.733111 0.714093 0.807208 
0.762165 0.690471 0.673013 0.635179 0.637660 0.643594 0.611921 0.624176 0.603714 0.625114 
0.625668 0.594195 0.586410 0.737080 0.808940 0.787018 0.745217 0.709320 0.690304 0.803498 
0.854635 0.628041 0.773741 0.889669 0.906312 0.835696 0.766065 0.674154 0.647128 0.784657 
0.517904 0.621154 0.685338 0.631136 0.840621 0.838004 0.665600 0.679263 0.681583 0.741756 
0.552693 0.586553 0.565761 0.619674 0.704459 0.744841 0.707908 0.723309 0.665920 0.601087 
0.541115 0.624247 0.671378 0.781601 0.880857 0.915345 0.676297 0.700384 0.769831 0.789072 
0.821924 0.625212 0.754659 0.792792 0.713256 0.598089 0.587906 0.470048 0.495272 0.789078 
0.701289 0.701601 0.680362 0.759474 0.829611 0.739414 0.591554 0.755824 0.870342 0.864104 
0.634346 0.781692 0.678345 0.679104 0.813066 0.680592 0.618035 0.721751 0.661711 0.736036 
0.747828 0.665664 0.578543 0.642456 0.716727 0.790973 0.624595 0.599246 0.522355 0.582328 
0.523862 0.473046 0.654442 0.672228 0.524877 0.451247 0.423597 0.442359 0.481512 0.749293 
0.620926 0.319499 0.318350 0.411897 0.298854 0.300746 0.318148 0.375020 0.327147 0.313179 
0.319701 0.286397 0.331825 0.373577 0.431602 0.287952 0.325845 0.279568 0.250801 0.281651 
0.222356 0.248362 0.258167 0.237200 0.253039 0.234620 0.266044 0.267851 0.238724 0.238559 
0.370200 0.252335 0.279715 0.222537 0.231355 0.228577 0.240050 0.235288 0.233255 0.222249 
0.616003 0.460418 0.394113 0.472476 0.480407 0.518155 0.535584 0.522310 0.507909 0.529403 
0.531631 0.534612 0.577435 0.532414 0.508986 0.541564 0.493138 0.453668 0.468606 0.448816 
0.449295 0.483812 0.500245 0.507633 0.531700 0.492490 0.514616 0.521726 0.485792 0.448488 
0.524270 0.529108 0.515283 0.477933 0.463832 0.464174 0.514353 0.515579 0.367697 0.373846 
0.573361 0.519376 0.464239 0.441614 0.499033 0.536512 0.508280 0.487364 0.532478 0.553076 
0.543707 0.524916 0.523650 0.536503 0.497200 0.501859 0.497656 0.482513 0.483520 0.496672 
0.530014 0.518961 0.521167 0.554740 0.558720 0.522161 0.503892 0.532243 0.558824 0.533720 
0.519012 0.540836 0.548659 0.533390 0.505163 0.533571 0.573538 0.501728 0.378565 0.297038 
0.484833 0.458613 0.453350 0.427945 0.551234 0.563273 0.476670 0.508859 0.497022 0.473779 
0.502335 0.527231 0.538433 0.531300 0.448831 0.494222 0.510564 0.491046 0.538171 0.512965 
0.485669 0.486983 0.495652 0.515954 0.518274 0.505636 0.474841 0.502500 0.554049 0.528137 
0.489253 0.523384 0.531252 0.497190 0.504610 0.516849 0.544057 0.502119 0.398147 0.321743 
0.497161 0.446480 0.389330 0.479784 0.647379 0.439126 0.396900 0.458128 0.424068 0.489529 
0.541513 0.521291 0.534843 0.519888 0.469448 0.494219 0.496530 0.518361 0.522935 0.505544 
0.521649 0.532787 0.509117 0.522526 0.502773 0.518333 0.509164 0.505176 0.509134 0.514141 
0.460664 0.489488 0.497426 0.492044 0.508030 0.518903 0.536355 0.497222 0.371258 0.343690 
0.540372 0.456934 0.365584 0.390795 0.583659 0.565209 0.510808 0.536848 0.513693 0.542485 
0.553323 0.497608 0.518786 0.508067 0.474386 0.484024 0.499595 0.519286 0.495800 0.515673 
0.555486 0.511204 0.487234 0.496446 0.503737 0.527853 0.506262 0.508629 0.506073 0.531291 
0.538920 0.527744 0.509459 0.517454 0.487133 0.500079 0.540620 0.493824 0.368973 0.326402 
0.515410 0.442043 0.390643 0.416997 0.531025 0.606171 0.559778 0.521835 0.554477 0.524468 
0.501194 0.516708 0.528564 0.450802 0.456006 0.443090 0.448458 0.464763 0.446460 0.451686 
0.506157 0.506526 0.513217 0.481546 0.504537 0.594197 0.507111 0.499723 0.514142 0.521301 
0.523845 0.554553 0.508078 0.497624 0.497941 0.484211 0.499572 0.450150 0.396542 0.340277 
0.514555 0.454717 0.417107 0.459075 0.483288 0.512292 0.546982 0.504665 0.536773 0.525674 
0.448072 0.452750 0.479796 0.450512 0.508783 0.493442 0.483159 0.418829 0.423235 0.443303 
0.518508 0.549449 0.550184 0.509269 0.472373 0.530419 0.519242 0.509401 0.489504 0.490373 
0.489725 0.516242 0.514493 0.510943 0.509264 0.504348 0.517449 0.438027 0.336760 0.333372 
0.508747 0.464376 0.428559 0.448291 0.473969 0.479975 0.518620 0.519653 0.523679 0.487181 
0.463425 0.469666 0.491639 0.520927 0.540332 0.549092 0.543514 0.489580 0.459003 0.468376 
0.509175 0.563396 0.499553 0.519215 0.490570 0.500298 0.480870 0.515667 0.498466 0.485665 
0.486352 0.490911 0.511547 0.556306 0.528822 0.529729 0.545306 0.477638 0.353897 0.339604 
0.498080 0.458590 0.470688 0.463361 0.474539 0.466785 0.466247 0.524337 0.552486 0.523819 
0.512501 0.461005 0.416465 0.474166 0.471309 0.500409 0.525340 0.504902 0.482167 0.524374 
0.485090 0.469494 0.529717 0.552200 0.496526 0.481765 0.505904 0.532998 0.490585 0.478770 
0.488469 0.483009 0.502067 0.560963 0.533010 0.518409 0.558008 0.476735 0.355413 0.335472 
0.491088 0.422214 0.448559 0.479557 0.482765 0.515156 0.499557 0.496387 0.505476 0.509010 
0.514348 0.438467 0.430074 0.453562 0.454193 0.390090 0.501358 0.529643 0.508048 0.507212 
0.476382 0.451141 0.466958 0.535393 0.520980 0.507360 0.490283 0.505612 0.502490 0.497983 
0.495232 0.485010 0.498173 0.540012 0.502462 0.490859 0.542177 0.492771 0.374394 0.344472 
0.495245 0.423463 0.414701 0.457484 0.490872 0.512910 0.535294 0.508319 0.471192 0.441588 
0.473343 0.486748 0.496094 0.385176 0.393845 0.337802 0.350014 0.449483 0.538373 0.521015 
0.450623 0.441797 0.479537 0.495027 0.497244 0.536183 0.538639 0.485165 0.481556 0.487659 
0.506182 0.482296 0.478986 0.494567 0.502032 0.513901 0.538226 0.484387 0.424740 0.345485 
0.511741 0.487833 0.404919 0.430121 0.489600 0.460697 0.472373 0.502756 0.498613 0.475558 
0.515506 0.534923 0.375299 0.150064 0.174939 0.121117 0.221045 0.246118 0.445312 0.530197 
0.545792 0.519478 0.487312 0.499132 0.489272 0.535104 0.539414 0.527519 0.495166 0.499397 
0.466220 0.464089 0.476499 0.487519 0.509522 0.535890 0.524340 0.468774 0.484863 0.350120 
0.479913 0.439655 0.429709 0.463146 0.476313 0.428750 0.417638 0.518682 0.550217 0.519427 
0.546728 0.530292 0.393618 0.177525 0.142583 0.253991 0.427648 0.191585 0.282989 0.486554 
0.541255 0.555708 0.513136 0.501716 0.509538 0.546941 0.532081 0.542446 0.506193 0.486743 
0.484694 0.504875 0.509788 0.478681 0.522746 0.541575 0.504304 0.454890 0.511535 0.361209 
0.495993 0.432134 0.398108 0.461538 0.474467 0.474159 0.449461 0.509723 0.489592 0.497487 
0.518508 0.511748 0.374034 0.171498 0.246957 0.259102 0.622490 0.105874 0.338460 0.420773 
0.495563 0.517887 0.495004 0.485011 0.543458 0.587890 0.533096 0.495010 0.471720 0.470503 
0.475467 0.527792 0.537135 0.507474 0.528531 0.517735 0.508232 0.434436 0.471845 0.359712 
0.481871 0.425444 0.407825 0.446087 0.498074 0.492057 0.489174 0.444438 0.480043 0.472734 
0.468284 0.484788 0.454710 0.314259 0.214125 0.360564 0.280091 0.352815 0.465783 0.512123 
0.502264 0.540167 0.540820 0.524930 0.572845 0.574580 0.518661 0.487133 0.512503 0.502065 
0.467928 0.469142 0.491820 0.467608 0.540787 0.539481 0.503409 0.421907 0.446667 0.317553 
0.474216 0.464188 0.498837 0.496488 0.520021 0.470941 0.449694 0.466371 0.529347 0.493838 
0.487067 0.528991 0.475720 0.420612 0.460559 0.555113 0.507904 0.570735 0.553789 0.489082 
0.458867 0.500757 0.494299 0.519279 0.516682 0.493814 0.495136 0.474782 0.544438 0.501314 
0.415624 0.429954 0.490488 0.492593 0.519250 0.531722 0.514290 0.443741 0.387860 0.315977 
0.486218 0.456869 0.469312 0.463417 0.479878 0.507365 0.511915 0.476574 0.490333 0.487582 
0.532945 0.548333 0.492765 0.478540 0.502947 0.560982 0.582735 0.526602 0.563047 0.487169 
0.464476 0.501587 0.529050 0.526342 0.528528 0.521964 0.497513 0.463164 0.490688 0.497576 
0.466418 0.472407 0.491938 0.533258 0.549124 0.542262 0.542322 0.503388 0.366673 0.317535 
0.518541 0.481769 0.419109 0.397746 0.434210 0.462721 0.471663 0.425125 0.465452 0.495722 
0.519607 0.518938 0.525010 0.509923 0.507063 0.500430 0.461987 0.455513 0.547784 0.550864 
0.495601 0.482841 0.520184 0.543237 0.559837 0.558135 0.526818 0.485494 0.451676 0.496787 
0.517396 0.524281 0.496638 0.504042 0.508190 0.507519 0.530427 0.457519 0.339937 0.318864 
0.466967 0.401603 0.307932 0.304174 0.366692 0.451583 0.492771 0.498249 0.435339 0.439024 
0.476369 0.511761 0.519331 0.536018 0.532321 0.502159 0.480937 0.502109 0.500784 0.489222 
0.502260 0.490270 0.484907 0.529929 0.544747 0.518854 0.523005 0.507802 0.505564 0.509860 
0.495750 0.479423 0.496269 0.500520 0.489466 0.467898 0.503554 0.440253 0.346389 0.334841 
0.429737 0.346742 0.342857 0.383297 0.387680 0.447295 0.539122 0.557292 0.509074 0.513628 
0.530482 0.496521 0.499810 0.546841 0.551477 0.524976 0.497486 0.514055 0.485238 0.480286 
0.502071 0.454182 0.451971 0.463026 0.488324 0.492000 0.519473 0.534690 0.528806 0.546627 
0.516610 0.479530 0.491288 0.480857 0.494111 0.542585 0.550570 0.483264 0.355956 0.375503 
0.376296 0.363734 0.264309 0.249075 0.569108 0.529151 0.288238 0.141038 0.261651 0.291687 
0.442949 0.461211 0.470262 0.496308 0.528073 0.521615 0.506169 0.508649 0.513707 0.495498 
0.482962 0.459780 0.473285 0.466489 0.492379 0.488870 0.482736 0.488928 0.520741 0.540889 
0.517328 0.495725 0.510123 0.509130 0.526398 0.581826 0.609907 0.489597 0.348863 0.311569 
0.654528 0.520625 0.137179 0.439751 0.585273 0.198287 0.128201 0.144368 0.349572 0.251118 
0.215915 0.370652 0.414502 0.488487 0.507857 0.495771 0.505861 0.538409 0.458801 0.465301 
0.496637 0.485020 0.491225 0.471276 0.478370 0.467091 0.469870 0.479319 0.471746 0.486771 
0.515348 0.563156 0.581984 0.563806 0.574978 0.589155 0.522007 0.404367 0.341477 0.282840 
0.507364 0.492248 0.325250 0.239516 0.235181 0.186324 0.154326 0.069213 0.309767 0.282807 
0.194232 0.297612 0.404364 0.458219 0.485714 0.489829 0.464178 0.490046 0.479197 0.469878 
0.482955 0.489056 0.458740 0.455420 0.473707 0.478710 0.530087 0.532736 0.535920 0.574142 
0.567174 0.574211 0.574855 0.574634 0.554331 0.572532 0.528784 0.427061 0.394085 0.420868 
0.449317 0.493868 0.181527 0.378693 0.420208 0.301323 0.129330 0.063636 0.088677 0.268602 
0.240351 0.178592 0.315003 0.419448 0.441415 0.473363 0.471675 0.468266 0.488268 0.512364 
0.462869 0.524098 0.495661 0.495711 0.533002 0.512358 0.570077 0.555695 0.545635 0.552751 
0.564614 0.544648 0.528788 0.549758 0.537498 0.548079 0.427633 0.427045 0.688933 0.570899 
0.493574 0.443283 0.312144 0.267219 0.299338 0.298612 0.195962 0.138562 0.050864 0.314392 
0.470825 0.228378 0.288435 0.378458 0.441386 0.468951 0.452696 0.476079 0.436109 0.458924 
0.481462 0.603171 0.641785 0.592444 0.634695 0.595349 0.567001 0.532891 0.497957 0.490413 
0.504711 0.584443 0.587012 0.633533 0.651653 0.622814 0.526089 0.606535 0.423686 0.222864 
0.530000 0.412608 0.204470 0.173595 0.273414 0.179563 0.156373 0.114844 0.091479 0.104858 
0.287166 0.375164 0.365714 0.360808 0.433518 0.474706 0.470279 0.532028 0.594617 0.646627 
0.598607 0.590890 0.667480 0.639766 0.574755 0.554034 0.584227 0.581955 0.543796 0.568852 
0.574907 0.552946 0.614664 0.789864 0.759045 0.643642 0.575286 0.397514 0.257823 0.106855 
0.425422 0.432331 0.195743 0.220179 0.386022 0.137226 0.226971 0.209243 0.159705 0.099416 
0.235231 0.508149 0.485185 0.419441 0.456063 0.447207 0.389442 0.477145 0.442143 0.477505 
0.473258 0.491728 0.528163 0.591735 0.620400 0.565340 0.624637 0.632042 0.614438 0.496924 
0.421739 0.623800 0.491359 0.311995 0.127393 0.187455 0.265783 0.192217 0.159080 0.131676 
0.359067 0.458288 0.097404 0.159174 0.331556 0.272201 0.381542 0.239637 0.143303 0.131337 
0.096064 0.414525 0.339046 0.436488 0.431551 0.377986 0.237545 0.598435 0.629378 0.378568 
0.313729 0.357161 0.365899 0.523374 0.683095 0.584625 0.558686 0.480565 0.404970 0.402060 
0.394301 0.447282 0.288734 0.056842 0.091891 0.162934 0.127249 0.192716 0.461950 0.166812 
0.456435 0.352161 0.211721 0.399308 0.390640 0.120073 0.200704 0.417896 0.114492 0.165851 
0.068553 0.343568 0.252568 0.418523 0.459245 0.404494 0.275190 0.543797 0.713333 0.433341 
0.191450 0.210697 0.557307 0.783014 0.407109 0.159428 0.137337 0.219347 0.563914 0.484582 
0.299907 0.276859 0.258586 0.069660 0.274188 0.532056 0.383085 0.114280 0.091313 0.126128 
0.459274 0.447346 0.237602 0.280350 0.379960 0.211381 0.320343 0.246739 0.160524 0.106902 
0.037753 0.401104 0.306688 0.533627 0.595945 0.353239 0.310804 0.505875 0.360217 0.323213 
0.315258 0.290603 0.407801 0.278450 0.116775 0.293644 0.206256 0.199527 0.525839 0.405573 
0.314683 0.144906 0.188065 0.072005 0.101143 0.157032 0.501734 0.297851 0.197667 0.122194 
0.282701 0.378865 0.388325 0.221321 0.178385 0.184044 0.290862 0.196423 0.189562 0.129838 
0.066533 0.260858 0.536310 0.557652 0.261256 0.115349 0.212572 0.206589 0.105622 0.420619 
0.376952 0.301083 0.370675 0.081577 0.112327 0.226021 0.428463 0.405256 0.379129 0.216247 
0.416767 0.308679 0.206272 0.246005 0.106915 0.113595 0.471460 0.383941 0.246473 0.115745 
0.315070 0.325946 0.381367 0.446964 0.235568 0.208439 0.342009 0.179420 0.327040 0.244174 
0.178259 0.191747 0.528370 0.572929 0.186324 0.141827 0.094047 0.197945 0.177590 0.548993 
0.331858 0.435223 0.309073 0.289426 0.192550 0.184976 0.380635 0.357132 0.422665 0.534639 
0.469822 0.292648 0.433063 0.571521 0.371196 0.300949 0.235910 0.282548 0.190759 0.180007 
0.334352 0.363800 0.624502 0.380196 0.288328 0.167464 0.194359 0.188118 0.187405 0.181536 
0.238735 0.355354 0.582266 0.716455 0.327630 0.277570 0.279099 0.517558 0.684044 0.587596 
0.225289 0.534325 0.273976 0.220925 0.074010 0.164500 0.476513 0.198017 0.180658 0.395710 
0.616362 0.350185 0.473159 0.338161 0.310139 0.180192 0.156466 0.221744 0.187910 0.208865 
0.235574 0.189725 0.260109 0.329743 0.439787 0.206859 0.166650 0.202169 0.385310 0.343374 
0.376158 0.516711 0.740497 0.677915 0.269261 0.149159 0.206443 0.326084 0.441090 0.102350 
0.175059 0.266429 0.242279 0.149143 0.107808 0.134094 0.369857 0.355612 0.219546 0.385946 
0.534328 0.704739 0.658921 0.305620 0.189476 0.266112 0.223404 0.160157 0.122989 0.143884 
0.245985 0.234143 0.293276 0.320926 0.454282 0.288066 0.145161 0.199143 0.430471 0.335265 
0.206794 0.354054 0.411813 0.319621 0.166693 0.310925 0.300704 0.395448 0.465984 0.176060 
0.181102 0.229189 0.233603 0.125754 0.134604 0.176725 0.180856 0.313026 0.366751 0.312026 
0.294613 0.445701 0.545366 0.404483 0.264062 0.377837 0.172583 0.115182 0.172573 0.301928 
0.198198 0.287422 0.266225 0.395625 0.234735 0.187878 0.145689 0.197117 0.271385 0.179402 
0.156972 0.248492 0.344458 0.258895 0.193898 0.179912 0.371310 0.478641 0.569557 0.370539 
0.266454 0.231858 0.216547 0.158851 0.282749 0.423774 0.409947 0.324218 0.308139 0.325799 
0.294213 0.570016 0.388363 0.266247 0.564810 0.433092 0.207124 0.089803 0.112427 0.251385 
0.335186 0.295354 0.357240 0.242103 0.226288 0.209652 0.145318 0.165470 0.211508 0.128953 
0.176755 0.187214 0.221854 0.210431 0.194770 0.232803 0.240101 0.274641 0.477120 0.528996 
0.431338 0.309507 0.256724 0.337257 0.516044 0.359753 0.583044 0.433722 0.556501 0.464937 
0.304869 0.305984 0.385281 0.562450 0.771452 0.341532 0.286613 0.219764 0.148791 0.417527 
0.350851 0.325382 0.480310 0.230275 0.395895 0.223664 0.172119 0.196382 0.526153 0.217723 
0.124247 0.101561 0.283965 0.335034 0.360118 0.399888 0.477815 0.532106 0.486263 0.362783 
0.335349 0.296611 0.325992 0.145520 0.374258 0.456175 0.301609 0.520959 0.659098 0.426810 
0.467848 0.453580 0.259391 0.432740 0.522995 0.462198 0.552397 0.548408 0.419921 0.436232 
0.432530 0.324872 0.244922 0.273826 0.317604 0.278873 0.123511 0.280347 0.631209 0.267062 
0.221395 0.280478 0.380254 0.431382 0.821425 0.439190 0.331856 0.289982 0.375660 0.475804 
0.415338 0.299621 0.393362 0.242599 0.453508 0.580844 0.553978 0.722043 0.600407 0.518733 
0.590797 0.671379 0.551530 0.697369 0.644299 0.536615 0.588431 0.617541 0.457891 0.502067 
0.603731 0.336041 0.336651 0.348538 0.325514 0.381688 0.373591 0.406009 0.331391 0.343919 
0.337106 0.328890 0.431785 0.429909 0.584524 0.382000 0.401128 0.343785 0.273855 0.281864 
0.266861 0.282172 0.282917 0.268176 0.313666 0.306857 0.339416 0.315126 0.298507 0.338424 
0.428809 0.358922 0.351295 0.283311 0.289102 0.289806 0.278070 0.311489 0.278448 0.369927 
0.664466 0.461420 0.544151 0.490871 0.410673 0.499539 0.577239 0.604640 0.409231 0.531856 
0.509624 0.477313 0.577471 0.560811 0.609598 0.614841 0.650342 0.575224 0.499109 0.419656 
0.433938 0.409197 0.408962 0.380744 0.488115 0.439721 0.485318 0.441293 0.375289 0.446028 
0.564543 0.491280 0.485494 0.505990 0.434796 0.412845 0.408374 0.479738 0.368755 0.353116 
0.578381 0.364508 0.435272 0.426202 0.458792 0.547656 0.665465 0.567784 0.447648 0.506039 
0.494264 0.541445 0.590717 0.573103 0.518126 0.570122 0.601809 0.563379 0.481906 0.474350 
0.487718 0.460881 0.443105 0.479189 0.526543 0.507586 0.461139 0.485270 0.490142 0.481940 
0.461484 0.470406 0.493997 0.554506 0.576200 0.592468 0.520465 0.558817 0.479681 0.391187 
0.578793 0.367123 0.458589 0.475274 0.669408 0.592598 0.563619 0.529553 0.400824 0.445882 
0.481003 0.554373 0.586629 0.629172 0.504440 0.468934 0.460292 0.515041 0.516071 0.433953 
0.449272 0.427538 0.400539 0.385827 0.399296 0.440101 0.377536 0.363952 0.419400 0.448583 
0.389097 0.408100 0.428845 0.422515 0.484104 0.507027 0.403143 0.443751 0.407312 0.416197 
0.624664 0.419246 0.496344 0.565028 0.807569 0.547322 0.538477 0.591102 0.429793 0.465153 
0.451869 0.455482 0.515464 0.492912 0.399901 0.401327 0.330768 0.407924 0.433461 0.392129 
0.474286 0.401861 0.420575 0.400147 0.395617 0.395108 0.392554 0.376870 0.394569 0.447764 
0.459085 0.470214 0.409505 0.372479 0.404472 0.425910 0.378617 0.417470 0.367299 0.409991 
0.609307 0.397489 0.379181 0.415642 0.635792 0.340371 0.396018 0.471291 0.456827 0.517689 
0.419451 0.487842 0.545235 0.508738 0.385483 0.375201 0.355980 0.408737 0.389501 0.421703 
0.441089 0.364165 0.388532 0.448447 0.474860 0.582336 0.469025 0.451575 0.431239 0.419545 
0.428037 0.500963 0.418124 0.387670 0.391542 0.361120 0.370488 0.461062 0.401299 0.400770 
0.597960 0.384182 0.407232 0.420733 0.311042 0.385571 0.371476 0.349617 0.364024 0.514546 
0.472113 0.501360 0.677407 0.520142 0.445516 0.416799 0.429398 0.403993 0.393687 0.478617 
0.401854 0.334228 0.348356 0.360716 0.445607 0.609179 0.487981 0.398141 0.428232 0.486668 
0.426416 0.471018 0.453647 0.402608 0.407604 0.424458 0.373648 0.400490 0.377196 0.385416 
0.623700 0.457090 0.502047 0.547018 0.381163 0.381087 0.389735 0.364707 0.318646 0.364773 
0.443849 0.450548 0.462194 0.330385 0.343186 0.403399 0.485017 0.425686 0.356803 0.401605 
0.427503 0.338404 0.395666 0.386425 0.436553 0.439203 0.403900 0.355188 0.364257 0.424028 
0.444152 0.404404 0.435817 0.452691 0.404718 0.435531 0.420347 0.486868 0.402366 0.379402 
0.652994 0.504886 0.563794 0.587680 0.440386 0.478188 0.468294 0.511343 0.409156 0.365390 
0.430954 0.483556 0.311301 0.339529 0.354973 0.361300 0.416996 0.471643 0.383893 0.339830 
0.403495 0.421079 0.562504 0.491660 0.506912 0.455082 0.443157 0.407073 0.380632 0.419661 
0.471839 0.374004 0.380117 0.422725 0.412988 0.403979 0.431291 0.472849 0.383199 0.372443 
0.660861 0.408599 0.529253 0.536680 0.417805 0.493977 0.506124 0.450946 0.435638 0.424879 
0.542602 0.548847 0.398672 0.352493 0.353774 0.289019 0.312190 0.392032 0.383520 0.344125 
0.342009 0.392152 0.469217 0.511626 0.350568 0.372240 0.425652 0.496490 0.390131 0.434713 
0.477392 0.420990 0.399623 0.411220 0.398624 0.410475 0.440504 0.436207 0.347737 0.329365 
0.631018 0.431081 0.438599 0.474404 0.355489 0.424388 0.505881 0.490667 0.396739 0.396902 
0.555698 0.389802 0.346341 0.314735 0.265334 0.185845 0.257315 0.473985 0.522447 0.426080 
0.356201 0.366315 0.394505 0.393847 0.295519 0.315356 0.433765 0.441382 0.372409 0.446129 
0.474769 0.439900 0.420452 0.418798 0.395627 0.369003 0.371277 0.417790 0.432959 0.359502 
0.641143 0.415449 0.427555 0.405667 0.412303 0.388554 0.435490 0.529260 0.394130 0.330893 
0.370293 0.329612 0.326409 0.389736 0.256534 0.125801 0.155185 0.313091 0.490721 0.421975 
0.346222 0.373999 0.403156 0.359017 0.298011 0.329800 0.527950 0.534026 0.425728 0.427004 
0.495126 0.447856 0.401664 0.387274 0.412147 0.361667 0.366481 0.423052 0.601730 0.457390 
0.629372 0.451228 0.481216 0.440258 0.422455 0.384749 0.378159 0.490853 0.473260 0.332527 
0.415993 0.376543 0.351001 0.415105 0.718208 0.799018 0.448311 0.356073 0.363525 0.356721 
0.362092 0.416253 0.433487 0.458531 0.495160 0.420930 0.450526 0.524212 0.476104 0.509590 
0.501960 0.463921 0.380208 0.379183 0.444130 0.440243 0.421439 0.450001 0.682639 0.557283 
0.663028 0.388027 0.439291 0.474905 0.403697 0.404564 0.395973 0.469847 0.494460 0.409745 
0.516660 0.452463 0.371981 0.236101 0.486604 0.578510 0.780955 0.371909 0.439200 0.337128 
0.333880 0.402106 0.437112 0.403122 0.474145 0.488696 0.377937 0.408179 0.404260 0.497803 
0.449669 0.483225 0.430527 0.388670 0.434930 0.429736 0.392337 0.431359 0.624537 0.604725 
0.642659 0.374624 0.384001 0.437828 0.380987 0.347157 0.486930 0.500117 0.455130 0.418012 
0.473795 0.357800 0.306053 0.122525 0.149717 0.754944 0.220513 0.046157 0.249478 0.416779 
0.422565 0.427236 0.418036 0.405460 0.378842 0.414062 0.401469 0.379040 0.437036 0.407975 
0.380711 0.428335 0.424755 0.384101 0.449481 0.410282 0.403708 0.439961 0.573241 0.616709 
0.622183 0.317614 0.404962 0.400689 0.375468 0.298027 0.429864 0.416274 0.362561 0.328432 
0.373738 0.338301 0.291296 0.326210 0.176030 0.834871 0.245707 0.057799 0.243422 0.391137 
0.393034 0.411056 0.352082 0.353968 0.381177 0.384212 0.397758 0.422091 0.543637 0.483686 
0.379966 0.411349 0.502074 0.438724 0.413491 0.440891 0.431520 0.445184 0.566198 0.571873 
0.644558 0.327431 0.417022 0.411503 0.444756 0.356686 0.396690 0.420931 0.398355 0.347282 
0.387769 0.357645 0.313618 0.393587 0.380061 0.482641 0.370757 0.294129 0.508710 0.472234 
0.379933 0.413096 0.392383 0.419908 0.464495 0.423104 0.441511 0.469234 0.609120 0.583988 
0.381917 0.375811 0.406010 0.417101 0.378270 0.435554 0.391063 0.455387 0.500481 0.517446 
0.665237 0.390707 0.425752 0.465974 0.516404 0.397730 0.327087 0.425116 0.398590 0.327890 
0.385334 0.393086 0.361141 0.371841 0.355179 0.295065 0.317254 0.378582 0.506872 0.514713 
0.396624 0.409297 0.396314 0.445116 0.442518 0.451427 0.385157 0.450954 0.495152 0.441537 
0.326437 0.362990 0.350868 0.369362 0.375238 0.383797 0.372883 0.427589 0.413643 0.392965 
0.646388 0.361373 0.371882 0.497774 0.492744 0.387991 0.272239 0.317374 0.318793 0.281214 
0.377591 0.389233 0.370436 0.405141 0.393117 0.352065 0.353170 0.374927 0.403071 0.434493 
0.366588 0.374699 0.383097 0.384840 0.391614 0.418050 0.409303 0.403058 0.395340 0.326150 
0.306778 0.365337 0.363943 0.351529 0.366426 0.407369 0.376694 0.412047 0.370034 0.349746 
0.613044 0.311713 0.282164 0.448168 0.387696 0.330438 0.225086 0.275380 0.362255 0.339890 
0.353057 0.385313 0.351139 0.422622 0.461748 0.410731 0.400834 0.488947 0.483556 0.417093 
0.352332 0.365720 0.366224 0.371415 0.371141 0.384752 0.393876 0.406014 0.409910 0.428166 
0.385139 0.404891 0.438619 0.410908 0.417346 0.493712 0.452325 0.463193 0.358005 0.354554 
0.538864 0.362277 0.372562 0.396662 0.408351 0.299182 0.135166 0.172767 0.247670 0.364584 
0.293865 0.360649 0.351033 0.362862 0.377995 0.377090 0.408165 0.448961 0.470069 0.422673 
0.491571 0.371724 0.368643 0.367757 0.380858 0.391855 0.341941 0.372433 0.416672 0.465693 
0.423578 0.401624 0.460952 0.446807 0.400729 0.436095 0.470886 0.437982 0.340481 0.341157 
0.691874 0.630957 0.403309 0.340074 0.392618 0.643672 0.314830 0.458329 0.659742 0.525068 
0.279218 0.345031 0.409917 0.388359 0.361803 0.403032 0.419817 0.439713 0.405100 0.411352 
0.488173 0.424992 0.390599 0.391175 0.429927 0.420079 0.348902 0.335737 0.379689 0.398013 
0.362655 0.404770 0.421479 0.394065 0.375292 0.330373 0.341891 0.352316 0.333119 0.306680 
0.904762 0.897537 0.699472 0.682722 0.875839 0.661368 0.571761 0.715675 0.842718 0.573906 
0.365748 0.353160 0.363663 0.428748 0.399206 0.399188 0.397404 0.529599 0.397273 0.324092 
0.363122 0.422863 0.378553 0.372651 0.413228 0.412937 0.414725 0.370501 0.362394 0.353653 
0.372928 0.400990 0.378126 0.339617 0.335966 0.326528 0.356651 0.299557 0.313334 0.411505 
0.909718 0.717351 0.649294 0.336034 0.874289 0.933575 0.752273 0.753728 0.360629 0.356321 
0.310637 0.406641 0.296297 0.388890 0.409296 0.412408 0.378289 0.440143 0.402763 0.400692 
0.394588 0.474511 0.456815 0.389571 0.375436 0.377013 0.407542 0.368639 0.405384 0.386256 
0.343676 0.348003 0.354458 0.329085 0.273348 0.272793 0.361717 0.255271 0.254425 0.315639 
0.772418 0.698971 0.524091 0.416710 0.569536 0.874238 0.797178 0.614851 0.488145 0.579355 
0.835471 0.550005 0.338775 0.386798 0.447378 0.415709 0.399445 0.387103 0.364218 0.396855 
0.391175 0.416027 0.429722 0.382592 0.340886 0.405556 0.384494 0.392459 0.329457 0.345537 
0.299106 0.368139 0.333933 0.288058 0.217630 0.236904 0.254847 0.255321 0.509090 0.427575 
0.752545 0.776361 0.723026 0.580182 0.328553 0.316844 0.433967 0.549235 0.307599 0.758394 
0.683432 0.772628 0.408716 0.391542 0.487923 0.445083 0.347150 0.354946 0.341039 0.344090 
0.323630 0.335885 0.335159 0.378599 0.374323 0.386317 0.339009 0.343900 0.315469 0.280437 
0.289096 0.341223 0.236045 0.249381 0.151140 0.249356 0.231704 0.593948 0.471053 0.687332 
0.522494 0.594329 0.358289 0.643248 0.579808 0.544661 0.494577 0.721420 0.343068 0.500998 
0.449253 0.759569 0.379621 0.321432 0.345368 0.357573 0.324087 0.396408 0.293678 0.355022 
0.299776 0.357879 0.307646 0.358721 0.413405 0.316389 0.259696 0.252438 0.247886 0.245584 
0.255000 0.194688 0.142351 0.187416 0.199640 0.191007 0.485580 0.460710 0.417209 0.758473 
0.432301 0.692102 0.452081 0.555406 0.664272 0.829115 0.770330 0.723754 0.239964 0.331671 
0.301012 0.449370 0.282060 0.257373 0.324216 0.283032 0.294505 0.439127 0.499462 0.280323 
0.215034 0.248348 0.271678 0.225888 0.245396 0.216500 0.196618 0.203520 0.220827 0.237343 
0.182384 0.294285 0.621728 0.560168 0.532879 0.387443 0.333350 0.429276 0.858019 0.748858 
0.609804 0.692722 0.202554 0.341537 0.568718 0.766387 0.469486 0.750640 0.171681 0.426318 
0.388253 0.482543 0.261232 0.320848 0.367667 0.317037 0.356021 0.769050 0.942647 0.553540 
0.280268 0.296038 0.215383 0.186983 0.222199 0.118309 0.255916 0.232745 0.198097 0.225207 
0.330183 0.685669 0.390089 0.879080 0.891712 0.915037 0.353545 0.357880 0.753697 0.344308 
0.588229 0.610389 0.448858 0.370317 0.513385 0.724596 0.880484 0.562433 0.544969 0.913871 
0.671299 0.634830 0.230396 0.300187 0.355506 0.272483 0.436025 0.834838 0.902238 0.518603 
0.419124 0.400876 0.582899 0.764580 0.769685 0.619494 0.426934 0.351632 0.543163 0.822130 
0.380140 0.321650 0.400855 0.823017 0.594767 0.409091 0.356813 0.319165 0.409402 0.471321 
0.577334 0.462494 0.843194 0.489154 0.242743 0.432450 0.824691 0.588740 0.339485 0.871367 
0.847574 0.392847 0.132390 0.324505 0.345683 0.212518 0.658309 0.478130 0.589746 0.382473 
0.763263 0.709308 0.664681 0.483066 0.830257 0.828792 0.742372 0.624315 0.927296 0.743441 
0.546016 0.242929 0.473067 0.530674 0.724321 0.317226 0.109484 0.313018 0.320393 0.192985 
0.544700 0.377840 0.314993 0.502106 0.288430 0.264031 0.784038 0.391717 0.466402 0.413123 
0.922842 0.592140 0.439230 0.858176 0.753961 0.280817 0.466969 0.601740 0.852206 0.363874 
0.825718 0.814021 0.645207 0.741925 0.655660 0.391838 0.592075 0.384322 0.594973 0.901698 
0.708353 0.436923 0.461487 0.504654 0.497261 0.578323 0.135012 0.201606 0.545739 0.280429 
0.589788 0.361389 0.472942 0.494007 0.463865 0.399817 0.627259 0.317678 0.748297 0.454636 
0.610302 0.729716 0.517769 0.845630 0.863785 0.575218 0.195568 0.563665 0.931529 0.517451 
0.555470 0.547929 0.649635 0.831274 0.496044 0.661652 0.685993 0.603568 0.403748 0.797119 
0.736595 0.342814 0.675751 0.466569 0.355396 0.688754 0.345176 0.347432 0.386023 0.241490 
0.477728 0.578353 0.584253 0.319851 0.439851 0.519443 0.271715 0.536333 0.696290 0.377985 
0.345315 0.452195 0.625437 0.454487 0.818154 0.788252 0.328056 0.335390 0.795730 0.677048 
0.403849 0.527793 0.374792 0.736408 0.630790 0.818573 0.555320 0.558193 0.325861 0.355028 
0.201425 0.308289 0.845265 0.436189 0.270976 0.407051 0.369741 0.192946 0.225749 0.285633 
0.417232 0.393487 0.497332 0.416618 0.390200 0.661520 0.238237 0.306427 0.612141 0.588577 
0.557480 0.591898 0.691773 0.452879 0.607755 0.586496 0.784582 0.578350 0.348671 0.211193 
0.566605 0.804716 0.293035 0.314205 0.684596 0.854696 0.428118 0.438265 0.473432 0.498162 
0.264362 0.413730 0.595245 0.329485 0.486299 0.548843 0.551442 0.321527 0.261335 0.347991 
0.316980 0.313097 0.422048 0.494670 0.392877 0.513934 0.283257 0.275968 0.395798 0.497569 
0.516089 0.677565 0.582474 0.320393 0.316905 0.261147 0.808921 0.279964 0.107318 0.125099 
0.607948 0.497055 0.304747 0.064465 0.606718 0.669784 0.317196 0.164258 0.461176 0.788164 
0.545592 0.721668 0.595470 0.638083 0.889971 0.831383 0.558866 0.359767 0.345298 0.719015 
0.262466 0.305769 0.762019 0.861910 0.421762 0.482273 0.330594 0.301009 0.658154 0.429964 
0.365947 0.677397 0.474194 0.286526 0.346299 0.277320 0.508388 0.275420 0.206541 0.233431 
0.416709 0.259967 0.414610 0.430803 0.596189 0.618928 0.434915 0.318518 0.366890 0.571587 
0.597345 0.745146 0.311888 0.257431 0.824871 0.848703 0.619497 0.691256 0.274489 0.653067 
0.468038 0.503903 0.349342 0.892269 0.699334 0.467125 0.419675 0.415113 0.951198 0.691036 
0.376686 0.579091 0.418778 0.240688 0.413392 0.388239 0.279671 0.435055 0.508567 0.265228 
0.202103 0.256089 0.396390 0.303331 0.333821 0.501858 0.489284 0.591044 0.390469 0.724137 
0.577170 0.821458 0.409751 0.338509 0.773004 0.444076 0.467474 0.685071 0.316058 0.557548 
0.468798 0.660031 0.283920 0.495905 0.742414 0.677960 0.406978 0.396754 0.933524 0.690767 
0.559320 0.519344 0.567538 0.581818 0.283639 0.250876 0.295299 0.233891 0.484005 0.490116 
0.534021 0.613881 0.585369 0.486552 0.489651 0.324745 0.509630 0.545177 0.257377 0.815696 
0.479283 0.255734 0.257727 0.268792 0.538200 0.294039 0.215003 0.264488 0.159451 0.328759 
0.275122 0.547996 0.236227 0.238340 0.701317 0.601387 0.232186 0.336538 0.672396 0.771841 
0.572497 0.507089 0.532653 0.433501 0.536169 0.584220 0.563397 0.308425 0.588115 0.595897 
0.635238 0.410458 0.409689 0.276528 0.284214 0.328078 0.110951 0.193155 0.122415 0.384182 
0.156685 0.060221 0.107069 0.144827 0.170044 0.169507 0.115342 0.151086 0.094755 0.262765 
0.897112 0.894690 0.899139 0.910727 0.904354 0.908202 0.907929 0.897067 0.907136 0.899703 
0.901766 0.896671 0.903780 0.915501 0.893148 0.885956 0.883588 0.884933 0.883176 0.886012 
0.890426 0.901163 0.899765 0.897981 0.894451 0.900972 0.905590 0.902457 0.891989 0.903121 
0.903483 0.904589 0.896047 0.893527 0.900509 0.905085 0.901209 0.901824 0.889052 0.935973 
0.859246 0.795453 0.808300 0.813041 0.780259 0.788322 0.803913 0.793928 0.773229 0.777887 
0.785917 0.781990 0.807202 0.801925 0.767924 0.804451 0.797974 0.808351 0.806963 0.789661 
0.792502 0.789501 0.789538 0.793914 0.804792 0.800833 0.805860 0.781451 0.805443 0.806142 
0.841550 0.807581 0.797624 0.804230 0.788130 0.772427 0.776091 0.823735 0.820061 0.884446 
0.858620 0.782088 0.794876 0.777533 0.785314 0.791691 0.836369 0.827046 0.810947 0.798854 
0.823714 0.837345 0.840422 0.795736 0.766587 0.792990 0.812632 0.825940 0.816652 0.825993 
0.831161 0.828769 0.801762 0.831670 0.839287 0.839520 0.824944 0.819353 0.848355 0.826620 
0.812821 0.814900 0.810765 0.833589 0.828280 0.853517 0.843026 0.853294 0.828748 0.874524 
0.846385 0.760726 0.795416 0.810816 0.823070 0.770121 0.797061 0.805224 0.785775 0.772179 
0.808550 0.850441 0.834428 0.814974 0.744585 0.738752 0.781857 0.792556 0.813106 0.812438 
0.799635 0.819941 0.824264 0.808810 0.802864 0.819764 0.807295 0.802191 0.834472 0.814362 
0.794525 0.798212 0.818421 0.801195 0.814166 0.837119 0.816497 0.822626 0.801134 0.877404 
0.849619 0.763331 0.810083 0.877869 0.931201 0.828837 0.787223 0.802934 0.809148 0.784010 
0.793435 0.816565 0.766171 0.787644 0.766779 0.754274 0.749647 0.758696 0.794312 0.772206 
0.806326 0.806760 0.811333 0.809355 0.805137 0.789816 0.799725 0.816140 0.805264 0.799594 
0.837853 0.826614 0.816095 0.789480 0.805957 0.804973 0.818982 0.825176 0.779084 0.876856 
0.860860 0.771328 0.782385 0.760953 0.786315 0.677582 0.738405 0.767784 0.824382 0.830976 
0.777479 0.764571 0.746881 0.776299 0.787298 0.761562 0.758345 0.776600 0.757828 0.792567 
0.818623 0.806883 0.784132 0.827708 0.839751 0.849192 0.808877 0.794880 0.812419 0.798216 
0.820361 0.826682 0.809753 0.806320 0.793493 0.794459 0.814687 0.829945 0.790811 0.869575 
0.850882 0.772243 0.790939 0.771663 0.752919 0.745040 0.777941 0.760272 0.765903 0.801490 
0.789106 0.806310 0.852820 0.785209 0.805836 0.789345 0.782724 0.788644 0.766953 0.822847 
0.801011 0.782569 0.777959 0.789920 0.806878 0.857461 0.815003 0.785941 0.816864 0.827991 
0.801700 0.808770 0.812224 0.800916 0.797485 0.834574 0.815285 0.797863 0.778758 0.867673 
0.850318 0.784493 0.806401 0.798749 0.796099 0.766784 0.767367 0.764392 0.732680 0.761529 
0.788359 0.761938 0.783381 0.752453 0.768952 0.787740 0.801144 0.804680 0.777027 0.782221 
0.814870 0.810126 0.796144 0.805268 0.808828 0.788513 0.796257 0.811700 0.795354 0.806073 
0.815202 0.797501 0.806230 0.831515 0.809662 0.817524 0.811720 0.828118 0.789645 0.868096 
0.832501 0.778915 0.833564 0.828352 0.800910 0.797288 0.802135 0.806646 0.777962 0.764147 
0.780158 0.771305 0.707571 0.762088 0.784889 0.779586 0.786160 0.803649 0.779951 0.753144 
0.791943 0.817890 0.829862 0.802936 0.820825 0.807576 0.817392 0.818699 0.818857 0.809489 
0.830992 0.792090 0.792519 0.816163 0.800444 0.800137 0.815141 0.831087 0.774115 0.870816 
0.831633 0.758286 0.789329 0.791382 0.776740 0.801698 0.822140 0.790500 0.777704 0.805651 
0.815053 0.787919 0.794280 0.792706 0.774163 0.761578 0.773708 0.771526 0.768538 0.791156 
0.810915 0.806785 0.830819 0.840881 0.796328 0.791916 0.820716 0.837218 0.822928 0.816633 
0.819007 0.800276 0.815466 0.816444 0.803926 0.802396 0.825312 0.819363 0.785098 0.867163 
0.834841 0.750079 0.773999 0.780139 0.764644 0.777090 0.805212 0.787027 0.753629 0.791292 
0.817855 0.774925 0.788898 0.782018 0.780997 0.799245 0.799767 0.819417 0.836725 0.824699 
0.788416 0.802006 0.786135 0.809570 0.784012 0.793029 0.802339 0.801791 0.795323 0.814010 
0.816031 0.807568 0.808819 0.828890 0.807608 0.799302 0.801851 0.816733 0.799599 0.877066 
0.817942 0.748043 0.767360 0.776143 0.787095 0.786607 0.794745 0.799511 0.767673 0.754424 
0.747157 0.778456 0.788447 0.791097 0.764095 0.778261 0.743861 0.768551 0.847677 0.830728 
0.812284 0.809662 0.808538 0.793570 0.781122 0.794933 0.826504 0.846234 0.831342 0.797600 
0.810045 0.809932 0.806040 0.816747 0.802773 0.807471 0.811188 0.828058 0.822897 0.880609 
0.826954 0.751817 0.798857 0.773819 0.768620 0.768179 0.780004 0.799059 0.780069 0.765094 
0.764958 0.801627 0.796286 0.753207 0.856454 0.823014 0.794775 0.698570 0.726849 0.788662 
0.826378 0.815206 0.806806 0.800838 0.857284 0.841233 0.781769 0.826869 0.834063 0.816528 
0.810708 0.806441 0.792635 0.800931 0.818369 0.833559 0.837829 0.841175 0.834070 0.890036 
0.830122 0.724193 0.777518 0.825432 0.770930 0.779017 0.773476 0.767683 0.794070 0.811920 
0.806183 0.784008 0.799890 0.780189 0.861238 0.866891 0.808688 0.806864 0.740536 0.789273 
0.791678 0.795051 0.800568 0.802041 0.861255 0.832128 0.758501 0.786331 0.792106 0.795738 
0.807965 0.821841 0.820706 0.799121 0.816791 0.833073 0.815536 0.840623 0.807129 0.886993 
0.840632 0.754950 0.757467 0.793271 0.758076 0.766525 0.859664 0.819213 0.752982 0.797037 
0.800836 0.788258 0.787348 0.744241 0.738931 0.869034 0.799452 0.653646 0.764811 0.802444 
0.824252 0.821933 0.805979 0.815230 0.799987 0.807064 0.791637 0.797250 0.801133 0.778716 
0.785222 0.800889 0.804936 0.801737 0.817507 0.815221 0.821203 0.834250 0.793582 0.877178 
0.814306 0.743253 0.762292 0.785550 0.774234 0.773019 0.830955 0.803243 0.752360 0.754855 
0.783698 0.819730 0.780541 0.749103 0.792186 0.886767 0.797521 0.754622 0.788178 0.804583 
0.799168 0.805211 0.799533 0.776699 0.785354 0.804230 0.784778 0.786084 0.815072 0.810760 
0.790731 0.798148 0.832139 0.838214 0.818816 0.824001 0.829379 0.815341 0.782628 0.868734 
0.823585 0.728209 0.762014 0.799015 0.791009 0.769263 0.798709 0.785867 0.785403 0.775562 
0.794506 0.829653 0.796789 0.765171 0.774403 0.749646 0.703552 0.793271 0.869932 0.827408 
0.792945 0.801346 0.824268 0.813905 0.819573 0.802457 0.813397 0.821591 0.852660 0.850725 
0.791400 0.803806 0.816147 0.836458 0.811798 0.813523 0.819400 0.806261 0.764771 0.859689 
0.836663 0.778738 0.773223 0.790238 0.794395 0.772602 0.787164 0.798681 0.786975 0.779218 
0.807170 0.807094 0.794619 0.802544 0.789479 0.770711 0.781494 0.801392 0.848758 0.815737 
0.802824 0.799959 0.809747 0.825013 0.814352 0.811217 0.799208 0.798564 0.815901 0.814573 
0.805884 0.800502 0.799857 0.802490 0.812568 0.803448 0.805371 0.810513 0.751614 0.853344 
0.832871 0.767064 0.751977 0.798129 0.787950 0.783979 0.760561 0.771828 0.775813 0.791151 
0.800030 0.805440 0.803848 0.835274 0.824759 0.814144 0.799533 0.813974 0.800069 0.810613 
0.826714 0.812771 0.811657 0.804190 0.799081 0.796041 0.814953 0.803211 0.777675 0.788008 
0.812659 0.808999 0.823616 0.811666 0.813811 0.815321 0.791343 0.800468 0.769208 0.868845 
0.833505 0.742050 0.711533 0.774711 0.818522 0.828170 0.814913 0.851870 0.841010 0.812250 
0.790405 0.810372 0.809680 0.805531 0.835357 0.814019 0.815270 0.848613 0.821612 0.812506 
0.807917 0.807989 0.810251 0.808793 0.822851 0.802284 0.802064 0.804752 0.797859 0.839118 
0.841326 0.813766 0.839406 0.823374 0.817436 0.829874 0.824292 0.836231 0.776948 0.871826 
0.833071 0.766393 0.733720 0.772540 0.821854 0.871396 0.817094 0.826252 0.779527 0.776168 
0.772693 0.796168 0.801281 0.783231 0.814316 0.808411 0.802255 0.823570 0.791312 0.823813 
0.855295 0.827352 0.817613 0.819898 0.817831 0.803998 0.782369 0.800325 0.826745 0.843083 
0.818003 0.795540 0.824856 0.823081 0.809731 0.801291 0.837671 0.821611 0.794380 0.867135 
0.773976 0.706497 0.693843 0.711741 0.844356 0.856311 0.853655 0.903625 0.869536 0.770581 
0.739380 0.772184 0.817318 0.806236 0.810745 0.800349 0.807625 0.805664 0.785839 0.793500 
0.829207 0.838092 0.820865 0.817834 0.824427 0.812681 0.816522 0.805696 0.799998 0.793012 
0.778019 0.826032 0.818277 0.810547 0.810612 0.789439 0.776675 0.768700 0.757110 0.860164 
0.943546 0.908792 0.705090 0.834951 0.905714 0.726184 0.703265 0.833789 0.899044 0.868191 
0.788822 0.794614 0.797384 0.821336 0.830380 0.804495 0.809077 0.852912 0.820795 0.769380 
0.798905 0.830088 0.815415 0.807626 0.807033 0.818933 0.840929 0.819669 0.795574 0.792423 
0.813177 0.828304 0.792181 0.779389 0.796928 0.772688 0.743919 0.741760 0.758087 0.903373 
0.857932 0.769150 0.845459 0.860781 0.872918 0.861132 0.837382 0.809498 0.830288 0.777777 
0.716745 0.730996 0.785071 0.816617 0.818708 0.808160 0.800568 0.801013 0.803513 0.829361 
0.818643 0.837006 0.840095 0.811396 0.799421 0.811318 0.807824 0.797637 0.803885 0.810152 
0.810376 0.776328 0.773983 0.773314 0.774890 0.757481 0.752251 0.719859 0.698804 0.829313 
0.857926 0.871956 0.759650 0.756816 0.895004 0.802845 0.786478 0.806175 0.780475 0.872030 
0.881616 0.756750 0.743278 0.799386 0.821879 0.812117 0.811813 0.798525 0.805665 0.845926 
0.827573 0.817981 0.834611 0.817213 0.813248 0.830583 0.815540 0.815279 0.788622 0.787646 
0.788047 0.796740 0.780723 0.766456 0.738555 0.756766 0.714058 0.734670 0.835286 0.844808 
0.791704 0.779142 0.810604 0.831356 0.854754 0.653104 0.671892 0.760725 0.687452 0.902387 
0.908841 0.829801 0.739612 0.783117 0.820408 0.821979 0.806329 0.812714 0.835116 0.844574 
0.834887 0.819441 0.809271 0.798209 0.809929 0.818988 0.799518 0.782438 0.804541 0.786854 
0.767011 0.814055 0.839350 0.813362 0.765161 0.724573 0.777038 0.865576 0.723386 0.878209 
0.738328 0.705117 0.684651 0.749576 0.872677 0.757922 0.730930 0.820930 0.775018 0.805196 
0.833311 0.843835 0.803947 0.783899 0.782594 0.775131 0.801253 0.821573 0.846847 0.822609 
0.813094 0.805145 0.803631 0.807647 0.825818 0.794481 0.779317 0.763804 0.784050 0.758420 
0.807552 0.751361 0.801999 0.783614 0.753632 0.794483 0.873375 0.793799 0.652665 0.859818 
0.810156 0.778305 0.765197 0.834510 0.842607 0.786180 0.712821 0.715949 0.762564 0.845059 
0.762930 0.715342 0.751075 0.742033 0.738933 0.756672 0.791964 0.812225 0.867650 0.766082 
0.724693 0.729792 0.749354 0.794078 0.786064 0.770988 0.770710 0.756768 0.756280 0.784446 
0.726600 0.709394 0.851971 0.934128 0.856123 0.857728 0.847144 0.699795 0.916413 0.876475 
0.834569 0.817047 0.706877 0.614914 0.712449 0.697996 0.718755 0.630771 0.741612 0.834519 
0.802925 0.667520 0.772270 0.787939 0.774340 0.772625 0.785136 0.881963 0.920940 0.850374 
0.746718 0.754516 0.722661 0.731092 0.717239 0.668573 0.723256 0.754703 0.666664 0.704790 
0.759910 0.850559 0.836844 0.891619 0.800506 0.835413 0.832004 0.744203 0.833517 0.912468 
0.764959 0.697457 0.740804 0.740881 0.770751 0.808887 0.808688 0.841265 0.840506 0.896898 
0.660458 0.673722 0.737644 0.762181 0.767238 0.763816 0.816862 0.922214 0.948378 0.884394 
0.716842 0.714922 0.806924 0.934770 0.921475 0.851160 0.694520 0.629500 0.839499 0.908181 
0.756245 0.774134 0.840275 0.811175 0.790693 0.795435 0.848473 0.782174 0.765445 0.864087 
0.827701 0.711522 0.872305 0.827922 0.708600 0.798801 0.863169 0.789967 0.796871 0.697940 
0.857283 0.529956 0.610895 0.634532 0.709781 0.811524 0.867947 0.821973 0.836128 0.754153 
0.867961 0.862590 0.891733 0.870578 0.853688 0.900156 0.807430 0.767176 0.924402 0.890856 
0.694698 0.688294 0.834394 0.817288 0.808823 0.753709 0.759089 0.750255 0.729938 0.809201 
0.755098 0.620972 0.709082 0.716802 0.701853 0.771158 0.795277 0.753248 0.855402 0.870470 
0.893926 0.778989 0.875625 0.921717 0.894285 0.866955 0.879047 0.846814 0.706942 0.606929 
0.917825 0.824994 0.681813 0.773505 0.781016 0.693733 0.632402 0.776237 0.859329 0.798072 
0.713430 0.692573 0.797786 0.770299 0.777427 0.800229 0.792313 0.738532 0.831228 0.793726 
0.788415 0.715541 0.767153 0.763551 0.770232 0.783430 0.792963 0.754951 0.891384 0.860410 
0.804005 0.863169 0.891223 0.907272 0.850507 0.895393 0.849707 0.914950 0.893464 0.707874 
0.765465 0.733186 0.683167 0.850574 0.807994 0.739617 0.793694 0.851562 0.828508 0.755925 
0.868127 0.807954 0.852212 0.833040 0.741985 0.780496 0.682975 0.731842 0.622399 0.785613 
0.789134 0.736251 0.893873 0.779884 0.757801 0.734824 0.774312 0.862631 0.776587 0.671084 
0.632993 0.642477 0.724129 0.819103 0.762568 0.887635 0.703760 0.756996 0.848297 0.904651 
0.702801 0.619798 0.698417 0.887250 0.862772 0.683185 0.802340 0.609609 0.769765 0.665767 
0.614546 0.771142 0.929216 0.810060 0.641620 0.694310 0.710393 0.651998 0.664651 0.846024 
0.850897 0.823692 0.737177 0.710905 0.769978 0.766013 0.760642 0.799902 0.770964 0.690655 
0.625942 0.752164 0.669294 0.785249 0.807478 0.829580 0.799720 0.751786 0.783212 0.855819 
0.842807 0.862706 0.855785 0.836194 0.899470 0.836292 0.785478 0.783656 0.722132 0.634867 
0.630970 0.763969 0.836124 0.685208 0.763469 0.756274 0.796985 0.679428 0.697940 0.832720 
0.860159 0.662510 0.709016 0.702135 0.741890 0.792119 0.734991 0.761487 0.765675 0.701705 
0.734577 0.859787 0.821817 0.746074 0.711727 0.726004 0.870018 0.764321 0.662310 0.644707 
0.745016 0.859403 0.838917 0.715101 0.758836 0.742627 0.656015 0.711232 0.801218 0.843734 
0.800896 0.762215 0.776216 0.855319 0.904351 0.890680 0.751584 0.649183 0.684490 0.908151 
0.825118 0.645290 0.811418 0.896663 0.811022 0.684079 0.758302 0.774263 0.757556 0.702859 
0.831631 0.828645 0.735784 0.634567 0.662387 0.660111 0.673941 0.771281 0.761351 0.663627 
0.654009 0.664325 0.652371 0.840660 0.810295 0.725185 0.742666 0.772582 0.748838 0.755779 
0.745347 0.815799 0.693592 0.763631 0.873383 0.915843 0.814432 0.875255 0.832494 0.928104 
0.864261 0.757741 0.783239 0.913057 0.768180 0.683825 0.770682 0.820507 0.882506 0.798883 
0.714918 0.764721 0.688981 0.599699 0.752958 0.768596 0.733914 0.740641 0.816656 0.699063 
0.667408 0.611022 0.582661 0.778638 0.843891 0.780356 0.854626 0.844825 0.860621 0.818300 
0.829830 0.806719 0.783664 0.780513 0.866067 0.802803 0.785192 0.892181 0.785420 0.874929 
0.800291 0.688460 0.754593 0.819691 0.773649 0.793296 0.717488 0.865120 0.943801 0.819055 
0.686434 0.772653 0.718784 0.740180 0.763319 0.709120 0.727112 0.665195 0.687797 0.701998 
0.745972 0.787012 0.835931 0.836290 0.868538 0.830278 0.836796 0.816111 0.844171 0.885227 
0.841812 0.745059 0.664238 0.772037 0.734284 0.654730 0.676198 0.650170 0.537855 0.783827 
0.871982 0.782665 0.796900 0.859009 0.928244 0.891777 0.840911 0.911252 0.956402 0.911630 
0.790749 0.819163 0.843368 0.872506 0.960284 0.859037 0.908954 0.902242 0.860797 0.894300 
0.931810 0.848018 0.816163 0.848855 0.849045 0.781071 0.836320 0.812319 0.816983 0.762314 
0.724317 0.729808 0.741469 0.827291 0.809307 0.803241 0.818687 0.813687 0.854675 0.906942 
0.447774 0.181374 0.147566 0.194348 0.163113 0.158488 0.203389 0.253738 0.177871 0.173974 
0.166849 0.139568 0.160193 0.246003 0.434045 0.301528 0.203745 0.172012 0.155725 0.160693 
0.136559 0.139469 0.149291 0.138285 0.169957 0.157130 0.193481 0.185476 0.134368 0.172070 
0.204197 0.194071 0.190247 0.159679 0.136191 0.140485 0.122929 0.114467 0.094190 0.312573 
0.660252 0.655590 0.344090 0.338585 0.397247 0.469239 0.406680 0.426869 0.466634 0.443457 
0.364167 0.357653 0.388536 0.505257 0.620066 0.546994 0.542440 0.372909 0.290822 0.370566 
0.371003 0.356032 0.383699 0.391617 0.374175 0.422869 0.440757 0.456512 0.352056 0.410053 
0.395121 0.358301 0.458187 0.382029 0.442081 0.415701 0.338832 0.346319 0.231132 0.380324 
0.488191 0.669499 0.439596 0.401464 0.450147 0.569798 0.475317 0.426750 0.414167 0.506585 
0.419409 0.360344 0.486816 0.551046 0.616174 0.537510 0.623283 0.462383 0.400892 0.377788 
0.451285 0.423500 0.449315 0.421765 0.454779 0.493999 0.501639 0.498125 0.380350 0.429827 
0.514996 0.470682 0.487340 0.494841 0.550250 0.409623 0.323509 0.474439 0.376700 0.410157 
0.421066 0.614198 0.439145 0.336625 0.444636 0.618356 0.519330 0.397885 0.383110 0.447769 
0.367803 0.287684 0.501139 0.536833 0.621169 0.490684 0.463312 0.534546 0.385505 0.396104 
0.520483 0.405593 0.316968 0.382901 0.485780 0.512269 0.436815 0.386342 0.429252 0.460083 
0.448609 0.447530 0.387183 0.471265 0.502197 0.468650 0.364298 0.429484 0.383937 0.472881 
0.422926 0.641352 0.476220 0.286568 0.252297 0.440318 0.465298 0.394373 0.298071 0.334346 
0.334009 0.396559 0.578301 0.531878 0.467092 0.389146 0.335785 0.421786 0.410340 0.494985 
0.406350 0.379086 0.389052 0.349868 0.381078 0.436829 0.420786 0.329417 0.359311 0.484284 
0.332136 0.367116 0.361531 0.403593 0.413469 0.449663 0.320468 0.295800 0.346521 0.473514 
0.432218 0.620919 0.412937 0.381337 0.532568 0.556201 0.500076 0.489137 0.358603 0.300462 
0.428106 0.505626 0.557089 0.517552 0.368366 0.408160 0.388785 0.334931 0.456090 0.402371 
0.367413 0.444759 0.430185 0.389133 0.393628 0.336961 0.468261 0.457668 0.357992 0.399848 
0.439270 0.435515 0.422843 0.379699 0.417925 0.386717 0.334954 0.347522 0.303220 0.464995 
0.446715 0.592535 0.372327 0.365469 0.380588 0.473422 0.352855 0.400133 0.468641 0.426213 
0.397641 0.428845 0.406182 0.580488 0.371653 0.394022 0.357246 0.361037 0.394713 0.333980 
0.373438 0.423855 0.416790 0.392768 0.427209 0.411564 0.437607 0.430035 0.392966 0.361403 
0.475948 0.445652 0.443658 0.430439 0.437059 0.338347 0.285159 0.376136 0.323443 0.455635 
0.463916 0.603604 0.373282 0.362481 0.327580 0.441328 0.412754 0.364340 0.423217 0.382209 
0.384652 0.475152 0.441161 0.460888 0.409016 0.416058 0.433999 0.351415 0.347182 0.432136 
0.333509 0.309768 0.420974 0.416720 0.378065 0.470559 0.457831 0.367647 0.417559 0.435250 
0.428591 0.433132 0.436917 0.351419 0.421013 0.447359 0.353113 0.271960 0.307597 0.462392 
0.526274 0.637179 0.305897 0.337577 0.454992 0.421087 0.413638 0.383360 0.373404 0.381044 
0.418582 0.460247 0.467382 0.369653 0.326337 0.361733 0.432195 0.468035 0.437215 0.416866 
0.336792 0.422090 0.378889 0.495444 0.384639 0.422159 0.397066 0.361072 0.324807 0.456358 
0.430304 0.426678 0.419160 0.400897 0.451046 0.452709 0.335284 0.336843 0.337093 0.462436 
0.502313 0.625597 0.482833 0.429110 0.443080 0.369768 0.365589 0.443833 0.416645 0.356254 
0.385709 0.573060 0.353120 0.301051 0.364124 0.360016 0.405452 0.434040 0.455722 0.353369 
0.323264 0.388948 0.441300 0.393992 0.406563 0.411660 0.444431 0.343419 0.384589 0.463301 
0.468799 0.448029 0.383664 0.344818 0.454980 0.426022 0.319825 0.378375 0.329034 0.410153 
0.473900 0.602544 0.402645 0.368527 0.394988 0.377370 0.474658 0.478901 0.443783 0.371986 
0.389803 0.475512 0.318318 0.378899 0.416725 0.257891 0.373297 0.385648 0.274191 0.337962 
0.460988 0.416360 0.416364 0.396416 0.342993 0.378148 0.456814 0.394162 0.400719 0.442519 
0.451320 0.448040 0.437610 0.349901 0.416045 0.377606 0.363656 0.411216 0.372354 0.386807 
0.521702 0.587766 0.395916 0.356477 0.343008 0.288973 0.436926 0.447814 0.492817 0.442600 
0.486227 0.286328 0.303124 0.479230 0.335347 0.176329 0.385284 0.495615 0.274797 0.325429 
0.391432 0.387723 0.371835 0.384441 0.328087 0.396373 0.430963 0.331205 0.299096 0.458326 
0.456656 0.469045 0.453444 0.384429 0.424309 0.326273 0.282016 0.464215 0.436905 0.504594 
0.504468 0.653062 0.373694 0.346926 0.398397 0.306733 0.371645 0.421358 0.481974 0.396976 
0.372759 0.268253 0.362925 0.689696 0.231113 0.022173 0.298837 0.589820 0.534672 0.371291 
0.284346 0.396891 0.422391 0.433044 0.243090 0.293354 0.514411 0.493891 0.414705 0.428421 
0.396704 0.442742 0.428938 0.395844 0.381182 0.299099 0.251392 0.486602 0.515519 0.582023 
0.506710 0.657215 0.407905 0.253932 0.434651 0.355316 0.372785 0.446518 0.515365 0.391438 
0.355255 0.351315 0.228841 0.413761 0.168092 0.034639 0.288207 0.331854 0.563799 0.389292 
0.368903 0.465690 0.424752 0.390231 0.372554 0.377002 0.473162 0.428426 0.493205 0.527137 
0.428873 0.405244 0.363959 0.384251 0.395262 0.331375 0.318637 0.485970 0.476009 0.620601 
0.492046 0.555046 0.398246 0.329606 0.445538 0.368263 0.223515 0.302042 0.639427 0.507103 
0.328191 0.311701 0.150550 0.096343 0.392609 0.815984 0.531807 0.170179 0.340280 0.425746 
0.311479 0.341314 0.403115 0.379795 0.409369 0.372380 0.400239 0.432913 0.455753 0.469876 
0.412305 0.427256 0.409444 0.406378 0.389055 0.340039 0.288517 0.457094 0.389237 0.580973 
0.529450 0.560226 0.393075 0.330350 0.364856 0.323541 0.344699 0.450545 0.432723 0.419360 
0.392530 0.237064 0.206965 0.288160 0.423322 0.830369 0.371360 0.074595 0.242846 0.404695 
0.418558 0.418216 0.395921 0.416168 0.411486 0.367156 0.387259 0.445698 0.410645 0.443926 
0.438693 0.454442 0.340999 0.356822 0.383179 0.322780 0.266239 0.426842 0.366903 0.582643 
0.490645 0.584385 0.389217 0.301506 0.424449 0.427280 0.345201 0.399491 0.372456 0.408543 
0.404908 0.303374 0.285208 0.388476 0.427564 0.560476 0.596391 0.342399 0.288787 0.451982 
0.472510 0.429479 0.296429 0.398498 0.394229 0.433738 0.344426 0.388236 0.380851 0.408716 
0.464509 0.403356 0.399433 0.390913 0.385025 0.385635 0.294779 0.342667 0.410270 0.618711 
0.527141 0.469209 0.338363 0.400471 0.407708 0.486296 0.343554 0.340475 0.407979 0.396880 
0.346964 0.414688 0.425161 0.334399 0.345073 0.369462 0.392713 0.441600 0.470220 0.530177 
0.412639 0.375048 0.339897 0.403456 0.467600 0.430046 0.350032 0.404583 0.451599 0.444465 
0.419474 0.385250 0.384115 0.429883 0.398815 0.399965 0.314966 0.346761 0.411104 0.460652 
0.545607 0.582315 0.351593 0.300874 0.394657 0.438380 0.367359 0.358025 0.330859 0.313093 
0.387917 0.428269 0.408265 0.367248 0.325183 0.355683 0.390628 0.356699 0.429465 0.474565 
0.420857 0.385826 0.368906 0.418391 0.421840 0.477820 0.379515 0.398197 0.504627 0.379346 
0.342022 0.409723 0.344690 0.363653 0.399498 0.398272 0.355604 0.334745 0.348364 0.361445 
0.528985 0.580736 0.307375 0.265863 0.303386 0.273324 0.272780 0.261538 0.391607 0.395539 
0.361946 0.357568 0.322362 0.424038 0.361030 0.381539 0.383742 0.279355 0.407129 0.416405 
0.417118 0.378040 0.366439 0.369782 0.361796 0.434884 0.440122 0.423031 0.439407 0.308529 
0.277079 0.437080 0.341554 0.316467 0.414480 0.378010 0.345731 0.286964 0.293552 0.391531 
0.457964 0.442924 0.280979 0.353644 0.345368 0.143162 0.111360 0.229584 0.573091 0.567941 
0.268441 0.359445 0.348847 0.430122 0.409599 0.374110 0.439201 0.424232 0.451597 0.371041 
0.330679 0.392394 0.357309 0.364809 0.395737 0.401737 0.425006 0.408550 0.380707 0.406322 
0.399334 0.436122 0.404797 0.348070 0.395001 0.408083 0.309749 0.333482 0.306118 0.364651 
0.390950 0.328561 0.292169 0.322420 0.225304 0.091519 0.018295 0.018381 0.277150 0.625639 
0.412239 0.344734 0.306765 0.410432 0.372630 0.431041 0.426683 0.367143 0.399108 0.475745 
0.436010 0.390971 0.344236 0.371777 0.406940 0.418582 0.335926 0.366575 0.451839 0.485440 
0.467459 0.326772 0.364434 0.408975 0.334304 0.369141 0.369072 0.391087 0.277117 0.362476 
0.324929 0.203970 0.444280 0.114126 0.123755 0.330751 0.176924 0.063354 0.142030 0.391834 
0.517103 0.345343 0.309076 0.388520 0.400923 0.430336 0.401532 0.356343 0.344204 0.396390 
0.412510 0.383546 0.398658 0.389366 0.428864 0.423706 0.319496 0.366655 0.430159 0.375869 
0.317915 0.336605 0.374139 0.418670 0.327204 0.328129 0.331589 0.377549 0.264007 0.206834 
0.768626 0.744796 0.304861 0.035556 0.126319 0.754754 0.548029 0.175816 0.155969 0.270231 
0.531209 0.566682 0.271461 0.332109 0.413322 0.392289 0.404415 0.479999 0.399249 0.270488 
0.359895 0.365670 0.352996 0.385931 0.363685 0.400968 0.401334 0.414628 0.380908 0.336518 
0.338126 0.460584 0.431348 0.353711 0.283449 0.315093 0.395606 0.355230 0.198988 0.304432 
0.592791 0.619435 0.144713 0.252809 0.081432 0.686519 0.530000 0.116466 0.092722 0.131086 
0.342806 0.783158 0.477336 0.319610 0.341139 0.411472 0.409075 0.402175 0.345055 0.322316 
0.415446 0.394324 0.341917 0.406227 0.362179 0.312910 0.352062 0.332216 0.359574 0.395047 
0.387296 0.364200 0.391120 0.377425 0.272430 0.234196 0.442264 0.387691 0.129167 0.174788 
0.671349 0.423216 0.221380 0.350702 0.103582 0.345643 0.321104 0.132488 0.059182 0.241078 
0.411060 0.843923 0.500023 0.343121 0.319908 0.341374 0.368564 0.392679 0.342472 0.318447 
0.306657 0.332867 0.333760 0.403119 0.383204 0.324217 0.344064 0.390199 0.306654 0.245158 
0.416675 0.436343 0.239753 0.279108 0.301148 0.263564 0.441619 0.318622 0.072138 0.215255 
0.464144 0.504045 0.381066 0.481512 0.292352 0.284704 0.280021 0.278784 0.044822 0.057885 
0.510948 0.843270 0.445360 0.272563 0.285591 0.322103 0.329342 0.366649 0.360718 0.355270 
0.193017 0.234806 0.348129 0.315965 0.403882 0.388348 0.303111 0.300918 0.260185 0.247765 
0.326733 0.487587 0.154098 0.067009 0.243485 0.232537 0.356953 0.285802 0.213268 0.558365 
0.308482 0.523562 0.400193 0.414675 0.372099 0.508668 0.668731 0.559458 0.042643 0.033636 
0.267053 0.649741 0.579514 0.269020 0.210825 0.179523 0.322782 0.465658 0.271866 0.334528 
0.378600 0.274886 0.421780 0.296093 0.263786 0.290207 0.222890 0.230868 0.271885 0.239635 
0.398421 0.523072 0.074971 0.003047 0.117855 0.179023 0.173903 0.140132 0.717920 0.652057 
0.415542 0.424959 0.195948 0.364812 0.467780 0.626320 0.524053 0.495502 0.047811 0.038746 
0.279302 0.522752 0.475066 0.188200 0.150073 0.171865 0.617210 0.560322 0.189657 0.225943 
0.222629 0.177462 0.245766 0.175346 0.188630 0.322184 0.350426 0.249784 0.245877 0.242032 
0.294416 0.340062 0.038950 0.080301 0.367785 0.308278 0.176182 0.317808 0.420665 0.247655 
0.521818 0.387447 0.198862 0.255592 0.318623 0.375692 0.710562 0.347194 0.055691 0.101922 
0.271056 0.366347 0.350974 0.236273 0.119792 0.135955 0.636895 0.650659 0.306180 0.152813 
0.159205 0.172125 0.161543 0.058671 0.036015 0.162488 0.440700 0.504415 0.120678 0.089142 
0.406593 0.357675 0.299995 0.577386 0.239101 0.361177 0.414598 0.361389 0.090701 0.154868 
0.483342 0.438418 0.348607 0.135299 0.329563 0.376607 0.750070 0.366178 0.071693 0.400909 
0.646756 0.645483 0.323147 0.245688 0.133091 0.167516 0.369044 0.713014 0.626545 0.377167 
0.112431 0.279956 0.180567 0.126437 0.124113 0.171243 0.364954 0.428313 0.154254 0.548331 
0.754817 0.178377 0.262534 0.215760 0.253035 0.282056 0.271700 0.590936 0.196140 0.164987 
0.494664 0.531468 0.321999 0.214417 0.110505 0.215649 0.435722 0.192758 0.334719 0.193520 
0.786565 0.441561 0.188909 0.233877 0.180483 0.103013 0.191207 0.887543 0.878261 0.390912 
0.350257 0.531537 0.653606 0.465811 0.178286 0.267836 0.577938 0.193440 0.255037 0.857482 
0.820531 0.515660 0.326451 0.376856 0.289697 0.474868 0.149191 0.427413 0.421590 0.212203 
0.524246 0.375618 0.186904 0.269329 0.141180 0.133463 0.387730 0.226319 0.754068 0.326366 
0.385529 0.458912 0.322882 0.432804 0.647695 0.081742 0.068425 0.770238 0.871015 0.404534 
0.404696 0.785678 0.710238 0.649972 0.227731 0.461421 0.400535 0.283230 0.196265 0.850188 
0.676333 0.189790 0.367629 0.282341 0.516510 0.500949 0.233237 0.253424 0.333763 0.269634 
0.446443 0.538629 0.194454 0.339932 0.350519 0.322661 0.076207 0.421833 0.728844 0.580163 
0.283648 0.302696 0.545835 0.136583 0.580322 0.241929 0.621142 0.833733 0.726779 0.112423 
0.208975 0.709738 0.170115 0.494038 0.376511 0.824840 0.682603 0.689348 0.356727 0.483727 
0.375141 0.233534 0.487644 0.257681 0.327650 0.326112 0.170212 0.312157 0.212536 0.217458 
0.125270 0.368629 0.511256 0.476288 0.340333 0.470072 0.112685 0.119660 0.562646 0.761582 
0.371670 0.374043 0.739659 0.247800 0.224906 0.397246 0.808942 0.813595 0.161212 0.059141 
0.566195 0.553068 0.093509 0.066013 0.717690 0.874024 0.414372 0.322392 0.579603 0.550791 
0.246950 0.533614 0.366923 0.237867 0.183568 0.306931 0.294782 0.436126 0.102567 0.249460 
0.167922 0.543627 0.401253 0.342672 0.322118 0.542824 0.346040 0.214404 0.394794 0.628939 
0.152878 0.328688 0.693760 0.534152 0.303422 0.324255 0.753791 0.347558 0.301313 0.387414 
0.541602 0.099852 0.110078 0.106825 0.416984 0.675103 0.206158 0.150282 0.151800 0.353267 
0.469447 0.648442 0.247573 0.092072 0.349496 0.453002 0.348113 0.385324 0.287767 0.173805 
0.196130 0.576741 0.217249 0.125240 0.403425 0.651070 0.268705 0.320282 0.530711 0.455904 
0.135391 0.459002 0.536822 0.450879 0.378098 0.418621 0.516104 0.243328 0.308556 0.553747 
0.616806 0.278742 0.251189 0.120060 0.420820 0.698800 0.166363 0.197549 0.089979 0.310258 
0.298847 0.548129 0.177039 0.095600 0.774952 0.627757 0.339044 0.146765 0.225334 0.324021 
0.302157 0.512803 0.135891 0.175080 0.582770 0.789911 0.313461 0.232014 0.501614 0.467063 
0.317317 0.593734 0.514307 0.463877 0.467671 0.443946 0.425915 0.512403 0.387546 0.334997 
0.307930 0.446179 0.427056 0.283731 0.340275 0.439566 0.214514 0.434682 0.224443 0.442996 
0.444999 0.673968 0.274548 0.115592 0.477212 0.405326 0.231681 0.112789 0.100275 0.492094 
0.338029 0.715535 0.143680 0.110028 0.300757 0.694366 0.434698 0.193323 0.596723 0.733055 
0.479658 0.351824 0.342764 0.447768 0.146476 0.335982 0.539386 0.427019 0.446332 0.401888 
0.294305 0.402496 0.204491 0.063809 0.192605 0.450219 0.337342 0.451398 0.247813 0.445629 
0.266534 0.072055 0.317263 0.455656 0.517235 0.291289 0.127979 0.130415 0.179829 0.333726 
0.167221 0.624529 0.279761 0.091354 0.201732 0.387383 0.284622 0.172582 0.646201 0.661691 
0.602213 0.416168 0.192124 0.238958 0.180673 0.075240 0.094694 0.129664 0.327361 0.345914 
0.122272 0.286386 0.287844 0.163238 0.339679 0.391127 0.161755 0.186842 0.134761 0.357777 
0.144273 0.057408 0.138325 0.311975 0.323586 0.221338 0.207210 0.209602 0.141964 0.309409 
0.354358 0.445856 0.539448 0.473826 0.590249 0.563551 0.554410 0.508712 0.573407 0.539566 
0.519160 0.511786 0.431400 0.450925 0.433380 0.519696 0.504500 0.543839 0.616602 0.562079 
0.632603 0.613256 0.583875 0.626090 0.555047 0.603721 0.569265 0.555436 0.495035 0.592916 
0.486973 0.636847 0.592435 0.638374 0.650590 0.619453 0.575987 0.482340 0.514739 0.461861 
0.219553 0.409149 0.488491 0.292839 0.294010 0.295469 0.300208 0.310701 0.331964 0.377172 
0.325615 0.272549 0.218141 0.208419 0.216312 0.230122 0.326038 0.326612 0.411951 0.392310 
0.402297 0.362766 0.302267 0.322884 0.309896 0.313891 0.263960 0.213083 0.233347 0.304144 
0.223811 0.273124 0.329259 0.328411 0.319340 0.319650 0.267281 0.162709 0.340036 0.418571 
0.140389 0.251264 0.350442 0.229401 0.162972 0.171993 0.202731 0.202514 0.190451 0.206682 
0.198890 0.175362 0.152383 0.151839 0.152221 0.144584 0.239421 0.208536 0.255596 0.323984 
0.253202 0.229470 0.222799 0.218275 0.181474 0.189574 0.167416 0.150292 0.142571 0.160956 
0.152142 0.158187 0.181525 0.165655 0.198562 0.203619 0.177385 0.106589 0.261826 0.448973 
0.159127 0.210041 0.353348 0.304264 0.308532 0.337126 0.265417 0.263263 0.287653 0.281407 
0.256355 0.180982 0.214114 0.255761 0.240225 0.171447 0.199207 0.260251 0.265951 0.277682 
0.291719 0.325066 0.317142 0.300451 0.288655 0.242627 0.216266 0.193058 0.188227 0.223961 
0.220183 0.207879 0.209373 0.215112 0.248479 0.233338 0.189094 0.143159 0.321257 0.465349 
0.168963 0.192582 0.403921 0.338214 0.401081 0.323038 0.292100 0.321586 0.369653 0.302149 
0.281713 0.187577 0.187956 0.215406 0.214626 0.197269 0.170479 0.205163 0.202903 0.280298 
0.334309 0.319780 0.302015 0.295559 0.282662 0.240988 0.219923 0.214561 0.224950 0.287890 
0.299640 0.256784 0.203967 0.236129 0.239465 0.212320 0.196370 0.140430 0.344365 0.453274 
0.147785 0.212404 0.502799 0.436580 0.214650 0.153864 0.301287 0.333121 0.293090 0.219665 
0.209724 0.207381 0.263582 0.256211 0.223094 0.197208 0.186725 0.168755 0.184530 0.255322 
0.293216 0.330184 0.320190 0.274253 0.260568 0.270532 0.301084 0.256998 0.250729 0.254768 
0.248757 0.255222 0.244188 0.224956 0.241995 0.222809 0.211172 0.154919 0.344875 0.461753 
0.173196 0.224588 0.400394 0.332786 0.229912 0.258383 0.269926 0.250885 0.248702 0.188613 
0.147241 0.205105 0.298766 0.345413 0.283123 0.268649 0.229894 0.199546 0.256730 0.265300 
0.288051 0.303331 0.288427 0.248833 0.285467 0.276143 0.296595 0.234116 0.234377 0.205839 
0.220041 0.218405 0.277286 0.266288 0.286848 0.275810 0.205750 0.160493 0.307277 0.460505 
0.165284 0.225276 0.431276 0.401191 0.290373 0.233403 0.236028 0.229158 0.284875 0.258031 
0.242004 0.282099 0.224375 0.242777 0.260574 0.298941 0.334474 0.320980 0.259802 0.266384 
0.216912 0.197389 0.220465 0.242191 0.290003 0.261662 0.265431 0.264130 0.265233 0.238274 
0.237554 0.223428 0.280214 0.302431 0.273396 0.244148 0.248642 0.230911 0.374330 0.430500 
0.165209 0.309792 0.422125 0.301235 0.210749 0.237465 0.276292 0.275410 0.332619 0.326059 
0.271291 0.221537 0.148777 0.185828 0.223123 0.245309 0.343670 0.371922 0.260928 0.228753 
0.192837 0.170624 0.225059 0.289688 0.302092 0.296341 0.264356 0.252447 0.279962 0.275847 
0.252672 0.242042 0.273051 0.263138 0.242244 0.216460 0.266683 0.220704 0.376501 0.437163 
0.183455 0.280538 0.349043 0.253523 0.258178 0.329732 0.319950 0.224910 0.227564 0.274673 
0.271225 0.282002 0.292991 0.231189 0.208632 0.196629 0.257722 0.260419 0.278863 0.260276 
0.226214 0.201203 0.199662 0.300785 0.300837 0.259259 0.241593 0.242222 0.255698 0.274162 
0.263208 0.256716 0.253457 0.213150 0.206379 0.258845 0.252029 0.191669 0.324054 0.457092 
0.189226 0.279461 0.320234 0.229462 0.273652 0.310554 0.334917 0.283618 0.235433 0.256893 
0.292856 0.343484 0.309908 0.261179 0.242577 0.127005 0.095235 0.172331 0.291202 0.345665 
0.306409 0.272956 0.271795 0.256678 0.231695 0.209217 0.244661 0.236922 0.257763 0.264662 
0.262450 0.254361 0.252495 0.228556 0.262313 0.269690 0.222516 0.190274 0.373864 0.463383 
0.213731 0.287883 0.357094 0.239016 0.272021 0.234261 0.281142 0.299754 0.317773 0.300531 
0.266221 0.326969 0.361110 0.392519 0.278836 0.196903 0.058071 0.086236 0.168591 0.321357 
0.329171 0.315239 0.260596 0.233658 0.198389 0.211226 0.255704 0.247650 0.213180 0.224711 
0.243199 0.274819 0.274502 0.246178 0.258371 0.245530 0.178344 0.190145 0.416248 0.531759 
0.182759 0.256629 0.384751 0.299371 0.298740 0.254167 0.251068 0.276037 0.274937 0.256560 
0.256486 0.267710 0.407830 0.633884 0.641506 0.722680 0.063026 0.042259 0.133752 0.218479 
0.257638 0.259979 0.218695 0.263698 0.234512 0.201213 0.203772 0.226015 0.179882 0.218962 
0.258256 0.280032 0.260068 0.247719 0.255920 0.265550 0.170940 0.172118 0.347989 0.537202 
0.211131 0.281987 0.455402 0.359922 0.362825 0.347580 0.286429 0.241828 0.195958 0.230005 
0.241835 0.284881 0.335821 0.496725 0.438755 0.416906 0.316884 0.069393 0.160196 0.183591 
0.210719 0.267976 0.276164 0.278404 0.264438 0.215104 0.219396 0.205153 0.217528 0.225060 
0.229302 0.229673 0.239902 0.247110 0.262000 0.253935 0.168067 0.172663 0.266794 0.531378 
0.181466 0.263925 0.517415 0.380769 0.372014 0.404686 0.326954 0.170328 0.167816 0.179354 
0.208048 0.260313 0.330373 0.561768 0.217408 0.066224 0.319028 0.051096 0.169079 0.256047 
0.253506 0.300182 0.300997 0.243699 0.176907 0.181412 0.214013 0.256559 0.286460 0.253778 
0.200892 0.186528 0.198469 0.238318 0.275813 0.253378 0.168793 0.175313 0.263978 0.501792 
0.227635 0.313338 0.474795 0.376628 0.346113 0.361587 0.241063 0.165338 0.189710 0.243299 
0.271108 0.290467 0.316166 0.511169 0.489319 0.093462 0.142784 0.078062 0.185410 0.283168 
0.273931 0.272150 0.235101 0.211948 0.186699 0.182452 0.196932 0.257247 0.266042 0.294991 
0.231442 0.257500 0.285459 0.269884 0.214574 0.247999 0.210499 0.248845 0.282499 0.493103 
0.218691 0.241415 0.397932 0.343977 0.318931 0.362440 0.261984 0.220163 0.226936 0.283774 
0.310168 0.257847 0.260537 0.381152 0.357885 0.191211 0.147219 0.171546 0.299030 0.279451 
0.248588 0.255180 0.250702 0.243633 0.233513 0.240632 0.211953 0.239803 0.222083 0.376221 
0.338406 0.353053 0.290699 0.257845 0.241621 0.232259 0.247114 0.262917 0.309247 0.422240 
0.188575 0.259694 0.340472 0.356590 0.349031 0.351061 0.353895 0.302606 0.249699 0.222989 
0.225806 0.254474 0.275355 0.297755 0.283121 0.236221 0.187021 0.216380 0.248023 0.393740 
0.263764 0.228778 0.225656 0.257016 0.261574 0.268723 0.237280 0.275607 0.246223 0.268070 
0.293450 0.311206 0.262151 0.240962 0.247261 0.206289 0.215516 0.155768 0.308136 0.407707 
0.179901 0.227344 0.389310 0.373736 0.336715 0.382222 0.344664 0.284729 0.197223 0.197770 
0.226471 0.256321 0.268566 0.282031 0.302971 0.283256 0.256568 0.264527 0.243195 0.301843 
0.265406 0.249890 0.191709 0.219151 0.254732 0.274003 0.299602 0.273917 0.246219 0.236662 
0.224097 0.248946 0.252383 0.249178 0.225039 0.223133 0.232723 0.170169 0.362561 0.457929 
0.177840 0.252183 0.470356 0.424486 0.437144 0.371479 0.338295 0.255430 0.227031 0.252594 
0.271948 0.230780 0.214606 0.257662 0.303716 0.279433 0.282783 0.235316 0.258184 0.246840 
0.284744 0.293977 0.234680 0.232903 0.234326 0.265218 0.276164 0.243047 0.250992 0.253758 
0.240856 0.256299 0.267430 0.238912 0.259953 0.286044 0.326258 0.245643 0.359726 0.439194 
0.204286 0.239992 0.355000 0.386188 0.438630 0.362413 0.356067 0.257105 0.128798 0.174446 
0.195119 0.235211 0.253500 0.261681 0.272462 0.230206 0.257757 0.196795 0.248335 0.291767 
0.304418 0.328613 0.297278 0.282433 0.268987 0.267503 0.262603 0.261451 0.238047 0.247083 
0.248633 0.316855 0.368308 0.327879 0.294033 0.317489 0.361109 0.215730 0.348072 0.378198 
0.306849 0.337777 0.239333 0.337626 0.320454 0.284816 0.090937 0.109842 0.115110 0.150732 
0.181608 0.246703 0.299640 0.273028 0.242572 0.209457 0.234324 0.253436 0.262965 0.310117 
0.336769 0.319757 0.293558 0.281702 0.253342 0.261325 0.271991 0.246537 0.225020 0.224372 
0.289058 0.404977 0.439854 0.330161 0.241277 0.224192 0.287226 0.307827 0.370782 0.329675 
0.156859 0.211510 0.293326 0.173595 0.405384 0.146251 0.016626 0.042987 0.375200 0.222187 
0.223386 0.256682 0.308772 0.305082 0.258576 0.241025 0.277540 0.306833 0.312888 0.279930 
0.292464 0.305910 0.307802 0.290599 0.271713 0.308175 0.293245 0.248310 0.263131 0.297613 
0.358508 0.331657 0.299423 0.254772 0.230707 0.240391 0.317430 0.281576 0.513217 0.528526 
0.024735 0.207844 0.164324 0.291780 0.618949 0.230631 0.053187 0.055848 0.126399 0.241745 
0.186424 0.238872 0.252402 0.258912 0.263686 0.290212 0.339230 0.289078 0.327787 0.307589 
0.298127 0.343263 0.424052 0.338281 0.307791 0.278846 0.247869 0.260063 0.280953 0.271314 
0.298547 0.284959 0.240345 0.209064 0.223087 0.241415 0.345740 0.307617 0.454614 0.433560 
0.112954 0.315581 0.157552 0.078729 0.288923 0.214177 0.188524 0.201385 0.208251 0.373800 
0.240165 0.206997 0.293470 0.259215 0.302729 0.330234 0.362084 0.339036 0.399397 0.379462 
0.436197 0.437352 0.475830 0.342148 0.283906 0.278387 0.206941 0.219383 0.228059 0.270120 
0.272548 0.248920 0.215392 0.265915 0.370724 0.319809 0.191726 0.181712 0.262199 0.512280 
0.384041 0.200901 0.088774 0.120082 0.114303 0.086216 0.073684 0.139502 0.078437 0.062268 
0.190923 0.248649 0.324963 0.320644 0.386592 0.402390 0.368329 0.441062 0.582151 0.557066 
0.409992 0.276054 0.277210 0.244988 0.198213 0.216034 0.254108 0.292613 0.293620 0.226754 
0.295225 0.414213 0.410865 0.286492 0.164268 0.096531 0.044708 0.128052 0.506265 0.843596 
0.159568 0.107207 0.251189 0.298500 0.294722 0.174027 0.087139 0.056016 0.029384 0.028864 
0.105725 0.223694 0.364516 0.377362 0.351970 0.345265 0.438483 0.515015 0.498322 0.301391 
0.174206 0.112149 0.115994 0.161755 0.227056 0.283637 0.382079 0.364820 0.251833 0.237378 
0.448238 0.498836 0.229149 0.110763 0.015991 0.008703 0.034438 0.261651 0.697937 0.806711 
0.097128 0.043816 0.379058 0.318812 0.333493 0.458176 0.181859 0.022975 0.010771 0.036867 
0.090868 0.197965 0.292574 0.355528 0.332746 0.311496 0.361424 0.411568 0.424548 0.193824 
0.145224 0.205230 0.306606 0.345185 0.223462 0.224759 0.222896 0.233941 0.242423 0.254353 
0.213398 0.242120 0.351801 0.550166 0.357543 0.054555 0.062818 0.258943 0.886623 0.703423 
0.119427 0.103728 0.304781 0.537291 0.205496 0.025899 0.077765 0.095874 0.079692 0.076139 
0.236738 0.186556 0.226695 0.302152 0.385919 0.318131 0.389949 0.340665 0.342337 0.289452 
0.132062 0.287804 0.314665 0.343498 0.155356 0.104019 0.173017 0.258761 0.158975 0.059992 
0.056739 0.227162 0.819698 0.804600 0.732572 0.224880 0.078794 0.035220 0.112700 0.324296 
0.162107 0.170452 0.230470 0.171332 0.253542 0.348570 0.222325 0.464340 0.064552 0.143596 
0.250288 0.286473 0.172200 0.190160 0.219144 0.111914 0.116952 0.083417 0.293334 0.534267 
0.261802 0.407688 0.139381 0.143544 0.399258 0.361260 0.144593 0.126880 0.089728 0.140673 
0.096202 0.218949 0.838339 0.700907 0.417402 0.020143 0.230914 0.142656 0.445907 0.371980 
0.107256 0.134616 0.188640 0.125625 0.224224 0.720624 0.463818 0.358956 0.354784 0.124488 
0.330536 0.361327 0.101068 0.096578 0.076636 0.018428 0.036354 0.136985 0.347384 0.370228 
0.189403 0.351220 0.136068 0.306475 0.307438 0.396710 0.125976 0.084490 0.170441 0.428421 
0.184679 0.351502 0.814847 0.470243 0.088932 0.015402 0.084181 0.118312 0.579790 0.520525 
0.201847 0.139359 0.177807 0.098192 0.172909 0.621169 0.603173 0.326432 0.511284 0.281249 
0.358850 0.350457 0.126066 0.221603 0.465141 0.153070 0.027966 0.353807 0.628857 0.142090 
0.138981 0.411738 0.312409 0.392064 0.079977 0.028818 0.072714 0.051842 0.416393 0.404297 
0.157686 0.164234 0.433059 0.416847 0.103185 0.038111 0.048083 0.127745 0.537635 0.638027 
0.144605 0.114423 0.206227 0.138338 0.170912 0.370825 0.634717 0.566457 0.266271 0.548161 
0.465900 0.440594 0.151524 0.266490 0.429298 0.111268 0.074927 0.101747 0.324802 0.154010 
0.206006 0.386706 0.301225 0.227206 0.122549 0.057355 0.111251 0.055963 0.158040 0.455049 
0.184797 0.176060 0.146396 0.093133 0.139850 0.129116 0.201400 0.294914 0.421422 0.518180 
0.128555 0.127220 0.159005 0.181408 0.108845 0.167271 0.548265 0.819096 0.469684 0.264522 
0.380656 0.296590 0.169775 0.156930 0.416412 0.080052 0.069679 0.167029 0.104535 0.055725 
0.051150 0.251513 0.473604 0.382135 0.340404 0.187642 0.174392 0.196389 0.110041 0.038573 
0.087342 0.302821 0.162132 0.105776 0.165148 0.405561 0.378133 0.372333 0.574265 0.483420 
0.248915 0.313848 0.155173 0.077131 0.070062 0.153033 0.475686 0.453848 0.209968 0.186701 
0.271507 0.220719 0.075543 0.105802 0.441933 0.478613 0.742631 0.548622 0.214800 0.179814 
0.244516 0.458469 0.507459 0.379886 0.439653 0.367565 0.071601 0.074975 0.249371 0.045585 
0.084662 0.176029 0.354585 0.207815 0.184543 0.280304 0.356514 0.309297 0.558013 0.468962 
0.173655 0.163212 0.203716 0.104845 0.070635 0.201469 0.287207 0.211250 0.090972 0.118022 
0.352399 0.318578 0.299705 0.213771 0.656918 0.737433 0.636832 0.387887 0.383529 0.774013 
0.299048 0.208156 0.369404 0.594517 0.475935 0.139808 0.032837 0.062383 0.228909 0.115808 
0.188728 0.304529 0.390269 0.353531 0.293134 0.567941 0.643813 0.185760 0.317523 0.537626 
0.160891 0.081847 0.253179 0.320212 0.302856 0.341996 0.272500 0.202404 0.101449 0.129265 
0.273083 0.312284 0.184907 0.158839 0.545297 0.499497 0.182325 0.084829 0.292561 0.592466 
0.319730 0.181775 0.296690 0.476423 0.359129 0.176651 0.222256 0.100614 0.169091 0.101649 
0.077574 0.329453 0.587854 0.713071 0.563912 0.754074 0.524897 0.410003 0.335084 0.554547 
0.087192 0.077426 0.271208 0.455719 0.406771 0.356184 0.335580 0.352635 0.383605 0.284784 
0.067164 0.335059 0.257118 0.371747 0.572900 0.333200 0.386355 0.213012 0.090827 0.144967 
0.211231 0.220665 0.384152 0.316791 0.288330 0.641578 0.710642 0.212524 0.062838 0.080697 
0.189573 0.352360 0.611994 0.642856 0.153137 0.340679 0.356373 0.294253 0.205390 0.179209 
0.122342 0.029820 0.192011 0.496521 0.613920 0.406583 0.315407 0.279987 0.335844 0.387321 
0.106380 0.250115 0.304553 0.548646 0.560654 0.498243 0.301674 0.077696 0.097727 0.277502 
0.343482 0.316070 0.633085 0.725633 0.343646 0.688774 0.632966 0.056765 0.030235 0.063729 
0.145131 0.288954 0.657103 0.707733 0.223956 0.463937 0.441203 0.288386 0.196519 0.103425 
0.150686 0.156349 0.183033 0.418686 0.823887 0.458584 0.153819 0.121086 0.635901 0.896799 
0.246683 0.497956 0.686727 0.419649 0.210857 0.490029 0.198988 0.113935 0.146949 0.410230 
0.744724 0.547331 0.648587 0.809519 0.626446 0.697697 0.496057 0.176170 0.042404 0.070958 
0.036227 0.070651 0.205653 0.093685 0.177099 0.170972 0.141103 0.142563 0.243665 0.199302 
0.046452 0.086885 0.117900 0.091269 0.070779 0.059852 0.059043 0.063520 0.066707 0.067368 
0.069813 0.084870 0.086036 0.093709 0.046185 0.062729 0.092660 0.088182 0.088944 0.087402 
0.067280 0.070238 0.063547 0.058855 0.053730 0.055129 0.060315 0.058688 0.060920 0.070754 
0.073966 0.055633 0.057657 0.057047 0.059840 0.058068 0.066036 0.066394 0.086619 0.070231 
0.092893 0.278693 0.333068 0.334585 0.365541 0.267671 0.308960 0.260632 0.296433 0.251129 
0.277765 0.311292 0.293590 0.346187 0.202520 0.291144 0.238259 0.331128 0.304232 0.251628 
0.266951 0.274284 0.271446 0.259955 0.261074 0.311200 0.309066 0.253603 0.288364 0.291546 
0.264514 0.315908 0.247217 0.318279 0.288057 0.334438 0.353133 0.359858 0.365773 0.167372 
0.164334 0.464975 0.596507 0.637330 0.591601 0.429255 0.424136 0.414089 0.481694 0.448069 
0.489361 0.499597 0.339932 0.439287 0.438796 0.545546 0.417327 0.433542 0.432986 0.422796 
0.408424 0.423650 0.405716 0.391282 0.387723 0.451371 0.494262 0.435744 0.445370 0.437835 
0.527589 0.533325 0.462976 0.431560 0.367681 0.440684 0.462525 0.509188 0.375944 0.237632 
0.159710 0.354942 0.372827 0.452156 0.594048 0.182717 0.245430 0.352638 0.338959 0.311301 
0.367514 0.385099 0.275987 0.316832 0.330024 0.432389 0.375028 0.306611 0.351647 0.278809 
0.279792 0.323323 0.315174 0.365953 0.370133 0.358299 0.362628 0.361650 0.381991 0.338848 
0.345822 0.340511 0.399917 0.319242 0.284422 0.315925 0.381489 0.409903 0.290126 0.182508 
0.116922 0.199925 0.188663 0.133130 0.064200 0.052514 0.231688 0.270708 0.243984 0.290599 
0.335839 0.379680 0.302632 0.218471 0.366380 0.385485 0.364174 0.298676 0.353362 0.287574 
0.270160 0.251156 0.285338 0.337418 0.324717 0.279792 0.282847 0.352766 0.347832 0.294619 
0.267241 0.229820 0.306686 0.326891 0.324379 0.352203 0.398498 0.357971 0.273804 0.167112 
0.086877 0.177030 0.268270 0.348675 0.198682 0.181345 0.249446 0.231030 0.273821 0.290698 
0.270270 0.332633 0.337744 0.204131 0.356551 0.309427 0.394610 0.401343 0.300348 0.302703 
0.265670 0.285757 0.311132 0.314229 0.254300 0.281849 0.199099 0.255703 0.259570 0.243126 
0.281787 0.276960 0.262117 0.297657 0.292511 0.342504 0.379662 0.352498 0.266458 0.157223 
0.114001 0.220231 0.346173 0.480996 0.516527 0.348742 0.266190 0.335860 0.379139 0.276339 
0.277760 0.247212 0.234605 0.225899 0.347618 0.268545 0.277432 0.309707 0.239035 0.262865 
0.290388 0.278302 0.278924 0.316283 0.305464 0.209611 0.173433 0.242154 0.299212 0.281266 
0.287738 0.342379 0.281558 0.298595 0.282698 0.305193 0.320887 0.340043 0.272334 0.180751 
0.118570 0.178124 0.298793 0.354176 0.377946 0.375893 0.388141 0.404185 0.361334 0.318851 
0.303889 0.267855 0.250925 0.332404 0.304840 0.273890 0.239330 0.255599 0.295321 0.310058 
0.315920 0.265058 0.242037 0.293728 0.414978 0.325975 0.328535 0.279943 0.331228 0.308369 
0.315390 0.309200 0.279956 0.285080 0.243440 0.275531 0.302702 0.313349 0.240850 0.172466 
0.119612 0.204538 0.273721 0.252944 0.247539 0.298723 0.331360 0.338497 0.286661 0.322466 
0.337931 0.304255 0.377068 0.396438 0.297878 0.322826 0.302306 0.306224 0.320226 0.356807 
0.357300 0.294332 0.227999 0.211976 0.291139 0.297375 0.295643 0.297294 0.306414 0.298824 
0.304698 0.291586 0.332216 0.325682 0.259043 0.275921 0.312705 0.291609 0.264309 0.171987 
0.103760 0.244861 0.354566 0.349913 0.265807 0.274016 0.231028 0.259272 0.229132 0.249575 
0.338121 0.272785 0.357355 0.289718 0.309956 0.407027 0.417007 0.364340 0.265059 0.273302 
0.334958 0.279528 0.224245 0.217897 0.260724 0.325932 0.292678 0.310706 0.281464 0.290497 
0.284446 0.283714 0.330946 0.323824 0.276915 0.296510 0.329434 0.280075 0.307071 0.192253 
0.101058 0.235244 0.418523 0.413023 0.293404 0.315741 0.285263 0.258317 0.271570 0.353404 
0.300701 0.259594 0.273326 0.239628 0.313361 0.542595 0.538519 0.330912 0.234315 0.221183 
0.299508 0.301362 0.336573 0.337553 0.400711 0.365538 0.289408 0.314093 0.364339 0.307543 
0.249768 0.265666 0.314040 0.334698 0.293182 0.347875 0.404898 0.317028 0.241080 0.151724 
0.114893 0.248663 0.377645 0.379909 0.334604 0.357890 0.362843 0.271684 0.294388 0.410641 
0.333137 0.382171 0.260035 0.159604 0.079842 0.182465 0.417817 0.405066 0.279683 0.168219 
0.234056 0.302668 0.383960 0.368503 0.383979 0.336446 0.262541 0.288886 0.288204 0.295873 
0.279515 0.279517 0.354280 0.368698 0.308262 0.357380 0.449777 0.306576 0.187992 0.129802 
0.101291 0.236746 0.271817 0.301747 0.249339 0.352870 0.450666 0.252447 0.176390 0.305194 
0.307730 0.338115 0.257018 0.167461 0.216189 0.086081 0.065569 0.324836 0.319203 0.307773 
0.267297 0.225589 0.290642 0.261808 0.243591 0.201988 0.214249 0.298629 0.304314 0.307815 
0.275966 0.227869 0.319557 0.326818 0.304247 0.313952 0.390043 0.273655 0.152651 0.115822 
0.100111 0.221802 0.304661 0.280296 0.201038 0.265334 0.341387 0.257728 0.201418 0.316058 
0.334438 0.282300 0.197606 0.061769 0.429880 0.983995 0.366626 0.089695 0.202693 0.336995 
0.310101 0.255773 0.243735 0.246050 0.275805 0.241971 0.250502 0.327693 0.320105 0.312392 
0.284373 0.242752 0.269573 0.266386 0.286348 0.283084 0.420472 0.332459 0.176972 0.104781 
0.077754 0.231322 0.381932 0.363269 0.213061 0.237380 0.362307 0.231218 0.213315 0.302887 
0.309614 0.268592 0.283522 0.261916 0.357879 0.971245 0.720037 0.180921 0.176402 0.254255 
0.309936 0.258931 0.267648 0.320212 0.371227 0.397312 0.341772 0.336773 0.303601 0.306896 
0.356640 0.256374 0.229403 0.293046 0.308968 0.274638 0.379889 0.341623 0.237224 0.112448 
0.123768 0.284682 0.339977 0.302481 0.211216 0.248131 0.467996 0.280839 0.229082 0.270542 
0.269532 0.289857 0.174442 0.177479 0.303355 0.370024 0.039584 0.136333 0.162077 0.200000 
0.308524 0.273326 0.304522 0.307716 0.344029 0.342567 0.336548 0.281444 0.227976 0.226899 
0.334058 0.306491 0.274506 0.240702 0.240214 0.275692 0.309839 0.304910 0.239486 0.149936 
0.101936 0.226297 0.301600 0.301469 0.237269 0.266284 0.411732 0.361422 0.292941 0.263200 
0.257044 0.274538 0.240543 0.223393 0.424901 0.300761 0.113279 0.192761 0.144333 0.145524 
0.284815 0.354825 0.363006 0.278409 0.302662 0.283193 0.293583 0.243273 0.251361 0.169905 
0.234928 0.288424 0.297875 0.315721 0.292339 0.243825 0.280209 0.311528 0.264399 0.172494 
0.094460 0.189651 0.284941 0.313978 0.238874 0.261838 0.418863 0.397818 0.300023 0.314087 
0.303543 0.277601 0.296595 0.365921 0.441937 0.419200 0.347502 0.320111 0.276125 0.190521 
0.239474 0.296241 0.338744 0.277419 0.247583 0.217414 0.242807 0.288769 0.292829 0.227001 
0.235820 0.271408 0.348658 0.367077 0.321644 0.268039 0.297872 0.331878 0.339239 0.194659 
0.113394 0.276555 0.355424 0.382065 0.303375 0.297836 0.381626 0.376382 0.330126 0.344143 
0.321201 0.264859 0.261901 0.321975 0.381856 0.342643 0.305604 0.402815 0.362467 0.315043 
0.278776 0.292581 0.317051 0.293288 0.293688 0.250119 0.273727 0.335541 0.361402 0.328675 
0.285385 0.273277 0.352689 0.343663 0.324495 0.323123 0.295726 0.370410 0.326093 0.189357 
0.151496 0.290213 0.453539 0.475306 0.288794 0.208941 0.276600 0.355914 0.365347 0.341733 
0.299886 0.251351 0.243625 0.257632 0.285021 0.237027 0.260039 0.372446 0.253223 0.221367 
0.271334 0.320187 0.320932 0.292960 0.297367 0.294697 0.321902 0.342568 0.308255 0.324448 
0.298335 0.218736 0.248732 0.276918 0.265637 0.244825 0.223945 0.267934 0.287245 0.163858 
0.129219 0.159839 0.420294 0.446757 0.161024 0.071344 0.142223 0.300580 0.391966 0.373047 
0.335000 0.266026 0.276344 0.289148 0.314380 0.283728 0.258842 0.324326 0.314113 0.274277 
0.261969 0.262714 0.320688 0.325786 0.323246 0.301882 0.305307 0.300060 0.292738 0.300593 
0.243346 0.205322 0.212714 0.231752 0.233228 0.224917 0.198993 0.206639 0.260559 0.177173 
0.095352 0.100952 0.452528 0.389220 0.156145 0.237980 0.772308 0.702382 0.096901 0.349612 
0.472195 0.425573 0.319779 0.287321 0.321275 0.279157 0.275936 0.352920 0.335479 0.354576 
0.290159 0.235503 0.271037 0.305208 0.303951 0.286484 0.293663 0.311488 0.363879 0.349001 
0.301527 0.250196 0.208686 0.250373 0.268530 0.227496 0.297951 0.337086 0.304257 0.205916 
0.376958 0.540487 0.187975 0.082041 0.251729 0.482400 0.910541 0.931745 0.347697 0.083703 
0.301896 0.452869 0.355101 0.326256 0.303322 0.261960 0.277487 0.294208 0.254148 0.303754 
0.283620 0.233385 0.224933 0.288543 0.277433 0.278098 0.281080 0.270275 0.284834 0.274671 
0.225825 0.233499 0.234422 0.233747 0.314273 0.308436 0.326110 0.359214 0.324325 0.090158 
0.181610 0.074404 0.041067 0.145157 0.302571 0.303892 0.929893 0.712729 0.818349 0.072198 
0.097875 0.389179 0.448509 0.360929 0.270244 0.266218 0.309957 0.315907 0.285881 0.257620 
0.200489 0.202467 0.173480 0.216327 0.227885 0.241012 0.244596 0.225008 0.197372 0.187384 
0.218818 0.254908 0.290879 0.272017 0.314391 0.420614 0.436127 0.363329 0.301546 0.175699 
0.168896 0.068100 0.041131 0.417722 0.698549 0.108147 0.269422 0.612124 0.481143 0.269751 
0.023939 0.232921 0.447122 0.390275 0.244973 0.225797 0.261787 0.264614 0.238416 0.226715 
0.184465 0.201306 0.180279 0.168941 0.201472 0.229362 0.190304 0.211914 0.231142 0.254573 
0.289875 0.281147 0.217842 0.261195 0.354728 0.473677 0.452165 0.361325 0.291010 0.477709 
0.082174 0.012486 0.027259 0.325760 0.581777 0.113402 0.090541 0.512824 0.536805 0.795660 
0.359510 0.059868 0.120685 0.332270 0.274165 0.201237 0.193670 0.212537 0.226787 0.235950 
0.196001 0.279592 0.278538 0.200585 0.204212 0.250089 0.233574 0.211217 0.258487 0.329501 
0.337272 0.245543 0.174645 0.191080 0.544052 0.674610 0.348021 0.156857 0.546547 0.452357 
0.093110 0.133436 0.108310 0.166252 0.396894 0.177132 0.113781 0.422102 0.927008 0.891345 
0.463651 0.022953 0.075438 0.285734 0.301311 0.325732 0.293973 0.224688 0.156071 0.259663 
0.376508 0.326167 0.278372 0.262780 0.216618 0.268299 0.290746 0.247210 0.343494 0.430106 
0.366733 0.174529 0.079045 0.057750 0.445096 0.627925 0.228276 0.279466 0.760086 0.376914 
0.217602 0.476152 0.219582 0.174679 0.164620 0.290861 0.064154 0.025966 0.457478 0.666575 
0.488431 0.061848 0.072508 0.370923 0.328041 0.367941 0.382929 0.135467 0.073398 0.267186 
0.639824 0.575926 0.459136 0.359646 0.298845 0.376872 0.367790 0.468350 0.639668 0.612741 
0.594777 0.231409 0.184433 0.786090 0.238129 0.227460 0.196402 0.239772 0.361554 0.109229 
0.212793 0.233754 0.419423 0.127439 0.049995 0.107764 0.121325 0.072920 0.178690 0.882737 
0.719954 0.054700 0.075352 0.360499 0.361195 0.429249 0.522431 0.216480 0.310501 0.153624 
0.515306 0.590523 0.352627 0.216008 0.215093 0.514937 0.608290 0.580775 0.366102 0.341651 
0.348489 0.063563 0.754695 0.982350 0.328545 0.097255 0.097308 0.026148 0.018970 0.105877 
0.208556 0.105854 0.383384 0.292392 0.114704 0.193161 0.267381 0.062613 0.123937 0.366406 
0.411099 0.061592 0.142400 0.336870 0.479973 0.443216 0.080519 0.283256 0.866991 0.065005 
0.109624 0.304188 0.336032 0.538856 0.685991 0.170855 0.471093 0.523025 0.216999 0.467732 
0.083806 0.047680 0.765758 0.444519 0.355834 0.552698 0.171469 0.078914 0.193428 0.063828 
0.073941 0.161557 0.191004 0.107628 0.317515 0.128169 0.060881 0.028232 0.318279 0.041135 
0.890706 0.328923 0.140004 0.078943 0.461303 0.661054 0.037076 0.737301 0.972062 0.263332 
0.239123 0.108064 0.206285 0.913099 0.865773 0.449923 0.161615 0.163194 0.245644 0.490332 
0.157103 0.215395 0.699929 0.299344 0.146619 0.863780 0.169714 0.075317 0.378499 0.168977 
0.195280 0.202589 0.245853 0.284410 0.250479 0.352942 0.206181 0.080510 0.623651 0.211363 
0.077789 0.075319 0.116380 0.126862 0.168276 0.411193 0.070430 0.933568 0.928121 0.339213 
0.299890 0.040074 0.085338 0.631342 0.836644 0.655623 0.028284 0.106128 0.376625 0.078583 
0.031867 0.161949 0.500735 0.282858 0.161026 0.129976 0.131806 0.223968 0.442672 0.294460 
0.183616 0.195366 0.499789 0.250032 0.172521 0.277031 0.214291 0.388363 0.226224 0.130832 
0.052410 0.124564 0.252763 0.092700 0.081444 0.651871 0.345106 0.209492 0.136272 0.172859 
0.218354 0.062376 0.078933 0.815583 0.303054 0.470097 0.142052 0.014519 0.268917 0.156261 
0.016125 0.049413 0.419096 0.287576 0.249444 0.201352 0.252954 0.159125 0.102849 0.269971 
0.116432 0.075231 0.147892 0.370234 0.540788 0.434884 0.247044 0.210965 0.125118 0.092253 
0.070122 0.078482 0.038831 0.059485 0.039153 0.145667 0.469609 0.355162 0.011524 0.025925 
0.613712 0.289384 0.193974 0.112590 0.758147 0.233556 0.149676 0.056343 0.115434 0.072447 
0.089402 0.284192 0.168123 0.089638 0.204895 0.169340 0.232128 0.217838 0.219305 0.207942 
0.133796 0.091824 0.173349 0.388789 0.325628 0.293821 0.421724 0.374105 0.440023 0.087969 
0.076299 0.492720 0.171244 0.295345 0.179583 0.179779 0.345886 0.048068 0.029610 0.077856 
0.085826 0.020546 0.338392 0.070299 0.238158 0.068984 0.025326 0.151838 0.179608 0.157800 
0.298716 0.363712 0.062440 0.115703 0.179553 0.187916 0.334508 0.461323 0.599141 0.259299 
0.413556 0.252306 0.217861 0.162929 0.329991 0.259157 0.567324 0.833886 0.820110 0.244351 
0.199425 0.213811 0.111032 0.367358 0.419275 0.265944 0.035518 0.036269 0.232789 0.187600 
0.017416 0.030842 0.134785 0.709281 0.097403 0.029866 0.033018 0.149309 0.447931 0.161252 
0.166381 0.216785 0.322605 0.397179 0.266729 0.166477 0.072393 0.312807 0.450693 0.228412 
0.394767 0.319591 0.140670 0.162203 0.255584 0.192130 0.605367 0.575134 0.313449 0.236499 
0.404159 0.262532 0.189922 0.354992 0.401651 0.335224 0.202604 0.361091 0.307727 0.130706 
0.128785 0.343331 0.121300 0.220301 0.098973 0.054953 0.126736 0.184638 0.260345 0.073037 
0.187187 0.137137 0.246008 0.433113 0.222267 0.068907 0.093274 0.199039 0.310652 0.332038 
0.253886 0.217081 0.157958 0.224807 0.095828 0.449594 0.641350 0.311381 0.078945 0.070083 
0.286958 0.290420 0.247129 0.334286 0.228283 0.281007 0.582126 0.429068 0.241461 0.249097 
0.452681 0.647457 0.389190 0.422808 0.174831 0.054812 0.164306 0.123620 0.190259 0.209844 
0.370747 0.034210 0.143663 0.137668 0.082602 0.178651 0.082655 0.108188 0.101872 0.182891 
0.097321 0.051491 0.475767 0.566730 0.176718 0.359298 0.486956 0.308837 0.598030 0.101869 
0.141211 0.238579 0.133767 0.079180 0.152635 0.124264 0.205769 0.485973 0.271462 0.214632 
0.279776 0.311599 0.289026 0.248927 0.093109 0.187755 0.188479 0.094583 0.113481 0.162290 
0.130085 0.042758 0.042078 0.167673 0.163201 0.069957 0.044684 0.043141 0.081834 0.099513 
0.173032 0.133189 0.404452 0.578910 0.170138 0.124664 0.219210 0.184176 0.669376 0.320336 
0.152740 0.135744 0.133578 0.171513 0.336830 0.111518 0.165826 0.267295 0.177908 0.137989 
0.167115 0.109424 0.219540 0.180966 0.141230 0.051024 0.094457 0.038806 0.060113 0.048953 
0.042091 0.108141 0.093136 0.363801 0.352899 0.232259 0.231237 0.215191 0.235186 0.130739 
0.741400 0.539209 0.547144 0.626036 0.529216 0.586578 0.560941 0.627657 0.570419 0.607846 
0.585873 0.531207 0.572811 0.618008 0.727365 0.530838 0.607729 0.548537 0.488316 0.581628 
0.584615 0.630986 0.623223 0.574473 0.615132 0.610262 0.679072 0.636085 0.525763 0.540177 
0.689932 0.569177 0.635407 0.561214 0.591675 0.616546 0.593614 0.573757 0.539252 0.639247 
0.784958 0.641002 0.663743 0.662157 0.528485 0.560286 0.703999 0.720584 0.500248 0.632079 
0.703259 0.675490 0.723854 0.671916 0.679553 0.643809 0.720197 0.687842 0.700012 0.583745 
0.652099 0.680898 0.632715 0.607908 0.705161 0.671957 0.727056 0.660772 0.588416 0.616887 
0.731022 0.657594 0.650266 0.684873 0.590513 0.556233 0.588071 0.686306 0.682378 0.557516 
0.748760 0.568618 0.608986 0.644654 0.603464 0.580536 0.808833 0.780752 0.653415 0.653431 
0.735987 0.769679 0.752815 0.599154 0.604433 0.681663 0.694759 0.746101 0.711652 0.731507 
0.764086 0.773260 0.691091 0.777337 0.831964 0.804512 0.723238 0.708474 0.815106 0.778635 
0.702643 0.709622 0.717752 0.780872 0.754168 0.818168 0.819533 0.786582 0.745954 0.634094 
0.703527 0.424919 0.441443 0.550215 0.638872 0.492314 0.587860 0.591474 0.537109 0.499878 
0.622656 0.774098 0.726541 0.666396 0.644749 0.566149 0.623776 0.628475 0.702963 0.689881 
0.561094 0.627360 0.669653 0.640833 0.642763 0.671453 0.604489 0.601264 0.672427 0.674173 
0.584643 0.573471 0.663237 0.577314 0.638217 0.714563 0.661728 0.600479 0.572351 0.614163 
0.736209 0.437123 0.408022 0.700748 0.937415 0.700186 0.571426 0.657512 0.686901 0.576814 
0.611965 0.667315 0.614336 0.647816 0.584514 0.555489 0.585209 0.603694 0.634105 0.551889 
0.618738 0.638455 0.656303 0.664725 0.647638 0.578603 0.564855 0.648499 0.616398 0.545684 
0.694655 0.703760 0.666425 0.565882 0.615233 0.609074 0.624745 0.653538 0.522790 0.604308 
0.759653 0.471050 0.440886 0.454907 0.525021 0.352389 0.520182 0.594298 0.739579 0.761381 
0.584928 0.541810 0.517609 0.593089 0.577722 0.523893 0.537061 0.651735 0.538434 0.660807 
0.736227 0.622499 0.525863 0.631083 0.700070 0.764395 0.613025 0.624547 0.680699 0.623430 
0.641769 0.723541 0.666618 0.647302 0.589990 0.554644 0.601054 0.666045 0.612439 0.585501 
0.701622 0.476441 0.464584 0.472778 0.398388 0.471030 0.657742 0.541412 0.532154 0.662788 
0.615094 0.607954 0.779820 0.607018 0.624333 0.572347 0.623864 0.610195 0.547196 0.736162 
0.698960 0.591970 0.514540 0.514852 0.604348 0.826122 0.707983 0.557824 0.633291 0.753300 
0.639047 0.672234 0.651555 0.597042 0.564435 0.705034 0.656742 0.538040 0.569508 0.596869 
0.680530 0.473158 0.580484 0.640643 0.600214 0.467284 0.553036 0.553963 0.416444 0.541161 
0.613338 0.668907 0.680482 0.488492 0.472791 0.526620 0.620071 0.682377 0.577160 0.526647 
0.665579 0.629831 0.554014 0.572125 0.644412 0.588876 0.612672 0.589830 0.527714 0.646200 
0.661858 0.582727 0.619625 0.712640 0.602510 0.637264 0.636307 0.689897 0.571372 0.579833 
0.627243 0.512699 0.756002 0.774578 0.582488 0.570088 0.607857 0.657988 0.568877 0.557770 
0.562611 0.634939 0.418133 0.489190 0.589646 0.617534 0.682948 0.728793 0.635739 0.468685 
0.629470 0.674490 0.720776 0.641483 0.704955 0.659000 0.666696 0.638029 0.638533 0.605792 
0.679074 0.553263 0.598224 0.660470 0.626150 0.588910 0.689435 0.705716 0.553202 0.560866 
0.686808 0.501833 0.606429 0.665227 0.493499 0.607202 0.707872 0.583132 0.609582 0.678806 
0.691621 0.646025 0.642869 0.606024 0.585586 0.614154 0.631707 0.621275 0.532543 0.564917 
0.611583 0.656429 0.651892 0.767122 0.594486 0.574574 0.619524 0.749706 0.646813 0.612971 
0.637005 0.590760 0.651343 0.708370 0.572474 0.607264 0.745966 0.685973 0.517415 0.544223 
0.679944 0.497575 0.514624 0.584077 0.497499 0.558091 0.648737 0.589483 0.523154 0.649250 
0.784645 0.567301 0.661028 0.642726 0.572098 0.572634 0.643025 0.742216 0.758079 0.634863 
0.517649 0.591960 0.590596 0.638785 0.533785 0.498692 0.593829 0.654145 0.576277 0.626623 
0.651102 0.601347 0.640069 0.708019 0.598693 0.584419 0.590117 0.600599 0.533718 0.576458 
0.641598 0.526240 0.532212 0.527764 0.594627 0.630110 0.655953 0.739048 0.543869 0.547171 
0.490436 0.532536 0.516598 0.613742 0.617910 0.533940 0.539512 0.607551 0.845701 0.779845 
0.584329 0.594713 0.665375 0.564610 0.514961 0.496069 0.684407 0.776640 0.734610 0.579813 
0.680929 0.620703 0.589563 0.632437 0.595111 0.596729 0.580831 0.581694 0.632611 0.581395 
0.703415 0.524271 0.652032 0.571334 0.559277 0.609729 0.626734 0.695227 0.623193 0.553348 
0.573976 0.536565 0.367269 0.319746 0.494495 0.794921 0.439216 0.385046 0.513914 0.619674 
0.656066 0.632200 0.611891 0.572496 0.771571 0.761633 0.601249 0.706338 0.717828 0.708096 
0.720105 0.638431 0.537516 0.571941 0.647942 0.695253 0.679032 0.661354 0.662721 0.646852 
0.714472 0.418386 0.555469 0.754000 0.524436 0.546434 0.595215 0.597088 0.603380 0.643153 
0.644609 0.536891 0.491080 0.466801 0.627386 0.897646 0.810555 0.313368 0.499444 0.581250 
0.595283 0.564493 0.619144 0.602555 0.726053 0.753717 0.534230 0.620588 0.563562 0.617282 
0.670069 0.695744 0.648768 0.586726 0.645280 0.693942 0.572896 0.671023 0.646874 0.659686 
0.752469 0.481869 0.486555 0.616241 0.480059 0.509546 0.836341 0.858875 0.550467 0.658093 
0.754363 0.564869 0.529969 0.486769 0.521919 0.859393 0.828260 0.269669 0.529619 0.564104 
0.695700 0.713034 0.632535 0.642341 0.649388 0.653203 0.608997 0.547528 0.593037 0.523567 
0.593665 0.651193 0.640964 0.595215 0.691667 0.613926 0.583290 0.669747 0.653505 0.658248 
0.654239 0.499970 0.544120 0.607070 0.588374 0.573565 0.739076 0.700054 0.493461 0.521365 
0.621168 0.658582 0.515039 0.518695 0.194856 0.318329 0.315284 0.276449 0.489319 0.612570 
0.684645 0.717704 0.631103 0.584213 0.638096 0.666396 0.578555 0.556891 0.693338 0.609845 
0.526612 0.566967 0.710793 0.731175 0.644659 0.640469 0.611745 0.637937 0.695575 0.637324 
0.719076 0.426266 0.509323 0.684232 0.632660 0.593290 0.650692 0.617550 0.592203 0.564029 
0.614581 0.704344 0.607828 0.584355 0.567506 0.389346 0.380477 0.480090 0.808796 0.681614 
0.575665 0.588204 0.668113 0.624245 0.676796 0.599180 0.609557 0.666186 0.796695 0.787864 
0.541221 0.592014 0.636120 0.696475 0.620435 0.644786 0.620562 0.636787 0.530797 0.494781 
0.721853 0.597441 0.531989 0.616274 0.664941 0.535764 0.611774 0.731137 0.661610 0.560393 
0.678455 0.629930 0.562509 0.645342 0.667110 0.548499 0.525108 0.621503 0.734311 0.671494 
0.631843 0.628580 0.678548 0.671968 0.603696 0.642765 0.631458 0.642927 0.752035 0.699039 
0.583998 0.588638 0.588690 0.590055 0.648213 0.628950 0.645795 0.624852 0.476253 0.527718 
0.700933 0.512010 0.494801 0.718743 0.744298 0.613191 0.548117 0.646213 0.681422 0.636903 
0.686039 0.639490 0.605487 0.695814 0.691257 0.592304 0.529787 0.616988 0.672325 0.661785 
0.617522 0.619713 0.661895 0.644677 0.611234 0.625033 0.687468 0.638022 0.571504 0.584273 
0.573638 0.593522 0.651559 0.614147 0.639731 0.645452 0.614583 0.591022 0.486492 0.596206 
0.720652 0.462367 0.401667 0.638374 0.736235 0.630048 0.521027 0.703465 0.736292 0.693284 
0.617928 0.658094 0.647352 0.640831 0.731018 0.648933 0.623802 0.772489 0.736960 0.668384 
0.558444 0.583673 0.594232 0.663713 0.701545 0.618079 0.595541 0.611826 0.623890 0.731629 
0.691278 0.560518 0.691768 0.664800 0.622339 0.677811 0.665701 0.693387 0.566258 0.586948 
0.686765 0.499195 0.579941 0.568434 0.765224 0.809462 0.658464 0.665916 0.524728 0.621758 
0.684575 0.628427 0.612109 0.589994 0.665207 0.645645 0.626240 0.643742 0.591278 0.660275 
0.764995 0.610847 0.587000 0.642851 0.656452 0.619744 0.550813 0.590477 0.695975 0.732560 
0.662022 0.523882 0.609611 0.703578 0.652444 0.641601 0.737202 0.671304 0.595058 0.614348 
0.500134 0.271614 0.276570 0.292377 0.570105 0.670934 0.508035 0.581762 0.393642 0.422413 
0.595104 0.597105 0.709392 0.649839 0.621124 0.584831 0.614304 0.654151 0.605326 0.604932 
0.710100 0.680099 0.629647 0.651574 0.689189 0.674889 0.671819 0.606951 0.614182 0.584211 
0.506500 0.691271 0.687096 0.651641 0.688907 0.630676 0.599481 0.571170 0.638210 0.604151 
0.735245 0.630863 0.152355 0.531115 0.638853 0.589203 0.488116 0.583157 0.854965 0.567607 
0.549718 0.652256 0.674584 0.704712 0.629471 0.539099 0.622540 0.801807 0.707177 0.544772 
0.607321 0.700561 0.634467 0.629560 0.636493 0.664717 0.755503 0.656069 0.555338 0.560501 
0.645653 0.743232 0.713188 0.611934 0.629979 0.636036 0.661622 0.560645 0.563322 0.753779 
0.430094 0.518345 0.644360 0.695486 0.648752 0.669896 0.686897 0.701423 0.870571 0.560798 
0.444165 0.583014 0.634604 0.683402 0.618214 0.590970 0.615351 0.612660 0.611789 0.694533 
0.662078 0.735945 0.727986 0.659938 0.614638 0.638164 0.684475 0.613677 0.648458 0.707987 
0.694234 0.681306 0.657405 0.617946 0.628331 0.628061 0.651006 0.625771 0.522358 0.492922 
0.248341 0.316513 0.373107 0.312605 0.503656 0.580392 0.414681 0.470409 0.201250 0.578413 
0.791856 0.330063 0.487342 0.621899 0.676602 0.615141 0.661024 0.563122 0.570326 0.705530 
0.659823 0.686650 0.721862 0.675271 0.673961 0.744057 0.716067 0.716314 0.649679 0.671928 
0.663920 0.710938 0.652398 0.556180 0.588700 0.716129 0.587562 0.536276 0.431854 0.453196 
0.335009 0.492982 0.367021 0.416899 0.335246 0.425147 0.258366 0.443990 0.379439 0.596154 
0.908904 0.619614 0.676986 0.586256 0.725119 0.724721 0.607585 0.535873 0.626048 0.731504 
0.739279 0.720842 0.629631 0.612575 0.724129 0.731895 0.639361 0.619598 0.704150 0.687500 
0.570257 0.643963 0.698807 0.725280 0.583354 0.586714 0.599204 0.583460 0.223548 0.702786 
0.488735 0.293679 0.192830 0.460483 0.414466 0.378749 0.403856 0.572747 0.384077 0.458005 
0.786089 0.736850 0.833426 0.589251 0.615823 0.564339 0.571707 0.677032 0.710108 0.774083 
0.747683 0.746187 0.697590 0.764165 0.792875 0.704031 0.661019 0.610769 0.677046 0.688470 
0.634440 0.588127 0.629595 0.692718 0.718213 0.540367 0.753935 0.459213 0.202497 0.630697 
0.625777 0.448961 0.296212 0.579434 0.417863 0.332508 0.307181 0.616515 0.246901 0.297685 
0.777453 0.588455 0.816061 0.499267 0.623491 0.545625 0.526064 0.757087 0.854180 0.575825 
0.531727 0.530888 0.568338 0.702252 0.681773 0.659059 0.715441 0.572964 0.518226 0.503592 
0.370853 0.407623 0.385067 0.754349 0.714515 0.426666 0.392761 0.297598 0.471176 0.534340 
0.610424 0.584758 0.139090 0.227822 0.346737 0.415356 0.231260 0.272095 0.382174 0.453019 
0.713467 0.673294 0.813839 0.736896 0.660646 0.453281 0.513681 0.795091 0.874947 0.508917 
0.367369 0.378772 0.426725 0.460785 0.515112 0.399310 0.602473 0.617076 0.440465 0.422794 
0.519983 0.671256 0.463815 0.630922 0.674485 0.507037 0.355905 0.528826 0.418677 0.450336 
0.548112 0.502905 0.438271 0.204442 0.232456 0.549609 0.394528 0.500719 0.539295 0.486745 
0.450936 0.525505 0.581595 0.622692 0.615033 0.602302 0.802733 0.750930 0.860071 0.776077 
0.409474 0.292675 0.614316 0.435960 0.744475 0.510434 0.213031 0.374860 0.620323 0.741166 
0.342148 0.383636 0.223986 0.610847 0.862312 0.764292 0.511463 0.219833 0.265541 0.423429 
0.675868 0.384036 0.830110 0.788303 0.178202 0.451733 0.673109 0.248385 0.219687 0.445303 
0.482473 0.487465 0.357338 0.544974 0.604696 0.637811 0.865153 0.386047 0.233299 0.411340 
0.784882 0.675811 0.487657 0.489286 0.625725 0.734090 0.441439 0.517222 0.616853 0.675398 
0.312419 0.237866 0.262767 0.443489 0.593851 0.308412 0.707156 0.396355 0.553591 0.535083 
0.437828 0.175351 0.361552 0.489971 0.368010 0.224448 0.540967 0.256431 0.371475 0.459730 
0.278165 0.414032 0.695083 0.841015 0.816366 0.740341 0.756928 0.276979 0.118638 0.198995 
0.748048 0.646943 0.293513 0.413884 0.279335 0.533999 0.601034 0.434179 0.262182 0.454700 
0.578997 0.242885 0.345443 0.308099 0.314035 0.444683 0.416831 0.381943 0.718968 0.742566 
0.554792 0.323369 0.416325 0.446681 0.584803 0.482912 0.367952 0.390971 0.709196 0.385140 
0.329716 0.264284 0.241291 0.450321 0.578523 0.678298 0.429120 0.215889 0.209625 0.314672 
0.389971 0.449016 0.333086 0.586456 0.362547 0.253852 0.505825 0.565790 0.209841 0.365496 
0.569165 0.321372 0.732263 0.410743 0.192858 0.559583 0.344546 0.449991 0.458649 0.575854 
0.582712 0.474900 0.867718 0.583200 0.510328 0.443861 0.367937 0.328253 0.371970 0.164097 
0.203623 0.179734 0.390218 0.495885 0.567491 0.794976 0.359659 0.160226 0.206294 0.427791 
0.154814 0.258984 0.285464 0.462603 0.376311 0.355813 0.324280 0.352145 0.432034 0.370769 
0.118553 0.275849 0.917159 0.562145 0.214332 0.453929 0.464201 0.227829 0.426533 0.673936 
0.560987 0.352636 0.471721 0.423499 0.491171 0.565259 0.384475 0.446309 0.352806 0.314423 
0.378687 0.409842 0.415293 0.395201 0.417676 0.338421 0.253779 0.516915 0.303531 0.444170 
0.324148 0.545192 0.327211 0.291033 0.284550 0.506738 0.397446 0.224741 0.220867 0.305139 
0.264922 0.206092 0.419914 0.242807 0.379889 0.390370 0.565950 0.308422 0.504374 0.482459 
0.553179 0.212799 0.274176 0.397374 0.468980 0.639676 0.538788 0.595397 0.488930 0.417385 
0.584990 0.826404 0.778436 0.565476 0.310047 0.427145 0.716311 0.477320 0.131386 0.108481 
0.468673 0.513560 0.280104 0.072702 0.352144 0.504012 0.347326 0.324370 0.469690 0.601371 
0.427387 0.348070 0.371864 0.444689 0.695555 0.657851 0.428447 0.246816 0.438532 0.632458 
0.510432 0.137303 0.479051 0.832256 0.556055 0.417234 0.422154 0.566171 0.631210 0.335671 
0.374810 0.487878 0.464558 0.264457 0.324399 0.396558 0.324918 0.603309 0.707252 0.400777 
0.395626 0.395350 0.432206 0.430187 0.364131 0.199190 0.323966 0.594702 0.537112 0.558105 
0.605833 0.520852 0.244735 0.422601 0.876006 0.828931 0.500042 0.750969 0.501751 0.717390 
0.697375 0.395960 0.283335 0.783732 0.561464 0.138737 0.189812 0.567915 0.715024 0.481965 
0.369545 0.389769 0.310698 0.206361 0.557429 0.688219 0.345879 0.434201 0.633456 0.491166 
0.421342 0.413090 0.395172 0.473239 0.607853 0.596511 0.703111 0.798718 0.678590 0.525944 
0.438285 0.292231 0.334447 0.762164 0.678020 0.320756 0.267484 0.804525 0.631170 0.548289 
0.463383 0.395874 0.188049 0.519392 0.742251 0.396881 0.307612 0.700641 0.798100 0.572054 
0.404404 0.385767 0.349969 0.522950 0.693458 0.759791 0.666332 0.382521 0.421803 0.430433 
0.395233 0.506387 0.471150 0.751677 0.678107 0.506836 0.506962 0.532885 0.555204 0.725097 
0.704340 0.319904 0.455815 0.584909 0.584714 0.528030 0.425136 0.409561 0.283003 0.539965 
0.643879 0.417521 0.306681 0.437561 0.694808 0.473605 0.418018 0.672859 0.745516 0.656867 
0.490595 0.471189 0.462175 0.426610 0.711552 0.885404 0.831499 0.398184 0.393073 0.513975 
0.688274 0.375748 0.237108 0.322773 0.361407 0.474393 0.331017 0.543508 0.390129 0.435865 
0.498135 0.287160 0.334192 0.404413 0.451916 0.497748 0.474936 0.468506 0.576200 0.607743 
0.765978 0.640135 0.518149 0.566338 0.648450 0.646726 0.633954 0.663382 0.649720 0.633071 
0.604545 0.495858 0.474458 0.546354 0.651106 0.595215 0.605359 0.612904 0.626693 0.653998 
0.641194 0.670713 0.665732 0.675628 0.699136 0.690681 0.665144 0.660576 0.648959 0.652016 
0.588641 0.652133 0.699395 0.651292 0.672121 0.650191 0.602531 0.589383 0.554223 0.486627 
0.693845 0.484724 0.253890 0.326458 0.483672 0.577453 0.529296 0.560901 0.587552 0.495927 
0.349810 0.270346 0.316332 0.398407 0.547045 0.474138 0.412879 0.428186 0.400234 0.483669 
0.466974 0.486917 0.502672 0.532315 0.606412 0.602606 0.558979 0.564736 0.547177 0.561081 
0.549384 0.589488 0.576707 0.522181 0.592723 0.566093 0.453934 0.411418 0.508346 0.506702 
0.634946 0.508366 0.247453 0.182042 0.321687 0.469937 0.310886 0.256541 0.385893 0.395247 
0.299642 0.252108 0.318191 0.334351 0.379637 0.374675 0.382203 0.288332 0.295022 0.265968 
0.283124 0.309808 0.326546 0.277085 0.325704 0.366370 0.396455 0.384165 0.307025 0.400841 
0.364044 0.394082 0.389775 0.391170 0.400479 0.330693 0.250995 0.281780 0.420617 0.320907 
0.526600 0.432584 0.251494 0.257448 0.408794 0.578368 0.423108 0.372666 0.302120 0.267620 
0.225626 0.192828 0.386478 0.391273 0.276410 0.408220 0.395634 0.366622 0.282352 0.318485 
0.401509 0.355909 0.345764 0.382667 0.413532 0.376811 0.365202 0.372116 0.413260 0.436947 
0.371474 0.430304 0.395133 0.479507 0.436191 0.382464 0.303959 0.360566 0.495413 0.344170 
0.425570 0.348117 0.191367 0.221547 0.417391 0.468216 0.316348 0.252903 0.167495 0.210721 
0.222124 0.234936 0.378729 0.344386 0.215488 0.330138 0.311271 0.308556 0.350373 0.353707 
0.313789 0.252628 0.282934 0.278326 0.336146 0.401138 0.368562 0.302552 0.340683 0.397634 
0.251136 0.263689 0.308469 0.376809 0.380904 0.352336 0.235662 0.278377 0.437103 0.373665 
0.437717 0.386737 0.210754 0.367170 0.601970 0.564863 0.315288 0.246118 0.153059 0.174837 
0.272959 0.340817 0.409586 0.349739 0.199875 0.327946 0.317120 0.317626 0.378489 0.296172 
0.336738 0.334008 0.279013 0.223401 0.248324 0.316797 0.366176 0.288181 0.240734 0.321084 
0.360987 0.312751 0.292519 0.314712 0.375643 0.330952 0.241796 0.265767 0.363259 0.386886 
0.505740 0.409358 0.220488 0.284041 0.338614 0.389562 0.254886 0.296368 0.309399 0.231632 
0.179334 0.333349 0.357822 0.409762 0.250814 0.236928 0.241828 0.293489 0.332387 0.345906 
0.376086 0.332611 0.293355 0.274899 0.333009 0.312248 0.298844 0.275328 0.265686 0.282458 
0.352556 0.398090 0.380314 0.332299 0.347846 0.243219 0.241307 0.299575 0.389478 0.357754 
0.472731 0.459575 0.207220 0.230912 0.229347 0.360233 0.345303 0.322999 0.379166 0.252559 
0.235222 0.273254 0.394351 0.347627 0.369355 0.296198 0.256787 0.181744 0.269962 0.336141 
0.263385 0.323612 0.383945 0.356959 0.392205 0.483599 0.380077 0.304158 0.366039 0.339481 
0.315722 0.394803 0.370585 0.260683 0.325755 0.315436 0.259517 0.218406 0.321487 0.341700 
0.464778 0.378620 0.097387 0.159966 0.319497 0.286439 0.309999 0.291997 0.301551 0.263030 
0.291140 0.353510 0.377090 0.258679 0.262658 0.303224 0.286466 0.213659 0.212768 0.277819 
0.192665 0.258510 0.323560 0.325948 0.308441 0.333222 0.307425 0.315345 0.325613 0.354710 
0.323614 0.369236 0.330730 0.298916 0.290282 0.342084 0.257142 0.262583 0.303068 0.349928 
0.469962 0.423498 0.231356 0.243098 0.362359 0.245720 0.204524 0.250708 0.229967 0.260995 
0.374606 0.439754 0.264853 0.258140 0.243399 0.281847 0.371908 0.385651 0.329932 0.274852 
0.229637 0.250537 0.418064 0.330594 0.373630 0.316457 0.348560 0.291689 0.337769 0.354986 
0.350546 0.325597 0.296433 0.281647 0.393229 0.358019 0.234695 0.290369 0.345197 0.372787 
0.500114 0.386330 0.223977 0.290660 0.350119 0.315458 0.287422 0.253930 0.224741 0.273644 
0.370210 0.365483 0.223852 0.316279 0.307234 0.232288 0.399888 0.424302 0.343741 0.425408 
0.339858 0.313843 0.359889 0.373984 0.298324 0.365669 0.421243 0.386534 0.336197 0.353976 
0.346377 0.319969 0.283726 0.311115 0.378401 0.316656 0.289408 0.338816 0.345368 0.322865 
0.534222 0.334258 0.185973 0.242944 0.270404 0.274475 0.362435 0.317526 0.313482 0.325248 
0.442422 0.255132 0.332116 0.448377 0.460019 0.475324 0.644177 0.579677 0.347835 0.372159 
0.324826 0.344710 0.353334 0.345608 0.254474 0.358389 0.421171 0.240242 0.276854 0.430487 
0.405048 0.355235 0.317608 0.324395 0.348137 0.241316 0.238424 0.377187 0.407153 0.299753 
0.464742 0.351258 0.159878 0.205718 0.284992 0.236367 0.336152 0.409022 0.323331 0.255068 
0.244180 0.180678 0.213739 0.454901 0.592296 0.471109 0.823607 0.662869 0.401045 0.326171 
0.270929 0.296503 0.310738 0.308199 0.163052 0.294098 0.457746 0.263151 0.267272 0.348531 
0.370277 0.361782 0.308536 0.314502 0.271128 0.186769 0.143992 0.310406 0.495609 0.287787 
0.493576 0.450807 0.217990 0.159057 0.340749 0.247023 0.203606 0.308683 0.329954 0.251184 
0.310244 0.147121 0.106323 0.483684 0.213217 0.004865 0.138881 0.514495 0.191224 0.236916 
0.346592 0.397646 0.315733 0.297429 0.298022 0.292312 0.409443 0.333728 0.358728 0.378714 
0.323188 0.331240 0.301767 0.336815 0.323055 0.208798 0.162721 0.296682 0.562885 0.334541 
0.466865 0.372488 0.226987 0.223746 0.296276 0.217514 0.100974 0.220314 0.370151 0.265898 
0.287060 0.170687 0.128410 0.238148 0.337497 0.287001 0.302378 0.217778 0.194667 0.232742 
0.257262 0.256496 0.267872 0.270161 0.270828 0.316449 0.317799 0.403645 0.349654 0.333331 
0.280469 0.363614 0.322682 0.341583 0.336974 0.263317 0.160803 0.297676 0.539185 0.387655 
0.537966 0.274363 0.140850 0.167861 0.245815 0.247746 0.264086 0.389645 0.459892 0.352786 
0.317821 0.200898 0.257058 0.277645 0.513241 0.798569 0.750074 0.239397 0.282151 0.325269 
0.323235 0.326147 0.327386 0.325688 0.299688 0.283850 0.291013 0.328046 0.345897 0.364554 
0.350371 0.383018 0.292375 0.248956 0.368179 0.301570 0.189752 0.273722 0.435378 0.398172 
0.472474 0.378443 0.191638 0.162523 0.291664 0.230391 0.215433 0.302754 0.375813 0.340256 
0.317277 0.273852 0.265030 0.335699 0.519815 0.707677 0.471399 0.280787 0.258229 0.356174 
0.346087 0.372646 0.275453 0.331198 0.290509 0.308161 0.262510 0.276375 0.366044 0.368209 
0.349239 0.292089 0.309912 0.242614 0.270139 0.263698 0.186622 0.233942 0.466536 0.501059 
0.436341 0.225627 0.191852 0.233320 0.289477 0.295960 0.226298 0.229835 0.237596 0.272463 
0.310756 0.390014 0.326709 0.256832 0.302469 0.319045 0.298603 0.346775 0.515487 0.344971 
0.220329 0.296576 0.267431 0.316852 0.322963 0.238920 0.228009 0.318357 0.388877 0.447279 
0.323249 0.344465 0.320054 0.350578 0.308742 0.282773 0.209086 0.265622 0.437884 0.429025 
0.511974 0.346691 0.182157 0.194735 0.275094 0.313259 0.299894 0.237083 0.222154 0.280674 
0.345400 0.356658 0.342668 0.332463 0.324675 0.301740 0.285031 0.291979 0.474768 0.441292 
0.290583 0.295247 0.263057 0.357628 0.321003 0.330360 0.284143 0.326780 0.447035 0.383976 
0.360031 0.402445 0.314962 0.358269 0.379219 0.383692 0.294326 0.266860 0.394715 0.346428 
0.515508 0.419530 0.193493 0.250509 0.401563 0.525700 0.495217 0.296349 0.311075 0.334138 
0.318837 0.279205 0.317367 0.371287 0.293138 0.265030 0.267198 0.264389 0.407540 0.439293 
0.422136 0.362165 0.301330 0.307369 0.344846 0.385279 0.367481 0.330275 0.322171 0.311305 
0.349170 0.408194 0.287172 0.325515 0.369170 0.345158 0.282561 0.225803 0.321878 0.346396 
0.538731 0.308595 0.113092 0.322061 0.447090 0.727961 0.802340 0.688811 0.661645 0.459501 
0.261936 0.304604 0.316464 0.367088 0.269787 0.281982 0.307224 0.363288 0.432484 0.347240 
0.317123 0.344735 0.311930 0.325157 0.354228 0.369715 0.341968 0.336756 0.293632 0.366844 
0.392001 0.391093 0.350141 0.223687 0.282438 0.342028 0.170829 0.187037 0.220221 0.336249 
0.452979 0.530104 0.157850 0.215145 0.508225 0.807857 0.592456 0.711877 0.788547 0.459964 
0.250511 0.279043 0.235196 0.294576 0.252183 0.316164 0.349021 0.333064 0.384642 0.400805 
0.355774 0.265316 0.284419 0.280881 0.319707 0.355338 0.298350 0.371594 0.402892 0.425694 
0.424618 0.295333 0.266044 0.198183 0.183732 0.308709 0.330607 0.227002 0.139391 0.217035 
0.287968 0.549455 0.204918 0.216753 0.527424 0.275464 0.081391 0.088509 0.337166 0.454924 
0.284369 0.280932 0.255987 0.288377 0.329837 0.352290 0.311855 0.302856 0.308352 0.364688 
0.405632 0.354648 0.359292 0.317286 0.376057 0.354593 0.280620 0.355903 0.366851 0.321236 
0.293763 0.275506 0.270924 0.264726 0.249215 0.268419 0.216957 0.247262 0.307213 0.189977 
0.328534 0.308396 0.104424 0.220499 0.309922 0.298430 0.207289 0.083028 0.177926 0.333838 
0.481572 0.321176 0.189491 0.283916 0.368381 0.372688 0.333509 0.407196 0.339226 0.268073 
0.417240 0.406397 0.302355 0.274032 0.313246 0.292777 0.338571 0.328403 0.278044 0.263390 
0.291570 0.288216 0.252888 0.208153 0.190915 0.207817 0.186414 0.143741 0.325838 0.391196 
0.645115 0.365088 0.132687 0.343019 0.484330 0.539917 0.295049 0.062116 0.180517 0.169529 
0.571680 0.420752 0.163414 0.272348 0.342477 0.375600 0.344423 0.391310 0.387742 0.340221 
0.443081 0.423878 0.274344 0.233628 0.269955 0.241044 0.286859 0.279724 0.296972 0.285643 
0.299904 0.252063 0.281181 0.317525 0.129911 0.065000 0.107867 0.242575 0.631018 0.509680 
0.583756 0.380100 0.290822 0.258805 0.370663 0.539495 0.216031 0.083040 0.029649 0.156719 
0.556981 0.398231 0.111611 0.237364 0.329595 0.281536 0.317990 0.364660 0.305624 0.204146 
0.234978 0.323680 0.322388 0.265139 0.260675 0.309053 0.277863 0.239433 0.172697 0.199739 
0.342071 0.382035 0.254080 0.259713 0.134427 0.121525 0.201182 0.734014 0.557976 0.152390 
0.310304 0.246246 0.429674 0.217064 0.387226 0.502621 0.322488 0.122822 0.083205 0.196830 
0.449698 0.412622 0.086202 0.124047 0.223261 0.275062 0.316793 0.354884 0.270061 0.206834 
0.128245 0.140216 0.267431 0.275607 0.313171 0.296905 0.231513 0.147395 0.107985 0.106769 
0.162120 0.312787 0.442077 0.569005 0.149712 0.177587 0.630087 0.838200 0.540368 0.117792 
0.258985 0.310349 0.280547 0.193762 0.530091 0.424058 0.419517 0.182682 0.068412 0.113422 
0.390057 0.480834 0.141646 0.082932 0.091877 0.109623 0.198204 0.309354 0.416642 0.471250 
0.239131 0.264502 0.439410 0.417050 0.383519 0.265102 0.184738 0.165994 0.108314 0.068786 
0.212449 0.797898 0.638599 0.418402 0.142891 0.107528 0.739468 0.484016 0.529564 0.189431 
0.335070 0.398173 0.132173 0.200071 0.293352 0.210352 0.398196 0.417335 0.069720 0.173421 
0.285925 0.515919 0.279854 0.108650 0.066270 0.078515 0.204062 0.372828 0.438752 0.398331 
0.104844 0.113817 0.248943 0.589172 0.781750 0.443085 0.234009 0.097948 0.060147 0.107077 
0.593966 0.679458 0.528524 0.196952 0.124562 0.107740 0.236255 0.214658 0.435308 0.292089 
0.325830 0.306560 0.057276 0.173835 0.345895 0.078367 0.165093 0.396213 0.109968 0.279137 
0.196769 0.404778 0.182013 0.061029 0.024364 0.032526 0.359253 0.263290 0.292725 0.129249 
0.045334 0.040924 0.169779 0.555626 0.574259 0.454798 0.268990 0.138084 0.146353 0.378899 
0.680917 0.570460 0.500189 0.155078 0.095047 0.124899 0.603933 0.366754 0.321443 0.289865 
0.463763 0.536461 0.049449 0.110612 0.650412 0.237771 0.193176 0.359797 0.109114 0.150504 
0.229559 0.186296 0.156377 0.123667 0.035982 0.030575 0.521474 0.419964 0.210996 0.051648 
0.018097 0.045757 0.190053 0.159595 0.082231 0.092618 0.184315 0.263044 0.155179 0.180502 
0.447488 0.229288 0.212627 0.207045 0.310682 0.306864 0.353610 0.523647 0.123287 0.074174 
0.457221 0.478418 0.149259 0.106228 0.194439 0.350137 0.439398 0.331100 0.108040 0.140433 
0.149331 0.201967 0.188117 0.580189 0.211760 0.048011 0.295083 0.254421 0.164870 0.060533 
0.156800 0.236551 0.155188 0.037739 0.055298 0.112475 0.199627 0.303358 0.329685 0.120969 
0.228309 0.253266 0.138978 0.459269 0.306087 0.179992 0.393775 0.398063 0.188212 0.041417 
0.339824 0.321905 0.195438 0.148854 0.114063 0.181809 0.488686 0.114396 0.174914 0.197656 
0.205835 0.132692 0.278276 0.730333 0.232131 0.033952 0.144688 0.215087 0.182618 0.118192 
0.325300 0.424517 0.193456 0.057604 0.051712 0.163073 0.249770 0.480968 0.340253 0.121000 
0.382612 0.190885 0.217235 0.641778 0.431421 0.332803 0.205496 0.194992 0.156357 0.074000 
0.316803 0.203743 0.259145 0.245123 0.185999 0.374248 0.439968 0.164672 0.252965 0.345290 
0.192742 0.067729 0.213064 0.464227 0.330155 0.132236 0.146621 0.174574 0.262801 0.165550 
0.316992 0.438723 0.155928 0.374814 0.069402 0.179980 0.465030 0.409463 0.082765 0.128606 
0.390677 0.264791 0.331736 0.506652 0.557111 0.338258 0.162739 0.187982 0.077104 0.072955 
0.405194 0.323486 0.150818 0.123186 0.249848 0.442411 0.360729 0.137875 0.188571 0.442734 
0.091062 0.080006 0.192892 0.467620 0.594644 0.308099 0.153126 0.065346 0.141858 0.362085 
0.126819 0.262737 0.297931 0.345737 0.171872 0.167103 0.451054 0.581204 0.202480 0.089741 
0.157311 0.423119 0.772841 0.472439 0.373166 0.365788 0.089864 0.124072 0.092475 0.106610 
0.236915 0.328022 0.132155 0.081557 0.188375 0.369557 0.105235 0.096745 0.199134 0.413858 
0.072897 0.059540 0.099001 0.239648 0.543385 0.310142 0.123033 0.115239 0.454531 0.467010 
0.219947 0.289533 0.624554 0.258009 0.315073 0.139764 0.219548 0.273457 0.173706 0.109515 
0.126939 0.195158 0.297906 0.419969 0.426589 0.403303 0.158456 0.042540 0.090753 0.143882 
0.174010 0.310603 0.190130 0.159683 0.206685 0.237854 0.059558 0.174988 0.331696 0.451536 
0.222780 0.145029 0.132157 0.186789 0.330404 0.190291 0.146403 0.144917 0.362953 0.405168 
0.249899 0.396779 0.502364 0.140203 0.252654 0.370816 0.273816 0.211275 0.131526 0.118876 
0.092557 0.285566 0.210459 0.301694 0.667615 0.661060 0.285848 0.041221 0.150995 0.195029 
0.166799 0.250321 0.416888 0.379155 0.266787 0.175251 0.060733 0.175644 0.328627 0.198992 
0.204655 0.105528 0.122686 0.245876 0.216780 0.276003 0.296540 0.171489 0.370023 0.424026 
0.348747 0.468326 0.349700 0.084260 0.165600 0.248800 0.103022 0.223961 0.420528 0.594844 
0.318262 0.347782 0.126879 0.137561 0.879733 0.896169 0.316568 0.088941 0.109577 0.502627 
0.214605 0.311791 0.319325 0.259958 0.168569 0.086814 0.060297 0.159822 0.503635 0.145498 
0.139114 0.058968 0.100172 0.208444 0.286252 0.582638 0.535967 0.193518 0.371347 0.472444 
0.261441 0.378844 0.307184 0.042598 0.260282 0.469542 0.174501 0.247783 0.520977 0.633026 
0.442256 0.336662 0.145239 0.194672 0.713748 0.683494 0.403354 0.170407 0.139362 0.375175 
0.290946 0.294977 0.171884 0.320607 0.293976 0.101597 0.067833 0.217179 0.752150 0.204665 
0.166176 0.129826 0.105735 0.117652 0.345618 0.567854 0.520404 0.305051 0.326037 0.419537 
0.298916 0.372405 0.460313 0.322495 0.360478 0.530437 0.326654 0.346317 0.463637 0.625545 
0.420776 0.364696 0.279659 0.344219 0.594279 0.497648 0.415281 0.307186 0.274537 0.458413 
0.580012 0.353636 0.432714 0.426040 0.384795 0.401344 0.431984 0.492345 0.414037 0.404827 
0.373473 0.309081 0.322291 0.452796 0.635208 0.397885 0.496101 0.417449 0.360296 0.370864 
0.326306 0.364682 0.387105 0.359371 0.364532 0.388494 0.463958 0.419970 0.317764 0.398242 
0.546932 0.428698 0.454725 0.389468 0.389764 0.381814 0.349046 0.314525 0.228166 0.395224 
0.592246 0.248982 0.265990 0.248263 0.244284 0.272558 0.362682 0.446828 0.338705 0.291875 
0.267916 0.265973 0.307000 0.428469 0.620489 0.474133 0.423438 0.396192 0.374992 0.311724 
0.283141 0.311250 0.324626 0.307081 0.353006 0.363167 0.396219 0.364466 0.269197 0.309775 
0.440402 0.423940 0.375421 0.356760 0.333481 0.326565 0.268389 0.228674 0.205144 0.364901 
0.491726 0.245041 0.166108 0.180085 0.291783 0.322069 0.390830 0.291261 0.301703 0.250954 
0.210712 0.263156 0.289051 0.399653 0.449025 0.459408 0.313488 0.308354 0.313917 0.303959 
0.286241 0.287770 0.290949 0.278203 0.312467 0.306098 0.289383 0.251843 0.259123 0.303530 
0.305360 0.298056 0.284519 0.307855 0.291129 0.339042 0.266340 0.190391 0.225432 0.362052 
0.547961 0.342770 0.183919 0.285372 0.776632 0.557875 0.405170 0.377299 0.336691 0.286307 
0.257367 0.333153 0.457961 0.584053 0.391070 0.452350 0.390342 0.358406 0.378634 0.406011 
0.332844 0.293533 0.318930 0.348362 0.320437 0.324280 0.297457 0.328891 0.356843 0.345528 
0.343667 0.324990 0.358420 0.348203 0.375454 0.384343 0.279330 0.243640 0.275488 0.443414 
0.562487 0.351482 0.203307 0.303819 0.720134 0.497756 0.404365 0.394792 0.298551 0.393032 
0.342538 0.324634 0.497752 0.524388 0.318858 0.335709 0.323306 0.330572 0.395561 0.373366 
0.424237 0.351359 0.340279 0.359822 0.356497 0.390534 0.350668 0.365546 0.373924 0.358930 
0.380128 0.390679 0.402952 0.394934 0.390680 0.349220 0.270050 0.263707 0.303963 0.441668 
0.536858 0.340898 0.209756 0.216296 0.358172 0.401193 0.384914 0.265038 0.278171 0.434475 
0.350087 0.390164 0.557014 0.483329 0.377047 0.287726 0.278336 0.348487 0.342130 0.393199 
0.485032 0.315961 0.258483 0.262262 0.339158 0.588925 0.476184 0.358636 0.321987 0.358190 
0.388201 0.402850 0.360255 0.373452 0.345766 0.293138 0.270638 0.238747 0.274283 0.422026 
0.563415 0.363809 0.233996 0.226295 0.235894 0.328262 0.298127 0.276630 0.284723 0.307507 
0.292228 0.423080 0.689054 0.435106 0.382492 0.271890 0.305537 0.328809 0.336957 0.417079 
0.411837 0.328285 0.244896 0.225704 0.321381 0.579202 0.435566 0.314702 0.269757 0.377863 
0.376326 0.401279 0.364889 0.359350 0.328134 0.303916 0.296404 0.248467 0.294566 0.410400 
0.557627 0.414896 0.324696 0.337639 0.274819 0.301514 0.260580 0.298946 0.298441 0.216190 
0.307005 0.448812 0.516481 0.331693 0.311161 0.258096 0.309182 0.321553 0.388994 0.370568 
0.337953 0.355006 0.351413 0.296929 0.403131 0.394756 0.377549 0.308737 0.299510 0.330569 
0.359754 0.365339 0.356925 0.364690 0.339193 0.311309 0.315367 0.312579 0.297981 0.368682 
0.544060 0.485553 0.345214 0.376585 0.360039 0.332743 0.294534 0.364014 0.329646 0.283653 
0.357994 0.437356 0.388159 0.297434 0.267078 0.327962 0.358783 0.328590 0.331481 0.315987 
0.312936 0.378803 0.496477 0.425473 0.431119 0.338834 0.331065 0.371279 0.375520 0.346958 
0.339317 0.342543 0.352341 0.358752 0.331585 0.351022 0.369708 0.300111 0.284046 0.371758 
0.540426 0.478346 0.287750 0.273728 0.334620 0.353450 0.298618 0.307716 0.309274 0.342283 
0.514648 0.440832 0.335525 0.279525 0.224192 0.268150 0.304321 0.342334 0.334357 0.296852 
0.259893 0.267458 0.397175 0.477968 0.337699 0.261224 0.286640 0.425381 0.382081 0.349394 
0.335338 0.317324 0.331130 0.343695 0.330373 0.344254 0.351464 0.255265 0.255041 0.357663 
0.556589 0.420895 0.235422 0.248994 0.289539 0.350519 0.305433 0.304546 0.291515 0.368819 
0.550721 0.322212 0.297986 0.305348 0.198237 0.131419 0.208830 0.390496 0.526859 0.465307 
0.270847 0.250227 0.330409 0.366858 0.286257 0.263635 0.325802 0.441839 0.403238 0.398765 
0.378011 0.341367 0.313440 0.316536 0.335528 0.313657 0.279109 0.233589 0.275294 0.332809 
0.586381 0.387035 0.256394 0.245174 0.284408 0.324710 0.327474 0.431814 0.325026 0.306509 
0.296088 0.290985 0.276056 0.292887 0.300308 0.139665 0.174964 0.289579 0.525872 0.488616 
0.303813 0.260952 0.329011 0.299889 0.297665 0.349762 0.451395 0.406559 0.412569 0.459832 
0.497220 0.398118 0.316071 0.292114 0.320617 0.285789 0.274563 0.273203 0.378974 0.393843 
0.585579 0.412347 0.266222 0.290279 0.310460 0.271113 0.336157 0.424658 0.339085 0.279954 
0.290970 0.309470 0.181890 0.076217 0.833471 0.914747 0.516956 0.273520 0.301972 0.322125 
0.342715 0.316983 0.320358 0.300501 0.347015 0.409627 0.467659 0.344784 0.334094 0.469548 
0.512253 0.438912 0.345568 0.285672 0.311801 0.289647 0.262199 0.285310 0.470591 0.469096 
0.600084 0.395557 0.241551 0.317417 0.316010 0.244197 0.352606 0.479227 0.451660 0.348384 
0.411975 0.262718 0.074385 0.048720 0.655896 0.799233 0.896962 0.442092 0.143590 0.240280 
0.332438 0.358299 0.317132 0.322172 0.359996 0.364744 0.365470 0.350430 0.320745 0.382652 
0.400368 0.433482 0.377667 0.308306 0.348268 0.279826 0.226825 0.285435 0.543138 0.541097 
0.574748 0.410746 0.251587 0.244013 0.269684 0.238962 0.354430 0.553290 0.532361 0.361703 
0.418454 0.236454 0.128280 0.122251 0.555042 0.571334 0.785217 0.287542 0.118431 0.190838 
0.313168 0.404899 0.333201 0.314123 0.348840 0.366167 0.370855 0.359217 0.349312 0.333759 
0.344976 0.404091 0.397154 0.367302 0.410521 0.286901 0.229943 0.330298 0.620769 0.589171 
0.620472 0.365066 0.221408 0.205851 0.252903 0.245229 0.281610 0.324421 0.430284 0.324380 
0.274402 0.252917 0.230792 0.285174 0.262676 0.573707 0.597874 0.383228 0.240285 0.273659 
0.334122 0.324172 0.282195 0.269015 0.310922 0.321589 0.336048 0.368107 0.489720 0.435877 
0.335951 0.335632 0.386869 0.358700 0.390931 0.354321 0.273492 0.368107 0.584059 0.550613 
0.601799 0.354010 0.206470 0.229048 0.326319 0.267042 0.262935 0.357969 0.472696 0.333019 
0.288101 0.330229 0.284571 0.288085 0.304646 0.363602 0.343856 0.428932 0.532165 0.419894 
0.367096 0.309249 0.323242 0.333122 0.369178 0.296271 0.296347 0.379192 0.614719 0.586016 
0.334304 0.282871 0.294203 0.312985 0.346794 0.365908 0.312733 0.387676 0.401769 0.484263 
0.568348 0.337118 0.267156 0.275036 0.373546 0.297567 0.239124 0.374128 0.361417 0.331363 
0.400050 0.391994 0.295418 0.256799 0.277345 0.271314 0.235284 0.317642 0.513878 0.423136 
0.308995 0.323371 0.350713 0.358770 0.335497 0.290065 0.333338 0.414658 0.520219 0.525326 
0.334834 0.262035 0.246419 0.271979 0.289972 0.312757 0.292387 0.303874 0.281705 0.393055 
0.564861 0.351167 0.214840 0.280172 0.390349 0.349918 0.203080 0.188650 0.219531 0.325574 
0.435033 0.367470 0.324430 0.309068 0.330825 0.289731 0.258440 0.348657 0.473881 0.492465 
0.298668 0.269518 0.278989 0.319356 0.337278 0.320356 0.347825 0.367454 0.387947 0.417445 
0.408079 0.327581 0.291420 0.290077 0.297864 0.320008 0.303243 0.242869 0.235442 0.317149 
0.532203 0.315616 0.212380 0.264977 0.307150 0.336445 0.170257 0.134352 0.201047 0.304075 
0.342675 0.328038 0.351930 0.349794 0.364269 0.312629 0.294015 0.432058 0.441406 0.456629 
0.363908 0.287162 0.250745 0.287548 0.350026 0.334752 0.304051 0.284148 0.298797 0.418728 
0.457840 0.382817 0.331165 0.337061 0.358909 0.383315 0.343957 0.245035 0.265209 0.336225 
0.496847 0.260909 0.235962 0.152349 0.177410 0.345778 0.427903 0.266828 0.208180 0.239814 
0.290645 0.307590 0.319089 0.355463 0.306964 0.294452 0.316240 0.363108 0.394361 0.409211 
0.458392 0.322867 0.288263 0.305408 0.331866 0.347228 0.322005 0.260559 0.293717 0.362840 
0.372484 0.369025 0.358656 0.325195 0.364285 0.426973 0.384980 0.265857 0.258787 0.342630 
0.784771 0.620196 0.196491 0.079078 0.325485 0.629000 0.366625 0.665613 0.658113 0.321149 
0.220576 0.295475 0.304118 0.336875 0.278158 0.286877 0.329107 0.412643 0.440293 0.428149 
0.382742 0.313088 0.328504 0.311376 0.330833 0.344949 0.309404 0.305881 0.316001 0.306497 
0.315410 0.399234 0.404904 0.302835 0.320267 0.356434 0.377723 0.281642 0.220603 0.317129 
0.875869 0.901314 0.195908 0.404665 0.734636 0.193081 0.034262 0.196765 0.848972 0.525278 
0.113520 0.244244 0.253203 0.310630 0.294241 0.267479 0.319095 0.447398 0.350716 0.364295 
0.341106 0.372868 0.355241 0.316048 0.306469 0.300629 0.329792 0.348147 0.317091 0.304145 
0.310892 0.348282 0.344358 0.250352 0.253498 0.299823 0.307611 0.247222 0.197045 0.263172 
0.633356 0.745355 0.328576 0.559926 0.305721 0.172305 0.081410 0.133818 0.727929 0.736656 
0.245263 0.282617 0.232022 0.302358 0.325635 0.335947 0.324383 0.302912 0.273703 0.299527 
0.346514 0.446413 0.384342 0.345329 0.324652 0.333957 0.389342 0.363543 0.329261 0.340912 
0.339351 0.321209 0.287553 0.237188 0.235839 0.256917 0.258162 0.171233 0.240243 0.368251 
0.617553 0.859015 0.454517 0.652208 0.333036 0.677719 0.196815 0.219605 0.526252 0.832068 
0.788704 0.415216 0.181463 0.275581 0.391657 0.419217 0.327270 0.275736 0.289566 0.323138 
0.339240 0.447972 0.348627 0.305474 0.336212 0.388016 0.372895 0.375834 0.355577 0.328660 
0.292985 0.267081 0.227596 0.205007 0.156569 0.119472 0.105668 0.096594 0.667613 0.666590 
0.619528 0.483445 0.332024 0.464477 0.255876 0.644697 0.438856 0.356420 0.252901 0.642885 
0.818404 0.649640 0.209544 0.273885 0.399710 0.399840 0.304228 0.329899 0.325883 0.316091 
0.345757 0.508544 0.454316 0.401076 0.391966 0.427288 0.380130 0.292209 0.267323 0.316445 
0.356661 0.299319 0.154904 0.154884 0.107193 0.088307 0.072471 0.705615 0.811440 0.440801 
0.372612 0.301198 0.161976 0.505111 0.543575 0.590036 0.273067 0.274300 0.248108 0.451093 
0.502924 0.732371 0.169731 0.208416 0.279234 0.326863 0.326001 0.416490 0.215033 0.243289 
0.240635 0.277547 0.324392 0.388227 0.354247 0.318020 0.304664 0.209692 0.170228 0.242462 
0.305831 0.259922 0.203804 0.309138 0.128266 0.112279 0.402887 0.876043 0.543422 0.177140 
0.263549 0.420862 0.111835 0.651199 0.457201 0.465732 0.480352 0.217905 0.126521 0.255656 
0.570880 0.799996 0.128835 0.191818 0.200646 0.210008 0.290854 0.447045 0.368049 0.299264 
0.120862 0.135224 0.165337 0.144666 0.149693 0.182599 0.206711 0.198153 0.134212 0.086538 
0.110754 0.424351 0.780201 0.511662 0.403658 0.129537 0.321868 0.763817 0.501119 0.263934 
0.371866 0.520438 0.247900 0.662515 0.254204 0.696339 0.553966 0.484605 0.103436 0.591771 
0.720088 0.817043 0.088269 0.198252 0.124518 0.145780 0.136491 0.837586 0.974307 0.735797 
0.133120 0.130708 0.136553 0.295360 0.337729 0.174779 0.158685 0.118282 0.062650 0.039726 
0.241089 0.866305 0.685613 0.123519 0.530293 0.514580 0.297126 0.600189 0.751817 0.547881 
0.507799 0.566082 0.418910 0.358951 0.195186 0.546763 0.746844 0.684333 0.246563 0.565914 
0.527184 0.864209 0.069703 0.108454 0.074590 0.101232 0.108039 0.936418 0.983672 0.724048 
0.057446 0.061682 0.198924 0.835758 0.865962 0.456106 0.124100 0.038192 0.260323 0.758153 
0.618608 0.851519 0.317869 0.075353 0.526535 0.756674 0.518659 0.101813 0.117943 0.495758 
0.544435 0.539855 0.275310 0.194367 0.314528 0.377656 0.680879 0.590342 0.428950 0.450695 
0.699203 0.939373 0.147180 0.199641 0.138921 0.064318 0.349188 0.956571 0.837540 0.512657 
0.157488 0.245866 0.742279 0.650156 0.271116 0.761712 0.324986 0.115803 0.690010 0.838077 
0.742032 0.612019 0.099383 0.080224 0.281427 0.542694 0.709158 0.089439 0.042434 0.109825 
0.354543 0.403694 0.117591 0.128852 0.280831 0.332573 0.514410 0.623582 0.723577 0.150841 
0.822725 0.742589 0.259366 0.562684 0.464723 0.095952 0.554687 0.907955 0.466996 0.268389 
0.373792 0.522680 0.656820 0.099599 0.148838 0.715451 0.514855 0.541581 0.762853 0.557100 
0.692029 0.402706 0.232716 0.238996 0.087421 0.462287 0.656752 0.168460 0.174566 0.078154 
0.326603 0.492915 0.445171 0.215560 0.166470 0.285485 0.479903 0.301556 0.646233 0.378922 
0.770238 0.749827 0.688829 0.599685 0.553835 0.285013 0.315965 0.751725 0.259846 0.397724 
0.482587 0.677444 0.214188 0.257294 0.232340 0.806928 0.740030 0.598088 0.637624 0.860139 
0.260984 0.205302 0.708738 0.644504 0.223919 0.368807 0.496688 0.225122 0.136924 0.093700 
0.309726 0.437945 0.594662 0.212121 0.097144 0.277546 0.395463 0.594975 0.249629 0.284331 
0.431505 0.269901 0.607208 0.385976 0.482963 0.359983 0.653320 0.767748 0.479397 0.707469 
0.815825 0.821972 0.133981 0.277640 0.503148 0.564079 0.759071 0.341285 0.134999 0.386236 
0.084712 0.277819 0.619475 0.601702 0.421993 0.207897 0.205010 0.170070 0.095415 0.200496 
0.400180 0.538951 0.217819 0.202775 0.130604 0.323900 0.303835 0.280397 0.404756 0.230490 
0.291629 0.316509 0.248148 0.134154 0.253531 0.692565 0.515102 0.373551 0.143497 0.204358 
0.645737 0.388930 0.319927 0.144179 0.682695 0.351597 0.660201 0.529646 0.092929 0.080418 
0.128359 0.337813 0.255075 0.277483 0.512613 0.489547 0.314165 0.207530 0.093407 0.219622 
0.433975 0.602224 0.199877 0.311424 0.382922 0.533631 0.141801 0.167418 0.422187 0.295653 
0.298385 0.530213 0.224744 0.086373 0.191533 0.409064 0.555749 0.307430 0.305155 0.176312 
0.417066 0.395064 0.598634 0.386204 0.470844 0.260026 0.349975 0.525555 0.506161 0.247896 
0.313292 0.581366 0.149138 0.379401 0.774255 0.772719 0.293631 0.060935 0.052390 0.691681 
0.280964 0.535272 0.541846 0.628582 0.508676 0.439646 0.135585 0.201869 0.474917 0.343793 
0.471550 0.394923 0.253041 0.110863 0.127675 0.079487 0.119667 0.421914 0.482417 0.191264 
0.154189 0.130260 0.168423 0.297159 0.308831 0.327510 0.508519 0.367042 0.340345 0.264120 
0.538148 0.557640 0.105629 0.510098 0.829372 0.824113 0.516047 0.144960 0.110524 0.829120 
0.257653 0.580046 0.521555 0.454911 0.601991 0.283222 0.146053 0.213098 0.887990 0.656400 
0.627042 0.403120 0.184371 0.250144 0.087813 0.129423 0.266587 0.106288 0.180920 0.200431 
0.106291 0.099982 0.080942 0.144813 0.440857 0.799050 0.212703 0.125343 0.214602 0.870170 
0.759711 0.501663 0.279825 0.254525 0.565385 0.804315 0.491259 0.303408 0.185075 0.645490 
0.157408 0.405197 0.371869 0.291172 0.791472 0.219715 0.032987 0.281207 0.979418 0.675308 
0.213210 0.304389 0.195972 0.218464 0.195096 0.313736 0.313138 0.183095 0.344029 0.411990 
0.188108 0.264824 0.249728 0.344311 0.515199 0.871121 0.196201 0.259577 0.359778 0.783113 
0.670372 0.407830 0.518416 0.112809 0.230863 0.297464 0.235397 0.120192 0.078673 0.366498 
0.383481 0.438865 0.208977 0.397517 0.734925 0.253023 0.046740 0.726393 0.971926 0.761057 
0.244088 0.448655 0.273940 0.192892 0.572178 0.376605 0.308995 0.440064 0.443435 0.563491 
0.652044 0.404262 0.347208 0.289496 0.211331 0.463318 0.172912 0.198552 0.147237 0.320675 
0.298502 0.254489 0.316525 0.162625 0.148256 0.137633 0.128638 0.086299 0.083079 0.396868 
0.687440 0.637501 0.680053 0.646126 0.669069 0.640629 0.638101 0.673122 0.664603 0.634948 
0.635762 0.636394 0.646392 0.605074 0.595627 0.654583 0.652608 0.635943 0.662789 0.631689 
0.606001 0.583172 0.595763 0.604401 0.602275 0.601009 0.586294 0.587093 0.611277 0.616190 
0.571567 0.586647 0.591649 0.628836 0.635178 0.619702 0.621194 0.613434 0.557204 0.585728 
0.367934 0.525834 0.590166 0.536934 0.651842 0.646577 0.584481 0.577106 0.636140 0.625471 
0.614039 0.617978 0.623983 0.644387 0.567454 0.644630 0.594166 0.618254 0.653853 0.636053 
0.631629 0.634747 0.650438 0.648270 0.633306 0.640266 0.592745 0.607848 0.670042 0.645270 
0.531593 0.627241 0.650893 0.638872 0.681046 0.693408 0.667406 0.605297 0.590782 0.602784 
0.289743 0.361127 0.404300 0.425098 0.500246 0.544244 0.426202 0.386690 0.444107 0.456702 
0.388651 0.380647 0.343974 0.512941 0.490746 0.531625 0.454087 0.426842 0.439355 0.476218 
0.458300 0.461549 0.517367 0.494023 0.468488 0.469246 0.477176 0.460371 0.463424 0.482622 
0.506301 0.493203 0.464553 0.410616 0.425046 0.425708 0.419905 0.427536 0.444122 0.451316 
0.287660 0.332380 0.319064 0.278522 0.365019 0.403037 0.367021 0.409783 0.439617 0.489110 
0.420640 0.369016 0.369935 0.499922 0.414943 0.484300 0.458615 0.425980 0.445794 0.411236 
0.449270 0.456968 0.457680 0.507995 0.484407 0.469716 0.505741 0.514151 0.447276 0.436158 
0.438821 0.446482 0.444575 0.451023 0.442237 0.412381 0.398318 0.434537 0.448683 0.417003 
0.275666 0.327003 0.391768 0.231377 0.161357 0.217084 0.412534 0.474628 0.387853 0.482511 
0.467572 0.429541 0.440610 0.425500 0.431617 0.479406 0.432132 0.445821 0.437402 0.444978 
0.472350 0.466271 0.436863 0.469402 0.455406 0.457810 0.489569 0.495862 0.512066 0.491995 
0.446189 0.430681 0.466804 0.518363 0.514246 0.489542 0.441009 0.435563 0.476813 0.438808 
0.259299 0.322624 0.477164 0.490038 0.378168 0.391872 0.497231 0.434739 0.345244 0.370937 
0.378163 0.429079 0.474429 0.402235 0.447365 0.447825 0.444020 0.470867 0.452056 0.439907 
0.419789 0.446689 0.497894 0.440228 0.409688 0.427077 0.462178 0.459006 0.453495 0.490977 
0.472291 0.448947 0.449879 0.468012 0.478371 0.483161 0.446168 0.416412 0.460851 0.453200 
0.277077 0.319004 0.427023 0.490911 0.540345 0.468816 0.405393 0.449162 0.455303 0.373633 
0.417450 0.394631 0.403043 0.357908 0.444270 0.402182 0.427761 0.426303 0.416638 0.384001 
0.408381 0.428168 0.493827 0.524494 0.480840 0.397541 0.425683 0.493600 0.448429 0.441601 
0.484346 0.470910 0.426089 0.465984 0.482244 0.440511 0.431258 0.440807 0.469565 0.462782 
0.302195 0.303165 0.375862 0.395565 0.409821 0.418339 0.385613 0.436985 0.487839 0.415480 
0.445165 0.456313 0.447890 0.433210 0.480200 0.458144 0.440408 0.415592 0.484130 0.473827 
0.426338 0.396182 0.430540 0.488163 0.512450 0.467207 0.428791 0.474525 0.476106 0.443374 
0.448549 0.476017 0.448966 0.460686 0.461751 0.444566 0.446872 0.452499 0.477083 0.455681 
0.368567 0.393202 0.353526 0.330476 0.330263 0.414717 0.420000 0.419714 0.436842 0.438716 
0.461968 0.431740 0.487392 0.489576 0.487964 0.491238 0.497559 0.447658 0.497552 0.562593 
0.512309 0.448137 0.421134 0.429957 0.433215 0.444018 0.404511 0.438448 0.474621 0.461434 
0.434686 0.500069 0.518359 0.476151 0.471840 0.505890 0.468339 0.416212 0.492353 0.480328 
0.336332 0.376040 0.381119 0.393243 0.420955 0.462260 0.413371 0.431459 0.420850 0.388752 
0.423262 0.399616 0.434528 0.430267 0.441216 0.463792 0.453935 0.438823 0.435551 0.494704 
0.486457 0.443175 0.425337 0.431997 0.436578 0.461877 0.457117 0.454969 0.454712 0.471158 
0.460949 0.483913 0.469991 0.455177 0.453189 0.488773 0.430974 0.393505 0.512609 0.495416 
0.322192 0.352551 0.415499 0.416863 0.421917 0.479326 0.425016 0.452282 0.475836 0.470469 
0.450270 0.427795 0.456628 0.510517 0.571206 0.555363 0.514901 0.429316 0.378826 0.398999 
0.441068 0.467277 0.515519 0.467482 0.488339 0.507261 0.480921 0.476372 0.477203 0.496984 
0.459651 0.487455 0.455727 0.428463 0.484914 0.500060 0.460791 0.427665 0.529394 0.466061 
0.340227 0.383046 0.407393 0.424644 0.419869 0.446663 0.403167 0.414376 0.477269 0.506056 
0.475765 0.519222 0.507263 0.468940 0.547986 0.546725 0.606559 0.562935 0.416705 0.378224 
0.423321 0.447247 0.454395 0.447062 0.486500 0.525619 0.478104 0.399511 0.394105 0.451344 
0.454197 0.476927 0.480045 0.448933 0.467644 0.461298 0.480581 0.416182 0.513858 0.445601 
0.341359 0.382656 0.372676 0.422679 0.397490 0.424346 0.417025 0.375520 0.394605 0.427225 
0.482116 0.521420 0.604523 0.617686 0.671851 0.216648 0.426131 0.584794 0.523512 0.496467 
0.461699 0.486469 0.493559 0.482253 0.394844 0.406671 0.490357 0.437685 0.398262 0.459679 
0.435031 0.426767 0.493455 0.469318 0.474192 0.417763 0.439579 0.405321 0.500308 0.428866 
0.304855 0.381941 0.373755 0.388824 0.399064 0.431260 0.459206 0.452887 0.438607 0.409516 
0.466271 0.453125 0.447952 0.199698 0.352017 0.320048 0.189526 0.340972 0.366893 0.482535 
0.495581 0.493009 0.495391 0.510867 0.425470 0.401403 0.464542 0.493401 0.486175 0.490307 
0.432310 0.419965 0.465598 0.472953 0.466068 0.402526 0.446610 0.394888 0.477052 0.371052 
0.293944 0.391319 0.465384 0.423395 0.472023 0.509374 0.396564 0.402827 0.472180 0.456703 
0.450717 0.401944 0.501463 0.318107 0.126453 0.521007 0.188203 0.174782 0.262778 0.448050 
0.482818 0.500539 0.520742 0.502688 0.550822 0.505125 0.499826 0.499596 0.510595 0.527183 
0.500802 0.444672 0.446929 0.475722 0.473296 0.371934 0.422804 0.373575 0.437077 0.356768 
0.358057 0.453338 0.479127 0.438711 0.460751 0.482047 0.412025 0.347683 0.469348 0.484561 
0.396486 0.369430 0.435250 0.540674 0.500921 0.546075 0.241940 0.329875 0.347243 0.453107 
0.444471 0.419906 0.445865 0.473488 0.465487 0.434932 0.467008 0.451551 0.413914 0.431093 
0.493098 0.455506 0.439029 0.400185 0.421990 0.413320 0.431635 0.397094 0.433347 0.401277 
0.330836 0.343731 0.426271 0.399782 0.452182 0.478670 0.459594 0.477015 0.492228 0.491282 
0.429687 0.364373 0.422895 0.518697 0.619592 0.686694 0.599042 0.550917 0.372662 0.403256 
0.480623 0.470507 0.445059 0.436569 0.443190 0.409890 0.429350 0.421972 0.393320 0.365752 
0.451482 0.513597 0.485768 0.465413 0.511536 0.483159 0.499306 0.509813 0.506377 0.431900 
0.311479 0.351033 0.441730 0.403122 0.426631 0.466245 0.492448 0.488848 0.470624 0.492576 
0.493508 0.454064 0.466666 0.494511 0.513060 0.556494 0.568640 0.517137 0.455978 0.423367 
0.460133 0.490505 0.501767 0.474725 0.467481 0.454709 0.487202 0.497399 0.477390 0.436445 
0.479707 0.495512 0.494989 0.512826 0.493282 0.496714 0.462638 0.480220 0.534513 0.510724 
0.341506 0.372509 0.414363 0.393189 0.412352 0.480849 0.503232 0.440659 0.433824 0.484973 
0.486909 0.476962 0.473674 0.438350 0.440372 0.436793 0.493134 0.508206 0.523382 0.486477 
0.483562 0.480354 0.482639 0.471920 0.518991 0.495597 0.462727 0.508167 0.489076 0.481968 
0.463318 0.478886 0.464874 0.483782 0.444399 0.449772 0.426760 0.444408 0.483572 0.462996 
0.351037 0.406107 0.484728 0.439693 0.398987 0.474987 0.542526 0.472192 0.468090 0.499402 
0.485604 0.459662 0.479656 0.494105 0.435586 0.439106 0.459153 0.436780 0.419067 0.400749 
0.470883 0.471559 0.448766 0.434585 0.451940 0.483639 0.472209 0.472320 0.482018 0.447527 
0.447660 0.463042 0.438536 0.462425 0.454484 0.438666 0.390134 0.385392 0.454936 0.434914 
0.393606 0.476138 0.627055 0.554747 0.503691 0.485506 0.577660 0.570142 0.586004 0.576800 
0.483884 0.476688 0.494605 0.537554 0.468929 0.471327 0.474720 0.469972 0.500943 0.444750 
0.422846 0.448317 0.482919 0.460773 0.453089 0.473238 0.521820 0.495004 0.464076 0.431337 
0.438064 0.515932 0.492469 0.461187 0.496512 0.521627 0.434479 0.445594 0.486636 0.525232 
0.453700 0.539032 0.760050 0.797858 0.667849 0.721432 0.610377 0.664474 0.580008 0.658897 
0.522623 0.522853 0.463839 0.480001 0.466741 0.477896 0.463885 0.508013 0.532215 0.537904 
0.463277 0.443592 0.513305 0.484576 0.470650 0.466791 0.459179 0.478330 0.484351 0.499837 
0.544145 0.532125 0.534782 0.499814 0.510053 0.553440 0.579378 0.579979 0.523542 0.531111 
0.351059 0.428048 0.577715 0.358206 0.569786 0.582902 0.630578 0.797859 0.442573 0.363761 
0.417406 0.498744 0.445350 0.431676 0.428610 0.475440 0.452678 0.401924 0.391001 0.497148 
0.487495 0.424800 0.462487 0.466238 0.479170 0.454166 0.417998 0.450789 0.497577 0.523035 
0.484131 0.447935 0.464774 0.478005 0.500279 0.508500 0.546399 0.585188 0.533877 0.423749 
0.508819 0.287001 0.253763 0.278572 0.328430 0.224052 0.365276 0.270235 0.363853 0.239265 
0.294038 0.540810 0.438447 0.453978 0.454860 0.515507 0.502967 0.462642 0.422486 0.452917 
0.461094 0.453895 0.439777 0.475155 0.505952 0.490253 0.497810 0.493839 0.490052 0.472138 
0.470990 0.478454 0.460204 0.484434 0.493420 0.543436 0.551239 0.581567 0.615334 0.625963 
0.693224 0.730034 0.520390 0.762008 0.493838 0.534108 0.393271 0.557143 0.524473 0.591053 
0.210679 0.501279 0.463660 0.474177 0.447760 0.472860 0.435369 0.474543 0.456061 0.454902 
0.476629 0.516356 0.450619 0.462419 0.509751 0.483034 0.454004 0.478637 0.521331 0.514429 
0.471988 0.439852 0.421055 0.531232 0.543599 0.505604 0.462385 0.445080 0.645341 0.705630 
0.692644 0.514751 0.512486 0.703498 0.605090 0.679234 0.555557 0.541007 0.465210 0.683166 
0.283439 0.276888 0.225662 0.465885 0.436382 0.451205 0.469551 0.591996 0.617645 0.580334 
0.525775 0.612062 0.622291 0.588307 0.525258 0.537162 0.550422 0.548875 0.498885 0.515107 
0.571119 0.582461 0.547134 0.618698 0.642691 0.502409 0.360749 0.398477 0.626496 0.508684 
0.664759 0.657022 0.645111 0.567324 0.507596 0.541524 0.467159 0.491992 0.585376 0.792164 
0.463178 0.197888 0.119399 0.465521 0.534064 0.583976 0.606102 0.688466 0.639843 0.682095 
0.616358 0.587398 0.611607 0.616808 0.543751 0.538000 0.545217 0.549492 0.522011 0.646767 
0.724738 0.765325 0.539360 0.434929 0.501592 0.644636 0.448654 0.425741 0.671756 0.291115 
0.488610 0.698474 0.480910 0.309999 0.410249 0.451408 0.382205 0.365218 0.446022 0.686840 
0.486325 0.307893 0.140597 0.532214 0.577529 0.654226 0.681267 0.611259 0.391580 0.641451 
0.647622 0.679087 0.688473 0.653037 0.674806 0.637319 0.562576 0.630232 0.705577 0.731212 
0.777462 0.727314 0.738869 0.477361 0.371880 0.683130 0.744519 0.871250 0.356860 0.317719 
0.412491 0.521682 0.675504 0.676144 0.380778 0.446584 0.536761 0.599439 0.394431 0.723881 
0.599936 0.211143 0.108155 0.383828 0.485967 0.594851 0.546779 0.480315 0.373381 0.467595 
0.664487 0.779238 0.695872 0.597863 0.576197 0.690523 0.701233 0.571125 0.592134 0.472235 
0.497103 0.249312 0.839878 0.656543 0.432318 0.446788 0.381246 0.430400 0.630703 0.564221 
0.589004 0.552621 0.652346 0.736571 0.535625 0.354902 0.432598 0.250622 0.342172 0.382191 
0.454790 0.356358 0.316344 0.534303 0.617415 0.500094 0.177453 0.178280 0.268332 0.166598 
0.345667 0.524479 0.381835 0.466344 0.334672 0.475056 0.590834 0.460598 0.231451 0.194010 
0.118141 0.218653 0.433427 0.365372 0.275718 0.465250 0.584311 0.556729 0.620460 0.497330 
0.523411 0.576148 0.317800 0.315240 0.706623 0.548094 0.467324 0.452949 0.579227 0.599137 
0.657011 0.609404 0.466139 0.417456 0.525673 0.486352 0.113388 0.647235 0.612133 0.275414 
0.176872 0.214930 0.200450 0.536130 0.383007 0.216130 0.315211 0.180881 0.226381 0.229392 
0.307975 0.488369 0.378497 0.197924 0.146337 0.514245 0.314017 0.302263 0.548967 0.542430 
0.630134 0.593635 0.492827 0.469528 0.669018 0.638632 0.551973 0.398351 0.323265 0.273989 
0.388620 0.655854 0.315981 0.287547 0.222628 0.341862 0.180788 0.559705 0.565370 0.365005 
0.120748 0.152179 0.598986 0.307353 0.266503 0.467329 0.257718 0.208214 0.567645 0.272100 
0.347047 0.497934 0.510105 0.403746 0.261106 0.342744 0.398252 0.401467 0.516660 0.508186 
0.564994 0.477255 0.534828 0.425012 0.384640 0.561326 0.613937 0.561606 0.307987 0.506964 
0.753516 0.905960 0.850229 0.800103 0.551698 0.465796 0.470296 0.394574 0.413185 0.626049 
0.421180 0.370853 0.299592 0.273909 0.299007 0.469533 0.396588 0.180590 0.539683 0.757103 
0.215895 0.302449 0.474109 0.602110 0.697894 0.536107 0.610610 0.429707 0.492717 0.548513 
0.439112 0.394146 0.255433 0.265244 0.349194 0.457194 0.612442 0.543368 0.671745 0.779817 
0.859809 0.901358 0.825249 0.587534 0.564903 0.377243 0.684539 0.733089 0.506533 0.343473 
0.471854 0.696180 0.541809 0.227725 0.463938 0.521167 0.481249 0.399848 0.370122 0.465118 
0.640596 0.520359 0.313161 0.427332 0.744923 0.621270 0.526099 0.654782 0.595512 0.607689 
0.470010 0.527629 0.448635 0.473643 0.387412 0.518369 0.521449 0.483193 0.645987 0.565098 
0.625913 0.683772 0.434106 0.403066 0.415871 0.518139 0.557804 0.341787 0.286614 0.283954 
0.293547 0.387979 0.448769 0.238214 0.502901 0.556758 0.505826 0.400533 0.513536 0.469734 
0.723086 0.605220 0.260917 0.438432 0.490015 0.568234 0.539996 0.695045 0.610725 0.662751 
0.605002 0.703404 0.633598 0.508595 0.501804 0.502496 0.389101 0.501459 0.700667 0.519978 
0.482964 0.330282 0.181468 0.288542 0.438862 0.528827 0.322003 0.330582 0.680909 0.747237 
0.416240 0.311005 0.588067 0.865914 0.667969 0.438265 0.601525 0.618585 0.719918 0.431164 
0.534666 0.647895 0.593372 0.430360 0.317516 0.380170 0.338468 0.491866 0.499902 0.534835 
0.586664 0.651646 0.527214 0.271442 0.490266 0.479762 0.507661 0.438432 0.491281 0.509200 
0.441996 0.458331 0.292313 0.531358 0.562343 0.481836 0.461006 0.476795 0.640717 0.658186 
0.591466 0.558614 0.645373 0.601268 0.514683 0.648173 0.516954 0.567856 0.439551 0.463912 
0.516367 0.518883 0.589682 0.465366 0.463757 0.316299 0.421178 0.302437 0.269517 0.444257 
0.504430 0.588400 0.517271 0.222025 0.472389 0.714387 0.742206 0.497050 0.380189 0.313396 
0.462182 0.588560 0.511495 0.670787 0.490091 0.555586 0.708996 0.504770 0.285128 0.504794 
0.703505 0.633078 0.615228 0.612223 0.547033 0.801701 0.614669 0.438619 0.404564 0.701838 
0.653663 0.568515 0.645706 0.429081 0.385600 0.711984 0.735064 0.582884 0.562707 0.616880 
0.433729 0.509760 0.585648 0.484250 0.450967 0.434113 0.472430 0.240234 0.340019 0.255356 
0.300071 0.482083 0.592133 0.535539 0.419887 0.476690 0.541313 0.633259 0.651415 0.550501 
0.517951 0.609515 0.728219 0.711149 0.560992 0.853990 0.642583 0.732406 0.589646 0.565917 
0.706080 0.710912 0.806273 0.543045 0.577893 0.723204 0.637930 0.640598 0.677789 0.547783 
0.576394 0.661424 0.752824 0.747124 0.453690 0.471926 0.516707 0.415479 0.650541 0.560954 
0.611297 0.798062 0.849442 0.869414 0.609784 0.487293 0.489870 0.694622 0.853433 0.780064 
0.635676 0.807949 0.873011 0.824336 0.694996 0.700483 0.730454 0.618752 0.623046 0.537822 
0.503642 0.730224 0.805317 0.780606 0.735741 0.582518 0.598353 0.632531 0.515723 0.560786 
0.686583 0.749021 0.693188 0.716337 0.768273 0.766289 0.784103 0.760476 0.769387 0.759416 
0.766509 0.771660 0.781840 0.787505 0.745029 0.756591 0.712483 0.761538 0.768505 0.753434 
0.798077 0.804260 0.804436 0.817014 0.802164 0.816349 0.796082 0.800882 0.791996 0.816190 
0.759713 0.805895 0.767853 0.790133 0.791209 0.791217 0.793313 0.798683 0.835029 0.826331 
0.705664 0.803944 0.681125 0.758166 0.797014 0.790536 0.772560 0.748411 0.796829 0.748753 
0.775209 0.787469 0.785652 0.779368 0.749027 0.758158 0.726040 0.758408 0.728895 0.754301 
0.767413 0.781904 0.786266 0.801959 0.775825 0.801714 0.779992 0.799097 0.794520 0.805531 
0.764984 0.789726 0.769497 0.792033 0.795049 0.797444 0.776137 0.793678 0.871642 0.828699 
0.719398 0.786111 0.691767 0.816897 0.776579 0.762425 0.697596 0.741375 0.752383 0.750917 
0.784263 0.785855 0.780330 0.757561 0.753001 0.746581 0.767956 0.725957 0.766781 0.761624 
0.765037 0.773933 0.775742 0.756326 0.754103 0.768890 0.769094 0.784955 0.763201 0.771833 
0.781425 0.751219 0.788145 0.768077 0.779480 0.739308 0.744504 0.779523 0.838712 0.810272 
0.709734 0.742033 0.743022 0.886753 0.750404 0.752862 0.729465 0.740773 0.739166 0.755819 
0.779532 0.760123 0.784920 0.709263 0.761786 0.751465 0.762598 0.765532 0.756903 0.745075 
0.785224 0.765496 0.760533 0.777809 0.799137 0.789652 0.786410 0.785663 0.777232 0.770128 
0.788210 0.775596 0.768484 0.781635 0.775556 0.759510 0.786920 0.797558 0.830748 0.791893 
0.690995 0.707891 0.692885 0.717329 0.616140 0.757928 0.727158 0.668025 0.750709 0.761473 
0.740136 0.762321 0.753768 0.692775 0.757184 0.709245 0.738574 0.782574 0.748034 0.801891 
0.742418 0.730407 0.758271 0.749146 0.781657 0.786205 0.771454 0.751002 0.752764 0.769961 
0.732289 0.747769 0.734580 0.765399 0.750205 0.758034 0.763077 0.753292 0.827112 0.785374 
0.675715 0.709854 0.698340 0.783261 0.755728 0.766142 0.713667 0.722079 0.767209 0.711646 
0.767809 0.790378 0.719297 0.697686 0.720828 0.703197 0.776151 0.758933 0.772105 0.791376 
0.739733 0.773471 0.766658 0.760919 0.790244 0.721287 0.752292 0.744575 0.739538 0.758307 
0.760926 0.755162 0.747466 0.740058 0.758260 0.771253 0.779202 0.768301 0.815207 0.786345 
0.688114 0.718152 0.682992 0.754921 0.740219 0.732314 0.715207 0.774247 0.775252 0.723746 
0.761113 0.743535 0.658366 0.769774 0.685567 0.724475 0.722922 0.727959 0.758749 0.741613 
0.764786 0.790773 0.767372 0.782196 0.798617 0.691425 0.734524 0.730212 0.761441 0.736721 
0.764148 0.742086 0.770575 0.757538 0.750671 0.752005 0.756312 0.790555 0.811704 0.788362 
0.673850 0.708269 0.670086 0.741327 0.765412 0.774110 0.770827 0.765427 0.761718 0.753445 
0.746800 0.743361 0.695698 0.804058 0.737028 0.761374 0.738053 0.726944 0.734570 0.772876 
0.748853 0.777045 0.780944 0.764947 0.774800 0.768122 0.775967 0.747229 0.776005 0.764428 
0.763577 0.742048 0.769065 0.731678 0.752938 0.767402 0.756485 0.731888 0.795150 0.779201 
0.668240 0.698961 0.599697 0.708872 0.755016 0.734495 0.743633 0.735983 0.744209 0.790947 
0.772850 0.746724 0.739293 0.755449 0.740257 0.767584 0.761698 0.780060 0.759585 0.769178 
0.750441 0.772001 0.720679 0.753043 0.714168 0.748455 0.757196 0.774722 0.733768 0.763247 
0.746944 0.758321 0.766338 0.758501 0.773349 0.757246 0.732067 0.739173 0.819081 0.780415 
0.680045 0.718222 0.657360 0.738072 0.758590 0.718807 0.715338 0.723920 0.746662 0.780407 
0.738276 0.740592 0.726471 0.732282 0.768695 0.799945 0.834276 0.831148 0.799086 0.757532 
0.753975 0.759706 0.744816 0.704948 0.752622 0.783724 0.792430 0.741631 0.747622 0.764885 
0.748403 0.758007 0.756221 0.752709 0.771983 0.758423 0.716427 0.757400 0.821212 0.796401 
0.678410 0.700801 0.651196 0.735467 0.780531 0.741198 0.767347 0.741935 0.744685 0.745304 
0.675267 0.766456 0.729538 0.751965 0.793178 0.820736 0.846267 0.808301 0.771553 0.777856 
0.780043 0.758950 0.764399 0.743982 0.781313 0.788605 0.790533 0.760882 0.790757 0.753827 
0.756982 0.748996 0.761400 0.745888 0.761210 0.759287 0.775385 0.780554 0.803464 0.769895 
0.684128 0.700577 0.674148 0.730262 0.769842 0.748782 0.805568 0.769769 0.770794 0.742774 
0.759431 0.767541 0.763762 0.803894 0.825538 0.848357 0.831115 0.815328 0.718233 0.754474 
0.770174 0.769834 0.766034 0.779679 0.798787 0.797149 0.735993 0.716159 0.765252 0.782369 
0.759981 0.757434 0.773166 0.762843 0.769256 0.769409 0.779939 0.819800 0.781775 0.782945 
0.669315 0.698346 0.641708 0.735997 0.730864 0.747743 0.797411 0.756761 0.745085 0.750572 
0.754716 0.718252 0.825884 0.881279 0.781973 0.802997 0.835531 0.825455 0.767665 0.748335 
0.733020 0.742501 0.729252 0.763021 0.723147 0.728719 0.717758 0.743758 0.753125 0.740847 
0.740071 0.769690 0.768257 0.771159 0.757370 0.757413 0.747660 0.824025 0.757757 0.772974 
0.695817 0.707422 0.672263 0.681352 0.742130 0.753052 0.772069 0.782414 0.732813 0.752438 
0.738311 0.746861 0.817779 0.885231 0.620190 0.448475 0.780997 0.748283 0.731064 0.710301 
0.768443 0.757536 0.726533 0.752339 0.755839 0.725993 0.749757 0.736375 0.772240 0.738462 
0.751174 0.761996 0.740681 0.768632 0.765730 0.759844 0.793506 0.839599 0.759009 0.765348 
0.681236 0.680285 0.661067 0.718757 0.761411 0.767339 0.734041 0.751534 0.768975 0.732118 
0.716544 0.789340 0.810359 0.906731 0.859874 0.888664 0.689848 0.877476 0.748078 0.739250 
0.758118 0.727288 0.749288 0.758504 0.763516 0.757405 0.758759 0.762880 0.759567 0.755311 
0.769338 0.743884 0.739900 0.772217 0.754076 0.779523 0.785690 0.819382 0.750430 0.745109 
0.703562 0.681354 0.659451 0.747975 0.735965 0.744048 0.767130 0.795202 0.740670 0.725567 
0.759932 0.781157 0.784627 0.811070 0.837976 0.831133 0.758242 0.827608 0.759145 0.735567 
0.774315 0.768574 0.784263 0.777300 0.768633 0.752495 0.771144 0.807647 0.746613 0.766366 
0.756659 0.767822 0.717278 0.741334 0.747622 0.766283 0.754295 0.781359 0.718142 0.737000 
0.689778 0.725874 0.683554 0.736147 0.735670 0.761201 0.746941 0.762360 0.698950 0.742022 
0.781026 0.747206 0.748691 0.771801 0.747938 0.715034 0.719936 0.748812 0.668673 0.724340 
0.750276 0.778646 0.753157 0.767576 0.731238 0.774999 0.750684 0.771074 0.721797 0.731886 
0.756142 0.746671 0.748417 0.761816 0.748449 0.731331 0.739769 0.712968 0.762327 0.769449 
0.684042 0.671524 0.630161 0.755830 0.743981 0.778662 0.752238 0.735011 0.762613 0.807596 
0.762632 0.760140 0.757033 0.757259 0.767577 0.757190 0.755974 0.791988 0.745609 0.747275 
0.725358 0.750930 0.747285 0.754479 0.745201 0.737568 0.740208 0.749287 0.728970 0.746775 
0.771859 0.752531 0.785489 0.785730 0.766613 0.758664 0.754490 0.719210 0.808250 0.766891 
0.694226 0.709672 0.666996 0.742731 0.767526 0.787404 0.765302 0.792728 0.803712 0.779331 
0.759642 0.758272 0.768347 0.773862 0.786413 0.783335 0.790543 0.789099 0.771045 0.765637 
0.755079 0.759243 0.748859 0.780522 0.760434 0.767392 0.741564 0.752821 0.762348 0.765667 
0.757491 0.751971 0.771461 0.778699 0.786569 0.779643 0.767254 0.756005 0.834298 0.775627 
0.693322 0.695623 0.698439 0.786900 0.833746 0.804121 0.798912 0.804582 0.797699 0.772062 
0.765765 0.757322 0.742987 0.757195 0.731019 0.765674 0.785606 0.732006 0.755939 0.740671 
0.774481 0.757053 0.772577 0.776430 0.754676 0.777447 0.762006 0.745298 0.764443 0.750440 
0.748938 0.748263 0.737558 0.758013 0.772687 0.739275 0.750606 0.737550 0.828044 0.785847 
0.696126 0.676323 0.678345 0.820098 0.865196 0.805922 0.805301 0.868353 0.830178 0.763803 
0.727346 0.767230 0.757201 0.743907 0.754114 0.764936 0.775002 0.742281 0.761102 0.758916 
0.721929 0.760692 0.771124 0.769641 0.770745 0.771141 0.757142 0.763463 0.756895 0.753281 
0.742977 0.756689 0.728942 0.727694 0.748978 0.731778 0.707276 0.714460 0.782932 0.771112 
0.745253 0.749735 0.678669 0.838585 0.749046 0.591974 0.666414 0.815282 0.795869 0.764130 
0.754767 0.772148 0.756649 0.758251 0.756371 0.772470 0.775365 0.750557 0.752127 0.773179 
0.757223 0.779076 0.748810 0.769457 0.762620 0.772216 0.769336 0.792145 0.788288 0.775308 
0.784912 0.740404 0.738974 0.762343 0.746232 0.719631 0.726553 0.756708 0.814313 0.796481 
0.657452 0.719958 0.766449 0.662445 0.441734 0.595097 0.758694 0.848725 0.823411 0.836786 
0.780961 0.752465 0.793298 0.790550 0.770924 0.769879 0.772823 0.716535 0.765993 0.781256 
0.781820 0.783187 0.764345 0.771573 0.775492 0.782785 0.776230 0.774503 0.773139 0.763586 
0.739752 0.735383 0.758180 0.768429 0.751721 0.737289 0.726502 0.788588 0.858295 0.756553 
0.473235 0.651421 0.623555 0.485931 0.614812 0.760779 0.784594 0.844876 0.822378 0.825421 
0.803312 0.755706 0.786938 0.786936 0.784355 0.754623 0.760159 0.768184 0.793359 0.742412 
0.765650 0.750054 0.757116 0.751689 0.758633 0.788092 0.767354 0.762541 0.736084 0.729377 
0.751602 0.767328 0.757981 0.765270 0.755061 0.763309 0.805744 0.842418 0.864186 0.764031 
0.541622 0.519529 0.652586 0.745825 0.828084 0.749618 0.700645 0.787823 0.776761 0.798183 
0.815886 0.813656 0.791002 0.759562 0.771232 0.758053 0.754006 0.761684 0.778410 0.764007 
0.792866 0.756404 0.762767 0.751131 0.751766 0.743878 0.733123 0.722481 0.744596 0.768736 
0.771936 0.760911 0.760601 0.773727 0.786109 0.818947 0.891934 0.942258 0.786827 0.701994 
0.549678 0.567524 0.703702 0.628388 0.619797 0.521734 0.560218 0.721529 0.882755 0.849055 
0.802706 0.839658 0.743395 0.719027 0.752464 0.732719 0.751016 0.746976 0.736887 0.768060 
0.797848 0.777629 0.770386 0.733985 0.721978 0.713917 0.708599 0.706745 0.735013 0.758555 
0.764479 0.755629 0.755769 0.742832 0.855268 0.904574 0.935013 0.856685 0.633781 0.600185 
0.535070 0.659444 0.690388 0.801213 0.619385 0.541182 0.636260 0.692900 0.852643 0.792557 
0.745254 0.811317 0.686834 0.645435 0.744443 0.759767 0.807777 0.756718 0.762977 0.736530 
0.739515 0.692421 0.694170 0.704796 0.734286 0.739238 0.719291 0.736681 0.756161 0.779847 
0.795248 0.822229 0.826785 0.664064 0.808040 0.789570 0.861891 0.717819 0.741371 0.758072 
0.539180 0.598198 0.742176 0.733982 0.635274 0.716755 0.721056 0.615944 0.643724 0.778289 
0.749283 0.742283 0.715101 0.670786 0.745746 0.766460 0.868552 0.852810 0.807260 0.771531 
0.772152 0.752933 0.786143 0.804293 0.776570 0.766253 0.752005 0.741750 0.775414 0.857360 
0.953224 0.962151 0.554828 0.448734 0.803494 0.721395 0.794602 0.734434 0.841134 0.820241 
0.603164 0.569961 0.760084 0.754369 0.818988 0.732803 0.578351 0.600927 0.573297 0.763456 
0.691940 0.727160 0.779242 0.667106 0.810105 0.882743 0.952916 0.945124 0.683597 0.813147 
0.749263 0.692903 0.851909 0.875301 0.774569 0.824943 0.782072 0.771325 0.857863 0.916846 
0.913261 0.714232 0.452296 0.656989 0.736801 0.756397 0.791354 0.740732 0.605038 0.682316 
0.620779 0.528636 0.596607 0.617292 0.693817 0.688387 0.614241 0.664118 0.560673 0.580894 
0.644709 0.727629 0.724081 0.649176 0.792162 0.905211 0.956959 0.705266 0.455342 0.783531 
0.718196 0.801565 0.900788 0.605347 0.639546 0.827763 0.812387 0.899850 0.866859 0.792476 
0.842093 0.503287 0.495584 0.790263 0.746308 0.806295 0.843122 0.733551 0.765328 0.780019 
0.536137 0.592596 0.538678 0.627153 0.778361 0.841674 0.655253 0.742087 0.576231 0.664552 
0.751842 0.740234 0.699210 0.653874 0.760741 0.900299 0.946399 0.576399 0.430422 0.820269 
0.777463 0.795476 0.628964 0.484247 0.693745 0.909292 0.859753 0.848821 0.575001 0.757958 
0.773634 0.645545 0.755546 0.806515 0.799203 0.732580 0.702398 0.701737 0.779876 0.781148 
0.606645 0.554752 0.651713 0.643605 0.660847 0.812163 0.775637 0.772578 0.710055 0.841935 
0.758079 0.559780 0.707929 0.553872 0.807956 0.866791 0.826718 0.634280 0.639001 0.833527 
0.793290 0.760117 0.529171 0.642224 0.783521 0.643186 0.737351 0.780859 0.608526 0.725797 
0.673199 0.812919 0.803269 0.745123 0.740822 0.687653 0.550816 0.743592 0.735714 0.817800 
0.576325 0.664514 0.629647 0.583594 0.644623 0.720990 0.697443 0.788528 0.818115 0.840848 
0.759523 0.645600 0.574881 0.648988 0.719852 0.702531 0.796232 0.584876 0.788897 0.773674 
0.775280 0.638185 0.620707 0.678101 0.651388 0.594344 0.552766 0.628576 0.667254 0.742984 
0.852079 0.918272 0.661787 0.728773 0.685345 0.631199 0.628687 0.590424 0.668504 0.824702 
0.564460 0.656225 0.585851 0.757364 0.770172 0.828056 0.790077 0.755703 0.792901 0.733207 
0.680834 0.670656 0.614367 0.726853 0.745974 0.804847 0.811462 0.632500 0.629763 0.771714 
0.795780 0.702028 0.747132 0.807580 0.832675 0.676937 0.642619 0.703864 0.665940 0.592314 
0.851161 0.799821 0.657003 0.573373 0.588574 0.617625 0.603629 0.621551 0.750012 0.765680 
0.562860 0.576987 0.658108 0.694460 0.732878 0.726060 0.811739 0.809735 0.697853 0.593494 
0.656257 0.642820 0.650462 0.704636 0.798152 0.786400 0.710097 0.696600 0.813660 0.906782 
0.755093 0.742529 0.843502 0.850472 0.810364 0.627863 0.795266 0.745507 0.699411 0.534722 
0.694762 0.711866 0.682921 0.648025 0.576186 0.627143 0.660939 0.700583 0.864115 0.761355 
0.589232 0.611390 0.627430 0.533067 0.637106 0.569204 0.723249 0.861841 0.659421 0.676086 
0.720296 0.671894 0.717966 0.829681 0.859915 0.770417 0.750094 0.899578 0.874417 0.848755 
0.729055 0.824171 0.780825 0.815749 0.768575 0.768234 0.730337 0.584294 0.565305 0.588542 
0.774093 0.600613 0.753185 0.795407 0.507600 0.642294 0.653568 0.707966 0.910533 0.581055 
0.570991 0.671838 0.592674 0.615759 0.749436 0.611099 0.679150 0.818091 0.618283 0.696442 
0.657431 0.686270 0.734050 0.778761 0.781753 0.842056 0.820778 0.820661 0.785115 0.746401 
0.692154 0.741813 0.740295 0.590709 0.619286 0.654999 0.491307 0.671283 0.752789 0.656034 
0.586871 0.546875 0.703014 0.848748 0.787177 0.672222 0.677019 0.663575 0.905026 0.555060 
0.550625 0.557841 0.682670 0.761007 0.736107 0.624575 0.788966 0.873532 0.435575 0.648177 
0.629630 0.678633 0.679852 0.746446 0.796133 0.826297 0.782203 0.837798 0.827205 0.800217 
0.730327 0.731920 0.736526 0.747582 0.743598 0.596584 0.559140 0.802956 0.791011 0.622290 
0.602434 0.554492 0.703040 0.658898 0.789557 0.712460 0.663633 0.741791 0.773520 0.658089 
0.557590 0.505855 0.782179 0.855926 0.710464 0.657784 0.895690 0.939234 0.441489 0.733319 
0.601426 0.633092 0.666620 0.770650 0.898077 0.871044 0.772923 0.815924 0.772944 0.766499 
0.731177 0.721875 0.755915 0.770227 0.754043 0.727632 0.710652 0.709277 0.736541 0.614170 
0.561788 0.602496 0.690151 0.880551 0.798112 0.694802 0.716552 0.717030 0.763636 0.676294 
0.571891 0.538939 0.674916 0.797641 0.702011 0.663194 0.800054 0.770188 0.450769 0.694250 
0.600380 0.599755 0.613544 0.660506 0.725977 0.714554 0.684929 0.669700 0.548820 0.687538 
0.647785 0.654456 0.712413 0.809438 0.825141 0.827936 0.748198 0.643274 0.680710 0.676060 
0.636306 0.642363 0.686340 0.777621 0.752953 0.729267 0.719509 0.672211 0.767747 0.694141 
0.887909 0.847739 0.815793 0.810338 0.841666 0.805400 0.831779 0.820989 0.814181 0.820796 
0.811003 0.809468 0.786184 0.817994 0.831992 0.799289 0.781450 0.803579 0.811850 0.790412 
0.814074 0.805572 0.806938 0.828127 0.815741 0.813203 0.808282 0.818071 0.813050 0.825336 
0.755615 0.830729 0.796278 0.834907 0.815787 0.818438 0.810747 0.798655 0.826613 0.779929 
0.836909 0.845523 0.751504 0.766223 0.784812 0.751524 0.728335 0.733003 0.791267 0.727050 
0.714621 0.729942 0.695205 0.758281 0.778168 0.769565 0.696240 0.717126 0.666112 0.746269 
0.730093 0.737088 0.757225 0.756954 0.716163 0.737627 0.728355 0.766589 0.748126 0.776948 
0.722530 0.750162 0.727470 0.763781 0.778587 0.793826 0.761071 0.712089 0.786001 0.831943 
0.785439 0.831865 0.774475 0.818484 0.779524 0.767817 0.656417 0.720884 0.734752 0.744716 
0.726668 0.724398 0.752476 0.808631 0.791274 0.770246 0.759811 0.725531 0.738712 0.749538 
0.757765 0.748902 0.760751 0.715226 0.699694 0.722349 0.757373 0.754682 0.693958 0.735834 
0.771985 0.708575 0.744259 0.725273 0.741967 0.688918 0.705021 0.715597 0.729705 0.832934 
0.805346 0.841844 0.819977 0.899815 0.795402 0.846609 0.782196 0.783292 0.769639 0.797627 
0.769768 0.699201 0.751023 0.769780 0.767775 0.751108 0.727868 0.758187 0.745544 0.769976 
0.833995 0.780378 0.747281 0.765737 0.783167 0.783975 0.780444 0.774611 0.768674 0.752635 
0.779477 0.772560 0.743500 0.788286 0.775671 0.764769 0.778184 0.745139 0.752583 0.826799 
0.804256 0.830593 0.797253 0.810151 0.429423 0.830804 0.797665 0.724276 0.738199 0.780718 
0.753829 0.734319 0.742943 0.729316 0.756393 0.714264 0.703371 0.749616 0.740887 0.797732 
0.782366 0.780922 0.785763 0.734346 0.755293 0.802595 0.795437 0.747038 0.756219 0.793527 
0.738679 0.760225 0.755025 0.780116 0.764592 0.778003 0.758986 0.690759 0.767161 0.827221 
0.795714 0.807467 0.744331 0.823522 0.805630 0.856151 0.751149 0.750782 0.741681 0.715214 
0.763346 0.768587 0.786041 0.790121 0.793740 0.759753 0.749959 0.708194 0.764984 0.748846 
0.743876 0.808708 0.810457 0.767079 0.765921 0.721050 0.819198 0.789810 0.729045 0.765968 
0.784041 0.762088 0.768896 0.761860 0.770501 0.775965 0.770574 0.701059 0.716301 0.831768 
0.812598 0.822521 0.752751 0.789146 0.789280 0.755866 0.731404 0.794676 0.791973 0.752472 
0.749185 0.731811 0.733465 0.831585 0.775016 0.773586 0.731544 0.712956 0.728833 0.670727 
0.727679 0.798231 0.786552 0.787491 0.808928 0.667515 0.767493 0.777431 0.766833 0.723555 
0.763986 0.743199 0.775730 0.799256 0.786030 0.730418 0.744448 0.760656 0.736926 0.824183 
0.812680 0.822569 0.732341 0.773742 0.780610 0.808241 0.785991 0.785367 0.775853 0.759482 
0.724281 0.718384 0.759261 0.823899 0.778653 0.789111 0.774604 0.734548 0.758164 0.782732 
0.717701 0.751666 0.791930 0.769632 0.787585 0.792551 0.787946 0.756272 0.794201 0.773803 
0.763037 0.758541 0.756747 0.740906 0.786234 0.776051 0.754919 0.671811 0.733236 0.830166 
0.805515 0.796824 0.666796 0.749790 0.804354 0.761254 0.758193 0.748552 0.753346 0.793579 
0.807518 0.779250 0.804643 0.762964 0.726411 0.746915 0.753027 0.765191 0.768224 0.796713 
0.753761 0.763986 0.711496 0.768356 0.761133 0.763017 0.752380 0.790849 0.761310 0.784810 
0.771758 0.782824 0.760544 0.772810 0.782602 0.770967 0.731472 0.705692 0.756668 0.820753 
0.779222 0.792506 0.735683 0.774240 0.795470 0.760930 0.731103 0.783428 0.750477 0.741093 
0.780669 0.793737 0.743218 0.743117 0.762199 0.746586 0.747371 0.786524 0.805117 0.790146 
0.769898 0.756420 0.742054 0.675179 0.803187 0.789081 0.777623 0.733025 0.768775 0.778903 
0.783104 0.784587 0.752125 0.755673 0.792127 0.768395 0.707885 0.725378 0.769664 0.820972 
0.794403 0.778550 0.720646 0.758423 0.779757 0.767259 0.771526 0.803576 0.790590 0.735116 
0.700852 0.795541 0.738614 0.752087 0.786154 0.769713 0.730222 0.665059 0.691923 0.822448 
0.839777 0.774684 0.771170 0.749592 0.785939 0.776950 0.786223 0.773098 0.786841 0.749650 
0.784249 0.791393 0.781479 0.747662 0.765022 0.777698 0.780103 0.757435 0.775684 0.821526 
0.820065 0.801234 0.768404 0.776104 0.743178 0.708982 0.724405 0.756854 0.794998 0.757098 
0.801693 0.776896 0.786536 0.832061 0.890868 0.881742 0.834528 0.754471 0.618610 0.747160 
0.803817 0.786200 0.758418 0.787286 0.798425 0.810212 0.755454 0.702252 0.738528 0.777211 
0.761128 0.782083 0.792723 0.771360 0.770039 0.778385 0.772486 0.786549 0.775956 0.847688 
0.815411 0.808659 0.730886 0.798034 0.771068 0.719958 0.700059 0.722120 0.741911 0.748722 
0.786240 0.783923 0.867786 0.971047 0.988366 0.864455 0.962800 0.934316 0.816473 0.779793 
0.730687 0.762181 0.768086 0.778833 0.682987 0.727387 0.770409 0.754265 0.747104 0.703228 
0.718445 0.783910 0.800968 0.783841 0.752689 0.762807 0.730150 0.773286 0.775066 0.842679 
0.814833 0.810749 0.735842 0.698655 0.788760 0.769602 0.755378 0.817687 0.791417 0.747210 
0.785757 0.770857 0.814491 0.951661 0.836710 0.028054 0.653453 0.940490 0.818355 0.762287 
0.781498 0.777129 0.739602 0.754481 0.746414 0.717253 0.762213 0.741037 0.787136 0.757662 
0.739693 0.749429 0.749020 0.773468 0.772157 0.767250 0.766488 0.769858 0.744638 0.791402 
0.806854 0.791725 0.755902 0.770083 0.796559 0.788319 0.643297 0.725848 0.820922 0.743535 
0.695465 0.746679 0.697476 0.858485 0.782962 0.167193 0.723035 0.967756 0.773735 0.779615 
0.762011 0.733185 0.774492 0.762004 0.758472 0.759964 0.756282 0.770856 0.778683 0.802292 
0.784050 0.760729 0.758371 0.765313 0.747060 0.786554 0.744120 0.754696 0.713352 0.782350 
0.829857 0.798382 0.745339 0.765535 0.750453 0.767650 0.724171 0.783742 0.771691 0.731270 
0.759464 0.725047 0.683039 0.771974 0.928062 0.781283 0.929071 0.945710 0.773188 0.776230 
0.760360 0.745898 0.763750 0.766605 0.753752 0.739153 0.763701 0.786315 0.740382 0.818941 
0.816921 0.798141 0.725848 0.725422 0.764427 0.755603 0.722531 0.748314 0.659882 0.778845 
0.813852 0.822287 0.751562 0.720761 0.780197 0.803287 0.753565 0.788626 0.742302 0.747466 
0.789217 0.763967 0.741394 0.723148 0.765507 0.813939 0.868662 0.855905 0.681437 0.790333 
0.793588 0.785275 0.736468 0.777602 0.738871 0.790619 0.746749 0.737219 0.673581 0.770669 
0.829401 0.789178 0.784840 0.763674 0.765321 0.743032 0.732009 0.710003 0.768113 0.820053 
0.811009 0.751572 0.739551 0.758926 0.787114 0.832804 0.763620 0.727701 0.758658 0.780138 
0.757059 0.797677 0.798418 0.751170 0.757610 0.769931 0.750586 0.794941 0.743251 0.789765 
0.766360 0.763443 0.747237 0.762979 0.786396 0.758467 0.754557 0.743723 0.685715 0.773111 
0.793116 0.768157 0.790820 0.792812 0.754013 0.753945 0.743038 0.709751 0.769437 0.806131 
0.814954 0.790418 0.713201 0.647038 0.705685 0.794221 0.782785 0.784800 0.768105 0.735007 
0.734857 0.753165 0.774177 0.763017 0.785486 0.791666 0.790111 0.772023 0.751481 0.779368 
0.794302 0.786889 0.748978 0.761519 0.778828 0.781186 0.746068 0.765409 0.776220 0.773264 
0.778456 0.765837 0.758077 0.771055 0.769998 0.767097 0.766746 0.730227 0.767045 0.812556 
0.791766 0.755817 0.725345 0.657466 0.705336 0.740520 0.745684 0.731267 0.754976 0.754879 
0.765508 0.744455 0.740062 0.757571 0.732858 0.768694 0.776174 0.702027 0.729707 0.759302 
0.813057 0.792220 0.783361 0.745497 0.732402 0.768872 0.779853 0.772111 0.767598 0.745082 
0.782308 0.802277 0.746590 0.753986 0.770445 0.741188 0.761994 0.690122 0.745681 0.819265 
0.807918 0.711734 0.661851 0.703867 0.758218 0.689970 0.719077 0.805998 0.850243 0.798482 
0.701711 0.756933 0.759041 0.756396 0.767284 0.762918 0.764155 0.755657 0.776727 0.755810 
0.726261 0.792472 0.790439 0.772329 0.774293 0.762115 0.776328 0.779014 0.750310 0.763093 
0.776487 0.792166 0.780563 0.740113 0.746505 0.749875 0.701912 0.728731 0.732264 0.802274 
0.869272 0.898242 0.845921 0.930163 0.921284 0.747518 0.537629 0.748213 0.905436 0.907576 
0.803957 0.773639 0.735036 0.766311 0.785919 0.790855 0.769599 0.758832 0.761332 0.775644 
0.760973 0.776797 0.762380 0.774758 0.759861 0.745916 0.746535 0.784092 0.776601 0.776884 
0.792360 0.717583 0.772495 0.788891 0.745052 0.747651 0.755408 0.763901 0.732346 0.807694 
0.468443 0.746654 0.938390 0.893082 0.667047 0.807301 0.566594 0.505581 0.676737 0.907790 
0.828923 0.749768 0.743447 0.760243 0.783903 0.795622 0.785356 0.695851 0.749683 0.782344 
0.769559 0.768311 0.780783 0.770086 0.766226 0.753138 0.732052 0.764903 0.778195 0.768385 
0.737250 0.719727 0.755699 0.775199 0.751001 0.742924 0.709014 0.746705 0.766365 0.710915 
0.310547 0.674977 0.744760 0.559035 0.559235 0.699987 0.610613 0.482403 0.447010 0.929202 
0.898784 0.861497 0.753137 0.753783 0.779659 0.765918 0.776410 0.796643 0.792496 0.715234 
0.754506 0.742076 0.752826 0.760684 0.760358 0.786808 0.775433 0.772186 0.745449 0.738696 
0.763659 0.775999 0.765640 0.766647 0.764972 0.745271 0.722155 0.740024 0.792836 0.796665 
0.590940 0.642756 0.793573 0.867483 0.597612 0.600185 0.679964 0.741204 0.703512 0.852033 
0.891470 0.965262 0.864405 0.757067 0.757066 0.780110 0.752674 0.762346 0.778279 0.770448 
0.776730 0.737320 0.734774 0.757004 0.748292 0.726279 0.750554 0.715276 0.757821 0.771691 
0.759081 0.734057 0.759804 0.781593 0.779354 0.716673 0.832406 0.931609 0.860169 0.723605 
0.694898 0.764592 0.812732 0.679513 0.511543 0.639141 0.632704 0.619614 0.656516 0.399160 
0.638406 0.963519 0.780142 0.743527 0.726024 0.725913 0.766328 0.792952 0.789867 0.800262 
0.795226 0.770081 0.777263 0.801514 0.790727 0.745870 0.755676 0.762096 0.732448 0.732018 
0.771781 0.759538 0.690520 0.664437 0.800800 0.801431 0.912372 0.923176 0.749201 0.492740 
0.675911 0.811954 0.886351 0.884520 0.803050 0.746396 0.830990 0.633377 0.786104 0.354292 
0.617259 0.962978 0.670557 0.704669 0.754729 0.771818 0.771152 0.780585 0.775899 0.746934 
0.737740 0.758358 0.731259 0.704523 0.733955 0.747497 0.733851 0.768308 0.757282 0.761230 
0.734767 0.883445 0.885356 0.709653 0.833715 0.763134 0.724449 0.798942 0.654292 0.537407 
0.682742 0.669397 0.846842 0.913240 0.636026 0.647770 0.872009 0.681642 0.729991 0.419305 
0.571656 0.942799 0.700192 0.750568 0.770495 0.764467 0.822932 0.895414 0.780955 0.834419 
0.788711 0.750996 0.733933 0.721260 0.725977 0.740047 0.756824 0.776169 0.778886 0.860660 
0.939967 0.989156 0.826545 0.147701 0.928897 0.896912 0.921332 0.852892 0.683716 0.763675 
0.715556 0.542039 0.825104 0.810706 0.831799 0.694272 0.857133 0.840728 0.849588 0.565362 
0.644871 0.932741 0.678612 0.646953 0.772382 0.856187 0.945605 0.979847 0.545865 0.941556 
0.863321 0.793370 0.873698 0.887483 0.821446 0.886789 0.826275 0.737097 0.866675 0.920222 
0.908113 0.846686 0.551982 0.447757 0.822361 0.861473 0.894819 0.916688 0.584048 0.767406 
0.732304 0.676451 0.691697 0.822133 0.833212 0.805643 0.754444 0.849319 0.862961 0.450807 
0.644805 0.957710 0.745573 0.713489 0.735989 0.808720 0.952317 0.794529 0.057068 0.868837 
0.850735 0.899991 0.932195 0.655529 0.424266 0.937225 0.945359 0.957204 0.919968 0.782322 
0.933293 0.792320 0.611682 0.519143 0.400295 0.442431 0.954437 0.940305 0.913886 0.806581 
0.718087 0.834961 0.584184 0.609666 0.794320 0.873955 0.742930 0.899360 0.862333 0.620634 
0.575522 0.916574 0.862841 0.773811 0.708471 0.749656 0.831649 0.755412 0.177467 0.958775 
0.764301 0.903401 0.791947 0.406066 0.313114 0.774228 0.878824 0.889525 0.701019 0.732243 
0.914851 0.735234 0.785071 0.877284 0.791710 0.531344 0.813395 0.843671 0.701012 0.809870 
0.767389 0.786984 0.817280 0.730186 0.580812 0.815974 0.756320 0.894666 0.763233 0.874490 
0.855793 0.893766 0.835097 0.524756 0.841942 0.823378 0.744649 0.646275 0.319544 0.849402 
0.571661 0.852883 0.754483 0.657326 0.522617 0.503481 0.782016 0.638381 0.647142 0.654798 
0.827047 0.842083 0.846343 0.916981 0.890370 0.760422 0.848170 0.794931 0.555916 0.757070 
0.711900 0.805924 0.829254 0.782158 0.510314 0.633765 0.612250 0.873643 0.791035 0.939503 
0.883093 0.923835 0.793191 0.696648 0.910042 0.629862 0.924069 0.849428 0.559077 0.478892 
0.407251 0.647342 0.778300 0.663565 0.690215 0.586058 0.812418 0.717706 0.744363 0.733187 
0.863867 0.947356 0.691553 0.846214 0.891403 0.721543 0.843866 0.739004 0.618490 0.814853 
0.670076 0.774830 0.627150 0.860306 0.689901 0.747842 0.639068 0.768434 0.918857 0.945602 
0.868029 0.884739 0.752479 0.705936 0.784863 0.683118 0.947549 0.880029 0.621847 0.351148 
0.658804 0.664203 0.827660 0.830730 0.845620 0.820777 0.823694 0.896646 0.913873 0.838783 
0.867905 0.889843 0.402432 0.757522 0.631661 0.568502 0.695376 0.762079 0.600192 0.710179 
0.642809 0.830881 0.849487 0.836155 0.669973 0.740566 0.817193 0.786777 0.847577 0.760797 
0.754507 0.817677 0.804663 0.654402 0.855078 0.875374 0.686429 0.850152 0.915895 0.961964 
0.749130 0.537498 0.845586 0.878011 0.770412 0.796806 0.874425 0.889367 0.921105 0.721950 
0.726813 0.871437 0.710273 0.883294 0.789976 0.720309 0.777079 0.834222 0.741069 0.822642 
0.693494 0.864712 0.829268 0.711183 0.761313 0.696110 0.693360 0.720698 0.676337 0.604948 
0.662001 0.578779 0.745391 0.761319 0.779379 0.838066 0.695590 0.829374 0.921187 0.969792 
0.843453 0.797301 0.879790 0.914478 0.752553 0.880891 0.718510 0.768051 0.637871 0.629739 
0.864272 0.873708 0.817117 0.889958 0.627559 0.723747 0.857638 0.774027 0.876108 0.711519 
0.721511 0.813671 0.767067 0.393728 0.894623 0.864580 0.687138 0.746217 0.716238 0.714219 
0.645702 0.745590 0.842729 0.811363 0.703346 0.830933 0.896270 0.795463 0.705447 0.781067 
0.833312 0.837428 0.809416 0.579132 0.764850 0.918095 0.813421 0.788193 0.617897 0.619299 
0.507504 0.665747 0.806691 0.894307 0.531129 0.666434 0.816333 0.593682 0.916802 0.565831 
0.681297 0.728370 0.749352 0.478126 0.920366 0.907085 0.820433 0.895061 0.816293 0.905737 
0.740278 0.725083 0.770973 0.785918 0.662623 0.675271 0.818964 0.842263 0.761650 0.719832 
0.675237 0.710718 0.778812 0.826896 0.859195 0.846080 0.683342 0.848257 0.800732 0.652148 
0.734798 0.765704 0.840598 0.787052 0.748629 0.888392 0.847504 0.778263 0.893302 0.726634 
0.759149 0.747892 0.677054 0.638069 0.672280 0.770630 0.853208 0.938903 0.481767 0.953945 
0.787737 0.752526 0.696414 0.716817 0.814432 0.829047 0.749949 0.773516 0.692784 0.840634 
0.854696 0.819099 0.786418 0.838214 0.850137 0.893458 0.882409 0.858276 0.831179 0.608839 
0.839177 0.779788 0.806666 0.889266 0.783986 0.782976 0.806393 0.826886 0.857346 0.746953 
0.675715 0.745083 0.737282 0.799191 0.697157 0.769346 0.814097 0.751968 0.327704 0.866064 
0.725722 0.771427 0.803010 0.859261 0.838588 0.641488 0.733042 0.850593 0.739116 0.825861 
0.752020 0.850506 0.868977 0.880378 0.891029 0.883715 0.845227 0.743986 0.900842 0.876929 
0.855947 0.843123 0.787392 0.843692 0.783790 0.788518 0.802814 0.749812 0.754601 0.783380 
0.580353 0.224160 0.199287 0.283917 0.350632 0.321711 0.361805 0.365045 0.393805 0.302476 
0.297722 0.236209 0.255284 0.265489 0.321411 0.246325 0.191113 0.181007 0.188652 0.201813 
0.258467 0.272340 0.308176 0.353830 0.307882 0.347988 0.354045 0.317094 0.231512 0.301171 
0.261012 0.306356 0.243045 0.285535 0.311460 0.331780 0.291560 0.243631 0.192144 0.373958 
0.060337 0.041582 0.028761 0.025803 0.039982 0.057529 0.050993 0.044782 0.060900 0.048470 
0.048447 0.044398 0.061771 0.061192 0.049048 0.043017 0.042194 0.037542 0.042921 0.039692 
0.046611 0.051874 0.050062 0.062439 0.052581 0.068297 0.053069 0.056788 0.062522 0.079273 
0.045441 0.054729 0.063635 0.042567 0.056040 0.053516 0.042046 0.041416 0.070970 0.209932 
0.059384 0.030833 0.023384 0.032734 0.039999 0.064079 0.046621 0.034029 0.041436 0.050067 
0.058599 0.051985 0.046145 0.033638 0.042492 0.039002 0.053425 0.034391 0.040515 0.043361 
0.052017 0.064432 0.064771 0.063261 0.072062 0.075523 0.063640 0.077417 0.070691 0.064132 
0.064190 0.054037 0.070497 0.064792 0.088561 0.074954 0.054897 0.056893 0.070221 0.139288 
0.047028 0.016341 0.022669 0.041796 0.047630 0.049450 0.023662 0.027044 0.029879 0.029540 
0.034679 0.033893 0.042913 0.040075 0.026140 0.029297 0.036774 0.042467 0.035576 0.035325 
0.043941 0.040522 0.044211 0.051272 0.052693 0.050383 0.048510 0.057786 0.062368 0.056455 
0.052411 0.054826 0.047230 0.054227 0.060845 0.056283 0.043365 0.044879 0.062546 0.136233 
0.047534 0.018508 0.035622 0.039468 0.041746 0.028232 0.019996 0.023397 0.023999 0.028836 
0.031547 0.032030 0.036945 0.047640 0.028543 0.025918 0.027319 0.042194 0.035112 0.046583 
0.037226 0.034972 0.035486 0.038839 0.044634 0.051129 0.051432 0.044216 0.040928 0.054354 
0.041486 0.041432 0.036931 0.046746 0.051311 0.051249 0.038839 0.033096 0.058780 0.133838 
0.054514 0.022810 0.029992 0.028069 0.033786 0.026089 0.033812 0.031886 0.031678 0.028324 
0.030085 0.033477 0.035138 0.030682 0.021542 0.023324 0.031414 0.030182 0.036110 0.042347 
0.047374 0.038447 0.038328 0.035321 0.050247 0.044413 0.050700 0.039610 0.042364 0.048810 
0.057998 0.049149 0.045509 0.041145 0.049870 0.051910 0.048768 0.040090 0.050376 0.131198 
0.049959 0.020343 0.023641 0.027716 0.034711 0.037076 0.036312 0.028539 0.036406 0.030292 
0.025792 0.044099 0.040099 0.036628 0.019541 0.021443 0.024654 0.031896 0.038389 0.044734 
0.046076 0.036986 0.034911 0.040589 0.059903 0.061840 0.049486 0.035133 0.044183 0.043618 
0.054680 0.042906 0.054146 0.045651 0.047388 0.044424 0.034585 0.040319 0.052896 0.142493 
0.051828 0.025191 0.029450 0.023580 0.022434 0.025577 0.028947 0.028822 0.033537 0.030221 
0.034285 0.036312 0.039035 0.026533 0.030443 0.034623 0.033332 0.027592 0.024688 0.036857 
0.033327 0.034493 0.045505 0.052922 0.041859 0.043426 0.040840 0.043904 0.046524 0.052494 
0.053444 0.044558 0.059665 0.048043 0.046869 0.049018 0.046038 0.032442 0.041495 0.112715 
0.058863 0.031296 0.018221 0.021936 0.025601 0.029466 0.039741 0.031800 0.028835 0.031530 
0.030697 0.031302 0.023374 0.025840 0.037253 0.039049 0.043714 0.040713 0.031031 0.032183 
0.033806 0.046948 0.039950 0.050677 0.032898 0.039868 0.038321 0.044139 0.039326 0.047181 
0.043229 0.048287 0.057821 0.050607 0.045660 0.051326 0.041782 0.035604 0.048121 0.124879 
0.062765 0.027910 0.026050 0.025646 0.037209 0.033463 0.032163 0.028782 0.033469 0.042746 
0.038642 0.032939 0.023706 0.029139 0.038334 0.040621 0.040362 0.037100 0.046793 0.041754 
0.040040 0.042630 0.055280 0.059977 0.044869 0.039272 0.061768 0.057246 0.048423 0.050593 
0.050578 0.049010 0.055253 0.050766 0.055567 0.059362 0.040094 0.033650 0.052087 0.147130 
0.054684 0.022310 0.021026 0.026081 0.039139 0.033601 0.041172 0.031906 0.030233 0.041334 
0.044747 0.036184 0.029232 0.056438 0.088967 0.058020 0.056420 0.053825 0.044018 0.043477 
0.036323 0.038314 0.046719 0.044782 0.038925 0.045043 0.062523 0.053674 0.047287 0.045581 
0.047149 0.050236 0.053673 0.047223 0.057305 0.049943 0.041037 0.038088 0.059688 0.127025 
0.050298 0.016195 0.015863 0.022101 0.033860 0.028926 0.045079 0.041580 0.041106 0.024969 
0.032966 0.033637 0.052225 0.107871 0.217828 0.179484 0.104825 0.109646 0.076824 0.064004 
0.039961 0.041195 0.039069 0.042398 0.047363 0.061362 0.047742 0.036061 0.027673 0.047818 
0.052958 0.055530 0.047929 0.044553 0.048733 0.042121 0.033694 0.046016 0.056314 0.125772 
0.050717 0.019438 0.021081 0.023490 0.026358 0.027936 0.040615 0.051269 0.041899 0.026822 
0.024854 0.030208 0.050711 0.083340 0.075974 0.008102 0.126812 0.041908 0.042477 0.041701 
0.032136 0.051387 0.042919 0.056364 0.045273 0.036045 0.039962 0.044352 0.034900 0.045738 
0.046539 0.050205 0.041264 0.043777 0.050028 0.043313 0.031695 0.051441 0.057229 0.107639 
0.053430 0.019462 0.024088 0.031731 0.031165 0.032869 0.034812 0.035476 0.032455 0.032992 
0.031658 0.030534 0.041243 0.048639 0.006978 0.001294 0.003759 0.012938 0.014959 0.028795 
0.051334 0.058791 0.048410 0.055924 0.056532 0.034330 0.036114 0.040332 0.052209 0.050053 
0.050048 0.051570 0.044719 0.050443 0.059034 0.046243 0.037169 0.053006 0.060769 0.143343 
0.057211 0.015962 0.018870 0.023388 0.034273 0.040759 0.034113 0.040402 0.039936 0.036845 
0.040823 0.039909 0.041230 0.036451 0.012140 0.011892 0.046005 0.012312 0.007718 0.029536 
0.038570 0.041239 0.040450 0.032998 0.040150 0.035730 0.036607 0.042503 0.044690 0.039846 
0.040316 0.052799 0.053008 0.061168 0.052516 0.041570 0.037400 0.054988 0.053651 0.125000 
0.063084 0.017566 0.015069 0.019051 0.025563 0.032065 0.037477 0.040412 0.036210 0.031624 
0.037640 0.038733 0.042614 0.059955 0.058194 0.061086 0.014267 0.011535 0.031290 0.046572 
0.052031 0.056141 0.046610 0.042222 0.046988 0.041927 0.036867 0.046970 0.044462 0.050768 
0.038688 0.050849 0.043818 0.043928 0.046145 0.049277 0.044222 0.048572 0.049474 0.108403 
0.052915 0.019118 0.019423 0.023979 0.035849 0.033115 0.025369 0.031119 0.038579 0.038657 
0.040328 0.035715 0.033267 0.040764 0.049536 0.056073 0.064499 0.045557 0.049632 0.043607 
0.040496 0.044434 0.035682 0.043322 0.037912 0.042306 0.034169 0.041798 0.056444 0.048429 
0.034984 0.043335 0.053012 0.046625 0.049236 0.047179 0.043744 0.032575 0.047088 0.111329 
0.046863 0.014843 0.014944 0.027312 0.033091 0.039009 0.032885 0.032988 0.034686 0.032303 
0.040109 0.049235 0.038410 0.035810 0.033828 0.038942 0.052928 0.061992 0.058555 0.053464 
0.033478 0.041621 0.045359 0.052968 0.043425 0.045242 0.046621 0.047732 0.054294 0.060563 
0.047922 0.047229 0.051336 0.057886 0.059548 0.056108 0.043872 0.033304 0.047966 0.128988 
0.065116 0.021088 0.015105 0.025435 0.038779 0.057135 0.036014 0.035864 0.037570 0.043866 
0.052372 0.054650 0.044229 0.046003 0.042348 0.038694 0.049642 0.042770 0.052678 0.056877 
0.049560 0.051484 0.048732 0.055772 0.055635 0.059969 0.051530 0.046768 0.038831 0.042811 
0.045459 0.058819 0.056972 0.056099 0.056221 0.052026 0.041242 0.032224 0.052372 0.104121 
0.055173 0.019185 0.016011 0.022920 0.070057 0.111489 0.113120 0.083295 0.063344 0.055897 
0.040788 0.040147 0.037142 0.054570 0.045958 0.042620 0.050088 0.038229 0.042989 0.043058 
0.051251 0.045964 0.046832 0.055689 0.063075 0.065530 0.053199 0.041557 0.042726 0.045382 
0.039413 0.048104 0.052749 0.050607 0.064597 0.048992 0.049581 0.034146 0.047794 0.114941 
0.091872 0.047697 0.044116 0.116409 0.219247 0.280928 0.189893 0.224760 0.122495 0.069863 
0.037710 0.042182 0.041896 0.050441 0.047088 0.042335 0.054963 0.043287 0.040868 0.044129 
0.044706 0.048801 0.046051 0.050091 0.047863 0.051381 0.053353 0.052141 0.047983 0.056401 
0.048658 0.065123 0.063383 0.052195 0.054021 0.052456 0.041049 0.036371 0.046984 0.120599 
0.041666 0.052012 0.041220 0.138963 0.146571 0.021830 0.007393 0.021436 0.029606 0.036088 
0.034399 0.036868 0.038227 0.042158 0.039253 0.046251 0.051130 0.045760 0.041432 0.050525 
0.048387 0.048115 0.046526 0.051557 0.051306 0.057550 0.053503 0.055684 0.060469 0.059009 
0.071080 0.063531 0.047861 0.045050 0.039615 0.040526 0.038922 0.033845 0.035139 0.096106 
0.028436 0.043211 0.037875 0.016388 0.037009 0.010782 0.001710 0.023494 0.049276 0.033947 
0.032767 0.039868 0.047893 0.045628 0.045560 0.051071 0.060256 0.056911 0.044046 0.042372 
0.052598 0.060617 0.060683 0.057311 0.064007 0.069990 0.055186 0.054253 0.058639 0.055526 
0.046124 0.046309 0.044407 0.043609 0.036393 0.031173 0.026021 0.026609 0.056410 0.112398 
0.076933 0.116486 0.085769 0.008050 0.025350 0.021553 0.011612 0.006469 0.061447 0.051049 
0.020510 0.036763 0.035649 0.044258 0.061095 0.057081 0.053041 0.048625 0.052549 0.048539 
0.067620 0.063306 0.062690 0.052255 0.051383 0.065690 0.058829 0.057220 0.053376 0.053298 
0.046235 0.041761 0.032754 0.037249 0.037863 0.039355 0.041435 0.036733 0.057580 0.132534 
0.203188 0.358066 0.036487 0.063045 0.030276 0.141297 0.025516 0.017586 0.005090 0.019508 
0.009761 0.024237 0.023990 0.035379 0.055018 0.057906 0.048845 0.053791 0.080827 0.089906 
0.106089 0.081409 0.061928 0.052576 0.061196 0.055741 0.049164 0.047827 0.051392 0.047065 
0.033985 0.035942 0.041784 0.065579 0.047356 0.028744 0.027563 0.063724 0.056171 0.207295 
0.251530 0.168216 0.114070 0.101743 0.038935 0.084653 0.019101 0.035958 0.003655 0.022663 
0.028878 0.022868 0.007442 0.031954 0.046133 0.045462 0.049197 0.077357 0.089826 0.071198 
0.061325 0.074183 0.068503 0.051353 0.045814 0.043165 0.039884 0.039111 0.040517 0.036383 
0.054955 0.129986 0.138891 0.151468 0.073858 0.029562 0.056686 0.080692 0.016518 0.122176 
0.124724 0.084111 0.088410 0.047217 0.039315 0.027973 0.019387 0.044084 0.017179 0.018955 
0.048287 0.028044 0.006640 0.019995 0.034122 0.041627 0.060779 0.108622 0.120381 0.098351 
0.075270 0.050224 0.054127 0.075172 0.084738 0.050983 0.039286 0.036010 0.038381 0.059144 
0.111041 0.204485 0.085437 0.044294 0.057568 0.076568 0.336686 0.020953 0.050019 0.038410 
0.051328 0.060528 0.077227 0.051833 0.077514 0.023701 0.065951 0.087831 0.010762 0.032803 
0.031488 0.036196 0.008090 0.016322 0.025028 0.032733 0.059575 0.142409 0.092639 0.092078 
0.063860 0.075699 0.150400 0.148762 0.100394 0.051358 0.038003 0.033929 0.040670 0.046118 
0.084654 0.231329 0.009691 0.005430 0.017743 0.044023 0.040656 0.446066 0.088483 0.112119 
0.115162 0.070995 0.047505 0.040344 0.058187 0.018032 0.072695 0.081623 0.024875 0.029123 
0.034273 0.019578 0.015972 0.026362 0.037678 0.035811 0.053164 0.038834 0.026495 0.035172 
0.022406 0.041417 0.080129 0.070453 0.090829 0.076974 0.068138 0.046061 0.032886 0.047325 
0.168692 0.029461 0.059849 0.015174 0.067974 0.060769 0.007865 0.047464 0.157094 0.137946 
0.168844 0.058691 0.039772 0.030426 0.050793 0.030356 0.062619 0.054035 0.013632 0.040438 
0.008171 0.021869 0.023611 0.034599 0.040570 0.025617 0.054523 0.007481 0.019821 0.042844 
0.007230 0.009352 0.024404 0.030838 0.021499 0.019553 0.017120 0.015172 0.023336 0.030404 
0.022876 0.001873 0.006382 0.009700 0.048534 0.033336 0.160541 0.019657 0.036753 0.091119 
0.146492 0.101169 0.034062 0.018746 0.056187 0.130342 0.199495 0.119700 0.022555 0.035397 
0.021530 0.056835 0.010562 0.012627 0.028830 0.025318 0.067951 0.009934 0.002934 0.010914 
0.002164 0.025020 0.010420 0.005603 0.007418 0.006048 0.016748 0.018046 0.011995 0.038064 
0.016823 0.011950 0.014891 0.011213 0.023179 0.013161 0.020110 0.011257 0.040836 0.075399 
0.076260 0.031759 0.047901 0.022520 0.047043 0.050655 0.126522 0.054481 0.026808 0.039374 
0.024209 0.120020 0.062534 0.120906 0.058266 0.044043 0.017073 0.005201 0.007070 0.005501 
0.014247 0.019008 0.026378 0.002487 0.000810 0.027282 0.064987 0.028878 0.018287 0.015050 
0.079459 0.030326 0.029466 0.036077 0.013584 0.014156 0.016306 0.043776 0.098056 0.150063 
0.057263 0.029411 0.035848 0.018691 0.016099 0.016952 0.061866 0.103809 0.119101 0.324727 
0.273596 0.390113 0.146178 0.730746 0.081025 0.024293 0.007692 0.011571 0.025402 0.068620 
0.037139 0.037559 0.008845 0.007770 0.005310 0.016334 0.029743 0.006604 0.107195 0.212599 
0.076658 0.030381 0.094185 0.037530 0.081118 0.028104 0.024994 0.021719 0.048812 0.190225 
0.051649 0.101527 0.070737 0.036258 0.016993 0.021394 0.033108 0.045216 0.096967 0.153883 
0.178796 0.236972 0.352095 0.193158 0.181563 0.053934 0.098130 0.122410 0.159948 0.073277 
0.006248 0.082292 0.036053 0.006480 0.044166 0.061473 0.041827 0.022578 0.014622 0.023921 
0.096865 0.039242 0.115666 0.055371 0.047152 0.041355 0.011549 0.029559 0.053730 0.233725 
0.046518 0.032493 0.047534 0.045835 0.050544 0.044326 0.026146 0.014842 0.018221 0.047713 
0.052635 0.059351 0.051709 0.033439 0.043470 0.092778 0.053111 0.079024 0.068404 0.129894 
0.076092 0.294460 0.058495 0.028771 0.106909 0.182289 0.068746 0.017313 0.051527 0.020299 
0.022302 0.057777 0.048162 0.033691 0.014008 0.035663 0.027662 0.025302 0.018089 0.151966 
0.047832 0.038607 0.042113 0.043317 0.048162 0.057894 0.024450 0.023203 0.034683 0.030188 
0.043343 0.062562 0.024969 0.016211 0.018300 0.082616 0.048709 0.030944 0.051253 0.083686 
0.039032 0.052863 0.104823 0.171128 0.049237 0.051564 0.043525 0.033636 0.040573 0.027021 
0.029358 0.027800 0.067127 0.076166 0.041181 0.087248 0.017499 0.009146 0.043354 0.092188 
0.034454 0.030793 0.040803 0.031382 0.031398 0.052628 0.035334 0.078279 0.063883 0.054908 
0.010986 0.022368 0.023799 0.016626 0.029297 0.051863 0.043123 0.102241 0.171928 0.115960 
0.035447 0.029153 0.096221 0.079736 0.057367 0.126920 0.028689 0.100106 0.013810 0.055442 
0.064583 0.091567 0.082122 0.089705 0.336555 0.212982 0.064426 0.075154 0.080911 0.172642 
0.085696 0.058793 0.040491 0.027837 0.033899 0.037856 0.029057 0.066011 0.046974 0.023569 
0.016817 0.032046 0.022984 0.046707 0.135760 0.130605 0.102425 0.053473 0.036775 0.077123 
0.068076 0.052187 0.075541 0.134334 0.167867 0.332216 0.235175 0.259643 0.094253 0.224429 
0.165402 0.164832 0.088167 0.041871 0.111056 0.176793 0.220442 0.472023 0.243214 0.462647 
0.064998 0.046020 0.036119 0.042739 0.105053 0.040666 0.030575 0.030656 0.016995 0.024495 
0.013543 0.033787 0.076516 0.168217 0.118101 0.222629 0.218541 0.073697 0.119058 0.117933 
0.122025 0.152324 0.259520 0.365461 0.233817 0.472704 0.109273 0.254990 0.217982 0.412162 
0.400290 0.268737 0.335219 0.150748 0.233025 0.408144 0.309915 0.181959 0.184243 0.142617 
0.167941 0.275585 0.194014 0.230230 0.160781 0.181359 0.174946 0.224372 0.364513 0.405347 
0.153429 0.366069 0.418872 0.466017 0.304907 0.372728 0.447392 0.143806 0.482552 0.534490 
0.346316 0.490369 0.566473 0.332379 0.258848 0.372831 0.330354 0.395990 0.294939 0.314609 
0.175613 0.272590 0.339807 0.232849 0.304597 0.218249 0.273547 0.242933 0.251368 0.392916 
0.420651 0.613978 0.333354 0.320498 0.507423 0.455030 0.390959 0.389244 0.489479 0.446895 
0.445961 0.394695 0.334259 0.278063 0.335151 0.540700 0.446249 0.524007 0.486022 0.438068 
0.540824 0.408179 0.398627 0.491896 0.467420 0.506039 0.398818 0.479386 0.550995 0.399696 
0.184110 0.531856 0.402700 0.550388 0.510728 0.513273 0.462713 0.440790 0.458806 0.184144 
0.278144 0.691860 0.517777 0.558632 0.740709 0.744614 0.616500 0.535253 0.699555 0.638736 
0.676962 0.650191 0.546509 0.466015 0.556178 0.581443 0.598456 0.550668 0.557382 0.677363 
0.719441 0.718882 0.736469 0.737154 0.695335 0.785437 0.726719 0.735083 0.734937 0.650919 
0.435112 0.584297 0.651470 0.716237 0.765391 0.767599 0.737426 0.731821 0.527100 0.190531 
0.230837 0.395883 0.448832 0.472498 0.439707 0.502756 0.338044 0.414061 0.391072 0.441238 
0.427280 0.374337 0.392313 0.334621 0.464041 0.405369 0.491842 0.422782 0.351059 0.391515 
0.516153 0.532764 0.482402 0.505888 0.488315 0.507551 0.544200 0.529771 0.434488 0.409379 
0.467116 0.388903 0.470603 0.425677 0.447764 0.337950 0.375876 0.555957 0.298296 0.143616 
0.214340 0.308478 0.483626 0.357160 0.180014 0.443821 0.512811 0.339862 0.341657 0.432067 
0.444305 0.325405 0.391504 0.329199 0.567309 0.505205 0.458546 0.423070 0.357883 0.348191 
0.443485 0.505765 0.416544 0.475695 0.559028 0.590676 0.604920 0.489666 0.425601 0.439839 
0.451512 0.444498 0.442038 0.548050 0.506004 0.454386 0.417809 0.474816 0.358476 0.162560 
0.230962 0.291045 0.443689 0.330349 0.041508 0.501058 0.567408 0.333636 0.392662 0.349412 
0.372917 0.474190 0.471277 0.365983 0.488716 0.529438 0.518563 0.493538 0.328570 0.387907 
0.386238 0.498265 0.544042 0.455659 0.488654 0.531837 0.538165 0.414772 0.432223 0.461122 
0.457708 0.531376 0.472120 0.493298 0.508473 0.498264 0.411561 0.415788 0.383356 0.200840 
0.222049 0.277511 0.442116 0.501395 0.545301 0.456837 0.434822 0.506800 0.530252 0.303341 
0.385552 0.489399 0.398889 0.572050 0.522121 0.535024 0.506810 0.428357 0.416010 0.402096 
0.300880 0.467278 0.488219 0.493625 0.484089 0.372974 0.497318 0.503737 0.459837 0.458285 
0.475821 0.513517 0.494262 0.439041 0.507133 0.444772 0.379634 0.422067 0.318084 0.188367 
0.226285 0.347838 0.386703 0.380005 0.439877 0.465632 0.579923 0.584711 0.591531 0.360530 
0.465837 0.376712 0.253333 0.530829 0.469145 0.552577 0.445702 0.402439 0.350189 0.351582 
0.320451 0.461964 0.468845 0.551991 0.509477 0.285149 0.444110 0.498106 0.536950 0.391487 
0.473506 0.465688 0.471107 0.446910 0.482979 0.486067 0.422924 0.502317 0.293925 0.193341 
0.247531 0.352170 0.365014 0.366892 0.514743 0.511382 0.527504 0.452539 0.416496 0.535957 
0.438237 0.513975 0.452901 0.553684 0.381752 0.435456 0.481450 0.453525 0.445667 0.559026 
0.342590 0.366751 0.462556 0.458168 0.458305 0.499091 0.482999 0.443584 0.509462 0.542936 
0.473617 0.474684 0.444566 0.418947 0.457713 0.532955 0.412230 0.421497 0.386106 0.220792 
0.219107 0.364718 0.504010 0.456895 0.452806 0.394714 0.395180 0.329947 0.369258 0.580225 
0.582734 0.596714 0.452621 0.452107 0.353682 0.359050 0.446458 0.502158 0.532306 0.514937 
0.471889 0.450411 0.330151 0.439270 0.388044 0.506441 0.556314 0.500427 0.441389 0.562174 
0.549664 0.518027 0.513304 0.453275 0.556010 0.550716 0.424326 0.466054 0.435458 0.224859 
0.217690 0.353392 0.467280 0.447657 0.437137 0.407653 0.442767 0.415544 0.407523 0.412300 
0.395476 0.554322 0.420656 0.407278 0.372700 0.353004 0.430967 0.526218 0.442301 0.391587 
0.453203 0.528067 0.388959 0.291515 0.479197 0.619377 0.576190 0.384647 0.436008 0.504716 
0.512088 0.504645 0.484554 0.439081 0.513555 0.487665 0.412449 0.525057 0.432461 0.213036 
0.233322 0.360141 0.455105 0.390605 0.422202 0.345391 0.479779 0.420859 0.523651 0.492744 
0.372176 0.614075 0.525867 0.459322 0.406779 0.539649 0.537756 0.320696 0.275582 0.338181 
0.498365 0.559970 0.522632 0.421975 0.458711 0.553001 0.561700 0.391170 0.443640 0.485770 
0.511084 0.471850 0.488562 0.415576 0.457627 0.460818 0.460073 0.543229 0.367094 0.200390 
0.248221 0.477721 0.542568 0.395556 0.412784 0.317335 0.406919 0.404213 0.412383 0.540437 
0.544589 0.430948 0.457269 0.481455 0.384512 0.555367 0.667317 0.460523 0.227907 0.277647 
0.488068 0.598484 0.499572 0.511835 0.401258 0.419652 0.458972 0.423457 0.414802 0.498894 
0.445580 0.381708 0.457658 0.480841 0.444906 0.422875 0.400115 0.506287 0.302361 0.209930 
0.247141 0.449355 0.498910 0.447773 0.444694 0.424974 0.403719 0.355630 0.313916 0.495496 
0.535702 0.271454 0.262082 0.567425 0.412794 0.089616 0.600793 0.542461 0.482114 0.532984 
0.425163 0.549937 0.490850 0.453562 0.332086 0.389671 0.491419 0.522581 0.459380 0.448341 
0.424866 0.375920 0.456731 0.501439 0.424391 0.340470 0.318604 0.485366 0.260467 0.220968 
0.257158 0.371343 0.526306 0.322175 0.465965 0.530424 0.432522 0.546785 0.484677 0.427299 
0.329171 0.233384 0.253778 0.468098 0.236094 0.020037 0.050884 0.289740 0.453408 0.597453 
0.458338 0.491047 0.491726 0.479899 0.377122 0.368047 0.517733 0.516953 0.543970 0.508952 
0.488771 0.407023 0.380990 0.473218 0.384470 0.319991 0.314036 0.445937 0.247838 0.170175 
0.249379 0.367073 0.491292 0.473560 0.482161 0.547345 0.448300 0.473866 0.517803 0.499351 
0.293269 0.299517 0.233955 0.231354 0.657399 0.109922 0.028879 0.278844 0.392057 0.484552 
0.435485 0.410940 0.526023 0.535583 0.521810 0.443170 0.417339 0.463862 0.496550 0.557043 
0.629786 0.488496 0.394703 0.414572 0.372609 0.399725 0.328450 0.388210 0.275933 0.205100 
0.230897 0.401274 0.510064 0.524353 0.524301 0.533104 0.517167 0.571826 0.352709 0.476918 
0.472022 0.353106 0.316761 0.302594 0.737149 0.482616 0.305381 0.394870 0.405799 0.488428 
0.484960 0.470324 0.500759 0.495650 0.443905 0.385706 0.402135 0.464752 0.364285 0.386799 
0.523688 0.538194 0.392646 0.443127 0.388493 0.396089 0.315799 0.416523 0.393266 0.318101 
0.249054 0.339695 0.461409 0.481924 0.419868 0.584289 0.614458 0.604549 0.357560 0.496983 
0.565666 0.454877 0.455936 0.514074 0.626725 0.604033 0.691418 0.492255 0.358451 0.509057 
0.501065 0.565135 0.465590 0.525535 0.397248 0.456703 0.378094 0.456172 0.316580 0.306892 
0.482727 0.603374 0.523598 0.543372 0.509891 0.466800 0.412959 0.421107 0.631527 0.341470 
0.226487 0.364102 0.446461 0.508525 0.397254 0.484069 0.538926 0.483262 0.544974 0.524143 
0.437193 0.400113 0.476023 0.516628 0.506639 0.508642 0.497924 0.516636 0.386047 0.483068 
0.570120 0.562948 0.439767 0.470258 0.424817 0.496368 0.492677 0.486938 0.540259 0.405272 
0.515765 0.511896 0.543032 0.497730 0.461320 0.510161 0.413342 0.433253 0.549619 0.261472 
0.232181 0.329214 0.391542 0.383249 0.315332 0.349718 0.492783 0.572881 0.525253 0.448514 
0.385330 0.392363 0.471198 0.514122 0.478010 0.479874 0.442493 0.464681 0.558643 0.485207 
0.595492 0.557017 0.451667 0.449761 0.467927 0.554373 0.456820 0.558351 0.655370 0.588994 
0.505245 0.512153 0.462230 0.473503 0.501330 0.441172 0.328620 0.391350 0.369460 0.200753 
0.282080 0.387620 0.374655 0.457230 0.451307 0.296150 0.360198 0.432215 0.548453 0.514497 
0.482143 0.531544 0.473420 0.473235 0.342903 0.477187 0.534060 0.346790 0.546922 0.455066 
0.536687 0.548121 0.515168 0.469456 0.411592 0.523264 0.480681 0.475599 0.619088 0.517788 
0.499656 0.527201 0.414412 0.367022 0.430640 0.362100 0.333511 0.365278 0.355278 0.199591 
0.283024 0.285724 0.278658 0.394755 0.562751 0.623195 0.713604 0.712877 0.665746 0.509509 
0.424993 0.547432 0.528948 0.483732 0.552372 0.559036 0.549863 0.378437 0.496449 0.518454 
0.396814 0.522720 0.558692 0.528255 0.516266 0.504025 0.476777 0.519372 0.524697 0.468806 
0.391565 0.437824 0.385300 0.389160 0.481720 0.450215 0.443076 0.516438 0.345473 0.228297 
0.262263 0.354071 0.169997 0.197916 0.471307 0.744740 0.806399 0.546435 0.201438 0.405715 
0.470440 0.475366 0.483709 0.450728 0.514881 0.540423 0.472875 0.466003 0.410315 0.480785 
0.494016 0.488980 0.446124 0.518198 0.500450 0.491375 0.428236 0.490561 0.464096 0.427814 
0.424385 0.351144 0.461933 0.572100 0.540977 0.469185 0.400634 0.584872 0.593790 0.253137 
0.078523 0.060388 0.112841 0.078061 0.234311 0.613237 0.567561 0.053339 0.022569 0.074973 
0.311698 0.365368 0.438148 0.430119 0.459062 0.548880 0.486962 0.355381 0.493867 0.496116 
0.529543 0.465525 0.420298 0.424127 0.458236 0.445828 0.385971 0.404831 0.444110 0.447663 
0.412107 0.436049 0.475044 0.522825 0.421328 0.454998 0.447267 0.597901 0.550178 0.173930 
0.106802 0.030473 0.087282 0.033071 0.158662 0.044517 0.150944 0.029057 0.032475 0.094098 
0.477801 0.420473 0.473686 0.469567 0.438984 0.405617 0.449232 0.536439 0.489123 0.375394 
0.452815 0.413962 0.413972 0.440265 0.508344 0.563966 0.475254 0.480995 0.470788 0.396335 
0.482713 0.547214 0.507480 0.493340 0.359632 0.287885 0.440044 0.572683 0.569189 0.439402 
0.117145 0.064913 0.302643 0.089201 0.165754 0.050411 0.088443 0.158993 0.031784 0.150138 
0.243840 0.272047 0.416374 0.459826 0.426989 0.386505 0.435338 0.494418 0.399792 0.363624 
0.476663 0.444235 0.562384 0.573775 0.487886 0.533189 0.543903 0.474791 0.454986 0.439411 
0.502120 0.524891 0.397743 0.309648 0.305575 0.370004 0.485842 0.570766 0.149346 0.229817 
0.183699 0.352562 0.760575 0.167290 0.432741 0.448588 0.098015 0.144575 0.122592 0.086715 
0.042428 0.139933 0.229561 0.420057 0.358958 0.424715 0.497511 0.418073 0.455774 0.652417 
0.834161 0.717027 0.694156 0.689637 0.714943 0.564721 0.548456 0.526061 0.515944 0.485681 
0.484762 0.452955 0.504569 0.445706 0.539596 0.613938 0.770013 0.362311 0.072426 0.066551 
0.325096 0.596063 0.643130 0.280020 0.394278 0.336978 0.468949 0.099239 0.132824 0.218682 
0.103390 0.083980 0.214230 0.464618 0.462869 0.413305 0.529604 0.363645 0.623639 0.649149 
0.822651 0.712921 0.556890 0.486845 0.607654 0.675925 0.544774 0.681303 0.673424 0.397055 
0.399101 0.709586 0.921307 0.928265 0.755886 0.334688 0.288286 0.145171 0.042769 0.078703 
0.351815 0.369985 0.242018 0.189600 0.101832 0.035452 0.201506 0.307166 0.025033 0.051077 
0.091079 0.101732 0.347441 0.430261 0.393911 0.344070 0.335385 0.259833 0.686260 0.582480 
0.524050 0.503423 0.517269 0.601751 0.668927 0.757711 0.653634 0.593678 0.550286 0.391496 
0.586397 0.800127 0.525106 0.572157 0.234224 0.361195 0.142653 0.148491 0.081028 0.088733 
0.253117 0.118365 0.114768 0.215157 0.711132 0.113435 0.123088 0.223533 0.159825 0.088261 
0.041306 0.074195 0.363569 0.234480 0.182774 0.183027 0.214351 0.398275 0.421330 0.236581 
0.183941 0.208586 0.537306 0.746648 0.825014 0.704181 0.427961 0.417928 0.469471 0.496058 
0.262257 0.086283 0.092391 0.185276 0.048038 0.207015 0.510307 0.342393 0.069701 0.050534 
0.483951 0.426792 0.296499 0.194574 0.458877 0.175128 0.061475 0.047826 0.364766 0.004789 
0.012159 0.094300 0.421917 0.385243 0.217654 0.214680 0.414710 0.092830 0.039784 0.025152 
0.129498 0.277886 0.378713 0.111078 0.138292 0.075889 0.281310 0.529811 0.203082 0.165816 
0.055225 0.056254 0.247671 0.352637 0.204626 0.115223 0.292759 0.831916 0.654068 0.039475 
0.331999 0.356678 0.193704 0.237777 0.441108 0.226163 0.130226 0.243994 0.155645 0.066343 
0.012058 0.130735 0.642329 0.557715 0.355124 0.248255 0.082178 0.038327 0.108678 0.267514 
0.252129 0.192224 0.044552 0.080242 0.036037 0.013119 0.055969 0.264250 0.054543 0.024012 
0.061540 0.136916 0.145728 0.742148 0.586483 0.092811 0.101349 0.439465 0.523607 0.149667 
0.509923 0.220667 0.531057 0.580977 0.221579 0.192952 0.613300 0.346743 0.043651 0.573188 
0.013513 0.044717 0.426175 0.527474 0.247260 0.389574 0.112529 0.030002 0.099775 0.212282 
0.075857 0.067842 0.058923 0.373744 0.171308 0.087967 0.090428 0.062137 0.032764 0.023976 
0.214062 0.221288 0.198681 0.407025 0.791969 0.149802 0.093065 0.375029 0.159037 0.150615 
0.395615 0.213716 0.296175 0.336400 0.375094 0.448981 0.366235 0.501196 0.076073 0.287711 
0.112441 0.113721 0.208781 0.232813 0.242162 0.247378 0.319812 0.030187 0.025436 0.134777 
0.111914 0.287106 0.465509 0.394201 0.066870 0.070074 0.140235 0.123766 0.025887 0.024007 
0.578579 0.565669 0.194266 0.138057 0.591501 0.341923 0.253599 0.299779 0.248348 0.189481 
0.354138 0.142764 0.058973 0.410319 0.669662 0.483346 0.235974 0.032969 0.432719 0.586997 
0.123881 0.334580 0.336362 0.724505 0.579739 0.114355 0.062978 0.046409 0.166144 0.248980 
0.009005 0.097359 0.272500 0.074146 0.095349 0.140517 0.065569 0.427136 0.425578 0.075462 
0.275629 0.439441 0.301218 0.263504 0.405121 0.605652 0.239116 0.447598 0.609298 0.146682 
0.169757 0.145685 0.536097 0.307594 0.395580 0.505360 0.318079 0.211618 0.223567 0.531336 
0.197703 0.112466 0.153973 0.453238 0.684948 0.195617 0.007854 0.039594 0.726227 0.651300 
0.011183 0.044082 0.147320 0.420945 0.016394 0.118286 0.237322 0.044110 0.229503 0.179682 
0.199957 0.120818 0.411698 0.636375 0.519952 0.379882 0.116978 0.212970 0.598469 0.157072 
0.113328 0.345842 0.593779 0.376157 0.321235 0.313501 0.447375 0.451923 0.277657 0.508795 
0.279718 0.031752 0.090823 0.714798 0.616128 0.235085 0.048969 0.186502 0.560095 0.572162 
0.480418 0.657904 0.162891 0.324598 0.131619 0.282386 0.469606 0.079448 0.078296 0.090468 
0.131431 0.086760 0.525904 0.240445 0.075166 0.102423 0.159506 0.253743 0.292841 0.028805 
0.314280 0.218781 0.321526 0.105432 0.331732 0.380709 0.443075 0.527661 0.374359 0.532313 
0.156668 0.112416 0.173952 0.341863 0.331928 0.295975 0.245496 0.245726 0.172928 0.646031 
0.798497 0.801141 0.732926 0.031092 0.099139 0.535221 0.556723 0.490313 0.083969 0.125700 
0.093183 0.043140 0.165689 0.210961 0.540348 0.323344 0.326942 0.393592 0.233942 0.025271 
0.347080 0.168415 0.221413 0.117227 0.145898 0.310956 0.289279 0.299614 0.280899 0.430505 
0.231054 0.120682 0.166178 0.157139 0.301935 0.372134 0.138451 0.371982 0.220426 0.252684 
0.549774 0.752763 0.629647 0.167677 0.091834 0.103672 0.103620 0.382634 0.516095 0.339289 
0.194980 0.103067 0.035985 0.290967 0.895556 0.753587 0.120069 0.143538 0.209553 0.164334 
0.221061 0.093961 0.100371 0.228352 0.044941 0.098378 0.243571 0.124609 0.026415 0.172693 
0.270989 0.074880 0.026851 0.039827 0.363225 0.881897 0.494468 0.391762 0.329517 0.150763 
0.207233 0.181947 0.128141 0.068196 0.182297 0.230323 0.304569 0.162763 0.422728 0.430286 
0.093147 0.151463 0.086590 0.629649 0.856543 0.669869 0.535214 0.695311 0.672526 0.310107 
0.306078 0.425975 0.474500 0.376307 0.119104 0.200102 0.463327 0.082426 0.129983 0.579194 
0.581712 0.300531 0.415220 0.318419 0.167528 0.843257 0.869914 0.304891 0.218556 0.144554 
0.255695 0.404652 0.305125 0.209057 0.732196 0.808508 0.736958 0.503607 0.872395 0.916275 
0.595055 0.686530 0.577910 0.567060 0.797610 0.799038 0.652695 0.655083 0.646263 0.253401 
0.215745 0.255526 0.292888 0.308012 0.293798 0.311834 0.358717 0.345245 0.324024 0.377953 
0.390787 0.415751 0.487966 0.448207 0.394957 0.375502 0.422902 0.462139 0.402401 0.435006 
0.473823 0.505985 0.480470 0.483837 0.489779 0.453751 0.471413 0.447612 0.401899 0.419245 
0.402003 0.454906 0.389481 0.362471 0.354058 0.371915 0.403656 0.448613 0.525741 0.364131 
0.241022 0.306739 0.303265 0.356763 0.379819 0.363819 0.468299 0.365548 0.339999 0.322390 
0.353962 0.371821 0.337049 0.292723 0.243590 0.483069 0.274743 0.434693 0.439522 0.394927 
0.399750 0.422473 0.439903 0.454936 0.523758 0.403604 0.342412 0.377252 0.448781 0.381564 
0.338993 0.419333 0.320624 0.447986 0.381850 0.412331 0.397997 0.440246 0.665021 0.468393 
0.289505 0.320192 0.315745 0.468070 0.519752 0.395954 0.389887 0.440418 0.454728 0.404442 
0.446697 0.566527 0.503763 0.480698 0.322541 0.430858 0.422861 0.451004 0.433272 0.451506 
0.385786 0.424249 0.450263 0.444937 0.445988 0.446590 0.406865 0.412435 0.494812 0.456920 
0.344883 0.339242 0.405579 0.426732 0.467555 0.543356 0.539384 0.478572 0.590439 0.474372 
0.342998 0.384094 0.481354 0.839691 0.794872 0.433992 0.416019 0.486110 0.484851 0.480203 
0.497018 0.566642 0.481333 0.419049 0.329932 0.314026 0.450784 0.332073 0.491666 0.421551 
0.418385 0.468372 0.478355 0.438192 0.375401 0.384574 0.428850 0.446855 0.390600 0.411906 
0.428048 0.414829 0.483134 0.409090 0.418493 0.353139 0.417516 0.430180 0.515107 0.448075 
0.371233 0.394152 0.395845 0.534876 0.362482 0.588872 0.540994 0.480017 0.601195 0.570204 
0.468435 0.383654 0.313157 0.259039 0.413557 0.372969 0.411958 0.363050 0.368995 0.419498 
0.511780 0.410640 0.403513 0.426730 0.535991 0.554062 0.505111 0.533829 0.539980 0.437094 
0.516476 0.515549 0.489958 0.446876 0.399899 0.374540 0.468971 0.524288 0.558810 0.475016 
0.328156 0.375641 0.294169 0.274894 0.190501 0.323742 0.324246 0.295923 0.412659 0.455480 
0.458488 0.521220 0.440140 0.362008 0.458558 0.410012 0.400531 0.537761 0.472216 0.546736 
0.434884 0.439200 0.373008 0.426038 0.557975 0.671895 0.523539 0.446327 0.485216 0.489055 
0.407942 0.426699 0.419254 0.450099 0.414736 0.455061 0.453412 0.504314 0.634785 0.504057 
0.313953 0.460989 0.389047 0.339665 0.296682 0.231748 0.300081 0.326646 0.283028 0.348031 
0.589060 0.535637 0.470308 0.381737 0.506310 0.455493 0.475705 0.474587 0.399707 0.459024 
0.448953 0.486639 0.439580 0.421344 0.393266 0.285558 0.422897 0.415207 0.363976 0.484757 
0.394401 0.433028 0.445827 0.474997 0.453050 0.508024 0.571146 0.514551 0.592918 0.509581 
0.330295 0.551941 0.560070 0.497035 0.442211 0.375002 0.369939 0.422763 0.358721 0.397099 
0.398013 0.309454 0.265645 0.471146 0.405837 0.469622 0.458515 0.434005 0.449888 0.358460 
0.466148 0.583230 0.553212 0.502923 0.522304 0.356136 0.423190 0.448831 0.381387 0.357213 
0.398624 0.374644 0.412009 0.518846 0.461765 0.462746 0.527114 0.573810 0.580776 0.510067 
0.294890 0.454664 0.416175 0.390040 0.429366 0.485888 0.409352 0.514614 0.497595 0.510866 
0.431765 0.356830 0.389471 0.491678 0.514908 0.501209 0.381968 0.344273 0.369541 0.396087 
0.428668 0.469843 0.555656 0.467470 0.416513 0.410825 0.463916 0.534521 0.482622 0.390305 
0.424042 0.394718 0.419996 0.429798 0.410670 0.440259 0.507434 0.437675 0.497315 0.471740 
0.330888 0.416476 0.282819 0.368328 0.426656 0.440532 0.439674 0.398755 0.461377 0.569226 
0.555584 0.412113 0.560385 0.604722 0.500709 0.479600 0.494230 0.586132 0.492120 0.494964 
0.430985 0.436180 0.369288 0.374568 0.387700 0.414551 0.395581 0.492918 0.466122 0.431337 
0.431794 0.423078 0.434185 0.474040 0.409979 0.380195 0.382767 0.435795 0.529301 0.493798 
0.343102 0.420841 0.336001 0.423966 0.458218 0.425991 0.428819 0.470509 0.383146 0.368410 
0.360766 0.421391 0.429562 0.539075 0.596780 0.673938 0.655282 0.703556 0.759098 0.650267 
0.438013 0.417756 0.366484 0.357023 0.472851 0.489281 0.503922 0.493849 0.480882 0.462602 
0.500589 0.438159 0.387661 0.466517 0.411869 0.384615 0.342699 0.435432 0.559177 0.524902 
0.360255 0.489019 0.443964 0.463291 0.507155 0.521612 0.462424 0.501224 0.375153 0.384491 
0.353329 0.509600 0.514293 0.611021 0.890127 0.908058 0.828913 0.548091 0.486752 0.565908 
0.546190 0.459075 0.474435 0.512709 0.606019 0.572302 0.585180 0.561200 0.628541 0.471870 
0.498190 0.442147 0.430488 0.443116 0.465701 0.480258 0.542806 0.475166 0.608698 0.493135 
0.363177 0.405148 0.456861 0.533870 0.421722 0.472053 0.492421 0.487457 0.477610 0.496735 
0.518616 0.500292 0.662100 0.807671 0.984639 0.997674 0.985536 0.842119 0.422502 0.447561 
0.508232 0.463326 0.512808 0.565103 0.648767 0.631269 0.385766 0.380134 0.491723 0.475198 
0.504497 0.513666 0.483489 0.472544 0.519644 0.529041 0.544323 0.499448 0.550624 0.505204 
0.373730 0.387943 0.376759 0.453961 0.447314 0.523374 0.623328 0.589206 0.527181 0.533351 
0.544309 0.507121 0.737336 0.873447 0.356694 0.036127 0.512028 0.860818 0.691611 0.372124 
0.461594 0.464757 0.470507 0.501233 0.463650 0.470490 0.339007 0.352516 0.341628 0.326530 
0.395736 0.536727 0.584099 0.508020 0.460904 0.476168 0.486536 0.520732 0.574704 0.442949 
0.359484 0.476463 0.365469 0.429288 0.462803 0.479067 0.474290 0.482444 0.322122 0.367556 
0.433141 0.471535 0.485701 0.651871 0.084753 0.000254 0.013427 0.965287 0.715340 0.504180 
0.583120 0.503489 0.427861 0.423426 0.385475 0.431504 0.422936 0.422100 0.482488 0.385625 
0.377995 0.423536 0.495613 0.464331 0.502466 0.517371 0.561423 0.547965 0.655841 0.510745 
0.312342 0.380046 0.355470 0.469018 0.456501 0.424706 0.409992 0.465270 0.480182 0.415520 
0.400276 0.517232 0.399644 0.328263 0.404679 0.019980 0.189068 0.897089 0.628783 0.538071 
0.405702 0.411862 0.470109 0.436015 0.401700 0.422005 0.472353 0.550194 0.636275 0.557272 
0.452043 0.430010 0.526886 0.513568 0.488110 0.595684 0.610788 0.531019 0.481731 0.412785 
0.365850 0.478710 0.431857 0.474116 0.409804 0.393594 0.469597 0.520229 0.456819 0.474348 
0.506050 0.510700 0.467123 0.302958 0.245092 0.275066 0.432765 0.641676 0.592636 0.532240 
0.443738 0.482835 0.551638 0.486095 0.464967 0.506331 0.620388 0.606856 0.587240 0.589665 
0.514228 0.405096 0.366029 0.424769 0.439047 0.447671 0.472085 0.456434 0.396984 0.370445 
0.344889 0.514835 0.438180 0.421351 0.515802 0.447546 0.411052 0.450638 0.452310 0.524248 
0.529450 0.478562 0.461380 0.430505 0.399864 0.358276 0.365282 0.410262 0.416087 0.398813 
0.464316 0.436091 0.438515 0.449166 0.402718 0.454004 0.464911 0.411937 0.288326 0.405489 
0.483436 0.416104 0.424464 0.396776 0.427463 0.405145 0.459764 0.433111 0.494292 0.494101 
0.317124 0.434417 0.397136 0.491253 0.528650 0.502334 0.511076 0.519229 0.563128 0.510184 
0.443819 0.500929 0.541885 0.524677 0.562893 0.513757 0.489210 0.521663 0.409049 0.393092 
0.439113 0.387302 0.400593 0.422045 0.422046 0.381597 0.383531 0.357619 0.332624 0.473927 
0.486192 0.446474 0.543056 0.536716 0.529741 0.568779 0.549730 0.591069 0.619823 0.641072 
0.381733 0.562422 0.458440 0.541869 0.617834 0.746864 0.671426 0.578055 0.509822 0.509251 
0.510449 0.497223 0.526111 0.446814 0.494084 0.509869 0.517051 0.554603 0.450029 0.479022 
0.506542 0.447619 0.435025 0.435534 0.445750 0.431194 0.396302 0.448639 0.480516 0.542446 
0.607224 0.501856 0.581334 0.660100 0.585087 0.640028 0.651995 0.654595 0.696513 0.634004 
0.488841 0.733617 0.613438 0.541511 0.753005 0.848218 0.805244 0.742634 0.493790 0.503026 
0.541335 0.493772 0.471172 0.377855 0.370378 0.435729 0.423804 0.423180 0.459356 0.500779 
0.572829 0.525594 0.501082 0.491286 0.496653 0.473887 0.435145 0.451292 0.446015 0.432286 
0.498252 0.530559 0.534173 0.556199 0.555643 0.499628 0.451178 0.513171 0.627326 0.675765 
0.863016 0.878172 0.747136 0.837415 0.892172 0.775035 0.749515 0.837808 0.872137 0.639799 
0.586544 0.524646 0.509697 0.429320 0.415689 0.390369 0.477185 0.535219 0.451831 0.398987 
0.500454 0.564566 0.542493 0.516675 0.517731 0.545416 0.575980 0.504048 0.412154 0.448950 
0.512316 0.595656 0.543428 0.441612 0.464952 0.439824 0.443293 0.463182 0.527434 0.650004 
0.896089 0.965419 0.955984 0.942985 0.771728 0.339654 0.246315 0.125799 0.647826 0.796836 
0.853835 0.601113 0.510877 0.522557 0.458982 0.440498 0.420853 0.437961 0.518965 0.494869 
0.531636 0.592391 0.584014 0.563859 0.572354 0.575962 0.645517 0.616483 0.569642 0.591126 
0.581324 0.493494 0.497106 0.481618 0.518344 0.446408 0.520390 0.541287 0.676340 0.670463 
0.023748 0.143235 0.939225 0.729145 0.204731 0.199553 0.761712 0.194236 0.130274 0.817805 
0.838025 0.605427 0.552565 0.539707 0.514500 0.535615 0.454477 0.425616 0.534487 0.658138 
0.633257 0.693698 0.669493 0.627968 0.618676 0.557256 0.605499 0.582249 0.587178 0.556728 
0.520297 0.468177 0.483922 0.544608 0.530379 0.532932 0.448042 0.476771 0.677699 0.535367 
0.048781 0.058577 0.607233 0.217066 0.164789 0.123760 0.278218 0.572264 0.045217 0.959437 
0.941552 0.608155 0.646100 0.573598 0.628717 0.557649 0.532505 0.556438 0.584364 0.661944 
0.662840 0.613478 0.621495 0.618964 0.663348 0.639596 0.598205 0.591843 0.595522 0.541439 
0.536971 0.557533 0.609130 0.579414 0.525503 0.515993 0.639137 0.801049 0.923805 0.890797 
0.158825 0.347800 0.422779 0.152350 0.286137 0.165042 0.275110 0.620941 0.382129 0.167380 
0.416368 0.552020 0.777068 0.576102 0.612003 0.572511 0.600461 0.576180 0.598414 0.528882 
0.492566 0.469840 0.496150 0.500938 0.483614 0.510225 0.482835 0.453374 0.508537 0.554282 
0.507495 0.513830 0.627602 0.580449 0.607828 0.761200 0.799905 0.846261 0.384901 0.456389 
0.225181 0.354530 0.369092 0.190870 0.386063 0.661092 0.846342 0.476403 0.723162 0.115699 
0.048110 0.435541 0.629496 0.567739 0.553012 0.607338 0.631103 0.609925 0.529594 0.364704 
0.284357 0.300174 0.338480 0.362257 0.355471 0.384514 0.402236 0.364178 0.395617 0.444660 
0.471959 0.479955 0.737277 0.815020 0.747651 0.767143 0.749237 0.308901 0.034862 0.095489 
0.550468 0.734363 0.517136 0.413664 0.103748 0.113154 0.253614 0.413178 0.412782 0.369844 
0.077123 0.357785 0.622866 0.554878 0.579861 0.597094 0.748228 0.743099 0.846133 0.662584 
0.589148 0.519015 0.453801 0.448856 0.394460 0.350264 0.375920 0.402576 0.366585 0.508693 
0.766031 0.904912 0.596675 0.515276 0.783830 0.901182 0.868081 0.084503 0.077655 0.091328 
0.373299 0.421126 0.718723 0.123064 0.113767 0.020396 0.231677 0.380367 0.520417 0.906773 
0.050629 0.622654 0.880388 0.824153 0.756510 0.844890 0.844667 0.969152 0.949433 0.935596 
0.840874 0.691898 0.765855 0.890934 0.865153 0.564831 0.498247 0.519090 0.820269 0.941186 
0.952326 0.772907 0.028615 0.245862 0.642917 0.856389 0.490195 0.344092 0.044717 0.261834 
0.403471 0.401066 0.726682 0.685637 0.360012 0.137014 0.134634 0.405571 0.807183 0.144502 
0.046857 0.687672 0.893490 0.690984 0.663854 0.898874 0.927063 0.427976 0.172048 0.937190 
0.956704 0.937434 0.982263 0.961296 0.953132 0.954397 0.837356 0.881235 0.986902 0.994141 
0.835825 0.073932 0.011518 0.023514 0.140751 0.311631 0.645082 0.567864 0.533462 0.240423 
0.254512 0.492374 0.395682 0.477973 0.321327 0.113664 0.056973 0.403169 0.334689 0.037449 
0.031213 0.340587 0.911535 0.879141 0.756640 0.876752 0.922499 0.044393 0.005446 0.854447 
0.971559 0.941315 0.924697 0.359872 0.083903 0.913001 0.943657 0.954623 0.904865 0.256491 
0.640954 0.081352 0.094748 0.199960 0.040675 0.048769 0.303251 0.443510 0.522027 0.336154 
0.270445 0.179162 0.326833 0.474093 0.430672 0.195056 0.083204 0.312472 0.137521 0.375506 
0.015951 0.562918 0.981046 0.965976 0.953728 0.963249 0.769432 0.002649 0.001883 0.568005 
0.529660 0.850373 0.105713 0.080913 0.125183 0.134751 0.597498 0.807097 0.053979 0.048295 
0.462703 0.404659 0.407368 0.395035 0.403053 0.066422 0.283198 0.442477 0.277337 0.394232 
0.296459 0.658721 0.821393 0.388301 0.225942 0.262381 0.047355 0.418965 0.049414 0.392921 
0.065465 0.320388 0.653405 0.214151 0.531465 0.801804 0.807489 0.020746 0.013010 0.072655 
0.055759 0.048613 0.068810 0.154621 0.360246 0.075605 0.729009 0.788821 0.074346 0.032438 
0.371084 0.861852 0.892766 0.734239 0.366725 0.406097 0.403333 0.395008 0.283118 0.476191 
0.403978 0.379328 0.551198 0.590492 0.437902 0.211998 0.094285 0.083895 0.149085 0.238082 
0.169285 0.247033 0.071198 0.312560 0.123208 0.241469 0.404098 0.056822 0.029273 0.067316 
0.169024 0.115649 0.344887 0.059993 0.450420 0.079396 0.125305 0.312858 0.349886 0.121464 
0.453235 0.535106 0.071070 0.540812 0.300686 0.236258 0.426649 0.329847 0.478331 0.408875 
0.334073 0.347134 0.324816 0.416893 0.552310 0.482791 0.253776 0.145443 0.294167 0.239335 
0.362513 0.565599 0.163383 0.269444 0.439886 0.212498 0.039045 0.068428 0.546916 0.682564 
0.045755 0.107790 0.588348 0.490747 0.024270 0.089621 0.442054 0.533916 0.746273 0.737035 
0.612638 0.190855 0.158660 0.744865 0.863593 0.625733 0.520890 0.435998 0.698345 0.463653 
0.241306 0.332843 0.527727 0.481253 0.378075 0.319561 0.293399 0.306410 0.248504 0.256854 
0.535729 0.131813 0.154582 0.305351 0.158168 0.097761 0.051789 0.623680 0.692774 0.546122 
0.124945 0.379818 0.233340 0.573629 0.079329 0.129561 0.513057 0.421419 0.858857 0.817141 
0.626130 0.397113 0.668513 0.893062 0.765210 0.638446 0.562769 0.710503 0.820944 0.776527 
0.355297 0.410492 0.577230 0.586674 0.594693 0.187634 0.471107 0.556609 0.412694 0.391233 
0.391169 0.176075 0.230079 0.360712 0.314828 0.315698 0.254676 0.430657 0.544016 0.345786 
0.122541 0.213377 0.354734 0.282487 0.623312 0.702881 0.677868 0.643191 0.612543 0.517407 
0.548785 0.339807 0.322554 0.457335 0.096819 0.375344 0.838205 0.879681 0.916646 0.191893 
0.525001 0.474876 0.206697 0.133882 0.435395 0.323613 0.692354 0.843665 0.600130 0.592890 
0.317519 0.125374 0.320960 0.516025 0.474035 0.559491 0.397126 0.341475 0.456777 0.455826 
0.411014 0.256594 0.297491 0.400313 0.581202 0.362440 0.347938 0.658337 0.893791 0.870932 
0.543772 0.387398 0.481032 0.432770 0.136533 0.382221 0.495111 0.616293 0.741235 0.201010 
0.378466 0.378871 0.386496 0.383711 0.277068 0.461701 0.854987 0.945226 0.301852 0.688086 
0.702065 0.305265 0.562196 0.778785 0.912689 0.788899 0.573384 0.752019 0.787826 0.838207 
0.883423 0.764917 0.751211 0.526525 0.675906 0.238948 0.489007 0.545545 0.719043 0.411193 
0.654513 0.581801 0.192707 0.324325 0.227167 0.321252 0.352307 0.333727 0.526613 0.380355 
0.684995 0.725293 0.618146 0.722221 0.318011 0.750951 0.906316 0.707122 0.036613 0.657585 
0.811260 0.602245 0.725844 0.831091 0.821459 0.573243 0.747622 0.882684 0.791038 0.821142 
0.859247 0.615375 0.532702 0.426003 0.622335 0.391486 0.531564 0.572574 0.708363 0.501609 
0.659419 0.776371 0.566878 0.621325 0.568486 0.756693 0.833800 0.814678 0.824687 0.696549 
0.837187 0.856868 0.866379 0.849515 0.834273 0.834436 0.844063 0.831612 0.830243 0.835081 
0.846346 0.844333 0.827333 0.847581 0.822670 0.810871 0.829564 0.851228 0.848572 0.840922 
0.820785 0.818183 0.812802 0.803717 0.808445 0.803139 0.794003 0.804766 0.802325 0.816589 
0.817207 0.790033 0.812556 0.814489 0.812100 0.807645 0.820069 0.830070 0.850801 0.705113 
0.868787 0.917692 0.904532 0.921256 0.916191 0.912354 0.912472 0.899419 0.918169 0.909935 
0.913406 0.912534 0.904786 0.918991 0.869565 0.887528 0.895700 0.894643 0.894314 0.902526 
0.892202 0.903876 0.905325 0.906198 0.896691 0.901780 0.904838 0.906615 0.882736 0.902917 
0.901242 0.878647 0.893941 0.905625 0.915648 0.917138 0.920744 0.909291 0.901914 0.787250 
0.847164 0.938127 0.908123 0.915735 0.890588 0.899396 0.898054 0.895693 0.897789 0.900044 
0.900536 0.896351 0.914691 0.910032 0.852106 0.875824 0.895492 0.890762 0.895312 0.887640 
0.890569 0.883173 0.890053 0.882038 0.874703 0.882014 0.884416 0.884368 0.864521 0.888337 
0.890946 0.882703 0.890897 0.878092 0.869465 0.856805 0.858327 0.862258 0.905704 0.794818 
0.834901 0.952107 0.918647 0.870738 0.867439 0.895259 0.901662 0.912789 0.912046 0.905801 
0.907386 0.898666 0.890278 0.884774 0.876326 0.889293 0.896747 0.891321 0.885742 0.886864 
0.900973 0.885991 0.892760 0.898410 0.905982 0.905664 0.891393 0.891914 0.898386 0.896030 
0.893717 0.893217 0.884736 0.883491 0.879961 0.886364 0.889861 0.878543 0.910730 0.777865 
0.819164 0.950985 0.899054 0.848230 0.916456 0.821974 0.847290 0.901763 0.904691 0.900762 
0.896639 0.902668 0.909031 0.901640 0.901982 0.885993 0.893876 0.907808 0.906608 0.905796 
0.892195 0.890894 0.904138 0.896062 0.897811 0.897585 0.896522 0.900735 0.900624 0.907235 
0.884926 0.894270 0.886908 0.895644 0.896654 0.899847 0.898339 0.880941 0.923718 0.785593 
0.809063 0.952880 0.925964 0.935000 0.919403 0.888276 0.871452 0.902287 0.897110 0.903578 
0.908330 0.898729 0.910877 0.895139 0.910986 0.905544 0.915394 0.897157 0.900225 0.896811 
0.897536 0.905618 0.907914 0.901550 0.876048 0.864289 0.885401 0.895448 0.888509 0.896768 
0.892911 0.895089 0.896398 0.898865 0.904331 0.904299 0.908569 0.893582 0.916526 0.784968 
0.827779 0.955606 0.935830 0.932223 0.912955 0.923025 0.896935 0.911911 0.923660 0.914516 
0.892358 0.873680 0.894410 0.888323 0.883928 0.906206 0.907814 0.894903 0.897738 0.889125 
0.898088 0.906994 0.906404 0.893945 0.901294 0.892142 0.877412 0.883176 0.899774 0.894499 
0.895105 0.889789 0.903512 0.900183 0.902349 0.894935 0.900599 0.906690 0.918687 0.783970 
0.828280 0.945016 0.909818 0.915841 0.911023 0.936616 0.926270 0.926171 0.931890 0.906230 
0.893260 0.900355 0.899576 0.908655 0.896902 0.915284 0.912446 0.901122 0.902835 0.904036 
0.897972 0.895578 0.898757 0.889562 0.909644 0.912133 0.905267 0.887973 0.910833 0.905082 
0.900768 0.895452 0.896430 0.885981 0.898796 0.893070 0.892824 0.884706 0.920702 0.788773 
0.832782 0.923445 0.890001 0.908228 0.918599 0.912167 0.911588 0.912600 0.907507 0.902106 
0.919218 0.921434 0.913582 0.906813 0.897264 0.902503 0.905960 0.916073 0.900389 0.903060 
0.895133 0.894305 0.870503 0.888428 0.897252 0.898628 0.882920 0.892617 0.896702 0.909563 
0.902380 0.905168 0.902028 0.907731 0.902491 0.886262 0.892723 0.894982 0.918499 0.783175 
0.837683 0.931185 0.904335 0.917722 0.914337 0.908956 0.915780 0.918759 0.898658 0.883042 
0.893458 0.890408 0.879573 0.894448 0.907753 0.910212 0.913286 0.917142 0.916118 0.898366 
0.891462 0.893355 0.886072 0.881827 0.893562 0.891277 0.891582 0.889878 0.898908 0.905842 
0.904603 0.908214 0.901617 0.892711 0.901484 0.893214 0.896893 0.889380 0.915870 0.783932 
0.845729 0.935568 0.903657 0.917241 0.922691 0.912311 0.921129 0.917251 0.908960 0.897619 
0.898717 0.894486 0.881804 0.886939 0.893161 0.878784 0.895573 0.876981 0.880362 0.893067 
0.909271 0.893199 0.907395 0.914131 0.901474 0.888161 0.906095 0.903463 0.909469 0.895841 
0.899673 0.902743 0.905176 0.892377 0.900106 0.903984 0.911777 0.899247 0.922823 0.780512 
0.859106 0.928202 0.916366 0.919079 0.922823 0.905428 0.912261 0.906059 0.920468 0.915498 
0.923465 0.910637 0.896894 0.890582 0.868958 0.857878 0.854506 0.877087 0.864363 0.874417 
0.893125 0.902909 0.911474 0.916962 0.901297 0.895992 0.894282 0.883007 0.890026 0.897699 
0.890977 0.905463 0.910962 0.902278 0.915448 0.905186 0.905561 0.910082 0.923932 0.789481 
0.839561 0.928819 0.898248 0.912151 0.920553 0.906321 0.915213 0.905505 0.919168 0.902692 
0.911435 0.914467 0.913409 0.944247 0.896725 0.945551 0.846253 0.898897 0.918345 0.903050 
0.894119 0.896013 0.894375 0.894416 0.878136 0.886407 0.885166 0.887119 0.884612 0.877604 
0.877476 0.904465 0.908226 0.905520 0.902237 0.896707 0.894099 0.902612 0.921919 0.786584 
0.845541 0.941112 0.916947 0.910807 0.922505 0.902412 0.907233 0.896539 0.895017 0.881248 
0.908340 0.899921 0.905794 0.935939 0.920173 0.883105 0.920666 0.912289 0.932383 0.902399 
0.913443 0.905956 0.881646 0.879508 0.895295 0.901750 0.900698 0.884070 0.902570 0.894707 
0.882601 0.882867 0.882665 0.890704 0.903989 0.904071 0.910133 0.908087 0.912248 0.787699 
0.832204 0.932382 0.925516 0.928349 0.927926 0.897112 0.903287 0.878596 0.897692 0.886314 
0.907267 0.896152 0.921512 0.962772 0.703579 0.954439 0.951296 0.930745 0.935709 0.908563 
0.914644 0.890493 0.895786 0.900684 0.900144 0.906030 0.904549 0.899332 0.906856 0.908683 
0.896321 0.891872 0.889758 0.892403 0.896656 0.905310 0.905743 0.907617 0.893382 0.777810 
0.859450 0.933484 0.931474 0.925672 0.916963 0.904678 0.920217 0.903496 0.891524 0.897349 
0.909471 0.896434 0.929154 0.938932 0.681964 0.963645 0.919217 0.817072 0.910220 0.892590 
0.909891 0.902962 0.905695 0.900101 0.905036 0.903936 0.907588 0.902868 0.895926 0.903897 
0.899459 0.901165 0.879804 0.888169 0.893080 0.877409 0.886378 0.910457 0.890290 0.743791 
0.851904 0.944471 0.931015 0.914966 0.922357 0.915666 0.899502 0.906777 0.892242 0.889263 
0.895971 0.897759 0.920484 0.926920 0.886022 0.908112 0.840060 0.812919 0.871234 0.887350 
0.899877 0.906678 0.891049 0.900716 0.893325 0.905989 0.884619 0.871054 0.862717 0.877540 
0.892659 0.893253 0.901378 0.897831 0.890428 0.886290 0.893815 0.904109 0.897184 0.791535 
0.846834 0.918378 0.918001 0.923200 0.921047 0.921056 0.893581 0.910508 0.905207 0.903154 
0.898251 0.907863 0.912302 0.908376 0.919627 0.903466 0.879769 0.883143 0.891132 0.899290 
0.880470 0.893339 0.886036 0.900157 0.904524 0.891323 0.871280 0.883403 0.878167 0.886303 
0.897582 0.903009 0.910579 0.913947 0.903931 0.893665 0.908625 0.907881 0.914843 0.784649 
0.856487 0.932754 0.919793 0.917813 0.912523 0.908700 0.904989 0.915014 0.906776 0.897002 
0.903775 0.900744 0.898326 0.900144 0.905038 0.901291 0.906436 0.912522 0.902255 0.901216 
0.890489 0.901412 0.904606 0.907620 0.896390 0.902381 0.896213 0.905543 0.901910 0.893916 
0.900546 0.905324 0.898494 0.905614 0.904565 0.904826 0.913391 0.893743 0.930900 0.775215 
0.850509 0.927332 0.925251 0.918207 0.897942 0.878215 0.882287 0.865136 0.875036 0.886799 
0.906882 0.900721 0.887773 0.898772 0.892318 0.891865 0.890235 0.887685 0.892879 0.887238 
0.901174 0.904151 0.911935 0.904452 0.894595 0.905894 0.908448 0.904618 0.890655 0.880261 
0.883958 0.899246 0.888228 0.897403 0.890893 0.885352 0.901548 0.878817 0.917852 0.770265 
0.833410 0.878947 0.897730 0.894189 0.872530 0.856867 0.896636 0.900595 0.885028 0.896517 
0.885348 0.907322 0.898097 0.909792 0.902564 0.893668 0.901126 0.898227 0.896362 0.882412 
0.885869 0.899504 0.899550 0.907429 0.910859 0.909406 0.901367 0.901001 0.885691 0.884449 
0.883578 0.890433 0.890382 0.887367 0.889293 0.886195 0.897984 0.893198 0.918612 0.772323 
0.885396 0.952581 0.928201 0.923923 0.945351 0.975578 0.930717 0.967092 0.956017 0.918760 
0.887397 0.910714 0.906396 0.914045 0.904681 0.908742 0.898816 0.887432 0.890059 0.893898 
0.897387 0.903869 0.894438 0.904685 0.905949 0.902965 0.899666 0.909423 0.913667 0.910124 
0.903072 0.887342 0.899530 0.902318 0.901509 0.910820 0.925011 0.918570 0.933833 0.784533 
0.858165 0.903339 0.905882 0.959984 0.969930 0.942312 0.947130 0.968434 0.963520 0.932122 
0.883086 0.891856 0.907627 0.911992 0.904848 0.905122 0.894583 0.888821 0.890792 0.901097 
0.898889 0.906243 0.905782 0.904220 0.900173 0.896039 0.895500 0.900959 0.905155 0.899969 
0.903180 0.908465 0.906108 0.910274 0.916540 0.923164 0.918525 0.891869 0.905107 0.776063 
0.868629 0.895832 0.857528 0.968103 0.930124 0.926923 0.780936 0.922398 0.939787 0.940121 
0.911263 0.911492 0.900054 0.907783 0.908331 0.896842 0.905717 0.911683 0.897177 0.877150 
0.876054 0.887218 0.900505 0.900054 0.897381 0.907839 0.904172 0.903686 0.893718 0.896925 
0.912003 0.924800 0.922667 0.917043 0.922577 0.931923 0.926549 0.884498 0.905817 0.786980 
0.842709 0.884971 0.820793 0.950137 0.870684 0.900501 0.925198 0.926378 0.966853 0.932347 
0.938735 0.949779 0.909960 0.905440 0.905392 0.910880 0.906795 0.904533 0.895459 0.885134 
0.873845 0.865946 0.879195 0.887712 0.886104 0.896968 0.894389 0.893443 0.903860 0.915186 
0.916165 0.914027 0.912200 0.914550 0.934085 0.942196 0.927567 0.926315 0.936168 0.688395 
0.830407 0.874699 0.788623 0.862089 0.786420 0.876461 0.938875 0.864928 0.943298 0.913825 
0.910869 0.970574 0.924394 0.909950 0.909398 0.904646 0.907371 0.906229 0.901977 0.915673 
0.907595 0.902946 0.895167 0.898590 0.907662 0.914274 0.904356 0.917116 0.920771 0.910621 
0.908083 0.896046 0.871568 0.912481 0.933930 0.915713 0.891258 0.908044 0.945824 0.689309 
0.865131 0.896230 0.836003 0.895167 0.917401 0.878460 0.859792 0.904239 0.924190 0.926065 
0.961947 0.976052 0.940201 0.917128 0.916593 0.914281 0.900507 0.881413 0.883444 0.916820 
0.911539 0.930165 0.930973 0.900545 0.912397 0.916709 0.920781 0.930830 0.934433 0.938078 
0.901239 0.906056 0.921699 0.947951 0.950155 0.850413 0.880289 0.955860 0.896502 0.762028 
0.793422 0.857812 0.900345 0.864753 0.834269 0.784326 0.759874 0.857217 0.936657 0.919608 
0.945766 0.977646 0.955751 0.931995 0.941428 0.919062 0.904201 0.884045 0.905987 0.896611 
0.926885 0.919921 0.921530 0.909854 0.913777 0.917046 0.929579 0.939510 0.954997 0.958526 
0.951173 0.905305 0.983423 0.897141 0.979532 0.932211 0.957054 0.880653 0.932670 0.841038 
0.714717 0.873122 0.943076 0.881896 0.865212 0.905266 0.847994 0.844528 0.878707 0.920723 
0.948762 0.962412 0.938608 0.905132 0.945628 0.913446 0.955678 0.935980 0.940265 0.911125 
0.940341 0.911718 0.915748 0.937611 0.936531 0.933630 0.938455 0.922357 0.952061 0.934952 
0.872004 0.944653 0.961889 0.896304 0.942591 0.915478 0.902408 0.856091 0.919228 0.749034 
0.772512 0.883811 0.873574 0.816667 0.797788 0.889321 0.848628 0.813052 0.881812 0.956797 
0.956460 0.954270 0.939580 0.930019 0.952437 0.911403 0.955339 0.961164 0.963246 0.933366 
0.964862 0.911812 0.914516 0.908085 0.872705 0.966988 0.953614 0.961678 0.909857 0.879241 
0.923035 0.975890 0.917154 0.892969 0.784313 0.825799 0.875953 0.884807 0.919196 0.809519 
0.740177 0.782916 0.905006 0.853334 0.854901 0.877486 0.907896 0.835413 0.763581 0.916782 
0.935984 0.871882 0.935282 0.942135 0.927310 0.904966 0.962045 0.979362 0.949896 0.958998 
0.967131 0.893586 0.916072 0.922680 0.924172 0.973411 0.930941 0.902914 0.943206 0.912573 
0.923943 0.921103 0.885653 0.905392 0.906112 0.872748 0.894806 0.939633 0.880090 0.816459 
0.806334 0.895261 0.924834 0.900561 0.914264 0.925738 0.865535 0.791092 0.769671 0.805736 
0.949956 0.835063 0.817217 0.862202 0.876183 0.915547 0.955896 0.991585 0.950602 0.889322 
0.941127 0.937540 0.942576 0.922305 0.941110 0.926831 0.913393 0.909331 0.932583 0.940123 
0.837688 0.792511 0.896763 0.861080 0.775156 0.914976 0.903874 0.906372 0.886445 0.821048 
0.810606 0.848309 0.864637 0.912182 0.930345 0.930636 0.914988 0.739154 0.881511 0.734115 
0.818702 0.739498 0.674609 0.852979 0.922951 0.834882 0.920841 0.980028 0.965475 0.863918 
0.919778 0.951041 0.923571 0.944571 0.906343 0.818217 0.923443 0.919200 0.809139 0.890630 
0.864265 0.823061 0.853795 0.875884 0.834847 0.903823 0.878657 0.894345 0.903350 0.833625 
0.770352 0.814506 0.867612 0.871829 0.889304 0.943411 0.911836 0.932745 0.919554 0.847185 
0.842828 0.817509 0.865414 0.875342 0.902642 0.885533 0.781984 0.780673 0.892715 0.938499 
0.937320 0.891475 0.865801 0.977041 0.834703 0.753025 0.905783 0.847268 0.893561 0.953027 
0.883383 0.764647 0.881325 0.878622 0.879556 0.914742 0.939069 0.931975 0.918198 0.858958 
0.782734 0.914259 0.911827 0.897337 0.892284 0.915237 0.922507 0.939749 0.930242 0.906268 
0.898178 0.905598 0.910057 0.897009 0.870963 0.803254 0.925694 0.908101 0.763867 0.810189 
0.926913 0.841911 0.689682 0.806280 0.914441 0.808059 0.801037 0.925713 0.950440 0.908982 
0.924744 0.901572 0.912634 0.870289 0.916903 0.931306 0.949441 0.918143 0.922859 0.877464 
0.794061 0.902718 0.903638 0.920852 0.896996 0.901999 0.914107 0.914948 0.889634 0.910678 
0.871859 0.927170 0.907098 0.866545 0.873632 0.806079 0.960351 0.901827 0.750217 0.855329 
0.885149 0.836485 0.828052 0.630541 0.934956 0.924291 0.684698 0.892159 0.916396 0.913608 
0.933224 0.939934 0.784573 0.764248 0.794235 0.822510 0.931580 0.920834 0.944008 0.804989 
0.753223 0.892181 0.917615 0.914509 0.888844 0.873539 0.881655 0.915672 0.880333 0.897525 
0.914505 0.933930 0.902100 0.911938 0.933144 0.941823 0.944194 0.808984 0.854441 0.858481 
0.872154 0.920973 0.896116 0.874304 0.835166 0.843769 0.812642 0.859987 0.891317 0.880925 
0.873033 0.924900 0.832842 0.741681 0.897785 0.874097 0.820442 0.849327 0.939055 0.712071 
0.686821 0.842816 0.855233 0.914405 0.928481 0.893995 0.912643 0.949492 0.924443 0.859878 
0.882205 0.923344 0.904372 0.895294 0.874011 0.862960 0.864822 0.861985 0.924176 0.907696 
0.890459 0.917891 0.936546 0.917868 0.891259 0.877805 0.753049 0.724584 0.801341 0.786187 
0.847317 0.924596 0.932650 0.871695 0.847343 0.846678 0.757990 0.798188 0.869913 0.606828 
0.812347 0.901913 0.889838 0.911679 0.931127 0.899682 0.935248 0.950513 0.932129 0.895957 
0.908641 0.944344 0.935275 0.926361 0.894549 0.925017 0.949724 0.921417 0.884007 0.923578 
0.903378 0.917384 0.887107 0.913563 0.873526 0.876222 0.806332 0.841988 0.722494 0.770744 
0.840868 0.831679 0.916506 0.883595 0.811440 0.845914 0.873273 0.916355 0.899986 0.747281 
0.628246 0.717400 0.753012 0.733475 0.808368 0.754106 0.851430 0.800919 0.861596 0.784461 
0.820037 0.823618 0.856027 0.835136 0.872135 0.640444 0.694739 0.832461 0.662058 0.720455 
0.600238 0.594865 0.682250 0.753473 0.703476 0.728186 0.626995 0.671006 0.578580 0.756036 
0.788772 0.645318 0.712168 0.771091 0.722548 0.727235 0.734100 0.699517 0.704747 0.536850 
0.120219 0.270492 0.447888 0.380786 0.479460 0.503722 0.475322 0.381693 0.424411 0.438816 
0.461558 0.515829 0.486020 0.331668 0.271249 0.482743 0.431018 0.437848 0.573782 0.492058 
0.543035 0.472409 0.485180 0.498630 0.493997 0.510975 0.465462 0.463363 0.593350 0.566583 
0.303956 0.454524 0.433796 0.570520 0.554087 0.575028 0.566395 0.561863 0.509948 0.521866 
0.056448 0.168771 0.313672 0.301320 0.432476 0.391910 0.258129 0.202374 0.363584 0.351574 
0.367117 0.406371 0.281663 0.160058 0.207366 0.221302 0.245823 0.281837 0.308427 0.427828 
0.416759 0.372819 0.380358 0.458231 0.300887 0.376278 0.287917 0.362061 0.433245 0.350503 
0.169143 0.228214 0.301106 0.299204 0.397076 0.450840 0.456163 0.427035 0.255888 0.263778 
0.031275 0.049462 0.206676 0.285543 0.240369 0.223185 0.132377 0.195330 0.189320 0.208360 
0.197708 0.163702 0.149588 0.112628 0.263177 0.090196 0.173062 0.158321 0.194433 0.230463 
0.251342 0.225647 0.305003 0.264733 0.176670 0.188055 0.225260 0.300648 0.163117 0.138150 
0.222609 0.145550 0.219565 0.153478 0.249603 0.195496 0.178169 0.216505 0.155472 0.256074 
0.053581 0.071910 0.253630 0.324502 0.251319 0.291359 0.200770 0.161756 0.235077 0.234240 
0.201408 0.110763 0.099611 0.082064 0.320821 0.159004 0.136052 0.145056 0.123799 0.126093 
0.192057 0.229291 0.223127 0.177669 0.212628 0.202233 0.233951 0.216303 0.148381 0.153132 
0.241307 0.226410 0.158051 0.195708 0.203335 0.148930 0.157986 0.173433 0.168301 0.233558 
0.089429 0.126147 0.382088 0.202725 0.078322 0.129926 0.190265 0.196825 0.311548 0.220272 
0.202960 0.178306 0.162553 0.166041 0.272298 0.240187 0.230320 0.235614 0.115682 0.261298 
0.206861 0.240837 0.287993 0.262839 0.258013 0.301303 0.280787 0.249340 0.224024 0.322284 
0.231187 0.289998 0.192882 0.241988 0.209400 0.221775 0.255690 0.183872 0.225346 0.231637 
0.080793 0.101996 0.279180 0.121096 0.067023 0.176535 0.197427 0.265435 0.238069 0.118713 
0.255946 0.261153 0.215379 0.285606 0.263299 0.297183 0.307209 0.153482 0.209528 0.225215 
0.123755 0.207474 0.331237 0.348306 0.311469 0.181045 0.306203 0.347874 0.301527 0.308738 
0.219471 0.205266 0.276801 0.253493 0.267710 0.314127 0.282000 0.223828 0.207026 0.236586 
0.072689 0.104702 0.209616 0.146123 0.198437 0.262948 0.186072 0.164164 0.191862 0.182118 
0.272035 0.215325 0.062995 0.265913 0.190194 0.365565 0.273885 0.238060 0.300404 0.166796 
0.152849 0.243214 0.323532 0.318872 0.280781 0.104127 0.239688 0.336757 0.303591 0.154155 
0.224465 0.167239 0.251090 0.252440 0.334863 0.315936 0.251054 0.293846 0.198308 0.247993 
0.090622 0.127440 0.241431 0.207421 0.235073 0.247794 0.209614 0.156568 0.243296 0.336684 
0.198023 0.190978 0.110558 0.284948 0.249554 0.316265 0.286450 0.260142 0.249147 0.282115 
0.249003 0.239079 0.275134 0.250156 0.131884 0.158466 0.232351 0.238844 0.237102 0.225159 
0.235866 0.225232 0.289843 0.235400 0.325181 0.314128 0.291815 0.239262 0.289065 0.297461 
0.093079 0.138060 0.210224 0.177755 0.235348 0.247036 0.225900 0.169426 0.248805 0.252341 
0.181946 0.148924 0.264699 0.309556 0.242305 0.182430 0.159769 0.219226 0.240652 0.352543 
0.277686 0.269404 0.163771 0.281284 0.136241 0.264218 0.260008 0.223329 0.179071 0.296165 
0.233203 0.284622 0.309792 0.238792 0.337415 0.315016 0.234521 0.219430 0.284802 0.297164 
0.082436 0.099979 0.148232 0.155988 0.282812 0.228063 0.225838 0.277554 0.298863 0.233259 
0.113297 0.203307 0.266757 0.243883 0.246394 0.211349 0.172515 0.164365 0.310202 0.262622 
0.251543 0.310671 0.195329 0.124740 0.221857 0.313638 0.291988 0.138907 0.226931 0.287483 
0.245837 0.320247 0.297207 0.197399 0.286738 0.279589 0.172000 0.218016 0.250988 0.269268 
0.063906 0.122768 0.205978 0.160129 0.274778 0.165823 0.210250 0.236538 0.278442 0.227728 
0.090751 0.341759 0.263979 0.256366 0.268794 0.274616 0.204600 0.134851 0.153437 0.161942 
0.273302 0.257735 0.215227 0.171368 0.272788 0.283338 0.254818 0.171762 0.295266 0.263261 
0.250782 0.273742 0.302282 0.203271 0.263267 0.247815 0.230996 0.259684 0.240563 0.307907 
0.075643 0.145979 0.272147 0.220684 0.240446 0.146918 0.173466 0.112872 0.176647 0.183957 
0.256038 0.246303 0.324631 0.391654 0.262784 0.241070 0.249813 0.285469 0.098838 0.156688 
0.262166 0.285706 0.204540 0.319135 0.343959 0.298905 0.195222 0.233150 0.201235 0.253666 
0.197201 0.244202 0.275842 0.242303 0.296658 0.294456 0.235617 0.267553 0.144164 0.297362 
0.091414 0.141235 0.241078 0.263814 0.276083 0.249217 0.211597 0.164938 0.213013 0.298520 
0.322928 0.215138 0.362911 0.375474 0.348062 0.479281 0.324520 0.408051 0.342762 0.349411 
0.232687 0.292922 0.272553 0.418718 0.305178 0.258830 0.249512 0.249587 0.207221 0.214489 
0.199609 0.272658 0.303721 0.332895 0.297233 0.273834 0.214469 0.248121 0.092836 0.228265 
0.092258 0.147213 0.323195 0.179129 0.345750 0.381611 0.362497 0.298141 0.259299 0.256407 
0.147386 0.330656 0.328743 0.145777 0.141804 0.857836 0.541720 0.183094 0.390427 0.342866 
0.228992 0.340664 0.349940 0.377279 0.216911 0.150269 0.373533 0.220612 0.274079 0.240005 
0.256735 0.254139 0.266589 0.319741 0.260567 0.223518 0.250940 0.217809 0.078513 0.187384 
0.074322 0.099101 0.259949 0.213659 0.368351 0.387312 0.247972 0.124339 0.218869 0.212013 
0.111966 0.323648 0.202740 0.158338 0.046456 0.003511 0.024429 0.097008 0.171714 0.273737 
0.242715 0.211492 0.265126 0.239204 0.205287 0.167774 0.229883 0.227214 0.236778 0.273969 
0.313759 0.288628 0.248690 0.308952 0.206441 0.292685 0.268646 0.214660 0.077205 0.164790 
0.074542 0.115976 0.292236 0.278604 0.321068 0.261774 0.115737 0.163896 0.202778 0.266367 
0.277757 0.221411 0.251847 0.351196 0.155271 0.002871 0.029273 0.356292 0.278790 0.246985 
0.255461 0.212374 0.248649 0.262178 0.239609 0.223235 0.262640 0.358608 0.206890 0.246442 
0.258390 0.342686 0.222120 0.307970 0.237676 0.269540 0.259820 0.268904 0.120426 0.245209 
0.097512 0.158076 0.295761 0.251691 0.196638 0.245346 0.194081 0.265401 0.227636 0.278341 
0.320586 0.176254 0.254826 0.418436 0.226364 0.126756 0.619222 0.561686 0.191649 0.203080 
0.260529 0.313141 0.202498 0.277305 0.174956 0.291424 0.267875 0.266823 0.145679 0.127006 
0.275187 0.306814 0.255276 0.252598 0.307736 0.323445 0.302545 0.247545 0.204849 0.276101 
0.092932 0.158047 0.223825 0.267516 0.158025 0.235887 0.207560 0.232607 0.326653 0.317330 
0.184651 0.185615 0.293596 0.269481 0.162086 0.245082 0.377483 0.298232 0.089854 0.223891 
0.338854 0.303428 0.204845 0.226372 0.259378 0.325164 0.250572 0.223070 0.146675 0.173627 
0.285083 0.262725 0.275475 0.255312 0.262598 0.283470 0.253471 0.209612 0.279846 0.275353 
0.088741 0.116499 0.245179 0.178865 0.136786 0.155223 0.158880 0.230814 0.274149 0.239321 
0.182626 0.251596 0.299805 0.190454 0.144019 0.249850 0.302895 0.202262 0.175178 0.167008 
0.238401 0.252519 0.211991 0.241857 0.214265 0.255706 0.186041 0.171925 0.251149 0.324433 
0.292572 0.286247 0.248444 0.251393 0.227846 0.202013 0.202223 0.213700 0.264645 0.244976 
0.094691 0.154146 0.276794 0.189935 0.148701 0.128569 0.173811 0.167922 0.169247 0.178276 
0.251889 0.326602 0.251686 0.241118 0.210992 0.308729 0.346302 0.136789 0.184947 0.192290 
0.239449 0.266682 0.292171 0.250879 0.161895 0.206255 0.221994 0.211106 0.314711 0.219772 
0.198574 0.367785 0.255014 0.232221 0.310082 0.195998 0.280106 0.225435 0.260016 0.260089 
0.110543 0.302730 0.319173 0.398005 0.293493 0.172145 0.359657 0.333888 0.290642 0.294476 
0.266452 0.329858 0.271224 0.281219 0.288550 0.287460 0.323612 0.166673 0.201122 0.278076 
0.154457 0.279774 0.272075 0.252085 0.215910 0.235267 0.287577 0.270680 0.214771 0.174833 
0.194608 0.380610 0.313048 0.292056 0.365882 0.278022 0.286703 0.288249 0.353440 0.326272 
0.322583 0.549479 0.493520 0.477236 0.226434 0.101730 0.475210 0.362956 0.330421 0.227658 
0.263709 0.270476 0.196814 0.256811 0.237314 0.272868 0.265811 0.191089 0.188408 0.212636 
0.183756 0.270983 0.214861 0.261114 0.224240 0.250193 0.244435 0.209608 0.180449 0.190717 
0.299710 0.227764 0.219390 0.315173 0.259615 0.199727 0.165173 0.323717 0.373735 0.332113 
0.206396 0.259279 0.650515 0.408568 0.291774 0.582644 0.446835 0.344475 0.174802 0.070497 
0.235116 0.193127 0.205878 0.239165 0.205848 0.285977 0.275111 0.125677 0.207228 0.252737 
0.224914 0.200881 0.226936 0.251474 0.260498 0.280855 0.182880 0.203558 0.277848 0.308607 
0.278624 0.169342 0.175058 0.317806 0.202696 0.185306 0.224776 0.317539 0.311910 0.349428 
0.237761 0.496274 0.714418 0.134644 0.376312 0.504460 0.099801 0.207376 0.046190 0.184015 
0.235713 0.294793 0.323775 0.221808 0.222169 0.198422 0.195565 0.179345 0.246013 0.197685 
0.197973 0.157839 0.232247 0.306872 0.318396 0.328500 0.218597 0.344389 0.339906 0.242423 
0.163763 0.179668 0.184282 0.230268 0.149812 0.173768 0.333656 0.370607 0.273916 0.348814 
0.099871 0.124378 0.681137 0.203432 0.139478 0.186618 0.549020 0.396105 0.433182 0.709582 
0.164707 0.179619 0.329484 0.264539 0.210740 0.220952 0.222108 0.290552 0.277530 0.184644 
0.256895 0.203087 0.298437 0.393952 0.317238 0.242159 0.272420 0.232103 0.228990 0.203612 
0.165494 0.156413 0.173040 0.186479 0.207948 0.297580 0.357024 0.263983 0.050217 0.272450 
0.353587 0.480953 0.751213 0.691949 0.518372 0.589294 0.591957 0.489023 0.686421 0.424043 
0.043557 0.060481 0.152361 0.287905 0.219328 0.261260 0.327998 0.323192 0.325707 0.361383 
0.408178 0.284020 0.255595 0.326610 0.323155 0.165241 0.235701 0.281300 0.295278 0.209594 
0.286995 0.245967 0.310864 0.245510 0.386506 0.279704 0.323531 0.067709 0.133938 0.673765 
0.553258 0.650586 0.622518 0.403774 0.245775 0.756599 0.806894 0.695776 0.370904 0.265921 
0.020314 0.022106 0.074928 0.361861 0.272289 0.294600 0.417657 0.228545 0.342482 0.199242 
0.331862 0.329341 0.242813 0.162751 0.164014 0.237885 0.271637 0.353944 0.325450 0.293253 
0.547456 0.450480 0.436397 0.696259 0.565519 0.342886 0.196090 0.065337 0.376060 0.702762 
0.258873 0.427577 0.417285 0.077692 0.171186 0.895020 0.770845 0.862838 0.692672 0.409612 
0.061029 0.014785 0.080658 0.230095 0.279610 0.352002 0.435163 0.128484 0.188295 0.186065 
0.360958 0.405321 0.418386 0.178285 0.143765 0.268152 0.231806 0.261967 0.387345 0.467047 
0.356810 0.180874 0.124418 0.359693 0.629762 0.550640 0.156707 0.442879 0.254962 0.446897 
0.176205 0.153349 0.387329 0.475420 0.401802 0.716556 0.467452 0.633629 0.321473 0.495868 
0.128511 0.034600 0.111522 0.138775 0.233277 0.299726 0.238544 0.092460 0.123132 0.063516 
0.329315 0.415680 0.489410 0.319642 0.280338 0.365101 0.305226 0.462447 0.520629 0.484631 
0.191625 0.185680 0.049630 0.147079 0.923191 0.747319 0.395276 0.462772 0.305314 0.327837 
0.418005 0.461388 0.714731 0.630562 0.398823 0.237422 0.720654 0.335181 0.629157 0.712300 
0.891816 0.202696 0.215027 0.253767 0.468589 0.306818 0.187928 0.056178 0.015802 0.155744 
0.615416 0.680935 0.378274 0.194975 0.245260 0.213185 0.293987 0.444843 0.390933 0.212447 
0.267857 0.137940 0.059076 0.474997 0.727627 0.435418 0.076151 0.593743 0.216332 0.312961 
0.169989 0.121195 0.417562 0.271129 0.167349 0.114866 0.128982 0.292810 0.431735 0.902398 
0.589589 0.347369 0.402467 0.472660 0.476798 0.296633 0.096701 0.004395 0.005925 0.314642 
0.287605 0.254908 0.160803 0.152607 0.530695 0.349983 0.334552 0.498561 0.216634 0.068688 
0.457754 0.251089 0.078273 0.067698 0.063101 0.282997 0.212974 0.159036 0.237749 0.456212 
0.249806 0.316397 0.401680 0.288139 0.297042 0.094128 0.094694 0.257779 0.288664 0.213081 
0.394162 0.664729 0.372805 0.212933 0.379789 0.586066 0.224913 0.044615 0.488522 0.627035 
0.053809 0.090070 0.698128 0.631351 0.603176 0.697841 0.559422 0.357478 0.125996 0.453346 
0.718109 0.603440 0.223818 0.046661 0.214174 0.318834 0.091984 0.137499 0.049260 0.296686 
0.264601 0.319182 0.198354 0.220997 0.444348 0.265534 0.207876 0.443790 0.158531 0.035525 
0.172654 0.530160 0.284530 0.084816 0.350923 0.826447 0.244587 0.139439 0.549668 0.645572 
0.391714 0.239691 0.702035 0.334882 0.576964 0.792723 0.413303 0.264075 0.198002 0.157788 
0.390936 0.417796 0.569144 0.103648 0.257882 0.214980 0.249396 0.172022 0.272563 0.366958 
0.233793 0.552640 0.051272 0.135054 0.260041 0.144478 0.057399 0.089398 0.209717 0.217810 
0.709353 0.898704 0.625571 0.494777 0.606940 0.426518 0.334910 0.421874 0.361169 0.142326 
0.234069 0.397617 0.340812 0.095789 0.220846 0.862058 0.107666 0.475900 0.265052 0.243065 
0.511169 0.180808 0.160813 0.256951 0.430068 0.520989 0.429170 0.593931 0.617336 0.358849 
0.192485 0.153371 0.242917 0.378079 0.250682 0.164474 0.054987 0.057645 0.084767 0.443410 
0.805151 0.397422 0.647464 0.301225 0.173893 0.103196 0.744345 0.730473 0.499378 0.038509 
0.465663 0.747074 0.109329 0.113080 0.161540 0.590834 0.524335 0.135558 0.253553 0.796511 
0.568391 0.196215 0.158172 0.553085 0.501783 0.515865 0.232580 0.507805 0.220685 0.216097 
0.063171 0.391145 0.529843 0.677424 0.387428 0.128583 0.172395 0.130597 0.061959 0.254276 
0.292106 0.111053 0.349693 0.177973 0.134740 0.083996 0.351390 0.336243 0.232758 0.287561 
0.529938 0.264515 0.064972 0.323143 0.171230 0.236826 0.859607 0.332596 0.389870 0.509197 
0.285238 0.135158 0.133340 0.092592 0.232817 0.238352 0.311910 0.819429 0.351143 0.374975 
0.193939 0.709038 0.279678 0.314765 0.259047 0.324429 0.279770 0.275006 0.188930 0.521253 
0.093391 0.062514 0.200007 0.182391 0.192079 0.099205 0.091099 0.157024 0.089825 0.476347 
0.595268 0.293273 0.418348 0.496524 0.583013 0.821635 0.670771 0.782706 0.431512 0.336708 
0.574717 0.169989 0.357922 0.145045 0.100649 0.072671 0.440288 0.754453 0.224752 0.129432 
0.180170 0.554255 0.232613 0.063116 0.078589 0.596383 0.512014 0.262208 0.248701 0.412372 
0.402935 0.228905 0.408235 0.345438 0.292514 0.121995 0.069121 0.173888 0.074037 0.114814 
0.268406 0.390872 0.494094 0.558846 0.275206 0.143275 0.275373 0.605643 0.142475 0.394041 
0.403479 0.295585 0.147507 0.272619 0.178556 0.074521 0.423011 0.123974 0.155339 0.392293 
0.197208 0.471497 0.202896 0.083111 0.245638 0.631382 0.597715 0.078837 0.022049 0.094391 
0.528826 0.272031 0.386773 0.482717 0.274275 0.332685 0.398014 0.415919 0.575446 0.276021 
0.236706 0.139467 0.144500 0.114063 0.233250 0.096327 0.171652 0.440069 0.165099 0.183632 
0.182391 0.311127 0.293443 0.153103 0.127403 0.295277 0.437674 0.478650 0.834782 0.676749 
0.293557 0.785282 0.668750 0.207153 0.340589 0.710110 0.646095 0.137700 0.007218 0.657190 
0.756121 0.702150 0.800605 0.807787 0.299552 0.229746 0.438177 0.533286 0.514166 0.299665 
0.282788 0.567650 0.241838 0.253017 0.464713 0.439731 0.757347 0.753198 0.757468 0.500529 
0.484939 0.613082 0.732736 0.483120 0.310268 0.482876 0.412794 0.528392 0.486877 0.327793 
0.858635 0.810263 0.706773 0.688324 0.735576 0.740367 0.774183 0.713168 0.770761 0.714779 
0.732313 0.732471 0.768807 0.811608 0.758853 0.785231 0.717406 0.707203 0.716846 0.703105 
0.708430 0.712575 0.714284 0.744290 0.723041 0.748619 0.716139 0.705864 0.713192 0.756515 
0.649549 0.718856 0.699083 0.704573 0.718368 0.711845 0.698695 0.721908 0.714609 0.780383 
0.745781 0.644163 0.488688 0.476593 0.527293 0.625080 0.551698 0.493956 0.632037 0.524737 
0.500787 0.518623 0.541393 0.600394 0.539378 0.559909 0.513786 0.471113 0.401617 0.478202 
0.420678 0.421881 0.488302 0.530818 0.476714 0.534907 0.496836 0.489311 0.499355 0.564749 
0.572610 0.475326 0.505426 0.460140 0.515447 0.499207 0.469048 0.529417 0.514166 0.776202 
0.734253 0.661466 0.465351 0.387173 0.371652 0.569865 0.491019 0.447141 0.501891 0.527231 
0.520972 0.475725 0.563063 0.516753 0.518888 0.441149 0.556581 0.431073 0.420546 0.373259 
0.392653 0.377611 0.402260 0.418295 0.394122 0.431838 0.459603 0.513446 0.383730 0.397557 
0.478395 0.423081 0.471562 0.438645 0.504844 0.439287 0.331443 0.435325 0.470458 0.727778 
0.750553 0.729754 0.691417 0.470289 0.323560 0.588763 0.626778 0.538610 0.555293 0.543539 
0.585352 0.501104 0.599157 0.550162 0.573362 0.510102 0.524632 0.535931 0.414169 0.390379 
0.518296 0.516755 0.500544 0.485709 0.503059 0.512662 0.524023 0.525137 0.566690 0.529732 
0.548569 0.584119 0.504438 0.574901 0.582357 0.557004 0.483503 0.538075 0.622558 0.764550 
0.748997 0.780497 0.775361 0.606676 0.528666 0.581634 0.535434 0.508974 0.545582 0.535197 
0.521995 0.542340 0.601598 0.560659 0.578483 0.533666 0.469166 0.498157 0.480332 0.544024 
0.459796 0.430573 0.481577 0.416395 0.462077 0.489063 0.552175 0.525872 0.486632 0.587507 
0.525909 0.552905 0.485578 0.527546 0.532554 0.529546 0.511854 0.497090 0.642899 0.753043 
0.764855 0.830930 0.738708 0.651218 0.675506 0.611457 0.527529 0.564202 0.554358 0.489517 
0.547445 0.567581 0.543605 0.594866 0.509132 0.551380 0.578804 0.440070 0.509641 0.510851 
0.448076 0.481004 0.497622 0.537676 0.503053 0.448279 0.499109 0.516374 0.489569 0.516778 
0.565983 0.518638 0.528691 0.499774 0.564520 0.568462 0.550687 0.569289 0.608965 0.770195 
0.784186 0.822001 0.705968 0.571092 0.558242 0.647890 0.524827 0.515618 0.595041 0.540346 
0.556863 0.645604 0.517334 0.621226 0.420833 0.515293 0.494607 0.514382 0.556292 0.558912 
0.439377 0.441338 0.490917 0.540311 0.588450 0.488104 0.469581 0.500073 0.580607 0.489160 
0.551566 0.479894 0.561071 0.525986 0.580744 0.547031 0.486475 0.627182 0.603871 0.753480 
0.784775 0.835050 0.661277 0.527292 0.524449 0.671497 0.612912 0.514578 0.614245 0.577435 
0.553151 0.583180 0.520509 0.545605 0.503857 0.559276 0.554426 0.460011 0.466780 0.573685 
0.472111 0.492757 0.567392 0.561446 0.484186 0.533863 0.537073 0.519900 0.603180 0.572848 
0.560590 0.554409 0.582138 0.483971 0.545457 0.589912 0.528885 0.519946 0.624301 0.755166 
0.814414 0.786775 0.585885 0.511089 0.623225 0.604360 0.598836 0.532973 0.546481 0.536042 
0.559367 0.571831 0.494715 0.503933 0.507123 0.461046 0.434192 0.462920 0.413203 0.475628 
0.449150 0.496172 0.503081 0.561653 0.452784 0.488522 0.511998 0.509290 0.502602 0.592707 
0.546064 0.582792 0.580808 0.520586 0.529694 0.561650 0.496453 0.537513 0.575341 0.766171 
0.823063 0.784151 0.620809 0.505473 0.675915 0.596951 0.590888 0.605176 0.557368 0.567090 
0.476515 0.532679 0.444010 0.476945 0.524079 0.455804 0.458208 0.431997 0.524365 0.490530 
0.510577 0.549181 0.632503 0.528511 0.521679 0.515877 0.613819 0.484438 0.555908 0.589209 
0.568307 0.597478 0.606733 0.450155 0.598935 0.588149 0.442837 0.501568 0.606281 0.776513 
0.817756 0.775070 0.600723 0.531672 0.694253 0.559553 0.612073 0.554846 0.606841 0.588637 
0.444179 0.543009 0.408971 0.442963 0.462719 0.405204 0.439989 0.493802 0.476931 0.481000 
0.561901 0.512845 0.541383 0.548332 0.500104 0.536248 0.620561 0.521929 0.561260 0.550687 
0.545209 0.571544 0.597436 0.495644 0.571837 0.552869 0.500301 0.585487 0.649089 0.773576 
0.817401 0.705447 0.597033 0.557429 0.655965 0.540642 0.598364 0.481824 0.585956 0.496262 
0.554892 0.463341 0.543607 0.621978 0.472182 0.432940 0.289635 0.512813 0.466707 0.409801 
0.524680 0.588117 0.484705 0.562234 0.520846 0.569369 0.566354 0.507339 0.459474 0.605193 
0.522947 0.553486 0.584605 0.539225 0.595844 0.548969 0.495242 0.667311 0.625594 0.809234 
0.780703 0.708137 0.570576 0.524036 0.612966 0.546759 0.590165 0.550980 0.590498 0.534372 
0.460177 0.460298 0.595928 0.727418 0.335005 0.083431 0.347364 0.441230 0.581545 0.498249 
0.458566 0.524409 0.493066 0.574053 0.507710 0.493269 0.518677 0.520466 0.507530 0.537741 
0.502627 0.529660 0.543726 0.561019 0.548869 0.511795 0.482865 0.660789 0.636787 0.803928 
0.817502 0.759122 0.684793 0.464155 0.635056 0.619854 0.545860 0.507981 0.600265 0.560744 
0.454596 0.508763 0.729519 0.813657 0.129120 0.014692 0.010933 0.678891 0.681679 0.472547 
0.511222 0.608900 0.531661 0.539114 0.583670 0.463907 0.564286 0.434755 0.548850 0.574142 
0.552351 0.538566 0.513516 0.573743 0.565216 0.505246 0.581867 0.686399 0.626613 0.830597 
0.772045 0.692370 0.602337 0.508103 0.618364 0.617762 0.563720 0.424081 0.557679 0.538660 
0.439021 0.528698 0.686404 0.800856 0.123708 0.183251 0.087643 0.803308 0.635250 0.574820 
0.527307 0.449265 0.487390 0.500829 0.424208 0.438173 0.470769 0.562730 0.515776 0.540233 
0.528351 0.558035 0.530971 0.598587 0.500451 0.563350 0.592796 0.696244 0.599237 0.800490 
0.820150 0.635114 0.548162 0.513255 0.558709 0.576637 0.535932 0.540714 0.534867 0.552763 
0.535067 0.490198 0.726075 0.761439 0.489396 0.649607 0.753878 0.448561 0.682379 0.553465 
0.526495 0.482703 0.506428 0.498924 0.486454 0.456600 0.492771 0.597713 0.497495 0.547202 
0.554370 0.623381 0.508238 0.560432 0.581526 0.535596 0.589854 0.718889 0.593961 0.808227 
0.776259 0.745316 0.609822 0.508283 0.550210 0.548872 0.431029 0.509343 0.529613 0.524646 
0.531559 0.478196 0.593897 0.693468 0.533451 0.560632 0.709751 0.604541 0.585772 0.573833 
0.503162 0.566327 0.448273 0.543235 0.466714 0.567692 0.544576 0.564206 0.563084 0.455265 
0.551044 0.535602 0.525875 0.519395 0.543132 0.548813 0.561130 0.564973 0.625883 0.824935 
0.804106 0.653819 0.548052 0.582616 0.504767 0.574866 0.451323 0.443816 0.476849 0.516420 
0.447543 0.490229 0.543088 0.507250 0.446189 0.426548 0.523658 0.577103 0.534367 0.550675 
0.516975 0.523765 0.407667 0.524201 0.560376 0.556780 0.505009 0.563861 0.527737 0.493327 
0.547442 0.576981 0.546241 0.535738 0.543628 0.532665 0.540744 0.551848 0.646698 0.756764 
0.794928 0.699056 0.563171 0.509239 0.472867 0.479061 0.429765 0.431632 0.421017 0.477085 
0.470240 0.521711 0.538974 0.538972 0.459234 0.492538 0.592357 0.554312 0.511491 0.483777 
0.541122 0.561685 0.508614 0.546335 0.505567 0.572855 0.541770 0.512710 0.547608 0.516352 
0.531573 0.614912 0.541577 0.539186 0.565183 0.550222 0.518509 0.535649 0.688680 0.729123 
0.763628 0.653153 0.532057 0.507849 0.523918 0.525675 0.627984 0.466270 0.445665 0.485455 
0.488401 0.516083 0.468016 0.533120 0.456098 0.489999 0.591242 0.454515 0.508605 0.515436 
0.544279 0.548292 0.595268 0.569192 0.521316 0.581142 0.582395 0.516973 0.537731 0.501122 
0.472254 0.606146 0.542648 0.520994 0.591047 0.522099 0.587355 0.553106 0.627630 0.752319 
0.760152 0.587722 0.478664 0.623754 0.586226 0.566402 0.563371 0.515615 0.478348 0.462686 
0.363497 0.504543 0.509018 0.537220 0.523135 0.499380 0.586345 0.513579 0.515180 0.576549 
0.480048 0.566004 0.551165 0.575085 0.567681 0.563536 0.525437 0.553814 0.512311 0.514093 
0.446565 0.603818 0.605517 0.503165 0.572292 0.525801 0.531153 0.563464 0.601681 0.696127 
0.703364 0.705664 0.512411 0.560214 0.495194 0.188405 0.298438 0.283857 0.327643 0.488613 
0.350320 0.424046 0.451619 0.494716 0.476584 0.523658 0.574195 0.487389 0.454380 0.519846 
0.507078 0.553476 0.528163 0.547824 0.526580 0.562822 0.531449 0.564774 0.548829 0.545909 
0.609679 0.528330 0.491220 0.523823 0.519998 0.505408 0.488631 0.508540 0.531414 0.689224 
0.683284 0.310821 0.710597 0.291046 0.390066 0.067096 0.077333 0.234721 0.113121 0.475472 
0.515110 0.414191 0.461488 0.472838 0.542098 0.615954 0.596634 0.479098 0.505743 0.493998 
0.525681 0.539704 0.584565 0.563617 0.569238 0.592767 0.507571 0.536963 0.583280 0.556525 
0.555525 0.548119 0.455980 0.517579 0.511206 0.504702 0.450383 0.420338 0.526076 0.599229 
0.666116 0.433642 0.809318 0.363346 0.330283 0.266896 0.069400 0.191539 0.354469 0.530261 
0.548856 0.415109 0.458229 0.446140 0.566772 0.570455 0.550423 0.561330 0.569073 0.527053 
0.562976 0.545487 0.550340 0.521964 0.556533 0.589727 0.507829 0.560933 0.566707 0.487816 
0.506714 0.468543 0.469277 0.498734 0.492470 0.469277 0.443480 0.325285 0.428563 0.671739 
0.677591 0.738366 0.464677 0.168263 0.312436 0.140400 0.401668 0.306615 0.423258 0.151156 
0.178310 0.740948 0.525212 0.477084 0.544790 0.596450 0.553778 0.577964 0.633533 0.579540 
0.659376 0.557303 0.543469 0.575389 0.562663 0.547209 0.543436 0.525134 0.513926 0.493937 
0.477586 0.484462 0.475567 0.558730 0.505234 0.397991 0.428832 0.513256 0.383869 0.421945 
0.713156 0.675200 0.538107 0.497135 0.366954 0.385972 0.541459 0.481190 0.217123 0.361461 
0.159193 0.791729 0.565717 0.526353 0.517116 0.490374 0.552048 0.579908 0.583225 0.579949 
0.578398 0.573097 0.523127 0.551764 0.550767 0.509411 0.502883 0.532832 0.535394 0.430839 
0.487895 0.541351 0.575054 0.618962 0.491784 0.367471 0.500853 0.541030 0.137527 0.217110 
0.633135 0.658396 0.480514 0.304469 0.345373 0.262325 0.272878 0.310774 0.211861 0.185417 
0.217291 0.697134 0.700683 0.539236 0.448496 0.470592 0.563132 0.497625 0.552238 0.467286 
0.463452 0.444455 0.459322 0.433138 0.502913 0.487754 0.419783 0.470382 0.486196 0.390606 
0.453304 0.454520 0.423344 0.513458 0.352439 0.459828 0.654291 0.332126 0.129962 0.260691 
0.530150 0.382858 0.758218 0.368367 0.360057 0.236247 0.229330 0.435390 0.630357 0.592674 
0.328212 0.673216 0.652248 0.485748 0.425117 0.429721 0.553898 0.518114 0.626463 0.521756 
0.483848 0.449118 0.561656 0.468226 0.438510 0.434049 0.381606 0.394942 0.391842 0.331060 
0.404954 0.321897 0.080809 0.168179 0.125008 0.573191 0.458925 0.041544 0.628900 0.351176 
0.659853 0.644419 0.874296 0.353025 0.344579 0.195370 0.325452 0.129180 0.247489 0.236264 
0.546697 0.466958 0.717062 0.464723 0.462885 0.520557 0.654683 0.328287 0.704470 0.437389 
0.432062 0.350112 0.411786 0.431447 0.475160 0.352571 0.367661 0.345220 0.388900 0.457248 
0.581049 0.230748 0.042108 0.119701 0.101504 0.408058 0.558226 0.320415 0.669468 0.556831 
0.562814 0.426682 0.431816 0.492235 0.431735 0.198759 0.392215 0.196143 0.179093 0.689490 
0.749832 0.554260 0.728721 0.524987 0.498127 0.583823 0.741009 0.473662 0.750672 0.481338 
0.638228 0.495207 0.410750 0.443649 0.298921 0.238202 0.482107 0.500279 0.391846 0.297517 
0.708736 0.387195 0.158082 0.084741 0.129112 0.155189 0.272487 0.501078 0.627533 0.551051 
0.601254 0.336268 0.484984 0.525056 0.644650 0.467586 0.643059 0.623060 0.173065 0.160771 
0.681617 0.160042 0.665314 0.620250 0.526755 0.548796 0.801122 0.353376 0.540053 0.385221 
0.424357 0.583634 0.459393 0.318502 0.306140 0.144119 0.468842 0.634555 0.404458 0.565052 
0.524505 0.127884 0.269552 0.340745 0.375248 0.260112 0.119416 0.538118 0.363313 0.539153 
0.675180 0.542828 0.513430 0.471968 0.574852 0.633690 0.566305 0.422654 0.165007 0.494385 
0.848282 0.550883 0.557775 0.561055 0.460923 0.485727 0.560864 0.658537 0.672068 0.200745 
0.690584 0.484891 0.292523 0.208811 0.415323 0.294568 0.481702 0.696092 0.357429 0.543996 
0.297137 0.194399 0.316503 0.308829 0.406678 0.566644 0.537327 0.579497 0.470704 0.371132 
0.593259 0.504052 0.244767 0.416912 0.642852 0.607569 0.547992 0.239167 0.419182 0.621765 
0.523833 0.735068 0.689113 0.669782 0.319736 0.218971 0.317156 0.793257 0.820895 0.231745 
0.539135 0.542051 0.260018 0.239223 0.354478 0.242569 0.453470 0.656753 0.450916 0.244824 
0.736710 0.331054 0.426293 0.294039 0.531675 0.510203 0.321650 0.475411 0.436614 0.483005 
0.598699 0.515077 0.418348 0.403857 0.473944 0.620711 0.482334 0.582940 0.413944 0.643671 
0.457550 0.397050 0.544333 0.509807 0.411665 0.272449 0.118747 0.504914 0.850311 0.811757 
0.334467 0.275933 0.169000 0.406690 0.232459 0.151876 0.566835 0.293980 0.444747 0.483020 
0.621395 0.302880 0.488943 0.564211 0.439585 0.444709 0.384114 0.533785 0.502908 0.656252 
0.645698 0.655867 0.480796 0.384986 0.549611 0.539507 0.486294 0.534309 0.355177 0.631588 
0.377265 0.358491 0.462179 0.560954 0.572918 0.274086 0.558849 0.428738 0.583772 0.220660 
0.688785 0.764675 0.286278 0.486383 0.481545 0.514705 0.434770 0.400457 0.549969 0.549918 
0.378320 0.455041 0.711598 0.316415 0.382906 0.436704 0.381436 0.373983 0.412922 0.623506 
0.508972 0.477591 0.477821 0.523041 0.452252 0.552235 0.521895 0.389576 0.335965 0.575273 
0.260399 0.273662 0.327495 0.313624 0.340696 0.310511 0.556086 0.557881 0.344724 0.426134 
0.463413 0.687424 0.474939 0.480960 0.331064 0.573554 0.259340 0.438255 0.211038 0.463881 
0.522571 0.361668 0.277203 0.256747 0.448131 0.464175 0.386654 0.507606 0.479502 0.432479 
0.485026 0.605930 0.329835 0.452611 0.403933 0.429919 0.540802 0.625534 0.466424 0.657614 
0.492179 0.500598 0.351576 0.280336 0.445085 0.468798 0.481129 0.344211 0.241016 0.331233 
0.391517 0.332441 0.540519 0.544517 0.638212 0.650953 0.217233 0.489716 0.207113 0.636382 
0.380885 0.681424 0.471748 0.203386 0.519861 0.589725 0.300866 0.464103 0.610167 0.429064 
0.516121 0.557694 0.491921 0.648629 0.304947 0.479479 0.645886 0.509578 0.576943 0.652087 
0.457938 0.409450 0.383216 0.358718 0.509379 0.418033 0.357807 0.323967 0.559454 0.389785 
0.295094 0.289213 0.375332 0.518114 0.567982 0.231829 0.388363 0.562667 0.359200 0.396378 
0.406436 0.773916 0.588319 0.123217 0.488555 0.497755 0.332034 0.438632 0.551392 0.392635 
0.636999 0.649164 0.568276 0.440658 0.203424 0.496145 0.669165 0.542253 0.648479 0.629570 
0.614605 0.689099 0.624809 0.677059 0.369730 0.325700 0.519259 0.389014 0.334874 0.349545 
0.407099 0.334374 0.475952 0.152468 0.501197 0.489959 0.443055 0.604853 0.498665 0.751030 
0.462782 0.633422 0.306658 0.359454 0.317611 0.308203 0.337663 0.486015 0.437122 0.556951 
0.535707 0.665778 0.582951 0.415198 0.519133 0.563946 0.760035 0.686740 0.792596 0.471185 
0.697159 0.667959 0.510775 0.696986 0.576610 0.138746 0.561029 0.460776 0.618024 0.638926 
0.482507 0.564590 0.572503 0.500324 0.613584 0.516334 0.509136 0.459004 0.483244 0.510604 
0.495572 0.528638 0.647080 0.572621 0.467040 0.516764 0.592272 0.453123 0.565427 0.743902 
0.293793 0.304830 0.290573 0.201232 0.217605 0.239164 0.280292 0.318369 0.287971 0.274271 
0.265895 0.249755 0.262624 0.312808 0.330494 0.406868 0.445741 0.394447 0.405202 0.390899 
0.367113 0.346764 0.332620 0.337534 0.368652 0.390294 0.355809 0.303309 0.290934 0.321866 
0.311124 0.328065 0.325327 0.359558 0.339190 0.337535 0.304527 0.274149 0.377230 0.240829 
0.079988 0.203005 0.195829 0.126794 0.195417 0.235824 0.285112 0.252104 0.243489 0.244691 
0.290581 0.324513 0.323569 0.310028 0.230512 0.376281 0.281353 0.233951 0.355255 0.281049 
0.284978 0.357036 0.377608 0.356315 0.434322 0.418170 0.363479 0.272368 0.332071 0.301786 
0.249815 0.278021 0.277532 0.320711 0.317319 0.376587 0.353672 0.273243 0.351819 0.193952 
0.065553 0.103108 0.071485 0.080143 0.181322 0.169090 0.143272 0.112086 0.112815 0.108247 
0.091036 0.119784 0.129052 0.193397 0.107023 0.178659 0.135742 0.157003 0.120818 0.135770 
0.139966 0.134178 0.153186 0.196209 0.183207 0.154419 0.130607 0.114813 0.170309 0.149358 
0.136188 0.135614 0.125319 0.100260 0.103505 0.123554 0.106875 0.093464 0.152654 0.094345 
0.064254 0.129791 0.066823 0.046310 0.204459 0.139821 0.129934 0.119383 0.160560 0.177725 
0.142300 0.195428 0.172182 0.256169 0.175371 0.164667 0.197466 0.130957 0.184605 0.148021 
0.121329 0.155765 0.183251 0.211732 0.185568 0.197243 0.211733 0.201771 0.182853 0.160674 
0.166968 0.157175 0.187226 0.168298 0.167558 0.155270 0.114023 0.110974 0.195330 0.108007 
0.068152 0.133261 0.087921 0.067867 0.077155 0.076093 0.161341 0.175661 0.187495 0.223507 
0.197974 0.229957 0.258324 0.185397 0.191397 0.182479 0.216092 0.179479 0.180428 0.165836 
0.216018 0.194487 0.165972 0.188763 0.204040 0.233125 0.221939 0.240991 0.235502 0.177516 
0.258515 0.247588 0.248485 0.230579 0.227825 0.171823 0.166704 0.170672 0.258534 0.141706 
0.069001 0.142474 0.155803 0.132443 0.130660 0.167150 0.210448 0.138763 0.136700 0.196850 
0.135271 0.189617 0.283998 0.180461 0.238963 0.179649 0.185134 0.229298 0.177593 0.232505 
0.191435 0.142287 0.120900 0.129442 0.166214 0.313182 0.184764 0.169326 0.190756 0.215721 
0.206672 0.212955 0.200149 0.212708 0.177932 0.160548 0.148478 0.141429 0.258079 0.146680 
0.067791 0.180232 0.172639 0.119620 0.156275 0.183371 0.223929 0.199097 0.186953 0.125027 
0.222353 0.178408 0.227228 0.094952 0.178990 0.160602 0.194217 0.197237 0.166037 0.182031 
0.144211 0.147059 0.159280 0.177490 0.188988 0.199858 0.166080 0.173500 0.164629 0.212891 
0.199635 0.201432 0.158442 0.179734 0.172124 0.195121 0.203375 0.160670 0.244813 0.148195 
0.074989 0.171201 0.162183 0.114332 0.153229 0.135953 0.129796 0.183506 0.186438 0.157052 
0.231318 0.277143 0.228641 0.139391 0.132319 0.154687 0.187905 0.206529 0.216371 0.176723 
0.145960 0.159854 0.189907 0.204206 0.250490 0.167636 0.159730 0.205628 0.177447 0.173632 
0.172651 0.187569 0.160814 0.216263 0.152520 0.171226 0.194823 0.224505 0.271553 0.154845 
0.091980 0.232620 0.257890 0.127671 0.093481 0.146840 0.119272 0.136770 0.156798 0.194066 
0.273264 0.260629 0.178227 0.195654 0.195347 0.193613 0.223062 0.189734 0.233905 0.203255 
0.204193 0.182298 0.257722 0.206502 0.187866 0.137333 0.160891 0.213470 0.233061 0.171072 
0.178207 0.201520 0.227393 0.202558 0.188208 0.230962 0.243558 0.169402 0.246823 0.153837 
0.106674 0.229218 0.116695 0.100124 0.123657 0.197970 0.177199 0.154246 0.148039 0.154542 
0.232848 0.128381 0.178027 0.177193 0.151716 0.160446 0.154943 0.208435 0.197633 0.228156 
0.165576 0.183022 0.185216 0.188331 0.135838 0.138598 0.156749 0.233562 0.183466 0.171380 
0.165041 0.190889 0.200811 0.187326 0.164837 0.190750 0.195587 0.125386 0.266985 0.154433 
0.106286 0.229433 0.132681 0.103962 0.138478 0.178039 0.160466 0.188454 0.234723 0.234139 
0.257476 0.144384 0.202818 0.230274 0.234967 0.219571 0.164992 0.176417 0.260940 0.174557 
0.143306 0.175292 0.220043 0.200941 0.173446 0.184604 0.225093 0.221828 0.195686 0.224774 
0.206610 0.192653 0.170822 0.166286 0.176273 0.182980 0.146725 0.135702 0.290976 0.146915 
0.106149 0.265373 0.167448 0.131634 0.157686 0.193739 0.153427 0.233496 0.198810 0.244654 
0.154194 0.212436 0.194278 0.193346 0.471219 0.396814 0.426281 0.235795 0.215698 0.131039 
0.146645 0.163974 0.177884 0.162685 0.200635 0.232309 0.254076 0.186294 0.190771 0.214131 
0.213104 0.176183 0.164523 0.154413 0.172531 0.169954 0.163273 0.117259 0.281757 0.126645 
0.112252 0.243190 0.169169 0.155416 0.151146 0.188181 0.195665 0.173535 0.157735 0.206559 
0.206946 0.179465 0.074355 0.049220 0.591792 0.400980 0.469409 0.232107 0.191959 0.209298 
0.224106 0.195468 0.185764 0.166742 0.222835 0.258344 0.197632 0.168053 0.165250 0.228308 
0.206067 0.150850 0.184740 0.164211 0.188732 0.140456 0.164035 0.120461 0.295764 0.143441 
0.102705 0.232536 0.150898 0.147300 0.123645 0.177087 0.255529 0.265492 0.230161 0.184835 
0.184732 0.101599 0.085458 0.025089 0.163901 0.034078 0.047827 0.088043 0.124655 0.186631 
0.233633 0.232912 0.203017 0.195921 0.191527 0.210700 0.196413 0.215576 0.191238 0.185611 
0.166114 0.151403 0.201267 0.172026 0.176734 0.122549 0.130942 0.156075 0.378331 0.122793 
0.093925 0.239582 0.172047 0.125842 0.149828 0.204331 0.332684 0.338080 0.220565 0.215321 
0.198106 0.104291 0.164230 0.157476 0.061268 0.008160 0.006651 0.052459 0.101982 0.129466 
0.241261 0.273013 0.239874 0.246567 0.271205 0.229475 0.209334 0.205862 0.252342 0.225997 
0.221315 0.197402 0.214802 0.186457 0.206628 0.122709 0.153346 0.192928 0.419420 0.142871 
0.106440 0.305302 0.209320 0.146775 0.233421 0.245925 0.205094 0.146762 0.214025 0.239356 
0.149930 0.162729 0.196016 0.216334 0.158551 0.068900 0.097590 0.057314 0.179353 0.208735 
0.180822 0.176893 0.183230 0.189696 0.201305 0.164000 0.174847 0.181996 0.262793 0.190778 
0.187156 0.162397 0.197333 0.195506 0.173014 0.144078 0.181362 0.238198 0.358129 0.154825 
0.106490 0.183547 0.174129 0.165535 0.192406 0.226048 0.242130 0.259724 0.246613 0.226176 
0.173911 0.201793 0.218479 0.204969 0.237152 0.222945 0.204654 0.220175 0.397210 0.223965 
0.182712 0.183751 0.237477 0.195346 0.199096 0.141158 0.180598 0.208653 0.240953 0.170293 
0.160405 0.192155 0.161862 0.214044 0.250042 0.236882 0.271483 0.287697 0.298984 0.143277 
0.082547 0.261553 0.205601 0.162131 0.198720 0.184729 0.208872 0.271410 0.241607 0.217980 
0.265345 0.177961 0.178972 0.216183 0.217906 0.192513 0.177697 0.195114 0.234667 0.176042 
0.229924 0.190015 0.208888 0.200783 0.180512 0.201732 0.280121 0.271870 0.271149 0.167718 
0.191596 0.174208 0.171089 0.181538 0.217865 0.226554 0.228301 0.220114 0.267470 0.197998 
0.093633 0.214156 0.160385 0.148679 0.173809 0.198745 0.208283 0.177367 0.199223 0.277265 
0.229532 0.178260 0.188508 0.193769 0.184204 0.143371 0.175310 0.314171 0.315993 0.216600 
0.234888 0.173656 0.193238 0.184810 0.240264 0.219706 0.227212 0.262469 0.212784 0.269000 
0.236965 0.196750 0.191037 0.203320 0.192231 0.220751 0.188878 0.167229 0.230532 0.175620 
0.103171 0.284328 0.189839 0.130558 0.140256 0.188945 0.182586 0.134842 0.166160 0.262317 
0.232341 0.224472 0.239282 0.201387 0.175489 0.167383 0.179861 0.253178 0.190748 0.176802 
0.215241 0.180126 0.172840 0.192068 0.220982 0.205052 0.178633 0.181394 0.217041 0.241298 
0.239108 0.182810 0.201473 0.192662 0.185018 0.222044 0.173349 0.165899 0.258018 0.166707 
0.142065 0.259470 0.282238 0.106050 0.197383 0.416548 0.481243 0.366056 0.269372 0.243048 
0.255623 0.223952 0.257599 0.247522 0.198880 0.196317 0.213346 0.202070 0.191825 0.217260 
0.212032 0.166169 0.191435 0.202988 0.225134 0.224265 0.225748 0.200284 0.198773 0.173281 
0.163692 0.212654 0.189659 0.203206 0.255955 0.279406 0.303147 0.231874 0.311782 0.246738 
0.288392 0.521816 0.306063 0.156952 0.445946 0.512221 0.294245 0.403955 0.262876 0.217553 
0.211301 0.222690 0.237148 0.187742 0.178971 0.160155 0.207441 0.306057 0.240780 0.218383 
0.206541 0.199982 0.234682 0.207125 0.216767 0.224433 0.253658 0.209000 0.186343 0.190360 
0.220294 0.312487 0.317123 0.250730 0.364604 0.351949 0.337867 0.304464 0.504259 0.308533 
0.294099 0.213949 0.091646 0.127898 0.611936 0.098181 0.045037 0.120030 0.180193 0.070850 
0.115720 0.178698 0.140462 0.151017 0.142877 0.171482 0.186326 0.191531 0.183171 0.220194 
0.214652 0.237081 0.234233 0.200763 0.189863 0.193092 0.231182 0.206557 0.213054 0.260144 
0.295927 0.303204 0.266998 0.217751 0.296600 0.358142 0.399348 0.284991 0.328469 0.152182 
0.073637 0.061011 0.048317 0.112078 0.062382 0.014257 0.038926 0.022819 0.073041 0.079836 
0.161885 0.219537 0.168384 0.173521 0.177801 0.223389 0.210177 0.172857 0.163895 0.277198 
0.235452 0.304055 0.255255 0.261845 0.317078 0.288390 0.299427 0.295663 0.300196 0.291985 
0.315843 0.290783 0.273728 0.310174 0.304791 0.286813 0.211694 0.242264 0.621284 0.381168 
0.168653 0.125475 0.123020 0.079966 0.031560 0.068267 0.081688 0.134279 0.045637 0.132644 
0.084635 0.126558 0.148855 0.192000 0.229846 0.222964 0.189996 0.193764 0.186669 0.242923 
0.221229 0.316588 0.305598 0.306089 0.356933 0.419773 0.338395 0.361330 0.340115 0.306599 
0.300639 0.282019 0.193341 0.237902 0.263859 0.236369 0.105055 0.102464 0.631135 0.386546 
0.297115 0.218480 0.132199 0.148529 0.277121 0.341491 0.188857 0.269969 0.058194 0.092038 
0.065196 0.080362 0.133466 0.182445 0.187700 0.240410 0.217873 0.286713 0.366355 0.507458 
0.492889 0.534446 0.524760 0.532892 0.582295 0.491807 0.404994 0.342014 0.360106 0.388502 
0.328165 0.297388 0.339804 0.377826 0.298445 0.131955 0.102322 0.277270 0.527009 0.078869 
0.326281 0.252420 0.168970 0.212427 0.355919 0.268583 0.150065 0.086533 0.218027 0.217967 
0.141270 0.031147 0.141909 0.288152 0.224031 0.242911 0.316264 0.516773 0.461918 0.553784 
0.510931 0.467185 0.414745 0.444687 0.387407 0.373198 0.401904 0.388186 0.364643 0.418184 
0.480053 0.603465 0.611437 0.792022 0.481854 0.152125 0.126503 0.261587 0.125406 0.007869 
0.244912 0.438976 0.113480 0.105118 0.052887 0.013116 0.052901 0.034733 0.116714 0.237936 
0.221664 0.103219 0.225024 0.459341 0.342108 0.354285 0.284882 0.532510 0.581786 0.534852 
0.245976 0.304538 0.308732 0.384068 0.412921 0.405752 0.424039 0.388443 0.329055 0.220382 
0.237374 0.201676 0.440531 0.278652 0.087982 0.175264 0.074593 0.103367 0.062277 0.009885 
0.147567 0.261982 0.207253 0.237721 0.140756 0.024828 0.091319 0.071074 0.058589 0.653434 
0.475213 0.096671 0.110299 0.344283 0.149469 0.111196 0.076918 0.385476 0.912766 0.439308 
0.213204 0.203123 0.242584 0.550750 0.781198 0.500616 0.276184 0.175463 0.245324 0.134315 
0.135394 0.072961 0.100587 0.050024 0.031734 0.109791 0.106051 0.037184 0.098934 0.134201 
0.458932 0.516168 0.440769 0.243829 0.106801 0.087260 0.057850 0.023735 0.126327 0.136569 
0.124821 0.155065 0.258943 0.544026 0.257355 0.201070 0.085726 0.335888 0.341696 0.102740 
0.066063 0.061292 0.089660 0.554821 0.296239 0.103307 0.087485 0.032288 0.145160 0.306932 
0.033336 0.036539 0.087478 0.007550 0.019230 0.035135 0.088317 0.165074 0.312859 0.105267 
0.157782 0.221170 0.084941 0.078899 0.210643 0.182376 0.101442 0.129511 0.124346 0.025608 
0.077015 0.196183 0.657864 0.790077 0.592985 0.240610 0.104796 0.592194 0.100818 0.023426 
0.069058 0.044841 0.195358 0.221582 0.026503 0.060614 0.026265 0.021629 0.229294 0.065975 
0.051742 0.023815 0.018843 0.019040 0.009846 0.050544 0.086489 0.027497 0.220010 0.111180 
0.304203 0.265251 0.225970 0.270210 0.471064 0.248208 0.207974 0.106526 0.057244 0.053304 
0.025327 0.056951 0.241284 0.496711 0.076732 0.196616 0.109213 0.108198 0.034999 0.014537 
0.035022 0.083767 0.081729 0.018887 0.026023 0.237268 0.048868 0.073054 0.138580 0.020507 
0.044230 0.014907 0.036285 0.046550 0.034189 0.033205 0.180436 0.072900 0.208045 0.074033 
0.234428 0.249491 0.430251 0.157463 0.110113 0.278797 0.234039 0.217274 0.032650 0.133572 
0.147297 0.210293 0.374986 0.179569 0.113021 0.197730 0.310065 0.032880 0.006026 0.044529 
0.195976 0.099529 0.016101 0.042386 0.050244 0.063097 0.213326 0.071190 0.060701 0.095552 
0.063363 0.035906 0.269931 0.214012 0.159124 0.220675 0.227391 0.197809 0.159890 0.116161 
0.230698 0.102635 0.086366 0.067106 0.076451 0.102954 0.233317 0.122660 0.123819 0.236607 
0.317237 0.551409 0.419441 0.560353 0.234488 0.088241 0.070166 0.077627 0.031844 0.087254 
0.145370 0.057323 0.038402 0.013196 0.131475 0.009766 0.049436 0.063465 0.054697 0.043827 
0.052600 0.150140 0.077579 0.247634 0.415103 0.423356 0.284114 0.323252 0.487270 0.286374 
0.281607 0.320888 0.153855 0.127284 0.171794 0.329490 0.148502 0.076533 0.111830 0.204602 
0.197669 0.407317 0.077078 0.132512 0.144858 0.145471 0.038146 0.012128 0.104247 0.045548 
0.046190 0.012230 0.067375 0.045989 0.032022 0.012912 0.020005 0.041103 0.102189 0.132777 
0.318995 0.163044 0.127558 0.237401 0.623824 0.582501 0.217640 0.130180 0.398900 0.326879 
0.237260 0.316518 0.443665 0.453584 0.407651 0.372955 0.234544 0.089625 0.312901 0.179708 
0.271712 0.073114 0.018317 0.061930 0.061610 0.155343 0.037506 0.049477 0.253099 0.251687 
0.079632 0.131992 0.174131 0.455278 0.165115 0.096287 0.102344 0.113561 0.411886 0.131495 
0.139317 0.122938 0.062699 0.086947 0.212617 0.171566 0.088045 0.071248 0.141071 0.268310 
0.328123 0.165146 0.314763 0.183756 0.213584 0.116489 0.366349 0.311781 0.341669 0.246631 
0.391713 0.112293 0.033572 0.159226 0.144719 0.115701 0.095093 0.164915 0.287337 0.319654 
0.117478 0.119709 0.280685 0.342076 0.164632 0.409676 0.348874 0.275267 0.173868 0.302512 
0.448696 0.165051 0.121598 0.142399 0.336443 0.233171 0.234348 0.304457 0.230117 0.176886 
0.212032 0.245790 0.144607 0.057393 0.113463 0.117225 0.127268 0.164024 0.607094 0.347770 
0.184236 0.142834 0.108503 0.318093 0.149053 0.133428 0.226593 0.050115 0.044351 0.177500 
0.230246 0.216632 0.235991 0.258898 0.353517 0.547812 0.056263 0.047035 0.191131 0.801300 
0.615717 0.246426 0.128206 0.084620 0.144741 0.340014 0.115404 0.091065 0.268240 0.193579 
0.167105 0.127695 0.159036 0.192653 0.123977 0.077850 0.027376 0.089166 0.431816 0.165948 
0.110036 0.248358 0.164243 0.161200 0.248753 0.603363 0.623070 0.467838 0.322848 0.357271 
0.276327 0.158910 0.241552 0.141491 0.277855 0.475484 0.167074 0.164511 0.470197 0.355195 
0.300465 0.355700 0.227773 0.083367 0.087902 0.412462 0.497428 0.640767 0.710696 0.471057 
0.384234 0.571538 0.423143 0.347778 0.146046 0.089508 0.206215 0.383279 0.385802 0.433646 
0.504046 0.550493 0.606749 0.489127 0.458661 0.127028 0.228929 0.326909 0.484166 0.362385 
0.298303 0.357628 0.439333 0.281141 0.424883 0.521917 0.563478 0.597299 0.774427 0.654900 
0.712398 0.871795 0.751242 0.523441 0.558480 0.604197 0.582840 0.457159 0.409810 0.302402 
0.207027 0.288956 0.256529 0.252072 0.272060 0.270328 0.222672 0.289952 0.283155 0.253536 
0.276557 0.307956 0.323511 0.195621 0.351737 0.396788 0.284438 0.318368 0.289500 0.279132 
0.269391 0.231428 0.278622 0.254823 0.259183 0.250140 0.234693 0.271012 0.292811 0.249704 
0.295051 0.318049 0.278320 0.276115 0.248982 0.233897 0.247915 0.233680 0.241381 0.348257 
0.324410 0.652110 0.539656 0.420707 0.532692 0.469848 0.348115 0.454468 0.567945 0.507357 
0.471440 0.531226 0.461029 0.371318 0.455902 0.516412 0.544085 0.472623 0.512470 0.528057 
0.477101 0.442094 0.478238 0.451684 0.443713 0.425989 0.397562 0.503207 0.501910 0.380391 
0.373629 0.499143 0.498410 0.481782 0.514073 0.459699 0.451940 0.406515 0.331864 0.308822 
0.343336 0.774512 0.619034 0.496707 0.552185 0.542960 0.439784 0.526515 0.627048 0.605036 
0.496127 0.496850 0.461554 0.554760 0.589650 0.534930 0.572036 0.522489 0.557867 0.576837 
0.582484 0.574570 0.619087 0.542684 0.516550 0.530726 0.559648 0.534555 0.486526 0.532777 
0.581733 0.563941 0.570990 0.543389 0.557726 0.481232 0.527915 0.530912 0.400984 0.250834 
0.354810 0.784274 0.563904 0.327735 0.421795 0.704946 0.588545 0.560354 0.643294 0.620561 
0.504457 0.512044 0.506463 0.592102 0.678628 0.581331 0.570381 0.587240 0.540727 0.585998 
0.623513 0.564000 0.555172 0.577743 0.571182 0.564842 0.597094 0.539898 0.488007 0.579820 
0.638207 0.546470 0.494675 0.560180 0.522493 0.487831 0.578660 0.610573 0.436274 0.288263 
0.358490 0.789659 0.480918 0.267198 0.219998 0.583245 0.687672 0.565726 0.554782 0.598642 
0.632037 0.542685 0.525618 0.547549 0.618948 0.559547 0.568538 0.556541 0.542692 0.606488 
0.582466 0.624740 0.581658 0.576327 0.564063 0.574118 0.580476 0.535139 0.547378 0.562150 
0.488013 0.523946 0.536783 0.604775 0.549817 0.571803 0.553145 0.556842 0.439051 0.287648 
0.316609 0.778290 0.533890 0.214829 0.339641 0.668686 0.715679 0.602485 0.467479 0.491678 
0.700054 0.546929 0.502406 0.549458 0.570103 0.601010 0.540990 0.512312 0.608959 0.518759 
0.508611 0.670550 0.654098 0.499633 0.436790 0.452611 0.661272 0.626553 0.536825 0.538076 
0.514795 0.524491 0.577073 0.593419 0.615559 0.585460 0.526456 0.514236 0.397952 0.282289 
0.342861 0.778156 0.593956 0.454184 0.605027 0.611681 0.480916 0.569299 0.548994 0.501855 
0.600627 0.431115 0.364520 0.639606 0.554076 0.614269 0.555029 0.514050 0.563901 0.444286 
0.537746 0.687507 0.707856 0.546079 0.405596 0.430413 0.665174 0.690173 0.511718 0.494693 
0.603135 0.562602 0.576459 0.569497 0.595297 0.520119 0.534228 0.553739 0.413309 0.284365 
0.367021 0.749797 0.579698 0.522375 0.598837 0.563913 0.437738 0.544054 0.680163 0.566875 
0.515259 0.440037 0.399358 0.702854 0.648930 0.567227 0.530805 0.538441 0.582272 0.554503 
0.494375 0.575512 0.655831 0.553810 0.464914 0.556110 0.630132 0.638790 0.583011 0.507718 
0.558211 0.584928 0.544117 0.502968 0.600458 0.523354 0.504336 0.552907 0.447736 0.282718 
0.398006 0.693778 0.483181 0.458435 0.644100 0.574996 0.494588 0.539640 0.630255 0.571407 
0.461859 0.451253 0.657072 0.659002 0.601989 0.575472 0.592640 0.602991 0.642138 0.628418 
0.508462 0.514299 0.568460 0.581899 0.539461 0.663537 0.579437 0.512724 0.574679 0.580647 
0.513644 0.591498 0.522898 0.486194 0.613594 0.550032 0.482454 0.553933 0.503524 0.299544 
0.414404 0.731363 0.506045 0.476457 0.603952 0.530429 0.490641 0.565302 0.605567 0.459578 
0.463734 0.648990 0.615941 0.593084 0.571698 0.565227 0.525692 0.582316 0.606903 0.587702 
0.567720 0.516910 0.478262 0.486063 0.617902 0.651394 0.490471 0.461357 0.599645 0.587024 
0.539345 0.575051 0.488192 0.480280 0.591131 0.523810 0.493634 0.589658 0.485817 0.279881 
0.389086 0.753879 0.546784 0.505817 0.586671 0.556662 0.521611 0.583705 0.620576 0.403494 
0.393978 0.664621 0.616936 0.602103 0.595355 0.455316 0.378163 0.464675 0.432932 0.577611 
0.697384 0.582113 0.501027 0.504951 0.651749 0.616724 0.473143 0.501367 0.637052 0.587211 
0.547842 0.581318 0.514975 0.480226 0.587493 0.544963 0.541857 0.542126 0.458969 0.255002 
0.400291 0.738343 0.592319 0.515153 0.539086 0.570077 0.541627 0.555722 0.654623 0.525319 
0.482078 0.576928 0.593597 0.472174 0.450290 0.348556 0.388436 0.450131 0.369618 0.556122 
0.689999 0.578513 0.519876 0.584726 0.585236 0.499752 0.471735 0.462186 0.568163 0.612719 
0.544336 0.615115 0.574810 0.510506 0.559621 0.537493 0.578046 0.492974 0.439339 0.327096 
0.418651 0.735594 0.534834 0.511894 0.600703 0.592137 0.487715 0.488104 0.638115 0.575204 
0.519841 0.584383 0.414563 0.104534 0.147793 0.142403 0.223557 0.506256 0.529812 0.433483 
0.582451 0.615855 0.521647 0.534192 0.384603 0.446314 0.606434 0.556757 0.495385 0.563167 
0.535628 0.620749 0.629978 0.550567 0.498629 0.496551 0.570709 0.468094 0.490170 0.391295 
0.385366 0.765002 0.532633 0.429319 0.652828 0.571097 0.464272 0.500650 0.632648 0.533039 
0.509271 0.687518 0.254449 0.032770 0.669043 0.790638 0.374305 0.613429 0.689366 0.490986 
0.522295 0.590353 0.576084 0.546556 0.376977 0.521353 0.688231 0.634090 0.571683 0.519358 
0.495366 0.522181 0.598576 0.576054 0.480864 0.538867 0.614502 0.419100 0.519597 0.448483 
0.354994 0.752541 0.617940 0.459326 0.629164 0.537775 0.306204 0.436982 0.770661 0.529424 
0.472078 0.712017 0.273509 0.049641 0.511731 0.591565 0.099793 0.187537 0.666972 0.496470 
0.426525 0.566837 0.590919 0.559607 0.553855 0.562309 0.663840 0.598195 0.538331 0.580953 
0.525329 0.485968 0.572623 0.572068 0.517661 0.595839 0.599179 0.397755 0.487021 0.412152 
0.395353 0.742324 0.645672 0.504311 0.554925 0.501610 0.336694 0.412646 0.695444 0.626966 
0.516667 0.571632 0.484326 0.203492 0.341179 0.088785 0.104502 0.367756 0.541681 0.549531 
0.508028 0.556063 0.607967 0.602418 0.567823 0.564085 0.623288 0.549598 0.457904 0.589136 
0.626630 0.497824 0.471083 0.513127 0.540041 0.588352 0.530887 0.388351 0.454123 0.404412 
0.411346 0.765443 0.613935 0.448076 0.506015 0.596263 0.510484 0.482680 0.608629 0.634791 
0.498800 0.487949 0.578688 0.478333 0.358193 0.305652 0.458737 0.421096 0.394595 0.592381 
0.659302 0.516156 0.506578 0.564735 0.543193 0.586205 0.548879 0.502953 0.397300 0.546535 
0.696360 0.570749 0.469856 0.487026 0.559643 0.579297 0.501165 0.465503 0.438300 0.345146 
0.392459 0.700872 0.635420 0.469102 0.487439 0.684604 0.599820 0.541722 0.605959 0.556354 
0.473870 0.609815 0.637093 0.541672 0.518440 0.642808 0.645363 0.418668 0.375794 0.626171 
0.678633 0.558804 0.526351 0.525528 0.581149 0.585625 0.562990 0.534434 0.455322 0.534795 
0.676539 0.596543 0.548114 0.542907 0.557722 0.553383 0.485394 0.500537 0.478992 0.260648 
0.389088 0.741301 0.633706 0.494495 0.515714 0.674570 0.624022 0.521700 0.536324 0.523905 
0.535189 0.620053 0.578765 0.471081 0.526543 0.665130 0.563580 0.419197 0.491513 0.626961 
0.618461 0.541684 0.540185 0.535035 0.592478 0.587891 0.524983 0.544766 0.550273 0.527543 
0.609788 0.596142 0.520393 0.547840 0.543254 0.522346 0.584673 0.567575 0.450818 0.262899 
0.441901 0.761985 0.671962 0.478641 0.434297 0.552106 0.509722 0.448042 0.486315 0.492452 
0.534558 0.578146 0.557412 0.534411 0.508785 0.621145 0.525436 0.417800 0.535793 0.585744 
0.621168 0.594183 0.561458 0.505283 0.524919 0.599299 0.532595 0.509435 0.540645 0.406950 
0.533733 0.620037 0.500783 0.545830 0.557299 0.537640 0.562986 0.568497 0.453047 0.293682 
0.415795 0.687242 0.622317 0.504929 0.371332 0.272156 0.361594 0.297614 0.453337 0.532330 
0.495991 0.544164 0.555523 0.566188 0.524246 0.568732 0.532032 0.470033 0.579414 0.539554 
0.511737 0.654949 0.576466 0.485158 0.519420 0.601436 0.601315 0.534718 0.465697 0.454440 
0.604670 0.632180 0.504716 0.581708 0.579800 0.566368 0.560812 0.591292 0.458165 0.281044 
0.335778 0.455250 0.604934 0.271418 0.150194 0.190231 0.182542 0.034229 0.309435 0.623482 
0.571205 0.514928 0.556923 0.579130 0.587076 0.593515 0.510452 0.519883 0.661039 0.621330 
0.505530 0.593548 0.605600 0.545956 0.543852 0.564628 0.539977 0.570360 0.552681 0.569809 
0.591305 0.495348 0.575304 0.631201 0.578070 0.593028 0.619432 0.654239 0.481211 0.293048 
0.364569 0.178009 0.424544 0.043957 0.206293 0.612927 0.267872 0.055556 0.098901 0.659815 
0.643229 0.513143 0.565764 0.549426 0.598034 0.599911 0.492753 0.466003 0.611865 0.673961 
0.566144 0.545043 0.613570 0.610007 0.578093 0.530481 0.478812 0.588040 0.622402 0.557841 
0.522092 0.479165 0.631156 0.689979 0.552498 0.596935 0.689451 0.668221 0.463567 0.200877 
0.305283 0.169925 0.250327 0.076038 0.583471 0.744096 0.678524 0.129486 0.038635 0.238917 
0.562314 0.622763 0.584884 0.500765 0.598604 0.600727 0.532468 0.524034 0.566742 0.545168 
0.572120 0.527198 0.609398 0.645018 0.574609 0.540136 0.535142 0.609825 0.580508 0.534047 
0.556937 0.624437 0.637553 0.664465 0.586960 0.640657 0.638783 0.633394 0.503821 0.306356 
0.457561 0.102132 0.221661 0.520056 0.601767 0.562638 0.512178 0.190996 0.110376 0.160805 
0.138658 0.771889 0.676646 0.469677 0.541816 0.612665 0.608707 0.627243 0.548549 0.491506 
0.541578 0.574400 0.620609 0.600548 0.487468 0.461428 0.545605 0.581500 0.587588 0.567902 
0.632290 0.663481 0.674374 0.629871 0.637514 0.660288 0.529794 0.315678 0.495501 0.324810 
0.288213 0.129106 0.073832 0.592570 0.359912 0.174240 0.654751 0.281804 0.059519 0.203125 
0.069835 0.692542 0.802211 0.514302 0.491150 0.629244 0.639043 0.570501 0.465300 0.472066 
0.511473 0.522728 0.616938 0.559919 0.484371 0.530594 0.606631 0.661904 0.577801 0.565979 
0.648703 0.653205 0.572595 0.441520 0.431534 0.412764 0.197013 0.213653 0.690644 0.538109 
0.221204 0.353885 0.048109 0.328615 0.339990 0.366837 0.526056 0.118552 0.147792 0.042847 
0.019225 0.629562 0.685712 0.566521 0.495956 0.619487 0.550659 0.562238 0.543366 0.438843 
0.486131 0.401063 0.556891 0.510069 0.536910 0.582538 0.654267 0.695524 0.575033 0.597687 
0.647016 0.653802 0.350479 0.167792 0.315434 0.266538 0.101118 0.409086 0.829672 0.529861 
0.417068 0.396754 0.143365 0.248568 0.576047 0.572985 0.540519 0.155572 0.092517 0.039323 
0.020716 0.756096 0.769722 0.588580 0.573615 0.667683 0.401426 0.532335 0.275087 0.584662 
0.675301 0.561991 0.548430 0.422878 0.489989 0.547279 0.492062 0.635814 0.679509 0.508537 
0.244601 0.275213 0.348439 0.102880 0.158175 0.211629 0.072718 0.236845 0.636374 0.478331 
0.469281 0.298973 0.400919 0.143385 0.345296 0.223325 0.447835 0.103240 0.289012 0.131831 
0.033660 0.760655 0.719900 0.520224 0.570137 0.525840 0.184803 0.331727 0.108310 0.547480 
0.761184 0.610472 0.482596 0.324849 0.276710 0.566811 0.584678 0.637810 0.581477 0.133678 
0.048811 0.249757 0.403271 0.609788 0.202537 0.251507 0.094078 0.118648 0.155848 0.262051 
0.358667 0.314418 0.495907 0.330902 0.094203 0.220708 0.383211 0.400395 0.096669 0.377296 
0.084328 0.520333 0.536516 0.439177 0.447330 0.275232 0.053141 0.533660 0.144924 0.285853 
0.706499 0.455763 0.183734 0.314538 0.128498 0.398900 0.737197 0.249739 0.225262 0.081134 
0.318685 0.686140 0.838113 0.710673 0.321968 0.068462 0.137177 0.296911 0.112331 0.103736 
0.224120 0.481350 0.350301 0.418204 0.344561 0.227636 0.448679 0.252804 0.594793 0.173936 
0.294334 0.505190 0.493110 0.445793 0.423209 0.155563 0.022842 0.460983 0.128969 0.142570 
0.253655 0.396033 0.353715 0.678236 0.299674 0.107044 0.535992 0.086857 0.228668 0.318950 
0.630131 0.240093 0.472090 0.475857 0.156390 0.128318 0.122799 0.632873 0.454375 0.125285 
0.425459 0.343920 0.477758 0.351174 0.295308 0.152934 0.298070 0.191690 0.788714 0.458952 
0.379397 0.320016 0.209124 0.183000 0.402025 0.150924 0.037712 0.860250 0.523601 0.298371 
0.262884 0.377838 0.605945 0.704253 0.342362 0.129426 0.446448 0.132284 0.639791 0.602106 
0.669742 0.314877 0.183370 0.340117 0.211557 0.124809 0.332158 0.792480 0.647067 0.115043 
0.459072 0.335258 0.325275 0.567032 0.492511 0.147279 0.379414 0.306503 0.529768 0.561572 
0.135933 0.482960 0.330721 0.283831 0.336425 0.324064 0.076243 0.742258 0.823569 0.472570 
0.317292 0.418703 0.394598 0.446058 0.424177 0.363654 0.199305 0.238202 0.678356 0.518580 
0.210818 0.095596 0.269404 0.328362 0.454749 0.234348 0.379043 0.773922 0.481759 0.120595 
0.440835 0.340662 0.235921 0.738176 0.644762 0.248549 0.125110 0.337714 0.365254 0.369489 
0.202058 0.231617 0.225206 0.159718 0.113476 0.240802 0.578420 0.659171 0.336915 0.050323 
0.718261 0.547738 0.145693 0.391253 0.602078 0.427318 0.287063 0.493218 0.342615 0.182568 
0.157303 0.222632 0.211687 0.386776 0.625198 0.296776 0.331225 0.709135 0.369051 0.111243 
0.184473 0.355358 0.368038 0.537478 0.468745 0.407314 0.332597 0.125659 0.492228 0.655992 
0.249433 0.351652 0.419918 0.297909 0.072950 0.229049 0.683226 0.612205 0.237518 0.012893 
0.760821 0.366106 0.363142 0.195416 0.843974 0.502169 0.111329 0.391818 0.569248 0.312812 
0.109014 0.350964 0.297234 0.333941 0.365396 0.394652 0.498709 0.690904 0.243450 0.100271 
0.221359 0.521730 0.539355 0.362505 0.169871 0.544743 0.650376 0.160072 0.488969 0.524367 
0.203384 0.333684 0.672950 0.662155 0.336311 0.408435 0.323331 0.310536 0.551005 0.246615 
0.211365 0.038610 0.306913 0.774647 0.248684 0.427191 0.125695 0.198151 0.556980 0.466209 
0.217443 0.538713 0.405741 0.335687 0.615988 0.487161 0.752062 0.691034 0.116709 0.267435 
0.394849 0.502100 0.268300 0.253806 0.338977 0.596747 0.543039 0.182044 0.427768 0.351213 
0.357972 0.401977 0.611770 0.724131 0.620794 0.166762 0.115502 0.260311 0.588061 0.587828 
0.288405 0.132018 0.147650 0.411511 0.409374 0.374331 0.318026 0.326059 0.584061 0.705597 
0.267398 0.639724 0.460785 0.356360 0.616899 0.387297 0.505151 0.352134 0.136331 0.541905 
0.457947 0.381368 0.415906 0.177299 0.453800 0.879988 0.271917 0.024169 0.189578 0.640225 
0.509280 0.533021 0.639686 0.673520 0.614409 0.187091 0.386335 0.259471 0.169498 0.574997 
0.611479 0.338480 0.253188 0.219052 0.145577 0.502844 0.629909 0.430596 0.238085 0.465926 
0.318624 0.570573 0.229162 0.144413 0.193928 0.273808 0.605791 0.154942 0.172019 0.233453 
0.387312 0.408745 0.576541 0.122075 0.404590 0.918016 0.305892 0.024293 0.237702 0.655191 
0.656245 0.351438 0.574258 0.489462 0.313149 0.434438 0.411669 0.632325 0.294687 0.358401 
0.575852 0.305388 0.246472 0.092678 0.160775 0.520962 0.480146 0.065119 0.156944 0.292022 
0.099883 0.418296 0.076413 0.312970 0.303959 0.377335 0.266877 0.275335 0.183205 0.179001 
0.358316 0.552077 0.336470 0.132861 0.328356 0.679128 0.139849 0.045718 0.223083 0.496764 
0.400764 0.228123 0.248960 0.125458 0.050159 0.145012 0.113748 0.384506 0.296147 0.213947 
0.349413 0.275589 0.288791 0.225741 0.259124 0.355400 0.396633 0.205795 0.131938 0.138860 
0.116335 0.202393 0.221075 0.153954 0.253296 0.182181 0.202508 0.272690 0.237961 0.196113 
0.264881 0.416876 0.211711 0.145785 0.322949 0.263089 0.309205 0.159217 0.277903 0.232001 
0.288861 0.379019 0.341278 0.281570 0.106614 0.348343 0.166733 0.288293 0.396486 0.251536 
0.349654 0.273568 0.272706 0.390647 0.291155 0.307204 0.177405 0.249941 0.386401 0.371392 
0.098521 0.304167 0.170416 0.299702 0.256458 0.246802 0.282997 0.336793 0.488918 0.230302 
0.452300 0.847918 0.418667 0.417022 0.713123 0.677524 0.416776 0.253139 0.736927 0.521744 
0.421678 0.495380 0.380063 0.388681 0.225546 0.375295 0.324600 0.367852 0.267058 0.529896 
0.503813 0.436398 0.470345 0.569684 0.293426 0.424267 0.295851 0.492019 0.570715 0.566046 
0.177556 0.345904 0.387534 0.367927 0.540685 0.597342 0.504741 0.475648 0.586073 0.394114 
0.576361 0.920397 0.788378 0.817226 0.741607 0.787460 0.282300 0.458304 0.638311 0.703084 
0.646438 0.565668 0.660455 0.610124 0.600613 0.458465 0.671582 0.458366 0.588777 0.497411 
0.492941 0.512265 0.657414 0.473208 0.351164 0.470480 0.597306 0.694352 0.415153 0.444736 
0.624272 0.501434 0.654404 0.512027 0.647252 0.333923 0.351365 0.637615 0.668553 0.457946 
0.596128 0.929629 0.936524 0.904871 0.365423 0.765507 0.641281 0.576993 0.692398 0.749354 
0.644868 0.331160 0.556782 0.246603 0.662336 0.566588 0.562316 0.666242 0.481422 0.472791 
0.768512 0.614105 0.548590 0.595095 0.663461 0.583955 0.658074 0.674784 0.556048 0.557737 
0.720724 0.709868 0.521861 0.705454 0.625500 0.431228 0.620157 0.783334 0.774931 0.403803 
0.495878 0.910546 0.907839 0.343528 0.006177 0.388982 0.614328 0.354081 0.501987 0.580804 
0.522868 0.518212 0.562862 0.265774 0.700579 0.556110 0.634965 0.728842 0.498316 0.774706 
0.501588 0.531445 0.576903 0.526379 0.607125 0.722708 0.706621 0.518451 0.525720 0.706036 
0.324439 0.416787 0.416368 0.649173 0.539824 0.609187 0.623569 0.575925 0.804358 0.371706 
0.439626 0.889381 0.854623 0.744467 0.544011 0.785356 0.589572 0.644793 0.525117 0.222671 
0.700048 0.767068 0.649349 0.491547 0.576808 0.653695 0.797527 0.518402 0.713782 0.559894 
0.283407 0.633600 0.771051 0.597704 0.559629 0.192071 0.563268 0.600290 0.511016 0.577550 
0.517099 0.396219 0.567482 0.509354 0.669250 0.744923 0.701256 0.638910 0.677102 0.420882 
0.557693 0.910045 0.854247 0.805715 0.793726 0.689213 0.414533 0.686943 0.752897 0.428060 
0.632506 0.637091 0.098976 0.717735 0.437996 0.689768 0.614875 0.537588 0.709967 0.339158 
0.437367 0.685574 0.756487 0.751490 0.696592 0.094223 0.369052 0.640945 0.661842 0.323599 
0.601054 0.486480 0.639482 0.673531 0.672538 0.477563 0.513655 0.829797 0.714710 0.412731 
0.532467 0.902489 0.750906 0.629936 0.646203 0.814045 0.789343 0.700090 0.826924 0.787491 
0.549025 0.452067 0.200651 0.835333 0.728716 0.795087 0.646362 0.476532 0.514369 0.688087 
0.493212 0.585020 0.731816 0.710041 0.487443 0.595958 0.628728 0.601108 0.783266 0.630752 
0.568724 0.599941 0.666470 0.381541 0.631550 0.632992 0.601897 0.430297 0.666071 0.446588 
0.566161 0.805709 0.259256 0.318419 0.715820 0.701132 0.685400 0.515892 0.624412 0.762875 
0.661379 0.479978 0.777881 0.759616 0.605090 0.623471 0.488627 0.489924 0.503984 0.732307 
0.544377 0.564721 0.252962 0.604484 0.316770 0.523152 0.556005 0.611195 0.468276 0.696375 
0.516647 0.695424 0.645939 0.517237 0.634525 0.641386 0.424231 0.439378 0.765464 0.474947 
0.527270 0.809060 0.617730 0.586559 0.782531 0.526691 0.417447 0.573546 0.630676 0.590571 
0.387150 0.560597 0.541426 0.654092 0.756328 0.717334 0.681619 0.697803 0.811158 0.626184 
0.584616 0.594739 0.434989 0.235981 0.585841 0.708760 0.720497 0.337863 0.536726 0.674823 
0.642510 0.675588 0.586291 0.473348 0.714046 0.633789 0.333723 0.612220 0.780080 0.493491 
0.508432 0.837013 0.746350 0.664020 0.825984 0.630116 0.658013 0.654366 0.718000 0.520723 
0.114055 0.697189 0.500831 0.641199 0.776234 0.826216 0.783948 0.461639 0.312769 0.492456 
0.810655 0.696259 0.647858 0.445824 0.702527 0.787569 0.746987 0.455074 0.688769 0.579751 
0.622606 0.655219 0.689035 0.483723 0.656593 0.635781 0.674324 0.752947 0.744885 0.397433 
0.626120 0.832956 0.766343 0.735394 0.714019 0.535760 0.732085 0.431073 0.744574 0.634200 
0.744786 0.648573 0.703891 0.811079 0.813853 0.932511 0.896617 0.753825 0.122991 0.281170 
0.695972 0.742328 0.542417 0.729143 0.763780 0.785784 0.366133 0.223484 0.305058 0.712730 
0.511161 0.632729 0.735741 0.644224 0.684150 0.661704 0.643569 0.847418 0.578818 0.523303 
0.506385 0.819955 0.566334 0.718822 0.728157 0.638105 0.712877 0.508155 0.636750 0.739163 
0.693541 0.569185 0.908819 0.980899 0.531251 0.112943 0.972972 0.957748 0.777367 0.528271 
0.393439 0.599027 0.568865 0.689831 0.185804 0.188493 0.456875 0.441962 0.444981 0.392684 
0.375028 0.602141 0.750444 0.744882 0.589233 0.501122 0.464621 0.802007 0.492166 0.412659 
0.578228 0.896513 0.793345 0.307793 0.770576 0.733125 0.677040 0.666086 0.585143 0.638506 
0.479373 0.741568 0.903132 0.973628 0.244248 0.007428 0.084773 0.922230 0.935097 0.684981 
0.670919 0.691567 0.552883 0.596495 0.317017 0.287777 0.691570 0.536362 0.735292 0.528006 
0.496979 0.486302 0.514790 0.721128 0.619869 0.519033 0.753858 0.819730 0.499513 0.420181 
0.489797 0.811712 0.821436 0.608878 0.808967 0.724588 0.131113 0.085460 0.639862 0.523151 
0.253087 0.760464 0.786341 0.865918 0.175290 0.006324 0.047108 0.963046 0.934232 0.797415 
0.430297 0.296895 0.478538 0.417120 0.470826 0.467026 0.577244 0.670019 0.624192 0.667193 
0.625876 0.533476 0.536281 0.691321 0.451772 0.709336 0.746125 0.791582 0.405380 0.362400 
0.638642 0.789466 0.715284 0.683723 0.653886 0.629127 0.406131 0.548061 0.668808 0.726155 
0.687322 0.572265 0.734356 0.718535 0.861534 0.174871 0.387982 0.872869 0.869949 0.631678 
0.600220 0.497402 0.660752 0.744648 0.641760 0.541720 0.648387 0.783901 0.484442 0.654244 
0.727011 0.754993 0.363335 0.401530 0.519382 0.599390 0.624928 0.700907 0.222313 0.347738 
0.522837 0.913387 0.826799 0.652766 0.572611 0.699461 0.562939 0.602965 0.419954 0.668591 
0.721664 0.475777 0.619863 0.710785 0.573109 0.653877 0.870450 0.673402 0.141416 0.475656 
0.641345 0.715840 0.485739 0.651548 0.448957 0.707935 0.566940 0.565859 0.212834 0.239633 
0.748938 0.644049 0.570884 0.445148 0.534513 0.423632 0.475459 0.408645 0.545616 0.504319 
0.524798 0.739935 0.664583 0.747631 0.548544 0.793529 0.664936 0.302885 0.460731 0.735205 
0.498684 0.591654 0.729858 0.616093 0.575779 0.625983 0.717035 0.699520 0.266943 0.533501 
0.524581 0.592639 0.499114 0.503023 0.577655 0.561540 0.461499 0.448181 0.227917 0.356974 
0.684513 0.700250 0.748822 0.723291 0.576633 0.563534 0.531764 0.463661 0.808832 0.433747 
0.574704 0.840611 0.793494 0.529111 0.493060 0.644462 0.750545 0.675066 0.605566 0.585796 
0.463168 0.555168 0.653414 0.558392 0.543508 0.691348 0.792638 0.571238 0.393155 0.430307 
0.562316 0.662627 0.568932 0.638328 0.578429 0.652953 0.410088 0.422469 0.620049 0.545941 
0.625358 0.693967 0.641829 0.681284 0.683449 0.619181 0.669500 0.685474 0.864758 0.427326 
0.569540 0.882074 0.861728 0.671474 0.646843 0.638450 0.840904 0.651435 0.539655 0.445874 
0.500513 0.486152 0.464885 0.614973 0.385636 0.562328 0.686268 0.197137 0.366957 0.456884 
0.734653 0.703448 0.747127 0.660333 0.453217 0.667566 0.648565 0.553628 0.584833 0.295744 
0.313454 0.709999 0.507428 0.522460 0.681658 0.485393 0.557661 0.502440 0.765195 0.470745 
0.668515 0.889672 0.693944 0.891425 0.766512 0.448289 0.640407 0.804850 0.869661 0.658219 
0.442848 0.616178 0.595992 0.593383 0.530476 0.554357 0.676213 0.491802 0.613427 0.514954 
0.268194 0.691545 0.716748 0.639890 0.577517 0.624350 0.688079 0.670982 0.468213 0.411117 
0.497114 0.736305 0.541864 0.384145 0.451936 0.368630 0.237010 0.433583 0.608064 0.316781 
0.803062 0.969509 0.905593 0.976417 0.558047 0.029822 0.212396 0.139240 0.743781 0.898357 
0.734168 0.702677 0.443162 0.573655 0.636483 0.735700 0.667931 0.471855 0.499145 0.585899 
0.424336 0.582234 0.546654 0.625173 0.530524 0.579547 0.545410 0.687581 0.701707 0.683225 
0.768893 0.303707 0.273194 0.409462 0.292332 0.385191 0.448833 0.579351 0.505624 0.408384 
0.061934 0.178729 0.995666 0.346165 0.059530 0.664135 0.884079 0.550813 0.170942 0.774482 
0.947432 0.650462 0.704719 0.610016 0.661311 0.791058 0.680479 0.211947 0.463662 0.697892 
0.672781 0.573550 0.624022 0.683167 0.672703 0.679171 0.445614 0.573310 0.722633 0.662167 
0.445420 0.276299 0.353777 0.611903 0.522130 0.495990 0.444890 0.641859 0.793705 0.151171 
0.273942 0.410738 0.787756 0.088306 0.485942 0.698158 0.703402 0.617050 0.205585 0.820028 
0.975684 0.762812 0.728659 0.613107 0.714769 0.644773 0.626929 0.631285 0.707755 0.393607 
0.551295 0.340430 0.380992 0.522348 0.510030 0.601404 0.445461 0.550763 0.475954 0.354444 
0.388159 0.555942 0.532362 0.620400 0.611791 0.523333 0.522917 0.581682 0.751653 0.514595 
0.319672 0.126064 0.480935 0.321692 0.380120 0.348764 0.587860 0.418720 0.379482 0.148425 
0.231580 0.976993 0.915829 0.683327 0.573209 0.610999 0.598019 0.748179 0.773402 0.456393 
0.617531 0.374814 0.399107 0.522184 0.417167 0.241821 0.338053 0.319112 0.497366 0.506903 
0.535996 0.509530 0.720978 0.769718 0.677294 0.486237 0.802579 0.969992 0.301751 0.459867 
0.300593 0.199009 0.232130 0.163319 0.306192 0.170054 0.394577 0.386989 0.493443 0.204204 
0.200504 0.889882 0.811791 0.698782 0.399876 0.338433 0.639641 0.626465 0.362914 0.165378 
0.176408 0.150383 0.330284 0.389963 0.220848 0.191819 0.385309 0.512051 0.400768 0.362857 
0.597431 0.530957 0.583984 0.496418 0.732476 0.811044 0.941508 0.509440 0.315735 0.063971 
0.296814 0.743091 0.899004 0.245259 0.145091 0.219195 0.334726 0.246244 0.478844 0.312563 
0.444867 0.662642 0.630228 0.525171 0.522446 0.536847 0.577879 0.212836 0.351268 0.141485 
0.168484 0.186274 0.308531 0.213407 0.210621 0.425881 0.410345 0.577550 0.519009 0.387959 
0.384737 0.653238 0.691839 0.396059 0.668575 0.776172 0.683692 0.291647 0.477762 0.217184 
0.593812 0.498248 0.968314 0.269219 0.253876 0.358951 0.574239 0.420320 0.692479 0.702100 
0.584743 0.791244 0.849717 0.663139 0.456924 0.508447 0.728433 0.456481 0.560670 0.755482 
0.877610 0.843509 0.838829 0.600135 0.496255 0.527281 0.351887 0.536797 0.764986 0.812667 
0.949213 0.967237 0.064805 0.072654 0.288128 0.686129 0.528772 0.295534 0.207506 0.324445 
0.594998 0.187597 0.914761 0.310859 0.188433 0.058308 0.294590 0.629854 0.580544 0.201980 
0.316597 0.808920 0.950478 0.498268 0.690744 0.871265 0.968919 0.469807 0.055320 0.776045 
0.944238 0.820924 0.935694 0.922891 0.844336 0.942697 0.740502 0.795807 0.970392 0.992080 
0.937283 0.180369 0.211311 0.433452 0.607586 0.488959 0.535056 0.239320 0.059115 0.127446 
0.429184 0.222107 0.399161 0.685696 0.835905 0.207801 0.249021 0.115080 0.188842 0.137990 
0.644877 0.757458 0.954823 0.590698 0.642283 0.778355 0.922140 0.109990 0.030528 0.340588 
0.986373 0.980446 0.879748 0.086470 0.154652 0.832702 0.992758 0.995887 0.862041 0.191914 
0.932768 0.135638 0.534155 0.383996 0.058137 0.116066 0.503906 0.830431 0.731187 0.203426 
0.240076 0.496551 0.068127 0.135772 0.892817 0.359419 0.068215 0.460362 0.441806 0.140947 
0.333411 0.444510 0.939715 0.744394 0.588080 0.914382 0.760582 0.153918 0.145048 0.791290 
0.341562 0.689451 0.156857 0.079535 0.227429 0.345484 0.932709 0.977666 0.113002 0.108966 
0.657235 0.383506 0.746072 0.610689 0.188640 0.292049 0.107646 0.934028 0.862465 0.392215 
0.623219 0.624866 0.786616 0.635879 0.575512 0.665150 0.260922 0.485390 0.160412 0.540511 
0.185330 0.180701 0.512288 0.144518 0.473011 0.902988 0.544479 0.237415 0.501155 0.809210 
0.441010 0.402375 0.229901 0.386886 0.614307 0.154116 0.742018 0.837059 0.226484 0.213691 
0.092753 0.807283 0.676661 0.780915 0.809744 0.148469 0.117861 0.918877 0.332447 0.502168 
0.584387 0.631419 0.491186 0.583317 0.500515 0.504934 0.357870 0.561938 0.059921 0.473129 
0.106797 0.221765 0.194481 0.242399 0.352702 0.169506 0.339820 0.195678 0.391089 0.454350 
0.523717 0.298978 0.430914 0.164819 0.442794 0.173057 0.140379 0.157405 0.277980 0.104363 
0.222488 0.758342 0.086577 0.199343 0.919335 0.311451 0.419307 0.444893 0.575941 0.702623 
0.661206 0.615142 0.034716 0.796939 0.889001 0.846292 0.370568 0.178660 0.418088 0.747915 
0.296866 0.201895 0.040740 0.187332 0.266904 0.079217 0.346801 0.180501 0.190100 0.123760 
0.520035 0.416632 0.862052 0.344622 0.419504 0.190844 0.283086 0.796209 0.288803 0.157312 
0.975322 0.547142 0.009158 0.140702 0.733773 0.526303 0.349460 0.773819 0.774451 0.281513 
0.462826 0.321067 0.675689 0.686669 0.830182 0.506346 0.637751 0.424619 0.641455 0.785940 
0.748739 0.453693 0.509618 0.817755 0.786378 0.370718 0.275213 0.103403 0.642645 0.601762 
0.133279 0.211710 0.642192 0.747006 0.185048 0.174034 0.298361 0.810912 0.974905 0.901753 
0.747527 0.550617 0.423766 0.893501 0.539037 0.553395 0.329758 0.722382 0.636866 0.518307 
0.448098 0.661012 0.829849 0.658674 0.660701 0.193701 0.749711 0.770604 0.414907 0.781304 
0.497695 0.080389 0.174722 0.806099 0.831763 0.263597 0.032999 0.541871 0.930638 0.935938 
0.069692 0.139883 0.252822 0.875779 0.103954 0.218103 0.296390 0.295693 0.095081 0.386257 
0.666969 0.428603 0.816457 0.652497 0.120921 0.297790 0.711210 0.968779 0.963653 0.105754 
0.463246 0.900833 0.248345 0.065747 0.362695 0.467175 0.807533 0.877756 0.504907 0.888856 
0.352953 0.358449 0.580675 0.900716 0.796075 0.806321 0.795253 0.251657 0.191177 0.706576 
0.693681 0.750236 0.657119 0.068767 0.469353 0.873162 0.212985 0.110568 0.167716 0.394416 
0.189140 0.187729 0.807512 0.298796 0.013938 0.060764 0.408838 0.336275 0.952990 0.062632 
0.310809 0.372912 0.546575 0.207619 0.343359 0.929233 0.944432 0.887229 0.229331 0.684283 
0.480506 0.607970 0.813792 0.881748 0.789261 0.657322 0.689803 0.790101 0.495943 0.743530 
0.785140 0.867990 0.880069 0.570673 0.226436 0.093160 0.287365 0.213300 0.171785 0.120655 
0.187419 0.578395 0.401460 0.012255 0.021454 0.201594 0.371420 0.156480 0.290972 0.076333 
0.790374 0.488377 0.869525 0.626597 0.113853 0.745408 0.990083 0.806912 0.058666 0.853008 
0.904003 0.567505 0.783915 0.548371 0.633759 0.633694 0.367146 0.828209 0.836981 0.762828 
0.908565 0.595135 0.431369 0.086444 0.055854 0.074189 0.266627 0.166023 0.065642 0.083681 
0.066060 0.364649 0.121903 0.274780 0.238464 0.239611 0.146859 0.281990 0.619427 0.088774 
0.283964 0.658047 0.843625 0.523187 0.075337 0.407995 0.927820 0.228525 0.019566 0.362124 
0.776921 0.292747 0.140037 0.283191 0.025862 0.024861 0.161373 0.416688 0.406130 0.330312 
0.084238 0.434005 0.462359 0.388806 0.385660 0.181918 0.425405 0.152963 0.356754 0.224119 
0.233155 0.442533 0.286392 0.477906 0.528043 0.625899 0.713524 0.788944 0.750607 0.225891 
0.710182 0.591392 0.484756 0.565990 0.528794 0.520225 0.514495 0.529736 0.561637 0.506552 
0.487115 0.474231 0.467241 0.511290 0.527828 0.526327 0.502414 0.500412 0.504649 0.534570 
0.546856 0.572282 0.595195 0.585115 0.560017 0.581190 0.601103 0.608338 0.556955 0.523083 
0.613296 0.596078 0.583914 0.575161 0.613836 0.631762 0.595516 0.559695 0.542685 0.838948 
0.593073 0.295100 0.245007 0.176308 0.137404 0.148162 0.165445 0.198231 0.159653 0.173669 
0.177509 0.181853 0.206585 0.175626 0.180430 0.178237 0.213961 0.179994 0.228443 0.180255 
0.195961 0.204084 0.184334 0.169635 0.190499 0.182551 0.206997 0.171647 0.189458 0.186763 
0.241855 0.192099 0.182806 0.158186 0.145292 0.133015 0.149997 0.177775 0.216114 0.613764 
0.589070 0.259344 0.225178 0.156351 0.177584 0.174247 0.225613 0.214408 0.187766 0.180409 
0.196079 0.204826 0.200585 0.151849 0.156883 0.186607 0.212255 0.234640 0.217421 0.254004 
0.254492 0.252344 0.203151 0.238878 0.269216 0.242748 0.215811 0.209990 0.300406 0.257231 
0.194484 0.202148 0.196419 0.227039 0.221324 0.253324 0.281231 0.233930 0.209610 0.618298 
0.601021 0.213981 0.180200 0.114349 0.150979 0.137525 0.168917 0.174989 0.180653 0.157842 
0.177678 0.229981 0.195607 0.196924 0.203579 0.149784 0.185500 0.205376 0.257416 0.270287 
0.196994 0.214247 0.226322 0.209403 0.202782 0.213753 0.201524 0.204502 0.240940 0.226081 
0.186803 0.187141 0.234741 0.204619 0.225641 0.261222 0.232725 0.199524 0.171891 0.653956 
0.670350 0.266667 0.265435 0.347092 0.423268 0.266761 0.179712 0.177728 0.195894 0.179588 
0.222201 0.225996 0.171102 0.225793 0.221626 0.226156 0.216962 0.211167 0.231192 0.194459 
0.201397 0.251211 0.236461 0.229352 0.199036 0.179400 0.205067 0.228059 0.194174 0.174422 
0.263864 0.240468 0.252518 0.210872 0.224329 0.206675 0.217313 0.237616 0.158773 0.655190 
0.733566 0.317016 0.312158 0.219523 0.229997 0.168611 0.215582 0.210402 0.267137 0.285033 
0.196946 0.147239 0.148775 0.229816 0.240389 0.223522 0.200731 0.232028 0.193688 0.196666 
0.262125 0.227404 0.201686 0.227712 0.243935 0.262417 0.216694 0.227079 0.244579 0.215556 
0.239100 0.252801 0.256703 0.249630 0.219921 0.199443 0.227357 0.247066 0.198597 0.639298 
0.656165 0.259000 0.266412 0.207408 0.195827 0.197225 0.299532 0.249500 0.235285 0.234169 
0.186778 0.184092 0.286013 0.244659 0.261119 0.229751 0.226547 0.246655 0.232863 0.264300 
0.252973 0.205360 0.204120 0.212578 0.209984 0.341731 0.273532 0.222292 0.249162 0.281173 
0.225971 0.224792 0.225533 0.219347 0.208396 0.260552 0.240788 0.188483 0.190363 0.650109 
0.617104 0.225481 0.239850 0.214543 0.237978 0.170837 0.229467 0.221456 0.183269 0.214553 
0.244876 0.268883 0.272538 0.188596 0.203439 0.202012 0.233937 0.265359 0.235743 0.220742 
0.247249 0.231156 0.209632 0.227605 0.201291 0.193388 0.192655 0.257455 0.226479 0.235165 
0.234736 0.230970 0.241481 0.279944 0.236149 0.238135 0.230008 0.260374 0.190832 0.644718 
0.577498 0.238170 0.326859 0.268258 0.237237 0.227253 0.236718 0.237627 0.215146 0.196237 
0.190688 0.212492 0.164671 0.178645 0.231593 0.206659 0.251200 0.261660 0.263389 0.197550 
0.228767 0.239590 0.273450 0.243692 0.245940 0.213016 0.217447 0.245505 0.260513 0.225395 
0.251250 0.228657 0.228288 0.248145 0.238031 0.216661 0.239801 0.265953 0.194997 0.671427 
0.605742 0.234000 0.262693 0.217777 0.192993 0.239736 0.262717 0.213389 0.227748 0.238011 
0.215465 0.204187 0.234820 0.244541 0.234320 0.201132 0.183638 0.186470 0.216800 0.279298 
0.263992 0.232875 0.249647 0.341098 0.231387 0.196423 0.231719 0.310925 0.259744 0.229538 
0.232278 0.233237 0.243882 0.267092 0.225446 0.241317 0.291251 0.272711 0.190845 0.656694 
0.616027 0.248561 0.235891 0.198336 0.186895 0.212491 0.213797 0.203711 0.204974 0.240446 
0.289922 0.206604 0.285030 0.305081 0.334079 0.328327 0.221170 0.216569 0.263442 0.251112 
0.212428 0.239593 0.216232 0.247887 0.206791 0.204910 0.199408 0.207953 0.187598 0.222182 
0.223606 0.243336 0.264285 0.285741 0.239555 0.233980 0.232453 0.244178 0.204934 0.703448 
0.553053 0.244981 0.228494 0.193026 0.206152 0.213782 0.193616 0.241733 0.226818 0.224581 
0.171698 0.223006 0.295651 0.295053 0.410253 0.510488 0.332545 0.272264 0.355415 0.319201 
0.224687 0.205046 0.214145 0.178183 0.171602 0.190205 0.218320 0.234877 0.222876 0.181764 
0.210954 0.246861 0.235169 0.240851 0.201529 0.224069 0.200385 0.209556 0.229277 0.702524 
0.622169 0.263607 0.284681 0.202352 0.223724 0.221196 0.193117 0.228684 0.243972 0.223778 
0.199004 0.227977 0.203205 0.086869 0.169590 0.209850 0.149750 0.197550 0.188123 0.210925 
0.281370 0.257321 0.209370 0.187314 0.323628 0.275533 0.196364 0.236692 0.245610 0.232611 
0.217027 0.223559 0.206374 0.209540 0.227232 0.270594 0.257444 0.219151 0.225445 0.702222 
0.613644 0.232175 0.243832 0.289713 0.208438 0.195975 0.166450 0.167259 0.213985 0.254428 
0.230621 0.225486 0.237128 0.129789 0.260316 0.346560 0.208813 0.271973 0.217569 0.230917 
0.236246 0.215286 0.234308 0.233439 0.295051 0.280158 0.186840 0.235465 0.224335 0.231815 
0.241444 0.261832 0.256497 0.229243 0.246783 0.271927 0.200461 0.204938 0.170196 0.678353 
0.669254 0.256123 0.226741 0.214428 0.176481 0.195115 0.276008 0.302166 0.211828 0.253211 
0.252407 0.253808 0.362722 0.319041 0.447392 0.205936 0.464418 0.485123 0.285708 0.210166 
0.213439 0.256891 0.235962 0.236140 0.209479 0.191361 0.207339 0.204583 0.215774 0.213075 
0.234678 0.255278 0.249223 0.227447 0.261637 0.214487 0.189457 0.208148 0.151770 0.629817 
0.584211 0.269681 0.229090 0.208005 0.235896 0.269090 0.243656 0.225639 0.215644 0.229711 
0.232320 0.307167 0.330560 0.333753 0.511736 0.239358 0.345277 0.288637 0.305800 0.266620 
0.250300 0.265353 0.232452 0.228549 0.221112 0.228237 0.187452 0.161512 0.206734 0.227268 
0.217673 0.210426 0.274915 0.281499 0.238346 0.229116 0.242169 0.206382 0.179512 0.634447 
0.602945 0.240433 0.245928 0.257084 0.264560 0.254312 0.213597 0.166136 0.212831 0.233812 
0.241337 0.316517 0.279628 0.260568 0.297469 0.195031 0.241895 0.308984 0.471840 0.281126 
0.212896 0.190759 0.248331 0.228679 0.263298 0.206214 0.200879 0.211588 0.243525 0.323833 
0.228127 0.241734 0.247719 0.275094 0.245795 0.236696 0.254737 0.233948 0.174005 0.614206 
0.620070 0.334209 0.234942 0.191904 0.210327 0.205355 0.233609 0.198496 0.205034 0.193883 
0.254238 0.243522 0.211086 0.253760 0.242217 0.202328 0.207366 0.237305 0.293146 0.248821 
0.238199 0.217826 0.266394 0.260121 0.241484 0.247758 0.259193 0.233858 0.265240 0.266340 
0.244276 0.254757 0.220829 0.219600 0.242055 0.245442 0.251629 0.229295 0.144159 0.614634 
0.585481 0.263496 0.203049 0.183088 0.189932 0.202773 0.216079 0.178406 0.196195 0.246800 
0.245720 0.212829 0.205568 0.250830 0.238852 0.208754 0.210353 0.216828 0.186044 0.213440 
0.267671 0.270189 0.259197 0.231591 0.237429 0.228969 0.280641 0.242842 0.189263 0.210483 
0.241744 0.253373 0.240840 0.209844 0.210193 0.208639 0.211047 0.196174 0.131935 0.657016 
0.593697 0.231135 0.175414 0.161350 0.250169 0.358156 0.414281 0.436503 0.340741 0.274186 
0.209348 0.222187 0.248699 0.242951 0.272621 0.234088 0.217500 0.284778 0.241108 0.234752 
0.216504 0.239988 0.227460 0.256242 0.281400 0.217922 0.232523 0.215771 0.192038 0.250625 
0.256399 0.208510 0.253518 0.206414 0.194620 0.226840 0.200359 0.232761 0.153800 0.651134 
0.657567 0.385450 0.378456 0.359095 0.570427 0.699791 0.513253 0.544405 0.376091 0.278560 
0.268519 0.225314 0.238219 0.229359 0.252295 0.242803 0.252954 0.237427 0.195309 0.227260 
0.283079 0.232538 0.215690 0.230138 0.226593 0.209620 0.230996 0.221049 0.265850 0.288347 
0.251848 0.185478 0.204793 0.227786 0.195766 0.214125 0.276452 0.244268 0.174655 0.611818 
0.330173 0.133918 0.276786 0.231353 0.463091 0.405317 0.180571 0.239260 0.228250 0.219629 
0.225571 0.193094 0.247863 0.238481 0.247379 0.219400 0.225862 0.201414 0.186744 0.215928 
0.234942 0.242403 0.245587 0.219334 0.217272 0.216801 0.248029 0.219901 0.223125 0.196816 
0.156792 0.227578 0.213456 0.195658 0.220676 0.197737 0.178601 0.159506 0.144566 0.598029 
0.496488 0.334251 0.206087 0.511963 0.444943 0.078696 0.059773 0.122803 0.404880 0.443809 
0.314886 0.275322 0.238147 0.244782 0.252556 0.204566 0.236898 0.301657 0.249784 0.178533 
0.191020 0.230443 0.230517 0.213902 0.201838 0.218755 0.275294 0.225227 0.179276 0.176049 
0.213930 0.260881 0.218193 0.178536 0.196117 0.191752 0.156877 0.148484 0.188894 0.798995 
0.376807 0.370798 0.613595 0.571164 0.262714 0.222099 0.384477 0.254109 0.299815 0.359089 
0.325795 0.264111 0.239699 0.227696 0.221006 0.230639 0.243326 0.197784 0.208231 0.265229 
0.231447 0.224829 0.226854 0.202938 0.195884 0.194266 0.208929 0.193071 0.213026 0.263912 
0.253437 0.184907 0.163043 0.169853 0.175215 0.151821 0.156060 0.250279 0.317844 0.672089 
0.426252 0.269032 0.368434 0.167401 0.226317 0.486309 0.383371 0.220972 0.112302 0.355186 
0.398604 0.247246 0.204519 0.201721 0.206340 0.210455 0.240817 0.191275 0.235925 0.291425 
0.239252 0.252853 0.271437 0.225715 0.234807 0.245138 0.213412 0.223112 0.198378 0.193620 
0.187761 0.177818 0.185064 0.205617 0.202554 0.175547 0.135422 0.185505 0.398385 0.550570 
0.514352 0.361468 0.406386 0.422915 0.457310 0.254220 0.198484 0.290553 0.120701 0.252680 
0.429007 0.328669 0.331593 0.189155 0.202382 0.239098 0.209719 0.221697 0.281817 0.269641 
0.227975 0.202682 0.228679 0.201534 0.225946 0.232935 0.214079 0.191437 0.203004 0.205776 
0.193749 0.334632 0.502436 0.480528 0.245422 0.165409 0.185664 0.376888 0.213412 0.622668 
0.463923 0.220212 0.313918 0.350704 0.374727 0.200552 0.169496 0.296557 0.279779 0.236850 
0.320944 0.390936 0.600687 0.223629 0.181063 0.162098 0.184620 0.369715 0.445320 0.415250 
0.263489 0.205356 0.206564 0.251932 0.257354 0.222167 0.241732 0.219620 0.236542 0.250604 
0.402131 0.457936 0.436264 0.391252 0.287400 0.396560 0.421675 0.375464 0.196316 0.572343 
0.501312 0.187784 0.283323 0.505793 0.341798 0.194111 0.268624 0.311921 0.342150 0.440710 
0.281564 0.158494 0.455936 0.201423 0.149990 0.173160 0.167100 0.477001 0.460569 0.337726 
0.217543 0.235232 0.261659 0.422955 0.428351 0.312756 0.308657 0.225225 0.209658 0.196243 
0.142454 0.146863 0.255279 0.417784 0.144394 0.223265 0.112596 0.324088 0.540718 0.658536 
0.573754 0.363595 0.237674 0.235584 0.331678 0.166942 0.195965 0.268940 0.475759 0.429529 
0.362475 0.136219 0.343501 0.281695 0.168408 0.137032 0.078501 0.240902 0.335634 0.234201 
0.175898 0.287547 0.235124 0.221128 0.283637 0.252811 0.266240 0.305339 0.171971 0.144068 
0.246235 0.567004 0.437958 0.187501 0.080833 0.138230 0.258561 0.318121 0.309938 0.820620 
0.428122 0.275760 0.188510 0.154878 0.410779 0.504334 0.247601 0.435102 0.514151 0.430875 
0.220561 0.121809 0.358244 0.361726 0.219812 0.154368 0.104935 0.361103 0.246450 0.460204 
0.187075 0.113149 0.148557 0.326653 0.380256 0.132711 0.103323 0.041346 0.265747 0.431279 
0.268982 0.244128 0.413832 0.235897 0.203866 0.344081 0.320339 0.406715 0.234281 0.787353 
0.562755 0.341075 0.386294 0.427908 0.286629 0.466089 0.446866 0.305097 0.363452 0.224729 
0.416861 0.263724 0.318351 0.282128 0.277920 0.221193 0.223949 0.297179 0.072330 0.124072 
0.314329 0.321876 0.520212 0.217726 0.148007 0.237987 0.210000 0.153016 0.454168 0.446209 
0.120971 0.304176 0.432328 0.242236 0.294913 0.253124 0.486129 0.314583 0.401249 0.638372 
0.481477 0.205840 0.286379 0.283516 0.298585 0.289244 0.407355 0.250402 0.458091 0.401643 
0.661853 0.488062 0.641352 0.632175 0.505986 0.364536 0.229983 0.251351 0.134515 0.147784 
0.519479 0.466539 0.208023 0.153637 0.118293 0.194596 0.363062 0.365866 0.396425 0.260847 
0.225514 0.295237 0.319698 0.347050 0.330744 0.318003 0.414537 0.225338 0.413763 0.607917 
0.481386 0.179789 0.222649 0.203996 0.283828 0.278139 0.453540 0.474967 0.469573 0.736279 
0.696133 0.541506 0.362980 0.389130 0.228212 0.516478 0.341175 0.464047 0.563339 0.494154 
0.439088 0.315106 0.206506 0.265675 0.269981 0.212178 0.331323 0.540632 0.312259 0.375962 
0.602726 0.283477 0.254584 0.209601 0.309702 0.261927 0.230784 0.287911 0.195310 0.549865 
0.583257 0.284912 0.442881 0.266143 0.194919 0.177316 0.396562 0.667163 0.349320 0.290471 
0.484039 0.347500 0.285057 0.492487 0.312172 0.398003 0.260621 0.219980 0.273221 0.370906 
0.271339 0.138219 0.380720 0.239531 0.407979 0.115756 0.329330 0.289619 0.361666 0.219659 
0.333746 0.372102 0.511879 0.421913 0.239294 0.282123 0.272391 0.205091 0.234969 0.699237 
0.672210 0.418182 0.266414 0.227688 0.303896 0.261866 0.318350 0.373497 0.236853 0.252760 
0.244213 0.231717 0.119089 0.252274 0.253721 0.447329 0.348765 0.293255 0.519305 0.532033 
0.621405 0.408194 0.662527 0.471850 0.630054 0.319896 0.247398 0.229773 0.250007 0.261992 
0.250621 0.348254 0.335651 0.194898 0.175874 0.222761 0.299899 0.172561 0.186088 0.619285 
0.749622 0.192478 0.207376 0.187741 0.267660 0.344041 0.399175 0.274764 0.289007 0.190675 
0.332095 0.414308 0.291315 0.255912 0.227579 0.434799 0.384942 0.339508 0.398893 0.348624 
0.377928 0.587406 0.682869 0.527178 0.274221 0.351044 0.275492 0.222862 0.336798 0.240409 
0.192726 0.189041 0.223667 0.246762 0.271522 0.290571 0.274023 0.122686 0.092437 0.805403 
0.657862 0.109339 0.291513 0.427923 0.261509 0.279203 0.390595 0.329239 0.363270 0.198369 
0.438529 0.338025 0.246873 0.200727 0.168011 0.217771 0.183773 0.332292 0.478923 0.346101 
0.255448 0.304702 0.322269 0.616106 0.348848 0.303936 0.384481 0.230310 0.333077 0.464818 
0.345457 0.362432 0.293132 0.300709 0.241022 0.477096 0.405680 0.493224 0.172790 0.847787 
0.692971 0.231209 0.286156 0.388713 0.289640 0.138540 0.128135 0.184911 0.474613 0.454641 
0.285451 0.341262 0.255505 0.234517 0.427839 0.427168 0.358866 0.288060 0.314370 0.378497 
0.285803 0.198557 0.163444 0.353862 0.415584 0.456987 0.435535 0.452740 0.562717 0.307934 
0.300576 0.307359 0.316029 0.533561 0.231457 0.172284 0.381116 0.627005 0.465793 0.760250 
0.556572 0.168512 0.181360 0.199965 0.297771 0.190254 0.069233 0.141401 0.521851 0.346394 
0.232886 0.252782 0.256521 0.338174 0.388306 0.291890 0.360196 0.245010 0.208954 0.193947 
0.201254 0.218438 0.316912 0.498432 0.291337 0.236144 0.275118 0.291242 0.459511 0.259180 
0.366967 0.453218 0.427320 0.328342 0.213681 0.379919 0.499935 0.409673 0.240807 0.758287 
0.844167 0.627717 0.559659 0.590791 0.792865 0.694769 0.545846 0.788321 0.634800 0.586505 
0.582475 0.622464 0.711875 0.614249 0.886797 0.884551 0.759107 0.637269 0.631073 0.670753 
0.816078 0.706496 0.646918 0.661006 0.639353 0.595015 0.707243 0.785334 0.784193 0.572951 
0.743040 0.835712 0.644859 0.658632 0.656764 0.714747 0.757822 0.699850 0.657208 0.896173 
0.224816 0.276668 0.246637 0.281304 0.381644 0.369313 0.357760 0.305613 0.406794 0.333584 
0.327808 0.317473 0.354573 0.377118 0.314193 0.377867 0.298449 0.320850 0.388717 0.352975 
0.396944 0.360548 0.360041 0.447366 0.362099 0.409937 0.337356 0.351889 0.362743 0.361732 
0.298265 0.404279 0.346774 0.350008 0.364949 0.332709 0.310655 0.312629 0.251522 0.325585 
0.299308 0.491013 0.350350 0.277872 0.393033 0.490101 0.409512 0.315413 0.491518 0.431579 
0.404875 0.413067 0.392273 0.362934 0.422486 0.374962 0.347666 0.350644 0.347852 0.458208 
0.478082 0.429391 0.424396 0.513431 0.444788 0.513956 0.409610 0.425610 0.527498 0.467540 
0.281971 0.405060 0.437503 0.419345 0.452221 0.463734 0.389186 0.441720 0.418214 0.293368 
0.359846 0.471237 0.439129 0.337594 0.306846 0.456726 0.297133 0.282696 0.396264 0.405778 
0.366188 0.364145 0.414951 0.361280 0.562640 0.383395 0.476102 0.332362 0.358721 0.397005 
0.407769 0.423937 0.485358 0.454183 0.390353 0.410872 0.424231 0.458262 0.385501 0.377719 
0.492709 0.419533 0.480221 0.370876 0.450579 0.341204 0.302074 0.466240 0.445310 0.361939 
0.342598 0.388575 0.561332 0.420682 0.301356 0.470627 0.454056 0.370548 0.432269 0.425376 
0.415241 0.323515 0.538460 0.519617 0.682169 0.525325 0.557202 0.552796 0.429281 0.404577 
0.486985 0.515377 0.495713 0.544132 0.546255 0.477364 0.526167 0.513853 0.448387 0.468532 
0.564809 0.518316 0.460243 0.563030 0.575905 0.418890 0.413539 0.619968 0.584246 0.437866 
0.331820 0.374703 0.680805 0.286010 0.206982 0.591483 0.586633 0.366908 0.407042 0.419545 
0.457522 0.475483 0.528013 0.390041 0.521529 0.487975 0.539641 0.562635 0.398563 0.542519 
0.453990 0.449613 0.469925 0.422518 0.457289 0.466250 0.508988 0.451361 0.432315 0.492791 
0.398925 0.419387 0.386033 0.526672 0.537390 0.476874 0.422985 0.524952 0.584642 0.431791 
0.296275 0.381371 0.726629 0.411140 0.313457 0.497787 0.581973 0.537372 0.490195 0.309423 
0.459814 0.540941 0.396423 0.401996 0.355809 0.398877 0.508296 0.438160 0.534457 0.570306 
0.392954 0.468297 0.486027 0.410796 0.395250 0.379364 0.486024 0.462870 0.433721 0.445452 
0.444826 0.425613 0.462077 0.426223 0.503889 0.512173 0.407875 0.482095 0.491022 0.411837 
0.321106 0.370226 0.608556 0.442417 0.469295 0.531097 0.437736 0.484142 0.516567 0.292971 
0.492056 0.580932 0.356823 0.584389 0.343047 0.464199 0.395135 0.425033 0.515997 0.489956 
0.393297 0.451051 0.475469 0.544409 0.490857 0.283424 0.422743 0.489517 0.526565 0.397017 
0.504446 0.461037 0.525769 0.470779 0.477564 0.430849 0.351220 0.565156 0.476917 0.422863 
0.303696 0.368755 0.486099 0.336107 0.398245 0.448651 0.419888 0.373624 0.495817 0.534269 
0.520746 0.546626 0.282438 0.515833 0.426798 0.497758 0.470828 0.370496 0.413807 0.495406 
0.310581 0.356355 0.512580 0.600228 0.467709 0.449443 0.494212 0.503697 0.586021 0.510218 
0.487988 0.485823 0.518573 0.380060 0.440393 0.460837 0.409964 0.479313 0.535387 0.429848 
0.326500 0.452113 0.398448 0.264485 0.383658 0.403786 0.365867 0.275834 0.433677 0.544343 
0.424539 0.446530 0.407878 0.457481 0.439738 0.487272 0.483219 0.423922 0.411135 0.479781 
0.373049 0.390433 0.420530 0.572386 0.365219 0.480985 0.497502 0.451568 0.422849 0.550647 
0.445674 0.502593 0.511030 0.363855 0.459466 0.530861 0.408730 0.462843 0.557129 0.458593 
0.377836 0.492805 0.478334 0.304944 0.471198 0.396789 0.311162 0.276531 0.401512 0.488205 
0.355487 0.500204 0.456360 0.442842 0.443728 0.462389 0.442418 0.401074 0.460611 0.398649 
0.425942 0.498013 0.439957 0.403613 0.443303 0.551917 0.538142 0.351695 0.423026 0.512974 
0.435459 0.486368 0.472837 0.340224 0.512210 0.550450 0.348863 0.485093 0.534927 0.445138 
0.346413 0.464924 0.472482 0.361430 0.541982 0.424074 0.468957 0.382488 0.517213 0.525844 
0.325613 0.560477 0.439153 0.479591 0.380345 0.381316 0.321572 0.313496 0.403895 0.425270 
0.571194 0.605280 0.520963 0.335091 0.411221 0.542627 0.527164 0.339177 0.475419 0.488511 
0.462899 0.477990 0.489662 0.370093 0.497434 0.468565 0.383277 0.522587 0.452908 0.377998 
0.360046 0.452645 0.477259 0.329823 0.484842 0.405976 0.553225 0.422876 0.562321 0.493632 
0.357221 0.347943 0.432645 0.480945 0.245964 0.293293 0.263235 0.296534 0.309727 0.355695 
0.543110 0.620762 0.439619 0.444767 0.423299 0.476069 0.402814 0.366724 0.364878 0.574912 
0.495832 0.478365 0.498519 0.440063 0.450715 0.410018 0.368337 0.569314 0.361102 0.404204 
0.344077 0.449548 0.460966 0.402031 0.459789 0.473810 0.495780 0.353818 0.378011 0.453461 
0.345633 0.233770 0.306185 0.192212 0.169377 0.355256 0.308101 0.202989 0.360113 0.373478 
0.346095 0.488477 0.409541 0.448833 0.302760 0.317014 0.463712 0.463417 0.398567 0.513908 
0.498344 0.449710 0.480968 0.493384 0.410936 0.321480 0.312681 0.567871 0.324550 0.458394 
0.362817 0.453721 0.566994 0.285745 0.489335 0.550026 0.424306 0.354903 0.388846 0.481163 
0.304537 0.373539 0.461025 0.208216 0.247706 0.676905 0.031646 0.125378 0.400692 0.473665 
0.391964 0.516095 0.499589 0.520261 0.326835 0.306907 0.557725 0.506653 0.551784 0.469567 
0.474487 0.409066 0.419050 0.555639 0.442994 0.320191 0.422863 0.611709 0.373478 0.530959 
0.317413 0.412208 0.548008 0.329962 0.481856 0.575014 0.308248 0.330181 0.577667 0.519183 
0.313335 0.559639 0.703072 0.491226 0.424485 0.559367 0.133063 0.103319 0.492182 0.538430 
0.408715 0.392689 0.461201 0.477555 0.406280 0.385985 0.459882 0.522922 0.452952 0.451753 
0.489334 0.416562 0.398005 0.546246 0.399775 0.440268 0.490550 0.640555 0.491213 0.593874 
0.371572 0.360653 0.434207 0.360445 0.431754 0.509153 0.305830 0.355495 0.468549 0.580074 
0.439151 0.443692 0.701332 0.703293 0.639689 0.285446 0.387450 0.227995 0.489591 0.539626 
0.490984 0.421613 0.474003 0.523987 0.464998 0.367094 0.410997 0.521729 0.362680 0.405293 
0.511716 0.565835 0.403275 0.407032 0.377099 0.449037 0.519674 0.651314 0.479786 0.614164 
0.334880 0.407586 0.456130 0.392475 0.368221 0.484057 0.392631 0.415453 0.375014 0.515870 
0.510008 0.343068 0.485691 0.719259 0.551191 0.369603 0.662130 0.489987 0.328194 0.460256 
0.502398 0.510163 0.402660 0.497262 0.357560 0.431574 0.427460 0.540702 0.468343 0.403385 
0.560688 0.589701 0.443570 0.412315 0.455233 0.428677 0.474809 0.501059 0.491312 0.557362 
0.302903 0.313896 0.416852 0.492558 0.323684 0.497731 0.495535 0.401330 0.415368 0.467472 
0.369352 0.380152 0.484783 0.499279 0.365605 0.397762 0.623104 0.577336 0.320467 0.475387 
0.495090 0.484850 0.393779 0.456730 0.426557 0.485407 0.503580 0.573015 0.503065 0.417899 
0.547038 0.559356 0.525427 0.477774 0.445898 0.446321 0.380572 0.425251 0.542360 0.448248 
0.343226 0.389279 0.505930 0.529177 0.411609 0.436151 0.457428 0.391642 0.382434 0.411119 
0.362455 0.417448 0.477384 0.433251 0.394660 0.486945 0.589097 0.493555 0.455971 0.481243 
0.527579 0.512492 0.407966 0.489259 0.516982 0.564418 0.495380 0.490660 0.551862 0.468261 
0.450660 0.504863 0.478547 0.453428 0.463491 0.429987 0.357880 0.484709 0.578189 0.397387 
0.368206 0.416320 0.526830 0.539038 0.549651 0.461511 0.502982 0.412843 0.405154 0.376102 
0.391937 0.416575 0.421066 0.451008 0.337300 0.448760 0.561639 0.335783 0.457681 0.471171 
0.534115 0.518156 0.530691 0.520697 0.436496 0.541027 0.479774 0.397879 0.493491 0.363303 
0.352223 0.511778 0.393400 0.383605 0.510072 0.409605 0.414992 0.477318 0.562925 0.425812 
0.286652 0.281097 0.219658 0.328877 0.385512 0.395200 0.417848 0.356763 0.355962 0.289000 
0.310568 0.396735 0.460069 0.444599 0.432873 0.466608 0.549089 0.322175 0.449301 0.524603 
0.382301 0.525966 0.556584 0.517260 0.450814 0.486966 0.497493 0.473113 0.435054 0.371510 
0.356633 0.562285 0.420505 0.348711 0.447160 0.412049 0.378861 0.467908 0.467656 0.391483 
0.244954 0.162622 0.051449 0.087416 0.089558 0.176821 0.225550 0.080543 0.139462 0.272591 
0.344824 0.393062 0.410677 0.413428 0.419874 0.493702 0.539139 0.475225 0.489563 0.582806 
0.424985 0.462122 0.454139 0.509040 0.447669 0.477508 0.440231 0.478543 0.467069 0.424582 
0.546043 0.456650 0.381167 0.413026 0.401467 0.360835 0.378040 0.553478 0.494087 0.458152 
0.588787 0.139681 0.210193 0.044194 0.176547 0.158389 0.107721 0.073236 0.099630 0.230562 
0.438411 0.358782 0.450963 0.404574 0.431902 0.571267 0.588615 0.377628 0.483617 0.546329 
0.519403 0.471528 0.474756 0.504316 0.516342 0.510951 0.352362 0.407944 0.515105 0.521099 
0.454159 0.346874 0.348808 0.429393 0.383166 0.412550 0.410343 0.528761 0.554089 0.335477 
0.387718 0.097021 0.305474 0.115151 0.550261 0.430464 0.510251 0.454581 0.394737 0.368900 
0.432324 0.259135 0.430419 0.378943 0.451041 0.528125 0.519504 0.420627 0.496932 0.395319 
0.507137 0.452279 0.462803 0.461824 0.473349 0.484835 0.360147 0.441728 0.460407 0.380157 
0.414896 0.410745 0.375851 0.445988 0.375209 0.322709 0.316531 0.368351 0.352259 0.328987 
0.529393 0.463167 0.342062 0.112094 0.640302 0.582504 0.603701 0.521851 0.649710 0.279137 
0.154926 0.252979 0.465761 0.452992 0.473581 0.520085 0.496815 0.542138 0.570667 0.385876 
0.522789 0.441982 0.463888 0.482377 0.420525 0.383949 0.382631 0.415282 0.456047 0.411162 
0.432425 0.436140 0.430643 0.453323 0.353000 0.200247 0.184840 0.195640 0.156042 0.428515 
0.202497 0.100250 0.167209 0.210551 0.534871 0.264180 0.310224 0.495432 0.341785 0.314537 
0.184943 0.174680 0.428264 0.514166 0.439970 0.415840 0.494266 0.488190 0.447919 0.366972 
0.418257 0.326552 0.443894 0.519163 0.445908 0.339062 0.434533 0.476512 0.439633 0.347348 
0.460716 0.432159 0.519977 0.329638 0.195473 0.153766 0.212953 0.218060 0.301688 0.604310 
0.127539 0.130965 0.167654 0.068307 0.239941 0.356991 0.269461 0.234706 0.229493 0.369694 
0.273010 0.066475 0.323210 0.390263 0.330164 0.356719 0.536151 0.337904 0.376133 0.203057 
0.332212 0.298754 0.294770 0.417480 0.453801 0.500384 0.457351 0.529095 0.436145 0.238434 
0.285522 0.285288 0.417129 0.354159 0.070911 0.062568 0.250912 0.295221 0.513546 0.632691 
0.260587 0.234517 0.397391 0.123577 0.320758 0.766144 0.331521 0.149965 0.102921 0.265768 
0.235259 0.114507 0.406686 0.346791 0.244132 0.289458 0.377964 0.125345 0.195893 0.146244 
0.211966 0.385992 0.515485 0.352752 0.326237 0.387214 0.298550 0.335561 0.266547 0.092070 
0.146074 0.092386 0.092249 0.427082 0.022338 0.089585 0.072785 0.193457 0.352306 0.517602 
0.367629 0.263683 0.319765 0.129705 0.057022 0.079489 0.190175 0.174861 0.214745 0.519342 
0.469814 0.238939 0.634159 0.258864 0.211257 0.344283 0.214427 0.140069 0.266929 0.117032 
0.106539 0.119626 0.171572 0.186746 0.222411 0.198859 0.143557 0.136513 0.100070 0.051331 
0.085606 0.094974 0.056057 0.808311 0.532366 0.309898 0.152693 0.012292 0.192628 0.348772 
0.343765 0.207477 0.389555 0.270510 0.250865 0.181124 0.425946 0.192023 0.117321 0.617537 
0.598041 0.276051 0.345403 0.136113 0.115883 0.213221 0.166210 0.239265 0.326060 0.105606 
0.056618 0.069977 0.068731 0.351556 0.393970 0.121080 0.155205 0.075275 0.078430 0.170485 
0.180070 0.185876 0.451898 0.733208 0.771225 0.185142 0.184797 0.200709 0.162780 0.332004 
0.410913 0.265514 0.189135 0.305529 0.608027 0.266485 0.320028 0.337114 0.361923 0.244056 
0.890675 0.287742 0.307664 0.321436 0.206787 0.245513 0.280734 0.283081 0.767717 0.127805 
0.036535 0.149696 0.311300 0.428442 0.612510 0.182950 0.271908 0.299294 0.166250 0.370584 
0.300281 0.166177 0.430843 0.375507 0.487976 0.389822 0.039930 0.252356 0.432454 0.213403 
0.343917 0.129511 0.129414 0.269973 0.430889 0.500098 0.512786 0.284795 0.649214 0.214054 
0.579777 0.216445 0.215531 0.355505 0.325556 0.388347 0.104155 0.197405 0.901044 0.234361 
0.287109 0.429447 0.177839 0.241560 0.359057 0.194204 0.197352 0.349148 0.475249 0.506348 
0.257287 0.142104 0.181502 0.219174 0.351549 0.078660 0.120904 0.428674 0.576501 0.332026 
0.284104 0.218643 0.185881 0.141388 0.371907 0.456945 0.648136 0.520479 0.214602 0.509881 
0.413519 0.273111 0.359988 0.471545 0.165398 0.266767 0.047189 0.073365 0.418750 0.356365 
0.473758 0.441831 0.169068 0.194517 0.209021 0.592440 0.207669 0.383633 0.483244 0.219732 
0.473635 0.164003 0.164468 0.134334 0.465130 0.364041 0.289684 0.218321 0.380038 0.349831 
0.430351 0.280734 0.181259 0.313028 0.491286 0.565071 0.580030 0.501245 0.184299 0.353096 
0.146505 0.140157 0.126425 0.296801 0.245807 0.219525 0.138869 0.045974 0.152090 0.227298 
0.444091 0.374383 0.460574 0.106202 0.812716 0.621942 0.300781 0.337656 0.041305 0.014399 
0.169651 0.234842 0.219677 0.211129 0.347597 0.289895 0.100797 0.212940 0.330895 0.199506 
0.508281 0.163161 0.138629 0.123381 0.279356 0.339105 0.439698 0.171336 0.150907 0.373451 
0.311295 0.215111 0.165989 0.743351 0.488229 0.422437 0.388002 0.064302 0.293327 0.120129 
0.193431 0.574042 0.542388 0.332612 0.758603 0.588004 0.313879 0.158583 0.138267 0.083850 
0.087783 0.064621 0.372493 0.167677 0.138510 0.190434 0.064463 0.175154 0.346346 0.166283 
0.250775 0.188931 0.237713 0.188034 0.209983 0.256799 0.450848 0.223820 0.137219 0.519404 
0.436305 0.216321 0.176229 0.485794 0.608572 0.238420 0.067782 0.175730 0.327071 0.176967 
0.082677 0.426578 0.233174 0.587383 0.150264 0.124435 0.318906 0.073328 0.119792 0.161198 
0.116817 0.074559 0.344867 0.268647 0.698276 0.561189 0.159252 0.239352 0.112759 0.210839 
0.249630 0.204302 0.201364 0.445477 0.254099 0.184024 0.338087 0.230664 0.217090 0.473678 
0.276456 0.105386 0.129353 0.186091 0.464856 0.180173 0.089732 0.201576 0.221029 0.350503 
0.393352 0.198120 0.195134 0.193253 0.236546 0.335581 0.328911 0.141298 0.106742 0.117213 
0.209951 0.128650 0.385101 0.444105 0.617432 0.651820 0.364770 0.419318 0.221521 0.474640 
0.300179 0.199722 0.380449 0.493280 0.238655 0.294295 0.242731 0.109592 0.187949 0.217318 
0.136876 0.155587 0.180917 0.301157 0.470891 0.371908 0.130527 0.154771 0.096604 0.124984 
0.239624 0.238602 0.139094 0.054947 0.131533 0.183975 0.290093 0.163648 0.163743 0.552586 
0.258400 0.211484 0.172577 0.225782 0.587415 0.421561 0.259084 0.301325 0.302098 0.511215 
0.234503 0.080809 0.446249 0.417467 0.343893 0.332018 0.318131 0.146353 0.185509 0.310451 
0.221532 0.092428 0.097652 0.096674 0.159861 0.189280 0.052724 0.070019 0.133054 0.110703 
0.144594 0.095106 0.175877 0.122997 0.442676 0.225499 0.204557 0.050518 0.229224 0.197538 
0.049690 0.225211 0.166634 0.223361 0.185053 0.120323 0.141806 0.154572 0.202274 0.241284 
0.285970 0.395910 0.489588 0.445768 0.319847 0.367045 0.445719 0.316725 0.603935 0.622079 
0.360771 0.259157 0.193261 0.083120 0.075867 0.473563 0.309404 0.071077 0.219928 0.270619 
0.425883 0.350059 0.363989 0.303298 0.359090 0.260614 0.261540 0.301375 0.201577 0.141554 
0.067480 0.206422 0.257325 0.157722 0.268041 0.293116 0.262239 0.344092 0.411877 0.243556 
0.115472 0.132929 0.143365 0.141864 0.168913 0.172122 0.175062 0.128958 0.183899 0.149522 
0.180270 0.202004 0.209068 0.207533 0.116426 0.178071 0.134299 0.148758 0.162747 0.144656 
0.164665 0.159832 0.168767 0.174097 0.148440 0.176684 0.148073 0.143153 0.156512 0.205552 
0.128348 0.161469 0.130179 0.144230 0.139326 0.140089 0.150839 0.152914 0.156427 0.145887 
0.404404 0.617940 0.509425 0.570152 0.690705 0.711741 0.661823 0.501287 0.721042 0.607116 
0.596983 0.648238 0.604867 0.645107 0.451925 0.563169 0.575041 0.592842 0.504627 0.556901 
0.538995 0.522968 0.519391 0.616303 0.520959 0.630948 0.538361 0.583494 0.630056 0.651356 
0.484084 0.569455 0.582223 0.571455 0.627878 0.626913 0.607765 0.672494 0.585933 0.332878 
0.373006 0.784642 0.754668 0.781722 0.752839 0.800855 0.738786 0.710043 0.800856 0.816065 
0.836083 0.797121 0.762434 0.687087 0.758319 0.739440 0.801534 0.671071 0.732487 0.692839 
0.729530 0.739678 0.775041 0.746571 0.716870 0.779477 0.808907 0.819529 0.704805 0.720399 
0.825062 0.783632 0.832560 0.789228 0.820512 0.769340 0.734523 0.831315 0.712301 0.408585 
0.264258 0.586753 0.664118 0.707899 0.677059 0.653425 0.592515 0.622833 0.617714 0.582162 
0.649202 0.566236 0.659989 0.561848 0.642843 0.635541 0.637680 0.673799 0.526763 0.505528 
0.651708 0.600471 0.572954 0.628424 0.686027 0.644697 0.630680 0.639265 0.647733 0.624607 
0.699796 0.678806 0.585464 0.643330 0.624650 0.574223 0.642995 0.739166 0.634355 0.357724 
0.202909 0.465287 0.529204 0.469389 0.446112 0.353451 0.539274 0.524575 0.520289 0.514584 
0.531451 0.549377 0.575650 0.439992 0.554875 0.468084 0.496538 0.612885 0.539440 0.680544 
0.528482 0.487661 0.550574 0.525104 0.576220 0.610036 0.559805 0.534153 0.553511 0.652310 
0.425370 0.461664 0.422028 0.551517 0.549015 0.617452 0.613307 0.532588 0.575517 0.308504 
0.176751 0.442985 0.440565 0.430764 0.439099 0.441287 0.528081 0.567126 0.538824 0.402848 
0.624815 0.647661 0.524551 0.344046 0.394192 0.405685 0.601660 0.475453 0.588247 0.595572 
0.487058 0.589837 0.638018 0.567491 0.515465 0.446297 0.539153 0.532822 0.482492 0.516713 
0.547905 0.517585 0.518127 0.484123 0.580327 0.657188 0.650331 0.563542 0.478501 0.296016 
0.219782 0.459005 0.492342 0.585787 0.649241 0.607659 0.335007 0.446360 0.615940 0.495803 
0.524605 0.637761 0.403208 0.598783 0.374696 0.435466 0.425212 0.448718 0.522189 0.464548 
0.474238 0.559290 0.575993 0.583223 0.645208 0.414404 0.468806 0.536361 0.586341 0.428658 
0.609325 0.575498 0.634481 0.553441 0.561623 0.511060 0.486252 0.639868 0.492436 0.334226 
0.228234 0.533676 0.539216 0.511411 0.478983 0.588943 0.540929 0.481854 0.656006 0.599698 
0.454924 0.417776 0.305292 0.595733 0.568498 0.570375 0.485697 0.366789 0.381505 0.530330 
0.443135 0.463743 0.573601 0.582618 0.540871 0.600323 0.625352 0.516271 0.630091 0.551168 
0.571655 0.559510 0.624467 0.448578 0.543228 0.573583 0.543306 0.448501 0.462795 0.290189 
0.270318 0.506692 0.360533 0.375130 0.549398 0.513761 0.585720 0.495812 0.499260 0.529121 
0.438872 0.363123 0.560224 0.586186 0.495903 0.560486 0.534040 0.534227 0.419898 0.548543 
0.478745 0.532787 0.408051 0.563666 0.426577 0.594747 0.549417 0.500272 0.431820 0.606281 
0.499867 0.536534 0.574588 0.522323 0.533509 0.573827 0.508753 0.475472 0.514691 0.317863 
0.241490 0.534335 0.572747 0.505223 0.605063 0.451901 0.420638 0.492609 0.486107 0.505030 
0.489384 0.570777 0.511454 0.502204 0.532432 0.602821 0.622583 0.596376 0.594645 0.411123 
0.495862 0.538855 0.518414 0.419105 0.534827 0.601518 0.633526 0.431871 0.528052 0.608201 
0.566803 0.547216 0.570818 0.493004 0.616482 0.582955 0.465050 0.522838 0.524262 0.321748 
0.198726 0.467496 0.571222 0.582160 0.660449 0.532095 0.596766 0.518047 0.494545 0.532116 
0.377934 0.581101 0.387121 0.406019 0.476807 0.487443 0.609219 0.593378 0.489637 0.468489 
0.613738 0.530713 0.529284 0.486504 0.576355 0.603711 0.610522 0.492560 0.650549 0.560593 
0.534659 0.524039 0.589028 0.497241 0.566429 0.534390 0.603096 0.591748 0.471028 0.251944 
0.244299 0.370569 0.483161 0.513937 0.581789 0.528688 0.729777 0.518655 0.541313 0.464240 
0.523790 0.424174 0.406111 0.419391 0.191287 0.212437 0.269813 0.564987 0.437445 0.443695 
0.557287 0.595264 0.539855 0.655988 0.624685 0.590893 0.486012 0.508551 0.479397 0.634376 
0.557448 0.572174 0.630326 0.572848 0.591704 0.555654 0.575673 0.689981 0.433781 0.280310 
0.223543 0.424183 0.377685 0.441299 0.496803 0.500114 0.682097 0.525115 0.465317 0.502488 
0.472296 0.430354 0.348523 0.388120 0.164372 0.208802 0.156287 0.175984 0.458595 0.424567 
0.381720 0.504682 0.492989 0.606689 0.426778 0.370680 0.495952 0.598018 0.519841 0.544412 
0.511263 0.560111 0.594117 0.600347 0.544755 0.517444 0.468259 0.656976 0.455869 0.300153 
0.236150 0.488640 0.551560 0.359331 0.557230 0.530108 0.534142 0.483580 0.458283 0.533038 
0.461948 0.591316 0.274308 0.203769 0.703996 0.987504 0.899105 0.145327 0.390288 0.487921 
0.509887 0.611309 0.524740 0.561998 0.511551 0.387366 0.608242 0.553859 0.635942 0.526221 
0.516408 0.507774 0.493080 0.577611 0.573228 0.532195 0.640326 0.683304 0.512651 0.419303 
0.193890 0.374795 0.543112 0.477504 0.554986 0.528590 0.500618 0.353884 0.596323 0.524109 
0.412909 0.658838 0.262437 0.075841 0.208717 0.994938 0.951314 0.084634 0.346840 0.563434 
0.497901 0.443478 0.467376 0.475393 0.559464 0.559048 0.547650 0.576989 0.506653 0.483933 
0.521531 0.494885 0.475324 0.620231 0.516629 0.628963 0.636077 0.684320 0.498862 0.390362 
0.279545 0.311155 0.418036 0.456817 0.401115 0.404201 0.544975 0.478763 0.456830 0.518043 
0.497365 0.423572 0.326954 0.176530 0.075011 0.179844 0.029668 0.065002 0.374656 0.455451 
0.580302 0.548805 0.611707 0.605636 0.612783 0.569824 0.579206 0.640766 0.468156 0.525824 
0.561685 0.639033 0.433170 0.460595 0.511581 0.577991 0.528419 0.574670 0.351318 0.341288 
0.206327 0.487101 0.472932 0.442919 0.429770 0.445663 0.520908 0.565391 0.449773 0.503497 
0.514607 0.352239 0.352483 0.447931 0.445845 0.414566 0.331981 0.240843 0.221016 0.368568 
0.564986 0.647312 0.477362 0.562123 0.449777 0.609585 0.525124 0.578178 0.571617 0.436812 
0.533674 0.515220 0.511148 0.472990 0.495898 0.463881 0.422234 0.359423 0.323422 0.353349 
0.239331 0.294229 0.399190 0.588804 0.440623 0.596679 0.583668 0.550575 0.494870 0.523759 
0.434493 0.530959 0.560573 0.503608 0.555409 0.586378 0.666362 0.625681 0.475171 0.534737 
0.497251 0.563162 0.493528 0.517576 0.530807 0.493769 0.413720 0.503040 0.473592 0.498126 
0.528847 0.525155 0.619082 0.648482 0.573850 0.515944 0.455892 0.435436 0.564914 0.315652 
0.285356 0.521376 0.556894 0.639923 0.609666 0.610160 0.544154 0.541847 0.519089 0.507295 
0.512159 0.575050 0.565923 0.513027 0.524964 0.597283 0.579774 0.516086 0.555039 0.592360 
0.514561 0.515192 0.510397 0.600413 0.546826 0.575926 0.447094 0.446784 0.577964 0.514220 
0.502759 0.554801 0.581411 0.605956 0.626469 0.587357 0.577141 0.579122 0.671667 0.279166 
0.308357 0.524190 0.571516 0.560956 0.544912 0.463097 0.529612 0.508250 0.490232 0.458248 
0.476535 0.486672 0.435621 0.557505 0.507287 0.525988 0.571806 0.438574 0.517602 0.481472 
0.587108 0.559615 0.610148 0.578573 0.500143 0.606498 0.589626 0.515541 0.570927 0.461974 
0.409390 0.569537 0.497578 0.550983 0.660071 0.518257 0.602089 0.515655 0.586030 0.316024 
0.263804 0.328038 0.294403 0.627698 0.370648 0.129727 0.240528 0.276357 0.364602 0.459627 
0.391922 0.509510 0.464771 0.537788 0.546250 0.493045 0.557352 0.493991 0.570265 0.569615 
0.455727 0.594929 0.573306 0.554505 0.525038 0.559769 0.577228 0.562028 0.502914 0.532070 
0.509574 0.636303 0.580368 0.495880 0.581210 0.511263 0.453051 0.450035 0.494067 0.283904 
0.202877 0.333250 0.203086 0.498043 0.202737 0.199750 0.362748 0.255371 0.212732 0.260162 
0.484514 0.557493 0.465981 0.526204 0.520317 0.573653 0.559146 0.534618 0.566489 0.657136 
0.529753 0.542542 0.495642 0.581059 0.569027 0.582280 0.514486 0.581139 0.659711 0.675713 
0.718773 0.516759 0.471487 0.537168 0.460484 0.454656 0.555733 0.609200 0.514104 0.305799 
0.815342 0.807070 0.419971 0.142672 0.237483 0.507624 0.848779 0.883901 0.604862 0.273051 
0.502577 0.505115 0.583718 0.572859 0.588394 0.626582 0.624107 0.475185 0.497825 0.619732 
0.624123 0.580136 0.572109 0.638098 0.658973 0.651925 0.507915 0.558722 0.650467 0.605459 
0.505302 0.455659 0.496343 0.638259 0.536460 0.514073 0.542410 0.587984 0.592211 0.200897 
0.774988 0.763851 0.293455 0.231337 0.743690 0.950441 0.927597 0.861561 0.772223 0.203656 
0.190031 0.314795 0.563606 0.523946 0.605545 0.531864 0.539122 0.570419 0.605462 0.448323 
0.558543 0.536604 0.547073 0.562084 0.526622 0.608001 0.516687 0.572724 0.499499 0.418996 
0.447391 0.580218 0.587354 0.601379 0.556867 0.616575 0.661801 0.411469 0.338433 0.206564 
0.385088 0.192893 0.036499 0.267152 0.858734 0.621917 0.385803 0.290499 0.408763 0.169277 
0.107392 0.296350 0.565720 0.525439 0.529820 0.552504 0.557915 0.645608 0.663114 0.511850 
0.604497 0.514848 0.527123 0.537092 0.477235 0.469527 0.482897 0.472165 0.518739 0.531474 
0.564518 0.612319 0.626739 0.612198 0.570063 0.583621 0.566597 0.492995 0.275908 0.406787 
0.103495 0.049356 0.024035 0.153472 0.333314 0.121345 0.207109 0.258050 0.226090 0.747323 
0.779816 0.220979 0.256615 0.558537 0.545446 0.487950 0.563403 0.543291 0.446852 0.407991 
0.418883 0.407690 0.459182 0.446014 0.445736 0.439873 0.477665 0.519427 0.516794 0.459241 
0.596023 0.516047 0.424247 0.369780 0.522240 0.459367 0.378616 0.175196 0.468846 0.623355 
0.116274 0.293110 0.109526 0.119885 0.193170 0.160271 0.202782 0.451270 0.219115 0.303802 
0.492998 0.231881 0.126327 0.410105 0.458450 0.523387 0.562397 0.348417 0.422895 0.343381 
0.501047 0.438211 0.498015 0.463866 0.549576 0.562174 0.514689 0.505966 0.479889 0.418378 
0.451466 0.317048 0.189469 0.107921 0.280113 0.237460 0.414405 0.313798 0.724927 0.582379 
0.262772 0.502371 0.478872 0.165143 0.604769 0.745064 0.451475 0.150637 0.140911 0.154796 
0.406661 0.501269 0.287024 0.388814 0.421614 0.432681 0.574326 0.312637 0.303961 0.373622 
0.718450 0.638322 0.693888 0.472369 0.371066 0.446684 0.335262 0.430362 0.604004 0.396930 
0.283504 0.255660 0.251811 0.670196 0.423890 0.122277 0.093458 0.264667 0.569020 0.315646 
0.480131 0.323445 0.421976 0.087427 0.087991 0.223231 0.397579 0.124828 0.059692 0.155926 
0.411262 0.387889 0.537599 0.468118 0.554839 0.465017 0.785717 0.416214 0.558074 0.225137 
0.448900 0.354896 0.381239 0.264798 0.182172 0.335600 0.399503 0.490943 0.404896 0.264446 
0.202102 0.174680 0.748260 0.968666 0.804248 0.185361 0.069462 0.020830 0.074058 0.096960 
0.276262 0.154422 0.279865 0.266300 0.111839 0.111144 0.341608 0.285180 0.040543 0.668793 
0.672318 0.269262 0.310029 0.267612 0.410720 0.273197 0.355495 0.690314 0.979876 0.274848 
0.238722 0.205326 0.396421 0.734533 0.682043 0.426728 0.391902 0.690003 0.373942 0.315342 
0.236855 0.170107 0.699669 0.830989 0.730129 0.578267 0.185354 0.039155 0.035343 0.045167 
0.210544 0.182133 0.281225 0.219477 0.474654 0.334969 0.284023 0.187745 0.196277 0.157523 
0.565537 0.268116 0.117158 0.134857 0.310555 0.370018 0.139284 0.676010 0.885056 0.222305 
0.143201 0.247881 0.346352 0.811136 0.962433 0.803401 0.350922 0.445666 0.504028 0.508110 
0.335401 0.195862 0.433934 0.277290 0.237554 0.579583 0.203516 0.254147 0.328891 0.140423 
0.220302 0.181499 0.336220 0.144633 0.152037 0.254501 0.262103 0.128698 0.509836 0.206811 
0.103052 0.086772 0.256458 0.337351 0.387484 0.362553 0.034167 0.494172 0.721309 0.208941 
0.625948 0.263988 0.196807 0.517427 0.657194 0.439685 0.252339 0.243339 0.529519 0.466575 
0.219463 0.108532 0.204094 0.138885 0.110484 0.143377 0.158885 0.625614 0.631729 0.282508 
0.252096 0.241255 0.291894 0.223711 0.216474 0.182133 0.276457 0.129911 0.514458 0.098525 
0.039808 0.077181 0.245849 0.402346 0.259967 0.337654 0.031432 0.155793 0.299275 0.206491 
0.423596 0.267856 0.111194 0.418831 0.286013 0.334134 0.176982 0.046625 0.536800 0.333581 
0.070009 0.038519 0.382351 0.319994 0.295569 0.185746 0.124301 0.186872 0.214139 0.209812 
0.224161 0.357939 0.320305 0.609799 0.605530 0.559234 0.202433 0.182021 0.122131 0.058313 
0.047726 0.047739 0.070954 0.121106 0.187893 0.335337 0.206891 0.327922 0.071577 0.032999 
0.406427 0.543281 0.203707 0.324385 0.345988 0.584530 0.337386 0.102058 0.055902 0.125623 
0.173504 0.122262 0.498957 0.316763 0.320977 0.260046 0.133017 0.192142 0.200384 0.138366 
0.122166 0.088039 0.178794 0.314711 0.347931 0.321602 0.287561 0.240168 0.352491 0.346054 
0.191570 0.388465 0.583721 0.510832 0.247189 0.234545 0.494299 0.399310 0.066494 0.010693 
0.170850 0.333115 0.224552 0.121081 0.441675 0.295945 0.071920 0.260980 0.259267 0.104444 
0.107854 0.256904 0.464126 0.139165 0.144230 0.290951 0.253220 0.317705 0.280203 0.134428 
0.199345 0.180656 0.198004 0.135319 0.144374 0.204911 0.433367 0.601628 0.617829 0.574362 
0.293855 0.471317 0.561701 0.545822 0.367138 0.233456 0.196450 0.041806 0.080625 0.048504 
0.019768 0.015329 0.058715 0.205368 0.073492 0.080744 0.063108 0.140893 0.324425 0.349121 
0.176357 0.226464 0.278083 0.418715 0.785419 0.637451 0.210166 0.406009 0.438842 0.210773 
0.178683 0.394136 0.184336 0.253798 0.145871 0.153731 0.218672 0.377086 0.309995 0.398903 
0.201027 0.235435 0.264057 0.268271 0.450730 0.318304 0.287166 0.212496 0.217738 0.247671 
0.152317 0.106419 0.063320 0.136756 0.214793 0.153751 0.131554 0.171059 0.172503 0.332974 
0.371026 0.319180 0.342382 0.269248 0.783204 0.521345 0.244139 0.332536 0.447285 0.593779 
0.226775 0.228380 0.280281 0.539804 0.127139 0.479276 0.277423 0.274150 0.118450 0.096741 
0.185768 0.356714 0.257847 0.284743 0.348075 0.316349 0.394183 0.393316 0.211686 0.301907 
0.402905 0.535640 0.389410 0.284169 0.186556 0.246117 0.460255 0.511240 0.264175 0.430948 
0.343837 0.164592 0.193823 0.269974 0.251075 0.169281 0.162898 0.190427 0.049576 0.295638 
0.154456 0.194193 0.611749 0.576242 0.267069 0.696122 0.597029 0.357281 0.850946 0.289065 
0.244716 0.306744 0.249245 0.209189 0.132405 0.226747 0.267526 0.362180 0.319726 0.265733 
0.353800 0.431233 0.279764 0.210166 0.186753 0.207223 0.382872 0.176127 0.109087 0.434565 
0.207976 0.070904 0.050037 0.160136 0.273762 0.122361 0.049325 0.055918 0.062061 0.055351 
0.128169 0.157920 0.175797 0.197493 0.185689 0.132790 0.103310 0.086355 0.844565 0.407118 
0.102596 0.066261 0.077335 0.075250 0.293962 0.294879 0.123808 0.094296 0.150300 0.162503 
0.179479 0.093375 0.080728 0.085727 0.092715 0.042827 0.157958 0.085197 0.059617 0.040507 
0.025981 0.025433 0.048605 0.159179 0.210756 0.145048 0.154882 0.226645 0.299146 0.124298 
0.204055 0.312189 0.334307 0.348782 0.313744 0.346144 0.296608 0.392780 0.329167 0.349879 
0.346203 0.370316 0.418125 0.256858 0.339027 0.367412 0.333738 0.264231 0.267058 0.329344 
0.272560 0.278450 0.293589 0.252720 0.300881 0.269641 0.273535 0.250743 0.292484 0.236622 
0.380635 0.254713 0.310734 0.255257 0.251645 0.238539 0.257121 0.254558 0.288470 0.278794 
0.182866 0.528705 0.555169 0.495903 0.467073 0.434736 0.381765 0.464713 0.442849 0.503511 
0.503905 0.485926 0.454170 0.313308 0.367480 0.440360 0.401512 0.413522 0.417035 0.398858 
0.376433 0.345931 0.381165 0.349416 0.409555 0.356482 0.344986 0.367856 0.406919 0.299148 
0.384986 0.413750 0.413552 0.423219 0.377748 0.365782 0.371314 0.355587 0.352329 0.306771 
0.298386 0.602347 0.575779 0.469383 0.475581 0.427377 0.414182 0.485691 0.551824 0.522937 
0.481458 0.481085 0.380337 0.460439 0.488330 0.425541 0.449659 0.452100 0.456413 0.438837 
0.418552 0.416871 0.428993 0.429270 0.391968 0.401774 0.404341 0.397244 0.421031 0.411286 
0.449450 0.476238 0.435329 0.415914 0.401883 0.437459 0.408806 0.417001 0.378298 0.287851 
0.297859 0.611039 0.535594 0.448137 0.395648 0.516643 0.537489 0.499816 0.587443 0.579157 
0.552443 0.567055 0.449333 0.565709 0.541215 0.504620 0.512821 0.439347 0.497870 0.426901 
0.476079 0.513438 0.485279 0.471294 0.436243 0.442546 0.485858 0.422562 0.421682 0.484667 
0.522645 0.471762 0.465967 0.444957 0.453984 0.447009 0.516448 0.521272 0.426921 0.317242 
0.288453 0.599463 0.474655 0.430974 0.350062 0.604103 0.650201 0.571010 0.578747 0.566077 
0.564370 0.487908 0.444863 0.505039 0.531518 0.534792 0.512612 0.412302 0.477111 0.452862 
0.505242 0.478575 0.435653 0.453133 0.448514 0.404553 0.440911 0.461616 0.445121 0.431473 
0.500540 0.434944 0.440601 0.468242 0.440967 0.465202 0.499511 0.525424 0.398212 0.324068 
0.285258 0.629373 0.543435 0.345780 0.438039 0.624881 0.694924 0.565976 0.465625 0.519264 
0.569544 0.484823 0.417651 0.459985 0.443081 0.533981 0.459519 0.470139 0.453551 0.490032 
0.443205 0.517723 0.487393 0.443086 0.381016 0.404681 0.413532 0.474986 0.457905 0.420831 
0.416448 0.431362 0.434051 0.481134 0.475844 0.463022 0.436807 0.491743 0.434178 0.303577 
0.301790 0.612727 0.575116 0.497855 0.585427 0.574454 0.519422 0.538965 0.464212 0.524023 
0.619515 0.441788 0.321786 0.447466 0.466560 0.500217 0.484977 0.452266 0.440752 0.451888 
0.421833 0.527802 0.574182 0.466994 0.351384 0.368055 0.502361 0.549908 0.423969 0.445516 
0.447923 0.477490 0.427335 0.441616 0.477019 0.481834 0.476710 0.462728 0.408020 0.318261 
0.325210 0.599087 0.597668 0.517419 0.581370 0.502606 0.421209 0.517350 0.568854 0.529721 
0.515143 0.390859 0.360334 0.515692 0.513198 0.470487 0.451153 0.477807 0.470664 0.385378 
0.441448 0.480495 0.504644 0.464594 0.421804 0.389564 0.518940 0.520788 0.454489 0.436781 
0.470288 0.466771 0.420482 0.448597 0.441206 0.439000 0.454736 0.542407 0.394147 0.292848 
0.350811 0.616061 0.562096 0.449188 0.501166 0.549358 0.454875 0.517304 0.567906 0.526125 
0.450951 0.405882 0.465331 0.572549 0.576239 0.527867 0.475536 0.473413 0.485584 0.481515 
0.427481 0.375290 0.533407 0.438341 0.488799 0.528522 0.525919 0.432371 0.499307 0.422801 
0.432539 0.447440 0.439374 0.417895 0.450893 0.450178 0.453787 0.495798 0.418888 0.281213 
0.376848 0.642030 0.533118 0.491314 0.552593 0.558083 0.501655 0.506795 0.558046 0.454376 
0.417557 0.462176 0.559457 0.493400 0.501800 0.506745 0.474038 0.449691 0.405894 0.510157 
0.500179 0.448463 0.447510 0.446201 0.502193 0.540362 0.399887 0.403990 0.465122 0.430136 
0.424230 0.455997 0.432168 0.399187 0.454550 0.461203 0.438040 0.479524 0.450569 0.288880 
0.361616 0.661260 0.574778 0.548793 0.520910 0.556957 0.488972 0.524926 0.579655 0.423443 
0.392392 0.532326 0.539372 0.455619 0.475352 0.440908 0.339649 0.457765 0.411363 0.411555 
0.515466 0.493533 0.432425 0.446517 0.533953 0.506729 0.385408 0.440632 0.488197 0.469561 
0.419957 0.437783 0.397751 0.430170 0.457283 0.479420 0.444572 0.459264 0.428361 0.307355 
0.352055 0.645301 0.574506 0.540254 0.568817 0.599577 0.501267 0.485327 0.520824 0.459331 
0.406697 0.535593 0.488669 0.346509 0.342026 0.280883 0.286214 0.315503 0.348197 0.367327 
0.552699 0.488932 0.441016 0.445738 0.464711 0.401211 0.423805 0.507678 0.467843 0.455817 
0.418577 0.429049 0.435352 0.431257 0.465700 0.474965 0.511723 0.364809 0.397699 0.288392 
0.294523 0.621195 0.561895 0.518053 0.540610 0.593515 0.489069 0.435677 0.513343 0.511558 
0.454755 0.482065 0.353408 0.089368 0.073676 0.049003 0.061939 0.281411 0.366036 0.390359 
0.519577 0.445415 0.431582 0.444959 0.475274 0.423384 0.465942 0.460267 0.449206 0.500004 
0.452079 0.419253 0.470887 0.443972 0.446500 0.453742 0.546986 0.374249 0.412458 0.310681 
0.287238 0.595418 0.550210 0.470337 0.536396 0.586445 0.466409 0.421454 0.506320 0.468227 
0.415378 0.538756 0.380855 0.093213 0.320206 0.151873 0.017408 0.251913 0.490671 0.358444 
0.396842 0.448641 0.485750 0.428180 0.357966 0.481979 0.537435 0.510901 0.402474 0.443697 
0.417993 0.417854 0.509091 0.451105 0.398104 0.458586 0.558066 0.367419 0.474435 0.380713 
0.261236 0.678502 0.557912 0.483705 0.530317 0.567166 0.459190 0.339762 0.474802 0.471295 
0.492942 0.594187 0.401436 0.202290 0.942390 0.589521 0.010490 0.092588 0.559476 0.436014 
0.437030 0.458855 0.475933 0.497795 0.451633 0.475104 0.507803 0.493406 0.420887 0.456076 
0.398541 0.384935 0.478813 0.456162 0.433130 0.488542 0.562911 0.355774 0.505427 0.392740 
0.276932 0.610944 0.603787 0.514014 0.520073 0.497070 0.411600 0.365997 0.596454 0.534315 
0.461692 0.575785 0.475070 0.253870 0.484047 0.539235 0.163266 0.286345 0.450501 0.477699 
0.386588 0.450829 0.491078 0.444065 0.459269 0.477021 0.494987 0.446563 0.380629 0.416933 
0.456617 0.378990 0.443353 0.456056 0.459774 0.502030 0.514098 0.377834 0.545654 0.345392 
0.283307 0.600396 0.603149 0.481296 0.455621 0.529682 0.503021 0.419766 0.559417 0.521301 
0.419701 0.448676 0.520879 0.409377 0.353220 0.248595 0.255805 0.359079 0.410971 0.484710 
0.461210 0.431959 0.455903 0.438887 0.464283 0.447370 0.547528 0.417250 0.381822 0.332690 
0.527832 0.449606 0.389576 0.426637 0.453514 0.502353 0.493277 0.425096 0.423066 0.294144 
0.307759 0.634474 0.604102 0.477039 0.436798 0.537429 0.567869 0.488839 0.497108 0.445548 
0.394861 0.429007 0.501427 0.494847 0.408929 0.506503 0.516543 0.339692 0.349792 0.466544 
0.574727 0.441892 0.410515 0.415623 0.448088 0.506959 0.500405 0.504170 0.371143 0.382800 
0.513812 0.502935 0.443083 0.420214 0.501902 0.459004 0.469553 0.470532 0.428790 0.314226 
0.316807 0.615777 0.643698 0.582789 0.459671 0.551622 0.573624 0.503496 0.501666 0.455289 
0.421694 0.487906 0.480008 0.432174 0.443895 0.524135 0.466282 0.435587 0.438312 0.464197 
0.498712 0.435523 0.464102 0.444302 0.489964 0.467917 0.487521 0.459891 0.424015 0.426434 
0.448068 0.459204 0.470653 0.458617 0.444834 0.477239 0.480625 0.560461 0.430178 0.331118 
0.347732 0.671527 0.667288 0.572401 0.432478 0.496470 0.453797 0.474610 0.450687 0.459034 
0.463219 0.508302 0.470184 0.410269 0.456250 0.503266 0.456244 0.428974 0.374139 0.484101 
0.462617 0.479580 0.460252 0.434756 0.487923 0.502316 0.436317 0.500465 0.487394 0.420745 
0.439857 0.437937 0.465382 0.473873 0.446131 0.479748 0.514807 0.580174 0.443976 0.318079 
0.316251 0.567256 0.563936 0.467326 0.374379 0.259559 0.194382 0.201344 0.327704 0.410255 
0.454192 0.424783 0.476956 0.434023 0.439054 0.481881 0.407145 0.426235 0.481426 0.439473 
0.450244 0.483871 0.481884 0.410607 0.455515 0.505188 0.458093 0.476084 0.426775 0.380467 
0.464544 0.499432 0.468272 0.527083 0.516233 0.487448 0.516934 0.525372 0.474267 0.341357 
0.242174 0.240099 0.475499 0.251144 0.127201 0.170373 0.227509 0.007809 0.045705 0.411403 
0.415388 0.420017 0.472306 0.432667 0.476407 0.423510 0.454522 0.473014 0.521940 0.447166 
0.451055 0.481770 0.511881 0.451233 0.463859 0.474572 0.493571 0.467065 0.415684 0.463808 
0.503255 0.528169 0.479556 0.549507 0.542623 0.509014 0.541259 0.560413 0.488540 0.323157 
0.363467 0.045835 0.155465 0.091539 0.264404 0.305153 0.275579 0.038910 0.009598 0.248550 
0.499376 0.427681 0.455240 0.441124 0.470002 0.484750 0.413522 0.476397 0.532976 0.521561 
0.464247 0.430466 0.494323 0.493537 0.479163 0.460160 0.435334 0.485372 0.520777 0.503425 
0.502868 0.472791 0.545504 0.582749 0.553161 0.574687 0.642733 0.596399 0.469339 0.356996 
0.603439 0.051484 0.204701 0.196034 0.367343 0.265045 0.467072 0.363990 0.043515 0.084863 
0.317945 0.452653 0.476563 0.415339 0.459658 0.525576 0.446250 0.485521 0.527363 0.593485 
0.490330 0.509362 0.504945 0.505568 0.516145 0.428581 0.430761 0.494960 0.532400 0.471110 
0.508135 0.510474 0.574674 0.612000 0.586969 0.650181 0.579766 0.566643 0.489168 0.312890 
0.647710 0.290847 0.247069 0.253912 0.590226 0.048369 0.374937 0.284603 0.067384 0.035895 
0.025152 0.372378 0.507088 0.414379 0.448699 0.478698 0.517944 0.519556 0.450088 0.489938 
0.483444 0.513561 0.542869 0.480446 0.459561 0.449367 0.466244 0.507545 0.486682 0.505593 
0.591282 0.611886 0.578201 0.620379 0.671846 0.713409 0.564346 0.360406 0.509558 0.518858 
0.524869 0.321104 0.556853 0.583261 0.603656 0.106645 0.433964 0.380041 0.444268 0.138340 
0.011924 0.285495 0.649000 0.432611 0.461291 0.508090 0.496305 0.466699 0.456060 0.489991 
0.450444 0.470424 0.457078 0.438891 0.413601 0.428178 0.463251 0.532507 0.533700 0.518426 
0.527921 0.572278 0.567953 0.451151 0.474372 0.558031 0.289414 0.313093 0.586505 0.375012 
0.314741 0.201849 0.174094 0.609473 0.507542 0.247748 0.355018 0.039327 0.171065 0.158707 
0.008263 0.179236 0.669837 0.551234 0.437376 0.540250 0.491715 0.525296 0.474925 0.406836 
0.473509 0.368320 0.465696 0.461584 0.409737 0.475389 0.544754 0.562019 0.490615 0.536528 
0.546439 0.430063 0.227405 0.131586 0.220680 0.344998 0.174293 0.267160 0.601229 0.477020 
0.257225 0.267046 0.149620 0.454205 0.803606 0.366126 0.142815 0.162713 0.233921 0.226693 
0.020118 0.291149 0.612878 0.613973 0.575561 0.639509 0.343391 0.427716 0.255905 0.433974 
0.532091 0.490113 0.479687 0.476625 0.460363 0.468260 0.485068 0.612274 0.569315 0.543336 
0.313573 0.235341 0.510860 0.187049 0.015646 0.336329 0.170467 0.332762 0.391367 0.379592 
0.309238 0.388111 0.264426 0.594569 0.895228 0.602517 0.188023 0.092574 0.115354 0.195142 
0.021912 0.279143 0.594650 0.604009 0.534104 0.560285 0.169764 0.253775 0.092014 0.288207 
0.600431 0.520819 0.412656 0.279625 0.231383 0.444768 0.574799 0.522813 0.529678 0.253445 
0.192058 0.276129 0.596752 0.502519 0.051087 0.129780 0.279942 0.186881 0.581181 0.114943 
0.343696 0.409526 0.486671 0.312281 0.369444 0.309866 0.324198 0.119768 0.236945 0.155985 
0.063624 0.149661 0.382579 0.431747 0.499360 0.447055 0.113377 0.513264 0.132261 0.171630 
0.567274 0.563414 0.374090 0.485631 0.062654 0.102127 0.551278 0.237363 0.315728 0.093768 
0.234330 0.519776 0.494168 0.443215 0.300977 0.033362 0.108991 0.358538 0.364393 0.289102 
0.281279 0.291661 0.431774 0.341673 0.289331 0.299341 0.309484 0.436427 0.369371 0.313439 
0.150497 0.068445 0.299999 0.360874 0.477581 0.291823 0.132740 0.682154 0.351716 0.091173 
0.317198 0.337759 0.559647 0.757939 0.167224 0.011861 0.256474 0.157778 0.242183 0.169578 
0.572844 0.619814 0.498414 0.651138 0.277495 0.065118 0.042185 0.365412 0.560015 0.346135 
0.267429 0.331107 0.440654 0.410423 0.446445 0.401902 0.473506 0.332027 0.428267 0.722426 
0.258441 0.150146 0.304979 0.228399 0.212186 0.197355 0.169999 0.644742 0.772356 0.398983 
0.353446 0.223842 0.616707 0.677812 0.488735 0.083196 0.123660 0.267674 0.345944 0.308158 
0.507030 0.209940 0.342120 0.313190 0.534705 0.183601 0.223264 0.664382 0.567349 0.483415 
0.267903 0.318541 0.302961 0.571819 0.565196 0.241188 0.316576 0.375475 0.577059 0.520732 
0.546282 0.309679 0.730268 0.535692 0.113585 0.448923 0.072654 0.477549 0.804331 0.576245 
0.270037 0.204276 0.472066 0.550801 0.631901 0.353814 0.130455 0.500674 0.774625 0.175513 
0.602033 0.440977 0.242967 0.241250 0.334620 0.312850 0.402105 0.585221 0.644347 0.368162 
0.209549 0.372001 0.408512 0.663282 0.594744 0.329961 0.515718 0.134984 0.393411 0.319430 
0.489979 0.619560 0.622934 0.451039 0.488201 0.551743 0.421838 0.792365 0.911496 0.892501 
0.398079 0.246523 0.279625 0.426274 0.366345 0.545956 0.306009 0.357704 0.675275 0.206333 
0.233010 0.644543 0.484525 0.203063 0.396658 0.224825 0.296854 0.537748 0.468480 0.224560 
0.096393 0.118792 0.323980 0.439589 0.503372 0.368826 0.615133 0.186806 0.238057 0.332376 
0.434967 0.259389 0.588914 0.578726 0.206397 0.384887 0.574321 0.590405 0.496247 0.603235 
0.622990 0.494072 0.250098 0.586890 0.353766 0.356365 0.262311 0.137735 0.373191 0.406045 
0.368762 0.526686 0.639049 0.367533 0.170711 0.202364 0.254610 0.572445 0.431193 0.099691 
0.068150 0.253547 0.394787 0.290376 0.291358 0.407269 0.615059 0.348447 0.283070 0.343131 
0.357111 0.388104 0.521295 0.674452 0.636486 0.533238 0.296746 0.453925 0.422044 0.350600 
0.723203 0.500302 0.188709 0.718054 0.576804 0.392625 0.544924 0.128426 0.369979 0.331262 
0.236505 0.396123 0.786635 0.578920 0.381849 0.369977 0.343905 0.527634 0.232731 0.280639 
0.152159 0.220539 0.299832 0.402307 0.229995 0.568738 0.548419 0.272274 0.354886 0.259977 
0.212070 0.296565 0.616342 0.692892 0.798112 0.384115 0.459424 0.571335 0.520085 0.540803 
0.265849 0.155651 0.308244 0.302058 0.336566 0.304543 0.467749 0.417336 0.539573 0.399944 
0.436610 0.459400 0.716550 0.722048 0.710921 0.137266 0.342081 0.350428 0.158585 0.459821 
0.291479 0.271077 0.479932 0.297669 0.181249 0.623202 0.299183 0.084723 0.031479 0.295779 
0.426370 0.219498 0.447294 0.680251 0.697609 0.499216 0.384485 0.553555 0.429386 0.579533 
0.634323 0.359529 0.348003 0.295313 0.243660 0.529467 0.584725 0.536793 0.498543 0.501551 
0.236753 0.414753 0.587391 0.631526 0.652110 0.208839 0.431104 0.197741 0.159186 0.642265 
0.284282 0.385650 0.726937 0.400476 0.505851 0.712765 0.361014 0.086349 0.049467 0.382099 
0.700797 0.300624 0.698593 0.680949 0.460248 0.346800 0.250630 0.555801 0.397818 0.390698 
0.573900 0.439401 0.590253 0.450514 0.513781 0.546072 0.671440 0.414702 0.630004 0.474235 
0.093113 0.383361 0.322333 0.671227 0.630445 0.300221 0.472873 0.453358 0.465906 0.492680 
0.196822 0.284107 0.307942 0.275562 0.195501 0.516963 0.304619 0.198566 0.244403 0.258365 
0.389068 0.313720 0.281620 0.183487 0.107133 0.360136 0.118210 0.142291 0.270462 0.262600 
0.245405 0.305790 0.446098 0.322402 0.520170 0.406309 0.382614 0.232456 0.149045 0.154601 
0.090394 0.173416 0.196463 0.193155 0.303518 0.237727 0.251417 0.359597 0.312306 0.382107 
0.446799 0.414420 0.437833 0.454531 0.378093 0.412672 0.489783 0.401888 0.387974 0.423592 
0.388574 0.359420 0.435966 0.650211 0.426432 0.400315 0.452203 0.378428 0.358561 0.371362 
0.375856 0.422082 0.378165 0.387481 0.390466 0.415799 0.460428 0.405868 0.383278 0.462918 
0.476788 0.415287 0.437518 0.393433 0.399270 0.407277 0.381938 0.430387 0.320328 0.372099 
0.430002 0.229691 0.273001 0.333198 0.236839 0.321208 0.455978 0.314515 0.210616 0.269294 
0.288749 0.276944 0.384497 0.542545 0.350853 0.344963 0.357601 0.355577 0.285088 0.258452 
0.295658 0.301040 0.284897 0.299761 0.297559 0.329156 0.377083 0.278115 0.291514 0.400859 
0.416031 0.314339 0.295868 0.306623 0.261671 0.263012 0.243961 0.391411 0.359873 0.298058 
0.437320 0.221582 0.301648 0.398540 0.362544 0.431521 0.542991 0.467581 0.349566 0.373783 
0.432872 0.438219 0.522777 0.501686 0.479000 0.453623 0.430527 0.472798 0.445655 0.404634 
0.434533 0.405088 0.350632 0.431126 0.464461 0.470588 0.421870 0.431464 0.488871 0.428708 
0.407847 0.409025 0.417150 0.459526 0.451083 0.481580 0.407730 0.489307 0.506899 0.506629 
0.418911 0.234466 0.417748 0.619563 0.528215 0.363390 0.448440 0.396961 0.293304 0.348181 
0.437886 0.446927 0.513492 0.359270 0.417235 0.382102 0.384748 0.398225 0.441546 0.410831 
0.366978 0.378468 0.383271 0.360407 0.355235 0.381769 0.367595 0.417234 0.446379 0.375264 
0.361706 0.413383 0.435576 0.403144 0.469564 0.475657 0.358265 0.391415 0.467593 0.491734 
0.406785 0.223533 0.541220 0.662766 0.717628 0.475290 0.390597 0.406219 0.400968 0.360973 
0.316491 0.405215 0.479116 0.385937 0.408721 0.352347 0.375546 0.396323 0.411773 0.358199 
0.341020 0.349567 0.372451 0.381205 0.369885 0.358388 0.360288 0.391621 0.378440 0.382629 
0.450715 0.471442 0.425104 0.353061 0.400340 0.372374 0.354936 0.404868 0.445230 0.478290 
0.432981 0.208089 0.406653 0.593373 0.499320 0.223561 0.229451 0.364827 0.518307 0.419481 
0.306919 0.436188 0.489502 0.446950 0.398447 0.320515 0.400605 0.398738 0.336318 0.442762 
0.379018 0.273199 0.302801 0.463743 0.523905 0.457815 0.324755 0.357484 0.404567 0.403741 
0.411884 0.418095 0.375284 0.351475 0.327374 0.338646 0.346602 0.414805 0.463086 0.472526 
0.411949 0.203261 0.347829 0.397878 0.255313 0.315297 0.395768 0.350885 0.378214 0.368998 
0.420195 0.587417 0.578130 0.376440 0.352887 0.344708 0.432000 0.393015 0.400437 0.494274 
0.359012 0.230230 0.236368 0.419077 0.543902 0.526973 0.328122 0.314414 0.451275 0.451170 
0.365863 0.399087 0.358181 0.351728 0.319639 0.412761 0.351241 0.382490 0.459246 0.464410 
0.413104 0.245156 0.383894 0.410870 0.326622 0.386795 0.434853 0.314196 0.234331 0.349456 
0.454705 0.566509 0.468260 0.280068 0.260503 0.350377 0.406058 0.440737 0.412597 0.420343 
0.444113 0.331861 0.281085 0.395475 0.444597 0.374392 0.316531 0.297495 0.345172 0.421762 
0.394723 0.364515 0.394673 0.400071 0.342721 0.420663 0.381104 0.396265 0.445784 0.500975 
0.393858 0.301763 0.487636 0.533275 0.337399 0.398665 0.429570 0.369287 0.306001 0.368925 
0.489054 0.531802 0.286993 0.294825 0.294395 0.352698 0.343654 0.357118 0.338915 0.349337 
0.460236 0.451311 0.393492 0.438609 0.422077 0.332746 0.407020 0.396711 0.336611 0.384505 
0.431201 0.353408 0.406312 0.399927 0.351402 0.420386 0.411124 0.404513 0.426768 0.463626 
0.381155 0.267863 0.407564 0.441451 0.317772 0.400880 0.449900 0.375127 0.385505 0.491442 
0.471968 0.376938 0.325823 0.313674 0.328723 0.323839 0.346964 0.321917 0.311385 0.311461 
0.364945 0.453694 0.465138 0.469827 0.285241 0.309391 0.462885 0.433040 0.312361 0.360235 
0.389396 0.370079 0.446123 0.421266 0.353798 0.421635 0.420015 0.389021 0.433194 0.451982 
0.378323 0.251251 0.380792 0.380744 0.317285 0.343422 0.393783 0.353888 0.377610 0.572969 
0.483089 0.293032 0.323725 0.293411 0.227791 0.274253 0.407720 0.437501 0.448353 0.284213 
0.244975 0.362894 0.412249 0.367487 0.239310 0.312427 0.464809 0.387551 0.292520 0.352598 
0.377104 0.362141 0.434479 0.404475 0.342024 0.361129 0.337827 0.393272 0.441394 0.482724 
0.365604 0.276296 0.341646 0.365083 0.370361 0.329071 0.380360 0.348857 0.294459 0.403640 
0.369191 0.301811 0.268780 0.423916 0.239150 0.176168 0.174145 0.338223 0.548930 0.342483 
0.252663 0.353345 0.397913 0.315288 0.310098 0.383177 0.444763 0.465090 0.404724 0.364717 
0.385086 0.314047 0.356676 0.373607 0.355308 0.355615 0.313311 0.474941 0.454046 0.505312 
0.365841 0.271424 0.373783 0.373439 0.325802 0.333219 0.435488 0.387891 0.322764 0.364600 
0.403491 0.303437 0.461950 0.824241 0.409040 0.218473 0.298280 0.171684 0.334528 0.415805 
0.315828 0.340073 0.400733 0.387218 0.471562 0.455177 0.358824 0.416570 0.459872 0.432019 
0.444224 0.322249 0.310347 0.353320 0.413620 0.384886 0.333450 0.505308 0.436690 0.488909 
0.394511 0.227182 0.379164 0.422615 0.278572 0.361347 0.491867 0.440374 0.375633 0.460701 
0.376074 0.238577 0.584050 0.866877 0.080802 0.429526 0.369760 0.199119 0.254772 0.445177 
0.345053 0.320861 0.371065 0.414714 0.497622 0.379548 0.289132 0.360109 0.386905 0.446549 
0.479008 0.410239 0.336442 0.349508 0.414050 0.327089 0.303210 0.519723 0.352372 0.430736 
0.422541 0.246758 0.312688 0.371907 0.298721 0.387568 0.650336 0.535180 0.286080 0.488770 
0.390345 0.220828 0.560666 0.725152 0.071150 0.959056 0.821556 0.179720 0.195085 0.436087 
0.454605 0.372599 0.357359 0.392069 0.411548 0.353677 0.313349 0.332944 0.379001 0.374671 
0.457674 0.441338 0.362221 0.371329 0.373506 0.284173 0.335251 0.547403 0.364770 0.458588 
0.352819 0.217736 0.282940 0.366181 0.373417 0.421143 0.568638 0.463362 0.276977 0.347468 
0.370769 0.310088 0.409075 0.679369 0.377534 0.937620 0.837610 0.417718 0.327438 0.343017 
0.402879 0.343936 0.295880 0.331809 0.380247 0.357877 0.335429 0.417687 0.460467 0.344715 
0.350074 0.446517 0.448443 0.456034 0.391443 0.324550 0.379503 0.565656 0.428918 0.505644 
0.384490 0.202934 0.296358 0.442412 0.371430 0.349435 0.438806 0.457108 0.322101 0.330260 
0.412380 0.371824 0.349304 0.476829 0.494985 0.525292 0.430127 0.463401 0.463710 0.394729 
0.337345 0.397325 0.388294 0.379736 0.421538 0.355730 0.402555 0.515384 0.574593 0.392306 
0.281088 0.364013 0.428172 0.443364 0.372630 0.355109 0.395426 0.490020 0.454715 0.496510 
0.395078 0.287326 0.303735 0.444763 0.411194 0.275834 0.340794 0.383021 0.344405 0.417728 
0.446206 0.290447 0.293535 0.404598 0.397972 0.245726 0.348700 0.567159 0.493473 0.310139 
0.344218 0.405032 0.415614 0.389418 0.359589 0.377254 0.394220 0.448791 0.544664 0.359405 
0.262136 0.311649 0.349965 0.352178 0.347207 0.381853 0.397613 0.429361 0.413754 0.451135 
0.380370 0.229743 0.274622 0.439066 0.416905 0.227339 0.237977 0.326400 0.395580 0.401228 
0.381174 0.299997 0.354096 0.451709 0.371111 0.282410 0.391320 0.485644 0.421644 0.314657 
0.328822 0.371510 0.388710 0.379223 0.319401 0.368060 0.405694 0.407533 0.437079 0.378216 
0.321280 0.320091 0.361540 0.326204 0.355066 0.379297 0.311427 0.348511 0.414769 0.459393 
0.322138 0.190995 0.215994 0.419331 0.425915 0.195713 0.182854 0.298755 0.393813 0.385806 
0.343211 0.366868 0.383075 0.401113 0.387737 0.336164 0.443157 0.489922 0.452851 0.372969 
0.292364 0.297674 0.348827 0.409002 0.358631 0.328467 0.363724 0.392985 0.441908 0.530361 
0.387307 0.343198 0.419090 0.350050 0.366797 0.379607 0.319430 0.360639 0.436429 0.453433 
0.268462 0.192183 0.198126 0.285284 0.330785 0.295893 0.236383 0.246465 0.251641 0.300728 
0.349268 0.350518 0.350709 0.349697 0.381394 0.382504 0.431689 0.454822 0.385219 0.414098 
0.403202 0.283586 0.345913 0.412070 0.362854 0.323790 0.304697 0.351341 0.471333 0.456124 
0.320736 0.315073 0.382338 0.349351 0.378472 0.358593 0.354185 0.379939 0.421471 0.454894 
0.428670 0.351728 0.156492 0.433528 0.344308 0.193581 0.472364 0.677686 0.310821 0.265674 
0.260549 0.327279 0.347205 0.349524 0.348876 0.385885 0.452191 0.397837 0.321821 0.351704 
0.379086 0.337894 0.316940 0.363679 0.371236 0.345467 0.340820 0.324653 0.366492 0.331191 
0.305517 0.380028 0.335935 0.325189 0.382377 0.340847 0.282372 0.281619 0.406041 0.467566 
0.488629 0.433268 0.324047 0.480989 0.126843 0.041164 0.279182 0.762186 0.518931 0.194362 
0.220435 0.292225 0.309897 0.350833 0.313815 0.351881 0.460942 0.459849 0.336025 0.284828 
0.340191 0.361556 0.276655 0.302459 0.326699 0.369375 0.397923 0.317519 0.296353 0.333932 
0.361519 0.415946 0.298170 0.258322 0.327025 0.268943 0.216851 0.313899 0.331459 0.454612 
0.492864 0.827417 0.510556 0.293710 0.074793 0.150632 0.121715 0.670351 0.833721 0.280738 
0.211281 0.194489 0.291969 0.367386 0.295400 0.319478 0.368778 0.364689 0.318470 0.322237 
0.335759 0.357536 0.290646 0.291997 0.319611 0.390301 0.359903 0.287387 0.334815 0.382207 
0.336073 0.307849 0.278593 0.267396 0.288534 0.205806 0.256804 0.280803 0.235518 0.375408 
0.279205 0.618882 0.447377 0.130259 0.187966 0.266290 0.204015 0.561518 0.703556 0.358314 
0.441251 0.214564 0.229891 0.371846 0.340217 0.295065 0.292674 0.288396 0.326452 0.342539 
0.334068 0.316669 0.287141 0.356585 0.404082 0.411415 0.389675 0.372358 0.337987 0.309852 
0.273823 0.279932 0.255348 0.216215 0.181095 0.206276 0.368051 0.500479 0.098214 0.213934 
0.269002 0.422824 0.469120 0.117946 0.316610 0.407282 0.130987 0.431398 0.665873 0.664831 
0.728163 0.315837 0.191217 0.354821 0.363738 0.284529 0.275723 0.306337 0.350236 0.367502 
0.417231 0.390992 0.296825 0.387865 0.459596 0.383785 0.315496 0.284153 0.324052 0.311620 
0.252382 0.212447 0.206757 0.237385 0.273210 0.353785 0.702629 0.417210 0.023013 0.093161 
0.342638 0.408906 0.627222 0.260108 0.355677 0.280007 0.194255 0.687402 0.389087 0.721475 
0.875086 0.268829 0.235044 0.292950 0.356805 0.242045 0.330077 0.239181 0.265885 0.319200 
0.360057 0.463257 0.360965 0.405295 0.387779 0.330906 0.222265 0.216320 0.322161 0.237952 
0.190262 0.183444 0.355679 0.395760 0.322408 0.413372 0.678514 0.211270 0.024032 0.234660 
0.313652 0.336175 0.673295 0.342255 0.146777 0.318942 0.388709 0.718559 0.521490 0.644283 
0.846664 0.123233 0.175639 0.224880 0.225580 0.186833 0.476389 0.288481 0.439599 0.168479 
0.133814 0.181338 0.182697 0.212343 0.216630 0.270761 0.299580 0.183740 0.134885 0.166047 
0.474661 0.401356 0.087049 0.389903 0.436200 0.524777 0.721840 0.170822 0.240513 0.459542 
0.356045 0.504025 0.341108 0.287404 0.197361 0.677920 0.643416 0.596919 0.385256 0.393976 
0.747493 0.121892 0.186870 0.223064 0.168516 0.264286 0.732778 0.445230 0.614060 0.202265 
0.128625 0.164892 0.287961 0.278921 0.183866 0.102021 0.136500 0.145158 0.160658 0.474713 
0.704584 0.172774 0.030327 0.117056 0.460533 0.451778 0.628070 0.405494 0.426319 0.493032 
0.406192 0.424548 0.466309 0.486354 0.639846 0.628525 0.789961 0.543838 0.452831 0.331574 
0.712345 0.191832 0.215289 0.223146 0.198540 0.493318 0.892616 0.197982 0.608280 0.222955 
0.118702 0.344755 0.502365 0.212732 0.431519 0.179296 0.128221 0.586730 0.341317 0.312190 
0.479484 0.108520 0.040261 0.226794 0.554533 0.779692 0.386908 0.339351 0.540607 0.501745 
0.592484 0.311344 0.455174 0.487300 0.380624 0.467818 0.613940 0.621277 0.121766 0.533602 
0.672520 0.147927 0.146427 0.215141 0.206575 0.624610 0.795445 0.106932 0.624971 0.275302 
0.370972 0.458186 0.167158 0.047475 0.482893 0.655462 0.287091 0.697464 0.292587 0.473207 
0.326409 0.149222 0.202289 0.305752 0.785973 0.841374 0.529883 0.155264 0.174462 0.460120 
0.323484 0.325249 0.292338 0.405986 0.435739 0.551283 0.410144 0.532669 0.228795 0.483429 
0.768822 0.579089 0.398603 0.420367 0.361782 0.566899 0.679893 0.102163 0.342339 0.163647 
0.361156 0.400148 0.063781 0.120107 0.630983 0.723619 0.368757 0.623957 0.081524 0.390815 
0.379204 0.279451 0.478566 0.420586 0.570980 0.853313 0.502812 0.134364 0.138688 0.586687 
0.346999 0.492296 0.332505 0.208831 0.418703 0.692882 0.290505 0.375858 0.616248 0.379755 
0.567484 0.291820 0.273430 0.232554 0.391706 0.382100 0.424089 0.255489 0.495737 0.221920 
0.203304 0.209524 0.200006 0.520756 0.475739 0.589266 0.516756 0.624412 0.125995 0.316106 
0.427686 0.536375 0.475278 0.317209 0.330708 0.678519 0.350106 0.142182 0.251697 0.657964 
0.424885 0.566922 0.552527 0.130654 0.309376 0.701657 0.619344 0.464626 0.404122 0.388248 
0.308536 0.182847 0.191087 0.340931 0.403830 0.372263 0.150907 0.066374 0.272145 0.452002 
0.189706 0.271260 0.305142 0.486773 0.433968 0.711884 0.605377 0.190287 0.283410 0.514835 
0.445250 0.282309 0.713525 0.297870 0.185734 0.385396 0.302330 0.135204 0.320890 0.657826 
0.566498 0.475276 0.409371 0.233690 0.315100 0.409567 0.359664 0.665520 0.318621 0.203058 
0.436633 0.258773 0.359224 0.465804 0.715949 0.328082 0.298222 0.372904 0.543762 0.757085 
0.203610 0.644676 0.231545 0.424061 0.196270 0.669882 0.555732 0.258105 0.145651 0.342217 
0.479498 0.320900 0.417796 0.245892 0.257408 0.369362 0.209200 0.137348 0.403483 0.639697 
0.477776 0.205519 0.264023 0.515596 0.621964 0.202309 0.207686 0.621955 0.254985 0.334448 
0.479789 0.500889 0.289393 0.278020 0.337968 0.164545 0.525743 0.613014 0.163888 0.188878 
0.396275 0.847777 0.272436 0.039709 0.282234 0.576176 0.497227 0.424387 0.053472 0.293220 
0.550804 0.219996 0.178124 0.198607 0.202650 0.373862 0.108720 0.213714 0.604507 0.215232 
0.333872 0.394182 0.352254 0.647660 0.522301 0.224396 0.281452 0.602107 0.371826 0.520026 
0.267207 0.400032 0.235884 0.123007 0.142430 0.452606 0.679658 0.433474 0.115205 0.110197 
0.451756 0.494573 0.360685 0.176408 0.482813 0.399156 0.317528 0.430655 0.112639 0.221266 
0.427672 0.210986 0.204424 0.181310 0.337291 0.557339 0.153095 0.334348 0.638412 0.166347 
0.321605 0.532341 0.218222 0.672302 0.337427 0.107382 0.611173 0.912393 0.543703 0.347981 
0.221736 0.254182 0.164265 0.084727 0.156292 0.483222 0.195605 0.380010 0.535789 0.182210 
0.104521 0.229439 0.339881 0.502688 0.678202 0.112036 0.184010 0.345340 0.301746 0.268391 
0.372736 0.226146 0.471690 0.399860 0.656923 0.340512 0.062539 0.648300 0.388019 0.294513 
0.240937 0.326713 0.223239 0.651592 0.230506 0.085219 0.590149 0.851308 0.530852 0.161258 
0.148440 0.355707 0.134804 0.119385 0.232719 0.158851 0.120019 0.118080 0.314669 0.193108 
0.140364 0.284199 0.386173 0.559019 0.566168 0.103232 0.150015 0.488166 0.249992 0.380834 
0.575037 0.125001 0.435292 0.211469 0.245059 0.112738 0.155785 0.258050 0.261683 0.393987 
0.282658 0.174065 0.396076 0.530692 0.301181 0.142683 0.697853 0.683969 0.586668 0.086867 
0.245792 0.368872 0.174872 0.337751 0.640217 0.309480 0.488335 0.161794 0.306134 0.451888 
0.246411 0.208338 0.173965 0.192824 0.267310 0.268596 0.198358 0.342599 0.426544 0.622773 
0.547315 0.242097 0.400966 0.464942 0.266565 0.324857 0.262893 0.222956 0.338253 0.466290 
0.186258 0.294505 0.328784 0.326555 0.414501 0.392178 0.314634 0.376500 0.409308 0.417786 
0.410611 0.381910 0.336052 0.234827 0.353782 0.360470 0.438532 0.453691 0.448289 0.468792 
0.515792 0.449047 0.424636 0.453220 0.441102 0.446638 0.439842 0.432978 0.448632 0.397391 
0.302372 0.400581 0.380223 0.434481 0.431679 0.435858 0.418227 0.413782 0.309729 0.209618 
0.102789 0.138957 0.236574 0.286168 0.329381 0.267283 0.279245 0.376904 0.298537 0.282429 
0.351020 0.336731 0.239870 0.219558 0.432584 0.248550 0.278399 0.311374 0.364498 0.353710 
0.379252 0.373126 0.383526 0.406596 0.387039 0.411361 0.390261 0.380161 0.359558 0.275512 
0.210060 0.269953 0.316646 0.357460 0.369474 0.391577 0.392721 0.367352 0.221389 0.190528 
0.100067 0.075460 0.188173 0.287886 0.262685 0.181034 0.269290 0.292937 0.245995 0.229863 
0.258450 0.294631 0.172434 0.173401 0.468701 0.262058 0.218369 0.215466 0.205669 0.230105 
0.214607 0.291128 0.301342 0.308205 0.285363 0.294615 0.310069 0.282848 0.213229 0.217655 
0.269119 0.244622 0.269433 0.240708 0.264939 0.273923 0.262786 0.231382 0.146361 0.259618 
0.159512 0.105291 0.211852 0.363965 0.471819 0.215612 0.263903 0.251019 0.309817 0.272428 
0.272759 0.263833 0.202353 0.306766 0.536726 0.440413 0.360802 0.255524 0.209508 0.205260 
0.189911 0.311878 0.318184 0.323376 0.322903 0.329417 0.333821 0.277880 0.240441 0.292802 
0.362981 0.336416 0.329834 0.293388 0.260706 0.243162 0.206418 0.208438 0.201627 0.274764 
0.204902 0.120040 0.198373 0.231964 0.128478 0.281387 0.301132 0.349022 0.438641 0.304719 
0.331611 0.305564 0.379153 0.500614 0.492343 0.533418 0.489831 0.343358 0.271020 0.291503 
0.298286 0.303375 0.329050 0.373569 0.440626 0.368128 0.369865 0.404326 0.391288 0.344774 
0.398979 0.399714 0.372321 0.351908 0.363039 0.337067 0.292517 0.307259 0.305777 0.306155 
0.187005 0.130548 0.251688 0.185134 0.115272 0.220765 0.369964 0.328396 0.351467 0.337838 
0.361654 0.385050 0.376099 0.538613 0.415125 0.458325 0.421787 0.442228 0.410312 0.414381 
0.370950 0.311160 0.281433 0.345379 0.363279 0.412078 0.374893 0.386408 0.400749 0.335182 
0.303237 0.347813 0.367565 0.373489 0.401942 0.395976 0.321578 0.332122 0.329602 0.305125 
0.185966 0.187338 0.275742 0.230267 0.276058 0.351067 0.475501 0.329832 0.302653 0.338476 
0.419618 0.367506 0.386961 0.431813 0.393412 0.423204 0.388649 0.493220 0.393853 0.461908 
0.438610 0.372057 0.284088 0.303183 0.268891 0.287185 0.371224 0.324977 0.313533 0.319039 
0.331465 0.319089 0.372869 0.372577 0.423797 0.457386 0.376571 0.351973 0.313467 0.344443 
0.209007 0.196060 0.375145 0.355990 0.365852 0.322059 0.351093 0.347962 0.336513 0.408792 
0.398888 0.496854 0.452643 0.405328 0.304935 0.286112 0.342279 0.400315 0.395667 0.398583 
0.340625 0.340330 0.316511 0.332228 0.332787 0.307781 0.357999 0.330580 0.287506 0.362323 
0.373750 0.354255 0.350906 0.400577 0.363077 0.380735 0.346587 0.429317 0.396636 0.328685 
0.189787 0.220389 0.448704 0.397545 0.280821 0.316657 0.339775 0.336882 0.413051 0.436013 
0.357006 0.517083 0.463635 0.418274 0.373029 0.301430 0.329684 0.365196 0.388384 0.335025 
0.344896 0.338950 0.372025 0.336653 0.311767 0.388858 0.423591 0.324074 0.359991 0.362118 
0.357263 0.364641 0.415939 0.348871 0.359406 0.353588 0.375909 0.367124 0.314939 0.308308 
0.204747 0.258160 0.300572 0.285257 0.313550 0.334945 0.366526 0.315470 0.375431 0.436920 
0.334185 0.494280 0.553939 0.392460 0.355450 0.429252 0.444711 0.368768 0.319766 0.297940 
0.354086 0.393328 0.304699 0.338181 0.363365 0.418739 0.337075 0.335154 0.392357 0.363812 
0.310888 0.365637 0.428715 0.351738 0.319131 0.342813 0.354828 0.306258 0.290750 0.336171 
0.221378 0.307455 0.334836 0.307671 0.352577 0.308073 0.328036 0.255214 0.358170 0.416945 
0.469433 0.505879 0.479748 0.454577 0.422274 0.504617 0.420457 0.387919 0.383028 0.302778 
0.311032 0.348974 0.359914 0.339027 0.408090 0.371149 0.329903 0.405929 0.456876 0.400332 
0.321125 0.321465 0.343378 0.322419 0.340832 0.356268 0.298014 0.290933 0.237184 0.342873 
0.217538 0.347699 0.401524 0.324549 0.398144 0.397366 0.340555 0.334890 0.333080 0.468531 
0.396544 0.367000 0.364294 0.477461 0.517826 0.567270 0.500860 0.325283 0.351384 0.405179 
0.384666 0.389715 0.412024 0.452716 0.479149 0.397514 0.381789 0.497694 0.430203 0.401896 
0.398210 0.341041 0.337735 0.357839 0.364655 0.375060 0.343779 0.264770 0.155308 0.248217 
0.234692 0.275072 0.463033 0.391516 0.358976 0.487779 0.498484 0.426143 0.357069 0.452670 
0.338418 0.244262 0.193302 0.178457 0.623609 0.891573 0.649348 0.438727 0.376633 0.432832 
0.326754 0.355226 0.406829 0.451937 0.483788 0.434111 0.404221 0.377413 0.322526 0.459563 
0.523750 0.396418 0.372479 0.389629 0.360899 0.305193 0.308107 0.277557 0.101690 0.225146 
0.229425 0.224936 0.374320 0.405364 0.379636 0.519061 0.599691 0.460533 0.355194 0.362851 
0.231654 0.244524 0.154175 0.125707 0.250356 0.422962 0.151020 0.048779 0.199659 0.324483 
0.296506 0.384762 0.427947 0.410173 0.292804 0.284795 0.385516 0.333679 0.307709 0.394928 
0.492036 0.421689 0.388174 0.407434 0.312573 0.265314 0.273791 0.301100 0.147831 0.224602 
0.214600 0.252577 0.356321 0.364877 0.363975 0.459228 0.533327 0.543332 0.353833 0.359715 
0.367832 0.302399 0.271020 0.424507 0.236353 0.006504 0.075394 0.308238 0.225224 0.247443 
0.397416 0.398849 0.374254 0.354013 0.296209 0.292578 0.334186 0.367726 0.345504 0.357590 
0.440731 0.391748 0.361861 0.432485 0.392401 0.315535 0.334208 0.368697 0.342701 0.317513 
0.201416 0.292129 0.379291 0.354161 0.321718 0.380149 0.388868 0.442531 0.383176 0.437184 
0.420624 0.350583 0.391826 0.577228 0.342425 0.017233 0.210057 0.572785 0.263685 0.323982 
0.390512 0.381091 0.361043 0.321820 0.332781 0.345868 0.383884 0.462591 0.366256 0.293407 
0.366771 0.390033 0.410975 0.454098 0.363813 0.365643 0.395558 0.500557 0.582146 0.440500 
0.251583 0.245869 0.297910 0.332545 0.265837 0.372186 0.392145 0.415052 0.468289 0.475797 
0.402395 0.330994 0.418699 0.549166 0.428565 0.230316 0.539437 0.572841 0.344435 0.339486 
0.399072 0.389793 0.360225 0.319494 0.313490 0.353093 0.380227 0.437463 0.417408 0.345230 
0.323185 0.411153 0.340117 0.371083 0.400850 0.423027 0.424561 0.499955 0.532242 0.362921 
0.214663 0.254318 0.294651 0.338479 0.288757 0.271533 0.343574 0.534363 0.593788 0.432280 
0.324903 0.303513 0.351500 0.393954 0.295028 0.323350 0.350545 0.354087 0.226936 0.325203 
0.416465 0.368109 0.298514 0.318833 0.265266 0.336483 0.364662 0.412379 0.490778 0.427942 
0.403108 0.347797 0.337296 0.313732 0.356351 0.385421 0.364988 0.395581 0.432670 0.375847 
0.201934 0.215101 0.314486 0.453591 0.460835 0.373010 0.366004 0.479344 0.492560 0.434410 
0.410778 0.432610 0.393265 0.343521 0.332878 0.367393 0.331272 0.397213 0.442367 0.368846 
0.334769 0.328843 0.312513 0.303631 0.312809 0.302165 0.358608 0.431291 0.519458 0.553435 
0.415656 0.385557 0.403420 0.390714 0.392913 0.357448 0.314613 0.395507 0.391219 0.362459 
0.309707 0.294972 0.391302 0.600299 0.608185 0.470192 0.336843 0.284135 0.316150 0.408257 
0.481243 0.467115 0.374933 0.307511 0.327777 0.384938 0.407348 0.381239 0.451858 0.446395 
0.341024 0.355992 0.348411 0.352419 0.365240 0.371823 0.347843 0.365556 0.480576 0.467952 
0.450396 0.407005 0.389028 0.447801 0.475789 0.390957 0.429974 0.457622 0.435908 0.350966 
0.392973 0.336089 0.546669 0.451899 0.406244 0.471337 0.660766 0.449726 0.298516 0.332486 
0.427407 0.372442 0.361198 0.347356 0.371977 0.350612 0.361446 0.246010 0.325961 0.416373 
0.374945 0.388200 0.370197 0.402151 0.410847 0.406293 0.390783 0.346966 0.326553 0.311887 
0.302372 0.401013 0.401676 0.493717 0.527488 0.432701 0.406118 0.420031 0.480295 0.433892 
0.542971 0.297106 0.388105 0.247436 0.313823 0.596705 0.731514 0.663014 0.116935 0.168111 
0.379427 0.310663 0.372521 0.327952 0.290650 0.271431 0.329642 0.394324 0.366220 0.387907 
0.390218 0.363889 0.345229 0.418645 0.415116 0.453614 0.447635 0.359368 0.285774 0.314741 
0.412775 0.471788 0.438972 0.456095 0.466417 0.361728 0.333488 0.514377 0.613604 0.504870 
0.318818 0.246164 0.148953 0.351662 0.412421 0.337744 0.062316 0.062689 0.072928 0.031848 
0.183340 0.277348 0.362298 0.321754 0.265838 0.278812 0.345114 0.390120 0.466145 0.450336 
0.419991 0.360634 0.398479 0.447747 0.454685 0.470892 0.419248 0.405954 0.446235 0.485250 
0.451440 0.386748 0.397235 0.378866 0.325894 0.413648 0.552183 0.645110 0.531376 0.363367 
0.047414 0.062281 0.184192 0.094377 0.146031 0.027312 0.080619 0.027442 0.211624 0.386395 
0.236373 0.400866 0.438800 0.371247 0.296299 0.301417 0.384112 0.372274 0.404958 0.443975 
0.450005 0.444090 0.533360 0.537166 0.530491 0.514183 0.453353 0.495291 0.489928 0.385418 
0.391966 0.378519 0.401058 0.376332 0.352700 0.458005 0.578154 0.616103 0.343507 0.303388 
0.080769 0.223614 0.364953 0.110998 0.117559 0.053546 0.056216 0.216116 0.268675 0.653958 
0.078771 0.065377 0.311890 0.401190 0.398437 0.428245 0.467468 0.415613 0.385532 0.434492 
0.494940 0.474441 0.538625 0.535593 0.519627 0.544035 0.487256 0.487024 0.453768 0.415304 
0.406068 0.461373 0.350134 0.283039 0.414925 0.583890 0.610972 0.243979 0.166208 0.520846 
0.342074 0.308756 0.358178 0.305198 0.323479 0.566691 0.278492 0.671759 0.511908 0.218174 
0.081570 0.023460 0.215192 0.447852 0.482691 0.530222 0.494327 0.396766 0.495359 0.535384 
0.635315 0.572444 0.478954 0.426662 0.512668 0.427839 0.406655 0.432137 0.536635 0.513344 
0.501871 0.400304 0.447398 0.364994 0.505748 0.630652 0.411199 0.238079 0.234609 0.421929 
0.455881 0.362543 0.164978 0.113918 0.154919 0.488379 0.504591 0.371995 0.475478 0.256666 
0.107275 0.014772 0.166784 0.473559 0.457571 0.520358 0.589603 0.422451 0.421462 0.311475 
0.543783 0.522449 0.391896 0.417585 0.421589 0.447879 0.424972 0.418496 0.453982 0.446593 
0.528523 0.401662 0.634479 0.896481 0.637724 0.452780 0.265720 0.355056 0.237064 0.233939 
0.278856 0.261520 0.115175 0.154052 0.053781 0.134508 0.244176 0.304081 0.194220 0.159132 
0.103190 0.034166 0.180040 0.348874 0.453213 0.466923 0.503275 0.256036 0.318430 0.190997 
0.314682 0.398256 0.476982 0.397475 0.253580 0.322045 0.359620 0.419263 0.401127 0.354493 
0.351899 0.425354 0.250212 0.764165 0.572537 0.350872 0.260916 0.203071 0.122201 0.066993 
0.258783 0.238949 0.397815 0.463503 0.115511 0.089485 0.302622 0.200577 0.283692 0.442114 
0.354246 0.205420 0.390624 0.469023 0.392098 0.379740 0.157615 0.316283 0.307758 0.107551 
0.272398 0.288388 0.404297 0.512579 0.497304 0.329173 0.359371 0.397031 0.410451 0.365426 
0.326136 0.313976 0.017927 0.149688 0.758816 0.484625 0.165255 0.151408 0.047569 0.093558 
0.380971 0.394105 0.828801 0.581922 0.064570 0.064668 0.189543 0.138393 0.226939 0.080404 
0.357464 0.473460 0.386479 0.314450 0.325032 0.503728 0.229901 0.184191 0.130930 0.409134 
0.329991 0.352720 0.356061 0.364457 0.698399 0.128384 0.171939 0.328756 0.422542 0.404323 
0.146687 0.086248 0.030906 0.142856 0.656743 0.361899 0.228905 0.239543 0.218820 0.081821 
0.339761 0.371104 0.356923 0.388349 0.115056 0.038128 0.071942 0.160563 0.280237 0.091495 
0.178547 0.791736 0.423574 0.294735 0.457870 0.499969 0.242935 0.084014 0.203707 0.771820 
0.116306 0.093791 0.210336 0.570921 0.369130 0.355788 0.146206 0.351006 0.070749 0.204106 
0.414234 0.228338 0.056828 0.101010 0.131202 0.292129 0.271735 0.056784 0.118505 0.254939 
0.395948 0.229656 0.194630 0.311295 0.349433 0.148743 0.131681 0.199520 0.400385 0.078202 
0.035914 0.312936 0.270628 0.141271 0.402574 0.731038 0.410657 0.166727 0.514579 0.558195 
0.043290 0.095517 0.328972 0.593531 0.168930 0.534433 0.264324 0.217781 0.080154 0.057531 
0.501395 0.281241 0.260908 0.090240 0.203496 0.151916 0.241528 0.157619 0.236292 0.271522 
0.359429 0.328277 0.257207 0.129161 0.454987 0.373417 0.222083 0.337830 0.165496 0.089885 
0.143587 0.273283 0.192361 0.060349 0.155467 0.524760 0.643232 0.088616 0.027991 0.132713 
0.104662 0.262756 0.277200 0.222326 0.080539 0.513681 0.322840 0.233848 0.150207 0.188178 
0.498469 0.395374 0.680296 0.104121 0.138899 0.298469 0.577034 0.494634 0.439553 0.305687 
0.321699 0.198401 0.197629 0.349868 0.355749 0.200909 0.170778 0.141207 0.086408 0.199373 
0.352844 0.435129 0.376905 0.472042 0.398861 0.030947 0.707827 0.625087 0.155906 0.135781 
0.127429 0.542129 0.152769 0.011470 0.114746 0.481128 0.238094 0.412455 0.515954 0.385398 
0.207964 0.285730 0.176920 0.452591 0.489924 0.503426 0.387295 0.482855 0.626391 0.314453 
0.230507 0.218531 0.328155 0.424275 0.222212 0.188577 0.276556 0.130430 0.087152 0.226598 
0.287352 0.340381 0.340820 0.345615 0.272142 0.109723 0.361080 0.505304 0.507462 0.354142 
0.391599 0.453204 0.368424 0.065381 0.100674 0.464093 0.589717 0.095401 0.329208 0.528331 
0.312760 0.104800 0.183856 0.642482 0.573788 0.235120 0.236008 0.436145 0.453052 0.227430 
0.199012 0.410397 0.354842 0.477815 0.322764 0.454207 0.449191 0.272010 0.217559 0.325184 
0.214702 0.185104 0.279766 0.214085 0.269449 0.307222 0.149513 0.346781 0.345572 0.404952 
0.467535 0.464222 0.305493 0.707925 0.194185 0.171112 0.697557 0.590949 0.648348 0.319607 
0.206739 0.082078 0.199224 0.202716 0.344187 0.322357 0.274145 0.503292 0.154009 0.126851 
0.483777 0.347766 0.133874 0.256529 0.369551 0.592837 0.523470 0.481216 0.560986 0.642718 
0.292063 0.086015 0.222451 0.123921 0.399039 0.311927 0.099400 0.444746 0.620331 0.495739 
0.397305 0.334095 0.587915 0.571398 0.251800 0.214609 0.850299 0.829879 0.349940 0.141775 
0.327751 0.102773 0.145481 0.483760 0.526478 0.240259 0.459123 0.711321 0.228500 0.117508 
0.427779 0.405087 0.149049 0.023816 0.192762 0.545347 0.527344 0.393549 0.336671 0.334322 
0.394797 0.203663 0.269347 0.390108 0.636521 0.464964 0.307169 0.309458 0.210588 0.176083 
0.319477 0.310357 0.353974 0.261143 0.103101 0.096329 0.139522 0.306972 0.244251 0.353259 
0.425734 0.091275 0.103541 0.865331 0.680178 0.635302 0.274775 0.209826 0.577565 0.430105 
0.174971 0.208337 0.178018 0.137704 0.398476 0.582365 0.417884 0.260610 0.050582 0.210375 
0.409154 0.318362 0.285386 0.577437 0.655139 0.873938 0.734317 0.501522 0.324272 0.283916 
0.346576 0.171050 0.111752 0.156088 0.425371 0.605466 0.135010 0.145368 0.470713 0.661910 
0.445114 0.543675 0.446382 0.505896 0.396000 0.621545 0.560439 0.434833 0.728068 0.565847 
0.173030 0.507944 0.345771 0.321529 0.243755 0.188304 0.355033 0.295336 0.181426 0.664203 
0.519977 0.478250 0.545430 0.249957 0.152429 0.736127 0.761172 0.294663 0.242447 0.153640 
0.258246 0.204739 0.166087 0.137482 0.519445 0.593241 0.336767 0.289663 0.475284 0.515798 
0.318774 0.670538 0.557909 0.245684 0.243401 0.407133 0.321268 0.297969 0.380024 0.251487 
0.613791 0.230950 0.486244 0.571689 0.372664 0.387769 0.481641 0.607378 0.394826 0.465921 
0.432066 0.418177 0.480489 0.568858 0.755955 0.359623 0.447864 0.303722 0.295843 0.378260 
0.306953 0.431166 0.465703 0.353504 0.398626 0.344432 0.555520 0.441741 0.237520 0.390497 
0.679060 0.405633 0.470261 0.351421 0.360413 0.388348 0.394841 0.343342 0.299834 0.700189 
0.526652 0.185876 0.342586 0.292238 0.129583 0.137514 0.291752 0.338286 0.143265 0.216762 
0.214980 0.199408 0.274631 0.329997 0.370558 0.295579 0.241031 0.220470 0.200016 0.146426 
0.135511 0.139871 0.149515 0.119155 0.158481 0.120995 0.170463 0.150065 0.101528 0.184912 
0.401036 0.249350 0.189803 0.178370 0.114176 0.106757 0.121294 0.112466 0.229954 0.672241 
0.453074 0.195707 0.228235 0.183007 0.201268 0.225986 0.475383 0.313979 0.275405 0.284565 
0.280339 0.277425 0.291942 0.394190 0.231354 0.328587 0.230744 0.276339 0.284904 0.296087 
0.268639 0.213309 0.194478 0.215784 0.257692 0.251671 0.190495 0.202420 0.277719 0.308736 
0.227012 0.288894 0.209694 0.276212 0.257764 0.382478 0.293180 0.176465 0.352549 0.771942 
0.449042 0.215293 0.132369 0.172309 0.505560 0.293946 0.302144 0.379586 0.291481 0.305443 
0.307937 0.297912 0.296793 0.572774 0.119989 0.174141 0.168113 0.230565 0.299779 0.293052 
0.280662 0.227214 0.226973 0.218385 0.180940 0.232174 0.186966 0.213082 0.292071 0.278972 
0.209524 0.226284 0.248662 0.183676 0.257100 0.365642 0.263830 0.176904 0.287610 0.754447 
0.483237 0.241769 0.187058 0.318456 0.719737 0.335849 0.299401 0.422313 0.277207 0.402383 
0.301636 0.193102 0.225356 0.445734 0.150504 0.159556 0.103216 0.148403 0.289945 0.196336 
0.354150 0.197751 0.183753 0.190609 0.153294 0.162392 0.187732 0.242959 0.221442 0.214291 
0.294347 0.247215 0.238507 0.188964 0.217536 0.211372 0.230348 0.186874 0.222760 0.679304 
0.486182 0.259484 0.193467 0.337312 0.358082 0.331461 0.339970 0.230262 0.226682 0.490919 
0.188020 0.155677 0.268310 0.230736 0.202611 0.165120 0.115872 0.185822 0.177754 0.215976 
0.398143 0.216664 0.190474 0.213026 0.183123 0.373663 0.253873 0.221590 0.218176 0.233877 
0.248095 0.261653 0.211619 0.237840 0.195450 0.181478 0.232249 0.201365 0.287778 0.673067 
0.464584 0.187167 0.178254 0.296095 0.184938 0.213257 0.227049 0.168635 0.153832 0.390112 
0.206392 0.232006 0.597210 0.157816 0.263588 0.165814 0.192674 0.235572 0.205810 0.316826 
0.268688 0.217934 0.209068 0.153477 0.184299 0.491950 0.320265 0.206541 0.185653 0.320004 
0.215693 0.216952 0.213687 0.232075 0.221998 0.236729 0.229261 0.137822 0.289133 0.681329 
0.443235 0.186986 0.218248 0.322112 0.218904 0.170384 0.158457 0.237604 0.172719 0.143599 
0.275878 0.252924 0.391104 0.124238 0.229988 0.204954 0.249143 0.235926 0.229094 0.187048 
0.246456 0.229183 0.229048 0.189221 0.241214 0.191977 0.236190 0.240101 0.162508 0.200083 
0.240628 0.200635 0.204938 0.313407 0.230463 0.211483 0.251683 0.229574 0.258927 0.647978 
0.455328 0.256115 0.266413 0.308313 0.235104 0.284608 0.249449 0.361640 0.296844 0.143129 
0.205738 0.215311 0.128628 0.160249 0.248052 0.234089 0.233200 0.236418 0.228002 0.184275 
0.211004 0.201726 0.361834 0.257578 0.332159 0.176301 0.166898 0.224496 0.234315 0.147948 
0.224938 0.173508 0.188340 0.267131 0.187897 0.176273 0.276176 0.234644 0.207744 0.621511 
0.480805 0.230855 0.250083 0.268262 0.223937 0.369889 0.326906 0.352117 0.282597 0.225913 
0.324853 0.194152 0.177778 0.221730 0.256055 0.213997 0.160172 0.140277 0.193921 0.273147 
0.232871 0.168499 0.317325 0.425950 0.245674 0.136187 0.150211 0.329881 0.231890 0.188366 
0.233392 0.212340 0.211226 0.228037 0.181826 0.206675 0.267244 0.160589 0.238166 0.618573 
0.465000 0.211310 0.195858 0.271700 0.183521 0.301674 0.252252 0.341628 0.217764 0.193804 
0.431082 0.140329 0.188355 0.224797 0.217267 0.110894 0.110889 0.253425 0.355419 0.366078 
0.177006 0.150354 0.206866 0.305057 0.186351 0.132360 0.178313 0.303221 0.161316 0.191213 
0.225416 0.241049 0.204077 0.246129 0.219878 0.227051 0.190030 0.141826 0.364123 0.653574 
0.454684 0.191139 0.168174 0.241902 0.240955 0.258095 0.164005 0.341893 0.260133 0.148369 
0.186433 0.240553 0.255290 0.300917 0.231524 0.079240 0.079339 0.292927 0.500539 0.376098 
0.206333 0.146838 0.213267 0.167488 0.179362 0.171557 0.293455 0.299901 0.201920 0.151721 
0.240230 0.270203 0.201955 0.201635 0.229219 0.237694 0.204091 0.113577 0.521042 0.671989 
0.440077 0.208289 0.212137 0.262822 0.250169 0.204780 0.148385 0.310600 0.357115 0.156042 
0.187921 0.369979 0.388272 0.475173 0.432671 0.054640 0.073282 0.363513 0.316159 0.237277 
0.243518 0.187564 0.221507 0.223378 0.371142 0.295741 0.243212 0.236282 0.221586 0.240594 
0.237483 0.264554 0.189663 0.152330 0.251186 0.340770 0.294603 0.127208 0.544424 0.733162 
0.478356 0.194596 0.157008 0.410556 0.244290 0.205186 0.191916 0.201332 0.291863 0.206416 
0.383736 0.386827 0.512469 0.501687 0.024617 0.036009 0.100280 0.635994 0.346728 0.163436 
0.203660 0.209782 0.232474 0.224152 0.381535 0.307270 0.173649 0.179469 0.164412 0.268386 
0.207522 0.300073 0.283183 0.165725 0.283085 0.360811 0.258843 0.128100 0.425802 0.747307 
0.465863 0.250452 0.148284 0.259826 0.252752 0.213620 0.304003 0.260857 0.228550 0.235925 
0.419265 0.275234 0.359101 0.444417 0.087920 0.410142 0.505587 0.257189 0.188968 0.225474 
0.265036 0.273445 0.229014 0.232535 0.205821 0.244541 0.215214 0.189670 0.230720 0.203712 
0.142314 0.235404 0.296991 0.205734 0.306564 0.260325 0.233998 0.130688 0.298517 0.668018 
0.466143 0.250011 0.186777 0.196398 0.270062 0.238846 0.219070 0.193207 0.300517 0.161328 
0.205635 0.284471 0.264703 0.327105 0.141715 0.462657 0.412676 0.317715 0.196719 0.254350 
0.207534 0.236215 0.184574 0.164703 0.216027 0.235818 0.223821 0.146072 0.294420 0.304724 
0.163884 0.149085 0.337603 0.264998 0.261908 0.280716 0.276810 0.155637 0.233455 0.556690 
0.483620 0.198051 0.161223 0.197319 0.394432 0.230328 0.139437 0.177874 0.363360 0.168450 
0.163775 0.262809 0.233473 0.196578 0.207766 0.300651 0.193470 0.222214 0.386753 0.288922 
0.184053 0.154793 0.204530 0.206258 0.291557 0.232775 0.262758 0.181204 0.348530 0.444747 
0.204583 0.167811 0.228357 0.238458 0.212821 0.286673 0.266691 0.209485 0.139354 0.502242 
0.485811 0.237326 0.193054 0.177260 0.361756 0.256686 0.139518 0.244155 0.202782 0.146967 
0.234908 0.264778 0.210428 0.198814 0.211057 0.224412 0.181823 0.173796 0.347743 0.337941 
0.193696 0.172706 0.208793 0.264186 0.288890 0.259924 0.254788 0.229492 0.224603 0.321593 
0.206057 0.198858 0.155142 0.177373 0.214496 0.207906 0.265161 0.227176 0.140972 0.555786 
0.463369 0.213350 0.173972 0.223321 0.262465 0.307894 0.151655 0.169657 0.166690 0.177317 
0.278544 0.258668 0.209536 0.221727 0.235729 0.199413 0.209040 0.212942 0.165407 0.249808 
0.187043 0.190869 0.222549 0.218542 0.241753 0.201825 0.281780 0.223210 0.120964 0.155798 
0.179040 0.186572 0.209756 0.184711 0.176243 0.232072 0.268769 0.218207 0.206743 0.610030 
0.308803 0.148950 0.159166 0.157928 0.150658 0.271165 0.209102 0.237691 0.249531 0.266589 
0.244905 0.205320 0.200374 0.220981 0.325905 0.219333 0.191349 0.314046 0.173995 0.232452 
0.181526 0.162944 0.162718 0.195896 0.258571 0.188185 0.222090 0.245122 0.153455 0.232216 
0.244314 0.173038 0.277322 0.272676 0.217230 0.312569 0.352897 0.275132 0.256075 0.626692 
0.233953 0.200311 0.374261 0.231159 0.213199 0.150095 0.046655 0.084851 0.155196 0.334739 
0.214861 0.194803 0.192760 0.225236 0.229693 0.199762 0.189437 0.282935 0.197698 0.205784 
0.372145 0.168745 0.159250 0.189662 0.198443 0.196482 0.184409 0.192252 0.233698 0.278677 
0.247316 0.235084 0.374233 0.339840 0.269444 0.298063 0.362781 0.270789 0.313379 0.615920 
0.184312 0.115064 0.443787 0.439665 0.284668 0.034158 0.004000 0.015353 0.212001 0.449762 
0.230869 0.207817 0.230002 0.240448 0.190773 0.171025 0.191038 0.245826 0.217429 0.185665 
0.281803 0.235037 0.245560 0.198681 0.198428 0.206593 0.231713 0.202459 0.223370 0.243067 
0.222229 0.377370 0.376513 0.281296 0.270954 0.254733 0.295641 0.190452 0.193128 0.550348 
0.212699 0.415729 0.517146 0.696851 0.079593 0.015810 0.008564 0.056780 0.330173 0.612242 
0.320557 0.354072 0.190843 0.237953 0.235084 0.169187 0.193601 0.360361 0.200222 0.147876 
0.153366 0.242029 0.263807 0.225959 0.222772 0.221210 0.285799 0.278036 0.237603 0.232729 
0.272279 0.331811 0.315285 0.230044 0.259491 0.244636 0.278167 0.151507 0.169552 0.668956 
0.094384 0.747269 0.830698 0.432996 0.025242 0.319857 0.177187 0.371142 0.397653 0.466288 
0.201103 0.393999 0.173963 0.194619 0.220530 0.269516 0.245040 0.214184 0.218031 0.289910 
0.217509 0.337013 0.332031 0.255603 0.258995 0.224574 0.270960 0.248317 0.288041 0.333433 
0.281982 0.196338 0.246042 0.259265 0.290251 0.337172 0.302087 0.182296 0.149921 0.449695 
0.112461 0.621587 0.249240 0.125888 0.010711 0.203861 0.330544 0.243533 0.184632 0.187577 
0.423232 0.601072 0.258802 0.179523 0.250360 0.308470 0.244306 0.178686 0.248782 0.364630 
0.283586 0.351239 0.258263 0.255066 0.297624 0.304820 0.245798 0.271552 0.261397 0.310584 
0.227461 0.239594 0.255009 0.418873 0.407160 0.315174 0.295369 0.181886 0.310738 0.259063 
0.455927 0.273821 0.125511 0.266976 0.025712 0.147797 0.193512 0.387300 0.090259 0.113189 
0.369592 0.847539 0.419739 0.203916 0.301424 0.310592 0.203710 0.340841 0.395175 0.325758 
0.163461 0.227964 0.170004 0.221867 0.217025 0.237515 0.256353 0.265548 0.266416 0.271672 
0.288908 0.407210 0.268265 0.457102 0.313149 0.195151 0.216174 0.362522 0.037723 0.597538 
0.268419 0.112136 0.175437 0.451295 0.192592 0.102769 0.117916 0.402089 0.117301 0.039532 
0.177113 0.906268 0.470297 0.244345 0.238018 0.302078 0.217920 0.514035 0.221038 0.256565 
0.109815 0.144006 0.164565 0.256532 0.265240 0.182688 0.242961 0.175396 0.174597 0.324484 
0.443560 0.319268 0.030924 0.017857 0.143489 0.496038 0.523983 0.102373 0.116943 0.589906 
0.135393 0.254119 0.251135 0.711757 0.319394 0.338239 0.303607 0.475478 0.295433 0.135029 
0.076470 0.616742 0.170335 0.247003 0.307299 0.316038 0.352693 0.520867 0.133553 0.224352 
0.230224 0.175480 0.181200 0.187942 0.189185 0.152782 0.211113 0.183128 0.129215 0.240407 
0.231661 0.107948 0.035447 0.001122 0.221329 0.634304 0.607778 0.144711 0.595751 0.621899 
0.197534 0.505082 0.186872 0.515103 0.151842 0.433077 0.476940 0.432316 0.243328 0.180098 
0.094170 0.353817 0.097583 0.349177 0.437518 0.449590 0.567700 0.297814 0.160553 0.376644 
0.310829 0.407429 0.175958 0.027107 0.029850 0.068402 0.349795 0.255956 0.091602 0.132230 
0.577899 0.551703 0.059655 0.038035 0.233564 0.427480 0.149815 0.431719 0.588147 0.682871 
0.190904 0.214745 0.332640 0.292192 0.149458 0.519989 0.786224 0.750802 0.193429 0.259588 
0.086014 0.362448 0.203251 0.372418 0.539590 0.487943 0.617606 0.129472 0.057601 0.692390 
0.364720 0.338396 0.325583 0.115797 0.024946 0.355325 0.342723 0.211925 0.252965 0.315735 
0.762719 0.679749 0.046901 0.031327 0.221976 0.477542 0.518228 0.271969 0.312939 0.836318 
0.256983 0.184723 0.488545 0.365395 0.149613 0.496046 0.866266 0.595352 0.235269 0.398757 
0.488677 0.421798 0.216664 0.232300 0.424044 0.292419 0.808485 0.156127 0.057944 0.199366 
0.516178 0.779200 0.547230 0.056115 0.101040 0.293222 0.601478 0.397535 0.434766 0.766830 
0.792408 0.214678 0.134752 0.046822 0.156896 0.513638 0.499639 0.390392 0.244150 0.669609 
0.197448 0.467547 0.192135 0.208109 0.366465 0.315011 0.301261 0.302951 0.602963 0.184966 
0.939247 0.947860 0.365307 0.169464 0.481577 0.133670 0.588355 0.257937 0.136383 0.064455 
0.280055 0.675018 0.563823 0.061821 0.040245 0.437714 0.564524 0.393024 0.189837 0.700758 
0.770942 0.108358 0.218272 0.220034 0.128171 0.865425 0.614568 0.203004 0.532167 0.604784 
0.173018 0.368765 0.326974 0.230976 0.118355 0.083024 0.124528 0.183680 0.826741 0.605507 
0.868485 0.879733 0.447934 0.185263 0.435013 0.099087 0.227122 0.723198 0.717227 0.074917 
0.088124 0.282926 0.131180 0.157720 0.208924 0.528478 0.474876 0.541267 0.285826 0.839505 
0.392211 0.078673 0.416668 0.407437 0.194209 0.413014 0.441546 0.369039 0.428710 0.604036 
0.138965 0.586213 0.810414 0.162967 0.071335 0.092576 0.146006 0.806154 0.599910 0.638590 
0.784897 0.661219 0.689575 0.035337 0.150309 0.237577 0.502377 0.842729 0.684696 0.040658 
0.150242 0.249060 0.068146 0.375317 0.321423 0.845819 0.588402 0.235661 0.504513 0.804655 
0.266984 0.251208 0.370642 0.253953 0.069599 0.080624 0.382370 0.288083 0.114510 0.662430 
0.169072 0.722329 0.373514 0.439925 0.101101 0.316745 0.168526 0.391838 0.465109 0.377320 
0.398791 0.609829 0.690107 0.046034 0.050401 0.500338 0.948463 0.943794 0.210471 0.160764 
0.887523 0.668722 0.214914 0.093402 0.885912 0.900971 0.301902 0.393041 0.315140 0.584880 
0.609846 0.778585 0.150176 0.059236 0.061127 0.109882 0.602614 0.509701 0.111390 0.657823 
0.223819 0.494350 0.166866 0.281002 0.158812 0.518220 0.127043 0.096228 0.248310 0.066763 
0.199882 0.831892 0.810394 0.150921 0.076448 0.501635 0.902426 0.596539 0.242709 0.253295 
0.643469 0.224442 0.349037 0.189737 0.594226 0.719352 0.222760 0.389543 0.341194 0.478597 
0.651535 0.887197 0.135041 0.092180 0.317164 0.396007 0.444296 0.226720 0.203205 0.892145 
0.138311 0.292450 0.212203 0.280469 0.385015 0.602523 0.147616 0.066241 0.118675 0.037275 
0.164395 0.595848 0.626636 0.201035 0.211902 0.356368 0.555062 0.588795 0.419319 0.188012 
0.189453 0.082923 0.136841 0.773404 0.795388 0.673539 0.318918 0.517882 0.298546 0.539892 
0.488319 0.925308 0.687396 0.475736 0.237472 0.314096 0.282805 0.312448 0.233231 0.801825 
0.158202 0.640122 0.140495 0.377677 0.605723 0.345514 0.192852 0.098165 0.267245 0.222797 
0.288979 0.475223 0.431045 0.494203 0.323721 0.287812 0.638645 0.421221 0.484716 0.286509 
0.157645 0.099919 0.164488 0.628883 0.822367 0.862326 0.641057 0.751028 0.147036 0.260238 
0.310988 0.831422 0.933249 0.625372 0.043887 0.130156 0.456095 0.652189 0.465229 0.646739 
0.171209 0.851433 0.150165 0.107396 0.699222 0.566775 0.222056 0.223624 0.496544 0.278746 
0.302165 0.734674 0.727723 0.863847 0.272824 0.042254 0.239365 0.151344 0.267219 0.516217 
0.288534 0.471304 0.627500 0.782187 0.539232 0.728768 0.523810 0.843549 0.210125 0.254016 
0.613393 0.378825 0.924468 0.388265 0.105314 0.178279 0.434357 0.334323 0.395051 0.655267 
0.355898 0.748086 0.339183 0.274306 0.731708 0.877289 0.533958 0.549261 0.350573 0.355170 
0.507175 0.804571 0.793769 0.861367 0.772721 0.129851 0.098782 0.395000 0.769529 0.794921 
0.746224 0.764413 0.855800 0.757650 0.487613 0.420743 0.330601 0.605415 0.193147 0.254892 
0.341269 0.369657 0.649063 0.426302 0.234273 0.261661 0.401204 0.258230 0.245004 0.749590 
0.188344 0.360923 0.447306 0.360671 0.428420 0.426180 0.431545 0.424359 0.405151 0.420300 
0.388033 0.393638 0.425262 0.393988 0.478307 0.449593 0.471751 0.491666 0.476345 0.450812 
0.486971 0.447351 0.451585 0.475910 0.468931 0.488710 0.505915 0.501373 0.487533 0.542577 
0.496843 0.518540 0.485741 0.513380 0.509863 0.522224 0.486578 0.492303 0.415537 0.687293 
0.271131 0.437217 0.537049 0.469190 0.508472 0.534509 0.444940 0.460452 0.461397 0.477055 
0.449800 0.457218 0.447210 0.393453 0.547965 0.499431 0.521526 0.568685 0.528784 0.547129 
0.544458 0.512633 0.508433 0.493525 0.494015 0.515737 0.511636 0.526194 0.557340 0.546451 
0.487975 0.490477 0.502408 0.541741 0.562216 0.578560 0.507735 0.525896 0.543645 0.479282 
0.231819 0.268377 0.335478 0.503879 0.489481 0.452363 0.411698 0.398378 0.369799 0.352844 
0.338036 0.365796 0.378453 0.344367 0.527945 0.490483 0.438837 0.465203 0.459222 0.466972 
0.420140 0.431471 0.464787 0.420575 0.435649 0.439409 0.436517 0.457473 0.406162 0.426243 
0.467948 0.429485 0.416867 0.439901 0.487509 0.432543 0.394115 0.476951 0.497160 0.519034 
0.294939 0.308867 0.330804 0.577413 0.393174 0.422835 0.391389 0.338693 0.339238 0.353994 
0.331896 0.341062 0.347898 0.327277 0.456069 0.460244 0.417972 0.455402 0.387450 0.404135 
0.393106 0.364492 0.386644 0.366032 0.370280 0.372600 0.396505 0.414110 0.342712 0.352932 
0.391613 0.358699 0.371167 0.414121 0.424714 0.380488 0.337384 0.415630 0.433236 0.515334 
0.299509 0.371792 0.453841 0.350752 0.273676 0.438859 0.481336 0.382633 0.420843 0.374018 
0.359903 0.402440 0.362808 0.358060 0.386562 0.408784 0.452353 0.435111 0.425785 0.458720 
0.379584 0.361588 0.391623 0.378448 0.417616 0.403790 0.404854 0.409362 0.390931 0.392324 
0.408679 0.390967 0.426044 0.450872 0.421136 0.401999 0.352269 0.400640 0.445193 0.498997 
0.267315 0.328085 0.451876 0.360630 0.309816 0.399101 0.379091 0.349973 0.395577 0.335269 
0.371715 0.484880 0.403793 0.418235 0.402961 0.383670 0.427128 0.391049 0.441849 0.425972 
0.350971 0.359833 0.394934 0.401080 0.464950 0.398015 0.432977 0.436088 0.440525 0.420927 
0.415652 0.401945 0.416480 0.407627 0.416074 0.409964 0.351024 0.406582 0.438048 0.507680 
0.278055 0.282579 0.369710 0.363133 0.328181 0.288096 0.294230 0.338231 0.318246 0.319089 
0.405347 0.402871 0.361759 0.442263 0.403502 0.407952 0.413518 0.410630 0.474741 0.432779 
0.402052 0.364444 0.361281 0.452062 0.442767 0.363409 0.393500 0.414186 0.416541 0.428260 
0.429281 0.400192 0.400218 0.393590 0.387332 0.392137 0.364377 0.448284 0.439082 0.494346 
0.292620 0.307546 0.382766 0.373883 0.359439 0.344617 0.325388 0.329742 0.293683 0.334075 
0.425566 0.430174 0.439129 0.467450 0.413564 0.415069 0.391811 0.435759 0.482250 0.475099 
0.406452 0.367719 0.373967 0.430133 0.426768 0.383372 0.370478 0.365938 0.408760 0.416104 
0.416446 0.403411 0.439901 0.376534 0.391919 0.420688 0.392034 0.466365 0.482091 0.529668 
0.308396 0.380886 0.366345 0.395035 0.416938 0.399378 0.354526 0.327734 0.319181 0.388904 
0.362311 0.380954 0.431328 0.375880 0.361012 0.379115 0.380673 0.401254 0.460471 0.474882 
0.433727 0.412778 0.457884 0.427951 0.419664 0.404580 0.432904 0.375648 0.392780 0.425434 
0.406486 0.423069 0.443174 0.365444 0.415662 0.447962 0.373500 0.448147 0.497043 0.533072 
0.292248 0.357668 0.350125 0.389080 0.423590 0.390761 0.362379 0.334773 0.366524 0.451349 
0.378921 0.419328 0.445683 0.360978 0.381146 0.402027 0.420401 0.411663 0.422521 0.396690 
0.414923 0.441384 0.415502 0.358644 0.375888 0.416385 0.427635 0.383508 0.402353 0.439039 
0.405320 0.436381 0.436397 0.375800 0.408837 0.429281 0.357621 0.451401 0.458945 0.517586 
0.269007 0.350237 0.355383 0.355046 0.390321 0.382381 0.373995 0.360098 0.379086 0.411743 
0.402420 0.404349 0.405146 0.407310 0.406040 0.492593 0.504843 0.483964 0.391579 0.371426 
0.399280 0.437261 0.423534 0.315477 0.351281 0.408741 0.408945 0.387650 0.409063 0.434496 
0.414435 0.443893 0.435543 0.388436 0.415831 0.404004 0.362346 0.446339 0.425680 0.469238 
0.271175 0.353607 0.390867 0.379829 0.366344 0.374267 0.387147 0.349779 0.380975 0.418308 
0.382987 0.388224 0.350050 0.433352 0.504652 0.592031 0.681509 0.640327 0.465358 0.432143 
0.393224 0.401886 0.395939 0.341877 0.389524 0.404465 0.367512 0.365992 0.408819 0.473679 
0.440447 0.451732 0.424043 0.407057 0.402053 0.368044 0.366328 0.490284 0.397120 0.497857 
0.276888 0.340012 0.398067 0.398480 0.350561 0.387094 0.417530 0.357030 0.365383 0.416553 
0.373271 0.306544 0.396875 0.403607 0.513380 0.609506 0.804241 0.796851 0.557862 0.441099 
0.351724 0.359963 0.396144 0.390656 0.337114 0.340270 0.426389 0.423103 0.423316 0.454263 
0.479519 0.466440 0.432023 0.438824 0.413418 0.343866 0.364494 0.511604 0.397588 0.511646 
0.298652 0.365415 0.383312 0.352480 0.336047 0.392904 0.459150 0.409771 0.401979 0.450278 
0.365965 0.312029 0.303953 0.205831 0.463398 0.691679 0.620296 0.630597 0.597535 0.448678 
0.396071 0.366875 0.397601 0.442737 0.383760 0.342449 0.401396 0.409683 0.421074 0.446377 
0.470036 0.450610 0.407489 0.467685 0.413044 0.322840 0.357102 0.488721 0.348684 0.489175 
0.288852 0.330208 0.384907 0.338087 0.340649 0.376768 0.358067 0.434809 0.500859 0.435480 
0.375457 0.333079 0.383856 0.323287 0.267627 0.212584 0.309002 0.343418 0.359283 0.432382 
0.398605 0.381676 0.398503 0.439914 0.399288 0.346994 0.374761 0.396653 0.403684 0.424019 
0.466118 0.440298 0.389984 0.431025 0.394655 0.324219 0.329879 0.448521 0.361002 0.445910 
0.306571 0.361859 0.376140 0.397201 0.366322 0.361841 0.322168 0.386455 0.436215 0.407548 
0.410491 0.350985 0.358656 0.383277 0.499412 0.103990 0.251285 0.676425 0.424230 0.392074 
0.456585 0.376829 0.352276 0.403426 0.367938 0.330078 0.376507 0.467983 0.415568 0.404045 
0.453285 0.480530 0.409283 0.398958 0.371685 0.336448 0.345181 0.430619 0.389090 0.527904 
0.299728 0.345184 0.347167 0.383671 0.359180 0.361123 0.404308 0.393271 0.369914 0.385756 
0.391871 0.332817 0.365424 0.389606 0.385893 0.293846 0.476402 0.570730 0.334841 0.398474 
0.461063 0.434472 0.403620 0.379790 0.370518 0.364506 0.399238 0.475273 0.415484 0.429378 
0.467688 0.458028 0.415931 0.404319 0.401693 0.388635 0.372832 0.453277 0.472320 0.559073 
0.286163 0.353833 0.366455 0.417145 0.387087 0.341034 0.357858 0.398428 0.410318 0.463139 
0.382629 0.354764 0.378140 0.375455 0.321395 0.295255 0.357851 0.446194 0.350631 0.368115 
0.413187 0.442210 0.435882 0.405774 0.379672 0.372850 0.428663 0.467214 0.473730 0.432034 
0.403168 0.408148 0.408554 0.380521 0.359996 0.373749 0.329064 0.389067 0.451562 0.490815 
0.286072 0.335906 0.373607 0.411901 0.401207 0.357295 0.330300 0.390499 0.402185 0.417692 
0.394752 0.380309 0.382696 0.369009 0.329553 0.319237 0.402003 0.409418 0.379722 0.373116 
0.362898 0.408001 0.392029 0.386424 0.376186 0.365167 0.382079 0.408379 0.450062 0.433355 
0.394027 0.370846 0.381199 0.363226 0.372504 0.364747 0.317730 0.379310 0.398509 0.442345 
0.316389 0.407496 0.482638 0.482971 0.423007 0.325694 0.284012 0.351563 0.453170 0.422983 
0.396699 0.380196 0.406087 0.415874 0.374505 0.376151 0.414250 0.390692 0.410294 0.439094 
0.370163 0.371437 0.391355 0.371701 0.351098 0.353569 0.361018 0.360824 0.387003 0.376466 
0.374083 0.397137 0.356788 0.351071 0.388866 0.388582 0.296578 0.359959 0.394283 0.458060 
0.342639 0.511803 0.508708 0.533561 0.611616 0.537086 0.491834 0.512459 0.514793 0.462298 
0.434345 0.424273 0.405421 0.397744 0.359015 0.396603 0.437630 0.417134 0.438765 0.440151 
0.359491 0.378851 0.413128 0.409150 0.380467 0.379166 0.378794 0.372113 0.378550 0.363100 
0.378345 0.403286 0.337574 0.359315 0.380861 0.373634 0.307798 0.359417 0.412793 0.448849 
0.651935 0.753862 0.684356 0.668583 0.317653 0.234798 0.616011 0.809290 0.771865 0.646717 
0.542827 0.501396 0.416109 0.399037 0.359685 0.388735 0.433961 0.396649 0.428125 0.443345 
0.386988 0.380327 0.384413 0.409296 0.391263 0.383388 0.369871 0.378908 0.365686 0.328611 
0.350639 0.341023 0.319764 0.346249 0.366387 0.322165 0.274438 0.343861 0.381136 0.501244 
0.491486 0.585620 0.800672 0.269256 0.120597 0.549864 0.763218 0.900667 0.693188 0.612597 
0.684059 0.579890 0.482756 0.405747 0.365478 0.391557 0.422646 0.368627 0.398852 0.418181 
0.410188 0.388710 0.351620 0.383679 0.382706 0.391748 0.361922 0.355742 0.356345 0.342310 
0.327949 0.292826 0.301389 0.293786 0.294522 0.282938 0.310504 0.431176 0.372651 0.390002 
0.334518 0.719745 0.654011 0.595226 0.520246 0.884045 0.874721 0.797275 0.642066 0.727128 
0.696053 0.689779 0.537573 0.457195 0.398922 0.391196 0.399143 0.343528 0.344227 0.316188 
0.364963 0.344563 0.327682 0.350913 0.361000 0.372195 0.347212 0.339622 0.346358 0.313405 
0.302953 0.288468 0.272377 0.256680 0.243189 0.237118 0.279760 0.534060 0.618400 0.495730 
0.308789 0.291495 0.814866 0.775259 0.624252 0.878490 0.846841 0.840336 0.919214 0.926167 
0.666052 0.755525 0.614922 0.513598 0.427802 0.364786 0.350108 0.339004 0.314540 0.266600 
0.339243 0.335177 0.313920 0.350394 0.347115 0.351010 0.322519 0.331653 0.334591 0.308363 
0.284501 0.249274 0.244925 0.230020 0.201627 0.197268 0.363919 0.520951 0.338673 0.332004 
0.208040 0.170627 0.371832 0.710013 0.561742 0.680165 0.787944 0.805436 0.833882 0.886552 
0.531642 0.599760 0.465556 0.507015 0.431518 0.356710 0.347683 0.328042 0.327618 0.347164 
0.393224 0.385514 0.357096 0.382091 0.319440 0.337507 0.328434 0.323334 0.343136 0.367551 
0.340658 0.230529 0.194728 0.202875 0.200089 0.279626 0.354334 0.333290 0.261357 0.535323 
0.196521 0.511334 0.511820 0.504253 0.369208 0.740244 0.824023 0.817864 0.912551 0.762434 
0.549776 0.264369 0.250831 0.452907 0.427945 0.383099 0.374365 0.336918 0.251960 0.277989 
0.306414 0.353740 0.289725 0.319829 0.376504 0.338532 0.286884 0.276069 0.312920 0.333759 
0.368466 0.469904 0.411035 0.241014 0.228583 0.362353 0.416775 0.428990 0.573905 0.690405 
0.432178 0.523614 0.612727 0.474673 0.280536 0.814391 0.906187 0.673507 0.818594 0.813973 
0.547050 0.154079 0.170311 0.349617 0.328968 0.380099 0.500595 0.598412 0.488791 0.494658 
0.438864 0.454546 0.359271 0.279942 0.306714 0.371545 0.292903 0.231178 0.202486 0.299324 
0.560984 0.532129 0.217717 0.259766 0.724202 0.684507 0.613062 0.761408 0.748282 0.720298 
0.516936 0.496724 0.446024 0.410039 0.122368 0.340858 0.689605 0.519005 0.811744 0.807859 
0.742985 0.248599 0.238100 0.284271 0.234717 0.343553 0.517125 0.576208 0.238591 0.529482 
0.509251 0.500968 0.598953 0.581618 0.410241 0.464677 0.440512 0.379298 0.465756 0.436622 
0.469109 0.396907 0.126921 0.788874 0.926857 0.853291 0.677100 0.469385 0.180212 0.879795 
0.387205 0.428197 0.640569 0.572806 0.295654 0.704631 0.663105 0.660104 0.529116 0.928747 
0.862455 0.518170 0.453433 0.411813 0.283200 0.423966 0.438778 0.418398 0.110514 0.588354 
0.557531 0.689660 0.477527 0.250413 0.622077 0.761245 0.753478 0.541484 0.426690 0.333076 
0.719663 0.514014 0.259360 0.756770 0.786688 0.739500 0.614101 0.626913 0.429720 0.721161 
0.282345 0.541822 0.467559 0.713633 0.618754 0.554602 0.564849 0.529846 0.750279 0.669329 
0.958261 0.799674 0.593274 0.460451 0.283820 0.446877 0.404896 0.201863 0.138143 0.767521 
0.502998 0.613650 0.545776 0.410024 0.796702 0.909092 0.830028 0.767787 0.448494 0.738397 
0.832742 0.458705 0.362977 0.325498 0.573572 0.828503 0.672049 0.493082 0.560961 0.592647 
0.472472 0.539320 0.393283 0.645718 0.685005 0.501751 0.394047 0.514403 0.836356 0.465166 
0.912924 0.903852 0.602603 0.478462 0.758835 0.793621 0.543543 0.447150 0.716193 0.881927 
0.737174 0.797653 0.473039 0.613908 0.726850 0.851138 0.832849 0.745840 0.561405 0.773743 
0.799881 0.725593 0.509800 0.517203 0.585714 0.678160 0.597504 0.330502 0.468850 0.522906 
0.474781 0.708286 0.477111 0.399861 0.670360 0.623627 0.644315 0.667193 0.652117 0.616959 
0.601934 0.830332 0.550556 0.452348 0.810253 0.763651 0.896103 0.755691 0.888545 0.824825 
0.806391 0.599427 0.358120 0.535509 0.519293 0.834051 0.815347 0.657073 0.435098 0.498228 
0.337186 0.463708 0.532149 0.458302 0.568296 0.610833 0.646681 0.530437 0.429210 0.488719 
0.544109 0.588361 0.264280 0.448018 0.700289 0.724979 0.529404 0.739839 0.528284 0.542936 
0.628122 0.367556 0.216414 0.189640 0.315237 0.482649 0.818429 0.363158 0.163292 0.276011 
0.909369 0.665302 0.433008 0.424215 0.929560 0.756492 0.590514 0.608877 0.307702 0.349683 
0.409038 0.353713 0.254676 0.544428 0.681629 0.771339 0.736906 0.617125 0.583362 0.568334 
0.656055 0.790834 0.518223 0.656779 0.635435 0.706622 0.582104 0.563166 0.635050 0.697549 
0.653577 0.488727 0.279085 0.290793 0.432980 0.636967 0.706967 0.381847 0.289450 0.259941 
0.823765 0.678789 0.757192 0.391005 0.912512 0.732755 0.661812 0.588805 0.432307 0.533343 
0.303021 0.227757 0.175391 0.553753 0.782277 0.769335 0.664179 0.753278 0.676808 0.722899 
0.688818 0.712503 0.660182 0.682243 0.498212 0.557077 0.685176 0.683998 0.546992 0.642858 
0.681840 0.545018 0.531603 0.575936 0.594072 0.335104 0.327839 0.732430 0.611976 0.487339 
0.331478 0.319761 0.795921 0.659341 0.304603 0.346733 0.487703 0.496098 0.361315 0.609157 
0.682129 0.385136 0.172138 0.414274 0.637571 0.640660 0.690463 0.855984 0.661468 0.424590 
0.727952 0.831204 0.604443 0.447493 0.614575 0.665642 0.758614 0.662116 0.582337 0.824102 
0.832281 0.529121 0.525673 0.554849 0.521474 0.378765 0.209608 0.365622 0.411409 0.374477 
0.657361 0.596483 0.420736 0.649371 0.519301 0.420131 0.196356 0.454210 0.497540 0.691003 
0.571987 0.390431 0.182118 0.416878 0.364221 0.509351 0.730028 0.836586 0.766161 0.567823 
0.501935 0.767114 0.650429 0.463143 0.699312 0.645033 0.777018 0.559745 0.644388 0.819882 
0.795504 0.744472 0.702200 0.533536 0.527576 0.404076 0.397831 0.418230 0.334808 0.329905 
0.360509 0.614750 0.476246 0.358198 0.242683 0.279211 0.177776 0.416270 0.359078 0.517204 
0.652102 0.511726 0.181648 0.065083 0.100412 0.340862 0.454569 0.543263 0.737805 0.385851 
0.376659 0.472404 0.536038 0.338626 0.363523 0.541070 0.661114 0.543668 0.295786 0.541247 
0.714555 0.707726 0.393377 0.408190 0.486237 0.495740 0.401929 0.466219 0.528691 0.469099 
0.360658 0.396667 0.213666 0.270458 0.183992 0.268050 0.137011 0.177294 0.281169 0.268770 
0.410574 0.367974 0.365256 0.240199 0.175891 0.285463 0.204340 0.186151 0.289628 0.373733 
0.348811 0.679907 0.757455 0.503223 0.457592 0.420432 0.537697 0.529635 0.172172 0.273612 
0.680141 0.640895 0.290151 0.240146 0.077359 0.203933 0.491408 0.602147 0.628775 0.501013 
0.443825 0.516421 0.415810 0.361719 0.252178 0.341182 0.157604 0.286863 0.305739 0.390837 
0.308660 0.403757 0.435821 0.322454 0.262799 0.290231 0.282001 0.220085 0.298947 0.300646 
0.266791 0.444680 0.304460 0.274165 0.276218 0.308898 0.322695 0.267814 0.296612 0.284077 
0.289981 0.286705 0.366268 0.429217 0.341968 0.254599 0.269560 0.258460 0.238729 0.242959 
0.231684 0.242131 0.259189 0.273338 0.272479 0.297647 0.268857 0.277044 0.329591 0.325410 
0.237339 0.196352 0.226179 0.225551 0.245941 0.263450 0.265611 0.342218 0.308355 0.283001 
0.248728 0.249545 0.176140 0.259702 0.315476 0.362604 0.320628 0.273294 0.294077 0.222004 
0.255761 0.303772 0.413465 0.423361 0.353654 0.394681 0.281597 0.286367 0.223122 0.253570 
0.245649 0.288280 0.340109 0.338890 0.321417 0.370193 0.404279 0.403513 0.401434 0.381914 
0.390252 0.338703 0.277069 0.316875 0.341126 0.318057 0.308059 0.511853 0.396314 0.223285 
0.366479 0.301882 0.182421 0.319678 0.401723 0.428425 0.358899 0.382358 0.405907 0.337644 
0.369384 0.428728 0.500619 0.448857 0.492652 0.475804 0.314177 0.371798 0.345462 0.289096 
0.361662 0.384043 0.353863 0.390706 0.459439 0.462995 0.464259 0.487090 0.483424 0.459494 
0.471173 0.418357 0.411768 0.449357 0.407474 0.372265 0.385994 0.548313 0.378915 0.217626 
0.360164 0.424788 0.267324 0.493931 0.296520 0.302160 0.368668 0.326699 0.298097 0.269214 
0.325327 0.468271 0.456502 0.278019 0.406987 0.460269 0.390553 0.300956 0.333530 0.350119 
0.288947 0.277889 0.339402 0.319543 0.324958 0.371551 0.401707 0.457133 0.471424 0.390378 
0.390535 0.395708 0.419860 0.424263 0.387145 0.391363 0.385228 0.477537 0.332466 0.204555 
0.343468 0.438278 0.235406 0.316390 0.137152 0.313703 0.296725 0.243063 0.290728 0.281714 
0.307672 0.503027 0.447261 0.346434 0.408187 0.409429 0.490251 0.388441 0.422290 0.346824 
0.244868 0.304772 0.374726 0.367153 0.383425 0.404448 0.435819 0.466872 0.401260 0.354298 
0.363600 0.423371 0.480244 0.425789 0.413262 0.403678 0.411409 0.526931 0.338830 0.225733 
0.366948 0.418445 0.170056 0.159939 0.333001 0.396433 0.206711 0.234696 0.394257 0.397714 
0.429108 0.460293 0.347441 0.418222 0.448310 0.428074 0.508760 0.448620 0.402914 0.364921 
0.312128 0.277959 0.274276 0.380822 0.478813 0.370892 0.357615 0.407980 0.398165 0.393779 
0.423800 0.395240 0.418582 0.442603 0.407402 0.398239 0.408242 0.515891 0.327374 0.217733 
0.340748 0.468913 0.252976 0.204409 0.274129 0.342826 0.345693 0.325400 0.346617 0.340488 
0.500488 0.498392 0.348768 0.328721 0.335470 0.361458 0.420375 0.405470 0.379196 0.392008 
0.325190 0.277615 0.270009 0.363908 0.404003 0.391413 0.322014 0.350531 0.437920 0.444085 
0.401006 0.408488 0.370902 0.363822 0.347060 0.405786 0.424946 0.515495 0.376510 0.217667 
0.373182 0.480416 0.244789 0.222542 0.351172 0.431534 0.413152 0.365884 0.267978 0.329855 
0.366211 0.362438 0.424370 0.440515 0.323178 0.322570 0.301462 0.335038 0.419295 0.418936 
0.458256 0.494668 0.401189 0.383708 0.352710 0.372264 0.361026 0.342274 0.366832 0.423810 
0.405600 0.422244 0.395291 0.328702 0.379149 0.432877 0.367062 0.410474 0.314761 0.248107 
0.321358 0.360164 0.242551 0.356501 0.463297 0.392518 0.357920 0.330280 0.277874 0.326489 
0.390772 0.476347 0.466440 0.421701 0.352757 0.345232 0.255308 0.275379 0.355018 0.373065 
0.450507 0.537253 0.395776 0.342659 0.319995 0.333337 0.410046 0.415565 0.386488 0.413927 
0.419714 0.426675 0.398803 0.369154 0.417943 0.447236 0.340987 0.451596 0.317976 0.225680 
0.318271 0.372584 0.206464 0.308358 0.368366 0.301412 0.315193 0.372432 0.396746 0.456115 
0.367632 0.351503 0.341608 0.362199 0.371366 0.411554 0.400467 0.362319 0.313982 0.335988 
0.390564 0.442792 0.471364 0.334561 0.295241 0.367597 0.457222 0.417758 0.421652 0.412478 
0.370948 0.399020 0.440081 0.434731 0.448227 0.392053 0.367540 0.473921 0.349323 0.218655 
0.334439 0.385098 0.253714 0.309113 0.359366 0.294110 0.289436 0.282278 0.358144 0.450750 
0.337085 0.267475 0.317296 0.328783 0.283832 0.486100 0.707668 0.528484 0.348214 0.292796 
0.321294 0.349965 0.354688 0.372186 0.385177 0.447181 0.436523 0.412492 0.420509 0.428239 
0.385930 0.388769 0.428943 0.420398 0.389156 0.359069 0.407396 0.503703 0.294890 0.224878 
0.285487 0.398303 0.274461 0.341262 0.374581 0.377378 0.365510 0.277697 0.256984 0.331334 
0.323969 0.293240 0.294139 0.299397 0.294437 0.394944 0.678253 0.693957 0.507970 0.319240 
0.290889 0.339627 0.399431 0.395697 0.437820 0.469467 0.406590 0.387098 0.505000 0.510255 
0.412285 0.357381 0.379673 0.401542 0.386606 0.385174 0.468787 0.608244 0.256900 0.212205 
0.325974 0.401291 0.247646 0.279357 0.327349 0.386760 0.451062 0.348821 0.304787 0.360734 
0.340942 0.296080 0.270489 0.161937 0.249075 0.100041 0.764662 0.806622 0.517940 0.421516 
0.383507 0.377380 0.383164 0.338246 0.365311 0.460838 0.424389 0.382140 0.483531 0.477819 
0.419602 0.372035 0.373904 0.410769 0.386119 0.351505 0.474960 0.643878 0.295292 0.197669 
0.316662 0.367300 0.218449 0.259625 0.260839 0.305045 0.406798 0.442333 0.513472 0.507021 
0.345898 0.219484 0.269814 0.193817 0.023817 0.137480 0.040959 0.722302 0.429291 0.428616 
0.443369 0.353879 0.319172 0.354494 0.394564 0.371067 0.407150 0.403449 0.402384 0.420696 
0.478985 0.445629 0.390933 0.419338 0.396074 0.333325 0.450933 0.639796 0.339091 0.169829 
0.347853 0.375739 0.176903 0.225551 0.228854 0.243831 0.387157 0.555154 0.434287 0.472267 
0.371701 0.241384 0.285639 0.257948 0.193949 0.224713 0.053516 0.347488 0.370187 0.290453 
0.379991 0.309441 0.320636 0.385210 0.440365 0.414927 0.440820 0.398979 0.324657 0.354506 
0.501818 0.512411 0.439048 0.429875 0.369401 0.334674 0.454089 0.619513 0.364119 0.178341 
0.261883 0.326503 0.181806 0.232762 0.274497 0.291367 0.410770 0.494127 0.404190 0.362285 
0.347598 0.324292 0.333217 0.211643 0.169995 0.352173 0.261084 0.867745 0.527420 0.306354 
0.407926 0.350101 0.356220 0.383975 0.423266 0.430654 0.436543 0.463070 0.395403 0.338297 
0.439979 0.432557 0.338123 0.425272 0.475447 0.368289 0.408819 0.507360 0.368669 0.226960 
0.310418 0.390673 0.238090 0.299561 0.269548 0.262591 0.358446 0.437731 0.446011 0.373065 
0.347691 0.417611 0.426683 0.306037 0.279593 0.257078 0.427553 0.708109 0.436865 0.391044 
0.393798 0.401729 0.384364 0.414336 0.394808 0.379465 0.402803 0.488709 0.471186 0.307534 
0.302854 0.289322 0.340497 0.400793 0.396883 0.388716 0.380290 0.425162 0.411992 0.269552 
0.299337 0.400173 0.266132 0.290415 0.266155 0.238266 0.266991 0.309062 0.398816 0.519424 
0.465296 0.376762 0.363527 0.371064 0.332035 0.288807 0.377647 0.500728 0.428408 0.232411 
0.353700 0.435427 0.430879 0.393987 0.352885 0.329280 0.375586 0.390264 0.471907 0.391287 
0.337409 0.320386 0.358811 0.381387 0.376301 0.421977 0.404871 0.510432 0.361305 0.229777 
0.316379 0.408802 0.188598 0.225344 0.232450 0.175116 0.211122 0.264814 0.412304 0.494141 
0.438712 0.348088 0.380670 0.424003 0.335221 0.333132 0.373508 0.398970 0.429917 0.334542 
0.359545 0.401260 0.444634 0.419090 0.323972 0.341199 0.343071 0.377020 0.431598 0.443715 
0.490032 0.429194 0.387506 0.382649 0.440350 0.420878 0.362958 0.424138 0.306676 0.210775 
0.328457 0.348656 0.145552 0.235602 0.278798 0.215079 0.231335 0.319614 0.400038 0.376316 
0.329337 0.416485 0.457797 0.411863 0.316519 0.351564 0.407853 0.408602 0.441252 0.439698 
0.350890 0.352794 0.425318 0.429306 0.406478 0.349696 0.341343 0.352557 0.371061 0.453344 
0.491130 0.446140 0.399181 0.389344 0.410607 0.342308 0.291688 0.370126 0.318923 0.220827 
0.337825 0.310323 0.179171 0.241821 0.256148 0.389963 0.572439 0.582779 0.513472 0.388676 
0.391014 0.407364 0.395201 0.381730 0.353800 0.415103 0.420159 0.453053 0.385186 0.430263 
0.374835 0.338845 0.370991 0.408857 0.409814 0.389448 0.346126 0.359185 0.412521 0.423042 
0.387857 0.314410 0.266038 0.295628 0.370314 0.312054 0.269127 0.409335 0.306250 0.276618 
0.494962 0.523449 0.321197 0.213831 0.319273 0.259827 0.757722 0.872728 0.602529 0.466145 
0.394841 0.351461 0.320674 0.361044 0.377451 0.444524 0.449274 0.358682 0.357259 0.355748 
0.312653 0.340607 0.341527 0.380193 0.409055 0.391635 0.367318 0.404135 0.412432 0.345203 
0.283210 0.235684 0.205522 0.279837 0.394289 0.396044 0.285297 0.253365 0.245261 0.279062 
0.543948 0.446172 0.256481 0.325711 0.070558 0.070359 0.653805 0.771705 0.163705 0.271524 
0.304511 0.304672 0.294067 0.342518 0.373592 0.380818 0.398062 0.369641 0.356740 0.348627 
0.357474 0.373990 0.333746 0.351596 0.350676 0.359584 0.382324 0.403448 0.325011 0.276141 
0.276113 0.326582 0.290876 0.286524 0.341760 0.333507 0.213765 0.269718 0.158524 0.163489 
0.682727 0.227079 0.256971 0.248751 0.033067 0.070691 0.166214 0.332320 0.475267 0.276972 
0.385526 0.362308 0.400179 0.401403 0.368184 0.314293 0.299180 0.316199 0.294637 0.292452 
0.354179 0.303974 0.238513 0.299155 0.323920 0.394057 0.402950 0.365889 0.339837 0.354041 
0.337870 0.303190 0.297000 0.309819 0.314792 0.261843 0.221575 0.300325 0.233527 0.265172 
0.405931 0.036280 0.270060 0.598902 0.422773 0.103307 0.109783 0.293528 0.226023 0.426622 
0.237084 0.552902 0.316533 0.388862 0.358437 0.316129 0.285991 0.273648 0.263943 0.293284 
0.279572 0.249332 0.221560 0.320929 0.379711 0.372625 0.457432 0.440646 0.391064 0.321305 
0.323011 0.301376 0.296524 0.237512 0.149011 0.201640 0.413044 0.668860 0.419557 0.194824 
0.116583 0.121438 0.434339 0.258522 0.316451 0.539966 0.256074 0.275436 0.581098 0.739297 
0.209978 0.333014 0.210008 0.279766 0.269992 0.259071 0.277189 0.213373 0.169659 0.212168 
0.410317 0.566306 0.463203 0.419722 0.513011 0.486086 0.382720 0.295794 0.341839 0.416873 
0.299261 0.207631 0.189553 0.245978 0.390782 0.605099 0.855216 0.720943 0.077379 0.009806 
0.228205 0.457922 0.332445 0.142920 0.140466 0.189315 0.310520 0.234142 0.691098 0.814467 
0.173436 0.189701 0.191477 0.214967 0.271523 0.250245 0.271191 0.157421 0.163353 0.249899 
0.441877 0.595535 0.587352 0.471884 0.390695 0.354746 0.227689 0.207092 0.349866 0.336629 
0.217764 0.187111 0.510639 0.745960 0.845817 0.914301 0.832441 0.275201 0.027515 0.007985 
0.370501 0.514686 0.266972 0.224053 0.031566 0.050755 0.093832 0.471763 0.809230 0.840668 
0.497866 0.165196 0.202118 0.158568 0.171927 0.231358 0.425532 0.341618 0.437242 0.416064 
0.348852 0.290773 0.219607 0.223708 0.306487 0.392578 0.426919 0.281647 0.231972 0.291573 
0.689351 0.783525 0.249937 0.233542 0.335272 0.768733 0.832574 0.311878 0.016928 0.016911 
0.391465 0.448656 0.133767 0.074672 0.101825 0.447741 0.333731 0.136463 0.394969 0.743206 
0.206188 0.210091 0.277535 0.181651 0.115190 0.309185 0.547488 0.785272 0.649924 0.504110 
0.486523 0.214016 0.335464 0.580869 0.656814 0.589654 0.417383 0.290063 0.387754 0.730798 
0.864270 0.300281 0.016898 0.012175 0.030798 0.099956 0.790453 0.804118 0.171200 0.148015 
0.370425 0.301484 0.265833 0.258278 0.292121 0.097695 0.110044 0.054883 0.226702 0.347243 
0.295330 0.220185 0.358646 0.288391 0.196696 0.692678 0.854519 0.604309 0.259214 0.191666 
0.255377 0.325352 0.789507 0.589676 0.398860 0.249744 0.433905 0.572636 0.757509 0.537198 
0.834034 0.277738 0.004419 0.007958 0.130353 0.842301 0.145327 0.335604 0.181424 0.151916 
0.451033 0.323251 0.098200 0.428492 0.384851 0.075259 0.049251 0.103127 0.090963 0.193023 
0.202599 0.138511 0.478785 0.443618 0.382135 0.885902 0.906953 0.375371 0.021028 0.179154 
0.390660 0.362932 0.438634 0.098830 0.082118 0.264073 0.431874 0.638819 0.254619 0.257312 
0.412396 0.144528 0.013590 0.029099 0.344481 0.596916 0.285108 0.191124 0.057462 0.106492 
0.225302 0.234821 0.226957 0.369928 0.439306 0.139882 0.086193 0.232422 0.079785 0.258476 
0.199842 0.290384 0.668366 0.373221 0.301592 0.716174 0.894839 0.204329 0.021620 0.258564 
0.368578 0.085112 0.045784 0.018116 0.379030 0.791934 0.383682 0.744966 0.064181 0.014489 
0.167473 0.290330 0.096027 0.072898 0.379049 0.480967 0.672854 0.318138 0.026310 0.074522 
0.250671 0.490842 0.178196 0.300038 0.568630 0.458093 0.074320 0.154967 0.219977 0.129906 
0.187273 0.114919 0.397847 0.218730 0.105672 0.442340 0.859832 0.737393 0.225846 0.281912 
0.211902 0.043952 0.037475 0.107307 0.234295 0.505541 0.314087 0.708464 0.233620 0.010044 
0.158936 0.478466 0.386236 0.277155 0.335284 0.296300 0.267495 0.197623 0.063676 0.153797 
0.250183 0.472170 0.401303 0.308115 0.533496 0.679479 0.286720 0.025334 0.058238 0.164866 
0.123882 0.048856 0.090809 0.338470 0.133169 0.280390 0.597357 0.092916 0.095028 0.656710 
0.737196 0.118368 0.063122 0.051217 0.088963 0.217279 0.304819 0.131736 0.234232 0.313463 
0.445808 0.151998 0.199769 0.388840 0.292513 0.117590 0.097601 0.142577 0.100161 0.253178 
0.202098 0.226614 0.304535 0.497562 0.723115 0.546938 0.374928 0.361751 0.229211 0.165483 
0.245770 0.098841 0.218664 0.529258 0.350503 0.123648 0.010028 0.018250 0.224750 0.694998 
0.242672 0.078534 0.082325 0.260136 0.045923 0.037583 0.709473 0.557159 0.092104 0.323514 
0.343896 0.164085 0.130041 0.348695 0.489792 0.363423 0.125005 0.159023 0.168923 0.170948 
0.270182 0.370775 0.226523 0.480412 0.776158 0.330966 0.242528 0.659166 0.457365 0.365030 
0.212620 0.105546 0.054300 0.225622 0.129573 0.065990 0.017607 0.239981 0.204522 0.094274 
0.103299 0.455662 0.266425 0.079928 0.018392 0.091575 0.479156 0.582414 0.056849 0.162892 
0.448349 0.090930 0.100250 0.281729 0.166964 0.117910 0.072244 0.240745 0.428068 0.102567 
0.260013 0.643163 0.154832 0.207159 0.328262 0.236085 0.287552 0.599758 0.467271 0.655775 
0.291883 0.110103 0.171066 0.226808 0.071357 0.075588 0.154735 0.483271 0.185932 0.030872 
0.139383 0.386012 0.289617 0.022789 0.068452 0.208608 0.213410 0.747886 0.232962 0.455158 
0.334380 0.110161 0.046066 0.098821 0.267327 0.082933 0.085519 0.108726 0.483389 0.094785 
0.315265 0.645505 0.405290 0.139088 0.099904 0.070875 0.436521 0.660350 0.109890 0.508198 
0.858130 0.169716 0.124358 0.084998 0.049871 0.210116 0.056223 0.217867 0.543245 0.305094 
0.134013 0.188125 0.116559 0.245279 0.288448 0.025040 0.026015 0.342992 0.669112 0.646126 
0.237892 0.065010 0.045845 0.050641 0.660234 0.471368 0.076998 0.234190 0.356275 0.426185 
0.184719 0.581796 0.503595 0.229743 0.075358 0.039192 0.420899 0.784352 0.194916 0.178380 
0.594400 0.256639 0.083565 0.044946 0.189435 0.301645 0.231259 0.433349 0.558447 0.211026 
0.129760 0.137603 0.047679 0.026650 0.165915 0.060534 0.013853 0.184509 0.660066 0.604772 
0.483841 0.220379 0.052278 0.035872 0.253696 0.087846 0.079422 0.094213 0.150350 0.476422 
0.282148 0.264378 0.517033 0.452924 0.079396 0.082947 0.474121 0.756852 0.157652 0.014476 
0.310160 0.235778 0.050925 0.149145 0.442426 0.216788 0.743496 0.674898 0.374239 0.322332 
0.109845 0.106678 0.048797 0.020196 0.068672 0.115794 0.083080 0.177668 0.456764 0.593757 
0.643999 0.612226 0.432081 0.494452 0.278451 0.315842 0.361839 0.253471 0.348701 0.455994 
0.533348 0.638926 0.630871 0.660919 0.665395 0.709681 0.693002 0.698363 0.676251 0.690154 
0.683906 0.683105 0.720464 0.692150 0.692718 0.722637 0.715601 0.659187 0.607268 0.608703 
0.645205 0.653422 0.660232 0.648856 0.683932 0.683613 0.711733 0.680254 0.717153 0.674269 
0.709779 0.743044 0.702964 0.678607 0.665103 0.670822 0.672240 0.721879 0.701892 0.723994 
0.370065 0.399643 0.457609 0.455899 0.426577 0.521219 0.545488 0.569092 0.459063 0.509662 
0.514418 0.538479 0.571643 0.586014 0.650061 0.605521 0.588256 0.529707 0.548011 0.514006 
0.515990 0.505482 0.516582 0.510050 0.555838 0.522056 0.552007 0.515991 0.571344 0.554638 
0.621210 0.566319 0.599282 0.520311 0.487871 0.475918 0.471678 0.539658 0.544815 0.678866 
0.359048 0.272698 0.293562 0.287680 0.389839 0.431348 0.451805 0.431014 0.379607 0.375879 
0.368852 0.446363 0.473358 0.481665 0.488671 0.513325 0.479314 0.463738 0.413376 0.418185 
0.396695 0.404125 0.405995 0.424682 0.419550 0.397007 0.396203 0.384016 0.428493 0.420128 
0.372894 0.406704 0.379547 0.415387 0.411337 0.440453 0.409834 0.442075 0.518051 0.579245 
0.389896 0.318396 0.357458 0.370678 0.592204 0.426822 0.492622 0.466178 0.460561 0.517519 
0.484271 0.512604 0.538833 0.551348 0.476930 0.499089 0.525423 0.504193 0.506267 0.479269 
0.451792 0.497037 0.454186 0.451787 0.446856 0.475356 0.493235 0.458782 0.447143 0.467351 
0.465104 0.475809 0.471122 0.494704 0.522996 0.504942 0.429651 0.510841 0.582117 0.610264 
0.453404 0.392196 0.534762 0.604532 0.674242 0.681281 0.643255 0.561994 0.537252 0.556115 
0.507599 0.484222 0.547922 0.580193 0.478877 0.488416 0.494021 0.508344 0.467140 0.453551 
0.542809 0.470144 0.428023 0.449135 0.453167 0.475460 0.482934 0.446803 0.495752 0.467265 
0.561300 0.543791 0.501542 0.463377 0.502929 0.473210 0.444615 0.545718 0.576701 0.650715 
0.456615 0.395529 0.510815 0.547287 0.635639 0.453057 0.568699 0.517925 0.511310 0.528864 
0.459954 0.530509 0.550657 0.567993 0.478608 0.456009 0.394283 0.489799 0.495180 0.543452 
0.519609 0.434840 0.438766 0.491262 0.520299 0.598506 0.509741 0.445258 0.499646 0.507598 
0.482742 0.507105 0.486118 0.462028 0.443765 0.435055 0.416700 0.508542 0.583279 0.639580 
0.414766 0.361371 0.427075 0.369118 0.399593 0.447212 0.564079 0.517543 0.461026 0.533116 
0.594679 0.619446 0.610244 0.447939 0.507254 0.483485 0.483432 0.516122 0.488647 0.543297 
0.482987 0.470644 0.465009 0.517457 0.486428 0.579841 0.572703 0.529515 0.473085 0.506919 
0.481902 0.479860 0.454874 0.450699 0.450890 0.476781 0.475301 0.484671 0.560897 0.617606 
0.413363 0.360836 0.492530 0.442117 0.420954 0.373256 0.394438 0.430400 0.421214 0.501459 
0.591082 0.587512 0.567554 0.416695 0.444066 0.458887 0.521349 0.536135 0.518244 0.483936 
0.458679 0.451116 0.487883 0.507842 0.480663 0.483752 0.478422 0.515137 0.426730 0.468494 
0.475117 0.472784 0.440024 0.513760 0.459486 0.470662 0.486946 0.580376 0.617403 0.629074 
0.433320 0.492766 0.605196 0.541851 0.416361 0.470047 0.438194 0.447700 0.481748 0.497407 
0.545708 0.573783 0.437531 0.470226 0.490156 0.459943 0.488981 0.499178 0.518229 0.474158 
0.504158 0.475054 0.576916 0.531125 0.458204 0.450428 0.519729 0.490646 0.467961 0.435853 
0.491417 0.462784 0.461432 0.476892 0.481497 0.520135 0.528733 0.539108 0.571629 0.642494 
0.457902 0.459282 0.492907 0.485466 0.457288 0.543616 0.544630 0.483968 0.513695 0.526624 
0.515299 0.477240 0.476408 0.464040 0.391303 0.377532 0.415254 0.482682 0.489162 0.462823 
0.463408 0.527254 0.562655 0.555945 0.467011 0.472146 0.486253 0.506118 0.458669 0.453172 
0.467363 0.448755 0.442378 0.468557 0.458031 0.491053 0.485995 0.512368 0.580471 0.634967 
0.454053 0.454474 0.448795 0.434390 0.395415 0.484816 0.504503 0.517629 0.549375 0.520320 
0.537049 0.517152 0.521063 0.476223 0.380737 0.348659 0.358655 0.481152 0.602851 0.473979 
0.351873 0.480323 0.491110 0.484527 0.402621 0.460305 0.472766 0.494348 0.424976 0.495054 
0.489153 0.455950 0.408744 0.443361 0.451402 0.449839 0.408450 0.503978 0.612256 0.665813 
0.410303 0.468567 0.430804 0.408655 0.415689 0.478485 0.445829 0.553446 0.474594 0.488093 
0.484237 0.459325 0.474470 0.465941 0.405570 0.322399 0.296280 0.328495 0.510976 0.511915 
0.474589 0.440714 0.422905 0.409440 0.426548 0.469621 0.524434 0.521962 0.499081 0.473099 
0.509369 0.430610 0.386764 0.419377 0.431964 0.429843 0.430027 0.472089 0.645304 0.645836 
0.424980 0.420511 0.511815 0.476758 0.427380 0.441606 0.435584 0.528077 0.488201 0.493049 
0.486160 0.459660 0.487616 0.419425 0.343129 0.745214 0.287027 0.153739 0.327941 0.483371 
0.482808 0.482851 0.503409 0.499722 0.559250 0.553810 0.520508 0.506468 0.501976 0.527825 
0.562566 0.471795 0.424951 0.420956 0.465653 0.447123 0.452216 0.496698 0.636307 0.676597 
0.438531 0.429024 0.421748 0.495025 0.437729 0.489477 0.536891 0.539935 0.505266 0.471089 
0.465605 0.484099 0.518005 0.522373 0.292426 0.669103 0.331034 0.237716 0.274239 0.445571 
0.427691 0.475174 0.539892 0.544120 0.523405 0.491460 0.473883 0.521862 0.478997 0.508193 
0.517325 0.512806 0.500012 0.454154 0.437505 0.443666 0.425227 0.470859 0.624472 0.659883 
0.455426 0.471261 0.398676 0.434561 0.479845 0.519425 0.539521 0.577557 0.526807 0.561997 
0.515425 0.532583 0.602479 0.528108 0.633861 0.774907 0.312489 0.289924 0.384895 0.453545 
0.461213 0.531758 0.540535 0.520943 0.516835 0.481005 0.457903 0.484489 0.513897 0.508706 
0.492966 0.495892 0.498865 0.436862 0.460744 0.439664 0.460843 0.457305 0.649450 0.699798 
0.399804 0.442910 0.420786 0.466039 0.504084 0.508372 0.487423 0.534050 0.545556 0.521981 
0.472729 0.522452 0.590707 0.566049 0.763060 0.924351 0.768987 0.443477 0.459456 0.505802 
0.374996 0.454799 0.467348 0.459436 0.438688 0.442001 0.475472 0.490100 0.562916 0.434985 
0.412851 0.427388 0.541821 0.499987 0.464741 0.488977 0.515873 0.490575 0.645268 0.697169 
0.439022 0.356344 0.403583 0.451602 0.464143 0.468335 0.513495 0.513564 0.489147 0.490114 
0.473748 0.458781 0.485921 0.500444 0.500963 0.667999 0.570137 0.487988 0.598487 0.540095 
0.466785 0.446518 0.489817 0.469914 0.492238 0.460693 0.525330 0.583345 0.613477 0.543675 
0.418430 0.473399 0.477863 0.494175 0.526286 0.560605 0.535924 0.547617 0.636525 0.663440 
0.416865 0.483821 0.461975 0.456063 0.524702 0.412020 0.424477 0.487716 0.522647 0.488007 
0.467326 0.416635 0.408672 0.434342 0.402353 0.451067 0.490387 0.475966 0.560109 0.529352 
0.533499 0.464947 0.451745 0.482376 0.500041 0.539534 0.575065 0.562045 0.591947 0.531715 
0.482950 0.434942 0.400815 0.403450 0.462932 0.532652 0.498156 0.548203 0.560555 0.676941 
0.391711 0.385473 0.424451 0.510928 0.526988 0.439438 0.369620 0.412250 0.472879 0.481121 
0.472332 0.485398 0.476912 0.451297 0.436516 0.450800 0.470833 0.493399 0.518153 0.500254 
0.512716 0.462161 0.455925 0.451973 0.509391 0.497544 0.504455 0.523360 0.520769 0.533322 
0.471569 0.417792 0.421723 0.425331 0.426160 0.464510 0.424889 0.507586 0.524347 0.645894 
0.397224 0.408385 0.351106 0.464408 0.526812 0.520721 0.349115 0.323564 0.411363 0.474917 
0.541502 0.525663 0.517382 0.441870 0.444959 0.508283 0.513329 0.521789 0.525224 0.520987 
0.476746 0.426724 0.405358 0.428229 0.474303 0.482376 0.443622 0.459865 0.527180 0.537849 
0.518483 0.478388 0.478420 0.464481 0.469292 0.526964 0.490932 0.536079 0.540698 0.646873 
0.345752 0.460549 0.376538 0.251618 0.406428 0.529524 0.421395 0.276469 0.286951 0.351346 
0.450068 0.476558 0.497753 0.446506 0.478903 0.514368 0.501429 0.491101 0.498340 0.508469 
0.508475 0.445390 0.443924 0.431462 0.443466 0.463307 0.455084 0.455091 0.483764 0.452006 
0.440963 0.506227 0.511375 0.487038 0.527081 0.556686 0.557617 0.569245 0.565965 0.686012 
0.481741 0.368515 0.158290 0.151441 0.390618 0.292420 0.484279 0.638589 0.425967 0.268325 
0.281867 0.391430 0.491412 0.444284 0.458951 0.466730 0.496267 0.540915 0.475815 0.447306 
0.516370 0.487078 0.483195 0.440987 0.455002 0.472315 0.480141 0.434149 0.399784 0.442434 
0.476066 0.567534 0.563487 0.526521 0.547663 0.531201 0.493927 0.551281 0.606162 0.720050 
0.533280 0.556045 0.223913 0.438525 0.389457 0.179167 0.073603 0.109227 0.580783 0.318050 
0.249010 0.318094 0.396980 0.432876 0.436148 0.470988 0.463666 0.485212 0.500344 0.473730 
0.478646 0.480922 0.460184 0.408850 0.437763 0.447996 0.451030 0.455149 0.491727 0.542185 
0.527144 0.502599 0.508615 0.496385 0.466233 0.459556 0.502852 0.588851 0.628140 0.791762 
0.396762 0.452085 0.611817 0.239395 0.301080 0.084312 0.120850 0.157200 0.326853 0.342617 
0.295095 0.240310 0.300187 0.442109 0.449502 0.485039 0.450685 0.472637 0.445684 0.500588 
0.501669 0.523430 0.550347 0.491353 0.510900 0.486684 0.483007 0.495820 0.529376 0.509164 
0.495775 0.452130 0.482686 0.499870 0.446242 0.409971 0.517188 0.561019 0.601296 0.755648 
0.572253 0.727632 0.544835 0.225822 0.318150 0.347416 0.386007 0.469152 0.264611 0.679208 
0.696174 0.139791 0.216924 0.412974 0.490643 0.477012 0.436192 0.447621 0.417910 0.443014 
0.462641 0.498685 0.542773 0.525931 0.533264 0.536798 0.524608 0.530133 0.507216 0.468282 
0.428648 0.478179 0.470084 0.393720 0.335228 0.371930 0.495889 0.336016 0.578964 0.693922 
0.422723 0.562944 0.475504 0.360629 0.497917 0.537502 0.454912 0.579112 0.272438 0.490532 
0.558802 0.321108 0.385125 0.420933 0.462278 0.505506 0.493005 0.506125 0.486570 0.449898 
0.515713 0.478098 0.509624 0.571135 0.521650 0.493320 0.507082 0.509816 0.471035 0.476592 
0.486703 0.463100 0.502355 0.427625 0.287635 0.327072 0.447018 0.680051 0.328289 0.509756 
0.512445 0.538012 0.368211 0.240799 0.644791 0.666497 0.542043 0.437715 0.193711 0.470012 
0.678388 0.441768 0.480924 0.466214 0.462608 0.464901 0.567699 0.522555 0.513817 0.445712 
0.484961 0.489450 0.450119 0.535507 0.537768 0.513990 0.482935 0.484476 0.436856 0.388227 
0.578264 0.374735 0.478702 0.638084 0.216387 0.253096 0.531070 0.347446 0.146056 0.344239 
0.563180 0.591537 0.314854 0.315026 0.460937 0.336541 0.336392 0.566261 0.100155 0.180808 
0.498577 0.312449 0.388405 0.441671 0.425598 0.460129 0.604823 0.361115 0.545292 0.293772 
0.175400 0.274289 0.338340 0.371402 0.442316 0.422596 0.357063 0.377606 0.317907 0.272147 
0.309892 0.242354 0.432536 0.697589 0.368041 0.313446 0.394727 0.145406 0.216249 0.364832 
0.349525 0.508653 0.347935 0.258617 0.548914 0.506706 0.420754 0.630957 0.309242 0.505433 
0.300040 0.217948 0.364919 0.379724 0.358150 0.437397 0.291668 0.453162 0.797612 0.272955 
0.148349 0.284553 0.265513 0.349313 0.296863 0.124724 0.173101 0.258196 0.265917 0.305373 
0.314422 0.455723 0.216340 0.138682 0.240273 0.388851 0.096714 0.266605 0.623768 0.571347 
0.555953 0.542720 0.588863 0.571250 0.478264 0.525780 0.620510 0.395806 0.584331 0.189674 
0.167936 0.236253 0.312700 0.304138 0.328942 0.407713 0.400427 0.499145 0.501792 0.147842 
0.150712 0.232471 0.211672 0.572705 0.616741 0.202593 0.119493 0.105307 0.510322 0.665599 
0.310113 0.365216 0.353894 0.370508 0.562967 0.643542 0.430703 0.477880 0.630119 0.647280 
0.653911 0.520569 0.500267 0.556860 0.531838 0.483362 0.795999 0.609046 0.360541 0.427395 
0.107479 0.137817 0.354359 0.479767 0.392526 0.362221 0.643195 0.361789 0.630020 0.198157 
0.426874 0.503818 0.386614 0.327871 0.313325 0.300526 0.369817 0.430527 0.413969 0.296188 
0.213841 0.187900 0.158997 0.444440 0.699098 0.429724 0.436006 0.390488 0.339881 0.517299 
0.548876 0.321930 0.308835 0.544495 0.468195 0.372545 0.597591 0.532492 0.297788 0.375848 
0.291360 0.411459 0.577932 0.641192 0.525162 0.443610 0.566728 0.094227 0.139073 0.124880 
0.166668 0.291788 0.380578 0.431541 0.428756 0.494234 0.501123 0.622853 0.519970 0.524275 
0.457315 0.352980 0.278721 0.353026 0.471197 0.497883 0.319021 0.377918 0.389857 0.332743 
0.542060 0.426552 0.417963 0.272688 0.409592 0.524851 0.465509 0.429059 0.374249 0.582513 
0.420322 0.474591 0.417392 0.374084 0.193605 0.374686 0.311112 0.120338 0.247729 0.328511 
0.363285 0.317694 0.439397 0.394325 0.467792 0.505586 0.523211 0.589892 0.302391 0.465620 
0.604686 0.598749 0.616845 0.377451 0.348882 0.450969 0.311409 0.347863 0.514835 0.442089 
0.624016 0.384833 0.292647 0.206116 0.362113 0.334928 0.379250 0.321731 0.650414 0.650234 
0.335565 0.438217 0.567016 0.640738 0.384607 0.246893 0.108178 0.120963 0.552738 0.182734 
0.052619 0.240566 0.425693 0.414878 0.342478 0.546245 0.349101 0.321621 0.312459 0.252970 
0.375224 0.401007 0.713260 0.587867 0.476133 0.469501 0.259110 0.250939 0.477868 0.540523 
0.654953 0.384913 0.414862 0.226187 0.300827 0.391522 0.252612 0.357274 0.357969 0.468355 
0.271681 0.330753 0.205352 0.343215 0.476941 0.469343 0.305037 0.330182 0.565575 0.352552 
0.136062 0.540634 0.404463 0.449273 0.250511 0.780689 0.541168 0.183065 0.251851 0.400488 
0.280994 0.339919 0.489804 0.436913 0.559386 0.397243 0.172429 0.186779 0.401010 0.581165 
0.373904 0.317085 0.496371 0.514121 0.296937 0.363115 0.302754 0.149534 0.296089 0.479230 
0.357336 0.313131 0.313010 0.477913 0.326839 0.331329 0.697472 0.644042 0.499839 0.272258 
0.561994 0.718993 0.298956 0.399380 0.607091 0.751791 0.635424 0.401806 0.590633 0.464719 
0.343265 0.352118 0.367651 0.261910 0.445293 0.394708 0.247592 0.220609 0.203669 0.590930 
0.527270 0.278625 0.474545 0.584695 0.420835 0.325589 0.366629 0.240826 0.394803 0.408162 
0.177398 0.269796 0.274678 0.298227 0.222237 0.232912 0.280781 0.443635 0.469514 0.582347 
0.520080 0.293781 0.470161 0.467299 0.601904 0.638661 0.801190 0.621913 0.429890 0.521898 
0.467462 0.331786 0.261383 0.243478 0.647560 0.739789 0.473548 0.600151 0.286222 0.432437 
0.583581 0.432798 0.354535 0.509159 0.407322 0.436267 0.383826 0.335687 0.738368 0.462741 
0.098837 0.214223 0.288651 0.258485 0.358863 0.349228 0.190376 0.183716 0.276275 0.250347 
0.313682 0.160450 0.219135 0.351635 0.532825 0.516079 0.451536 0.460589 0.503140 0.775331 
0.686537 0.484409 0.246634 0.343365 0.868131 0.759126 0.336092 0.469557 0.564898 0.622352 
0.522746 0.437716 0.234563 0.410893 0.432636 0.415742 0.284785 0.318639 0.596248 0.239045 
0.145041 0.172594 0.181334 0.180001 0.299412 0.371513 0.292874 0.205487 0.323612 0.266964 
0.247296 0.212065 0.348066 0.355467 0.543684 0.356339 0.528852 0.370851 0.333007 0.527085 
0.423362 0.521553 0.370107 0.322728 0.485185 0.543995 0.533468 0.674953 0.597695 0.724052 
0.702013 0.651064 0.485354 0.525800 0.650619 0.797342 0.661439 0.505383 0.529427 0.757037 
0.475684 0.458511 0.681459 0.562103 0.455983 0.617432 0.748553 0.543137 0.579064 0.581336 
0.715719 0.646715 0.455875 0.436387 0.580181 0.708213 0.771576 0.671929 0.652274 0.812985 
0.693259 0.685655 0.682331 0.554037 0.597371 0.566387 0.513482 0.498223 0.491535 0.765603 
0.527438 0.578246 0.648907 0.713028 0.692356 0.679083 0.626778 0.663552 0.655006 0.670150 
0.673494 0.661424 0.637164 0.539499 0.542255 0.614491 0.622448 0.661378 0.652289 0.682936 
0.673829 0.665502 0.675234 0.645941 0.650351 0.627011 0.657055 0.686365 0.687359 0.628815 
0.691515 0.690591 0.682387 0.678335 0.677575 0.685126 0.689126 0.676475 0.633770 0.688155 
0.563309 0.656407 0.694104 0.729080 0.748930 0.697446 0.671547 0.680458 0.705807 0.727324 
0.696899 0.664233 0.639101 0.529180 0.547442 0.565646 0.643473 0.699962 0.746564 0.752147 
0.776432 0.748078 0.727914 0.716998 0.709978 0.702545 0.705845 0.733037 0.754565 0.693281 
0.665564 0.714305 0.726076 0.711944 0.726757 0.718531 0.731043 0.727147 0.670761 0.570279 
0.577029 0.664874 0.766691 0.750131 0.746909 0.690621 0.662889 0.727086 0.740193 0.739071 
0.734264 0.693010 0.631707 0.569628 0.657219 0.612206 0.686045 0.732489 0.753623 0.776101 
0.774621 0.785993 0.775891 0.747905 0.742391 0.760601 0.766371 0.766928 0.764044 0.745155 
0.735926 0.751829 0.746532 0.756577 0.757489 0.762138 0.780900 0.780388 0.707373 0.579140 
0.558521 0.580844 0.662181 0.681980 0.730516 0.717597 0.647954 0.658598 0.655855 0.634115 
0.609831 0.592039 0.536024 0.478016 0.606609 0.599811 0.621499 0.649670 0.684939 0.696726 
0.698441 0.710501 0.717914 0.695396 0.697568 0.690938 0.695976 0.677680 0.658662 0.699128 
0.687030 0.676617 0.689444 0.677086 0.669573 0.674287 0.708822 0.708964 0.631685 0.551721 
0.569427 0.562806 0.581970 0.575233 0.640524 0.617101 0.632698 0.621733 0.629290 0.592679 
0.633286 0.593252 0.517773 0.567254 0.617998 0.667016 0.687794 0.658125 0.652781 0.647867 
0.672040 0.706781 0.703896 0.735930 0.717644 0.702194 0.687042 0.677252 0.674021 0.673756 
0.646237 0.636859 0.659789 0.674107 0.668702 0.690447 0.690919 0.681210 0.594034 0.554332 
0.566919 0.528570 0.584194 0.551106 0.559919 0.582380 0.631141 0.656437 0.627892 0.586771 
0.665717 0.607561 0.605848 0.651869 0.632660 0.689100 0.658377 0.653964 0.652675 0.625987 
0.641862 0.714039 0.730583 0.703353 0.688828 0.646133 0.695530 0.704304 0.710109 0.693005 
0.656380 0.662427 0.684221 0.686815 0.697408 0.700081 0.679461 0.675075 0.601801 0.539940 
0.548510 0.528839 0.573057 0.628999 0.684541 0.632117 0.612557 0.632885 0.623768 0.611843 
0.588644 0.542129 0.483735 0.653450 0.689893 0.702327 0.676968 0.651584 0.660091 0.634247 
0.697036 0.728295 0.737929 0.687861 0.631943 0.614907 0.688619 0.712318 0.675441 0.655874 
0.663369 0.695633 0.684167 0.675034 0.689395 0.693998 0.678739 0.654227 0.593969 0.556983 
0.551506 0.525492 0.594474 0.649242 0.677765 0.642528 0.645725 0.648363 0.653768 0.676601 
0.588251 0.525254 0.543803 0.691326 0.704910 0.687104 0.657829 0.681970 0.670698 0.657925 
0.714712 0.703646 0.689451 0.683331 0.655848 0.674849 0.693849 0.696547 0.660020 0.668250 
0.677083 0.677280 0.678981 0.685845 0.707508 0.681106 0.678410 0.677524 0.595780 0.568542 
0.499353 0.473990 0.531685 0.612445 0.661249 0.656050 0.656804 0.659927 0.664953 0.639400 
0.573122 0.563756 0.665803 0.691555 0.678296 0.672526 0.662700 0.668195 0.685147 0.700500 
0.681193 0.667976 0.637205 0.652324 0.677179 0.728252 0.707885 0.659084 0.674576 0.682614 
0.693142 0.681167 0.672563 0.680845 0.704284 0.680778 0.673454 0.692150 0.635773 0.577908 
0.486873 0.479496 0.578477 0.658221 0.640383 0.604523 0.622271 0.629230 0.661793 0.615625 
0.605055 0.672834 0.705909 0.681068 0.659112 0.669453 0.680119 0.688735 0.681437 0.693945 
0.704051 0.677216 0.618486 0.650202 0.704446 0.725749 0.675745 0.653328 0.674748 0.676401 
0.688723 0.673491 0.665807 0.699629 0.694750 0.676717 0.698525 0.728113 0.625089 0.559045 
0.471759 0.494725 0.624079 0.662394 0.625746 0.613958 0.621308 0.628019 0.592986 0.579276 
0.575657 0.710328 0.711342 0.711225 0.719590 0.726814 0.712795 0.673709 0.637784 0.669741 
0.690274 0.707729 0.661649 0.660803 0.708693 0.713107 0.646354 0.644595 0.667737 0.666191 
0.661858 0.668056 0.670244 0.703924 0.697357 0.683984 0.700068 0.697505 0.596704 0.564039 
0.485783 0.532707 0.599856 0.637194 0.612423 0.607070 0.616403 0.581203 0.611370 0.649138 
0.688694 0.720699 0.722553 0.709134 0.662078 0.727690 0.791321 0.744166 0.649983 0.702918 
0.714007 0.687733 0.706996 0.712244 0.672201 0.638754 0.635593 0.668639 0.658817 0.638590 
0.647847 0.671917 0.673260 0.701546 0.683722 0.685879 0.684194 0.637604 0.578905 0.555095 
0.502789 0.525008 0.605139 0.626528 0.645195 0.640612 0.612577 0.627660 0.642136 0.676493 
0.701522 0.686636 0.664663 0.534955 0.417038 0.572958 0.622872 0.754400 0.678201 0.709254 
0.716311 0.703291 0.710157 0.701389 0.661337 0.642924 0.689809 0.691928 0.671878 0.649565 
0.659091 0.676684 0.683475 0.693943 0.687598 0.684477 0.666084 0.589739 0.536560 0.514295 
0.497243 0.531073 0.614947 0.649883 0.678655 0.650806 0.602569 0.612993 0.622710 0.653689 
0.655417 0.689368 0.554217 0.476040 0.805094 0.965779 0.933939 0.654457 0.677551 0.736102 
0.695259 0.681110 0.719880 0.715055 0.646315 0.686737 0.706538 0.723605 0.680711 0.654763 
0.664835 0.681622 0.700089 0.682566 0.666603 0.690429 0.633899 0.526587 0.476946 0.484513 
0.512163 0.536582 0.625425 0.668390 0.670090 0.606531 0.523819 0.487781 0.585668 0.618326 
0.641087 0.694907 0.533660 0.434433 0.689750 0.627685 0.727032 0.697837 0.649916 0.669406 
0.638213 0.667263 0.675919 0.674425 0.682273 0.686587 0.692206 0.658327 0.659670 0.674422 
0.672171 0.675152 0.674327 0.662657 0.675960 0.687019 0.618805 0.492118 0.457203 0.465602 
0.474705 0.539884 0.612890 0.655385 0.673815 0.632782 0.617028 0.636441 0.672632 0.665831 
0.702990 0.697985 0.578637 0.522155 0.680095 0.432721 0.312576 0.676405 0.635926 0.684490 
0.694485 0.719043 0.721233 0.713125 0.699834 0.718624 0.687669 0.636016 0.638787 0.664126 
0.680142 0.670083 0.683726 0.674044 0.655286 0.697228 0.613362 0.482822 0.496632 0.501656 
0.530157 0.557011 0.645429 0.666323 0.631284 0.643448 0.674756 0.633057 0.650698 0.679631 
0.685897 0.684608 0.668000 0.644559 0.715380 0.696303 0.675365 0.651376 0.594041 0.654328 
0.700270 0.704009 0.711330 0.686537 0.697867 0.682021 0.667106 0.617842 0.579045 0.637287 
0.682020 0.695769 0.701746 0.687319 0.679458 0.660943 0.605748 0.590153 0.574102 0.538225 
0.513021 0.575914 0.620166 0.614854 0.612562 0.640607 0.697969 0.638810 0.652876 0.647196 
0.655424 0.688363 0.696364 0.697829 0.691668 0.744361 0.751598 0.655849 0.618886 0.671739 
0.686185 0.689886 0.711406 0.688729 0.671218 0.682924 0.641882 0.609736 0.609325 0.663751 
0.700329 0.705694 0.706767 0.702904 0.700693 0.686876 0.645741 0.645819 0.617608 0.559610 
0.531479 0.546813 0.616436 0.613837 0.608055 0.629113 0.684929 0.705037 0.703647 0.675929 
0.672801 0.701421 0.692339 0.683332 0.702956 0.732204 0.667267 0.609273 0.638612 0.686828 
0.680437 0.688622 0.692424 0.685401 0.678348 0.666768 0.649554 0.647328 0.690374 0.690671 
0.708214 0.702580 0.705718 0.701487 0.686603 0.670607 0.659125 0.667842 0.576899 0.569235 
0.554458 0.591600 0.619180 0.638148 0.670651 0.695455 0.696872 0.753149 0.739118 0.671276 
0.675559 0.699142 0.694245 0.687454 0.717009 0.711699 0.666485 0.643030 0.682779 0.697203 
0.698154 0.714034 0.682344 0.667404 0.672470 0.678692 0.667031 0.695292 0.692485 0.676802 
0.681554 0.691958 0.685859 0.677596 0.669412 0.667431 0.646246 0.668907 0.572095 0.558623 
0.555721 0.679415 0.669325 0.767154 0.781385 0.815052 0.836333 0.829573 0.814152 0.773970 
0.752199 0.713188 0.693735 0.692745 0.706128 0.716919 0.681154 0.670298 0.696120 0.658384 
0.677212 0.711881 0.688662 0.665742 0.660340 0.679770 0.686251 0.691563 0.686217 0.694896 
0.725848 0.679846 0.656275 0.689754 0.652167 0.654894 0.636387 0.638109 0.592773 0.566570 
0.490571 0.542937 0.667813 0.614182 0.615370 0.777853 0.895771 0.800358 0.708702 0.701430 
0.728273 0.720360 0.682909 0.698307 0.718459 0.707060 0.671831 0.652057 0.686723 0.657964 
0.661117 0.670682 0.659411 0.663572 0.677652 0.674508 0.673140 0.675044 0.680822 0.687376 
0.662232 0.634437 0.617614 0.652980 0.602196 0.639686 0.630350 0.638318 0.520289 0.515239 
0.509516 0.746676 0.502115 0.573948 0.766130 0.924705 0.871336 0.715008 0.793519 0.663089 
0.718684 0.728634 0.719798 0.721679 0.707021 0.682039 0.637329 0.671145 0.698173 0.676996 
0.687366 0.665169 0.647189 0.667819 0.674987 0.673680 0.659430 0.670956 0.676931 0.660917 
0.648049 0.613958 0.663191 0.689522 0.639301 0.610715 0.612719 0.667652 0.631769 0.635469 
0.549225 0.677507 0.699483 0.717780 0.846930 0.844290 0.900305 0.647561 0.571465 0.528712 
0.662957 0.723602 0.732569 0.716286 0.677129 0.657071 0.649442 0.665708 0.673477 0.649368 
0.642347 0.616462 0.630145 0.652956 0.629225 0.620736 0.636777 0.651398 0.648721 0.651928 
0.629440 0.643277 0.642355 0.630556 0.593081 0.612836 0.695447 0.738846 0.666358 0.649506 
0.510314 0.367902 0.685144 0.706332 0.786737 0.781661 0.765694 0.580217 0.508843 0.764783 
0.678352 0.537921 0.643697 0.688110 0.647079 0.627472 0.683644 0.708110 0.661547 0.633714 
0.632040 0.643186 0.668288 0.652188 0.624945 0.584837 0.622881 0.630759 0.628742 0.614398 
0.639912 0.629817 0.661929 0.630985 0.586565 0.650049 0.627909 0.622877 0.562427 0.784311 
0.579521 0.505711 0.682500 0.807383 0.871722 0.717465 0.663270 0.593227 0.617001 0.655714 
0.711833 0.467917 0.548633 0.660635 0.663305 0.675596 0.685960 0.666286 0.623677 0.554234 
0.556482 0.557085 0.609472 0.568096 0.533854 0.563782 0.621372 0.626722 0.601046 0.609254 
0.670053 0.711671 0.720344 0.663648 0.652439 0.649662 0.587321 0.550512 0.712909 0.846840 
0.622519 0.553344 0.644025 0.607744 0.780521 0.846281 0.833778 0.796818 0.638935 0.626040 
0.513642 0.479848 0.535175 0.631055 0.682796 0.683377 0.648141 0.621980 0.662785 0.612216 
0.626202 0.592477 0.662461 0.610360 0.604020 0.662359 0.681533 0.663835 0.639142 0.652210 
0.735940 0.729218 0.724345 0.756294 0.743982 0.732997 0.704439 0.744361 0.863360 0.882205 
0.767620 0.720385 0.586638 0.584639 0.861428 0.867579 0.828592 0.823425 0.547283 0.472404 
0.357666 0.367990 0.523740 0.540680 0.577185 0.637752 0.559195 0.514833 0.577316 0.697811 
0.797199 0.777656 0.775226 0.733407 0.702368 0.706848 0.650581 0.693310 0.733837 0.717675 
0.577264 0.630014 0.783079 0.909693 0.750913 0.585281 0.630412 0.904965 0.808001 0.819186 
0.681367 0.599372 0.563375 0.428671 0.625076 0.725873 0.759722 0.828293 0.747727 0.597820 
0.288906 0.397902 0.597228 0.587436 0.603800 0.539395 0.370134 0.344427 0.222759 0.429665 
0.707039 0.772291 0.784076 0.721423 0.743656 0.789772 0.772402 0.811472 0.672142 0.585865 
0.622852 0.828250 0.914068 0.894350 0.885005 0.719345 0.523804 0.517344 0.550393 0.743170 
0.633290 0.590592 0.673676 0.667617 0.700794 0.763250 0.802586 0.861769 0.835513 0.681338 
0.275719 0.358035 0.555337 0.517000 0.583263 0.320403 0.281773 0.366200 0.259212 0.441106 
0.679962 0.663079 0.615857 0.663237 0.811967 0.644715 0.700432 0.581470 0.565981 0.660665 
0.623285 0.743180 0.834040 0.904909 0.894154 0.793464 0.731153 0.760377 0.480353 0.604792 
0.569843 0.684055 0.745087 0.709126 0.574021 0.484887 0.621925 0.548573 0.820262 0.751740 
0.564807 0.469175 0.436865 0.424219 0.498006 0.348130 0.240234 0.200132 0.220390 0.379768 
0.585830 0.512221 0.554144 0.659145 0.711794 0.721027 0.691633 0.595069 0.594882 0.504098 
0.671544 0.730874 0.730527 0.748343 0.682765 0.790753 0.821856 0.854093 0.789142 0.638465 
0.624756 0.631284 0.709286 0.663729 0.566614 0.431843 0.555266 0.642495 0.836833 0.697038 
0.392063 0.643729 0.685701 0.827807 0.751803 0.586282 0.444950 0.417822 0.434971 0.628797 
0.480776 0.518581 0.714081 0.826741 0.687730 0.700230 0.690439 0.667679 0.675272 0.573137 
0.781462 0.752718 0.682868 0.764192 0.737117 0.601101 0.526234 0.764580 0.634415 0.668294 
0.710361 0.599634 0.719836 0.759930 0.702574 0.534669 0.689835 0.749784 0.698371 0.409591 
0.384702 0.478748 0.519694 0.671423 0.612693 0.857568 0.460503 0.409590 0.701862 0.785058 
0.499265 0.600220 0.827329 0.861161 0.723346 0.749535 0.630502 0.660972 0.620023 0.457608 
0.595994 0.613684 0.704508 0.773208 0.710666 0.582469 0.582813 0.678582 0.623048 0.633371 
0.742101 0.621276 0.640790 0.751059 0.791729 0.493438 0.472079 0.467762 0.573945 0.443574 
0.518235 0.559299 0.540787 0.675707 0.576888 0.705971 0.614630 0.452366 0.589489 0.356895 
0.423879 0.653170 0.748491 0.752167 0.776386 0.817344 0.552243 0.757419 0.587252 0.501312 
0.668456 0.687714 0.789798 0.603812 0.764436 0.767419 0.737217 0.742908 0.666561 0.542141 
0.691492 0.523498 0.624513 0.692529 0.710059 0.571743 0.483971 0.455688 0.658390 0.755782 
0.702215 0.692586 0.711500 0.791342 0.573377 0.588011 0.715744 0.682014 0.553930 0.501523 
0.482623 0.676741 0.761352 0.604551 0.684336 0.778969 0.607768 0.630322 0.676083 0.758726 
0.695303 0.734594 0.699202 0.818588 0.718103 0.714888 0.672603 0.725431 0.493938 0.618849 
0.662166 0.582583 0.714479 0.677925 0.572052 0.588850 0.621859 0.581262 0.580953 0.615357 
0.608829 0.706295 0.793164 0.828417 0.731860 0.536109 0.633562 0.628656 0.719663 0.570115 
0.572343 0.452204 0.595148 0.672090 0.602585 0.523144 0.727177 0.586772 0.781059 0.760108 
0.527601 0.633059 0.812840 0.782359 0.709215 0.697057 0.736654 0.774404 0.502116 0.717397 
0.722011 0.664447 0.674590 0.787563 0.600110 0.622519 0.631244 0.586459 0.595123 0.582040 
0.554670 0.567071 0.704709 0.719442 0.652313 0.494660 0.475470 0.618391 0.765483 0.825721 
0.769896 0.763391 0.625923 0.756650 0.776097 0.736016 0.768461 0.707097 0.763279 0.562942 
0.599317 0.627958 0.704407 0.620615 0.574287 0.599957 0.785551 0.782159 0.545631 0.677451 
0.743141 0.678602 0.647514 0.645729 0.594175 0.799231 0.537950 0.439175 0.585634 0.526647 
0.486782 0.569475 0.762500 0.644427 0.727821 0.627775 0.611110 0.672765 0.628902 0.779489 
0.859938 0.870570 0.817653 0.697327 0.551307 0.660378 0.840393 0.740442 0.794013 0.655425 
0.712469 0.591835 0.489847 0.601458 0.638795 0.576429 0.654802 0.561149 0.445401 0.591948 
0.677718 0.544873 0.588187 0.560974 0.703845 0.827376 0.631115 0.310977 0.400109 0.314391 
0.559687 0.336047 0.610292 0.645904 0.766953 0.787556 0.744698 0.767310 0.806377 0.742664 
0.734030 0.737911 0.681028 0.670220 0.521050 0.413089 0.541046 0.532399 0.613704 0.473832 
0.546090 0.584251 0.466176 0.663864 0.819141 0.768821 0.716619 0.581898 0.641321 0.639849 
0.789384 0.735010 0.742054 0.669186 0.742458 0.818983 0.656895 0.391652 0.345998 0.598543 
0.639829 0.528767 0.572950 0.579111 0.657850 0.814576 0.780027 0.793513 0.697963 0.655398 
0.748923 0.759671 0.686847 0.678321 0.696134 0.629314 0.794461 0.815752 0.772562 0.683032 
0.621771 0.682670 0.616660 0.734422 0.810595 0.807568 0.793514 0.852541 0.812789 0.700550 
0.617939 0.678129 0.694861 0.752313 0.708305 0.725206 0.748899 0.791967 0.746114 0.730435 
0.692893 0.663318 0.712599 0.748306 0.777038 0.728265 0.685960 0.648217 0.675012 0.718599 
0.718664 0.745105 0.762845 0.741254 0.761246 0.766808 0.787400 0.748695 0.728195 0.742089 
0.835613 0.780940 0.782673 0.752916 0.752332 0.748204 0.713070 0.685173 0.667767 0.835083 
0.475149 0.439745 0.419524 0.368068 0.358077 0.428928 0.393407 0.435452 0.397682 0.433046 
0.415748 0.426928 0.492947 0.484785 0.457618 0.365864 0.449746 0.369988 0.410134 0.418189 
0.423338 0.423776 0.418120 0.399614 0.420725 0.421280 0.441020 0.392732 0.418025 0.455209 
0.484107 0.374722 0.416928 0.352697 0.367516 0.339686 0.334456 0.344049 0.352641 0.575157 
0.605491 0.520312 0.455925 0.436909 0.483217 0.555622 0.525055 0.572784 0.536268 0.545863 
0.525241 0.538151 0.590113 0.569263 0.596762 0.434181 0.532859 0.556831 0.572050 0.590243 
0.589419 0.546423 0.532224 0.574520 0.587938 0.564306 0.537240 0.553923 0.607346 0.579927 
0.530370 0.525749 0.561973 0.562232 0.566756 0.550931 0.522694 0.481125 0.517396 0.635672 
0.648936 0.586613 0.589932 0.579809 0.479123 0.712569 0.640335 0.583541 0.620951 0.642739 
0.651002 0.662279 0.646550 0.602430 0.696409 0.591683 0.608936 0.632600 0.660654 0.671902 
0.640810 0.635925 0.664437 0.640290 0.636291 0.638248 0.648369 0.658948 0.654103 0.657264 
0.680606 0.670841 0.673488 0.676576 0.706785 0.699710 0.649438 0.592766 0.604578 0.724186 
0.680852 0.657290 0.727409 0.837330 0.862963 0.835256 0.641242 0.596920 0.645362 0.615934 
0.622008 0.619814 0.677366 0.755127 0.727680 0.679503 0.667673 0.667362 0.643152 0.611748 
0.600373 0.663606 0.630182 0.627796 0.615951 0.618114 0.639696 0.609452 0.578557 0.614861 
0.698241 0.698840 0.670149 0.643974 0.631306 0.610069 0.590915 0.593232 0.587988 0.736382 
0.701326 0.677057 0.703749 0.654807 0.736594 0.717621 0.706587 0.735278 0.733184 0.649815 
0.646747 0.604363 0.652066 0.748123 0.681608 0.702484 0.664579 0.632079 0.628250 0.651210 
0.633456 0.616087 0.592476 0.622476 0.658494 0.610885 0.652626 0.646503 0.639857 0.644475 
0.639857 0.633572 0.650853 0.647080 0.628517 0.603108 0.596240 0.580534 0.598548 0.715541 
0.666924 0.639455 0.664784 0.602903 0.575654 0.691057 0.767810 0.741061 0.690034 0.659940 
0.678355 0.713826 0.660210 0.677701 0.581274 0.669651 0.703767 0.691906 0.750320 0.722546 
0.674087 0.639072 0.620268 0.629164 0.668501 0.721202 0.682451 0.670546 0.661751 0.666174 
0.632285 0.619818 0.620262 0.623523 0.634070 0.645981 0.615500 0.583309 0.612589 0.717535 
0.651130 0.646706 0.652645 0.611060 0.643733 0.663578 0.654524 0.625492 0.650760 0.680809 
0.748822 0.791702 0.728579 0.642702 0.598987 0.645986 0.679800 0.739339 0.711699 0.680807 
0.687565 0.653196 0.645100 0.644532 0.591918 0.606642 0.615168 0.672304 0.665691 0.664869 
0.666681 0.657499 0.657705 0.654312 0.661746 0.639588 0.619960 0.616913 0.615230 0.745762 
0.657071 0.664617 0.677163 0.690600 0.661376 0.665697 0.650794 0.616224 0.645130 0.663834 
0.689540 0.715055 0.613141 0.618132 0.660999 0.622726 0.644758 0.665447 0.670418 0.630077 
0.631611 0.635140 0.687884 0.714265 0.688896 0.635950 0.650295 0.648243 0.663840 0.644637 
0.652227 0.656687 0.638533 0.625108 0.658854 0.646479 0.625499 0.635092 0.634593 0.719816 
0.713963 0.681216 0.622751 0.619622 0.637055 0.664398 0.697367 0.666014 0.720128 0.679947 
0.636727 0.652917 0.648283 0.675913 0.699178 0.615889 0.574286 0.583084 0.644805 0.683535 
0.642728 0.668909 0.732543 0.753027 0.661704 0.630251 0.663316 0.645487 0.618859 0.618984 
0.622660 0.649725 0.649576 0.626032 0.647669 0.677801 0.663610 0.637777 0.619285 0.718071 
0.707577 0.715343 0.635246 0.594498 0.629169 0.622612 0.600629 0.655685 0.722414 0.725825 
0.657969 0.691733 0.736469 0.694692 0.728187 0.650364 0.563393 0.555260 0.577439 0.608557 
0.619945 0.647479 0.652458 0.643165 0.592268 0.627483 0.645269 0.596597 0.587471 0.611542 
0.607653 0.643128 0.658528 0.631201 0.640329 0.639806 0.589919 0.582606 0.614132 0.740357 
0.669718 0.696577 0.636891 0.627450 0.648968 0.624388 0.579311 0.627297 0.684804 0.668024 
0.620319 0.647949 0.668890 0.653178 0.791068 0.786821 0.654717 0.656670 0.707175 0.669817 
0.664244 0.630937 0.606773 0.574440 0.585964 0.624613 0.609746 0.604240 0.625818 0.619902 
0.589922 0.613596 0.606295 0.586403 0.605700 0.600017 0.539443 0.547077 0.566628 0.732721 
0.664341 0.679540 0.650161 0.622947 0.689059 0.674978 0.640843 0.676788 0.722078 0.668541 
0.625866 0.568282 0.502740 0.411253 0.165989 0.076784 0.566083 0.500797 0.590518 0.611502 
0.682100 0.667578 0.616648 0.615670 0.705073 0.705726 0.647671 0.656352 0.672791 0.661237 
0.639480 0.624147 0.603136 0.592890 0.621858 0.621698 0.577444 0.557315 0.548211 0.684287 
0.683749 0.688701 0.666668 0.662277 0.667078 0.689733 0.646697 0.651870 0.688024 0.655758 
0.574316 0.534769 0.532102 0.524784 0.239247 0.045004 0.050086 0.569096 0.461225 0.560199 
0.608310 0.634498 0.672231 0.674946 0.671411 0.696109 0.681422 0.689576 0.673388 0.702553 
0.699023 0.646196 0.639477 0.623656 0.634169 0.606355 0.543370 0.561612 0.526978 0.683650 
0.693223 0.672617 0.626519 0.593522 0.666646 0.709231 0.718899 0.718862 0.682435 0.705014 
0.613872 0.652462 0.688200 0.608485 0.737699 0.942972 0.558882 0.448344 0.452031 0.584738 
0.577931 0.652206 0.654997 0.645483 0.613302 0.582899 0.649020 0.625313 0.627709 0.668712 
0.668107 0.656915 0.669230 0.656175 0.628399 0.582107 0.597288 0.623270 0.582922 0.703968 
0.643576 0.650481 0.625993 0.603677 0.691485 0.747418 0.673939 0.701923 0.736896 0.711289 
0.702006 0.752532 0.791627 0.775092 0.872422 0.946325 0.922878 0.745397 0.745585 0.705329 
0.643030 0.653186 0.644524 0.654031 0.650382 0.629908 0.607844 0.609417 0.595986 0.647646 
0.631327 0.617681 0.650044 0.710427 0.674681 0.619895 0.653540 0.690586 0.730404 0.753488 
0.681609 0.666355 0.641243 0.634253 0.664559 0.688654 0.632752 0.606119 0.665739 0.687245 
0.694706 0.712050 0.732044 0.727035 0.640109 0.551264 0.602505 0.640851 0.757697 0.734355 
0.646976 0.593261 0.638712 0.671219 0.691397 0.629044 0.649821 0.675449 0.623488 0.627811 
0.655561 0.643764 0.652774 0.666718 0.667644 0.674687 0.704767 0.687480 0.708458 0.749373 
0.663021 0.700052 0.623622 0.593181 0.625926 0.669744 0.644579 0.579116 0.642117 0.666964 
0.662430 0.614851 0.631421 0.680601 0.619094 0.547699 0.624890 0.690065 0.662090 0.663158 
0.689353 0.637010 0.653136 0.642714 0.663640 0.691225 0.718392 0.721864 0.725344 0.666606 
0.666207 0.655517 0.613231 0.594972 0.648738 0.672385 0.668938 0.620887 0.599116 0.700386 
0.653298 0.624656 0.599631 0.587538 0.588301 0.639216 0.629668 0.630787 0.672870 0.673688 
0.632451 0.613994 0.637081 0.650535 0.613957 0.631771 0.659499 0.641604 0.608252 0.629060 
0.679901 0.662426 0.659821 0.637720 0.654205 0.678351 0.701904 0.687615 0.667453 0.648973 
0.678744 0.661932 0.618324 0.600302 0.610746 0.634172 0.620386 0.562922 0.566545 0.731197 
0.632649 0.637172 0.602035 0.543494 0.641563 0.689244 0.679096 0.731914 0.718750 0.673471 
0.636663 0.665186 0.681425 0.654525 0.644086 0.673554 0.673713 0.657946 0.658412 0.667680 
0.626995 0.638281 0.640317 0.668826 0.681535 0.658024 0.650134 0.651144 0.654159 0.657307 
0.632824 0.644901 0.649787 0.603534 0.610846 0.649042 0.627276 0.647088 0.609977 0.735395 
0.655141 0.672201 0.519419 0.582826 0.748898 0.787259 0.660775 0.685479 0.705496 0.628676 
0.630478 0.616378 0.650917 0.649452 0.645754 0.675585 0.686092 0.658487 0.636008 0.643625 
0.628232 0.631282 0.629257 0.637190 0.637654 0.652411 0.649200 0.654431 0.683749 0.655196 
0.643198 0.644557 0.640691 0.670791 0.664712 0.668122 0.717086 0.680192 0.640557 0.720654 
0.395732 0.489322 0.467871 0.675914 0.616501 0.191284 0.109298 0.093388 0.431219 0.565170 
0.500499 0.508498 0.586656 0.626498 0.645004 0.633439 0.656335 0.588516 0.622819 0.608146 
0.593563 0.647141 0.638925 0.607848 0.613165 0.622993 0.663611 0.644410 0.612484 0.596857 
0.605732 0.663199 0.650969 0.655413 0.677479 0.679830 0.590511 0.530165 0.571003 0.680782 
0.123612 0.031041 0.318981 0.313170 0.099817 0.076911 0.072036 0.086216 0.061681 0.608319 
0.513329 0.509794 0.565016 0.606291 0.615895 0.648351 0.695253 0.699629 0.687259 0.644192 
0.625739 0.639287 0.641710 0.628077 0.624141 0.647612 0.671702 0.642149 0.621046 0.638222 
0.711898 0.709707 0.665642 0.649023 0.650918 0.616078 0.544072 0.551275 0.576623 0.784991 
0.592077 0.536361 0.637461 0.151384 0.194588 0.344771 0.204167 0.380642 0.185951 0.414131 
0.627246 0.518805 0.545208 0.575501 0.611256 0.642016 0.647604 0.630953 0.652245 0.699605 
0.668477 0.635742 0.652240 0.641717 0.659379 0.664830 0.641066 0.652214 0.701982 0.725441 
0.700730 0.644197 0.626170 0.656990 0.649174 0.557335 0.535173 0.616978 0.629457 0.621303 
0.899196 0.911201 0.759730 0.504099 0.579366 0.722261 0.807318 0.714352 0.491512 0.120577 
0.341386 0.552986 0.470616 0.520183 0.585180 0.614951 0.636797 0.633424 0.683887 0.706448 
0.696814 0.682821 0.706600 0.701917 0.689512 0.661973 0.671696 0.683544 0.655503 0.628223 
0.633791 0.639835 0.688499 0.706324 0.668674 0.613634 0.588278 0.664773 0.348290 0.208244 
0.869235 0.915055 0.857632 0.833937 0.807736 0.812407 0.612313 0.392685 0.447436 0.300719 
0.071091 0.610288 0.569814 0.525742 0.565325 0.647856 0.651973 0.681669 0.692073 0.694418 
0.670322 0.624421 0.623269 0.656629 0.659077 0.632947 0.633917 0.662140 0.641252 0.626209 
0.626459 0.735320 0.784541 0.747200 0.586777 0.517936 0.678011 0.526383 0.149713 0.457511 
0.703139 0.612708 0.542205 0.811610 0.728230 0.636678 0.718971 0.602621 0.409712 0.484438 
0.240980 0.624428 0.713455 0.612760 0.584272 0.541885 0.556088 0.694607 0.687445 0.589453 
0.506489 0.551189 0.592117 0.639518 0.659105 0.629874 0.645842 0.679884 0.638262 0.569614 
0.609136 0.754238 0.746778 0.464513 0.458989 0.368947 0.550863 0.303689 0.513997 0.804031 
0.585539 0.396108 0.527437 0.675289 0.692373 0.760406 0.813108 0.921342 0.620547 0.504248 
0.261126 0.393042 0.618293 0.542837 0.489564 0.484662 0.348990 0.705805 0.534500 0.571330 
0.425843 0.498542 0.564306 0.681684 0.698853 0.639729 0.624196 0.506233 0.426327 0.409934 
0.391093 0.609063 0.083008 0.053641 0.140219 0.525441 0.483276 0.555433 0.818703 0.928038 
0.659458 0.759061 0.530405 0.497513 0.921611 0.957057 0.780718 0.725617 0.732833 0.397998 
0.243717 0.398514 0.648622 0.543598 0.429717 0.399572 0.364824 0.274915 0.024083 0.382440 
0.313270 0.347519 0.525601 0.529754 0.470001 0.510655 0.380569 0.355544 0.435625 0.351195 
0.333615 0.298787 0.063608 0.073670 0.139063 0.323846 0.702171 0.917671 0.957875 0.925206 
0.773639 0.812006 0.622479 0.409918 0.677670 0.866949 0.864147 0.823431 0.752384 0.603331 
0.401084 0.399802 0.662156 0.589364 0.451213 0.430013 0.661950 0.204253 0.017510 0.241282 
0.261140 0.323473 0.305212 0.056000 0.030951 0.187589 0.318105 0.315017 0.337444 0.075839 
0.510067 0.373560 0.435181 0.881248 0.644319 0.218765 0.402497 0.630166 0.639118 0.812806 
0.764679 0.751618 0.827391 0.743069 0.415214 0.777842 0.900343 0.889341 0.559097 0.943277 
0.618437 0.246905 0.376110 0.430583 0.330364 0.286425 0.570569 0.114535 0.174517 0.180632 
0.244382 0.434085 0.138789 0.054034 0.147398 0.037472 0.231836 0.349949 0.211395 0.221235 
0.486291 0.330098 0.759788 0.938925 0.947194 0.675403 0.527655 0.473735 0.459986 0.589090 
0.696571 0.751819 0.795150 0.741007 0.669836 0.597817 0.699732 0.827620 0.606025 0.927134 
0.960928 0.740766 0.451524 0.369683 0.367134 0.394278 0.695325 0.517696 0.619316 0.345375 
0.323543 0.557348 0.413156 0.524300 0.745978 0.513790 0.636915 0.582907 0.265909 0.812653 
0.896769 0.768070 0.694473 0.813670 0.877610 0.908810 0.743429 0.632531 0.563137 0.673072 
0.687574 0.666585 0.463426 0.663476 0.620484 0.615046 0.672834 0.866439 0.952429 0.950840 
0.923108 0.827182 0.514962 0.698187 0.671275 0.526972 0.442802 0.854044 0.949230 0.758592 
0.660597 0.665968 0.778705 0.795697 0.836524 0.626299 0.473716 0.837761 0.771749 0.832187 
0.871333 0.864479 0.463325 0.504079 0.622083 0.685057 0.643203 0.773850 0.807297 0.801722 
0.804084 0.899405 0.715859 0.575556 0.574876 0.603404 0.766584 0.840726 0.899339 0.820667 
0.824583 0.801370 0.858825 0.710930 0.741144 0.861978 0.654843 0.713321 0.899569 0.937545 
0.446106 0.449573 0.585105 0.895124 0.726294 0.835050 0.551733 0.649432 0.921506 0.801368 
0.603762 0.718082 0.890141 0.658575 0.507215 0.645992 0.676077 0.721947 0.719089 0.803213 
0.780268 0.838755 0.788243 0.728198 0.783787 0.689004 0.563402 0.478786 0.341825 0.502086 
0.580535 0.380012 0.543634 0.493742 0.586066 0.724046 0.857472 0.951368 0.938083 0.951278 
0.967443 0.954379 0.655854 0.843469 0.900631 0.948553 0.780649 0.505094 0.663906 0.580351 
0.450953 0.659818 0.672604 0.511769 0.424260 0.617077 0.535095 0.376589 0.389159 0.602479 
0.581968 0.532586 0.663855 0.760012 0.786760 0.694943 0.649225 0.420066 0.256372 0.475434 
0.684967 0.781173 0.836106 0.774965 0.645595 0.765182 0.952011 0.938962 0.695181 0.724604 
0.945121 0.950299 0.863023 0.654496 0.874404 0.968152 0.814603 0.491449 0.341807 0.591159 
0.590861 0.460031 0.343691 0.462979 0.327844 0.385184 0.592046 0.364485 0.421537 0.351779 
0.646481 0.517913 0.565862 0.727229 0.812810 0.710829 0.659206 0.732747 0.701847 0.719266 
0.557856 0.765314 0.808444 0.741305 0.677798 0.650463 0.756971 0.738262 0.626740 0.723256 
0.711428 0.609677 0.673767 0.755647 0.785689 0.761466 0.444844 0.517406 0.481745 0.656327 
0.538861 0.576854 0.696622 0.642757 0.830877 0.831009 0.611201 0.552954 0.614235 0.491897 
0.758552 0.734511 0.514173 0.763753 0.764965 0.512299 0.355579 0.662393 0.423228 0.811942 
0.494978 0.535713 0.631777 0.577844 0.784173 0.720066 0.567402 0.669230 0.701489 0.723136 
0.500834 0.419208 0.535314 0.736689 0.805881 0.580542 0.640187 0.699736 0.725202 0.414579 
0.546600 0.798051 0.856427 0.760679 0.843706 0.730022 0.833616 0.910162 0.805917 0.776893 
0.776923 0.658917 0.380148 0.480217 0.538382 0.533263 0.391219 0.418209 0.051780 0.437094 
0.407523 0.510808 0.556440 0.585190 0.772958 0.713165 0.556862 0.565587 0.473640 0.511391 
0.596840 0.595387 0.709356 0.858149 0.795494 0.741665 0.872292 0.824580 0.781917 0.785799 
0.842632 0.780327 0.782270 0.834558 0.800004 0.847210 0.877377 0.825980 0.661313 0.777146 
0.766920 0.717950 0.709531 0.659762 0.743531 0.863405 0.817959 0.781874 0.459099 0.498903 
0.679873 0.706943 0.643477 0.671703 0.530952 0.416973 0.459098 0.450506 0.589249 0.702566 
0.628068 0.660270 0.614031 0.726289 0.718387 0.791814 0.810626 0.757046 0.781075 0.881191 
0.850852 0.679452 0.690291 0.553218 0.520214 0.595369 0.568213 0.499074 0.530550 0.744796 
0.086948 0.264740 0.189664 0.207726 0.281623 0.283242 0.220865 0.175144 0.243277 0.229344 
0.257314 0.325648 0.334910 0.202372 0.125436 0.294219 0.188747 0.233551 0.227216 0.210096 
0.264850 0.206303 0.207245 0.226045 0.210426 0.224282 0.162458 0.205724 0.318769 0.236848 
0.163870 0.241271 0.191855 0.226624 0.206081 0.206617 0.225455 0.277387 0.235920 0.186790 
0.098941 0.404519 0.406417 0.456150 0.505178 0.438645 0.304360 0.264818 0.400212 0.365077 
0.433781 0.453525 0.377829 0.298422 0.218877 0.255373 0.397144 0.386846 0.355870 0.440812 
0.455998 0.375066 0.378070 0.412881 0.316381 0.395035 0.334233 0.400376 0.488195 0.386449 
0.288951 0.302935 0.375435 0.384708 0.445067 0.419128 0.443301 0.594435 0.309686 0.129445 
0.127707 0.328082 0.608963 0.682040 0.544822 0.487516 0.425946 0.620635 0.517263 0.552361 
0.638326 0.583955 0.496822 0.401111 0.559530 0.362107 0.569269 0.536420 0.546938 0.513730 
0.608370 0.620098 0.588578 0.588761 0.538169 0.581306 0.635210 0.656977 0.539307 0.457620 
0.603898 0.532232 0.604175 0.584997 0.650763 0.570878 0.619795 0.781334 0.415559 0.181388 
0.135040 0.238332 0.600664 0.659513 0.329752 0.369548 0.424722 0.379994 0.383736 0.447956 
0.509367 0.443673 0.339236 0.212737 0.643753 0.378932 0.351910 0.427137 0.349170 0.349135 
0.445774 0.509673 0.434881 0.393326 0.449852 0.472422 0.511317 0.414963 0.368603 0.405121 
0.485900 0.455336 0.370037 0.441924 0.405713 0.399896 0.490271 0.573526 0.333615 0.166051 
0.141542 0.212984 0.497417 0.464049 0.235773 0.334354 0.445148 0.376864 0.473813 0.316108 
0.367652 0.428743 0.297973 0.223985 0.490887 0.356836 0.367468 0.378567 0.282139 0.396409 
0.314636 0.441238 0.476836 0.430540 0.437211 0.402083 0.414216 0.373698 0.377013 0.442016 
0.386732 0.415445 0.345979 0.345322 0.352896 0.444713 0.488436 0.471650 0.299900 0.155615 
0.122931 0.160025 0.297378 0.265054 0.243718 0.207294 0.249778 0.447516 0.479706 0.242828 
0.434853 0.395274 0.246585 0.344822 0.340782 0.374696 0.417305 0.299725 0.364111 0.367885 
0.237355 0.425400 0.518869 0.548646 0.518251 0.281575 0.386590 0.454576 0.440193 0.365871 
0.360199 0.376347 0.410072 0.354722 0.409712 0.460966 0.435049 0.497324 0.282250 0.147280 
0.119878 0.182496 0.329609 0.356352 0.381768 0.301192 0.274303 0.313638 0.365631 0.366858 
0.505275 0.357900 0.135624 0.506232 0.337449 0.494629 0.411633 0.350667 0.339770 0.290842 
0.293590 0.365947 0.449541 0.511385 0.429897 0.255585 0.383322 0.476210 0.492231 0.303534 
0.396710 0.352193 0.419076 0.380898 0.428198 0.465576 0.406775 0.516719 0.254903 0.147225 
0.156177 0.212317 0.354618 0.361832 0.413193 0.365502 0.342509 0.280876 0.324755 0.459696 
0.318619 0.230708 0.197550 0.451213 0.337650 0.415981 0.382201 0.419560 0.303914 0.382775 
0.392130 0.321672 0.346543 0.414468 0.311773 0.365401 0.383180 0.370005 0.393722 0.401703 
0.416720 0.373818 0.391293 0.347024 0.422869 0.459507 0.402030 0.422341 0.328571 0.166200 
0.176973 0.198373 0.384994 0.421609 0.381484 0.339012 0.390219 0.302612 0.321916 0.416963 
0.331769 0.323213 0.357876 0.444272 0.352806 0.304182 0.295660 0.412188 0.416083 0.410633 
0.432342 0.405458 0.255891 0.368653 0.314794 0.512209 0.500871 0.343614 0.297866 0.444720 
0.424182 0.389374 0.359512 0.334996 0.449547 0.419851 0.335278 0.445486 0.363258 0.160949 
0.148964 0.172093 0.384143 0.446309 0.377439 0.289931 0.386978 0.373820 0.385870 0.333445 
0.249996 0.482288 0.451163 0.357016 0.393264 0.349341 0.332091 0.346459 0.374382 0.317458 
0.462968 0.515712 0.316256 0.222958 0.383675 0.553273 0.499770 0.266429 0.358928 0.418127 
0.406171 0.420757 0.415898 0.358630 0.425952 0.368070 0.345322 0.491808 0.353047 0.149914 
0.122739 0.201285 0.416161 0.409901 0.378870 0.247568 0.398553 0.353686 0.401828 0.330714 
0.189509 0.518964 0.429986 0.299564 0.333407 0.456367 0.352966 0.259710 0.245019 0.263765 
0.496977 0.496807 0.337923 0.304452 0.418674 0.459931 0.393479 0.302707 0.420610 0.369870 
0.367651 0.395711 0.440704 0.368563 0.374873 0.375793 0.433519 0.486703 0.277662 0.166126 
0.117152 0.235598 0.411743 0.396940 0.379647 0.292480 0.385775 0.251373 0.337022 0.347776 
0.365111 0.324849 0.313323 0.373565 0.197764 0.238367 0.222424 0.259901 0.188787 0.239662 
0.453402 0.506160 0.388192 0.492551 0.476803 0.362600 0.296412 0.494536 0.445923 0.373277 
0.301405 0.349792 0.444091 0.430222 0.402780 0.428284 0.447368 0.478221 0.169220 0.177776 
0.125319 0.240559 0.425408 0.372375 0.353052 0.397377 0.367156 0.254312 0.294648 0.412050 
0.411339 0.344348 0.368698 0.539573 0.233048 0.369736 0.277531 0.265059 0.361059 0.345586 
0.307923 0.437407 0.452789 0.524251 0.456913 0.348554 0.304781 0.508582 0.473154 0.354557 
0.331031 0.360808 0.427772 0.477652 0.411375 0.414894 0.458987 0.482514 0.132584 0.165134 
0.125260 0.192008 0.423513 0.322136 0.372651 0.502715 0.453373 0.325750 0.318124 0.388091 
0.250339 0.481519 0.405313 0.275503 0.610943 0.976144 0.537895 0.172120 0.581422 0.496990 
0.303710 0.358010 0.437091 0.437703 0.354190 0.322285 0.411256 0.393654 0.426442 0.371780 
0.412634 0.326216 0.353450 0.448815 0.336460 0.407841 0.528437 0.459406 0.128753 0.160014 
0.118833 0.165505 0.364690 0.380551 0.382278 0.421020 0.480010 0.301362 0.320344 0.398484 
0.234543 0.481596 0.244948 0.077043 0.455442 0.964184 0.096772 0.061514 0.432130 0.534984 
0.389728 0.343664 0.426503 0.438179 0.414198 0.347920 0.377383 0.359839 0.339287 0.403528 
0.467883 0.335955 0.324364 0.408600 0.290806 0.468236 0.542703 0.454020 0.149099 0.154492 
0.110574 0.180152 0.408352 0.433846 0.319721 0.296472 0.403230 0.418060 0.205709 0.340275 
0.387755 0.343499 0.211553 0.183734 0.237258 0.449750 0.095449 0.130656 0.248262 0.330131 
0.376675 0.393358 0.428787 0.422361 0.392052 0.396595 0.422127 0.456896 0.282680 0.344167 
0.467764 0.470699 0.329128 0.438512 0.347495 0.403258 0.425178 0.391882 0.223774 0.192119 
0.129780 0.194820 0.353676 0.375326 0.228298 0.392218 0.529756 0.437179 0.229256 0.365404 
0.417080 0.289234 0.284807 0.348735 0.310541 0.202349 0.400147 0.264371 0.164721 0.321257 
0.451465 0.476493 0.386063 0.411425 0.348833 0.478369 0.438499 0.456615 0.264766 0.234448 
0.439066 0.484665 0.425451 0.449858 0.395012 0.378855 0.360195 0.310891 0.357489 0.191828 
0.148973 0.237323 0.320040 0.434298 0.270630 0.410121 0.497722 0.389719 0.439314 0.390615 
0.266615 0.303681 0.415808 0.438123 0.375716 0.405875 0.530284 0.426911 0.190673 0.353099 
0.535760 0.458760 0.367738 0.349292 0.379796 0.463718 0.376489 0.342014 0.329461 0.253798 
0.390797 0.401954 0.474844 0.436524 0.403771 0.410830 0.338653 0.392004 0.436178 0.169406 
0.144257 0.233122 0.382536 0.438871 0.349117 0.372042 0.443291 0.539586 0.516145 0.326897 
0.266273 0.375081 0.388723 0.387784 0.375839 0.488539 0.452310 0.357600 0.317715 0.301064 
0.458872 0.429699 0.414480 0.377738 0.327426 0.395105 0.320226 0.360260 0.461557 0.349626 
0.308029 0.360197 0.426006 0.434058 0.438487 0.379668 0.355638 0.498468 0.419699 0.159982 
0.176121 0.229841 0.355640 0.465784 0.399038 0.211726 0.252449 0.404511 0.454425 0.354332 
0.350154 0.440869 0.345127 0.341560 0.345396 0.474349 0.490459 0.313473 0.406167 0.316748 
0.368097 0.432672 0.478458 0.386844 0.302142 0.384467 0.387431 0.409779 0.529818 0.393290 
0.330123 0.448460 0.426486 0.417390 0.468882 0.368537 0.416797 0.529498 0.379659 0.165617 
0.153026 0.236921 0.268106 0.467072 0.297308 0.072413 0.063576 0.083431 0.227701 0.330532 
0.326337 0.392990 0.361844 0.305303 0.414167 0.433294 0.406484 0.339218 0.392447 0.418881 
0.294188 0.487629 0.469781 0.404015 0.372991 0.381779 0.371417 0.418550 0.426496 0.391546 
0.402896 0.433122 0.399994 0.469383 0.446224 0.304372 0.372192 0.496151 0.382485 0.164957 
0.101212 0.123022 0.324590 0.481604 0.071750 0.109497 0.594409 0.134898 0.093262 0.289855 
0.452908 0.367307 0.408442 0.378664 0.441651 0.470065 0.413585 0.351681 0.350602 0.376932 
0.366045 0.466733 0.385362 0.456313 0.451264 0.414991 0.375222 0.375280 0.386493 0.414440 
0.446153 0.317127 0.328678 0.519449 0.435640 0.292704 0.239568 0.450564 0.506295 0.207864 
0.215899 0.108741 0.529841 0.066250 0.139258 0.862651 0.941938 0.571745 0.074034 0.174449 
0.565656 0.328612 0.451669 0.398720 0.421420 0.481720 0.419242 0.312949 0.451971 0.426122 
0.400567 0.357957 0.352979 0.432732 0.452670 0.454943 0.373191 0.370720 0.446688 0.438984 
0.360695 0.307633 0.340003 0.488530 0.370858 0.296907 0.336841 0.516359 0.397603 0.199171 
0.589954 0.104791 0.289045 0.037754 0.659064 0.894036 0.856342 0.704144 0.149016 0.116998 
0.233486 0.342257 0.538070 0.403570 0.385055 0.319249 0.346360 0.451540 0.490762 0.413459 
0.407588 0.306344 0.398610 0.458232 0.405936 0.448484 0.344555 0.387762 0.376930 0.306734 
0.288591 0.366147 0.424775 0.456817 0.369119 0.327104 0.424620 0.493438 0.175959 0.092654 
0.228342 0.188000 0.377342 0.136113 0.691180 0.224286 0.493431 0.630286 0.267067 0.113146 
0.117216 0.303150 0.592976 0.441476 0.360663 0.310452 0.393938 0.488056 0.398989 0.335428 
0.382787 0.253908 0.415306 0.460963 0.329636 0.340003 0.387132 0.365203 0.311780 0.300109 
0.353730 0.457429 0.443136 0.300986 0.317415 0.492395 0.522817 0.375513 0.023887 0.115060 
0.070421 0.379079 0.638926 0.424259 0.562679 0.129168 0.304304 0.431816 0.692767 0.357579 
0.071661 0.194001 0.380460 0.456136 0.351460 0.361267 0.432784 0.306247 0.292350 0.355134 
0.419225 0.250934 0.272587 0.317659 0.342576 0.287161 0.306627 0.383979 0.412310 0.323475 
0.302577 0.238747 0.270158 0.127628 0.287575 0.455974 0.530461 0.038995 0.029093 0.513646 
0.197310 0.465293 0.249816 0.361778 0.435648 0.456013 0.705989 0.608239 0.401358 0.256418 
0.051715 0.107536 0.227983 0.439339 0.411667 0.353837 0.392835 0.158914 0.341625 0.279476 
0.559598 0.492236 0.366828 0.273527 0.355239 0.358846 0.271109 0.379410 0.455214 0.280143 
0.214473 0.153941 0.179011 0.081903 0.278530 0.272138 0.109505 0.017066 0.255967 0.783137 
0.442228 0.422248 0.303695 0.149532 0.456652 0.809865 0.593998 0.732247 0.255409 0.112740 
0.076155 0.133231 0.285499 0.343641 0.444547 0.443778 0.363050 0.166230 0.200835 0.198122 
0.489771 0.411893 0.334285 0.212712 0.175589 0.266019 0.228022 0.284532 0.457221 0.457533 
0.199161 0.114447 0.064399 0.740316 0.414491 0.400085 0.076468 0.078128 0.162647 0.593984 
0.397104 0.191603 0.225196 0.150631 0.737363 0.753242 0.480519 0.267538 0.596661 0.164943 
0.117509 0.194545 0.498189 0.297674 0.526273 0.454702 0.404542 0.116607 0.072128 0.116650 
0.619433 0.463207 0.441516 0.141737 0.060551 0.170285 0.266039 0.482558 0.503437 0.372820 
0.076431 0.027417 0.094174 0.962270 0.747099 0.638119 0.461373 0.281982 0.269788 0.170382 
0.302003 0.220494 0.602459 0.332441 0.295883 0.381243 0.525643 0.435935 0.574676 0.335429 
0.415418 0.230235 0.377604 0.327635 0.489367 0.395887 0.226462 0.102723 0.170522 0.050841 
0.588663 0.672210 0.348113 0.135955 0.192074 0.209030 0.590839 0.764954 0.290985 0.203676 
0.053026 0.020273 0.226604 0.955846 0.825936 0.279035 0.146614 0.619549 0.491114 0.131459 
0.253748 0.165096 0.684215 0.548259 0.072639 0.123515 0.337244 0.327486 0.406083 0.615896 
0.481443 0.254814 0.138248 0.129983 0.344106 0.538035 0.037245 0.018310 0.445477 0.187956 
0.379672 0.433393 0.072121 0.527204 0.935902 0.089262 0.540506 0.620210 0.112256 0.163958 
0.130689 0.064301 0.353659 0.876309 0.848198 0.278324 0.043479 0.264043 0.497800 0.212124 
0.295277 0.088647 0.447613 0.457514 0.078789 0.064403 0.375631 0.309570 0.436959 0.830102 
0.129101 0.162404 0.191563 0.216545 0.334549 0.610175 0.037117 0.076777 0.767803 0.498145 
0.218195 0.068098 0.158653 0.950549 0.898704 0.189455 0.226791 0.103808 0.097698 0.547781 
0.395790 0.319139 0.379332 0.476105 0.806636 0.335404 0.029667 0.288619 0.310903 0.387375 
0.383002 0.183285 0.243294 0.416115 0.441127 0.190881 0.129443 0.378044 0.432030 0.288164 
0.068574 0.293386 0.286347 0.279410 0.415557 0.842630 0.052457 0.027013 0.366364 0.253154 
0.124305 0.057795 0.648436 0.883640 0.729099 0.354962 0.102621 0.072654 0.171436 0.122576 
0.474879 0.557085 0.463458 0.206089 0.255948 0.293014 0.134208 0.291099 0.421589 0.293106 
0.323483 0.238076 0.159761 0.510691 0.679624 0.304161 0.035341 0.036864 0.445117 0.236628 
0.052849 0.411641 0.284111 0.240417 0.363882 0.821150 0.252809 0.180662 0.544568 0.446460 
0.116163 0.186678 0.459403 0.522692 0.717103 0.863149 0.092159 0.206067 0.542885 0.181675 
0.101951 0.203863 0.691278 0.144519 0.117534 0.285997 0.204363 0.238118 0.349507 0.135447 
0.125078 0.039551 0.408649 0.368637 0.296840 0.196919 0.095326 0.083907 0.163207 0.215247 
0.261454 0.269633 0.432936 0.487046 0.302204 0.163580 0.196293 0.490306 0.491052 0.284088 
0.094207 0.464954 0.217279 0.459469 0.171325 0.807631 0.212621 0.072994 0.402748 0.399056 
0.092134 0.094975 0.347935 0.326543 0.275038 0.183566 0.214278 0.373595 0.485904 0.105245 
0.125666 0.099326 0.447550 0.389579 0.131549 0.102312 0.415345 0.416437 0.189726 0.292420 
0.225584 0.144952 0.460729 0.622044 0.237930 0.073913 0.186383 0.106878 0.053379 0.069745 
0.361911 0.276911 0.053269 0.212612 0.381989 0.748475 0.481566 0.106089 0.206758 0.478921 
0.132161 0.135227 0.663771 0.539148 0.487606 0.299843 0.334834 0.782009 0.493026 0.066282 
0.368403 0.187700 0.186479 0.339285 0.326702 0.256525 0.419088 0.326491 0.332646 0.340344 
0.035916 0.149070 0.317097 0.303061 0.280417 0.223413 0.238279 0.199029 0.058793 0.194786 
0.409999 0.235017 0.227964 0.125250 0.298954 0.337662 0.360972 0.566479 0.427501 0.272260 
0.148649 0.092575 0.369281 0.299615 0.335860 0.160423 0.207853 0.827294 0.353508 0.054018 
0.482945 0.178132 0.112000 0.473369 0.166291 0.677110 0.555630 0.318970 0.166585 0.329174 
0.112560 0.160397 0.347047 0.103074 0.352328 0.309407 0.145960 0.527404 0.255644 0.109591 
0.318345 0.359618 0.339800 0.270273 0.131763 0.040858 0.661061 0.824016 0.457188 0.172467 
0.209258 0.112625 0.094296 0.298422 0.609919 0.170461 0.226712 0.505111 0.394215 0.124612 
0.386404 0.263731 0.174634 0.286610 0.132922 0.799433 0.794521 0.178727 0.048998 0.401990 
0.495429 0.170909 0.244960 0.133717 0.172962 0.161459 0.068651 0.280372 0.224132 0.119785 
0.445367 0.384725 0.308382 0.340851 0.367692 0.096132 0.770434 0.587539 0.419150 0.569236 
0.194882 0.126802 0.044810 0.496619 0.726253 0.311590 0.245906 0.472945 0.434086 0.206350 
0.202639 0.116695 0.227515 0.117600 0.080477 0.390545 0.415373 0.046370 0.058080 0.437227 
0.254688 0.079911 0.192265 0.203801 0.054979 0.565857 0.592214 0.130349 0.116731 0.090605 
0.150070 0.156336 0.099537 0.209477 0.366032 0.343684 0.392760 0.287059 0.395326 0.570991 
0.273655 0.069655 0.156289 0.208713 0.299722 0.259091 0.147124 0.309768 0.330523 0.123639 
0.276391 0.354846 0.470060 0.475245 0.405561 0.452382 0.430766 0.437559 0.423797 0.433143 
0.419208 0.415961 0.440594 0.455210 0.453320 0.363945 0.463421 0.461639 0.410668 0.481063 
0.425682 0.473646 0.454267 0.408426 0.423494 0.424695 0.448020 0.431955 0.416058 0.450879 
0.585297 0.423937 0.502070 0.405830 0.439038 0.438145 0.432092 0.452314 0.439760 0.505220 
0.173764 0.171590 0.353190 0.374051 0.320757 0.309786 0.381580 0.453166 0.321375 0.363462 
0.375760 0.350447 0.384549 0.349919 0.353510 0.331239 0.429282 0.447987 0.539816 0.434069 
0.435066 0.447886 0.421661 0.387272 0.460540 0.380185 0.436370 0.359070 0.336386 0.358643 
0.474780 0.410002 0.399372 0.402882 0.383475 0.358269 0.377395 0.395963 0.439724 0.366362 
0.140190 0.090586 0.164603 0.218144 0.249293 0.191522 0.313437 0.337468 0.264185 0.224294 
0.266250 0.302142 0.272182 0.236630 0.267594 0.250181 0.212936 0.312464 0.311368 0.317804 
0.283078 0.318024 0.286751 0.317194 0.350865 0.319432 0.276662 0.249967 0.279805 0.274837 
0.209215 0.251876 0.237136 0.288407 0.281271 0.343692 0.369398 0.241964 0.308177 0.304066 
0.185430 0.140360 0.169531 0.321554 0.401496 0.298785 0.277260 0.289669 0.287263 0.217423 
0.225893 0.359247 0.258830 0.209660 0.275541 0.253665 0.240843 0.227874 0.306107 0.343667 
0.210178 0.254408 0.340246 0.268490 0.245838 0.233806 0.212622 0.230133 0.245300 0.272690 
0.233497 0.239631 0.283509 0.231225 0.223755 0.254523 0.229635 0.176345 0.264658 0.299210 
0.222023 0.180874 0.166584 0.352152 0.756062 0.352537 0.229545 0.334116 0.390456 0.289092 
0.329561 0.344926 0.278748 0.295801 0.289863 0.325035 0.357610 0.256629 0.339709 0.294156 
0.305190 0.342575 0.340539 0.404611 0.417713 0.335063 0.301443 0.355158 0.337440 0.295954 
0.392411 0.354507 0.387991 0.292575 0.287777 0.262480 0.282305 0.309259 0.316524 0.337301 
0.242173 0.190179 0.164455 0.166830 0.218168 0.178228 0.190859 0.249551 0.311267 0.395367 
0.350869 0.329057 0.351920 0.416549 0.339187 0.331026 0.296717 0.348728 0.301806 0.314979 
0.390938 0.290319 0.261606 0.347439 0.452567 0.484531 0.365738 0.364060 0.406763 0.357334 
0.339253 0.347149 0.360093 0.358015 0.311432 0.287598 0.304643 0.331980 0.398018 0.362405 
0.217775 0.219973 0.206060 0.158175 0.183706 0.232613 0.267831 0.198717 0.195057 0.276098 
0.287082 0.318526 0.439438 0.328015 0.382603 0.325528 0.364694 0.362746 0.363371 0.427017 
0.410648 0.289204 0.244298 0.245995 0.296077 0.514727 0.377358 0.284658 0.292585 0.377730 
0.283980 0.321138 0.320610 0.311217 0.316102 0.373006 0.375460 0.272786 0.398757 0.356787 
0.236728 0.264391 0.318924 0.303842 0.283599 0.241039 0.281537 0.276563 0.236691 0.278914 
0.290618 0.300648 0.369275 0.284551 0.282750 0.278497 0.318993 0.417528 0.375968 0.320522 
0.461536 0.415573 0.287174 0.281015 0.296488 0.308357 0.284669 0.290384 0.230657 0.288719 
0.286616 0.305646 0.327122 0.389034 0.340993 0.325972 0.364749 0.407545 0.410792 0.362875 
0.209582 0.250453 0.387195 0.378702 0.301886 0.288986 0.316118 0.367970 0.337543 0.297820 
0.270368 0.342853 0.317444 0.284909 0.307896 0.287820 0.304839 0.332997 0.321469 0.257525 
0.353186 0.375111 0.437830 0.302799 0.397019 0.338581 0.341048 0.294024 0.363987 0.295403 
0.315493 0.299724 0.315709 0.343539 0.321404 0.290516 0.364746 0.382264 0.368743 0.349976 
0.213288 0.226698 0.214302 0.285612 0.269015 0.295170 0.361434 0.314883 0.336284 0.400781 
0.360535 0.343966 0.401689 0.323650 0.282768 0.289458 0.323841 0.335206 0.310200 0.325035 
0.313115 0.313435 0.336822 0.417774 0.302347 0.265413 0.281388 0.415862 0.380653 0.321608 
0.294180 0.296596 0.340505 0.375047 0.283131 0.284064 0.403069 0.332891 0.302282 0.343387 
0.228572 0.239074 0.228760 0.253301 0.261734 0.284345 0.291709 0.255561 0.237035 0.326220 
0.448192 0.294376 0.357542 0.325087 0.288182 0.274831 0.336016 0.451593 0.482257 0.377163 
0.246019 0.258697 0.267505 0.347664 0.308335 0.271952 0.272739 0.402464 0.363760 0.365646 
0.307263 0.292785 0.304801 0.372531 0.309116 0.290379 0.297186 0.297006 0.319225 0.392467 
0.206969 0.257239 0.255077 0.269205 0.289974 0.337610 0.295399 0.276045 0.225374 0.320452 
0.296822 0.355593 0.376155 0.424853 0.518013 0.449218 0.347366 0.353804 0.517113 0.469829 
0.277558 0.241284 0.330686 0.327601 0.347874 0.315733 0.388389 0.471309 0.473698 0.352402 
0.352209 0.319630 0.285018 0.320402 0.313255 0.315030 0.331101 0.297919 0.355694 0.373792 
0.234817 0.232905 0.327811 0.273674 0.302497 0.352982 0.369891 0.379219 0.338437 0.346062 
0.318661 0.401732 0.326499 0.259577 0.692000 0.976418 0.584302 0.323028 0.317292 0.345154 
0.393156 0.301963 0.342448 0.352199 0.506038 0.478917 0.354071 0.316439 0.371590 0.398441 
0.435972 0.379578 0.301061 0.314097 0.346437 0.362528 0.406491 0.309345 0.346217 0.352131 
0.234414 0.242680 0.285816 0.409145 0.303847 0.335739 0.432270 0.382489 0.373026 0.385575 
0.349762 0.329029 0.239780 0.207218 0.573646 0.966155 0.833444 0.293457 0.257430 0.282749 
0.334737 0.296052 0.350638 0.356794 0.404371 0.456389 0.299855 0.296676 0.250102 0.304630 
0.398024 0.403867 0.373761 0.339614 0.338310 0.352852 0.289458 0.294268 0.326358 0.319870 
0.257108 0.244186 0.260466 0.305362 0.255422 0.258109 0.464160 0.461240 0.218509 0.265058 
0.399809 0.246885 0.246180 0.369274 0.161363 0.021018 0.083686 0.160728 0.179179 0.204098 
0.351775 0.404286 0.321278 0.302797 0.264373 0.302779 0.340842 0.317109 0.294886 0.269186 
0.314276 0.378096 0.362109 0.329054 0.386971 0.310889 0.291059 0.325966 0.382670 0.319305 
0.193797 0.246850 0.256818 0.274911 0.284003 0.279433 0.341516 0.346964 0.294159 0.284222 
0.325274 0.317988 0.290379 0.335087 0.136374 0.079472 0.142161 0.420423 0.248802 0.273913 
0.350983 0.369795 0.292707 0.277693 0.290301 0.355234 0.360067 0.378806 0.472024 0.339171 
0.309316 0.297169 0.409782 0.409639 0.403156 0.352206 0.352969 0.357852 0.492697 0.360586 
0.244707 0.240480 0.280011 0.326676 0.262080 0.245911 0.299576 0.305227 0.416069 0.352407 
0.302864 0.377537 0.340667 0.307410 0.269832 0.197187 0.255787 0.453618 0.560190 0.353906 
0.313725 0.294588 0.375377 0.286640 0.367764 0.312306 0.356939 0.415194 0.464820 0.482083 
0.283485 0.269882 0.304280 0.338771 0.339832 0.350343 0.344613 0.431023 0.440345 0.337154 
0.236707 0.341612 0.306865 0.282038 0.348434 0.218346 0.296134 0.359072 0.366996 0.345911 
0.381836 0.350572 0.293564 0.307934 0.294950 0.252137 0.229547 0.292852 0.394187 0.327356 
0.313141 0.306487 0.358964 0.338048 0.310474 0.316116 0.318796 0.330712 0.413553 0.395656 
0.275514 0.267432 0.251012 0.264515 0.317196 0.315817 0.348290 0.380595 0.360680 0.371007 
0.205356 0.240559 0.248117 0.311097 0.363817 0.249088 0.262541 0.281649 0.345935 0.396902 
0.402405 0.364438 0.313222 0.329253 0.319546 0.277949 0.243339 0.304414 0.335347 0.313073 
0.249562 0.263381 0.309663 0.283677 0.262360 0.246853 0.321484 0.314654 0.330303 0.374622 
0.349161 0.305852 0.310000 0.311166 0.316689 0.312295 0.345541 0.313649 0.334076 0.407028 
0.225381 0.226061 0.199588 0.290444 0.386058 0.353519 0.285653 0.292518 0.290008 0.317876 
0.360961 0.369388 0.374749 0.335026 0.415322 0.349584 0.308868 0.452662 0.445813 0.420148 
0.265729 0.282960 0.272560 0.300866 0.338014 0.255772 0.271394 0.309195 0.300385 0.428692 
0.431194 0.333066 0.395397 0.403926 0.368355 0.430204 0.373847 0.394677 0.371997 0.396164 
0.335684 0.406545 0.382492 0.366693 0.484902 0.658226 0.720238 0.469424 0.217779 0.282992 
0.464939 0.363432 0.345041 0.333954 0.314230 0.305442 0.302369 0.370763 0.345170 0.388448 
0.436672 0.322120 0.275482 0.315405 0.329200 0.309313 0.281655 0.282796 0.313419 0.369410 
0.417691 0.326580 0.368855 0.461644 0.391631 0.395133 0.426213 0.355649 0.417033 0.435274 
0.679035 0.664675 0.504386 0.365452 0.456102 0.818724 0.921749 0.961708 0.496938 0.214333 
0.353870 0.320818 0.375481 0.332916 0.296478 0.266867 0.309171 0.322493 0.341868 0.310704 
0.359952 0.322282 0.325528 0.313934 0.348985 0.350313 0.355662 0.288547 0.262846 0.275070 
0.268617 0.392628 0.367679 0.314806 0.344002 0.360802 0.344881 0.270088 0.351511 0.431402 
0.711113 0.750688 0.368224 0.626072 0.892706 0.598866 0.514174 0.747031 0.810905 0.240938 
0.260735 0.309459 0.332334 0.344908 0.290242 0.228986 0.276079 0.449617 0.399301 0.303490 
0.326033 0.363939 0.338976 0.335942 0.329328 0.365554 0.441761 0.363834 0.290813 0.298361 
0.393630 0.427490 0.356025 0.254843 0.301385 0.339005 0.356389 0.269259 0.362486 0.632369 
0.339022 0.324948 0.458031 0.788143 0.660574 0.225992 0.138238 0.217248 0.419496 0.386127 
0.241862 0.343415 0.386993 0.366291 0.298591 0.271095 0.289883 0.279791 0.287417 0.397698 
0.380666 0.397895 0.419372 0.385921 0.362567 0.336123 0.400584 0.354046 0.366556 0.402099 
0.363264 0.293041 0.278100 0.228402 0.283126 0.314156 0.361960 0.407834 0.504247 0.514517 
0.190797 0.205757 0.523831 0.284944 0.421873 0.362153 0.208151 0.237282 0.424702 0.832447 
0.457232 0.180785 0.276491 0.381553 0.379024 0.329358 0.355263 0.299237 0.325913 0.414355 
0.398479 0.437675 0.435551 0.383725 0.401687 0.413131 0.402973 0.426454 0.356674 0.316406 
0.308813 0.269019 0.246150 0.201940 0.246911 0.308300 0.267311 0.278197 0.660266 0.764691 
0.455133 0.593720 0.539987 0.438382 0.596308 0.524572 0.360339 0.420755 0.673374 0.562940 
0.460305 0.110658 0.278490 0.368898 0.452443 0.440829 0.376489 0.318284 0.370027 0.335492 
0.342143 0.383541 0.354346 0.281064 0.322325 0.426775 0.358715 0.323109 0.336848 0.362866 
0.294893 0.285197 0.293219 0.289275 0.197769 0.279820 0.184120 0.440821 0.711705 0.569105 
0.550631 0.379542 0.368927 0.540117 0.555220 0.564376 0.464466 0.505434 0.258410 0.454005 
0.169795 0.070268 0.278330 0.369834 0.426594 0.407184 0.387345 0.430371 0.359816 0.361312 
0.280106 0.319644 0.358691 0.322772 0.277461 0.289864 0.299550 0.223231 0.256507 0.362018 
0.444452 0.333168 0.415509 0.672938 0.335430 0.383013 0.422161 0.640965 0.463819 0.302367 
0.470304 0.256383 0.253937 0.383827 0.359492 0.385428 0.297657 0.486543 0.409784 0.559112 
0.227858 0.060688 0.167766 0.264481 0.354616 0.413834 0.511021 0.583433 0.628859 0.322413 
0.233973 0.251303 0.258589 0.294881 0.235957 0.200008 0.244417 0.230738 0.227592 0.293471 
0.316195 0.361964 0.767623 0.987697 0.721891 0.277847 0.485477 0.655994 0.334981 0.196964 
0.308090 0.498890 0.319279 0.481434 0.319150 0.408132 0.309512 0.311864 0.502225 0.445800 
0.273405 0.147332 0.206491 0.375891 0.370909 0.339059 0.338557 0.500834 0.806727 0.370234 
0.433250 0.445007 0.461766 0.694763 0.636945 0.263369 0.312964 0.371986 0.371177 0.328238 
0.523803 0.677372 0.490750 0.430413 0.739745 0.540481 0.571307 0.569688 0.421600 0.498919 
0.324165 0.570609 0.499732 0.354564 0.394235 0.594233 0.305060 0.539428 0.588299 0.651897 
0.450266 0.345416 0.335767 0.349290 0.340275 0.421952 0.317050 0.532656 0.708543 0.706826 
0.602453 0.519515 0.574272 0.879934 0.971069 0.539966 0.215880 0.259098 0.643613 0.822192 
0.566800 0.362407 0.054308 0.162469 0.488630 0.585590 0.232467 0.303566 0.390068 0.619174 
0.385937 0.307264 0.558276 0.509301 0.126227 0.259339 0.259008 0.350881 0.518547 0.489954 
0.312386 0.404859 0.304137 0.354943 0.334806 0.331938 0.468566 0.185617 0.089243 0.303892 
0.431294 0.354958 0.735266 0.567607 0.492109 0.835730 0.389455 0.425843 0.760166 0.573836 
0.397384 0.357455 0.072507 0.092564 0.134957 0.190673 0.409976 0.117282 0.228776 0.488110 
0.274654 0.299624 0.241336 0.252253 0.280005 0.186021 0.211294 0.451956 0.376295 0.371723 
0.181217 0.494797 0.563726 0.803387 0.629702 0.522447 0.580944 0.087881 0.087445 0.300767 
0.260932 0.369059 0.423938 0.310189 0.409452 0.587543 0.440893 0.687184 0.462343 0.229838 
0.281692 0.326896 0.270332 0.146587 0.210582 0.268574 0.390353 0.081113 0.105675 0.312534 
0.336997 0.401075 0.298409 0.309467 0.469690 0.473284 0.308469 0.365165 0.278748 0.090500 
0.406777 0.349448 0.425717 0.425363 0.380710 0.810204 0.600091 0.198675 0.167368 0.384790 
0.257383 0.220233 0.277925 0.329270 0.488574 0.508522 0.330821 0.637649 0.215466 0.098819 
0.299415 0.540586 0.647744 0.465893 0.133254 0.357680 0.331682 0.281181 0.262228 0.255281 
0.333279 0.298687 0.577457 0.231247 0.180547 0.141116 0.333340 0.335072 0.159738 0.106064 
0.499185 0.450280 0.371291 0.607177 0.560145 0.695379 0.469396 0.148525 0.280279 0.634589 
0.403991 0.267701 0.297178 0.276948 0.275325 0.237966 0.342958 0.319624 0.293114 0.337293 
0.278466 0.446723 0.609977 0.517977 0.366252 0.464435 0.519005 0.275449 0.436044 0.524731 
0.522993 0.408346 0.251276 0.213044 0.243858 0.139476 0.216281 0.352133 0.213394 0.178018 
0.551612 0.399207 0.277585 0.498408 0.374108 0.383795 0.288074 0.239113 0.200715 0.555062 
0.297343 0.284824 0.307358 0.377516 0.118044 0.132167 0.506594 0.306311 0.275591 0.420909 
0.473516 0.229368 0.458008 0.681216 0.811637 0.545432 0.443715 0.247487 0.424562 0.584544 
0.526779 0.297655 0.293272 0.500526 0.408114 0.312923 0.201229 0.263150 0.156664 0.131624 
0.400432 0.520043 0.192770 0.139625 0.184842 0.220791 0.410972 0.476557 0.224353 0.353019 
0.540199 0.485326 0.463979 0.240444 0.465472 0.187627 0.635389 0.638578 0.671531 0.604119 
0.392356 0.264541 0.332201 0.619283 0.727264 0.638238 0.571792 0.330500 0.305431 0.686563 
0.529539 0.301545 0.403493 0.813222 0.434762 0.311050 0.298813 0.370895 0.333924 0.226896 
0.446173 0.285915 0.153987 0.095479 0.098901 0.121625 0.165670 0.309061 0.400536 0.250272 
0.178465 0.244525 0.455840 0.770289 0.432450 0.226604 0.699110 0.620560 0.818360 0.542300 
0.511431 0.270857 0.222304 0.468713 0.380149 0.392682 0.560218 0.485490 0.370343 0.539702 
0.408773 0.345559 0.334704 0.537892 0.387499 0.238512 0.404975 0.649602 0.775761 0.460228 
0.397796 0.283996 0.287821 0.136592 0.183558 0.302033 0.195010 0.219664 0.373129 0.268651 
0.205694 0.164359 0.324518 0.428096 0.440959 0.453468 0.501002 0.315807 0.602726 0.535169 
0.364122 0.160678 0.227949 0.572533 0.427204 0.341004 0.324468 0.386705 0.514812 0.249561 
0.335525 0.262600 0.241642 0.367778 0.570880 0.304698 0.354736 0.585818 0.610090 0.239958 
0.274777 0.229092 0.390388 0.546228 0.711646 0.656377 0.554258 0.358126 0.515777 0.510226 
0.370874 0.281325 0.297033 0.532540 0.471476 0.256473 0.130707 0.270751 0.717450 0.489776 
0.598418 0.618558 0.443844 0.280037 0.347904 0.566594 0.564415 0.301744 0.334171 0.604611 
0.404764 0.244997 0.219890 0.368513 0.615054 0.250354 0.165342 0.437837 0.244231 0.139910 
0.174070 0.309507 0.355290 0.344643 0.640395 0.784823 0.696478 0.608727 0.421745 0.484525 
0.662764 0.403980 0.297255 0.442609 0.369665 0.484790 0.354817 0.554436 0.440939 0.414858 
0.604669 0.530937 0.422235 0.273520 0.225733 0.309356 0.285868 0.251877 0.321932 0.398435 
0.114329 0.322367 0.428321 0.366803 0.423850 0.451379 0.390143 0.468266 0.433103 0.429914 
0.432040 0.472092 0.478871 0.339631 0.476883 0.454365 0.424237 0.394630 0.414748 0.433950 
0.410556 0.409397 0.417613 0.420439 0.449450 0.437032 0.428332 0.404688 0.428166 0.450343 
0.420906 0.399613 0.442825 0.416235 0.430420 0.423263 0.423575 0.398366 0.426317 0.712402 
0.094945 0.379686 0.461514 0.408710 0.472511 0.426953 0.344328 0.467791 0.509684 0.447817 
0.413560 0.439797 0.371652 0.302706 0.443061 0.411342 0.392132 0.348652 0.381323 0.414587 
0.386348 0.330661 0.405883 0.395954 0.388829 0.387361 0.350310 0.360197 0.396614 0.344350 
0.369849 0.412775 0.435187 0.428059 0.428056 0.418262 0.415712 0.340840 0.352068 0.699256 
0.102912 0.386110 0.344654 0.280270 0.309375 0.339041 0.303527 0.280592 0.390106 0.358249 
0.321811 0.326765 0.269937 0.307411 0.413973 0.337039 0.294198 0.281758 0.263868 0.296635 
0.252586 0.273861 0.320719 0.299237 0.267000 0.279767 0.301981 0.281062 0.198378 0.240035 
0.325868 0.336397 0.273941 0.273342 0.292259 0.278626 0.252977 0.245809 0.212487 0.559320 
0.122063 0.461633 0.350500 0.313819 0.320427 0.504187 0.399652 0.374613 0.454629 0.417313 
0.392461 0.345980 0.353165 0.553042 0.353003 0.363602 0.346389 0.361532 0.249836 0.281816 
0.360384 0.379446 0.354434 0.369566 0.357928 0.357030 0.367124 0.304985 0.305360 0.375521 
0.411451 0.343336 0.314275 0.337666 0.297198 0.314193 0.328594 0.334693 0.297245 0.610283 
0.120617 0.470153 0.305879 0.301224 0.162142 0.368417 0.505215 0.451442 0.416039 0.424749 
0.448439 0.398400 0.373554 0.472607 0.332792 0.371589 0.320441 0.282011 0.361271 0.365641 
0.418068 0.359471 0.333366 0.343695 0.380339 0.353983 0.397701 0.370392 0.370434 0.383189 
0.388043 0.315565 0.357617 0.382387 0.361144 0.364453 0.366166 0.331805 0.326311 0.636784 
0.103798 0.480191 0.314980 0.170428 0.254077 0.509298 0.589966 0.389505 0.289212 0.419909 
0.436828 0.406212 0.328866 0.386277 0.338371 0.383037 0.319163 0.259055 0.387886 0.320643 
0.385829 0.419253 0.388128 0.317649 0.306826 0.386452 0.424385 0.378907 0.339176 0.316734 
0.360497 0.337204 0.368187 0.366798 0.408902 0.394746 0.367650 0.332746 0.302344 0.629265 
0.134504 0.526465 0.382992 0.321456 0.462709 0.426631 0.305813 0.334976 0.330687 0.399035 
0.393193 0.348458 0.344716 0.343748 0.366075 0.344485 0.292743 0.351908 0.339946 0.338817 
0.319808 0.441807 0.417251 0.321231 0.270503 0.327497 0.382433 0.403337 0.301517 0.293071 
0.383799 0.349303 0.365271 0.382472 0.418219 0.352669 0.355809 0.366654 0.302910 0.640814 
0.149306 0.526811 0.456863 0.341849 0.408889 0.356898 0.273060 0.390848 0.469553 0.398318 
0.374676 0.253207 0.296478 0.411676 0.443932 0.356251 0.347885 0.315999 0.315952 0.348457 
0.283018 0.353483 0.429060 0.372458 0.312524 0.345084 0.427506 0.434618 0.365459 0.338051 
0.349129 0.385244 0.346550 0.355490 0.372193 0.354461 0.382645 0.396854 0.346074 0.593931 
0.161743 0.506551 0.385150 0.260005 0.380841 0.382103 0.342312 0.352452 0.439594 0.369420 
0.295013 0.293935 0.401697 0.423402 0.400120 0.330536 0.344441 0.350661 0.358583 0.335789 
0.279633 0.294639 0.466464 0.335701 0.395707 0.378173 0.392964 0.315904 0.423498 0.359431 
0.330908 0.373264 0.354059 0.328346 0.354785 0.361893 0.365913 0.370796 0.312705 0.575200 
0.174094 0.524019 0.364748 0.268971 0.431136 0.396519 0.332997 0.397111 0.372503 0.325812 
0.316993 0.394369 0.437759 0.355353 0.356855 0.359233 0.340304 0.336336 0.357671 0.352086 
0.364026 0.306925 0.374219 0.336074 0.415620 0.409490 0.323198 0.327554 0.421336 0.399578 
0.362771 0.366984 0.338418 0.287607 0.370814 0.351301 0.310871 0.313901 0.336622 0.603576 
0.159478 0.538656 0.405163 0.344216 0.409432 0.415147 0.378159 0.405482 0.404401 0.264490 
0.362018 0.411170 0.358995 0.350343 0.399627 0.310421 0.218563 0.328254 0.291576 0.371621 
0.447828 0.343661 0.331098 0.345885 0.455439 0.414803 0.303223 0.399263 0.448997 0.422403 
0.349294 0.361710 0.317815 0.296651 0.379750 0.377413 0.338479 0.331536 0.350253 0.614869 
0.187038 0.490971 0.404767 0.365644 0.393705 0.423196 0.366404 0.336620 0.411265 0.320612 
0.339295 0.402692 0.403489 0.392755 0.407407 0.297240 0.217412 0.246695 0.231998 0.299765 
0.482551 0.391949 0.325939 0.400241 0.430112 0.367407 0.366672 0.445510 0.346187 0.436641 
0.367401 0.395446 0.357704 0.348575 0.371900 0.399280 0.402044 0.321772 0.342413 0.598448 
0.158436 0.429230 0.398711 0.348025 0.405965 0.417653 0.353500 0.340212 0.378375 0.368151 
0.274786 0.434780 0.322329 0.199953 0.593167 0.313375 0.193286 0.300392 0.302077 0.273056 
0.373075 0.349492 0.357066 0.374276 0.384939 0.290929 0.432039 0.387014 0.326755 0.390860 
0.362384 0.365975 0.412279 0.370364 0.337244 0.345198 0.422604 0.313391 0.347725 0.644861 
0.160958 0.511206 0.390006 0.312844 0.451054 0.454874 0.348779 0.333450 0.431366 0.358287 
0.298581 0.456249 0.232695 0.177643 0.830065 0.197700 0.044407 0.288384 0.336915 0.250635 
0.339494 0.416579 0.408490 0.329627 0.322825 0.353066 0.440926 0.359448 0.331085 0.367024 
0.323884 0.346864 0.402918 0.370969 0.316010 0.361396 0.446839 0.317945 0.383591 0.696915 
0.126217 0.492863 0.432549 0.332422 0.427806 0.422902 0.299236 0.214943 0.437722 0.303408 
0.345103 0.410616 0.174697 0.194136 0.936840 0.054830 0.005730 0.082191 0.287870 0.277556 
0.304164 0.373367 0.372978 0.363449 0.322787 0.376079 0.398914 0.431238 0.354900 0.353940 
0.290025 0.297089 0.369905 0.383900 0.358040 0.417442 0.438408 0.322980 0.437793 0.667342 
0.159082 0.511974 0.422397 0.334340 0.339771 0.354550 0.254219 0.283690 0.490856 0.389504 
0.349265 0.364039 0.257154 0.166299 0.445913 0.076136 0.037604 0.231070 0.276306 0.363553 
0.310463 0.334942 0.370726 0.366288 0.334577 0.344103 0.390952 0.386994 0.301028 0.371251 
0.403890 0.323735 0.368838 0.330532 0.361869 0.410769 0.416852 0.323827 0.414641 0.596847 
0.161359 0.498778 0.379677 0.278543 0.323182 0.353939 0.309155 0.328697 0.490497 0.408992 
0.278713 0.315149 0.349920 0.264059 0.232537 0.187421 0.241861 0.310708 0.343562 0.388419 
0.411009 0.353624 0.355110 0.345572 0.340296 0.369071 0.393637 0.354054 0.302095 0.334466 
0.438184 0.368927 0.312741 0.313348 0.392908 0.428019 0.396963 0.331294 0.355295 0.586236 
0.143074 0.413911 0.432748 0.326663 0.325142 0.448460 0.396202 0.379914 0.395539 0.316564 
0.259377 0.380341 0.415106 0.303657 0.258007 0.419034 0.361171 0.226831 0.256731 0.472224 
0.417868 0.328577 0.289188 0.341837 0.380911 0.378431 0.358829 0.361860 0.292004 0.346956 
0.431948 0.386316 0.333819 0.343179 0.364019 0.339689 0.339732 0.338463 0.367978 0.632012 
0.148996 0.484434 0.476082 0.372002 0.333878 0.444441 0.392378 0.355593 0.303243 0.320509 
0.344862 0.431028 0.378105 0.308844 0.339430 0.430861 0.353071 0.309351 0.343633 0.412720 
0.379676 0.341217 0.313557 0.325130 0.402261 0.353914 0.358840 0.351809 0.363501 0.384273 
0.402934 0.390889 0.375974 0.370527 0.373858 0.366299 0.385590 0.419820 0.381424 0.606804 
0.186845 0.566468 0.492527 0.336480 0.330225 0.414345 0.389452 0.291803 0.291366 0.335780 
0.376007 0.356097 0.325040 0.325619 0.357272 0.370568 0.341349 0.315297 0.298498 0.447196 
0.413325 0.386803 0.354627 0.303150 0.377161 0.390173 0.364472 0.386581 0.335979 0.302739 
0.373645 0.409939 0.359501 0.393537 0.433538 0.443481 0.481474 0.478658 0.362597 0.603343 
0.213647 0.438659 0.432947 0.388167 0.317323 0.301350 0.267944 0.211711 0.257707 0.292958 
0.269267 0.320947 0.361886 0.358195 0.362117 0.327149 0.314551 0.311965 0.352924 0.374586 
0.409219 0.440271 0.391286 0.341569 0.381240 0.417105 0.388872 0.355570 0.285987 0.305529 
0.384713 0.457881 0.444712 0.463386 0.450427 0.443103 0.459122 0.415958 0.447789 0.599176 
0.224893 0.300557 0.460552 0.263099 0.251927 0.275467 0.127810 0.102034 0.097188 0.346113 
0.295807 0.295858 0.348482 0.340644 0.343206 0.311844 0.315233 0.384249 0.436289 0.394033 
0.395385 0.390073 0.421370 0.395043 0.385544 0.402381 0.388696 0.370749 0.333182 0.392271 
0.469741 0.465188 0.438026 0.471772 0.435848 0.435945 0.490104 0.487524 0.423919 0.666539 
0.199793 0.104243 0.204787 0.203997 0.301033 0.462143 0.142366 0.114601 0.035160 0.214484 
0.333563 0.327886 0.324140 0.307191 0.387118 0.376994 0.340203 0.375111 0.404650 0.437949 
0.405810 0.378358 0.471899 0.467912 0.436420 0.413660 0.343770 0.429733 0.492208 0.448738 
0.429559 0.377310 0.428962 0.462214 0.416566 0.493908 0.593282 0.491573 0.412827 0.686216 
0.144586 0.021491 0.142750 0.260962 0.561715 0.294909 0.254228 0.074801 0.021034 0.098838 
0.232673 0.370980 0.335723 0.301067 0.397950 0.407253 0.379808 0.378674 0.432989 0.429215 
0.422705 0.449637 0.519024 0.469239 0.464418 0.402442 0.387510 0.466725 0.454295 0.330958 
0.392541 0.400073 0.477386 0.458994 0.486273 0.559721 0.492632 0.418132 0.398351 0.602402 
0.400416 0.050868 0.150388 0.222630 0.404716 0.053304 0.205820 0.101985 0.051693 0.086504 
0.031806 0.458461 0.448437 0.309321 0.387510 0.470428 0.462021 0.441314 0.426750 0.424998 
0.488194 0.512554 0.509774 0.472810 0.412304 0.439837 0.394146 0.420921 0.391570 0.405355 
0.457622 0.495532 0.445927 0.479361 0.544563 0.509351 0.441958 0.262573 0.520548 0.633619 
0.453434 0.126450 0.138524 0.423877 0.166457 0.128287 0.291620 0.198952 0.190714 0.087030 
0.015673 0.232864 0.388976 0.354094 0.398801 0.451830 0.466854 0.475396 0.503664 0.499769 
0.452835 0.451058 0.469126 0.417047 0.325476 0.350810 0.445928 0.479564 0.455648 0.407576 
0.501975 0.490944 0.434507 0.356725 0.325481 0.229909 0.139976 0.338849 0.918856 0.657174 
0.145939 0.162368 0.249711 0.519966 0.320604 0.323236 0.353307 0.129177 0.068516 0.061556 
0.014915 0.119776 0.319679 0.420747 0.373209 0.513720 0.462894 0.571659 0.411423 0.318956 
0.352821 0.309115 0.339293 0.310393 0.308120 0.372840 0.437522 0.424599 0.348765 0.401373 
0.541378 0.547762 0.236538 0.106028 0.128660 0.172712 0.107985 0.542491 0.846171 0.361269 
0.309873 0.250425 0.286080 0.711563 0.701196 0.270141 0.131735 0.033001 0.054936 0.028437 
0.007899 0.231175 0.257347 0.443936 0.434605 0.564628 0.438861 0.565027 0.267657 0.418250 
0.459799 0.355541 0.386895 0.323121 0.237765 0.249962 0.231555 0.379871 0.454064 0.457722 
0.260975 0.266991 0.582990 0.128358 0.104557 0.225832 0.131176 0.781504 0.593796 0.270417 
0.363694 0.163817 0.324823 0.603690 0.474234 0.224763 0.228981 0.141307 0.228212 0.108239 
0.053697 0.216718 0.256740 0.432556 0.449523 0.527765 0.308667 0.432907 0.204799 0.433827 
0.456828 0.347611 0.284084 0.222777 0.201560 0.337397 0.356080 0.380797 0.357761 0.125946 
0.222281 0.616084 0.882074 0.572855 0.120772 0.134864 0.093063 0.477423 0.182682 0.440705 
0.190233 0.234396 0.468549 0.352149 0.235454 0.646397 0.262861 0.183692 0.344336 0.335286 
0.075214 0.208438 0.215601 0.309555 0.355825 0.307143 0.108980 0.638786 0.114237 0.176517 
0.289289 0.306004 0.184285 0.412933 0.259177 0.192617 0.455103 0.141444 0.228316 0.152430 
0.369210 0.673327 0.580916 0.358131 0.079891 0.016876 0.054371 0.196031 0.205260 0.706576 
0.237975 0.158313 0.394264 0.203939 0.286373 0.656670 0.351687 0.263066 0.750213 0.237512 
0.110622 0.077994 0.189445 0.163459 0.316847 0.163933 0.079310 0.862447 0.045960 0.078468 
0.071376 0.240000 0.688222 0.848735 0.190116 0.080387 0.121714 0.068843 0.202841 0.372398 
0.428047 0.674123 0.317684 0.233380 0.120621 0.025510 0.015642 0.224603 0.469890 0.771557 
0.241135 0.249934 0.250747 0.268095 0.351589 0.333717 0.318457 0.651145 0.696393 0.278466 
0.275222 0.160719 0.193341 0.120061 0.236673 0.165104 0.132166 0.640253 0.083988 0.041819 
0.115309 0.263192 0.604719 0.579214 0.137319 0.048471 0.040928 0.052967 0.657732 0.177746 
0.147101 0.092479 0.096166 0.146694 0.178186 0.167886 0.170391 0.555147 0.604163 0.605730 
0.286179 0.287951 0.374998 0.489161 0.238743 0.216760 0.400703 0.547841 0.478276 0.328513 
0.413785 0.597087 0.618713 0.169174 0.310714 0.265297 0.489169 0.768191 0.210519 0.036869 
0.118124 0.186518 0.218248 0.184866 0.170123 0.131781 0.100315 0.116614 0.658233 0.113440 
0.119661 0.252828 0.244778 0.147719 0.341495 0.103964 0.407972 0.600720 0.520237 0.453973 
0.202620 0.305833 0.189943 0.598397 0.394098 0.213509 0.287712 0.308138 0.215140 0.406615 
0.423970 0.441332 0.460719 0.253764 0.562100 0.281047 0.555442 0.769605 0.212773 0.027036 
0.111803 0.088157 0.278841 0.296357 0.537270 0.263045 0.112134 0.232828 0.425082 0.137437 
0.077044 0.588211 0.152981 0.215241 0.383518 0.250170 0.312986 0.529562 0.473692 0.530090 
0.162776 0.315430 0.328656 0.493597 0.230926 0.233117 0.337168 0.191511 0.326854 0.453804 
0.506989 0.549393 0.370533 0.149129 0.203681 0.841481 0.520249 0.357211 0.155936 0.454631 
0.717504 0.118461 0.247136 0.334494 0.737113 0.215177 0.071759 0.203538 0.419597 0.182755 
0.138410 0.418207 0.217991 0.453748 0.554018 0.322879 0.406505 0.640867 0.465039 0.619760 
0.228857 0.443222 0.469484 0.353046 0.254555 0.500244 0.458225 0.284382 0.333936 0.276690 
0.447922 0.614124 0.317532 0.340900 0.335770 0.714841 0.312499 0.167191 0.405978 0.725865 
0.442994 0.056295 0.420835 0.847607 0.681069 0.366624 0.223387 0.368351 0.642047 0.408315 
0.304774 0.573553 0.566583 0.785755 0.755475 0.342027 0.614686 0.482013 0.266061 0.614133 
0.327339 0.355830 0.543898 0.200202 0.189609 0.700908 0.540776 0.247217 0.323403 0.205451 
0.455321 0.393164 0.292695 0.400257 0.420176 0.210230 0.170643 0.339417 0.358243 0.531572 
0.274930 0.132802 0.335124 0.890455 0.447283 0.418521 0.686785 0.374934 0.590680 0.411024 
0.433192 0.452538 0.659560 0.848452 0.659272 0.229946 0.708218 0.349352 0.306304 0.868813 
0.359978 0.316924 0.511175 0.208936 0.302327 0.797161 0.392107 0.129231 0.356545 0.459829 
0.404868 0.549220 0.583131 0.682690 0.565951 0.305260 0.514152 0.405610 0.130027 0.261433 
0.382369 0.318152 0.476367 0.513536 0.378215 0.942833 0.589193 0.415463 0.321481 0.641415 
0.525625 0.504778 0.529409 0.578233 0.127236 0.331883 0.561209 0.088244 0.327920 0.731429 
0.344768 0.339945 0.455302 0.316554 0.607652 0.797102 0.340514 0.164206 0.300935 0.487468 
0.561715 0.606923 0.612193 0.687171 0.390604 0.566026 0.564833 0.517129 0.378650 0.630264 
0.627044 0.667983 0.476337 0.651588 0.303007 0.748883 0.568727 0.162668 0.226843 0.438752 
0.208379 0.368166 0.679194 0.360269 0.296090 0.272898 0.307298 0.211746 0.312206 0.525275 
0.194689 0.448280 0.310532 0.353659 0.519624 0.473134 0.187696 0.230436 0.286905 0.324246 
0.354455 0.450375 0.519185 0.381603 0.234214 0.542430 0.237598 0.523284 0.651382 0.462886 
0.600232 0.654635 0.589854 0.623922 0.564726 0.542469 0.424028 0.194874 0.188073 0.131311 
0.086334 0.272757 0.215229 0.179696 0.292978 0.187705 0.229935 0.386161 0.354592 0.635898 
0.584202 0.548725 0.582832 0.590456 0.542369 0.600733 0.613217 0.650718 0.599706 0.600434 
0.583672 0.573328 0.664549 0.687173 0.725878 0.690958 0.672145 0.592492 0.539976 0.568824 
0.548194 0.565619 0.581381 0.549724 0.583692 0.590280 0.628414 0.571049 0.533224 0.570845 
0.692364 0.614292 0.605619 0.557691 0.528206 0.524031 0.510585 0.533553 0.460892 0.433576 
0.384388 0.493058 0.513686 0.392949 0.400561 0.491158 0.582601 0.583505 0.457286 0.523546 
0.502027 0.526150 0.632425 0.676007 0.620241 0.685375 0.644349 0.553505 0.594153 0.485121 
0.499384 0.470021 0.496730 0.473382 0.542734 0.510459 0.531175 0.458218 0.511617 0.519072 
0.571503 0.571261 0.549918 0.533923 0.460358 0.440153 0.406185 0.489425 0.467935 0.325547 
0.453418 0.563728 0.514582 0.434091 0.635888 0.678361 0.749081 0.660011 0.638949 0.640314 
0.596837 0.675036 0.686493 0.772516 0.690647 0.757668 0.678191 0.694839 0.650201 0.638109 
0.622905 0.611831 0.602891 0.660199 0.665907 0.674185 0.622341 0.587463 0.680462 0.642518 
0.611493 0.695919 0.623624 0.662550 0.654468 0.695049 0.614334 0.656474 0.645625 0.398281 
0.410970 0.588294 0.524127 0.478514 0.815472 0.694924 0.702856 0.670613 0.658035 0.693025 
0.631330 0.718064 0.755511 0.820059 0.668960 0.682659 0.684944 0.681116 0.708614 0.681188 
0.639215 0.643725 0.656198 0.671284 0.620783 0.653051 0.647458 0.635337 0.676102 0.678573 
0.675072 0.664678 0.674944 0.651865 0.674147 0.680692 0.576621 0.673033 0.674989 0.431330 
0.389429 0.549199 0.594269 0.541801 0.718624 0.706039 0.773429 0.754276 0.675666 0.713413 
0.681892 0.684146 0.743036 0.739807 0.658079 0.619700 0.640143 0.615216 0.699447 0.621321 
0.714351 0.637901 0.576007 0.656214 0.642882 0.646870 0.652564 0.661510 0.673410 0.644968 
0.718797 0.676839 0.669904 0.641128 0.663123 0.644994 0.606117 0.689936 0.646954 0.446198 
0.362706 0.537846 0.576194 0.466554 0.589878 0.597056 0.731149 0.652844 0.607154 0.708114 
0.641561 0.680664 0.765487 0.663437 0.622026 0.572592 0.562281 0.644436 0.640356 0.683938 
0.696733 0.593111 0.552925 0.593587 0.622706 0.769822 0.652231 0.614114 0.638181 0.638290 
0.641833 0.662118 0.623924 0.627154 0.608971 0.588645 0.559567 0.639678 0.656850 0.432957 
0.383208 0.575818 0.611718 0.543817 0.541641 0.613145 0.646427 0.596087 0.566643 0.625812 
0.716805 0.752332 0.801362 0.581625 0.659912 0.587440 0.631143 0.646003 0.647565 0.711777 
0.634986 0.580692 0.584845 0.598992 0.586257 0.751108 0.695737 0.635043 0.593941 0.656869 
0.643900 0.678122 0.627049 0.621370 0.607196 0.640847 0.588653 0.600624 0.645298 0.432791 
0.410681 0.614161 0.670561 0.609108 0.574349 0.545542 0.498516 0.585512 0.577738 0.582286 
0.725048 0.695388 0.676315 0.547163 0.575189 0.590970 0.638379 0.662676 0.637186 0.594803 
0.624969 0.596089 0.636384 0.665298 0.666820 0.599452 0.641419 0.662815 0.575527 0.609482 
0.639246 0.638075 0.606027 0.672906 0.597501 0.621601 0.613795 0.705757 0.641814 0.428400 
0.457650 0.691827 0.720638 0.621597 0.538384 0.637757 0.586317 0.630678 0.660961 0.615337 
0.690293 0.702954 0.565523 0.629119 0.628838 0.636298 0.647072 0.634685 0.638244 0.583703 
0.618009 0.598275 0.760402 0.696176 0.691092 0.609192 0.664853 0.632694 0.655988 0.580396 
0.634661 0.602660 0.611421 0.608253 0.595441 0.646389 0.659649 0.663641 0.626081 0.410579 
0.499699 0.677386 0.613385 0.573266 0.556719 0.684016 0.641057 0.594463 0.646762 0.651231 
0.722649 0.667377 0.666717 0.613204 0.570450 0.572620 0.573237 0.583525 0.581515 0.594549 
0.590362 0.607505 0.676489 0.747225 0.579572 0.571816 0.593813 0.684041 0.625715 0.605560 
0.614339 0.596182 0.606965 0.603435 0.592419 0.619298 0.641964 0.603296 0.653321 0.387070 
0.467998 0.676859 0.617633 0.578641 0.538494 0.659270 0.633946 0.653936 0.668161 0.646804 
0.724173 0.594870 0.635424 0.621903 0.538542 0.410435 0.456416 0.682608 0.748448 0.621970 
0.547256 0.603949 0.627864 0.637716 0.561831 0.598687 0.636197 0.666191 0.604666 0.668414 
0.638871 0.617771 0.572762 0.587516 0.613312 0.592765 0.546280 0.584734 0.701371 0.406943 
0.456160 0.678064 0.567560 0.562459 0.580261 0.650504 0.616026 0.698652 0.661876 0.630384 
0.545675 0.590179 0.576024 0.604860 0.490154 0.279338 0.351313 0.522807 0.722337 0.636114 
0.605927 0.580825 0.606791 0.565506 0.585250 0.622773 0.707756 0.702097 0.643865 0.667442 
0.678718 0.627101 0.574954 0.562482 0.590095 0.569170 0.568272 0.560531 0.758356 0.435716 
0.447506 0.662019 0.627588 0.580628 0.586313 0.622765 0.620686 0.675180 0.672810 0.612804 
0.562111 0.619999 0.480886 0.295189 0.600011 0.587722 0.465969 0.351880 0.518941 0.547960 
0.623789 0.614934 0.643653 0.636897 0.688031 0.643360 0.667182 0.662402 0.633492 0.728349 
0.722070 0.624102 0.596756 0.546169 0.614687 0.569007 0.615109 0.567675 0.788222 0.519802 
0.459631 0.639411 0.540969 0.635350 0.562837 0.630053 0.671271 0.656873 0.707607 0.675446 
0.637403 0.607124 0.479615 0.149389 0.164652 0.847126 0.191123 0.318242 0.470726 0.543158 
0.569163 0.628438 0.664275 0.643326 0.644811 0.656128 0.610631 0.682256 0.610096 0.665242 
0.659504 0.642248 0.672489 0.587001 0.602373 0.564633 0.588928 0.581584 0.800537 0.587942 
0.447715 0.678481 0.563521 0.532813 0.588619 0.620429 0.712129 0.654651 0.692600 0.704055 
0.674010 0.582430 0.577814 0.163199 0.168980 0.964399 0.172025 0.090647 0.418958 0.587191 
0.606852 0.689372 0.663159 0.649465 0.667308 0.649313 0.670050 0.664396 0.671404 0.622398 
0.590163 0.617253 0.680002 0.625905 0.651582 0.563986 0.642363 0.615844 0.815532 0.650999 
0.420525 0.656215 0.587445 0.509528 0.630756 0.610196 0.632306 0.559660 0.713802 0.679178 
0.565954 0.608482 0.615514 0.483553 0.492646 0.828149 0.594448 0.295895 0.500834 0.624500 
0.557356 0.615895 0.587285 0.589695 0.636399 0.627618 0.653986 0.637136 0.743938 0.640671 
0.601025 0.556834 0.697907 0.665109 0.630898 0.638971 0.683286 0.654139 0.765235 0.636312 
0.468778 0.546080 0.547942 0.570536 0.609619 0.611161 0.639315 0.635746 0.733433 0.683585 
0.571310 0.597724 0.608489 0.573623 0.600515 0.678056 0.574437 0.562549 0.761993 0.689583 
0.627627 0.584018 0.655940 0.623099 0.704208 0.598916 0.682333 0.712242 0.776201 0.716996 
0.595701 0.577379 0.577406 0.619498 0.628144 0.672445 0.666092 0.697187 0.671252 0.497371 
0.412969 0.657018 0.612021 0.592087 0.662192 0.600030 0.612518 0.650406 0.652646 0.620566 
0.654353 0.604382 0.600338 0.617463 0.567660 0.589849 0.653462 0.621321 0.699955 0.687469 
0.662261 0.585761 0.632360 0.639971 0.634813 0.662375 0.686683 0.711532 0.736349 0.674767 
0.612664 0.577773 0.535556 0.563457 0.628026 0.647141 0.616656 0.672852 0.624760 0.456264 
0.427811 0.617690 0.584352 0.671684 0.668955 0.667217 0.558756 0.519559 0.562104 0.634391 
0.662653 0.651005 0.632730 0.638972 0.603394 0.609945 0.629558 0.680671 0.658043 0.689787 
0.650763 0.570067 0.617473 0.598096 0.654990 0.634631 0.670235 0.678776 0.656225 0.618654 
0.617545 0.593108 0.605168 0.600691 0.603630 0.659206 0.610421 0.665281 0.623350 0.446225 
0.406157 0.639527 0.546721 0.646373 0.621688 0.631545 0.482666 0.494846 0.603166 0.655705 
0.621664 0.634509 0.637661 0.619513 0.658631 0.638126 0.631631 0.708003 0.638865 0.689557 
0.636336 0.569809 0.566371 0.588355 0.657532 0.642995 0.600002 0.641170 0.654758 0.672012 
0.662596 0.624977 0.679871 0.646341 0.666813 0.737648 0.676191 0.720126 0.659930 0.452811 
0.382068 0.627378 0.586437 0.424140 0.326952 0.403001 0.356607 0.266853 0.401379 0.565596 
0.574382 0.573034 0.622775 0.611707 0.593575 0.607925 0.612651 0.663864 0.656113 0.653810 
0.719733 0.599470 0.604305 0.592778 0.602719 0.642231 0.608718 0.593632 0.630100 0.635635 
0.650350 0.682477 0.696317 0.703258 0.703390 0.707675 0.724456 0.690334 0.675320 0.505601 
0.543126 0.644933 0.492581 0.301092 0.288089 0.166650 0.149479 0.250115 0.362304 0.551776 
0.492361 0.533489 0.620547 0.591071 0.588305 0.596600 0.643031 0.714606 0.687893 0.664722 
0.681886 0.634667 0.651739 0.612625 0.637512 0.645334 0.646427 0.596608 0.612269 0.649187 
0.662733 0.754335 0.713055 0.671523 0.699633 0.699147 0.700627 0.676243 0.651835 0.469388 
0.535596 0.693611 0.443386 0.278098 0.229123 0.232832 0.122105 0.276259 0.301049 0.360570 
0.474825 0.527845 0.514914 0.565206 0.589508 0.608289 0.606401 0.722387 0.645911 0.630897 
0.628101 0.669920 0.647730 0.636920 0.637562 0.654316 0.665043 0.658468 0.674414 0.687026 
0.695176 0.690895 0.667609 0.636286 0.657311 0.671400 0.712272 0.706833 0.612396 0.478682 
0.610455 0.638174 0.315180 0.119357 0.413277 0.423362 0.448176 0.574915 0.476531 0.224604 
0.334268 0.474024 0.472532 0.558003 0.600898 0.670351 0.630571 0.619320 0.604055 0.705422 
0.690255 0.748569 0.723439 0.698814 0.691434 0.673344 0.673098 0.671313 0.705051 0.693902 
0.673926 0.641308 0.668673 0.678190 0.666842 0.633833 0.648513 0.545299 0.489271 0.462079 
0.817527 0.800455 0.472848 0.400262 0.532854 0.555376 0.589801 0.575364 0.380596 0.217138 
0.349657 0.396378 0.476663 0.560267 0.658471 0.679568 0.650191 0.637242 0.624337 0.691795 
0.673777 0.741670 0.724675 0.711941 0.702718 0.721475 0.689488 0.746243 0.701179 0.677544 
0.664911 0.716308 0.674796 0.664934 0.545627 0.512500 0.443523 0.258227 0.463783 0.511313 
0.684715 0.586910 0.205853 0.534894 0.497038 0.629833 0.665263 0.682177 0.242061 0.626928 
0.411293 0.418209 0.530453 0.584890 0.634958 0.694868 0.637090 0.694042 0.679634 0.627468 
0.592533 0.661688 0.685443 0.730423 0.711033 0.698898 0.714203 0.705716 0.671692 0.667352 
0.707579 0.719440 0.635263 0.563897 0.414958 0.366821 0.353069 0.434925 0.426988 0.616824 
0.509977 0.596978 0.266163 0.336609 0.539887 0.614558 0.481132 0.518674 0.296404 0.604432 
0.321854 0.377403 0.518513 0.586972 0.562946 0.634817 0.677076 0.723730 0.576146 0.521922 
0.542693 0.575979 0.663585 0.734235 0.705897 0.670348 0.648664 0.591078 0.540475 0.518819 
0.645680 0.463965 0.307890 0.370957 0.256129 0.353350 0.453894 0.380078 0.521550 0.510020 
0.590180 0.759098 0.404952 0.436532 0.610382 0.743276 0.615156 0.569704 0.191600 0.306881 
0.297256 0.390762 0.501592 0.610887 0.495957 0.576712 0.642538 0.595579 0.575563 0.485506 
0.385599 0.445855 0.509266 0.460743 0.451967 0.499941 0.476111 0.486304 0.413260 0.276742 
0.235478 0.200501 0.212908 0.344701 0.152364 0.333397 0.245184 0.448060 0.574389 0.540647 
0.629838 0.813265 0.583263 0.334409 0.257798 0.515330 0.752099 0.648896 0.264238 0.626507 
0.375613 0.333908 0.487683 0.627212 0.431700 0.517890 0.430655 0.537354 0.874361 0.640926 
0.520496 0.435275 0.312894 0.316673 0.340325 0.260780 0.356243 0.367303 0.231914 0.182627 
0.292918 0.205901 0.215349 0.601212 0.561719 0.664635 0.161299 0.180627 0.518995 0.518977 
0.694858 0.727462 0.766114 0.651670 0.431709 0.587154 0.838843 0.595055 0.254985 0.633635 
0.210091 0.287530 0.416375 0.470211 0.360056 0.455310 0.351317 0.359252 0.773829 0.269250 
0.274106 0.353545 0.240659 0.446260 0.580144 0.337555 0.383301 0.209696 0.328014 0.442888 
0.261264 0.261612 0.331950 0.378538 0.588433 0.615971 0.424472 0.310225 0.437622 0.389629 
0.708378 0.722056 0.636802 0.530541 0.483880 0.431374 0.811725 0.592079 0.554203 0.504803 
0.555325 0.166971 0.347776 0.445681 0.482134 0.451254 0.370867 0.453638 0.841914 0.086412 
0.251073 0.398896 0.271304 0.349910 0.660881 0.200102 0.461213 0.321235 0.369875 0.629499 
0.524952 0.231757 0.394540 0.419714 0.498524 0.694794 0.179821 0.262610 0.408971 0.192782 
0.634659 0.663322 0.468185 0.532671 0.705944 0.505508 0.643587 0.500106 0.729216 0.452365 
0.652359 0.494606 0.294788 0.486219 0.408886 0.314468 0.294647 0.451703 0.599260 0.062216 
0.274426 0.432237 0.355177 0.322892 0.428653 0.648016 0.324395 0.293890 0.557106 0.675833 
0.535746 0.302357 0.451721 0.590040 0.431436 0.581384 0.445822 0.534088 0.672806 0.313769 
0.680601 0.731791 0.655414 0.523307 0.559022 0.566251 0.536254 0.514770 0.706890 0.750549 
0.552279 0.696359 0.555772 0.577146 0.380495 0.337285 0.129814 0.393894 0.523442 0.154633 
0.381114 0.313456 0.225141 0.435710 0.480535 0.822379 0.444831 0.261664 0.712154 0.763199 
0.361641 0.256339 0.702435 0.547886 0.568817 0.739669 0.637044 0.671568 0.744833 0.362708 
0.667093 0.713488 0.663269 0.442725 0.503810 0.569080 0.609649 0.530249 0.585506 0.687039 
0.473476 0.342942 0.509144 0.444433 0.345401 0.387230 0.457361 0.530697 0.389261 0.057579 
0.420911 0.511623 0.269226 0.315589 0.757959 0.802011 0.486857 0.511541 0.284223 0.384344 
0.230739 0.378696 0.692930 0.532346 0.658578 0.570392 0.464500 0.524545 0.527230 0.403367 
0.634929 0.640869 0.563713 0.457866 0.520092 0.729794 0.517204 0.407214 0.586333 0.608566 
0.562264 0.591866 0.542309 0.495445 0.427800 0.623305 0.788273 0.668883 0.506016 0.158262 
0.556287 0.790388 0.410451 0.241503 0.621138 0.885082 0.375791 0.568392 0.471667 0.460388 
0.345340 0.505146 0.369119 0.337145 0.569280 0.638341 0.413422 0.456896 0.396170 0.364061 
0.510091 0.624876 0.592617 0.706262 0.594613 0.715168 0.559818 0.298696 0.638014 0.630451 
0.625196 0.733872 0.527338 0.488887 0.340585 0.505436 0.656103 0.471755 0.484027 0.259756 
0.370556 0.339965 0.486285 0.573616 0.525136 0.757205 0.350586 0.564277 0.556370 0.652107 
0.571072 0.717626 0.428562 0.459152 0.875145 0.854748 0.497632 0.411986 0.289652 0.662578 
0.528450 0.615948 0.608398 0.758202 0.604048 0.596208 0.618212 0.378090 0.679773 0.616552 
0.578605 0.616811 0.450118 0.557452 0.519056 0.387397 0.471138 0.529400 0.609265 0.496004 
0.415088 0.249854 0.345906 0.566752 0.732515 0.650810 0.751307 0.536031 0.450380 0.679526 
0.694286 0.713709 0.573487 0.507577 0.830598 0.858601 0.552058 0.543981 0.331410 0.746557 
0.611312 0.790461 0.561043 0.706234 0.568176 0.636785 0.591507 0.393578 0.746689 0.599138 
0.507070 0.575908 0.521547 0.611538 0.591234 0.557972 0.669717 0.442760 0.428177 0.420527 
0.407187 0.268372 0.300116 0.400738 0.587820 0.742573 0.743189 0.500013 0.261160 0.894423 
0.789868 0.794001 0.646861 0.404525 0.549160 0.807788 0.592322 0.675877 0.409633 0.552352 
0.574814 0.796768 0.656860 0.617390 0.709018 0.732957 0.417270 0.323927 0.847399 0.552545 
0.534225 0.616558 0.631986 0.486548 0.365315 0.323371 0.341994 0.440918 0.609262 0.589535 
0.622481 0.545296 0.604947 0.607531 0.559545 0.716053 0.755973 0.399047 0.251904 0.884923 
0.742125 0.702907 0.572646 0.331798 0.438899 0.561803 0.479669 0.516910 0.418862 0.347858 
0.608550 0.686287 0.621383 0.556420 0.649580 0.680214 0.479880 0.454899 0.805640 0.757035 
0.567534 0.648761 0.531188 0.392327 0.327700 0.408592 0.359009 0.400777 0.707733 0.702436 
0.712409 0.581065 0.602628 0.533211 0.447932 0.472779 0.619497 0.455799 0.408869 0.566608 
0.468098 0.443591 0.548537 0.402572 0.444961 0.434784 0.406174 0.464877 0.449629 0.450530 
0.193905 0.582157 0.584308 0.451772 0.533669 0.570385 0.450725 0.428676 0.540793 0.532978 
0.542722 0.574937 0.617622 0.455350 0.268618 0.471996 0.542198 0.522124 0.511840 0.487797 
0.532913 0.473463 0.465786 0.491472 0.459896 0.498862 0.447708 0.435542 0.553445 0.455432 
0.394903 0.475424 0.447164 0.505879 0.528269 0.502096 0.519639 0.563815 0.501737 0.151946 
0.142454 0.382786 0.598660 0.564434 0.592712 0.589656 0.576021 0.465631 0.576044 0.534195 
0.587277 0.612048 0.572505 0.512438 0.369533 0.449216 0.436059 0.542495 0.546312 0.553799 
0.539460 0.524453 0.525192 0.541065 0.491064 0.553504 0.482550 0.473966 0.563388 0.519908 
0.412963 0.509994 0.474243 0.527632 0.517945 0.529960 0.546775 0.588872 0.462358 0.165952 
0.272301 0.364787 0.508577 0.445996 0.365963 0.463841 0.445443 0.494630 0.549517 0.488700 
0.493929 0.534422 0.476643 0.463711 0.581895 0.436329 0.426011 0.431946 0.499610 0.494644 
0.471368 0.481699 0.496538 0.503194 0.453330 0.447265 0.458517 0.467128 0.471606 0.441625 
0.504517 0.444143 0.494124 0.414022 0.386943 0.427586 0.441002 0.470952 0.402715 0.208384 
0.348606 0.449116 0.612261 0.410738 0.335558 0.427429 0.583529 0.550210 0.584827 0.552410 
0.627928 0.617765 0.556272 0.465219 0.614188 0.606549 0.571738 0.474914 0.546627 0.473899 
0.466569 0.559096 0.600720 0.591167 0.522450 0.476045 0.565876 0.590242 0.502952 0.485688 
0.573907 0.547645 0.542695 0.540163 0.548488 0.490593 0.543674 0.598042 0.504107 0.205121 
0.333120 0.443084 0.660250 0.506615 0.381780 0.522852 0.646296 0.607983 0.667879 0.638748 
0.613293 0.579728 0.547242 0.508414 0.642776 0.668642 0.678476 0.611798 0.493337 0.490366 
0.502504 0.573720 0.599763 0.594465 0.526168 0.489564 0.547646 0.604324 0.566228 0.513577 
0.585194 0.621515 0.563248 0.605120 0.598579 0.552910 0.579062 0.653248 0.577731 0.211207 
0.300504 0.482059 0.740884 0.577527 0.479010 0.376890 0.573655 0.613933 0.673749 0.557306 
0.593344 0.536666 0.490849 0.577878 0.621971 0.603681 0.651785 0.599289 0.512513 0.581720 
0.471060 0.490100 0.558537 0.575347 0.496489 0.510766 0.515725 0.559543 0.579521 0.548910 
0.493583 0.521086 0.552374 0.559400 0.598220 0.588316 0.560598 0.608547 0.549913 0.195357 
0.326000 0.530335 0.735808 0.617868 0.605524 0.650981 0.645446 0.607339 0.614258 0.486812 
0.643559 0.658472 0.464592 0.529959 0.514812 0.606898 0.641904 0.572101 0.573072 0.601234 
0.485386 0.482860 0.521543 0.581056 0.570904 0.460877 0.510007 0.590895 0.624062 0.559541 
0.528813 0.543645 0.541024 0.528840 0.548279 0.609033 0.575037 0.650389 0.529842 0.222194 
0.340386 0.538987 0.719892 0.627410 0.640488 0.637980 0.582047 0.549948 0.600821 0.654987 
0.633386 0.662132 0.458766 0.581568 0.511422 0.555600 0.586976 0.625773 0.655894 0.619111 
0.544137 0.519715 0.524025 0.541225 0.559248 0.526795 0.551511 0.552894 0.610226 0.596643 
0.587868 0.565829 0.557736 0.530431 0.545292 0.530012 0.542135 0.688956 0.611428 0.218371 
0.312356 0.545696 0.724421 0.639878 0.560121 0.600971 0.561948 0.543268 0.588447 0.637239 
0.607250 0.585659 0.544931 0.635648 0.598901 0.603278 0.544783 0.515265 0.503479 0.590516 
0.614600 0.534027 0.493575 0.555249 0.508485 0.586753 0.605812 0.583742 0.585660 0.617194 
0.557234 0.584440 0.600703 0.517812 0.540948 0.566999 0.589999 0.631192 0.614157 0.216228 
0.346056 0.558512 0.619032 0.535152 0.609694 0.643080 0.619908 0.527632 0.606899 0.579148 
0.504526 0.498899 0.604559 0.629801 0.560272 0.559673 0.483209 0.457701 0.439755 0.472200 
0.583175 0.599743 0.524260 0.529464 0.531065 0.612255 0.571132 0.521989 0.556972 0.561895 
0.526223 0.559838 0.605373 0.527986 0.542089 0.610818 0.583579 0.612749 0.586894 0.237285 
0.355085 0.588372 0.683562 0.588195 0.643486 0.608237 0.550977 0.498305 0.635894 0.694767 
0.444984 0.594201 0.648834 0.535172 0.348991 0.468750 0.414708 0.415680 0.532247 0.428768 
0.493072 0.574777 0.613570 0.523971 0.551477 0.577600 0.559985 0.501127 0.588064 0.562410 
0.530839 0.525483 0.568067 0.514633 0.556896 0.588313 0.558344 0.569721 0.523515 0.233697 
0.354261 0.590338 0.707810 0.592016 0.697805 0.657024 0.579750 0.467129 0.517983 0.571568 
0.491320 0.591853 0.564426 0.340470 0.151815 0.215505 0.142350 0.285846 0.529059 0.444243 
0.560503 0.648335 0.582577 0.557742 0.523676 0.498853 0.510317 0.611530 0.589700 0.602546 
0.535969 0.478876 0.533787 0.539536 0.552161 0.590062 0.608423 0.567609 0.432324 0.222643 
0.313022 0.499817 0.644644 0.635836 0.643438 0.698186 0.647585 0.473151 0.458217 0.561551 
0.582521 0.537512 0.408146 0.101451 0.165847 0.349263 0.115328 0.104782 0.363222 0.539124 
0.584629 0.595134 0.516658 0.506067 0.573765 0.533863 0.520768 0.529076 0.529942 0.622329 
0.619743 0.496105 0.546374 0.567281 0.553149 0.555659 0.603541 0.566025 0.376561 0.199884 
0.327860 0.459518 0.717733 0.608478 0.618166 0.677993 0.623207 0.563555 0.528112 0.582020 
0.486498 0.530624 0.526239 0.121639 0.214777 0.884589 0.048144 0.246341 0.292763 0.551044 
0.513971 0.536019 0.560517 0.592377 0.453971 0.461459 0.603514 0.598279 0.547273 0.549762 
0.603517 0.541412 0.549620 0.583899 0.539125 0.490470 0.619323 0.544103 0.407931 0.206360 
0.307532 0.569240 0.727811 0.617745 0.595191 0.672052 0.726381 0.557567 0.460171 0.549065 
0.518837 0.641403 0.770179 0.568638 0.200688 0.550743 0.073624 0.229622 0.472017 0.538630 
0.587638 0.554335 0.557040 0.574023 0.560919 0.554100 0.582124 0.561882 0.492860 0.540973 
0.640271 0.538245 0.518614 0.594616 0.517596 0.563000 0.662557 0.568687 0.539816 0.269724 
0.323735 0.478855 0.672962 0.624271 0.601702 0.662070 0.596888 0.467175 0.554480 0.640883 
0.575878 0.646480 0.794212 0.703570 0.336623 0.310443 0.270604 0.627816 0.650419 0.528185 
0.550025 0.489196 0.535411 0.533997 0.545178 0.532016 0.560657 0.571414 0.458150 0.443354 
0.536788 0.578609 0.555124 0.595551 0.529672 0.606893 0.666015 0.657553 0.638762 0.278209 
0.326218 0.484709 0.659376 0.641149 0.492909 0.594325 0.632733 0.619796 0.598570 0.620222 
0.573027 0.529590 0.698070 0.764280 0.586476 0.413101 0.479491 0.552739 0.547799 0.551692 
0.532502 0.575131 0.565076 0.582472 0.516295 0.518734 0.574797 0.606628 0.600778 0.397802 
0.525344 0.604300 0.553551 0.545777 0.583894 0.575560 0.663307 0.686169 0.631260 0.235503 
0.301867 0.528729 0.682153 0.645726 0.489928 0.513099 0.623342 0.608248 0.581788 0.601482 
0.550751 0.457547 0.541761 0.656516 0.575844 0.525507 0.618980 0.583988 0.412105 0.450062 
0.611481 0.632709 0.580206 0.538788 0.474735 0.551273 0.603702 0.662437 0.613432 0.462000 
0.565910 0.605796 0.579789 0.518909 0.534088 0.568652 0.611307 0.622194 0.604754 0.227193 
0.304398 0.444454 0.684431 0.718024 0.536889 0.402489 0.474828 0.501691 0.549059 0.581965 
0.526231 0.491548 0.555669 0.562802 0.553773 0.581437 0.593168 0.580028 0.572894 0.502333 
0.540061 0.596185 0.567218 0.554919 0.529692 0.573646 0.581334 0.587778 0.599235 0.588508 
0.612322 0.582975 0.569426 0.536986 0.523216 0.518099 0.499926 0.611657 0.588021 0.241509 
0.313429 0.443093 0.710296 0.760871 0.596707 0.428883 0.418350 0.416787 0.420822 0.463111 
0.543330 0.608038 0.599968 0.553258 0.489468 0.560510 0.637023 0.563264 0.589930 0.539294 
0.548567 0.584253 0.612405 0.601448 0.535670 0.594582 0.514616 0.500670 0.585749 0.608680 
0.600002 0.583037 0.556898 0.560109 0.545710 0.501492 0.567162 0.639101 0.618521 0.225785 
0.276977 0.361630 0.495720 0.446937 0.325216 0.460105 0.612178 0.360650 0.164624 0.224485 
0.510742 0.566846 0.597536 0.551944 0.557793 0.604564 0.594445 0.450113 0.571675 0.629674 
0.558992 0.579964 0.637107 0.610002 0.558642 0.587255 0.531370 0.531363 0.559692 0.464915 
0.428098 0.568446 0.532843 0.555775 0.603456 0.553202 0.608235 0.662689 0.578454 0.247729 
0.349213 0.456024 0.222437 0.160882 0.206736 0.656027 0.922077 0.724450 0.201132 0.207054 
0.312098 0.525060 0.575266 0.535787 0.558526 0.577862 0.566860 0.587179 0.596640 0.571631 
0.502048 0.555645 0.590036 0.607867 0.553456 0.558437 0.552171 0.570805 0.504372 0.430931 
0.515463 0.582206 0.545199 0.557180 0.604531 0.564499 0.554909 0.636342 0.617247 0.232953 
0.567534 0.314236 0.194651 0.250832 0.502349 0.167041 0.418204 0.512428 0.266855 0.126863 
0.158315 0.377801 0.599259 0.528331 0.505848 0.597209 0.620249 0.562015 0.608961 0.609708 
0.567673 0.533042 0.532672 0.562787 0.544562 0.538205 0.517132 0.524773 0.541730 0.571364 
0.582058 0.553842 0.518864 0.533136 0.549212 0.579192 0.582519 0.611300 0.570942 0.278703 
0.428287 0.138273 0.371083 0.601121 0.417056 0.022240 0.076324 0.292543 0.483847 0.172632 
0.165018 0.187632 0.583636 0.546504 0.507106 0.575894 0.566070 0.497375 0.536641 0.581088 
0.557480 0.545304 0.556363 0.552258 0.557203 0.574783 0.493562 0.517777 0.565509 0.539524 
0.561152 0.521169 0.485916 0.566976 0.585828 0.535316 0.522366 0.407442 0.422470 0.273394 
0.513795 0.326840 0.554395 0.270911 0.723962 0.069409 0.102939 0.716160 0.523926 0.345618 
0.090123 0.119336 0.321252 0.554648 0.579160 0.567334 0.543973 0.563328 0.571173 0.503708 
0.535167 0.520560 0.584122 0.554070 0.531118 0.555256 0.564376 0.584861 0.586771 0.507981 
0.523400 0.561778 0.509637 0.481754 0.546707 0.581723 0.313087 0.250218 0.309236 0.500393 
0.260109 0.241431 0.386933 0.258590 0.611781 0.401896 0.283195 0.568651 0.703349 0.455135 
0.085449 0.072904 0.271722 0.585483 0.587141 0.576678 0.573091 0.520123 0.514630 0.546497 
0.662822 0.626156 0.583928 0.560064 0.565686 0.559535 0.574085 0.605242 0.645325 0.615464 
0.512257 0.434932 0.541611 0.453647 0.393215 0.381668 0.217790 0.250237 0.618121 0.248694 
0.268727 0.300536 0.229167 0.112070 0.272098 0.327908 0.295157 0.204544 0.484883 0.852413 
0.132484 0.042618 0.291792 0.642240 0.609298 0.561662 0.598467 0.329546 0.393399 0.361439 
0.694201 0.637061 0.557410 0.573187 0.498104 0.605712 0.608893 0.678908 0.667587 0.540633 
0.419517 0.215991 0.557316 0.717571 0.247262 0.219408 0.239011 0.359161 0.245813 0.130683 
0.345649 0.330731 0.370503 0.153627 0.222510 0.183484 0.066972 0.166192 0.275723 0.710792 
0.284662 0.140832 0.208162 0.557940 0.597137 0.602831 0.403269 0.099384 0.360996 0.285021 
0.368433 0.516782 0.450938 0.407787 0.452280 0.587067 0.590030 0.626075 0.565184 0.348035 
0.193555 0.117285 0.736501 0.979422 0.248907 0.479518 0.364312 0.387398 0.062839 0.070747 
0.355911 0.389181 0.671104 0.248245 0.171209 0.212606 0.179543 0.140587 0.352854 0.673175 
0.213841 0.148103 0.326252 0.524363 0.535910 0.544859 0.122363 0.115920 0.652981 0.295517 
0.361795 0.419410 0.344178 0.379997 0.346965 0.251476 0.278690 0.382136 0.318017 0.171980 
0.103737 0.148537 0.807243 0.678250 0.183820 0.155173 0.231051 0.137095 0.296849 0.088698 
0.370301 0.431249 0.748055 0.463695 0.358417 0.218330 0.234047 0.074039 0.448289 0.298699 
0.328859 0.205346 0.321653 0.316728 0.541057 0.438452 0.077825 0.226915 0.802970 0.170283 
0.437159 0.436907 0.353620 0.672543 0.748678 0.204642 0.249154 0.191514 0.289503 0.240761 
0.144865 0.354616 0.346962 0.357171 0.661388 0.157877 0.054338 0.250352 0.606204 0.125312 
0.352683 0.351945 0.457766 0.649942 0.618074 0.280597 0.166060 0.313809 0.498011 0.465073 
0.184804 0.084457 0.205724 0.279643 0.408160 0.341952 0.131057 0.329350 0.701286 0.204253 
0.488277 0.353784 0.345965 0.720897 0.670290 0.256936 0.169212 0.165518 0.426973 0.149315 
0.119022 0.547082 0.318059 0.508474 0.550717 0.315217 0.069373 0.149557 0.441613 0.269949 
0.381319 0.179657 0.441712 0.613212 0.800115 0.608120 0.520753 0.419165 0.215673 0.470676 
0.147447 0.229692 0.316871 0.413884 0.404421 0.578531 0.399435 0.274913 0.350313 0.141477 
0.319206 0.178871 0.162124 0.339652 0.582538 0.423905 0.105609 0.369668 0.295090 0.046963 
0.193325 0.106114 0.188413 0.156866 0.463104 0.253318 0.358269 0.576500 0.299847 0.349658 
0.299543 0.257123 0.354475 0.439460 0.889638 0.841672 0.442608 0.483981 0.154044 0.254495 
0.495985 0.313161 0.472304 0.437035 0.158537 0.651887 0.457673 0.198385 0.215393 0.362649 
0.291239 0.121910 0.090079 0.220733 0.331668 0.389412 0.240924 0.458286 0.537128 0.058480 
0.102995 0.173197 0.250093 0.143292 0.318861 0.302706 0.520525 0.542779 0.448093 0.334929 
0.300111 0.351442 0.422702 0.499041 0.702791 0.802516 0.891154 0.167969 0.149045 0.266756 
0.346428 0.317834 0.193960 0.606509 0.286710 0.130136 0.080681 0.063285 0.190492 0.706840 
0.288606 0.240614 0.302525 0.077341 0.184304 0.295330 0.160005 0.111047 0.259794 0.101171 
0.179228 0.252256 0.378808 0.317477 0.529652 0.431416 0.371082 0.495168 0.594502 0.289463 
0.490252 0.271536 0.365128 0.245492 0.409521 0.463995 0.849406 0.735455 0.220190 0.257054 
0.396320 0.209095 0.136581 0.619953 0.644869 0.219288 0.059346 0.057937 0.466511 0.573364 
0.108355 0.316419 0.322679 0.599208 0.067862 0.162152 0.247002 0.079807 0.114922 0.120733 
0.214099 0.090271 0.342159 0.380843 0.402700 0.412702 0.198393 0.264008 0.542916 0.173354 
0.341039 0.274283 0.345830 0.460161 0.426311 0.327089 0.602825 0.668248 0.327437 0.479040 
0.672204 0.379759 0.095939 0.438458 0.632564 0.378003 0.084793 0.187071 0.167769 0.155118 
0.245592 0.749678 0.273098 0.589113 0.197448 0.112019 0.475930 0.263512 0.290363 0.215813 
0.164349 0.110030 0.429139 0.459494 0.388592 0.294259 0.205879 0.349710 0.163612 0.217241 
0.355300 0.311853 0.437033 0.727314 0.337426 0.299301 0.588699 0.454314 0.290146 0.608077 
0.494638 0.331118 0.240599 0.269251 0.504219 0.249889 0.205874 0.399994 0.242925 0.254487 
0.344456 0.401875 0.448623 0.234521 0.200646 0.175737 0.640413 0.556903 0.284803 0.258751 
0.331560 0.172090 0.446964 0.405433 0.487760 0.238365 0.237269 0.557435 0.227772 0.242601 
0.354213 0.392809 0.644402 0.567161 0.131584 0.254636 0.519448 0.339908 0.205702 0.390672 
0.545834 0.263018 0.193142 0.240542 0.341297 0.295773 0.104553 0.211556 0.184087 0.297666 
0.355928 0.258690 0.271441 0.270386 0.133626 0.193059 0.423976 0.169449 0.213118 0.453111 
0.307814 0.138044 0.300653 0.518156 0.673198 0.544649 0.258179 0.656623 0.362017 0.245739 
0.221624 0.131261 0.688465 0.761298 0.432085 0.185349 0.327735 0.150079 0.254113 0.087040 
0.365038 0.297044 0.187309 0.081411 0.234466 0.292830 0.071383 0.137164 0.181357 0.095278 
0.196125 0.146070 0.352165 0.559474 0.482034 0.255583 0.220057 0.048082 0.139721 0.375792 
0.243092 0.544557 0.206061 0.124190 0.251869 0.204545 0.320834 0.430991 0.276236 0.152829 
0.314979 0.195457 0.439984 0.681659 0.387642 0.243486 0.396451 0.340072 0.599189 0.136444 
0.231376 0.316642 0.305850 0.200365 0.161175 0.563021 0.591178 0.294388 0.259085 0.263149 
0.493681 0.262169 0.175520 0.159499 0.224506 0.212449 0.255895 0.129235 0.160223 0.231398 
0.155341 0.378720 0.370602 0.130356 0.164884 0.219005 0.175927 0.216367 0.299875 0.193362 
0.640028 0.673587 0.581290 0.540193 0.434412 0.453075 0.468753 0.454372 0.430802 0.452282 
0.434359 0.466184 0.504080 0.553723 0.564942 0.548437 0.517077 0.502765 0.435898 0.435922 
0.402806 0.381242 0.388055 0.359398 0.374401 0.371449 0.406090 0.433260 0.419157 0.392844 
0.468286 0.466151 0.454778 0.455377 0.428323 0.440040 0.426537 0.426784 0.543417 0.545928 
0.534873 0.609414 0.706882 0.586506 0.438066 0.389027 0.455515 0.478089 0.316573 0.471269 
0.555754 0.561397 0.591127 0.501375 0.421104 0.559448 0.638717 0.564366 0.622121 0.548136 
0.564519 0.560587 0.541199 0.437269 0.488641 0.443687 0.546880 0.435690 0.390941 0.412422 
0.578574 0.459012 0.449393 0.523312 0.445933 0.417367 0.478029 0.511819 0.496295 0.362654 
0.450397 0.298348 0.513872 0.505840 0.459640 0.310741 0.488441 0.585197 0.353988 0.338716 
0.398985 0.457463 0.501797 0.481699 0.303029 0.360927 0.414983 0.614274 0.527716 0.568879 
0.603851 0.513808 0.384030 0.493822 0.516459 0.445130 0.383687 0.366181 0.514822 0.415266 
0.318771 0.343342 0.321180 0.402782 0.379950 0.472503 0.536066 0.455954 0.446612 0.425806 
0.584473 0.448734 0.529410 0.468936 0.477688 0.448747 0.569548 0.491777 0.469180 0.519998 
0.536052 0.682807 0.493459 0.404753 0.578890 0.350955 0.368443 0.388011 0.604304 0.604044 
0.422859 0.502355 0.525871 0.411366 0.393874 0.485434 0.462096 0.409976 0.439008 0.431223 
0.350182 0.349829 0.467255 0.391672 0.443445 0.553318 0.493386 0.343266 0.390566 0.442589 
0.725944 0.568034 0.586587 0.681424 0.608815 0.629973 0.573678 0.579075 0.690720 0.595914 
0.598513 0.668890 0.493961 0.450398 0.594928 0.522641 0.517535 0.408443 0.487187 0.394186 
0.541758 0.658699 0.642518 0.620940 0.535116 0.480150 0.497103 0.540674 0.474607 0.431549 
0.692986 0.698669 0.649652 0.468474 0.468527 0.440599 0.540476 0.535991 0.414066 0.480938 
0.741850 0.542445 0.576723 0.512812 0.502743 0.360149 0.389273 0.563760 0.732844 0.717295 
0.521160 0.463178 0.534673 0.712396 0.745322 0.633364 0.480604 0.506917 0.360137 0.467400 
0.514714 0.512360 0.493866 0.666125 0.708037 0.646469 0.554655 0.627795 0.658787 0.593602 
0.577221 0.633918 0.618139 0.596634 0.455378 0.380535 0.473184 0.563342 0.538525 0.469594 
0.636118 0.561704 0.577059 0.388673 0.306948 0.403755 0.665484 0.535759 0.458513 0.544304 
0.620214 0.430463 0.570612 0.531486 0.708265 0.710202 0.685796 0.548292 0.459776 0.549698 
0.494588 0.483765 0.519119 0.514437 0.505437 0.684327 0.624019 0.568853 0.607607 0.653401 
0.456772 0.480484 0.450622 0.496721 0.503538 0.657423 0.626966 0.432454 0.497481 0.446299 
0.673308 0.513487 0.633328 0.624073 0.666493 0.492671 0.532396 0.519455 0.312097 0.492281 
0.587229 0.591739 0.601933 0.483664 0.408861 0.512601 0.647196 0.770041 0.673445 0.548834 
0.685414 0.614406 0.492769 0.463326 0.481901 0.426016 0.465963 0.540606 0.408059 0.523703 
0.522118 0.473327 0.447385 0.642293 0.553994 0.582624 0.585499 0.639383 0.581246 0.531113 
0.601126 0.588804 0.877248 0.799700 0.588447 0.585513 0.523861 0.591430 0.543549 0.584589 
0.646517 0.635242 0.373924 0.472615 0.508240 0.449947 0.533798 0.657276 0.688855 0.514027 
0.657012 0.634321 0.625205 0.547933 0.649034 0.546410 0.591029 0.593595 0.604331 0.513200 
0.642883 0.512924 0.494862 0.580262 0.617543 0.526008 0.596278 0.648920 0.586516 0.488490 
0.626724 0.459848 0.550892 0.631852 0.432464 0.650100 0.744416 0.658141 0.634811 0.598533 
0.556638 0.518472 0.555881 0.519234 0.485167 0.371844 0.383299 0.473625 0.483454 0.631055 
0.602103 0.590840 0.511214 0.583930 0.490238 0.516222 0.514470 0.632269 0.555362 0.513548 
0.551903 0.555522 0.559581 0.591897 0.457524 0.472657 0.664351 0.607845 0.529364 0.401853 
0.652568 0.531772 0.530804 0.459069 0.351404 0.454913 0.561036 0.616841 0.604491 0.566612 
0.568428 0.492776 0.667444 0.491547 0.372961 0.414483 0.406412 0.447617 0.564702 0.543513 
0.482351 0.538936 0.474105 0.556726 0.479904 0.439590 0.457113 0.512023 0.453888 0.555924 
0.568473 0.561102 0.567211 0.611849 0.485008 0.506439 0.519538 0.534342 0.595429 0.568973 
0.588974 0.688006 0.673677 0.549089 0.490672 0.455031 0.346501 0.505226 0.454034 0.559930 
0.457848 0.614612 0.604239 0.530178 0.439575 0.364906 0.385391 0.401420 0.574626 0.518057 
0.494202 0.485361 0.527395 0.440304 0.440290 0.408252 0.572287 0.685401 0.692508 0.454843 
0.471313 0.470273 0.482818 0.531200 0.497202 0.556336 0.548723 0.447509 0.641845 0.630371 
0.703181 0.663300 0.751214 0.604252 0.566149 0.560424 0.386421 0.458322 0.538726 0.596243 
0.673304 0.663834 0.634002 0.627297 0.575571 0.598516 0.313133 0.586072 0.576384 0.628523 
0.703446 0.597033 0.560609 0.501449 0.739512 0.728595 0.498680 0.603925 0.676805 0.561472 
0.511726 0.486502 0.483768 0.495280 0.587117 0.666831 0.731402 0.530082 0.614879 0.664416 
0.680920 0.512643 0.633714 0.714469 0.482237 0.571396 0.600765 0.612257 0.676957 0.648008 
0.617246 0.563648 0.774436 0.589584 0.441329 0.804276 0.422097 0.830564 0.825339 0.681723 
0.532574 0.429583 0.546369 0.547271 0.658039 0.722714 0.462638 0.522112 0.447525 0.526869 
0.572945 0.557015 0.571907 0.476472 0.514132 0.627030 0.549952 0.498142 0.441290 0.479947 
0.736742 0.595852 0.573081 0.624204 0.487547 0.532484 0.801223 0.711795 0.408414 0.582327 
0.551261 0.431457 0.612430 0.682507 0.432880 0.035760 0.042077 0.243990 0.648916 0.528869 
0.591131 0.629805 0.622184 0.648290 0.537424 0.509575 0.547271 0.448495 0.540499 0.573177 
0.615346 0.574178 0.566861 0.423591 0.535388 0.503361 0.534974 0.447953 0.369383 0.427417 
0.543616 0.702958 0.739934 0.678831 0.692186 0.619850 0.614938 0.571453 0.357946 0.419705 
0.527888 0.642212 0.515791 0.559503 0.508566 0.310351 0.468394 0.709763 0.584674 0.546288 
0.528062 0.558853 0.482477 0.442892 0.469144 0.522967 0.519990 0.481092 0.630774 0.552666 
0.529058 0.442021 0.613565 0.692432 0.565455 0.504355 0.555301 0.528217 0.555083 0.534151 
0.708041 0.490899 0.682080 0.713079 0.603550 0.653176 0.636203 0.564229 0.506976 0.503893 
0.575282 0.722801 0.662841 0.518889 0.454458 0.287600 0.465776 0.734596 0.824987 0.689160 
0.499516 0.465339 0.625867 0.554173 0.630040 0.525524 0.577439 0.582861 0.515177 0.615784 
0.525465 0.568094 0.562989 0.683583 0.609474 0.620809 0.642427 0.685158 0.657500 0.448679 
0.711354 0.806671 0.717553 0.572651 0.615835 0.493176 0.571951 0.553918 0.595800 0.581320 
0.620168 0.494842 0.523602 0.636626 0.584478 0.457541 0.401511 0.485919 0.562037 0.581260 
0.687487 0.570491 0.604280 0.586870 0.577212 0.663868 0.658079 0.554060 0.579168 0.458683 
0.493335 0.502583 0.451554 0.417117 0.528354 0.577573 0.634782 0.619662 0.487545 0.438972 
0.582090 0.556129 0.543736 0.472054 0.388752 0.359144 0.449099 0.526984 0.584660 0.556762 
0.500475 0.443181 0.494274 0.614321 0.565260 0.496901 0.462678 0.572578 0.474699 0.445695 
0.613969 0.563018 0.574364 0.456930 0.480674 0.517491 0.615585 0.590444 0.481136 0.513935 
0.536264 0.482229 0.484124 0.447404 0.442794 0.464454 0.477814 0.449368 0.358845 0.530073 
0.547327 0.434828 0.409829 0.413342 0.331938 0.219683 0.213246 0.457265 0.589918 0.579931 
0.542495 0.628011 0.613054 0.511765 0.596049 0.611412 0.579279 0.657761 0.623600 0.513205 
0.430676 0.507975 0.495603 0.511919 0.513517 0.410794 0.443944 0.539250 0.556956 0.656399 
0.646819 0.494183 0.605773 0.488667 0.392729 0.522384 0.494602 0.573777 0.449345 0.478159 
0.546174 0.551236 0.665036 0.366935 0.510914 0.504862 0.424952 0.464902 0.452654 0.574873 
0.659344 0.619243 0.608765 0.526417 0.607080 0.634870 0.576103 0.588157 0.493066 0.592829 
0.638494 0.520491 0.515217 0.531012 0.551533 0.489081 0.432747 0.504495 0.628076 0.595942 
0.556495 0.388233 0.486309 0.637348 0.561161 0.548879 0.734440 0.684741 0.591147 0.530757 
0.761173 0.648431 0.744263 0.400627 0.546534 0.456991 0.723768 0.619371 0.458301 0.670519 
0.669819 0.570865 0.662700 0.589101 0.619748 0.552313 0.518756 0.512325 0.450502 0.397124 
0.547087 0.615018 0.565596 0.514372 0.538785 0.482120 0.533412 0.449287 0.394338 0.342991 
0.266014 0.513651 0.595001 0.646602 0.685321 0.565679 0.431563 0.451087 0.632367 0.513561 
0.526341 0.311343 0.507352 0.720866 0.573093 0.645268 0.671899 0.470848 0.372628 0.543651 
0.580442 0.568137 0.501641 0.580028 0.542547 0.456350 0.458798 0.617264 0.600607 0.386446 
0.393489 0.508145 0.455322 0.403388 0.364088 0.415527 0.589460 0.476712 0.347687 0.388654 
0.565365 0.672181 0.584120 0.463694 0.534126 0.512197 0.459917 0.351584 0.401649 0.709643 
0.201147 0.245101 0.751345 0.615823 0.587179 0.207631 0.260203 0.320625 0.163675 0.267796 
0.624916 0.715873 0.657218 0.588797 0.465503 0.445084 0.455341 0.457434 0.449906 0.573774 
0.427183 0.453098 0.499158 0.504895 0.510065 0.504062 0.528258 0.490274 0.570161 0.646645 
0.605876 0.509265 0.482621 0.460289 0.443836 0.379426 0.491794 0.676847 0.665010 0.662350 
0.110619 0.074453 0.739214 0.337642 0.169463 0.090360 0.487139 0.676186 0.230185 0.759131 
0.835073 0.776690 0.691170 0.585137 0.520482 0.425795 0.466312 0.386620 0.329390 0.504977 
0.405130 0.475122 0.586993 0.618637 0.588269 0.620446 0.612939 0.588823 0.488372 0.473907 
0.482219 0.425378 0.323651 0.269760 0.423698 0.617946 0.572186 0.654756 0.485324 0.354210 
0.476767 0.765692 0.840982 0.696081 0.558008 0.488971 0.438044 0.579534 0.734620 0.571813 
0.229284 0.839595 0.873492 0.538792 0.510930 0.586748 0.493837 0.441848 0.560074 0.737361 
0.773040 0.691966 0.587615 0.608909 0.691958 0.640642 0.568459 0.538849 0.604282 0.568247 
0.381485 0.415806 0.451107 0.462706 0.522846 0.648600 0.723279 0.511174 0.247139 0.513905 
0.731510 0.730524 0.703410 0.895627 0.814753 0.560683 0.623789 0.458125 0.492965 0.537818 
0.134512 0.710314 0.949199 0.765575 0.619755 0.491398 0.499125 0.542850 0.629823 0.712808 
0.707379 0.665229 0.544421 0.433720 0.506796 0.543133 0.551325 0.615031 0.707184 0.669677 
0.659398 0.634944 0.639634 0.751704 0.766690 0.689276 0.355770 0.240571 0.159592 0.606752 
0.716275 0.441482 0.408294 0.803386 0.296357 0.224603 0.298235 0.793615 0.606952 0.699208 
0.352844 0.230678 0.835182 0.723928 0.683519 0.637182 0.594893 0.718060 0.842244 0.610805 
0.423171 0.368365 0.225237 0.368020 0.474430 0.621998 0.733718 0.605922 0.535571 0.694861 
0.723244 0.464895 0.424597 0.722980 0.469749 0.850162 0.433228 0.426248 0.538284 0.622217 
0.504333 0.491790 0.205021 0.575000 0.790424 0.563893 0.250926 0.448721 0.754009 0.629088 
0.274932 0.195199 0.470295 0.582416 0.564926 0.555399 0.565920 0.815033 0.848900 0.693706 
0.698837 0.729077 0.678985 0.676695 0.662258 0.541634 0.648551 0.748320 0.743058 0.759814 
0.524995 0.470250 0.287714 0.387333 0.259222 0.849210 0.910395 0.789906 0.295210 0.543268 
0.698491 0.792457 0.738168 0.460379 0.770180 0.932949 0.747152 0.493632 0.819039 0.341214 
0.264280 0.391456 0.717284 0.834901 0.814507 0.852800 0.785608 0.496596 0.138052 0.600101 
0.909819 0.944899 0.871754 0.319017 0.424788 0.437306 0.574492 0.683832 0.831443 0.726721 
0.411718 0.510821 0.235967 0.319354 0.583375 0.636626 0.399904 0.915953 0.852945 0.601311 
0.506947 0.364242 0.897118 0.793850 0.136917 0.565041 0.731598 0.448438 0.671158 0.620055 
0.597994 0.329082 0.851063 0.866324 0.816583 0.764956 0.580253 0.126291 0.053287 0.602946 
0.989291 0.963106 0.635660 0.247264 0.152395 0.326189 0.648192 0.707213 0.825830 0.706925 
0.415528 0.501462 0.461243 0.702530 0.572902 0.253839 0.525320 0.555298 0.758513 0.712043 
0.592125 0.478547 0.765338 0.810331 0.525698 0.280123 0.637932 0.620460 0.447887 0.910998 
0.817538 0.754772 0.859286 0.803019 0.772327 0.840542 0.822388 0.417284 0.196980 0.541101 
0.582986 0.617769 0.552164 0.807470 0.813963 0.742918 0.644100 0.604965 0.258548 0.533985 
0.612881 0.691819 0.752526 0.553257 0.793387 0.686667 0.454177 0.151836 0.221210 0.647658 
0.657541 0.572832 0.620051 0.778809 0.809196 0.778518 0.454740 0.776082 0.481209 0.476198 
0.575494 0.651767 0.333293 0.155644 0.586673 0.906098 0.854285 0.464256 0.692383 0.553597 
0.236393 0.325289 0.884685 0.939540 0.885763 0.588349 0.697752 0.810920 0.075996 0.120314 
0.706519 0.861444 0.713582 0.343940 0.343913 0.582854 0.501788 0.565516 0.485078 0.562602 
0.635743 0.572563 0.529914 0.367148 0.547354 0.317969 0.343724 0.451409 0.794372 0.637006 
0.596018 0.745568 0.544389 0.595425 0.673711 0.819434 0.342088 0.092381 0.411058 0.459502 
0.113638 0.080708 0.566264 0.682717 0.737088 0.457372 0.242852 0.707316 0.847299 0.508224 
0.354387 0.648034 0.646086 0.432742 0.234178 0.665147 0.799627 0.672140 0.816443 0.784378 
0.658606 0.695522 0.765985 0.614472 0.627700 0.552947 0.358069 0.652390 0.626177 0.466008 
0.786399 0.580969 0.427912 0.382378 0.560180 0.487032 0.325041 0.604829 0.822073 0.756863 
0.382930 0.326010 0.299221 0.619736 0.149900 0.465371 0.410980 0.209109 0.454358 0.839006 
0.770826 0.442417 0.288282 0.637330 0.852755 0.743967 0.771760 0.614446 0.802665 0.801572 
0.564265 0.540991 0.752491 0.871187 0.767576 0.575046 0.656027 0.633736 0.327928 0.220001 
0.747183 0.611932 0.612571 0.661056 0.335934 0.326132 0.761698 0.912535 0.568918 0.550221 
0.897488 0.849038 0.341866 0.161764 0.333895 0.746548 0.551932 0.364976 0.352850 0.749749 
0.810436 0.757963 0.632803 0.399105 0.325940 0.426103 0.719484 0.733608 0.737728 0.793425 
0.706814 0.435226 0.732300 0.858216 0.862953 0.690026 0.810814 0.697251 0.521490 0.308726 
0.608704 0.686048 0.611629 0.542131 0.217232 0.290299 0.478727 0.524258 0.339622 0.419623 
0.714423 0.651654 0.635140 0.548280 0.609367 0.729214 0.762712 0.760876 0.717720 0.798183 
0.651354 0.587574 0.531213 0.375481 0.344736 0.412776 0.599257 0.842035 0.622250 0.494308 
0.671124 0.586199 0.369953 0.675716 0.722427 0.465767 0.774874 0.806963 0.905110 0.943109 
0.632840 0.501723 0.556182 0.254199 0.310563 0.352939 0.166299 0.445627 0.602439 0.406195 
0.348208 0.346337 0.537623 0.762437 0.772628 0.433991 0.637703 0.725039 0.669357 0.308421 
0.400678 0.544456 0.601508 0.667065 0.342525 0.238387 0.307221 0.676341 0.556185 0.166668 
0.671320 0.535517 0.164562 0.398673 0.473978 0.484656 0.712679 0.723414 0.450744 0.742460 
0.709935 0.557285 0.431983 0.514257 0.718391 0.661035 0.528920 0.524549 0.575629 0.491305 
0.515164 0.416437 0.430681 0.666415 0.401910 0.155665 0.371126 0.307819 0.345952 0.235576 
0.295921 0.472869 0.507552 0.764394 0.463187 0.472288 0.611283 0.713303 0.717319 0.708197 
0.737409 0.662863 0.747177 0.575511 0.728427 0.861465 0.858640 0.552654 0.068032 0.527382 
0.882583 0.836032 0.835969 0.854563 0.640919 0.625542 0.740698 0.722185 0.587013 0.549796 
0.740026 0.710659 0.589896 0.621929 0.750687 0.738957 0.637037 0.635117 0.654806 0.726905 
0.804104 0.779130 0.733050 0.669908 0.549352 0.712945 0.704623 0.634806 0.674619 0.639822 
