0.860700 1.780360 2.483562 2.427887 2.082613 2.319721 2.344782 2.418468 2.589348 2.434369 
2.392625 2.456308 2.638833 2.353072 2.436811 2.471515 2.506744 2.593461 2.596094 2.462512 
2.339701 2.316607 2.218618 2.228085 1.930339 1.941623 1.935726 1.767233 2.384229 2.199514 
2.194300 2.086781 1.812547 1.946440 1.742181 2.039748 2.026054 1.940972 2.098749 2.123296 
2.200017 2.106445 2.087372 2.358692 2.290269 2.229256 2.124100 2.097768 2.036695 2.125013 
2.168016 2.257125 2.097366 2.323635 2.219727 2.240324 2.263166 2.086114 2.012680 1.558861 
1.854032 2.041416 2.161174 2.019202 2.216314 2.210294 2.275815 2.198685 2.276259 2.288108 
2.308766 2.332526 2.384606 2.307299 2.276860 2.293929 2.055485 2.030762 1.860486 1.519685 
0.453631 0.126061 0.318447 0.270423 0.164474 0.270132 0.648661 0.419776 0.358635 0.279620 
0.333079 0.278177 0.292445 0.192527 0.320566 0.391948 0.349019 0.269136 0.341948 0.282845 
0.240802 0.345070 0.180746 0.262199 0.059343 0.312853 0.240223 0.074820 0.442139 0.217474 
0.297629 0.175031 0.001868 0.366712 0.072490 0.151186 0.080641 0.138233 0.317411 0.182539 
0.160448 0.119570 0.156768 0.168230 0.226412 0.312881 0.215627 0.173896 0.141446 0.145278 
0.132941 0.137568 0.068556 0.230501 0.214247 0.237142 0.243113 0.242158 0.081059 0.060644 
0.330407 0.604594 0.196194 0.045898 0.138014 0.167894 0.056020 0.058795 0.128893 0.207756 
0.231149 0.216648 0.190543 0.139777 0.117635 0.098182 -0.003763 0.044469 0.096137 -0.098066 
0.537638 0.365737 0.375303 0.130665 0.168405 0.144563 0.339182 0.307460 0.196018 0.152297 
0.134314 0.124025 0.123398 0.016111 0.055023 0.158205 0.193793 0.079329 0.054837 -0.080997 
-0.070555 -0.117701 -0.099286 -0.120177 -0.118714 -0.054082 -0.034601 0.035423 -0.060547 -0.093398 
-0.058048 -0.163991 -0.138548 -0.158734 -0.137239 -0.145517 -0.138820 -0.090007 -0.057860 -0.087328 
-0.134839 -0.080388 -0.120539 -0.114870 -0.136711 -0.119435 -0.116866 -0.126238 -0.113097 -0.135181 
-0.113268 -0.132629 -0.092966 -0.120524 -0.080681 -0.093237 -0.122430 -0.119372 -0.097729 -0.058135 
-0.040189 -0.071954 -0.081837 -0.069416 -0.172596 -0.129620 -0.148456 -0.128365 -0.077890 0.015741 
-0.028274 -0.015736 -0.047334 -0.063474 -0.091005 -0.077311 -0.072388 0.054844 0.320539 0.056398 
0.534179 0.547982 0.579106 0.314224 0.426717 0.353359 0.317943 0.264792 0.152194 0.139489 
0.144298 0.062000 0.022765 -0.069301 -0.052456 0.081917 0.127274 0.043448 -0.026848 -0.167228 
-0.139237 -0.177656 -0.087562 -0.142197 -0.131147 -0.121975 -0.156233 -0.098293 -0.179457 -0.087881 
-0.077105 -0.093209 0.015084 0.027067 0.039401 -0.109452 -0.149251 -0.160393 -0.161739 -0.153202 
-0.170514 -0.145466 -0.148200 -0.097007 -0.074497 -0.089205 0.012321 0.072437 0.039899 0.040913 
0.050966 -0.062889 -0.105605 -0.167357 -0.127469 -0.031601 -0.028419 -0.069789 -0.110410 -0.126203 
-0.109474 -0.134795 -0.072704 -0.010253 0.033913 0.068320 0.005793 -0.142092 -0.171469 -0.144731 
-0.147983 -0.167795 -0.139499 -0.102258 -0.048154 -0.014835 -0.065727 -0.002774 0.396214 0.088175 
0.604653 0.519988 0.453504 0.281800 0.277223 0.225239 0.171431 0.149335 0.159959 0.173329 
0.133932 -0.002403 -0.024506 -0.024527 0.197985 0.231946 0.252093 0.120027 0.018016 -0.132823 
-0.146375 -0.166247 -0.161344 -0.166145 -0.154600 -0.033359 0.020889 -0.093891 -0.192018 -0.139443 
-0.223834 -0.269236 -0.237759 -0.217129 -0.262123 -0.181171 -0.115878 -0.156136 -0.162166 -0.125795 
-0.085200 -0.023386 -0.154050 -0.162843 -0.207636 -0.228357 -0.199668 -0.138667 -0.222268 -0.234056 
-0.275415 -0.270405 -0.113661 -0.160987 -0.207370 -0.194381 -0.224981 -0.268397 -0.260244 -0.147860 
-0.163868 -0.260562 -0.269317 -0.220296 -0.198232 -0.214761 -0.217376 -0.072049 -0.051925 -0.037678 
-0.073257 -0.058869 -0.051363 0.083895 0.026371 0.083338 0.018561 0.113283 0.343579 0.099869 
0.775433 0.658563 0.558630 0.379985 0.426164 0.361006 0.308783 0.356648 0.325620 0.275308 
0.320673 0.373254 0.636839 0.763957 0.861507 0.643203 0.388686 0.261728 0.250290 0.062551 
-0.006673 -0.054002 -0.021381 0.158044 0.261325 0.454786 0.354778 0.058702 0.043017 -0.022518 
-0.132542 -0.201121 -0.176029 -0.112591 0.002325 0.330182 0.220664 0.004378 0.051845 0.176004 
0.420722 0.402644 0.179848 -0.068540 -0.154233 -0.182015 -0.188859 -0.231338 -0.211251 -0.214803 
-0.050045 0.198056 0.459355 0.175395 0.138435 0.065137 0.254691 0.436947 0.356460 0.350645 
0.374724 0.180928 -0.050649 -0.187438 -0.280804 -0.180052 0.097677 0.884079 0.737134 0.206376 
0.184726 0.649670 0.517693 0.514449 0.370542 0.308371 0.244650 0.219552 0.454041 0.089988 
0.668225 0.550891 0.360285 0.225368 0.173127 0.042102 0.017028 0.015632 0.099058 0.092044 
0.159519 0.160159 0.225013 0.126768 0.207988 0.232565 0.110329 0.066047 0.032861 -0.079064 
-0.097027 -0.107809 -0.097683 0.122070 0.236486 0.214018 0.068027 -0.100356 -0.097147 -0.109502 
-0.223134 -0.219769 -0.190006 -0.189284 -0.190673 0.160424 0.287336 -0.033849 0.125034 0.095101 
0.143227 -0.028016 -0.103572 -0.139237 -0.248013 -0.141905 -0.176711 -0.207675 -0.071442 0.099678 
0.385288 0.735312 0.683846 0.258745 0.139916 0.119727 0.187641 0.349917 0.379508 0.407650 
0.266088 0.087894 -0.099179 -0.179644 -0.186678 0.181909 0.636685 1.002210 0.819654 0.361879 
0.289606 0.477819 0.439128 0.361946 0.164534 0.197483 0.096835 0.182696 0.416453 0.097737 
0.599700 0.472982 0.332231 0.137857 0.009496 -0.128444 -0.096358 -0.033296 -0.113043 -0.132635 
-0.148115 -0.088880 -0.078614 0.046324 -0.147363 -0.131333 -0.124895 -0.002130 -0.006202 -0.071161 
-0.012871 0.266775 0.527529 0.477995 0.258484 0.123881 0.038985 0.016126 -0.059699 -0.129275 
-0.220556 -0.136882 -0.184894 -0.244931 -0.239370 0.013231 0.204921 0.333940 0.263114 0.155021 
0.017273 -0.135434 -0.150480 -0.176785 -0.237221 -0.230316 -0.159641 -0.021244 0.605324 1.608394 
2.260428 2.214970 1.733465 1.001635 0.589840 0.541785 0.672745 0.959495 0.928910 0.825734 
0.568819 0.521015 0.234605 0.091428 0.477263 1.246071 1.487987 1.402038 0.928520 0.431586 
0.376846 0.483217 0.379936 0.219294 0.115399 0.193454 0.137735 0.220721 0.471575 0.116711 
0.624382 0.418709 0.415381 0.199392 0.074740 -0.039872 0.149472 0.168633 0.109630 0.109109 
0.262326 0.119728 -0.029279 -0.045931 -0.057181 -0.109791 -0.149479 -0.096958 -0.076316 -0.053653 
-0.037899 0.006156 0.147057 0.188621 0.106407 0.017678 -0.103419 -0.112837 -0.118827 -0.151438 
-0.193835 -0.152480 -0.185621 -0.196753 -0.122453 0.183806 0.257061 0.211879 0.200061 0.062053 
-0.062464 -0.102216 -0.116101 -0.070427 -0.149403 -0.053595 -0.046662 0.406904 0.669538 0.702903 
0.835976 0.668325 0.570975 0.348053 0.217441 0.188338 0.203091 0.342917 0.293340 0.140801 
0.064525 0.159829 0.027266 -0.096848 0.015149 0.647843 0.874597 0.740688 0.609507 0.344078 
0.296216 0.321278 0.190899 0.194127 0.061682 0.136698 0.090738 0.191836 0.428862 0.032208 
0.716395 0.423708 0.324636 0.206374 0.209962 0.297036 0.703706 0.789382 0.484487 0.470039 
0.661906 0.596365 0.309326 0.174145 -0.043702 -0.099137 -0.096339 -0.087086 -0.131782 -0.165566 
-0.076357 0.135823 0.139551 -0.044701 -0.128315 -0.184523 -0.246422 -0.154524 -0.208471 -0.158740 
-0.267510 -0.184825 -0.201591 -0.198354 -0.071214 0.312450 0.552823 0.067553 0.040275 -0.071611 
-0.168958 -0.039370 0.068428 0.215268 0.307232 0.428201 0.562159 0.722727 0.555409 0.316791 
0.180362 0.157010 0.203817 0.213326 0.135850 0.020839 0.014736 0.105505 0.199929 0.219526 
0.213155 0.303080 0.142025 0.024599 0.143828 0.351752 0.365654 0.594641 0.603967 0.466352 
0.374390 0.400728 0.312856 0.226894 0.061384 0.137022 0.091481 0.196451 0.494193 0.172082 
0.619438 0.717409 0.505763 0.304557 0.298334 0.294324 0.312701 0.199580 0.137388 0.027826 
0.028005 0.015247 -0.032106 0.092774 0.138024 0.212663 0.348930 0.207591 0.340253 0.159927 
0.123915 0.128512 -0.044785 -0.088528 -0.134985 -0.044680 -0.091231 -0.087397 -0.084216 0.091668 
-0.030770 -0.122105 -0.136163 0.062518 0.376975 0.905685 0.829000 0.157777 0.074006 -0.025878 
-0.064378 0.168569 0.242853 0.147891 0.306271 0.300012 0.341882 0.328421 0.429509 0.244265 
0.288251 0.239880 0.126328 0.092510 0.078452 -0.006046 0.063501 0.044356 0.072704 0.125614 
0.082813 0.094762 -0.053974 -0.084912 -0.009911 0.123480 0.237033 0.524776 0.605323 0.389921 
0.241766 0.266344 0.237515 0.242785 0.203492 0.165601 0.079775 0.122926 0.434409 0.089621 
0.856055 0.714978 0.510209 0.377061 0.400747 0.399346 0.343794 0.010533 -0.127032 -0.204702 
-0.122453 -0.103213 -0.199858 0.046936 0.295056 0.666990 0.735435 0.637705 0.571654 0.330655 
0.210746 0.083811 -0.047429 -0.086464 -0.055572 0.224076 0.437236 1.075726 1.361713 1.464643 
1.340931 1.293702 1.712249 2.157568 2.238223 2.027568 1.546082 0.608904 0.283994 0.205015 
0.075340 0.370971 0.527632 0.555884 0.635296 0.686393 0.668504 0.582498 0.445636 0.028149 
-0.084906 -0.235065 -0.186715 -0.164397 -0.165056 -0.085773 -0.042975 -0.055497 -0.113584 -0.083272 
-0.107369 -0.125317 -0.148724 -0.158891 -0.181419 -0.081742 0.080579 0.446230 0.585796 0.316929 
0.231369 0.247116 0.295928 0.404040 0.253732 0.154882 0.092745 0.150989 0.472496 0.149951 
0.772352 0.671897 0.465805 0.348660 0.319097 0.292253 0.213202 -0.030001 -0.122448 -0.144596 
-0.025614 0.093004 0.370712 0.542765 0.717475 0.604453 0.558118 0.546828 0.259409 0.213365 
0.227778 0.153523 0.011167 0.005281 0.223287 0.382571 0.556673 0.492756 0.539396 0.481092 
0.411493 0.414943 0.408083 0.483540 0.520376 0.354788 0.294959 0.177466 0.040504 -0.055040 
0.030547 0.234076 0.300252 0.241004 0.186849 0.090644 0.142447 0.133163 0.175656 0.157992 
0.302730 -0.068112 0.095638 -0.066401 -0.043294 0.039657 0.120043 0.115984 0.060219 0.054326 
-0.070546 -0.036240 -0.143118 -0.181872 -0.177556 -0.016141 0.136053 0.481461 0.529764 0.285097 
0.216557 0.259606 0.252064 0.305951 0.133925 0.128199 0.108246 0.184445 0.484525 0.155801 
0.720596 0.720012 0.543460 0.378418 0.258096 0.142713 -0.017562 -0.167154 -0.234233 -0.218878 
0.063873 0.716805 1.216622 0.914110 0.657332 0.493849 0.486832 0.317568 0.063966 -0.070632 
-0.161133 -0.246195 -0.200287 -0.148863 -0.309698 -0.125833 0.297976 0.284714 0.312270 0.151261 
0.207936 0.040675 -0.063798 -0.188117 -0.129280 -0.123869 -0.061125 0.191600 0.138561 -0.071686 
-0.161805 0.144054 0.355241 0.296268 0.310724 0.212205 0.081138 0.014989 0.035260 0.155050 
0.266126 0.396281 0.326237 0.338144 0.419050 0.460288 0.505520 0.432566 0.352911 0.313416 
0.235651 0.292212 0.052423 -0.113411 -0.132735 -0.036508 -0.005404 0.320260 0.446342 0.380467 
0.397064 0.461958 0.272241 0.128240 -0.026908 0.023142 0.029817 0.064991 0.363156 0.068481 
0.657224 0.715983 0.474809 0.197054 0.079299 0.097352 0.014227 -0.157983 -0.157288 0.143902 
0.590508 0.849856 0.772426 0.544169 0.505642 0.474959 0.363090 0.217213 0.076216 -0.090852 
-0.106944 -0.153589 0.015507 0.290732 0.322942 0.614180 0.599635 0.459886 0.276293 0.120092 
0.084464 0.008457 -0.040967 -0.043605 0.000882 0.206880 0.193428 0.269905 0.235885 0.000942 
0.088458 0.243978 0.342048 0.126898 0.026049 -0.047658 -0.038267 -0.098055 -0.110340 -0.162257 
-0.203709 -0.164117 -0.191258 -0.165693 -0.039870 0.116852 0.242112 0.224853 0.208326 0.106457 
0.072492 0.109604 -0.010772 -0.125190 -0.222920 -0.205253 -0.205963 0.036707 0.392272 0.269771 
0.223720 0.255039 0.241368 0.184324 0.008793 -0.048478 0.041950 0.069823 0.467811 0.118348 
0.818226 0.633242 0.187215 -0.070065 -0.107177 -0.177906 -0.165345 0.187709 1.484432 2.059173 
1.815469 1.217508 0.776916 0.642865 0.435026 0.337573 0.308894 0.278807 0.244906 0.564055 
0.821330 1.083420 1.109699 1.504362 1.532828 1.542910 1.198770 0.657547 0.346158 0.244674 
0.155522 0.119042 0.245559 0.381025 0.669688 0.943119 0.678124 0.456642 0.517217 0.616847 
0.664319 0.818803 0.496538 -0.102650 -0.173905 -0.123614 -0.088048 0.069762 0.103359 0.033855 
0.012310 0.039497 -0.025336 -0.103488 -0.151916 -0.128013 0.044646 0.126243 0.127491 0.036396 
-0.016424 0.025119 -0.129510 -0.091621 -0.111976 -0.080050 -0.182245 -0.078436 0.146291 0.098481 
0.172557 0.232129 0.149710 0.097955 -0.057666 -0.034550 -0.021833 0.121199 0.445696 0.195437 
0.704031 0.616617 0.339835 0.148634 0.258872 0.458436 0.449813 0.317212 0.777481 0.848538 
0.678122 0.514857 0.369287 0.421621 0.299683 0.312791 0.238138 0.300224 0.294267 0.310789 
0.403682 0.548438 0.640916 0.768725 0.601988 0.331177 0.458801 0.304321 0.345863 0.390561 
0.262440 0.296839 0.240434 0.322554 0.399492 0.423503 0.681586 0.534559 0.395631 0.352356 
0.336667 0.353423 0.220688 -0.086839 -0.186521 -0.213976 -0.142249 -0.016003 -0.217738 -0.287602 
-0.226351 -0.244365 -0.229118 -0.235596 -0.083368 0.174019 0.323520 0.207334 0.176557 0.082360 
0.033240 0.051847 -0.155230 -0.123830 -0.267133 -0.275792 -0.192417 0.668213 0.778768 0.316902 
0.290911 0.287727 0.128858 0.118149 0.070369 0.198526 0.176547 0.381033 0.515459 0.150568 
0.662874 0.584193 0.461106 0.334417 0.669956 0.729496 1.088528 1.235480 0.899122 0.477366 
0.280716 0.235003 0.193840 0.351971 0.339036 0.277788 0.171881 0.188410 0.200034 0.364293 
0.200194 0.300304 0.309008 0.135961 0.053118 0.064288 0.188407 0.227666 0.354669 0.325232 
0.300111 0.398831 0.471777 0.437137 0.741673 0.540736 0.691569 0.566825 0.414413 0.374549 
0.322527 0.299891 0.096523 -0.046938 -0.221855 -0.263541 -0.146346 -0.014185 -0.302906 -0.294696 
-0.205636 -0.039279 0.076613 -0.102839 -0.072692 0.169895 0.487467 0.306921 0.295833 0.140450 
0.030335 0.094689 -0.148094 -0.134567 -0.287331 -0.232160 0.030238 1.008052 1.207949 0.424946 
0.297633 0.203805 0.219090 0.124512 0.153397 0.155324 0.110775 0.229785 0.521803 0.115030 
0.686399 0.664893 0.580207 0.379651 0.490186 0.488092 0.633856 0.529529 0.308346 0.103816 
0.107092 0.298081 0.434722 0.386889 0.350442 0.255987 0.313828 0.286987 0.086186 0.115109 
0.112689 0.206540 0.246680 0.481687 0.219664 0.257504 0.324749 0.410795 0.416492 0.374727 
0.384544 0.323965 0.269740 0.348980 0.261260 0.259640 0.332549 0.228544 0.250789 0.351932 
0.277081 0.178688 0.059084 -0.023666 -0.154265 -0.237682 -0.276492 -0.214602 -0.221113 0.013671 
0.262031 0.472367 0.524220 0.052198 0.290333 0.825119 0.982544 0.388294 0.209626 0.126877 
0.008279 -0.021712 -0.167648 -0.168317 -0.280770 -0.132492 0.504306 1.134331 1.248462 0.477429 
0.371787 0.381411 0.332933 0.334611 0.230220 0.197854 0.079519 0.134408 0.423700 0.065682 
0.693422 0.673123 0.738109 0.499296 0.596910 0.636729 0.398163 -0.019431 -0.181096 -0.180583 
-0.200093 -0.010859 0.232480 0.511934 0.312093 0.233069 0.215407 0.128472 0.064399 0.219314 
0.349633 0.692382 0.574154 0.474843 0.358465 0.526733 0.654559 0.553398 0.492898 0.438234 
0.478422 0.403878 0.482004 0.566835 0.427008 0.152559 0.147087 0.171924 0.286207 0.444813 
0.450426 0.337669 0.254995 0.245894 0.371297 0.581408 1.113298 1.738873 2.257740 2.762148 
2.925755 2.845972 2.713539 2.061715 2.238157 2.205979 1.518844 0.499001 0.267742 0.263660 
0.166922 0.147631 -0.063287 -0.150235 -0.081775 0.317345 1.240289 1.597374 1.326993 0.620309 
0.489817 0.480005 0.523322 0.406978 0.339178 0.237351 0.137887 0.194076 0.501038 0.097367 
0.738945 0.631519 0.437420 0.246836 0.245593 0.266226 0.151181 -0.098818 -0.176977 -0.198996 
-0.118147 0.329439 0.336738 0.267656 0.165143 0.153212 0.133295 0.119878 0.108448 0.095892 
0.345576 0.427075 0.498726 0.392648 0.488123 0.487285 0.527818 0.458007 0.372911 0.391606 
0.392690 0.400774 0.473195 0.459147 0.279175 0.242313 0.156712 0.194589 0.365256 0.543090 
0.403890 0.469370 0.371824 0.213089 0.092644 0.113425 0.284881 0.459483 0.648963 0.952346 
1.036130 0.936957 0.872665 0.612400 0.652327 0.521804 0.449288 0.188358 0.058595 0.080696 
0.032310 0.049986 -0.164594 -0.183971 -0.150387 0.064271 0.454883 1.239437 1.151605 0.567996 
0.407494 0.418753 0.422208 0.344128 0.142075 0.152122 0.018692 0.165879 0.493468 0.082563 
0.834572 0.756020 0.445092 0.232927 0.285970 0.262282 0.180861 -0.048604 -0.042477 0.106653 
0.479165 1.029010 0.717737 0.293241 0.224668 0.313026 0.297778 0.286048 0.331978 0.612605 
1.012808 0.779329 0.594614 0.449850 0.523222 0.608601 0.456658 0.451352 0.378228 0.425997 
0.486308 0.580590 0.487926 0.508593 0.363652 0.321370 0.208507 0.112537 0.233028 0.501230 
0.404535 0.473687 0.374982 0.037402 -0.069769 0.000936 0.220648 0.300139 0.316758 0.344629 
0.371381 0.288824 0.287051 0.175229 0.173677 0.157750 0.163319 0.191466 0.094216 0.137348 
0.085701 0.039533 -0.147786 -0.186226 -0.167515 -0.037382 0.496194 1.331935 1.266367 0.565739 
0.426225 0.412050 0.431349 0.282784 0.178266 0.125837 0.027088 0.161413 0.501023 0.228219 
0.689160 0.560073 0.490046 0.213876 0.146426 0.150677 0.023336 -0.105547 -0.164095 -0.161272 
-0.093946 0.294905 0.206488 0.037808 0.057940 0.125001 0.151795 0.256103 0.233508 0.454562 
0.526142 0.537416 0.380071 0.348822 0.455285 0.386263 0.377584 0.407572 0.221548 0.185729 
0.245304 0.270532 0.302787 0.264508 0.295113 0.281032 0.114324 0.343884 0.449097 0.756808 
0.497705 0.388740 0.362774 0.114426 0.129693 0.200784 0.368404 0.294289 0.193464 0.181484 
0.204111 0.088900 0.094256 0.020149 -0.100760 -0.081673 -0.002462 0.048083 -0.035654 -0.012973 
-0.027863 -0.054679 -0.136804 -0.151760 -0.100582 0.164644 0.744221 1.378194 1.095707 0.457696 
0.327009 0.353770 0.331209 0.250783 0.250390 0.180146 0.071511 0.098961 0.496683 0.100684 
0.659507 0.502251 0.496332 0.357760 0.208494 0.235690 -0.025565 -0.076303 -0.157459 -0.121361 
-0.214068 -0.076001 -0.169370 -0.163724 -0.072500 -0.068797 0.057817 0.087831 0.093594 0.247507 
0.368854 0.466062 0.410660 0.449114 0.429916 0.296233 0.236332 0.111985 0.147662 0.078805 
-0.023229 -0.031056 0.114464 0.158451 0.315794 0.512806 0.737009 1.044055 0.842077 0.577449 
0.400829 0.336462 0.405814 0.544559 0.802265 0.857011 0.715315 0.311349 0.182007 0.122095 
0.091988 -0.137187 -0.139137 -0.226238 -0.225141 -0.040205 -0.252712 -0.175791 -0.199810 -0.167347 
-0.189257 -0.268103 -0.192438 0.101760 0.767454 1.447627 1.870647 1.715351 1.059815 0.408371 
0.285375 0.324302 0.257127 0.222279 0.193023 0.137109 0.066671 -0.005941 0.520457 0.158725 
0.513029 0.434469 0.435714 0.354772 0.137764 0.126434 -0.044735 -0.073355 -0.225149 -0.223565 
-0.059137 0.549339 0.246877 0.122491 0.116776 0.127984 0.239417 0.255493 0.170761 0.402680 
0.425592 0.467804 0.464555 0.503520 0.391672 0.241655 0.291222 0.270499 0.202206 0.072304 
0.044848 0.088466 0.168728 0.286271 0.358392 0.521947 0.575846 0.626516 0.583990 0.457823 
0.455444 0.751591 0.633846 0.489495 0.624010 0.472664 0.291889 0.212566 0.185269 0.050631 
0.056060 -0.042718 -0.104428 -0.182558 -0.125907 0.068372 0.162979 0.231848 0.089375 0.005361 
-0.050534 -0.007482 -0.037893 0.184684 0.362494 0.578250 0.654935 0.477801 0.475160 0.317716 
0.284528 0.408199 0.395788 0.408314 0.176402 0.188430 0.052587 0.029001 0.283810 0.141598 
0.957144 0.744222 0.496645 0.337356 0.173193 0.119930 0.070039 -0.102342 0.064259 0.602522 
1.261127 1.771844 1.107179 0.679964 0.587212 0.598288 0.537365 0.459792 0.395396 0.454682 
0.364567 0.527438 0.517378 0.484926 0.424214 0.330112 0.221471 0.275743 0.661054 0.001015 
-0.388305 -0.371967 -0.042608 0.342362 0.486445 0.625114 0.692462 0.638021 0.583280 0.589646 
0.445515 0.606849 0.653058 0.470061 0.353744 0.285080 0.359875 0.330330 0.296434 0.544460 
0.275707 0.112066 0.117203 0.092553 0.325345 0.714523 0.860158 0.551107 0.389399 0.251504 
0.267815 0.283155 0.240488 0.268025 0.169072 0.235522 0.299145 0.345101 0.391774 0.374923 
0.352347 0.411472 0.431440 0.340388 0.230411 0.316495 0.171019 0.356426 0.550079 0.179543 
0.720648 0.726089 0.364942 0.278429 0.183599 0.139570 0.047798 -0.078472 -0.055940 0.326135 
0.835533 1.230928 1.047010 0.484034 0.730604 0.721075 0.573643 0.448060 0.387281 0.519623 
0.468577 0.453959 0.431727 0.432847 0.413130 0.285505 0.157459 0.167792 0.118323 -0.350605 
-0.231334 -0.287450 -0.460863 0.117624 0.792480 0.846746 0.724306 0.615006 0.679655 0.606900 
0.588623 0.502276 0.503544 0.442282 0.448168 0.390336 0.285891 0.136469 0.017301 -0.020352 
-0.064254 -0.075132 -0.039471 -0.003472 0.508819 0.651747 0.761048 0.244433 0.126380 0.160246 
0.163441 0.129373 0.116159 0.092997 0.036337 0.095939 0.073009 0.147369 0.361864 0.377684 
0.388428 0.388420 0.393306 0.321336 0.194219 0.231214 0.108983 0.071832 0.498744 0.140912 
0.527801 0.437601 0.384903 0.253900 0.145290 0.127196 -0.021777 -0.089871 -0.077203 0.111904 
0.573379 1.026268 0.841974 0.457440 0.570573 0.626513 0.624650 0.421017 0.381487 0.419887 
0.497442 0.456661 0.548511 0.521964 0.526142 0.533676 0.515620 0.362892 0.221221 -0.427048 
0.503425 0.032916 -0.240092 0.092637 0.912203 0.761972 0.717099 0.627079 0.615485 0.521441 
0.452493 0.323787 0.318190 0.299654 0.362153 0.309015 0.018565 -0.214585 -0.147888 -0.124084 
-0.145301 -0.137845 -0.198654 -0.080694 0.239526 0.487823 0.504537 0.178218 0.121167 0.159261 
0.139193 0.131263 -0.005455 -0.165535 -0.258163 -0.269589 -0.198071 -0.072163 0.179642 0.377286 
0.432041 0.474677 0.372578 0.316719 0.188501 0.219206 0.127140 0.041271 0.388017 0.099088 
0.654938 0.544039 0.436241 0.204791 0.144571 0.157983 0.077844 -0.055706 -0.007602 0.199672 
0.651771 0.841603 0.502715 0.261745 0.312757 0.343910 0.595269 0.411571 0.399908 0.449724 
0.452693 0.544841 0.476303 0.507895 0.529609 0.598862 0.583177 0.420072 -0.066900 -0.241713 
-0.079102 -0.156115 -0.264843 -0.041617 0.789666 0.813225 0.717502 0.633693 0.583926 0.522354 
0.472495 0.382810 0.441629 0.464767 0.393723 0.368718 0.204841 -0.000322 -0.102304 -0.175646 
-0.141201 -0.074340 0.041567 0.278789 0.387282 0.468924 0.374527 0.179548 0.148487 0.131778 
0.181552 0.165846 0.020745 -0.126664 -0.137992 -0.097160 -0.006826 0.331567 0.506261 0.480770 
0.465311 0.442369 0.373320 0.293098 0.127208 0.160124 0.080452 0.051540 0.384246 0.204180 
1.033725 0.701472 0.443510 0.166044 0.151319 0.068735 -0.030538 -0.083092 -0.090476 0.072526 
0.530665 0.877946 0.766276 1.254462 1.218682 0.465836 0.397735 0.302902 0.382867 0.469221 
0.433547 0.407639 0.334947 0.332203 0.474884 0.559037 0.548038 0.680323 1.086409 0.262085 
-0.104488 0.750927 2.316564 2.036032 0.942295 0.811809 0.637211 0.625657 0.533877 0.423313 
0.308484 0.368395 0.271591 0.544535 0.431977 0.318149 0.216767 0.014162 0.103898 0.132892 
0.312191 0.397440 0.778946 0.928639 0.822513 0.581129 0.432525 0.185296 0.152071 0.084501 
0.136789 0.149981 0.049696 -0.044748 -0.114404 0.013404 0.127423 0.445752 0.589527 0.395190 
0.450413 0.402767 0.420853 0.342592 0.056555 0.062175 0.010910 -0.024031 0.216896 0.119434 
0.722364 0.683221 0.373573 0.220671 0.079600 0.083913 -0.039193 -0.108807 -0.056602 0.083247 
0.335987 0.581746 0.154779 0.121810 0.176466 0.009220 -0.028654 -0.073215 0.029032 0.185267 
0.427086 0.559772 0.408900 0.482708 0.582279 0.594895 0.592040 0.649443 0.648897 0.700588 
1.386568 1.807358 1.390913 0.964899 0.681095 0.569159 0.473532 0.387605 0.426790 0.421555 
0.517938 0.571116 0.656627 0.533407 0.347959 0.251253 0.122848 0.036435 0.167567 0.223185 
0.304578 0.448556 0.455476 0.484029 0.399529 0.216136 0.204973 0.036412 0.030517 0.085374 
0.020467 0.006429 -0.077883 -0.167332 -0.200791 -0.242892 -0.156828 0.141599 0.475626 0.393397 
0.356742 0.373013 0.384316 0.344560 0.096957 0.180509 0.212511 0.230444 0.350253 0.216635 
0.489228 0.517437 0.417145 0.311152 0.137946 0.118367 0.055248 -0.078521 -0.046563 0.064380 
0.052818 -0.107543 -0.235709 -0.298773 -0.197007 -0.158574 -0.156014 -0.118323 -0.151483 -0.156191 
0.118120 0.409779 0.323531 0.381934 0.441512 0.547042 0.559743 0.490885 0.534402 0.520798 
0.477789 0.643062 0.854192 0.586834 0.472516 0.208073 0.077225 0.153961 0.311869 0.321637 
0.465486 0.477526 0.576803 0.348700 0.264812 0.276172 0.168642 0.038495 0.141374 0.404199 
0.670317 0.788505 0.652993 0.479680 0.411419 0.265672 0.143532 0.073039 0.028389 0.041860 
-0.076542 -0.126498 -0.184297 -0.160265 -0.319769 -0.262919 -0.181236 0.082594 0.213194 0.154264 
0.141675 0.199827 0.229875 0.214686 0.059973 0.142990 0.121390 0.281769 0.520185 0.355834 
0.646873 0.546751 0.401676 0.255395 0.171585 0.088791 0.054897 -0.131799 -0.101093 -0.007916 
0.369528 0.091728 -0.126227 -0.265208 -0.296810 -0.279407 -0.304054 -0.260871 -0.129025 0.297976 
0.571357 0.614104 0.492004 0.642789 0.495583 0.486930 0.443375 0.479677 0.504487 0.519555 
0.537370 0.497989 0.495164 0.532296 0.503902 0.073494 0.023575 0.117339 0.480167 0.580645 
0.453218 0.445613 0.488046 0.382481 0.253641 0.252907 0.212008 0.090978 0.177916 0.254476 
0.314991 0.184162 0.162944 0.191072 0.176580 0.317108 0.296071 0.338121 0.265969 0.150140 
-0.019376 -0.032164 -0.167745 -0.197837 -0.324442 -0.181428 0.164247 0.730825 0.691895 0.241210 
0.266168 0.355782 0.403936 0.438570 0.108376 0.297561 0.287992 0.333437 0.671780 0.257738 
0.784070 0.569269 0.348491 0.173960 0.177356 0.213112 0.154588 -0.142437 -0.231105 -0.060539 
0.251457 0.184050 0.091360 0.191872 0.082289 -0.095684 -0.174168 -0.104166 0.200728 0.825958 
0.744652 0.504946 0.501280 0.636063 0.372879 0.329799 0.215656 0.267694 0.307434 0.297336 
0.355222 0.356850 0.412208 0.359978 0.182688 0.142421 0.910179 0.509384 0.467813 0.576967 
0.602381 0.462318 0.431323 0.369304 0.281353 0.238474 0.301248 0.301015 0.388716 0.251284 
0.233537 0.088606 0.087911 0.209686 0.217414 0.358066 0.320066 0.230838 0.155331 0.131588 
-0.019797 0.009899 -0.135716 -0.192416 -0.182320 0.121359 0.322078 1.046728 0.943984 0.478131 
0.420256 0.612855 0.545806 0.471711 0.141681 0.309570 0.184118 0.162216 0.455489 0.036621 
0.820773 0.651376 0.381265 0.298472 0.246984 0.228582 0.038011 -0.127666 -0.032583 0.449128 
0.378707 0.125416 0.056740 -0.095004 -0.202478 -0.275344 -0.208976 -0.063836 0.118021 0.433834 
0.761865 0.598989 0.527508 0.637685 0.471974 0.405954 0.352433 0.407228 0.352932 0.509516 
0.472461 0.442996 0.476211 0.489954 0.342275 0.353893 0.432662 0.596605 0.732153 0.542061 
0.510588 0.490875 0.456909 0.410858 0.293408 0.237430 0.235587 0.206461 0.100841 0.041933 
0.172184 0.093995 0.045218 0.041128 0.098477 0.111378 0.201423 0.155460 0.049725 0.093560 
0.028736 0.079518 -0.136647 -0.192238 -0.145955 0.221746 0.771521 1.387647 1.060184 0.564048 
0.477376 0.660171 0.601074 0.475948 0.314851 0.331015 0.251776 0.322885 0.505772 0.104759 
0.719340 0.649548 0.423256 0.269299 0.272689 0.348702 0.329244 0.567837 0.808805 1.231980 
1.080276 0.681685 0.604107 0.837451 0.529698 0.065981 -0.045127 -0.206268 -0.141431 0.204632 
0.457063 0.643388 0.628937 0.657211 0.491080 0.479710 0.431295 0.482850 0.471080 0.482006 
0.508423 0.525700 0.459422 0.450197 0.548028 0.524692 0.531328 0.559217 0.530409 0.626253 
0.733992 0.572053 0.506873 0.426945 0.352981 0.271195 0.271104 0.132105 0.175431 0.093310 
0.025570 -0.015304 -0.017142 -0.088970 -0.082181 -0.111515 0.040828 0.038400 -0.052490 0.063125 
0.070922 0.172796 0.027358 0.230997 0.740041 1.556468 2.018136 1.978338 1.358196 0.723350 
0.622161 0.654196 0.533514 0.488456 0.331793 0.399910 0.277630 0.266741 0.498483 0.088785 
0.683043 0.608286 0.493737 0.298156 0.190290 0.234711 0.074716 0.103292 0.125628 0.112622 
0.030774 -0.003223 -0.026986 -0.003487 -0.146440 -0.240368 -0.243736 -0.253205 -0.137568 0.591054 
0.854529 0.598431 0.570666 0.474726 0.371569 0.295713 0.235286 0.287372 0.285117 0.283686 
0.252659 0.276606 0.226760 0.271789 0.266564 0.232590 0.243130 0.325533 0.406309 0.426077 
0.511820 0.410251 0.409937 0.260056 0.192644 0.114453 0.168810 0.069983 0.055741 0.088627 
0.105168 0.045000 0.006888 0.001877 0.174261 0.203869 0.197955 0.132943 0.104946 0.142485 
0.086467 0.183857 0.028763 0.117716 0.315905 0.612393 0.931076 0.960002 0.820756 0.511694 
0.400817 0.458303 0.542511 0.315303 0.258256 0.280612 0.212342 0.273066 0.503351 0.049676 
0.680820 0.554078 0.411043 0.305153 0.213747 0.143548 -0.039280 -0.065118 -0.037129 -0.163908 
-0.072954 -0.168170 -0.242716 -0.244221 -0.182621 -0.124257 -0.192219 -0.281940 -0.151957 0.685192 
1.023962 0.650729 0.556265 0.506314 0.408157 0.432125 0.365781 0.405131 0.263579 0.364221 
0.347839 0.314450 0.285377 0.366603 0.261908 0.419405 0.464531 0.543560 0.644738 0.513850 
0.587613 0.423257 0.417447 0.353865 0.260476 0.150683 0.182379 0.058377 0.031650 0.126346 
0.252490 0.196746 0.246345 0.396150 0.495646 0.408501 0.386565 0.356932 0.311918 0.199462 
0.068615 0.075622 -0.024218 -0.037169 -0.024255 0.149242 0.392093 0.598824 0.607471 0.474685 
0.390944 0.523297 0.505316 0.262673 0.060194 0.133347 0.184403 0.252593 0.605573 0.205746 
0.668831 0.650958 0.439502 0.253570 0.210263 0.147794 0.084708 -0.003859 0.061171 0.132811 
0.062066 -0.032983 -0.127274 -0.197776 -0.324521 -0.287822 -0.308007 -0.208713 0.368174 1.529140 
1.321720 0.530777 0.347049 0.181386 0.106429 0.040534 -0.010977 -0.016051 -0.099806 -0.109076 
-0.006414 0.045341 0.097260 0.120469 0.035714 0.177819 0.365771 0.391254 0.454088 0.333507 
0.432287 0.298172 0.319392 0.220875 0.120049 0.107649 0.128071 0.036936 -0.059403 0.049390 
0.087598 0.059127 0.030439 0.046327 0.055492 0.003222 0.032905 0.043493 0.212746 0.241973 
0.208516 0.221108 0.043583 -0.043028 0.029931 0.095176 0.140336 0.380871 0.431812 0.374056 
0.325727 0.287571 0.250537 0.169979 0.085854 0.274298 0.214987 0.207064 0.543018 0.254584 
0.845547 0.772861 0.501788 0.387506 0.329021 0.331778 0.438504 0.412014 0.320384 0.314656 
0.206443 0.347199 0.590270 0.902034 1.189092 1.915599 2.721555 3.490763 3.675414 2.734153 
1.118660 -0.011572 -0.098541 -0.158159 -0.156239 -0.146571 -0.160425 -0.088839 -0.065180 -0.034833 
-0.061230 -0.071724 -0.092446 -0.083795 -0.139130 -0.153245 0.018970 0.172049 0.263848 0.164543 
0.199305 0.201697 0.192101 0.094822 0.001132 0.001040 -0.030797 -0.117081 -0.151389 -0.095116 
-0.045491 -0.039275 -0.032653 0.008334 -0.149578 -0.196169 -0.114846 -0.141202 -0.060824 0.033755 
0.099442 0.146766 0.031489 -0.027887 -0.070409 0.075367 -0.065987 0.057616 0.143042 0.053373 
0.003100 0.028941 0.001654 0.020922 0.090242 0.361013 0.265745 0.379203 0.626358 0.187570 
0.776075 0.673022 0.444697 0.195011 0.318750 0.287204 0.178049 0.094872 0.128180 0.118007 
0.172005 0.093329 0.155462 0.294074 0.356771 0.450913 0.849513 1.239271 1.191807 0.327955 
0.114686 -0.106866 -0.137032 -0.174012 -0.203194 -0.215679 -0.202760 -0.212522 -0.250553 -0.226844 
-0.206041 -0.183230 -0.158127 -0.153503 -0.041658 0.214638 0.454552 0.173755 0.205058 0.335145 
0.352884 0.335153 0.258585 0.188645 0.112572 0.127155 0.072029 -0.053143 -0.056864 0.083571 
0.107267 0.022085 -0.030000 -0.022876 -0.147472 -0.158821 -0.089947 0.218871 0.212640 0.326381 
0.247059 0.118868 -0.048349 -0.151269 -0.170531 -0.202542 -0.010876 0.128028 0.269871 0.153495 
0.149989 0.299903 0.402668 0.481979 0.407449 0.351422 0.175265 0.138360 0.238902 0.032573 
0.933118 0.795528 0.566150 0.314728 0.352129 0.389365 0.263839 0.113134 0.174185 0.053871 
0.196786 0.203412 0.230973 0.257967 0.296722 0.215333 0.202782 0.315962 0.374752 0.119287 
0.038108 0.067342 0.062341 -0.089161 -0.094846 0.054121 0.137416 0.056104 0.334546 0.585489 
0.834553 0.950762 0.838900 0.754024 0.703935 0.846787 0.682168 0.347588 0.327267 0.335859 
0.411755 0.262699 0.241980 0.195422 0.128793 0.182207 0.055666 0.004164 0.001888 0.160984 
0.108559 -0.074333 -0.102554 -0.023280 0.006128 0.076203 0.187378 0.469767 0.463163 0.517116 
0.283116 0.029584 -0.163044 -0.195716 -0.194743 -0.140717 0.147711 0.424275 0.407833 0.179503 
0.245560 0.352663 0.538059 0.643530 0.517834 0.344881 0.134727 0.150174 0.532598 0.317077 
0.506273 0.162935 0.093064 0.185706 0.281009 0.031435 0.053812 0.029107 0.185229 0.288086 
0.455481 0.374243 0.303264 0.068029 -0.001793 0.063444 0.031652 0.046832 0.150407 0.060545 
0.244594 0.297839 0.165388 0.020984 0.031224 0.332808 0.210502 0.132611 0.386177 0.509595 
0.635498 0.512055 0.291825 0.081341 0.077713 -0.012290 -0.075447 -0.147019 -0.052669 -0.032099 
-0.038244 -0.011479 0.011723 0.051315 0.055283 0.158881 0.098446 0.060435 0.076555 0.183334 
0.034618 -0.123714 -0.116743 -0.012264 0.037735 0.113350 0.318456 0.374791 0.360437 0.303340 
0.083086 -0.094635 -0.191263 -0.194440 -0.236289 -0.130429 0.114179 0.475261 0.490042 0.328546 
0.345009 0.562676 0.518718 0.524863 0.401229 0.402910 0.301109 0.227777 0.371622 0.204055 
0.334159 0.444647 0.353633 0.371372 0.045483 -0.060447 -0.012988 0.051039 0.307976 0.873800 
-0.039984 -0.162809 -0.381595 -0.229994 -0.538778 -0.476656 -0.287716 0.047103 0.354525 0.504192 
0.627403 0.681622 0.584570 0.428107 0.514566 0.768436 0.784745 0.899573 0.992121 1.112500 
0.646786 -0.046555 -0.178574 -0.209416 -0.299234 -0.224762 -0.098612 -0.160655 -0.092192 -0.129778 
-0.150668 -0.168363 -0.157221 -0.104995 -0.084255 0.052268 0.077212 0.139938 0.202263 0.139364 
-0.000353 -0.222574 -0.245216 -0.106127 0.111964 0.357487 0.591886 0.494847 0.425120 0.218682 
0.036961 -0.111167 -0.165276 -0.227194 -0.241921 -0.168346 -0.044914 0.441149 0.770364 0.485505 
0.598083 0.613416 0.437116 0.247001 0.192401 0.329464 0.182705 0.130811 0.192685 -0.069889 
0.006910 -0.000327 -0.378154 0.143662 0.200672 0.165984 0.204735 0.639334 -0.118068 -0.259028 
0.153675 0.461125 0.215591 1.143519 0.412482 1.002677 -0.174154 -0.020079 0.579443 0.535158 
0.334737 0.334048 0.213002 0.146000 0.121881 0.279869 0.341788 0.297307 0.246414 0.246369 
0.011108 -0.221316 -0.268525 -0.293249 -0.343727 -0.316215 -0.327952 -0.340858 -0.283508 -0.292434 
-0.247418 -0.242789 -0.152267 0.042901 0.096807 0.218921 0.108503 0.054588 0.044920 -0.011115 
-0.104414 -0.191429 -0.034501 0.215250 0.349032 0.326369 0.279873 0.079094 0.059699 0.012150 
-0.109273 -0.093352 -0.226137 -0.198071 -0.193218 -0.085115 0.129666 0.448054 0.600432 0.338942 
0.430387 0.423218 0.269242 0.135997 0.131400 0.320028 0.225723 0.064843 0.124667 -0.106011 
0.172929 -0.022914 -0.232021 -0.468514 0.223454 0.131944 0.295548 0.039806 0.477170 0.854058 
1.226862 0.331834 0.203859 0.621712 0.310490 -0.024146 0.327006 -0.064596 0.671806 0.485938 
0.289329 0.209623 -0.053383 -0.013708 -0.100196 0.042768 0.141151 0.218783 0.173432 0.104680 
-0.143338 -0.234818 -0.296088 -0.292094 -0.228714 -0.190190 -0.162609 -0.282014 -0.278184 -0.275183 
-0.220326 -0.211445 -0.140213 0.090914 0.054506 0.058572 0.011927 -0.100715 -0.154522 -0.186021 
-0.209286 -0.238070 -0.281075 -0.055319 0.111420 0.154452 0.187802 0.056799 0.047642 -0.031619 
-0.175606 -0.169445 -0.221954 -0.149200 -0.238125 -0.239920 -0.074892 0.298647 0.456630 0.317780 
0.438487 0.400233 0.100220 0.025914 -0.001458 0.043189 0.210202 0.382512 0.582542 0.542519 
1.109926 0.295168 1.533026 0.270881 0.355585 0.520052 0.318599 0.673946 0.796211 1.207652 
0.109475 1.186149 0.642635 0.966552 0.695134 1.009583 1.356675 0.462037 0.567822 0.503379 
0.292252 0.193242 0.127908 0.167719 0.153741 0.343719 0.348852 0.357415 0.155876 0.132807 
-0.132651 -0.265357 -0.294388 -0.202183 -0.073317 0.027614 0.000440 -0.154248 -0.151488 -0.078744 
-0.030914 0.223852 0.184388 0.392444 0.267292 0.120536 0.028905 -0.129834 -0.138359 -0.111494 
-0.164037 -0.234345 -0.175295 -0.042338 0.014765 0.166297 0.128695 0.059774 0.048674 0.020820 
-0.140568 -0.092426 -0.212666 -0.278393 -0.167310 0.048793 0.375084 1.061221 1.380927 0.568938 
0.428062 0.332027 0.311150 0.272267 0.720948 0.423385 0.288102 0.188509 0.326582 0.160203 
0.794312 0.111448 0.709121 0.392761 0.707294 0.228892 0.260836 0.595503 0.107684 0.112276 
0.219143 0.101835 -0.061269 0.812260 0.376922 0.380028 0.361827 0.526227 0.648465 0.520924 
0.200757 0.181539 0.361015 0.484495 0.606382 0.811787 0.625120 0.466230 0.223326 0.155022 
-0.000461 0.003837 0.499916 1.379225 1.830312 1.996372 1.976772 1.552655 2.056612 2.549495 
2.022396 1.430063 0.988259 0.621083 0.269361 0.181947 0.199544 0.129213 0.177940 0.308163 
0.090014 -0.135222 -0.014909 -0.054397 -0.020457 0.041127 0.031368 -0.059181 -0.072838 -0.178256 
-0.184830 -0.155196 -0.158057 0.012949 0.645555 1.531781 2.300747 2.621856 1.824037 0.814644 
0.537982 0.506933 0.543880 0.738301 0.914637 0.861122 0.510368 0.323919 0.569039 0.373977 
1.088014 0.134644 0.879909 0.460384 0.036448 0.327090 0.647356 0.704491 0.186141 0.689596 
0.903943 0.212993 0.283307 0.414147 0.391538 0.212931 0.068726 0.758801 0.308685 0.154616 
0.151363 0.301266 0.359175 0.332999 0.268230 0.315403 0.217712 0.151951 0.015607 -0.037232 
-0.130823 -0.173573 -0.070252 0.228419 0.313575 0.475092 0.447732 0.348861 0.621515 0.582292 
0.378159 0.186259 0.226808 0.218980 0.228174 0.234907 0.103916 0.032110 -0.069408 -0.111405 
-0.145036 -0.144928 -0.124082 -0.200348 0.038873 0.156975 0.121008 -0.079060 -0.065609 -0.018234 
-0.131333 -0.128781 -0.193245 -0.148448 0.188515 0.800465 1.028844 1.129406 1.023600 0.665686 
0.643890 0.769455 0.490641 0.519801 0.369806 0.280193 0.522332 0.440436 0.230353 -0.141375 
0.621510 1.128083 0.976413 1.049382 -0.077864 1.390936 0.486041 1.834120 0.356646 0.423092 
0.279920 0.429191 0.162779 0.239456 0.020611 0.483047 0.433222 0.352315 1.130711 -0.188009 
-0.158122 0.067336 0.325022 0.224750 0.174926 0.252887 0.078763 -0.116471 -0.198695 -0.258986 
-0.160317 -0.182256 -0.242564 -0.242482 -0.231961 -0.238573 -0.189505 -0.179459 -0.152821 -0.157537 
-0.127626 -0.098729 -0.060322 -0.100815 -0.096785 -0.075283 -0.142075 -0.127026 -0.194197 -0.135096 
-0.177718 -0.137169 -0.153125 -0.247289 -0.288102 -0.125078 -0.151649 -0.200982 -0.151239 -0.152852 
-0.149327 -0.140058 -0.095703 -0.031642 -0.027782 0.173919 0.417076 0.792157 0.805579 0.521882 
0.551450 0.435530 0.199814 0.294340 0.346373 0.285922 0.423906 0.265945 0.263179 -0.283660 
0.542301 0.303718 -0.051112 0.058612 0.313567 0.652318 0.876508 0.600798 0.853225 0.421528 
0.202910 0.336653 0.904712 1.465867 0.296378 0.124745 0.527866 -0.212622 0.007268 0.349219 
0.957503 0.322689 0.325169 0.183467 0.224643 0.232464 0.064036 -0.098924 -0.202272 -0.277654 
-0.242137 -0.220209 -0.225973 -0.104731 -0.026542 -0.098011 -0.119478 -0.131996 -0.108722 -0.149983 
-0.138877 -0.133657 -0.048065 0.022165 0.099626 0.047024 -0.003935 -0.000689 -0.138970 -0.075583 
-0.234990 -0.281803 -0.203486 -0.121244 -0.062848 0.047913 -0.030360 -0.215187 -0.190850 -0.127752 
-0.154224 -0.155638 -0.116752 -0.109216 -0.047590 0.054986 0.360081 0.793312 0.652181 0.296215 
0.271440 0.219365 0.347141 0.490889 0.561873 0.398103 0.100002 0.148849 -0.008428 -0.252802 
0.133077 0.594328 0.868809 0.639286 0.098032 0.419240 0.170428 0.726963 0.622251 0.577561 
0.846301 0.938960 0.430863 0.313576 0.240380 0.397939 0.427283 0.784352 0.027349 0.182636 
0.334975 0.475546 0.700950 0.621246 0.222820 0.071518 -0.081982 -0.151733 -0.124642 0.141877 
0.590877 1.079313 1.575148 1.575703 1.546304 1.338220 1.324289 1.028244 1.198713 1.044559 
1.238389 1.150823 1.247973 1.175622 1.661219 1.459491 1.112407 1.351539 1.078778 1.724108 
1.461682 1.440255 2.099030 2.717142 2.722651 2.834222 2.399143 1.936023 1.888355 1.460481 
1.284073 1.488156 1.614306 1.551319 2.380283 2.073545 1.833506 1.660954 1.032957 0.563625 
0.333868 0.273581 0.363674 0.363113 0.430146 0.248981 -0.039110 0.141138 0.201269 -0.178839 
0.384640 0.353975 0.396332 0.459766 0.402044 0.328452 0.357108 0.438615 0.330818 0.596809 
0.205906 0.189336 0.496775 0.185530 0.297490 -0.046107 -0.047327 0.692759 0.358059 0.294328 
0.185853 -0.090701 0.273216 0.428266 0.207316 0.291728 0.048224 0.010825 0.002335 0.150887 
0.160132 0.573911 0.580708 0.491629 0.747126 0.806958 0.692934 0.631481 0.860546 1.198431 
1.081253 1.107242 1.182493 1.684469 1.430767 0.897849 0.682136 0.808261 0.861764 1.075893 
1.106105 1.206332 1.250030 1.244153 1.136693 1.144127 1.119607 0.979663 1.021266 0.887714 
0.777969 0.870312 0.631297 0.507429 0.978915 0.975893 1.202259 0.864444 0.935356 0.873667 
0.505364 0.522873 0.591236 0.697300 0.252180 0.069019 0.228411 0.008387 0.468868 0.403777 
0.949188 0.302766 0.191353 0.030160 0.225187 0.335544 0.188234 0.223432 0.416761 0.476973 
0.143710 0.155065 0.326355 0.172856 0.501034 0.860161 0.574154 0.134887 0.424455 0.135997 
0.426938 -0.006517 0.656407 0.451563 0.389350 0.544190 0.386265 0.229335 -0.001429 -0.042940 
-0.148901 0.156095 0.382770 0.479542 0.333406 0.486645 0.598986 0.769374 0.793296 0.721624 
0.679910 0.654555 0.637577 0.664500 0.671334 0.627489 0.622272 0.630270 0.581132 0.623012 
0.580493 0.416365 0.424169 0.482298 0.520326 0.628530 0.636020 0.599527 0.454341 0.347285 
0.517440 0.550148 0.441018 0.512620 0.673163 0.675626 0.812895 1.091244 0.703366 0.582998 
0.444476 0.330859 0.544523 0.537826 0.405474 0.076184 0.053225 0.724637 0.399664 -0.160669 
0.467680 0.356753 0.570726 0.450978 0.445449 0.605296 0.259188 0.459821 0.491405 0.201861 
0.655389 -0.112126 0.012729 0.333117 0.283110 0.364360 0.221987 0.165630 0.617854 0.033587 
0.016157 -0.401654 0.176071 0.358784 0.282873 0.198421 0.076030 -0.070035 -0.096328 -0.005946 
0.051062 0.367118 0.235165 0.168932 -0.003761 0.036478 0.146046 0.228203 0.268284 0.267685 
0.232987 0.266803 0.372400 0.336598 0.355910 0.344169 0.412745 0.393673 0.404774 0.411402 
0.295545 0.331129 0.426928 0.700763 0.540616 0.584115 0.484656 0.332231 0.261865 0.357859 
0.279014 0.373577 0.478644 0.375725 0.475206 0.082396 -0.445610 -0.148083 -0.215165 -0.066018 
0.320339 0.347091 0.376046 0.279360 0.146344 -0.301289 0.149675 -0.255093 -0.011356 0.228864 
0.943043 0.775009 0.501553 0.270232 0.879761 0.891825 0.433746 -0.241347 -0.374774 -0.430520 
-0.433419 0.004996 0.612473 1.197473 0.745924 0.195991 0.573637 0.503945 0.496461 0.156496 
-0.051144 0.276008 0.786043 0.884494 0.655950 0.374478 0.311691 0.650777 0.991548 1.351388 
1.512308 1.687972 1.137352 0.566436 0.446023 0.457491 0.712074 0.522149 0.558031 0.400377 
0.392798 0.444455 0.570133 0.478908 0.452750 0.471382 0.495136 0.647056 0.729696 0.742700 
0.795561 0.818845 0.905996 0.736413 0.562391 0.574944 0.651293 0.589636 0.601282 0.644562 
0.603620 0.495966 0.236953 0.292657 -0.315605 0.110613 0.526935 1.174269 0.113310 0.773645 
1.051153 0.484645 0.260719 0.048293 -0.405661 -0.291373 0.081301 0.366315 -0.205370 0.441207 
0.740296 0.827776 0.607049 0.183616 0.618771 0.735079 0.585429 0.224783 0.746984 1.065237 
1.481507 0.907599 0.561703 0.460226 0.192061 -0.130193 -0.083881 0.151371 0.181989 0.139508 
-0.262239 0.468042 0.603830 0.433905 0.326756 0.288256 0.259730 0.371276 0.436725 0.484090 
0.510702 0.480528 0.337324 0.221097 0.293408 0.573263 0.601633 0.793451 0.714746 0.588455 
0.716687 0.530055 0.447491 0.486972 0.438680 0.387134 0.272099 0.107365 0.214425 0.330724 
0.401264 0.442380 0.463585 0.344636 0.402404 0.363639 0.367087 0.255704 0.304606 0.335737 
0.253930 0.233063 0.137902 0.119390 -0.193037 0.166205 0.510390 0.544317 -0.057880 -0.256642 
0.135836 0.675786 0.398186 0.486418 -0.464682 -0.298998 0.439094 -0.292584 -0.410167 -0.196374 
0.506699 0.338911 0.588952 0.005194 0.377590 0.152506 -0.093546 -0.175355 0.185242 0.665471 
0.629085 0.770939 0.741199 0.454950 0.102190 0.267155 0.852348 0.588810 0.322073 0.564021 
0.181065 0.822467 0.398972 0.469076 0.341774 0.205842 0.154377 0.135528 0.175017 0.277947 
0.123611 0.059263 0.038043 0.178890 0.249282 0.061659 0.129908 -0.004349 -0.086542 0.337130 
0.508483 0.591909 0.506871 0.502670 0.308589 0.331899 0.362923 0.405382 0.468064 0.567379 
0.508645 0.408009 0.485600 0.498647 0.384753 0.328510 0.171918 0.038231 0.082128 -0.057950 
-0.154571 -0.000300 -0.063315 0.324056 0.888261 0.966280 0.873938 -0.209230 0.241240 -0.387949 
-0.226006 -0.322265 0.201951 1.075534 0.779176 1.901137 0.922827 1.334718 1.594286 0.158973 
0.424079 0.505396 0.662530 0.496514 0.391887 0.320992 0.166135 0.201062 0.129334 0.373320 
-0.164355 0.284759 0.408580 0.182479 0.564983 0.120988 0.960378 0.681932 0.370218 0.675880 
0.113839 0.265259 0.496506 0.514956 0.315063 0.364822 0.344144 0.303640 0.211224 0.245858 
0.338095 0.237384 0.195654 0.470620 0.505660 -0.326398 -0.377440 0.088039 0.147189 0.526104 
0.305246 0.050770 -0.054413 0.028673 0.136049 0.441306 0.424200 0.204125 0.128419 -0.109057 
0.404851 0.333363 0.211036 0.259557 0.252487 0.328516 0.545529 0.557494 0.519452 0.433114 
0.414893 0.528914 0.087739 0.338379 1.050782 0.556665 0.394856 0.526197 0.785639 0.489957 
1.252117 0.808214 0.671167 0.353915 0.646126 0.993815 0.630453 0.221338 0.012918 -0.424774 
0.616612 0.099382 -0.116673 0.449165 0.294453 -0.106343 0.096451 0.400057 0.405667 0.608871 
0.700859 0.557522 0.693611 0.523030 0.494593 0.228327 0.298086 0.126044 0.094390 0.005105 
-0.253974 0.065723 0.009886 0.435395 0.363592 0.248156 0.246899 0.197777 0.111593 0.360679 
0.375172 0.374194 0.470372 0.791427 0.867898 0.009617 0.620538 0.363653 0.532002 0.760131 
0.189485 0.085279 0.126599 0.170523 0.320276 0.550177 0.012621 0.447949 0.239615 0.242227 
0.002783 0.403258 0.439563 0.218463 0.200653 0.199212 0.439741 0.162442 0.007576 -0.214262 
0.362219 0.498766 0.467096 -0.079778 0.270736 0.109601 0.363088 0.002093 0.237566 0.757765 
1.514673 0.229172 -0.085734 0.269506 0.618640 0.735148 0.291589 0.456273 0.260725 0.109692 
0.984388 0.286427 0.738915 0.223990 0.484650 0.749362 0.500152 0.683542 0.168157 0.129051 
0.077224 0.364276 0.092552 0.267407 0.855415 0.123404 0.240090 0.075595 0.740060 1.265049 
0.222047 1.263855 0.320888 0.497027 0.453254 0.449008 0.654494 0.568695 0.615873 0.724212 
0.444277 0.349283 0.508145 0.537598 0.484555 0.293332 1.772385 1.649717 0.739981 0.646581 
0.489765 0.866780 0.708514 0.713802 0.426015 0.775164 0.214990 0.202758 -0.276853 -0.095981 
0.138647 0.038096 0.423669 0.190943 0.329038 0.477765 0.396794 0.445916 -0.068772 0.265976 
1.241111 0.133196 0.685486 0.202704 1.207803 0.143776 1.047619 0.250178 0.869826 0.157744 
0.935451 0.773559 0.497126 0.888303 1.047775 0.362217 0.424983 0.177052 0.071451 -0.176535 
0.696590 0.853550 1.132671 0.552195 1.048883 1.122286 0.838737 0.837608 0.607786 0.776238 
0.431969 1.117005 0.479749 0.471445 0.237694 -0.004630 0.220964 -0.268646 -0.166098 -0.330113 
0.026404 0.545328 0.114708 0.683394 0.604754 0.348997 0.405346 0.403904 0.340789 0.343445 
0.125311 0.059610 0.208177 0.283140 0.397844 0.208387 0.501047 0.165674 0.491108 0.055381 
0.148500 0.135431 0.241204 0.810898 0.632016 0.280076 0.103225 1.202944 0.576248 0.954739 
0.596262 0.034826 0.173645 0.076184 0.325087 0.320061 0.295452 0.345078 0.397386 -0.026407 
0.307444 0.362504 0.230223 0.567115 1.012819 0.308411 0.315667 0.458505 0.076620 -0.273122 
0.364775 0.285200 0.758386 0.742350 0.502645 0.192537 0.119376 0.096031 0.150191 -0.150845 
0.534295 0.732170 0.615412 0.657580 0.597868 0.464772 0.435288 0.461757 0.500397 0.566879 
0.465230 0.727371 0.367484 0.406962 0.480487 -0.062016 0.191229 0.201395 1.253756 0.747623 
0.800949 0.716185 0.235658 0.403321 0.542038 0.749544 0.702259 0.658285 0.471174 0.247219 
0.115929 0.096461 0.355143 0.414279 0.461808 0.561986 0.363283 1.035498 1.043440 0.151472 
0.051590 0.164955 0.521274 0.157645 0.519724 0.877578 0.713053 0.686789 0.856325 0.381039 
-0.111811 0.482163 0.259606 0.448297 0.456163 0.533454 -0.049663 0.111639 0.277367 0.958666 
0.671928 0.563455 0.161403 0.357028 0.570424 0.482062 1.002815 0.741091 1.069198 0.701471 
0.279388 0.402492 1.067803 0.446614 0.441090 0.182537 0.120843 0.483810 0.454749 0.121808 
0.491616 0.593464 0.449061 0.680739 0.260119 -0.051174 0.026937 -0.083838 -0.101379 -0.061831 
0.012480 0.137130 0.070349 -0.146855 0.052781 0.122712 -0.218356 0.060469 0.131557 0.673794 
-0.147183 -0.413522 -0.335350 -0.065385 0.769977 -0.025519 -0.032496 0.038734 0.024789 0.159952 
0.221168 0.489715 0.766292 1.049935 -0.150100 0.145395 -0.142414 0.314583 0.050284 0.479788 
0.407479 0.600638 0.168763 0.410564 0.478111 -0.003115 0.124063 -0.204300 0.241672 0.058726 
0.027732 1.279694 0.033354 0.424411 0.461079 0.823823 0.166161 0.189026 -0.131575 0.344976 
0.336847 0.966597 0.101386 -0.002035 -0.009852 0.791632 0.398937 0.418890 0.529450 0.497694 
0.444095 0.583291 0.428901 0.064080 0.330114 0.420009 0.142571 0.253215 0.419668 -0.044224 
0.271731 0.095870 0.157697 -0.000599 0.039491 0.487813 0.325516 1.064067 0.775328 0.313645 
0.650508 0.272187 0.085683 0.115013 0.646172 0.801768 -0.395697 0.250052 -0.005562 1.210554 
-0.253778 0.986789 1.419497 0.716336 0.223277 0.648809 0.139806 0.274662 0.117775 0.212599 
-0.003613 -0.270218 -0.116614 0.150866 0.143073 0.120730 0.472827 0.159410 0.190039 0.232698 
0.131270 1.027270 0.469459 0.642015 0.909101 0.540343 0.001601 0.088471 -0.146568 -0.175468 
-0.334206 0.499120 0.067597 0.642843 0.788344 0.094241 0.511603 0.335477 0.570933 0.636096 
0.655388 1.698161 0.518494 1.726826 0.786408 0.365611 0.396850 0.400174 0.616069 0.507639 
0.346280 0.051851 -0.045293 0.138852 -0.057501 0.325942 0.093741 0.038529 0.137224 -0.128887 
0.726079 0.156277 0.228992 0.201989 0.010948 0.437746 0.933881 0.884761 0.821272 0.597880 
0.419297 0.449418 -0.178151 -0.286479 -0.096475 0.443529 0.843803 0.841827 0.502604 0.687040 
0.551226 0.079556 -0.095103 0.539724 -0.153044 0.243254 1.231098 0.685451 -0.238681 -0.532264 
0.211964 0.261234 0.614459 0.165898 0.010061 0.117118 0.459512 0.631758 0.597050 0.230698 
0.289245 0.162298 0.501355 0.424324 0.158960 -0.002303 0.153334 1.687663 0.612696 0.905733 
0.778639 0.291022 -0.147553 0.583993 -0.067927 0.572326 0.726530 0.223859 0.225885 0.230175 
0.864483 0.055034 -0.201987 -0.231055 -0.350607 -0.185266 0.151296 0.913377 0.484249 0.451929 
-0.030992 -0.095122 0.076098 0.239492 0.456490 0.309854 -0.135811 -0.083892 0.320341 0.091659 
0.096089 0.279276 0.603988 0.315738 0.810149 0.332153 0.560917 0.169730 0.243284 0.355561 
0.167808 0.235089 -0.067885 -0.097595 -0.043142 0.432034 0.691502 0.594284 0.521493 0.284290 
0.534386 0.293588 0.601897 -0.201802 0.424826 0.364341 0.531479 0.666054 0.044628 -0.131857 
0.570077 1.603429 0.458338 0.641350 0.526186 0.825216 0.248033 -0.000970 0.241501 0.634593 
0.688289 0.541549 0.175122 0.148090 0.092360 0.496590 0.073603 0.258394 0.094631 0.201660 
0.161622 -0.394558 -0.051629 0.323718 0.916206 0.971008 0.936405 1.127986 0.721468 0.208242 
0.581908 0.349763 0.399822 1.011211 1.148708 1.011573 0.596669 0.250733 0.241923 0.206110 
0.114670 0.203655 -0.073527 0.350688 0.567098 0.183941 0.126417 -0.040370 0.317588 0.115828 
0.072031 -0.124923 0.148421 0.389741 0.961772 0.401043 0.348721 0.194242 0.152163 0.084142 
-0.026677 0.203782 0.200946 0.449341 0.059740 0.335723 0.645452 0.394278 0.534529 0.518406 
0.382553 0.475414 0.425692 0.899094 0.989886 0.606097 0.640598 0.429826 0.221115 0.776730 
0.506742 1.601622 0.760810 0.325949 0.861859 0.910187 0.901911 0.922439 0.188622 -0.171469 
0.118510 0.264514 0.551257 0.325814 0.609092 -0.016891 0.962068 0.402077 0.585401 0.462598 
0.464332 0.590857 1.155237 0.098326 -0.110260 0.549856 0.880945 0.524800 0.477224 0.490777 
0.413975 0.285195 0.336383 0.517200 0.427311 0.230351 0.084767 0.209011 0.113077 0.307497 
0.365906 -0.155524 0.538385 0.165935 0.339492 0.153637 -0.036419 -0.115097 0.089636 -0.036552 
-0.089058 0.045935 0.038880 0.794461 0.462873 0.285294 0.053586 0.307833 0.534393 0.192509 
0.298656 0.194517 0.358884 0.551366 0.437207 0.296591 0.338852 0.278505 0.288570 0.013358 
-0.101878 -0.010076 0.015448 0.332055 0.328166 0.671851 0.449033 0.232886 0.299073 0.445783 
0.480303 0.355704 1.161756 0.675428 0.656297 1.142122 0.746255 0.562700 0.984544 0.095848 
0.249454 0.034731 0.251350 -0.109682 0.576356 1.031573 0.717931 0.421203 0.065892 0.131612 
0.554348 0.064635 0.306170 0.353327 -0.055096 0.730696 0.395504 0.393916 0.237095 0.451809 
0.271232 0.156976 -0.061426 0.314965 0.318409 0.456868 0.275906 0.573362 0.268490 0.240019 
0.289055 0.124170 0.095216 0.169798 0.132130 -0.016660 0.117644 -0.206501 0.072966 -0.064994 
0.298546 0.736102 1.265068 1.259540 0.849478 0.277851 -0.126058 0.203992 0.046656 -0.142871 
-0.139308 0.110610 0.643380 0.504014 0.601507 0.266542 0.171449 0.237753 0.463272 0.127278 
-0.032706 -0.169221 -0.254629 -0.265165 0.026360 0.556357 0.300242 0.405315 0.117019 0.122041 
-0.019481 -0.028357 0.214200 0.193793 0.524959 0.495409 0.182119 0.349031 0.509045 0.000999 
-0.105083 0.065772 1.248392 1.196366 0.538860 0.133966 0.760424 0.577198 -0.242926 -0.201980 
0.701725 0.576788 0.925220 0.559985 1.121271 0.744040 0.496477 0.330763 0.200932 0.426941 
0.313332 0.682898 0.765826 1.250783 0.651247 0.135742 0.097464 0.323259 -0.078746 0.334654 
0.155465 -0.092042 0.138145 0.413528 0.183255 -0.100687 0.359102 0.420656 0.161837 -0.215417 
0.302944 -0.060887 0.169107 0.054246 -0.005310 -0.189873 -0.181813 0.123777 0.116877 0.517807 
0.551861 0.799522 0.396555 0.330189 0.485195 0.151629 0.162314 0.195282 0.317015 0.116871 
0.078603 0.118122 -0.428654 -0.152108 -0.102226 0.265089 0.105610 0.399695 0.526535 0.247038 
0.628175 0.331236 0.030755 0.023156 -0.048812 0.016203 0.296450 0.363004 0.785862 0.553361 
0.950771 0.625673 0.867158 0.318322 0.447592 0.077390 0.404450 0.127332 0.479914 0.642997 
1.126266 0.589912 0.438243 0.200248 0.869639 0.494213 0.538775 0.290966 -0.043597 0.328565 
-0.156067 -0.054066 -0.086969 0.391937 0.512756 0.393734 0.502015 0.085069 0.041510 0.459935 
0.124878 -0.137930 -0.249271 0.128486 -0.018419 -0.149542 -0.002005 0.096494 0.576913 -0.023224 
0.575375 0.695988 0.629349 0.105918 -0.042667 -0.128310 -0.262439 -0.081821 0.159811 0.180677 
0.138137 0.224840 0.598971 0.413520 0.309282 0.160929 0.288870 0.123047 0.104723 -0.048405 
-0.138123 -0.094783 0.059629 0.926009 0.495477 0.448402 0.539750 0.720865 0.710165 0.321011 
0.214196 0.263261 0.358379 0.479831 0.568922 0.329621 0.179445 0.446444 0.566961 0.326007 
0.318643 0.234196 0.879064 0.947392 -0.126165 0.147655 -0.229728 -0.010741 0.348774 0.401852 
0.393368 -0.108138 -0.134362 -0.257241 -0.253067 -0.155311 -0.260440 -0.141198 -0.172757 0.907352 
0.641671 0.416838 0.473112 0.248234 0.172718 -0.172158 -0.195498 -0.211002 -0.045056 0.060511 
-0.024918 0.502569 0.195941 -0.118918 -0.121925 -0.132728 -0.081043 -0.035711 -0.157443 -0.136772 
0.942572 0.126264 -0.153984 -0.054330 0.235988 -0.136112 0.825279 -0.276570 0.500551 0.679628 
0.251070 0.029857 0.095701 -0.072915 0.049409 0.085428 -0.083227 -0.111485 0.091535 -0.070771 
-0.401844 0.075601 0.039070 0.894587 0.877106 0.581928 0.885059 0.662143 0.499011 0.418667 
0.490461 0.558224 0.765406 0.505530 0.384418 0.474413 0.512172 0.190481 0.292417 0.260214 
0.205702 0.335461 0.346589 0.369326 0.140821 -0.190897 -0.403349 -0.257705 -0.123025 -0.144997 
0.006718 -0.061709 0.017539 0.077990 -0.010883 -0.143401 0.048690 0.612374 0.293445 0.498724 
0.498740 0.039998 -0.160264 -0.055728 0.231664 -0.046181 -0.062392 0.279210 0.241060 -0.076390 
-0.363814 0.433844 0.249589 0.116791 0.236424 0.110748 -0.002529 0.497295 -0.137390 0.721081 
0.303204 -0.116813 -0.171084 0.083994 -0.155515 0.245575 -0.119795 0.704945 -0.075699 1.041325 
0.474613 0.197783 0.406399 0.346881 0.177112 0.034570 -0.243132 -0.246493 -0.098127 0.273127 
0.107268 0.168816 0.569137 0.177895 0.235943 0.860955 0.866878 0.619763 0.709468 0.403359 
0.571076 0.163551 0.463617 0.697168 0.582749 0.014107 0.767367 0.514690 0.457913 0.478709 
0.656597 0.307178 0.407764 0.400144 0.217924 0.078223 -0.000047 0.108269 0.227777 -0.382360 
0.021848 0.177327 0.120449 -0.015825 0.063177 -0.018407 -0.191218 -0.027250 0.293095 0.262095 
0.343984 -0.003692 0.206492 0.472100 0.381406 0.049360 -0.189207 -0.264290 0.208714 -0.350724 
-0.278668 0.302451 0.383397 0.044704 -0.026415 -0.261003 -0.357402 0.193759 0.060823 -0.085240 
1.241331 0.112373 0.038908 0.539965 0.661767 -0.179678 0.121792 1.304186 0.632037 0.546579 
0.222410 0.057466 0.060766 0.047350 0.146454 0.061196 -0.258995 0.011963 0.296450 0.494939 
0.282710 0.330748 0.246311 0.435272 0.312382 0.261734 0.373872 0.153433 0.163833 0.146278 
0.204713 0.235822 0.018227 0.442022 0.408240 0.319100 0.561173 0.410376 0.483648 0.471345 
0.403134 0.446349 0.177080 0.207083 -0.050429 -0.097523 -0.006722 -0.005806 -0.052915 0.683529 
0.142977 0.039954 0.405970 0.220245 2.084325 0.871402 0.250357 0.578721 0.889474 0.467213 
0.608124 0.191969 0.489925 0.544442 0.831076 0.658098 0.588465 0.223286 0.747084 0.358840 
0.181196 -0.244882 -0.299401 -0.325575 -0.233899 0.358192 -0.335920 0.366405 0.130647 -0.428154 
0.403495 -0.076753 0.889832 1.530971 1.417614 0.580046 0.258235 0.317183 0.233265 -0.199619 
-0.082210 -0.040394 -0.167353 -0.196918 0.013001 -0.056700 -0.404449 -0.232987 0.588824 0.650303 
0.544811 0.372868 0.134583 0.361158 0.495351 0.262445 0.267318 0.127452 -0.022543 -0.041095 
0.248612 0.175252 0.351410 0.470525 0.487024 0.464872 0.699706 0.589806 0.673457 0.562186 
0.449776 0.175604 0.144876 -0.043962 -0.114624 0.028852 0.293768 0.339223 0.308075 0.596512 
0.093228 -0.032121 1.336237 0.562021 1.179055 1.152179 0.596569 -0.133642 0.568032 -0.032321 
-0.359466 -0.266017 -0.274080 -0.286326 0.726985 0.895618 0.918614 0.811796 0.721721 0.744107 
0.277452 0.037712 0.105979 0.508042 1.149311 1.578422 0.425852 0.855591 0.719680 -0.014108 
0.484285 0.512769 0.957139 1.061973 0.823583 0.430333 0.333048 0.242479 0.167479 -0.252275 
0.028305 -0.012096 -0.037429 -0.116802 0.103000 0.004916 -0.145773 -0.136681 0.538692 0.795843 
0.173236 -0.110356 -0.175841 -0.084983 0.251344 0.083906 -0.295973 -0.029128 0.071324 -0.081987 
0.141320 0.133365 0.174740 0.053456 0.337589 0.233187 0.262493 0.127413 0.122339 0.277130 
0.227861 0.147442 0.311363 0.518085 0.405321 0.415424 0.633040 0.516333 0.738723 0.308374 
0.589856 0.834940 0.665646 -0.178287 -0.260290 0.323254 0.990299 0.269000 0.054681 -0.464579 
-0.432835 -0.404503 1.580604 0.574020 0.044951 -0.408018 -0.018278 1.072321 0.740638 0.560385 
0.633593 0.608999 0.630316 0.837192 0.763525 0.624656 0.464956 0.335259 -0.011843 0.038963 
0.166473 0.277089 0.562099 0.147668 0.135631 -0.084381 -0.156777 -0.364204 -0.440037 -0.180166 
-0.047203 0.173967 -0.066764 -0.086431 0.175261 -0.001998 0.250930 -0.169003 0.713367 0.587059 
0.326743 0.050868 0.101855 0.019771 0.133851 0.068713 -0.131661 0.433700 0.151034 -0.132891 
-0.061312 -0.047792 -0.149979 -0.077573 0.318787 0.210436 0.346482 0.473054 0.281331 -0.141983 
-0.171827 -0.138192 -0.112969 0.121034 0.037257 -0.047017 -0.488230 -0.133634 0.137213 0.182350 
-0.099682 -0.190819 0.938828 1.347157 0.278712 1.247003 2.387916 1.153045 0.363469 0.243374 
2.184700 1.006026 0.384015 0.785571 0.472341 -0.208468 0.570684 0.548308 1.369038 1.419829 
0.810662 0.751308 0.646872 0.508050 0.488506 0.359261 0.402502 0.497522 0.656372 0.307253 
0.685488 0.178448 0.452956 -0.039036 0.293637 -0.065737 0.137010 -0.409524 -0.424555 -0.170839 
0.437562 0.522612 0.054834 0.057411 0.413592 0.047533 1.753639 0.734283 0.400786 0.187857 
-0.002444 0.023655 0.088331 -0.196521 -0.099555 -0.031687 0.048495 0.217176 0.579026 0.571760 
0.480360 0.252988 0.108566 -0.305327 -0.136697 0.170910 -0.122310 -0.177437 -0.034192 -0.034195 
0.275494 0.244667 0.138657 -0.180530 0.077197 0.392336 0.441945 1.625066 0.643712 0.687050 
0.600684 0.259592 0.052964 -0.009681 -0.167821 -0.003599 0.184638 0.223053 0.191037 0.348602 
0.677704 0.603727 0.628660 0.478371 0.309418 0.304044 0.248439 0.141418 0.096120 0.189424 
0.237772 0.210054 0.156848 0.090491 0.058284 0.084670 -0.034608 -0.007829 0.178564 -0.168685 
1.156035 0.475148 0.338313 0.087417 0.330676 0.392885 0.397433 0.473062 0.616733 0.777232 
0.806626 0.670084 0.462158 0.409408 1.100619 0.199974 0.365556 0.337125 0.698123 0.382773 
0.298500 0.337826 0.422769 0.287897 0.282921 0.087663 0.159178 0.049353 0.435075 0.148491 
0.208795 0.775814 0.429024 0.357778 0.204460 0.202282 0.182469 -0.114007 0.104149 0.089688 
0.201886 0.385754 0.491747 0.399685 0.278960 0.437928 0.387523 0.232912 0.314338 0.283405 
0.193284 0.261149 0.372357 0.384349 0.775113 0.355244 0.225901 0.434923 0.294129 0.360049 
0.407773 0.402565 0.266530 0.245136 0.307787 0.360991 0.369365 0.389897 0.093347 0.235690 
0.214859 0.107121 0.158679 0.167531 0.165418 0.128376 0.219521 0.240203 0.214968 0.502914 
0.075661 0.204800 0.722824 0.985870 1.199639 1.230369 0.999330 0.902191 0.777842 0.883070 
1.047024 1.146680 0.898791 0.986773 1.092839 0.925703 0.863730 0.944502 0.912419 0.866471 
0.868340 0.897880 0.964809 0.877549 1.083018 1.074974 1.048729 1.584888 1.210075 0.893077 
0.803844 1.014668 1.256434 0.919222 0.966613 0.898929 0.863547 1.035259 0.976598 0.875117 
0.828817 0.879031 1.133781 1.094513 0.962621 0.956839 0.944530 0.970581 1.043816 1.055121 
1.059569 0.971723 1.207464 1.037851 0.896733 0.951166 0.959648 1.016140 1.111865 1.535276 
1.280674 0.944458 0.708973 1.176605 1.232819 0.962819 0.782514 0.906401 0.964999 0.948073 
0.991759 0.987711 0.912950 0.936423 0.997467 0.941414 1.260505 1.209604 0.904455 0.670573 
-0.323727 -0.141388 0.166222 0.364379 0.514302 0.503654 0.238379 0.208840 0.161471 0.267995 
0.270956 0.257468 0.302031 0.443098 0.381226 0.132737 0.146907 0.234054 0.222633 0.167681 
0.229558 0.169716 0.286329 0.234962 0.550876 0.426072 0.295405 0.617089 0.244372 0.283463 
0.343431 0.207383 0.500112 0.330323 0.431625 0.263625 0.212011 0.237546 0.291578 0.222143 
0.196042 0.235632 0.213103 0.119559 0.186644 0.175934 0.189866 0.347461 0.340655 0.232851 
0.288062 0.252424 0.324528 0.245202 0.169401 0.203512 0.233865 0.250505 0.415476 0.773537 
0.646468 0.160848 0.346826 0.348802 0.215576 0.379718 0.260780 0.161053 0.126869 0.186482 
0.209354 0.196021 0.198365 0.308480 0.302559 0.295076 0.515301 0.456261 0.510915 0.505699 
-0.246970 -0.093654 0.321617 0.762311 0.535468 0.527744 0.491770 0.447755 0.462531 0.503217 
0.554558 0.658097 0.696926 0.754950 0.578476 0.377809 0.437987 0.633823 0.630779 0.890510 
0.954008 0.901517 1.005165 0.924981 1.009085 0.772804 0.717180 0.763409 0.623802 0.972049 
1.138660 0.884033 0.929749 1.020692 1.327545 1.038723 0.994440 0.744998 0.764708 0.990900 
0.926809 0.984805 0.906855 0.947130 0.873082 0.848688 0.939916 1.128109 0.975995 0.870458 
0.942950 0.915157 0.844444 0.746910 0.786933 0.878360 0.794354 0.770203 0.720744 0.621258 
0.653694 0.826318 1.084183 0.864376 0.897268 1.351835 1.057277 0.555743 0.586933 0.635641 
0.677934 0.612572 0.641936 0.794974 0.861413 0.835665 0.848046 0.684817 0.727802 0.294563 
-0.234978 -0.053466 0.364688 0.714815 0.441683 0.431431 0.564796 0.620736 0.545747 0.579556 
0.605073 0.903104 0.914301 0.923397 0.688190 0.474475 0.474773 0.592731 0.738745 1.149022 
1.187408 1.181909 1.200097 1.124437 0.964978 0.900248 0.896830 0.917546 0.830073 1.220462 
1.157205 1.118020 1.289941 1.622022 1.290919 0.752241 0.879233 0.886897 0.785401 0.937068 
0.877137 0.983511 0.877140 0.980298 1.203132 1.262386 1.446238 1.848605 1.595683 1.557796 
1.277667 0.684764 0.770847 0.924728 1.085928 1.600439 1.302211 1.004150 0.810504 0.657361 
0.911247 1.192858 1.220787 1.265735 1.608170 1.661488 1.384322 0.378628 0.577507 0.831644 
1.002275 0.639168 0.714710 0.876961 0.945050 0.885197 0.953227 0.618619 0.789450 0.372558 
-0.270793 -0.082699 0.322831 0.569603 0.488690 0.619424 0.718862 0.771215 0.806128 0.782896 
0.743436 1.123694 0.967303 0.907085 0.723604 0.694608 0.652840 0.685294 0.938922 1.408179 
1.532118 1.788309 1.709581 1.563903 1.270958 1.324528 1.204760 1.251437 1.342504 1.790753 
1.726290 1.967164 2.228985 2.617770 1.999301 1.024115 0.920388 1.385570 1.358340 1.334964 
1.405537 1.355167 1.337794 1.657169 2.049148 2.168567 2.531146 3.007277 2.843850 2.936885 
2.168252 1.178412 0.923385 1.134008 1.694729 2.544104 2.466035 1.936138 1.398377 1.186688 
1.439546 1.707957 2.054686 2.520273 2.875159 2.624158 2.240268 0.675381 0.609758 1.195492 
1.678917 0.892485 0.723973 0.808524 0.880548 0.800934 1.093241 0.700307 0.741261 0.359427 
-0.255563 -0.089708 0.251956 0.449381 0.502659 0.589673 0.681401 0.787813 0.865908 0.829783 
0.719549 1.008125 0.951942 0.838595 0.732721 0.784187 0.700663 0.754847 0.978056 1.242409 
1.444851 1.906852 1.650746 1.290534 1.078923 1.060761 0.980331 1.108385 1.333592 1.650318 
1.628505 2.008065 2.244213 2.184498 1.380693 0.869345 0.903789 1.291096 1.274740 0.863444 
0.782904 0.953355 1.340866 1.614984 1.708114 1.867849 2.192586 2.652379 2.519860 2.350367 
1.620872 0.980812 0.778267 0.997182 1.537470 1.997213 1.917287 1.508916 1.096679 0.917165 
1.243182 1.453673 1.993328 2.504471 2.514398 2.192141 1.537079 0.546827 0.498588 1.074082 
1.392799 0.843544 0.615989 0.737329 0.839346 0.721547 0.934914 0.733045 0.749703 0.341273 
-0.269125 -0.057923 0.291552 0.484483 0.504731 0.696427 0.580646 0.730924 0.764310 0.954791 
0.562766 0.532777 0.559116 0.515981 0.445467 0.684867 0.763922 0.739814 0.883019 1.006535 
1.286497 1.598453 1.278793 0.835286 0.754708 0.793617 0.717414 0.905530 1.140434 1.389006 
1.439743 1.754907 1.998589 1.429601 0.949169 0.819152 0.784148 0.770518 0.757398 0.512104 
0.585381 0.775933 1.187028 1.586803 1.569334 1.465379 1.577024 1.782265 1.701261 1.441281 
0.817825 0.506213 0.341713 0.562274 0.883192 0.983204 1.027074 0.999697 0.685609 0.618320 
0.771955 0.854563 1.325187 2.132110 2.075090 1.356220 0.652243 0.361862 0.307451 0.685843 
0.588063 0.423471 0.537625 0.597521 0.648709 0.566812 0.774765 0.707788 0.768467 0.359871 
-0.270492 -0.076772 0.316873 0.579575 0.719002 1.287098 1.134207 1.724369 0.887986 0.941542 
0.520680 0.666770 1.042879 0.968889 0.601839 0.745577 0.898442 0.835575 1.119668 1.333321 
1.600573 1.466943 1.335879 1.122450 1.246447 1.210526 1.071684 1.277254 1.405869 1.613312 
1.788108 2.375179 2.259170 1.703674 1.251679 0.940548 0.902288 0.562656 0.576919 0.940307 
0.980015 1.297995 1.555374 1.792885 1.796291 1.886390 1.835893 1.613840 1.420155 1.020994 
0.680741 0.508411 0.464592 0.725250 0.895959 0.944788 0.942444 0.779389 0.736633 0.692061 
0.757576 0.866591 1.450701 2.070428 1.812249 1.077586 0.577372 0.388987 0.389295 0.637437 
0.534464 0.454725 0.549078 0.599280 0.693041 0.507668 0.776773 0.668610 0.733150 0.334439 
-0.271536 -0.065999 0.293824 0.605028 0.939720 1.594747 1.764062 2.565023 1.734731 1.100273 
0.981363 0.938896 1.071383 1.043013 0.983758 1.167717 1.072541 0.844933 1.043573 1.125408 
1.164300 0.785695 0.828360 1.081183 1.345393 1.224940 0.923940 1.151321 1.399197 1.574208 
1.871381 2.498006 2.199464 1.632843 1.157078 0.752801 0.547930 0.428137 0.633893 1.138956 
1.178974 1.209283 1.450034 1.514982 1.940875 2.045955 1.746551 1.296404 0.463589 0.335876 
0.117422 0.160767 0.300119 0.452410 0.716101 0.752009 0.515708 0.441026 0.507591 0.651178 
0.783156 0.569479 1.122179 1.416160 1.242451 0.760800 0.393739 0.232916 0.401208 0.507272 
0.465401 0.426063 0.680563 0.780169 0.767356 0.560126 0.762309 0.637117 0.677411 0.301837 
-0.237241 -0.056597 0.267769 0.582063 0.757376 0.844564 0.773069 0.858688 0.887000 1.317593 
0.952113 1.245549 1.169657 1.197059 1.360572 1.701722 1.577102 1.337229 1.335765 1.113683 
1.072638 1.116025 0.979807 1.299458 1.379575 1.284396 1.324092 1.527876 1.618497 1.769587 
1.801313 1.975558 1.994746 1.972586 1.233620 0.517017 0.388578 0.647078 0.926833 1.388542 
1.165827 1.108908 1.381511 1.246873 1.331672 1.396127 1.147724 0.778114 0.625243 0.701638 
0.463160 0.479216 0.414599 0.663167 0.841896 1.104346 0.761621 0.550533 0.563536 0.733457 
1.085586 0.824291 1.269600 1.375329 1.270880 0.882131 0.654699 0.272677 0.285753 0.383466 
0.474932 0.458597 0.554342 0.641729 0.820830 0.629241 0.783102 0.612238 0.727860 0.379015 
-0.243127 0.014120 0.244604 0.524988 0.542823 0.490276 0.462542 0.775914 0.691728 0.622451 
0.798953 1.095934 1.109747 1.125319 1.098903 1.216503 1.204718 1.522208 1.142335 1.112596 
0.906684 0.932408 0.986119 1.516892 1.836240 1.449923 1.392480 1.322217 1.280322 1.028162 
1.178836 1.430061 1.640876 1.451800 0.741292 0.405518 0.211949 0.606373 1.194576 1.346026 
1.006819 0.932967 0.844724 0.868096 0.840781 0.998849 0.996986 0.945788 0.896688 1.173541 
0.952803 0.747905 0.544178 0.750808 0.860896 1.141165 1.104289 0.873329 0.812340 0.630904 
0.742604 0.806408 1.255283 1.443406 1.575456 1.276100 0.845945 0.259235 0.244561 0.379130 
0.448188 0.444796 0.491030 0.645670 0.864700 0.708296 0.900360 0.631313 0.637588 0.329439 
-0.240001 -0.063727 0.283957 0.463787 0.485380 0.540236 0.509211 0.939149 0.890986 1.028289 
1.178485 1.312772 1.269665 0.989839 0.723305 0.800412 0.957478 1.116200 0.655132 0.908823 
0.973559 0.981121 1.174610 1.569236 1.682775 0.939004 1.162053 1.150171 0.826288 0.670550 
0.804021 1.005972 1.049590 0.812623 0.601131 0.381079 0.209840 0.657813 1.259629 1.166565 
0.967662 0.852620 0.658152 0.582521 0.678846 0.671716 0.718444 0.770662 0.989128 1.541337 
1.260914 1.037710 0.878420 0.922412 0.902782 0.750661 1.034833 1.163939 1.073605 0.666474 
0.688005 0.984206 1.424345 1.352959 1.499331 1.310195 0.859973 0.232865 0.184075 0.385486 
0.481741 0.389029 0.415253 0.440768 0.609297 0.733342 1.058130 0.671200 0.633553 0.329914 
-0.269794 -0.095465 0.236139 0.429462 0.388149 0.463374 0.472453 1.023514 1.360274 1.542890 
1.662246 1.439996 0.947281 0.632107 0.422584 0.426124 0.499835 0.749145 0.695759 1.038913 
1.159756 1.093804 1.227643 1.809068 1.203168 0.631175 0.395904 0.408342 0.291846 0.238876 
0.313612 0.446484 0.340950 0.274908 0.149508 0.194144 0.487284 0.511797 0.844972 0.970845 
0.856747 0.722260 0.510972 0.472175 0.503333 0.451741 0.499144 0.649758 1.039495 1.316965 
1.202505 1.406630 1.543714 1.345217 1.138841 0.791103 0.828131 1.128351 1.387416 0.946311 
0.978194 1.265640 1.552186 1.592681 1.721450 1.585749 0.933999 0.287025 0.097901 0.428470 
0.593912 0.482661 0.294368 0.388218 0.612346 0.627070 0.936229 0.705739 0.655496 0.378217 
-0.274855 -0.050815 0.245496 0.446649 0.420590 0.442637 0.624307 1.186016 1.363041 1.247038 
1.053635 0.766797 0.646343 0.506993 0.470942 0.449094 0.409385 0.630010 0.844784 1.204087 
1.170754 1.252486 1.421591 1.648693 0.771495 0.479476 0.405805 0.565489 0.588350 0.323132 
0.524385 0.656375 0.739492 0.892126 0.639307 0.360317 0.530978 0.471457 0.878378 1.196656 
0.941923 0.697407 0.427575 0.443204 0.558946 0.645663 0.722780 0.892769 1.032148 0.731758 
0.866757 1.441344 1.359398 1.312752 1.036636 0.629936 0.636323 0.881225 1.035720 0.843978 
1.038862 1.115892 1.491374 1.657754 1.703752 1.550984 0.919851 0.290377 0.022043 0.361504 
0.506396 0.560274 0.389211 0.557757 0.697283 0.516942 0.836198 0.749314 0.668423 0.280995 
-0.285517 -0.077487 0.304432 0.569897 0.716670 0.717105 1.067598 1.617704 1.693659 0.963964 
0.421122 0.345051 0.303104 0.510767 0.502278 0.448826 0.484286 0.654914 0.866211 1.275348 
1.524347 1.455320 1.654603 1.469788 0.918844 0.521975 0.365107 0.460416 0.458768 0.586282 
0.786879 1.051431 1.235317 1.631228 1.451655 0.745376 0.591035 0.419271 0.625418 1.169221 
1.265793 0.725980 0.502145 0.643265 0.545428 0.678544 0.905365 1.273615 1.289151 0.887768 
0.754191 0.968513 1.222009 1.247535 0.896476 0.503725 0.526387 0.635525 0.730723 0.758117 
0.970569 0.787658 1.227382 1.756662 1.941170 2.156399 1.388354 0.344623 0.045672 0.386236 
0.294576 0.388274 0.546623 0.804174 0.974533 0.505101 0.836025 0.813273 0.827944 0.332270 
-0.268971 -0.110448 0.523154 0.907301 1.004966 0.924553 0.954294 1.016384 1.144840 0.605553 
0.372551 0.343737 0.421289 0.510326 0.490806 0.486263 0.592274 0.629656 0.861575 0.923162 
1.167037 0.887974 1.286061 0.654580 0.490698 0.416268 0.346011 0.550784 0.537239 0.667114 
0.938858 1.010129 1.039310 0.911705 0.915616 0.606391 0.597088 0.441255 0.531982 0.653926 
0.874976 0.705039 0.690055 1.289159 0.891243 0.728773 0.994713 1.830141 1.819102 1.551169 
1.470880 1.595530 1.636507 1.463152 1.160957 0.535503 0.385691 0.375677 0.688097 0.844894 
0.989998 0.810559 1.123894 1.945626 2.298036 2.502563 1.385108 0.296502 0.059663 0.418864 
0.438452 0.455702 0.503070 0.797340 1.068686 0.750491 0.976128 0.863067 0.699767 0.336759 
-0.273267 -0.105266 0.835833 1.340645 1.390519 1.359952 0.840206 0.223606 0.025578 0.215662 
0.313006 0.344208 0.353739 0.416908 0.726849 0.562505 0.526478 0.569787 0.692987 0.395825 
0.476811 0.475488 0.410038 0.106841 0.070405 0.172604 0.380470 0.447279 0.514306 0.593707 
0.804908 0.815474 0.777119 0.497114 0.523743 0.363795 0.483362 0.371702 0.326049 0.356985 
0.455956 0.449520 0.822735 1.754049 1.456596 1.273815 1.647919 2.892230 3.062830 2.721469 
2.669834 2.547704 2.166594 1.870189 1.392527 0.733571 0.454810 0.336209 0.698798 0.924703 
1.091049 0.917750 1.424298 2.500791 3.031504 2.684421 1.542562 0.583542 0.056357 0.355780 
0.456441 0.547470 0.513346 0.619374 0.762135 0.692337 0.852923 0.777629 0.676271 0.328051 
-0.284058 -0.117069 0.633962 0.941533 0.657319 1.003210 0.890904 0.230084 0.170956 0.418036 
0.528826 0.483001 0.359480 0.386699 0.645580 0.548284 0.664485 0.648419 0.589130 0.485109 
0.714544 0.519608 0.445544 0.429096 0.289085 0.380929 0.587309 0.510489 0.497678 0.537725 
0.706281 0.722620 0.753953 0.610892 0.668532 0.370009 0.442482 0.439126 0.405355 0.451326 
0.549224 0.518160 0.961557 1.555147 1.436257 1.546061 2.053403 2.905178 2.747398 2.334699 
2.116963 1.837835 1.612144 1.847292 1.299852 0.522788 0.338027 0.368813 0.744825 0.870818 
0.977276 0.883385 1.603997 2.451662 2.760579 2.398355 1.286539 0.565518 0.001667 0.375398 
0.500224 0.702328 0.773077 0.685619 0.785514 0.511982 0.724994 0.656536 0.729740 0.323456 
-0.278562 -0.114666 0.275989 0.405318 0.315587 0.468057 0.249420 0.465948 0.490310 0.671119 
0.729710 0.633460 0.504781 0.429440 0.437059 0.645131 0.955694 0.878962 0.659734 0.783701 
0.786840 0.624225 0.582187 0.863463 0.682993 0.537458 0.454046 0.462232 0.354189 0.562838 
0.528312 0.447504 0.453638 0.482692 0.373903 0.379074 0.308696 0.381622 0.415793 0.291341 
0.422434 0.469414 0.898996 1.030386 1.342699 1.906417 1.882049 1.964159 1.402324 1.217149 
0.963342 0.764363 0.682375 1.317941 1.058190 0.313030 0.043837 0.329929 0.590940 0.695682 
0.889115 0.796250 1.514034 2.021118 2.372298 2.064748 0.807352 0.434671 -0.068036 0.278703 
0.480757 0.526561 0.562457 0.530381 0.646918 0.691365 0.754573 0.648125 0.670209 0.287713 
-0.253153 -0.137689 0.242492 0.344968 0.249373 0.468406 0.290082 0.824399 0.935464 1.113459 
0.788255 0.255865 0.444384 0.565353 0.474009 0.618003 0.843068 0.906817 0.879654 1.157777 
0.622301 0.576468 0.295711 0.520877 0.778757 0.423115 0.413441 0.389921 0.329756 0.427077 
0.408785 0.506449 0.540571 0.566289 0.604910 0.497384 0.463210 0.504474 0.331738 0.278060 
0.432102 0.526912 0.750767 0.952722 1.297106 1.628153 1.413719 1.184643 0.895347 0.720750 
0.582555 0.500035 0.504706 0.783511 0.521899 0.344859 0.143978 0.398693 0.501958 0.617635 
0.800980 0.724037 1.409515 1.925182 2.206172 2.028916 0.857462 0.454672 -0.066993 0.230950 
0.385076 0.344238 0.396317 0.424743 0.535986 0.609634 0.884866 0.703494 0.726673 0.242190 
-0.234619 -0.138266 0.244294 0.451061 0.198914 0.419344 0.477058 1.250420 1.720788 1.841164 
1.094574 0.282744 0.220350 0.492017 0.721685 0.627523 0.800886 0.932902 1.148326 0.911218 
0.469818 0.261806 0.250656 0.388705 0.569352 0.354340 0.386322 0.345789 0.301056 0.222243 
0.267368 0.275950 0.216500 0.386532 0.755199 0.511769 0.802514 0.375280 0.157111 0.187967 
0.184273 0.292433 0.434059 0.763904 0.725838 0.588129 0.503865 0.368225 0.206050 0.074197 
0.025379 0.013297 0.057151 0.096962 0.007579 0.061018 0.353817 0.495012 0.582072 0.633404 
0.737675 0.585148 1.174706 1.573282 1.702466 1.447463 0.728150 0.393145 -0.127258 0.172097 
0.268838 0.266018 0.305864 0.439727 0.514759 0.620531 0.871128 0.692377 0.605481 0.294011 
-0.246769 -0.103898 0.255412 0.375718 0.269439 0.437783 0.616366 1.267060 1.653029 1.760661 
0.911020 0.208334 0.268745 0.618934 0.898160 0.560298 0.824334 0.987542 1.118836 0.647206 
0.381123 0.241672 0.300578 0.319504 0.377356 0.423381 0.285609 0.340158 0.257533 0.224129 
0.281034 0.180952 0.201879 0.184510 0.627145 0.680266 1.219291 0.532469 0.222804 0.202384 
0.077707 0.247049 0.363043 0.899278 0.852301 0.719736 0.600000 0.538287 0.436783 0.327628 
0.308162 0.374039 0.455766 0.471145 0.290803 0.290763 0.424277 0.448206 0.627012 0.710102 
0.873051 0.620473 1.266089 1.576014 1.806065 1.735783 0.888169 0.358248 -0.109283 0.206219 
0.261366 0.255222 0.294124 0.380057 0.614285 0.772780 0.929488 0.647167 0.679475 0.427891 
-0.302536 -0.136418 0.350905 0.474222 0.370905 0.470984 0.577489 1.243654 1.435022 1.611520 
0.761023 0.188214 0.312481 0.641983 0.927800 0.428548 0.682952 0.854489 0.755640 0.424612 
0.212832 0.322361 0.316442 0.253429 0.305268 0.424643 0.225052 0.380687 0.272603 0.267768 
0.150196 0.167183 0.260205 0.075710 0.297933 0.340306 0.957076 0.509847 0.223899 0.305500 
0.130510 0.213749 0.384181 0.898882 0.859540 0.606225 0.539148 0.658955 0.615246 0.691658 
0.687255 0.809146 0.842719 0.776764 0.727473 0.666746 0.504667 0.467724 0.660928 0.797045 
0.977349 0.684035 1.335895 1.439419 1.548747 1.287485 0.540541 0.288504 -0.091832 0.267121 
0.311698 0.319139 0.276033 0.381213 0.556066 0.765122 0.907689 0.717665 0.757583 0.308427 
-0.281991 -0.084843 0.247562 0.614063 0.351738 0.513949 0.730367 1.742538 2.013781 2.325755 
1.356812 0.476070 0.463272 0.786038 1.172790 0.503034 0.648272 0.874297 0.781659 0.431924 
0.309945 0.343702 0.378682 0.306412 0.313306 0.396827 0.303368 0.535215 0.482295 0.493684 
0.418871 0.448331 0.205992 0.189196 0.174240 0.213708 0.653624 0.268616 0.172666 0.390340 
0.284561 0.217147 0.331870 0.599109 0.621062 0.425475 0.461027 0.624702 0.659135 0.673316 
0.780206 1.282344 1.130623 1.263033 1.357021 1.161685 0.831647 0.725996 0.876930 1.176373 
1.297395 0.768676 1.231675 1.212854 1.271019 0.789949 0.403793 0.306334 0.103833 0.353413 
0.387180 0.456895 0.340905 0.400718 0.545968 0.835293 0.986936 0.749547 0.718034 0.239406 
-0.267527 -0.040368 0.241124 0.690682 0.352837 0.609661 0.921194 1.988626 2.309380 2.290078 
1.282442 0.639355 0.672912 0.980836 1.197993 0.794914 0.628868 0.824660 0.986865 0.543761 
0.434433 0.337144 0.289209 0.255024 0.327463 0.348487 0.474785 0.550567 0.803933 0.245750 
0.413096 0.394583 0.356127 0.382904 0.120357 0.129800 0.026563 -0.039976 0.189423 0.271290 
0.419834 0.368807 0.268766 0.287458 0.293257 0.332716 0.564991 0.745904 0.940067 0.634507 
0.804732 1.365075 1.431832 1.825345 1.279426 0.962234 1.157082 1.074910 1.074354 1.429363 
1.565725 1.087333 1.026120 0.795238 0.432637 0.287817 0.122918 0.190249 0.380382 0.421782 
0.443232 0.431331 0.363040 0.477183 0.613790 0.816460 1.059131 0.844128 0.735350 0.274506 
-0.248696 -0.151743 0.225832 0.538734 0.446645 0.781143 0.990176 1.694141 2.181779 1.915604 
0.880507 0.500572 0.472398 0.774176 0.894269 0.832038 0.651450 0.687952 0.759778 0.578166 
0.516815 0.361221 0.330271 0.264023 0.455584 0.465883 0.496615 0.628830 0.971253 0.601800 
0.266351 0.815278 0.529983 0.403385 0.213453 0.151338 -0.018476 0.100428 0.259645 0.353148 
0.238728 0.292407 0.220324 0.336916 0.230599 0.412485 0.560802 0.646571 1.188855 1.182903 
0.794436 1.177452 1.179047 1.510760 1.080665 0.680127 0.765363 0.796474 0.984059 1.389795 
1.292691 1.060526 0.989578 0.878225 0.683896 0.446136 0.305966 0.272972 0.478377 0.459580 
0.444482 0.338819 0.309118 0.447961 0.663323 0.654386 1.078793 0.780734 0.800341 0.299166 
-0.254095 -0.011783 0.127213 0.460130 0.529451 0.742091 0.850498 1.479108 1.598767 1.285774 
0.579061 0.500047 0.330905 0.652391 0.716868 0.477625 0.516571 0.706662 0.547493 0.501247 
0.421721 0.347355 0.320977 0.309910 0.440130 0.539204 0.477658 0.605417 1.176113 0.439669 
0.802964 3.109853 1.278094 0.308334 0.077697 0.142469 0.000535 0.154126 0.225279 0.275578 
0.244730 0.325658 0.279919 0.478552 0.450493 0.497600 0.556081 0.650578 0.681638 0.884561 
1.085240 1.240581 1.370914 1.586578 0.908488 0.351948 0.354596 0.559969 0.880563 1.057140 
1.035160 1.125100 1.062739 1.277922 1.104251 0.722223 0.500151 0.293140 0.389366 0.398275 
0.327228 0.266168 0.352571 0.428220 0.625346 0.634833 0.971585 0.492861 0.750366 0.342988 
-0.215473 0.007974 0.134046 0.467736 0.543025 0.552810 0.801348 1.517318 1.458987 1.223531 
0.676385 0.388077 0.305196 0.537476 0.602217 0.316897 0.485566 0.684101 0.735997 0.547605 
0.472718 0.246154 0.336983 0.377490 0.426049 0.424255 0.483073 0.529414 0.584879 0.358569 
1.008142 3.135661 0.531799 0.195099 0.093345 0.057753 0.089439 0.126175 0.175549 0.256686 
0.302272 0.437179 0.263873 0.304867 0.342076 0.465583 0.700666 1.043346 0.891342 1.044279 
1.215187 1.359888 1.246600 1.096453 0.680650 0.265689 0.387812 0.562656 0.734277 0.744155 
0.882823 1.202052 1.213048 1.658481 1.431728 1.035033 0.667436 0.279516 0.207837 0.303294 
0.190888 0.274961 0.318637 0.376657 0.606490 0.668262 1.056883 0.479863 0.738642 0.345310 
-0.146046 -0.060487 0.339126 0.489139 0.554144 0.559264 0.922331 1.603399 1.604528 1.454904 
0.742952 0.480917 0.452714 0.538376 0.568042 0.218458 0.457135 0.561272 0.614650 0.501653 
0.465819 0.237904 0.373583 0.379077 0.312143 0.260764 0.358038 0.581772 1.087411 0.485579 
0.901227 0.381855 0.141842 0.285855 -0.097143 0.011904 0.094475 0.085266 0.201287 0.229731 
0.438005 0.566474 0.422191 0.357444 0.339436 0.513221 0.998954 1.661202 1.699057 1.848850 
1.701926 1.704927 1.155829 0.894242 0.643115 0.457908 0.558374 0.642496 0.762736 0.825317 
0.931614 0.910502 1.180712 1.951334 2.075333 1.578376 1.031000 0.461550 0.114753 0.271626 
0.136917 0.254598 0.312067 0.364901 0.634174 0.688050 1.152544 0.602143 0.844945 0.395744 
-0.197167 -0.109148 0.436131 0.470900 0.494375 0.521925 0.753631 1.290511 1.356964 1.256577 
0.719025 0.485444 0.554706 0.859360 0.726456 0.391401 0.497709 0.500781 0.603161 0.324266 
0.369769 0.348431 0.431223 0.376799 0.260409 0.284507 0.295111 0.381827 0.391944 0.223339 
1.030445 1.135906 0.259072 -0.054729 -0.087260 0.071229 0.113683 0.133124 0.278328 0.261828 
0.508696 0.510702 0.245527 0.387275 0.399649 0.527360 0.698157 1.370720 1.557018 1.716116 
1.248630 1.181050 0.909202 0.684593 0.622400 0.666948 0.585983 0.557392 0.763310 0.801458 
0.939488 0.811226 1.254416 1.635225 1.735055 1.429751 0.930027 0.378511 0.146829 0.214111 
0.228866 0.212240 0.286526 0.387022 0.697910 0.786270 1.303151 0.674788 0.778514 0.324258 
-0.255600 -0.113348 0.403614 0.633387 0.608585 0.602585 0.907440 1.558466 1.557076 1.365911 
0.769554 0.464817 0.235606 0.279144 0.630517 0.807290 0.884622 0.748816 0.657161 0.270080 
0.259211 0.374198 0.559048 0.357408 0.235734 0.268501 0.095919 0.034732 0.020934 0.174392 
0.387218 -0.215721 -0.226890 0.069363 0.017745 0.085372 0.196287 0.175484 0.282126 0.294091 
0.438108 0.432206 0.336714 0.332277 0.467724 0.594335 0.676269 1.101229 1.045374 1.076071 
1.049591 0.814471 0.502501 0.568791 0.536911 0.664225 0.764293 0.583323 0.790795 0.755782 
0.835600 0.889703 1.365973 1.975078 1.872107 1.759447 1.028958 0.380945 0.077363 0.279652 
0.352102 0.221578 0.254021 0.420984 0.820881 0.815705 1.389776 0.732865 0.844692 0.371142 
-0.292185 -0.109643 0.319409 0.592188 0.661963 0.695238 1.019970 1.488976 1.401562 1.268430 
0.910832 1.036368 0.940392 0.785970 0.985758 1.209850 1.274507 1.301732 1.088040 0.119483 
0.030501 0.292574 0.552945 0.286459 0.279598 0.253439 0.091669 0.107074 0.101754 0.110779 
-0.045539 0.063146 0.110273 0.180027 0.075570 0.216496 0.323137 0.318165 0.274095 0.205481 
0.233567 0.249266 0.299142 0.465237 0.461237 0.463588 0.700447 0.984169 0.929033 0.762787 
0.783375 0.690524 0.629723 0.738876 0.729152 0.698368 0.780244 0.774784 0.782715 0.711033 
0.929638 1.076928 1.553931 2.035866 1.952774 2.296619 1.628723 0.304201 0.062930 0.381268 
0.461290 0.240761 0.267646 0.466878 0.762207 0.595549 1.107883 0.754382 0.779844 0.350272 
-0.228452 -0.112602 0.264637 0.585915 0.585075 0.681729 0.841794 1.304001 1.151384 1.289140 
1.150728 1.613693 1.932415 1.673818 1.677378 1.942553 1.996243 2.098238 1.569263 0.373152 
-0.115086 0.359935 0.368357 0.311105 0.409481 0.310399 0.242003 0.306117 0.006860 0.174950 
-0.040219 0.078498 0.085750 0.160610 0.162549 0.364607 0.432924 0.458114 0.347943 0.353112 
0.146374 0.246234 0.317508 0.662792 0.550159 0.471017 0.698672 1.075798 0.863148 0.493763 
0.354133 0.583949 0.846888 0.678459 0.623033 0.731237 0.897586 0.755862 0.688208 0.696732 
1.134030 1.342831 2.023661 2.436614 2.583035 2.286810 1.203605 0.569682 0.247567 0.423528 
0.603305 0.324952 0.332303 0.596025 0.684858 0.594921 0.796300 0.487867 0.607527 0.282224 
-0.207453 -0.128486 0.242821 0.574979 0.645744 0.597800 0.971055 1.489868 1.081306 0.962951 
0.815001 1.419631 1.665822 1.689136 1.944949 1.946411 1.966397 1.816853 1.268138 0.347621 
-0.035989 0.112694 0.224847 0.324710 0.431415 0.485192 0.378488 0.356817 0.170337 0.175591 
0.135480 0.166358 0.157218 0.144833 0.331272 0.678835 0.876728 0.209684 0.254281 0.398448 
0.259886 0.225747 0.364406 0.504874 0.649983 0.568410 0.687770 0.905568 0.834564 0.661697 
0.604748 0.783756 0.867149 0.756899 0.822718 0.795981 0.789611 0.604419 0.606565 0.776968 
1.119759 1.162410 1.708364 2.026984 2.234380 1.610866 0.981244 0.537874 0.095505 0.573152 
0.656654 0.402227 0.396639 0.612235 0.664396 0.574262 0.773773 0.532194 0.531705 0.243591 
-0.223187 -0.033666 0.390449 0.624716 0.510615 0.470784 0.850942 1.404405 0.996536 0.666117 
0.686601 1.153087 1.162514 1.164027 1.298471 1.303171 1.448472 1.351386 0.799704 0.317130 
0.075249 0.187362 0.117475 0.199366 0.447569 0.555391 0.663157 0.488772 0.381255 0.360427 
0.324571 0.341478 0.361753 0.301447 0.413017 0.268236 0.427684 0.554535 0.097463 0.181233 
0.337068 0.275434 0.330338 0.469411 0.630601 0.633313 0.573405 0.653797 0.573546 0.935989 
0.944871 1.014436 0.831490 0.767961 0.945268 0.815700 0.698515 0.635968 0.781462 0.896690 
1.143820 1.057713 1.630570 1.892840 1.936327 1.416664 0.694324 0.324227 0.101871 0.382124 
0.360638 0.314535 0.344054 0.446349 0.583611 0.555974 0.817895 0.615744 0.559053 0.338056 
-0.239950 0.010547 0.492584 0.679716 0.462985 0.555813 0.765845 0.922311 0.778021 0.502332 
0.518500 0.794892 1.210594 1.377092 1.769513 1.819627 1.854509 1.754265 1.239142 0.374687 
-0.087326 0.194980 0.110219 0.234108 0.388727 0.480323 0.643752 0.517320 0.372865 0.307805 
0.317278 0.376350 0.309212 0.356250 0.441075 0.260688 0.412318 0.303770 0.212354 0.279478 
0.356528 0.322527 0.287741 0.503372 0.597591 0.578591 0.667918 0.856396 0.711711 0.706130 
0.784361 1.153033 1.081952 0.932970 0.959701 0.923926 0.793571 0.682996 0.661812 0.766521 
0.977672 0.857964 1.440632 1.634027 1.552163 0.946311 0.480536 0.357827 0.108166 0.332369 
0.349664 0.343765 0.352443 0.393647 0.494365 0.541688 0.631732 0.624011 0.699340 0.291428 
-0.278014 -0.093300 0.291777 0.512837 0.467743 0.569478 0.551112 0.560889 0.455925 0.332684 
0.430195 0.592881 0.796779 0.784284 1.131406 1.740868 1.952466 1.865237 1.338752 0.464794 
-0.128322 0.124372 0.134182 0.265078 0.352426 0.398217 0.595538 0.534661 0.494261 0.385119 
0.366019 0.378920 0.404062 0.394557 0.410099 0.401116 0.429209 0.438499 0.252498 0.178916 
0.228299 0.397418 0.373959 0.520326 0.602539 0.537405 0.757596 0.907262 0.714124 0.711315 
0.885747 1.065419 1.234810 1.120018 0.994314 0.944121 0.850813 0.842883 0.753024 0.740470 
0.811005 0.789767 1.081360 1.054913 0.785797 0.526521 0.235757 0.098444 0.142244 0.217470 
0.300903 0.282760 0.394245 0.336674 0.613113 0.482209 0.612232 0.645174 0.585777 0.132895 
-0.264285 -0.082284 0.198210 0.424678 0.516576 0.641965 0.737565 0.755785 0.793991 0.683975 
0.748970 0.926272 1.305993 1.421800 1.991426 2.403489 2.619560 2.280026 1.319455 0.473942 
-0.170988 0.116264 0.189816 0.359744 0.372080 0.370156 0.639654 0.665911 0.551949 0.481330 
0.420432 0.460584 0.439767 0.388863 0.680430 0.547285 0.460298 0.485177 0.240175 0.219186 
0.239247 0.368686 0.377293 0.514959 0.666338 0.673488 0.838570 0.958766 0.725175 0.720637 
0.832373 0.838388 1.097300 1.054045 0.816611 0.970056 0.960151 1.017300 0.829479 0.816625 
0.824323 0.736380 1.000675 1.112072 1.144540 0.846896 0.388264 0.197109 0.134349 0.378064 
0.325251 0.210770 0.298026 0.482477 0.669406 0.501998 0.558977 0.610305 0.785400 0.239066 
-0.240782 -0.071432 0.177540 0.463887 0.425690 0.533392 0.878244 0.908601 0.881623 0.808327 
0.759539 1.069927 1.706977 1.758345 2.009278 2.181475 1.814140 1.131572 0.612099 0.483516 
-0.212308 0.096588 0.293470 0.372458 0.407683 0.534961 0.685334 0.940951 0.791740 0.660182 
0.540456 0.508220 0.527603 0.582075 0.652199 0.285934 0.289204 0.485202 0.392780 0.339945 
0.325299 0.398298 0.467398 0.531256 0.636344 0.738322 0.895916 1.043333 0.773908 0.674828 
0.711255 0.719013 0.723993 0.798970 0.837237 1.047033 0.848105 0.813351 0.771990 0.699229 
0.754683 0.782414 1.150873 1.423273 1.465597 1.017315 0.603741 0.313387 0.218016 0.540356 
0.432808 0.273436 0.514458 0.739767 0.909733 0.655982 0.512843 0.539820 0.594318 0.146313 
-0.200517 -0.005412 0.326389 0.432361 0.448546 0.415301 0.648429 0.697494 0.771517 0.807756 
0.682918 0.708170 0.762104 0.773011 1.280962 1.402857 1.073841 0.721899 0.528728 0.511458 
-0.011716 0.465074 0.584073 0.816563 0.844057 0.938607 1.104052 1.535745 1.475366 1.370153 
1.150247 0.876474 0.963737 1.323197 1.218968 0.244990 0.356276 0.494020 0.491798 0.479811 
0.413555 0.428881 0.498896 0.654221 0.768198 0.735443 0.920190 1.163259 0.972520 0.784369 
0.757217 0.694250 0.869975 0.952780 1.097801 1.552890 1.373872 1.092921 0.971267 0.905406 
0.825431 0.711335 1.133426 1.360886 1.542922 1.230352 0.758007 0.344766 0.272656 0.601933 
0.635245 0.502389 0.580585 0.656946 0.856497 0.579083 0.598660 0.638566 0.644680 0.248978 
-0.215255 -0.105476 0.408679 0.430585 0.494647 0.319168 0.303009 0.445941 0.602918 0.764585 
0.618850 0.541922 0.363861 0.351143 0.235720 0.063794 -0.085883 -0.080068 -0.177931 0.353478 
1.009057 1.132138 1.115213 1.478084 1.601283 1.595003 1.732160 2.238846 2.257863 2.293318 
2.045403 1.765862 1.598457 1.787402 1.160350 0.640978 0.598532 0.589052 0.762786 0.799664 
0.520818 0.502660 0.647093 0.795118 0.953349 0.823404 1.097900 1.299170 1.195000 0.913281 
0.819901 0.879567 0.973592 0.987020 1.356513 1.490923 1.484275 1.155086 0.870103 0.777473 
0.756172 0.799087 1.171698 1.446519 1.546367 1.631295 1.213243 0.393321 0.481119 0.919721 
1.019312 0.788120 0.821125 0.767272 0.860372 0.752535 0.671091 0.694691 0.738322 0.262771 
-0.238706 -0.096023 0.338530 0.517916 0.469392 0.321557 0.341834 0.660680 0.892607 0.658797 
0.557373 0.709004 0.689064 0.501031 0.383597 0.198515 0.091389 0.253021 0.389542 0.991060 
1.147003 1.284471 1.368760 1.686611 1.644803 1.285924 1.419765 1.918961 1.721602 1.509180 
1.320979 1.078804 1.038357 1.106690 0.807298 0.697946 0.715874 0.719716 0.714217 0.713539 
0.582070 0.588500 0.677107 0.777043 0.981309 0.876824 1.202947 1.417054 1.174134 0.928025 
0.875297 1.088662 1.077505 0.972252 1.278082 1.452181 1.460247 1.018996 0.648130 0.573504 
0.774080 1.048348 1.500779 1.847838 1.849028 1.637724 1.010567 0.457442 0.564013 0.866837 
0.733851 0.392834 0.411125 0.490818 0.691151 0.690370 0.843977 1.025834 1.005035 0.336906 
-0.425208 0.041969 0.438999 0.389436 0.521389 0.436512 0.410443 0.636089 1.143995 1.137712 
0.642010 0.477851 0.516852 0.366985 -0.049471 0.102786 -0.005517 0.294447 0.513702 0.739330 
0.799234 0.924656 1.143803 1.488922 1.398063 0.848700 0.851091 1.290255 0.941890 0.666300 
0.550569 0.710707 0.876980 0.911705 0.681811 0.587300 0.836446 0.732447 0.744838 0.732023 
0.703492 0.761011 0.854367 0.834109 0.834540 0.751483 1.126829 1.237468 1.008913 0.932283 
0.919267 1.253209 1.128400 0.903855 0.909027 1.054149 1.008923 0.824296 0.579072 0.602072 
0.850522 1.173972 1.724728 2.013920 1.798158 1.436096 0.926549 0.462302 0.463507 0.708155 
0.701919 0.470289 0.219167 0.400446 0.697540 0.702647 1.027116 0.996184 0.655981 0.357536 
-0.318986 0.088822 0.197597 0.107680 0.485452 0.820488 0.863456 0.827329 1.070587 0.572845 
0.113462 0.518690 0.625654 0.306377 0.194326 0.553324 0.304494 0.037053 0.161048 0.355247 
0.547782 0.628765 0.992118 1.211382 0.994789 0.802908 0.944595 0.812613 0.706150 0.626830 
0.606978 1.084374 1.379837 1.541982 1.396097 1.383435 1.309165 1.141066 1.233602 1.114758 
1.019609 0.972425 1.042016 0.727909 0.751576 0.751575 0.964344 1.075598 0.959022 1.149713 
1.283220 1.665937 1.390041 0.929531 0.706267 0.645872 0.570581 0.630326 0.598722 0.786928 
1.099967 1.433717 2.012581 2.286255 2.204692 1.471087 0.917830 0.480347 0.310206 0.550602 
0.618883 0.484164 0.372372 0.452950 0.593178 0.400174 0.752398 0.862108 1.102978 0.496527 
0.418855 0.939817 0.472123 -0.144929 0.209029 0.661846 1.482180 1.237760 0.668170 0.715807 
0.629632 0.275564 0.768701 1.488223 1.405001 1.095820 0.594113 -0.015006 -0.094569 0.093132 
0.289806 0.317384 0.530774 0.851521 0.815194 0.732726 0.779886 0.517198 0.417009 0.487951 
0.867818 1.716792 2.001823 2.227664 2.129177 2.208367 2.167262 2.040377 1.995274 1.787766 
1.763667 1.634217 1.431977 0.773597 0.695055 0.814259 0.895149 0.988979 0.932375 1.112064 
1.408765 1.762020 1.533744 0.918246 0.551890 0.476114 0.398347 0.646515 0.848196 0.957754 
1.374180 1.302059 1.678937 2.420115 2.240463 1.282563 0.610394 0.326225 0.221492 0.436432 
0.295581 0.513895 0.605847 0.673112 0.736116 0.463423 0.766883 0.899798 1.223451 0.677645 
0.351212 0.048564 1.374947 -0.373937 0.479106 1.068593 2.022604 0.949664 0.065862 0.077963 
-0.235727 0.039021 0.503900 0.526173 0.478903 0.559488 0.730211 -0.403799 -0.121010 0.171736 
0.320195 0.432534 0.480253 0.905445 1.009907 0.879333 0.737086 0.535283 0.571680 0.654134 
1.210638 1.954082 2.135303 2.359625 1.738190 1.891818 1.967773 2.009619 1.819762 1.614933 
1.691640 1.415503 1.237518 0.784078 0.634441 0.692150 0.888440 1.091306 1.122749 1.257610 
1.593918 1.781947 1.600362 1.092009 0.493721 0.392665 0.401968 0.658693 0.983289 1.015214 
1.253452 1.414206 2.120337 2.672952 2.315319 1.696849 0.862354 0.388617 0.272046 0.430131 
0.404256 0.713531 0.742460 1.094758 0.984432 0.240383 0.491849 0.915460 1.353892 1.105799 
0.018803 0.397469 0.628710 -0.440169 0.732053 1.118192 1.083657 0.230087 -0.076090 0.176280 
-0.156999 -0.159858 0.262868 0.232669 0.565274 0.022930 0.198878 -0.302821 -0.099524 0.255361 
0.389994 0.578592 0.787064 0.942120 1.034892 0.933915 0.805880 0.597967 0.719934 0.719195 
1.436263 1.860299 1.967536 1.644875 1.150505 1.164232 1.227008 1.521124 1.672799 1.274206 
1.020480 0.924346 0.904028 0.702318 0.589145 0.730651 1.054440 1.207458 1.328643 1.329910 
1.396686 1.834633 1.741689 1.106617 0.710872 0.517386 0.489157 0.784590 1.113220 1.135637 
1.438082 1.651590 2.273238 2.494488 2.170866 1.594134 0.913060 0.481889 0.086774 0.260380 
0.390235 0.553699 0.934712 1.179330 1.006399 0.331624 0.457439 0.586321 0.804264 0.907043 
0.854529 0.161283 0.603604 -0.171911 0.150873 0.964026 0.844898 -0.117188 -0.077013 0.220146 
0.045197 -0.192049 -0.201877 -0.127701 0.517848 0.424866 0.274729 -0.036459 -0.109818 0.333803 
0.493595 0.453930 0.541964 0.448359 0.633793 0.590912 0.664369 0.682261 0.790583 0.704190 
1.293119 1.546772 1.586165 1.183232 0.757537 0.733147 0.916597 1.219925 1.343440 0.840006 
0.651284 0.940446 0.946783 0.797164 0.562645 0.662748 1.002632 1.147775 1.233312 1.261759 
1.558522 2.193228 1.788163 1.296068 0.829506 0.542675 0.582532 0.771622 1.042553 1.013561 
1.390465 1.354852 1.985091 1.917611 1.564820 1.082242 0.534548 0.433247 0.072600 0.422501 
0.417065 0.449531 0.509145 0.515007 0.575146 0.863541 0.946729 0.450428 0.662493 0.662870 
-0.022994 -0.079024 0.524930 -0.117092 0.057474 0.592405 0.016082 0.589780 -0.256232 0.566178 
0.313051 -0.146571 -0.234933 -0.247044 0.172225 -0.051098 0.125715 -0.145682 -0.016023 0.029413 
0.235984 0.209653 0.253148 0.309831 0.243815 0.332559 0.564749 0.690832 0.886486 0.731078 
1.095619 1.149546 0.792162 0.457030 0.308819 0.294043 0.276002 0.434732 0.420490 0.379806 
0.582307 0.765519 0.836184 0.741217 0.705353 0.749835 0.805375 1.011010 1.010466 1.067965 
1.375392 1.803559 1.691952 1.544726 1.095455 0.666442 0.710657 0.885624 1.397494 1.339220 
1.563655 1.636942 1.750249 1.606049 1.182814 0.562999 0.168319 0.163839 -0.041750 0.365103 
0.524571 0.540041 0.354219 0.472324 0.708398 0.777570 0.887354 0.684272 0.541430 0.377844 
-0.007343 -0.013934 0.203405 0.286714 0.526806 -0.019439 0.231513 -0.367964 0.075975 0.358327 
0.018300 -0.262658 0.016131 -0.131471 0.063937 0.129048 0.148844 -0.176392 -0.039465 0.272469 
-0.247800 -0.056472 0.144798 0.358415 0.358218 0.291786 0.620976 0.944084 1.281217 1.087264 
1.349660 1.311822 1.202286 0.989174 0.762714 0.559680 0.673946 0.642189 0.817466 0.912185 
1.068108 1.265826 1.062087 0.964334 0.912142 1.022196 1.018923 1.366721 1.533626 1.752011 
1.878117 2.175300 2.450556 1.886172 1.133395 0.632887 0.789124 1.027176 1.271568 1.107404 
1.503096 1.908188 1.859516 1.627662 1.193317 0.902686 0.463719 0.206213 -0.065661 0.273479 
0.310290 0.362476 0.398485 0.452925 0.987530 1.355297 0.781845 0.473750 0.511560 0.372434 
-0.059943 -0.140970 0.637497 0.486570 0.287117 -0.040069 -0.149478 0.036341 -0.038706 -0.055834 
-0.035249 -0.257150 0.306570 0.344766 0.106049 -0.158997 0.196725 0.404470 0.063848 0.324847 
-0.300347 0.167824 0.366747 0.423447 0.370974 0.281107 0.790296 1.252486 1.942299 1.840776 
2.014464 1.614887 1.370342 1.376992 1.289246 1.258648 1.218945 1.022795 1.238577 1.183038 
1.045347 0.936503 0.958249 0.857927 0.789947 0.914070 0.846224 1.233338 1.702463 1.814028 
1.800914 1.928817 1.775110 1.295417 0.913211 0.793370 1.004012 0.936776 1.036240 0.980165 
1.007966 1.168723 1.144910 1.281399 1.081700 0.971502 0.351341 0.215391 -0.002975 0.367463 
0.438687 0.531129 0.721643 0.796067 1.374133 0.996956 0.419352 0.427775 0.682691 0.318805 
-0.158105 -0.061999 0.329901 0.234628 0.633926 0.500909 0.257715 0.197381 -0.221336 -0.109314 
0.058025 -0.320921 0.080825 0.153237 0.180742 0.030245 0.259077 0.788803 0.076932 0.073763 
-0.082380 0.251854 0.345381 0.685232 0.384508 0.349056 1.086102 1.213684 1.645874 1.484457 
1.301542 1.014281 0.870515 0.714682 0.713250 0.768256 0.734929 0.717873 0.977056 0.826071 
0.886528 0.905407 0.893821 0.730167 0.568063 0.704650 0.867866 1.127611 1.420421 0.991516 
1.007218 1.135487 0.821903 0.660648 0.567757 0.513516 0.662187 0.877285 0.818099 0.748265 
0.796661 0.901807 0.937135 1.239046 0.947227 0.623926 0.378037 0.228920 0.251804 0.565857 
0.477732 0.446559 0.558759 0.805895 0.728200 0.789480 0.636354 0.171039 0.956213 1.070464 
-0.339269 -0.192562 0.244713 0.529873 0.761043 0.733802 0.330473 0.220197 0.038693 0.020005 
-0.360208 0.051084 0.155777 0.037425 0.155630 0.215311 -0.189318 0.113866 0.241619 -0.053723 
0.251759 -0.225545 0.072707 0.461192 0.561656 0.426739 1.047237 1.358250 1.278029 0.958118 
0.608961 0.303749 0.108535 0.324536 0.333150 0.260367 0.217983 0.432641 0.478143 0.279265 
0.278650 0.348573 0.483783 0.284273 0.127696 0.197205 0.470950 0.229615 0.244130 0.166956 
0.448026 0.360993 0.237585 0.208975 0.174865 0.221885 0.249357 0.311804 0.396365 0.253205 
0.355211 0.374993 0.223648 0.353264 0.405168 0.471298 0.232498 0.406210 0.450440 0.388494 
0.373312 0.549291 0.729343 0.978769 0.272321 0.249767 0.202704 0.104684 0.186077 0.198154 
-0.418684 0.244232 0.345651 0.589758 0.691617 0.784213 0.530665 0.142693 -0.177741 0.301990 
-0.228377 -0.047472 -0.033834 -0.050382 0.417621 -0.051006 0.119360 -0.079793 0.043570 -0.019294 
0.142738 -0.348666 -0.020092 0.382218 0.653261 0.654222 0.885987 1.110247 1.537056 1.345460 
0.815809 0.373689 0.557979 0.782095 0.494448 0.382374 0.542325 0.662353 0.374324 0.261961 
0.287298 0.244673 0.184849 0.226920 0.351742 0.537126 0.686909 0.564830 0.309932 0.330124 
0.317509 0.323327 0.333645 0.295220 0.296453 0.197068 0.190612 0.292438 0.419732 0.352121 
0.356821 0.394861 0.477583 0.676512 0.658585 0.603030 0.128731 -0.039929 0.116205 0.002073 
0.267961 0.504796 0.771024 0.867536 0.217953 0.441959 0.555329 0.584548 0.199617 0.352180 
-0.247086 0.153315 0.251102 0.517224 0.610354 0.826440 0.538327 0.099103 0.157706 0.142921 
0.146393 0.067062 -0.094050 -0.026670 -0.022723 0.225891 0.366080 -0.302120 0.004281 0.371653 
0.314462 -0.362917 -0.025163 0.350242 0.403033 0.497063 0.725463 0.984149 1.418719 1.209602 
0.874575 0.432395 0.331786 0.594313 0.509960 0.354881 0.307028 0.195138 0.187470 0.264571 
0.340227 0.345487 0.286745 0.203556 0.306839 0.441555 0.523753 0.640633 0.460888 0.387639 
0.645588 0.688202 0.606971 0.503208 0.430631 0.391659 0.377285 0.558170 0.635704 0.551569 
0.527842 0.653236 0.875750 0.885430 0.631405 0.478027 0.489827 0.256709 0.068124 0.056925 
0.159034 0.276413 0.597134 -0.009428 -0.033769 0.582080 0.518282 -0.111430 -0.039104 0.105038 
0.223481 0.012666 -0.024602 -0.025608 0.494367 0.906880 0.780433 0.264342 0.419161 0.471627 
0.343139 0.228097 -0.043636 -0.023387 0.014228 0.593309 -0.151175 -0.049816 0.377913 0.461070 
0.500979 -0.411527 -0.109546 0.314475 0.406618 0.548866 1.074916 1.326473 1.343490 0.934853 
1.005762 0.627508 0.474544 0.757011 1.031850 0.971799 0.974587 0.824711 0.673820 0.604904 
0.580419 0.528590 0.418485 0.290320 0.373335 0.468513 0.610374 0.656475 0.517246 0.439619 
0.551177 0.504513 0.476687 0.451644 0.440295 0.347652 0.427145 0.626582 0.670886 0.630623 
0.646288 0.549134 0.898099 0.848694 0.469194 0.270950 0.583480 0.119869 -0.011065 0.469783 
0.291826 0.599419 0.620500 0.202594 -0.147278 0.392996 0.614336 0.001683 -0.243145 0.114857 
-0.221607 0.425411 0.196198 0.002882 0.158014 0.431837 0.408336 0.474945 0.929837 0.917153 
0.576840 -0.178404 -0.422101 0.227507 0.218916 0.358507 -0.087491 0.837698 0.875305 0.401145 
0.435390 -0.266819 -0.211077 0.030939 0.236143 0.498351 0.574438 0.306688 0.267845 0.248990 
0.267751 0.210372 0.527715 0.794637 0.943911 0.616570 0.261757 0.015284 0.150390 0.451821 
0.565062 0.433916 0.391827 0.440268 0.455566 0.368614 0.458472 0.534310 0.545464 0.495488 
0.236335 0.378832 0.382552 0.413279 0.442601 0.350927 0.380399 0.384339 0.500117 0.676915 
0.922367 0.576498 1.181577 1.431598 0.817712 0.435640 0.137811 0.396865 0.489452 0.170962 
0.379499 0.006190 -0.100744 0.305768 0.183181 1.114338 -0.007171 1.374045 -0.183129 0.150619 
-0.171916 0.502176 0.234351 -0.006054 0.330279 0.508652 0.672617 0.663970 0.857913 0.342069 
-0.126839 -0.208493 -0.327399 0.410292 0.003494 0.285580 1.132367 1.532015 0.557519 -0.158037 
-0.165716 -0.222893 -0.034601 0.243472 0.301579 0.744851 0.854649 0.480998 0.424860 0.637874 
0.764319 0.482755 0.760071 1.218426 0.815954 0.232270 0.085066 0.000676 -0.177825 -0.100624 
0.257028 0.581379 0.396392 0.329054 0.485555 0.572033 1.011195 0.534094 0.140202 0.130696 
0.274212 0.472153 0.465831 0.460424 0.480455 0.578302 0.645440 0.809534 0.752537 0.842315 
1.017111 1.076835 1.287180 1.186828 1.060469 0.204251 -0.166677 0.672114 0.791633 0.034417 
0.786835 -0.122924 -0.003380 0.236929 1.206125 0.089873 -0.158255 0.570666 -0.296101 0.954419 
-0.354329 0.060957 0.013467 0.609596 0.793897 0.727973 0.898399 0.759296 0.960195 1.052510 
0.636615 0.354321 -0.200822 0.085902 -0.064652 0.034328 0.541690 0.393212 0.784676 -0.054316 
-0.122399 -0.257125 -0.007996 0.115188 0.321389 0.774613 0.998364 0.808525 0.722884 0.827551 
1.009959 0.602327 0.846966 1.440947 1.373516 0.380802 0.464668 0.303696 -0.083238 0.008695 
0.259340 0.378857 0.420542 0.449948 0.748322 0.364211 0.566553 0.729056 0.645217 0.095826 
0.158964 0.207197 0.238125 0.301807 0.478649 0.604217 1.029515 0.752220 0.386636 0.119465 
1.050622 1.448571 0.694489 -0.028174 0.046025 0.113196 0.623211 0.666409 0.251090 1.213881 
2.014575 -0.235512 0.037423 0.027513 0.476783 0.488383 0.109643 0.417314 0.987055 1.263510 
-0.289280 0.052623 -0.034101 0.390107 0.678318 0.315702 0.164329 0.403955 0.495562 0.577729 
0.456963 0.755874 -0.054154 -0.258452 -0.022462 0.368369 0.078939 0.285360 -0.071113 -0.287375 
-0.171597 0.219222 -0.120806 -0.000755 0.191014 0.634712 0.738186 0.830011 0.923937 0.766732 
0.731037 0.681782 0.844076 1.461384 0.888602 0.761463 1.053135 0.194500 -0.411681 0.114447 
0.650512 0.798773 0.999615 1.230465 1.356128 0.420586 -0.023778 -0.223266 -0.061890 0.203637 
0.263824 0.210390 0.263822 0.505466 0.768224 0.809704 0.840404 0.279947 0.139868 -0.476322 
0.383479 0.864166 0.363130 0.257607 0.232479 0.082150 0.389930 0.495420 0.018688 0.474031 
0.093047 -0.073155 0.264192 0.064371 0.252823 0.319681 0.501513 0.658562 0.848133 1.261692 
-0.107841 0.302412 0.221802 0.305635 0.762569 0.572224 0.420567 0.681107 0.539605 0.607894 
0.672616 0.573166 0.173427 -0.426414 0.061700 0.053216 0.572690 0.648646 0.900201 -0.179428 
-0.301172 -0.054302 -0.204881 -0.031954 0.122154 0.567612 0.826776 0.916438 0.853383 0.710745 
0.740660 0.621118 0.518407 0.672104 0.112555 0.256562 0.401009 0.230484 -0.397301 0.150807 
0.499127 -0.110860 0.550922 1.017401 0.909574 0.001129 0.056638 0.173410 -0.193001 0.466330 
0.385227 -0.233140 0.188319 0.209317 0.680219 0.829029 0.836142 0.005291 0.057693 -0.473421 
0.192831 0.551536 0.152798 0.097282 0.122066 -0.180491 0.145664 0.457685 0.225302 0.189816 
0.235059 0.255279 0.121350 -0.055878 0.105110 0.293301 0.623369 0.691339 1.165224 0.740518 
-0.355603 0.393068 0.281220 -0.169061 0.228285 0.579848 0.601079 0.670397 0.540587 0.530079 
0.701233 0.516505 0.320181 -0.231618 0.249474 0.066344 0.311691 -0.006167 0.400750 0.523210 
-0.267174 0.186110 -0.223865 0.062253 0.404636 0.824592 0.700571 0.376673 0.370425 0.461033 
0.756359 0.593447 0.515993 0.400541 0.165416 0.048371 0.130454 0.441537 0.290846 0.113668 
0.151004 -0.270160 0.114612 0.394645 0.479667 0.030205 0.305116 0.592965 -0.280700 0.167876 
0.051903 -0.333465 0.275295 0.252744 0.727074 0.664163 0.277728 -0.181956 0.171818 -0.191702 
0.220302 0.008203 -0.219241 0.190836 0.353015 -0.203900 0.209951 0.265146 0.533489 0.603941 
0.125256 0.382592 -0.273953 0.027494 0.154927 0.443278 0.505356 0.709994 1.185084 0.811973 
-0.406376 0.117022 0.221486 -0.178397 0.186441 0.321567 0.390558 0.359191 0.531327 0.441244 
0.228695 0.376414 0.055902 0.531278 0.793137 0.619587 0.420090 -0.317977 0.429309 0.976243 
0.072501 -0.118998 -0.458266 -0.081468 0.374685 0.652121 0.528486 -0.054391 0.177291 0.426709 
0.934589 1.146676 0.988343 0.399104 -0.162299 -0.113804 -0.268758 0.167093 0.142762 0.189446 
0.188080 -0.192361 0.657109 -0.161039 0.029179 0.144292 -0.128994 0.133567 0.255257 0.164310 
0.755139 -0.126782 0.168803 0.264357 0.574003 0.980230 0.033465 -0.134618 0.196289 0.041502 
0.282927 -0.277548 -0.209948 -0.062001 -0.032653 0.414340 -0.000909 0.313045 0.783565 0.947490 
0.576283 0.161456 -0.069522 0.183295 0.475553 0.744993 0.772947 0.998876 0.985745 1.066133 
-0.396961 0.250785 -0.199372 0.053142 0.449701 0.657099 0.808100 0.434299 0.482330 0.552148 
0.431795 0.542581 0.244856 0.173083 0.721415 0.566321 0.524518 -0.184614 0.414548 0.551021 
0.057777 0.911181 -0.239370 -0.128988 0.071592 0.340883 -0.137557 -0.024376 -0.022592 0.536796 
0.276139 0.245315 0.291935 0.651192 -0.216492 0.346398 -0.115684 0.092853 0.564584 0.545470 
0.195435 0.108191 0.198982 -0.187650 0.098974 -0.079025 0.344761 -0.231175 0.314729 0.533450 
0.388486 0.173999 0.118891 0.316217 0.841030 0.579039 0.233789 -0.115424 -0.024132 0.162713 
0.108396 0.093567 -0.165380 0.313272 -0.240684 0.166120 0.286514 0.014661 0.409187 0.353563 
0.352438 -0.143268 0.262419 0.194592 0.532031 0.810263 0.503335 0.612135 1.052843 0.801203 
-0.218033 0.298384 0.035170 0.441838 0.628710 0.824961 1.038998 0.798660 0.614142 0.780400 
0.889076 1.088687 0.647833 0.554822 1.178473 1.029086 0.633755 0.332041 -0.219971 0.341241 
0.124930 0.425704 -0.416269 -0.021018 0.667906 0.524393 0.382941 0.134556 -0.149364 1.115071 
0.614421 0.433647 0.236897 0.468244 0.464383 0.687661 0.299741 0.104282 0.513226 0.207783 
0.291785 0.452284 0.229012 0.079976 -0.109022 0.222323 0.585994 0.296588 0.361082 0.699215 
0.265062 0.069495 0.174225 0.039619 0.152414 -0.004297 0.443438 0.016860 0.310757 0.340845 
-0.090519 0.082199 0.370723 0.108395 -0.247996 0.159934 0.157789 -0.030785 0.435834 0.327486 
0.282926 0.208689 0.713764 0.605995 1.051853 0.894459 0.713074 0.861811 1.242754 0.803889 
-0.420415 0.203549 0.967870 1.401293 0.215793 0.245741 0.315389 0.299782 0.336142 0.416845 
0.554873 0.788726 0.863648 0.815580 0.898138 0.305526 0.496931 0.023303 0.140040 0.563473 
0.598991 0.184860 0.037008 0.478508 0.113097 0.478486 0.371249 0.133393 0.679293 0.921831 
0.501842 0.128057 0.196523 0.224514 0.565693 0.439960 -0.198686 0.275993 0.998605 0.488043 
0.414959 0.253505 0.088387 -0.079423 0.057137 0.947863 1.006629 -0.414937 0.459523 0.284534 
0.568920 0.382124 -0.108983 0.412864 0.320511 0.205185 0.003267 -0.099753 0.287570 -0.197408 
0.331158 0.457871 0.519974 0.813180 0.598724 0.381577 -0.247972 0.363110 0.298132 0.407763 
0.439379 0.377309 0.323484 0.629750 1.122398 0.827329 0.931815 1.637368 1.560924 0.960737 
-0.338528 0.562861 1.067747 1.005164 0.105253 0.227613 0.239128 0.312658 0.418249 0.463406 
0.678321 0.681149 0.962442 0.995993 0.925656 0.385545 0.123712 0.245895 0.389847 0.721903 
0.491941 0.333164 0.910077 1.251114 0.922169 0.206811 -0.086980 0.530246 0.752374 0.735772 
0.334034 0.178829 0.430159 0.291337 0.914239 0.459811 0.314105 0.642337 0.195765 0.268572 
0.215264 0.339143 0.200921 0.057114 0.408202 0.204839 0.007614 0.389096 0.235370 -0.166510 
0.477132 0.636271 -0.098272 0.048822 0.113073 -0.040945 0.080823 -0.265071 0.171773 -0.154307 
0.664112 0.707745 1.140734 1.439949 0.638082 -0.150875 0.114816 0.482410 0.346095 0.249364 
0.777201 1.029556 0.570526 0.305762 0.471478 0.663959 1.162083 1.218494 1.670198 1.046728 
-0.316614 0.568397 0.300055 0.125540 0.278649 0.559469 0.500347 0.599684 0.538817 0.562998 
0.951745 0.989159 0.716244 0.631880 0.749822 0.838311 0.317713 0.339988 0.374882 0.399723 
0.303645 0.348146 0.566990 0.764852 0.619699 0.501584 0.456444 0.666096 1.027135 0.731734 
1.234151 0.557524 0.136809 0.235503 0.589227 0.343306 0.397615 0.064469 0.043559 0.243477 
0.190394 0.453834 0.632931 0.078174 0.690402 -0.130272 0.147212 0.593424 0.260870 0.614073 
0.283031 0.559000 -0.031704 -0.020497 -0.354400 0.059192 0.118514 -0.025547 0.254426 0.419574 
0.574194 0.758396 0.844132 0.276211 0.328819 0.407260 0.719784 0.857968 0.631012 0.463963 
0.641708 1.131242 1.025847 0.403893 0.653985 0.510510 0.809120 1.042246 1.533208 0.974756 
0.002019 1.050826 0.217126 0.183607 0.090267 0.580626 0.870557 0.716254 0.826437 0.779785 
0.751837 0.626902 0.534480 0.381987 0.553516 0.634581 0.228661 0.488083 0.574600 0.462962 
0.665247 0.680891 0.633782 0.430783 0.657216 0.622190 0.599388 0.538056 0.612527 0.567776 
0.450814 0.427472 0.157913 0.195717 0.290332 0.117025 0.190887 0.378366 0.643523 0.503288 
0.278724 0.368135 0.682523 0.075182 0.191900 -0.198970 0.163732 0.588842 0.445810 0.124015 
-0.187695 0.209489 0.787758 0.790395 -0.351904 0.402616 0.112991 0.434730 0.497827 0.301611 
0.670613 0.722009 0.791968 0.551004 0.240221 0.548555 1.066547 0.466627 0.390989 0.348743 
0.526112 0.420196 0.443807 0.348983 1.073272 1.049949 1.421795 1.493311 1.700021 1.157407 
0.192040 0.277596 0.091825 0.304098 0.167657 0.709213 1.061515 0.781337 0.974831 1.311717 
1.016896 0.449546 0.300338 0.362542 0.522814 0.588952 0.366544 0.582184 0.639931 0.747648 
1.017979 1.077111 1.516397 0.745650 0.498153 0.433172 0.597411 0.771955 0.566592 0.708193 
0.338864 0.545364 0.819495 -0.254802 0.466591 0.025037 0.385198 0.505012 0.636771 0.854668 
1.178199 0.630680 0.084058 0.082904 0.186988 -0.301384 0.378051 0.519015 0.548258 0.674481 
-0.483272 0.152901 0.423226 0.043577 -0.345115 0.170352 0.368152 0.571888 0.774530 0.456967 
0.485791 0.627061 0.663406 0.483987 0.220525 0.535867 0.686567 0.812766 0.852433 0.527473 
0.789331 0.817950 0.700956 0.412813 0.738974 0.877114 1.325797 1.251663 2.307018 1.168474 
-0.211526 -0.008043 0.005024 0.222206 0.425595 0.746764 1.377095 1.310437 1.620903 1.412122 
1.010613 0.149382 0.306286 0.424751 0.468632 0.685716 0.566112 0.528002 0.681021 0.780361 
0.927187 0.924360 1.817496 1.083546 0.585669 0.450027 0.591100 0.589654 0.553326 0.840310 
0.830046 0.469465 0.579926 0.143374 0.584733 0.163978 0.241732 0.372110 0.504086 0.756918 
0.710440 0.485538 0.182938 0.522990 0.110603 -0.086803 0.265674 0.581260 0.769578 0.413996 
-0.304539 0.266814 0.270820 0.244905 -0.229179 0.199069 0.528874 0.075169 0.613767 0.453552 
0.659647 0.874805 0.224729 0.531957 0.907822 1.395245 0.749379 0.391527 0.503469 0.097919 
0.613700 0.898352 0.486130 0.599903 0.695082 0.876375 1.045133 1.003095 1.650353 0.995632 
-0.010259 0.069980 0.193930 0.913176 1.256660 1.378466 0.610849 0.421201 0.924581 0.997997 
0.720106 0.367326 0.326495 0.483965 0.667521 1.069992 0.686825 0.521019 0.912398 1.089302 
1.020689 0.967552 1.308925 1.225035 0.656449 0.649394 0.621673 0.698195 0.441805 0.382896 
0.625471 0.785589 0.454097 0.801864 0.647766 0.524088 0.260910 0.450192 0.320805 0.391003 
0.370888 0.688113 0.414533 0.316938 0.249412 0.878632 0.249643 0.185595 0.274479 0.057563 
0.467404 0.704892 0.633044 0.692072 0.965419 1.225103 0.903979 0.113303 0.081058 0.631692 
1.113316 0.897036 0.231107 0.406659 0.825066 0.914641 0.845841 0.666807 0.830887 0.200706 
0.303087 1.046324 0.784698 0.847266 1.109974 1.056878 1.699021 1.567032 0.885552 0.630615 
-0.358055 0.159360 0.486212 1.442277 1.830668 2.552454 1.130479 0.187450 0.357649 0.834175 
0.622964 0.354620 0.600250 0.675407 0.857581 0.968332 0.684832 0.654894 0.874999 1.056726 
1.506530 0.865623 0.583751 1.003273 0.543141 0.536069 0.547624 0.413796 0.131039 0.410682 
0.766940 0.796355 0.629538 0.356836 0.528566 0.811008 0.421271 0.439613 0.483426 0.414596 
0.542276 0.557908 0.418536 0.438704 0.823587 1.259533 1.472588 1.025090 0.930842 0.621433 
0.954340 1.000853 0.817017 0.844476 0.829120 0.788835 0.502631 -0.022907 0.051880 0.659660 
0.760076 0.701691 0.280349 0.116921 0.660064 0.811488 1.389299 1.128933 1.576601 1.006069 
0.144170 0.779754 0.599955 0.452155 0.488259 0.595533 1.286240 1.510885 1.434267 0.948063 
-0.111112 0.399664 0.908417 1.304746 1.039490 0.626551 1.001075 1.867641 0.136740 0.465506 
0.365978 0.686626 0.875552 1.056186 1.193853 1.193477 0.864703 0.838270 0.953041 1.004727 
0.915915 0.736121 0.793523 0.717472 0.348387 0.308386 0.218473 0.399559 0.430595 0.428896 
0.522278 0.506726 0.370263 0.290949 0.487479 0.788149 0.501369 0.585222 0.419293 0.403987 
0.496278 0.525768 0.611532 0.575513 0.733669 0.593048 0.846341 1.739452 1.540560 1.329342 
1.416193 1.391159 1.044264 1.667758 2.131052 1.365925 0.412052 0.482993 0.295860 0.397448 
1.046151 0.724055 0.530814 0.406147 1.308246 1.419901 1.272984 1.205922 0.708254 0.249193 
0.220378 0.846905 0.572585 0.928330 0.895798 0.855372 0.818012 0.923585 1.190765 1.066765 
-0.396083 0.865940 0.954105 1.186616 0.286501 0.580303 0.997740 0.942326 0.214322 0.424892 
0.392032 0.547996 0.663826 0.884814 1.267342 1.669633 1.832621 1.298120 0.834830 0.914774 
0.738015 0.707243 0.588491 0.570505 0.669092 0.394764 0.327553 0.529736 0.373030 0.325386 
0.614167 0.861865 0.329741 0.440932 0.256029 0.513632 0.357898 0.588610 0.517864 0.288849 
0.274302 0.468767 0.518786 0.556403 0.730123 0.725253 0.669361 0.853712 1.316761 1.845890 
1.128944 0.935181 0.842854 0.342728 0.598382 0.354864 0.842778 0.443944 0.747017 0.346332 
0.967926 0.950064 0.777725 0.477493 0.877708 0.823232 1.004550 1.141401 1.741456 2.352117 
1.174998 0.025513 0.477304 0.760298 1.549098 1.075321 0.538083 0.986594 1.268974 0.994326 
0.134965 1.089083 0.326562 0.451642 0.335718 0.794604 0.978662 1.150921 0.485283 0.668551 
0.526132 0.491963 0.998958 1.224877 1.901284 2.711508 1.547222 0.280103 0.325558 0.395810 
0.536080 0.627669 0.539125 0.538485 0.582582 0.802617 0.634037 0.600371 0.543292 0.515023 
0.726520 0.837261 0.515081 0.478039 0.253495 0.490118 0.475070 0.467399 0.404449 0.344122 
0.427302 0.404442 0.493869 0.577354 0.897277 1.005989 1.014946 0.768330 0.602150 0.406464 
0.833313 1.028121 0.283709 -0.035894 0.445944 0.567564 0.314723 -0.030588 0.096457 0.673520 
-0.014681 0.223603 0.743113 0.031677 0.418189 0.523443 0.169024 0.340044 0.554759 0.199444 
0.525820 0.619162 0.921997 0.675771 0.243487 0.130319 0.834919 0.987800 1.488552 1.130836 
-0.085571 0.059971 0.803281 0.159599 0.150564 0.469568 0.732941 1.309331 0.848786 1.409694 
1.226959 0.533092 1.167358 1.581016 2.075690 2.132960 0.662967 -0.100393 0.143106 0.238755 
0.100781 0.884313 1.071800 0.485769 0.556861 0.723482 0.810225 0.674685 0.655200 0.497098 
0.488356 0.608577 0.604423 0.442781 0.297031 0.430626 0.361264 0.484801 0.151426 0.454138 
0.425973 0.278019 0.643566 0.527300 0.627122 0.449201 0.566115 0.726771 0.715984 0.257176 
0.522989 0.168008 -0.032345 -0.124371 0.002207 0.742436 -0.046997 -0.099904 0.307626 0.787391 
0.358622 0.449229 0.249167 0.192474 0.403561 0.209721 0.473520 0.390708 0.205817 0.493121 
0.460898 0.216080 0.484762 0.269679 0.290245 0.524894 0.613887 0.773084 1.000933 1.047201 
-0.456356 0.044132 0.408071 0.259261 0.597098 0.743369 0.732505 0.885495 1.145610 1.210856 
0.968405 0.497254 1.071838 1.500868 1.957683 2.499663 1.358818 -0.087214 0.175945 0.157893 
0.383001 0.844660 1.203874 0.710688 0.589722 1.018504 1.341424 1.004940 1.245264 0.628444 
0.654835 0.605662 0.620031 0.657316 0.349290 0.396945 0.623493 0.586179 0.405404 0.706991 
1.041567 0.421857 0.757283 0.847210 0.530551 0.185111 0.927074 0.486282 0.220890 0.196563 
0.416726 0.359949 0.152525 0.004710 0.353282 0.539291 0.091874 -0.237938 0.428967 1.320020 
0.632298 -0.096976 0.418429 0.546249 0.691224 0.940783 0.886645 0.633963 0.557997 0.190133 
0.378421 0.513064 0.288480 0.426319 0.452673 0.283665 0.624755 0.758333 1.127650 0.881838 
-0.289848 0.335546 0.330834 0.466513 0.769651 1.342222 1.613396 1.936432 2.143118 0.758551 
0.515799 0.534079 0.898610 1.172589 1.408567 1.334516 0.279322 -0.313095 0.214588 0.432647 
0.362834 0.799272 1.142688 0.561095 0.429508 0.613572 0.784392 0.919113 0.874166 0.847784 
0.433064 0.782627 0.834063 0.767097 0.306572 0.566138 0.625565 0.226059 1.128678 1.022998 
0.864707 0.266870 0.628206 0.753768 0.508240 0.664401 1.090627 0.575388 0.423840 0.581059 
0.465106 0.340509 0.566960 0.891630 0.636414 0.529099 0.355149 0.550819 0.673878 0.387766 
0.461340 0.815437 0.673879 0.297483 0.481923 0.873570 0.637063 0.435574 0.189838 0.290704 
0.233163 0.299420 0.380955 0.485165 0.545684 0.605794 0.626332 0.522259 0.897101 0.667749 
0.217861 0.918233 0.640626 0.489481 0.951574 1.371132 1.652074 1.615965 1.869758 0.843760 
0.649365 0.849275 0.960545 1.089535 1.100930 0.833565 0.519521 1.000539 1.065132 0.751078 
0.816594 1.043208 1.557011 1.595439 1.679387 1.698798 1.486486 1.416633 1.303839 1.113028 
0.734693 1.021402 1.070788 0.714915 0.765386 0.702841 0.698046 0.473930 1.477593 1.170248 
0.461642 1.020234 0.845929 0.667977 0.789473 0.503205 0.317836 0.657316 0.902423 0.839069 
0.709678 0.943529 0.942208 1.152801 0.588843 0.366497 0.595234 0.563020 0.409662 0.384086 
0.545076 0.648091 0.605334 0.673984 0.625696 0.628545 1.053525 1.029553 0.620481 0.726849 
0.647289 0.626127 0.590017 0.625441 0.690275 0.606051 0.603017 0.607979 1.155742 0.830641 
-0.415223 0.044902 -0.058270 -0.076250 -0.152188 -0.135236 -0.150043 -0.085459 -0.125823 -0.144403 
-0.107392 -0.104351 -0.110929 -0.132775 -0.099127 -0.117259 -0.058865 -0.076684 -0.074935 -0.077560 
-0.041053 -0.039641 -0.045822 -0.064534 -0.044612 -0.064937 -0.075319 0.012190 -0.052223 0.031934 
0.002336 0.016858 0.000464 -0.051417 -0.011033 0.031940 0.010722 0.011455 0.024686 0.028118 
0.033114 0.036483 0.052714 0.090497 0.057445 0.045173 0.029572 0.034210 0.013415 0.049194 
0.044137 0.049904 0.079417 0.051959 0.058567 0.088907 0.040236 0.036789 0.055010 0.058560 
0.032761 0.026339 0.030886 0.017021 0.031082 0.059065 0.025478 0.008108 0.033690 0.040173 
0.050930 0.039850 0.050388 0.041589 0.026448 0.029557 0.047544 0.044461 0.015964 0.230053 
0.640054 0.632669 0.459121 0.408678 0.316565 0.650885 0.752536 0.622796 0.373774 0.342122 
0.487806 0.681571 0.482135 0.288187 0.611780 0.660916 0.621040 0.470864 0.521357 0.389424 
0.362057 0.432421 0.278894 0.261986 0.177040 0.365731 0.345434 0.503422 0.866946 0.669499 
0.153687 0.246863 0.350651 0.383601 0.252602 0.137796 0.128961 0.348192 0.586525 0.394280 
0.310085 0.302565 0.374054 0.606645 0.491741 0.494773 0.362826 0.225942 0.240911 0.419560 
0.374331 0.273698 0.405754 0.509004 0.501323 0.480458 0.322459 0.389656 0.281418 0.407748 
0.763752 0.671758 0.202269 0.136150 0.663682 0.346526 0.127579 0.184077 0.376194 0.446296 
0.440006 0.459298 0.497688 0.330523 0.403451 0.417746 0.340914 0.634922 0.506394 0.645302 
-0.336933 0.187312 0.235201 0.126906 0.072481 0.254899 0.165077 0.061849 0.010719 0.028313 
0.040373 0.032019 0.000108 -0.003767 0.009789 0.092486 0.065201 0.053650 0.050015 0.008868 
0.066261 0.027085 0.088728 0.028908 0.056973 0.046869 0.060452 0.114331 -0.064425 0.053150 
0.041587 -0.045733 0.109869 -0.030220 0.023125 0.006792 0.057697 0.078363 0.073401 0.036627 
0.055180 0.110819 0.063464 0.060166 0.083601 0.064019 0.074584 0.073699 0.066795 0.039641 
0.051385 0.049342 0.117748 0.021842 0.084083 0.075010 0.054059 0.079059 0.048202 0.153713 
0.148473 0.043666 0.054568 0.052120 -0.062352 0.002731 -0.011480 0.037365 0.019565 0.051410 
0.012814 0.035780 0.051478 0.033235 0.044739 0.071177 0.054364 0.201274 0.111113 0.008778 
-0.342717 -0.044225 0.229385 0.209376 0.122887 0.244062 0.117861 0.016561 0.004683 0.026096 
0.044531 -0.009752 -0.068194 -0.001522 -0.030344 -0.013447 0.003324 0.007948 0.006596 0.035432 
0.039861 0.003547 0.093996 0.028937 0.046014 0.059339 0.006897 0.025657 -0.071031 0.046441 
0.024572 -0.036413 0.085955 0.118274 0.072362 0.020155 0.040425 0.012675 0.004659 0.012780 
0.005239 0.029186 0.035690 0.044553 0.138103 0.068045 0.138368 0.133658 0.102675 0.204168 
0.117857 0.058967 0.053043 0.051865 0.062863 0.143125 0.099752 0.078142 0.000331 0.022052 
0.020958 0.004434 0.025919 0.026484 0.061491 0.070623 0.035582 -0.024946 -0.014756 -0.003754 
-0.008748 -0.045285 -0.029736 0.007696 0.064427 0.173875 0.013878 0.242550 0.238925 -0.001442 
-0.379505 -0.075055 0.184291 0.195887 0.035749 0.096127 0.054172 0.028089 -0.032953 -0.030811 
-0.028570 -0.049975 -0.077379 0.019180 0.054199 -0.095349 -0.050282 -0.026575 -0.007746 -0.030992 
-0.035535 -0.020330 -0.011742 -0.018782 -0.075659 -0.053151 -0.058465 -0.048393 -0.161530 -0.039834 
-0.143898 -0.132983 -0.057010 -0.006349 -0.137325 -0.123753 -0.065576 -0.064291 -0.044480 -0.034758 
-0.086488 -0.017313 -0.112949 -0.018242 0.015806 0.028434 0.096398 0.154303 -0.015510 -0.011351 
-0.071332 -0.137802 -0.055214 -0.072697 -0.025637 0.044996 -0.033678 -0.047384 -0.118711 -0.056413 
-0.006176 -0.095692 -0.081942 -0.049570 -0.039427 -0.018855 -0.086243 -0.144633 -0.039017 -0.000080 
-0.017278 -0.095704 0.005246 0.018844 0.023312 0.159965 0.046315 0.076394 0.199762 -0.004802 
-0.352110 -0.016026 0.188762 0.204387 0.082580 0.089657 0.046451 0.108955 0.000492 -0.049059 
-0.006789 0.090268 0.070519 0.213018 0.260493 0.054249 -0.048425 0.035565 0.061633 0.043021 
0.063753 -0.001812 0.038791 0.062589 0.108276 0.069080 -0.118752 -0.012023 -0.075964 0.043765 
-0.128280 -0.045313 -0.050671 -0.005527 0.257835 0.030391 -0.024568 -0.003359 -0.024937 0.173490 
0.267915 0.121559 -0.039883 -0.028163 -0.024918 -0.047803 -0.004515 -0.029179 0.037728 0.043183 
0.223285 0.136493 0.022470 0.028812 -0.023221 0.014992 0.234903 0.078625 0.095492 0.055117 
0.021838 0.051965 -0.082827 -0.057632 -0.071134 0.042602 0.658340 0.194640 0.070014 0.092117 
0.271901 0.139811 0.113335 0.153049 0.162060 0.179039 0.184312 0.047992 0.171410 -0.004165 
-0.329371 -0.046719 0.166109 0.158752 0.117152 0.062376 0.077194 0.049170 -0.037123 -0.012569 
0.007627 0.136939 0.043069 0.082859 0.254378 0.062032 -0.039962 0.084008 0.090252 0.036992 
0.073874 0.070763 0.243928 0.198080 0.277796 0.125925 -0.133714 0.054111 0.020045 0.061847 
-0.138324 -0.005372 -0.049811 -0.019686 0.413358 0.165087 0.026761 0.203498 0.438598 0.168613 
0.170645 0.054341 0.031606 0.003221 0.008431 0.032279 -0.010177 0.046038 0.356252 0.441871 
0.983037 0.859586 0.205804 0.249275 0.093297 0.232043 0.593234 0.558223 0.368685 0.306785 
0.173876 0.234133 0.085929 -0.007598 0.316180 0.631651 1.337945 0.715020 0.142214 0.190608 
0.566621 0.653914 0.189910 0.176690 0.165834 0.219476 0.138835 0.120008 0.129010 -0.009198 
-0.303614 -0.057292 0.157382 0.104130 0.038359 0.043836 0.047718 0.181544 -0.051389 0.014240 
-0.048144 -0.022448 -0.026163 -0.011999 -0.089710 -0.081776 -0.021908 0.083620 0.105019 0.029923 
0.081688 0.332316 0.493153 0.187851 0.090491 0.050091 -0.126343 0.036218 -0.018350 0.029284 
-0.143215 -0.040949 -0.002730 -0.098906 0.122132 0.222822 0.093016 0.460353 0.370287 0.023906 
-0.018136 -0.034442 0.027794 0.040662 -0.000482 0.018526 0.015886 0.253404 0.896638 1.368068 
1.728300 1.107247 0.370976 0.330869 0.176714 0.278651 0.530465 0.746029 0.479128 0.292479 
0.204004 0.279805 0.025169 0.049464 0.757355 1.205118 1.118473 0.467231 0.171583 0.269195 
0.441919 0.293995 0.112938 0.082741 0.120107 0.196345 0.106036 0.115938 0.156952 -0.012567 
-0.276952 -0.002262 0.206890 0.122241 0.048591 0.041335 -0.010979 0.011950 -0.410619 -0.071800 
-0.095705 -0.063987 -0.058029 -0.039152 -0.120602 -0.059762 0.009388 0.000771 -0.001693 -0.006428 
0.062154 0.208073 0.503899 0.180956 0.064706 0.030120 -0.093468 0.027090 -0.009023 -0.007729 
-0.124777 -0.057042 0.036279 -0.038505 0.256157 0.423310 0.353088 0.263538 0.169119 -0.007481 
-0.051044 -0.019261 -0.010722 0.102272 0.031028 0.054418 0.167372 0.483003 0.914524 1.201635 
1.198140 0.527129 0.281184 0.233404 0.144125 0.186336 0.453885 0.419392 0.371459 0.164845 
0.088098 0.315065 0.073808 0.042844 0.817956 1.067702 0.723399 0.231978 0.169779 0.253898 
0.257185 0.135637 0.079074 0.039902 0.075009 0.122657 0.085512 0.104451 0.124833 -0.018268 
-0.234074 -0.063834 0.175598 0.137895 0.114898 0.352735 0.427636 0.872420 0.555946 0.832098 
0.264212 0.041443 0.011620 0.127931 -0.111021 -0.063946 0.053637 0.032458 0.028415 -0.053574 
0.166977 0.146509 0.068195 0.022530 0.000997 0.029091 -0.098872 -0.025413 -0.052101 0.011486 
-0.207418 0.017092 0.059237 0.018735 0.594715 0.691537 0.320761 -0.069767 -0.012870 -0.031689 
-0.107883 0.084036 0.155890 0.153046 0.361641 0.319568 0.554235 0.719688 0.380965 0.126807 
0.034430 0.031008 0.075646 0.084373 0.041163 0.035245 0.093943 0.050276 0.107674 0.214142 
0.142702 0.113713 0.097582 0.043556 0.443277 0.416583 0.206772 0.172988 0.197317 0.240671 
0.207573 0.094574 0.182858 0.096082 0.053370 0.097974 0.063916 0.106271 0.115667 -0.021227 
-0.312110 -0.077230 0.163128 0.153014 0.156117 0.328135 0.273255 0.199466 0.224421 0.407322 
0.179311 0.070737 0.062829 0.168929 -0.005498 0.084525 0.223605 0.061494 0.046517 0.007041 
0.129442 0.182471 -0.081791 0.014272 -0.070423 0.002200 -0.040299 0.009450 0.016426 0.320887 
0.031268 0.080853 0.364022 0.538678 1.443176 0.932592 0.242017 -0.049518 -0.032061 -0.012999 
0.020044 0.177996 0.296103 0.278385 0.338013 0.436250 0.512935 0.281853 0.202481 0.074703 
0.014473 0.023596 -0.017430 0.041833 0.013118 0.050489 0.038645 -0.022848 0.025629 0.133727 
0.209400 0.062403 0.005328 0.032898 0.206801 0.119171 0.162300 0.095651 0.130997 0.135781 
0.142609 0.090506 0.097029 0.125974 0.215257 0.064489 0.028616 0.098681 0.145557 -0.007508 
-0.376136 -0.061304 0.156032 0.173626 0.173123 0.221880 0.088576 0.006887 -0.048430 -0.078870 
0.004457 0.021535 0.078160 0.269200 0.284503 0.482869 0.453408 0.462965 0.254091 0.103078 
0.048633 0.074131 -0.091164 0.005618 0.043988 0.532926 0.474087 0.422663 0.722985 0.943132 
0.510084 0.483797 1.153394 1.733839 1.816485 0.739114 0.182147 0.180515 0.057004 0.044168 
0.249334 0.245998 0.327683 0.515520 0.373467 0.569475 0.605505 0.433158 0.163033 0.024040 
-0.049824 -0.104399 -0.065598 0.002936 -0.081904 0.056908 0.031678 -0.003478 -0.012839 0.004758 
0.073531 0.020513 -0.001774 0.008555 0.067697 0.104049 0.195280 0.074698 0.104107 0.058593 
0.077603 0.108217 0.135524 0.238703 0.231125 0.101486 0.073375 0.065306 0.154808 -0.031703 
-0.358618 -0.087614 0.135022 0.116141 0.057657 0.070767 -0.085979 -0.113830 -0.146459 -0.149485 
-0.118303 -0.066861 0.344826 0.443501 0.308135 0.411270 0.492398 0.511515 0.098247 0.102372 
0.099226 0.061253 -0.021513 -0.023065 0.281103 0.468981 0.644864 0.646422 0.835376 0.735677 
0.452123 0.572052 1.028210 1.018175 1.148398 0.315994 -0.013093 0.171736 0.177105 0.034716 
0.287959 0.232863 0.275312 0.317667 0.197873 0.226363 0.277095 0.187266 0.087956 0.104690 
0.114312 -0.260906 -0.096092 -0.057930 -0.086112 -0.067507 0.015422 -0.020258 -0.001904 -0.148125 
-0.033366 0.011159 -0.067542 -0.110555 -0.036490 0.036421 0.064402 -0.028994 0.061203 0.050312 
0.081492 0.080368 0.087815 0.109613 0.071069 0.146219 0.159110 0.045842 0.213193 0.007913 
-0.347756 -0.047901 0.136334 0.105939 -0.043967 -0.026021 -0.127938 -0.096750 -0.159879 -0.043706 
0.143660 0.518595 0.764265 0.306814 0.137063 0.127793 0.230610 0.227617 -0.002683 -0.034870 
-0.023178 -0.118016 -0.050959 -0.017376 0.254318 0.438577 0.191629 0.274139 0.238999 0.059904 
0.102686 0.112550 0.067282 -0.082559 -0.020880 0.081598 -0.044795 0.111675 0.164123 -0.042573 
0.080832 0.202167 0.154201 0.171871 0.123284 0.079392 0.067511 0.046521 0.070759 0.338961 
0.423250 0.272482 0.096483 0.024609 0.078184 0.061973 0.105517 0.178009 0.264901 0.000225 
0.010195 0.142376 -0.002118 -0.072210 0.026214 0.010724 0.046432 -0.085997 -0.017987 0.133841 
0.225706 0.152485 -0.045495 -0.013664 0.003207 0.167087 0.139265 0.036185 0.129869 0.001701 
-0.353254 -0.021783 0.083925 0.042493 -0.073653 -0.039705 -0.046820 -0.107082 -0.029346 0.249596 
0.415641 0.504269 0.473605 0.138636 0.130060 0.067688 0.087909 0.092929 0.017704 0.013086 
0.012570 -0.071077 -0.062264 0.197436 0.319937 0.499854 0.172445 0.213861 0.189367 -0.039987 
-0.019004 -0.013493 -0.065408 -0.030281 -0.049402 -0.092917 -0.020247 0.101203 0.110578 0.041880 
0.087916 0.138912 0.096837 0.002755 0.035495 0.045858 0.049042 0.041129 -0.005016 -0.039111 
0.011847 0.050861 -0.000592 0.025944 0.156806 0.131132 0.078654 0.198148 0.267254 0.124628 
0.108711 0.201107 0.096002 -0.003470 -0.036887 -0.066810 -0.044231 -0.029170 -0.010631 0.116098 
0.133206 0.194880 -0.009172 -0.012470 -0.000434 0.040416 0.100287 0.066807 0.148537 -0.024102 
-0.358811 -0.039852 0.012817 -0.007988 -0.062417 -0.117736 -0.038690 0.162874 1.262323 1.198988 
0.569539 0.250515 0.208975 0.158570 0.050929 0.003507 0.075293 0.053605 0.046294 0.376625 
0.414551 0.471745 0.670173 1.044245 1.357599 0.472413 0.262594 0.109960 0.019525 0.032904 
0.007944 0.040866 0.061902 0.335541 0.572612 0.149605 0.104926 0.056941 0.140546 0.371079 
0.573200 0.193561 0.023366 0.003040 -0.020990 0.015274 0.071797 0.142645 0.074461 -0.011174 
0.045907 0.079423 -0.018931 -0.032989 -0.023160 -0.008379 0.023151 0.175517 0.117726 0.074542 
0.081908 0.082068 0.007046 0.023576 -0.098449 -0.060029 0.019095 -0.091611 0.005740 0.064504 
0.009857 0.118041 -0.000229 0.006322 0.048035 0.014415 0.096331 0.139650 0.222048 -0.046092 
-0.359332 -0.020741 0.088191 0.054658 0.174281 0.108882 0.056982 0.388640 1.289259 0.662153 
0.188412 -0.017183 0.069993 0.093433 0.040377 -0.050884 0.020380 0.023884 0.111335 0.359241 
0.432514 0.425529 0.884624 0.642465 0.728103 0.163348 0.150816 0.095387 0.067834 0.115578 
0.024337 0.145790 0.203080 0.245164 0.483101 0.162994 0.192709 0.044387 0.075109 0.202319 
0.428366 0.310978 0.091385 0.074960 -0.097685 -0.007521 0.125211 0.193796 -0.110082 -0.115941 
-0.083051 -0.010917 -0.118826 -0.107746 -0.067750 -0.047575 -0.049825 0.036331 0.051859 0.053392 
0.101208 0.076149 0.033492 0.119238 -0.144988 -0.108331 0.171092 -0.044418 0.044204 0.150900 
0.101318 0.060909 -0.064783 0.030567 0.182295 0.217094 0.118339 0.222080 0.190265 -0.023882 
-0.354110 -0.020340 0.211848 0.198519 0.731769 0.735888 0.527669 0.113680 0.083075 0.020580 
-0.048429 -0.114857 -0.021712 0.025518 0.127857 -0.089626 -0.009642 0.003048 0.082365 0.074081 
-0.024220 0.043874 0.201407 -0.065836 -0.069021 -0.021378 0.024157 0.038886 0.075117 0.110372 
0.070563 0.201124 0.238366 0.134194 0.357674 0.067131 0.192921 -0.004581 -0.063677 0.050975 
0.167642 0.071750 0.044668 0.040830 -0.070355 -0.096444 0.059151 0.065531 0.057396 0.079193 
0.044754 0.088109 0.090708 -0.007985 0.134203 0.236738 0.062788 -0.047778 0.063393 0.076514 
0.127661 0.149326 0.026365 0.067857 -0.003039 0.173255 0.798788 0.445771 0.179517 0.144576 
0.076456 0.066541 0.011140 0.061368 0.151592 0.238617 0.140820 0.208547 0.179145 -0.021919 
-0.353542 0.019611 0.243295 0.328607 0.375612 0.438261 0.857806 -0.041946 -0.098440 -0.094134 
-0.100575 0.005572 -0.047828 -0.001066 0.095785 -0.025151 0.008888 0.034458 -0.087354 -0.014999 
0.023709 -0.008651 0.093315 0.059285 -0.109130 -0.001107 0.052604 0.062284 0.055260 0.107819 
0.112319 0.123525 0.167937 0.064053 0.157920 0.009534 0.082740 -0.036303 -0.049357 0.032501 
0.071330 0.015106 0.060254 0.098905 0.040444 -0.010124 -0.122395 0.033578 0.809914 1.012715 
1.079671 1.165395 0.881637 0.439388 0.961594 0.836382 0.231484 -0.001455 0.111269 0.139003 
0.132066 0.112275 0.055652 0.060643 0.135793 0.462313 1.342311 0.888419 0.217454 0.175420 
0.098527 0.173658 0.119784 0.128168 0.269961 0.128839 0.098309 0.114576 0.104872 -0.049385 
-0.309771 0.058002 0.246673 0.193934 0.206911 0.313447 0.054956 -0.075541 -0.122491 -0.117203 
-0.142354 -0.026670 0.007542 -0.017362 -0.018752 -0.013994 0.060190 -0.016305 -0.104900 0.025232 
0.060358 0.072230 0.085788 0.192406 0.122214 0.026796 0.138781 0.061800 0.037003 0.162120 
0.100668 0.167096 0.142718 0.120777 -0.044427 -0.094479 -0.101772 -0.059249 -0.005599 0.010233 
0.072978 0.045553 0.105301 0.098682 0.253179 0.524892 0.523758 1.151245 1.702571 1.908378 
1.962452 1.855326 1.301825 1.188387 2.026409 0.576998 0.136126 0.009328 0.109487 0.166024 
0.161171 0.151642 0.050371 0.063424 0.249144 0.912821 1.526928 0.518369 0.163619 0.199971 
0.164587 0.221044 0.238155 0.132116 0.245370 0.179172 0.065975 0.099918 0.125796 -0.088308 
-0.338869 -0.081590 0.243901 0.159339 -0.033250 0.176368 -0.102121 -0.066606 -0.114403 -0.119505 
-0.169558 -0.165809 -0.038301 -0.027759 -0.105987 -0.025848 0.044612 -0.038399 -0.027161 0.149364 
0.086537 0.225847 -0.005509 0.120382 0.376610 0.114557 0.161762 0.064429 -0.006111 0.059346 
-0.016868 0.117628 0.087804 0.224642 0.040510 -0.076460 -0.032381 0.000817 0.070763 0.012866 
0.026869 0.016940 0.070734 0.033086 0.132530 0.716284 0.996626 1.218595 1.268851 1.505578 
1.416334 1.101623 0.760222 0.822746 1.233914 0.143310 0.033394 0.029662 0.033629 0.130822 
0.115851 0.140455 0.006951 0.044993 0.192090 0.869785 1.560205 0.491090 0.097895 0.149068 
0.130945 0.129361 0.143472 0.125872 0.097041 0.158945 0.071150 0.108467 0.144799 -0.077056 
-0.370034 -0.097732 0.212958 0.169590 -0.035586 0.128935 -0.093598 -0.058303 -0.064839 -0.012411 
0.005524 -0.164857 -0.080361 -0.041842 -0.079709 -0.010340 0.083939 0.024213 0.097523 0.448795 
0.186534 0.078202 0.027348 0.071716 0.280590 0.110560 0.149855 0.058552 -0.029408 0.017061 
-0.008293 0.049993 -0.003400 0.221318 0.165682 0.014369 0.056426 -0.208129 -0.008165 -0.043359 
-0.016055 0.022191 -0.000911 -0.050614 -0.008118 0.235362 0.225509 0.224258 0.252331 0.268975 
0.246243 0.155343 0.046766 0.066508 -0.017649 -0.035142 0.014753 0.040348 0.012073 0.090769 
0.085375 0.050410 0.032917 0.044944 0.060855 0.304243 0.975246 0.531181 0.094223 0.103349 
0.105219 0.064715 0.076197 0.070566 0.099601 0.131177 0.067061 0.101303 0.137895 0.011469 
-0.334638 -0.022350 0.260500 0.178345 0.025099 0.117633 -0.022661 0.011553 -0.015682 0.027659 
0.034990 -0.147576 -0.040290 -0.050100 -0.001423 -0.108259 0.039930 0.059497 0.203144 0.221064 
0.206367 0.002316 -0.054916 0.019940 0.068123 0.023483 0.030001 -0.013325 -0.100649 -0.091028 
-0.118325 -0.116842 -0.101549 -0.133116 0.057534 0.126322 0.437229 0.048628 0.111748 0.015465 
-0.067505 0.008524 -0.029010 -0.042161 -0.005770 0.198511 0.144759 0.062745 0.071729 0.043166 
0.029213 -0.043506 -0.025084 -0.057871 -0.122121 -0.008681 0.029110 0.021133 -0.001417 0.063547 
0.032841 -0.066205 0.014201 0.021707 0.212567 0.629799 1.568652 0.475780 0.063504 0.076522 
0.081858 0.031809 0.050656 0.039744 0.129151 0.135542 0.059473 0.120437 0.114851 0.004682 
-0.236448 0.038305 0.238084 0.158287 0.007775 0.109722 0.003054 0.118483 -0.041668 0.031273 
-0.017575 -0.107239 -0.038944 -0.067904 0.001997 -0.203056 0.013785 -0.006890 -0.032950 0.092174 
0.042295 0.095740 0.042864 -0.024932 0.038685 0.029392 -0.109508 -0.018270 -0.105686 -0.151177 
-0.182526 -0.200483 -0.178343 -0.215706 -0.052500 0.195479 0.663087 0.433659 0.107015 0.032392 
-0.075140 0.013304 0.017200 0.203305 0.331637 0.294261 0.134664 0.024669 0.034827 0.037497 
-0.011935 -0.059041 -0.059499 -0.094328 -0.068063 0.044489 -0.075793 0.003220 -0.017622 0.030449 
0.004793 -0.115478 0.015520 0.132446 0.809927 1.268923 1.556215 0.256043 0.002048 0.069926 
0.054936 0.035019 -0.020019 0.035575 0.100500 0.108445 -0.014549 0.084542 0.219328 -0.057227 
-0.198731 -0.060266 0.176846 0.199873 -0.072310 0.038065 0.061058 0.167907 -0.099032 0.027543 
0.091958 -0.162275 -0.091979 -0.095798 -0.083121 -0.260929 -0.081776 -0.031596 -0.057928 -0.020773 
0.003908 0.040337 0.014872 -0.038188 -0.065947 -0.038165 -0.062549 0.009224 -0.013799 0.041164 
0.098251 0.041370 -0.088759 -0.067752 -0.098232 0.070548 0.398499 0.127878 0.062029 -0.027231 
0.034898 0.063984 0.074471 0.122735 0.301495 0.025283 0.026464 0.019189 0.022891 0.037066 
0.030197 -0.018254 -0.116984 -0.078638 -0.105260 -0.047112 -0.066919 -0.024145 -0.076689 0.016638 
-0.051263 -0.170848 -0.039837 0.143127 0.630862 0.750985 0.668246 -0.000925 -0.009542 0.040351 
0.075351 0.100489 0.000734 0.014467 0.043284 0.144236 -0.032257 0.024606 0.253454 -0.020585 
-0.275391 -0.150002 0.255749 0.273273 -0.055024 0.068338 0.018259 0.104854 0.254096 0.849725 
0.800016 0.200056 -0.005152 0.055115 0.133006 0.005507 -0.063788 -0.045251 0.107405 -0.046409 
-0.032770 -0.018179 -0.029996 -0.063438 0.001927 -0.049680 -0.046005 0.006137 0.145988 -0.539437 
0.086371 0.074811 -0.111668 -0.052114 -0.106841 -0.050929 0.024543 -0.055513 0.100287 0.125513 
0.117604 0.081625 0.015892 -0.027320 0.040769 -0.011984 0.029439 0.080670 0.070181 -0.074340 
-0.039740 0.065289 -0.009818 0.024736 0.165302 0.202446 0.219499 0.155733 -0.067710 0.087786 
0.147713 -0.006983 0.000828 0.018283 -0.003640 0.059582 0.026212 0.040112 0.089443 0.068634 
0.164356 0.173062 0.027552 0.029075 0.038531 0.188042 0.019705 0.134165 0.274585 -0.059233 
-0.308081 0.006739 0.215405 0.237192 0.039183 0.156717 -0.032337 0.090554 0.340566 0.896081 
0.716519 0.278465 0.084288 0.152579 0.211255 0.258686 0.050987 -0.032915 0.078190 0.027062 
0.040709 -0.034270 0.000474 0.011746 0.090942 -0.001097 0.033078 0.119670 0.852904 0.168012 
0.269549 0.384869 -0.026741 0.129681 0.026489 0.091437 -0.071848 -0.024712 0.103533 0.160074 
0.058713 0.038494 0.021699 -0.011123 -0.042206 0.045926 0.004436 0.008619 0.127294 0.136791 
-0.089512 0.049651 0.004424 0.051098 0.287258 0.301158 0.222011 0.209680 0.008378 0.229618 
0.225835 0.092263 0.088183 0.027888 -0.073183 -0.103282 -0.122617 -0.066138 0.110857 0.100354 
0.176163 0.103040 0.018626 0.034280 0.065239 0.106150 0.031289 0.073967 0.320320 -0.022324 
-0.189028 0.047904 0.126370 0.221630 0.078762 0.239413 -0.021182 0.084945 0.231295 0.457646 
0.229765 0.227070 -0.025760 0.069247 0.118393 0.075518 0.082358 0.018167 -0.034778 0.033334 
-0.050647 0.003911 0.013630 0.031319 0.115121 0.090425 0.030627 0.100701 0.013928 -0.311912 
0.058704 0.135404 0.113617 0.295573 -0.004625 0.038056 -0.043854 0.015911 0.027552 0.070821 
0.054814 -0.000211 -0.036645 0.000667 -0.037932 0.003960 -0.019835 -0.016923 0.034243 0.002327 
-0.059278 0.016601 0.002394 0.162837 0.271559 0.070742 0.088747 0.150849 0.077663 0.202362 
0.243651 0.149921 -0.040987 -0.008595 -0.118316 -0.135438 -0.144007 -0.110347 0.093639 0.098799 
0.166635 0.065728 0.040342 0.038181 0.066473 0.117741 0.045312 -0.076494 0.232207 0.010133 
-0.183507 -0.011298 0.161441 0.213889 0.092041 0.165915 0.023101 0.126598 0.235397 0.293262 
0.236797 0.116242 -0.076353 0.000583 0.051211 -0.169700 -0.009768 -0.021981 -0.083970 0.008477 
-0.118225 -0.085711 0.025974 0.077456 0.062721 0.101295 0.085555 0.011399 -0.089656 -0.097800 
-0.136557 1.132858 1.350702 0.415695 -0.021130 -0.089284 -0.089476 -0.067624 -0.038913 0.037482 
-0.001693 0.023014 0.089829 -0.008514 -0.045633 0.015192 0.008670 0.032515 0.008574 -0.012706 
-0.067667 0.018089 -0.085138 0.115615 0.095092 -0.050195 0.033731 0.036334 0.069591 0.071142 
0.113203 0.219280 -0.071600 -0.006828 -0.142052 -0.136197 -0.130269 -0.103820 0.050457 0.102171 
0.017292 0.017883 -0.028896 -0.018399 0.016739 0.070645 0.028181 -0.110659 0.246513 0.044586 
-0.352576 -0.043524 0.212997 0.092119 0.114960 0.115018 0.033851 0.083760 0.201948 0.287231 
0.202747 0.097805 0.008961 0.209746 0.213568 -0.273826 -0.124326 -0.081148 -0.064592 -0.003014 
-0.016003 -0.094905 0.008147 0.021517 0.069137 0.042538 0.137468 0.105991 0.352128 -0.067625 
-0.202203 0.357185 0.274029 0.643169 -0.050748 -0.074068 -0.111478 -0.083537 -0.062980 -0.055432 
0.064296 0.075694 0.094041 0.106929 -0.049114 0.001224 0.045372 -0.003794 0.063767 0.133002 
0.127565 0.376325 0.369388 0.336098 0.192883 -0.045402 0.003125 0.016095 0.050022 0.080748 
0.132446 0.150715 -0.027655 0.007268 0.041749 -0.052484 -0.058649 -0.049772 -0.039395 0.075070 
-0.045913 -0.004959 -0.022745 -0.034644 -0.023651 0.020499 0.022501 -0.141423 0.256646 0.050673 
-0.291982 0.008390 0.292977 0.126517 0.110399 0.158071 0.082312 0.109889 0.163668 0.245965 
0.092420 -0.026992 -0.087119 0.182037 0.065172 -0.080746 -0.145788 -0.073213 -0.097149 -0.057941 
0.057401 -0.052064 -0.003012 0.041652 0.013091 -0.012467 -0.063414 -0.005047 0.143414 -0.088811 
0.137045 1.261863 0.852213 -0.171174 -0.156317 -0.110076 -0.125192 -0.132264 -0.033363 -0.013829 
0.091749 0.134494 0.071160 0.034675 0.001236 0.058777 0.023066 0.047625 0.125745 0.402716 
0.248230 0.439251 0.408729 0.146379 0.121501 0.024885 0.000845 -0.036149 0.015659 0.100915 
0.106885 0.066532 0.012687 -0.003376 -0.035464 -0.072087 -0.008993 0.014024 -0.030234 0.080789 
-0.001700 -0.010443 -0.018740 -0.043562 -0.024068 0.057604 0.081793 -0.088600 0.340096 0.001820 
-0.254872 0.013245 0.205686 0.205648 0.061558 0.116047 0.140087 0.094197 0.138702 0.159328 
0.049786 0.006484 0.018054 -0.081372 -0.022814 -0.002820 -0.138641 -0.027165 -0.111459 -0.101163 
-0.021377 -0.024880 0.017709 -0.004208 -0.014113 0.015853 -0.139629 -0.161429 -0.027386 -0.028280 
0.311201 0.145373 -0.011491 -0.120802 -0.160995 -0.171394 -0.157534 -0.149994 -0.078039 -0.035484 
0.088122 0.092291 0.100857 -0.034095 0.012520 0.067459 0.012003 0.037359 0.142413 0.544045 
0.603747 0.378988 0.141582 0.063865 0.051464 0.042583 0.010291 -0.057050 0.045267 0.049336 
-0.008893 -0.015494 0.006777 0.023965 -0.178304 -0.121742 0.033969 -0.095075 -0.046566 0.045582 
-0.013546 -0.063097 -0.061679 -0.056938 -0.014911 0.087156 0.226470 0.031261 0.457927 0.002124 
-0.216378 -0.009210 0.219489 0.220738 0.140173 0.121526 0.121001 0.087330 0.062158 0.129873 
0.106233 0.049767 -0.105026 -0.086572 -0.050234 -0.054804 -0.176692 -0.084655 -0.125358 -0.168304 
0.000065 0.056311 0.063512 -0.012214 -0.000907 -0.042363 -0.085552 -0.107635 -0.195808 -0.148884 
-0.238185 -0.150626 -0.150331 -0.144847 -0.166911 -0.192651 -0.078445 -0.075112 -0.032484 -0.056246 
0.038527 0.029059 0.040825 0.040109 -0.007472 0.009945 0.049942 0.050247 0.172216 0.348416 
0.352281 0.193300 0.091789 0.055602 0.073815 0.056765 0.039847 -0.086281 0.025240 -0.002541 
-0.006070 -0.030351 0.023144 0.036407 -0.200698 -0.013630 0.564607 0.054168 0.077453 0.044170 
0.049475 -0.016814 -0.024478 0.003280 -0.003793 0.118576 0.244305 0.051049 0.377063 -0.033619 
-0.208744 -0.067304 0.243586 0.159631 0.086876 0.203394 0.082552 0.141810 0.021088 0.245443 
0.040536 0.038002 -0.088117 -0.035337 -0.082010 -0.160478 -0.141368 -0.005853 0.411423 -0.115198 
-0.028415 0.073345 0.048266 0.077301 -0.001562 -0.022698 -0.091398 -0.111983 -0.227994 -0.182985 
-0.264522 -0.232036 -0.209316 -0.198924 -0.224314 -0.145743 0.163688 -0.067699 0.057271 0.009739 
-0.027259 0.010691 0.004563 0.057385 0.062198 -0.021180 0.074902 0.182309 0.228074 -0.056523 
0.054218 0.080080 0.093585 0.049217 0.029359 0.049985 0.092804 -0.115201 -0.037247 0.023109 
0.023650 0.023079 -0.028049 -0.049342 0.022839 0.360822 0.752070 0.375874 0.137007 0.130158 
0.184507 0.083833 0.010923 0.038575 -0.026666 0.128065 0.108618 -0.040276 0.094336 -0.079341 
-0.283858 0.014863 0.165529 0.293792 0.093255 0.129879 0.082863 0.109421 0.236012 0.454394 
0.078151 0.087522 -0.046700 0.066725 -0.080472 -0.169743 -0.035397 0.066275 0.531489 0.028266 
0.037547 -0.018047 0.014308 0.014307 -0.010975 -0.042488 -0.041233 -0.001768 -0.109765 -0.075802 
-0.133926 -0.105896 -0.096414 -0.087005 -0.158689 -0.023193 0.277259 -0.049460 -0.048630 -0.012451 
0.003754 -0.005607 0.060819 0.028861 0.081848 0.008002 0.018768 0.119214 0.199287 0.062806 
0.053358 0.091383 0.115425 0.061932 0.057372 -0.035182 0.113996 -0.000778 -0.071989 0.009604 
0.039287 0.079752 -0.040490 -0.046002 0.198390 0.416773 1.093264 0.863357 0.219483 0.176983 
0.280511 0.114159 -0.008695 0.051940 0.089625 0.135251 0.125192 0.007947 0.018653 -0.075788 
-0.271959 0.033053 0.254734 0.169344 0.089859 0.104691 0.082908 0.273386 0.749743 0.721838 
0.202552 0.304870 0.150696 0.184644 -0.011643 -0.180177 -0.077539 -0.127402 0.094992 -0.057695 
0.085976 0.001231 -0.047106 0.025836 0.011580 0.047316 0.100974 0.050113 -0.006698 -0.049590 
-0.074988 -0.037404 -0.065522 -0.069931 -0.033596 -0.028702 0.007527 0.001933 -0.047016 -0.003637 
0.131989 -0.023937 0.066800 0.055798 0.093272 0.075328 0.017400 0.015546 0.068378 0.140470 
0.036514 0.049108 0.060222 -0.016314 0.051514 -0.019534 0.056872 -0.018849 -0.071008 0.030378 
0.038029 0.105671 -0.009764 0.057717 0.750707 1.195345 1.700181 0.545931 0.260571 0.291196 
0.213238 0.080686 -0.002962 0.054075 0.055043 0.155657 0.094224 0.020251 0.021240 -0.077901 
-0.330244 0.003728 0.265723 0.213799 0.074179 0.154347 0.016757 0.177489 0.383811 0.157173 
0.109218 0.168456 0.122213 0.184361 0.006311 -0.030485 -0.116125 -0.183492 0.261930 0.111273 
0.043767 0.000174 -0.049637 -0.034425 -0.027182 0.006891 0.055768 0.036977 -0.039410 -0.109339 
-0.070402 -0.067859 -0.102965 -0.043813 -0.079224 -0.062203 0.024648 -0.112237 -0.056905 -0.051186 
0.078634 -0.028137 -0.002590 0.025674 0.035028 -0.006468 0.038252 0.043468 0.031533 0.092527 
0.071164 0.103385 0.054826 -0.089969 0.029407 -0.003270 -0.046304 -0.056525 -0.043670 0.019454 
0.020237 0.075511 0.024436 0.153028 0.655284 0.771728 0.878576 0.175932 0.087030 0.138946 
0.048041 0.053631 0.006963 -0.057908 0.043178 0.080769 0.027907 0.001360 0.001480 -0.135943 
-0.306849 0.019881 0.229618 0.203721 0.107732 0.127542 -0.033047 0.082301 0.126306 -0.062724 
0.069595 0.098774 0.034513 0.006086 0.045607 0.070190 -0.162915 -0.186670 0.671534 0.121361 
0.041349 -0.006202 -0.032225 -0.009188 -0.044849 0.000610 0.101775 0.036494 -0.053434 -0.080118 
-0.068403 -0.085110 -0.103662 -0.046408 -0.158596 -0.154035 0.012317 -0.033901 -0.037124 -0.077052 
0.024525 0.017117 -0.014031 0.055942 0.035614 -0.037286 0.051023 0.036435 0.020380 0.101391 
0.118503 0.123370 0.236554 0.119753 0.156404 0.070745 0.030713 0.007440 -0.018893 0.027549 
-0.016522 0.022432 -0.015663 0.011986 0.046878 0.104295 0.124600 -0.022415 0.071475 0.015750 
0.027642 0.051480 -0.031325 -0.099636 0.000312 0.032939 0.010027 -0.027083 0.037585 -0.102144 
-0.305026 0.026773 0.118370 0.130271 0.115907 0.059292 -0.029014 0.020177 0.050086 0.002332 
0.004848 0.013671 -0.005870 -0.032550 -0.157424 -0.053488 0.156471 0.516306 2.294729 0.511651 
-0.095281 -0.087301 -0.011475 -0.015746 -0.018093 -0.042309 0.032681 0.017347 -0.061417 -0.040501 
-0.015837 -0.022817 -0.042121 -0.026801 -0.036256 -0.041539 0.015071 0.023989 -0.054578 -0.056067 
-0.007563 -0.002920 0.015891 0.019973 0.024355 0.025891 0.074689 0.059851 -0.003281 0.099292 
0.088961 0.101258 0.182640 0.167536 0.039447 0.012456 0.028736 0.012095 -0.010949 0.008169 
0.011945 0.035839 -0.051526 -0.034618 -0.046792 0.012822 -0.032469 -0.099363 0.013171 0.063917 
-0.038686 -0.036086 -0.074614 -0.062977 -0.011953 0.050372 -0.049400 -0.034944 0.147882 -0.156135 
-0.289805 0.090880 0.128993 0.160087 0.094744 0.167456 0.165395 0.150306 0.176376 0.079646 
0.078792 0.177157 0.337806 0.396199 0.501720 0.664053 1.711921 2.061078 2.588610 0.162866 
-0.165784 -0.147898 0.004823 -0.002403 -0.005052 0.019303 -0.001563 0.041157 0.074475 0.085258 
0.055674 0.024176 0.040600 0.015145 -0.039955 -0.194922 -0.084078 -0.013198 -0.052704 -0.074338 
-0.038838 -0.009130 -0.014160 -0.013963 0.000815 0.007273 0.041202 0.028776 0.014649 0.052838 
0.064020 0.038248 0.059668 0.097198 -0.054397 -0.000439 0.002133 -0.004336 -0.007582 -0.080528 
-0.006716 0.011918 -0.052754 -0.021315 0.024826 -0.060966 -0.112412 -0.107320 -0.045349 -0.002174 
-0.050626 -0.048431 -0.067485 -0.050212 0.103072 0.092813 0.006148 -0.030540 0.051277 -0.100242 
-0.288347 0.090389 0.099447 -0.068925 0.063486 0.050428 0.040184 -0.012102 0.145707 0.124296 
0.070370 0.178160 0.268494 0.377530 0.587409 0.984601 1.683090 1.589182 1.475324 0.011380 
-0.154926 -0.076212 -0.018331 0.001726 -0.044373 -0.049251 -0.015348 -0.020006 -0.055987 -0.008834 
-0.002255 -0.043966 -0.016376 -0.022627 -0.080076 -0.168425 -0.031015 -0.070873 -0.047404 -0.024815 
-0.134856 -0.064186 -0.058542 -0.036265 -0.018740 -0.018705 0.039019 0.022235 -0.015284 -0.001150 
0.023771 -0.023786 -0.003413 0.005646 -0.053256 -0.003362 -0.068562 -0.069735 -0.050715 -0.036142 
-0.046337 -0.056669 -0.075432 -0.073296 -0.106193 -0.157548 -0.080117 -0.157124 0.009992 0.014098 
-0.020913 -0.027889 -0.029093 0.011631 0.241814 0.104032 0.017444 0.035436 0.049398 -0.047129 
-0.338463 -0.025646 0.218347 0.062415 -0.002125 0.058091 -0.004209 0.028547 0.114417 0.014032 
0.128852 0.130240 0.187816 0.149872 0.158039 0.226561 0.284241 0.268202 0.080940 0.027652 
-0.046605 -0.000477 -0.034124 -0.046241 -0.059129 -0.045003 -0.047060 -0.034766 0.144236 0.324556 
0.338116 0.250162 0.164866 0.317537 0.353888 0.018757 -0.008107 -0.095034 0.037506 0.062253 
-0.094883 -0.065685 -0.055086 -0.019272 0.017850 0.007297 0.043637 0.054771 0.063534 0.054669 
0.054595 -0.002504 -0.021136 -0.007838 -0.011084 0.006511 0.075448 0.020341 0.073144 0.098938 
-0.020655 -0.053627 -0.059887 -0.061710 -0.115380 -0.128811 0.064323 -0.153445 0.028544 0.050071 
0.116322 0.064517 0.100477 0.163964 0.231823 0.124719 0.010924 0.047442 0.146661 0.011579 
-0.217680 -0.062371 0.070100 0.096163 0.088014 -0.150388 -0.066143 -0.022373 -0.031977 -0.099887 
-0.198380 -0.006828 0.138824 -0.308421 -0.175789 -0.041835 -0.055056 -0.031485 -0.042027 -0.046789 
0.120846 0.179345 0.021307 -0.013709 0.102315 0.067931 0.048816 0.123900 0.378478 0.611406 
0.577847 0.389119 0.149079 0.115849 0.076273 0.017483 0.023864 -0.086491 0.001022 -0.006781 
-0.067522 0.005342 -0.029533 -0.000057 0.038322 -0.019934 0.015168 0.038042 0.111960 0.020588 
-0.012602 -0.015459 -0.045720 -0.032759 -0.026756 0.006353 0.218999 0.101670 0.092865 0.011325 
-0.038830 -0.052281 -0.061070 -0.033854 -0.137376 -0.096970 0.051101 -0.023901 0.115580 0.140827 
0.242200 0.081183 0.034210 0.132340 0.136563 0.096692 0.135849 0.126668 0.252757 0.029882 
-0.142588 -0.091836 0.063502 0.053695 0.019106 -0.027552 0.010636 -0.046818 -0.067595 -0.191423 
-0.451663 -0.419293 -0.334218 -0.500047 -0.482733 -0.285501 -0.136104 -0.088132 0.026369 0.155052 
0.369073 0.477955 0.244397 0.110267 0.631875 0.290734 0.128243 0.479820 0.719637 0.609715 
0.188807 -0.038050 -0.022375 0.003240 -0.093089 0.063625 0.108430 -0.013736 0.042050 0.035083 
0.018540 0.010966 -0.010322 -0.014439 -0.028720 -0.010949 0.050554 0.089077 0.158988 0.050609 
-0.004913 -0.016461 -0.034564 -0.044852 -0.015893 0.122208 0.316933 0.211688 0.082399 -0.016402 
-0.042156 -0.060528 -0.050519 -0.060472 -0.076581 -0.085121 0.134225 0.202961 0.213615 0.217745 
0.343630 0.140473 -0.097626 -0.023726 0.073488 0.098542 0.111942 0.081744 0.053599 0.045843 
-0.159836 -0.396243 -0.118841 0.162073 0.082359 0.181806 0.035044 -0.352191 -0.300745 -0.297456 
-0.275794 -0.204472 -0.384350 -0.224244 -0.202429 -0.109500 -0.410028 -0.014472 0.039682 0.267164 
0.146798 0.233317 0.229288 0.107724 0.324784 0.291856 0.223514 0.259754 0.390485 0.319079 
0.059983 0.062182 -0.030311 0.029185 -0.152779 -0.037900 -0.047703 -0.060286 -0.037657 -0.046177 
-0.028007 -0.066232 -0.061668 -0.112192 -0.081950 -0.050368 -0.052752 0.011778 0.013487 0.005165 
-0.053720 -0.020002 0.009925 -0.090940 0.001864 0.056578 0.067379 0.061426 0.037780 0.030689 
-0.009682 0.019332 -0.023235 -0.029025 -0.017946 -0.098049 0.116054 0.152883 0.109252 0.147495 
0.236266 0.108392 -0.042511 -0.049102 0.074144 0.149065 0.138680 0.121349 0.132181 0.232299 
-0.164774 -0.168689 -0.389740 -0.255774 0.076660 0.155055 -0.152150 -0.231083 -0.172657 0.023161 
-0.009226 -0.092077 -0.244762 0.849887 0.100534 0.066493 0.001901 -0.505102 -0.103979 0.093510 
0.055685 0.030284 0.007967 0.080556 0.092608 0.093636 0.157099 0.072301 0.071642 0.091757 
0.061894 0.093205 -0.036121 -0.035080 -0.143555 -0.008374 -0.126014 -0.134350 -0.111546 -0.127053 
-0.077255 -0.074030 -0.014689 -0.087855 -0.063404 -0.036032 -0.027727 -0.031996 -0.071810 -0.036650 
-0.025208 -0.014022 0.022311 -0.040449 -0.058624 -0.027557 -0.040927 0.006027 0.009378 0.001267 
0.003603 0.040219 -0.005603 0.070523 0.003029 -0.050767 0.074463 0.000714 0.143248 0.167078 
0.036531 0.138338 -0.046976 0.028553 0.102423 0.068772 0.123050 0.217659 0.301489 0.704073 
-0.227211 -0.134575 0.457410 -0.533449 0.072378 0.152302 -0.030109 0.054230 -0.057993 0.018162 
-0.457885 -0.400660 -0.310654 -0.119686 -0.211243 -0.378373 0.478057 -0.510481 -0.138324 0.075734 
0.051852 -0.004669 -0.061138 0.065974 0.070957 0.115103 0.145408 0.058162 0.033467 0.067368 
0.071911 0.026754 -0.052204 0.110867 0.110234 0.149371 0.067624 0.010976 -0.009253 0.050523 
0.098218 0.066876 0.161529 -0.066694 -0.067023 -0.071971 -0.022518 -0.050513 -0.091518 -0.053627 
-0.035202 -0.068194 0.010431 -0.087939 -0.086402 -0.059110 -0.046651 0.028555 0.012799 -0.107287 
-0.039473 0.029798 0.027586 -0.041436 0.259676 0.276874 0.700974 0.273074 0.261190 0.155531 
-0.025486 0.038449 0.001607 0.126149 0.291889 -0.115957 -0.006646 0.197110 0.320953 0.857520 
-0.146090 -0.205065 0.332757 -0.404429 0.232501 0.006091 -0.102954 -0.117472 -0.088906 -0.240994 
-0.457697 -0.445351 -0.248165 -0.363569 -0.142930 -0.077160 0.368729 -0.445596 -0.116327 0.036462 
-0.038858 0.037765 0.067630 0.225514 0.391753 0.281437 0.248568 0.024450 0.035271 0.050805 
0.056850 -0.007925 0.513875 0.925070 0.742935 0.764517 0.523084 0.602440 1.070675 1.052734 
0.885637 0.324456 0.257318 -0.101865 -0.094812 -0.070650 -0.045961 -0.059437 -0.033409 0.015629 
-0.060970 -0.038978 0.034382 -0.138769 -0.084846 -0.085406 -0.059772 -0.046825 -0.001811 -0.088162 
-0.022965 0.008950 -0.049412 0.018568 0.764288 1.113520 1.619642 1.044866 0.416795 0.131238 
-0.037225 0.025468 0.076584 0.321362 0.482587 0.038181 0.004117 -0.087478 0.228110 0.314671 
0.041870 -0.286327 0.745458 -0.384323 -0.209345 -0.004804 0.444386 -0.428113 -0.393999 -0.227156 
-0.376092 -0.502215 -0.276103 -0.523300 -0.131302 -0.265035 -0.124157 -0.410776 -0.440783 -0.067379 
0.126124 0.123413 0.114666 0.185309 0.247476 0.193942 0.196796 0.063527 0.063842 0.040945 
0.063391 0.035919 0.457089 0.792792 0.533263 0.564267 0.340154 0.576297 1.089770 0.870226 
0.462968 0.210542 0.357967 0.078363 0.097860 0.097817 0.130837 0.110750 0.111890 0.083750 
0.051226 0.054493 0.010985 -0.103627 0.018917 0.006077 -0.001882 -0.038596 0.032185 -0.029515 
-0.054272 -0.031476 -0.037302 0.017840 0.427433 0.809288 1.001863 0.391632 0.133905 0.186814 
0.090147 0.174932 0.064463 0.247896 0.212154 0.102471 0.171688 -0.367404 -0.036828 0.112358 
-0.139665 -0.444162 -0.010575 -0.395841 -0.311579 -0.112710 -0.251244 0.479503 -0.521085 -0.105572 
-0.249826 -0.529630 -0.443939 -0.400898 -0.510494 -0.186207 -0.274397 -0.362269 -0.288101 -0.469228 
-0.181437 -0.049453 0.015660 0.056143 0.040521 0.124205 0.126801 0.034309 0.043018 -0.031752 
0.114857 0.063784 -0.016462 0.009076 0.044459 0.007614 0.001371 0.040520 0.003629 -0.003689 
-0.047236 -0.038323 -0.026026 -0.118549 0.026032 0.040859 0.066404 0.079750 0.042532 0.048719 
0.028767 0.094967 0.006938 -0.059915 -0.047635 -0.059622 -0.024956 -0.050880 0.001560 -0.034287 
-0.013636 -0.003407 -0.026702 0.094121 0.188320 0.098011 0.243281 0.130577 0.028306 0.103974 
0.078119 0.120373 -0.032755 0.100511 0.053640 -0.020574 -0.053472 -0.127501 -0.238398 -0.042816 
-0.491631 -0.433195 -0.200167 -0.177963 -0.155606 -0.171697 -0.282967 -0.460232 -0.370730 -0.417575 
-0.328696 -0.534850 -0.054178 -0.199616 -0.462232 -0.389417 -0.115928 -0.390866 -0.195881 -0.271167 
-0.535387 -0.180327 0.026647 0.071949 0.058636 0.004512 0.027817 0.045295 0.006972 -0.110760 
0.029607 0.017169 -0.016512 0.007708 -0.039697 -0.058059 -0.032990 -0.040997 -0.038241 -0.076329 
0.018992 0.026790 0.024515 -0.094413 0.038362 0.035552 -0.030245 0.011675 -0.023413 0.016330 
-0.070467 -0.072495 0.192426 0.183658 0.298747 0.044342 -0.019549 -0.156384 -0.019024 -0.074602 
-0.089821 -0.063147 0.062431 -0.024135 0.299668 0.077782 0.246104 0.092066 0.005476 -0.001150 
-0.102753 0.007258 0.104038 0.089493 -0.028688 -0.046842 -0.434990 -0.138749 -0.296184 -0.114524 
-0.385268 -0.505338 0.158402 -0.270677 -0.072204 -0.246414 -0.387550 -0.435168 -0.456818 -0.448912 
-0.072112 -0.551936 -0.234194 -0.239754 -0.421598 -0.425507 -0.099867 -0.125653 -0.366658 0.021087 
-0.518131 -0.165426 0.074195 0.146379 0.013364 -0.051216 0.069175 0.042259 0.022764 0.062473 
0.291988 0.507718 0.611829 0.527760 0.393780 0.441262 0.321855 0.226767 0.199241 0.364776 
0.426368 0.434175 0.319465 0.346462 0.416496 0.418080 0.135430 0.126998 0.257969 0.731167 
0.571115 0.618799 1.248948 1.464919 1.175787 0.811844 0.432245 0.226082 0.418819 0.279460 
0.057254 0.256270 0.299693 0.236155 0.564234 0.526250 0.519359 -0.051060 -0.084833 -0.054733 
-0.171373 -0.124426 0.098282 0.014833 0.156453 -0.322516 -0.169341 -0.079730 -0.273047 -0.178385 
-0.228918 -0.464619 0.158113 -0.045703 0.105689 0.019479 -0.134193 -0.225569 -0.402620 -0.497546 
-0.447771 -0.429190 -0.142855 -0.309364 -0.364825 -0.424120 -0.543325 -0.046027 -0.417771 -0.300765 
-0.435929 -0.348539 -0.001277 0.099723 -0.063451 0.058164 0.098709 0.055479 0.054836 0.124056 
0.254449 0.592694 0.563112 0.377264 0.392174 0.515310 0.314617 0.297802 0.407187 0.646588 
0.702846 0.695585 0.589240 0.701495 0.493525 0.361635 0.323582 0.422657 0.894926 0.963103 
0.729415 0.845263 1.160913 0.962331 1.012827 0.797056 0.718403 0.884450 0.697142 0.510704 
0.495022 0.661729 0.405386 0.598810 0.939874 0.608493 0.547896 0.133929 0.055284 0.164785 
-0.084673 0.111543 0.177806 0.076714 -0.416808 -0.397862 -0.147095 -0.291400 0.005697 0.209771 
-0.288304 -0.155268 -0.127505 -0.183956 0.134313 0.017265 -0.182509 -0.357276 -0.452374 -0.514163 
-0.504898 -0.506984 -0.421748 -0.464903 -0.194213 -0.433795 -0.367160 -0.269316 -0.270044 -0.377292 
-0.287927 -0.538038 0.087710 0.181131 0.112166 -0.003492 0.148472 0.131728 0.066624 0.011831 
0.024079 0.169867 0.159899 0.253821 0.100672 0.228934 0.262635 0.353074 0.465322 0.454650 
0.331302 0.252000 0.454921 0.531194 0.277347 0.251133 0.309766 0.092908 0.244201 0.152683 
0.205467 0.225841 0.212088 0.146833 0.215726 0.261392 0.282933 0.282073 0.199816 0.069051 
0.259701 0.186082 0.070585 0.131951 0.078425 -0.041530 0.392466 0.560119 0.195082 0.147179 
0.023474 0.123440 0.169500 0.258949 -0.430789 -0.322546 -0.165926 -0.140802 -0.278089 -0.193038 
0.047021 -0.072188 -0.038399 0.035279 0.168050 0.098333 -0.337178 -0.537127 -0.518668 -0.284219 
-0.329511 -0.512607 -0.392143 -0.421732 -0.140359 -0.432272 -0.466091 -0.542982 -0.341755 -0.345216 
-0.459715 -0.522395 -0.097203 0.088018 0.197894 0.040125 0.007837 0.087091 0.084703 0.025243 
0.020963 0.004543 0.037856 0.119207 -0.074498 -0.009085 0.031954 0.131556 0.117760 0.045699 
0.056730 0.042204 0.095183 0.047562 0.023274 0.047734 0.164885 0.103380 -0.002905 0.045224 
0.053274 0.036781 0.070888 -0.000815 0.093750 0.121667 0.110505 0.098548 0.055990 0.113175 
0.042893 0.104546 0.029220 0.014548 -0.271503 -0.332237 -0.492698 -0.330601 -0.102687 -0.137022 
0.141272 0.208806 -0.003353 0.209067 -0.467281 -0.317148 -0.273824 -0.446343 -0.418956 -0.363758 
-0.032691 -0.198471 -0.479184 -0.200702 0.000873 0.458380 0.019244 -0.420810 -0.350487 -0.314360 
-0.432483 -0.338024 -0.490659 -0.378782 -0.320824 -0.494294 -0.392965 -0.453413 -0.300539 -0.379206 
-0.546414 -0.472212 -0.045804 0.142081 0.174151 0.099109 0.099642 0.218632 0.422210 0.584604 
0.749523 0.212818 0.093858 0.128174 0.075139 0.043659 0.162028 0.072544 0.059467 -0.006215 
0.034861 0.063070 0.046732 -0.011679 0.061340 0.076035 0.089520 0.063957 0.073137 0.073581 
0.108304 0.042961 0.097862 -0.016075 -0.010077 0.041819 0.074467 0.082730 0.058786 0.071351 
0.034638 0.079538 -0.034088 -0.287859 -0.446584 -0.117500 -0.312851 0.114538 -0.514770 0.113387 
-0.147325 -0.042003 0.212014 -0.316506 -0.228587 -0.090214 -0.372405 -0.411417 -0.385245 -0.203693 
0.223576 -0.255631 -0.288915 -0.170521 -0.048848 0.260096 0.071478 -0.307927 -0.233295 -0.263650 
-0.321210 -0.280103 -0.554904 -0.301826 -0.035942 0.244550 -0.410711 -0.049373 -0.162446 -0.182494 
0.149179 -0.498165 -0.072284 0.055380 0.109033 0.093702 0.103193 0.295124 0.487998 0.381311 
0.514416 0.193647 0.084415 0.101891 0.026813 -0.070308 -0.134287 0.169031 0.270994 0.138739 
0.050831 0.058109 0.104817 0.051698 0.062781 0.088355 0.055428 -0.023550 0.065737 0.101252 
0.101771 0.069650 0.094788 -0.025132 0.071616 -0.004955 0.113790 0.097261 0.126821 0.152158 
-0.052890 -0.027507 -0.083439 -0.386130 -0.393182 -0.323761 0.251955 -0.334999 -0.376703 -0.047596 
-0.408477 0.025367 0.408311 -0.305128 -0.228671 -0.445001 -0.434859 -0.477752 -0.393604 -0.195911 
-0.109980 -0.145791 -0.231794 -0.381184 -0.003794 -0.046288 -0.127961 -0.157850 0.125368 0.195264 
0.749802 -0.428218 -0.405038 -0.484308 -0.437201 -0.077341 -0.109895 -0.218627 -0.300063 -0.169624 
0.099265 -0.495900 -0.146501 0.069361 0.092837 0.102044 0.094080 -0.067595 0.044633 0.085013 
0.043579 -0.076557 0.096797 0.085560 -0.057310 -0.455675 -0.456037 -0.414217 -0.267062 0.114815 
0.078254 0.106582 0.041632 0.081086 0.019381 0.054968 0.046383 0.058979 0.134425 0.066877 
0.063547 0.075957 0.038821 0.037852 0.048517 0.021334 0.065141 0.048542 0.088422 0.036541 
-0.088639 -0.038911 -0.248190 -0.284272 0.291981 0.249761 -0.250307 -0.334896 -0.351129 -0.260284 
-0.347712 -0.462566 -0.393422 0.340296 -0.250768 -0.045429 0.226835 1.243704 -0.418484 -0.078475 
-0.233641 -0.148244 -0.111890 0.092925 0.177236 0.161241 0.142770 0.101282 0.050202 -0.057284 
-0.086268 -0.284600 -0.431465 -0.393922 -0.463545 -0.349059 -0.120561 -0.057755 0.058423 -0.511888 
-0.518305 -0.511124 -0.015762 0.091039 -0.047687 0.122351 0.130762 0.022775 -0.010707 0.055161 
0.095569 -0.124977 0.125430 0.121972 -0.234836 -0.431082 -0.184095 -0.127874 -0.472747 -0.136782 
0.025485 0.047205 0.017346 0.063396 0.015051 0.036648 -0.023288 -0.283069 -0.465069 -0.071410 
-0.053329 -0.020666 -0.073304 -0.030167 0.008922 0.007828 0.041026 -0.047059 -0.208081 0.039045 
0.037490 0.072575 -0.308855 -0.189349 0.634230 -0.297461 -0.008432 -0.186905 -0.040200 -0.078820 
0.093237 -0.522217 -0.322074 -0.168282 0.727132 0.475668 -0.235203 0.445660 0.088317 0.960907 
-0.115316 -0.407757 -0.104377 0.015748 0.029509 -0.273367 0.009463 0.057905 0.039719 0.184760 
-0.048582 -0.196246 -0.487116 -0.438322 -0.282102 -0.323340 -0.374130 -0.282648 -0.330917 -0.477641 
-0.488105 -0.437161 -0.143735 -0.019462 0.046224 0.092607 0.126865 0.059868 -0.037700 0.059850 
0.069578 0.028620 0.213399 0.310825 0.161076 -0.351592 -0.352094 -0.437684 -0.130145 -0.044517 
0.046623 0.016754 0.179112 0.064830 -0.102614 -0.411737 -0.283544 -0.202988 0.037738 -0.332169 
-0.130797 -0.043467 -0.041895 -0.052378 -0.002706 0.008143 -0.098451 0.089605 -0.513459 -0.519337 
0.096188 -0.023434 -0.383914 -0.043275 -0.229881 -0.390920 -0.112501 -0.240034 -0.417739 -0.159228 
1.427602 -0.411218 -0.461517 -0.226044 0.125088 0.460039 -0.115507 -0.042679 -0.194761 0.412200 
0.072900 -0.164205 -0.182603 0.116910 0.146568 0.231378 -0.142057 0.056358 -0.024061 0.055696 
0.068628 0.189892 -0.340909 -0.428983 -0.140708 -0.240656 -0.155751 -0.006967 -0.100862 -0.508319 
-0.480010 -0.417408 -0.143665 0.046480 0.133622 0.165788 0.204104 0.145653 0.204357 0.276493 
0.109467 0.105321 0.204904 0.156060 -0.303278 -0.027347 1.026731 -0.278395 -0.327589 -0.019234 
-0.081066 -0.103818 0.124444 0.077555 -0.192611 -0.367553 -0.166373 -0.154452 -0.209672 -0.261072 
0.068788 -0.180999 -0.028986 -0.017289 0.001857 -0.177024 -0.427824 -0.478377 -0.359657 -0.539956 
-0.022219 -0.215077 -0.530887 -0.124248 -0.239451 -0.517912 0.048477 -0.141479 -0.406934 -0.066213 
0.129553 -0.480888 0.063257 -0.167883 -0.004333 0.083483 0.081199 0.114769 -0.039519 0.228656 
0.022665 0.025864 -0.025305 -0.050391 0.322325 0.492153 0.062481 0.104916 -0.124702 0.041587 
0.098714 0.188958 -0.077863 -0.487368 -0.185688 -0.451100 -0.416632 -0.227436 0.328794 -0.339529 
-0.440352 -0.470450 -0.422576 0.086900 0.236009 0.143338 0.112014 0.026602 0.084063 0.148206 
0.048955 0.094316 0.159471 0.064961 -0.372035 -0.351183 0.217623 -0.129277 -0.421484 -0.093588 
-0.432196 -0.299670 0.071630 0.432009 -0.294551 -0.367113 -0.309439 -0.424685 -0.336044 -0.274599 
-0.363379 -0.480296 -0.050956 -0.071575 -0.008520 0.088423 -0.283080 -0.343544 -0.110512 -0.531486 
0.239324 -0.250624 0.122899 -0.296445 -0.247195 -0.515912 -0.154013 0.170472 -0.239554 -0.356265 
-0.300265 -0.434403 -0.244324 -0.315305 -0.154950 -0.053768 -0.067568 0.035585 -0.052614 0.135617 
-0.223023 -0.018825 0.159867 -0.347820 0.039066 0.097091 -0.007270 0.073250 0.071743 0.009584 
-0.033327 0.146975 -0.317862 -0.002689 0.133212 -0.108265 -0.230810 -0.507449 0.077101 -0.139711 
-0.382490 -0.509385 -0.398959 -0.081163 0.050527 -0.025823 -0.151408 -0.241408 -0.031152 0.063422 
0.055470 0.036860 0.156597 -0.050987 -0.442121 -0.516153 -0.316315 -0.238997 -0.476348 -0.410747 
-0.417515 -0.449383 -0.518229 -0.230038 -0.130592 -0.314150 -0.481963 0.270929 -0.360700 -0.044393 
-0.419343 -0.490749 0.024006 -0.190469 0.218137 -0.085791 -0.501448 -0.335605 -0.321424 -0.507348 
0.043109 -0.372919 -0.415460 -0.379399 -0.209013 -0.369802 -0.435152 -0.176583 0.087726 0.223300 
-0.182222 -0.100135 -0.503816 -0.224450 -0.022424 0.033011 -0.048404 0.045007 -0.096451 0.363686 
-0.215290 -0.147403 -0.067647 -0.114459 0.037709 0.051817 0.040913 -0.046611 0.067633 0.014557 
-0.049000 -0.115167 -0.347510 -0.161275 0.026918 -0.144344 -0.411272 -0.499404 0.383987 0.560046 
-0.459803 -0.484512 -0.230530 -0.035482 0.036981 -0.228152 -0.141071 -0.408122 -0.096945 0.140811 
0.369975 0.290258 0.772215 0.056480 -0.517167 -0.448232 -0.495423 -0.376717 -0.404731 -0.386068 
-0.242483 -0.372520 -0.291549 -0.448229 -0.214382 -0.460233 -0.275009 -0.430743 -0.318756 -0.494106 
0.133137 -0.433955 -0.121113 -0.085602 0.002192 0.233374 -0.517126 -0.354252 -0.453169 -0.329414 
-0.321162 -0.201284 -0.389669 -0.421757 -0.501161 -0.295869 -0.364417 -0.232055 0.042243 0.317941 
-0.014201 -0.176325 -0.295705 -0.209925 0.036316 0.113219 -0.092122 0.080589 -0.002612 0.344359 
-0.084754 0.147334 -0.446324 -0.056750 -0.019381 0.049171 0.219307 -0.016472 0.105183 0.016887 
0.192748 0.135585 -0.232336 -0.106620 0.273217 0.213074 -0.175836 -0.390834 -0.269832 0.270370 
-0.413292 0.337682 -0.538691 -0.332106 -0.425122 -0.400901 -0.230842 -0.395923 -0.407774 -0.274926 
-0.124459 -0.259227 0.121623 0.330168 -0.222909 -0.075433 -0.218734 -0.435629 -0.445707 -0.463625 
-0.285353 -0.381696 -0.330639 -0.423745 -0.213383 -0.373658 -0.474148 -0.494531 -0.265045 -0.344097 
-0.370177 -0.323530 -0.400103 0.030629 0.182481 0.224297 -0.248410 -0.417591 -0.462714 -0.397090 
-0.484323 0.144971 -0.194857 -0.093758 -0.440122 -0.118447 -0.013623 -0.320051 0.193053 -0.086109 
-0.363847 -0.282863 -0.094844 -0.031510 0.062370 0.110779 -0.230303 0.062904 0.014303 0.097406 
-0.271758 -0.174295 -0.032747 -0.180962 -0.273381 0.109462 0.265604 0.137024 0.171170 0.114916 
0.076593 0.030948 -0.179063 -0.127586 -0.030488 0.564489 0.125151 -0.074357 -0.267860 0.298982 
-0.303109 0.208821 -0.325400 -0.201393 -0.420525 -0.223025 -0.318118 -0.244063 -0.200041 -0.345702 
-0.088728 -0.264393 -0.039628 -0.121283 -0.354962 -0.065368 -0.510359 -0.481904 -0.292507 -0.447408 
-0.260129 -0.365179 -0.243223 -0.515625 -0.291351 -0.253668 -0.330263 -0.497331 -0.190842 0.397010 
-0.261238 -0.510202 -0.180711 -0.297542 -0.393257 -0.415137 -0.155859 -0.436298 -0.382956 -0.214247 
-0.332354 -0.226917 -0.084683 -0.226828 -0.530134 -0.433289 -0.372057 -0.338712 0.037612 -0.093514 
-0.318900 -0.264775 -0.111008 -0.026012 0.214989 0.182115 -0.016716 0.213187 -0.006785 0.163295 
-0.159305 -0.075835 0.151205 -0.039458 -0.267775 0.014108 -0.050393 -0.042164 0.118964 0.058684 
-0.016928 0.049146 -0.096758 -0.064428 0.160441 -0.033442 0.200793 0.035446 -0.093434 0.007981 
0.024664 -0.127371 0.147821 -0.153514 -0.246072 -0.306855 -0.161201 -0.137496 -0.124856 -0.297949 
0.373845 0.089668 -0.089757 -0.407483 -0.067878 -0.013019 -0.380216 -0.305239 0.091993 -0.313939 
-0.272064 -0.397834 -0.424622 -0.448189 -0.332700 0.243213 -0.171256 -0.494010 -0.399252 -0.463553 
-0.161862 -0.401179 -0.412468 -0.214951 -0.207700 -0.487990 -0.211199 -0.511376 -0.336072 -0.526637 
0.076990 -0.289703 -0.182408 0.419581 -0.214724 -0.080374 -0.358439 -0.283868 -0.157494 -0.085112 
0.023323 0.033026 -0.104520 0.017687 0.176411 0.019037 0.178356 0.197857 0.216680 0.245370 
-0.152869 -0.126221 0.211067 0.118746 0.056830 0.144974 -0.098640 0.028205 0.044028 -0.062600 
-0.087326 0.018673 -0.051143 0.018163 0.101372 -0.016335 0.051657 0.086624 -0.008700 0.114248 
0.029119 -0.155023 0.066153 0.217612 0.281674 -0.214553 -0.246955 -0.030333 -0.020199 0.421879 
0.297151 0.064741 -0.168483 -0.377869 0.079691 -0.104200 -0.331267 0.034816 -0.370697 -0.388350 
-0.385284 -0.394310 -0.426725 -0.382277 -0.191799 -0.059431 0.074091 -0.313127 -0.250541 -0.372804 
-0.069000 0.198557 -0.524398 -0.410179 -0.254650 -0.366512 -0.027544 -0.369704 -0.194900 -0.388681 
-0.202037 -0.114527 0.078535 0.879780 0.657903 -0.241149 -0.246059 -0.229065 -0.188709 -0.168577 
-0.006988 0.089208 0.008161 -0.103996 0.025300 -0.001249 0.141315 0.219082 0.195173 0.309416 
-0.206010 0.147108 0.060724 0.022013 0.003259 0.110884 -0.133553 0.134072 0.037855 -0.107668 
0.083448 -0.021074 0.063210 0.000637 0.066750 0.112491 -0.149230 0.038888 0.013142 0.025027 
-0.024882 -0.004468 -0.005783 0.209956 0.008317 -0.119933 -0.009624 0.077783 0.299147 0.129087 
0.312547 0.040184 -0.327061 -0.125808 -0.017925 -0.221528 0.073244 0.056608 -0.033189 -0.150239 
-0.413545 -0.386962 -0.253232 -0.460939 -0.053163 -0.438383 0.040682 -0.009200 -0.339737 -0.444400 
-0.257225 -0.257272 -0.304177 -0.378445 -0.449296 -0.148219 -0.201001 -0.116514 -0.157118 -0.095639 
-0.024801 -0.043379 -0.066968 -0.230329 -0.162327 -0.073335 -0.003249 0.052108 0.087873 0.082012 
0.010553 0.139082 -0.065603 -0.035386 0.022250 -0.173390 0.246243 0.333411 0.168307 0.112058 
-0.015553 1.318782 -0.117758 0.326975 0.012974 0.186640 -0.038216 -0.046135 -0.048707 -0.120777 
-0.128984 -0.076372 -0.045839 0.033941 0.282462 0.107391 -0.139075 0.174715 0.003623 -0.088884 
-0.085036 0.073826 0.069233 -0.126294 -0.161844 -0.118949 0.024098 0.104574 0.093267 -0.030635 
-0.005316 -0.200767 -0.451506 -0.361140 -0.295982 -0.163363 -0.027647 0.055901 0.256547 -0.039120 
-0.243800 -0.478614 0.039826 -0.313628 -0.313308 -0.354286 0.032769 0.059403 -0.407027 -0.525680 
-0.515237 -0.126070 -0.051962 0.204316 -0.507523 -0.077731 -0.190091 -0.129032 -0.172481 -0.216145 
0.004838 0.055987 0.187369 0.114538 -0.126370 0.130293 0.101795 -0.280077 0.003209 0.123224 
-0.214605 -0.019999 0.086127 -0.102149 0.107287 -0.089597 0.106969 0.331037 0.184225 0.291106 
-0.053802 0.306179 -0.153522 0.049000 0.159405 0.133604 0.151000 0.373598 0.120212 0.197089 
0.429705 -0.034700 0.016970 0.104216 0.131440 -0.037892 -0.124312 0.032633 0.063979 -0.090130 
-0.021132 0.170213 0.002141 0.199991 -0.131049 -0.137566 0.066433 0.057652 -0.028007 -0.064150 
-0.107681 0.072886 -0.074774 -0.428587 -0.265369 -0.217081 -0.030489 -0.107994 0.279039 0.025679 
0.283966 0.032111 0.185403 -0.002528 -0.345915 -0.519780 -0.003649 -0.037423 0.178396 0.141552 
-0.533509 -0.118090 0.069516 -0.139607 -0.503848 -0.223628 -0.102958 0.167165 0.130219 0.171814 
-0.107824 -0.045507 -0.132750 0.273677 -0.155537 -0.230661 0.155516 -0.153167 0.170391 -0.291635 
-0.259918 0.082068 -0.066925 -0.036206 0.115434 0.177301 0.121367 0.123255 -0.097984 0.046143 
0.514817 -0.067487 0.008955 0.117233 0.209434 0.199373 0.316928 0.247977 0.100808 0.213659 
0.288581 -0.000116 0.031193 0.063400 0.041829 0.006918 -0.113570 -0.089458 -0.005712 -0.062124 
0.138887 0.137561 0.316624 0.151758 -0.190481 -0.059273 0.210490 0.181109 -0.085335 0.088287 
0.024898 -0.041015 -0.059046 -0.157914 0.065670 -0.252479 -0.030120 -0.005400 0.114057 0.169824 
0.574906 0.142559 0.100465 0.007053 -0.339670 -0.044868 -0.044704 0.016372 0.177214 0.216744 
-0.089315 -0.063831 -0.140540 -0.224457 -0.203378 -0.227462 -0.161916 -0.436581 0.027383 0.117456 
-0.021602 0.035115 -0.266661 0.058179 0.027836 0.080923 -0.255064 -0.213888 0.005406 -0.152502 
-0.279060 0.136319 0.115168 0.029604 0.132877 0.144093 0.207693 0.158078 -0.331930 0.314585 
-0.252014 -0.095333 0.001602 0.044228 -0.013264 -0.368409 -0.014312 -0.062941 0.144575 0.306536 
-0.014834 -0.029863 0.148504 0.147486 0.096071 0.146004 -0.024209 -0.138034 0.077630 -0.047854 
-0.034055 -0.038138 0.431182 0.347575 -0.106875 0.083918 0.153859 0.076020 -0.070380 -0.086816 
0.028239 -0.018730 0.036825 0.009396 0.124645 0.013905 -0.015663 -0.010686 0.012771 0.078092 
0.000218 0.131562 -0.037117 0.036087 -0.043733 -0.051264 -0.054187 0.293522 0.031806 -0.005625 
-0.010698 -0.091212 0.016400 0.299969 0.457322 0.015030 0.039858 -0.421625 -0.164914 0.059233 
0.055383 -0.384272 -0.380166 -0.103303 0.141109 0.011861 -0.111296 -0.188267 0.032624 -0.407453 
-0.515916 0.031508 -0.259894 0.090028 0.215487 0.208480 0.154006 0.297860 -0.162357 0.776178 
0.191488 0.207793 0.057060 0.015235 -0.193997 0.667728 0.436276 0.006550 0.093070 0.295729 
0.145025 0.080012 0.244198 0.236552 0.094403 0.072686 -0.156682 0.051360 0.124265 -0.044832 
0.162665 -0.078519 0.218118 0.114715 -0.082324 0.130386 0.080651 0.073906 0.007997 -0.083767 
0.004021 0.018692 0.060852 -0.109292 0.162939 -0.106446 -0.045376 0.051594 -0.003397 0.102502 
0.062874 0.084349 -0.029295 0.113203 -0.027361 0.186718 0.293558 0.214041 -0.055877 -0.026352 
-0.067412 -0.280049 -0.242397 -0.132888 0.171871 -0.140033 0.088113 -0.121983 -0.255913 0.063138 
-0.119257 -0.245412 -0.388699 -0.149785 0.115122 0.148755 0.019753 -0.076172 0.148958 -0.230782 
-0.172058 0.392569 -0.057864 -0.135382 0.142625 0.277766 0.106007 0.491563 -0.018226 0.800786 
-0.217138 -0.125140 0.036340 0.102265 0.115464 0.090232 0.529368 0.021458 -0.047941 0.148388 
0.074318 0.125604 0.144646 0.136820 0.134331 0.098607 -0.087786 0.461439 0.218863 0.146186 
0.029493 0.037359 0.076724 0.117022 0.141929 0.024449 -0.054530 0.004329 -0.038165 -0.171873 
-0.073485 -0.061130 -0.126908 -0.119576 0.082221 -0.011702 -0.089154 0.000516 -0.029817 -0.067869 
-0.066438 0.057568 -0.038266 0.038562 -0.021688 0.017574 0.144631 0.039232 0.006640 0.174763 
-0.284029 -0.175397 0.082172 -0.019479 1.001644 0.416732 0.108316 0.612647 -0.168232 0.093645 
0.358172 -0.005976 0.102666 -0.176700 0.019297 -0.042698 -0.090775 -0.277254 -0.069738 -0.278778 
-0.033870 -0.219401 -0.227534 -0.160808 -0.032628 0.176058 -0.423980 0.285417 -0.042574 0.473797 
0.017609 0.296407 -0.084754 0.910506 0.254785 0.076018 0.322443 0.348753 -0.330056 -0.094619 
0.016366 0.099214 0.218065 0.183466 0.115926 0.173985 0.212840 0.185670 0.150109 0.193215 
0.103995 -0.001706 -0.014306 -0.027898 0.112064 -0.039048 -0.092352 -0.069937 -0.113912 -0.061173 
0.057427 0.020368 -0.129863 -0.075375 -0.069231 0.045705 -0.024083 0.017593 0.119340 -0.101997 
-0.020808 -0.018639 -0.040825 -0.038697 -0.059684 0.093960 0.164050 -0.053970 0.110382 0.684934 
-0.190130 0.449787 0.849296 -0.121302 0.678599 -0.170861 -0.155860 -0.353893 -0.061534 -0.477855 
-0.177302 -0.211651 -0.170984 -0.065420 0.268373 -0.127183 0.104655 0.552054 0.270022 1.337565 
0.445040 -0.156034 -0.236651 0.160127 0.406284 1.290493 0.019695 0.401023 -0.106712 0.326192 
-0.037149 0.705726 0.088318 0.007051 0.053313 0.015499 0.114914 0.128920 -0.128656 0.011836 
0.190002 0.014724 0.161687 0.161864 0.086000 0.036787 -0.161793 -0.255439 -0.001946 0.128033 
0.000632 -0.039527 0.040161 -0.119734 -0.005396 -0.067639 -0.278979 -0.187302 0.020615 0.039285 
0.086278 0.111051 -0.113701 -0.173056 -0.038640 0.017920 -0.128126 -0.107641 -0.021660 -0.027400 
-0.112968 -0.113866 -0.037650 -0.063017 -0.165721 -0.000732 -0.197241 -0.174131 -0.057548 -0.284386 
-0.170415 0.577624 -0.357852 -0.427392 -0.317093 -0.190465 0.060737 -0.488567 -0.101877 -0.338854 
-0.507463 -0.366984 0.052839 -0.247749 -0.127002 -0.380354 -0.246141 -0.026959 -0.051339 0.466962 
0.099695 -0.038928 0.235000 0.203696 0.490841 0.181184 0.003363 0.138652 0.004009 0.683697 
-0.239428 0.015337 0.225032 -0.048603 -0.097176 -0.074415 -0.064113 -0.153904 -0.199070 0.121251 
0.197481 0.044081 0.109801 0.075135 0.342844 -0.068881 0.061123 -0.333270 0.145865 -0.024574 
0.002707 0.019404 0.116228 -0.168895 -0.124370 -0.049900 -0.127287 0.127579 -0.062256 -0.112405 
0.066378 0.130955 -0.049681 -0.088163 0.020215 -0.099597 -0.077032 -0.075304 -0.190287 -0.118425 
-0.111204 -0.084647 -0.120804 -0.227204 -0.305739 -0.053710 -0.394677 0.114932 0.308088 -0.413468 
0.129905 -0.112468 -0.235770 -0.459128 -0.352915 -0.188962 -0.240303 -0.497409 -0.288430 -0.339596 
-0.200045 -0.488232 0.137260 -0.100388 -0.108051 -0.333295 0.071803 -0.087326 -0.093088 0.426652 
0.400080 0.122169 0.046262 -0.009154 0.055196 0.081877 -0.025819 0.091053 0.081553 0.452989 
-0.099376 -0.122264 -0.075201 -0.118660 0.050463 0.019722 -0.011581 -0.045678 0.151312 0.051819 
0.071265 0.019469 0.071406 -0.041721 0.041077 0.022294 1.372152 -0.475382 0.057904 0.137962 
0.032281 -0.003297 0.067726 -0.078073 0.021808 0.066149 0.073037 0.051386 -0.183668 -0.342514 
-0.181341 0.047411 0.301493 0.144657 0.051301 0.079108 -0.014949 -0.199074 -0.157113 -0.136061 
0.098413 -0.182162 0.001860 -0.051619 -0.278078 -0.122489 0.014381 0.019961 -0.076044 -0.088396 
0.092224 -0.040862 0.044927 0.050017 -0.019054 0.152671 -0.164367 -0.206631 -0.099925 0.054960 
0.531836 -0.027323 -0.039344 -0.118979 0.051709 0.066281 0.037635 0.046767 -0.041927 -0.074942 
-0.069609 -0.005625 -0.028089 -0.007069 0.018316 -0.074150 0.080139 0.006455 -0.136509 -0.069608 
-0.058713 -0.118612 -0.081139 -0.150884 0.091114 0.000415 0.031631 0.021530 0.201190 -0.188065 
0.089665 0.096916 0.039273 0.110928 0.158578 -0.013739 -0.029506 -0.234986 0.159057 0.059317 
0.153422 0.122804 0.016185 -0.165335 0.173993 0.207882 0.127626 -0.137619 -0.338570 -0.301448 
-0.177646 0.061071 -0.049488 -0.057184 0.046682 -0.005563 -0.060633 -0.289823 -0.091099 -0.154541 
-0.168216 0.085707 -0.081345 -0.087156 -0.092125 -0.236507 -0.052510 -0.102494 -0.177617 -0.143886 
-0.070523 -0.068065 -0.058962 -0.083442 -0.156444 -0.137398 -0.183847 -0.174772 -0.090766 -0.093939 
-0.110159 -0.144819 -0.122811 -0.073415 0.010388 -0.040632 -0.144746 -0.156146 0.016986 -0.021504 
0.014593 -0.015046 -0.030594 -0.084352 -0.004421 -0.047988 -0.096037 -0.130660 -0.251131 -0.328351 
-0.121385 0.055863 -0.119371 -0.138361 -0.171008 -0.145656 0.025748 -0.056840 -0.136125 -0.149198 
-0.169603 -0.168859 -0.128212 -0.113793 -0.128435 -0.059243 -0.116045 -0.127129 -0.122730 -0.065958 
-0.062191 -0.038567 -0.049234 0.003737 0.016439 -0.042115 -0.001748 -0.038533 0.050160 0.214105 
0.172326 0.100113 0.143303 0.197369 0.151360 0.075843 0.133736 0.084197 0.033693 0.076400 
0.030124 0.021651 -0.042389 -0.042005 0.108106 0.086224 0.075376 0.063715 0.028314 0.012859 
0.032739 0.005931 -0.005774 -0.000888 0.021114 0.001328 0.023738 -0.011872 -0.084706 -0.096519 
-0.012195 0.303004 0.160910 -0.027183 -0.001802 0.081420 0.070787 0.030813 -0.040159 -0.026934 
-0.047984 -0.072448 -0.066171 -0.049893 -0.119313 -0.097654 -0.104411 -0.148352 -0.163588 -0.316005 
0.015642 0.933840 0.664121 0.560168 0.391713 0.345071 0.755340 0.867342 0.624088 0.543776 
0.426352 0.511197 0.521763 0.465956 0.399256 0.759381 0.678001 0.528453 0.510815 0.686884 
0.652401 0.606801 0.613488 0.551051 0.664535 0.463692 0.733517 0.536200 0.474950 1.261138 
0.877409 0.655146 0.637720 0.643112 1.206387 0.732945 0.636254 0.470907 0.530219 0.787461 
0.732876 0.555792 0.563485 0.535455 0.650250 0.547813 0.620307 0.548789 0.507324 0.606599 
0.655472 0.524493 0.496388 0.422864 0.743732 0.678577 0.550718 0.501429 0.425903 0.229381 
0.137081 0.947655 1.043808 0.542875 0.493006 0.846666 0.704550 0.587364 0.516038 0.575275 
0.505824 0.502556 0.540312 0.526995 0.405511 0.466281 0.402299 0.270496 0.115401 -0.205519 
0.046656 0.909605 0.864047 1.078798 0.824724 0.945622 0.914366 1.032593 0.996934 0.940044 
0.893733 0.924281 0.825112 0.811191 0.744167 1.037411 1.064775 0.920508 0.830664 1.169115 
1.190910 1.362708 1.379702 1.242939 1.400113 1.171668 1.476011 1.269813 0.998854 1.439460 
1.208264 1.245248 1.612530 1.545254 1.696871 1.509205 1.710864 1.440203 1.302522 1.225644 
1.303331 1.369007 1.431896 1.445092 1.283179 1.272997 1.375449 1.287567 1.001219 1.183282 
1.368876 1.395332 1.431788 1.330874 1.366543 1.195185 1.053848 1.122461 1.140633 0.941585 
0.845261 1.082253 1.198180 1.003658 1.429619 1.485801 1.136645 1.380820 1.540258 1.092506 
0.960459 0.972733 1.104081 1.050332 0.796515 0.804179 0.706193 0.448633 0.120798 -0.106959 
0.098431 0.824533 0.677172 0.988892 0.753344 0.996091 0.865673 0.875916 0.964484 0.960387 
0.880428 0.870243 0.818653 0.991191 0.997528 1.101947 1.048642 0.881249 0.777236 0.884969 
0.906383 1.277144 1.266653 1.196322 1.391960 1.315423 1.365756 1.215548 1.049032 1.162655 
0.999568 1.189111 1.307468 1.454981 1.223530 1.260788 1.698934 1.408977 1.297715 1.226390 
1.055026 1.123762 1.098263 1.222444 1.061689 1.199689 1.175763 1.200210 1.171649 1.607424 
1.499900 1.156178 1.474644 1.230472 1.290105 1.160086 0.940156 1.167603 1.211958 1.078167 
1.045743 0.957369 1.026181 1.098807 1.272849 1.262204 1.175322 1.286049 1.671940 1.110460 
0.954946 0.784716 1.063904 0.913537 0.731238 0.878235 0.808987 0.520495 0.282160 -0.051405 
0.119337 0.833783 0.780727 0.977551 0.851370 1.092123 0.977774 0.979314 1.278924 1.229576 
1.172466 0.990683 0.822108 1.253526 1.305072 1.514371 1.314405 1.203655 1.012459 0.945601 
1.110316 1.648402 1.941344 2.026878 2.005899 2.120880 1.831732 1.695381 1.582024 1.541690 
1.403964 1.615185 1.809459 1.913860 1.954001 2.219466 2.326679 1.886492 1.664092 1.694166 
1.644477 1.661214 1.651565 1.805245 1.811199 1.658687 1.635944 1.478590 1.727847 2.531805 
2.752472 2.516476 2.421782 1.950174 1.594104 1.199511 1.283828 2.114044 2.302850 2.003261 
1.722382 1.246118 1.153487 1.528789 1.803368 1.684973 1.973751 1.940438 2.256033 1.488771 
1.076904 1.053660 1.488872 1.166719 0.944302 0.918741 0.935253 0.555301 0.388754 0.034036 
0.119209 0.785107 0.744681 0.932078 0.833819 0.941087 0.925457 0.885217 1.145793 1.138312 
1.206694 1.078308 0.607688 1.028519 1.184261 1.319043 1.333098 1.421196 1.054236 0.749894 
0.831479 1.160711 1.556803 2.074848 2.104975 2.160352 2.047505 1.873955 1.708712 1.503128 
1.170498 1.211472 1.142156 1.332206 1.689083 2.488703 2.643919 1.911714 1.588571 1.650331 
1.544092 1.557506 1.650731 1.410600 1.436344 1.489502 1.178265 0.694205 0.763617 1.605659 
2.222403 3.018768 2.763635 2.178265 1.466568 0.695140 0.515734 1.394162 2.187460 2.201294 
1.845324 1.083859 0.548869 0.287517 0.860247 1.493949 1.687196 2.080816 2.306247 1.364342 
0.938927 0.895645 1.407373 1.270015 0.936233 0.900166 0.843885 0.565126 0.334485 0.033367 
0.126307 0.814982 0.844896 1.034106 0.898179 1.005867 1.028146 0.969142 0.663768 1.065657 
1.117105 1.191682 0.915966 0.970503 1.156992 1.149156 1.036294 1.219193 1.020188 0.578253 
0.623220 0.691649 0.870992 1.447885 1.823392 1.752390 1.477304 1.450319 1.483446 1.346846 
0.899778 0.862295 0.897722 0.776266 1.509662 1.953923 1.998732 1.764854 1.236250 1.294051 
1.326785 1.325797 1.124629 0.981641 1.029132 1.215369 1.025238 0.424937 0.305122 0.663623 
1.096081 1.974435 1.856727 1.484329 0.981018 0.473082 0.432040 0.825682 1.206244 1.492783 
1.374610 0.829462 0.318570 0.093953 0.285307 1.030598 1.407410 1.838203 1.865247 1.095508 
0.744270 0.851612 1.091351 0.959488 0.865892 0.883891 0.889278 0.573475 0.326701 0.068591 
0.106783 0.766376 0.836943 1.003103 0.873755 0.884199 0.974829 1.295889 0.966175 1.777643 
1.655031 1.595782 1.379697 1.130885 1.476061 1.334116 1.111274 1.254318 1.178850 0.703568 
0.648828 0.658358 0.989647 1.419708 1.749655 1.656123 1.771849 1.671958 1.560087 1.623921 
1.132015 0.766716 1.009018 1.463531 1.996468 2.150801 2.091166 1.704163 1.481138 1.376565 
1.183932 1.271204 1.078374 1.054295 0.877314 1.089885 1.301232 0.937754 0.550530 0.598256 
0.839735 1.449642 1.711858 1.434026 1.102995 0.827968 0.703025 0.752082 0.967825 1.114952 
1.247440 1.169690 0.441796 0.114695 0.206089 0.848937 1.625596 1.783806 1.767478 1.188262 
0.864074 1.022267 0.979982 0.831596 0.803848 0.750483 0.864354 0.477392 0.273266 0.076318 
0.083286 0.705406 0.846174 1.035247 0.857889 0.680654 0.597452 1.292558 0.223383 1.264177 
1.728407 1.615826 1.587152 1.386793 1.746694 1.671016 1.299779 1.390228 1.363983 0.790334 
0.599278 0.605050 1.018116 1.028127 0.989373 1.206490 1.326951 1.542786 1.491454 1.454848 
1.070202 0.672531 0.565570 1.368223 2.098752 2.152537 2.117129 1.436863 1.427373 1.328240 
1.033295 1.197585 1.007932 0.876848 0.863977 0.681534 0.968293 1.096591 1.092916 1.029108 
1.084039 1.480649 1.405983 1.223251 0.987113 0.726936 0.738974 0.860363 0.979951 1.017493 
0.939178 0.807364 0.490773 0.062392 0.230349 0.846478 1.537241 1.743047 1.631952 0.999866 
0.887420 0.963744 0.979207 0.855917 0.773484 0.843049 0.972177 0.519837 0.244947 0.092555 
0.065727 0.778535 0.883447 1.082182 0.855092 0.663735 0.446027 0.538261 0.557863 1.127028 
1.425308 1.185611 1.152946 1.369989 1.580878 1.641427 1.514645 1.677730 1.585241 1.008116 
1.121939 1.078486 1.099415 0.989033 0.882460 1.029572 1.419390 1.440656 1.329434 1.465308 
1.014799 0.601202 0.566213 1.226760 1.870308 2.294891 2.103357 1.576502 1.138934 1.112861 
1.027184 1.369221 1.368184 0.855646 0.812805 0.422518 0.688197 1.200558 1.432609 1.307852 
1.297485 1.317144 1.115391 1.099599 0.990366 0.878144 0.978747 1.205717 1.169120 1.038081 
0.888983 0.842330 0.787278 0.102068 0.243915 0.928485 1.564591 1.408689 1.470602 1.059498 
0.904196 0.900113 0.881134 0.764908 0.712381 0.801275 0.916827 0.530767 0.230163 0.037979 
0.132876 0.669321 0.709233 0.988612 0.763882 0.686365 0.620907 0.429023 0.572048 0.917649 
1.328474 1.092415 0.931146 1.203153 1.333650 1.071650 0.956767 1.307919 1.446244 1.208629 
1.185226 1.347768 1.113149 0.987465 0.843885 0.980300 1.182216 1.091815 1.166904 1.018621 
0.804022 0.246371 0.348956 0.689861 1.100111 2.057319 1.819065 1.573490 0.933608 0.928265 
0.985243 1.263424 1.255094 1.022397 0.788249 0.604861 0.477847 0.905537 1.233721 1.401316 
1.309625 1.408628 1.333323 1.418233 1.227760 1.266375 1.062116 1.292656 1.362870 1.180633 
1.165795 0.967639 0.947643 0.286131 0.298510 1.037185 1.659021 1.485268 1.516312 1.098440 
0.907779 0.973253 0.925978 0.898405 0.720240 0.766084 0.887155 0.586878 0.282372 -0.001654 
0.079223 0.721797 0.776089 0.898463 0.743196 0.834554 0.701918 0.385926 0.457621 1.072120 
1.308861 1.084963 1.013158 1.162601 1.276146 1.022497 0.835408 0.768610 0.882219 1.333321 
1.161472 1.249179 1.135800 0.653789 0.550121 0.749177 1.406318 0.780510 0.891861 1.034036 
0.722127 0.259281 0.204257 0.283078 0.572057 1.318901 1.643282 1.596670 0.789551 0.723386 
1.249179 1.465250 1.262411 1.203154 0.913035 0.785528 0.691934 0.697039 0.877392 0.871445 
1.076587 2.014484 2.051951 1.750804 1.449468 1.291709 1.292978 1.331857 1.440477 1.226150 
1.180024 1.009983 0.849493 0.452377 0.530946 0.940326 1.550445 1.560559 1.531502 1.072669 
0.792258 0.810045 0.903518 0.823292 0.693546 0.770600 0.748582 0.544789 0.319766 0.057935 
0.099390 0.830771 0.781616 0.929127 0.779513 0.841890 0.763971 0.516698 0.438775 1.035369 
1.267623 0.954552 0.922935 1.083589 1.012759 0.907882 0.816201 0.639802 0.607321 0.893520 
0.968080 1.255445 1.381515 0.856645 0.918149 1.172915 1.370142 0.807064 0.880923 0.830078 
0.728804 0.245021 0.209174 0.325724 0.576196 1.167931 1.333437 1.166863 0.648190 0.479850 
1.058664 1.488030 1.253000 1.217719 1.040439 0.901807 0.772982 0.698600 0.728615 0.655589 
0.528974 1.109874 1.570575 1.906195 1.809489 1.628218 1.651876 1.400891 1.391901 1.384834 
1.438726 1.200867 0.891526 0.634325 0.757164 1.060425 1.587831 1.748030 1.683080 1.270530 
0.898831 0.822235 0.852208 0.835244 0.767721 0.877596 0.736081 0.487428 0.352902 0.100189 
0.100024 0.791221 0.758973 0.948837 0.775576 0.809312 0.695951 0.332779 0.295592 1.016923 
1.318313 1.032941 0.902839 1.126248 1.125047 1.032071 0.937761 0.791058 0.688031 0.577072 
0.683451 1.136894 1.326330 0.928848 0.702930 1.841756 1.572675 1.068366 0.868554 0.978713 
0.890285 0.710022 0.586909 0.608866 0.662243 1.133524 1.182456 0.966606 0.831686 0.190689 
0.720730 1.596457 1.379489 1.183389 1.015244 0.945168 0.889577 0.791722 0.748044 0.691892 
0.860512 0.888478 0.935036 1.588485 1.839229 1.812796 1.681683 1.397864 1.141132 1.234278 
1.404603 1.159616 0.759383 0.461653 0.725346 1.019376 1.371927 1.550426 1.487674 1.130795 
0.900738 0.927735 0.951657 0.873236 0.627465 0.740345 0.839273 0.456882 0.321845 0.154093 
0.149954 0.780675 0.731054 0.927004 0.782343 0.973420 0.956185 0.328005 0.387666 1.364056 
1.435316 1.054123 0.980199 1.047894 0.883673 0.898545 1.003765 0.890832 0.668833 0.415690 
0.469218 1.073778 0.993059 0.965118 0.727852 1.228681 1.337056 1.203900 1.010551 1.199542 
0.993970 0.900759 0.862541 0.905510 0.928112 1.452430 1.481318 1.093719 0.922783 0.442591 
0.383062 1.281356 1.434507 1.166648 0.901576 1.266851 1.160336 1.095801 1.049568 1.271254 
1.581740 1.245249 0.984243 1.296589 1.542566 1.806038 1.853050 1.555133 1.134748 1.109215 
1.099917 0.973746 0.815939 0.278098 0.519381 1.018022 1.581177 2.107175 2.201151 1.285686 
0.839989 0.929400 1.003731 0.966446 0.728265 0.879470 0.975140 0.416074 0.267276 0.150497 
0.124403 0.865798 0.776347 0.823166 0.849546 1.026041 0.974840 0.488901 0.202263 0.741331 
1.470786 1.265301 1.103548 0.881747 0.763887 0.852476 0.957571 0.771292 0.741653 0.470501 
0.239186 0.381908 0.693701 0.509474 0.904967 1.128273 1.144295 1.204781 0.962968 1.065812 
0.890360 0.818247 0.776842 0.703984 0.689552 1.154208 1.434544 1.111447 1.047485 0.636710 
0.444102 0.876515 1.148013 0.988136 0.557920 1.250396 1.079186 0.851153 0.889031 1.567925 
1.984412 1.734411 1.313126 1.386602 1.702771 1.673850 1.684588 1.422575 1.201387 1.048466 
1.030905 0.949633 0.631840 0.148859 0.365887 1.176789 1.284916 1.989081 2.362495 1.340907 
0.857491 0.826388 0.862625 0.915783 0.731132 0.984705 1.080371 0.574929 0.281364 0.132147 
0.124348 0.893737 0.635046 0.502890 0.753760 0.818278 0.885434 0.682326 0.561499 0.970983 
1.037716 1.108608 1.206737 1.011884 0.856862 0.863608 0.989156 0.887040 0.815650 0.531287 
0.518529 0.443844 0.598317 0.505087 0.853641 1.131444 0.943961 0.984282 0.920135 0.934711 
0.852874 0.751658 0.831747 0.758697 0.778349 1.017687 1.041802 1.047036 0.991936 0.721637 
0.542046 0.783439 0.925168 0.496492 0.489080 1.781839 1.802723 0.857496 0.953175 2.395411 
2.991165 2.397927 2.009012 1.931870 2.087187 2.023234 1.947785 1.626889 1.296516 1.074220 
0.965985 0.923072 0.537181 0.058537 0.270979 0.905764 1.617434 2.194325 2.395134 1.372208 
0.851677 0.885748 0.979795 0.875506 0.637826 0.741858 0.895054 0.476425 0.271277 0.089644 
0.122924 0.857898 0.633143 0.338067 0.607805 1.001335 0.970752 1.138907 1.100385 0.990641 
0.839333 0.861215 1.009390 0.922926 0.893632 0.754523 0.927855 0.925407 0.871713 0.857284 
0.812252 0.661681 0.761094 0.772668 0.868014 1.010789 0.817337 0.891623 0.945007 1.017054 
0.977356 0.818888 0.864018 1.011243 0.915962 1.024302 0.982743 1.058013 0.933787 0.941410 
0.758389 0.808057 0.813430 0.192294 0.170781 1.185627 1.510356 0.565887 0.459222 1.537787 
2.555223 2.459944 2.158625 1.791412 1.906000 2.442003 2.133919 1.688125 1.342526 1.105454 
0.956132 0.939149 0.470076 0.105193 0.319442 0.616366 1.766191 2.401593 2.602111 1.629174 
0.919310 0.903226 0.918228 0.960915 0.851355 0.879554 0.927277 0.583005 0.282382 0.041557 
0.111701 0.828596 0.607965 0.467804 0.530413 0.639981 0.543494 1.033991 1.093395 1.194607 
1.088512 1.163630 1.254763 0.957697 0.942548 0.841010 0.858694 0.858326 1.066219 1.012481 
0.916990 0.695905 1.031302 0.858718 0.876550 1.085150 0.947153 0.910453 0.915616 1.026088 
0.945186 0.868163 0.939441 0.920908 0.707119 0.920152 0.845021 0.984785 0.931948 0.964233 
0.879436 0.979626 0.739274 0.119550 0.113012 0.394969 0.773389 0.357542 0.263051 0.669446 
1.066940 1.373499 1.193432 0.899484 0.947787 1.800331 1.789764 1.464066 1.054604 1.018983 
0.892079 0.842152 0.308580 0.076037 0.303198 0.225065 1.270578 2.214172 2.250981 1.345675 
0.788741 0.740651 0.817251 0.780280 0.818848 0.850501 0.854688 0.552129 0.270587 0.061132 
0.124811 0.785728 0.689101 0.772830 0.730552 0.760812 0.691906 0.764872 0.788541 1.219199 
1.170752 1.173412 1.458104 1.119074 1.061830 1.002196 0.855919 0.883196 1.199908 0.993116 
1.020194 0.804966 0.945231 0.762604 0.900498 1.096821 1.001447 0.987740 0.943087 1.020604 
0.901504 0.998388 1.034969 0.950537 0.845782 0.992131 0.853861 0.860854 0.873860 0.906702 
0.852779 0.942246 0.706445 0.239160 0.188403 0.218006 0.186960 0.263220 0.267262 0.338557 
0.392974 0.654963 0.719654 0.385570 0.312505 1.281657 1.596409 1.439354 0.952602 1.010345 
0.849506 0.873003 0.349415 0.069718 0.294042 0.187986 0.946499 2.284302 2.169075 1.310921 
0.771262 0.745626 0.808369 0.774122 0.722637 0.780040 0.794645 0.544968 0.239403 0.103802 
0.113349 0.731299 0.670057 0.955931 0.899700 0.961581 0.775480 0.583555 0.657973 1.313842 
1.710365 1.787694 1.651180 1.253533 1.127440 1.086308 0.931833 0.848438 0.884667 0.786693 
0.953465 0.987177 0.946113 0.715982 0.570803 0.895354 0.915017 0.925286 0.922550 0.928947 
0.871802 0.876012 0.829213 0.884149 0.681687 0.836348 0.961471 0.645634 0.698536 0.757512 
0.798049 0.909066 0.673853 0.302689 0.177131 0.275722 0.289447 0.136748 0.094051 0.231501 
0.352596 0.573935 0.547404 0.352971 0.356619 1.170049 1.261386 1.114781 0.980962 0.987154 
0.842953 0.814135 0.411032 -0.053840 0.129495 0.093486 0.652587 1.823193 1.971720 1.227170 
0.746232 0.733120 0.782227 0.757316 0.724689 0.763853 0.737814 0.540709 0.219354 0.194342 
0.123266 0.794134 0.668631 0.867913 0.801196 0.897177 0.627622 0.305296 0.395033 0.824445 
1.312432 1.942897 1.880738 1.370799 1.039186 1.076475 1.068453 0.910686 0.817145 0.905072 
0.726158 0.875524 0.763089 0.732627 0.669889 0.719427 0.823779 0.817456 0.750684 0.851617 
0.819428 0.763239 0.814100 0.793878 0.710054 0.692066 0.744329 0.907433 1.106882 0.898960 
0.788615 0.845770 0.670841 0.432542 0.320671 0.859957 0.865725 0.634807 0.612306 0.671782 
0.702679 0.760469 0.707266 0.662015 0.696981 0.885196 0.996150 0.929142 0.914361 0.970835 
0.835320 0.793822 0.519534 -0.045959 0.070488 0.163070 0.668884 1.434596 1.824225 1.136206 
0.715220 0.753978 0.776032 0.752650 0.715563 0.713745 0.712955 0.539271 0.238623 -0.012464 
0.102243 0.816653 0.722339 0.830971 0.831617 0.943826 0.485530 0.174257 0.442320 1.075365 
1.405803 1.970206 2.022622 1.545605 1.195946 1.142686 1.308262 0.940249 0.835844 0.875939 
0.941039 0.896432 0.740752 0.708739 0.714787 0.656325 0.859589 0.780321 0.767308 0.861319 
0.769238 0.801422 0.750133 0.804333 0.784836 0.587581 0.587380 0.580894 0.904412 0.795456 
0.814565 0.903758 0.775501 0.535961 0.446020 1.011442 1.073151 0.922538 0.973936 1.136488 
1.079611 1.084753 1.004871 1.061899 1.259671 1.227368 1.178128 1.039032 1.141903 1.209347 
0.962589 0.936746 0.905753 -0.018790 0.063832 0.189598 0.626795 1.332465 1.439574 1.080545 
0.773181 0.805744 0.729248 0.777028 0.709489 0.734300 0.610816 0.526526 0.313746 0.050646 
0.095689 0.680680 0.794103 0.914748 0.871940 0.885095 0.375353 -0.018381 0.342080 1.484061 
1.752692 2.187385 2.276102 1.658656 1.146878 1.090423 1.361472 1.076374 0.901724 0.939852 
0.976574 0.601571 0.597621 0.679950 0.720825 0.664382 0.801256 0.656871 0.684925 0.929634 
1.186905 1.046345 0.698538 0.748566 0.654956 0.696275 0.698929 0.518972 0.837879 0.861153 
0.835136 0.859178 0.740183 0.551685 0.465726 0.944501 0.973655 0.851101 0.767878 0.993337 
1.115091 0.869294 0.879282 1.232903 1.430491 1.419388 1.713860 1.541438 1.317938 1.210464 
0.920480 0.943335 1.086194 0.279559 0.116901 0.154323 0.541674 1.148390 1.311076 1.037865 
0.807987 0.828226 0.801650 0.792426 0.717757 0.755608 0.666082 0.624876 0.301319 0.131815 
0.155425 0.577185 0.801475 0.946019 0.807733 0.869644 0.344260 -0.076677 0.395774 1.106041 
2.198456 2.615628 2.434818 1.867398 1.530201 1.375490 1.300672 1.317790 1.015223 1.015764 
0.970266 0.634482 0.587232 0.524090 0.621365 0.610234 0.734275 0.683419 0.941851 0.410189 
0.296453 0.230774 0.684494 0.768592 0.640957 0.642479 0.549085 0.680238 0.789875 0.612665 
0.669670 0.735523 0.781431 0.614484 0.609776 1.047650 0.931345 0.846871 0.743918 0.898757 
1.117927 0.716840 0.826489 1.361269 1.533237 1.837123 2.046927 1.649626 1.495238 1.297346 
1.108861 1.289325 1.416549 0.690853 0.538661 0.520098 0.763797 1.192737 1.206621 0.867635 
0.836080 0.817391 0.816249 0.805795 0.770352 0.711754 0.594173 0.594139 0.435624 0.127960 
0.111485 0.629731 0.755666 0.883303 0.857168 0.886607 0.333902 -0.023979 0.392186 0.496077 
1.507703 2.346315 2.479949 1.704193 1.442674 1.468064 1.368494 1.274916 0.985650 1.096336 
0.993724 0.721185 0.644467 0.596704 0.632489 0.582351 0.637371 0.677576 1.288990 1.443180 
1.854961 0.906066 0.718348 0.805716 0.664378 0.692665 0.591191 0.649117 0.612588 0.620044 
0.747337 0.797194 0.900016 0.775458 0.643759 0.896441 0.733169 0.757858 0.777921 0.859138 
1.176306 0.960646 0.676214 0.973764 1.234103 1.818103 1.745618 1.501798 1.471159 1.276759 
0.965933 1.274147 1.524845 1.355230 1.112958 0.821846 0.829602 0.837873 0.915205 0.796215 
0.859788 0.845894 0.879967 0.873012 0.804146 0.683546 0.590528 0.391063 0.427978 0.137158 
0.101256 0.742046 0.675343 0.925642 0.822978 0.800981 0.359717 -0.051265 0.314530 0.376924 
1.133751 1.813732 2.103492 1.774368 1.335919 1.357481 1.409984 1.252612 1.063722 1.045818 
0.835200 0.602109 0.617756 0.575675 0.553088 0.484374 0.471359 0.404883 0.553624 0.414338 
1.927084 3.202608 1.238991 1.014186 0.701770 0.588102 0.555531 0.652060 0.605462 0.635303 
0.756942 0.785664 0.819153 0.805472 0.832883 1.040644 0.863384 0.771518 0.746789 0.856875 
1.241799 1.180147 0.992023 0.938386 1.030385 1.667995 1.625863 1.558887 1.205951 1.040456 
0.916689 1.117828 1.240552 1.403810 1.347085 1.285717 1.305818 1.205726 1.128662 0.904776 
0.878508 0.922713 0.907099 0.880992 0.782979 0.687777 0.651144 0.404822 0.459536 0.149951 
0.134349 0.642215 0.722169 0.993435 0.851300 0.780299 0.416769 -0.037457 0.285193 0.732421 
1.555153 1.552154 1.600986 1.502723 1.127599 1.206378 1.224827 1.181913 0.945414 1.096882 
0.817638 0.724119 0.614186 0.572312 0.550797 0.478166 0.362687 0.182855 0.298198 0.077959 
1.433278 2.695701 0.604918 2.010542 0.741871 0.599664 0.630028 0.652704 0.638662 0.741550 
0.798130 0.760548 0.778737 0.672109 0.710160 0.990345 0.831629 0.837683 0.796904 1.068857 
1.008674 1.040632 1.056352 1.062217 1.131781 1.635423 1.692067 1.386978 1.142236 0.992724 
0.981491 0.994216 0.865033 0.990582 1.129970 1.559501 1.527809 1.153082 1.066547 0.855356 
0.809442 0.863024 0.824066 0.864660 0.766053 0.687058 0.617394 0.422188 0.379717 0.123852 
0.125284 0.610083 0.711754 0.933674 0.944564 0.732774 0.559887 -0.013418 0.299795 1.038677 
1.753546 1.759999 1.685987 1.528480 1.424897 1.157025 1.104845 1.188146 0.989341 1.150325 
0.805278 0.778297 0.624433 0.561330 0.520876 0.445747 0.348638 0.200937 0.033725 -0.010534 
0.061977 0.407888 1.192973 2.254129 0.606106 0.721138 0.533071 0.566859 0.631354 0.638196 
0.729573 0.743770 0.861789 0.956175 0.896583 0.966675 0.818484 0.571214 0.885473 1.557898 
1.582677 1.414838 1.535437 1.627117 1.450800 1.530131 1.644482 1.539443 1.248519 1.122716 
1.006800 0.878943 0.576918 0.530441 0.640342 1.471565 1.950139 1.413193 1.247125 0.969238 
0.794639 0.886846 0.879871 0.879418 0.755370 0.676033 0.601806 0.525462 0.503724 0.119039 
0.084378 0.705809 0.639002 0.758194 0.799907 0.772609 0.504787 0.016719 0.311570 0.963326 
1.601797 1.523662 1.429193 1.117512 1.450833 1.477032 1.100151 1.151767 1.008931 1.038949 
0.840281 0.801005 0.609708 0.585002 0.524740 0.411114 0.486348 0.471720 0.392322 -0.142340 
-0.056746 0.482990 0.669682 0.844474 0.680941 0.681543 0.530610 0.556291 0.584229 0.587920 
0.682510 0.616842 0.863126 0.904981 0.958038 0.969902 0.740700 0.317767 0.538486 1.235617 
1.226827 1.427881 1.448254 1.611020 1.625202 1.508711 1.431252 1.538985 1.224821 1.243926 
1.162480 1.038491 0.740380 0.268528 0.340822 0.781754 1.539887 1.692520 1.450843 1.147990 
0.828305 0.808807 0.857305 0.840041 0.760782 0.632200 0.594416 0.470712 0.545237 0.213569 
0.092719 0.809450 0.652406 0.775923 0.828781 0.846649 0.597215 0.085041 0.378124 1.121270 
1.987617 1.744705 1.314628 1.233112 1.427820 1.508358 1.288505 1.389923 1.164685 1.246719 
1.180482 0.873802 0.719823 0.726778 0.595794 0.495715 0.414854 0.348471 0.323469 0.629199 
0.223841 -0.355596 0.958229 1.309063 0.641005 0.536329 0.541244 0.491270 0.624219 0.612595 
0.700653 0.623047 0.824687 0.766242 0.876797 0.951359 0.750580 0.343204 0.337908 0.942532 
1.044811 1.098621 1.351766 1.475797 1.336790 1.452500 1.370125 1.519877 1.446956 1.320937 
1.154897 1.091699 0.754393 0.175675 0.448374 0.920546 1.294416 1.727303 1.586527 1.217479 
0.855192 0.857527 0.947981 0.873317 0.833188 0.675298 0.600794 0.475744 0.609992 0.321371 
0.077259 0.687779 0.707387 0.836687 0.784916 0.799522 0.567711 0.054634 0.422253 1.071758 
1.877770 2.175017 1.697741 1.491474 1.112869 1.054601 1.086972 1.237135 1.140034 0.945635 
1.239478 0.780525 0.638658 0.703642 0.575995 0.543548 0.450184 0.400200 0.457874 0.464650 
0.346750 0.728478 0.787494 0.611917 0.646595 0.501823 0.385179 0.436328 0.550184 0.615342 
0.729300 0.778528 0.842717 0.893345 0.732905 0.819574 0.768481 0.436116 0.517304 1.036897 
1.209753 0.982180 1.362215 1.437446 1.262308 1.283534 1.276625 1.331444 1.271349 1.272316 
1.240066 1.095590 0.606535 0.089048 0.233746 1.050051 1.359396 1.752114 1.914691 1.096706 
0.794316 0.787931 0.954388 0.857002 0.739966 0.579532 0.581262 0.356600 0.399460 0.263780 
0.090179 0.589320 0.682635 0.928587 0.770664 0.864567 0.420640 0.136659 0.473408 1.245092 
1.380288 1.896311 1.952165 2.203550 2.014492 1.668106 1.615516 1.890012 1.707172 1.321604 
1.281531 1.050251 0.796194 0.894868 0.706796 0.681255 0.608779 0.485239 0.402615 0.440082 
0.465460 0.458313 0.485713 0.464089 0.477483 0.322953 0.624899 0.976171 0.711121 0.704211 
0.824651 0.930192 0.838383 0.831378 0.816790 0.900307 0.867495 0.470828 0.554471 1.003711 
1.198025 1.208599 1.175424 1.224905 1.330014 1.355095 1.400357 1.354754 1.399344 1.516613 
1.334420 1.126993 0.618156 0.126761 0.133977 0.570392 1.324819 2.188731 1.997339 1.242863 
0.790137 0.722294 0.857309 0.767971 0.731442 0.702132 0.661831 0.346701 0.218780 0.070316 
0.106148 0.717831 0.673513 0.969914 0.753254 0.805746 0.456486 -0.014766 0.467239 1.738516 
1.474669 1.236101 1.053066 1.222809 1.531552 1.590006 1.449077 1.682707 1.767845 2.024993 
1.715815 0.952984 0.787870 0.867142 0.766541 0.804089 0.672183 0.553488 0.491189 0.461288 
0.478951 0.533532 0.511907 0.482269 0.407373 0.204505 -0.014228 0.786855 0.955114 0.748762 
0.881945 0.946344 0.885741 0.767387 0.805921 0.971316 0.903560 0.690455 0.625606 1.132791 
1.302423 1.186368 1.021800 1.107286 1.373773 1.222900 1.307609 1.249087 1.415391 1.531322 
1.260458 1.013593 0.477450 0.078973 0.125420 0.283286 1.239617 2.003668 1.997902 1.342961 
0.879470 0.854017 0.957293 0.757415 0.832853 0.707675 0.714919 0.567600 0.197842 0.034558 
0.082847 0.695718 0.686123 0.926334 0.825888 0.760693 0.440243 -0.096604 0.244163 1.145666 
1.385737 0.866339 0.509879 0.599126 0.509677 0.813674 1.249356 1.123856 1.339078 1.785638 
1.569806 0.865192 0.826677 0.871997 0.826911 0.820017 0.780448 0.757627 0.725926 0.638685 
0.638517 0.657550 0.603709 0.622155 0.613015 0.330558 0.275126 0.643561 0.792228 0.739599 
0.807084 0.828630 0.780533 0.749312 0.749693 0.897076 0.853809 0.677126 0.734131 1.147317 
1.169789 1.209077 1.176273 1.361045 1.484198 1.284403 1.471277 1.590034 1.573783 1.573318 
1.386086 1.092739 0.535608 0.071529 0.089330 0.197453 1.083570 1.620767 1.708437 1.129439 
0.776061 0.810760 0.855494 0.784550 0.731834 0.702708 0.731378 0.531037 0.185968 -0.002718 
0.138862 0.683625 0.790088 1.019382 0.840514 0.900035 0.666137 0.051306 0.263441 0.844866 
1.391389 0.910380 0.708313 0.614583 0.417469 0.294357 0.945551 1.618712 1.705463 1.934689 
1.775393 0.959237 0.871199 0.829175 0.836427 0.843287 0.806037 0.843333 0.826116 0.706568 
0.718461 0.728026 0.691362 0.665276 0.678097 0.569366 0.689701 0.562908 0.730536 0.804712 
0.804620 0.890229 0.866032 0.821327 0.741636 0.953169 0.940523 0.837072 0.874579 1.046779 
1.084250 1.194374 1.142903 1.336889 1.492085 1.260914 1.343170 1.529986 1.424867 1.408557 
1.319528 1.097530 0.732008 0.100453 0.121066 0.121345 0.689653 1.444530 1.517474 1.126622 
0.845383 0.834843 0.851720 0.732726 0.720440 0.723033 0.645024 0.442871 0.201148 -0.007719 
0.146256 0.749406 0.742582 0.909922 0.828481 0.886253 0.614099 0.209263 0.206305 0.448288 
0.967838 0.766932 0.615388 0.390436 0.245007 0.074770 0.212470 0.957978 1.363454 1.640845 
1.883286 1.053782 0.902279 0.932551 0.857977 0.857447 0.833139 0.909643 0.959092 0.868836 
0.877712 0.841634 0.842854 0.835386 0.868892 0.762982 0.686031 0.668127 0.855748 0.866674 
0.791535 0.967659 0.892517 0.913871 0.789484 0.916761 0.927896 0.769218 0.923857 1.150970 
1.205160 1.106446 1.092494 1.283184 1.584250 1.514274 1.473507 1.676199 1.518661 1.370942 
1.280601 1.151939 0.916379 0.260006 0.162167 0.271791 0.648458 1.213703 1.313335 1.008765 
0.822049 0.844917 0.797623 0.748061 0.725248 0.755763 0.755556 0.391104 0.155512 0.115437 
0.152497 0.815403 0.760741 1.002987 0.916625 0.990557 0.735337 0.662507 0.586720 0.658888 
0.979645 0.815058 0.725618 0.712815 0.684912 0.200820 0.294982 1.028355 1.589629 1.948022 
1.978461 1.141167 0.817828 0.918111 0.913503 0.890168 0.934991 0.933077 0.971331 0.864731 
0.880914 0.889673 0.848382 0.808503 0.772342 0.815430 0.825726 0.759642 0.788029 0.919678 
0.819797 0.902657 0.834353 0.938565 0.793825 0.955389 0.916262 0.763217 0.865535 1.134671 
1.177058 1.077182 1.117784 0.989548 1.377341 1.574104 1.440395 1.649209 1.554807 1.585556 
1.481745 1.277751 1.048869 0.589557 0.506811 0.597793 0.907791 0.977939 1.027987 0.937971 
0.736828 0.842229 0.830855 0.805210 0.641367 0.733702 0.769191 0.292713 0.133018 0.188073 
0.170057 0.771011 0.673430 1.001942 0.910918 1.010719 0.870274 0.694056 0.765528 0.759817 
0.989261 0.885720 0.837419 0.414870 0.232228 0.070888 0.121337 0.576350 1.216568 2.057167 
1.697291 1.284960 0.802004 0.848467 0.875039 0.941011 1.071091 1.109784 0.976161 1.059168 
1.092145 1.078533 1.055501 1.040513 0.953890 0.849999 0.940422 0.917805 0.856440 1.041033 
0.963174 1.026667 0.912346 0.952590 0.871439 0.960337 0.993863 0.874428 1.013074 1.323919 
1.454007 1.295986 1.152071 1.032956 1.168523 1.316607 1.179824 1.471923 1.506272 1.592858 
1.441678 1.278026 1.103197 0.798130 0.716845 0.977246 1.343206 1.188817 1.227922 1.064998 
0.822857 0.926287 1.011267 0.827396 0.791952 0.835584 0.853607 0.399291 0.098110 0.016117 
0.177699 0.850827 0.796373 0.912742 0.889765 0.892899 0.864509 0.717461 0.897301 0.867404 
1.015229 0.775403 0.511853 0.296637 0.188852 0.065953 0.208961 0.065360 0.388322 1.490131 
2.146744 1.803842 0.898519 1.015979 1.091266 1.105362 1.053216 1.243374 1.100897 1.417362 
1.428592 1.353531 1.286314 1.098472 0.961473 1.183785 1.463452 1.115441 0.904549 0.983471 
0.909378 1.001888 0.964615 1.004898 0.889297 0.870977 0.925660 0.778063 0.869229 1.245907 
1.448039 1.287411 1.251991 1.141339 1.128580 1.228632 1.236397 1.598781 1.663131 1.605834 
1.534478 1.444948 1.176994 0.674243 0.623799 0.857366 1.461638 1.355909 1.351867 1.129945 
0.945500 1.095098 1.091137 0.794936 0.795235 0.855333 1.058997 0.599469 0.168476 0.106431 
0.248086 0.805056 0.761869 0.996303 0.916714 0.947898 0.848947 0.785620 0.806375 0.815606 
1.016366 0.795992 0.707189 0.556142 0.293842 -0.047785 -0.103977 -0.070042 0.179971 0.698124 
1.269110 1.556625 1.374323 1.483721 1.623440 1.848621 1.555586 1.421959 1.569810 1.846745 
1.989646 2.121213 1.902859 1.725529 1.562302 1.832066 1.657881 1.439499 1.245467 1.228034 
1.188957 1.204437 1.160319 1.219237 1.087312 1.029127 1.017164 0.827560 1.061760 1.397720 
1.561622 1.474542 1.403697 1.310145 1.220536 0.966455 1.238891 1.485446 1.687438 1.569656 
1.434424 1.394949 1.091362 0.715806 0.569732 0.768937 1.345654 1.671692 1.662601 1.227360 
0.853608 0.983261 1.224573 1.067979 1.006676 1.020157 1.154017 0.701895 0.319389 0.153215 
0.274729 0.920544 0.722182 0.915263 0.839756 0.897708 0.901823 0.913864 0.862661 0.890431 
0.832196 0.840057 0.826470 0.638320 0.382036 0.411835 0.603475 0.596244 0.509756 0.512957 
0.659585 1.280904 1.513672 1.339548 1.309126 1.649518 1.511678 0.805674 0.809977 1.342375 
1.439303 1.729130 1.802368 1.431692 1.388114 1.886614 1.788259 1.668804 1.283283 1.202836 
1.233110 1.399202 1.196714 1.130670 1.071372 1.049292 1.046409 0.745279 0.971701 1.410031 
1.707168 1.678177 1.480420 1.520462 1.275015 0.768508 1.093010 1.301497 1.746660 1.661009 
1.528818 1.396336 0.958514 0.544124 0.583988 0.837467 1.052102 1.781869 1.783587 1.374723 
0.946488 1.114316 1.233642 1.060876 0.981580 0.933336 0.918160 0.539407 0.286047 0.229812 
0.379784 1.064379 1.135477 1.042621 0.798069 0.924096 0.871376 1.059278 1.218588 1.247220 
1.463979 1.118428 0.997823 1.237845 0.925451 0.844325 0.664649 1.305370 1.106894 0.867716 
0.701156 0.894565 0.909363 0.978622 1.191766 1.376946 1.317859 0.712269 0.497612 1.008783 
0.989238 1.161142 1.339490 1.316348 1.201272 1.356534 1.575511 1.609091 1.504854 1.408036 
1.333469 1.487419 1.501866 1.433193 1.295907 1.193973 1.171013 0.739461 0.903349 1.230087 
1.466712 1.486443 1.274107 1.512429 1.420396 1.022283 0.998778 1.128263 1.399495 1.419522 
1.373729 1.273265 0.796736 0.468965 0.694669 1.002895 1.390748 1.742033 1.826512 1.266508 
0.998363 1.150213 1.158237 1.012055 0.943328 0.964432 1.001192 0.522513 0.301506 0.252652 
1.070414 0.545253 0.048859 0.593695 0.905875 0.968793 0.945984 0.932562 0.971624 0.688751 
0.355437 0.251198 0.446773 0.260038 0.690874 1.272303 1.078439 0.719195 0.936196 1.006493 
0.915289 0.854387 0.783725 0.395029 0.713413 1.510120 1.598736 1.012532 0.669090 0.871512 
0.953425 0.834105 0.998913 1.464435 1.570983 1.673676 1.678453 1.625679 1.550953 1.445938 
1.326918 1.276513 1.338223 1.212656 1.301876 1.164468 1.154597 0.918095 0.958346 1.200104 
1.307262 1.293174 1.342639 1.762395 1.705910 1.318837 1.090227 1.143065 1.185287 1.359328 
1.162899 0.985414 0.469641 0.205953 0.533442 1.351633 1.879725 1.872404 1.812911 1.480868 
1.010336 1.043844 1.119941 1.174136 0.953983 0.880115 0.870615 0.433844 0.233521 0.354719 
0.443916 1.097182 1.536774 0.982765 0.780497 1.200758 1.454380 0.669299 0.609598 1.027051 
1.595943 0.466509 0.220310 0.286300 0.171416 0.482003 1.249068 1.217932 0.727256 1.129573 
1.006268 0.836486 0.668963 0.340170 0.457175 1.086107 1.340547 0.976148 0.891205 0.812313 
0.736570 0.490035 0.582438 1.070779 1.687674 1.992411 2.163313 2.391145 2.305652 2.224210 
2.088013 2.005469 1.941724 1.709086 1.733967 1.482991 1.312535 1.117318 0.971220 1.120417 
1.015044 0.986971 1.031976 1.605497 1.956055 1.552965 1.355147 1.496350 1.227314 1.303122 
1.271267 1.019510 0.487439 0.154196 0.306245 1.108596 1.930922 1.885508 1.807371 1.342839 
0.872176 1.182043 1.118195 1.060693 0.887893 0.910918 0.954172 0.434906 0.064906 0.453829 
0.539485 0.994555 1.676198 1.236208 1.138751 1.591182 1.688970 0.623789 0.843799 0.786160 
0.182090 1.160559 0.323359 0.058356 0.294692 0.246129 0.663543 1.441916 1.056471 1.219552 
0.990998 0.835601 0.728714 0.541663 0.607748 1.098922 1.298903 1.182556 1.016886 0.907831 
0.536231 0.136284 0.341859 0.993023 0.963215 1.394808 1.478690 1.841362 2.354022 2.438946 
2.111895 1.998110 2.099767 2.089315 1.898292 1.547138 1.295106 1.245606 1.105296 1.103433 
0.974681 0.678288 0.984499 1.738527 2.118529 1.948417 1.422580 1.397034 1.081125 0.996933 
1.061276 0.810859 0.504473 0.130019 0.278251 1.599870 2.193542 2.181968 2.052800 1.458926 
1.035487 1.051712 0.904481 1.090661 0.998641 0.881913 1.005104 0.521096 0.043881 -0.170797 
0.149912 0.308193 0.329607 1.380934 0.962364 1.063869 0.948356 0.435167 0.387429 0.694704 
1.025729 0.133485 0.104271 0.259470 -0.110859 -0.459401 -0.149682 1.608593 1.068638 0.968676 
1.144142 1.089757 1.044948 0.712170 0.649127 1.021766 1.257990 1.171777 1.129647 0.979873 
0.517585 0.023329 0.246680 0.541617 0.859609 0.856708 0.484002 0.487264 0.990677 1.962596 
2.152456 1.703342 1.865271 1.895378 1.746843 1.706828 1.382476 1.268164 1.109491 1.095513 
0.825485 0.496301 0.745893 1.593697 2.166587 1.939253 1.681183 1.621777 1.282187 1.195424 
1.108577 0.813352 0.253780 0.140131 0.092839 0.943634 1.937719 2.466047 1.790288 1.450047 
0.968921 0.937034 0.694857 0.697670 0.952823 1.194247 0.895328 0.691978 0.130274 -0.114784 
0.494490 0.712271 0.421947 1.570124 0.572495 0.581330 0.851856 0.263341 0.960306 0.482421 
0.727302 0.531813 0.173890 0.380550 0.804641 0.169229 -0.152655 0.698575 1.016992 1.312543 
1.226302 1.019709 0.919384 0.820106 0.792638 0.810318 1.063744 1.052746 1.010972 0.963290 
0.547095 -0.021216 0.240032 0.440520 0.647283 0.608707 0.289941 0.160918 0.199174 0.473648 
1.228632 1.158387 1.294586 1.872962 2.033348 2.047795 1.535119 1.346251 1.148287 1.040421 
0.889522 0.447026 0.493725 1.696853 2.363873 2.235055 1.975322 1.767217 1.302403 1.158704 
1.014924 0.702007 0.322965 0.078866 0.105517 0.355094 0.925542 1.676579 1.830958 1.456111 
0.947158 0.865246 0.699788 0.447692 0.457812 1.184164 1.210507 0.656673 0.219950 -0.026988 
-0.187143 0.287947 0.499688 1.314775 0.595891 1.083305 0.362786 1.008734 0.884198 0.608969 
0.473598 0.948593 0.638516 0.144613 0.534679 -0.087470 -0.132206 0.229554 1.231409 0.689427 
0.830191 0.775143 0.923559 0.954499 0.861600 0.978454 0.953285 0.873295 0.791701 0.890449 
0.771589 0.014240 0.118931 0.421337 0.768633 0.569394 0.408652 0.124385 0.027073 0.258922 
0.676611 0.610479 0.791088 1.300659 1.413192 1.561138 1.419456 1.237289 1.010444 1.005268 
0.720410 0.311273 0.285434 1.129452 1.759069 2.414069 2.405025 2.066766 1.772449 1.473899 
1.262651 0.856902 0.677810 0.164815 0.183296 0.467482 1.259215 1.597633 1.506488 1.155765 
0.868678 0.802929 0.844504 0.720332 0.658836 0.928061 1.156702 1.111548 0.742886 0.686204 
0.361808 0.155659 -0.375187 0.191416 -0.064855 0.130639 1.391588 0.211392 0.499777 -0.003910 
0.405608 0.234121 1.040071 1.251628 0.540740 0.846390 0.097550 -0.033038 0.283437 0.571438 
1.346737 1.166512 1.006878 1.061669 0.944691 0.930926 0.790765 0.765748 0.651578 0.943777 
1.036696 0.528784 0.591975 1.027630 1.346177 1.081697 0.943884 0.665302 0.633638 0.563515 
0.684973 0.600570 0.815224 1.330115 1.405241 1.488549 1.622251 1.674029 1.251723 1.344241 
0.920962 0.585909 0.692485 1.306332 2.116602 2.456649 2.465112 2.075628 1.728557 1.458055 
1.492577 0.890765 0.732276 0.898476 0.913193 1.008976 1.582280 1.602719 1.378559 1.148599 
0.868091 0.847353 0.751025 0.659677 0.835983 0.663641 0.606708 0.970060 0.344608 0.631533 
0.221893 0.354647 0.783133 1.176769 0.542279 0.313228 0.228775 1.111389 1.542187 0.402113 
0.133832 0.581760 0.273480 0.971713 0.187754 0.604357 0.905641 0.598238 0.005016 -0.336035 
0.030333 1.596922 1.401334 1.164832 0.949818 1.118673 0.963676 0.739414 0.614805 0.869579 
1.463678 0.942910 0.901012 1.407473 1.662204 1.544426 1.427202 1.352092 1.319423 0.913996 
0.793089 0.716685 0.973628 1.313302 1.345364 1.372025 1.239211 1.239711 0.825859 0.928625 
0.810571 0.308026 0.434545 0.981066 1.551808 2.431394 2.370756 1.864287 1.896417 1.541539 
1.275014 0.857716 0.552671 0.556427 0.968637 1.641015 1.588212 1.774718 1.499944 1.169269 
0.782497 0.927897 0.896353 0.889956 1.098421 0.286079 0.298054 1.050879 0.753921 0.205042 
0.290360 0.574448 0.610111 0.612355 0.746701 0.707077 0.616933 0.405838 0.630153 0.345745 
0.382892 -0.126934 1.107799 1.173818 0.792034 0.478822 0.467464 0.734407 0.042124 0.016765 
0.055946 0.795643 0.920692 1.118418 0.947578 1.440776 1.100192 0.555934 0.496831 0.519420 
0.749936 0.814590 0.551941 0.514600 0.888951 1.022763 0.714658 0.657539 0.800969 0.831047 
0.665785 0.430073 0.369949 0.869349 1.141732 1.199249 1.006160 0.979772 0.562932 0.417609 
0.462895 0.147069 0.236642 0.281887 0.470020 0.931461 1.188060 0.864121 0.955901 1.244167 
1.010634 0.639377 0.385068 0.274270 0.245411 0.745054 1.111704 1.372425 1.277208 1.126746 
0.733037 0.856485 0.741112 0.800671 0.437695 0.512670 0.445457 0.129036 0.239473 0.535205 
0.545023 0.373769 0.464198 0.568428 0.654576 0.498505 0.719983 0.557361 0.751203 0.648708 
0.023149 0.503758 0.496069 0.184509 0.739216 0.907870 1.019294 0.630048 0.437247 -0.225633 
0.178109 0.890465 1.429231 1.187830 1.159270 1.265352 0.966465 0.457886 0.600875 0.733768 
0.946217 0.768647 0.677055 0.434445 0.476004 0.572315 0.500095 0.447811 0.362820 0.397221 
0.512593 0.345930 0.294500 0.265357 0.662870 0.731402 0.565490 0.503207 0.481594 0.168815 
0.277481 -0.015892 0.065574 0.215782 0.274856 0.560445 0.728977 0.654008 0.590827 0.738320 
0.702539 0.541149 0.591425 0.398354 0.427377 0.817958 0.863053 1.632405 1.630396 1.362944 
0.979120 0.919374 0.931071 0.988397 0.340430 -0.063875 0.179559 0.760396 -0.302956 -0.227783 
0.352479 0.890659 0.750989 0.744680 0.695408 0.880871 0.670725 0.188965 0.448903 0.478024 
0.443341 0.161839 0.282261 0.358135 0.225026 0.570227 0.897149 0.507531 0.445206 0.154211 
-0.135730 0.378653 0.584040 0.945511 0.809061 1.141987 1.055502 0.492721 0.628541 1.063964 
1.467048 1.357119 1.276456 0.737053 0.767821 1.023994 1.048337 0.723236 0.782661 0.925644 
0.858278 0.637492 0.555130 0.669710 0.874428 0.838609 0.718726 0.592658 0.860285 0.725346 
0.486472 0.492336 0.708691 0.604235 0.607957 0.643110 0.743822 0.704569 0.630182 0.645533 
0.832243 0.825253 0.937114 0.977032 0.945885 0.791664 0.845059 0.940019 0.613828 0.855785 
1.281330 1.157153 1.205502 0.931996 0.342419 0.196085 0.404408 0.230435 0.001808 -0.251098 
1.103728 1.309087 0.615386 0.731019 0.798277 0.794330 0.539073 0.350016 0.399602 0.302572 
0.594399 0.351057 0.534686 0.246776 0.541221 0.564742 0.652312 0.678674 0.817416 0.197215 
-0.084048 0.777504 1.096184 0.987989 0.898245 1.092984 0.851568 0.439399 0.371688 0.679093 
1.217649 1.458042 1.323797 0.867521 0.843776 1.147874 1.153548 0.732322 0.727222 0.941455 
0.812884 0.835549 0.745202 0.814283 0.824200 0.774887 0.745606 0.855476 0.876285 0.846350 
0.756120 0.711973 0.977682 0.955074 0.867413 0.914688 0.977970 0.884743 0.900393 0.896562 
0.948620 0.924146 1.102704 1.079786 0.746091 0.506071 0.455512 1.206383 1.951220 1.303139 
1.137404 1.126055 0.596652 0.135862 0.013148 -0.298462 0.077245 0.764371 -0.049613 -0.099937 
0.610119 0.923426 0.687251 0.890521 0.776406 0.849636 0.752086 -0.075902 0.420823 0.683899 
0.582006 0.641840 0.291442 0.505727 1.293310 0.693775 0.412045 0.967805 1.100583 0.988065 
0.241036 0.791274 0.922238 1.199941 1.114473 1.180514 0.945996 0.680368 0.376100 0.380365 
0.799319 1.246044 1.481825 0.999360 0.608856 0.826342 1.344521 1.644747 1.431247 1.104081 
0.907938 0.949773 0.948416 0.979427 0.887565 0.780295 0.814554 0.888516 0.951239 0.951779 
0.901194 0.708483 0.851875 0.916908 0.914770 0.916773 0.948241 0.863272 0.692300 0.868318 
1.041724 0.689479 0.986732 0.634159 0.662585 0.369252 0.581691 0.288678 0.704863 0.844303 
1.263482 1.845650 1.306210 0.655276 -0.058763 -0.064206 0.141542 -0.043098 0.272442 0.079664 
0.530762 1.063092 0.555439 1.099967 0.659264 0.818676 0.615914 0.475038 0.234099 -0.002271 
-0.164543 0.038059 0.891562 0.371907 0.301991 0.398573 0.502554 1.024671 1.026644 0.940014 
0.067675 0.652387 1.040157 1.087465 1.070775 1.196019 0.803056 0.580778 0.562553 0.529919 
0.571626 0.840842 1.169846 1.096387 1.145908 1.192495 0.623604 0.677489 1.064393 1.053276 
1.019848 1.010833 1.041174 1.119371 1.032917 1.023318 0.846028 0.815153 1.144515 1.296057 
1.044921 0.905118 0.944111 0.978101 0.864204 0.891540 0.882800 0.867999 0.962939 0.972635 
0.936288 0.942705 1.030549 1.026311 1.043997 0.687723 0.657697 0.892673 0.696717 0.291339 
0.485972 0.244737 0.338677 0.194181 -0.192233 0.362905 0.287353 0.283762 0.955319 0.619461 
0.374629 0.930861 0.605297 1.435996 0.750846 1.050799 0.657264 0.094245 0.280850 0.407130 
0.992052 1.049407 0.291819 0.232533 0.736282 0.856177 1.507148 1.678430 0.831803 0.021533 
0.144520 0.491092 1.346454 1.123648 0.982924 1.159483 0.875481 0.880645 1.063619 0.826372 
0.866891 0.917832 1.150375 1.124861 0.736835 0.286878 0.536323 1.178424 1.305912 0.930218 
0.913528 1.011701 0.944369 1.015965 0.999253 1.126472 1.594872 1.144777 0.479784 0.323339 
0.788499 1.050936 0.930947 0.992055 0.981777 1.072642 0.914813 0.903179 0.809646 0.929245 
0.878391 0.650116 0.564944 0.179968 0.618263 0.938546 1.008772 0.338591 0.774069 1.784224 
1.291974 0.744641 0.589993 0.788127 -0.032779 -0.207778 0.643758 -0.315981 -0.280256 0.715028 
0.805798 0.553429 0.499009 1.639704 1.056524 0.818302 0.793872 0.634328 0.512277 0.474290 
0.148537 0.680796 1.069384 0.399028 -0.134975 0.619766 0.706803 0.661703 0.639959 0.824051 
0.504828 0.328308 0.910229 0.944197 1.213961 1.305063 1.053501 1.140525 1.128851 0.859171 
0.931971 0.886696 1.117541 1.202369 1.130059 0.684043 0.591588 0.574353 1.572365 1.279097 
1.035642 1.117622 1.097689 1.132758 1.252434 0.753538 0.692208 0.583587 1.104450 1.785506 
1.145028 0.844736 0.920979 0.958020 0.864434 0.877638 1.250320 1.425009 1.013540 0.517772 
0.604398 0.665455 0.579890 0.074960 -0.114459 0.538827 0.491790 -0.069350 0.096196 1.318611 
1.414139 0.358540 0.715562 0.367354 0.289694 0.395595 0.356059 0.034319 -0.057181 -0.385889 
0.629768 0.872247 1.406805 1.228400 1.041176 1.320699 1.088904 0.737449 0.689549 0.530912 
0.630298 0.266440 0.397801 0.459713 0.451819 0.294861 0.449351 0.655463 0.770170 0.111243 
0.308333 0.557200 1.038206 1.011019 1.006419 1.198511 0.974382 1.175704 1.258621 0.970772 
0.904777 0.952470 1.215578 1.148044 0.422646 0.634742 1.606667 1.326315 1.637423 1.342571 
1.056415 1.035180 1.222547 1.498163 1.314568 0.902066 0.877683 0.629964 0.567155 0.608178 
1.363730 1.381696 1.009927 1.088487 1.046421 1.170151 0.991177 0.422593 -0.064002 0.957600 
1.901562 0.838596 0.400979 0.571440 0.727343 0.475337 0.254924 0.138110 0.010866 0.810343 
0.500444 0.587372 1.417870 1.273440 0.739609 0.846603 1.023617 0.521052 -0.127544 -0.208680 
0.408149 0.480298 1.076612 0.986993 0.692675 0.647670 1.237649 0.875782 0.605127 0.630993 
0.475927 0.817836 0.358304 0.366764 0.758984 0.111494 -0.113417 -0.015148 0.398531 0.397139 
0.165956 -0.086138 1.274884 0.885339 0.799463 0.947976 0.784818 1.051123 0.948852 0.952902 
1.101389 0.888905 0.952902 0.864583 0.062640 -0.160392 -0.106439 1.000249 1.079650 1.494703 
1.285138 0.721686 0.940362 1.365714 0.885171 0.715977 0.484953 0.887927 0.328984 0.940097 
1.220615 1.178273 0.816334 0.958239 1.056384 0.915785 0.391593 0.539522 0.191595 0.510479 
0.905658 0.861515 0.572372 0.115646 0.438202 0.629952 0.442571 0.387818 0.136797 0.006527 
0.490993 0.586718 0.397371 0.656259 0.758958 0.928738 0.785336 0.758056 0.051891 -0.217678 
0.486715 0.413269 0.550351 0.731763 0.421971 0.634472 1.187036 0.927703 0.758409 0.560939 
0.395792 0.298926 0.543994 0.211792 0.383261 0.019533 0.192340 0.271473 0.098621 0.015103 
0.206367 0.700063 1.078498 0.879041 1.039977 1.433235 1.020395 0.954514 0.972173 1.050451 
1.119330 0.710647 0.870393 0.738041 0.256407 0.070847 0.015963 0.784007 0.950654 1.010175 
0.156666 0.245777 1.271946 0.654994 0.549958 0.714050 0.726324 0.167137 0.625789 -0.224500 
0.235947 0.826101 1.145461 1.210884 1.093631 0.774930 -0.105026 -0.101954 0.138159 0.978726 
0.895748 0.514246 -0.097929 0.491305 0.181017 0.426958 0.504715 0.698297 0.542874 0.468274 
0.348162 0.506294 0.468497 0.927357 0.761256 0.748173 0.767156 1.068654 0.170829 -0.100506 
0.394322 0.661937 0.576579 0.897099 0.760931 0.855603 0.866571 0.634462 0.691583 0.678642 
0.724256 0.442552 0.663849 0.810229 0.719672 0.450460 -0.086987 0.062346 0.659138 0.329568 
0.013842 0.218748 0.657370 0.566761 1.258173 1.536559 1.068268 1.052425 0.720493 0.858362 
1.396590 1.106923 1.349174 1.021067 -0.110854 0.247798 0.067138 -0.052325 0.248290 0.507596 
0.520293 0.538189 0.732404 0.754306 0.657240 0.260665 0.186861 0.376839 0.663040 0.352903 
0.349646 0.863461 1.035266 0.964753 1.410275 1.174401 0.102321 -0.178931 -0.120688 0.094513 
0.436106 1.069461 0.513249 -0.246383 0.624436 0.335995 -0.054192 0.606764 0.586414 0.029408 
0.077178 0.450945 0.611243 0.735119 0.824156 0.704603 0.425666 0.944753 0.404986 -0.225532 
0.573689 1.126331 0.601124 0.891238 0.886545 0.656538 0.625736 0.745657 0.914316 0.648018 
0.906217 0.809057 0.312321 0.680604 0.717401 0.733289 0.097743 0.355227 0.982605 0.620195 
0.240461 0.686335 1.244399 0.898980 0.943570 0.711057 0.036068 0.483170 1.195826 1.010059 
0.485608 0.435879 0.384138 0.891900 0.384303 0.989084 0.625012 0.375012 0.566281 0.467048 
0.343846 0.695991 0.593043 0.433156 0.677849 0.486479 0.362523 0.294983 0.001111 0.148257 
0.179918 0.564655 1.293457 1.345805 1.425219 1.046438 0.525363 -0.152677 0.240068 -0.095116 
0.033145 0.701810 0.545365 0.325563 0.622712 0.412235 0.638662 0.615477 0.647055 0.768259 
0.702227 0.281588 0.716066 0.840985 0.643896 0.755168 0.536827 0.849587 0.212153 -0.080207 
0.615366 1.032101 1.213437 0.741949 0.384553 0.734511 1.002223 0.805740 0.876111 0.532627 
0.477007 1.025474 0.578515 0.849710 0.799744 0.592625 0.578754 0.124219 1.265239 0.469380 
-0.224146 -0.350837 0.410640 0.680560 0.181899 0.321116 0.863384 0.511777 0.047994 0.534578 
2.245968 2.001446 1.233504 1.343640 0.525579 0.364229 1.175849 0.655233 0.549111 0.269978 
0.460247 0.376670 0.548915 0.317068 0.348158 0.450017 0.365613 1.373036 1.394658 0.743280 
-0.065380 0.227200 1.721433 1.077784 0.762438 0.431460 0.398640 -0.017862 0.143826 0.078208 
0.319556 0.200694 0.769783 0.034644 0.636611 0.552560 0.471454 0.764209 0.776042 0.527396 
0.532554 0.817594 0.427128 0.667441 1.289729 0.895596 0.788362 1.035870 0.473725 0.038446 
0.517214 1.184438 1.332044 1.107942 1.000549 0.922277 1.024878 0.927196 0.941425 0.759248 
0.545756 0.736557 0.473851 0.467086 0.615457 1.033805 1.280842 -0.050187 0.869268 0.609976 
0.408136 -0.335639 0.564655 0.570223 -0.040694 0.203628 0.359595 0.447543 -0.080154 -0.371745 
-0.035701 1.511928 0.168314 0.992550 0.883245 0.776058 0.906507 0.740849 0.508478 0.852009 
0.898322 0.675466 0.488338 0.359934 0.435966 0.618455 0.276758 0.005941 1.196350 0.690668 
0.576542 -0.214833 0.439449 -0.203238 1.706638 0.799008 0.136185 0.323866 0.106925 0.599309 
0.677646 0.838321 0.583653 0.514120 1.616727 0.563401 1.077046 0.781292 0.731834 1.107607 
0.919743 0.708033 0.398923 0.324873 0.986943 0.722159 0.727015 0.578241 0.237133 0.058002 
0.482638 0.916187 0.844749 1.056609 0.731216 1.476331 0.813336 0.992052 0.781067 0.780258 
0.799288 0.534516 0.364587 0.201467 0.555490 1.055158 1.018186 0.810484 0.680857 0.392721 
0.232214 0.429688 0.184096 0.332225 0.425570 0.525876 0.508848 0.627639 0.403045 -0.317885 
-0.215133 0.961587 0.088869 0.147543 0.479779 0.532863 1.227951 0.874369 0.674667 0.566645 
0.384262 0.829883 0.523049 0.405660 1.246961 0.335186 0.280406 0.362767 0.971927 0.656219 
1.514734 0.632725 0.574410 0.143852 0.191149 0.589539 0.502784 0.415260 0.183603 0.544544 
0.482409 0.442979 0.320353 0.371150 0.269754 0.699513 0.725712 0.626313 0.667168 1.064177 
1.242826 1.319211 1.202423 1.032530 0.605887 0.640448 0.822474 0.300504 0.080715 0.084188 
0.682301 0.773664 0.855939 1.263680 0.920279 1.476692 0.965100 1.095058 0.802567 0.855248 
0.806989 0.656558 0.634102 0.312240 0.154106 0.696203 1.077603 1.068515 0.843771 0.760328 
0.537221 0.616483 0.567892 0.581312 0.102653 1.259303 1.103171 0.479483 0.054956 0.144237 
0.081812 0.429741 0.658093 -0.138169 0.188246 0.719220 0.872722 0.444290 0.603706 0.076033 
0.410152 0.851858 0.555159 0.334895 0.562523 0.885269 0.993938 -0.214353 0.358047 0.631159 
0.725680 0.725510 0.652744 0.439426 0.178381 0.514842 0.891623 1.010692 0.909783 0.985478 
0.645918 0.723644 0.499288 0.634664 1.602598 1.286347 0.850198 0.915832 0.805634 0.878144 
0.749858 0.746314 1.084334 1.629589 1.165249 1.095415 0.856297 0.291727 0.086931 -0.056895 
0.410150 1.021929 1.399301 1.490235 1.151997 1.140808 0.951912 1.182081 1.251507 1.132872 
0.539878 0.491013 0.651673 0.757808 0.565073 0.489429 0.833312 1.151643 0.967345 0.914461 
1.076253 0.856049 0.739683 0.358970 0.610845 0.689304 0.897620 0.815110 0.407346 -0.033675 
0.352535 0.088336 0.301728 -0.075901 0.270561 0.499377 0.533893 0.616889 0.929148 -0.163239 
-0.122403 0.958404 1.244322 0.762467 0.492660 0.372944 0.599868 0.420488 -0.087027 -0.029097 
0.171777 0.079917 0.610288 1.507423 0.793177 0.862111 0.937540 1.144307 1.168242 0.946801 
0.933817 0.804085 0.680745 1.200701 1.615836 1.163411 1.029654 0.923121 0.940099 0.497173 
0.419789 0.630379 0.658888 1.229322 1.074093 0.944606 1.020476 0.938265 0.360102 -0.026092 
0.209585 0.024345 1.117189 1.120006 1.188941 1.406272 1.036896 1.013752 1.174387 1.024696 
1.219733 1.461170 0.914169 0.843974 0.561237 0.435793 0.800174 1.088316 0.950636 0.926211 
0.822683 0.730452 0.779597 1.029668 1.192322 0.865127 0.841811 0.587122 0.393296 0.430786 
0.573461 0.932324 0.019066 0.635849 0.951973 0.498139 0.619870 0.546219 0.559790 0.215211 
0.142084 0.038892 0.529845 0.466404 0.752931 1.048365 0.971511 0.696470 0.133539 -0.352944 
0.369461 0.477328 -0.343358 -0.131528 0.921694 0.939876 0.981938 1.079927 1.120590 1.076514 
1.097813 0.754991 0.781267 0.874860 1.187449 0.774668 0.656473 0.837704 1.668136 1.540853 
1.457588 1.157019 1.040270 1.311179 1.062863 0.932809 0.627305 0.669700 0.394355 0.037229 
0.246805 0.844291 0.882309 1.341813 1.155327 0.995124 0.874333 0.936471 1.397055 0.342231 
0.539415 1.102149 1.147672 0.944120 0.718583 0.669414 0.669725 0.988125 0.973804 0.909389 
0.745783 0.652465 0.919240 1.075147 1.490415 0.896547 0.805529 0.988072 0.668086 0.546014 
0.457413 0.985684 0.396036 0.521629 1.040914 0.812243 0.626357 0.668217 0.593053 0.320172 
0.150944 0.259589 0.717632 0.861893 0.268503 1.046963 0.230464 0.505088 0.391912 -0.008226 
0.131951 0.445659 -0.039618 0.066550 -0.060584 0.738904 0.849039 0.427826 0.795744 0.961919 
1.180046 0.471000 0.851291 1.237020 1.602657 1.439997 0.925424 0.958224 0.310569 0.329023 
1.506428 1.029719 0.850278 1.323852 1.075093 1.129125 0.754524 0.667856 0.634351 0.481838 
0.307756 1.094012 0.839557 1.234852 1.211182 1.217753 0.710023 0.398764 1.271866 0.710518 
0.759230 1.318087 1.088345 0.996785 0.904296 0.711160 0.559388 0.972440 1.078626 0.626677 
0.569949 0.623483 0.550396 0.576121 1.647862 1.207942 0.733113 0.976025 0.965184 0.904340 
0.719627 0.977505 0.929167 0.452645 0.749960 0.454310 0.723537 0.681751 0.651423 0.750262 
0.414663 0.709256 0.667049 0.885383 0.438735 0.807429 0.539546 1.006645 0.497455 0.686381 
0.876943 0.632469 0.289386 0.594223 0.549623 0.422491 0.252372 0.784661 1.537314 0.971561 
1.407048 0.599160 0.415643 0.696763 0.712410 0.639242 0.668946 1.968266 1.226793 0.147809 
0.912525 0.509777 0.732514 1.188318 1.128617 1.138368 1.016860 0.229791 -0.067862 0.449408 
0.412937 0.943495 0.895145 1.189012 0.769377 1.665723 1.446818 2.143094 1.160150 0.922568 
0.770542 0.940308 1.075529 1.251996 1.074939 0.815630 0.643145 1.008398 0.869177 0.733347 
0.213932 0.534549 0.960132 0.751244 1.124503 0.766442 0.664371 1.061322 0.914189 0.700919 
0.764182 0.545155 0.806314 0.846774 0.725935 0.679647 1.048152 1.214599 0.780277 0.892960 
0.795024 0.690280 0.641430 0.700623 0.749984 0.477503 0.197633 1.392078 2.136153 1.438605 
0.914151 1.085496 1.053614 1.097204 0.633483 0.233664 0.165561 -0.160821 0.779782 1.137952 
0.848857 0.438155 0.970317 1.369155 1.210335 0.657013 -0.024716 0.273515 1.203017 0.711069 
1.385974 1.651021 1.196109 1.470315 0.670265 0.386322 0.718226 0.247874 -0.282837 -0.046897 
0.732137 1.253085 1.125268 0.859482 0.057981 0.178602 1.130646 2.808930 2.172087 1.828619 
1.245702 1.093903 0.948312 1.226638 1.257150 1.036676 0.909850 1.007321 0.757710 0.838852 
0.414664 0.235217 0.821176 1.407992 1.158334 0.876382 0.610678 0.826443 0.794302 0.839062 
0.630261 0.617310 0.730400 0.859217 0.589147 0.455490 0.733663 1.341006 0.844366 0.882863 
0.810902 0.864301 0.861869 0.881566 0.711214 0.375780 0.228234 0.626365 1.186985 1.515907 
0.889891 0.915964 1.277426 2.205375 2.239554 2.235216 0.842218 1.391557 0.799585 0.976099 
0.923712 0.660209 0.569097 1.096679 1.426062 1.017763 1.370092 1.159457 0.907144 0.227036 
0.267481 0.388376 0.794262 1.428664 1.350024 1.317129 1.110676 0.395569 -0.081163 -0.267269 
0.394143 0.833630 1.543041 1.454011 1.266854 0.224671 -0.028674 0.376755 1.153901 1.388060 
1.231093 1.333317 0.977344 1.193217 1.339183 0.816524 0.551993 0.842424 1.650150 1.252021 
0.486627 0.821927 0.582319 1.007828 1.209028 0.998760 0.892502 0.876579 0.707662 0.990816 
0.850295 0.773744 0.762920 0.900104 0.794735 0.780889 0.708521 0.939021 0.784669 0.945027 
1.040320 1.017427 0.896604 0.956611 0.956015 0.708887 0.779117 0.703093 0.696461 1.307047 
0.532953 0.642400 0.485722 0.695536 0.538991 1.493344 1.394394 0.681013 0.574524 0.815356 
1.096585 0.431248 0.629045 1.022314 1.009246 1.433707 2.411252 1.869814 1.603496 2.042353 
1.042029 1.121706 0.930204 0.840613 1.421213 1.350940 1.174918 0.544847 0.096814 -0.179731 
0.609764 0.955819 0.865098 1.673362 1.530587 1.152432 0.005296 0.430605 1.396897 1.441765 
0.911312 1.163756 1.155644 1.146961 1.123212 0.650278 0.561087 0.780611 1.504603 1.535090 
0.913548 0.726372 0.626809 0.880972 0.875919 1.010843 1.028892 0.939620 0.919074 0.805350 
0.795168 0.679369 0.948708 0.754592 0.817292 0.857120 0.890093 0.852107 0.691189 0.860746 
0.908509 0.955469 0.737186 0.829968 1.002746 0.861824 0.769293 1.144054 0.957633 0.447891 
0.538646 0.637742 0.431275 0.612045 0.529667 1.700072 1.207542 0.347759 0.886001 0.858079 
0.702352 0.563042 1.132946 1.397213 0.543989 0.163084 0.967650 2.208797 1.499834 1.381756 
0.807916 1.282763 0.664039 0.734995 0.528026 0.492609 1.048050 0.544950 0.121677 -0.178390 
0.227037 0.536176 1.005026 1.163364 1.268344 0.980176 0.438503 0.515465 0.518402 1.583282 
1.186803 1.366940 1.341808 1.119326 1.002146 0.534547 0.144160 0.890475 0.974604 0.958567 
1.199233 1.260240 0.601200 0.640703 0.892872 0.854060 0.741747 1.014628 1.319325 1.110345 
0.809004 0.811673 0.725429 1.024029 0.947442 0.802040 0.784166 0.806345 0.741859 0.944973 
0.710151 0.763741 0.802323 0.980397 1.043006 0.594312 0.579403 1.293946 1.257169 1.326131 
0.781722 0.252179 1.330324 0.809168 0.018925 0.595754 1.678742 0.751644 0.397707 -0.038742 
0.646003 0.547396 0.081114 1.307736 0.639036 0.029413 0.320580 0.335930 0.612286 0.944452 
0.902259 0.746352 0.844720 0.722338 1.075348 1.324099 0.825008 0.325412 -0.126797 -0.127558 
0.381615 0.920410 0.539345 1.185619 1.585591 1.243452 0.637513 -0.016236 0.532087 1.262710 
1.291071 1.411590 1.214179 1.098320 0.580359 0.365007 0.424643 1.628839 1.158505 1.240296 
1.289828 1.316834 0.696259 0.726724 1.056802 0.782236 0.549968 0.147829 1.130025 1.068105 
1.058790 1.008735 0.480851 0.384465 0.695723 1.247161 0.874432 0.847528 0.806325 0.764677 
1.032878 0.886764 0.611970 0.376660 0.922176 0.709502 0.000822 0.733813 1.074654 0.660024 
0.542650 0.922441 0.194826 0.439105 -0.106017 -0.300968 0.500726 0.872789 0.289013 -0.051940 
-0.166985 0.319349 0.398051 1.422183 1.045502 0.300145 0.394905 0.490208 0.746310 0.513645 
0.885784 0.848916 1.142799 1.212970 1.050394 0.985586 0.814897 0.475702 -0.103456 -0.362144 
0.975217 1.066036 0.715027 0.973545 0.980805 1.458587 1.076997 0.396484 -0.091343 0.512393 
1.127146 1.373738 1.143103 1.021188 0.673138 -0.128270 -0.149312 1.268923 0.549700 0.772302 
0.986318 1.262819 1.010515 0.862828 0.949091 0.500819 0.391148 0.727503 1.072931 1.220880 
1.148249 1.245984 0.897608 1.179949 0.784849 0.832800 0.323457 0.601284 1.094440 0.978117 
0.902781 0.436906 0.535515 0.395671 0.196039 0.475911 0.109654 -0.138644 0.612766 0.157100 
-0.037872 0.592012 0.418767 0.438710 0.200704 0.420663 0.516297 0.650418 0.541126 0.231389 
0.494987 1.196218 0.422720 0.435099 0.619170 0.672361 0.550750 0.486727 0.233341 0.502139 
0.491088 0.377939 0.596959 0.751609 0.609953 0.857940 0.833743 0.512792 0.108069 -0.143947 
1.677736 1.808009 1.426939 1.873060 1.638331 1.927006 1.705551 1.510288 1.247199 1.341557 
2.008882 2.188090 1.804537 1.533349 1.323179 0.923705 0.570958 2.188519 1.976799 2.143390 
1.986983 1.955808 1.955814 2.235737 2.518348 2.630843 2.026057 1.869564 1.984027 1.699401 
2.114367 2.463155 1.556307 1.549448 1.622256 1.919627 1.578187 1.182853 1.314405 0.863491 
1.488568 2.313010 1.756712 1.302799 1.142855 1.158285 1.011304 1.401963 1.731444 1.657861 
1.978621 1.976441 1.591445 1.858991 1.476875 1.691228 1.541274 1.390599 1.552248 1.486478 
1.561592 1.663805 1.647691 1.849817 1.654493 1.493320 1.825078 2.005588 1.958703 1.696978 
1.525126 1.593183 1.420741 1.435932 1.498819 1.529896 1.435502 1.296886 1.060318 0.443505 
1.094330 0.407443 0.126694 0.049048 0.072940 0.270393 -0.002746 0.089634 0.123654 0.074736 
0.136137 0.143403 0.085663 0.073413 0.208032 0.024699 0.092390 0.120120 0.153214 0.079146 
0.108964 0.097780 0.123358 0.062312 0.058841 0.110108 -0.023129 0.088547 0.090391 -0.071097 
0.070073 -0.007925 0.029849 0.010802 0.017213 0.218439 0.008459 0.078190 0.084764 0.000241 
0.053326 0.051865 0.064295 0.094958 -0.023934 0.024350 0.035384 0.068630 0.052422 0.071609 
0.031577 0.042280 0.054803 0.074403 -0.026943 0.050047 0.025323 0.008601 0.051407 0.026867 
0.095141 -0.075221 -0.000872 0.054884 0.123375 0.001506 0.093589 0.084901 0.117187 0.057897 
0.087826 0.086886 0.069444 0.064311 0.088039 0.058880 0.088967 0.090386 0.158809 0.839708 
1.150704 0.186951 0.036355 0.015960 0.022075 0.079999 -0.017923 0.039958 0.022191 0.017220 
0.029477 0.007287 0.056354 0.041855 0.003677 -0.009019 0.019443 0.020601 0.016164 0.000126 
0.026800 0.032648 0.003989 0.016403 -0.028422 -0.015391 -0.048058 -0.024667 -0.107640 0.030809 
-0.001080 -0.095582 -0.039371 -0.077048 0.048740 -0.010533 -0.009112 -0.015102 -0.033568 -0.026457 
-0.015766 -0.030204 -0.045285 -0.014359 -0.013504 -0.009796 0.015642 -0.000394 -0.019138 -0.020415 
-0.007965 0.003415 -0.010933 -0.037166 0.002849 -0.004317 -0.014348 -0.011760 -0.014411 -0.010715 
0.068847 -0.065023 0.049287 -0.053324 -0.038204 0.001122 0.024792 0.015097 0.002087 0.006199 
0.012820 0.005900 0.021719 0.019390 0.003820 0.012002 0.013048 0.011830 0.124947 0.315783 
2.090655 0.669262 0.114015 0.174755 0.484605 0.387308 0.370946 0.346716 0.340647 0.399424 
0.534279 0.532498 0.597204 0.544755 0.476164 0.368073 0.279232 0.484206 0.691000 0.315621 
0.414947 0.243591 0.249732 0.440333 0.169423 0.398886 0.101349 0.170132 0.610232 0.219137 
0.368025 0.298292 0.262453 0.240195 0.144771 0.407618 0.084702 0.046509 0.242974 0.333027 
0.266352 0.369295 0.204708 0.206696 0.238545 0.368474 0.313791 0.420971 0.589860 0.376590 
0.325580 0.399147 0.308057 0.237141 0.187419 0.290106 0.531555 0.432915 0.355771 0.410814 
0.546998 0.274024 0.169032 0.630431 0.277729 0.340971 0.672835 0.328326 0.108545 0.302621 
0.547290 0.570199 0.376739 0.448383 0.498816 0.302705 0.408506 0.438331 0.642744 0.724936 
1.915279 0.743570 0.055021 0.156820 0.501398 0.250874 0.313399 0.362114 0.222429 0.285098 
0.370131 0.392395 0.493819 0.378802 0.343516 0.277267 0.176836 0.283219 0.518765 0.251690 
0.432406 0.134324 0.096849 0.229726 0.078440 0.191211 0.028857 0.052221 0.383900 0.157998 
0.301816 0.246361 0.135805 0.089688 0.182469 0.159784 -0.086455 -0.076281 0.033412 0.122546 
0.242048 0.060045 0.069060 0.034007 0.054469 0.078545 0.046015 0.059916 0.205681 0.080798 
0.016565 0.104201 0.002072 -0.032832 0.045595 0.046160 0.345251 0.119773 0.099879 0.109558 
0.176539 0.155416 0.224451 0.342436 0.183599 0.143561 0.211738 0.077440 0.004110 0.024999 
0.320504 0.368714 0.154643 0.191527 0.392153 0.124193 0.200990 0.189865 0.477288 0.870780 
1.938772 0.661379 0.102570 0.262502 0.607506 0.285116 0.362809 0.488191 0.279683 0.268025 
0.333046 0.319831 0.801730 0.322686 0.249758 0.121678 0.046164 0.143648 0.308446 0.174192 
0.471291 0.012149 -0.030504 -0.015466 -0.081834 -0.114023 -0.131114 -0.145992 -0.092002 -0.127193 
-0.003276 -0.054419 -0.101457 -0.136568 -0.127488 -0.135303 -0.072863 -0.123228 -0.072193 -0.086767 
-0.022804 -0.114082 -0.136000 -0.166770 -0.143223 -0.108234 -0.132754 -0.134375 -0.151781 -0.149656 
-0.134766 -0.122558 -0.108978 -0.142084 -0.148322 -0.150993 0.136249 -0.138822 -0.139029 -0.126502 
-0.131436 -0.155412 0.006544 -0.050604 -0.044242 -0.042525 -0.108853 -0.123910 0.026086 -0.070467 
0.156320 0.303414 0.065438 0.088182 0.226453 0.069639 0.167703 0.281879 0.416402 1.172777 
1.871217 0.575840 0.121282 0.280900 0.643257 0.324517 0.408516 0.609892 0.482417 0.362093 
0.363927 0.244288 0.858122 0.317247 0.253176 0.130855 0.020421 0.080771 0.235184 0.280044 
0.610123 0.038397 -0.020189 -0.083664 -0.093799 -0.106596 -0.197458 -0.138486 -0.106240 -0.153006 
-0.050370 -0.077401 -0.127786 -0.192760 -0.137763 -0.094665 -0.015586 -0.123907 -0.097076 -0.127290 
-0.047530 -0.126631 -0.132882 -0.135741 -0.127012 -0.131381 -0.164731 -0.160120 -0.169693 -0.118391 
-0.070749 -0.082450 -0.011356 -0.101218 -0.154881 -0.156843 0.185011 -0.122254 -0.105791 -0.106756 
-0.126385 -0.162769 0.014140 -0.059122 -0.069872 -0.092206 -0.071517 -0.088495 0.104977 -0.061097 
0.231373 0.630570 -0.002635 0.047555 0.129843 0.099688 0.180455 0.363053 0.403918 1.153995 
1.751727 0.629127 0.137356 0.283530 0.532086 0.368020 0.409400 0.529113 0.764875 0.667069 
0.369681 0.211849 0.532402 0.366095 0.163936 0.200303 0.346297 0.084384 0.227891 0.347978 
0.622366 0.067746 0.044707 -0.083359 -0.038322 -0.088499 -0.093332 -0.062002 -0.070115 -0.114836 
0.012611 0.024162 -0.078237 -0.114613 -0.105690 -0.109872 0.005756 -0.095671 0.088029 0.061964 
0.014533 0.012000 -0.025496 -0.067727 -0.048465 -0.010015 -0.091319 -0.095839 -0.113191 -0.115723 
-0.052076 -0.062744 0.055383 -0.039953 -0.075703 -0.061466 0.191122 0.000734 -0.100205 -0.082928 
-0.079877 -0.088356 0.044850 -0.051326 0.295200 -0.060781 -0.014309 -0.058618 0.132403 -0.026354 
0.437066 0.352847 0.058349 0.159661 0.240008 0.254843 0.239826 0.399540 0.452153 1.124860 
1.762852 0.627976 0.135983 0.261921 0.463022 0.351801 0.540960 0.115580 0.559705 0.240542 
0.215444 0.226674 0.369639 0.626949 0.123878 0.272842 0.560350 0.223706 0.187413 0.410976 
0.663154 0.286639 0.068666 -0.069274 -0.062205 -0.108794 -0.128432 0.003613 -0.062362 -0.112147 
0.045754 0.009805 -0.065816 -0.096147 -0.109740 -0.118634 -0.008218 -0.097185 0.068658 0.124565 
0.051994 0.062727 0.214290 -0.009678 0.092057 -0.075116 -0.101506 -0.069665 -0.116834 -0.116303 
-0.059503 -0.048986 0.024891 -0.083427 -0.037008 0.010598 0.249105 0.091539 -0.082710 -0.091801 
-0.088287 -0.048112 0.059575 0.025527 0.556796 -0.077790 -0.006068 -0.035348 0.076661 -0.028235 
0.438722 0.191184 0.152217 0.277411 0.281422 0.295332 0.296018 0.442394 0.556665 1.153744 
1.788563 0.601020 0.094090 0.195605 0.328757 0.179139 0.942478 0.104897 1.580958 -0.055510 
0.107252 0.087629 0.050886 0.244484 0.070384 0.063515 0.175153 0.057589 0.098601 0.391867 
0.460591 0.218922 -0.059144 -0.051185 -0.066656 -0.036458 -0.042098 0.007476 -0.078016 -0.115573 
-0.078377 -0.124723 -0.060972 -0.155751 -0.109349 -0.121785 0.001596 -0.061634 0.061851 0.108999 
0.188620 0.050333 0.126376 -0.042129 -0.044322 -0.104285 -0.096319 -0.094548 -0.068259 -0.037965 
-0.018287 -0.025085 -0.003218 -0.006519 0.132049 0.192037 0.281485 0.184411 -0.004775 0.002104 
0.028856 0.019163 0.049077 0.075046 0.569101 0.056063 0.026192 -0.014341 0.060331 0.069901 
0.500350 0.215090 0.165684 0.397646 0.249356 0.362437 0.297008 0.441504 0.632428 1.085595 
2.087073 0.706636 0.088735 0.184659 0.379664 0.218088 0.706935 0.179548 0.385676 -0.144999 
0.033036 0.070075 0.118928 0.183668 0.054639 0.028780 0.170839 0.013185 0.015966 0.263867 
0.329687 0.208793 -0.068091 -0.042395 0.090628 0.051209 0.027711 -0.013475 0.005518 -0.149161 
-0.125726 -0.140229 -0.095956 -0.136481 -0.099445 -0.102546 0.049295 -0.053066 0.108864 0.134832 
0.492579 0.086620 -0.020856 -0.032690 -0.049116 -0.068881 -0.077123 -0.080666 -0.030827 -0.049695 
-0.036174 0.005040 0.025752 0.082835 0.358176 0.276164 0.377348 0.105932 0.015288 0.036806 
0.147118 0.146410 0.053542 0.216697 0.865397 0.050834 -0.026508 0.014104 0.042780 0.117729 
0.407144 0.277537 0.227462 0.515575 0.380502 0.377728 0.270979 0.427960 0.695647 1.257339 
1.887888 0.817358 0.106312 0.188348 0.486474 0.330067 0.537763 0.451644 0.977550 0.369887 
0.178667 0.121140 0.297798 0.072672 0.057800 0.054705 0.044203 -0.005136 -0.037549 0.175144 
0.235423 0.025385 -0.021459 -0.046073 0.174915 0.028093 -0.046988 -0.122980 -0.107325 -0.146684 
-0.175768 -0.174767 -0.168158 -0.201186 -0.126443 -0.115181 0.054114 -0.049647 0.101116 0.149781 
0.411811 0.121120 -0.046893 0.031801 -0.035736 -0.080570 -0.033892 -0.041740 -0.049252 -0.039930 
-0.030700 -0.000955 0.008733 0.108636 0.403753 0.176197 0.450488 0.070735 -0.010738 0.046411 
0.182933 0.440428 0.141801 0.292760 0.860065 0.158127 -0.009775 0.034480 0.051392 0.137472 
0.446354 0.431841 0.321929 0.461181 0.534037 0.446382 0.256797 0.388961 0.625512 1.119809 
1.846854 0.721800 0.093771 0.222142 0.520769 0.408160 0.520767 0.611166 1.278025 0.455834 
0.207020 0.323792 0.515805 0.142145 0.117331 0.034385 0.089247 0.062019 0.068542 0.141478 
0.187008 -0.021781 0.002276 0.031202 0.243841 0.038217 -0.106319 -0.081967 -0.180867 -0.134613 
-0.174674 -0.196046 -0.168427 -0.190755 -0.177466 -0.170988 0.065485 -0.044815 0.227086 0.424765 
0.232275 0.077984 -0.058520 -0.020523 -0.021422 -0.054593 0.082429 0.107381 -0.033839 -0.018626 
0.097113 -0.045533 0.018581 0.043672 0.278828 0.141578 0.197571 0.147855 -0.035393 0.019894 
0.114165 0.325589 0.388460 0.403143 0.652869 0.392977 0.005431 0.014878 0.070788 0.103439 
0.466149 0.456188 0.361334 0.484090 0.580512 0.482979 0.389466 0.433451 0.614082 1.041779 
1.784483 0.689549 0.115378 0.291478 0.635683 0.616773 0.660305 0.631644 1.382280 0.251819 
0.099700 0.237373 0.255932 0.067991 0.167223 0.037265 0.225315 0.199878 0.305404 0.216670 
0.314494 0.024528 0.067140 -0.009753 0.315177 0.216315 -0.003478 -0.033188 -0.068281 -0.079645 
-0.018467 -0.033303 0.030696 0.036460 -0.023393 -0.013242 0.029968 0.056613 0.320714 0.894079 
0.389402 0.113988 0.013536 0.063527 0.098873 0.122901 0.293988 0.294247 0.184265 0.310759 
0.480500 0.067931 -0.043868 0.005834 0.013061 -0.017008 -0.036661 0.058511 -0.104391 -0.086873 
-0.010546 0.088297 0.372648 0.253799 0.462366 0.442582 -0.005917 -0.013357 0.078243 0.060703 
0.447457 0.424372 0.362697 0.558829 0.666849 0.473917 0.464638 0.587533 0.566606 1.039387 
1.696579 0.698158 0.134319 0.273929 0.669219 0.584327 0.698673 0.673809 1.383690 0.313167 
0.062065 0.073471 0.100575 0.027226 0.142911 0.102464 0.233839 0.195781 0.606478 0.546750 
0.588718 0.105150 0.095116 0.020520 0.562244 0.213815 -0.025216 0.005988 0.077974 0.020140 
0.117161 0.183045 0.308498 0.317179 0.290958 0.090778 0.084742 0.275697 0.262142 1.169117 
0.542382 0.077443 0.013491 0.042784 0.119422 0.255034 0.293330 0.413073 0.619585 0.491627 
0.192895 0.136263 0.027107 0.025998 -0.065987 -0.026956 -0.061379 -0.031208 -0.038327 0.016537 
-0.008679 0.045102 0.322881 0.283312 0.247438 0.231733 0.012956 -0.007357 0.138743 0.045721 
0.513438 0.552966 0.349258 0.490090 0.585990 0.520533 0.392903 0.755221 0.545566 0.982819 
1.695693 0.656950 0.166319 0.382278 0.874945 0.760648 0.556690 0.566608 1.387079 0.185087 
0.013782 0.033136 0.079663 0.050492 0.372264 0.309209 0.229480 0.292174 0.642668 0.379192 
0.761004 0.115858 0.046528 0.021010 0.323781 0.051344 -0.028537 0.027832 0.059823 0.179316 
0.163441 0.276984 0.450031 0.256460 0.504610 0.023324 0.088004 0.264288 0.276096 0.478300 
1.191499 0.038690 0.048616 0.120714 0.392374 0.479215 0.498800 0.561935 1.023791 0.776562 
0.264221 0.333395 0.476935 0.231006 0.008428 0.022981 -0.042852 -0.016271 0.167208 0.129832 
0.155833 0.204540 0.304980 0.635772 0.529368 0.066035 -0.012212 -0.038317 0.182518 0.043594 
0.634413 0.456735 0.425121 0.425561 0.450148 0.333909 0.303951 0.586755 0.647982 0.838496 
1.755177 0.550029 0.172273 0.305821 0.681769 0.751011 0.401199 0.558078 1.147835 0.081321 
0.027313 0.029573 0.057075 0.217076 0.574972 0.371168 0.235326 0.454006 0.648368 0.233219 
0.817006 0.202490 -0.058834 0.107837 -0.029240 0.029409 -0.023147 0.060037 0.129576 0.244383 
0.413133 0.344542 0.538930 0.263834 0.419111 0.093605 0.019036 0.214009 0.214514 0.375997 
0.937875 0.256029 0.029359 0.176069 0.530138 0.588723 0.303206 0.402374 1.285628 0.519761 
0.049072 0.054995 0.219716 0.142674 0.040511 0.024630 -0.032454 -0.023992 0.083243 0.093183 
0.220173 0.325866 0.240080 0.481939 0.993516 0.136707 0.088933 0.023356 0.225195 0.022386 
0.553734 0.367422 0.589346 0.601387 0.678112 0.548247 0.138200 0.399574 0.510306 0.969029 
1.702804 0.472892 0.162725 0.449937 1.021629 0.401500 0.323267 0.307465 0.362539 0.162926 
0.098638 0.214959 0.180544 0.384814 0.638895 0.451544 0.370526 0.542387 0.744330 0.326928 
0.587362 0.606435 0.245780 0.750143 0.157878 0.292243 0.207858 0.227328 0.251942 0.304157 
0.480714 0.536262 0.435187 0.441310 0.204116 0.377681 0.079455 0.275048 0.269673 0.511889 
0.694232 0.441133 0.093039 0.286693 1.101286 0.223170 -0.005127 0.002564 0.680107 -0.140463 
-0.024287 -0.132076 -0.135628 -0.132848 -0.066459 -0.073531 -0.020762 -0.058941 -0.068571 -0.002630 
0.231100 0.280859 0.113371 0.176931 1.228517 -0.064523 -0.067274 -0.001906 0.230542 0.027603 
0.524738 0.344059 0.517560 0.517955 0.522221 0.496319 0.120333 0.427224 0.500768 1.094091 
1.749223 0.510945 0.142625 0.754049 0.732655 0.136631 0.493202 0.218489 0.146595 0.239574 
0.527466 0.615112 0.333226 0.488181 0.600023 0.718681 0.466212 0.478836 0.559853 0.472786 
0.516945 0.759100 0.497929 0.671542 0.374252 0.442756 0.550539 0.394612 0.431237 0.331639 
0.470099 0.635727 0.604060 0.573292 0.413444 0.516639 0.156057 0.319559 0.343070 0.547431 
0.642834 0.537716 0.228805 0.524786 1.948226 0.272326 -0.011846 -0.003545 0.198667 -0.089540 
0.031894 -0.010671 -0.015727 -0.046955 -0.041986 -0.073181 0.056260 -0.032500 -0.118686 0.009385 
0.285624 0.247342 0.079084 0.136648 0.892865 -0.059914 0.017785 0.033979 0.261155 0.066064 
0.456782 0.354931 0.592347 0.410089 0.420097 0.279495 0.131951 0.321883 0.582210 1.166539 
1.677697 0.540327 0.188276 0.644358 0.896111 0.309157 0.600343 0.354998 0.277020 0.446598 
0.662839 0.764685 0.345260 0.460317 0.492262 0.585700 0.719448 0.559064 0.432414 0.427551 
0.428053 0.859118 0.376741 0.695803 0.424729 0.299493 0.408069 0.506526 0.414370 0.371728 
0.623962 0.597837 0.572234 0.600011 0.504745 0.632344 0.342142 0.447470 0.517607 0.528404 
0.509176 0.420515 0.298269 0.589808 1.548226 0.250059 -0.123119 -0.064463 -0.105963 -0.151400 
-0.013300 -0.064024 -0.027915 -0.101945 -0.145665 -0.105944 0.070049 -0.047381 -0.055606 0.106601 
0.311669 0.268997 0.123827 0.150631 0.931670 -0.075182 -0.008077 0.017494 0.293513 0.085014 
0.490395 0.512340 0.569999 0.511554 0.372532 0.303268 0.206278 0.370302 0.617560 1.129527 
1.751332 0.522388 0.125210 0.430516 0.627299 0.349915 0.613280 0.481470 0.736003 0.669310 
0.640674 0.555247 0.126807 0.433103 0.315888 0.405446 0.726336 0.596602 0.435447 0.379632 
0.310202 0.681386 0.324000 0.453472 0.499516 0.273354 0.248731 0.381499 0.356676 0.405351 
0.674870 0.617909 0.691338 0.583392 0.519548 0.470447 0.547364 0.695022 0.619483 0.598486 
0.505069 0.453149 0.336096 0.578354 1.139490 0.312742 -0.067725 -0.032148 -0.178929 -0.111932 
-0.049205 -0.074072 -0.039009 -0.137600 -0.126423 -0.103629 0.054374 -0.068488 0.007939 0.122385 
0.291071 0.268218 0.125900 0.162499 0.777154 -0.088186 -0.039218 0.000893 0.277957 0.065507 
0.570467 0.562973 0.534701 0.494738 0.345568 0.263614 0.278783 0.366149 0.696478 1.031284 
1.859344 0.700791 0.120031 0.558367 0.581368 0.404151 0.752521 0.411158 1.140710 0.445325 
0.357282 0.200390 -0.002427 0.319518 0.274873 0.344235 0.588230 0.680575 0.526984 0.215796 
0.543706 0.456821 0.454695 0.619802 0.972606 0.570132 0.370400 0.516884 0.502841 0.505298 
0.794147 0.735104 0.849804 0.705689 0.914615 0.583595 0.425411 0.573013 0.561816 0.657153 
0.518621 0.560898 0.504913 0.747735 1.228549 0.394891 0.084291 0.012179 -0.054221 -0.072271 
-0.053993 -0.061463 -0.033945 -0.036460 0.118186 0.042261 -0.016206 0.145729 0.165254 0.242376 
0.398046 0.380668 0.226482 0.281568 0.839432 -0.047986 -0.078616 -0.055933 0.315381 0.086016 
0.614712 0.650847 0.491816 0.585718 0.460450 0.371490 0.364471 0.467142 0.641356 1.151002 
1.722618 0.717563 0.143630 0.364739 0.516283 0.407930 0.701282 0.568888 1.454194 0.426577 
0.201115 0.033204 0.036555 0.091996 0.345536 0.415993 0.443709 0.584510 0.525168 0.237443 
0.569018 0.371295 0.498309 0.673798 0.670813 0.699847 0.488506 0.580233 0.643764 0.552833 
0.707033 0.704077 0.821019 0.697222 0.957133 0.838661 0.487370 0.503156 0.414599 0.582399 
0.485855 0.514204 0.684033 0.810576 1.507259 0.340070 0.161557 0.175693 0.031250 0.039428 
-0.048587 0.042903 0.120867 0.252222 0.557074 0.314083 0.208594 0.361896 0.250816 0.237455 
0.399186 0.366158 0.243645 0.330149 0.963466 -0.029298 -0.106872 -0.076270 0.286184 0.088549 
0.618843 0.563622 0.553816 0.596728 0.542431 0.332129 0.462095 0.516796 0.654016 1.429335 
1.643545 0.528659 0.213959 0.258498 0.445374 0.455626 0.661085 0.767073 1.561253 0.174581 
0.073888 -0.006922 0.041695 0.055916 0.400408 0.574813 0.277929 0.629460 0.487980 0.356181 
0.265678 0.518452 0.676216 0.670666 0.728661 0.883384 0.596153 0.783544 0.743941 0.658056 
0.836414 0.782838 0.906752 0.807456 0.848402 1.071756 0.783494 1.187270 0.396598 0.526733 
0.493273 0.479281 0.676876 0.597128 1.449918 0.208516 0.118047 0.182510 0.161801 0.183594 
0.132646 0.268400 0.403264 0.426349 0.502463 0.300009 0.122724 0.261428 0.233746 0.245309 
0.406008 0.435065 0.210070 0.249711 0.817300 0.000632 -0.090622 -0.059988 0.219340 0.077241 
0.576415 0.512900 0.496378 0.537066 0.482220 0.311746 0.633117 0.478056 0.642719 0.847916 
1.706375 0.522936 0.158688 0.179204 0.363307 0.400075 0.638819 0.845545 2.175824 0.180478 
0.030562 -0.012150 0.046021 0.078940 0.371529 0.627734 0.182580 0.427279 0.584337 0.225782 
0.225644 0.539684 0.808431 0.773536 0.706779 0.900201 0.708902 0.736589 0.984107 0.741951 
0.805244 0.743430 0.836344 0.858966 0.735782 0.830008 0.967106 1.084430 0.522295 0.582650 
0.472320 0.361468 0.559659 0.642682 1.141918 0.185538 0.066045 0.216495 0.317429 0.293984 
0.260286 0.403846 0.727754 0.387800 0.516792 0.355659 -0.028918 0.147581 0.144706 0.157575 
0.517275 0.545513 0.202694 0.203076 0.538469 -0.012646 -0.087290 -0.064123 0.147811 0.111258 
0.571366 0.514403 0.464918 0.468857 0.381768 0.317986 0.737559 0.466166 0.600158 0.822720 
1.803841 0.831488 0.134839 0.155181 0.409821 0.453307 0.454604 0.478718 2.068947 -0.046949 
-0.034285 -0.052389 0.040457 -0.053286 0.066999 0.426694 0.076461 0.202419 0.421478 0.054685 
0.114569 0.422237 0.739959 0.928832 0.790202 0.706142 0.633756 0.535059 0.800779 1.008675 
0.729430 0.020954 0.320249 0.401552 0.646542 0.734016 0.925825 1.081388 0.700730 0.726917 
0.550143 0.547332 0.519856 0.731049 1.096337 0.375570 0.144482 0.407451 0.457761 0.362139 
0.127947 0.210108 0.867019 0.178193 0.244245 -0.022449 -0.058993 -0.066665 -0.076273 -0.019752 
0.256828 0.257855 0.041328 0.263146 0.273696 0.184271 0.056999 0.026195 0.041845 0.257915 
0.507380 0.460297 0.450691 0.432099 0.347324 0.380870 0.844479 0.438157 0.387159 0.882994 
1.871507 0.835122 0.110389 0.251753 0.560089 0.432343 0.533720 0.398085 1.793506 -0.040188 
0.046291 0.031701 0.044998 -0.048293 0.020929 0.147853 0.014513 0.186080 0.343164 0.129509 
0.110092 0.378179 0.686001 0.853074 0.834741 0.765286 0.632223 0.600382 0.246655 0.153426 
-0.234481 0.083996 0.227779 0.147214 0.605003 0.628638 0.747696 0.892145 0.749487 0.864046 
0.597243 0.579446 0.472649 0.700819 0.784112 0.344754 0.408318 0.440614 0.418121 0.883998 
-0.053600 0.265286 0.837442 0.107163 0.105328 -0.035495 -0.051671 -0.077224 -0.103497 -0.034544 
0.223914 0.157386 0.002381 0.136851 0.169629 0.261831 0.220221 0.195211 0.201835 0.469020 
0.486805 0.552991 0.472736 0.434826 0.350178 0.385676 0.770975 0.745590 0.430986 0.797470 
1.532959 0.697663 0.090151 0.218593 0.552683 0.478339 0.719939 0.502858 1.820791 -0.016092 
0.035032 0.011593 -0.007451 -0.041311 0.085523 0.001597 0.056834 0.199160 0.208191 0.141479 
0.097312 0.477225 0.627597 0.799569 0.797868 0.795720 0.653565 0.951770 0.637414 4.017467 
-0.251084 -0.052340 -0.126343 -0.060989 0.490377 0.512036 0.613246 0.742622 0.864374 0.828044 
0.758155 0.613673 0.589649 0.702241 0.807388 0.354609 0.526648 0.643314 0.799934 1.187881 
0.140317 0.267891 0.641770 0.143281 0.073987 -0.041203 -0.069723 -0.082212 -0.024765 0.058743 
0.352918 0.178955 0.003882 0.076523 0.141259 0.234257 0.209045 0.261880 0.244773 0.571747 
0.563017 0.547358 0.459527 0.514442 0.436536 0.446993 0.712545 0.718192 0.452201 1.034740 
1.828259 0.735916 0.142282 0.153620 0.534674 0.538595 0.785722 0.575828 1.794818 -0.004330 
0.021760 -0.016502 -0.015739 -0.048824 0.052806 0.051947 0.109006 0.294602 0.308316 0.104524 
0.118759 0.419245 0.584253 0.705201 0.751960 0.728924 0.662739 1.086075 0.307985 4.663664 
-0.223426 -0.187071 -0.168988 0.059435 0.460591 0.447747 0.587887 0.688137 0.850554 0.795885 
0.673368 0.551977 0.603379 0.660859 0.796450 0.345912 0.415662 0.555511 0.842316 0.702711 
0.583508 0.284262 0.512070 0.072117 0.010949 -0.030757 -0.024733 -0.067831 0.066113 0.206396 
0.364387 0.153646 0.137146 0.155532 0.289656 0.277248 0.146789 0.222608 0.133923 0.446255 
0.557286 0.531016 0.510924 0.549028 0.496078 0.488538 0.767861 0.772628 0.477665 1.113090 
2.246983 0.818107 0.174265 0.173252 0.453110 0.509578 0.650201 0.727559 1.790710 -0.051224 
-0.007984 -0.045450 -0.025603 -0.078991 -0.079135 0.064480 0.168663 0.411716 0.392326 0.144069 
0.202939 0.438927 0.466398 0.631607 0.693660 0.735224 0.585161 0.910507 0.233936 2.498012 
-0.142510 -0.429904 -0.060315 0.332324 0.493460 0.448313 0.596139 0.657381 0.707212 0.632242 
0.572070 0.465842 0.569956 0.486170 0.456592 0.269698 0.286178 0.672153 0.480526 0.086464 
0.191631 0.055116 0.008644 -0.043744 -0.077665 -0.054191 -0.073815 -0.122177 0.017958 0.109136 
0.223878 0.100544 0.222895 0.123692 0.548128 0.161938 0.011241 0.004125 0.020522 0.207118 
0.559280 0.519023 0.571295 0.578618 0.517833 0.505009 0.745008 0.870066 0.425027 1.211003 
1.795700 0.542068 0.146050 0.192613 0.350814 0.539947 0.706026 0.649047 1.708095 -0.055038 
-0.023980 -0.050167 -0.038918 0.087560 -0.036790 0.085082 0.227046 0.405568 0.489135 0.216193 
0.325944 0.503970 0.471531 0.584970 0.621318 0.821473 0.667680 0.736592 0.324380 0.725235 
-0.334819 -0.322709 0.322430 0.142178 0.414945 0.467154 0.696077 0.753637 0.719279 0.738898 
0.628661 0.711233 0.510992 0.611300 0.413456 0.235721 0.366979 0.451570 1.038603 0.041195 
0.037933 -0.031113 -0.058017 -0.048275 -0.074257 -0.045539 -0.080460 -0.106456 0.014932 0.123048 
0.139535 0.099572 0.120606 0.193059 0.440584 0.241451 -0.014725 -0.038319 0.041137 0.111580 
0.508091 0.484384 0.608774 0.589283 0.503461 0.505229 0.772208 1.070512 0.376910 0.907532 
1.695382 0.502422 0.109285 0.387480 0.318239 0.526542 0.562180 0.937955 1.596624 -0.031851 
-0.061883 -0.084727 -0.046146 -0.021680 -0.035962 0.267764 0.220853 0.403237 0.498660 0.239200 
0.151839 0.526098 0.422174 0.413164 0.552196 0.665285 0.695197 0.677147 0.350066 0.276484 
-0.184834 0.277335 0.241106 0.109189 0.357337 0.547220 0.788513 0.791744 0.757221 0.759971 
0.669171 0.668329 0.704740 0.547245 0.585152 0.403998 0.422721 0.632906 1.558998 0.070360 
0.014282 -0.043135 -0.080448 -0.058952 -0.082703 -0.038385 -0.121058 -0.086472 0.001935 0.102932 
0.160098 0.212148 0.190891 0.350748 0.756903 0.106360 -0.034429 -0.053259 0.099025 0.082036 
0.499548 0.520751 0.598362 0.626539 0.500629 0.413475 0.734788 1.008867 0.310794 0.624755 
1.655824 0.553883 0.136439 0.291955 0.348631 0.595076 0.587193 0.966025 1.403211 -0.017637 
-0.053270 -0.090219 -0.036478 0.042819 0.212722 0.469647 0.420835 0.340685 0.296520 0.176301 
0.056011 0.346539 0.543227 0.425073 0.543434 0.628168 0.666423 0.679628 0.648707 0.442569 
0.088105 0.334816 0.299542 0.447345 0.481133 0.711836 0.853788 0.845346 0.733350 0.696623 
0.605768 0.565931 0.628123 0.543270 0.569965 0.419318 0.393892 0.748161 1.214487 0.158277 
-0.017004 0.064787 -0.035619 -0.073844 -0.040333 0.004854 -0.006361 -0.015641 -0.047869 0.015096 
0.126289 0.227417 0.217616 0.360692 0.947514 -0.009203 -0.010171 -0.008455 0.200023 0.056949 
0.526392 0.640987 0.502947 0.565418 0.518032 0.446930 0.572384 1.188036 0.340374 0.511156 
1.852184 0.599384 0.093720 0.288678 0.398611 0.456134 0.455183 0.824688 1.683491 -0.034468 
-0.089435 -0.065032 -0.073737 -0.116158 -0.128155 -0.058024 -0.073366 -0.035579 -0.054429 -0.070509 
0.122507 0.242553 0.517227 0.518358 0.453321 0.591960 0.599153 0.675600 0.694295 0.841207 
0.642079 0.640225 0.642675 0.715908 0.529228 0.570423 0.486412 0.503244 0.627437 0.656633 
0.492505 0.493305 0.533941 0.496084 0.562643 0.332032 0.358137 0.707309 1.014063 0.157871 
-0.012684 0.133641 0.015536 -0.052394 -0.022677 0.041522 -0.011035 -0.031988 -0.064712 -0.046967 
0.007158 0.094190 0.071292 0.206909 0.636917 0.011223 -0.109071 -0.028638 0.167800 0.023935 
0.432805 0.510881 0.429392 0.567794 0.459500 0.479894 0.482594 0.887239 0.390398 0.752102 
1.922465 0.598515 0.088908 0.188425 0.449333 0.322832 0.500745 0.802234 1.800097 -0.098194 
-0.085234 -0.069322 -0.117109 -0.075877 -0.114668 -0.159096 -0.114977 -0.117849 -0.100331 -0.082283 
0.220999 0.134791 0.607992 0.522224 0.472780 0.605909 0.471180 0.589711 0.668215 0.589033 
0.714804 0.656866 0.647951 0.618678 0.709865 0.669168 1.707179 0.188751 0.323803 0.781094 
0.464000 0.275364 0.496747 0.500256 0.616567 0.241578 0.315275 0.498191 1.007978 0.172373 
-0.017906 0.061579 0.209569 0.134780 0.000303 0.055855 0.016321 0.049179 -0.015163 -0.074401 
-0.021463 0.069332 0.051649 0.039260 0.252933 -0.057228 -0.087354 -0.065880 0.200556 0.017970 
0.377298 0.437898 0.375625 0.552350 0.498354 0.533553 0.364379 0.571522 0.466480 1.117985 
1.719031 0.617755 0.128791 0.140850 0.372216 0.274852 0.380708 0.359626 1.871608 -0.141003 
-0.087846 -0.142567 -0.137698 -0.135634 -0.169270 -0.210489 -0.145144 -0.137266 -0.111598 -0.093821 
0.259760 0.167658 0.633115 0.582854 0.610175 0.602106 0.445693 0.430624 0.555981 0.618587 
0.676524 0.603387 0.722888 0.645754 0.731759 0.730196 0.738355 0.644627 0.438009 0.570232 
0.403803 0.305662 0.408808 0.563896 0.516596 0.332359 0.363922 0.593471 0.886396 0.276899 
0.090458 0.051824 0.319557 0.086268 -0.009578 0.109427 0.045890 -0.054574 0.019237 -0.048335 
0.010211 0.058697 0.058416 0.061638 0.209563 -0.010542 -0.118378 -0.078124 0.151362 0.003478 
0.388807 0.373158 0.385072 0.607683 0.631369 0.499981 0.444258 0.607576 0.528983 1.433612 
1.794573 0.776285 0.099343 0.084059 0.331591 0.266613 0.281912 0.285300 1.046297 -0.199938 
-0.080208 -0.148947 -0.155103 -0.175898 -0.147836 -0.159493 -0.161619 -0.164162 -0.120459 -0.095340 
0.280177 0.168920 0.520234 0.544012 0.664120 0.589247 0.510457 0.438838 0.451852 0.609773 
0.592890 0.578431 0.632436 0.609654 0.766643 0.672365 0.768393 0.866338 0.549195 0.538480 
0.471779 0.309165 0.268770 0.509119 0.509203 0.334912 0.426126 0.529332 0.760714 0.279765 
0.247851 0.088032 0.278650 0.078577 0.025396 0.266409 0.025427 -0.037623 0.046133 -0.008950 
-0.013980 0.003043 0.017849 0.061214 0.191021 -0.019098 -0.105856 -0.082866 0.111563 0.056300 
0.428991 0.392112 0.434799 0.736560 0.597063 0.494367 0.512337 0.586277 0.653402 1.192348 
1.749475 0.664158 0.071804 0.211219 0.370740 0.270299 0.441578 0.486074 0.919431 0.168536 
-0.119719 -0.156823 -0.029892 -0.171634 -0.119126 -0.106486 -0.087476 -0.185161 -0.150233 -0.113689 
0.274116 0.121959 0.571807 0.499212 0.667432 0.594053 0.615509 0.468986 0.476500 0.681415 
0.600158 0.620441 0.609354 0.646828 0.702172 0.738543 0.645075 0.825426 0.542925 0.664727 
0.579073 0.369434 0.307889 0.420336 0.618132 0.362570 0.391715 0.550241 0.706714 0.242288 
0.178805 0.082721 0.155273 0.057354 -0.051702 -0.035677 -0.076597 -0.092315 -0.071559 -0.075581 
-0.045559 0.038545 0.089860 0.157273 0.283660 0.097062 -0.006557 -0.044713 0.051948 0.151585 
0.525564 0.417562 0.575297 0.672865 0.738686 0.528487 0.490519 0.617856 0.690941 0.844127 
1.847546 0.581479 0.091820 0.232186 0.406026 0.300872 0.502572 0.485726 0.602963 0.175700 
-0.030324 -0.095814 0.086314 -0.120238 -0.029820 -0.100249 0.019703 -0.194112 -0.134590 -0.087122 
0.308647 0.139090 0.547845 0.502962 0.577046 0.615483 0.538033 0.460154 0.385351 0.671086 
0.514329 0.543785 0.594450 0.673617 0.742476 0.865005 0.558300 0.694616 0.649868 0.568413 
0.526443 0.382147 0.452150 0.374816 0.576298 0.417040 0.357317 0.558230 0.786465 0.219517 
0.116259 0.080399 0.128073 0.224954 -0.079798 -0.077520 -0.054943 -0.078274 -0.096002 -0.117816 
-0.055511 0.000790 0.088007 0.178258 0.435531 0.222085 0.079259 0.012685 0.018354 0.219018 
0.476979 0.445008 0.559934 0.810885 0.669270 0.568580 0.458006 0.557838 0.978923 0.739940 
1.772977 0.612038 0.103258 0.192353 0.380180 0.281682 0.424996 0.289826 0.245840 0.099834 
-0.025007 -0.130635 -0.073705 -0.157160 -0.101480 -0.222930 -0.165548 -0.227615 -0.104767 -0.122765 
0.300159 0.091525 0.599543 0.540332 0.600325 0.649489 0.438961 0.511577 0.586824 0.611661 
0.502596 0.454687 0.507802 0.449611 0.499571 0.739280 0.340628 0.431902 0.842628 0.475031 
0.516315 0.358421 0.465742 0.356175 0.548011 0.500835 0.389261 0.580155 0.815869 0.228163 
0.057761 0.141558 0.177035 0.178242 0.007808 -0.069946 0.003692 -0.058608 -0.108728 -0.118701 
-0.106354 -0.061715 0.024647 0.111437 0.463814 0.221861 0.103685 0.021788 0.019395 0.194854 
0.708243 0.551219 0.568677 0.810877 0.583914 0.568924 0.346267 0.527791 0.819806 0.804687 
1.888754 0.562738 0.086740 0.150818 0.360154 0.251219 0.443044 0.385148 0.292210 0.130397 
-0.082707 -0.122352 -0.018617 -0.188474 -0.191958 -0.208699 -0.183726 -0.171971 -0.116240 -0.149659 
0.251314 0.105182 0.674454 0.476220 0.578259 0.534558 0.297953 0.326719 0.642124 0.356614 
0.211498 0.227645 0.277038 0.243396 0.683198 0.493071 0.139735 0.247633 0.701112 0.457438 
0.389939 0.257851 0.381132 0.299563 0.495163 0.503663 0.436384 0.688603 1.043007 0.231925 
-0.017488 0.082445 0.062284 0.022714 0.140850 -0.038085 0.195106 -0.062755 -0.125424 -0.159036 
-0.140137 -0.097958 0.046191 0.168995 0.457448 0.430121 0.034152 -0.002778 0.033568 0.111644 
0.679120 0.407255 0.359210 0.562926 0.496578 0.425710 0.229596 0.447691 0.786514 0.864748 
2.044423 0.418084 0.128696 0.223574 0.476965 0.351935 0.536812 0.648755 0.652228 0.380092 
0.253097 0.202906 0.343743 0.111646 0.036365 -0.073470 -0.039319 -0.083439 -0.032961 -0.050273 
-0.057045 -0.004822 0.064033 0.045116 0.083274 -0.042164 -0.118068 -0.093693 0.072469 -0.105186 
-0.151291 -0.136133 -0.141534 -0.142338 0.002948 -0.028900 -0.097295 -0.073252 0.099677 0.220472 
0.078944 0.115320 0.192661 0.131421 0.272770 0.272775 0.212193 0.368015 0.583980 0.022259 
-0.136745 -0.088843 -0.072876 -0.089616 0.027945 -0.052540 0.014343 -0.126619 -0.166504 -0.175270 
-0.144274 -0.134943 0.043700 0.097083 0.388985 0.255332 -0.023388 -0.122083 -0.006467 0.016479 
0.619561 0.498685 0.286763 0.501247 0.288147 0.357535 0.189753 0.302320 0.472787 0.662190 
1.994675 0.417754 0.187836 0.460247 0.567864 0.373580 0.506466 0.709018 0.662772 0.631765 
0.577817 0.356437 0.470421 0.471558 0.276193 0.186020 0.058949 0.046105 0.284951 0.059431 
0.707733 0.095618 -0.036082 -0.001609 0.051321 -0.099169 -0.160459 -0.127533 -0.083968 -0.134522 
-0.108456 -0.127572 -0.074910 -0.118506 -0.118341 -0.126833 -0.065088 -0.128235 0.015186 0.183544 
0.118589 0.068529 0.102596 0.144612 0.280569 0.309483 0.133241 0.383101 0.549504 -0.007883 
-0.126459 -0.115851 -0.082345 -0.099165 -0.034578 0.011473 -0.011512 -0.156812 -0.164505 -0.170680 
-0.146526 -0.112857 0.153694 0.210797 0.533813 0.219143 -0.010734 -0.103467 0.009785 -0.059294 
0.530061 0.284405 0.250293 0.303321 0.231954 0.301502 0.204054 0.231539 0.765191 0.500737 
1.978480 0.376208 0.189831 0.473505 0.805541 0.395081 0.482584 0.514419 0.707570 1.035984 
0.219883 0.074127 0.114005 -0.010131 0.087031 0.398704 0.113494 0.209990 0.520575 0.255822 
0.973119 0.223130 -0.035998 -0.027556 0.011750 -0.081436 -0.054545 -0.087424 -0.021107 -0.100805 
-0.080059 -0.116801 -0.077032 -0.084006 -0.057271 -0.069445 -0.114356 -0.078240 0.039241 0.149819 
0.207079 0.087368 0.064285 0.111019 0.206250 0.235688 0.056285 0.331602 0.415240 -0.056772 
-0.122812 -0.116087 -0.018143 -0.097898 -0.106987 -0.024478 -0.019822 -0.149238 -0.184628 -0.177908 
-0.146381 -0.095468 0.100468 0.097818 0.209228 -0.056276 -0.108300 -0.120009 0.004868 -0.042932 
0.434752 0.190944 0.175094 0.347478 0.307626 0.350631 0.153591 0.285067 0.499905 0.635409 
1.242081 0.144056 0.195996 0.303149 0.549855 0.325555 0.477970 0.692942 0.523577 0.686825 
0.046629 0.275331 0.523723 0.573693 0.445089 0.062135 0.155727 0.242427 0.385051 0.390987 
0.695532 0.168167 0.033068 0.248462 0.101113 -0.061576 -0.032249 -0.083697 0.024563 -0.099887 
-0.074524 -0.087281 -0.030110 -0.003044 -0.111847 -0.057223 -0.095558 0.030880 0.016885 0.075364 
0.153334 0.107603 0.094229 0.078613 0.057903 0.149293 0.058175 0.218897 0.275997 -0.063926 
-0.128911 -0.108695 0.019390 -0.122671 -0.140336 -0.090556 -0.066331 -0.127088 -0.162146 -0.167708 
-0.110199 -0.059575 0.207509 0.264064 0.108594 -0.057895 -0.113243 -0.110405 0.044472 -0.023938 
0.336345 0.332532 0.169495 0.301869 0.334516 0.511942 0.141620 0.277712 0.647661 0.862008 
0.766563 0.359960 0.135301 0.311384 0.157626 -0.010296 0.191669 0.527423 -0.137856 0.793102 
0.312463 0.766067 0.312598 1.317993 0.427907 0.067164 -0.057242 0.148173 0.533578 0.302211 
0.571105 0.273097 0.345299 0.614096 0.477825 0.025181 -0.064967 -0.051693 -0.031741 -0.050885 
-0.059414 -0.004506 0.235865 -0.116117 -0.191978 -0.129675 -0.146759 -0.200070 -0.199670 -0.213480 
-0.173019 -0.163612 -0.125269 -0.103036 -0.092513 0.019933 -0.060749 0.103176 0.243318 -0.040901 
-0.062593 -0.076392 0.086447 -0.113640 -0.121880 -0.118541 -0.083868 -0.125060 -0.069139 -0.125965 
-0.142553 0.016018 -0.019473 0.035136 0.089629 -0.104117 -0.111571 -0.123247 0.055901 -0.072153 
0.322966 0.248103 0.135848 0.327322 0.191791 0.322342 0.064090 0.228581 0.623737 0.897587 
2.097465 0.721904 0.450382 0.115989 0.681067 0.036103 0.039641 1.031600 0.049512 0.783433 
0.101654 -0.028773 0.354946 0.330015 -0.038899 0.254882 0.364589 0.046684 0.570694 0.132354 
0.216554 0.314986 0.529943 0.633807 0.708417 0.142923 -0.077350 0.023240 -0.066407 -0.005072 
0.073448 0.194409 0.620236 -0.129941 -0.179341 -0.084573 -0.124224 -0.118202 -0.162783 -0.182185 
-0.159945 -0.178532 -0.140321 -0.149637 -0.112998 -0.055973 -0.075796 -0.018960 0.159309 0.000201 
0.007225 -0.038399 0.005288 -0.077540 -0.108122 -0.120777 -0.134208 -0.163757 -0.005164 -0.071704 
-0.027706 0.054708 -0.066000 -0.042808 -0.015973 -0.146558 -0.095434 -0.096482 0.044604 -0.018385 
0.300573 0.174323 0.327022 0.342954 0.043308 0.154117 0.092825 0.202170 0.617987 1.951484 
3.412802 1.074811 0.389816 0.168822 0.427036 0.092477 0.068525 1.355777 0.070497 0.356717 
0.060708 0.489842 0.103725 0.323330 0.452148 1.432488 0.347581 0.272980 0.556548 0.108747 
0.148258 0.247584 0.550825 0.472058 0.833888 0.091274 -0.075317 -0.062822 -0.089766 -0.027780 
0.010089 0.181163 0.685002 -0.164575 -0.168993 -0.113087 -0.137083 -0.125403 -0.141732 -0.153893 
-0.110429 -0.154620 -0.119817 -0.148361 -0.088462 -0.080905 -0.125691 -0.105546 0.019316 -0.063896 
-0.059848 -0.095946 0.102946 -0.101628 -0.091218 -0.134483 -0.165390 -0.141986 -0.112818 -0.000661 
0.050451 0.076972 -0.015376 -0.095690 0.055410 -0.150866 -0.083335 -0.070229 0.129133 0.010960 
0.284743 0.126423 0.481592 0.392974 0.095732 0.159007 0.077011 0.260704 0.518960 1.013791 
2.912953 0.204245 0.468897 0.187776 0.216231 -0.097395 0.423735 0.586077 0.092307 0.293841 
0.111666 0.260121 0.090868 0.208268 0.333007 0.415460 0.601048 0.468386 0.705711 0.107045 
0.163440 0.354433 0.596203 0.390047 0.556023 0.115761 -0.098625 -0.052733 -0.068307 0.023088 
0.000554 0.189646 0.447822 -0.164759 -0.103849 -0.080875 -0.116082 -0.132274 -0.199667 -0.163412 
-0.034806 -0.156167 -0.150543 -0.184951 -0.103153 -0.101289 -0.160988 -0.142617 -0.086909 -0.107883 
-0.124478 -0.109680 0.044349 -0.123360 -0.098662 -0.115206 -0.126153 -0.158671 -0.119573 0.080269 
0.007017 0.002316 -0.070057 -0.065423 -0.126344 -0.148668 -0.080286 -0.036689 0.126151 -0.054420 
0.239100 0.134798 0.250766 0.241829 0.091190 0.105900 0.087427 0.578665 0.567933 0.798054 
2.255594 -0.091657 1.134719 0.252880 0.169383 0.741957 0.865886 0.289034 0.103349 0.819297 
0.129418 -0.222865 0.295280 0.101429 0.531843 0.327075 0.924967 0.683374 0.393745 0.233852 
0.600484 0.278661 0.497756 0.519856 0.565445 0.391707 0.053436 0.198666 0.143549 0.284612 
0.112954 0.464508 0.547245 -0.084101 -0.121494 -0.144402 -0.176167 -0.185834 -0.148471 -0.185949 
-0.128851 -0.136838 -0.092416 -0.131912 -0.072339 -0.075799 -0.124525 -0.101639 -0.068844 -0.078377 
-0.050707 -0.102655 -0.006764 -0.129787 -0.113831 -0.098490 -0.086892 -0.152011 -0.164205 -0.053036 
-0.122292 -0.154903 -0.136426 -0.159289 -0.177078 -0.156638 -0.096967 -0.096942 0.024071 -0.037676 
0.291278 0.113294 0.048167 0.165009 -0.002894 0.077748 0.044280 0.087402 0.003073 0.348713 
1.214393 0.159554 0.164502 0.632278 0.837995 0.232946 0.243059 1.342058 0.224063 0.152939 
0.305404 -0.170561 0.231407 0.078354 0.116763 0.515469 1.073145 0.933705 1.091322 0.677290 
-0.010249 0.455447 0.513224 0.489876 0.375757 0.296356 0.214018 0.310445 0.290828 0.444433 
0.090661 0.287296 0.364000 -0.073141 -0.149406 -0.155308 -0.164941 -0.153032 -0.016480 -0.013453 
0.077051 0.034800 0.091563 -0.082224 -0.089106 -0.118195 -0.163956 -0.164035 -0.102625 -0.162267 
0.031419 -0.148916 0.012991 -0.165067 -0.113959 -0.113458 -0.057901 -0.186822 -0.163055 -0.110605 
-0.137157 -0.160268 0.017496 -0.133494 -0.172200 -0.119618 -0.151826 -0.138076 0.013720 -0.030731 
0.399839 0.131106 0.098091 0.040721 0.019608 0.238279 0.417987 0.866276 0.410305 0.368487 
0.900566 -0.172609 0.444938 0.072998 0.802420 0.120744 0.793864 -0.021927 0.018455 -0.143679 
0.560370 -0.096333 1.341075 0.144206 0.360575 0.261884 0.537602 0.754571 0.452520 3.356889 
0.452941 0.400178 0.269558 0.284430 0.130482 0.205347 0.264939 0.268936 0.447655 0.391417 
-0.097951 -0.039256 -0.135182 -0.171200 -0.138532 -0.161709 -0.172624 -0.168941 -0.172160 -0.141333 
-0.095002 -0.122202 -0.102359 -0.132067 -0.131041 -0.112174 -0.130483 -0.124393 -0.135215 -0.134466 
-0.127528 -0.148899 -0.125389 -0.158076 -0.101552 -0.090623 -0.048012 -0.181410 -0.173981 -0.173004 
-0.163652 -0.190798 -0.068312 -0.142784 -0.153396 -0.167711 -0.109946 -0.093071 0.018552 -0.031328 
0.322747 0.177921 0.039081 -0.072069 0.175689 0.059339 1.006961 0.413294 0.370870 1.133549 
0.881180 0.033404 0.857045 0.200893 0.349328 0.681949 0.148272 0.726336 0.060908 -0.024793 
0.464126 0.509502 0.322435 -0.033960 0.225729 0.363146 0.359629 0.998422 0.427099 0.389301 
0.963634 0.388537 0.323779 0.359602 0.094022 0.206252 0.215554 0.287715 0.530069 0.492504 
-0.056035 -0.070726 -0.172481 -0.160038 -0.148989 -0.166642 -0.183550 -0.167996 -0.190367 -0.156465 
-0.138481 -0.119879 -0.150807 -0.164720 -0.121673 -0.080814 -0.136932 -0.156632 -0.152519 -0.160784 
-0.140880 -0.162631 -0.182420 -0.120303 -0.091552 -0.096766 -0.053191 -0.169872 -0.158971 -0.181847 
-0.182968 -0.174347 -0.128342 -0.170507 -0.072200 -0.094044 -0.124823 -0.125521 -0.040829 -0.021152 
0.279077 0.213476 -0.058222 0.092364 -0.004624 0.139639 1.710100 0.289890 0.201341 2.274366 
0.980580 0.015456 0.149017 0.304332 0.234359 0.277962 0.102831 0.394825 0.009015 -0.068031 
0.554570 0.231004 0.675747 0.028663 0.526818 0.336917 0.275895 0.421520 0.498121 0.102074 
0.988892 0.263923 0.815998 0.150765 0.145361 0.185716 0.086528 0.413183 0.548461 0.268208 
0.013893 -0.029450 -0.054411 -0.079831 -0.092029 -0.070670 0.010001 -0.054527 -0.011420 0.034408 
0.029365 0.004152 -0.032158 0.148140 -0.023580 -0.044054 0.013485 -0.074190 -0.000655 0.021555 
0.003790 0.023354 -0.008005 -0.058292 -0.045512 -0.041018 -0.036682 -0.072345 -0.070828 -0.066291 
-0.044219 -0.093476 -0.109715 -0.108227 -0.194745 -0.198359 -0.225882 -0.204151 -0.112033 -0.176463 
0.015069 0.006536 -0.053631 -0.093599 -0.028788 1.800812 0.750938 -0.012506 1.119697 2.186852 
1.683098 -0.028643 0.291866 0.152666 0.339868 0.139804 0.227402 0.370485 0.044681 0.438676 
0.033899 0.770004 0.182750 0.205152 1.536685 -0.169181 0.376067 0.113978 0.688829 0.437071 
0.816342 0.643763 0.710578 0.207890 0.415769 0.117386 0.041428 0.331586 0.457865 0.224744 
-0.009845 0.074185 -0.045211 0.012058 0.083723 0.049334 0.072658 0.098564 0.114286 0.108727 
0.124472 0.102745 0.023973 0.171468 0.023778 0.038033 0.194753 0.089893 0.075422 0.175027 
0.089183 0.061695 0.029010 0.006407 0.003911 0.073862 -0.063582 -0.016923 0.079283 0.196960 
-0.063759 -0.091821 -0.103690 -0.080528 -0.136131 -0.156481 -0.084544 -0.183418 -0.172521 -0.117829 
0.100056 -0.038047 -0.020352 -0.102144 0.411727 1.035919 0.510031 0.321913 0.047842 1.609638 
1.834210 -0.042961 0.310616 0.074057 0.439212 0.078119 -0.081959 0.474525 0.861692 0.066860 
0.471179 -0.144022 0.632083 1.178340 0.122935 0.285899 0.237765 0.231159 0.230622 0.702353 
0.353890 0.597959 0.959964 0.210858 0.090498 0.141539 0.140683 0.136088 0.461703 0.330590 
-0.025914 -0.031024 0.008678 0.004408 0.317323 0.184406 0.072113 0.140490 0.227392 0.274494 
0.347844 0.373220 0.262718 0.294601 0.231678 0.149671 0.299294 0.173483 0.222797 0.176800 
0.170968 0.328634 0.119387 0.160334 0.173149 0.238625 0.056943 0.058511 0.119826 0.230759 
-0.016811 0.003915 0.016538 0.017086 0.013251 -0.126434 -0.000397 -0.279467 -0.121443 0.000962 
0.058269 -0.074935 0.094077 -0.091499 1.267859 0.482366 0.903878 0.038887 1.115475 0.335509 
2.322335 -0.151168 -0.170488 0.229345 0.349229 0.068999 0.070744 0.934982 0.108535 0.137430 
0.332159 1.015307 0.563407 0.451142 0.138475 0.181529 0.301396 0.311742 0.284793 0.176133 
0.753598 0.799139 0.490699 0.078041 0.113094 0.178650 0.385919 0.214110 0.444824 0.330120 
0.015808 0.002692 0.031334 0.061727 0.535395 0.471651 0.163234 0.074745 0.245982 0.225401 
0.340841 0.262623 0.280253 0.222885 0.181248 0.173295 0.221491 0.226419 0.282480 0.133694 
0.085704 0.262583 0.160001 0.077577 0.177431 0.160793 0.066199 0.044339 0.207826 0.076559 
-0.012842 -0.097120 0.046806 0.177237 0.313518 0.892948 0.456666 0.163121 -0.334349 0.566739 
-0.199121 -0.320277 -0.237483 0.172382 1.091567 0.286817 0.968776 0.478914 0.838299 0.143819 
1.274811 0.028785 0.054457 0.273611 0.569462 0.187309 0.073875 0.349558 0.221955 0.411005 
0.539691 0.362433 0.011389 0.095268 0.104927 0.625137 -0.178890 0.569915 -0.074891 0.289845 
1.185257 0.369247 0.296397 0.029562 0.071335 0.107640 0.358297 0.176231 0.166721 0.352640 
0.018029 0.034686 -0.110884 -0.084497 0.038989 0.039283 -0.023772 0.109324 -0.013584 -0.021135 
0.324615 0.094478 0.065362 0.162218 0.028393 0.095817 0.209640 0.417641 0.247424 0.126585 
0.105988 0.126346 0.079363 0.043535 0.109967 0.005595 -0.138716 -0.082386 -0.044272 -0.105215 
-0.100058 -0.101874 0.147890 0.317315 0.762379 0.052365 0.265650 -0.092047 0.223224 0.305784 
0.788059 0.295396 0.209924 1.142891 0.608860 1.187340 0.347202 1.700791 -0.055037 0.344330 
1.275247 0.079967 0.488436 0.121689 0.361183 0.036525 0.077535 0.611677 0.192466 0.017376 
0.166905 0.355146 -0.134601 0.046729 0.104438 0.635983 0.061429 -0.227636 0.053642 0.191906 
0.356358 0.387113 0.494044 0.198902 0.068213 0.103963 0.370223 0.311307 0.289395 0.530288 
0.198146 0.211275 0.058041 0.132529 0.382786 0.228694 -0.000247 0.146487 -0.113923 0.301989 
0.304982 0.061700 0.145484 0.228695 0.131465 0.218017 0.124399 0.221094 0.100889 0.085360 
0.180560 0.226114 0.215861 0.191066 0.077709 0.023391 -0.131389 0.113119 0.192621 0.033412 
0.340933 0.438279 0.177886 2.030467 0.631951 0.089952 0.005059 0.165296 0.395781 0.249202 
-0.034785 -0.103974 1.110845 0.183751 1.410408 0.473393 0.067964 2.201156 0.261469 1.418828 
1.296572 0.135336 0.434408 0.024653 0.217415 -0.044787 -0.061716 0.112606 0.474760 0.428201 
1.111100 -0.009205 -0.196081 -0.068584 0.647089 0.400261 -0.013276 0.128619 0.829892 -0.252728 
0.534043 1.098641 0.516592 0.262347 0.122287 0.098599 0.247345 0.336482 0.129865 0.195492 
0.247710 0.136034 -0.095537 -0.081716 -0.030348 0.198354 1.214241 1.415687 -0.033787 0.280886 
0.328607 -0.000683 0.092812 0.039025 0.010215 0.241450 0.169164 0.100332 -0.124597 0.237399 
0.320545 0.101075 0.223565 0.165067 0.092918 0.060086 -0.089917 -0.163008 -0.140612 0.070981 
0.073001 0.223746 0.533120 1.279759 0.186125 0.014031 0.103094 0.442184 0.591183 0.176030 
0.294449 0.137599 0.748878 0.109854 0.288633 0.133837 0.014344 0.069108 0.983730 2.316244 
1.522086 -0.199373 0.299716 -0.026716 -0.179558 -0.332032 -0.072047 -0.020395 0.198175 0.216181 
0.271913 0.152814 -0.174695 0.338909 0.067726 0.194564 0.250360 0.623091 -0.218856 0.123268 
0.562012 1.237585 0.376366 0.506661 0.382168 0.103328 0.270271 0.184932 0.003253 0.092764 
0.174807 0.027827 -0.127592 -0.050582 -0.006063 0.704991 0.130931 0.156461 0.263242 0.197068 
0.229971 0.043621 0.130768 0.098383 -0.034461 0.037534 -0.058035 0.563204 0.461676 0.342768 
0.040479 0.032509 0.106608 0.095481 0.057267 0.184906 0.000872 -0.132734 0.117842 -0.240188 
0.155075 0.183830 0.589486 0.554939 -0.036176 0.514983 0.477007 0.337103 0.339609 0.262265 
0.033301 -0.034974 0.593926 0.240289 0.310700 0.236002 0.197541 0.105054 0.303437 1.683668 
2.466778 0.088399 0.233914 0.024769 0.509944 0.350534 0.021696 0.013114 0.389316 0.338564 
0.258332 0.265154 0.443325 -0.064352 0.379582 0.251970 0.993531 0.351565 0.365278 0.302406 
0.745472 1.248000 0.213480 0.593148 0.273521 -0.014783 0.157909 0.018582 0.158574 0.071890 
-0.031725 -0.038196 -0.103298 -0.130420 0.197106 1.180930 0.665384 0.257096 -0.079209 0.215939 
-0.069917 -0.122284 0.014336 0.175682 0.036401 0.232544 0.032411 1.079570 0.265640 0.670959 
0.233652 0.043629 0.061940 -0.054227 -0.059580 0.152173 -0.031889 0.271844 0.443136 0.868198 
0.354708 0.030325 1.303088 0.549257 0.223046 0.333665 0.614497 0.592609 0.595881 0.386288 
1.226195 0.316564 0.988393 0.301176 0.463101 0.247088 0.492738 0.070047 0.092849 0.487226 
1.438757 0.100576 0.088552 0.045945 0.448178 -0.114014 -0.094397 -0.043042 0.260698 0.269370 
0.431240 0.259725 0.338128 0.378961 0.081035 0.657629 0.116231 0.190596 -0.015523 1.411010 
-0.028638 0.624502 0.186521 0.955144 0.266440 -0.022382 0.138317 0.013415 0.092905 0.064996 
-0.009403 0.044851 -0.044143 -0.141063 0.685522 0.210853 0.203459 0.565353 0.548953 0.289362 
0.077319 0.174950 0.100534 -0.004561 -0.155099 0.591696 0.120811 2.113636 0.000809 1.598051 
0.327647 -0.137443 0.387547 -0.045694 -0.053231 -0.130055 0.463926 0.468737 0.700145 -0.025926 
0.222108 0.248527 0.508035 0.074357 0.252081 0.405061 0.267790 0.445535 0.235811 0.349832 
0.465102 0.637923 0.222120 0.528389 0.353011 0.204682 0.231906 0.090782 0.139894 0.702971 
1.525608 -0.071382 0.435219 0.376948 0.268752 0.018648 0.241806 0.174937 0.328826 0.199733 
0.312918 0.354133 0.173193 0.265509 0.085523 0.581451 0.642119 0.310615 0.369669 1.150952 
0.133608 0.064466 0.497568 0.332800 0.218074 0.005326 0.000192 -0.075407 0.216725 0.308784 
0.108334 0.272058 0.146798 -0.123937 1.804185 0.209183 0.333783 1.012433 1.011644 0.147376 
0.664105 0.709856 0.943187 -0.183675 0.504156 0.847578 0.336729 0.640112 0.183449 -0.068868 
0.840703 0.221574 0.738649 -0.063068 -0.097009 -0.141659 1.039737 0.517785 0.831797 0.495090 
0.326474 0.424783 0.134418 1.120595 0.435045 0.962157 0.738837 0.725314 0.307979 1.364241 
0.481101 0.226439 0.656872 0.631045 0.483337 0.218629 0.688689 0.097794 -0.015013 1.062398 
1.469777 0.032502 0.308453 0.355604 0.202132 0.140419 0.367857 0.219660 0.211529 0.377918 
0.273001 0.258375 0.345327 0.289145 0.244180 0.150970 0.534982 0.367206 0.246683 0.335418 
0.326646 0.293447 0.169376 0.848016 0.104484 -0.226604 0.404242 0.373307 0.064048 0.130541 
0.211924 0.205360 -0.044520 -0.113503 0.669466 0.429654 0.415431 0.432717 0.904071 0.813120 
1.245677 0.537852 0.513071 0.317408 0.322708 0.446889 0.831597 0.117031 0.426714 0.706075 
0.531766 0.945833 -0.015233 0.221018 -0.131078 -0.211820 1.248657 0.283087 0.521635 1.000616 
0.682275 0.374894 0.446646 0.433513 0.943211 0.798663 0.683876 0.616363 0.174181 0.203330 
0.283207 0.311663 0.380080 0.261615 0.362286 0.226364 0.266723 0.266084 0.109439 0.199177 
1.966363 0.191219 0.319982 0.328247 0.259106 0.200720 0.241010 0.330511 0.095830 0.275093 
0.543593 0.145529 0.635248 0.395245 0.263860 0.279860 -0.145902 1.287034 0.311005 0.287272 
0.750592 2.288119 0.603297 0.396604 0.153419 0.718203 1.140202 1.290275 0.677754 0.816939 
0.486889 0.073177 -0.121170 -0.003574 1.827235 0.146644 0.326152 0.104251 0.548542 0.729549 
0.895070 0.764528 0.381761 0.908409 0.296076 1.056949 0.184324 0.264922 0.277584 1.055449 
0.612107 0.306526 0.055594 0.047571 -0.055905 -0.169889 1.073538 0.913984 0.662009 0.408317 
0.877489 0.765510 0.363468 0.746914 0.269728 0.286596 0.850619 0.368053 0.668778 0.623827 
-0.000652 0.536749 0.710602 1.116404 0.319158 0.030095 0.299190 0.235874 0.050082 0.334740 
1.680571 0.075294 0.079606 -0.062935 -0.134071 0.368237 0.230804 0.192570 0.099100 0.145769 
0.173593 0.072888 0.750814 0.444848 0.068640 0.142835 -0.042585 0.754124 0.086435 0.131584 
0.426149 0.873116 0.563868 0.634978 0.448195 0.753695 0.970873 0.461434 1.260408 2.366532 
1.805258 0.294084 0.220154 -0.152190 1.064424 0.166398 0.023204 0.281050 0.778415 0.773977 
0.741739 0.589818 0.719626 0.781451 0.545141 0.519342 1.739422 0.244714 0.091418 0.178083 
0.327031 0.839842 0.427109 1.734164 -0.032314 0.221621 0.463057 0.764380 0.443678 0.450442 
0.522325 0.367077 0.435008 0.309687 0.308289 0.677433 0.462073 0.713037 0.245581 0.697238 
0.260219 0.466169 0.487781 0.655792 0.212059 0.155349 0.290022 0.066811 0.109448 0.214488 
1.622747 0.102374 0.441257 0.337522 0.515377 0.116062 0.199526 0.274017 0.239020 0.177645 
0.242662 0.201184 0.815095 0.622645 0.532212 0.369354 -0.020744 0.245248 0.311224 0.197359 
0.702907 0.586449 0.804983 0.130894 1.415825 0.884676 0.319178 0.359366 0.326096 0.964082 
0.682270 0.360506 0.618837 0.487358 1.353525 0.706137 0.069772 0.401430 0.401590 1.152721 
0.668974 0.508833 0.315638 0.814176 0.328694 0.784080 0.139431 0.640819 0.027398 -0.228723 
-0.097949 0.772562 0.189428 1.457489 0.619418 -0.019613 0.397297 0.716717 0.728831 0.448241 
0.830478 0.981331 0.468724 1.280207 0.396008 0.132725 0.744793 0.664087 0.269112 0.487131 
0.293539 0.463832 0.052279 0.107847 0.183509 0.339027 0.108738 -0.010884 0.193882 0.038458 
1.547440 0.119319 0.196831 0.321147 0.119283 0.054645 0.093929 0.216007 0.141708 0.151212 
0.301881 0.326825 0.339498 0.543723 0.516195 0.645424 -0.088072 0.083298 0.315307 0.192296 
0.625924 0.479752 0.350262 0.208567 0.995545 0.280419 0.243008 0.378958 0.621682 0.294605 
0.674632 0.200060 0.002758 0.803757 0.546416 0.418243 0.217166 0.625897 -0.004955 0.953149 
0.532827 0.523289 0.928339 1.018975 0.470566 0.153817 -0.049188 1.486845 0.128738 0.150148 
0.577707 0.252173 0.305655 0.509439 0.285053 0.587993 0.308745 0.404483 0.390742 0.440991 
0.572178 0.519526 0.476671 0.271526 -0.059909 0.072214 0.532395 0.699319 0.461219 0.628844 
0.302824 0.627327 0.213234 -0.016520 0.120025 0.188002 -0.043682 -0.084219 0.071384 0.170987 
1.393346 0.306534 0.124557 0.281716 0.041099 0.045417 0.078458 0.231471 0.048602 0.197540 
0.461403 0.218039 0.341425 0.364282 0.300182 0.575545 -0.042895 0.260742 0.199534 0.213118 
0.539155 0.531440 0.180776 0.140428 0.310948 0.668533 0.213759 0.205041 0.456400 0.458417 
0.089178 0.636682 -0.023231 0.678386 0.170965 0.588994 0.306557 0.374552 0.091776 1.138563 
0.847448 0.459939 0.616269 0.731701 0.496224 0.776792 0.133310 0.543144 0.701344 0.307278 
0.021603 0.193018 0.994356 0.842943 0.149587 0.913927 0.294876 0.575139 0.337013 0.605993 
0.362481 0.469161 0.628152 0.528222 0.039942 0.158838 0.510726 0.308486 0.179270 0.092838 
0.002471 0.082554 0.095266 -0.001462 -0.072867 0.416036 -0.033995 -0.153428 -0.054366 0.252776 
2.767017 0.798362 0.065330 0.526260 -0.003465 -0.005735 0.092720 0.170766 -0.006772 0.072213 
0.025926 0.179990 0.326509 0.345174 0.330172 0.435574 0.355330 0.203795 0.177521 0.250768 
0.574691 0.461305 0.306251 0.167897 0.325850 0.544355 0.508125 0.361100 0.312966 0.471926 
0.224406 0.256167 0.725381 -0.072460 0.742031 0.546588 0.226058 0.415985 0.148901 0.474776 
0.876994 0.359028 0.582346 0.357237 0.226269 0.326051 0.443696 0.345833 0.416955 1.552061 
0.039491 0.421181 1.579075 1.066951 -0.045041 0.511176 0.634520 0.565251 0.392416 0.633934 
0.191892 0.494415 0.636547 0.643167 0.096356 0.203048 0.064410 0.135452 -0.167349 -0.097777 
-0.038325 0.061403 0.306738 0.025546 0.012151 0.191038 -0.126582 -0.034559 -0.018319 0.427280 
2.259983 0.230064 0.233130 0.432793 -0.057437 -0.128376 0.208067 0.136383 -0.080528 0.656484 
0.397897 0.099574 0.169638 0.274159 0.053396 0.155243 0.398737 0.089308 0.192085 0.232289 
0.517095 0.207793 0.337215 0.396775 0.161720 0.301925 0.254844 0.100828 0.160444 0.528295 
0.706726 0.069986 0.965047 0.416959 0.320071 0.378142 0.606476 0.510483 0.293469 0.624396 
0.873797 0.104981 -0.001248 0.146040 0.562975 0.207004 0.709232 0.938988 0.417231 0.599908 
-0.077125 0.103744 0.562611 0.526066 0.276612 0.313217 0.406012 0.378520 0.183997 0.813132 
0.033161 0.409898 0.177527 0.295097 -0.108056 -0.045867 -0.099579 0.881513 0.320987 -0.001526 
0.190512 0.338864 0.009756 0.115203 0.013202 -0.031791 -0.084538 -0.110421 -0.194819 0.449090 
2.449707 0.447104 0.455120 0.276273 -0.070763 -0.138753 -0.132498 -0.073038 -0.021676 0.052052 
0.019926 0.299121 0.167665 0.084964 -0.026456 0.041910 0.580932 0.170461 0.236259 0.617738 
0.673703 0.109383 0.482470 0.239265 0.031261 0.196606 0.513232 -0.041378 0.113782 0.210079 
0.567162 -0.012139 0.158949 0.982118 0.184947 0.567585 0.230591 0.474611 0.513795 0.298130 
0.233007 0.150876 0.214302 0.045997 0.487373 0.379589 0.404988 0.325794 0.041956 0.053683 
0.212205 0.310403 1.052883 0.753430 0.767183 0.805756 0.432053 0.244021 0.351450 0.565794 
0.031009 0.365281 0.426789 0.389577 0.705945 0.239357 0.073729 0.225677 -0.025168 0.276587 
0.328598 -0.003423 0.297659 -0.050476 0.122302 0.014412 -0.122430 0.041151 0.049587 1.938100 
2.123356 0.160944 0.216266 -0.009646 0.019508 0.442602 -0.220001 0.126425 -0.085696 -0.127010 
0.243172 0.314477 -0.022458 -0.047338 -0.137554 -0.089724 0.711923 0.333329 0.243829 0.312960 
0.807215 0.054582 0.234961 0.063724 0.087692 0.204896 0.074336 -0.003313 0.221273 0.256440 
0.420083 0.235095 0.287860 0.233335 0.185504 0.393723 0.478638 0.194527 0.583611 0.331618 
0.260126 0.298344 0.394204 0.183164 0.608945 0.247681 2.618027 0.076338 -0.024060 0.011564 
0.305195 0.207897 0.159587 0.126000 -0.165798 -0.147786 0.139215 0.790461 0.203874 0.218658 
0.285704 0.678595 0.250170 0.471939 0.163868 -0.057445 0.691906 0.439458 -0.155459 1.427353 
-0.211321 -0.005111 -0.165950 -0.066747 -0.149117 -0.149313 -0.155003 -0.139266 0.740508 1.587286 
3.359987 0.173830 0.301980 -0.038971 0.619520 0.607268 0.026544 -0.106602 0.059666 -0.069762 
0.103638 0.064276 -0.044417 -0.045369 -0.142281 -0.149832 0.519537 0.148645 0.028556 0.033526 
0.452704 0.695537 0.018995 0.021793 0.261908 0.089810 0.154047 0.149082 0.321140 0.218772 
0.317867 0.236313 0.515701 0.290248 0.394727 0.618693 0.820569 0.171357 0.403384 0.302666 
0.156913 0.133977 0.466539 0.261487 0.360001 0.297515 0.931841 0.080307 -0.021444 0.046570 
0.223985 0.485939 0.077810 -0.089620 -0.302931 -0.227235 0.014623 0.266650 0.318425 0.272755 
0.381508 1.094796 0.358626 0.476162 0.006767 0.127451 -0.074657 0.024284 -0.077050 0.576490 
-0.117022 -0.104081 0.043479 -0.159138 -0.232708 -0.231123 -0.058684 -0.089767 0.199932 2.219171 
2.485637 0.100741 0.026041 -0.043651 0.054947 0.028355 0.775138 0.519868 0.028552 0.035041 
0.101492 -0.035534 -0.108960 -0.170708 -0.179090 -0.070579 0.638069 -0.112285 -0.139675 -0.091410 
0.423160 0.224683 0.320583 0.325354 0.192606 0.040634 0.168074 0.291969 0.293493 0.317987 
0.376799 0.597789 0.472470 0.505466 0.286669 0.704336 0.761421 0.287277 0.367491 0.246480 
0.221841 0.222972 0.399644 0.333455 0.511837 0.625722 0.225876 0.422847 0.197850 0.147792 
0.156711 0.722464 0.961209 -0.004734 0.053014 -0.083392 0.080175 0.076198 0.511487 0.358583 
0.401930 1.119860 0.246564 0.409724 -0.093473 0.180841 -0.193253 -0.374953 -0.414750 -0.222168 
-0.310814 -0.290738 0.906636 0.071155 0.184865 -0.154226 -0.159224 0.344770 -0.000826 1.161296 
3.040076 0.349010 0.053586 0.032823 0.170287 -0.010992 0.397284 0.162373 -0.139762 0.180644 
0.292794 0.042238 -0.133599 -0.154856 -0.192496 0.174461 0.096726 -0.079135 -0.057836 -0.091510 
0.189647 0.052096 0.396366 0.443881 0.050536 -0.039574 0.191062 0.269355 0.170074 0.447235 
0.465857 0.497486 0.489458 0.551684 0.378094 0.489768 0.753973 0.400204 0.726504 0.447413 
0.432163 0.244290 0.590637 0.592599 0.512446 0.585808 0.243793 0.289460 0.104794 -0.001624 
0.084555 1.320414 0.341949 0.105885 -0.063152 -0.205979 -0.220924 -0.394829 0.844230 0.081181 
0.232622 0.579136 0.222493 0.244081 0.011763 0.794904 0.052543 -0.127907 -0.294492 -0.073830 
-0.101233 -0.072869 0.499179 0.199398 0.264542 -0.088241 -0.033623 0.157749 -0.089099 1.127514 
2.769664 0.198291 0.100920 0.130197 0.192756 0.066484 0.137961 -0.009439 1.147524 0.146247 
0.156670 -0.018096 -0.162222 -0.117328 -0.142795 -0.058687 -0.003061 0.037949 0.322178 0.111706 
-0.038913 -0.071695 0.434733 0.460368 -0.012046 0.240834 0.071414 0.432258 0.146536 0.296924 
0.332959 0.335996 0.550747 0.358318 0.493424 0.432767 0.661679 0.423281 0.502973 0.638911 
0.670168 0.356004 0.404168 0.372882 0.077019 0.120511 0.430081 0.308035 0.129345 -0.272719 
1.200013 0.627384 -0.153915 -0.200838 1.440688 2.196770 0.143587 0.279067 0.426770 1.668251 
0.166755 1.300417 1.966862 0.165171 0.111644 0.644050 0.624682 0.082661 0.062045 0.331867 
0.125507 0.373178 0.135421 0.207230 -0.088803 0.064447 -0.001509 0.121596 0.141484 1.174593 
1.890851 0.170320 0.496056 0.306807 0.053156 0.046693 0.149479 0.832209 0.439703 0.240539 
-0.000046 0.105274 -0.129166 -0.164695 -0.136827 -0.008428 1.206738 0.144894 0.528963 0.214863 
-0.068329 -0.118473 0.315914 0.343850 -0.009872 0.363294 0.600210 1.533708 0.130619 0.176071 
0.319751 0.129541 0.291321 0.400096 0.405345 0.057792 0.406590 0.161487 0.452283 0.385259 
0.505972 0.327175 0.571218 1.176530 -0.033175 0.312003 1.665891 0.308937 0.309134 0.036548 
0.692751 0.706278 0.811478 0.103983 0.528073 0.913044 0.139553 0.017902 0.164414 0.670326 
0.600603 0.156062 0.415442 0.311199 0.032934 0.230103 0.431278 0.007430 0.111626 0.426424 
0.084079 0.681298 0.015557 0.208011 0.029405 0.097787 0.062704 0.055046 0.456012 1.362645 
2.605458 0.148355 0.662844 0.427803 0.086395 -0.042923 0.094520 0.143785 0.854865 0.129423 
0.063734 0.038714 -0.180637 -0.216271 -0.015278 0.732660 1.555238 0.109188 0.381555 0.208147 
-0.173299 -0.181783 -0.125126 0.248245 -0.113497 -0.122219 -0.088009 -0.108046 -0.047044 -0.132777 
-0.182764 -0.209156 -0.248944 -0.189417 0.186853 0.164045 0.522494 0.130319 0.191806 0.132078 
0.510175 0.321136 0.412332 0.879024 0.643106 0.452927 1.404436 0.479342 0.148967 0.627872 
0.971463 0.253163 0.246686 0.372153 0.221057 0.190332 0.437118 0.250482 0.157411 0.208855 
-0.024341 0.234952 0.459441 0.495375 0.126605 0.241408 0.299142 0.042598 0.205029 0.221083 
0.285531 0.660313 0.315371 0.578125 0.722965 0.339356 0.242832 0.341906 0.469196 0.651154 
2.674651 0.027536 0.140836 0.091626 -0.023586 -0.027561 0.113785 0.007955 0.099259 0.005937 
-0.052125 -0.108323 -0.209079 -0.162050 0.189639 -0.031727 0.788540 0.118312 0.049891 -0.024765 
-0.197108 -0.170082 -0.137152 -0.053031 -0.250691 -0.202817 -0.156808 -0.076691 0.757066 -0.016399 
0.020734 -0.180046 -0.197863 0.157245 -0.083556 -0.028693 0.072324 0.434480 0.248481 1.399166 
-0.070130 0.114246 0.150401 0.226951 0.634377 0.258846 0.131032 0.363838 0.149257 0.088191 
0.117083 0.092776 0.232618 0.058132 0.246906 0.034755 0.371586 0.337573 0.100784 0.073200 
0.048810 0.213894 0.203032 0.241470 0.059545 0.064216 0.079466 -0.009031 0.061465 0.108855 
0.178663 0.209643 0.292321 0.350614 0.334900 0.244608 0.151295 0.375095 0.729349 1.477993 
0.135226 0.282870 0.559979 0.547467 0.534309 0.452929 0.307726 0.412643 0.439312 0.518083 
0.589100 0.658453 0.514360 0.514455 0.562287 0.443814 0.472725 0.485393 0.434624 0.394434 
0.390930 0.350643 0.377787 0.271939 0.382437 0.344969 0.328732 0.621962 0.352507 0.281492 
0.387786 0.366852 0.348947 0.115685 0.210228 0.316593 0.302510 0.356981 0.420253 0.368650 
0.405555 0.445883 0.578486 0.590377 0.484724 0.436363 0.426794 0.426808 0.438990 0.481018 
0.468052 0.423480 0.584509 0.496467 0.466027 0.552168 0.470755 0.471968 0.584840 0.646243 
0.346766 0.189059 0.277990 0.638947 0.628796 0.387385 0.360303 0.443229 0.502986 0.515186 
0.537865 0.537118 0.506581 0.498809 0.524065 0.514271 0.622659 0.499918 0.588143 1.048420 
0.109709 0.183139 0.249441 0.221944 0.216595 0.193206 0.194816 0.290741 0.208812 0.223802 
0.202041 0.205365 0.219536 0.261924 0.113711 0.241704 0.284144 0.314074 0.144944 0.151351 
0.158137 0.136864 0.142885 0.059597 0.146563 -0.071804 0.111204 0.219865 -0.137327 0.261929 
0.165390 0.022774 0.138329 -0.127055 0.247714 0.133441 0.202025 0.154713 0.033591 0.180081 
0.220412 0.179268 0.178417 0.224209 0.298349 0.212039 0.303156 0.237357 0.131040 0.180301 
0.230333 0.240759 0.292702 0.067039 0.247239 0.282991 0.237882 0.210903 0.306901 0.362907 
0.134995 0.284774 0.369008 0.260616 0.108618 0.259044 0.296579 0.240835 0.205348 0.271912 
0.266813 0.241256 0.252688 0.277487 0.224800 0.267675 0.366850 0.286356 0.346460 0.585404 
0.051314 0.063943 0.134557 0.183869 0.017189 0.021848 0.056338 0.072905 0.014996 0.018141 
0.061774 0.047135 0.030710 -0.003580 -0.108443 -0.034186 0.000374 0.015144 -0.163528 -0.217359 
-0.219147 -0.220021 -0.161102 -0.224933 -0.178761 -0.245924 -0.171848 -0.114753 -0.260753 -0.133471 
-0.122105 -0.218686 -0.092816 -0.114846 -0.025349 -0.170280 -0.194476 -0.169564 -0.199520 -0.223344 
-0.190638 -0.211487 -0.164461 -0.174175 -0.127500 -0.095552 -0.052831 -0.010184 -0.010006 0.005646 
0.045859 -0.052517 -0.113001 -0.176425 -0.096439 -0.064530 -0.025878 -0.053239 -0.038618 -0.080822 
-0.135747 -0.108907 -0.063597 -0.134205 -0.039964 0.034836 -0.056398 -0.051062 -0.088731 -0.045173 
-0.074298 -0.110424 -0.043019 0.034086 0.012670 0.024599 0.126615 0.165610 0.247333 0.346436 
0.061471 0.111428 0.157280 0.200891 0.015255 0.093652 0.100041 0.014445 -0.001925 -0.006253 
0.018947 0.021302 -0.035521 -0.084464 -0.119982 -0.047596 -0.032036 -0.058197 -0.100621 -0.140044 
-0.181188 -0.244504 -0.187635 -0.252081 -0.213768 -0.232475 -0.173080 -0.117138 -0.209955 -0.144564 
-0.186056 -0.237785 -0.166478 -0.198161 -0.199742 -0.287105 -0.218868 -0.175412 -0.132556 -0.183948 
-0.213125 -0.170209 -0.185751 -0.163685 -0.148534 -0.154516 -0.126648 -0.134809 -0.255394 -0.195701 
-0.128077 -0.169051 -0.163784 -0.176286 -0.105359 -0.109014 -0.125177 -0.116981 -0.109342 -0.084344 
-0.091067 -0.142837 -0.100739 -0.128735 -0.067841 -0.062997 -0.142492 -0.107967 -0.087049 -0.034875 
-0.055152 -0.109571 -0.080758 -0.036155 -0.106419 -0.060165 0.039241 0.105092 0.179694 0.385911 
0.049189 0.125040 0.206157 0.255164 0.117785 0.221778 0.232322 0.117536 0.062498 0.010565 
0.083091 0.320904 0.232662 0.330744 0.195981 0.165729 0.152393 0.143901 0.304597 0.412790 
0.431040 0.234257 0.121455 -0.014086 0.091788 0.152807 0.130919 0.099520 0.123536 0.259761 
0.164170 0.447663 0.713374 0.602400 -0.034020 -0.261120 -0.134297 -0.127199 0.032891 0.209011 
0.421129 0.336753 0.251233 0.081427 0.085287 0.140061 0.643216 0.926133 0.522830 0.491442 
-0.078646 -0.100399 -0.042120 0.196058 0.597006 0.923230 0.506419 0.004701 0.033181 0.131184 
0.327520 0.492971 0.938466 0.647067 0.652857 0.509210 0.089223 -0.270666 0.051166 0.321075 
0.271057 -0.018049 0.153422 0.238970 0.166176 0.142580 0.239010 0.181016 0.253175 0.379323 
0.037238 0.108374 0.154458 0.211389 0.076573 0.087462 0.075956 0.008062 -0.024936 -0.032923 
0.045824 0.165390 0.047446 0.103873 0.173429 0.169657 0.039986 0.058236 0.221614 0.264359 
0.210168 0.211399 0.160018 -0.081713 -0.003188 0.014666 -0.153270 -0.053412 -0.038361 0.024364 
-0.036217 0.278608 0.442253 0.203026 -0.196950 -0.255223 -0.146549 -0.119921 -0.087187 -0.027109 
0.143183 0.219497 0.224376 0.307297 0.199026 0.180071 0.421055 0.911237 0.476871 0.384200 
-0.168636 -0.279216 -0.135927 0.115363 0.459342 0.764404 0.576313 0.262615 0.046237 0.038806 
0.263193 0.318073 1.043038 1.253968 0.705232 0.209242 -0.039353 -0.230389 0.237186 0.375335 
0.349687 0.213404 0.339501 0.284737 0.143530 0.136796 0.255032 0.212290 0.262095 0.388604 
0.058421 0.044590 0.123822 0.136045 0.044416 -0.021085 0.008631 -0.023257 -0.012311 -0.126552 
-0.164253 -0.077311 -0.164922 -0.130265 -0.145220 -0.131133 -0.144317 -0.074414 0.124853 0.269875 
0.503549 0.696812 0.524890 0.246273 0.339941 0.276005 0.063729 0.099029 0.081757 -0.006956 
-0.109300 0.027399 -0.007464 -0.273197 -0.277726 -0.215955 -0.142085 -0.081466 -0.054892 -0.010921 
-0.071147 0.008992 0.155557 0.195769 0.260208 0.122843 0.209968 0.642421 0.738583 0.911580 
0.492362 0.341743 0.605092 0.588299 0.730641 0.649926 0.399350 0.605176 0.579248 0.515557 
0.616437 0.544531 0.962693 1.391544 0.806218 0.267795 -0.008559 -0.050870 0.274732 0.261980 
0.148478 0.125535 0.255879 0.183933 0.099503 0.087704 0.253906 0.232707 0.304425 0.417917 
0.071215 0.064530 0.150558 0.181702 0.172030 0.123526 0.043358 -0.090738 0.001439 -0.115562 
-0.133661 -0.102255 -0.136822 -0.228440 -0.179959 -0.135205 -0.202756 -0.199369 -0.023197 0.076720 
0.107535 0.139849 0.165528 0.226574 0.236874 0.066741 -0.081524 0.059954 0.142124 0.080347 
0.139725 0.382408 0.025812 -0.243454 -0.248346 -0.249418 -0.178590 -0.119019 0.013599 0.092441 
0.022447 0.003184 0.062715 0.084281 0.240750 0.402172 0.310539 0.113286 0.189993 0.348124 
0.401010 0.438564 0.608938 0.392330 0.363934 0.246073 0.189218 0.267359 0.355171 0.301532 
0.349561 0.209482 0.661607 0.812309 0.313878 0.083338 0.018828 0.022837 0.249888 0.174191 
0.099885 0.152777 0.174226 0.161555 0.100400 0.079850 0.279018 0.257984 0.305350 0.422552 
0.146910 0.105888 0.122973 0.227844 0.355520 0.694755 1.224721 1.245754 0.389969 0.509550 
0.469047 0.363450 0.187334 0.053630 0.047886 0.087837 -0.067924 -0.190574 -0.107723 -0.045691 
0.008651 0.101494 0.176399 0.157062 0.052246 -0.155478 -0.139765 -0.003600 -0.009625 -0.025132 
0.116351 0.375167 0.115330 -0.124335 -0.180520 -0.200148 -0.171646 -0.045783 -0.021993 -0.067291 
-0.019992 0.051326 0.419542 0.439536 0.639019 0.633368 0.431543 0.206204 -0.072329 -0.043344 
-0.115805 -0.054333 0.067409 0.114322 0.306034 0.121776 0.043085 0.017377 0.072844 0.174806 
0.495998 0.381101 0.655960 0.623740 0.078773 -0.017706 -0.030263 0.023303 0.195273 0.159846 
0.156170 0.188092 0.260442 0.149132 0.082030 0.046306 0.239543 0.236478 0.323278 0.421705 
0.061718 0.055139 0.157417 0.241302 0.235747 0.261679 0.391205 0.541536 0.039942 0.116711 
0.340728 0.488953 0.218003 0.063912 0.142815 0.123580 -0.030621 -0.075784 -0.002635 -0.159509 
-0.103505 -0.054008 0.123702 0.252266 0.255292 -0.052251 0.018020 0.064028 0.114234 0.090885 
0.343921 0.314604 0.100655 0.036066 -0.170375 -0.155947 -0.132453 0.071268 0.085582 -0.010169 
-0.122420 0.013340 0.193829 0.231130 0.402317 0.457520 0.116267 0.026616 0.039056 -0.003127 
-0.072659 -0.067561 -0.033089 0.028946 0.066509 -0.013486 -0.094276 -0.102984 -0.067961 -0.035717 
0.081471 0.074728 0.467987 0.318725 -0.011026 -0.029346 -0.013753 -0.068894 0.053154 0.047138 
0.039118 0.057306 0.122271 0.104984 0.111882 0.026811 0.244643 0.225547 0.309945 0.469795 
0.123050 0.173716 0.290044 0.300175 0.266468 0.225705 0.280815 0.175671 -0.134346 -0.266745 
-0.151232 -0.153444 -0.040236 0.142797 0.432571 0.636299 0.522821 0.650947 0.350009 0.177173 
0.051903 -0.060236 0.152124 0.188632 0.167032 0.227784 0.879745 1.027626 0.877378 0.964304 
1.473761 1.704190 1.365311 1.016585 0.493540 0.291156 0.330925 0.613991 0.576432 0.387421 
0.136139 0.308580 0.178780 0.366946 0.542567 0.624926 0.684559 0.835053 0.578817 0.423090 
0.107924 -0.111774 -0.204583 -0.164305 -0.211732 -0.158168 -0.171859 -0.155889 -0.213197 -0.204896 
-0.165968 -0.210826 0.011136 -0.021598 -0.076517 -0.052873 -0.042432 -0.109056 0.043039 0.032267 
-0.009528 -0.009848 0.077226 0.172819 0.146384 0.105616 0.336355 0.254415 0.272363 0.457911 
0.176041 0.197769 0.258635 0.302762 0.199246 0.141581 0.224738 0.313234 0.120147 -0.025014 
0.072919 -0.025568 -0.029597 0.108518 0.343770 0.511360 0.568872 0.487138 0.355206 0.476629 
0.319017 0.124474 0.352458 0.553034 0.392893 0.051775 0.634359 0.809092 0.637361 0.619746 
0.991667 0.956717 0.888597 0.745432 0.538501 0.282001 0.368869 0.407629 0.348046 0.074872 
0.014284 0.140767 0.052945 0.046178 0.214004 0.173901 0.120824 0.189540 0.328436 0.389793 
-0.007642 -0.183350 -0.143480 -0.138004 -0.212354 -0.127967 -0.164668 -0.134642 -0.148642 -0.141461 
-0.097391 -0.122000 0.048092 -0.017954 -0.030007 -0.013350 -0.101871 -0.102738 0.048952 0.099202 
0.053110 0.017696 0.065558 0.105884 0.096689 0.147808 0.265794 0.191818 0.237419 0.432809 
0.121223 0.145719 0.180913 0.232798 0.057134 -0.025993 -0.035451 -0.002931 -0.036518 0.077831 
0.574102 0.751805 0.518691 0.354814 0.263815 0.203967 0.258825 0.248780 0.265350 0.203194 
0.009252 -0.153003 -0.056059 -0.108850 -0.244046 -0.088385 0.093199 -0.003430 0.033370 0.078597 
0.313683 0.103521 0.008600 -0.068086 -0.090216 -0.097664 0.003017 0.197193 0.405990 0.152090 
0.015480 0.022653 -0.056925 0.052846 0.030384 0.017899 0.067028 0.034073 0.067134 0.246622 
0.361136 0.874248 0.585390 0.366945 0.101112 0.084644 0.154789 0.343658 0.250768 0.014745 
0.295350 0.351223 0.420266 0.337078 0.241384 0.015836 -0.200719 -0.192026 -0.045517 0.057064 
0.107908 0.062890 0.076878 0.028547 -0.045921 -0.043057 0.138578 0.211008 0.221795 0.434088 
0.114259 0.132873 0.195855 0.248636 0.103773 0.123108 0.253738 0.333210 0.093715 -0.006312 
0.077414 0.092012 0.153908 0.224297 0.196779 0.122111 0.146727 0.132050 0.186773 0.254294 
0.077208 0.053991 0.209747 0.200171 -0.177820 0.059638 0.069145 0.035879 -0.090798 0.012778 
0.089939 0.047926 0.028012 -0.019777 -0.044945 -0.060739 -0.129008 -0.017815 0.145656 0.206724 
-0.006422 -0.089182 -0.148337 -0.018347 -0.084103 -0.123889 0.012060 -0.015080 0.011368 -0.043640 
0.141021 0.477544 0.362445 0.297269 0.028781 -0.044655 0.108590 0.235654 0.119051 0.003033 
0.205446 0.178303 0.384606 0.405861 0.300979 0.099695 -0.045112 -0.161132 -0.000209 0.036154 
0.022375 -0.007589 0.068884 0.065313 0.039856 0.016352 0.208187 0.250119 0.252754 0.414785 
0.101817 0.140557 0.139799 0.084531 -0.054721 -0.104346 0.136939 1.063802 0.830396 0.381306 
0.346922 0.211971 0.221912 0.241385 0.187525 0.127622 0.207184 0.207108 0.312169 0.729985 
0.810419 0.665654 1.111780 0.649235 0.309477 0.542863 0.480841 0.328823 0.102300 0.162604 
0.246043 0.263477 0.354099 0.552443 0.451503 0.128443 0.190895 0.174598 0.221063 0.524629 
0.454518 0.232510 0.126558 -0.095798 -0.167483 -0.166121 -0.169364 -0.122490 -0.062184 -0.066337 
-0.023178 -0.059520 -0.168750 -0.224413 -0.251435 -0.252521 -0.223387 -0.149072 -0.137643 -0.110066 
0.015764 -0.066412 0.149423 -0.035231 -0.116656 -0.158189 -0.270035 -0.212013 -0.093534 -0.020271 
-0.017028 -0.024430 -0.027697 -0.039178 -0.061086 -0.055170 0.211204 0.265543 0.282575 0.410059 
0.093871 0.200777 0.329665 0.394924 0.299810 0.017993 0.088082 0.099782 0.230013 0.294789 
0.293163 0.182469 0.229196 0.164628 0.139401 0.152678 0.192603 0.167441 0.390952 0.348225 
0.709153 0.848646 0.977345 0.625076 0.476901 0.398438 0.360882 0.294973 0.224732 0.205177 
0.262022 0.243492 0.304737 0.347056 0.242307 0.208027 0.166683 0.081765 0.269576 0.199240 
0.239159 0.314024 0.415318 0.149562 -0.055630 -0.101415 -0.063762 -0.017262 -0.088779 -0.280691 
-0.152969 -0.134210 -0.203376 -0.222301 -0.214467 -0.165356 -0.128198 -0.074780 -0.062978 -0.034073 
0.050949 0.032605 0.538334 0.680083 0.353501 0.100384 -0.181514 -0.201822 -0.056553 0.049162 
0.008611 -0.025262 -0.002679 0.050977 -0.038137 0.000411 0.260567 0.244203 0.218524 0.439631 
0.062242 0.168807 0.510137 0.555103 0.602413 0.609788 0.474347 0.123340 -0.089396 0.020287 
-0.016423 -0.123507 0.011878 0.056665 0.137949 0.006860 0.119874 0.141104 0.159646 0.078955 
0.112363 0.201656 0.099264 0.034176 0.009009 0.135053 0.181396 0.210602 0.217257 0.275514 
0.390246 0.375131 0.385435 0.446229 0.264981 0.381022 0.289183 0.157335 0.238437 0.200046 
0.006419 0.057268 0.444095 0.468043 0.020836 -0.160792 -0.089585 0.511374 0.616876 0.184039 
0.651359 0.505661 0.049127 -0.058089 -0.214130 -0.247447 -0.178848 0.009006 0.101233 0.081203 
0.110935 0.057947 0.871308 1.273676 1.079524 0.403022 -0.095126 -0.261939 -0.022592 0.124143 
0.074441 0.028131 0.116615 0.135009 0.040168 0.094235 0.293340 0.263272 0.270494 0.457683 
0.061157 0.159443 0.351923 0.366200 0.287962 0.446495 0.348387 0.150296 0.123581 0.104461 
0.048647 -0.050403 0.002604 0.002405 0.069167 0.078828 0.205051 0.123852 0.089159 0.031103 
0.113791 0.121833 0.150929 0.176459 0.055436 0.062540 0.053897 0.114212 0.082106 0.168771 
0.231847 0.157659 0.244227 0.294618 0.208481 0.206264 0.205610 0.168717 0.145149 0.085253 
-0.019008 0.002019 0.468711 0.609026 0.325337 0.235653 0.380650 0.751452 0.477638 0.427777 
0.586058 0.361927 0.094792 0.244796 -0.105044 -0.263845 -0.175845 -0.021753 0.044124 -0.033389 
-0.002411 -0.033016 0.786598 1.221804 0.690694 0.289244 -0.161683 -0.235942 0.042989 0.124699 
0.106952 0.107909 0.160471 0.132406 0.030576 0.073718 0.269854 0.257392 0.253289 0.458885 
0.112982 0.208043 0.292045 0.265790 0.181354 0.243287 0.082798 -0.026590 -0.144329 -0.168534 
-0.181695 -0.193029 -0.052088 0.068804 0.005643 0.005084 0.111273 -0.033860 0.084813 0.198068 
0.302144 0.116084 0.342325 0.357741 0.424344 0.373137 0.234608 0.214183 0.157221 0.198687 
0.170887 0.165227 0.373785 0.358189 0.284271 0.236786 0.067685 0.089149 0.124354 0.170831 
0.093649 0.149772 0.531521 0.567542 0.505852 1.070326 1.418715 1.744466 1.170905 1.188738 
1.227107 0.990572 1.108698 1.630966 0.654636 0.149178 0.321219 0.254758 0.141034 0.060657 
0.062155 0.092114 1.000201 1.228043 0.669677 0.305168 -0.194086 -0.104805 0.072998 0.196921 
0.206500 0.186598 0.277089 0.325025 0.193743 0.144591 0.297093 0.262049 0.250845 0.407217 
0.089425 0.168898 0.133237 0.100409 0.014909 0.088933 0.103922 0.148001 0.061081 -0.055100 
-0.140036 -0.160467 -0.081262 -0.041733 -0.025088 0.015451 0.160236 0.063409 0.121877 0.102582 
0.185461 0.126023 0.360976 0.300891 0.244823 0.275069 0.171302 0.135933 0.158604 0.141196 
0.110684 0.149402 0.201061 0.259196 0.293678 0.244997 0.116504 0.150740 0.084748 0.166336 
0.183443 0.196130 0.440307 0.437900 0.430472 0.764823 1.457111 1.212351 0.948954 1.005723 
1.058542 1.005193 1.036352 1.114581 0.323484 0.249803 0.296406 0.087005 0.039857 0.005062 
0.006733 0.002017 0.800705 0.886454 0.297752 0.187642 -0.153689 -0.134453 0.052643 0.196618 
0.190264 0.144349 0.230039 0.249891 0.176750 0.137754 0.314852 0.290149 0.250479 0.382334 
0.042737 0.113346 0.056905 -0.001600 -0.114005 -0.060275 0.054614 0.448896 0.711489 0.369142 
0.006243 -0.192574 -0.093824 -0.021753 -0.031884 0.023509 0.105670 0.249023 0.448807 0.364445 
0.144816 0.294994 0.310210 0.247234 0.205638 0.229955 0.134718 0.182751 0.122358 0.123248 
0.129945 0.138540 0.174435 0.259310 0.366935 0.428921 0.501290 0.514752 0.303539 0.278629 
0.154854 0.164782 0.346462 0.183942 -0.018747 0.003942 0.173766 0.216423 0.075858 0.110745 
0.119938 0.197737 0.207442 0.118932 -0.128094 0.037261 -0.002609 -0.080378 -0.041344 0.017435 
-0.013020 -0.050846 0.606001 0.652296 0.130920 0.078058 -0.041989 -0.133486 0.077366 0.178136 
0.136094 0.094709 0.139426 0.136063 0.119801 0.085995 0.261729 0.253644 0.305999 0.449967 
0.101845 0.141845 0.046801 -0.005003 -0.135147 -0.112530 0.050889 0.314937 0.358157 0.295617 
0.024035 -0.161047 -0.045231 -0.016522 -0.000540 -0.010552 0.046305 0.137572 0.162958 0.114789 
0.096971 0.288056 0.196211 0.216958 0.174115 0.222793 0.201023 0.194135 0.144470 0.190130 
0.124136 0.093792 0.178600 0.175207 0.254163 0.318686 0.322086 0.023136 0.240532 0.322689 
0.160578 0.167016 0.299302 0.241735 -0.031426 -0.067751 0.036705 0.036515 0.007588 0.047588 
0.068830 0.089422 0.051024 -0.006766 -0.130379 -0.032320 -0.102127 -0.118142 -0.106049 -0.018820 
-0.030867 -0.071099 0.467084 0.477767 0.156356 0.098600 -0.092074 -0.127561 0.087265 0.127318 
0.076044 0.056166 0.134175 0.135319 0.155965 0.125301 0.265480 0.243276 0.310367 0.601925 
0.105948 0.128638 0.094671 0.074488 -0.052855 -0.078147 0.131121 0.173836 -0.011372 -0.073155 
-0.184632 -0.194503 -0.214128 -0.259376 -0.202940 -0.207907 -0.069142 -0.003807 -0.111189 -0.093675 
0.044155 0.142908 0.141798 0.147657 0.189496 0.177254 0.131391 0.081466 0.055738 0.002681 
-0.039020 -0.030610 -0.096324 -0.040966 0.054760 0.139434 0.655499 0.313908 0.470857 0.375303 
0.186870 0.303211 0.381603 0.626167 0.412823 0.333526 0.310570 0.214297 0.114286 0.082950 
0.117130 0.032952 -0.027206 -0.151163 -0.137116 -0.129419 -0.170283 -0.222931 -0.266522 -0.240087 
-0.203641 -0.272633 0.014496 0.471067 0.544839 0.536970 0.141405 0.032306 0.216282 0.141676 
0.095240 0.106945 0.176207 0.201610 0.144728 0.136448 0.266407 0.273295 0.252720 0.458043 
0.026533 0.010718 0.031889 0.040948 -0.094732 -0.100500 0.203500 0.630353 0.307075 0.126268 
-0.102844 -0.222011 -0.142974 -0.138389 -0.133615 -0.186754 -0.060423 0.021886 -0.050985 -0.031133 
0.147553 0.196434 0.110138 0.063653 0.193376 0.192271 0.251820 0.318513 0.107501 0.043499 
-0.003295 0.057156 0.097794 0.098275 0.197604 0.095973 0.334495 0.227750 0.451756 0.448923 
0.346598 0.393906 0.401851 0.524005 0.228906 0.288112 0.343479 0.257509 0.038809 -0.030486 
0.019694 0.129511 -0.049481 -0.134788 -0.074739 -0.232285 -0.230080 -0.198669 -0.206930 -0.172521 
-0.171059 -0.254354 0.027907 0.035846 0.110534 0.261043 0.098497 0.068095 0.160688 0.071385 
0.031649 0.079297 0.077012 0.164235 0.164889 0.126507 0.096331 0.162369 0.274030 0.469153 
0.046688 0.037989 0.090178 0.035120 -0.068509 0.001227 0.416366 1.080311 1.238669 0.778182 
0.343008 -0.001243 0.265140 0.266650 0.099283 0.001356 0.184155 0.181405 -0.007116 -0.098670 
0.093414 0.149210 0.019559 0.055653 0.264295 0.214243 0.257784 0.361365 0.293083 0.456622 
0.912103 0.630954 0.301424 0.277363 0.170351 0.242622 0.176147 0.215418 0.341318 0.325099 
0.402436 0.333309 0.332761 0.215699 -0.030909 0.073746 0.226888 0.350705 0.233836 0.204751 
0.294183 0.430598 0.370510 0.355756 0.299262 0.195270 0.383912 0.318042 0.469164 0.579247 
0.348367 0.050361 0.279605 0.023195 -0.102247 -0.064030 -0.112553 -0.006400 0.117056 0.090776 
0.135954 0.175489 0.119396 0.214100 0.278982 0.278968 0.251557 0.273308 0.317298 0.463158 
0.084838 0.093847 0.053989 -0.001891 -0.076414 -0.009462 0.284413 0.678028 0.549356 0.409886 
0.363906 0.115513 0.370148 0.500251 0.340873 0.136778 0.196621 0.202445 -0.032340 -0.128040 
0.092851 -0.007476 -0.000112 0.065007 0.210928 0.185781 0.264435 0.401039 0.279512 0.268947 
-0.235824 0.101710 0.419179 0.326580 0.203347 0.232820 0.216083 0.261410 0.327510 0.292269 
0.254902 0.331232 0.340912 0.304746 0.079942 0.105807 0.141210 0.136011 0.267938 0.229459 
0.209519 0.352649 0.426678 0.442003 0.220928 0.136419 0.240617 0.268121 0.336265 0.471563 
0.125683 0.107775 0.190612 0.003388 0.026137 -0.020229 -0.063131 -0.023228 0.056227 0.029143 
0.044578 0.066457 0.094244 0.183888 0.214673 0.183056 0.232455 0.187051 0.285346 0.438046 
0.129735 0.086018 0.027650 0.066120 -0.006892 -0.009642 0.331859 0.488858 -0.003017 -0.092799 
0.122229 0.025798 0.017538 0.191380 0.168885 0.072433 0.124628 0.173708 0.050160 0.023312 
0.166352 0.037771 0.102082 0.191281 0.279866 0.335135 0.444575 0.633736 0.371186 0.481613 
-0.229901 -0.304398 0.000232 0.419553 0.446083 0.425868 0.279599 0.330201 0.312951 0.244072 
0.167431 0.188183 0.218626 0.260657 0.074984 0.097652 -0.004403 -0.074551 -0.163672 -0.261014 
-0.272152 -0.168134 -0.126740 0.135552 -0.032901 -0.035650 -0.086974 -0.048211 0.013216 0.082563 
0.005340 0.214052 0.343583 0.109494 -0.028832 -0.138877 -0.140678 -0.145373 -0.050662 0.003160 
0.010023 0.008782 0.056559 0.097573 0.206510 0.163142 0.239576 0.125390 0.265892 0.431278 
0.039914 0.013007 0.018199 0.037029 -0.045756 -0.037752 0.354576 0.640682 0.119102 0.122713 
0.181157 0.030754 0.092238 0.059007 0.062745 0.136289 0.169443 0.210800 -0.016394 0.045412 
0.055539 0.086182 0.147111 0.148542 0.268573 0.374956 0.478206 0.656969 0.171611 -0.167459 
-0.304445 -0.338618 -0.302682 0.578561 0.411251 0.434532 0.283897 0.348195 0.354686 0.401841 
0.330786 0.433697 0.345700 0.330483 0.118323 0.261438 0.333033 0.143856 -0.063112 -0.114841 
-0.101295 0.081212 0.027158 0.033113 -0.127713 -0.032971 0.020945 0.023411 0.124497 0.143911 
0.190043 0.339595 0.449937 0.729979 0.149666 -0.058572 -0.066520 -0.087798 0.024577 0.053256 
0.070669 0.046677 0.098317 0.124104 0.187679 0.167453 0.181346 0.084510 0.336702 0.425646 
-0.027339 0.100965 0.091088 0.070355 -0.048549 -0.084437 0.124180 0.312873 -0.046427 0.037362 
0.161344 0.220093 0.629195 0.357232 0.060221 0.021187 0.057862 0.032241 -0.123618 -0.065919 
-0.065073 0.100152 0.137422 0.099547 0.211185 0.268538 0.392559 0.616493 1.560220 1.982178 
2.128995 0.613240 -0.109111 0.482424 0.309330 0.337025 0.245146 0.326216 0.343481 0.363178 
0.328534 0.328373 0.309905 0.293196 0.162532 0.264201 0.502423 0.707083 0.579208 0.352963 
0.352796 0.533702 0.366055 0.404628 0.140625 0.068422 0.051300 -0.061728 -0.004402 0.051132 
0.172148 0.265975 0.581761 0.929847 0.521847 0.155360 0.036333 -0.098052 -0.010590 0.069251 
0.007889 0.003031 0.036107 0.059927 0.145890 0.095572 0.097967 -0.016846 0.249222 0.383877 
0.122476 0.191303 0.122397 0.037239 -0.022373 -0.051090 0.335457 0.423191 0.063699 0.095947 
0.148882 0.019560 0.300388 0.462626 0.136002 0.141178 0.169397 0.143264 0.016749 -0.008365 
0.035713 0.123726 0.192311 0.158242 0.289569 0.246796 0.433668 0.330839 0.279093 0.219648 
1.873570 1.254277 0.513556 0.563458 0.417690 0.437283 0.327959 0.366489 0.383023 0.344436 
0.400974 0.277189 0.276508 0.212529 0.136912 0.173752 0.353980 0.507480 0.372254 0.352327 
0.335477 0.325036 0.181351 0.263430 0.171846 0.041305 0.020334 -0.125664 -0.091994 -0.059139 
-0.012559 0.057410 0.582483 0.734120 0.509825 0.284057 0.074663 -0.076176 -0.055182 0.143958 
0.052533 0.091126 0.071633 0.073415 0.228865 0.210976 0.196710 0.069213 0.354540 0.409979 
0.029985 0.035081 0.080010 0.051598 -0.022632 -0.065730 0.170410 0.343427 -0.007575 -0.007622 
-0.030569 -0.164099 -0.183837 -0.217948 -0.224868 -0.227203 -0.216978 -0.169513 -0.206966 -0.215566 
-0.105321 0.061927 0.187667 0.165211 0.317890 0.270329 0.232904 0.307537 0.181041 0.067616 
0.165408 -0.131546 0.453404 0.434678 0.357380 0.324704 0.322068 0.334988 0.333836 0.317996 
0.307279 0.273034 0.224754 0.140184 0.096131 0.079605 0.231179 0.272139 0.096488 0.270904 
0.527122 0.383991 0.231332 0.270517 0.082610 -0.007070 -0.163640 -0.231009 -0.186171 -0.178685 
-0.128477 -0.109940 0.111282 0.206578 -0.043065 -0.023488 -0.073413 -0.115967 -0.093940 0.054912 
-0.031703 -0.041196 -0.005617 0.064256 0.196968 0.202107 0.296023 0.143884 0.444297 0.436343 
0.055781 0.017439 0.085075 0.094401 0.011203 0.040397 0.324948 0.329251 -0.006874 0.151682 
0.250062 0.104361 -0.100209 -0.056601 -0.068440 -0.102251 -0.175523 -0.151986 -0.198949 -0.215600 
-0.038785 0.185734 0.209024 0.231141 0.368625 0.344750 0.274678 0.344679 0.232995 0.349603 
0.362451 0.282296 0.367580 0.331988 0.353233 0.406622 0.598839 0.518697 0.413588 0.363935 
0.301055 0.320257 0.283967 0.357544 0.224633 0.137051 0.298587 0.266496 0.043870 0.091426 
0.212335 0.242433 0.305983 0.281602 0.222979 0.131336 0.039331 -0.037420 -0.108037 -0.147299 
0.034858 0.138671 0.648167 0.945474 0.507752 0.330949 -0.061518 -0.136399 0.046074 0.108826 
0.059376 0.005562 0.096740 0.176344 0.309473 0.286964 0.466213 0.400320 0.486750 0.516590 
0.063196 0.056064 0.059917 0.082111 0.139453 0.189402 0.550555 0.233793 -0.157269 0.074654 
0.450485 0.831621 0.815966 0.494726 0.556660 0.457670 0.200466 0.312962 -0.104832 -0.255520 
0.031872 0.135758 0.074415 0.124314 0.297168 0.353412 0.347190 0.376260 0.189965 0.277466 
0.236074 0.324982 0.349468 0.287219 0.417041 0.550747 0.535488 0.451079 0.410608 0.336981 
0.210939 0.275162 0.246471 0.253048 0.152613 0.151579 0.308342 0.408886 0.157879 0.036675 
0.067704 0.099982 0.180945 0.122082 0.170133 0.133722 0.051188 -0.095748 -0.062274 -0.011977 
0.206212 0.278739 0.876814 1.120660 0.761630 0.396714 -0.144967 -0.186518 0.060806 0.233004 
0.209922 0.076691 0.208772 0.177573 0.231348 0.190267 0.248345 0.258109 0.330057 0.513590 
0.030744 0.102006 0.122192 0.170893 0.162942 0.113433 0.505329 0.697254 0.098807 -0.059655 
0.374435 0.699668 0.457611 0.566126 0.600693 0.311827 0.250767 0.243207 -0.170525 -0.226043 
0.092184 0.132523 0.101836 0.106596 0.266256 0.264298 0.283381 0.302044 0.245830 0.254729 
0.183106 0.249657 0.313082 0.273981 0.415801 0.594461 0.623528 0.522905 0.388468 0.381288 
0.273785 0.293637 0.276518 0.215549 0.078614 0.112395 0.227846 0.161327 -0.044153 0.057892 
0.176413 0.034915 0.053397 0.024979 0.214185 0.224962 0.129429 -0.025198 0.063123 0.112524 
0.224243 0.208554 0.764030 1.044781 0.572927 0.176841 -0.019907 -0.176636 0.134925 0.222662 
0.167925 0.102233 0.253182 0.237261 0.269367 0.221592 0.319470 0.327368 0.348354 0.471756 
0.065732 0.082507 0.190878 0.268604 0.101379 0.194399 0.613889 1.030851 0.965058 0.707371 
1.108461 1.239391 1.179866 1.232261 1.501978 0.762825 0.276409 -0.007764 -0.237157 -0.241591 
0.015437 0.132560 0.128633 0.172124 0.307433 0.288249 0.424462 0.343022 0.384186 0.391849 
0.290878 0.370671 0.323166 0.327698 0.373445 0.381041 0.334225 0.394650 0.401311 0.436866 
0.437722 0.418487 0.369104 0.280259 0.125967 0.122145 0.182524 0.129479 -0.113206 0.019225 
0.121485 -0.008235 -0.124154 -0.174698 -0.094821 -0.154233 -0.190435 -0.273404 -0.232509 -0.139226 
0.058322 0.145180 0.773832 1.086015 0.778823 0.524492 0.103993 -0.024405 0.339915 0.289103 
0.225687 0.189901 0.289054 0.245589 0.284718 0.270959 0.344675 0.277859 0.332155 0.464324 
0.062075 0.129257 0.200567 0.127224 0.051821 0.124383 0.354250 0.283057 0.146605 0.168124 
0.609223 0.527069 0.600628 0.671017 1.260274 1.386642 0.478586 0.051789 -0.202232 -0.303147 
0.012541 0.101267 0.137217 0.141399 0.187002 0.160377 0.180351 0.158732 0.239954 0.256665 
0.213388 0.200688 0.206859 0.250688 0.232541 0.258135 0.388224 0.272218 0.347374 0.363500 
0.297646 0.261809 0.242888 0.196566 0.045543 -0.002196 0.084623 0.142243 0.018986 0.025620 
0.090286 0.137643 0.034518 0.042521 0.088815 0.036889 -0.013460 -0.036592 -0.080221 -0.019450 
0.091610 0.104476 0.554271 0.594608 0.368199 0.288196 0.112114 0.031729 0.267364 0.216770 
0.177970 0.189517 0.252701 0.228411 0.292676 0.287758 0.380250 0.388252 0.299382 0.427446 
0.081406 0.068419 0.122265 0.092413 0.079869 0.100824 0.201072 0.167498 -0.119812 -0.031492 
0.271740 0.045610 -0.042629 -0.118769 0.033976 0.232077 0.247340 0.134993 -0.104372 -0.185533 
-0.032484 0.000437 0.077959 0.135942 0.136545 0.136166 0.108641 0.070303 0.139954 0.124630 
0.124090 0.073746 0.109139 0.141798 0.195771 0.260956 0.331835 0.245852 0.304967 0.286856 
0.184900 0.168088 0.159600 0.151953 0.031790 0.031230 0.121029 0.070873 0.035477 0.062876 
0.164137 0.291675 0.394529 0.458699 0.438367 0.414735 0.257028 0.147194 0.069412 -0.038158 
-0.018196 -0.058642 0.232383 0.149621 0.032679 0.065137 -0.020410 0.033753 0.114523 0.112752 
0.150180 0.162472 0.135444 0.112898 0.127574 0.148869 0.334250 0.400043 0.338153 0.430391 
0.069109 0.069270 0.034890 0.011771 -0.002288 -0.016178 0.019227 0.065093 -0.071334 -0.083112 
0.139888 0.105481 0.227413 0.068681 0.354871 0.314202 0.175108 0.004022 -0.181118 -0.186975 
0.014706 0.132522 0.137227 0.113433 0.083657 0.094509 0.133818 0.119619 0.203768 0.222928 
0.192340 0.206403 0.238724 0.156110 0.295786 0.282914 0.229949 0.190583 0.190564 0.241417 
0.154798 0.158223 0.114805 0.125870 0.010170 0.047748 0.111297 0.052060 -0.010371 0.038247 
0.126869 0.116322 0.234412 0.319452 0.272665 0.276963 0.239203 0.169913 0.072060 -0.009572 
0.036305 0.034471 0.297431 0.230349 0.130785 0.053183 -0.029840 0.034551 0.114054 0.131901 
0.104948 0.054311 0.134532 0.184811 0.173104 0.205691 0.263923 0.305884 0.356083 0.370403 
0.046694 0.104216 0.164774 0.135989 0.077141 0.132208 0.360914 0.513698 0.620154 0.394995 
0.717587 0.965086 1.328557 1.443170 2.582651 2.814951 1.876588 1.122850 0.250895 -0.047215 
-0.026426 -0.032516 -0.114024 -0.151714 -0.142358 -0.185519 -0.160636 -0.188236 -0.114179 -0.047298 
-0.008592 -0.000122 -0.004842 -0.028875 0.117877 0.023323 0.023760 0.159701 0.023918 0.117315 
-0.002776 0.072878 0.024908 0.021026 -0.055947 -0.096900 -0.023954 -0.100890 -0.196994 -0.165772 
-0.144719 -0.145057 -0.076938 0.020907 0.109178 0.092943 -0.076945 -0.089498 -0.115436 -0.025079 
0.071605 0.088605 0.296764 0.336418 0.162142 -0.019938 -0.084577 -0.110864 -0.041055 -0.009788 
-0.143440 -0.084031 0.101226 0.154719 0.162418 0.129184 0.323830 0.429833 0.258722 0.483391 
0.007825 0.075525 0.087391 0.136550 0.029259 0.015443 0.045936 0.042948 0.118645 0.072968 
0.303419 0.399092 0.555325 0.577114 0.947188 0.930222 1.018945 0.831602 0.338312 -0.090192 
-0.045860 -0.037135 -0.137303 -0.165698 -0.137921 -0.151635 -0.151641 -0.135887 -0.156270 -0.104719 
-0.083463 -0.022639 -0.024552 0.034087 -0.042143 -0.059845 0.085807 0.173535 0.093386 0.233482 
0.070700 0.108289 0.069337 0.108429 0.074858 0.063485 0.155393 0.105105 -0.033042 -0.005767 
-0.002831 -0.019614 0.038772 0.029871 0.112740 0.247676 0.066643 -0.003692 -0.045774 -0.079388 
0.015646 0.100509 0.398070 0.326002 0.287198 0.005614 -0.059721 -0.120765 -0.064603 0.013006 
-0.043128 0.014075 0.177212 0.155653 0.155529 0.055900 0.227389 0.146786 0.163220 0.401439 
-0.016946 0.109185 0.000344 0.003648 0.027156 0.007958 -0.020616 0.001508 -0.006886 -0.034387 
0.006912 0.119978 0.136430 0.121184 0.062728 0.060263 0.001180 0.051683 0.035155 0.563551 
0.437496 0.335924 0.307245 0.230313 0.112888 0.218239 0.578562 1.064774 0.840690 0.794255 
0.677728 0.516734 0.528466 0.764675 0.233706 0.093447 0.149321 0.191143 0.239862 0.214528 
0.067410 0.050252 0.036307 0.058513 0.152651 0.177645 0.328573 0.315030 0.160676 0.081468 
0.106824 -0.002408 0.000996 0.041781 0.458333 0.535321 0.474877 0.281265 0.284181 0.127382 
0.138163 0.064960 0.246930 0.227111 0.149564 0.287888 -0.019158 -0.168147 0.063785 0.162968 
0.044905 0.050551 0.261242 0.318568 0.182473 0.071539 0.192803 0.292664 0.298895 0.353720 
-0.019104 0.105514 0.036225 -0.003960 0.006720 -0.001824 0.002596 0.024789 0.019482 -0.011137 
0.196362 0.339112 0.313611 0.290374 0.172816 0.040482 0.027947 0.041107 -0.063829 0.054191 
0.001966 0.158296 0.228259 0.398625 0.208554 0.109328 0.373976 0.888430 0.496701 0.507142 
0.648819 0.479543 0.562538 0.596460 0.234750 0.101717 0.211775 0.140964 0.171195 0.217033 
0.129537 0.203084 0.178430 0.149613 0.174905 0.143962 0.372773 0.348533 0.138168 0.048931 
0.117619 0.066092 0.032455 0.019124 0.295263 0.401746 0.314559 0.113316 0.105491 0.042003 
0.139003 0.135640 0.417496 0.477798 0.288708 0.130732 -0.076592 -0.147590 0.086506 0.160742 
0.055102 0.035346 0.244340 0.328968 0.382263 0.382318 0.429068 0.332230 0.229806 0.301263 
0.006776 0.058420 -0.067772 0.010740 -0.023399 -0.030258 -0.015633 -0.007394 -0.046659 -0.064424 
0.237232 0.879655 0.640188 0.407232 0.559222 0.191649 -0.101953 -0.124156 0.043868 0.217248 
0.425634 0.815597 1.257270 1.156918 0.909564 0.511857 0.715234 1.029412 0.645003 0.649751 
0.656926 0.261885 0.018381 -0.112423 -0.174970 -0.158586 -0.171807 -0.179620 -0.112769 -0.113399 
-0.239023 -0.199742 -0.228989 -0.200465 -0.133295 -0.064305 0.180488 0.275834 0.233277 0.209270 
0.280403 0.152029 0.028246 -0.014981 0.111996 0.296837 0.262680 0.335513 0.256551 0.108055 
0.135045 0.167063 0.605570 0.507600 0.202210 0.091961 -0.068721 -0.087602 0.099910 0.184216 
0.084957 -0.008281 0.032754 0.097814 0.114994 0.128653 0.346983 0.330571 0.124792 0.296128 
0.037205 0.358817 0.500473 0.132422 0.069863 0.237842 0.067820 0.118587 0.876599 0.365289 
-0.109513 -0.054532 0.113668 0.066523 0.025059 -0.121566 -0.059858 0.013491 -0.104650 -0.074791 
0.132590 0.366241 0.685727 0.762932 0.331714 0.187098 0.500766 0.304890 0.340188 0.466986 
0.676132 0.650828 0.404922 0.174372 0.003905 -0.042310 -0.102372 -0.229927 -0.133328 -0.119960 
-0.161898 -0.126519 -0.107807 -0.085028 -0.047307 0.076665 0.179915 0.228112 0.137199 0.325995 
0.449662 0.565399 0.273627 0.100783 0.149366 0.177543 0.064982 0.171281 0.123866 0.173632 
0.305483 0.329151 0.681626 0.870227 0.298509 -0.081809 -0.160476 -0.195944 0.020808 0.225037 
0.032662 0.041479 0.086175 0.145606 0.174233 0.170735 0.340728 0.321535 0.089132 0.101525 
-0.005526 -0.217439 0.315655 0.324866 0.106569 0.147469 0.733213 1.025111 0.138655 0.212343 
0.165446 0.599809 0.174512 0.023839 0.967104 0.590954 0.490418 0.319606 0.029392 0.032315 
-0.057593 -0.020966 0.171060 0.130798 0.026032 0.031537 0.042783 0.032802 0.008471 0.117061 
0.389317 0.422997 0.465056 0.681706 0.620558 0.790268 0.702199 0.041031 -0.085960 -0.205467 
-0.181117 -0.178258 -0.180366 -0.219818 -0.125395 -0.042185 -0.007448 0.001266 -0.056968 0.082911 
0.298478 0.349354 0.114398 -0.047131 -0.084271 -0.071567 -0.185226 -0.103831 -0.047394 -0.058794 
0.130765 0.150043 0.587644 0.686382 0.123107 -0.020878 -0.101023 -0.113173 -0.073806 0.032242 
0.016228 0.164903 0.136319 0.049326 0.055496 -0.016917 0.213052 0.409676 0.756468 0.475704 
-0.109399 -0.244136 -0.375841 -0.059814 0.046815 -0.030407 0.118974 0.047325 0.115019 0.262695 
0.238605 0.047111 0.341787 0.162612 0.026743 0.295579 0.042980 0.273038 0.020971 0.044225 
-0.047980 -0.105844 0.279635 0.224647 0.078725 0.125180 0.066919 0.024656 0.145289 0.212538 
0.741298 0.865890 0.435559 0.548891 0.672006 0.853356 0.909643 0.639046 0.230545 -0.004164 
0.008642 -0.062669 -0.070220 -0.164716 -0.009101 0.074779 0.061046 0.081280 0.023119 0.093510 
0.322247 0.373476 0.170689 -0.076363 -0.061927 -0.018667 -0.121405 -0.005642 0.040893 0.079598 
0.270651 0.311539 0.862998 1.321291 0.340415 0.070022 -0.064586 -0.181000 -0.103356 0.051038 
0.078207 0.327661 0.505458 0.606733 0.159585 -0.028023 0.247242 0.279498 0.290309 0.677747 
-0.222480 0.605973 -0.018028 0.217069 0.630714 0.698964 0.851072 -0.047432 0.058134 0.218762 
0.044627 0.047821 0.475780 0.278010 0.038245 0.436311 0.353388 0.309503 0.175092 0.123257 
-0.041859 -0.062716 0.239455 0.523722 0.598683 0.603301 0.609284 0.333282 0.390237 0.336860 
0.938107 1.423342 1.305207 1.153220 1.205328 1.417633 1.595261 1.844778 1.739940 0.793927 
0.866086 0.707224 0.312056 0.060929 0.078250 0.188522 0.252412 0.464086 0.602883 0.693515 
0.921276 0.923716 0.240965 -0.129724 -0.070889 -0.142182 -0.147069 -0.103904 -0.118133 -0.106195 
0.161279 0.349941 0.871751 1.347236 0.631632 0.551445 0.245726 -0.015404 0.211067 0.289816 
0.247393 0.300642 0.504830 0.920419 0.268386 0.057287 0.156195 0.201159 0.107265 0.380261 
-0.144080 0.887024 1.059130 1.223804 1.696050 1.231899 -0.054839 -0.257025 0.857091 0.670960 
-0.163975 0.256489 0.065783 -0.263624 0.058441 -0.015036 0.724825 0.012641 0.316944 0.130885 
-0.042858 0.050873 0.168392 0.260916 0.212123 0.343609 0.421944 0.269317 0.297112 0.221057 
0.646157 0.636865 0.402287 0.489662 0.984735 0.988452 1.042155 1.667163 1.496937 0.914705 
1.031584 0.979148 0.537160 0.186288 0.158599 0.232921 0.231766 0.212119 0.288963 0.314714 
0.564379 0.824717 0.271465 0.121214 0.052772 -0.107271 -0.106950 -0.039716 0.033455 0.077360 
0.194038 0.202248 0.518580 0.457950 0.155907 0.140856 -0.005322 -0.058767 0.304489 0.403849 
0.452054 0.472928 0.604091 0.588699 0.510969 0.326683 0.180713 0.246498 0.263339 0.385912 
0.103714 -0.155623 -0.249042 -0.121476 -0.108990 -0.326172 0.025023 -0.139554 0.273750 0.249519 
-0.017272 0.175719 -0.045973 -0.009705 0.193218 0.002433 0.293333 -0.056172 0.617357 0.454967 
0.619638 0.160350 0.030659 0.006821 -0.097671 0.003885 0.158293 0.103481 0.032858 -0.071458 
-0.005591 -0.030673 -0.090604 -0.046121 0.032993 -0.007167 0.011927 0.006136 0.008278 0.056922 
0.198232 0.261536 0.125244 0.068439 0.140109 0.097088 0.021843 -0.080466 -0.079633 -0.053358 
0.179683 0.276492 -0.027275 -0.038968 -0.137101 -0.175483 -0.221106 -0.175985 -0.134270 -0.079088 
0.264077 0.345495 0.307588 0.160185 -0.030539 -0.065475 -0.115805 -0.086316 0.115484 0.272791 
0.359735 0.343505 0.448396 0.523394 0.462978 0.350791 0.634720 0.413592 0.043557 0.206840 
-0.030392 0.069920 0.964597 0.889566 1.235699 0.571426 0.302020 -0.096795 0.358194 0.681630 
0.293219 0.458083 0.299337 -0.215525 -0.097562 0.015119 -0.215346 0.005091 0.135066 1.337793 
0.271631 0.191768 0.056865 0.027351 -0.004791 0.030147 0.172340 0.214697 0.158510 0.016386 
0.102910 0.067693 -0.050157 0.021717 0.066673 0.033010 0.082229 0.046758 0.071319 0.120613 
0.112188 0.143122 0.035951 0.058850 0.136110 0.121557 0.079926 0.051499 0.073649 0.016606 
0.257505 0.394976 0.355752 -0.039375 -0.098423 -0.135039 -0.131529 -0.152692 -0.112949 -0.123009 
0.063206 0.223135 0.265931 0.019411 -0.007404 -0.014946 -0.131436 -0.160748 0.023721 0.183001 
0.304287 0.447524 0.649787 0.781862 0.352906 0.241087 0.197462 -0.088165 0.026974 0.398779 
-0.274423 -0.006674 0.333638 0.160224 0.055913 -0.001606 0.058719 0.246602 0.114637 0.379601 
0.439982 -0.091492 0.720019 0.329322 0.149040 0.253189 -0.140875 -0.034551 0.139906 0.234502 
0.026493 0.396150 0.309105 0.270677 -0.018072 0.001596 0.253879 0.424773 0.599182 0.688693 
1.060952 1.266034 1.098860 1.001294 0.862680 0.924963 1.199090 1.214870 1.294141 1.330498 
1.282589 1.352063 1.087064 1.029286 0.735241 0.953190 1.357025 1.280004 1.333294 1.103012 
1.265525 1.871885 1.230950 0.944493 0.955277 0.978141 1.279588 1.051327 0.909642 0.843086 
1.077000 1.058012 1.147485 1.373407 0.746563 0.404380 0.217559 0.054744 0.195203 0.194494 
0.128365 0.356862 0.584453 0.639959 0.698051 0.617761 0.351241 0.125613 -0.169456 0.426576 
-0.035542 0.043224 0.426111 -0.004388 0.261802 0.249340 0.317309 0.502947 0.186899 0.250445 
-0.129330 -0.028648 0.266668 0.293464 0.531809 0.770134 0.593031 0.298710 0.041336 0.006947 
0.093106 0.968742 0.704939 0.250105 -0.050059 -0.094514 0.241158 0.366935 0.296435 0.367980 
0.535756 0.442789 0.602291 0.897711 0.690843 0.579788 0.533807 0.837312 0.651863 0.487732 
0.593909 0.941637 0.804166 0.523359 0.413145 0.591187 0.884690 0.830586 1.276597 1.088937 
1.159413 0.990757 0.796797 0.672341 0.854166 0.914255 1.186150 1.350435 1.010293 0.811992 
1.002789 0.855799 0.798648 1.190858 1.058913 0.895172 0.521387 0.422393 0.471636 0.396261 
0.236010 0.527126 0.629888 0.619309 0.821976 0.440231 0.418287 1.238635 1.089627 0.786208 
-0.069477 -0.194783 0.307005 0.311291 0.441390 0.241023 0.222959 -0.003506 0.254583 -0.120302 
0.143273 0.162900 0.349440 0.592265 -0.029811 -0.087392 0.346429 0.152686 -0.025080 0.241384 
0.039464 0.151815 0.444897 0.489061 0.318902 0.306053 0.730407 0.568489 0.262233 0.024734 
0.091044 0.128934 0.319574 0.427134 0.490822 0.466646 0.644880 0.547820 0.526387 0.396615 
0.458571 0.370326 0.322552 0.383313 0.426932 0.608438 0.623111 0.234194 0.231661 0.259329 
0.360689 0.135687 0.035971 0.072072 0.144469 0.228825 0.378146 0.367308 0.401851 0.416945 
0.655659 0.520097 0.542440 0.489414 0.341535 0.361226 0.186384 0.346931 0.598544 0.538550 
0.339670 0.542009 0.653897 0.559655 0.302019 -0.044942 -0.319189 -0.080887 0.087359 0.812955 
0.029398 0.044315 0.114028 0.201865 0.358078 0.247725 0.362775 0.402631 0.053373 0.121464 
-0.197435 -0.040613 0.281459 0.082935 0.706021 0.460491 0.418518 0.161871 0.098653 0.066937 
0.126890 0.833405 0.607668 0.478881 0.152383 0.315455 0.520077 0.426174 0.348941 0.050953 
-0.064385 -0.032416 0.127411 0.037493 -0.078321 0.010488 0.136020 0.094646 0.053679 0.160885 
0.267222 0.244451 0.151813 0.155899 0.252507 0.287686 0.270081 0.244242 0.264826 0.223603 
0.178062 0.101828 0.151122 0.135841 0.121304 0.187343 0.307763 0.302878 0.328086 0.362687 
0.476009 0.429862 0.531773 0.343157 0.208569 0.370099 0.805745 0.743678 0.386245 0.212894 
0.130140 0.262563 0.349274 0.532697 0.270971 0.112869 0.351700 0.860278 0.129347 0.049468 
0.256268 0.617476 0.702780 0.548206 0.365338 0.378988 0.532729 -0.025349 0.032219 0.601929 
0.173386 0.594590 0.275131 0.066494 0.020997 0.294802 0.317527 0.150849 0.061579 0.038038 
-0.028894 0.264199 0.336760 0.343540 0.103279 0.187605 0.604199 0.926398 1.189336 1.137612 
0.794760 0.333074 0.539933 0.489823 0.259371 0.350200 0.418171 0.363115 0.220038 0.242882 
0.288959 0.295453 0.205873 0.195909 0.231923 0.302803 0.371601 0.363166 0.396394 0.450861 
0.588222 0.560876 0.465881 0.289447 0.267223 0.233767 0.333331 0.428104 0.337628 0.229254 
0.336981 0.300753 0.176202 0.212322 0.328335 0.035835 -0.220588 -0.147428 0.415595 0.677166 
0.707349 0.780497 0.804499 0.601803 0.004112 0.655605 0.196376 -0.004511 -0.079045 0.514823 
0.163709 0.029790 -0.063071 0.461156 0.479897 0.330337 0.411665 0.944538 1.452813 0.685209 
0.357053 0.093233 -0.079427 0.156006 -0.094894 0.274073 -0.075323 0.009636 -0.088359 -0.189022 
0.470576 0.405953 0.324017 0.199251 0.022769 0.097593 0.310312 0.295987 0.326401 0.557941 
0.613531 0.303126 0.414414 0.570650 0.196427 0.019647 -0.052553 -0.050159 0.136086 0.320831 
0.296031 0.217692 0.213611 0.251560 0.296637 0.277088 0.305216 0.272930 0.264004 0.342069 
0.360233 0.224885 0.269981 0.207621 0.232794 0.274646 0.395317 0.458232 0.447717 0.500154 
0.574972 0.462434 0.367799 0.130712 -0.147645 -0.222986 0.256478 -0.042801 0.154614 0.565423 
0.218994 0.331692 0.266860 -0.175005 -0.107470 -0.046002 -0.179546 -0.132855 -0.002010 0.238011 
0.131567 0.048045 0.112562 0.359648 0.284711 0.171745 0.206096 -0.010038 0.302395 -0.012960 
0.012622 0.462732 0.140644 0.580958 0.797009 0.471931 0.354369 0.883837 0.482279 0.348479 
0.578310 -0.060387 0.334643 0.234977 0.142708 0.193392 0.299216 0.264660 0.160761 0.163400 
0.127452 0.209909 0.453948 0.541537 0.966256 1.356906 1.204538 0.668566 0.546085 0.508372 
0.362330 0.382378 0.296973 0.303705 0.225373 0.218875 0.131320 0.048912 0.022528 0.137758 
0.257674 0.319250 0.356346 0.404225 0.498026 0.457898 0.388912 0.274831 0.203008 0.186202 
0.330223 0.143491 0.733950 0.209888 0.365036 0.284638 0.386384 0.102229 0.226598 -0.072558 
0.120323 1.291140 0.436820 0.791785 0.636392 0.341094 0.421143 2.270110 -0.013950 0.741252 
0.234224 0.522775 0.186108 0.646526 0.239733 0.208759 0.361168 0.515207 0.867841 0.443480 
0.552062 0.175891 -0.067754 0.025378 -0.157814 0.311763 0.286518 0.495305 0.075757 -0.007425 
0.021713 -0.088319 0.418424 0.308170 0.289793 0.362061 0.214359 0.153982 0.250988 0.206209 
0.215813 0.186043 0.637952 0.535046 0.153914 -0.166967 0.013046 0.182885 0.293225 0.430716 
0.333884 0.231810 0.280348 0.278788 0.139047 0.057456 0.278125 0.528126 0.599771 0.409087 
0.136429 0.222198 0.257045 0.334027 0.349226 0.321987 0.386868 0.293963 0.190662 0.080704 
0.286889 0.136295 0.587971 1.153144 0.495444 0.052436 -0.000820 1.431959 0.701575 0.044100 
0.147240 -0.064400 -0.131916 0.049818 0.272157 -0.094952 0.156979 0.007222 -0.301489 0.709988 
0.239931 0.327384 0.247711 0.341184 0.390988 0.440291 0.085525 0.051413 0.250476 0.160089 
0.211162 0.271369 0.407407 0.252482 0.199881 1.183891 1.532185 0.609114 0.596291 0.136205 
0.157834 0.366005 0.522510 0.242446 0.148040 0.294532 0.124549 0.127016 0.411159 0.556716 
0.491568 0.469616 1.303988 1.091599 0.541348 0.102960 -0.147470 -0.175095 0.231455 0.293261 
0.148472 0.091345 0.316636 0.574353 0.737501 1.002766 0.813871 0.405131 0.137688 0.309420 
0.394338 0.319771 0.211810 0.324429 0.398008 0.414783 0.627566 1.134892 1.676806 1.607826 
0.946348 0.526401 0.484049 0.101681 0.135593 0.358172 0.557379 0.159448 -0.028313 0.707082 
0.405212 -0.165646 0.211202 0.248699 0.135609 0.144378 0.331050 0.358587 0.441654 1.081499 
0.209001 0.062411 0.421968 0.593778 0.452973 0.215171 0.309381 0.235339 0.276740 0.315782 
0.060953 0.078539 -0.008203 0.106282 -0.194302 0.218323 -0.001211 0.091650 0.453086 0.250099 
0.354818 -0.298638 0.276389 0.243917 0.230530 0.386854 0.331288 0.333296 0.482160 0.434228 
0.472500 0.503232 0.863440 1.143223 0.874785 1.467117 0.655445 0.070335 0.536680 0.481936 
0.419406 0.283996 0.256982 0.199265 0.228793 -0.182903 -0.061693 -0.125597 -0.070569 0.013255 
0.412965 0.277421 0.186777 0.335623 0.622741 0.904874 0.754048 0.342632 0.006825 0.150939 
0.431204 0.761155 0.062496 0.308621 0.062805 0.289230 0.399506 0.697699 0.542436 1.007886 
0.328599 0.045446 0.543285 0.089371 0.171527 0.237351 0.202455 0.243748 0.046442 0.770674 
0.265639 0.140698 0.432584 0.736013 0.758013 0.342190 0.561907 0.430984 0.240201 0.291218 
0.523356 0.265582 0.343501 -0.010005 -0.089176 -0.041829 0.494038 0.913363 0.803238 -0.128407 
0.072199 -0.204493 0.611741 0.531373 0.546371 0.620509 0.432541 0.435611 0.583663 0.535421 
0.403473 0.431121 0.565462 0.628910 -0.020565 0.198297 0.213859 -0.073032 0.120546 0.945722 
1.647722 0.802321 1.000973 0.599473 0.467793 0.371363 0.311269 -0.114005 0.229813 0.391709 
0.180759 0.665479 0.583344 0.558503 0.575464 0.563925 0.560848 0.039919 0.190134 0.089985 
0.345973 0.121189 0.121233 0.158896 -0.133541 0.253430 0.163794 -0.095931 0.020229 0.436951 
0.069624 0.169702 0.740327 0.212607 0.203825 0.332017 0.215533 0.175333 0.067037 0.191314 
0.333388 0.319421 0.637160 0.406483 0.458949 0.487528 0.440237 0.425663 0.285761 0.300307 
0.223399 0.179594 -0.057606 0.129744 0.157816 0.041806 0.044387 0.230228 0.472421 0.890513 
0.063625 0.051374 0.558668 0.348834 0.280280 0.140048 0.030534 0.114260 0.137527 0.093305 
0.197456 0.166965 0.583061 0.742802 -0.006820 -0.114486 0.266639 0.548475 -0.094740 0.498992 
0.324905 0.100330 1.201684 1.425860 0.412353 0.115843 0.125270 0.279715 -0.065978 0.115998 
-0.003705 -0.057893 0.340455 0.362814 0.528465 0.567437 0.465229 0.433006 0.090644 0.193515 
1.500307 0.476824 0.344091 0.032242 0.353721 0.412692 0.150448 -0.007269 0.073132 0.002696 
0.072997 0.303360 -0.195948 0.287985 0.393280 0.617059 0.357274 0.275639 0.400349 0.269799 
0.091760 0.127700 0.239222 0.214804 0.198047 0.135309 0.276082 0.314794 0.257627 0.190759 
0.089381 0.198916 -0.032151 0.158783 0.269476 0.071297 0.284419 0.178425 0.381208 0.037996 
-0.021295 0.140461 0.566686 0.251254 0.302154 0.576465 0.747872 0.476722 0.596343 0.242893 
0.335512 0.349264 0.640778 0.332625 -0.172744 -0.161521 0.105014 0.053904 -0.189097 0.257757 
0.152771 -0.183982 0.275385 0.290858 0.280790 0.286943 0.101467 0.089244 -0.124203 0.293794 
1.045147 0.099972 0.614727 0.311511 0.611639 0.452720 -0.064310 -0.032525 0.215113 0.127573 
-0.015936 -0.196717 -0.241735 0.023065 -0.020981 -0.215356 0.051184 0.232850 0.286705 0.320884 
0.706964 0.375774 -0.070450 0.410264 0.404617 0.302054 0.448893 0.650189 0.242533 0.708396 
0.087021 0.296036 0.136358 0.269286 0.270579 0.361789 0.369224 0.131446 0.351460 0.379784 
0.193530 0.076819 0.082979 0.432271 0.435199 0.160472 0.165019 -0.083940 0.654221 0.286820 
0.603680 0.839652 -0.034597 1.032877 0.667414 0.213239 0.026115 0.042409 0.885927 1.230229 
1.768462 1.144772 0.823511 0.267402 -0.045881 -0.274705 -0.076047 -0.089191 0.101182 -0.019365 
0.118657 0.004796 0.399389 0.061203 -0.105754 0.234250 0.228944 0.249790 0.128231 0.399029 
0.310994 -0.138767 0.494234 0.367888 0.587861 0.628072 0.109125 0.080938 -0.015265 0.150306 
0.200206 -0.108246 0.157027 0.048227 -0.014908 -0.137110 0.153732 0.105073 0.338244 0.101396 
0.103914 -0.121299 0.195333 0.328387 0.507793 0.379422 0.172424 0.417339 0.212298 0.252878 
-0.033671 0.006297 -0.034344 0.185971 0.367669 0.172625 0.463323 0.348954 0.449099 0.415242 
0.458337 0.175814 0.115834 0.230048 0.568950 0.514968 0.643599 0.420156 0.632493 0.200950 
0.445068 0.178521 -0.041689 -0.126058 0.018989 -0.358101 -0.400488 -0.323042 -0.281052 -0.113766 
-0.370456 0.212709 -0.129247 0.620143 -0.045074 0.312081 0.297289 0.232259 -0.071246 -0.151734 
-0.041244 0.401909 0.265886 -0.027812 0.166266 -0.016969 0.038895 -0.494051 0.216834 0.004171 
0.307673 0.091119 1.185771 0.761549 0.646985 0.267073 0.067927 0.172538 0.388494 0.327432 
-0.071246 -0.041327 -0.006060 -0.021196 0.460616 0.656013 0.266548 -0.047059 0.033949 -0.268852 
-0.353025 0.002998 0.286301 0.201609 0.783634 0.634775 0.538726 0.686218 0.257949 0.181644 
0.002873 0.081924 0.124165 -0.097132 -0.257948 0.048741 0.161836 0.208778 0.356851 0.274328 
0.367833 0.211336 0.084547 0.267427 0.390172 0.250565 0.205927 0.009458 0.320651 0.181948 
0.042161 0.263295 0.262417 0.263545 -0.171444 0.207224 0.205155 -0.008024 0.810192 2.253675 
1.633765 0.555988 0.236307 0.156380 0.076742 -0.073069 -0.180098 -0.189941 -0.040237 0.052659 
-0.077636 0.010998 -0.016430 -0.159925 0.181250 0.438987 0.542718 0.241100 1.004529 0.448260 
-0.119140 0.039838 0.570462 0.188869 0.377049 -0.149629 -0.060549 -0.109571 0.050689 0.094209 
0.063258 0.313390 0.185379 -0.064678 -0.360791 -0.208026 0.044518 0.138240 0.310237 0.186255 
-0.248061 0.041157 0.095747 0.197851 0.354919 0.233412 0.670509 1.168151 0.588140 0.406905 
0.029636 0.150176 0.479897 0.395319 0.130068 0.588640 0.088897 0.113539 0.074330 0.062654 
0.208722 0.148434 0.233167 0.214263 0.004674 0.121782 0.333685 0.248216 0.227534 0.374418 
0.254179 0.086380 0.228155 0.707256 0.129188 -0.089806 0.051590 0.287054 0.091901 -0.244456 
-0.209163 -0.023152 0.500941 0.158043 0.102395 0.146283 0.402627 1.077493 0.783819 0.165326 
-0.007530 -0.120939 -0.226831 -0.137055 0.105039 0.297286 -0.083387 0.340763 0.119729 -0.123482 
0.635707 0.564174 -0.020556 -0.066874 0.147414 -0.107538 -0.038585 -0.200970 0.075399 0.042230 
0.218415 0.070385 0.664115 0.837178 0.458589 -0.157468 -0.138291 0.045447 0.226013 0.151529 
0.456521 0.248037 0.011317 0.175043 0.216278 0.193542 0.401333 0.445669 0.287690 0.254722 
0.001888 0.170231 0.286941 0.166462 0.226891 0.472915 0.162143 0.179644 -0.037641 0.019259 
0.156840 0.197126 0.278079 0.161136 0.262628 0.241318 0.284551 0.323323 0.211300 0.173205 
0.051585 0.239067 0.297155 0.034562 -0.193983 -0.116734 -0.000210 0.243073 0.769799 0.157451 
0.378296 0.528013 0.057968 0.137443 0.323085 0.108025 0.737035 0.265855 0.292870 0.997680 
0.439448 0.448609 0.374309 0.218071 0.415416 -0.018293 0.157138 0.551454 0.539555 0.915588 
0.726726 -0.166008 -0.052470 0.146585 0.034716 0.102457 0.070324 -0.033268 -0.099894 -0.072061 
-0.114072 0.004742 0.109226 -0.037219 -0.158730 -0.012205 0.061059 0.072703 0.186860 0.214590 
0.308364 0.393071 0.099502 0.237943 0.325624 0.319734 0.422072 0.719812 0.432058 0.370270 
0.115731 0.467426 0.375267 0.449265 0.283723 0.316067 0.238875 0.240469 0.174499 0.252654 
0.138245 0.105725 0.176992 0.429598 0.396453 0.208436 0.033656 0.186410 0.206505 0.032273 
0.039631 0.199400 0.134960 0.037180 -0.053946 -0.068883 0.250835 0.103436 0.108820 0.048047 
-0.053545 0.112979 -0.115841 -0.003995 0.285422 0.353895 0.585188 0.430375 0.369867 0.151098 
-0.167851 -0.038095 -0.010824 -0.022152 0.160955 -0.066224 0.104607 -0.005612 0.210100 0.311217 
0.278824 0.611835 0.526691 0.371904 -0.108793 0.198246 -0.094834 -0.055487 0.134124 0.158016 
0.156287 0.125220 0.215782 -0.104004 0.041672 0.148393 0.088360 0.151518 0.268146 0.496762 
0.171087 0.067548 -0.145499 0.003084 0.061898 0.573199 0.876668 0.601850 0.053653 0.066380 
-0.183267 0.439632 -0.008970 0.328336 0.177057 0.335045 0.367579 0.522568 0.405729 0.379033 
0.295798 0.150101 0.337093 0.477408 0.318593 0.172174 0.096465 0.232138 0.070734 0.110324 
0.117616 -0.153365 -0.277821 -0.265839 -0.099493 0.075268 0.387803 0.343322 0.292231 0.054754 
-0.104610 -0.067938 0.433277 -0.076682 0.249725 0.249057 0.262098 0.509493 0.644833 0.384257 
1.076309 1.930284 0.657032 0.061014 -0.099272 0.141383 0.337147 0.126146 0.102166 0.755235 
0.069780 0.231168 0.515512 0.543052 -0.283996 0.296926 0.235056 -0.062859 -0.074460 -0.259451 
0.034692 0.316280 0.175549 0.384072 0.491004 0.387999 0.141928 0.016491 0.726421 0.030750 
0.043063 0.022768 0.192277 0.118353 0.228133 0.313814 1.052413 0.708313 0.157101 0.050562 
0.167118 0.111302 0.127095 0.087991 -0.190357 -0.161471 -0.034556 0.205356 0.387951 0.467797 
0.224393 0.149223 0.241964 0.382669 0.212128 -0.024651 -0.099387 0.011071 0.099885 0.181453 
0.619945 0.344632 0.778449 -0.040998 0.161693 0.442204 0.475462 0.349038 0.143421 0.403744 
0.167411 0.231007 -0.038959 -0.047906 0.393552 -0.034326 0.213220 0.229674 0.249465 0.246557 
0.285057 0.147662 0.306475 0.608845 0.467685 0.145991 0.216665 0.135752 0.269344 -0.090496 
-0.053603 0.182780 -0.221615 -0.235305 0.041699 0.434375 0.370425 0.543493 0.598404 0.329875 
0.388743 0.143565 -0.031676 0.087345 -0.114538 0.119785 0.005015 0.060597 0.076616 -0.113892 
0.126048 0.051982 -0.078010 0.115578 0.071576 0.082420 0.309724 0.583773 0.564881 -0.033447 
0.146130 0.010177 0.266988 0.171997 0.056354 -0.021941 -0.106708 -0.141022 0.145479 0.139797 
0.033438 0.376343 0.163078 0.278586 0.176552 0.085110 0.000826 0.111847 0.185252 0.225673 
0.079966 0.285483 0.818393 0.217891 0.235491 0.366313 0.282144 0.119386 0.104254 0.240207 
0.231622 0.228629 -0.087289 0.014156 0.074689 -0.002248 0.150801 0.071183 0.187414 0.290171 
0.194870 0.263575 0.368187 0.204178 -0.093596 -0.020054 0.215635 0.089683 0.107822 -0.069903 
-0.005511 0.070354 -0.196674 -0.181466 -0.229655 0.150502 0.405988 -0.365881 0.084679 0.111011 
0.273699 0.144760 -0.026018 0.225656 0.202187 0.268006 0.217825 0.125834 -0.112539 0.097255 
0.542883 0.400350 0.023324 0.041838 0.054686 0.165424 0.538661 0.761188 0.505065 0.275965 
0.153895 0.075220 -0.104931 0.230075 0.529837 0.971209 -0.156615 0.384180 0.297931 0.061972 
0.000078 0.325039 0.384890 0.313133 0.113664 -0.107885 -0.069452 0.191352 0.169570 0.086115 
0.574672 0.077309 0.331157 0.371026 0.543096 0.795329 0.480235 0.413994 0.175389 0.091743 
0.121205 0.117491 0.295069 0.342935 0.183024 -0.059969 -0.102275 0.190714 0.195002 0.178681 
0.053454 0.124007 0.045223 0.212099 0.102375 0.173243 0.516826 -0.110882 -0.087603 0.076454 
-0.017601 -0.044008 0.542846 1.147304 0.667778 0.423048 -0.116642 -0.282847 -0.087287 -0.016902 
-0.034085 -0.020283 -0.078814 0.484627 0.007195 -0.104701 -0.109403 -0.031514 0.149068 -0.185404 
-0.004424 0.100489 0.073931 0.580185 0.829163 0.556499 0.525289 0.062171 0.458614 0.669946 
0.018356 0.033254 0.227689 -0.040935 0.100582 0.688495 1.355563 0.011781 0.167389 0.103225 
0.138731 0.298746 0.587256 0.558023 0.417468 0.171215 0.146108 0.442640 0.599873 0.239866 
-0.012934 0.094465 0.192251 0.191720 0.309824 0.507774 0.166063 0.267981 0.135234 0.275099 
0.160211 0.095907 0.136711 0.233107 0.198353 0.421785 0.279171 0.322480 0.115302 0.054526 
0.011949 0.000990 -0.046584 0.115443 0.120831 0.155076 0.127989 0.427932 0.328698 0.372751 
0.264887 -0.074759 -0.068401 0.822578 0.151369 -0.086789 -0.056345 0.266646 -0.252209 -0.072230 
0.019990 0.188815 0.278645 0.621256 0.301681 -0.222526 -0.034136 0.414496 0.581308 0.111571 
0.594031 0.908009 0.412463 0.375856 0.186856 0.078037 0.435191 0.059601 0.081488 0.763341 
0.097677 0.475350 0.671097 0.482058 -0.258502 0.287187 0.711055 0.210873 0.031056 0.164436 
0.025768 0.009334 0.134666 0.251289 0.500637 0.469449 0.814054 0.606011 0.453585 0.582371 
0.091748 0.070771 0.393920 0.279854 0.137780 0.176018 0.013598 0.084146 0.150832 0.151074 
0.127520 -0.053730 -0.058720 0.037662 0.018621 -0.029134 0.092967 0.277373 0.131939 0.026677 
0.040404 -0.054719 -0.163285 -0.193204 -0.150691 -0.104386 -0.130740 -0.180544 0.053391 0.156557 
0.370349 1.105462 0.981167 1.066955 0.310083 0.009686 0.558342 0.763562 0.212419 0.669498 
0.403687 -0.004115 0.237899 0.734126 1.340119 0.848055 0.883109 1.116325 0.196789 0.446020 
-0.226176 -0.089583 -0.232656 -0.065289 0.523536 0.404339 0.999021 0.797924 -0.002757 0.027701 
-0.071078 0.700188 0.309905 -0.009640 0.090841 0.218328 0.144763 0.132853 -0.279415 0.283985 
0.076697 -0.021692 0.162294 0.439908 0.492639 1.136171 0.281645 0.237259 0.215755 0.208319 
0.072828 0.134925 -0.003206 0.224632 0.034556 -0.029292 0.007656 0.110522 -0.071221 0.211613 
0.302149 0.179570 0.047294 0.151968 0.130211 0.094991 0.027381 0.160035 0.197159 0.118315 
0.068367 0.064132 0.008359 -0.023258 0.053245 0.198833 0.460772 0.106177 0.182657 0.257412 
0.162737 0.396763 0.163457 0.710042 0.740526 0.192514 -0.021699 -0.285278 -0.005193 -0.101407 
0.115874 0.250248 -0.020190 0.038479 0.205952 0.410989 0.983012 0.379235 -0.037215 -0.131464 
-0.070362 0.485248 0.605404 0.649255 0.201166 0.104435 0.853334 0.745205 0.051235 0.412572 
0.066893 0.077071 0.498025 0.253016 0.368986 0.211453 -0.116247 -0.063732 -0.103657 0.752979 
0.400127 0.259083 0.394978 0.660073 0.929009 0.575417 0.186041 0.233922 0.474279 0.171805 
-0.017354 0.219440 0.119585 0.082127 0.044046 0.076946 0.833687 0.353415 -0.023566 0.086923 
0.081546 0.062961 0.006923 0.201443 0.025058 0.145757 0.201295 0.211704 0.018975 -0.026076 
0.070852 0.217633 0.262752 0.223204 0.192474 0.090331 0.148179 0.062314 0.074303 -0.073727 
-0.256419 -0.085009 0.016158 -0.123496 0.374563 -0.122167 -0.285985 -0.298549 0.326589 0.553581 
-0.078074 -0.124607 0.099702 0.083125 0.070440 0.078518 1.082841 1.227258 0.916502 1.035108 
0.613255 0.451078 0.432740 0.265524 0.163687 0.164384 0.256842 0.399072 0.604162 0.778240 
0.163071 0.044015 -0.065748 0.157507 0.138924 0.091323 -0.032143 -0.018171 -0.137362 0.160673 
-0.077464 0.222089 0.418390 0.332067 0.781010 1.065829 0.056309 0.114971 0.227555 0.145914 
0.177126 0.088603 -0.097736 -0.248066 0.023705 0.160115 0.087469 0.116400 0.389863 0.246217 
0.475764 0.475723 0.323214 0.425349 0.267716 0.219099 0.036512 -0.098600 -0.198273 0.331534 
0.285195 0.061838 0.009604 0.141744 0.003744 0.140087 1.215262 0.254615 0.583137 0.344820 
0.147862 0.179124 0.354297 -0.329185 0.027468 0.873997 0.435401 0.417560 0.734954 0.889801 
-0.041620 0.153560 0.322802 0.277050 0.357673 0.125940 0.052853 -0.049692 -0.045582 0.172531 
0.208445 0.113997 -0.017427 0.053673 0.092870 -0.020919 0.099072 0.011104 -0.160144 0.335002 
0.116490 0.163379 -0.171638 -0.165084 -0.160037 -0.212508 -0.194221 -0.238135 0.135899 -0.068281 
0.051775 0.098826 0.025617 -0.079646 0.017545 0.117909 0.072396 0.175988 0.105184 0.072971 
-0.076698 -0.014884 -0.032891 -0.069702 0.356018 0.329694 0.328977 0.173855 0.236402 0.189943 
0.191785 0.396964 0.234931 0.013713 0.078535 -0.027212 -0.287959 -0.341959 -0.085923 0.008838 
0.143049 0.023144 -0.087445 -0.191234 -0.010947 -0.028237 -0.112287 -0.118318 -0.040768 -0.016771 
0.104580 0.148040 0.034337 0.028844 -0.069163 -0.108276 -0.130853 -0.083889 0.029370 -0.072020 
-0.062326 0.040940 -0.023407 0.122451 0.136820 0.005052 -0.013674 0.060388 0.041302 -0.032639 
-0.088454 -0.096102 -0.160726 -0.161873 -0.229691 -0.214039 -0.036680 0.023158 -0.021483 -0.042602 
1.070130 1.822138 1.349796 1.320762 1.616396 1.815876 2.062917 1.744100 1.692578 1.281513 
1.947864 1.996219 1.906420 1.971331 1.582348 0.746967 1.039576 2.425939 1.789681 1.495621 
1.563955 1.523134 1.562298 1.539694 1.658474 1.497652 1.037901 1.323192 1.550594 1.396327 
1.932375 1.879349 1.300518 1.057318 0.873093 1.379754 0.961016 0.612998 1.205160 1.018960 
1.054977 1.652730 1.371390 1.083401 1.250039 1.314319 0.879650 0.966155 1.268731 1.247674 
1.028000 1.424429 1.502019 1.611248 1.180730 1.374466 1.282118 1.234924 1.358402 1.199368 
1.234431 1.301901 1.292098 1.389753 1.430990 1.368072 1.496849 1.387431 1.274374 1.285237 
1.098817 1.178568 1.066116 1.230387 1.130616 1.179094 1.257537 1.170625 1.154193 0.295418 
0.791148 0.619093 1.320329 1.681669 1.665603 1.732062 1.744102 1.486807 1.561365 1.664418 
1.766269 1.886477 1.719669 1.594303 1.744266 1.756183 1.604911 1.734244 1.864049 1.833047 
1.829113 1.880276 1.899670 1.840313 1.777050 1.912990 1.684392 1.848193 2.162434 1.872204 
1.605772 1.959968 1.928696 1.809005 1.736566 1.764048 1.895020 1.853341 1.942531 1.907187 
1.817578 1.832042 2.037220 2.184783 2.026192 1.877336 1.845459 1.837558 1.959673 1.998635 
2.001384 1.869353 1.986684 2.083945 1.990029 1.862350 1.938314 1.919702 1.764850 1.906267 
2.167002 1.878980 1.273196 1.694087 2.080826 2.037351 1.724851 1.833115 1.901968 1.922490 
1.873995 1.893155 1.880330 1.826244 1.853628 1.853138 1.753958 1.772344 1.615020 1.236096 
0.400429 0.189035 0.574198 0.713264 0.665640 0.827923 0.963552 0.614819 0.664007 0.778678 
0.793616 0.738511 0.719498 0.749112 0.841562 0.870791 0.673286 0.607965 0.729031 0.666736 
0.680687 0.707238 0.688884 0.727790 0.686712 0.841887 0.874175 0.845035 0.848871 0.792230 
0.804638 0.839853 0.732024 0.794290 0.701914 0.668635 0.665501 0.720952 0.774974 0.735650 
0.723890 0.708298 0.708394 0.692848 0.738309 0.696189 0.684143 0.721277 0.780568 0.764139 
0.686531 0.660795 0.705515 0.722820 0.776398 0.716402 0.737715 0.789133 0.716163 0.760515 
0.920097 0.874773 0.657948 0.686729 0.721220 0.613911 0.624908 0.691803 0.660141 0.725071 
0.722748 0.711818 0.719051 0.698545 0.698196 0.732664 0.635480 0.633250 0.629022 0.399939 
0.620043 0.493263 0.752177 0.901065 0.802713 0.711171 0.785546 0.809656 0.834577 0.828948 
0.784666 0.827268 0.777828 0.767628 0.731764 0.727288 0.793943 0.872763 0.962392 0.985474 
0.893247 0.850306 0.868260 0.846750 0.780798 0.748888 0.753653 0.806665 0.750694 0.813915 
0.807856 0.855204 0.761735 0.703781 0.698081 0.739221 0.825661 0.761630 0.864643 0.957604 
0.897952 0.932720 0.868946 0.849285 0.817714 0.801571 0.790949 0.759071 0.681925 0.675505 
0.680814 0.710148 0.768607 0.750081 0.794104 0.770718 0.748892 0.789321 0.778073 0.748078 
0.651422 0.609133 0.729761 0.758665 0.644041 0.629929 0.629808 0.674620 0.737382 0.713811 
0.777935 0.816824 0.820229 0.812525 0.745685 0.730179 0.678988 0.663418 0.595758 0.442753 
0.641333 0.505774 0.770433 0.894311 0.800157 0.728687 0.746754 0.719130 0.784287 0.762271 
0.731017 0.726176 0.648997 0.762244 0.714743 0.715586 0.773619 0.835322 0.920230 1.014763 
0.891498 0.853395 0.858199 0.898014 0.817828 0.846706 0.833038 0.842658 0.821044 0.871290 
0.829417 0.844204 0.889113 0.929124 0.845917 0.821052 0.806752 0.737215 0.823338 0.809463 
0.834742 0.809653 0.834786 0.792925 0.857570 0.801210 0.732736 0.698811 0.676593 0.740234 
0.716331 0.811375 0.767266 0.838013 0.861818 0.789958 0.797167 0.791482 0.687135 0.733146 
0.708781 0.671409 0.695594 0.753533 0.719748 0.630132 0.607577 0.706560 0.708929 0.648511 
0.766425 0.738088 0.721770 0.731191 0.757064 0.739230 0.681385 0.596819 0.511901 0.345317 
0.656472 0.453484 0.739911 0.865191 0.814014 0.851749 0.896276 0.938557 0.883012 0.829360 
0.763033 0.796549 0.694601 0.755688 0.814465 0.734177 0.763220 0.799940 0.768131 0.777616 
0.549513 0.532994 0.532490 0.542179 0.560144 0.577342 0.679604 0.654024 0.582493 0.559511 
0.498182 0.542819 0.403139 0.385872 0.367586 0.387591 0.610060 0.657364 0.666872 0.682256 
0.651580 0.684877 0.660352 0.598867 0.563662 0.619723 0.455751 0.495795 0.365995 0.370160 
0.378269 0.337120 0.558945 0.575751 0.582946 0.591464 0.488398 0.484699 0.478857 0.479394 
0.598623 0.597099 0.523657 0.493869 0.309454 0.329394 0.363912 0.390665 0.585306 0.648014 
0.557739 0.557195 0.611722 0.665501 0.687636 0.694673 0.664463 0.630409 0.561124 0.356588 
0.681798 0.463733 0.699061 0.820807 0.810629 0.831980 0.862433 0.994917 0.932883 0.892855 
0.859405 0.851807 0.858317 0.904240 1.060345 1.054055 0.932170 0.848319 0.829280 0.863551 
0.670069 0.808018 0.934479 0.861991 0.783592 0.903591 0.848214 0.881201 0.762147 0.743611 
0.654527 0.671583 0.752224 0.956559 1.070456 0.810429 0.923486 0.865774 0.769127 0.828385 
0.696728 0.919170 0.965748 0.951309 0.809017 0.792440 0.650601 0.780567 1.253036 1.032951 
1.439618 1.065209 0.971189 0.968418 0.775704 0.783402 0.851187 1.061393 1.173386 0.901529 
0.831019 0.855243 0.630995 0.879638 1.172015 0.903606 1.366218 0.740751 0.799623 0.873888 
0.691650 0.783750 0.816553 0.859200 0.762872 0.683198 0.705964 0.644359 0.593472 0.349204 
0.680123 0.518791 0.735042 0.866608 0.808810 0.815343 0.690684 0.784429 0.774684 0.730621 
0.739623 0.717240 0.782062 0.822840 0.849435 0.922772 0.925269 0.907464 0.884666 0.896113 
0.723025 0.799080 0.836531 0.861322 0.919853 1.252237 0.934519 0.977574 0.777962 0.755059 
0.678960 0.633410 0.846959 0.856022 0.906329 1.014303 0.880561 0.828683 0.771460 0.771582 
0.958376 1.059160 0.898963 0.755956 0.699253 0.650571 0.717870 0.843159 1.362873 1.574065 
1.726863 1.225819 1.039678 1.098551 0.898710 0.870314 0.950050 1.225536 1.270581 1.124951 
0.994124 0.974802 0.722248 0.961473 1.498765 1.331444 1.225147 0.866870 0.833846 0.961393 
0.753891 0.692646 0.955514 0.877067 0.835321 0.762472 0.715665 0.656172 0.531736 0.313789 
0.671148 0.498459 0.751047 0.857002 0.844166 0.858563 0.755444 0.895294 0.479452 0.546964 
0.613979 0.656718 0.804009 0.883521 0.807333 0.798035 0.843512 0.870949 0.870161 0.909656 
0.813875 1.052906 1.150949 1.320798 1.257438 1.226535 1.037648 1.033155 0.923037 0.967610 
0.776529 0.751346 1.010543 0.842359 0.717416 0.745513 0.792613 0.831682 0.733413 0.836893 
0.992483 0.981128 0.819516 0.814019 0.768503 0.927386 0.969153 0.820362 1.047926 1.279798 
1.562529 1.297799 1.175923 1.207590 0.868006 0.867839 0.816930 0.933823 1.022021 0.965482 
0.948735 0.929662 0.652066 0.832266 1.327800 1.472005 1.253961 0.836610 0.831976 0.922313 
0.685663 0.678656 0.798136 0.798286 0.770895 0.708756 0.675723 0.650370 0.521285 0.313570 
0.637898 0.450522 0.686431 0.796717 0.759152 0.769550 0.623942 0.894370 0.734060 0.671611 
1.013326 0.605810 0.610689 0.691307 0.692125 0.628413 0.634580 0.613924 0.660074 0.721318 
0.737907 0.810488 1.178275 1.170210 1.132195 1.145661 0.886049 0.873004 0.874090 0.845925 
0.652388 0.617660 0.854063 0.936995 0.916280 0.798420 0.708731 0.753245 0.857322 0.942313 
0.745130 0.786339 0.702820 0.841182 0.724624 0.967493 1.035787 1.154980 1.170594 1.089372 
1.247260 1.245017 1.243450 1.192223 0.979241 0.933598 0.872806 0.948130 1.011226 1.068822 
1.002197 0.980105 0.733598 0.783804 1.133372 1.248942 1.154770 0.958472 0.900908 0.867432 
0.807841 0.822194 0.853025 0.882705 0.756177 0.662406 0.688233 0.681328 0.492084 0.288503 
0.680672 0.494947 0.720589 0.836157 0.742353 0.780647 0.551445 0.709151 0.603153 0.809077 
0.925481 0.926244 1.186581 1.129297 1.042889 0.975716 0.983076 0.849248 0.897092 0.788477 
0.722003 0.849372 0.961254 0.910636 0.998495 0.975529 0.904917 0.956609 0.843934 0.906437 
0.754470 0.727157 0.999690 1.180450 1.285231 0.829939 0.768240 0.768864 0.882281 0.908151 
0.748133 0.811557 0.749256 0.762364 0.694090 0.811034 1.086692 0.832992 0.874815 0.892244 
1.007400 1.080749 0.948701 0.991501 0.851731 0.841661 0.857408 0.826881 0.861393 0.876438 
0.838060 0.827971 0.761823 0.852964 0.826627 0.854558 0.908133 0.761142 0.779620 0.806600 
0.781918 0.767239 0.808281 0.842485 0.752167 0.681633 0.661567 0.643792 0.441954 0.350946 
0.561389 0.458316 0.654536 0.808287 0.724122 0.735668 0.767163 1.013484 0.875933 0.776745 
0.777259 0.995931 0.830570 0.942870 0.911044 0.888020 0.897074 0.802230 0.787173 0.706228 
0.787856 0.866759 0.858805 0.905363 0.758697 0.883937 0.773557 0.946637 0.741636 0.800510 
0.779915 0.918012 1.372257 1.354092 1.214472 0.792425 0.866922 0.960562 0.781371 0.713365 
0.657056 0.664347 0.853939 0.790137 0.915817 0.983055 1.106961 1.144681 1.119294 1.103660 
0.961539 0.788402 0.766443 0.845040 0.823853 0.840092 0.821461 0.790283 0.886928 0.798570 
0.826713 0.845766 0.743714 0.789622 0.794766 0.959993 0.933056 0.707077 0.859846 0.922803 
0.874756 0.856860 0.856979 0.863683 0.764054 0.727992 0.639774 0.594652 0.447620 0.307504 
0.546494 0.365834 0.629118 0.731271 0.727828 0.740592 0.774576 0.927897 0.952432 0.981512 
0.950297 0.960058 0.742589 0.868739 0.823066 0.816231 0.849362 0.840969 0.864841 0.867286 
0.926604 0.902850 0.778824 0.874175 0.864260 0.942857 0.674277 1.159491 0.929742 1.040501 
0.841452 0.996560 1.095857 1.144492 1.356488 0.990584 0.956642 1.051631 0.787217 0.788821 
0.751848 0.729803 0.813586 0.773962 0.727547 0.826459 0.860979 0.867372 1.037640 1.045010 
0.955212 0.865646 0.853932 0.939770 0.789326 0.807029 0.785802 0.812882 0.908691 0.854058 
0.819012 0.803077 0.725459 0.711128 0.585064 0.745003 0.888512 0.693728 0.861548 0.880531 
0.871900 0.821129 0.801169 0.797156 0.684286 0.681483 0.697638 0.663587 0.540109 0.339558 
0.641532 0.466052 0.694682 0.772349 0.832123 0.859835 0.883570 0.950482 0.696548 0.718146 
0.560133 0.587849 0.755912 0.747226 0.825949 0.899864 0.907600 1.019172 0.942476 1.040182 
0.937304 0.898289 0.713200 0.694982 0.616697 0.695294 0.817257 0.901648 1.018133 1.137792 
0.997968 1.233537 1.117753 1.211045 1.149344 1.146049 1.181000 1.052850 0.768454 0.803793 
0.754177 0.719280 0.892410 0.932769 1.075357 1.073585 1.034157 1.121156 0.972653 0.930990 
0.900164 1.101053 0.890879 0.687012 0.666559 0.650733 0.741920 0.792419 0.804464 0.669790 
0.698900 0.720440 0.615183 0.598195 0.582208 0.753080 0.870197 0.613767 0.881316 0.935332 
0.834482 0.802171 0.819166 0.817992 0.856002 0.824362 0.688656 0.649919 0.537806 0.311725 
0.634825 0.506461 0.715741 0.765555 0.803466 0.803797 0.855694 0.812322 0.570863 0.657553 
0.573082 0.638119 0.809902 0.759818 0.855413 0.858846 0.788228 0.849112 0.784661 0.917126 
0.924459 0.865439 0.751561 0.747795 0.707611 0.571590 0.822092 0.810018 0.858294 0.844005 
0.945860 0.877787 0.895252 0.851235 0.870607 0.826349 0.803953 0.811268 0.686679 0.823404 
0.817437 0.692767 0.735333 0.766190 0.976837 0.971119 0.873371 0.936548 0.796950 0.804235 
0.746103 0.888201 0.885418 0.849733 0.999998 0.849105 0.850519 0.848372 0.834648 0.737856 
0.826217 0.839390 0.706701 0.762369 0.729856 0.738426 1.009095 0.757932 0.835889 0.930884 
0.823246 0.854444 0.854896 0.901928 0.866732 0.819289 0.639862 0.602524 0.539315 0.302799 
0.643453 0.484083 0.674546 0.744894 0.691141 0.662953 0.670141 0.646656 0.520095 0.633449 
0.661410 0.682040 0.859284 0.974191 0.917988 0.839471 0.856351 0.881223 0.800647 0.825031 
0.739586 0.744693 0.652323 0.940204 0.701173 0.583481 0.820279 0.810108 0.852758 0.845750 
0.782862 0.797522 0.670508 0.756092 0.743861 0.679885 0.699303 0.693288 0.761396 0.812458 
0.882495 0.766804 0.887220 0.864132 0.866408 0.822625 0.752298 0.756689 0.580722 0.590843 
0.673896 0.692883 0.756049 0.789500 0.882998 0.840423 0.979112 0.979947 0.952181 0.940560 
0.943437 0.893299 0.731572 0.854448 0.653713 0.607792 0.731227 0.550408 0.760605 0.871757 
0.833388 0.850560 0.879165 0.903882 0.660468 0.628449 0.567199 0.569093 0.571904 0.344316 
0.666469 0.439679 0.679612 0.659635 0.600203 0.673758 0.620399 0.752426 0.769798 1.008156 
1.037100 0.733247 0.816879 0.887810 0.789797 0.758099 0.834258 0.848360 0.790336 0.847683 
0.629223 0.823858 0.924889 0.898354 0.797374 0.720533 0.804740 0.906889 0.855226 0.873124 
0.816925 0.804922 0.683260 0.728642 0.720909 0.784558 0.860639 0.753316 0.740246 0.825993 
0.616394 0.753400 0.967712 1.106445 0.911383 0.832653 0.744003 0.802996 0.673697 0.751111 
0.748934 0.797956 0.618380 0.679509 0.695467 0.790795 0.897049 0.909793 0.851866 0.844790 
0.854735 0.813048 0.686334 0.796488 0.651360 0.797668 0.999827 0.856782 0.896374 0.898018 
0.839776 0.849980 0.886591 0.915464 0.726281 0.733249 0.670235 0.620507 0.545358 0.344562 
0.693446 0.481040 0.613827 0.664402 0.581939 0.722234 0.763081 0.668945 0.686309 0.955414 
1.137087 1.021674 0.963343 0.906878 0.849006 0.825752 0.750904 0.721361 0.781111 0.795292 
0.789482 0.920813 0.985263 0.762245 0.911181 0.914489 0.961658 0.919304 0.796767 0.802253 
0.753965 0.738459 0.650200 0.688135 0.716627 0.755123 0.891673 0.852107 0.844667 0.888362 
0.875199 0.958866 1.000123 1.048848 0.404916 0.405734 0.470473 0.500881 0.198486 0.382083 
0.242267 0.287329 0.377277 0.395176 0.578598 0.585062 0.768258 0.805444 0.890819 0.891332 
0.826467 0.793044 0.686256 0.775901 0.522247 0.943904 1.081967 0.715012 0.691247 0.793434 
0.793257 0.794193 0.760962 0.773479 0.611399 0.633485 0.658380 0.685026 0.556443 0.341250 
0.701630 0.475702 0.546880 0.685897 0.654191 0.691787 0.926606 0.694273 0.776103 0.867036 
0.908427 0.915368 0.869140 0.805163 0.775105 0.842973 0.791254 0.716637 0.739609 0.746834 
0.734040 0.681236 0.737228 0.663054 0.759147 0.750282 0.751435 0.793653 0.823487 0.745913 
0.677925 0.709924 0.679246 0.631455 0.819667 0.644382 0.804673 0.837967 0.839409 0.863099 
0.875041 0.914169 0.768414 0.766669 0.454849 0.835027 0.979759 0.822901 0.754944 1.383948 
1.639590 1.346488 0.984230 0.854266 1.245661 0.951869 0.822218 0.913603 0.970001 0.926730 
0.830382 0.846347 0.652049 0.722116 0.693604 1.543707 2.089356 1.052225 0.808651 1.045014 
0.799692 0.796147 0.849985 0.854249 0.705827 0.599087 0.629282 0.602794 0.544209 0.332916 
0.646785 0.423530 0.625564 0.679081 0.832639 0.856418 0.899126 0.925806 0.899176 0.843219 
0.749804 0.824446 0.833041 0.756777 0.858607 0.824768 0.878369 0.856054 0.727221 0.641713 
0.651905 0.594576 0.645595 0.874604 0.706392 0.637591 0.702929 0.726096 0.807196 0.838795 
0.810988 0.756197 0.647387 0.687119 0.674124 0.729435 0.900798 0.845266 0.784524 0.852873 
0.801877 0.785241 0.751737 0.753319 0.512971 1.106801 0.779025 0.747626 1.397367 1.930543 
2.253701 1.864116 1.326791 1.450716 1.642192 0.861331 0.951720 1.153185 1.015167 0.966184 
0.915816 0.924203 0.718071 0.775161 0.962211 2.099492 2.338798 0.961634 0.854830 1.042840 
0.806794 0.809108 0.787449 0.862122 0.797027 0.747897 0.725868 0.651750 0.519354 0.320842 
0.668970 0.457299 0.599759 0.674757 0.771220 0.739897 0.805300 0.953046 0.879797 0.783229 
0.736483 0.799997 0.784400 0.845498 0.848582 0.825589 0.747395 0.800333 0.737337 0.702457 
0.601592 0.701676 0.614564 0.654646 0.652432 0.687286 0.745851 0.764077 0.782224 0.796019 
0.775423 0.756336 0.708064 0.686276 0.589962 0.555389 0.690447 0.735581 0.771061 0.785387 
0.855977 0.801772 0.782077 0.792640 0.503061 0.855785 0.846142 1.281048 1.639783 1.789171 
1.762676 1.540213 1.109018 1.175452 1.342746 0.806738 1.134606 1.210392 0.929641 0.916773 
0.856477 0.840789 0.694621 0.792500 0.939176 1.730764 2.048151 0.841312 0.785277 0.931449 
0.768444 0.777841 0.822519 0.809322 0.733381 0.644691 0.702416 0.666283 0.540179 0.343178 
0.665306 0.515312 0.773339 0.917765 0.964318 1.022283 0.937920 1.016329 0.503117 0.508925 
0.554287 0.560055 0.828094 0.941188 0.988445 0.897847 0.778893 0.854382 0.659450 0.616314 
0.601013 0.641379 0.795110 0.811410 0.884757 0.826676 0.928381 0.922550 0.928105 0.915654 
0.859992 0.894242 0.849605 0.793838 0.636874 0.756619 0.569930 0.495902 0.590476 0.602003 
0.783711 0.845567 0.805910 0.864984 0.687848 0.885367 0.998851 1.210677 1.293602 1.460324 
1.438784 1.434971 1.360933 1.273776 1.211726 1.193981 1.293019 1.170461 1.028938 0.995514 
0.974984 0.932135 0.778933 0.929100 0.890118 1.306971 1.982235 1.024007 0.831687 1.018346 
0.851718 0.891994 0.931622 1.024198 0.866623 0.813381 0.676723 0.641290 0.472060 0.299606 
0.641482 0.482953 0.774638 0.881984 0.972491 0.935414 0.934044 0.890955 0.530392 0.799497 
1.146051 0.873940 0.988194 0.986125 0.967148 0.912021 0.829597 0.880680 0.694229 0.672666 
0.751971 0.621121 0.802376 0.776682 0.800530 0.810508 0.790693 0.818969 0.887980 0.880990 
0.877922 0.947703 0.826144 0.798604 0.644001 0.768651 0.592190 0.490021 0.615242 0.593937 
0.751387 0.789698 0.785660 0.853809 0.716290 0.810388 0.743818 0.754524 0.893384 0.875431 
0.887089 0.875297 0.922139 0.929285 0.954166 0.952247 0.994823 1.000157 0.959513 0.949577 
0.965805 0.925555 0.810801 0.860420 0.695637 1.133134 1.501268 0.805196 0.818731 0.972777 
0.861411 0.877133 0.900877 0.956631 0.826418 0.793452 0.666546 0.640666 0.446433 0.388856 
0.677474 0.452315 0.811772 0.852959 0.938155 0.960951 0.829089 0.834050 0.397823 0.532424 
0.758794 0.676468 0.885271 0.902816 0.791302 0.804637 0.783556 0.861584 0.777596 0.737659 
0.876843 0.893066 0.818527 0.805553 0.843298 0.790159 0.878353 0.932661 0.821349 0.828565 
0.866792 0.890263 1.043162 0.942897 0.934124 0.967399 0.528754 0.648990 0.594235 0.584059 
0.730155 0.712899 0.749394 0.804454 0.594085 0.665494 0.786633 0.840371 0.920787 0.891868 
0.919504 0.851156 0.761091 0.772251 0.731073 0.723034 0.744783 0.766044 0.869504 0.876493 
0.809749 0.832732 0.744195 0.786372 0.609848 1.198316 1.391475 0.811943 0.879321 1.000696 
0.878669 0.857748 0.822237 0.864141 0.813842 0.776991 0.644783 0.621864 0.518650 0.338550 
0.737203 0.543386 0.810364 0.961747 0.941777 0.900446 0.912563 0.891315 0.593794 0.966621 
1.274473 1.074238 1.083311 0.971684 0.870166 0.811959 0.837900 0.833219 0.819943 0.736487 
0.830971 0.809999 0.841188 0.862285 0.818686 0.790794 0.859532 0.915296 0.971383 0.998415 
0.802682 0.854756 1.065138 0.981770 0.940473 0.896438 0.516635 0.643509 0.519765 0.571586 
0.755877 0.739134 0.738360 0.809111 0.667667 0.661345 0.782299 0.806041 0.836637 0.783491 
0.798949 0.849147 0.841194 0.816324 0.832053 0.978769 0.930549 0.863889 0.941158 0.930306 
0.869704 0.871745 0.775163 0.783088 0.530751 0.877076 1.185741 0.684955 0.908324 1.019823 
0.890963 0.885016 0.870455 0.882723 0.814115 0.754540 0.649392 0.647323 0.588539 0.336375 
0.640559 0.579697 0.798329 1.036712 0.970242 0.870251 0.766056 0.788011 0.451225 1.071497 
1.258596 0.907136 0.723242 0.667270 0.634340 0.672127 0.751350 0.807137 0.813631 0.805842 
0.918279 0.890253 1.030845 1.028142 0.859429 0.831555 0.816459 0.797313 0.765402 1.038257 
0.949663 0.576952 0.645770 0.665126 0.811959 0.802929 0.841895 0.812221 0.812904 0.819831 
0.706012 0.798663 0.783089 0.787619 0.959594 1.001483 0.956612 1.040985 0.927423 0.817793 
0.716839 0.668265 0.587744 0.602607 0.604094 0.662191 0.778342 0.725782 0.605998 0.612761 
0.522961 0.566545 0.557119 0.634246 0.744090 0.887165 1.111936 1.121292 1.042660 0.966214 
0.786189 0.785068 0.825226 0.874844 0.802496 0.738911 0.690205 0.617376 0.513713 0.349602 
0.644787 0.515064 0.784090 0.884331 0.926346 0.884576 0.787585 0.805431 0.593786 1.932805 
2.061757 1.583015 0.988126 0.853574 0.883013 0.787014 0.864807 0.866282 0.901811 0.796315 
0.902810 0.907120 1.031569 0.962330 0.857188 0.935058 0.809958 0.709993 0.469292 0.157547 
0.625242 0.531989 0.637184 0.898106 0.867821 0.832221 0.849561 0.821593 0.804560 0.913786 
0.745757 0.689567 0.779004 0.808930 0.862917 0.887497 0.906661 0.852742 0.735572 0.959988 
0.862332 0.839234 0.653842 0.827624 0.998437 1.170396 0.875840 0.830667 0.826329 0.819827 
0.773486 0.674982 0.819819 0.773746 0.831911 0.839706 0.897720 0.902681 0.880075 0.862887 
0.822834 0.827348 0.832468 0.839473 0.815776 0.749501 0.644753 0.686089 0.633578 0.330372 
0.586207 0.521837 0.798817 0.909446 0.921734 0.834121 0.779958 0.871807 0.685348 1.660398 
1.828595 2.056328 1.292059 1.200378 1.102379 1.028969 0.983760 0.991794 0.872595 0.810794 
0.837522 0.904246 0.935707 0.914202 0.841633 0.838899 0.728528 0.515964 0.287419 0.345540 
0.925334 0.977691 0.427647 0.384792 0.585597 0.673777 0.807097 0.823831 0.862372 0.851906 
0.851882 0.812152 0.782331 0.858991 0.876629 0.885101 0.864094 0.804281 0.767507 0.730491 
0.830861 0.878942 0.722561 0.999389 1.229133 1.138534 1.108335 1.161377 1.010117 0.931579 
0.849945 0.921458 0.883503 0.760994 0.672198 0.630087 0.743045 0.746579 0.817194 0.823095 
0.876550 0.852015 0.931815 0.939678 0.814563 0.791230 0.639463 0.636788 0.581606 0.314202 
0.646809 0.542830 0.782022 0.921745 0.938127 0.879378 0.796052 0.885213 0.602508 1.215061 
1.563046 1.345778 1.181120 1.154077 0.963347 0.977114 0.997559 0.993694 0.892735 0.794852 
0.882502 0.846040 0.991308 0.945538 0.880483 0.845000 0.766811 0.555000 0.887473 0.580504 
1.678611 1.537447 0.694191 0.139245 0.722555 0.643574 0.881267 0.909110 0.816634 0.841456 
0.817914 0.789405 0.775986 0.808858 0.858104 0.885561 0.911474 0.861721 0.758240 0.789954 
0.668585 0.777956 0.707386 0.766842 0.921483 0.972043 1.115214 1.114296 0.848696 0.846513 
0.733654 0.821621 0.747755 0.765900 0.917133 0.758196 0.856499 0.809465 0.837967 0.826784 
0.871075 0.868275 0.896796 0.912297 0.812456 0.766822 0.667622 0.627135 0.509627 0.316327 
0.652512 0.515568 0.897413 0.962408 0.963679 0.933110 0.826413 0.937239 0.735290 1.339110 
1.491350 1.178137 1.035987 0.965085 0.892730 0.850654 1.000600 1.075158 0.974796 0.849190 
0.850150 0.853444 0.967395 0.997328 0.976456 0.928101 0.841647 0.725852 1.204077 1.299748 
1.405336 1.448255 0.576751 0.267492 0.808199 0.901874 1.021599 0.983080 0.879223 0.896569 
0.776670 0.752510 0.812791 0.803241 0.881038 0.861659 0.829944 0.986622 0.601569 0.514640 
0.449331 0.540157 0.573333 0.650045 1.023754 0.972606 1.094524 1.063301 0.927649 0.953539 
0.877580 0.885155 0.787928 0.913609 0.767107 0.645246 0.540709 0.470920 0.691895 0.792479 
0.945645 0.976221 0.989126 0.971962 0.850662 0.792593 0.642769 0.591085 0.463289 0.361268 
0.603040 0.394789 0.871568 0.827638 0.934750 0.951826 0.829649 0.864711 0.580927 1.208758 
1.293476 1.316512 1.272274 1.455320 1.312517 0.934549 0.949226 1.016145 0.912049 0.838934 
0.912252 0.857248 0.983960 0.971599 1.002536 1.007600 0.821718 0.930162 0.685316 0.424084 
0.817257 2.213216 1.076300 0.403336 0.817297 0.913108 0.948198 0.952508 0.883857 0.952393 
0.828423 0.894221 0.796540 0.928462 0.927044 0.933827 0.851334 0.819857 0.718367 0.897239 
0.871283 0.985558 1.145355 0.978054 1.270582 1.023366 1.125742 1.078657 0.921990 0.926787 
0.868913 0.860763 0.683528 0.781939 0.709153 0.853395 0.853638 0.694857 0.821843 0.817145 
0.959757 0.938949 0.990887 0.988410 0.851296 0.783991 0.662681 0.621920 0.524999 0.343195 
0.702228 0.598152 0.908970 0.995426 0.964107 0.953177 0.841093 0.882705 0.696951 1.223749 
1.260155 1.050195 1.060186 1.068880 1.106068 1.030502 0.822790 0.830169 0.820030 0.788287 
0.938692 0.960180 0.851558 0.880423 0.903435 0.936579 1.002497 1.010480 1.039372 1.216515 
0.986161 0.822707 0.581966 0.938820 1.027285 1.036346 0.907360 0.878142 0.781386 0.859112 
0.734401 0.808842 0.827236 0.871267 0.854171 0.897737 0.865565 0.884372 0.739423 0.970610 
1.076131 1.179209 1.151379 1.151426 1.268873 1.144152 1.074283 0.963298 0.931585 0.889465 
0.868735 0.867434 0.738608 0.760985 0.721165 0.803912 0.809448 0.593974 0.756062 0.793520 
0.869487 0.845909 0.930196 0.951422 0.797412 0.716902 0.551295 0.556165 0.473528 0.340635 
0.704330 0.618037 0.866732 0.960060 0.999697 0.940408 0.916952 1.005278 0.680359 1.083129 
1.362292 1.077397 1.216001 1.221069 1.089497 1.026632 0.879520 0.927105 0.843548 0.888150 
0.920861 0.881083 0.905505 0.904928 0.866067 0.937936 0.995372 0.948554 1.120010 1.040500 
0.769195 0.708208 1.007857 0.923744 1.081447 1.024600 0.903429 0.916562 0.806272 0.783347 
0.723412 0.705076 0.783913 0.763769 0.833348 0.847616 0.819033 0.866652 0.696219 0.937989 
0.886984 0.898486 1.044900 1.077547 1.063239 1.009004 1.026352 0.996606 0.961459 0.907571 
0.847946 0.869904 0.721699 0.745489 0.700339 0.923204 1.169678 0.785334 0.800022 0.860045 
0.873216 0.897154 0.931321 0.914422 0.780205 0.735012 0.496935 0.577929 0.650907 0.421184 
0.696185 0.540017 0.796057 0.935017 0.889144 0.846455 0.749738 0.878133 0.649900 1.214733 
1.485098 1.352343 0.971975 0.638345 0.500253 0.508860 0.421826 0.419274 0.435921 0.411795 
0.789011 0.953073 0.973244 0.948952 0.777063 0.782754 0.822081 0.847699 1.070889 0.983712 
1.011668 0.915718 0.972349 1.053508 0.942282 0.840591 0.478799 0.498847 0.590606 0.626290 
0.737809 0.736205 0.850333 0.915043 0.869789 0.838151 0.816873 0.913823 0.800290 0.843600 
0.906131 1.057091 1.096102 0.943861 0.921686 0.933137 1.029422 0.864179 0.828353 0.860270 
0.806399 0.782844 0.600213 0.674675 0.829096 1.195303 1.209180 0.695069 0.776674 0.694201 
0.702603 0.722235 0.829975 0.856658 0.694428 0.674500 0.606032 0.597433 0.666657 0.381656 
0.703801 0.508803 0.783265 0.826758 0.837646 0.869171 0.841633 1.069678 0.834411 1.185405 
0.854190 1.289071 1.313447 1.147824 1.522621 1.265995 1.026055 0.862836 1.066128 0.479211 
0.871749 0.982867 0.899442 0.934192 0.859490 0.844795 0.847762 0.842741 0.989766 0.930611 
0.979995 0.914481 0.942111 0.935510 0.822171 0.794221 0.922332 0.776681 0.677271 0.730518 
0.817858 0.815295 0.822012 0.919299 0.931880 0.861130 0.842360 0.847393 0.753715 0.813419 
0.953684 0.938871 0.806968 0.912398 0.966127 0.937842 0.902917 0.917982 0.867289 0.897804 
0.820937 0.799770 0.631413 0.722185 1.050696 1.294188 1.504166 0.979360 0.752721 0.880824 
0.799880 0.820439 0.886919 0.907022 0.731536 0.726246 0.578740 0.535324 0.520847 0.279390 
0.662877 0.517996 0.824724 0.890256 0.916346 0.894472 0.910128 1.070138 0.925809 1.578913 
1.384586 1.565326 1.298906 1.182281 1.295477 1.239936 0.933987 0.800040 0.783784 0.564587 
0.960274 0.886340 0.923761 0.928215 0.815468 0.907645 0.753053 0.743007 0.653847 0.701330 
0.770884 0.698744 0.796156 0.816346 0.707805 0.700045 0.447487 0.639050 0.712805 0.665776 
0.731556 0.766936 0.794229 0.853244 0.925880 0.877784 0.835676 0.907420 0.840545 0.976380 
0.959639 0.933518 0.883600 0.863670 0.945305 0.862548 0.881944 0.917149 0.934029 0.889108 
0.860862 0.839863 0.730623 0.825985 1.179622 1.654385 1.726728 0.925125 0.843328 0.944921 
0.836574 0.807598 0.895985 0.910980 0.734623 0.693676 0.654997 0.620676 0.468594 0.307870 
0.639894 0.531284 0.853451 0.899000 0.914301 0.852150 0.790482 0.947242 0.742469 1.295400 
1.243432 1.304455 1.115396 1.278876 1.289234 1.356088 1.678307 1.141605 0.908502 0.684340 
0.814467 0.878211 0.910790 0.926050 0.819260 0.906203 0.795770 0.785455 0.756798 0.702506 
0.760832 0.793504 0.806254 0.760574 0.747106 0.671249 0.472590 0.506756 0.571868 0.676158 
0.782408 0.762216 0.793005 0.880156 0.897459 0.866999 0.877801 0.880220 0.861952 0.895514 
0.796222 0.899471 0.965371 0.856372 0.880008 0.930457 1.036477 1.069372 0.999576 0.913656 
0.865386 0.813634 0.693314 0.784530 0.998575 1.211689 1.497954 0.774718 0.816690 0.950502 
0.807897 0.778443 0.830204 0.954177 0.703688 0.682595 0.630018 0.590038 0.490667 0.329707 
0.641780 0.489042 0.831773 0.863969 0.897679 0.917852 0.905434 1.046954 1.024853 1.351126 
1.331472 1.423351 1.139440 1.189489 1.080625 1.157648 1.480104 1.038143 0.927778 0.446418 
0.803060 0.898851 0.989116 0.997093 1.007859 0.966902 0.907619 0.854905 0.808181 0.796236 
0.813559 0.828660 0.854988 0.832975 0.785036 0.738848 0.671193 0.728560 0.725395 0.743629 
0.818316 0.908538 0.963345 0.944894 0.981410 0.944428 0.894436 0.921324 0.752383 0.839808 
0.853062 0.853314 0.723713 0.741769 0.752438 0.777114 0.840211 0.816068 0.810473 0.764078 
0.816185 0.858075 0.784285 0.860121 0.884822 1.006335 1.274317 1.011248 1.048673 1.004480 
0.917404 0.935824 0.984652 0.936327 0.764511 0.727509 0.625782 0.614651 0.479692 0.294863 
0.666231 0.472206 0.778177 0.859200 0.883162 0.906837 1.019858 1.053102 1.035963 1.030059 
1.025454 1.129339 1.026696 1.022227 0.759747 0.714034 0.852002 1.195220 1.243403 0.589269 
0.847586 1.040246 1.017461 1.053637 1.035498 0.997046 0.909134 0.888716 0.704948 0.769406 
0.813562 0.821268 0.829457 0.812481 0.724927 0.804258 0.782183 0.788323 0.739061 0.719296 
0.791928 0.840184 0.896528 0.890226 0.958464 0.920282 0.889182 0.899592 0.781681 0.841706 
0.835041 0.835064 0.748056 0.846968 0.947241 1.020857 1.077020 1.099604 1.023907 0.970909 
0.944827 0.896355 0.798278 0.767403 0.736403 0.792928 0.856510 0.832117 0.929829 0.917251 
0.894849 0.927029 0.920025 0.913340 0.760995 0.707790 0.614566 0.548658 0.512626 0.431777 
0.670248 0.519574 0.854674 0.955774 0.931547 0.933514 0.919132 0.931405 0.836938 0.874282 
0.790357 1.003498 0.763343 0.731686 0.565615 0.805910 1.637405 1.532176 1.489922 0.475643 
0.815548 1.009153 1.018771 0.993319 0.898445 0.904445 0.787000 0.849918 0.721592 0.710919 
0.736089 0.691085 0.719553 0.692683 0.533220 0.626265 0.655784 0.673350 0.771896 0.747623 
0.863494 0.884257 0.912199 0.895287 0.897973 0.885529 0.835323 0.839946 0.674548 0.718605 
0.828630 0.885005 0.836067 0.908111 1.073861 1.017141 1.021438 0.993595 0.962401 0.911635 
0.867221 0.813227 0.802487 0.777727 0.719734 0.735456 0.743985 0.712425 0.906608 0.887178 
0.922838 0.910051 0.829323 0.845131 0.682915 0.669031 0.622888 0.566266 0.541059 0.411469 
0.704499 0.557159 0.876843 0.946011 0.930916 0.885138 0.903538 0.935075 0.772509 0.826617 
0.790687 0.824369 0.580049 0.713133 0.646416 1.088049 1.748823 2.060946 2.159468 0.960649 
1.082720 1.323139 1.082383 1.158959 1.028742 1.033019 0.877125 0.828667 0.778344 0.762215 
0.718336 0.707215 0.733155 0.710150 0.740103 0.807144 0.696113 0.701931 0.846453 0.862867 
0.922897 0.934204 0.943127 0.920837 0.926517 0.907712 0.846279 0.919338 0.835441 0.946870 
1.029972 0.932643 0.859191 0.927742 0.911111 0.982673 1.062544 1.086240 1.031558 0.969122 
0.912410 0.856022 0.862391 0.899199 0.788899 0.913903 0.899992 0.805666 0.878916 0.914427 
0.910808 0.851608 0.766895 0.821882 0.731721 0.687633 0.613236 0.597168 0.562891 0.399577 
0.754934 0.574272 1.010024 1.030775 0.997707 0.946655 0.980319 1.037424 0.895360 0.905565 
0.856642 0.852072 0.848360 0.976345 0.956984 1.052737 1.169773 1.530385 1.388778 1.732644 
1.258880 0.859203 0.656900 0.664460 0.583078 0.555689 0.529318 0.504112 0.373833 0.384349 
0.413951 0.397482 0.474924 0.464061 0.546170 0.483266 0.810752 0.746416 0.771865 0.875570 
0.814658 0.831951 0.879726 0.890833 0.768758 0.718340 0.682416 0.704204 0.560200 0.623406 
0.731556 0.792858 0.772818 0.842999 0.817088 0.877004 0.767962 0.913474 0.862813 0.823131 
0.907270 0.884126 0.792854 0.768114 0.572697 0.654859 0.886398 0.678162 0.767516 0.792069 
0.747345 0.808675 0.912560 0.980662 0.855730 0.748385 0.775636 0.733031 0.558234 0.386174 
0.710752 0.525389 0.967060 0.966031 0.962237 0.936660 0.989567 0.970593 0.933882 0.837144 
0.807640 1.007990 1.016911 1.082202 1.246157 1.109549 0.968867 1.012081 1.086466 1.156295 
0.877619 0.908119 0.926022 0.952054 1.010838 1.024529 0.736837 0.854864 1.244932 1.102351 
1.273488 1.202527 1.057963 1.047867 1.367631 1.076350 1.084699 1.034999 0.905591 0.924995 
1.010502 0.965713 0.950572 0.905043 0.835638 0.836766 0.775504 0.849593 0.767847 0.900619 
1.082040 1.077663 0.969992 0.923730 0.790521 0.880667 0.978742 1.038585 1.009435 0.921808 
0.931222 0.900210 0.832823 0.841695 0.797581 0.892482 1.059030 0.869445 0.899045 0.848220 
0.800397 0.761463 0.892754 0.893214 0.845392 0.790370 0.842798 0.770470 0.729139 0.567058 
0.826265 0.601424 0.966120 0.982214 1.021323 0.928069 0.924873 0.889329 0.805194 0.876073 
0.710427 0.675119 0.513001 0.331407 0.379011 0.535763 0.914290 0.974993 0.988119 1.068408 
0.853742 1.033882 1.057944 0.994982 0.914617 0.876937 0.852629 1.053663 1.310948 1.297716 
1.402437 1.369473 1.206350 1.258401 1.205960 0.987615 1.007968 0.872283 0.784936 0.789047 
0.861665 0.908049 0.873824 0.819386 0.791154 0.790320 0.789397 0.879890 0.835421 0.952117 
0.979347 0.929851 0.785731 0.756352 0.826434 0.941737 1.008794 1.062855 1.159841 1.035398 
1.000773 0.921981 0.622951 0.623520 0.511834 0.689337 0.829098 0.780431 0.773487 0.821973 
0.825101 0.892104 0.918040 0.966242 0.917706 0.932907 0.850005 0.802332 0.659447 0.472819 
0.742417 0.464776 0.760991 0.921276 0.904627 0.901249 1.006879 0.957850 0.705206 0.629004 
0.485598 0.752198 0.657558 0.624391 0.389295 0.594587 0.898546 1.098761 0.954292 1.028895 
0.734116 0.809747 0.876824 0.911912 1.236791 1.132374 1.134024 1.192157 0.980288 1.212567 
1.197167 1.213180 1.248439 1.098163 0.934903 1.033021 1.054292 0.975876 0.909820 0.946342 
0.961955 0.987401 0.981916 0.971281 0.899867 0.879330 0.869248 0.899640 0.829746 0.939562 
1.020733 0.903317 0.922195 0.907855 0.892243 0.914783 0.761413 0.744440 0.906577 0.889634 
0.957726 0.922496 0.727773 0.883647 1.288101 1.222501 1.008726 1.003108 0.884129 0.859427 
0.861858 0.874490 1.007614 1.000281 0.898343 0.879229 0.795816 0.759340 0.716384 0.466707 
0.424954 0.402715 0.266557 0.574670 0.667689 0.727103 0.585652 0.306628 0.127957 0.360960 
0.738071 0.722427 0.708418 0.649036 0.533733 1.142692 0.227156 0.227537 0.678835 0.700213 
1.027767 1.050443 1.031269 1.091080 1.127261 1.198337 1.169161 1.158868 1.150663 1.268423 
1.245114 1.252738 0.698864 0.814705 0.871800 0.647927 0.580231 0.394483 0.378749 0.392124 
0.471600 0.487219 0.531026 0.519051 0.711666 0.823641 0.819208 0.854119 0.841970 0.944412 
0.863611 0.864639 0.863605 0.808249 0.892491 0.891161 1.024498 1.075747 1.110341 1.064673 
0.869748 0.859382 0.611455 0.680158 1.079208 0.875930 0.753555 0.643741 0.751812 0.888527 
0.944573 0.936161 1.028325 0.998709 0.855798 0.865016 0.870801 0.864954 0.547436 0.398058 
0.670219 0.525406 0.371400 0.315490 0.705360 0.968111 0.408304 0.211566 0.727041 0.585883 
0.499547 0.556996 0.803036 1.003373 0.211503 0.351139 0.676254 0.304762 0.605960 0.949920 
1.090076 1.122198 0.943327 1.015634 0.798909 0.738107 0.962333 0.864195 0.972234 1.013921 
0.897745 0.955226 0.651003 1.142021 1.211109 1.219142 1.354408 1.196603 1.172994 1.012098 
0.907719 0.806687 0.861508 0.846688 0.923523 0.931704 0.912557 0.914587 0.814683 0.851977 
0.778375 0.771320 1.023306 1.081883 1.003559 1.099279 1.024572 1.026738 0.977731 0.988628 
0.870093 0.842903 0.684109 0.736745 1.167925 1.056263 1.063878 0.974139 0.913162 0.966467 
0.969088 1.052998 1.020281 1.047627 0.971196 0.803098 0.814621 0.900829 0.587795 0.733938 
0.488440 0.498932 0.629418 0.225409 0.471470 0.526201 0.260910 0.271118 0.318033 0.711281 
0.848326 1.008050 0.800670 0.745135 0.466449 0.976024 0.556126 0.417794 0.552393 0.772289 
1.121958 1.060177 0.942258 0.981785 0.807254 0.879180 1.025942 0.908636 0.960198 0.944821 
0.759423 0.822154 0.747335 1.399675 1.451013 1.597561 1.552837 1.729371 1.784425 1.459741 
0.818696 0.730808 0.855651 0.787390 0.896366 0.903644 0.902365 0.889989 0.784688 0.800326 
0.717777 0.728903 1.038089 0.942219 0.844831 1.051303 0.919876 0.963865 0.868857 0.917408 
0.761520 0.799687 0.653420 0.818113 1.708165 1.870186 1.911875 1.166759 0.967353 1.017448 
0.879387 0.898171 0.935453 0.993124 1.132297 0.771086 0.921907 0.926614 0.718191 0.663875 
0.419274 0.341665 0.424590 0.330088 0.404986 0.322752 0.234154 0.440190 0.605498 0.310630 
0.796514 0.687795 0.433041 0.919529 0.765846 0.729867 0.345905 0.317341 0.560148 1.130814 
1.055429 1.026845 0.907416 0.914740 0.679878 0.747123 0.947508 0.922606 0.978667 0.945084 
0.725707 0.838437 0.924981 1.687493 1.686053 1.817193 1.483823 1.541234 2.233776 1.908325 
1.455983 1.428548 1.380335 1.091717 0.984229 0.966770 0.893577 0.888393 0.798258 0.882254 
0.839715 0.928647 1.292031 1.091445 1.076576 1.016599 1.028938 1.018683 0.903398 0.852017 
0.752324 0.709378 0.603293 0.859304 1.488126 1.769986 1.647246 0.942094 0.924154 1.151395 
0.988258 0.981828 0.896689 0.931502 0.933973 0.945045 1.166523 1.052204 0.900241 0.650008 
0.483740 0.512779 0.535621 0.355935 0.436661 0.927153 0.835042 0.622187 0.419109 0.846208 
0.666943 0.407941 0.686432 0.998739 0.880131 0.991491 0.652975 0.679355 0.529834 1.008207 
0.899662 0.767943 0.813551 0.840436 0.967257 1.036440 1.125316 1.048282 0.953591 0.850446 
0.738751 0.862753 1.016354 1.260579 1.434178 1.674294 1.462547 1.523274 1.534330 1.611208 
1.455438 1.321266 1.422395 1.289367 1.194422 1.286518 1.123682 1.010195 0.916805 0.885093 
0.906492 0.798943 0.981837 1.246935 1.370396 1.245944 0.964411 0.905111 0.825793 0.793181 
0.693888 0.690554 0.638784 0.702723 1.260004 1.286445 1.152294 1.140148 1.112130 1.274254 
1.171680 1.210496 1.056268 1.058344 1.103447 0.999392 0.832750 0.527293 0.425400 0.349214 
0.596132 0.563065 0.977748 0.538797 0.598578 0.823789 0.463874 0.904510 0.486748 0.834192 
0.500742 0.623341 0.687954 0.793346 0.718079 0.752511 0.434660 0.582959 0.884478 0.336020 
0.428801 0.583784 0.802916 0.940312 1.012243 1.000341 0.960872 0.945990 0.877175 0.745034 
0.758231 0.797735 0.734456 0.836479 1.034767 0.994889 0.975202 1.100910 0.876399 0.924986 
0.886362 0.932173 1.078099 1.175143 1.209262 1.297283 1.177715 1.003685 0.901397 0.861115 
0.778572 0.760904 1.044794 1.351605 1.201096 1.160543 1.167150 1.099935 0.850643 0.854170 
0.789200 0.894997 1.092101 0.983298 0.979482 1.002141 1.174469 0.921799 0.998537 1.183902 
1.011850 1.075889 0.989046 0.880907 0.953987 0.800688 0.619892 0.707812 0.808754 0.450041 
0.421708 0.739508 0.747472 0.878899 0.288520 0.327069 0.696276 0.804061 0.723937 0.653085 
0.470904 0.434177 0.758275 1.329711 0.942217 0.536845 0.743162 0.388143 0.600550 0.525732 
0.762315 0.422433 0.785058 0.646705 0.822858 0.808541 0.871674 0.876456 0.583449 0.633233 
0.520208 0.536827 0.634932 0.779883 0.837113 0.770431 0.709541 0.608491 0.566998 0.608442 
0.591039 0.606430 0.722688 0.833019 0.881742 0.925828 0.857765 0.922079 0.810265 0.880257 
0.631308 0.709898 1.426846 1.297066 1.527549 1.288719 1.038890 0.764862 0.647471 0.700110 
0.695673 0.752269 0.704734 0.769081 1.126178 1.013732 0.882619 0.827405 1.040362 1.152068 
1.002073 1.089955 1.013602 1.004159 0.791668 0.499299 0.386460 0.466322 0.528004 0.475755 
0.369961 0.667592 0.733164 0.720714 0.472367 0.590226 0.534580 0.899215 0.550462 0.812829 
0.870520 1.112456 0.452815 0.626399 1.005182 0.612812 0.793552 0.740705 0.454414 0.612097 
0.493588 0.498698 0.825016 0.852920 0.971856 0.931358 0.866431 0.829976 0.586099 0.714267 
0.934563 1.010043 1.088829 1.021606 1.297134 1.067280 0.931632 0.905448 1.335620 1.195384 
1.139948 1.271332 1.681553 1.721205 1.359651 1.387015 1.333985 1.492257 1.307622 1.444063 
1.077239 1.336814 1.653275 1.882704 2.088096 1.791395 1.569205 1.473391 1.296504 1.155284 
0.925006 1.130781 1.026487 1.226534 1.565599 1.470958 1.471121 1.047219 1.176804 1.360198 
1.184191 1.093583 0.982977 0.958054 0.547601 0.457810 0.574463 0.649924 0.571559 0.522719 
0.804615 0.529763 1.019414 1.113369 0.888010 0.741565 0.808586 0.843026 0.846211 0.839026 
1.313461 1.301182 1.050314 0.572675 0.661318 0.695212 0.583034 0.729777 0.513880 0.859709 
0.535952 0.518670 0.513234 0.723593 0.816666 0.773502 0.782667 0.796635 0.717086 0.756380 
0.858647 0.880156 0.898632 1.086423 1.184997 1.210893 1.065429 1.229824 1.419934 1.326358 
1.359257 1.293676 1.694054 1.546847 1.449268 1.311213 1.335506 1.300107 1.035819 1.079019 
1.436576 1.593278 1.657103 1.817163 1.810428 1.920363 1.672331 1.451413 1.410815 1.459467 
1.216455 1.443111 1.339942 1.422606 1.288991 1.601580 1.433154 1.193341 1.143519 1.107990 
0.885360 0.784356 0.827951 0.480367 0.254640 0.576408 0.536243 0.374588 0.776191 0.570686 
0.968290 0.718856 1.034680 0.886609 0.867942 0.787712 0.746354 0.827446 0.694404 0.839704 
1.331705 1.231579 0.783268 0.896017 0.693808 0.872498 0.789235 0.812757 0.691863 0.461449 
0.880019 0.395372 0.535182 0.835296 0.953552 0.947592 0.934055 0.953427 0.800083 0.811990 
0.794910 0.739449 0.913882 1.096395 0.965354 0.999679 1.046357 1.253874 1.017255 0.899430 
0.954034 0.890027 0.913396 0.915670 1.027323 0.985674 1.031694 0.948682 0.870200 0.924171 
0.918165 0.860764 0.978665 0.955620 0.990198 1.019437 0.973299 0.927142 0.958024 1.043570 
0.991688 1.059257 1.111236 1.216036 1.182164 1.155969 1.216118 1.387706 1.145598 0.929353 
0.967761 0.884124 0.595916 0.448876 0.384266 0.712006 0.647940 0.664543 0.490689 0.425985 
0.744155 0.657661 0.870589 0.939274 0.958764 0.831345 0.285300 0.505046 0.514517 0.789714 
0.805334 0.665029 0.686389 0.772380 0.619289 0.631531 0.906448 0.941575 0.788541 0.538022 
0.424596 0.171731 0.590350 0.817506 1.043118 1.017468 0.966887 0.959137 0.729089 0.814650 
0.827221 0.714366 0.764078 0.889980 0.851053 0.836444 0.851469 0.842330 0.911915 0.892619 
0.849406 0.928846 1.008035 0.985622 0.999263 1.030698 0.983694 1.003219 0.982661 0.925160 
1.005516 1.126869 1.105350 1.068583 1.062052 1.115064 1.134028 1.105705 1.116339 1.174606 
1.207876 1.286398 1.340750 1.213618 0.800402 0.497802 0.633139 0.791384 1.003821 0.993475 
0.925915 1.018263 0.681700 0.590152 0.498869 0.712511 0.970285 0.470689 0.358689 0.952700 
0.826913 0.742692 0.883049 0.986855 1.103526 0.979445 0.595506 0.337796 0.608421 0.386072 
0.899604 0.813028 0.700561 1.096440 0.771675 0.416090 0.643245 0.477116 0.769462 0.539993 
0.370475 0.321264 0.797292 0.912546 1.051410 1.010720 1.014715 1.037719 0.869554 1.046373 
1.512028 1.132847 1.125447 1.120957 1.066094 1.122109 1.179640 1.019151 0.961971 0.974804 
0.919113 0.908756 0.921795 0.939123 0.963230 0.981931 0.912544 0.989632 1.019425 1.012834 
1.070117 1.074985 1.106720 1.049387 1.089767 1.082945 1.108570 1.196133 1.189647 1.219193 
1.183493 1.067786 0.835861 0.624683 0.355081 0.872458 0.854094 0.904382 0.748422 1.185069 
1.006016 0.593042 0.593934 0.419792 0.464416 0.801475 0.360397 0.571939 0.462749 0.633923 
0.606817 0.682297 0.939866 0.737558 1.042812 1.082794 0.943978 0.529506 0.764275 1.156927 
0.834562 0.590051 0.636539 0.897179 1.117083 0.842049 0.780619 0.685480 1.264155 0.696958 
0.246202 0.397691 0.628007 1.043415 0.992799 0.932734 0.866960 0.845050 0.860889 0.954680 
1.158874 1.146654 1.099836 0.932846 0.948790 0.793887 0.769063 0.909068 1.032727 1.019165 
1.042093 0.940414 0.989721 1.014910 1.038575 1.016035 1.042825 1.015428 0.970885 1.002224 
0.990225 0.964451 0.998047 0.972383 1.056607 1.085798 1.082653 1.074397 1.010345 0.974069 
0.658994 0.687178 0.477666 0.257638 0.393747 0.318865 0.572856 0.797490 0.724933 0.704382 
0.800187 1.366490 1.026989 0.749458 0.512466 0.613763 0.494065 0.237898 0.554585 0.219409 
0.776810 0.654091 1.102001 0.661797 1.027044 1.017205 0.900062 0.914569 0.876618 0.987660 
0.363504 0.173410 0.663338 0.682003 0.901734 0.895367 0.871625 0.958733 0.830369 0.857962 
0.235896 0.426594 0.542500 0.878290 0.907867 0.895689 0.902676 0.911140 0.830728 0.903378 
0.962035 0.868980 0.783949 0.808130 0.765892 0.543916 0.785758 0.631898 0.605099 0.891230 
0.900318 1.010661 1.037764 0.995000 1.115970 1.047388 0.963958 0.846399 0.708723 0.802178 
0.850485 0.913253 0.951681 1.006202 1.002071 1.045876 1.122533 1.142550 1.011848 0.929969 
0.651632 0.660773 0.509666 0.468119 0.879913 0.765805 0.679968 0.535270 0.501610 0.510839 
0.580934 0.559722 0.559979 0.605450 0.908042 1.096714 0.387502 0.152014 0.732075 0.305283 
0.563244 0.467127 0.876164 1.136694 1.066693 1.263659 1.268017 1.130447 0.811068 0.860903 
0.947627 1.109565 1.166744 0.449929 1.284231 0.960976 0.916010 0.478831 0.936203 0.633929 
0.589717 0.565861 0.840881 0.872980 1.067113 1.033099 0.969683 0.986332 0.908905 0.905931 
0.948473 0.868370 0.698156 0.605234 0.290707 0.248852 0.371741 0.624967 0.406078 0.609752 
0.892214 0.813997 0.820036 0.807778 0.828270 0.862602 0.713065 0.552332 0.689872 0.819819 
0.834670 0.885599 0.896979 0.939906 0.949735 0.928964 0.721101 0.579613 0.355158 0.499137 
0.531141 0.462292 0.326530 0.407165 0.721085 0.629520 0.799479 1.130079 0.767265 0.557457 
1.574195 0.859830 0.590195 0.959807 1.186497 1.225864 0.953953 0.789190 1.258417 0.787781 
0.680371 0.403813 0.604510 0.814751 0.786537 0.655796 0.885448 0.959697 0.853106 0.951091 
0.838478 0.636952 0.704670 1.125359 0.599868 0.592661 0.531931 0.445181 0.480794 0.577221 
0.585379 0.519091 0.532055 0.981910 1.041841 1.055215 0.989211 0.931984 0.873593 0.942519 
0.924218 0.957584 0.961192 0.836039 0.557854 0.513092 0.633863 0.465946 0.356518 0.655915 
0.961117 1.066543 0.984478 0.940988 0.726573 0.641707 0.514904 0.679542 0.702252 0.638910 
0.724243 0.792759 0.912062 0.895044 0.847857 0.793825 0.588119 0.434873 0.441973 0.609280 
0.616089 0.347216 0.154089 0.685502 0.785770 0.614196 0.479927 0.428610 0.869996 0.681831 
0.483389 0.399036 0.522068 0.796555 0.721061 0.770194 0.727282 0.763146 0.701245 0.968081 
0.651496 0.640732 0.867588 1.140598 1.199946 1.304045 1.140582 1.005069 1.086287 1.010399 
0.837194 0.952738 0.494468 0.803619 1.355057 0.928313 1.189609 1.077238 0.897587 0.445179 
0.559543 0.727957 0.459477 0.716408 0.842150 0.985190 1.009555 0.966191 1.066290 1.086082 
1.131319 0.998722 0.850430 0.498334 0.516415 0.673670 1.637806 1.190321 0.343559 0.607042 
0.566470 0.543387 0.609851 0.665640 0.384594 0.404545 0.676528 0.653220 0.749811 0.684907 
0.812735 0.749320 0.883334 0.774551 0.635885 0.634512 0.395084 0.819023 0.415690 0.463558 
0.500924 0.099774 0.432019 0.640011 1.068002 0.640049 1.003740 0.567035 0.838231 0.439667 
1.155855 0.864567 0.758391 0.890219 1.080517 1.114742 1.349036 1.236652 0.912137 0.756212 
0.507044 0.662467 0.755124 0.913480 0.809815 1.260225 1.103506 0.954244 1.079268 1.045585 
0.807300 1.087890 0.682997 1.291406 1.403540 0.836086 0.976159 0.910969 0.042314 0.465370 
0.718149 0.628447 0.477356 0.775351 1.137729 1.257767 1.144290 1.160612 0.940911 0.961184 
1.003245 0.857697 0.570657 0.614298 0.500758 0.564219 0.600049 0.521258 0.602370 0.389670 
0.642919 0.988833 0.791821 0.568738 0.231445 0.381516 0.684734 1.041421 0.614084 1.207441 
0.714937 0.394309 0.678454 0.738968 0.569283 0.287949 0.404664 0.606180 0.844921 0.529067 
0.248829 0.438339 0.491275 0.697265 0.953589 0.671862 0.738466 1.033202 0.662533 0.404589 
0.826875 0.769472 0.848844 0.605829 0.910359 1.010258 1.029241 1.062994 0.750012 0.653240 
0.671114 0.762446 1.348498 1.019956 1.137374 1.208281 1.111397 1.142215 1.057465 1.090917 
1.009905 1.229551 1.149938 1.199484 1.030737 0.410244 0.879103 0.910018 0.518741 0.446043 
0.558858 0.823477 0.543361 0.651662 0.833066 0.808962 0.698134 0.632430 0.791286 0.893350 
0.691138 0.581495 0.399629 0.318907 1.053519 0.904825 0.787694 1.036071 0.841663 0.509486 
0.522939 0.557286 0.613596 0.699267 0.684977 0.773873 0.849806 0.782359 1.074685 0.602976 
0.408972 0.402175 0.463067 0.763836 0.530381 0.369241 0.244213 0.732287 0.726450 0.909251 
0.878524 0.578165 0.695707 0.853678 0.954029 0.932341 1.291315 1.052297 1.165573 1.231738 
0.949993 0.767946 0.753756 0.897473 0.911283 0.956574 0.998587 1.063424 0.866260 0.745256 
0.740469 0.499344 0.707948 0.796914 1.079483 1.101460 1.074404 1.080966 0.965255 1.015710 
0.975634 0.873404 1.119135 1.083661 0.915776 0.721183 0.413371 0.785742 0.574712 0.631374 
0.184489 0.374331 0.441806 0.617123 0.820217 0.355586 0.697566 0.803857 0.799215 0.701948 
0.832775 0.540397 0.437177 0.273848 0.599637 0.945493 0.652495 0.696786 0.836886 0.840007 
0.738455 0.625975 0.486158 0.669591 0.551361 0.546038 0.987829 0.916967 0.813788 0.517449 
0.539973 0.745578 0.737271 0.935507 0.541288 0.352658 0.305675 0.725552 0.586593 0.736343 
0.671821 0.768604 0.797941 0.825218 0.884542 1.283889 0.941815 1.070506 0.784292 0.994126 
0.636850 0.627334 0.745190 0.738438 0.841040 0.924085 0.954618 0.851243 0.965462 0.741097 
0.885197 0.767104 1.098976 1.224241 1.343016 1.278864 1.040856 1.176289 1.078322 0.820094 
1.248251 1.089213 1.052634 0.973112 0.742771 0.866686 0.240255 0.879860 0.595019 0.902419 
0.144209 0.872828 0.531657 0.421497 0.546347 1.063116 0.824842 0.733631 0.508178 0.766411 
0.596611 0.307626 0.642861 0.570309 0.514889 0.853950 0.763485 0.564303 0.691253 0.719026 
0.596399 0.720458 0.547163 0.661423 1.132192 0.868246 0.353980 0.708022 0.573223 0.535484 
0.267995 0.656416 0.765216 0.416579 0.389268 0.166932 0.691808 0.707259 0.538363 0.750062 
0.891165 0.843534 0.827257 1.214222 0.746667 0.678829 0.983898 0.917398 1.167147 1.076569 
0.944019 1.055544 1.056030 1.359271 0.916652 0.949134 0.861389 0.892013 0.820997 0.624309 
0.837351 0.656025 0.961962 0.857266 0.869873 0.981227 1.131790 0.970865 1.045029 0.931085 
0.930977 1.170495 0.996303 1.077030 0.827162 0.897700 0.805813 0.650185 0.719978 1.042369 
0.570191 0.495654 0.870768 0.863423 0.913557 0.947888 1.065450 0.865350 0.675552 0.585284 
1.179578 0.843511 0.657877 0.399419 0.504849 0.670288 0.611141 0.634001 1.000607 0.769807 
0.784562 0.639008 0.764572 0.655487 0.636865 0.545067 0.420648 1.057389 0.939216 0.834550 
0.430708 0.491110 0.238022 0.882000 0.527234 0.663520 0.983017 0.615283 0.556912 0.350709 
0.688113 0.567025 0.829964 0.730191 0.624662 1.031233 0.929927 1.050210 1.015609 1.118778 
0.979087 0.908020 0.937405 1.022421 1.057082 1.096439 0.863846 1.003477 1.059266 0.810051 
0.746796 0.762335 0.777295 0.761734 1.069515 0.782328 1.092631 1.087113 1.235183 1.304005 
1.099555 1.089639 0.876178 0.912632 0.984975 0.808419 0.880690 0.850147 1.049531 0.927723 
1.027955 0.764514 1.162665 1.065623 1.051681 0.620218 0.782599 0.992257 0.602101 0.281812 
0.178286 0.423921 0.535067 0.615932 0.627461 0.687039 0.555171 0.654376 0.547441 0.453456 
0.899426 0.797996 0.772477 0.848967 0.603436 0.797483 0.131144 0.609078 0.814049 0.787623 
0.435943 0.332853 0.367172 0.284832 0.807574 0.741902 1.255635 1.040436 0.904284 0.789095 
1.056163 1.099916 0.744981 1.118252 1.083320 0.669964 0.713406 0.989792 0.874381 0.933276 
0.975754 0.997121 0.931712 0.924062 1.003290 1.148938 1.181506 1.075349 0.930238 0.777039 
0.772079 0.684176 0.698089 0.639514 0.696081 0.861266 0.978645 1.208956 1.111651 1.086612 
1.084697 0.989592 0.885642 0.825845 0.895551 0.943029 0.978203 0.953180 1.023639 0.935519 
0.743793 0.757559 0.945948 0.963852 0.716796 0.769950 0.921560 0.814892 0.749802 1.022147 
1.038436 0.941861 0.587136 0.668320 0.767873 0.657531 0.684464 0.597585 0.128670 0.323001 
0.695489 0.682793 0.894021 0.798992 1.051139 0.761739 0.455608 0.299896 0.717439 0.626609 
0.708959 0.329911 0.648320 0.311951 0.815102 0.848923 1.034525 0.735409 0.855425 1.004998 
1.129593 0.962501 0.753439 0.734818 0.913511 0.943274 1.000648 1.093253 1.054764 1.020659 
1.112987 1.054541 1.446697 1.163815 0.929646 0.984221 0.912154 0.867821 0.830549 0.626009 
0.582192 0.764935 0.646401 0.767897 0.946005 1.088966 1.043281 1.028641 1.027848 0.959648 
1.023104 0.909587 0.756482 0.770738 0.829644 0.783127 0.907712 1.178227 1.118779 1.228932 
1.106347 1.168848 1.087001 1.076663 0.998573 1.283450 1.091795 0.941927 0.830953 0.891661 
0.938800 0.631378 1.123313 1.338633 0.759251 0.938518 0.830224 0.812084 0.827626 0.278171 
0.418071 0.455116 0.551055 0.464902 0.513349 0.989232 0.818813 0.674642 0.443370 0.730838 
0.817200 0.266811 0.533666 0.425486 0.724363 0.777608 1.006072 1.138843 1.068820 0.997045 
0.991227 1.105993 0.854637 0.967999 0.899618 0.836153 1.066214 1.113170 1.148594 1.090726 
0.950216 0.969742 0.820803 1.013876 1.058639 1.250300 1.106100 1.159815 0.970598 0.729033 
0.738591 0.664099 1.136045 1.071011 1.274940 1.168990 1.023378 1.051668 0.984916 0.816971 
0.839528 0.907588 0.868882 0.723311 0.840078 0.967202 1.108360 1.126514 1.167080 1.111238 
1.164204 1.137424 1.073907 1.065376 0.938812 1.121060 1.024296 1.063743 0.851324 0.896285 
0.994668 0.624492 0.815606 0.868652 0.735142 0.753068 0.709395 0.910635 0.677136 0.359627 
0.454101 0.872250 0.811488 0.736368 0.697258 0.658923 0.916840 0.743244 0.281493 0.454412 
0.690697 0.229838 0.829797 0.709705 0.778659 0.711038 1.028930 1.181887 0.907241 0.969047 
1.096132 1.185499 1.114042 1.176211 1.114131 0.991313 1.110314 0.863967 0.804985 1.006702 
0.919781 1.119261 1.129612 1.066578 1.151994 1.121831 0.986844 1.133371 1.197756 0.874876 
0.710779 0.508530 0.712239 0.942255 1.198702 1.616546 1.326430 1.224308 1.050386 1.025258 
0.935146 0.940385 1.015447 0.973548 1.067098 1.047340 1.125853 1.152568 1.026075 0.931424 
0.754819 0.793559 0.498609 0.992312 0.736960 0.897176 0.884419 0.828131 0.896902 0.937572 
1.065084 0.996818 0.729870 0.827698 0.794328 0.960124 1.153425 1.012062 0.895945 0.914332 
1.084984 0.580465 0.727535 0.691250 1.299742 0.748380 1.017947 0.987025 1.037323 0.774633 
0.848592 0.856152 0.947479 0.540812 0.999838 0.810050 0.818800 0.792130 0.724602 1.079891 
1.054487 1.014824 0.980334 1.065080 1.007650 0.971378 0.864389 0.872368 1.072029 1.015853 
1.154717 1.061301 1.083003 0.882927 1.131688 1.140810 0.861219 0.876834 0.555420 0.465506 
0.668932 0.643383 0.824475 1.213064 1.231373 1.081438 0.899816 0.784239 0.842531 0.803336 
0.848064 0.844564 0.967109 0.996030 1.022832 1.000569 1.230086 1.185622 1.102911 1.017949 
0.914259 1.005364 0.979748 1.031413 0.844823 0.875658 1.027603 0.995321 1.002399 0.953699 
0.907783 1.038535 0.947086 1.198570 1.207522 1.153936 1.021186 1.022952 1.046967 0.938104 
0.730690 0.674393 0.889955 0.824045 0.688146 1.061962 0.813466 0.835611 0.862124 0.873982 
0.915976 0.853306 1.061553 1.063612 1.029476 1.043484 0.836301 0.985891 0.956260 1.036863 
1.261144 0.776273 1.024722 1.024017 1.207966 0.961686 0.704830 0.753042 0.811195 1.010443 
0.907587 0.993536 1.124145 1.170092 1.296434 1.219487 0.926319 0.823738 0.298631 0.672824 
0.827137 0.513513 0.842974 1.039156 0.631752 0.485291 0.713471 0.578340 0.812888 0.785562 
0.938599 0.840173 1.142586 1.186639 0.985760 0.943616 0.993531 0.956363 0.973969 0.816416 
0.631469 0.982419 0.638246 0.976962 0.920065 0.904494 1.142035 1.082537 1.101592 1.200664 
1.202402 1.308470 0.994164 1.069547 1.054015 0.897484 1.015635 0.863809 1.106204 1.153105 
1.130056 1.185815 1.042028 1.194502 1.065276 0.987286 0.694163 1.085392 1.172069 1.067445 
1.119531 1.002305 0.665874 0.736118 0.565849 0.470511 0.591480 1.022480 0.964802 1.058514 
0.765346 0.556275 0.756764 0.843919 0.827572 0.810477 0.753399 0.891825 0.881788 0.488533 
0.564847 0.755605 0.704665 0.913198 0.714123 0.642440 0.754542 0.653384 0.179901 0.534526 
0.794423 0.684953 0.986851 0.863485 0.512348 0.759920 0.730779 1.158747 0.933929 0.967154 
1.053969 1.001355 1.285545 1.240476 1.081263 0.948507 0.887922 0.906279 0.803935 0.861635 
0.636149 0.792158 1.060491 0.724416 0.701470 0.850083 1.009895 1.011770 1.293187 1.156729 
1.289162 0.914951 1.081213 0.872845 1.102157 0.764316 1.134723 1.059308 1.081168 1.127020 
1.197715 1.067281 1.226810 1.086715 0.946418 1.103595 0.555914 0.841515 1.360561 1.090108 
1.032971 1.008786 0.858874 1.075992 1.223633 0.846617 0.955492 0.913112 1.039119 0.854380 
0.664790 0.740259 0.771326 0.917913 1.143551 1.168449 0.923308 0.636279 0.427488 0.307387 
0.864053 1.029273 0.625727 0.848260 0.771554 0.679762 0.837271 0.718361 0.299214 0.386274 
0.740690 0.436023 0.630225 0.559300 0.795222 0.556525 1.763596 1.107031 1.424701 1.345590 
1.240324 1.201545 0.994333 1.048906 0.794445 0.780089 0.724581 0.953324 0.820596 0.621277 
1.005039 0.856640 0.956165 1.206032 1.120735 1.000288 1.303300 1.142265 1.185830 1.129924 
1.043262 1.124787 1.147938 1.152302 1.175965 0.971763 1.006064 1.016624 0.987025 1.094990 
1.103182 1.206939 1.129439 1.165026 1.055467 1.107111 0.994513 0.892048 0.786348 1.053977 
0.423499 0.759712 1.309480 1.223299 1.262682 0.998991 0.912517 1.250022 1.100237 0.967661 
1.057882 0.729898 1.190028 1.180826 1.370693 0.777195 0.525464 0.720649 0.713187 1.050986 
0.640800 0.469708 0.654403 0.983385 0.982103 1.054903 0.469841 0.492408 0.722431 0.452500 
0.675976 0.739053 0.986930 1.215234 0.980633 0.969261 0.873659 1.070978 0.785608 0.711416 
1.033351 1.323987 1.042600 1.006376 0.650327 0.796830 0.796484 0.883564 1.174461 0.972745 
0.919726 0.896291 0.786732 1.028228 1.218557 0.972772 1.127769 1.144876 1.051161 1.017639 
1.098898 1.143839 1.099065 1.132694 1.090444 1.069619 1.157185 1.052595 1.143103 1.092427 
1.181219 1.154523 1.301930 1.274651 1.197100 1.202477 1.051244 0.977643 0.736276 0.692065 
0.466862 1.249602 1.312685 0.882931 0.671620 0.580800 0.612726 0.583121 0.901024 0.765434 
0.778265 0.553718 0.643745 0.621035 0.735859 0.738343 1.102134 1.443315 1.515531 0.689256 
0.943598 0.976364 1.020815 1.083420 0.771656 0.519882 0.734516 0.824648 0.997583 0.868516 
0.824684 0.722724 1.002816 1.093492 1.006606 1.119217 1.018118 0.961209 0.939433 0.856907 
0.925867 0.892934 0.959245 0.907219 0.471409 0.343513 0.424406 0.300116 0.512266 0.861434 
0.976550 1.024787 1.027306 1.063192 1.221865 1.031391 0.660421 0.824471 0.945078 0.883497 
0.788640 0.868057 0.933201 0.802375 0.992853 0.943486 1.112648 1.059695 1.023702 1.089019 
1.163392 1.075164 0.872670 0.874247 0.691793 0.775683 0.509322 0.603300 0.874341 1.004582 
1.224250 0.905511 1.090065 0.998019 0.880455 1.253055 1.321349 1.072465 0.536857 0.831081 
0.700739 0.502861 1.210706 0.799261 0.668139 0.709040 1.282231 1.871412 1.453918 1.036370 
1.034283 0.829423 0.747437 0.958820 1.082525 1.305666 1.062019 1.195068 1.112544 0.927363 
0.653603 0.610644 0.803548 0.791422 0.993031 0.897320 0.940399 0.684506 0.805089 0.945271 
0.959548 0.996660 1.114087 0.935861 0.510026 0.343190 0.713675 0.264710 0.695398 1.111181 
1.230884 1.158305 1.074954 0.998422 0.967334 1.141870 1.019249 1.273600 1.502476 1.116002 
0.982855 0.880615 0.928491 0.984218 1.150398 1.015242 1.103085 0.959438 1.205408 0.990862 
0.987049 0.945022 0.773455 1.035349 1.124917 1.216217 0.399852 0.918528 1.153798 0.988624 
0.894346 0.872946 1.523110 1.421876 0.992304 1.335284 1.320855 1.247783 0.705465 1.003972 
1.136200 0.727651 0.713721 0.992786 0.927733 0.719315 0.942064 1.170783 1.210908 0.880393 
0.846274 1.065407 0.966203 0.918510 1.073058 0.936389 1.111661 1.041697 0.845839 0.794432 
0.691666 0.399179 0.911136 1.144310 1.115874 1.089856 0.755235 0.588969 0.759130 0.959936 
0.711033 0.936479 1.014493 0.762393 0.356545 0.236964 0.649853 0.271192 0.838193 1.357710 
1.097989 1.042460 0.810433 0.821382 0.812849 0.812142 0.743248 0.666021 0.440356 0.388889 
0.573272 0.667593 0.838322 0.751571 0.806626 0.921488 1.193196 1.290752 0.891205 0.771492 
0.695799 0.865588 0.712366 0.844289 0.937092 0.922252 0.862844 1.091833 1.153156 1.340243 
1.147925 1.085359 1.164829 1.157047 1.358010 1.243216 1.365260 1.169762 1.329857 1.225004 
1.079910 1.229632 1.283121 1.151944 1.172763 1.094979 1.066120 1.159779 1.137663 1.010801 
1.176665 1.204468 1.220410 1.174888 1.160975 1.197651 1.115987 0.940056 0.710526 0.404077 
0.612649 0.483425 0.709913 0.864860 0.835473 0.745074 0.584997 0.595254 0.462276 0.540054 
0.453112 0.748142 0.736431 0.578465 0.258464 0.075771 0.526997 0.326365 0.616060 0.801741 
0.894452 0.870745 0.646213 0.675388 0.765577 0.803810 0.718750 0.637402 0.648192 0.997933 
0.946800 0.916218 1.064150 0.947164 1.011139 0.675813 0.806633 0.892573 0.575970 0.841228 
0.691600 0.510737 0.620104 0.618772 0.526718 0.576358 0.402073 0.436341 0.515046 0.527045 
0.527710 0.529722 0.572902 0.587850 0.805746 0.464110 0.461509 0.567886 0.499143 0.519333 
0.415398 0.395999 0.445670 0.489729 0.567145 0.531286 0.467114 0.486058 0.604978 0.567649 
0.587288 0.594177 0.597444 0.565358 0.602969 0.592988 0.638515 0.619953 0.425575 0.435028 
-0.304788 -0.277549 -0.401716 -0.386681 -0.440050 -0.349662 -0.358494 -0.403027 -0.422655 -0.429152 
-0.410078 -0.399416 -0.392117 -0.443546 -0.388417 -0.404958 -0.416247 -0.413593 -0.410746 -0.410482 
-0.416019 -0.411926 -0.423192 -0.423834 -0.437042 -0.420267 -0.402378 -0.417001 -0.289629 -0.381223 
-0.404773 -0.407453 -0.399388 -0.329043 -0.410455 -0.374120 -0.411135 -0.437414 -0.409060 -0.408174 
-0.427928 -0.429114 -0.421328 -0.362504 -0.390321 -0.404851 -0.415241 -0.432012 -0.426829 -0.389919 
-0.402862 -0.405844 -0.418062 -0.373142 -0.394158 -0.406163 -0.419341 -0.426781 -0.407924 -0.429305 
-0.219973 -0.260332 -0.408246 -0.434288 -0.305360 -0.357535 -0.397628 -0.407103 -0.391483 -0.402683 
-0.411847 -0.414634 -0.418923 -0.433852 -0.441172 -0.431684 -0.432226 -0.424324 -0.371415 0.329648 
-0.288211 -0.334763 -0.248070 -0.090069 -0.119099 -0.064666 -0.034814 -0.171203 -0.184351 -0.183144 
-0.103703 -0.097668 -0.096031 -0.151142 0.019222 -0.078666 -0.202505 -0.255281 -0.166860 -0.131317 
-0.085686 -0.041858 -0.099609 0.042365 -0.181813 0.046737 0.035089 -0.089494 0.258419 -0.112684 
-0.164226 0.128282 0.042529 0.286737 -0.126465 -0.046266 0.057864 -0.004709 -0.010780 -0.099062 
-0.130873 -0.093621 -0.049742 -0.046211 -0.069643 -0.001898 -0.038065 -0.022716 0.096213 0.095717 
-0.003644 0.011162 0.014694 0.145918 -0.008224 -0.086185 -0.070504 -0.004455 -0.044368 -0.142709 
0.030646 -0.020326 -0.250380 -0.033670 0.114058 -0.036770 0.045498 0.130671 0.077604 -0.045891 
-0.086311 -0.021776 -0.060080 -0.120312 -0.043025 -0.057793 -0.067195 0.041575 0.079845 0.339628 
-0.219205 -0.201543 -0.033293 0.131420 0.281305 0.019443 -0.005200 0.091885 0.149497 0.150382 
0.130915 0.093180 0.189716 0.336707 0.465128 0.261333 0.062980 -0.005093 0.236440 0.415215 
0.663294 0.786349 0.629082 0.977161 0.786042 0.834622 0.668816 0.437719 0.823766 0.691306 
0.922924 1.250254 1.131874 1.403371 1.128510 0.990884 0.737561 0.607483 0.443505 0.536959 
0.712359 0.604942 0.652796 0.558979 0.721308 0.958906 0.961305 0.979076 1.420906 1.816212 
1.590683 1.147692 0.855454 0.702216 0.618648 0.703576 1.060832 1.050767 0.933502 0.556291 
0.454134 0.677633 0.636590 1.201488 1.234126 1.111847 1.357147 1.146731 0.435384 0.272097 
0.348045 0.464522 0.201065 0.093185 0.181727 0.137191 0.172203 0.128732 0.051545 0.146663 
-0.169471 -0.198568 0.029668 0.157150 0.301102 0.170393 0.135105 0.284092 0.333082 0.367726 
0.348841 0.269139 0.577083 0.527957 0.718904 0.503178 0.485210 0.350255 0.625053 0.721305 
0.925001 1.290079 1.385964 1.655773 1.292129 1.303504 1.394962 0.773411 1.228485 1.143560 
1.438527 1.714818 1.931871 2.315510 1.819379 1.614857 1.249414 1.089139 1.319735 0.994104 
1.185030 1.183787 1.126854 1.106315 1.142495 1.441476 1.519924 2.039147 2.402007 2.556046 
2.389666 1.770740 1.682872 1.191853 1.178584 1.277277 1.641577 1.808964 1.572723 1.162375 
1.292189 1.404216 1.575761 2.075397 2.129622 2.220494 2.073246 1.729185 0.995637 0.735498 
0.635738 0.928122 0.697418 0.419013 0.467790 0.346916 0.360982 0.469324 0.108784 0.299803 
-0.190975 -0.200619 0.060066 0.152198 0.340369 0.218849 0.151962 0.299864 0.352177 0.407665 
0.472975 0.286123 0.551509 0.296811 0.233360 0.169237 0.222242 0.230332 0.292795 0.345790 
0.750881 1.114541 1.145170 1.179966 0.932686 0.502871 0.475436 0.361995 0.641186 0.457889 
0.817998 1.037606 1.108302 1.613337 1.385141 0.728195 0.587334 0.428340 0.503944 0.294829 
0.261890 0.241021 0.566026 0.706102 0.664843 0.862318 1.163123 1.791210 2.127498 1.834138 
1.488206 0.836550 0.617663 0.439169 0.518233 0.686831 1.096761 1.087532 0.882739 0.544715 
0.515666 0.554748 0.950547 1.762501 1.835418 2.212416 1.736627 0.778841 0.219420 0.354245 
0.461192 0.757315 0.345414 0.315030 0.368749 0.265605 0.221799 0.504972 0.220912 0.261049 
-0.217398 -0.205687 0.049213 0.165821 0.309088 0.314945 0.340609 0.451135 0.507446 0.460161 
0.479214 0.154893 0.269765 0.242768 0.125180 0.070604 0.213018 0.209394 0.229576 0.472496 
0.939318 1.120191 0.970587 0.885300 0.641231 0.360640 0.447925 0.374435 0.601989 0.500631 
0.685185 0.835852 0.818888 1.058206 0.447046 0.223702 0.371810 0.244882 0.384065 0.148441 
0.244527 0.247302 0.374877 0.653140 0.788577 1.204495 1.082288 1.363041 1.555262 1.444286 
1.094905 0.313320 0.200669 0.282602 0.282199 0.302658 0.409105 0.444646 0.432923 0.304086 
0.216251 0.247951 0.460128 1.148893 1.984956 1.641906 0.672867 0.120977 -0.091138 0.209763 
0.153103 0.175001 0.115393 0.146448 0.110499 0.213098 0.082300 0.397643 0.228962 0.280874 
-0.220245 -0.223201 0.133077 0.262273 0.395606 0.444591 0.581789 0.452185 0.972461 0.822203 
0.766872 0.501988 0.525289 0.879753 0.450754 0.219240 0.450777 0.371831 0.251473 0.414274 
0.602652 0.672676 0.650898 0.513460 0.431098 0.370342 0.546561 0.565870 0.775293 0.693051 
0.790668 1.149541 1.036701 0.908381 0.475782 0.281548 0.449526 0.363974 0.309847 0.343062 
0.457714 0.417375 0.551280 0.752392 0.904056 1.210676 1.221752 0.923727 0.749628 0.500211 
0.286574 0.121338 -0.020545 0.162341 0.193638 0.190897 0.222219 0.166611 0.168549 0.231020 
0.194265 0.307803 0.328601 0.635621 1.261002 0.606681 0.220807 0.004683 -0.146931 0.128499 
0.259101 0.165095 0.156216 0.241665 0.289626 0.293740 0.149888 0.343480 0.248020 0.304649 
-0.167971 -0.226145 0.144262 0.278617 0.503230 0.596714 1.087142 1.246418 2.005480 0.973573 
1.230574 1.058398 0.751979 0.895114 0.990277 0.823857 0.977316 0.726245 0.423284 0.532810 
0.448504 0.492489 0.432365 0.383097 0.374662 0.611055 0.461842 0.405412 0.931192 0.836519 
1.020876 1.365430 1.499190 1.173930 0.885830 0.479727 0.366587 0.232304 0.291083 0.406089 
0.533457 0.563093 0.758241 0.825181 0.887749 1.137614 0.955947 0.681194 0.306471 0.188176 
0.197299 0.187199 -0.063741 0.011375 0.118249 0.178476 0.105861 0.047599 0.028694 0.065966 
0.158791 0.243557 0.090580 0.080399 0.397463 0.253761 0.019526 0.021436 -0.130470 0.089840 
0.222551 0.120405 0.076571 0.309247 0.326766 0.333148 0.132619 0.332074 0.281420 0.274459 
-0.081126 -0.216104 0.076558 0.253693 0.374287 0.247975 0.591483 0.030453 -0.085974 0.477386 
0.524993 0.636444 0.530627 0.629162 0.613791 0.574290 0.965273 1.101955 0.623174 0.538344 
0.359519 0.545345 0.343504 0.325285 0.591696 0.816104 0.877226 1.013226 1.169444 1.090319 
1.254272 1.108365 1.134773 1.167513 1.159328 0.441152 0.298399 0.286595 0.462839 0.426635 
0.645050 0.665928 0.763879 0.745089 0.493150 0.592644 0.720373 0.340203 0.089814 0.002689 
-0.028375 -0.005738 0.065636 0.109692 0.165381 0.245646 0.263542 0.194994 0.053395 -0.008734 
0.103385 0.227049 0.041282 0.156697 0.321147 0.126767 -0.055080 0.021249 -0.061944 0.064975 
0.132066 0.118412 0.016228 0.167836 0.307775 0.445708 0.134010 0.252597 0.247803 0.343986 
-0.135947 -0.184504 0.060276 0.238390 0.310202 0.198786 0.193444 0.124674 0.276276 0.311552 
0.183677 0.244365 0.410486 0.463256 0.643697 0.633967 0.712342 0.706613 0.767067 0.644617 
0.459153 0.256572 0.362016 0.399884 0.714774 1.166200 1.385227 1.162439 1.372768 0.908131 
1.005970 0.994868 1.250831 1.192354 0.767202 0.215786 0.191333 0.245302 0.564212 0.707963 
0.870919 0.610382 0.429203 0.377180 0.239341 0.167200 0.178725 0.105258 0.150860 0.259633 
0.623850 0.471292 0.480035 0.285426 0.368737 0.287781 0.469084 0.346168 0.347494 0.196887 
0.042345 0.244975 0.038668 0.084753 0.383286 0.366580 0.182226 0.201630 0.057275 0.134114 
0.151477 0.182759 0.056253 0.147070 0.304556 0.352717 0.188255 0.306582 0.180538 0.311463 
-0.222250 -0.127547 0.034079 0.170747 0.242452 0.132656 0.056818 0.090583 0.539246 0.797155 
0.802861 0.689271 0.781023 0.714103 0.482004 0.380533 0.385144 0.388861 0.414570 0.396495 
0.642331 0.352090 0.402074 0.529288 0.728433 0.567459 0.447861 0.656781 0.579722 0.277598 
0.237490 0.398547 0.541989 0.238872 0.215711 0.121748 -0.147994 0.025526 0.269615 0.620873 
0.628954 0.479512 0.244980 0.063880 -0.036806 -0.127328 -0.092057 -0.013755 0.021792 0.078167 
0.508076 0.783362 0.965668 0.809814 0.820827 0.453886 0.430610 0.571779 0.663383 0.738484 
0.356974 0.473958 0.521507 0.433418 0.433814 0.566242 0.407508 0.289515 0.076543 0.181892 
0.310796 0.311488 0.141123 0.067905 0.050440 0.193430 0.213732 0.347162 0.175608 0.228148 
-0.246187 -0.180271 0.013684 0.169302 0.217646 0.158945 0.108408 0.104708 1.049331 1.374870 
1.161270 1.228472 1.217725 0.599970 0.304837 0.103413 0.069409 0.068190 0.190991 0.133152 
0.346663 0.368675 0.215726 0.249014 0.628229 0.445093 0.053494 0.086334 0.053406 0.015329 
0.021021 0.030879 0.179206 0.169108 0.171433 0.260528 -0.122975 0.000473 0.087372 0.651029 
0.613945 0.240357 0.156099 -0.005408 -0.040994 -0.070048 -0.046903 -0.005429 0.063275 0.250863 
0.784611 0.733091 1.159993 0.992360 1.076992 0.851090 0.546831 0.560070 0.565959 0.751961 
0.613227 0.687157 0.754560 0.812917 0.750620 0.947579 0.642528 0.232399 0.036740 0.147384 
0.281962 0.420565 0.215984 0.109119 0.164747 0.201534 0.128924 0.355616 0.202398 0.218256 
-0.270398 -0.212314 0.043942 0.185586 0.301596 0.330756 0.375242 0.274991 1.042648 1.046662 
0.749287 0.612443 0.417266 0.084697 0.049764 0.031453 -0.004102 -0.054017 0.133830 0.174987 
0.467939 0.680524 0.715408 0.710513 1.072177 0.264178 0.122039 -0.034602 -0.027344 -0.127865 
-0.147525 -0.137236 -0.141268 -0.091737 -0.013622 -0.008228 0.116919 0.203244 0.101951 0.567673 
0.688589 0.413013 0.226056 0.047753 0.025929 0.074373 0.017543 0.079289 0.207811 0.090741 
0.095135 0.339991 0.535251 0.683755 0.747576 0.473758 0.173497 0.187017 0.175613 0.283854 
0.233454 0.232349 0.400275 0.811809 0.837252 0.986925 0.693707 0.310795 0.042150 0.094866 
0.194317 0.307712 0.250818 0.292935 0.418708 0.332312 0.079500 0.476001 0.320754 0.232335 
-0.262919 -0.193368 0.027769 0.155712 0.293959 0.334936 0.337705 0.474576 1.487974 1.405334 
0.486204 0.056864 -0.039200 -0.034098 0.034812 0.073395 0.088742 0.124385 0.307814 0.382262 
0.977839 1.235400 1.392543 1.551171 1.417654 0.267735 0.229471 0.144620 0.090715 0.157720 
0.125623 0.244649 0.318318 0.594978 0.952681 0.855185 0.564709 0.456171 0.041292 0.256037 
0.976338 0.485843 0.384720 0.222613 0.118646 0.141291 0.181908 0.249231 0.383457 0.412851 
0.345234 0.230060 0.321809 0.435305 0.298667 0.226060 0.159704 0.085422 0.054741 0.105354 
0.102165 0.140455 0.184093 0.534970 0.557199 0.566762 0.569103 0.365187 0.140528 0.130282 
0.169448 0.200720 0.231283 0.229622 0.448692 0.457753 0.189303 0.431974 0.382000 0.251912 
-0.227493 -0.197534 0.117444 0.477942 0.747462 0.855045 0.348306 0.393663 1.040431 0.407838 
-0.067245 -0.104940 -0.166232 -0.087313 0.050175 0.156452 0.140478 0.128425 0.234244 0.223260 
0.580218 0.532071 0.557462 0.366217 0.235259 0.075389 -0.054948 0.097977 0.140658 0.195872 
0.202559 0.337304 0.477455 0.240896 0.616569 0.468367 0.286474 0.325740 0.032940 -0.110467 
0.323565 0.265533 0.146833 0.538847 1.203467 1.013502 1.170285 1.500724 2.165283 2.419791 
2.033558 1.579158 1.351226 1.203560 1.093079 0.860374 0.624817 0.245397 0.181435 0.301108 
0.346351 0.504224 0.302175 0.690173 1.288289 1.390657 1.532338 0.628197 0.272667 0.269796 
0.427854 0.307519 0.240804 0.177616 0.433173 0.585633 0.192034 0.365914 0.333244 0.245770 
-0.240772 -0.212252 0.077814 0.615113 0.860476 1.405830 0.918237 -0.029333 0.099180 0.075177 
-0.115315 -0.087398 -0.136143 -0.015870 0.146311 0.283168 0.149673 0.145903 0.218426 -0.076787 
0.050597 0.105946 -0.086789 0.037704 -0.021604 -0.014983 -0.082632 0.087688 0.233075 0.208824 
0.286568 0.347190 0.370238 0.259636 0.161654 0.138907 0.153524 0.266705 0.063304 -0.094046 
0.026785 0.070542 -0.016224 0.356841 1.148819 1.112887 1.685754 1.845487 2.716709 3.234840 
2.817344 2.479262 2.496476 2.051905 1.667079 0.856591 0.664425 0.348669 0.301779 0.391936 
0.301823 0.445995 0.485852 1.113707 2.346881 2.483439 1.782320 0.682123 0.296575 0.179479 
0.381079 0.346718 0.409104 0.433650 0.451232 0.581666 0.099559 0.374474 0.265791 0.256940 
-0.214943 -0.225120 -0.060966 0.424784 0.573661 0.347563 0.691561 0.161809 -0.191364 -0.184955 
-0.112262 0.184387 0.131861 0.091437 0.073932 0.293411 0.317785 0.338967 0.303269 0.226099 
-0.083163 -0.019715 -0.134052 -0.126249 -0.089533 -0.128282 0.042035 0.079384 0.211828 0.200076 
0.191583 0.301199 0.246549 0.148130 0.065892 0.043273 0.007100 0.205511 0.155222 0.058056 
0.006174 0.114894 0.003599 0.107945 1.310580 1.580388 1.770504 1.546104 2.389122 2.472619 
2.102982 1.822374 1.733489 1.318617 1.178136 0.489855 0.322617 0.151651 0.066300 0.119585 
0.125206 0.301181 0.306148 0.532806 1.895330 1.995389 1.337989 0.307165 -0.118828 0.021603 
0.222076 0.267461 0.405498 0.318600 0.405116 0.362380 0.079355 0.272960 0.279760 0.286246 
-0.188027 -0.237138 -0.068738 0.260328 0.320831 0.018023 0.048354 -0.038294 -0.072318 0.104840 
0.184239 0.432115 0.427198 0.270218 0.074073 0.196579 0.310074 0.467016 0.256041 0.354477 
0.161264 0.234974 0.053438 0.313031 0.531982 0.280606 0.328561 0.284252 0.310899 0.294853 
0.260501 0.246776 0.264960 0.237604 0.074791 0.085160 0.027100 0.114539 0.188290 0.110510 
0.125768 0.269787 0.170506 0.014019 0.899826 1.679752 1.834231 1.905236 2.223156 1.586890 
1.077123 0.665330 0.429338 0.541337 1.128749 0.141783 0.000236 0.141907 0.009262 0.075673 
0.175058 0.291655 0.252206 0.367650 1.283775 1.494719 0.771348 0.146379 -0.229459 -0.033397 
0.207511 0.212672 0.204693 0.255526 0.271047 0.368071 0.137740 0.249707 0.207451 0.245792 
-0.191426 -0.215668 -0.112702 0.001163 0.046029 -0.057234 0.000577 0.152144 0.565719 0.796919 
0.816885 0.563064 0.290293 0.360741 0.231283 0.153659 0.253824 0.408480 0.433751 0.571589 
0.238951 0.401776 0.028418 -0.018120 0.363660 0.247346 0.129466 0.199806 0.201182 0.140744 
0.144456 0.132450 0.123089 0.105421 0.202838 0.205553 0.136347 0.199017 0.231556 0.148655 
0.224292 0.223562 -0.006280 -0.031694 0.503422 1.211287 1.500356 1.081128 0.962621 0.505821 
0.281924 0.237212 0.037085 0.043372 0.336657 0.095920 -0.142844 0.044091 0.052137 0.102613 
0.104717 0.191459 0.089880 0.093862 0.730255 0.727371 0.299355 0.122777 -0.256346 -0.037539 
0.102505 0.089055 0.091373 0.164389 0.169564 0.162187 0.154121 0.262115 0.226973 0.179153 
-0.195544 -0.196533 -0.136092 0.124831 0.081213 -0.014973 0.169240 0.321901 1.026228 1.210701 
1.220917 0.768971 0.270553 0.298001 0.398129 0.277642 0.262335 0.427679 0.475238 0.275752 
0.259643 0.083204 0.102497 -0.007445 0.134443 0.109487 0.043890 0.130860 0.260476 0.179098 
0.238780 0.164529 0.086390 -0.021177 0.193033 0.493286 0.530702 0.491330 0.255032 0.137644 
0.120658 0.145340 -0.052279 -0.064361 0.179782 0.023238 0.249596 0.162525 0.404556 0.432786 
0.383309 0.356944 0.106423 0.048369 0.101145 0.135376 -0.167256 0.011591 0.087193 0.071519 
0.112838 0.156597 -0.003377 0.037555 0.512956 0.287296 0.176498 0.137680 -0.268535 -0.080355 
0.053766 0.061208 0.031999 0.109155 0.113586 0.184766 0.132036 0.243705 0.225134 0.186936 
-0.241112 -0.184783 0.007284 0.223794 0.215097 0.043473 0.158258 0.078550 0.996775 1.322939 
1.004278 0.433807 0.133297 0.274458 0.378102 0.294188 0.143733 0.263992 0.440671 0.319062 
0.342034 -0.073350 -0.024672 -0.047199 0.107790 0.162265 0.009035 0.116543 0.230868 0.155097 
0.150292 0.105739 0.086687 -0.097851 0.011665 0.124004 0.158774 0.355577 0.308498 0.150657 
0.073298 0.077786 0.053370 0.001669 0.254837 0.103850 -0.088871 -0.171383 -0.195779 -0.177488 
-0.230737 -0.228410 -0.246635 -0.229409 -0.119029 -0.068701 0.035012 0.173684 0.187392 0.163587 
0.187488 0.258776 0.085258 0.022309 0.370897 0.209598 0.121696 0.119385 -0.269287 -0.055722 
0.104014 0.126394 0.034366 0.041013 0.158823 0.193109 0.216212 0.330296 0.226749 0.460706 
-0.261523 -0.205152 0.166779 0.323983 0.410608 0.145270 0.170152 0.183220 0.849344 0.822230 
0.514461 0.160306 0.021105 0.232519 0.308498 0.391920 0.139981 0.310619 0.291579 0.093934 
-0.053085 -0.010423 0.055707 0.091216 0.034946 0.175206 0.122995 0.163942 0.215619 0.146279 
0.104815 0.057474 0.203751 0.041310 -0.055914 0.085950 0.176689 0.763033 0.174058 0.080256 
0.099198 0.021732 0.129559 0.105493 0.602701 0.256556 0.075521 -0.018332 -0.056991 0.008810 
0.019537 0.114189 0.203501 0.350377 0.452488 0.626887 0.476605 0.291363 0.262106 0.206782 
0.197009 0.331539 0.094918 0.064790 0.486987 0.330281 0.188470 0.090256 -0.260682 0.006076 
0.209870 0.201829 0.156842 0.124584 0.214399 0.215911 0.305614 0.332201 0.170110 0.274696 
-0.251053 -0.248800 0.114541 0.447623 0.388603 0.134367 0.282468 0.414885 1.525583 1.419945 
0.929774 0.678119 0.601260 0.883772 0.760821 0.816624 0.342551 0.347206 0.354023 0.312327 
-0.074158 -0.073605 0.084834 0.038344 0.018273 0.192031 0.088618 0.137263 0.378960 0.290195 
0.283599 0.220002 0.302842 0.238617 -0.030823 0.009401 0.156231 0.249126 -0.036644 -0.006606 
0.194786 0.070626 0.059750 -0.042268 0.474450 0.182952 -0.010200 0.051165 0.155002 0.154223 
0.155901 0.289927 0.657154 0.751118 0.825819 1.026408 0.914237 0.891632 0.849704 0.663850 
0.673032 0.860255 0.307445 0.078336 0.246271 0.072118 -0.012716 -0.037478 -0.265977 0.052721 
0.206007 0.214413 0.182926 0.157443 0.128720 0.053569 0.305074 0.398325 0.287076 0.151330 
-0.184024 -0.233765 0.012905 0.337634 0.390093 0.201474 0.408011 0.522356 2.201869 2.130830 
1.236689 0.815797 0.790081 0.951887 0.727884 0.856514 0.388601 0.280679 0.409388 0.281643 
0.057491 0.074270 0.056698 0.154786 0.105778 0.098930 0.137123 0.153062 0.498312 0.930440 
0.787022 0.185465 0.163270 0.141050 0.131633 0.035478 -0.071885 -0.048943 -0.024864 -0.006338 
0.028254 0.050843 -0.041490 -0.168341 0.051264 -0.012079 -0.115643 0.066751 0.472096 0.628193 
0.378712 0.412625 0.950621 1.154843 1.004034 0.796217 1.210941 1.109931 1.090345 0.998688 
0.957779 1.133317 0.462100 0.103202 -0.011875 -0.037307 0.016737 -0.030587 -0.171378 0.135577 
0.278815 0.243461 0.215460 0.207951 0.217199 0.117731 0.339826 0.512106 0.285878 0.205301 
-0.109435 -0.154317 -0.041171 0.161969 0.341369 0.245464 0.223985 -0.042325 1.811884 1.977550 
0.913651 0.339477 0.251751 0.584491 0.363162 0.537058 0.326298 0.143750 0.224563 0.136671 
-0.080874 0.061491 -0.005440 -0.025303 0.068426 0.105514 0.005535 -0.087888 -0.215720 -0.368915 
0.465410 1.203168 0.730265 0.235605 0.259100 0.112008 -0.097759 -0.178933 -0.188526 -0.035298 
0.050277 0.099383 0.053891 -0.040026 0.062249 0.001795 -0.044158 -0.064169 0.067500 0.457104 
0.513129 0.406367 0.898867 0.937054 1.033067 0.597398 0.462755 0.254480 0.343710 0.449503 
0.648152 0.737958 0.551231 0.516967 -0.000315 -0.177458 -0.212199 -0.152053 -0.016157 0.185946 
0.234286 0.148008 0.116390 0.159923 0.275643 0.103258 0.137426 0.506023 0.343093 0.210709 
-0.240015 -0.182901 0.034563 0.186891 0.390546 0.094340 0.184698 0.015644 0.866415 0.512197 
0.209641 0.144469 -0.027729 0.053461 0.177595 0.095106 0.067612 0.169854 0.205895 0.285758 
-0.019421 0.053322 0.003164 0.034144 0.000290 0.143313 0.055199 -0.234682 -0.375982 -0.308945 
-0.325763 0.592978 0.611211 -0.015460 0.047216 0.041701 -0.083766 -0.140526 -0.072563 0.047574 
0.075645 0.036036 -0.029435 -0.022618 0.156549 0.126707 0.121081 0.070868 -0.088821 0.111267 
0.297903 0.272113 0.630969 0.599112 0.678514 0.211845 0.086224 0.064615 0.105352 0.135011 
0.234958 0.385204 0.446415 0.452503 0.290954 0.238906 0.183096 0.203893 0.154890 0.188648 
0.198272 0.182542 0.159218 0.188968 0.156634 0.115722 0.079533 0.381359 0.308335 0.297065 
-0.248714 -0.198303 0.039086 0.189568 0.311194 0.067567 0.246266 0.120170 0.609157 0.278262 
0.071443 0.048918 -0.057711 0.047176 0.096327 0.050986 0.127486 0.159617 0.292992 0.166338 
0.067647 0.079154 -0.001264 0.001420 -0.002379 0.126442 0.253914 0.107466 0.135415 -0.092419 
0.144915 0.101828 0.326344 -0.083434 -0.117575 -0.152903 -0.128665 -0.108100 0.010737 0.003011 
0.122481 0.177627 0.134957 0.015698 0.305919 0.189359 0.333411 0.608777 0.833278 0.769042 
1.052624 0.885799 0.911720 0.484566 0.409260 0.181724 0.102202 0.192700 0.237412 0.197923 
0.164697 0.277724 0.494225 0.580184 0.823703 0.845534 0.826449 0.759371 0.281445 0.230468 
0.230122 0.205312 0.159515 0.172774 0.153032 0.147154 0.242031 0.433613 0.228979 0.329987 
-0.135582 -0.179480 0.049228 0.239002 0.288917 0.139540 0.178690 0.027541 0.579597 0.355070 
0.045730 0.015108 -0.010516 0.260375 0.228993 0.105687 0.081023 0.109556 0.240150 0.130656 
0.056404 0.021827 -0.083229 -0.009549 -0.007725 -0.042559 0.131660 0.311189 0.992049 1.377387 
1.221078 0.629705 0.306005 -0.055117 -0.187784 -0.203297 -0.151036 -0.102699 0.006060 -0.007429 
-0.028558 0.019258 0.132265 0.076566 0.276779 0.178922 0.194670 0.767782 1.134011 1.040288 
1.428435 1.337381 1.178227 0.719502 0.407700 0.212876 0.207041 0.310064 0.268711 0.237911 
0.327775 0.215536 0.424583 0.701678 1.111689 1.137039 0.907688 0.756033 0.357445 0.227459 
0.218991 0.189854 0.208059 0.192029 0.149663 0.148858 0.206633 0.520250 0.215303 0.380885 
-0.175964 -0.103227 0.102209 0.326300 0.259158 0.177145 0.162213 0.055691 0.720150 0.404596 
0.076168 -0.017876 -0.076066 0.199214 0.295710 0.115017 0.154012 0.189607 0.328830 0.209140 
0.021344 0.067053 0.021018 0.019199 -0.114518 -0.085939 -0.062781 -0.099189 -0.081066 -0.014255 
0.375173 2.677365 1.897745 -0.250811 -0.319792 -0.208094 -0.144179 -0.144159 -0.079803 -0.121937 
-0.021705 0.138032 0.090495 0.058725 0.065122 0.089476 -0.045709 0.110041 0.845529 1.070560 
1.023807 0.752845 0.752199 0.286972 0.081272 0.144011 0.169408 0.198865 0.143841 0.099350 
0.113368 0.081305 0.266658 0.568201 0.866035 0.881925 0.702403 0.487686 0.288679 0.092757 
0.281186 0.178903 0.194027 0.217132 0.199181 0.217070 0.296092 0.883110 0.295984 0.360129 
-0.231916 -0.176286 -0.024492 0.350978 0.195217 0.197258 0.230186 0.106859 0.609667 0.421726 
0.220449 0.004557 -0.134173 -0.010302 -0.063365 0.075911 0.202457 0.263714 0.319182 0.220978 
0.047107 0.067782 0.022601 0.008221 -0.107773 -0.065801 -0.119897 -0.282276 -0.325752 -0.284841 
0.079081 0.195938 -0.089798 -0.249520 -0.241704 -0.151563 -0.107044 -0.151942 -0.106924 0.064003 
0.060332 0.145302 0.133187 0.001264 0.054188 0.109701 0.107301 0.086447 0.669615 0.490259 
0.500451 0.392032 0.259790 0.134815 0.034733 0.050595 0.148146 0.229803 0.241189 0.253068 
0.108237 0.191661 0.162974 0.241143 0.529793 0.773077 0.652482 0.219657 0.100122 0.037053 
0.185105 0.182844 0.134167 0.195683 0.260224 0.242415 0.257935 0.869806 0.425716 0.340568 
-0.258384 -0.212513 -0.029216 0.341660 0.304791 0.230473 0.223710 0.133561 0.492156 0.413310 
0.254234 0.224900 0.846758 0.826979 0.785398 0.916633 1.061128 1.092895 1.074396 0.934605 
0.102753 0.066743 0.169667 0.062443 -0.078829 -0.080843 -0.218063 -0.309548 -0.254583 -0.440804 
-0.500289 -0.410098 -0.452650 -0.361113 -0.178942 -0.124632 -0.087291 -0.008881 0.075720 0.070740 
0.071534 0.042152 0.202323 0.196986 0.266910 0.176956 0.154796 0.044425 0.465883 0.299361 
0.187018 0.201741 0.139858 0.202119 0.178355 0.207143 0.384114 0.615700 0.521925 0.378407 
0.318502 0.566497 0.375807 0.438854 0.760719 0.780660 1.187374 0.565573 0.131936 0.214435 
0.323673 0.369345 0.216891 0.307446 0.345648 0.244009 0.161002 0.666899 0.429921 0.326418 
-0.180273 -0.204435 -0.035963 0.252209 0.322541 0.292502 0.208812 0.095014 0.493940 0.280464 
0.335401 0.314417 0.747225 1.073959 1.240184 1.308307 1.310962 1.379452 1.535324 0.773751 
0.089982 0.108723 0.073063 0.087664 -0.094604 -0.114676 -0.168795 -0.140262 -0.173159 -0.167646 
-0.156991 -0.311660 -0.287661 -0.103437 -0.168844 -0.169475 -0.090330 0.071671 0.096726 0.081644 
0.109250 0.068598 0.068675 0.151401 0.213635 0.198059 0.125794 0.135205 0.538259 0.318734 
0.082601 0.104309 0.149940 0.187427 0.170404 0.321326 0.359248 0.528431 0.430133 0.384555 
0.408944 0.499043 0.488528 0.783333 1.204443 1.225899 0.841627 0.294599 0.239434 0.219933 
0.351742 0.345950 0.145164 0.271660 0.239408 0.308315 0.195071 0.376632 0.265078 0.303152 
-0.129718 -0.178127 0.027674 0.198539 0.341841 0.152362 0.253460 0.269676 0.818138 0.265688 
0.347466 0.231377 0.484975 0.616192 0.786542 1.193396 1.017907 1.110718 1.077594 0.351317 
-0.090385 0.016553 0.037298 0.067335 -0.053830 0.015217 -0.079603 -0.112134 -0.145566 -0.224629 
-0.154347 -0.187734 -0.165413 -0.203343 -0.221548 -0.204037 0.550908 0.320935 -0.024405 0.139998 
0.161164 -0.011789 -0.008548 0.042609 0.245673 0.199468 0.049733 -0.013035 0.330678 0.231147 
0.209839 0.219676 0.177577 0.320387 0.323705 0.493478 0.396072 0.371218 0.322627 0.371142 
0.241318 0.310882 0.284506 0.558960 1.006709 0.988820 0.444627 0.168271 -0.177204 0.058337 
0.241891 0.296871 0.058973 0.189766 0.271029 0.316989 0.091413 0.235351 0.136624 0.232067 
-0.207479 -0.176055 0.053518 0.198723 0.255722 0.018125 0.179856 0.246349 0.959935 0.428984 
0.304778 0.310140 0.391671 0.532938 0.571975 1.148492 0.788374 0.674221 0.402566 -0.017712 
-0.172178 -0.024311 0.096916 0.041537 -0.024217 0.046269 0.004615 -0.044398 -0.083907 -0.160178 
-0.057814 -0.156933 -0.107458 -0.125040 -0.080759 -0.289729 0.093168 0.158801 -0.022911 -0.079323 
0.104435 0.058406 0.025866 0.068033 0.209085 0.211445 0.063528 -0.072879 0.102077 0.105969 
0.208718 0.238351 0.306311 0.323271 0.270591 0.361342 0.309329 0.251446 0.268548 0.253884 
0.164398 0.277817 0.248331 0.470271 0.520766 0.443108 0.190820 -0.034368 -0.256762 0.004609 
0.116621 0.117738 0.020297 0.098107 0.216572 0.147375 0.123839 0.249742 0.070770 0.259484 
-0.258314 -0.164891 0.055574 0.198696 0.134771 0.090489 -0.058455 -0.286117 0.181969 0.095633 
-0.045599 -0.028245 0.144248 0.351905 0.380408 0.932493 0.670755 0.574932 0.469876 0.194696 
-0.164416 0.088799 0.075689 0.021376 -0.012957 -0.003677 0.114702 0.098285 -0.016043 -0.009729 
-0.017839 -0.022068 -0.038484 -0.050364 -0.050725 -0.048592 -0.145180 -0.094381 -0.104805 -0.188598 
-0.004856 0.078231 0.009071 0.054653 0.113995 0.164913 0.138611 0.159453 0.348037 0.129695 
0.271680 0.409158 0.706181 0.829012 0.539086 0.648271 0.689982 0.553426 0.480751 0.395502 
0.228818 0.220245 0.090942 0.195853 0.235131 0.116218 -0.056114 -0.053315 -0.294860 -0.049924 
0.062851 0.046916 -0.021667 0.126267 0.168993 0.175959 0.065068 0.176016 0.114783 0.290063 
-0.247295 -0.136108 0.025229 0.137936 0.111258 0.038583 -0.123406 -0.305752 0.020874 0.017080 
-0.097388 -0.065828 -0.039138 -0.014103 0.013785 0.169792 0.736226 0.862356 0.902359 0.330660 
-0.192695 -0.078044 0.067744 0.084860 0.070456 0.043362 0.072362 0.122267 0.020214 0.003828 
-0.018901 0.011270 -0.014700 -0.013812 0.003873 0.017583 -0.090818 -0.022720 -0.061182 -0.194974 
-0.064355 0.038309 0.047446 0.036722 0.187408 0.163347 0.176334 0.170511 0.278493 0.231215 
0.484636 0.447920 0.512350 0.863858 0.631751 0.621185 0.687589 0.618735 0.660513 0.481000 
0.222913 0.238817 0.012872 -0.028025 -0.016152 -0.029204 -0.042693 -0.057452 -0.279508 -0.067639 
0.063741 0.055641 0.013609 0.045974 0.181465 0.134200 -0.012483 0.206684 0.266364 0.117966 
-0.217759 -0.166339 0.068923 0.182550 0.172990 0.078072 0.118604 0.025285 -0.083583 -0.039321 
0.073705 0.026511 0.122225 0.288241 0.356175 0.390477 0.753141 1.084172 1.065157 0.189590 
-0.273246 -0.058992 0.074403 0.084343 0.133539 0.138496 0.206023 0.314814 0.115590 0.210408 
0.213604 0.206031 0.208421 0.147011 0.049234 0.074723 0.023263 0.070406 0.034787 -0.055936 
0.021829 0.038585 0.132494 0.057856 0.174710 0.207956 0.144919 0.186145 0.460353 0.276136 
0.295206 0.211123 0.263543 0.482798 0.327350 0.318664 0.473938 0.453877 0.496117 0.430660 
0.343177 0.315138 0.223760 0.117247 -0.053739 -0.180322 -0.211386 -0.193733 -0.111654 0.081295 
0.176846 0.082862 0.025189 0.187484 0.300366 0.282745 -0.037345 -0.076393 0.157558 0.186959 
-0.195838 -0.196667 0.222015 0.327967 0.351914 0.166687 0.277126 0.231333 0.242370 0.327194 
0.271146 0.300197 0.834437 1.075624 0.893449 1.534042 2.081823 1.731131 1.000079 0.029462 
-0.322115 -0.124145 0.086549 0.121641 0.132048 0.166267 0.131852 0.244568 0.173251 0.194614 
0.221276 0.187407 0.196158 0.129767 0.054438 0.214038 0.031455 -0.024464 0.141585 -0.005586 
0.124910 0.103581 0.242491 0.103197 0.116516 0.234983 0.104177 0.176950 0.406023 0.299001 
0.254259 0.267694 0.136501 0.169720 0.308667 0.276956 0.351125 0.221176 0.415915 0.469824 
0.408573 0.360413 0.275278 0.220545 0.208674 0.131910 -0.010096 0.019368 0.051338 0.067742 
0.206937 0.159918 0.051382 0.235295 0.360175 0.440833 0.020338 -0.050237 0.248937 0.166477 
-0.237685 -0.165702 0.177497 0.354651 0.293348 0.088320 0.028269 -0.078593 0.049733 0.097721 
0.131563 0.089377 0.069840 0.063471 0.443083 0.821575 0.959347 0.458339 0.134393 0.123988 
-0.348138 0.018876 0.460747 0.606888 0.813662 0.967294 0.926519 0.879352 1.097410 1.230456 
1.210095 0.982236 0.867031 0.735282 0.695245 0.786332 0.418263 0.247756 0.411279 0.248819 
0.353079 0.232330 0.336329 0.340943 0.388963 0.447049 0.383075 0.469057 0.867383 0.776316 
0.678684 0.537326 0.314550 0.247737 0.320882 0.353384 0.578397 0.538012 0.550769 0.514316 
0.423739 0.322258 0.276857 0.273211 0.347589 0.559997 0.326957 0.305443 0.235059 0.082701 
0.464520 0.572889 0.301718 0.353482 0.384501 0.347656 0.014689 0.031533 0.027685 0.100303 
-0.200878 -0.153496 0.106287 0.208959 0.359294 0.176141 -0.019906 0.003769 0.109512 0.031915 
0.061270 -0.034902 -0.030662 -0.081702 0.002226 0.032545 0.415755 0.417521 0.313623 0.340871 
-0.140721 0.279643 0.905085 1.024192 1.125375 1.132394 1.403965 1.416188 1.378515 1.703900 
1.705301 1.577102 1.449218 1.361912 1.057741 0.700340 0.645354 0.330439 0.230604 0.364671 
0.440528 0.258047 0.337775 0.358770 0.350009 0.440050 0.450978 0.595501 0.865614 0.792484 
0.640530 0.590725 0.416436 0.255722 0.438473 0.556403 0.625407 0.757080 0.560436 0.492058 
0.386540 0.287895 0.260576 0.372758 0.336653 0.487763 0.750276 0.465979 0.486771 0.377774 
0.495397 0.458163 0.276466 0.411897 0.339979 0.229202 0.033526 0.088966 0.219840 0.155025 
-0.207432 -0.196964 0.075014 0.268086 0.304412 0.318019 0.144446 0.231284 0.310708 0.312072 
0.373777 0.366496 0.323823 0.153392 -0.102323 -0.251136 -0.331442 -0.301022 -0.257636 -0.283166 
0.100128 0.435864 0.705700 0.834012 0.933693 0.823144 0.729150 0.949467 1.225369 1.109074 
0.998546 0.927546 0.682246 0.584669 0.338114 0.186134 0.093953 0.219884 0.124630 0.094695 
0.337173 0.297823 0.362409 0.293020 0.224638 0.335112 0.322068 0.482495 0.546431 0.524264 
0.492515 0.514287 0.515494 0.352931 0.319465 0.431722 0.478587 0.482806 0.278649 0.165454 
0.188780 0.274902 0.387569 0.576622 0.593711 0.679385 0.470833 0.277979 0.290336 0.290856 
0.447157 0.417966 0.205157 0.256736 0.261872 0.273297 0.123449 0.078352 0.197817 0.259197 
-0.213318 -0.199759 0.154375 0.209492 0.400499 0.319666 0.250044 0.186251 0.374114 0.569220 
0.301010 0.444335 0.330613 0.065151 0.270004 0.571717 0.091570 -0.139944 0.002826 -0.030449 
0.413886 0.412854 0.468063 0.732500 0.704837 0.772306 0.398674 0.460031 0.603768 0.259089 
0.179757 0.140844 0.072318 0.125288 0.166608 -0.011408 -0.044359 0.182799 0.164552 0.061098 
0.191716 0.213132 0.242906 0.306438 0.184948 0.303570 0.252830 0.383802 0.489111 0.447346 
0.524936 0.600575 0.646104 0.499636 0.280755 0.311230 0.250275 0.145832 0.161245 0.101080 
0.168889 0.255429 0.452361 0.766001 0.688531 0.481853 0.293877 0.124872 0.100346 0.154755 
0.366318 0.359843 0.131978 0.125292 0.048456 0.063423 0.073367 0.230832 0.343623 0.267187 
0.420099 0.191312 0.524508 0.141913 0.339804 0.614710 0.579140 0.607853 0.811003 0.630666 
-0.094023 -0.070865 0.222669 -0.004731 -0.318082 0.490025 0.899879 0.195121 0.144953 0.021777 
0.081820 0.118151 0.205670 0.388650 0.354103 0.315994 0.199860 0.070061 0.042280 -0.006483 
-0.042066 0.070914 0.390333 0.519829 0.602970 0.844760 1.080802 1.310628 1.141236 0.959645 
0.944864 0.870638 0.900898 0.760720 0.418951 0.432014 0.268141 0.224402 0.282205 0.298137 
0.591953 0.623724 0.872534 0.865947 0.507664 0.265519 0.046140 -0.026874 0.029468 0.099748 
0.355083 0.368168 0.478493 0.931858 0.983136 0.644729 0.203285 0.101147 0.044132 0.071473 
0.289363 0.157574 0.137333 0.148581 0.104125 0.169184 0.020747 0.327110 0.396244 0.481211 
-0.308206 -0.187862 1.181292 0.624422 0.370767 0.476359 0.262064 0.190600 -0.132411 0.013554 
0.526113 0.367552 -0.113831 0.001835 -0.086260 0.891553 1.103391 0.120174 0.304540 0.064879 
0.143099 0.057835 0.006206 0.140034 0.165599 0.112878 0.015298 -0.059590 -0.038506 -0.035745 
-0.020200 0.238860 0.731791 0.968855 1.454392 1.667708 1.808324 1.934231 1.488691 1.241916 
1.190420 1.195107 1.032497 0.669586 0.493543 0.451145 0.310293 0.232248 0.310386 0.249032 
0.480698 0.823633 0.921030 0.707379 0.425242 0.153609 0.060175 -0.030313 0.015177 0.063443 
0.130934 0.357545 0.385941 1.152405 1.347132 0.843121 0.304779 0.046683 -0.030595 0.039681 
0.083300 0.090882 0.245435 0.286177 0.176704 0.220961 0.005341 0.158574 0.650366 1.030346 
-0.096299 -0.209802 1.089474 0.001658 0.135292 0.357948 0.146784 0.356881 0.869465 0.659102 
-0.030490 -0.094282 0.120186 0.490872 -0.145255 -0.151911 1.243269 0.368472 0.032117 0.281537 
0.115849 0.125227 0.079336 0.111889 0.272788 0.323268 0.111033 0.160047 -0.053568 -0.027762 
0.085203 0.233902 0.847676 1.090043 1.305966 0.982251 1.347444 1.423000 1.339631 1.179068 
1.052541 0.953243 0.758714 0.678194 0.425227 0.285345 0.417302 0.362702 0.413948 0.341875 
0.561422 0.725676 0.697977 0.813536 0.519999 0.276950 0.379296 0.087234 0.176236 0.218345 
0.203883 0.445429 0.715743 1.158694 1.153394 0.729029 0.382815 0.107557 0.082633 0.030254 
0.100581 0.068427 0.187296 0.449402 0.475653 0.290431 -0.004241 0.127881 0.550139 1.737574 
0.585716 0.139393 1.062451 0.391162 0.228047 1.654270 1.123920 0.428910 -0.044836 -0.038279 
-0.184498 -0.054465 0.063913 0.518952 0.403472 -0.099973 0.310621 0.122496 0.186528 0.152339 
0.184714 0.171490 0.297266 0.232650 0.361242 0.499870 0.219195 0.213579 0.065439 0.094142 
0.152905 0.590905 1.359153 1.179646 0.988304 0.745483 0.847551 0.970454 1.259629 1.352403 
1.068871 0.885061 0.669654 0.486918 0.280716 0.227055 0.484925 0.488050 0.603362 0.689300 
0.726244 0.947582 1.172886 0.755010 0.414284 0.301913 0.426117 0.213479 0.187512 0.360563 
0.373371 0.615810 0.715648 1.138881 1.470362 0.675808 0.441472 0.192786 0.071542 -0.009852 
0.162607 0.014994 0.206723 0.407473 0.608294 0.288853 0.014607 0.063585 -0.025457 1.121439 
0.385559 0.306946 0.605389 0.456669 1.114140 0.999511 0.962053 0.030703 -0.335216 -0.257974 
-0.197420 -0.280051 -0.343046 -0.220008 -0.297808 -0.364603 0.245305 0.377000 0.117334 0.290976 
0.296022 0.184061 0.206246 0.015735 0.088876 0.088648 -0.028834 0.060880 0.000714 0.067649 
-0.025739 0.174340 0.726649 0.783401 0.436314 0.256206 0.225208 0.316780 0.856766 0.769200 
0.169780 0.282857 0.246353 0.217058 0.237626 0.204800 0.300613 0.309373 0.331718 0.384749 
0.448147 0.753407 1.057824 0.722282 0.517417 0.297520 0.580973 0.510627 0.316437 0.492723 
0.522950 0.579261 0.510580 1.084047 0.993890 0.471644 0.267009 0.067987 -0.239302 -0.007790 
0.254146 0.112805 0.221691 0.268016 0.099910 0.296819 0.446769 0.562898 0.192239 0.761672 
0.074701 -0.214113 -0.114475 -0.069869 -0.061949 0.765114 0.096627 -0.169236 -0.346136 -0.144220 
-0.144676 -0.288706 -0.285815 -0.181237 0.105566 -0.212485 -0.023552 0.100767 0.071630 0.629491 
0.681482 0.180044 0.182558 0.115970 0.019837 0.008149 -0.104783 0.003675 -0.012813 0.145189 
-0.075031 -0.031669 0.223062 0.098886 0.165468 0.162186 0.095314 0.082960 0.150824 0.208849 
0.006618 -0.046429 0.007862 0.122100 0.154180 0.199703 0.234357 0.246460 0.196294 0.272824 
0.416947 0.643854 0.673375 0.558641 0.572837 0.339495 0.508689 0.408693 0.414838 0.652679 
0.466966 0.722766 0.335621 0.317988 0.276813 0.149980 0.137831 0.106425 -0.270488 -0.143681 
0.000332 0.026208 -0.025241 0.007178 0.100888 0.099121 -0.091405 0.104096 0.309913 0.555673 
-0.153065 0.433775 0.770915 0.096693 0.170919 0.118429 -0.029920 0.214772 -0.264879 0.023848 
-0.313342 -0.216206 -0.194371 -0.283139 -0.095265 -0.227356 -0.117188 -0.425990 -0.081943 0.301747 
0.261036 0.474526 0.490796 0.437089 0.177130 0.077965 -0.006151 0.154568 0.353233 0.817377 
0.525684 0.513333 0.395276 0.166946 0.047189 -0.003934 -0.090930 -0.150990 -0.111432 -0.086017 
-0.009561 0.117518 0.337527 0.292840 0.429069 0.511112 0.684842 0.617853 0.731330 0.622156 
0.713755 0.608062 0.863446 1.343087 1.031032 0.651172 0.609221 0.914361 0.547737 0.518009 
0.378728 0.513216 0.539709 0.310096 0.011744 0.018797 -0.126154 -0.131791 -0.236969 -0.141521 
-0.000642 0.003437 0.107610 0.050337 -0.003205 0.054242 -0.080659 0.336524 0.974128 0.640352 
-0.215305 -0.341212 0.617213 0.040997 0.099530 -0.081344 -0.357722 -0.176267 -0.074885 -0.112691 
-0.229375 -0.373313 -0.009513 0.568241 0.120768 -0.031184 -0.187053 -0.214770 -0.156737 0.515124 
0.424061 0.235272 0.550013 0.491352 0.388538 0.165233 0.186679 0.361981 0.514588 1.240223 
1.041989 1.166803 1.071940 0.881075 0.752414 0.737685 0.843499 0.861704 0.701150 0.806370 
0.845721 0.775110 0.766250 0.764105 0.790110 0.810724 1.068890 0.961370 1.300893 1.239848 
1.282094 1.615007 1.867111 1.583356 1.044911 0.785303 1.186330 1.219009 0.839712 0.974948 
0.711473 0.561385 0.742555 0.466038 0.302426 0.201581 0.155668 -0.057244 -0.076373 -0.031880 
0.011306 -0.080703 0.074466 0.102053 0.100074 0.363605 0.533805 0.421957 0.246647 1.050252 
-0.430313 -0.259825 -0.003918 -0.102346 0.022503 -0.281398 -0.183751 -0.178965 -0.438392 -0.235865 
-0.181748 -0.244966 -0.099379 -0.175190 0.013882 0.310452 0.122648 0.281883 -0.324355 -0.211382 
0.565589 0.484940 0.325051 0.491610 0.451024 0.259519 0.207965 0.352493 0.374800 1.020765 
0.720838 0.723912 0.667988 0.404708 0.306888 0.327483 0.267817 0.276706 0.287277 0.359492 
0.362418 0.445685 0.484077 0.407560 0.393567 0.232342 0.307019 0.404265 0.730111 1.106246 
0.693377 1.038902 1.089756 0.585432 0.473105 0.372223 0.271437 0.675526 0.563482 0.395005 
0.383222 0.458466 0.565447 0.585701 1.027684 0.262105 0.268206 -0.014630 -0.120957 0.134139 
0.136505 -0.006776 0.036348 0.143446 -0.009175 -0.059258 0.742679 0.142259 -0.055212 1.321583 
-0.377593 -0.367357 -0.053216 0.062721 0.028929 -0.048306 -0.281351 -0.130647 -0.213659 -0.100128 
-0.158299 -0.306385 0.334738 -0.279852 -0.415009 0.154799 0.071072 -0.027976 0.021229 -0.229073 
-0.121589 0.049325 0.067161 0.218144 0.606164 0.629096 0.344123 0.604536 0.496204 0.492812 
0.267689 0.091221 0.052671 0.043935 0.022186 -0.009387 -0.079588 -0.009769 -0.017739 -0.000257 
-0.070271 -0.023463 0.038371 0.139980 0.137661 0.052795 0.000865 0.077463 -0.041931 0.081090 
0.052055 0.043149 0.340013 0.334836 0.321537 0.303028 0.069978 0.095782 -0.004648 -0.065017 
-0.054143 -0.076205 -0.018025 -0.014683 0.171797 0.111457 -0.003554 0.012475 -0.197296 0.008062 
0.057713 -0.002821 0.081261 0.119587 -0.152154 0.411513 0.017692 -0.254451 0.317419 2.078334 
-0.295835 -0.378940 -0.232489 -0.181096 0.019553 0.017778 -0.154828 -0.222714 -0.248379 -0.039482 
-0.365466 -0.189900 -0.235363 -0.185753 0.233998 0.258677 -0.018001 -0.034940 -0.216052 -0.429383 
0.063887 0.211187 0.211716 0.236844 0.413838 0.358727 0.257246 0.464527 0.498151 0.531294 
0.246711 -0.014698 -0.186709 -0.211488 -0.072037 -0.110895 -0.122752 -0.098329 -0.070903 -0.059200 
-0.089879 -0.117822 -0.161794 0.003472 -0.092225 -0.076071 0.092404 0.021927 -0.134827 -0.086810 
-0.154320 -0.092137 -0.109503 -0.105530 -0.146516 -0.114644 -0.144994 -0.136660 -0.124135 -0.062736 
-0.050567 -0.018178 -0.078108 -0.114570 -0.162776 -0.169122 -0.088855 0.005054 -0.082851 -0.107404 
0.083326 0.089362 0.147740 0.139010 -0.021986 0.136808 0.229454 0.198137 -0.265546 0.402079 
-0.290025 -0.299909 0.128967 -0.037624 0.160973 0.054051 -0.214717 -0.252957 -0.147457 -0.156697 
-0.226333 -0.323951 -0.142258 -0.035395 -0.154450 -0.315693 -0.005570 0.117449 -0.162726 -0.219136 
-0.282303 -0.035968 0.142096 0.159777 0.204045 0.221717 0.176492 0.311392 0.598429 0.827523 
0.544783 0.203674 0.002543 0.100473 0.218249 0.103629 0.087638 0.103246 0.066418 0.020752 
-0.009298 -0.005478 0.001445 -0.038522 -0.009797 0.028612 0.079862 0.135453 0.066442 -0.025519 
-0.015591 0.054462 -0.010269 -0.011827 -0.128488 -0.076513 -0.052252 -0.069566 -0.025213 0.029073 
-0.041808 -0.019456 0.031463 -0.017351 -0.178194 -0.195152 -0.272320 -0.240730 0.377015 0.373495 
0.523764 0.611420 0.547328 0.158853 -0.069582 -0.288151 0.260643 0.000582 -0.233657 0.298414 
-0.149483 -0.276868 -0.212989 -0.018432 0.029231 0.111798 0.124808 -0.093238 -0.111244 -0.256301 
-0.312326 0.032619 -0.116557 -0.238609 -0.104008 -0.066721 0.135372 -0.273074 0.055820 -0.263152 
0.167983 0.077974 0.349142 0.238613 0.253052 0.153352 0.179349 0.203324 0.212927 0.255358 
0.217170 0.156043 0.004599 0.118402 0.277036 0.144133 0.060651 0.115884 0.129915 0.122605 
0.088000 0.090988 0.080571 0.043618 0.099681 0.066374 0.071104 0.024764 0.054689 0.011438 
-0.046263 0.105162 -0.009803 0.007382 -0.001192 -0.009124 -0.006371 0.011224 0.057023 -0.025687 
0.136068 0.039386 -0.049268 -0.001751 -0.064537 0.235298 -0.196222 -0.198039 -0.073310 0.061190 
0.063660 0.036806 0.208853 -0.224403 -0.377961 -0.342970 0.213977 0.615139 -0.332374 -0.066151 
-0.172894 -0.304790 -0.038471 -0.113747 -0.040546 0.063374 -0.087313 -0.158301 0.029927 0.577277 
0.304495 -0.191483 -0.239422 -0.002463 0.137201 -0.092361 -0.032524 0.188784 0.674927 0.041540 
0.185767 0.325213 0.073582 0.101417 0.271634 0.285372 0.223179 0.105846 0.030553 0.063373 
-0.014519 0.032657 -0.140305 0.020665 0.334247 0.626168 0.713492 0.496424 0.114840 0.041645 
0.205670 0.072752 0.094431 0.060252 0.073724 0.104234 0.053671 0.015208 -0.016611 -0.021135 
-0.080733 -0.072493 -0.019902 -0.020918 0.015286 0.000318 -0.052349 -0.084660 -0.050867 -0.062871 
-0.092736 0.046740 0.119732 0.664921 0.862760 0.282376 -0.121697 -0.194177 -0.022013 -0.029428 
0.091619 0.134629 -0.105610 0.270885 -0.235933 -0.039227 -0.048212 -0.180041 0.433843 0.379254 
-0.277363 -0.210891 0.064325 -0.062865 -0.046460 -0.098967 -0.204244 -0.218605 -0.221945 -0.061097 
-0.261409 -0.115140 -0.411098 -0.159969 -0.120084 -0.223927 -0.044458 0.704848 0.252594 0.002230 
0.006485 -0.018226 0.020194 0.224937 0.468386 0.321970 0.432023 0.411009 0.046148 0.076725 
-0.020473 0.021620 0.162377 0.190601 -0.047593 -0.200996 0.036638 0.193328 0.107356 0.094061 
0.175090 0.215489 0.154437 0.117867 0.057815 0.189054 0.411948 0.919909 0.558995 0.099980 
0.022200 0.041403 0.046998 -0.025398 -0.050168 0.013711 0.032216 0.125760 0.113558 -0.042952 
0.162059 0.540443 0.211755 0.721297 0.886052 0.122709 -0.197742 -0.107476 0.116750 0.394913 
-0.183471 -0.267319 -0.059895 -0.099597 0.764066 0.822818 -0.225015 0.538625 -0.095707 0.294119 
-0.146830 -0.277193 -0.162167 -0.104880 0.105905 0.068038 -0.029468 0.121063 0.116617 -0.007962 
-0.158164 -0.134810 0.037117 -0.214937 0.538804 0.197445 0.856933 -0.089290 -0.297155 -0.213966 
0.058805 -0.036681 0.203013 0.138877 0.306140 0.217483 0.311830 0.367769 0.201659 0.192943 
0.288937 0.312486 0.232179 0.163738 0.054012 0.000141 -0.122159 0.377033 0.112972 -0.049678 
0.154059 0.130376 0.209006 0.365678 0.472574 0.587507 -0.019170 -0.234416 -0.019934 0.565152 
0.579326 0.101963 0.129072 0.061950 0.027578 0.043310 0.173586 0.492890 0.860187 0.896964 
0.606399 0.681551 0.147616 0.472467 0.142684 -0.243827 -0.366279 -0.052727 0.156133 -0.331769 
-0.133715 0.084993 -0.123423 -0.314571 -0.223033 -0.332570 -0.229928 -0.210226 -0.000402 2.358901 
-0.272023 -0.228105 0.102429 -0.009143 -0.101884 0.062658 0.046470 -0.039608 0.028345 -0.007000 
-0.307705 -0.266786 -0.376663 -0.351198 -0.264243 0.165052 -0.033022 0.272462 -0.255361 -0.428219 
-0.444327 0.089657 0.168357 0.115501 0.285328 0.199686 0.180290 0.196947 0.121838 0.199841 
0.048439 0.077828 0.110687 0.273488 0.284491 0.168049 0.613213 0.715803 0.144513 0.086895 
0.380394 0.445856 0.282682 0.230900 -0.071796 -0.155760 0.004878 0.093585 -0.053280 0.215327 
0.077301 0.446705 0.173135 0.097229 0.089594 0.153300 0.127061 -0.280312 -0.025267 0.101036 
0.116019 0.096721 -0.059094 -0.198548 -0.382109 -0.252871 -0.187096 0.143788 0.431361 0.693805 
-0.121528 -0.383361 0.090021 -0.049431 -0.026561 -0.244267 -0.243885 -0.235302 0.230941 2.040995 
-0.154861 -0.077175 0.086733 -0.090390 -0.026656 0.330982 -0.113061 0.001971 0.037606 -0.145161 
-0.232294 -0.156845 -0.175108 -0.350044 0.139713 0.144049 0.422094 -0.023318 -0.360843 -0.251941 
-0.160209 0.568206 0.125871 0.077561 0.369304 0.306574 0.334620 0.205292 0.089670 0.002681 
0.078973 0.034750 0.139832 0.029204 -0.089905 0.002217 0.417787 0.180819 0.026671 0.134823 
0.590941 0.688795 0.359282 0.496290 0.303731 0.220360 -0.047518 0.158554 -0.108806 -0.106189 
0.603180 0.160305 0.170508 0.172922 0.012588 -0.141123 -0.082548 0.008673 -0.034366 0.259163 
0.040900 -0.123934 0.229269 -0.190937 -0.075104 -0.092456 0.285884 -0.039532 0.119351 -0.068042 
-0.276156 0.247188 0.173357 0.027851 -0.208253 -0.165320 -0.156682 -0.206003 -0.232204 1.030207 
-0.022584 -0.042896 0.110480 -0.112975 -0.097028 0.049229 -0.040089 0.016570 0.124170 0.037042 
0.165540 0.044842 -0.080908 -0.212120 -0.196586 -0.334053 -0.283040 -0.261370 -0.146479 -0.078235 
-0.342273 -0.074996 -0.054021 -0.058809 0.149689 0.116482 0.217421 0.231582 0.030442 0.062459 
-0.006284 0.162865 0.180976 0.010199 -0.030770 -0.257767 0.087600 -0.156270 -0.014259 -0.102898 
0.053738 0.206936 0.675997 0.636338 0.255531 -0.094709 -0.059386 0.895987 -0.169926 0.478152 
0.216745 -0.155218 0.085604 0.296713 0.121621 0.037779 0.110489 -0.323312 -0.171777 -0.060615 
0.207056 0.086265 -0.166556 -0.219450 -0.068794 -0.262611 -0.199959 -0.232322 -0.197697 -0.319462 
-0.177941 -0.262333 0.164966 -0.143066 -0.177075 -0.086986 0.103671 0.061643 0.047628 0.633235 
-0.236592 -0.185421 -0.005341 -0.129688 -0.063444 0.064375 0.034373 -0.076762 -0.083912 -0.054081 
-0.120551 -0.015312 -0.307294 -0.246504 -0.161425 -0.298649 -0.202405 -0.116124 0.247601 -0.043631 
-0.421451 -0.058683 -0.070136 -0.023705 0.307770 0.371952 0.351999 0.466266 0.348985 0.305708 
0.120651 0.292055 0.390025 0.083918 -0.035658 -0.308084 -0.276189 0.067980 0.103639 -0.075073 
-0.001580 -0.189911 -0.056644 0.215214 0.262072 0.370756 -0.208675 -0.369936 -0.181616 -0.387828 
0.032341 0.059025 0.097528 0.403653 0.452638 0.153655 -0.251411 -0.379930 -0.263773 -0.363761 
0.106909 -0.076716 -0.305806 -0.226345 -0.273282 -0.030306 0.104436 -0.140690 0.062419 0.461568 
-0.000599 -0.205258 -0.237660 -0.121037 -0.056559 -0.018643 0.164010 0.162974 0.208899 1.128353 
-0.273453 -0.254017 -0.058082 -0.138905 -0.058906 -0.021165 -0.101098 -0.008463 -0.050307 0.036310 
-0.020345 -0.138203 -0.136174 -0.086057 -0.084650 -0.022293 -0.206309 -0.323848 0.314628 0.104894 
-0.387316 -0.375111 0.224401 0.572834 0.503540 0.054201 0.022152 -0.154647 0.345051 1.272373 
1.133765 1.119707 0.523466 0.007006 -0.345276 -0.258448 -0.314053 -0.234666 -0.199469 0.232722 
0.127650 -0.171440 0.010437 -0.149714 -0.062903 -0.233709 -0.160889 -0.089566 -0.151802 -0.263207 
-0.202524 0.333585 0.078289 0.408014 0.257895 0.065300 -0.247927 -0.363655 -0.397529 -0.197131 
-0.096218 0.100816 -0.235989 -0.180321 -0.038725 -0.352844 -0.245798 -0.082927 -0.242724 -0.169766 
0.152805 -0.183851 -0.198538 -0.132243 0.072658 0.141944 0.305520 0.086092 0.242617 1.058514 
-0.228140 -0.204997 -0.084396 0.028347 0.008416 0.104909 0.179396 0.462279 0.041386 -0.053030 
0.210200 -0.041202 -0.014371 0.072936 0.210497 0.079901 -0.325851 0.984278 0.180875 -0.064446 
-0.171182 0.704090 0.093471 -0.166498 0.101201 0.391382 -0.138794 0.161761 -0.250047 -0.105796 
-0.134479 0.076020 0.336614 0.238450 -0.260272 0.065863 0.132133 -0.179992 -0.086052 -0.064393 
-0.096969 0.235504 -0.165915 -0.179418 -0.072324 -0.279946 -0.332356 -0.270216 0.054484 0.140955 
-0.307856 -0.134560 0.169885 0.871006 0.634285 -0.167158 -0.170557 -0.136264 -0.162680 0.184238 
0.041406 0.096234 -0.244873 0.339725 -0.137169 -0.151398 -0.019187 -0.138338 0.036655 -0.100197 
-0.290875 -0.349929 -0.194680 0.038701 0.186433 0.209145 0.234364 0.357529 0.453676 0.746034 
-0.138849 -0.225175 -0.215694 0.001812 -0.098330 0.209589 -0.005464 0.031996 -0.020336 -0.145096 
0.012515 -0.060104 -0.093436 0.046274 0.178569 0.507844 0.161431 -0.002412 -0.339379 -0.203783 
0.004912 -0.010911 -0.333319 0.057411 0.154782 0.323959 0.783842 -0.315409 -0.264440 0.086187 
0.715538 0.118516 0.097110 -0.100052 0.066074 0.114538 -0.099194 -0.275328 -0.003354 0.160843 
-0.027844 -0.019726 -0.076167 -0.139503 -0.343672 0.015257 0.498860 0.596919 0.554853 0.524814 
-0.122191 -0.200663 -0.059061 0.155086 0.189212 0.114450 -0.142230 -0.357638 -0.223210 -0.217979 
-0.286854 -0.091818 -0.367447 -0.310240 -0.341256 0.196634 0.011460 0.050677 -0.122451 -0.143885 
-0.057770 0.075918 -0.213639 0.162521 0.149231 0.061870 0.186303 0.490107 0.399048 0.864168 
-0.220292 -0.191206 0.058618 0.214435 0.856356 -0.028730 0.039789 0.000348 -0.027412 -0.024841 
-0.028729 -0.002528 -0.072011 0.106872 0.607117 0.211637 -0.336646 -0.364987 -0.188330 -0.184409 
-0.250741 -0.297542 -0.265041 0.063824 0.728763 -0.047831 -0.274595 -0.234358 0.200806 0.720843 
0.407995 -0.384340 -0.000804 0.302081 0.385292 0.026150 -0.251893 0.404653 0.228822 0.051304 
0.070467 -0.036391 -0.237851 0.086969 0.413661 0.122620 -0.287103 -0.363407 -0.083459 0.060597 
-0.214868 -0.065092 -0.108907 -0.107154 -0.096772 -0.438449 -0.119688 -0.017178 -0.090819 -0.264486 
0.070923 -0.006813 0.096319 1.121443 1.408225 -0.184744 -0.199078 -0.057176 -0.072750 -0.197539 
-0.152040 0.155490 0.149475 0.182239 -0.046657 -0.032460 -0.009243 -0.045005 0.322493 1.039961 
0.024079 0.048054 0.800684 0.060438 0.286336 0.135299 0.096840 0.098879 0.008291 -0.066517 
-0.021162 0.124084 0.056363 0.139299 -0.006662 -0.014419 -0.060309 -0.197750 -0.043935 -0.022212 
0.008854 -0.214196 0.203157 -0.048172 -0.119114 -0.331202 -0.230545 -0.187310 -0.198566 -0.033029 
0.358910 -0.046007 -0.223829 0.226463 0.451608 0.495067 0.339127 0.383713 0.130289 -0.004606 
-0.048556 0.056152 -0.013081 -0.011227 0.436622 0.026138 -0.084162 -0.013439 -0.269724 0.481711 
0.419511 0.042797 0.184936 -0.255297 -0.158700 -0.218561 -0.267829 -0.271565 -0.243386 -0.077070 
-0.020662 -0.048108 0.103930 0.087509 -0.352268 -0.150886 0.056453 0.154630 0.203480 0.177578 
0.003007 -0.069610 0.359053 0.045623 -0.021226 0.050718 0.000006 0.162015 0.817998 1.087679 
-0.183242 0.594733 0.822459 0.033730 0.083847 0.177468 0.109484 0.195172 0.214987 0.312804 
0.305642 0.182627 -0.043787 -0.035383 -0.019819 0.010933 -0.108080 -0.151102 -0.048217 -0.086882 
-0.057520 0.089040 0.065454 -0.109830 -0.089886 -0.101810 -0.193044 -0.197475 -0.173694 0.167429 
0.171947 -0.068396 -0.174327 0.226425 0.126950 -0.201424 -0.241078 -0.096396 0.166282 0.010779 
-0.154203 -0.197043 -0.047574 0.118794 0.207604 0.091664 -0.144190 -0.187269 -0.245316 -0.322628 
0.378596 -0.112396 -0.256692 0.024513 -0.333976 0.362354 0.046814 0.144235 -0.081109 -0.091937 
-0.059486 0.203627 0.017367 0.188793 0.134830 0.152452 0.130389 0.251261 0.317568 0.137550 
0.137177 -0.126238 -0.111977 -0.035298 0.008065 -0.098650 -0.069467 0.162042 0.596157 0.994965 
0.186615 0.073153 0.129651 -0.110466 -0.036462 0.153166 0.197902 0.301267 0.218814 0.100486 
0.311134 0.640038 0.307088 -0.075331 -0.015646 -0.045638 0.041181 -0.049873 0.080258 0.044526 
-0.059192 -0.164963 -0.073130 0.219812 -0.048776 0.058271 0.160979 0.085762 -0.171982 -0.133468 
-0.140139 -0.321826 -0.288104 -0.274610 -0.202486 -0.182966 -0.118581 0.190741 -0.203471 -0.050798 
0.888215 1.149412 0.797455 0.090395 -0.087972 -0.354642 -0.095037 -0.136667 -0.229577 -0.102560 
0.124517 -0.126081 0.251673 0.009487 -0.145737 -0.069533 0.041789 0.151389 -0.020847 0.123478 
0.317431 0.326726 0.309042 0.405652 0.258852 0.311023 -0.139040 -0.243629 -0.213287 0.089874 
0.165525 0.186462 0.288646 0.121988 -0.102744 -0.077656 -0.047716 0.078380 0.309118 1.175167 
0.137781 -0.043269 -0.157224 0.100130 -0.025856 0.000662 -0.044463 0.248375 0.348598 0.581302 
0.456303 -0.001597 -0.060626 -0.017131 -0.112336 -0.009422 0.135143 0.044849 0.073568 -0.007174 
0.031630 0.137820 0.510976 1.024175 -0.045903 0.079428 0.145316 0.150150 0.053767 -0.027982 
0.438054 -0.183806 -0.186857 -0.253478 -0.094075 0.052236 -0.059729 0.058965 0.066186 -0.045811 
0.018569 0.268177 -0.161719 -0.071460 0.323858 -0.092414 -0.160421 -0.074590 -0.074875 -0.306089 
-0.335631 -0.156183 -0.096981 -0.002745 -0.160388 -0.027099 0.254236 0.364090 0.019635 0.490472 
0.018491 0.064164 -0.038151 0.204787 0.014931 0.253431 0.266369 0.119777 -0.046747 -0.125094 
0.118955 0.216690 0.048661 -0.042392 0.037023 -0.045520 -0.037637 0.033995 -0.001526 0.918069 
-0.153105 -0.240272 -0.122902 0.002612 0.163425 0.602027 0.507354 0.220527 -0.000842 0.262021 
0.146600 -0.042714 0.009282 -0.041738 -0.055659 0.021540 0.198249 0.109912 0.081445 0.033600 
0.269630 0.511790 0.711103 0.624950 0.053981 0.063933 0.200854 0.066959 -0.079087 -0.129283 
0.016880 0.067907 -0.191478 0.143745 -0.124471 0.007698 -0.194437 -0.083574 -0.103716 -0.260488 
-0.138643 -0.201767 -0.112008 -0.225216 -0.209687 -0.008485 0.089993 0.021675 -0.157315 -0.318932 
-0.363960 -0.351190 -0.339034 -0.425469 -0.396797 -0.139686 -0.204935 0.186759 0.074934 0.036743 
0.142152 0.355073 0.473207 -0.061120 0.137901 -0.073963 0.138035 0.279572 -0.043959 0.398933 
0.075104 0.282747 0.448028 0.033626 0.081469 -0.015587 -0.041999 -0.028597 -0.112677 1.382391 
-0.092399 -0.147047 0.075406 0.126134 0.175891 0.449268 2.109691 0.557383 0.451499 0.340324 
0.230767 -0.056102 -0.019973 0.087677 0.191061 0.028501 0.144255 0.111842 0.174452 0.119738 
0.100173 0.305494 0.015856 0.371155 0.047894 -0.049672 0.398914 0.142799 0.009892 -0.024502 
0.101101 0.143911 -0.198183 -0.158712 -0.234420 -0.103312 0.165609 -0.192777 0.031971 -0.074045 
0.026122 -0.006934 -0.097844 -0.138204 -0.231025 -0.238298 -0.131281 0.274509 0.326971 -0.122733 
0.035038 -0.039924 0.071910 0.194389 0.385461 0.074914 -0.020123 0.060239 -0.140719 -0.002532 
-0.154365 -0.192654 0.278655 0.141952 0.604131 0.505163 0.819589 0.360039 -0.263898 -0.032642 
0.163279 0.102721 0.352400 0.515267 0.446740 0.133283 0.265002 0.819736 0.703595 2.044728 
-0.213878 -0.143376 0.536625 0.828851 0.722538 0.551945 0.051099 0.740253 0.513950 0.211346 
0.077165 -0.042640 0.094498 0.197289 0.244039 0.191942 0.376740 0.503835 0.405960 0.163124 
0.007303 0.044092 0.198857 0.087929 0.173285 0.093984 0.216494 0.042058 0.050054 -0.090341 
0.037909 0.011199 0.187216 0.034862 0.068030 0.108585 0.578655 0.144279 0.001345 -0.065754 
-0.109938 -0.124260 -0.059006 -0.110685 -0.009929 -0.146394 0.026832 0.108986 0.435806 0.095170 
0.160227 0.011661 -0.244691 -0.203472 0.102866 0.354208 -0.020853 -0.329682 0.118717 0.079633 
0.203232 0.514966 0.525374 0.157907 0.416158 0.455336 0.367298 0.940706 0.368299 0.092840 
0.642236 0.504339 0.233071 0.054362 0.262545 0.774947 0.499667 0.178321 0.271608 1.629858 
-0.105864 -0.215243 0.821382 0.921601 0.725936 -0.020813 0.233354 0.432042 0.293471 0.024174 
0.019788 -0.088333 -0.019137 0.120373 0.164368 0.062627 0.192271 0.901305 0.515011 0.269784 
0.069767 0.027596 0.092595 0.240826 0.015188 0.009905 -0.036974 -0.035608 0.069463 -0.048624 
0.043811 0.345741 0.103094 0.078293 0.132345 0.140679 0.181512 0.039927 0.017455 0.046837 
-0.002418 0.010444 0.018311 -0.015232 -0.063707 0.227106 0.022106 -0.132162 -0.155746 0.249742 
-0.029048 0.199485 1.022961 0.144346 0.295063 -0.135877 0.113192 0.124796 0.466322 0.721952 
0.433668 -0.034700 0.039184 0.205597 0.246071 0.782820 0.367556 -0.052822 0.098043 0.085208 
0.560030 0.155978 -0.081866 -0.130222 0.427149 0.891361 0.203558 0.323164 0.434276 1.942600 
-0.184813 0.443643 0.853918 0.485406 0.144177 -0.144754 0.038243 -0.009395 0.031474 -0.101858 
0.161284 -0.013337 0.178945 0.272035 -0.016181 -0.005179 0.522225 0.358720 0.238864 0.242584 
0.284046 0.014042 -0.152419 -0.083819 0.013086 -0.029253 0.072805 0.120909 0.136814 0.035745 
0.085372 0.325566 0.179563 0.030084 -0.024865 -0.013676 0.214552 0.083807 0.180575 0.173958 
0.170378 0.081130 0.183406 0.164354 0.279923 0.373696 0.172494 0.357079 0.443964 0.400025 
0.291548 0.943493 0.924289 -0.163154 -0.001014 -0.012880 -0.258205 -0.210785 0.035396 0.277098 
0.240591 0.115778 0.381103 0.261226 0.129786 0.027619 0.104848 -0.000548 0.481954 0.040742 
-0.014789 0.443032 1.035714 0.787650 0.338901 -0.144259 0.007519 0.445734 0.790317 1.872973 
0.170354 0.074901 0.331539 0.362296 -0.023936 -0.075400 -0.033374 -0.121904 0.348199 0.118194 
0.464142 0.201053 0.475010 0.530740 0.173429 0.549663 0.620908 0.151179 0.033012 0.129622 
-0.079243 0.006675 0.132236 0.120525 0.130929 0.131497 -0.060385 0.108836 0.515522 0.238587 
0.027956 0.092776 0.100148 0.044850 0.281089 0.054231 0.150357 0.148231 0.249559 0.253212 
0.288106 0.155296 0.307269 0.525628 0.379815 0.067563 0.029896 0.156384 0.343524 0.387644 
1.079177 0.186078 -0.214640 -0.273798 -0.224572 -0.116933 0.179310 -0.126200 -0.146005 0.723053 
0.383379 0.389638 1.116152 0.087520 -0.087496 0.143025 0.324957 1.005269 0.346702 0.667836 
0.194934 0.373533 0.023780 0.258668 -0.113136 -0.101276 -0.098987 0.171332 0.070306 1.648935 
-0.141164 -0.159919 0.216467 -0.025117 0.054665 0.101190 0.040303 -0.099270 0.406679 0.711019 
0.344217 0.165882 0.146430 0.473543 0.073731 -0.108189 0.552860 0.006284 -0.050384 -0.099556 
0.143228 0.176355 0.089670 0.077616 0.060991 0.379288 0.151571 0.458884 0.636073 0.441057 
0.421337 0.316620 0.399296 0.215707 0.217905 0.093650 0.253564 0.350372 0.272332 -0.024934 
0.208480 0.187183 -0.020779 0.028319 0.369168 0.455491 0.595356 0.876484 0.288642 0.133299 
0.337773 -0.263779 -0.235086 0.120695 0.247386 0.800017 -0.035229 -0.197490 0.228176 0.888868 
2.025023 -0.305146 -0.125143 0.337582 0.033136 -0.032945 0.147263 0.008908 -0.017263 0.152530 
-0.215078 -0.181178 -0.147299 0.028778 -0.093304 -0.173428 -0.269095 -0.129024 0.181719 1.450518 
-0.157243 -0.295491 0.161768 0.066845 0.087514 0.183280 0.231562 0.421255 1.566526 1.068009 
0.079501 0.058907 0.154322 0.248257 0.138142 0.392137 0.604755 -0.055264 -0.135265 -0.001491 
-0.039173 0.007977 0.059606 0.438520 0.333471 0.317726 0.088084 0.275155 -0.032129 -0.078019 
0.057066 -0.136092 0.001338 0.088284 0.134596 -0.046397 0.084950 -0.030576 0.022484 0.309134 
0.728864 0.215620 -0.106590 0.425382 0.539220 0.242585 0.721559 0.329924 -0.193343 0.273673 
0.239131 -0.402770 -0.402126 -0.415979 -0.264874 -0.218958 -0.344555 -0.445541 -0.263871 -0.336521 
-0.305454 -0.219544 0.066675 -0.047688 -0.234707 -0.075137 0.080875 -0.011824 -0.178037 -0.106227 
-0.098601 -0.079886 -0.029558 -0.090396 -0.098152 -0.055970 -0.046935 -0.124198 -0.074305 0.805901 
-0.054937 -0.150163 0.095950 0.074951 0.321299 0.472728 0.439081 0.230196 0.719729 0.514004 
0.076963 0.150348 0.339841 0.563170 0.541810 -0.126922 -0.123946 -0.196987 -0.042396 0.027839 
0.176296 0.354067 0.155512 0.017713 -0.108369 -0.013571 0.007699 -0.272759 -0.352807 0.011130 
0.079139 0.096806 0.193661 0.380923 0.246671 0.222225 0.324355 0.459925 0.078485 0.450377 
0.043097 0.323487 0.734544 0.366519 0.362956 0.212307 -0.249186 -0.162893 -0.293143 -0.308661 
-0.129536 0.238642 0.206909 0.079090 0.304026 -0.048446 -0.139343 -0.015679 -0.168085 -0.043641 
-0.099280 -0.256034 -0.240129 -0.016954 0.214592 0.118247 -0.065986 -0.068380 0.286017 0.117351 
0.079192 0.349563 0.488087 0.394133 0.440962 0.495204 0.362799 0.327117 0.142194 0.938437 
-0.193248 -0.277506 -0.150537 -0.127304 -0.058276 -0.087001 -0.167847 -0.201596 -0.092675 -0.103351 
-0.128897 -0.182936 -0.260354 -0.112537 -0.066381 -0.234303 -0.196383 -0.069712 -0.190143 -0.228681 
-0.207135 -0.124005 -0.190074 -0.200751 -0.283453 -0.182432 -0.156846 -0.099989 0.065271 -0.016722 
-0.175158 -0.397238 -0.438434 -0.306154 -0.281897 -0.245288 -0.348261 -0.126133 -0.237875 -0.217501 
-0.214622 -0.226689 -0.247702 -0.283227 -0.261137 -0.253635 -0.239626 -0.257066 -0.369413 -0.293098 
-0.340175 -0.362129 -0.285032 -0.395015 -0.366781 -0.317219 -0.332175 -0.320041 -0.321254 -0.312369 
-0.307549 -0.320729 -0.304875 -0.315947 -0.288023 -0.224627 -0.286928 -0.294808 -0.237859 -0.239357 
-0.156961 -0.167244 -0.060777 -0.082172 -0.127042 -0.192288 -0.295440 -0.213707 -0.204859 0.063711 
1.745053 0.459479 1.073647 1.327733 1.382886 1.242340 0.967692 1.104129 1.210722 1.321394 
1.327873 1.171700 1.181153 1.292734 1.249723 1.107005 1.157028 1.278956 1.311181 1.256679 
1.341698 1.347236 1.397927 1.409012 1.515908 1.530174 1.395659 1.482744 1.099061 1.048717 
1.300131 1.384700 1.542068 1.412436 1.417370 1.412945 1.442736 1.554960 1.462362 1.339198 
1.480463 1.562357 1.507342 1.359334 1.315068 1.393966 1.428069 1.528301 1.534994 1.442729 
1.409273 1.462863 1.538861 1.414209 1.300230 1.406796 1.474636 1.449847 1.580650 1.598779 
1.316079 0.942282 1.241091 1.542522 1.331956 1.134531 1.330445 1.493487 1.448277 1.397572 
1.427190 1.377245 1.368191 1.432684 1.445525 1.400647 1.444635 1.258146 1.206908 1.219175 
1.254207 0.480536 1.273378 1.617640 1.836857 1.211891 1.059010 1.263705 1.495589 1.644722 
1.605818 1.566244 1.619514 1.791492 1.393594 1.295937 1.450894 1.766778 1.747550 1.699078 
1.706403 1.723375 1.818924 1.806946 1.871304 1.546040 1.354892 1.558374 1.059025 1.208400 
1.622808 1.712562 1.725823 1.256039 1.446330 1.715355 1.858333 1.868450 1.532485 1.561163 
1.802506 1.849706 1.795336 1.657747 1.764578 1.731902 1.723000 1.865191 1.808602 1.645921 
1.724793 1.822145 1.897610 1.547131 1.489886 1.654521 1.733932 1.703773 1.778237 1.857502 
1.010264 0.752180 1.324394 1.749033 1.347517 1.470753 1.734767 1.783738 1.598876 1.619166 
1.695053 1.679579 1.675605 1.805263 1.782843 1.693209 1.732047 1.340245 1.667018 1.791618 
1.311800 0.610199 0.980600 1.333709 1.320845 1.113683 1.085999 1.265396 1.345821 1.451803 
1.472840 1.520359 1.597437 1.531082 1.300171 1.125990 1.319488 1.571675 1.453013 1.357859 
1.417755 1.370738 1.545983 1.499975 1.463242 1.307257 1.098470 1.514110 1.412774 1.370232 
1.521627 1.255184 1.270398 1.413258 1.747163 1.561107 0.998221 1.056408 1.374023 1.495117 
1.452100 1.388924 1.285467 1.346896 1.464061 1.556345 1.615176 1.841701 1.863060 1.674297 
1.740870 1.608124 1.367485 1.261935 1.281027 1.549051 1.750708 1.683495 1.608530 1.676765 
1.472494 1.206408 1.472217 1.316512 1.288202 1.662511 1.567599 1.144281 1.086193 1.353437 
1.578841 1.537645 1.483235 1.620224 1.567844 1.389793 1.363320 1.261431 1.431208 2.316785 
1.176693 0.477760 0.982465 1.392561 1.277632 1.251661 1.500543 1.492647 1.376880 1.461701 
1.546345 1.722670 1.565497 1.363917 1.010892 0.959871 1.261911 1.677945 1.664324 1.774988 
1.647216 1.498253 1.657392 1.637992 1.437624 1.364310 1.269781 1.550007 1.614254 1.626051 
1.661686 1.497500 1.597765 1.867702 1.808586 1.251093 0.971915 1.240340 1.593816 1.821562 
1.727472 1.560771 1.615338 1.659305 1.855029 1.869847 2.030379 2.143430 1.781467 1.553439 
1.501293 1.356769 1.187046 1.378146 1.600766 1.997999 1.987268 1.757705 1.564007 1.593579 
1.726789 1.668972 1.654923 1.682107 1.791498 1.875520 1.433506 0.764498 0.926648 1.478764 
1.746524 1.630197 1.431845 1.607921 1.514957 1.270283 1.299939 1.309411 1.511933 2.320086 
1.146225 0.461305 1.013343 1.515947 1.419503 1.355565 1.502407 1.388106 1.220102 1.305432 
1.360644 1.553372 1.218557 0.784608 0.750459 0.757928 1.015962 1.283927 1.457114 1.494191 
1.172172 0.845598 0.865064 0.778883 0.593174 0.599883 0.690441 0.893132 0.910920 0.892334 
0.760332 0.573032 0.526698 0.515626 0.159760 -0.023063 0.301060 0.778120 0.764185 0.901913 
0.755424 0.639037 0.682581 0.876013 0.957383 0.864724 0.649126 0.620164 0.227404 -0.080091 
-0.158318 -0.186763 0.078738 0.523531 0.881553 1.139936 0.624283 0.141495 0.162187 0.374613 
0.689737 0.809754 0.739601 0.588887 0.438624 0.184403 -0.049018 -0.232861 -0.043607 0.881063 
1.219012 0.749612 0.618757 1.029911 1.124422 1.130669 1.182432 1.101078 1.393864 2.427061 
1.204310 0.555770 1.108815 1.544582 1.510188 1.421007 1.537447 1.524044 1.495860 1.507567 
1.307688 1.365192 1.133465 0.876708 0.896442 1.050685 1.125545 1.249555 1.438476 1.528509 
1.338102 1.104933 0.859482 0.448305 0.302953 0.545603 0.523524 0.780817 0.834079 0.820425 
0.812793 0.613268 0.608262 0.229488 -0.080632 -0.165119 0.064919 0.618237 0.602248 0.618721 
0.686958 0.803151 0.995641 0.946318 0.993444 0.792247 0.767077 0.585270 0.246273 -0.035743 
-0.197187 -0.265390 -0.138123 0.389798 0.829812 1.044436 0.618950 0.187621 0.156639 0.291945 
0.545246 0.832975 0.898621 0.826086 0.469215 -0.020895 -0.226223 -0.285385 -0.151453 0.826574 
1.041665 0.468325 0.377500 0.954624 1.153810 1.073660 1.171533 1.079393 1.461865 2.421145 
1.241539 0.615395 1.078321 1.558271 1.625683 1.700759 1.770916 1.768629 1.944867 1.535064 
1.248813 1.386903 1.543740 1.399372 1.326756 1.549153 1.593448 1.417132 1.596319 1.797752 
1.668839 1.276428 0.742893 0.255020 0.213134 0.613646 0.805073 0.896576 0.981650 1.074291 
1.145875 0.916468 0.905009 0.482444 0.084716 0.145643 0.216605 0.589324 0.697621 0.752479 
1.069167 1.320499 1.489539 1.322909 1.042298 0.763767 0.769184 0.789590 0.499225 0.090748 
-0.158332 -0.225243 -0.010269 0.575982 0.945479 1.200157 1.021362 0.583467 0.409319 0.420280 
0.682396 1.054687 1.365092 1.336027 0.598808 -0.116618 -0.256375 -0.217307 0.127164 0.993368 
1.047565 0.706139 0.931051 1.274217 1.284630 1.278431 1.320143 1.292216 1.527424 2.422328 
1.266476 0.623874 1.113135 1.598342 1.787423 1.961901 1.816069 2.160075 1.930736 1.120187 
0.995942 1.268044 1.492900 1.220760 0.944103 1.465798 1.587410 1.356403 1.538788 1.824109 
1.495492 0.858549 0.537244 0.410152 0.446695 0.699240 0.637218 0.714687 0.765452 0.913144 
1.127202 0.949268 0.697161 0.310572 0.041478 0.051317 0.042909 0.408291 0.634456 1.040437 
1.235723 1.323799 1.309030 1.079906 0.993702 0.704398 0.583330 0.391038 0.143394 -0.013800 
-0.167832 -0.029287 0.187297 0.633224 0.890546 1.087987 1.005978 0.751132 0.634490 0.699816 
0.760036 1.014808 1.381677 1.443100 0.519852 -0.164579 -0.263117 -0.096927 0.259459 0.972577 
0.989689 0.948846 1.206427 1.433132 1.434869 1.325074 1.372680 1.337276 1.526136 2.413372 
1.282446 0.580313 1.032264 1.521600 1.733517 1.788117 1.240844 1.275961 0.155565 -0.306505 
0.296487 0.591933 1.032098 0.864301 0.838766 1.190021 1.238963 1.012041 1.511186 1.788658 
1.490031 0.920666 0.739964 0.903807 0.979059 0.834378 0.807565 0.891642 1.013329 1.025664 
1.133288 0.934745 0.407358 0.014363 -0.067326 -0.065690 0.019131 0.497457 0.931392 1.385180 
1.358205 1.221469 1.029258 0.999371 0.876280 0.625747 0.209914 0.013265 0.024797 0.240013 
0.358678 0.626940 0.942294 1.238395 1.410419 1.458868 1.268075 1.124853 1.118574 1.129366 
1.165398 1.199194 1.636839 1.821935 0.852769 0.042678 0.029665 0.209074 0.541574 1.099962 
1.025633 1.074436 1.351971 1.345238 1.245233 1.235868 1.350090 1.408857 1.600590 2.412284 
1.196035 0.337850 0.808867 1.462835 1.602480 1.571368 1.165622 1.201842 0.910272 0.208515 
0.539905 0.813301 0.767439 0.741876 0.802170 1.017379 0.690996 0.646504 1.082598 1.178187 
1.033685 0.820563 0.787249 1.025289 1.117655 0.955441 0.878407 1.075526 0.891124 0.715558 
0.624645 0.607447 0.438096 0.166852 -0.117635 -0.239753 0.017437 0.714118 1.183046 1.427071 
1.074324 0.792146 0.839397 0.886723 0.777052 0.657324 0.453914 0.319896 0.345408 0.655999 
0.686850 0.979229 1.089209 1.423398 1.515070 1.402081 1.157473 1.040501 1.160210 1.313143 
1.378760 1.144508 1.372684 1.617912 0.901791 0.306491 0.353647 0.344828 0.510421 1.202749 
1.280799 1.295544 1.454151 1.510701 1.403970 1.296929 1.358416 1.480321 1.628350 2.315272 
1.056779 0.311423 0.802707 1.479606 1.556992 1.514728 1.572113 1.637972 1.552120 1.102973 
1.064486 1.494535 1.189089 0.894388 0.896139 0.844893 0.710767 0.650853 0.740011 0.728180 
0.827011 0.894690 1.024486 1.323558 1.260457 0.675356 0.480336 0.652027 0.389079 0.223270 
0.477235 0.633488 0.400541 -0.001125 -0.226992 -0.314215 -0.048605 0.669008 1.219160 1.121309 
0.787875 0.635389 0.874148 0.883545 0.879554 0.922629 0.866782 0.466036 0.374767 0.595539 
0.790892 0.733564 0.937834 1.390822 1.557608 1.449620 1.216410 0.926585 1.107500 1.276062 
1.472655 1.467679 1.683397 1.883469 1.168173 0.453044 0.322064 0.264169 0.517864 1.284236 
1.413648 1.394841 1.494334 1.639497 1.515929 1.218038 1.300492 1.417107 1.570591 2.321248 
1.106712 0.346114 0.983867 1.452628 1.546049 1.468811 1.519132 1.748351 1.601836 1.193428 
1.202752 1.448701 0.966920 0.583483 0.550124 0.687068 0.823570 0.789269 0.642206 0.893018 
0.963046 0.982513 1.094788 1.249723 0.987733 0.438541 0.307927 0.526220 0.208836 0.284289 
0.623691 0.723669 0.416531 0.155338 -0.061141 -0.097577 0.158014 0.854045 1.308487 1.035893 
0.707163 0.675298 0.807824 0.914245 0.971447 1.116366 1.114178 0.983613 0.939306 1.340590 
0.807646 0.503337 0.760348 1.222486 1.306832 1.279514 1.275800 1.175787 1.078279 1.173037 
1.495018 1.737093 1.813341 1.707593 1.149846 0.614040 0.310821 0.227381 0.548641 1.366457 
1.521825 1.470511 1.495215 1.611787 1.600987 1.472518 1.404936 1.270986 1.430515 2.359177 
1.183513 0.493635 0.967214 1.396452 1.584276 1.573239 1.707325 2.063148 1.764186 1.092870 
0.877386 0.720369 0.359043 0.363991 0.703325 1.011119 1.110509 1.200157 1.253172 1.380899 
1.210461 1.060350 1.148590 1.381784 0.766343 0.398708 0.613800 0.981105 0.864625 1.012855 
1.174033 1.351265 1.217324 1.133261 0.902546 0.772511 1.005968 1.400010 1.645936 1.293250 
0.887349 0.777216 0.808142 0.994075 1.248571 1.381547 1.486900 1.538468 1.655288 1.558562 
0.941691 0.481656 0.529531 0.468129 0.678468 0.684113 0.886744 0.993500 0.903453 0.777521 
0.988824 1.343203 1.305735 1.102322 0.851553 0.434692 0.197463 0.138253 0.503652 1.406693 
1.519776 1.333181 1.408696 1.650984 1.792516 1.670640 1.499674 1.375962 1.508526 2.410220 
1.208914 0.466739 0.903407 1.427042 1.685642 1.734252 1.912648 2.332925 1.777909 0.789268 
0.525723 0.486880 0.379309 0.725359 1.002421 1.049225 1.131976 1.488981 1.702413 1.694682 
1.527180 1.183730 1.184878 1.341464 0.530543 0.166848 0.686711 1.088575 1.032929 1.046753 
1.419502 1.584101 1.707823 1.680663 1.471155 1.222074 1.349818 1.479992 1.710401 1.638547 
0.985844 0.712126 0.705622 1.113825 1.456631 1.598458 1.624258 1.710293 1.617645 1.292301 
1.041302 1.047705 0.876198 0.618269 0.558828 0.515622 0.731270 1.038565 1.056323 0.886258 
0.980689 1.290510 1.421405 1.158670 0.789011 0.490248 0.311542 0.183887 0.347945 1.320920 
1.499291 1.334784 1.423519 1.729211 1.776987 1.631012 1.577931 1.441256 1.527999 2.421088 
1.148401 0.459404 1.070498 1.672163 1.940940 1.780222 1.875207 1.955123 0.757923 -0.077807 
0.015289 0.407263 0.638607 1.132790 1.172458 1.067966 1.270706 1.635006 1.815164 1.724368 
1.272389 0.572642 0.443818 0.413363 0.235981 0.113034 0.380464 0.829158 1.032576 1.302989 
1.531911 1.618900 1.445061 1.344283 0.754361 0.402980 0.727104 1.107844 1.518361 1.780957 
1.087133 0.388149 0.522270 1.094844 1.744703 1.920456 1.936177 2.013848 2.141636 1.681063 
1.592530 1.848338 1.693550 1.112607 0.803095 0.729811 0.931354 1.317842 1.326325 1.223083 
1.327042 1.494020 1.718182 1.637732 1.296288 0.954359 0.255872 -0.103002 0.157208 1.310772 
1.586090 1.535991 1.641825 1.728125 1.650351 1.372062 1.504667 1.456002 1.406248 2.270444 
1.152171 0.482637 1.382813 1.987509 1.964510 1.427842 1.324954 1.451874 0.360012 0.060468 
0.336758 0.679482 0.944492 1.297897 1.294314 1.303236 1.406045 1.617664 1.495440 1.500152 
1.033130 0.723707 0.649379 0.480865 0.183183 0.613314 0.711630 1.079895 1.249378 1.426580 
1.566127 1.478629 1.243351 1.085325 0.784253 0.709107 0.849083 1.057583 1.250760 1.750167 
1.217052 0.846396 0.855906 1.528785 1.825631 1.780392 1.880667 2.335329 2.236925 1.359731 
1.047773 1.529252 1.374047 0.920257 0.613697 0.565591 0.705741 1.230182 1.443823 1.481528 
1.515305 1.462103 1.828013 2.122327 1.635471 0.798405 0.001963 -0.254166 -0.040763 1.236935 
1.539957 1.457165 1.632958 1.799129 1.624187 1.080281 1.200065 1.242635 1.315063 2.307465 
1.127750 0.552661 1.396235 1.584739 0.806718 0.463980 0.625830 0.809968 0.673455 0.884440 
1.199624 1.186931 1.238920 1.493226 1.537576 1.310733 1.278837 1.499055 1.530573 1.457466 
1.635679 1.463958 1.401888 1.137709 1.061814 1.271104 1.443259 1.490474 1.471735 1.467787 
1.598458 1.437781 1.196686 1.191011 1.163040 0.930782 0.976360 1.122101 1.442271 1.812373 
1.659847 1.219043 1.490172 1.912570 1.502658 0.637897 1.103481 1.613635 0.543657 -0.233292 
-0.300098 -0.064953 -0.130303 -0.126273 0.054703 0.147217 0.273965 0.898140 1.295949 1.443089 
1.482369 1.331256 1.717444 2.093655 0.899071 -0.071971 -0.329903 -0.353760 -0.265581 0.880483 
1.363551 1.428397 1.636864 1.810448 1.538868 1.060318 1.095840 1.214555 1.483045 2.391342 
1.120634 0.500154 1.390592 1.315363 0.749786 0.747915 0.649162 0.638807 0.961171 1.447934 
1.644258 1.433786 1.299147 1.566725 1.616502 1.422526 1.387100 1.518102 1.420297 1.412504 
1.733680 1.514598 1.391892 1.505658 1.518490 1.637509 1.589944 1.437656 1.326848 1.385387 
1.627647 1.380842 1.195695 1.138342 1.159758 1.039440 1.111845 1.318221 1.499707 1.646169 
1.526202 1.402870 1.777215 2.317103 1.375287 0.525510 0.831308 1.383705 0.335988 -0.317747 
-0.313280 -0.268024 -0.287861 -0.108622 0.003941 -0.100093 0.011530 0.792547 1.255685 1.514566 
1.510428 1.405147 1.862433 2.308982 0.981751 -0.152032 -0.355507 -0.384353 -0.371546 0.824292 
1.439760 1.497532 1.447663 1.303343 1.189183 0.966934 1.219991 1.301199 1.609597 2.414474 
1.155440 0.533337 1.286895 1.565550 1.277694 1.229870 0.904760 0.905764 1.462897 1.754401 
1.804518 1.394460 1.258897 1.399465 1.532483 1.582286 1.512820 1.380591 1.260511 1.345250 
1.532548 1.215831 1.073620 1.309305 1.145754 1.206557 1.293148 1.278288 1.325945 1.529330 
1.554368 1.439368 1.356439 1.335880 1.244694 1.361843 1.450457 1.570233 1.561638 1.500109 
1.539838 1.526605 1.833806 2.134387 1.591590 0.665241 0.464449 0.448946 0.036134 -0.296308 
-0.319050 -0.332423 -0.237010 0.137877 -0.079624 -0.300468 -0.059683 0.920739 1.409931 1.605820 
1.652786 1.504908 1.964379 2.352962 1.151864 -0.134597 -0.354679 -0.423435 -0.262374 1.037763 
1.524283 1.462075 1.304904 1.340945 1.195896 1.120900 1.224483 1.401718 1.634965 2.410213 
1.134813 0.456917 1.236241 1.596515 1.434125 1.385430 1.397497 1.684822 1.919332 1.790550 
1.478322 0.996028 1.065100 1.427104 1.409995 1.703822 1.651527 1.435349 1.324182 1.273809 
1.035677 0.941174 1.078444 1.506536 1.309400 1.115583 1.142871 1.272702 1.440501 1.571624 
1.624484 1.582070 1.398545 1.306858 1.371081 1.264428 1.398698 1.568421 1.382306 1.352184 
1.552247 1.454481 1.655269 1.876572 1.617089 0.821057 0.244592 0.189359 0.089609 -0.088843 
-0.198355 -0.127060 0.093400 0.499834 0.070705 0.007889 0.488168 1.196868 1.480106 1.662007 
1.734611 1.560908 1.935015 2.248550 1.204025 -0.074185 -0.313725 -0.396414 -0.179794 1.075271 
1.542383 1.387176 1.418493 1.474779 1.453776 1.335648 1.392789 1.410456 1.553653 2.386293 
1.030781 0.410111 1.173330 1.444960 1.394558 1.528536 1.672106 1.942858 1.662593 0.874586 
0.506552 0.239420 0.651575 1.304523 1.422067 1.556229 1.569680 1.391519 1.228722 1.055830 
0.659225 0.791210 1.360135 1.755702 1.365511 1.123458 1.371509 1.469414 1.497733 1.603070 
1.754134 1.644566 1.574759 1.616882 1.322066 1.037438 1.212497 1.298447 1.259808 1.497865 
1.585409 1.563304 1.745756 2.074501 1.790769 1.151707 0.971327 1.142431 0.982603 0.788022 
0.642862 0.816554 1.045782 1.337880 0.985688 0.848045 1.369163 1.624473 1.610168 1.696615 
1.747236 1.665357 2.053435 2.428936 1.491367 0.326503 -0.119542 -0.289740 -0.161641 1.175362 
1.575546 1.488275 1.514950 1.700738 1.528077 1.447941 1.506989 1.445533 1.634198 2.335617 
1.074209 0.616838 1.273656 1.591283 1.710355 1.759310 1.902348 2.159759 1.562517 0.751285 
0.320811 0.116112 0.553218 1.356610 1.439482 1.336299 1.428269 1.486720 1.222596 0.750090 
0.910558 1.084436 1.598505 1.636354 1.468032 1.527494 1.574260 1.634466 1.617964 1.647982 
1.681821 1.680463 1.666514 1.747806 1.606759 1.163598 1.207671 0.768305 0.826446 1.262087 
1.417709 1.533020 1.824491 2.140176 1.734659 1.066186 1.129970 1.288195 1.277516 1.223366 
1.278064 1.440960 1.593617 1.630515 1.536215 1.456803 1.631557 1.704592 1.710645 1.754384 
1.780126 1.670768 2.017545 2.286438 1.414497 0.483835 -0.095667 -0.291044 -0.007788 1.305241 
1.581652 1.558140 1.659908 1.785529 1.710105 1.580090 1.546436 1.404823 1.609421 2.288178 
1.254263 0.810149 1.283618 1.505576 1.701774 1.762656 1.967434 2.471376 1.877201 0.936114 
0.522738 0.260208 0.710567 1.451568 1.527548 1.447070 1.468622 1.609128 1.304277 0.956253 
1.130803 1.614137 1.643143 1.625924 1.686946 1.654701 1.644022 1.771166 1.771928 1.775319 
1.862159 1.837060 1.835865 1.797294 1.848604 1.758412 1.347880 0.646630 0.508662 1.209176 
1.356606 1.571453 1.812354 2.087899 1.352239 0.647807 0.909725 1.184801 1.241338 1.305335 
1.359004 1.533632 1.651099 1.655781 1.578714 1.524834 1.557999 1.739507 1.777026 1.881647 
1.996811 1.876506 2.030336 2.248649 1.265446 0.351319 -0.126355 -0.220576 0.241110 1.400158 
1.569202 1.586902 1.700386 1.802312 1.724313 1.687794 1.622831 1.420202 1.515918 2.254737 
1.306639 0.695208 1.032106 1.472477 1.586043 1.721692 2.269488 2.718784 1.713943 0.498293 
0.136868 -0.033574 0.357125 1.236596 1.417561 1.160055 1.268285 1.495554 1.335299 1.017042 
1.281300 1.743101 1.704935 1.540600 1.648288 1.727941 1.673602 1.814565 1.644637 1.573578 
1.651601 1.781937 1.695166 1.627690 1.734295 1.677800 1.369852 0.956027 1.042013 1.397509 
1.396152 1.511461 1.713490 1.779816 1.177807 0.724882 1.104339 1.367241 1.438633 1.411023 
1.493144 1.759671 1.625453 1.485130 1.369174 0.981311 0.863220 1.377637 1.603439 1.834915 
1.911365 1.639438 1.597723 1.778413 0.991488 0.419470 0.095734 0.200801 0.682794 1.472739 
1.596171 1.594969 1.559834 1.619289 1.684767 1.725214 1.582310 1.302023 1.402832 2.328294 
1.244958 0.484747 0.942338 1.441089 1.598700 1.778157 2.227573 2.666922 1.001383 -0.131791 
-0.204711 -0.208888 -0.019766 0.537581 0.858879 0.755166 0.792577 1.304855 1.201399 0.804417 
1.172701 1.625013 1.693296 1.695665 1.721573 1.739959 1.725549 1.697618 1.352314 2.003818 
2.176782 1.771856 1.482172 1.639516 1.668766 1.676164 1.617813 1.481151 1.644298 1.640971 
1.322960 1.168909 1.356770 1.771159 1.433859 1.232693 1.514544 1.584117 1.526981 1.391125 
1.498637 1.717678 1.227108 0.826072 0.505595 0.364464 0.631092 0.835245 0.831617 1.208008 
1.211631 0.788703 0.891492 1.247619 1.158216 1.035549 0.828458 0.826071 1.170363 1.497180 
1.496387 1.448962 1.386072 1.467431 1.601784 1.770158 1.516045 1.108547 1.167172 2.290808 
1.103753 0.455175 1.108381 1.580376 1.766067 1.782161 2.012896 2.517031 1.226284 -0.066736 
-0.293340 -0.175149 0.032407 0.501359 0.764373 0.693001 0.723684 1.183125 1.131943 0.896623 
1.220128 1.498920 1.667239 1.819058 1.754505 1.612283 1.562270 1.826989 2.454342 2.433648 
1.296976 1.034357 0.882775 0.941556 1.374529 1.383078 1.568689 1.710796 1.678308 1.483948 
1.280771 1.199493 1.487797 1.806233 1.682410 1.545046 1.659516 1.691884 1.802693 1.117459 
0.849139 1.372712 1.158667 0.872672 0.505285 0.382682 0.484501 0.732987 0.889919 1.072192 
1.025943 0.648426 0.802837 1.007895 1.114743 1.175901 1.189881 1.279732 1.371077 1.507417 
1.401016 1.289955 1.391861 1.539565 1.650586 1.684693 1.634355 1.112620 1.099700 2.359563 
1.286233 0.775124 1.054105 1.608114 1.885857 1.812144 1.895674 2.617331 1.604950 0.193810 
-0.049293 0.061427 0.188851 0.643864 0.934015 0.813854 0.993053 1.373692 1.150908 1.001486 
1.236716 1.518828 1.657524 1.876694 1.783183 1.614272 1.626863 2.045715 2.584758 1.692596 
-0.186577 0.034889 -0.253138 0.375400 1.143577 1.370126 1.575702 1.673131 1.604018 1.525515 
1.479015 1.539451 1.669501 1.801482 1.480212 1.361400 1.573922 1.798295 2.037426 1.572273 
1.294132 1.671795 1.424380 0.985723 0.476276 0.247146 0.586037 1.007086 1.298709 1.408288 
1.210466 0.903404 0.905035 1.039092 1.089955 0.981747 1.135346 1.332371 1.440157 1.517480 
1.419521 1.386503 1.526843 1.651203 1.615710 1.650158 1.661958 1.241097 1.306870 2.403236 
1.322273 0.456348 0.900757 1.663776 1.857569 1.845921 2.017577 2.541026 1.499951 0.168196 
0.099732 0.225692 0.407633 0.931457 0.961327 0.972451 1.174162 1.363991 1.158362 0.860001 
1.149494 1.385917 1.734747 1.793549 1.689937 1.651106 1.682354 1.852047 2.451446 2.030080 
0.438785 0.367188 0.435152 0.240414 1.196422 1.347445 1.525751 1.582322 1.649564 1.718638 
1.638412 1.657944 1.652727 1.725641 1.555270 1.469523 1.825838 1.907396 1.939554 1.943301 
1.699676 1.527124 1.252357 0.815338 0.495443 0.491403 0.742456 1.322414 1.483655 1.556964 
1.419032 1.245056 1.177948 1.173899 1.116160 0.788186 0.853141 0.954777 1.099357 1.458758 
1.448323 1.531721 1.627430 1.687474 1.687371 1.669616 1.619264 1.369370 1.406563 2.393791 
0.998749 0.246040 1.043656 1.695271 1.830394 1.878826 2.102752 2.534085 1.449914 0.267775 
0.164821 0.330700 0.609185 0.846535 0.802467 1.035697 1.280949 1.480109 1.291737 1.054997 
1.196206 1.382153 1.696229 1.767269 1.773580 1.669908 1.809535 1.922827 2.189313 1.400298 
0.200355 0.808754 0.301424 0.277277 1.175626 1.428978 1.616083 1.709433 1.749215 1.760994 
1.738084 1.536381 1.430021 1.393202 1.385206 1.486423 1.777437 1.672659 1.196156 0.938824 
0.743597 0.511971 0.257545 0.269356 0.483917 0.593796 0.751134 1.313295 1.487423 1.583795 
1.502496 1.340546 1.405625 1.362724 0.933576 0.301974 0.277885 0.445866 0.683326 1.326115 
1.515820 1.633796 1.683648 1.701122 1.720921 1.737494 1.711696 1.342396 1.289934 2.332440 
1.097009 0.540145 1.434275 1.648832 1.792158 1.880268 2.080467 2.618907 1.621374 0.450069 
0.263760 0.435158 0.705819 0.731673 0.751783 1.109504 1.347815 1.520164 1.331883 1.136878 
1.294659 1.446671 1.690733 1.703418 1.752056 1.762309 1.667674 1.725458 1.499154 1.426522 
1.168207 0.541263 0.534081 0.513141 1.404582 1.631855 1.718441 1.758258 1.779393 1.682278 
1.585505 1.427300 1.243974 1.427678 1.367214 1.478293 1.786790 1.969456 1.416927 0.760120 
0.507486 0.364492 0.303692 0.367395 0.660929 0.884914 0.895577 1.302629 1.602196 1.585896 
1.485470 1.413226 1.558400 1.690528 1.174159 0.548736 0.308150 0.217360 0.397661 1.109725 
1.542524 1.630652 1.658405 1.699120 1.782604 1.813419 1.722740 1.162988 1.061979 2.218306 
1.242474 0.703665 1.236049 1.592796 1.715831 1.883502 2.246041 2.589449 1.546897 0.375782 
0.167425 0.415892 0.783401 1.173345 1.513043 1.813998 1.675450 1.721162 1.646499 1.329465 
1.367906 1.597325 1.571320 1.540994 1.630518 1.746888 1.731384 1.727279 1.666183 1.651961 
1.482924 1.126499 0.985329 1.607750 1.579888 1.668502 1.788810 1.859581 1.739600 1.656660 
1.539872 1.418721 1.328347 1.511577 1.645795 1.617789 1.815774 2.234584 1.490285 0.798813 
0.723046 0.568622 0.430395 0.725732 1.007781 1.174562 1.172970 1.345518 1.588576 1.649856 
1.636921 1.651967 1.953323 2.056610 1.237961 0.476018 0.291926 0.075709 0.281351 1.220202 
1.650658 1.685878 1.665284 1.754474 1.803944 1.743594 1.577377 1.003855 0.866314 2.162535 
1.229792 0.574209 1.138569 1.646624 1.839873 1.900317 2.197672 2.540730 1.534570 0.513867 
0.404662 0.571339 0.782743 1.225000 1.623996 1.834053 1.706144 1.594704 1.242229 0.750564 
0.858487 1.620325 1.647731 1.433954 1.599694 1.655740 1.723479 1.874418 1.678645 1.501729 
1.496756 1.554852 1.765890 1.545786 1.565892 1.717692 1.857188 1.726495 1.604605 1.572185 
1.497168 1.491141 1.594028 1.715619 1.735779 1.604458 1.782863 2.008785 1.422346 0.852922 
0.824630 0.869846 0.780054 1.024048 1.108310 1.221591 1.330254 1.373418 1.427419 1.524585 
1.699220 1.765278 2.083423 2.261801 1.274767 0.497907 -0.090142 -0.275345 0.066584 1.274433 
1.642931 1.561440 1.544860 1.734344 1.714934 1.566435 1.489108 0.897535 0.728427 2.096699 
1.222247 0.553104 1.263634 1.693847 1.887037 1.893222 2.040911 2.465000 1.696623 0.687743 
0.465283 0.585992 0.654502 0.538159 0.664894 0.786841 0.584578 0.400124 0.214714 -0.074379 
0.438390 1.498359 1.525684 1.403342 1.533355 1.577320 1.686660 1.694092 1.747792 1.785437 
1.703604 1.634719 1.661658 1.622236 1.703864 1.925222 1.505521 1.297909 1.305567 1.395950 
1.327065 1.526860 1.647323 1.725138 1.444621 1.383395 1.704788 1.932976 1.404972 0.850697 
1.050017 1.321738 1.370311 1.191106 1.125913 1.307021 1.402001 1.277420 1.202880 1.357862 
1.630581 1.561654 1.646214 1.625170 0.866698 0.061517 -0.275595 -0.299252 0.038714 0.955776 
1.447052 1.370292 1.419154 1.577481 1.477328 1.274024 1.256067 1.098540 1.257327 2.428792 
1.147394 0.514643 1.224514 1.773791 1.771690 1.694582 2.002618 2.465940 1.605987 0.559091 
0.409340 0.913005 1.018616 0.645769 0.666123 0.611366 0.472111 0.231118 -0.051041 -0.182148 
0.208196 1.398106 1.496830 1.494156 1.634878 1.625424 1.668920 1.676811 1.724620 1.719900 
1.631110 1.604779 1.646124 1.631782 1.828373 1.743927 0.874732 0.709375 1.241599 1.263377 
1.181483 1.474966 1.703851 1.703321 1.496218 1.371420 1.581026 1.827162 1.358440 1.010300 
1.169855 1.548516 1.467298 1.144945 1.142261 1.307970 1.290363 1.191829 1.164647 1.341068 
1.616112 1.492078 1.672235 1.704150 1.080913 0.267003 -0.169673 -0.252850 -0.135914 0.963999 
1.232680 1.147896 1.288076 1.565538 1.324840 1.171233 1.204959 1.252797 1.569839 2.505149 
1.219124 0.554927 1.050611 1.483411 1.677190 1.596963 2.020622 2.519695 1.285738 0.224633 
0.394157 0.960648 0.953223 0.670686 0.955637 0.659294 0.487416 0.385192 0.133021 -0.016668 
0.436713 1.269304 1.502617 1.579497 1.672770 1.597002 1.423440 1.351256 1.454738 1.485904 
1.501377 1.554625 1.561678 1.540428 1.525271 1.535772 1.190560 1.159190 1.136168 1.294188 
1.314520 1.404941 1.541479 1.675001 1.529647 1.408658 1.477454 1.820830 1.699317 1.427044 
1.398120 1.388662 1.384735 1.277277 1.442647 1.410170 1.187239 1.258530 1.403137 1.429400 
1.535861 1.440054 1.706686 1.785313 1.079974 0.179917 -0.196864 -0.283942 0.035737 1.009181 
1.115259 1.129471 1.524638 1.614533 1.410045 1.295177 1.329283 1.241088 1.588797 2.394826 
1.250491 0.515727 1.039676 1.532941 1.626941 1.667247 1.918434 2.321985 1.451464 0.637508 
0.755724 1.112574 1.114661 0.844944 0.945190 0.751966 0.499121 0.402003 0.045431 -0.201304 
0.086362 1.300680 1.437901 1.680666 1.750415 1.652051 1.492839 1.300454 1.417526 1.516246 
1.563786 1.581066 1.569423 1.593019 1.567591 1.562037 1.698422 1.439946 1.255622 1.571504 
1.346655 1.327814 1.525204 1.708404 1.591607 1.512594 1.627354 1.834514 1.690862 1.528605 
1.572557 1.592946 1.476074 1.268532 1.364184 1.326774 1.072410 1.217361 1.408634 1.424183 
1.500818 1.411442 1.614120 1.556510 0.897195 0.251976 -0.039558 -0.015557 0.366709 1.140262 
1.264625 1.392765 1.554096 1.649125 1.425433 1.365809 1.399492 1.356459 1.621322 2.266535 
1.158760 0.550500 1.173422 1.608612 1.682937 1.726861 1.937458 2.220008 1.918025 1.245397 
1.293341 1.591675 1.687057 1.500848 1.902434 1.759840 1.239963 0.619668 -0.037543 -0.332787 
0.001623 1.197358 1.500329 1.694943 1.776538 1.740544 1.552626 1.346996 1.457424 1.538742 
1.544035 1.552082 1.642807 1.645234 1.610947 1.713992 1.600168 1.344138 1.239591 1.374704 
1.348846 1.384481 1.489456 1.680140 1.624670 1.580081 1.745930 1.911933 1.573608 1.464276 
1.545236 1.496928 1.327854 0.963374 0.827291 0.894592 0.941121 1.113783 1.246353 1.268843 
1.370364 1.422035 1.579707 1.651099 1.356807 0.957816 0.629094 0.464322 0.820737 1.386968 
1.522733 1.452610 1.575157 1.646592 1.554371 1.408985 1.493823 1.442355 1.546074 2.272981 
1.199270 0.622428 1.178123 1.631203 1.819016 1.856405 2.009450 2.034147 1.922341 1.618338 
1.532581 1.743115 1.925229 1.802163 1.856943 1.828623 1.054784 0.260560 -0.298375 -0.394278 
-0.154919 1.216141 1.575037 1.740264 1.707868 1.674258 1.577023 1.478481 1.487250 1.511745 
1.458128 1.504814 1.554007 1.529706 1.683257 1.416297 1.191528 1.289999 1.260442 1.412741 
1.486514 1.524231 1.582397 1.691482 1.769558 1.637733 1.741671 1.839936 1.588945 1.360335 
1.443037 1.479799 1.444010 1.089592 0.805765 1.009409 1.080154 1.106239 1.008528 1.028078 
1.222362 1.320208 1.585088 1.701258 1.436821 1.013559 0.778156 0.774634 1.059513 1.550674 
1.576382 1.449024 1.636194 1.865181 1.683584 1.408348 1.454377 1.590599 1.448844 2.136833 
1.180050 0.571984 1.146350 1.533036 1.640872 1.756695 1.810338 1.697941 1.465891 1.309690 
1.235326 1.529093 1.599785 1.273110 1.016113 0.793270 0.202389 -0.272799 -0.425290 -0.420071 
-0.076976 1.459009 1.896540 1.953134 1.985925 1.984818 1.879613 1.887855 1.865070 1.679381 
1.728363 1.841310 1.834754 1.882430 1.968454 1.560394 1.325213 1.552099 1.441324 1.425273 
1.531828 1.569320 1.626969 1.711200 1.804924 1.783047 1.814259 1.939923 1.609180 1.389892 
1.536803 1.663959 1.575172 1.386852 1.247732 1.312599 1.313416 1.239213 1.153276 1.047466 
1.203267 1.339900 1.567513 1.594125 1.253951 0.812462 0.747520 0.811180 1.006292 1.550446 
1.534851 1.508358 1.827095 1.866120 1.460427 1.077364 1.237875 1.557115 1.409802 2.134131 
1.173673 0.563611 1.121707 1.517479 1.562615 1.598812 1.687204 1.697506 1.531411 1.502106 
1.371817 1.542388 1.408896 1.232195 1.211184 1.088229 0.445168 0.056213 -0.241820 -0.136400 
0.347086 1.584195 1.952647 1.982656 1.952492 1.906757 1.832576 1.951133 1.902779 1.650356 
1.645499 1.675206 1.698103 1.773911 1.395838 0.771788 0.944452 1.525336 1.502988 1.506472 
1.494510 1.516313 1.641123 1.702028 1.802454 1.727567 1.835831 2.009846 1.665379 1.238713 
1.393906 1.552131 1.475179 1.503383 1.502714 1.493646 1.230438 0.967715 0.948970 0.846752 
0.908611 1.085045 1.479088 1.671346 1.335141 0.969839 0.730415 0.648617 0.848873 1.637175 
1.780924 1.633382 1.827764 1.760317 1.246472 1.048271 1.227492 1.432845 1.440989 2.324799 
1.013003 0.450326 1.229040 1.411708 1.480556 1.475550 1.735286 1.939366 1.896353 1.737652 
1.501504 1.424274 1.578245 1.656784 1.793427 1.883884 1.515871 1.286465 1.072321 1.061756 
1.363951 1.074969 1.044938 1.247269 1.166297 0.891376 0.837550 0.889795 0.616873 0.204346 
0.129074 0.058452 0.096137 0.233995 0.216635 0.142502 0.524178 0.947138 1.165097 1.237433 
1.066015 1.242205 1.452215 1.550699 1.587895 1.503170 1.624603 1.743467 1.345080 0.937999 
1.021336 1.295540 1.290304 1.389966 1.457725 1.384345 0.952548 0.688691 0.619796 0.677094 
0.774430 1.109370 1.568731 1.749880 1.618161 0.981863 0.504826 0.153563 0.525000 1.381269 
1.549767 1.102123 0.965517 1.028066 0.978067 1.078909 1.215324 1.455510 1.555067 2.182041 
1.021097 0.571410 1.395298 1.714319 1.528209 1.536281 1.804174 1.980713 1.929284 1.484374 
1.332623 1.424651 1.491237 1.340901 1.430141 1.513325 1.543426 1.748378 1.841518 1.982690 
1.627580 1.085767 1.053801 1.130543 0.995879 0.671541 0.664928 0.906983 0.563033 0.163109 
0.099684 0.080135 0.071250 0.355829 0.397122 0.399735 0.501983 0.907331 1.107268 1.226737 
1.143927 1.205948 1.423634 1.535346 1.611174 1.430342 1.542143 1.707887 1.218370 0.734907 
0.854109 1.209264 1.197058 1.200877 1.383148 1.345711 0.997345 0.667117 0.560916 0.702009 
0.991391 1.393162 1.728646 1.757958 1.303595 0.738323 0.278905 0.147815 0.489784 1.159167 
1.136839 0.839507 1.034514 1.221119 1.277610 1.315478 1.342211 1.471844 1.171051 1.989341 
1.265305 0.959076 1.392685 1.836505 1.726112 1.644765 1.943488 2.159710 2.134094 1.812245 
1.179197 1.259737 1.480064 1.280028 1.377280 1.229657 1.571518 1.757093 1.862888 1.881796 
1.530968 0.974230 1.090932 1.155386 0.842779 0.436203 0.667264 1.063653 0.742243 0.345619 
0.416230 0.557608 0.756171 1.014515 0.917645 0.868946 1.177751 1.465137 1.502134 1.730617 
1.656158 1.603998 1.688864 1.655027 1.575571 1.439966 1.589076 1.647393 1.117570 0.757847 
0.862541 1.202379 1.157679 0.968267 1.185482 1.327023 1.090627 0.798269 0.712261 0.879961 
1.238355 1.640831 1.838833 1.631848 1.015864 0.544434 0.267037 0.182106 0.406452 1.072790 
1.094828 0.954607 1.102274 1.488163 1.526255 1.428663 1.342594 1.368860 1.287036 2.163387 
1.797493 1.228876 1.480732 1.558565 1.813638 1.743442 1.781737 2.198007 2.275537 1.460130 
1.177573 1.160633 1.306993 1.259915 1.149109 0.910213 0.711061 1.329864 1.562191 1.638442 
1.538529 1.236972 1.459808 1.285109 0.860074 0.520262 0.613707 0.982791 0.836748 0.680974 
0.830491 1.219611 1.281364 1.244071 0.951641 0.909133 1.166223 1.349279 1.327313 1.508414 
1.559033 1.517172 1.485744 1.315063 1.281822 1.325517 1.450222 1.488747 1.206283 0.946359 
1.057920 1.175276 0.924566 0.594236 0.734783 1.022407 1.113736 1.094291 1.118383 1.212036 
1.446207 1.639365 1.742575 1.367270 0.779756 0.298685 0.076287 0.007314 0.211597 0.992830 
1.239123 0.966643 1.221850 1.470983 1.522945 1.404429 1.415971 1.470418 1.628915 2.258956 
1.510162 -0.342098 -0.160980 1.337771 1.364626 1.664429 2.133480 2.028304 1.301429 0.379766 
0.230716 0.414503 1.169685 0.589208 0.660727 0.316036 0.220690 0.585433 1.074014 1.561929 
1.790449 1.608250 1.822742 1.731143 1.346120 0.914067 1.013532 1.182971 1.183041 1.173387 
1.539757 1.865196 1.477919 0.971808 0.428960 0.126851 0.097966 0.238735 0.340164 0.454383 
0.549949 0.578910 0.533777 0.523955 0.860198 1.177672 1.252536 1.444730 1.338705 1.207792 
1.237924 1.164629 0.794558 0.402046 0.513161 0.991407 1.252987 1.391509 1.444166 1.437823 
1.561059 1.479374 1.616744 1.518509 0.771499 0.107537 0.027992 0.053571 0.381177 1.156115 
1.157861 1.149101 1.409575 1.539411 1.432933 1.307904 1.428716 1.606137 1.762950 1.546320 
0.670339 -0.121868 -0.042553 0.020229 0.921509 1.359528 2.118645 1.215040 0.557008 0.156029 
0.743496 0.780812 1.434135 1.034070 1.534351 0.768127 -0.061586 0.201770 1.019889 1.343528 
1.679114 1.736948 1.814540 1.992693 1.616142 1.004510 1.053137 1.177444 1.224774 1.493946 
1.953955 2.330771 1.610259 0.739366 0.280160 0.102600 0.163384 0.150001 0.193607 0.222432 
0.275106 0.265982 0.318628 0.373481 0.605330 1.047169 1.282590 1.436239 1.371796 1.278129 
1.288064 1.162443 0.785769 0.386832 0.295275 0.821114 1.188965 1.495024 1.610845 1.552942 
1.685387 1.580819 1.671811 1.566726 0.580866 -0.007436 -0.105155 -0.098889 0.109875 0.864518 
1.169226 1.411569 1.529070 1.498319 1.305683 1.033490 1.245304 1.667667 1.641345 1.152028 
1.069745 0.166996 -0.000551 0.253789 1.294115 1.434564 1.691240 0.494666 0.622383 0.667701 
0.747738 1.587949 1.445824 1.221735 1.572638 1.084574 0.090847 0.468551 0.993628 1.127415 
1.670471 1.781244 1.781497 1.799177 1.450633 0.782423 0.815669 1.009519 1.214905 1.531508 
2.026629 2.188970 1.141657 0.278850 0.062507 0.201673 0.148490 0.258499 0.139370 -0.186455 
-0.166575 0.123405 0.260477 0.313750 0.528076 0.950137 1.168649 1.279573 1.194241 0.996326 
1.067286 1.159057 0.770258 0.302646 0.294499 0.758625 0.940651 1.326796 1.567186 1.516371 
1.499227 1.366766 1.466550 1.226001 0.318616 -0.138553 -0.287524 -0.319814 -0.125879 0.809138 
1.366041 1.486142 1.737636 1.291945 0.984384 0.807998 1.319888 1.708905 1.915919 1.518784 
0.388145 0.033693 0.253819 0.333620 0.588127 0.956563 0.455968 0.156783 0.766999 1.083743 
1.300344 0.861818 1.384256 1.056172 1.102830 1.324641 1.077732 0.859116 0.506677 1.156452 
1.639277 1.702541 1.627338 1.675072 1.564399 1.140455 1.111775 1.289253 1.324436 1.517506 
1.926262 2.012544 1.061983 0.208317 0.079162 0.273343 0.416618 0.560176 0.220955 -0.142892 
0.016043 0.353070 0.457859 0.237194 0.360093 0.773260 1.075538 1.140995 1.063203 0.937610 
1.140701 1.227861 0.666098 0.287468 0.280247 0.462039 0.697053 1.186910 1.554136 1.570364 
1.505609 1.365612 1.471314 1.126433 0.394149 0.033666 -0.249267 -0.189990 0.131767 1.184837 
1.336305 1.376812 1.499747 1.374928 1.145438 1.218000 1.325370 1.406469 1.816157 1.869841 
0.807882 0.464021 0.781572 0.424644 1.001312 0.727252 0.413668 0.391821 0.426310 1.250891 
1.168445 0.756155 1.552633 1.538816 1.562249 2.169749 1.197472 1.435405 0.649730 1.314371 
1.454952 1.390535 1.653546 1.877756 1.866641 1.534029 1.554267 1.559793 1.708711 1.756314 
2.125116 2.372835 1.607492 0.861470 0.839981 1.128943 1.305050 1.544376 1.296552 1.026962 
1.243419 1.280182 1.007304 0.738677 0.714136 0.960255 1.193435 1.389597 1.447939 1.420082 
1.648525 1.558419 1.153335 0.556240 0.210423 0.160302 0.488568 1.098377 1.463210 1.389407 
1.195838 1.155387 1.248998 1.015688 0.570194 0.303882 0.026126 0.157992 0.557868 1.336700 
1.452340 1.468391 1.423765 1.535325 1.613398 1.471008 1.601884 1.408825 1.133987 1.595509 
0.956678 1.264535 1.150499 1.404886 0.886707 0.966448 0.538011 1.154636 0.862700 1.408631 
1.003234 1.791040 0.931553 1.220665 1.327868 1.313154 1.509642 1.485062 1.774847 1.450500 
0.822259 0.971437 1.582789 1.740574 1.723998 1.662270 1.819940 1.941017 2.103296 1.911412 
1.972048 2.039747 1.514994 0.993572 0.988654 1.207068 1.380869 1.646692 1.561950 1.564564 
1.513024 1.283435 0.981538 0.833999 0.741583 0.930779 1.050174 1.214220 1.324831 1.338246 
1.187968 1.155151 0.818431 0.211085 -0.150032 0.047714 0.411445 1.026628 1.202546 1.169166 
1.200821 1.183591 0.902815 0.672518 0.530811 0.496533 0.247223 0.250162 0.544755 1.470587 
1.623021 1.588081 1.628969 1.603377 1.790734 1.682832 1.406743 0.839315 1.086769 1.176142 
0.984189 0.879154 0.776436 0.733993 0.663935 1.058426 1.377600 0.684367 1.328030 1.067774 
1.522838 1.344854 0.941646 1.194320 1.391193 1.322241 1.579477 1.727752 1.858687 1.220329 
0.569915 0.742954 1.339363 1.504166 1.624111 1.548133 1.838064 2.084490 1.961982 1.156409 
0.715639 0.620030 0.439015 0.273408 0.317965 0.439723 0.502090 0.599305 0.826141 0.773558 
0.613826 0.660719 0.608935 0.527209 0.335993 0.459506 0.543316 0.776097 0.856640 0.645752 
0.460366 0.478919 0.137235 -0.208840 -0.225683 -0.207365 0.044692 0.429896 0.505642 0.686362 
0.793998 0.965855 0.791365 0.707636 0.554865 0.238489 0.080328 0.125832 0.631197 1.578041 
1.819840 1.676374 1.483778 1.588378 1.657467 1.857415 1.015925 0.725508 0.921054 1.147282 
1.290791 0.841188 0.929564 1.232780 1.157284 1.472040 1.435908 1.228365 0.923967 1.838882 
1.443063 2.334164 1.070052 1.513568 1.634322 1.323702 1.419467 1.406488 1.305097 1.200669 
1.703039 1.105075 1.278304 1.274514 1.278571 1.513890 1.959125 2.101504 1.785441 0.967502 
0.624402 0.452040 0.407498 0.494087 0.537696 0.614241 0.787950 0.731977 0.908384 0.662885 
0.651330 0.639490 0.778901 0.437373 0.170926 0.388509 0.691153 0.772259 0.680137 0.388336 
0.523352 0.526634 0.106640 0.019581 0.009682 0.115255 0.288762 0.469780 0.503420 0.610282 
0.729669 0.778915 0.821584 0.733378 0.285969 0.188450 0.135592 0.488339 0.934144 1.470779 
1.625461 1.563258 1.574248 1.620311 2.037552 1.365703 0.763707 0.841883 1.064864 0.011221 
1.003966 0.795287 1.572109 1.633386 1.445710 1.096810 1.412682 1.378225 1.334951 1.223018 
1.672868 1.510293 1.578241 1.597792 1.093452 0.786627 1.245192 1.430677 1.519893 1.644123 
1.448546 1.115350 1.356627 1.478703 1.358535 1.403002 1.786078 1.681292 1.236073 0.960480 
0.852637 0.898529 1.001193 1.443953 1.275047 1.085580 1.247394 1.374719 1.177796 0.990591 
1.080114 1.195949 1.214072 1.035140 0.777175 1.180485 1.290367 1.136117 1.241899 1.152161 
1.334173 1.369230 1.034787 1.050227 1.014312 0.973208 1.106552 1.195374 1.275500 1.418604 
1.318732 1.258592 1.360409 1.565929 1.154997 1.219159 1.224147 0.941870 1.100974 1.293003 
1.499085 1.492788 1.478153 1.394729 1.655640 1.251327 1.133089 1.110897 1.976349 0.741513 
1.166235 0.970222 1.654532 1.706815 1.564837 1.370788 1.592374 1.629520 1.467223 1.505530 
1.404214 1.465073 1.371306 1.501679 1.018459 1.235076 1.498575 1.380781 1.444492 1.981182 
1.531826 1.437506 1.585519 1.561673 1.472373 1.088955 1.417643 1.603564 1.450362 1.128539 
0.773654 0.708157 0.931836 1.417213 1.147777 1.141879 1.210517 1.269046 1.171044 1.153437 
1.393736 1.411658 1.431513 1.336023 1.379597 1.420058 1.301029 1.186243 1.196911 1.336502 
1.518033 1.538280 1.460161 1.398428 1.428118 1.349066 1.326209 1.522518 1.688028 1.579179 
1.365532 1.367137 1.470316 1.644722 1.638786 1.886050 1.516327 1.096177 1.510508 1.494971 
1.424263 1.443520 1.441975 1.621082 1.632451 1.350802 0.946201 1.087363 1.070475 1.228926 
1.082137 0.787258 1.349277 1.567098 1.422954 1.314743 1.721176 1.289455 1.313424 1.468490 
1.633691 1.278428 1.447576 1.378568 1.114085 1.385664 1.195766 1.223028 1.181733 1.542922 
1.290609 1.517238 1.203894 1.356793 1.363689 1.405310 1.662000 1.897369 1.626684 0.744081 
0.437418 0.375861 0.679872 1.383279 1.444959 1.310575 1.436148 1.507497 1.546391 1.675907 
1.644114 1.523609 1.483177 1.466056 1.491407 1.531729 1.520122 1.432454 1.449821 1.382111 
1.584704 1.354934 1.109673 1.234333 1.310926 1.394461 1.444977 1.689984 1.676235 1.592638 
1.489919 1.562463 1.587229 1.783420 1.919621 1.370569 1.240861 0.492998 0.638037 1.385320 
1.341528 1.279097 1.592435 1.604627 1.658934 1.459707 0.647462 0.139050 1.358952 1.760468 
0.757421 0.331443 1.014355 1.345725 1.623157 1.439192 1.678651 1.332360 1.509209 1.446747 
1.465456 1.024025 0.846954 1.695337 1.567433 1.745111 1.085533 0.932753 1.459050 1.950383 
1.525227 0.786117 0.750304 1.211730 1.394129 1.567054 1.738905 1.599501 1.299041 0.879061 
0.615713 0.616097 0.742649 1.336148 1.554578 1.413129 1.324800 1.212800 1.262323 1.528150 
1.578625 1.459027 1.413187 1.504412 1.598735 1.656478 1.582405 1.515888 1.439063 1.435042 
1.521180 1.480157 1.462569 1.512804 1.544957 1.433557 1.526519 1.754437 1.674222 1.504761 
1.561402 1.656694 1.797925 2.022053 1.658918 1.484803 1.076867 0.684759 1.182092 1.498946 
0.806555 1.047376 1.065362 0.811829 1.493563 1.964038 0.621166 1.630906 1.283954 1.387645 
0.977314 1.034891 1.348071 1.406563 1.811507 1.601827 1.746732 1.580072 1.432083 0.981741 
1.237259 0.722172 1.337663 1.341660 1.824758 1.169044 1.432295 1.540248 1.302601 1.369769 
0.617769 0.509196 0.827659 1.416636 1.597366 1.765375 1.869498 1.648345 1.706894 1.645179 
1.423362 1.284945 1.451372 1.830216 1.878089 1.632795 1.249406 1.134378 1.230495 1.732035 
1.640273 1.449195 1.551393 1.564006 1.561349 1.565974 1.750113 1.814717 1.531248 1.390687 
1.556234 1.681940 1.681092 1.633581 1.503638 1.445458 1.532960 1.795544 1.836769 1.852380 
1.787060 1.551834 1.956403 1.761148 1.279957 0.504191 0.412428 0.992278 1.778690 1.362926 
1.063933 1.272612 1.103395 1.389211 1.571378 0.754256 1.515759 -0.010387 0.077803 0.758399 
1.241833 1.156310 0.987392 1.127345 1.804262 1.676603 1.973514 1.846496 1.392135 1.436800 
1.567480 1.506668 1.411111 1.355247 0.997338 1.281162 1.517483 1.628193 1.253537 1.042493 
0.662336 1.576547 1.336617 1.568077 1.608124 1.757449 1.699111 1.397678 1.485452 1.665570 
1.623827 1.503779 1.524263 1.680301 1.714047 1.285672 1.314391 1.061381 0.900491 1.510906 
1.613974 1.539154 1.465788 1.461173 1.608730 1.748416 1.859742 1.832772 1.586024 1.719795 
1.596076 1.636401 1.600999 1.525337 1.489391 1.551660 1.671991 1.775254 1.733526 1.846279 
1.805186 1.373864 2.201930 1.057291 -0.091733 0.155234 1.248604 1.703598 0.838737 0.770113 
1.248299 0.741727 0.960562 1.216658 1.096059 0.756779 0.823397 0.708294 1.152833 1.019838 
1.122946 0.914895 1.291669 1.669403 1.605946 1.541010 1.649315 1.456618 1.468872 1.792471 
1.456997 0.515557 0.931974 1.343845 1.770514 1.447101 2.098328 1.700536 0.474397 0.696667 
1.562409 1.691396 1.219717 1.447010 1.642224 1.751504 1.689885 1.452453 1.587783 1.723484 
1.557794 1.333603 1.262087 1.416255 1.131872 0.986816 1.182551 0.452428 0.307579 1.290324 
1.577909 1.739245 1.771895 1.776657 1.883248 1.813681 1.684670 1.194962 0.542871 0.730959 
1.250775 1.474722 1.591238 1.592311 1.728810 1.754587 1.643422 1.640042 1.300249 1.368940 
1.359265 1.426481 1.576183 0.818882 0.485703 0.820670 1.318480 1.244535 0.971525 1.030455 
0.777744 1.033824 0.836406 1.539331 1.309063 0.872287 1.641278 1.508011 2.150283 0.526735 
1.150905 0.705101 1.088379 1.657267 1.907564 1.261249 1.145250 1.409230 1.934133 1.746309 
1.707042 1.175149 1.209828 1.438823 1.077018 1.716240 1.506731 1.201662 1.374952 1.474555 
1.390383 0.972048 0.586569 1.651666 1.712055 1.800985 1.829040 1.730161 1.632605 1.552773 
1.284421 1.278680 1.378347 1.556586 1.706591 1.095395 0.384239 0.004227 0.461517 1.240461 
1.675931 1.593326 1.469812 1.581775 1.610741 1.006958 1.211281 1.614420 1.158522 1.397665 
1.032323 1.143131 1.294398 1.575276 1.766288 1.863633 1.777739 1.396873 0.685591 0.816845 
1.216589 1.518491 1.352435 0.792191 0.681731 1.480958 1.358683 1.642801 1.440354 1.029824 
0.724921 0.964229 0.993752 1.132913 1.026126 1.287844 1.466991 1.478701 1.965990 0.950195 
1.077101 0.331053 0.610340 1.271117 1.290993 0.736095 0.662338 1.414218 1.666564 1.571507 
1.639221 1.344512 1.451774 1.259313 1.551866 1.922123 1.625329 1.427268 1.023953 1.815416 
1.018029 1.451014 0.863862 1.856663 1.748185 1.904591 1.867705 1.645046 1.544859 1.370347 
1.517194 1.556986 1.479684 1.711186 1.786650 1.392890 0.431773 0.924740 0.748473 1.441087 
1.403237 0.979023 1.169178 1.450057 1.280479 1.026896 1.485799 1.310605 1.475780 1.426075 
0.812726 0.713363 1.379471 1.583051 1.844311 1.806790 1.545772 0.924945 0.574762 1.138810 
1.377282 1.188985 1.078457 0.661928 1.062773 1.154831 1.596120 1.316053 1.240207 1.377404 
0.947749 1.597717 0.973076 0.994578 1.390407 1.508444 1.652222 1.522287 2.130094 1.724065 
0.870220 0.574234 0.954869 1.429958 1.313088 1.083608 1.432727 1.591946 1.560724 1.656245 
1.572257 1.542204 1.460106 1.957732 1.672535 1.743267 1.566766 1.570513 1.205587 1.088657 
1.302095 0.790632 1.099391 1.664449 1.520549 1.623184 1.594988 1.470606 1.458313 1.615878 
1.799118 1.707965 1.494803 1.805405 1.390769 1.235859 1.292434 1.163755 0.867920 0.712057 
1.250937 0.942643 1.105672 1.613254 1.081051 0.745605 1.331166 0.711816 0.643426 1.415841 
1.267746 1.438875 1.299778 1.374488 1.556207 1.694861 1.187025 1.025229 1.546458 1.717832 
1.048067 1.169025 0.961999 1.188654 1.181903 1.715914 1.172194 1.460917 1.597493 1.571114 
1.227935 1.421739 1.129923 1.073740 1.584958 1.898955 1.624154 1.687374 1.992669 1.730303 
1.000584 0.666837 1.014254 1.336705 1.543486 1.613359 1.766758 1.775015 1.694504 1.602192 
1.754979 1.654822 1.613885 1.527170 1.724374 1.810662 1.416583 1.846106 1.411424 0.699272 
1.075306 1.801138 1.672632 1.603055 1.792113 1.886824 1.561207 1.037860 1.307329 1.496735 
1.566097 1.399791 1.080888 1.324419 1.492277 1.342915 1.750789 1.330031 1.673743 1.280292 
0.948777 1.236582 0.880856 0.735271 1.128542 1.023738 1.213273 1.026811 1.419336 1.720533 
1.493694 1.375117 0.992948 1.331187 1.180343 1.423665 1.422777 1.448930 1.440201 1.470811 
0.518535 0.881951 1.200750 1.541707 1.524029 1.315203 1.646886 1.402803 1.637304 1.426800 
1.244426 1.048638 1.029832 1.544796 1.482552 1.788158 1.500187 1.242228 1.408595 1.147115 
1.303406 0.876068 1.276799 1.681079 1.881898 1.921981 1.780440 1.470273 1.553871 1.823168 
1.761827 1.755716 1.794824 1.607232 1.627374 1.906331 1.619447 1.502422 1.048273 1.114868 
1.862312 1.204636 0.460186 0.735615 1.475790 1.531775 1.438575 1.002691 0.949053 1.449504 
1.586622 1.265512 1.004822 1.264461 1.383137 1.281290 1.307697 1.576080 1.528028 1.203589 
0.875818 1.187591 1.108387 1.095259 1.011493 1.055725 1.601726 1.648817 1.853288 1.622136 
1.349017 0.732042 0.567112 1.265252 0.948036 1.297399 0.990994 1.254119 1.334383 1.290715 
1.359659 0.953443 1.320841 1.185645 1.335786 1.644946 1.442524 1.774112 1.493625 1.300879 
1.358018 1.530292 1.882983 2.000038 1.842666 1.585913 1.497993 1.415848 1.831563 1.714746 
0.985438 0.592327 1.244498 1.732139 1.785204 1.393843 1.277814 1.163261 1.401863 1.804520 
1.663905 1.529002 1.729837 1.663663 1.495134 1.482816 1.817029 0.913672 0.672114 1.529327 
2.231036 0.614312 0.900569 1.121722 1.078629 0.990850 0.566316 1.068937 1.280853 1.452917 
0.752008 0.601386 0.552010 0.749837 1.490241 0.935198 0.842910 1.234691 1.553976 1.759050 
1.213885 1.361070 1.110722 1.205541 1.207585 1.769063 1.726919 0.895203 0.892662 1.749281 
1.109936 0.800558 1.221071 1.125042 0.832401 1.125302 0.874549 1.216648 1.131403 1.122469 
1.113158 1.023261 1.273526 1.877995 1.839124 1.877238 1.689792 1.352337 1.577234 1.651266 
1.307483 1.670523 1.794548 1.250953 1.113370 1.423955 1.506176 1.605290 1.840807 1.760019 
1.124702 0.929425 1.801125 1.693159 1.131719 1.179289 1.492960 1.535228 1.585386 1.734637 
1.568948 1.991003 2.170614 1.739497 1.398168 0.865293 1.235181 1.362671 1.368395 1.333082 
2.084816 1.134742 1.362269 1.934585 1.802291 0.988692 1.169532 1.082701 2.610599 1.635253 
0.337730 0.140177 0.302347 0.673266 1.126340 0.727426 1.202489 1.467964 1.377949 1.157326 
1.012226 0.964595 1.267253 1.326081 1.579950 2.157693 1.337601 0.973365 0.810932 0.979482 
1.378837 1.624985 1.428326 0.545332 -0.028794 0.554727 0.931249 1.568272 1.465396 1.095922 
1.396999 1.287090 2.021080 1.846152 1.344867 0.658468 0.781815 1.551195 1.336782 1.621810 
1.851535 1.826078 1.858341 1.581729 1.811272 1.869341 1.802225 1.650768 1.299923 1.283456 
1.140232 1.190307 1.597128 1.382676 0.698987 0.825680 1.589827 1.788418 1.614461 1.573216 
1.683869 1.821842 1.949895 1.601753 1.323457 0.975776 1.323988 1.609749 1.828220 1.788596 
1.610718 1.220765 1.640468 1.529674 0.951739 0.665279 0.926764 1.604484 1.761842 1.202129 
0.333662 0.826801 0.700090 1.188672 0.735676 0.333048 0.743068 0.986551 0.726977 1.295446 
1.230982 1.312902 1.367584 1.776171 1.139639 1.554912 1.145037 0.903751 0.827742 0.882606 
1.831357 1.281245 0.717138 0.746397 0.898964 0.960918 1.066250 2.192811 1.432016 1.512163 
1.530757 1.490315 1.407533 0.738805 0.421705 0.468154 1.679047 1.782411 1.689813 1.911746 
2.027845 1.505246 1.375713 1.687376 1.833536 1.915275 1.852565 1.748166 1.662382 1.648496 
1.500999 1.055983 1.125823 1.037849 0.956916 1.323120 1.510519 1.529321 1.422528 1.631373 
1.856077 1.517277 1.448037 1.478279 1.582854 1.674011 1.394762 1.518256 1.676290 1.766269 
1.642293 1.675106 1.400859 1.690804 1.406934 1.267470 1.675395 1.747086 1.601769 1.056533 
0.758392 1.099981 1.190986 1.344383 1.061987 0.943041 1.042906 1.081894 1.135897 1.672579 
1.173185 1.077400 1.314781 0.944607 1.017396 0.498247 1.539441 1.251916 1.098223 1.334346 
1.139384 0.996405 1.259162 1.067495 1.167058 1.336390 1.273660 1.473659 1.451427 1.646521 
1.620769 1.636220 1.295860 0.684547 1.035820 1.712582 1.840091 1.459771 1.329311 1.488844 
1.863325 1.812366 1.219952 1.108082 1.791133 2.085433 2.008372 2.073699 1.825774 1.785288 
1.401381 0.234991 -0.001132 0.847095 1.168613 1.551870 1.645438 1.367444 1.459900 1.714138 
1.841149 1.429379 1.214775 1.434847 1.817836 1.701569 1.434248 1.688204 1.511511 1.698747 
2.039178 1.986317 1.840673 1.851237 1.671279 1.495760 1.328993 1.621085 1.710051 1.248503 
1.399405 1.067304 1.512107 1.313454 1.121054 1.416381 1.208073 0.977791 1.493874 1.479125 
1.199750 1.443988 1.024649 1.268575 0.604403 1.502509 1.338403 1.746213 1.325708 1.562401 
0.973447 0.937590 0.619223 0.322486 0.363657 1.042970 1.403693 1.416214 1.525718 1.804893 
1.840430 1.756408 1.287441 0.800008 1.096447 1.488398 1.683478 1.442226 1.707556 2.024235 
1.861362 2.013940 1.690547 1.811382 2.201881 1.869664 1.531205 1.280940 1.456730 1.539538 
0.815144 -0.199038 0.568494 1.314410 1.142282 1.665176 1.892814 1.413330 1.621956 1.817827 
1.016798 0.625111 1.168653 1.500421 1.613886 1.544800 1.517520 1.475871 1.614503 1.953877 
2.067414 2.021874 1.890946 1.480069 1.306143 1.433431 1.560512 1.642719 1.725225 1.767973 
1.617340 1.799267 1.302479 1.040961 1.395902 1.528425 1.383616 1.332775 1.374098 1.940446 
1.685696 0.896608 0.830091 1.313571 0.918315 1.089023 1.565777 1.780723 2.112846 1.157841 
0.991062 1.340556 1.421081 0.564915 0.952449 0.935078 1.586217 1.740179 1.782601 1.719998 
1.448700 1.475029 1.496636 1.254624 1.339129 1.640590 1.864314 1.601416 1.146501 0.881084 
1.002960 1.343700 1.376367 1.278784 1.875895 2.094536 1.566485 1.438376 1.870255 1.706746 
1.205792 0.167390 1.305799 1.361192 1.262676 2.084688 2.092240 1.412065 1.512974 1.180455 
0.532303 0.841758 1.315545 1.499184 1.393663 1.676762 1.709479 1.611005 1.781064 2.069149 
1.878769 2.120954 1.864061 1.211658 0.839309 1.576129 1.711810 1.328867 1.580142 1.731707 
1.318931 1.342611 1.592895 1.565627 1.503445 1.371953 1.540028 1.490279 1.617282 1.607340 
1.162301 0.848301 0.907363 1.407211 1.132982 1.166419 1.968830 1.820014 1.743540 1.013104 
1.098081 1.829742 1.796599 1.427949 2.096520 1.747227 1.886899 1.955098 1.872033 1.061293 
1.048670 1.658503 1.456887 1.404549 1.561125 1.066090 0.968360 1.343772 1.304799 1.032594 
1.446657 1.482852 1.430234 1.784084 2.145388 2.223286 1.944296 1.699760 2.424381 1.493653 
0.712169 0.644031 1.001874 1.530378 1.838702 2.150199 2.033788 1.542779 1.349372 1.281245 
1.190969 1.288215 1.516525 1.575300 1.631772 1.931903 1.445127 1.352099 1.849238 1.853385 
1.714379 1.799888 1.231951 0.612490 0.962696 1.487150 1.345613 1.157590 1.387788 1.716787 
1.481552 1.375929 1.750845 1.809563 1.512029 1.706415 1.398684 1.724426 1.485808 1.604466 
1.533869 1.665575 1.336641 1.538553 1.666984 2.266581 2.293066 2.164699 1.618047 1.541289 
1.750014 1.881091 1.657373 1.756614 1.719439 1.709080 1.840088 0.417237 0.886495 1.345870 
1.681230 1.763689 1.436623 1.450300 1.690605 1.533474 1.030714 1.063657 1.275980 1.763528 
1.835283 1.581682 1.433433 1.593735 1.848188 1.668498 1.791590 1.568829 2.041696 0.654115 
1.127774 0.715073 1.593589 1.709929 1.840669 0.510551 -0.175635 0.048169 1.179999 1.302095 
1.391137 1.398319 1.443273 1.582856 1.508086 1.633361 1.613661 1.746144 2.041574 2.140590 
1.719543 0.786501 0.718421 1.052124 1.437954 1.376690 1.082329 1.227128 1.450134 1.696175 
1.647189 1.623177 1.391471 1.412629 1.528381 1.574276 1.299687 1.375671 1.725458 1.685843 
1.633128 1.602117 1.551777 1.542147 1.994086 2.266894 1.422252 0.462453 0.940034 1.607588 
1.959364 2.038049 1.899082 1.980515 1.921664 1.627983 1.603451 1.335424 1.373584 1.459416 
1.662657 1.263192 1.024373 1.525788 1.732077 1.849828 1.594111 1.221528 1.565305 0.883984 
0.356578 1.081283 0.949445 1.574511 1.808919 1.547695 1.765277 1.582283 1.606965 0.554903 
0.593290 0.337440 1.156080 1.594587 1.068925 0.891650 0.138373 0.017651 -0.113314 0.704494 
1.268295 1.644246 1.499668 1.395900 1.363132 1.775678 2.073403 1.974321 1.570058 1.487767 
1.714115 0.988438 1.218225 1.286939 1.368499 1.329768 1.380756 1.460425 1.590324 1.546138 
1.724576 1.591162 1.618556 1.430417 1.723480 1.649906 1.116745 1.197449 1.610188 1.631051 
1.715366 1.707558 1.856105 1.723898 1.836446 1.947547 1.625486 1.454154 1.162262 1.169113 
1.915142 1.889669 1.586692 1.232204 0.395072 0.055151 0.736830 1.068653 1.458037 1.501851 
1.841202 1.343088 1.263699 1.315371 1.244101 1.302877 1.260552 1.360995 1.475979 1.498561 
1.256155 1.319033 1.012900 1.081702 1.172945 0.599033 0.970874 1.173047 1.959360 0.509649 
1.105867 0.581820 0.679041 0.298685 0.546973 0.903045 1.484446 0.325240 0.231236 0.982658 
1.435296 1.564121 1.573201 1.696126 1.847282 2.198681 1.568206 0.300780 0.314035 1.039504 
1.309547 1.309854 1.388001 1.546342 1.326065 1.153858 1.523704 1.649330 1.536613 1.773387 
1.840591 1.718862 1.508676 1.550714 1.517162 1.672000 1.402606 1.475794 1.459121 1.434978 
1.473935 1.766037 1.779496 1.832585 1.893701 1.711448 1.583674 1.834342 1.590308 1.671541 
1.700621 1.362555 0.546009 0.463868 0.512814 0.342298 0.664553 1.281725 1.105598 1.028193 
1.495950 1.193694 0.774290 0.925313 1.363665 1.201635 0.873152 1.016590 0.782769 0.681303 
0.040989 0.234850 1.515064 2.114269 0.696825 -0.190756 0.356085 0.916780 1.449831 1.050404 
1.124857 -0.148247 -0.023611 0.313243 0.445077 1.196167 1.103509 1.003443 1.225847 1.438784 
1.650012 1.579605 1.706025 1.863990 1.876875 1.826426 0.478420 -0.183084 0.713803 1.312540 
1.316802 1.464746 1.793641 1.524568 1.462304 1.440541 1.500391 1.576684 1.502364 1.782315 
1.757854 1.458803 1.392737 1.542524 1.585414 1.708280 1.660093 1.619133 1.549670 1.425312 
1.615446 1.571464 1.819495 1.803368 1.928273 1.616441 1.569751 1.786365 1.876922 1.666174 
1.967638 0.703077 0.214552 1.041615 1.333309 1.263672 0.693936 0.656397 1.332522 1.235859 
1.199493 1.483673 0.674822 0.818489 1.572847 1.457566 1.296868 1.049301 0.900004 0.821037 
0.407728 0.565352 1.041417 0.583188 0.553307 0.683291 1.405368 1.025591 1.384141 1.181060 
0.885797 0.202526 0.743458 0.945289 0.845562 1.451640 1.546436 1.554057 1.526689 1.082483 
1.141502 0.974178 1.527327 1.582198 1.515734 1.406445 0.470167 0.412424 0.812665 1.060699 
1.112836 1.731868 1.793156 1.299451 1.347932 1.705482 1.777576 1.316358 1.186956 1.397449 
1.630737 1.682052 1.725902 1.654758 1.828867 1.804367 1.797703 1.775064 1.583711 1.732484 
1.853573 1.924515 1.952207 1.869581 1.802784 1.543413 2.005944 1.784184 0.930875 0.662705 
1.138782 0.851659 0.768035 1.837916 1.533268 0.938081 0.390596 1.499983 1.658206 1.812459 
0.796125 0.706753 0.630470 0.638004 1.553130 1.752005 1.585883 1.138422 1.245072 0.719495 
0.756754 0.902504 0.814528 1.011248 1.228502 1.670657 1.776733 1.719190 2.028742 1.069571 
1.139799 0.798267 1.348906 1.156862 1.159576 1.461261 1.899680 1.994927 1.386454 1.366417 
0.817059 0.939864 1.414434 1.724305 1.780036 1.768706 -0.007199 -0.246751 0.577210 0.909994 
1.139870 1.595384 1.705071 1.483020 1.361098 1.795276 1.787746 1.401725 0.856366 1.379201 
1.432916 1.530221 1.832031 1.833658 1.393759 1.498920 1.948579 1.669305 1.396427 1.772864 
1.681739 1.394732 1.829733 1.314775 0.732560 1.579591 1.717815 0.469279 0.313366 1.330187 
1.207447 0.986008 1.247763 2.052950 1.850610 1.294705 1.014732 1.700188 1.519303 1.077613 
0.883009 0.857919 0.873830 1.246834 1.262774 1.485752 1.134850 0.856337 1.216310 1.149151 
1.250921 1.263701 1.379143 1.580952 1.555286 1.432940 1.847929 1.809505 1.963637 1.809519 
0.849407 0.502879 1.256853 1.448991 1.623814 1.679374 1.952891 2.097811 1.244267 0.203977 
0.582085 1.231374 1.666479 1.872751 2.037385 1.552274 0.212386 0.438838 1.332595 1.193100 
1.360497 1.814479 1.867159 1.807935 1.952456 2.123364 2.187879 1.889850 2.139535 2.134444 
1.874372 1.592582 1.602580 1.339501 1.369943 1.772777 1.815451 1.308460 1.898437 1.960479 
1.250860 1.174616 1.610838 1.274333 1.263267 1.619148 1.442317 0.991734 1.212545 1.989711 
1.391391 1.579326 1.670736 1.898101 1.524379 1.143802 1.477304 1.612306 1.672210 1.573656 
1.170446 1.754216 1.758837 1.494410 1.750916 1.798136 1.372545 1.700100 1.696066 1.673867 
1.989202 1.762342 1.895674 2.014614 1.896985 1.684331 1.617116 1.676176 2.293662 2.365006 
0.543364 0.358787 0.625727 0.986976 1.271452 1.394147 0.939914 0.883957 0.291119 0.246499 
0.591106 1.010839 1.067734 0.986171 0.747367 0.848715 0.358900 0.512903 0.343857 0.401419 
0.954035 1.235709 1.286349 1.046166 0.773252 0.814153 0.800312 0.795208 0.846864 0.567048 
0.410580 0.479452 0.682476 0.718657 0.813057 0.844899 1.085674 1.493907 1.743971 0.965569 
0.281798 0.710778 1.015800 1.105033 1.062358 0.934704 0.970038 1.089637 1.376312 0.869340 
0.750358 1.253146 1.138735 0.861020 0.758494 0.832217 1.275567 1.173986 0.938367 1.065594 
1.105187 1.069933 0.948139 0.969292 1.010467 0.981464 1.052296 0.771769 0.674833 0.987911 
1.012801 1.039952 1.259749 1.239666 1.211826 1.124844 1.077009 1.308798 1.598200 1.305464 
0.159628 -0.001712 -0.005370 -0.055990 0.037345 -0.203701 -0.189230 -0.026940 -0.018516 0.009129 
-0.038365 -0.064176 -0.096766 0.048825 -0.113645 -0.133308 0.005366 0.028155 -0.068650 -0.096603 
-0.028624 -0.026873 -0.005080 -0.052076 0.081202 -0.099225 -0.100668 0.072044 -0.283421 -0.082786 
-0.026683 -0.059846 -0.000590 -0.143142 0.009548 -0.056615 0.037947 0.099595 -0.064259 -0.026285 
0.040235 0.060441 0.055507 -0.099598 -0.011574 0.009915 0.080913 0.089667 0.050272 -0.024285 
0.026594 0.044732 0.112590 -0.096728 -0.041563 0.038790 0.012445 0.063126 0.065224 0.131929 
-0.225292 -0.211251 0.030366 0.097196 -0.134276 -0.056386 0.025643 0.064566 -0.001089 0.037998 
0.042717 0.010545 0.004446 0.090818 0.036621 0.029368 0.081361 0.010014 0.137148 -0.003895 
0.992060 0.624298 0.852349 0.910545 1.180015 1.337323 0.657556 0.996754 1.124545 1.182084 
1.327989 1.517738 1.252272 1.118995 1.251038 0.922415 1.152530 1.307549 1.080365 0.902119 
0.995544 0.905128 1.113868 0.805725 0.940645 0.884924 0.611335 1.345181 1.264572 0.694554 
0.892678 0.620068 0.790790 0.724084 0.808935 1.054787 0.654805 0.823808 1.048204 0.914614 
0.930375 0.883844 1.163070 1.336246 1.016331 0.958319 1.076600 1.153764 1.111594 1.150906 
1.155540 1.113167 1.155787 1.163461 0.890657 1.199658 1.127670 1.026565 1.319029 1.621047 
1.423602 0.495953 0.774595 1.026020 1.220324 0.985130 0.980262 0.865171 1.174729 1.205590 
1.261821 1.266910 1.229651 1.320735 1.370028 1.245272 1.319418 1.242994 1.837628 1.850471 
0.349105 0.263571 0.282531 0.273190 0.226102 0.429736 0.274036 0.237253 0.295215 0.332164 
0.393257 0.349787 0.298926 0.301536 0.273732 0.239393 0.356694 0.366064 0.208559 0.191000 
0.146542 0.169946 0.206217 0.114710 0.182438 0.178712 0.253476 0.346027 0.284211 0.292410 
0.253276 0.167090 0.196075 0.217842 0.256284 0.101933 0.111481 0.221837 0.298298 0.234612 
0.214815 0.193117 0.231235 0.221703 0.281667 0.292882 0.311724 0.370248 0.268963 0.224945 
0.282128 0.235180 0.167073 0.227247 0.262678 0.356561 0.377558 0.318938 0.348767 0.516716 
0.725082 0.328742 0.339492 0.243864 0.247994 0.329427 0.154583 0.131577 0.259477 0.345631 
0.367531 0.300039 0.320372 0.401436 0.306191 0.303383 0.369896 0.399449 0.450329 0.833124 
0.589240 0.263431 0.253247 0.247943 0.218451 0.236050 0.309563 0.179998 0.209446 0.241336 
0.280906 0.305110 0.201371 0.147226 0.106229 0.146698 0.317978 0.440806 0.494309 0.285612 
0.201029 0.127791 0.168895 0.102315 0.136501 0.096970 0.188416 0.232508 0.189138 0.218554 
0.200249 0.094986 0.179793 0.177795 0.154104 0.086382 0.147937 0.143363 0.278296 0.257342 
0.165836 0.220901 0.187828 0.210546 0.275156 0.196455 0.275310 0.236944 0.158375 0.171516 
0.203246 0.190661 0.151348 0.188356 0.217780 0.284004 0.231473 0.269093 0.268803 0.351062 
0.234826 0.211221 0.282001 0.272541 0.232833 0.256070 0.139878 0.103467 0.285693 0.295156 
0.414489 0.302011 0.238934 0.410337 0.304808 0.258031 0.396113 0.432212 0.472059 0.765808 
0.375317 0.319454 0.306553 0.340988 0.313334 0.223538 0.256814 0.186849 0.032676 0.057512 
0.075998 0.180256 0.042208 -0.036696 -0.065726 -0.053797 0.062991 0.097679 0.231483 0.155278 
-0.118581 -0.123488 -0.107565 -0.150154 -0.198438 -0.140824 -0.108741 -0.118494 -0.204941 -0.108739 
-0.296456 -0.264480 -0.285022 -0.261380 -0.361634 -0.306343 -0.036411 -0.149885 -0.182385 -0.116933 
-0.224467 -0.198378 -0.214618 -0.103315 -0.165473 -0.219063 -0.281732 -0.266095 -0.400514 -0.300558 
-0.268891 -0.287521 0.002858 -0.103048 -0.088740 -0.091913 -0.369786 -0.278050 -0.189360 -0.151736 
-0.078713 -0.128005 -0.262736 -0.253766 -0.317191 -0.289730 -0.284167 -0.284363 0.257108 0.097923 
0.044312 -0.092476 0.052661 0.159876 0.221741 0.188851 0.271676 0.240132 0.459271 0.704933 
0.331134 0.269178 0.257388 0.330519 0.393676 0.283533 0.377780 0.335905 0.165344 0.111726 
0.063264 0.235235 0.231210 0.026761 -0.025327 -0.009059 0.010374 0.050464 0.176152 0.259462 
0.239011 -0.117410 -0.247406 -0.235364 -0.212158 -0.127232 -0.194943 -0.133142 -0.225580 -0.146777 
-0.233867 -0.251772 -0.320532 -0.375736 -0.421775 -0.296823 -0.043631 -0.160523 -0.223219 -0.187211 
-0.175889 -0.117804 -0.148745 -0.168549 -0.155117 -0.191789 -0.195648 -0.146933 -0.396401 -0.419203 
-0.317253 -0.276563 -0.028504 -0.141586 -0.107563 0.105627 0.010187 -0.357476 -0.202455 -0.183462 
-0.095855 -0.104736 0.134042 -0.153641 -0.336608 -0.355366 -0.316428 -0.331149 0.224719 0.072013 
0.166488 -0.031086 0.047913 0.140125 0.193900 0.121237 0.281095 0.325320 0.419280 0.690423 
0.368049 0.311629 0.321683 0.370167 0.508291 0.412298 0.348888 0.453488 0.253912 0.087229 
0.099510 0.236612 0.432198 0.234445 0.268281 0.331964 0.127784 0.136670 0.323330 0.503949 
0.371823 -0.005293 -0.225706 -0.219079 -0.044616 -0.081783 -0.136701 -0.087134 -0.146567 -0.065359 
-0.118496 -0.088095 -0.132888 -0.274848 -0.286110 -0.232914 0.039496 -0.031685 -0.012238 -0.074479 
0.118303 0.126483 0.089816 -0.017917 -0.148989 -0.170363 -0.077921 0.148740 -0.079757 -0.287686 
-0.308215 -0.230613 0.074159 -0.008387 0.069770 0.254352 0.598606 0.015349 -0.118961 -0.064691 
0.052013 0.075526 0.702658 1.149330 -0.055713 -0.320486 -0.200148 -0.194899 0.288156 0.190082 
0.293314 0.513402 0.268447 0.300903 0.329560 0.327306 0.422186 0.461624 0.451141 0.686964 
0.344543 0.313942 0.309857 0.355485 0.458598 0.353230 0.150938 0.131421 -0.254334 -0.092057 
0.084455 0.207225 0.142204 -0.061063 0.043967 0.234931 0.250917 0.101436 0.238030 0.449187 
0.432709 -0.018780 -0.130478 -0.224917 -0.121702 -0.161683 -0.142926 -0.109805 -0.166545 -0.072377 
-0.164094 -0.112170 -0.295193 -0.345446 -0.273066 -0.204292 -0.017452 0.033300 -0.010467 0.023709 
0.050859 0.063861 0.027055 0.047077 -0.091288 -0.110046 -0.231163 -0.171666 -0.085971 -0.159230 
-0.345412 -0.322071 -0.029715 -0.063418 0.054920 0.152148 0.203525 0.100973 -0.053302 -0.109017 
0.027440 0.084153 0.501809 1.355163 0.890549 -0.357435 -0.221037 -0.208229 0.298547 0.204684 
0.195526 0.234349 0.305205 0.336907 0.313231 0.277763 0.373847 0.445357 0.459536 0.661380 
0.315261 0.256031 0.280912 0.357049 0.498752 0.454187 0.234449 -0.012311 -0.284373 -0.279721 
-0.134126 -0.087722 -0.083333 -0.170208 -0.129580 -0.064793 -0.124779 -0.087910 0.164493 0.254652 
0.371424 0.283002 0.147746 0.086287 0.007306 -0.050634 -0.094410 0.072224 -0.032146 -0.054555 
-0.135785 -0.009704 -0.300450 -0.340942 -0.233799 -0.143739 0.122957 0.041458 0.205636 0.185610 
0.079988 0.050193 0.184058 0.063553 0.066811 -0.047855 -0.262804 -0.201824 -0.013822 0.207448 
0.272585 0.247714 0.284906 0.264480 0.334082 0.277574 0.336558 0.315058 0.316709 0.325265 
0.233686 0.205729 0.542055 1.417384 1.528071 0.014790 -0.017625 -0.087172 0.290926 0.204467 
0.277657 0.270220 0.363023 0.347070 0.289719 0.262702 0.401372 0.507288 0.459633 0.623013 
0.304899 0.252063 0.307730 0.384604 0.529917 0.596952 0.861468 0.492749 0.901984 0.022761 
-0.141510 -0.129088 -0.186843 -0.164821 -0.174706 -0.157953 -0.160850 -0.148575 0.065597 0.029964 
0.095258 0.081405 -0.073930 0.079449 0.096160 -0.033890 -0.051854 0.070630 -0.108795 -0.051675 
-0.167753 -0.031948 0.055351 -0.326572 -0.210377 -0.131021 0.179824 0.016666 0.137829 0.167350 
0.043811 0.057098 0.091460 0.035121 0.052830 0.241869 -0.049846 -0.179335 -0.073748 -0.035743 
0.119833 0.151782 0.228849 0.297487 0.236463 0.235367 0.140591 0.149060 0.201781 0.260074 
0.335977 0.145202 0.309310 1.060364 0.827641 -0.103043 -0.021916 -0.111575 0.286322 0.252975 
0.347456 0.274379 0.394486 0.427385 0.313699 0.239717 0.400315 0.481163 0.508357 0.581111 
0.495597 0.302328 0.313230 0.355952 0.462324 0.369083 0.654043 0.691681 0.540046 0.087923 
0.231803 0.390484 0.091316 0.016375 -0.069361 -0.039145 -0.026417 -0.095610 -0.102463 -0.073575 
-0.001619 0.065027 0.070506 0.135412 0.071929 -0.135419 -0.157770 -0.049739 -0.212301 -0.097610 
-0.096723 -0.021096 -0.181995 -0.297676 -0.297208 -0.191677 0.251619 0.113190 0.134776 0.056615 
0.048903 0.003930 0.086965 0.097985 0.093319 0.296193 0.100188 -0.092756 -0.055681 0.021813 
-0.053456 -0.045102 0.123527 0.209464 0.241242 0.222804 0.096333 0.008764 0.136298 0.197123 
0.399173 0.463225 0.501765 0.779159 0.650426 -0.124924 -0.075173 -0.105147 0.347155 0.280570 
0.394064 0.345946 0.416838 0.546731 0.380633 0.285768 0.354833 0.420489 0.498112 0.779268 
0.351833 0.386042 0.310118 0.345797 0.431118 0.304902 0.380031 0.583072 0.431205 0.027042 
0.172002 0.179666 0.043669 -0.004473 -0.011379 0.067280 0.030284 0.014426 -0.011600 0.053795 
-0.010926 -0.029969 0.065414 0.103404 0.096101 -0.022612 0.075139 -0.064584 -0.145482 -0.151731 
-0.009487 0.246509 0.260401 -0.138762 -0.290636 -0.292575 0.127688 0.148925 0.307736 0.155158 
-0.004507 0.021381 -0.010202 0.042692 0.075439 0.085712 0.371992 0.387844 0.091645 0.029460 
-0.057860 -0.074615 0.117083 0.268685 0.129324 0.184903 0.110077 -0.006217 0.079007 0.111839 
0.279465 0.382385 0.362192 0.399767 0.473600 -0.041606 -0.062088 -0.062087 0.352918 0.274707 
0.379897 0.349531 0.374536 0.481574 0.475735 0.417956 0.394852 0.371919 0.413720 0.712046 
0.324234 0.304888 0.279826 0.359531 0.472183 0.373269 0.471110 0.757604 0.537731 -0.096026 
-0.114773 -0.132823 -0.046230 0.008531 0.076952 0.171791 0.292616 0.430278 0.355452 0.256574 
0.119295 -0.041866 0.034125 0.232135 0.149034 -0.020736 0.238067 0.462269 0.331012 0.237955 
0.535039 0.740856 1.402501 1.018448 0.704751 0.307833 0.233412 0.273465 0.585728 0.639058 
0.010059 0.051153 0.111793 0.170133 0.323079 0.299274 0.469322 0.676043 0.425900 0.380085 
0.189172 -0.191056 -0.174460 -0.111925 -0.134199 -0.128700 0.004185 -0.068662 -0.054014 -0.111998 
0.032188 0.106641 0.081960 0.070800 -0.058962 -0.179916 -0.167198 -0.137583 0.408788 0.299908 
0.344691 0.315186 0.378055 0.514010 0.504319 0.450454 0.480364 0.495948 0.416096 0.704966 
0.308322 0.326531 0.283148 0.365892 0.430629 0.347709 0.390323 0.536800 0.357751 -0.073454 
-0.037028 0.056737 0.018384 0.040603 0.151884 0.123142 0.318920 0.461015 0.514786 0.517349 
0.347771 0.032773 0.063443 0.128245 0.105873 0.085594 0.191268 0.175327 0.236736 0.237341 
0.473856 0.523452 0.525083 0.466074 0.230913 0.211159 0.285793 0.295972 0.456518 0.727323 
0.007221 0.019808 0.123853 0.236128 0.314774 0.302485 0.437371 0.444472 0.389507 0.316730 
0.516619 0.433083 0.016797 -0.181266 -0.132907 -0.173746 -0.015460 0.025682 -0.026370 -0.104350 
0.026271 0.092713 0.211900 0.172624 -0.013172 -0.113067 -0.178949 -0.137114 0.403184 0.351489 
0.419113 0.297437 0.331411 0.505191 0.561589 0.384137 0.449896 0.581459 0.409932 0.640600 
0.295284 0.364722 0.329694 0.391106 0.387838 0.182279 0.278335 0.424410 0.050576 -0.272373 
-0.030795 0.022732 0.232782 0.256425 0.214059 0.137723 0.317584 0.358284 0.411719 0.542246 
0.199828 -0.103948 -0.102963 -0.060250 -0.167260 -0.072783 0.152961 0.109058 0.270568 0.259319 
0.345131 0.336290 0.184169 0.215014 -0.092809 -0.117555 0.158522 0.173083 0.378117 1.217861 
0.135283 -0.133067 0.162884 0.237473 0.422423 0.388734 0.412691 0.527398 0.357987 0.015204 
0.141181 0.380119 0.271722 0.037017 -0.050923 -0.020699 0.167642 0.168417 0.155827 0.168165 
0.239766 0.277590 0.525707 0.704001 0.074879 -0.152086 -0.265507 -0.179201 0.425765 0.339055 
0.467434 0.487015 0.412169 0.432206 0.439294 0.239033 0.357823 0.535448 0.337389 0.544783 
0.261324 0.368917 0.332349 0.276881 0.211060 0.087494 0.318999 1.108925 1.266635 -0.173501 
-0.061214 -0.082512 0.192725 0.219427 0.366858 0.280856 0.324233 0.373816 0.476558 0.611007 
0.936353 0.087204 0.273411 -0.008853 0.048368 0.049340 0.156280 0.117517 0.231231 0.297115 
0.363917 0.375356 0.330632 0.407809 0.475698 -0.053240 0.160084 0.159116 0.328817 0.630090 
1.046764 -0.067422 0.157339 0.220837 0.361893 0.326393 0.286124 0.361300 0.086825 0.104678 
0.217953 0.229339 -0.029382 -0.037610 -0.048787 -0.022083 0.172121 0.170813 0.204426 0.218772 
0.264918 0.190201 0.384883 0.774800 0.042340 -0.157339 -0.273473 -0.111634 0.545852 0.386316 
0.387465 0.360758 0.442352 0.474908 0.418307 0.182603 0.288750 0.511019 0.467024 0.535215 
0.291902 0.372382 0.349739 0.241304 0.046210 -0.045968 -0.019842 0.172848 1.120261 0.732059 
0.254490 0.114313 0.236796 0.324482 0.405155 0.247701 0.286615 0.425313 0.478729 0.384533 
1.053835 0.842006 0.527976 0.932363 0.453547 0.551011 0.389950 0.356580 0.340712 0.357160 
0.464887 0.348792 0.400616 0.301701 0.485525 0.311331 0.241409 0.241182 0.441744 0.423219 
0.725154 0.591649 0.436558 0.598890 0.091404 -0.050931 0.025151 0.064002 -0.446596 -0.360051 
-0.264070 -0.256420 -0.274377 -0.300157 -0.172710 -0.190059 0.100039 0.065344 0.202003 0.177308 
0.181804 0.155157 0.473199 1.159232 0.003002 -0.370784 -0.380695 -0.287359 0.405733 0.313464 
0.363807 0.330429 0.392321 0.465160 0.373120 0.257695 0.283588 0.368376 0.467377 0.644038 
0.277380 0.383759 0.463293 0.771941 0.633450 0.373713 0.108040 -0.028687 0.208825 0.235932 
0.304102 0.193269 0.217678 0.322287 0.372307 0.347813 0.281127 0.300523 0.359849 0.298910 
0.487941 0.465796 0.319123 0.612073 0.325647 0.430629 0.417141 0.321063 0.395770 0.476019 
0.491647 0.465994 0.370728 0.407167 0.316105 0.332903 0.353327 0.296749 0.374724 0.405344 
0.464962 0.455849 0.684438 1.029049 1.027861 -0.052475 0.077441 0.312356 0.587895 -0.431841 
-0.268242 -0.326848 -0.262338 -0.277593 -0.212794 -0.153758 0.164885 0.058017 0.212190 0.171379 
0.214079 0.266824 0.795604 1.898627 1.493548 -0.445675 -0.352614 -0.271978 0.474240 0.370068 
0.446259 0.309757 0.300856 0.311387 0.224630 0.255470 0.380371 0.500553 0.471985 0.705651 
0.298013 0.349507 0.393138 0.796219 0.579750 0.343422 0.505474 0.343700 0.286874 0.225672 
0.204349 0.096294 0.103539 0.250694 0.306621 0.499010 0.266913 0.233692 0.210077 0.247691 
0.325145 0.413773 0.374423 0.332178 0.136493 0.177749 0.307548 0.328810 0.391423 0.414117 
0.392482 0.481813 0.470066 0.524515 0.493041 0.471113 0.449944 0.431860 0.406329 0.424483 
0.488195 0.460934 0.619409 1.207263 1.519033 0.238729 -0.190379 -0.024619 0.507560 -0.332432 
-0.220855 -0.236804 -0.104211 -0.118930 -0.254231 -0.162470 0.350928 0.172667 0.258152 0.289091 
0.336980 0.309362 0.894834 2.336632 2.288163 -0.225206 -0.341757 -0.228318 0.564585 0.415095 
0.447716 0.356774 0.458060 0.428471 0.301284 0.262329 0.309286 0.449881 0.465181 0.701594 
0.306245 0.302888 0.329621 0.345947 0.288993 0.312278 0.398091 0.343367 0.300225 0.189824 
0.117806 0.116406 0.227512 0.171013 0.211256 0.381712 0.418155 0.342832 0.218530 0.278545 
0.145408 0.243662 0.363149 0.510367 0.366899 0.104672 0.233666 0.316193 0.390578 0.406550 
0.421306 0.379915 0.332247 0.370506 0.370923 0.338392 0.451838 0.417017 0.417529 0.432741 
0.403398 0.354312 0.546119 1.049265 1.293497 0.926671 0.250764 0.265796 0.578356 -0.159363 
-0.310646 -0.306800 -0.165852 -0.089792 -0.072015 -0.253028 0.282628 0.128146 0.241482 0.289485 
0.333730 0.275928 0.873627 2.336524 2.330945 0.207151 -0.385237 -0.262955 0.532398 0.399181 
0.444472 0.362113 0.424138 0.483766 0.381822 0.355359 0.376713 0.420840 0.434298 0.633695 
0.393789 0.321421 0.362856 0.352279 0.376329 0.372192 0.488053 0.489842 -0.035557 -0.179063 
-0.224867 -0.215651 0.238188 0.147675 0.137593 0.198197 0.301305 0.255732 0.135183 0.164461 
0.403069 0.480509 0.425209 0.479821 0.475346 0.377433 0.386926 0.422876 0.409508 0.376117 
0.437563 0.374208 0.419514 0.492548 0.522541 0.388712 0.402785 0.365723 0.400463 0.504651 
0.531043 0.477505 0.671790 0.992297 1.062248 0.814543 1.382677 1.041412 1.489197 1.056426 
0.836807 0.697122 0.561379 0.749692 1.000008 0.511676 0.378729 0.293105 0.302399 0.361626 
0.390959 0.402728 0.987964 2.255068 2.162092 0.730892 -0.227050 -0.212156 0.559437 0.454107 
0.519856 0.463512 0.502983 0.558283 0.439573 0.451602 0.486646 0.456597 0.473781 0.564603 
0.406192 0.390388 0.326907 0.383086 0.373114 0.331403 0.550961 0.756683 0.689655 -0.122701 
-0.235156 -0.205625 0.251108 0.112124 0.162893 0.095129 0.215453 0.371773 0.224615 0.122038 
0.203956 0.411681 0.394681 0.464410 0.625503 0.444351 0.440046 0.479221 0.362186 0.351170 
0.363773 0.326889 0.375759 0.384221 0.595029 0.462950 0.312991 0.372051 0.340676 0.409596 
0.453317 0.520344 0.612297 0.851468 0.636637 0.255278 0.256937 0.383429 0.543100 0.432739 
0.480087 0.484668 0.496328 0.474456 0.444995 0.404795 0.395992 0.410410 0.356828 0.382762 
0.381067 0.377126 0.790062 1.839072 1.461250 0.254127 -0.244700 -0.270166 0.563982 0.418811 
0.525979 0.513317 0.547523 0.626635 0.550561 0.449773 0.451615 0.441846 0.517656 0.574772 
0.307927 0.386698 0.233834 0.293934 0.383267 0.335754 0.669372 0.903473 0.379828 -0.120297 
-0.192702 -0.190215 0.280248 0.145407 0.283579 0.124036 0.266571 0.430988 0.291924 0.174866 
0.481615 0.550919 0.568844 0.510867 0.503672 0.538295 0.410250 0.422798 0.428496 0.373200 
0.399578 0.381231 0.373924 0.347023 0.474406 0.660349 0.529280 0.486841 0.335917 0.395016 
0.400458 0.496016 0.568071 0.733492 0.485881 0.048121 0.234763 0.290899 0.297893 0.274711 
0.292938 0.315456 0.283272 0.227452 0.137375 0.059206 0.210849 0.266809 0.306496 0.372937 
0.425508 0.299558 0.606192 1.487758 1.148411 0.121245 -0.135382 -0.165029 0.546893 0.409522 
0.481691 0.455399 0.527036 0.598316 0.579785 0.527349 0.399814 0.401544 0.425761 0.886704 
0.248085 0.278605 0.257896 0.279719 0.302235 0.335101 0.685697 1.058117 0.092478 -0.129484 
-0.202664 -0.164789 0.284991 0.123823 0.192186 0.087949 0.192907 0.294066 0.116063 0.169029 
0.372957 0.511356 0.487362 0.477486 0.478793 0.526542 0.392748 0.443079 0.386756 0.293745 
0.314641 0.350735 0.353052 0.357708 0.481562 0.517470 0.559589 0.569726 0.372999 0.452154 
0.395755 0.386779 0.482701 0.692041 0.620582 0.040832 0.210292 0.239240 0.271350 0.260478 
0.308731 0.350368 0.265179 0.174793 0.082292 0.070070 0.133310 0.219819 0.249480 0.300747 
0.298091 0.210654 0.370941 1.026770 1.096181 0.400769 -0.106167 -0.204400 0.434320 0.392440 
0.432177 0.396011 0.426695 0.520466 0.514609 0.492983 0.510707 0.414593 0.414080 0.684966 
0.436501 0.278372 0.331756 0.342349 0.369428 0.394255 0.896102 1.608447 0.607541 -0.319210 
-0.270850 -0.240141 0.075679 -0.061255 0.011355 -0.115455 0.081852 0.168646 0.098910 -0.014297 
0.332626 0.436020 0.442495 0.532695 0.434851 0.434637 0.441694 0.555297 0.731274 0.229664 
0.061672 0.226761 0.222675 0.289303 0.394489 0.409801 0.545157 0.682940 0.500894 0.488245 
0.441577 0.315540 0.531006 0.720945 0.694653 0.352797 0.418319 0.381965 0.298279 0.082103 
0.190758 0.373550 0.101636 -0.062244 -0.162668 -0.078962 -0.007940 -0.084485 -0.030273 0.057305 
-0.050651 -0.134483 0.069074 0.164952 0.592301 0.809682 0.406498 0.201053 0.328454 0.340400 
0.424504 0.380361 0.399361 0.458178 0.505568 0.483263 0.465977 0.345513 0.406864 0.632986 
0.426478 0.372639 0.357872 0.375018 0.432238 0.399368 0.761861 2.294201 2.607574 -0.382167 
-0.351521 -0.299060 -0.050531 -0.120252 -0.094980 -0.093335 -0.002307 0.090494 0.116612 0.039655 
0.381940 0.442370 0.502271 0.545547 0.447703 0.399940 0.497609 0.564904 0.398794 0.485811 
-0.212105 0.101785 0.138609 0.270111 0.379644 0.329708 0.426423 0.489226 0.451822 0.509123 
0.548375 0.578602 0.506998 0.595267 0.583646 0.385029 0.438636 0.528895 0.448878 0.126087 
0.054184 0.352480 0.432800 0.014175 -0.147915 -0.128391 -0.025522 -0.104157 0.044777 0.112317 
0.019739 -0.086838 0.043740 0.081409 0.133297 0.190041 0.266406 0.212946 0.366869 0.384554 
0.364805 0.382701 0.434988 0.540568 0.499906 0.519721 0.593698 0.372687 0.363112 0.657218 
0.408828 0.301372 0.274303 0.448702 0.491411 0.405139 0.856676 1.777266 2.349634 0.111152 
-0.194473 -0.228451 0.008204 -0.002045 0.041892 0.053391 0.128295 0.189876 0.123393 0.148364 
0.353334 0.430838 0.549789 0.595195 0.499546 0.557737 0.496324 0.630341 0.570198 0.904607 
0.116210 -0.002588 0.046998 0.318263 0.448641 0.423181 0.466791 0.510936 0.609078 0.625493 
0.511695 0.531633 0.510027 0.507116 0.382128 0.306665 0.480661 0.564180 0.682425 0.914464 
0.251190 0.258414 0.462184 0.075270 -0.059889 -0.088805 0.197513 0.160549 0.241368 0.297983 
0.217029 0.163369 0.058685 0.071345 0.001763 -0.007240 0.162698 0.142930 0.396554 0.451231 
0.437183 0.455423 0.476084 0.491397 0.510511 0.476066 0.567602 0.669938 0.444189 0.620640 
0.260864 0.307051 0.297482 0.416170 0.491686 0.418305 0.812959 1.413272 1.301087 -0.213562 
-0.154719 -0.197296 0.028398 0.028834 0.148211 0.052791 0.220464 0.207565 0.085504 0.132814 
0.372770 0.424520 0.519459 0.557720 0.472468 0.559464 0.525055 0.644530 1.178216 2.666809 
0.144227 0.087311 0.211464 0.316505 0.462904 0.420864 0.446801 0.493376 0.588865 0.564503 
0.545207 0.520799 0.448318 0.586420 0.496281 0.349506 0.422193 0.398904 0.363357 0.414882 
0.180866 0.237618 0.088419 0.107072 0.019046 -0.070345 0.233442 0.169270 0.214505 0.256649 
0.264536 0.254921 0.106973 0.094791 -0.010380 0.020061 0.142713 0.132255 0.356968 0.413474 
0.428034 0.415633 0.480463 0.499662 0.513104 0.535155 0.487738 0.427233 0.400858 0.601407 
0.482333 0.360675 0.374323 0.394929 0.452484 0.455657 0.883284 1.449731 1.323872 -0.227927 
-0.147034 -0.159941 -0.029136 -0.111592 0.125293 0.117088 0.199221 0.216914 0.090193 0.184379 
0.321465 0.406145 0.515475 0.560792 0.564684 0.615005 0.652266 0.885178 0.866316 2.490212 
0.133133 0.311765 0.394932 0.542002 0.601649 0.548111 0.488434 0.494136 0.518467 0.477017 
0.466602 0.401278 0.327938 0.368765 0.351352 0.336137 0.458508 0.304748 -0.115316 -0.073137 
-0.153218 -0.122082 -0.207507 -0.120044 -0.051047 -0.132861 0.184066 0.106054 0.188389 0.195510 
0.178072 0.257021 0.389845 0.434666 -0.171533 -0.214972 -0.106606 -0.107482 0.352324 0.347141 
0.406308 0.416586 0.428424 0.450289 0.513047 0.542286 0.481377 0.339964 0.391287 0.611586 
0.566113 0.506178 0.385393 0.308888 0.452299 0.407761 0.796486 1.623896 1.186906 -0.202839 
-0.119482 -0.081178 0.068510 -0.160816 0.043158 0.104476 0.251213 0.298048 0.157710 0.142956 
0.340047 0.495761 0.546977 0.534336 0.554179 0.565938 0.601535 0.635644 1.129398 2.559829 
1.051054 0.390907 -0.330190 0.480589 0.567960 0.541610 0.576743 0.528183 0.526898 0.485935 
0.557696 0.550424 0.497565 0.479175 0.379639 0.366938 0.635460 1.363212 0.387637 -0.081914 
-0.097513 -0.044836 -0.164080 -0.117388 0.006946 -0.077513 0.089370 0.107763 0.229157 0.235609 
0.245845 0.234405 0.586929 0.766036 0.464452 -0.196692 -0.099676 -0.067926 0.399425 0.387986 
0.465565 0.431319 0.425918 0.478801 0.549104 0.535633 0.448970 0.310204 0.367148 0.682818 
0.348032 0.363083 0.342807 0.313431 0.444723 0.448949 0.808639 1.175580 0.706200 -0.271317 
-0.145414 -0.105581 0.180911 0.308159 0.318660 0.214175 0.177712 0.191818 0.141117 0.091077 
0.331329 0.432476 0.440046 0.423966 0.536283 0.562220 0.533422 0.574982 0.538379 0.841474 
2.169248 1.183964 0.798559 0.538670 0.547062 0.542451 0.546650 0.553210 0.552615 0.580615 
0.567593 0.558813 0.433886 0.557917 0.548904 0.433490 0.607781 1.053086 0.854517 0.136360 
0.056196 -0.014441 0.044930 0.080625 0.163219 0.118143 0.159983 0.135312 0.247596 0.223845 
0.250480 0.308573 0.483979 0.804751 0.190758 -0.100950 -0.221294 -0.102192 0.414914 0.379349 
0.483183 0.418356 0.439311 0.508500 0.535496 0.532149 0.426746 0.324360 0.273269 0.443611 
0.386655 0.372586 0.406014 0.499556 0.461933 0.454234 0.823599 1.509229 1.035353 -0.208854 
-0.138508 -0.131839 0.105944 0.160595 0.237018 0.217327 0.110705 0.200189 0.137895 0.167476 
0.413040 0.466109 0.460212 0.409098 0.564278 0.567560 0.545622 0.630522 0.589631 0.446202 
0.659412 1.150640 0.685524 0.552327 0.557181 0.594725 0.519881 0.520952 0.524337 0.543169 
0.505117 0.574080 0.578673 0.512437 0.455344 0.373500 0.518012 0.796569 0.810452 0.072121 
0.148554 0.098496 0.060945 0.096145 0.128406 0.116027 0.176050 0.091305 0.170277 0.202293 
0.254444 0.288633 0.422329 0.883687 0.466126 -0.167789 -0.199416 -0.128657 0.480466 0.374148 
0.479726 0.389738 0.430843 0.518097 0.497414 0.470110 0.524322 0.574978 0.348274 0.486808 
0.389426 0.378337 0.480541 0.464244 0.524715 0.497579 0.725943 1.478497 0.873984 -0.112047 
-0.156409 -0.129095 -0.224885 -0.211576 -0.196097 -0.218375 -0.292697 -0.237335 -0.194391 -0.191418 
0.565180 0.420816 0.403617 0.325967 0.510788 0.497006 0.546856 0.615990 0.493303 0.529385 
0.425657 0.532662 0.495083 0.500816 0.424056 0.463212 0.304591 0.329725 0.372946 0.345492 
0.400626 0.486884 0.455778 0.449423 0.289387 0.293221 0.506508 0.745119 0.515306 0.044771 
0.300539 0.417591 0.261147 0.112547 0.201262 0.204934 0.183832 0.065197 0.065688 0.107963 
0.246287 0.222389 0.344025 0.995836 0.422012 -0.337969 -0.311627 -0.220585 0.461657 0.260572 
0.334010 0.281653 0.351176 0.435204 0.474394 0.388821 0.464737 0.846891 0.515704 0.593135 
0.441394 0.332335 0.363042 0.474947 0.456153 0.443935 0.766367 1.140786 0.448430 -0.150152 
-0.124657 -0.090753 -0.266278 -0.247393 -0.229329 -0.290357 -0.305310 -0.249010 -0.221729 -0.145413 
0.553398 0.405672 0.452860 0.461785 0.510767 0.531310 0.530419 0.535452 0.462843 0.523098 
0.545184 0.530952 0.549515 0.537427 0.620479 0.782368 0.430845 0.271917 0.405745 0.433927 
0.369561 0.454108 0.543850 0.523881 0.431697 0.282331 0.427390 0.742918 0.526839 0.076096 
0.231173 0.289618 0.254867 0.138662 0.197434 0.182159 0.142730 0.143108 0.096437 0.186231 
0.233111 0.256989 0.602136 1.410826 0.995329 -0.078607 -0.302648 -0.215962 0.391310 0.272929 
0.282287 0.250250 0.380377 0.457587 0.430718 0.409329 0.393843 0.514896 0.521642 0.660596 
0.457035 0.376107 0.277500 0.425372 0.458807 0.444402 0.935112 1.734784 0.873669 -0.192307 
0.066452 0.005922 -0.106781 -0.033638 -0.097474 -0.189417 -0.233803 -0.208130 -0.181019 -0.103502 
0.537693 0.357495 0.491811 0.508342 0.509743 0.436545 0.343339 0.428035 0.479359 0.477585 
0.458817 0.475493 0.458794 0.456381 0.487427 0.841003 1.519220 0.423396 0.325041 0.528552 
0.448890 0.353160 0.569422 0.567206 0.440756 0.343084 0.436168 0.610940 0.639504 0.415655 
0.210876 0.217986 0.286988 0.211340 0.266571 0.157155 0.124745 0.164075 0.172434 0.160652 
0.211464 0.237139 0.550422 1.337922 1.070531 0.014395 -0.285913 -0.232153 0.469704 0.270330 
0.379391 0.379288 0.484418 0.502391 0.438085 0.461293 0.349929 0.353138 0.450883 0.560924 
0.397894 0.453779 0.433473 0.448770 0.432965 0.440392 0.690519 1.282398 1.930404 -0.170573 
0.022517 0.045551 0.173539 -0.101105 0.026543 -0.118917 -0.267797 -0.223996 -0.177822 -0.084975 
0.557874 0.399988 0.443255 0.499230 0.529502 0.525619 0.438159 0.352907 0.438237 0.523335 
0.470703 0.471665 0.510733 0.496114 0.487991 0.544310 0.563011 0.553244 0.505504 0.425008 
0.398426 0.349664 0.507183 0.556204 0.403961 0.359393 0.456820 0.589857 0.366252 0.350790 
0.425282 0.294900 0.236380 0.102262 0.205684 0.162156 0.118161 0.160681 0.172432 0.212079 
0.201787 0.204444 0.473920 1.331296 1.349668 0.644303 -0.247190 -0.238386 0.422276 0.300901 
0.335478 0.355470 0.470290 0.484087 0.432017 0.451235 0.433758 0.457263 0.423768 0.680580 
0.383548 0.479729 0.439708 0.423179 0.479717 0.436180 0.632691 0.933806 1.637455 0.709759 
0.384014 0.443479 0.667830 0.594991 1.009315 1.710455 -0.072917 -0.243641 -0.295454 -0.187215 
0.671653 0.381584 0.472943 0.488678 0.459745 0.476201 0.388052 0.358968 0.407936 0.400414 
0.437905 0.428357 0.434404 0.438784 0.448539 0.389058 0.413658 0.447756 0.358503 0.507802 
0.606770 0.449565 0.442007 0.558306 0.465521 0.352973 0.464549 0.566537 0.414112 0.274889 
0.363765 0.288739 0.179158 -0.058677 0.014262 0.033914 -0.011036 0.017957 0.041491 0.058793 
0.150020 0.173901 0.386388 0.960403 1.149395 1.000030 0.222192 0.030815 0.385723 0.367898 
0.463009 0.410558 0.468381 0.565697 0.447331 0.410668 0.463175 0.510851 0.365488 0.554098 
0.346344 0.376245 0.349864 0.460598 0.512246 0.446871 0.628170 0.643543 0.636763 0.557638 
0.408598 0.387508 0.481759 0.332351 0.275381 0.546861 0.323848 -0.295242 -0.292254 -0.207492 
0.636700 0.376086 0.485753 0.411352 0.440089 0.410526 0.368787 0.322182 0.338858 0.347587 
0.354480 0.376417 0.396396 0.418071 0.425474 0.328943 0.350712 0.528258 0.380328 0.453355 
0.500390 0.478991 0.466733 0.522175 0.501504 0.326308 0.417501 0.575315 0.430430 0.272067 
0.326146 0.296304 0.283704 0.109988 -0.027873 0.066964 -0.016193 -0.045801 -0.026790 0.052830 
0.113778 0.193077 0.309115 0.496246 0.274257 0.189210 0.131794 0.039982 0.357395 0.363834 
0.433136 0.383517 0.504158 0.544940 0.480598 0.370291 0.393633 0.622572 0.389130 0.426018 
0.370415 0.289405 0.235043 0.309480 0.395261 0.403586 0.479563 0.534636 0.317472 0.218082 
0.369863 0.452644 0.476475 0.132951 0.029908 0.185401 -0.212631 -0.423049 -0.268723 -0.237478 
0.617802 0.412017 0.411167 0.390360 0.444228 0.402303 0.424406 0.365129 0.348757 0.375570 
0.329117 0.392087 0.350057 0.369183 0.528831 0.365005 0.402890 0.547899 0.458788 0.463181 
0.426572 0.448481 0.469724 0.463936 0.551884 0.455299 0.441381 0.540754 0.422831 0.251031 
0.335506 0.271129 0.295377 0.517040 0.114118 0.113643 0.065182 0.044899 0.026584 0.021913 
0.096386 0.111424 0.201068 0.322736 0.088780 -0.011864 0.031938 0.016373 0.322000 0.383417 
0.398828 0.355504 0.491848 0.503546 0.318817 0.249326 0.303595 0.531812 0.695745 0.539528 
0.338717 0.338661 0.253681 0.180618 0.274994 0.338844 0.457910 0.514650 0.397049 0.283485 
0.377794 0.395225 0.445493 0.686603 1.233859 1.576681 0.959993 -0.262870 -0.393906 -0.350808 
0.434564 0.448930 0.342198 0.294183 0.308506 0.300518 0.275233 0.298213 0.257260 0.262616 
0.327423 0.339006 0.346963 0.316122 0.360698 0.236855 0.375454 0.452415 0.380737 0.356043 
0.362042 0.409138 0.409000 0.420183 0.459570 0.442581 0.499765 0.568584 0.330933 0.195189 
0.260630 0.215559 0.173884 0.255552 0.157987 0.109138 -0.018363 0.013126 0.024651 0.002411 
0.087710 0.149687 0.282702 0.385542 0.315698 -0.052454 -0.024720 0.009166 0.354992 0.407356 
0.413804 0.271076 0.310487 0.389614 0.229487 0.250976 0.287407 0.399450 0.438223 0.632091 
0.417984 0.452367 0.347389 0.291765 0.259898 0.287325 0.490037 0.551671 0.516967 0.447763 
0.316667 0.471616 0.670132 0.640657 0.930792 1.726096 3.088652 2.494359 1.247873 0.547857 
-0.093255 0.011709 -0.017195 -0.001084 -0.168148 -0.145480 -0.158187 -0.108262 -0.292298 -0.200545 
-0.175614 -0.225629 -0.119638 -0.119672 -0.221070 -0.244224 0.179534 0.107587 0.231120 0.159615 
0.103372 0.199432 0.291935 0.257768 0.302907 0.287875 0.328412 0.426865 0.164581 -0.035443 
0.104201 0.049010 0.073435 0.116379 0.179806 0.127505 -0.040213 -0.126998 -0.057213 -0.078660 
0.089213 0.151661 0.283774 0.339319 0.156774 -0.073197 -0.175795 -0.188544 0.315685 0.247905 
0.219038 0.031020 0.097803 0.150425 0.223222 0.223466 0.221394 0.342822 0.407591 0.474126 
0.444942 0.413491 0.391520 0.386317 0.335241 0.304841 0.453066 0.477305 0.378326 0.296313 
0.293711 0.292413 0.334491 0.316196 0.349302 0.370041 0.688740 0.736447 0.749441 0.701433 
0.215826 -0.067756 -0.056795 -0.052758 -0.161335 -0.199117 -0.145632 -0.040233 -0.214543 -0.295234 
-0.278366 -0.290136 -0.176324 -0.135822 -0.181300 -0.167612 0.092466 0.046566 0.183004 0.275374 
0.172926 0.189696 0.281396 0.278159 0.294507 0.239982 0.378296 0.443067 0.078208 -0.040130 
0.123453 0.076267 0.062155 0.099903 0.195345 0.210897 -0.043125 -0.148463 -0.051218 -0.009685 
0.125560 0.149027 0.311186 0.292821 0.005698 -0.085701 -0.209571 -0.199294 0.282207 0.155595 
0.157073 0.144173 0.253415 0.343245 0.256553 0.238940 0.242985 0.284744 0.229950 0.418711 
0.434712 0.420118 0.408233 0.479996 0.402248 0.344833 0.457242 0.475565 0.322359 0.083627 
0.078293 0.014347 -0.000116 0.185776 0.140779 -0.088741 0.216857 0.309822 0.400715 0.399708 
0.530045 0.091879 0.080666 0.045696 -0.111916 -0.186074 -0.004946 0.215229 0.062362 -0.126668 
-0.015480 -0.012451 0.017081 0.010201 0.015700 0.031494 0.201120 0.132156 0.226899 0.292086 
0.223223 0.184007 0.176140 0.172806 0.219214 0.250802 0.298368 0.412064 0.142784 -0.018289 
0.062078 0.086201 -0.033379 0.000066 0.154706 0.303981 0.110925 0.015074 0.022330 0.059718 
0.188264 0.199007 0.263231 0.190983 -0.131251 -0.178245 -0.209450 -0.174321 0.258439 0.184385 
0.166103 0.076361 0.212767 0.318548 0.336415 0.252945 0.219213 0.391337 0.532789 0.458026 
0.443511 0.129063 0.192102 0.330942 0.386154 0.324139 0.497223 0.328872 0.174156 -0.008947 
0.130203 0.445900 -0.114705 0.123812 0.265319 0.148101 0.071811 0.245922 0.352630 0.307541 
0.444245 0.279090 0.335694 0.282135 0.041926 -0.122135 -0.038465 0.070019 0.166343 -0.112531 
0.025464 0.065286 0.070275 0.039316 -0.027094 0.021090 0.223640 0.148473 0.251185 0.228787 
0.186436 0.175008 0.190717 0.202394 0.136413 0.190722 0.241260 0.405968 0.164049 0.060965 
0.021185 0.025445 -0.038523 -0.012967 0.094592 0.133539 0.024508 0.037003 0.030033 0.032891 
0.139322 0.165866 0.346417 0.330687 -0.125196 -0.235296 -0.149229 -0.160272 0.282558 0.186543 
0.133203 0.043538 0.193584 0.247356 0.360998 0.335109 0.396343 0.510772 0.339222 0.376207 
0.338980 0.858539 0.612022 0.285464 0.360596 0.441151 0.307533 0.296083 0.280293 0.148606 
0.256551 0.166331 0.536024 0.101505 0.034296 0.088456 -0.043598 0.203614 0.419137 0.426533 
0.468601 0.468340 0.633092 1.259885 0.698577 0.154200 0.207170 0.125491 0.428624 0.505920 
0.486698 0.591001 -0.085770 -0.169840 -0.300221 -0.245776 -0.263386 -0.249095 -0.189452 -0.217800 
-0.130805 -0.174167 -0.119253 -0.137191 0.117113 0.049596 0.091095 0.229812 0.209473 0.176736 
0.133464 0.114140 -0.073386 -0.138705 0.117510 0.116974 0.149985 0.197996 0.186276 0.160394 
0.233838 0.147132 0.633991 1.096109 -0.107429 -0.326363 -0.155830 -0.142977 0.342292 0.184572 
0.131684 0.209853 0.204041 0.170217 0.230729 0.174144 0.276431 0.423545 0.264028 0.061299 
0.926752 0.608285 0.516434 0.289373 0.490818 0.424216 0.448741 0.470151 0.431170 0.366759 
0.247430 0.421334 0.379683 0.669183 0.948470 0.560783 0.291833 0.237557 0.455732 0.357016 
0.339908 0.364674 0.599719 0.801669 0.570840 0.054610 0.199643 0.126282 0.277036 0.391076 
0.735637 0.914161 0.425303 -0.096468 -0.334632 -0.234558 -0.350177 -0.277053 -0.236045 -0.206424 
-0.117278 -0.180235 -0.099951 -0.129735 0.114016 0.029140 0.065583 0.126523 0.077658 0.132086 
0.148890 0.117619 0.038619 -0.106372 0.133944 0.138709 0.105606 0.161424 0.153359 0.128529 
0.196169 0.271823 0.286088 0.604078 -0.053395 -0.332519 -0.206620 -0.149346 0.339011 0.153412 
0.149047 0.238286 0.223010 0.188569 0.151507 0.128154 0.303941 0.463653 1.063774 0.028928 
1.107943 0.146510 0.401524 0.135524 0.597404 0.220604 0.440769 0.110920 0.486861 0.669333 
0.445298 0.070549 0.746257 0.437100 0.012715 0.353050 0.537453 0.266929 0.415273 0.381347 
0.357352 0.329450 0.492035 0.654470 0.384466 0.025989 0.100962 0.102701 0.286444 0.345008 
0.859531 1.309493 0.426783 -0.234121 -0.205610 -0.195101 -0.226628 -0.265451 -0.333010 -0.281353 
-0.143239 -0.206986 -0.142735 -0.219698 0.038107 -0.004940 0.019317 0.036066 -0.023019 -0.030179 
0.043787 0.169691 -0.160241 -0.220870 -0.030063 0.005311 0.070981 0.090482 0.188708 0.137818 
0.134586 0.269037 0.384809 1.281337 0.198145 -0.350038 -0.275656 -0.204132 0.302354 0.191074 
0.246200 0.339216 0.465637 0.251837 0.047834 -0.053494 0.244688 0.299386 0.680844 1.507585 
0.716511 0.652011 0.090509 0.143928 0.206697 0.327006 0.069161 0.177023 0.695323 0.504626 
0.544033 0.653063 0.597141 0.955251 0.756694 2.345851 0.748400 0.152780 0.451416 0.315073 
0.421175 0.379780 0.529969 0.656946 0.640487 0.200281 0.188310 0.140397 0.312157 0.329836 
0.799072 1.857270 1.366100 -0.025675 -0.214658 -0.172910 -0.086062 0.102068 -0.006367 -0.434689 
-0.214823 -0.227849 -0.173637 -0.210113 -0.001322 0.033815 0.025724 -0.012322 -0.003474 0.014809 
0.071697 0.158898 -0.082148 -0.256981 -0.027535 -0.024126 0.135492 0.095035 0.170537 0.099373 
0.131835 0.227599 0.544237 1.330766 1.036645 -0.122450 -0.352816 -0.226234 0.314791 0.191560 
0.140783 0.156032 0.467647 0.659636 0.203847 0.090534 0.242394 0.208251 0.348792 0.728970 
1.228291 0.555765 0.216284 0.182921 0.465728 0.171393 0.460438 0.409791 0.312581 0.319885 
0.220535 0.584290 0.585859 0.944187 0.450198 0.598919 1.017721 0.701365 0.782262 0.255988 
0.266332 0.406458 0.607480 0.548818 0.604261 0.589904 0.474024 0.580833 0.538334 0.394758 
0.690349 1.491214 1.536524 0.664610 0.510750 0.419938 0.595877 1.356024 1.749283 1.047739 
0.418652 0.308236 0.158849 -0.033433 -0.006818 0.055353 0.111940 0.091939 0.171482 0.270090 
0.275327 0.424974 0.277697 -0.251995 -0.145421 -0.066196 0.155447 0.077627 0.087926 -0.001056 
-0.075372 -0.026405 0.003489 0.573052 0.499054 0.145409 -0.047946 -0.061241 0.369762 0.282346 
0.279121 0.260829 0.405797 0.505637 0.604515 0.365479 0.387885 0.169830 0.170472 0.593926 
1.171827 0.225743 0.631621 0.059964 0.346216 0.469685 0.609456 -0.135428 0.470017 0.929635 
0.276131 0.570401 0.572391 0.348163 0.727621 0.442575 0.534739 0.536221 0.691022 0.572505 
0.172812 0.386284 0.530017 0.465102 0.505565 0.465386 0.579629 0.614757 0.567887 0.251021 
0.359487 0.617455 0.379693 0.121239 0.263624 0.259977 0.395025 0.412273 0.567903 0.456024 
0.259966 0.254848 0.068407 -0.015873 0.046345 0.063343 0.089112 0.117614 0.041522 0.103355 
0.017244 0.114968 -0.077419 -0.244315 -0.168222 -0.054856 0.235457 0.083739 0.092221 0.027363 
0.005600 0.072614 -0.101983 -0.028416 0.005165 -0.129537 -0.127581 -0.040904 0.335990 0.391683 
0.504369 0.481521 0.360444 0.497252 0.486356 0.382888 0.332575 0.392704 0.308775 0.216929 
0.495164 0.746613 0.661799 1.023961 0.908594 0.746253 0.477656 0.514440 0.494908 0.944110 
0.340294 0.493602 0.068160 0.346979 0.258044 0.499590 0.571123 0.586754 0.948255 0.794497 
0.291484 0.431996 0.476355 0.339130 0.329015 0.360494 0.568563 0.645443 0.303353 -0.001941 
-0.046228 -0.021914 -0.087975 -0.111996 -0.012146 -0.043917 0.039891 -0.035166 0.015227 -0.085404 
-0.094576 -0.079556 -0.089529 -0.202981 -0.119829 -0.063060 -0.153209 -0.042574 -0.167411 -0.167838 
-0.119824 -0.085933 -0.275425 -0.362586 -0.244678 -0.228422 0.021227 -0.192397 -0.086987 -0.127201 
-0.106782 -0.005506 0.039882 -0.096548 -0.228287 -0.168583 -0.193725 -0.047969 0.362248 0.280616 
0.327962 0.303837 0.301734 0.474655 0.345527 0.521838 0.293383 0.377838 0.438382 0.105946 
0.360622 0.530779 0.286533 0.285188 0.596856 0.582172 0.859289 0.492932 0.555848 0.885655 
0.477267 0.212774 1.206667 0.772081 0.631311 0.169500 0.378945 0.398349 0.360137 1.542144 
0.833948 0.422082 0.458774 0.307328 0.295867 0.333628 0.629379 0.704231 0.621109 0.584134 
0.100222 0.164829 0.045866 -0.007330 -0.063184 -0.083539 -0.025711 -0.084480 -0.045662 -0.057609 
-0.044740 -0.095347 -0.059593 -0.217530 -0.162629 -0.064239 -0.054553 -0.148886 0.033692 -0.030047 
-0.023726 0.491247 0.245506 -0.221762 -0.280765 -0.363754 -0.162770 -0.262828 -0.198187 -0.154399 
-0.144696 -0.089816 0.097325 0.306556 -0.142139 -0.211765 -0.151125 -0.142367 0.239971 0.252284 
0.305951 0.391000 0.588198 0.465792 0.553905 0.768838 0.396414 0.005312 0.239043 0.440585 
0.638879 0.294586 0.857217 0.511009 0.416495 0.501577 0.666250 0.482755 0.422681 0.455083 
0.537292 0.500514 0.059597 0.577676 0.576395 0.914317 0.716920 0.616990 0.543038 0.528991 
0.420162 0.797005 0.768807 0.606668 0.212203 0.190111 0.406866 0.497256 0.268979 0.424613 
0.240595 0.223891 0.503768 0.878055 0.324179 0.224257 0.366332 0.594648 0.377757 0.359279 
0.574763 0.796978 0.899252 0.485275 0.258719 0.247269 0.514707 0.258575 0.826963 1.061514 
0.779417 1.063225 1.742812 1.220257 1.049731 0.670723 0.414302 0.735225 0.635143 0.301442 
0.441748 0.438671 0.573274 0.914301 1.350195 0.403486 0.079803 0.145107 0.286376 0.343166 
0.287119 0.479811 0.497896 0.517582 0.930739 0.493216 0.365272 1.014044 1.427390 1.069515 
0.266709 0.665422 0.591181 0.711384 0.612225 0.609119 0.616033 0.698591 0.738848 0.603451 
0.504847 0.543071 0.459914 0.771348 0.433144 0.496441 0.374785 0.489516 0.497568 0.844065 
1.062432 0.478023 0.772575 0.693998 0.194122 0.125992 0.299322 0.665844 0.353921 -0.036535 
0.021846 0.082727 0.268421 0.306196 0.491843 0.294711 0.362008 0.334107 0.513543 0.681649 
0.492536 0.514424 0.542925 0.972786 0.396970 0.399060 0.452879 0.189073 0.328076 0.488427 
0.518811 0.711443 0.598511 0.399883 0.515332 0.395937 0.362121 0.411215 0.513932 0.354117 
0.433944 0.325963 0.293343 0.378011 0.414792 0.287258 0.054715 -0.115954 0.265842 0.307959 
0.399640 0.541409 0.469255 0.654877 0.532720 0.646871 -0.010176 0.434013 1.055950 1.608950 
0.443153 0.411603 0.219420 0.408834 0.496927 0.423462 0.741221 0.544079 0.387817 0.815854 
0.367678 0.675676 0.894618 0.410098 0.706821 0.441963 0.742787 0.432589 0.477575 0.655265 
0.641612 0.858094 0.882489 0.500873 0.509553 0.373641 0.391542 0.611199 0.435524 -0.018719 
-0.128319 -0.069980 0.302961 0.287305 0.301510 0.235317 0.319076 0.304055 0.317155 0.326090 
0.355743 0.351129 0.319566 0.383949 0.423427 0.439830 0.392218 0.429449 0.192761 0.238472 
0.269714 0.202949 0.135305 0.110982 0.174215 0.226679 0.239484 0.312407 0.296562 0.283874 
0.325575 0.384752 0.415474 0.373587 0.305448 0.333538 0.126854 0.176314 0.403346 0.256957 
0.180356 0.114369 0.236939 0.808380 0.581897 0.522712 0.586903 0.755190 0.078323 0.319622 
0.832418 0.430941 0.901788 0.526349 0.578930 0.299934 0.530835 0.459068 0.549983 0.492468 
0.844576 0.336224 0.200382 0.443207 0.416363 0.668934 0.138860 0.342346 0.384948 0.604512 
0.752002 0.120808 0.585482 0.546308 0.297253 0.396719 0.532872 0.518859 0.890085 0.632397 
0.038244 -0.111927 0.210596 0.199418 0.272274 0.113643 0.072614 0.043241 0.122762 0.245755 
0.226352 0.246622 0.253032 0.267320 0.317779 0.332783 0.381230 0.283872 0.260031 0.281951 
0.417471 0.396729 0.212494 0.251246 0.256597 0.291436 0.371397 0.390523 0.323919 0.418636 
0.420709 0.503994 0.431530 0.460800 0.439516 0.206619 -0.107930 -0.048466 0.643270 0.228145 
0.098227 0.147534 0.132386 0.504291 0.596631 1.010343 1.318701 0.404188 0.242223 0.676410 
1.359601 0.264693 0.205481 0.439084 0.656114 0.492604 0.626204 0.915142 0.871465 0.065284 
-0.077791 0.554707 0.905709 0.375014 0.323458 0.450374 0.791823 0.351385 0.099773 0.178785 
0.645616 0.786847 0.790359 0.584511 0.493811 0.499540 0.719099 0.463152 0.942263 1.234689 
0.756770 0.575783 0.426008 0.491054 0.509708 0.353313 0.065814 -0.008814 0.332937 0.545916 
0.273973 0.246591 0.320953 0.283728 0.352809 0.336338 0.492325 0.496415 0.433765 0.549959 
0.538700 0.536839 0.507351 0.417314 0.325493 0.283700 0.509506 0.531065 0.601120 0.610314 
0.573326 0.521329 0.599293 0.319746 -0.169264 0.170609 0.469834 0.644023 0.197362 0.562974 
0.238628 0.234045 0.177556 0.026661 -0.030499 0.112530 0.157867 0.299716 0.487050 0.608526 
0.798074 0.493119 0.428195 0.559713 0.529812 0.385010 0.581601 0.491099 1.111230 1.042263 
1.184614 -0.126643 0.337393 1.162403 0.472511 0.499918 0.256444 0.855901 -0.023838 0.551629 
0.825064 0.550225 0.644104 0.484734 0.363551 0.337933 0.366197 0.387003 0.395433 0.506653 
0.382671 0.318007 0.445037 0.463887 0.466205 0.591854 0.937097 0.470203 0.509878 0.590320 
0.460138 0.355576 0.316387 0.388842 0.513673 0.413323 0.387024 0.245927 0.039843 0.281218 
0.425138 0.493485 0.423184 0.409766 0.519430 0.422156 0.506741 0.508981 0.461400 0.544760 
0.712806 0.505527 0.754738 0.194245 0.240062 0.218653 0.469013 0.430683 0.367313 0.355911 
0.436760 0.483823 0.055073 0.994552 0.454698 0.095114 1.267428 1.601562 -0.233094 0.307080 
0.499846 0.519551 0.402039 0.461442 0.447230 0.246248 0.333151 0.818291 0.653384 0.345245 
0.075503 0.585814 0.645064 0.601014 0.742047 1.170790 0.647630 0.394070 0.658935 0.737354 
0.730747 0.431407 0.501978 0.803230 0.384586 0.343840 0.347206 0.188179 0.284841 0.399352 
0.206718 0.174591 0.407652 0.343568 0.526247 0.243961 0.347115 0.498179 0.376204 0.588507 
0.506613 0.409435 0.458279 0.412365 0.388440 0.286287 0.271960 0.324476 0.477952 0.394726 
0.246363 0.405596 0.465565 0.564187 0.566600 0.530338 0.540968 0.443581 0.317907 0.345335 
0.577467 0.409052 0.710122 2.043756 0.808753 0.422864 0.275554 0.724470 1.044742 0.084316 
-0.073540 0.216593 0.473591 0.508691 1.561189 1.162198 0.412295 1.966744 1.167866 0.852357 
0.347484 0.577441 0.414758 0.470598 0.376056 0.187457 0.388980 0.569197 0.624939 0.816311 
0.930888 0.389489 0.318048 0.594030 0.426039 0.651706 0.898793 0.542909 1.035943 0.967362 
0.742159 0.453988 0.676666 0.736789 0.475129 0.433499 0.368650 0.335948 0.198296 0.237872 
0.157547 0.257643 0.419507 0.452750 0.535402 0.084421 -0.017933 0.354996 0.281229 0.613420 
0.410102 0.269084 0.273090 0.309234 0.353591 0.348419 0.586217 0.663492 0.568765 0.204574 
0.348630 0.093792 0.366863 0.486637 0.536395 0.496530 0.339178 0.459623 1.078383 0.801271 
0.518928 0.774265 0.321338 0.617667 0.321878 0.590093 0.597069 1.030730 0.448362 0.876644 
0.521005 0.713318 0.343892 0.309559 0.351724 0.363327 0.417046 0.817616 2.147530 1.604806 
0.793636 0.097047 0.450974 0.519969 0.535726 0.023115 0.249419 0.464286 0.603091 0.575727 
0.735359 0.687058 0.602023 0.496276 0.390496 0.803087 0.381162 0.223119 0.507555 0.214081 
0.526858 0.086691 0.543444 0.683850 0.552298 0.391770 0.290783 0.223655 0.164870 0.284450 
0.339765 0.325874 0.380585 0.687075 0.800633 1.265109 0.821054 0.267424 0.497161 0.539041 
0.452111 0.061681 0.384423 0.435205 0.656429 0.369071 0.561267 0.213702 0.498700 0.733190 
0.246129 0.502436 0.444655 0.562209 0.528458 0.514152 0.587153 0.808434 1.102979 0.137668 
0.560716 1.002498 0.612468 0.319029 0.604594 0.490190 0.565323 0.508343 0.500395 0.631366 
0.451959 0.473065 0.449822 0.465182 0.476454 0.608499 0.326782 0.391471 1.080109 2.326263 
1.596507 0.039361 0.423361 0.414845 0.658685 0.586076 0.391200 0.458463 0.410583 0.522441 
0.436179 0.406962 0.247066 -0.090082 0.439264 0.594707 1.192121 1.443054 0.808892 0.187870 
0.784927 0.555614 0.398929 0.705906 0.508809 0.377974 0.341511 0.357001 0.470413 0.559757 
0.447832 0.420172 0.483946 0.712768 0.467484 0.816505 1.178379 0.395233 0.449364 0.628458 
0.754902 1.007282 0.577556 0.396830 0.600742 0.434098 0.565440 0.165472 0.526034 0.228485 
0.625283 0.761102 0.495008 0.427179 0.434045 0.583435 1.038016 0.926201 0.284556 0.229307 
0.293126 0.194343 0.930412 0.676352 0.183142 0.503366 0.471004 0.557904 0.515345 0.583677 
0.822265 0.732444 0.689871 0.664646 0.655792 0.613754 0.579614 0.377493 0.371347 0.676904 
0.749436 0.578607 0.696200 0.497124 0.912712 0.627062 0.537269 0.473977 0.535304 0.654582 
0.724115 0.790285 0.492665 0.600882 0.549783 0.701948 0.706824 0.439235 0.747067 0.751268 
0.433251 0.960347 0.403606 1.156680 0.730925 0.228838 0.235290 0.081525 0.247378 0.424454 
0.442591 0.364794 0.372511 0.709977 0.612060 0.341149 0.866086 0.587061 0.390509 0.618468 
0.517970 0.549147 0.871234 0.912496 0.649309 0.424338 0.249816 0.827340 0.478537 1.071100 
0.375195 0.186409 0.461462 0.363425 0.474290 0.797232 0.493074 0.852377 1.109811 0.266438 
1.070518 0.377936 0.875809 0.821943 0.513152 0.383431 0.430995 0.344858 0.309379 0.147724 
0.305579 0.641688 0.446143 0.585958 0.569036 0.772208 0.389237 0.368389 0.614889 0.772401 
0.579841 0.499052 0.372899 0.609978 0.593814 0.390449 0.503784 0.561850 0.572812 0.618973 
0.498334 0.662955 0.679216 0.506278 0.492734 0.707035 0.838167 0.360805 0.763585 0.724232 
1.013099 0.255939 0.566176 0.555792 0.279722 0.462286 0.335192 0.612079 0.467900 0.064293 
-0.081292 -0.129551 0.114579 0.583137 0.506828 0.545985 0.534650 0.778774 0.541091 0.465203 
0.454542 0.326780 1.131665 0.523411 0.623970 1.006215 0.776601 0.753351 0.140871 0.939319 
1.036754 0.110894 0.570912 0.287183 0.276721 0.605981 0.346076 0.683806 0.777601 0.992293 
0.546908 0.263200 0.437646 1.160054 0.438060 0.421711 0.879743 0.390483 0.709054 1.041743 
0.850519 0.402239 0.840455 0.581669 0.494669 0.507487 0.922352 0.474540 0.462522 1.141025 
0.507769 0.277800 0.318682 0.384718 0.410838 0.367185 0.460015 0.279313 0.446984 0.536050 
0.222188 0.304043 0.533801 0.372408 0.380266 0.377430 0.850451 0.779909 0.292578 0.548408 
1.076598 0.557370 0.393125 0.149513 0.193842 0.085698 0.093620 0.080935 0.276000 0.613206 
0.013932 0.068648 0.136721 0.608723 0.094351 0.150323 0.456673 0.652115 0.566731 0.557397 
0.470778 0.416092 0.376053 0.296460 0.470431 0.266156 0.324493 0.558079 0.446310 0.301140 
0.980956 0.753059 0.462342 -0.176317 0.330851 0.562001 0.601308 0.581645 0.327609 0.295390 
0.359367 0.273877 0.451652 -0.201775 0.399775 0.062078 0.335003 0.542050 0.527002 0.292587 
0.845315 0.494420 0.494517 0.617318 0.657391 0.630442 0.341079 0.422360 0.468809 0.510303 
0.807726 0.383119 0.464025 0.321080 0.249162 0.442742 0.475279 0.536378 0.439275 0.653003 
1.093737 0.475201 0.451522 0.657870 0.793090 0.565388 0.696679 0.583368 0.428063 0.594814 
0.864679 1.543373 -0.050700 0.219331 0.535510 0.654252 -0.004009 -0.078836 0.576228 1.538470 
0.376238 0.086989 0.020994 0.375584 0.483005 0.445074 0.579232 0.489222 0.569560 0.370948 
0.336513 0.576274 0.372222 0.487107 0.499526 0.875109 1.248368 0.219493 0.286506 0.193959 
0.512909 0.523335 0.510853 0.765108 0.195156 0.056158 0.647889 0.648848 0.917101 0.631051 
0.513624 0.853538 0.537419 0.657314 0.665648 0.873574 0.463342 0.325459 0.562165 0.419898 
0.122393 0.612136 0.991802 1.088989 0.604254 0.416598 0.498943 0.411765 0.244839 0.422979 
0.739701 0.415945 0.387683 0.398585 0.441680 0.461133 0.447532 0.400258 0.369034 0.431913 
0.578024 0.533191 0.677980 0.676396 0.595101 0.294308 0.630396 0.901522 0.773733 0.678570 
0.718288 1.244531 0.345098 0.372934 0.080323 0.320057 0.467892 0.396124 0.929146 1.986142 
0.831650 0.268807 0.613309 0.201681 0.228396 0.340852 0.388792 0.712011 1.017161 0.568354 
0.392603 0.183896 0.379623 0.373950 0.432752 0.483175 0.792138 0.923662 0.484163 0.605219 
0.688546 0.444354 0.806997 1.371692 0.229440 0.436282 -0.090921 0.175524 0.334190 0.407422 
0.835125 0.408278 0.590414 0.082137 -0.293193 0.092278 0.465122 0.640329 0.692510 0.446703 
0.301454 0.339512 0.369703 0.582198 0.675390 0.605410 0.718556 0.821649 0.710531 0.589133 
0.549204 0.397733 0.382150 0.310784 0.410685 0.429311 0.419424 0.340531 0.415170 0.415123 
0.443813 0.420271 0.622814 0.829813 0.797908 0.347206 0.495628 0.550930 0.509270 0.659324 
0.568820 0.809353 1.029165 0.777058 0.804380 0.327650 0.209860 0.531898 0.408716 0.815777 
1.020266 0.310340 0.549442 0.679853 0.520393 0.458802 0.209488 0.110708 0.463412 0.529161 
0.589795 0.322049 0.407277 0.120754 0.549595 0.602037 0.779977 0.508456 0.393109 0.277206 
0.137733 0.402634 0.482922 0.381962 0.804915 0.333398 0.817004 0.650698 0.660445 0.680599 
0.442237 0.463927 0.855046 1.140896 0.693783 0.537411 0.585014 0.313059 0.285534 0.619606 
0.723560 0.447660 0.260484 0.284290 0.546627 0.583254 0.273904 0.634142 0.571370 0.598551 
0.482290 0.119787 0.124838 0.308234 0.364531 0.288242 0.428425 0.249107 0.320799 0.346914 
0.308163 0.312198 0.509031 0.510337 0.501179 0.754076 0.425863 0.331966 0.433157 0.378039 
0.427453 0.466394 0.405619 0.401178 0.711802 0.209861 0.489715 0.563663 1.286346 1.252550 
0.676925 0.893838 0.480563 0.422404 1.020348 0.388945 0.748640 0.637087 0.722674 0.853871 
0.381787 0.500885 0.623219 0.870589 0.466333 0.041740 0.494797 1.079547 0.943730 0.682001 
0.454949 0.396847 0.441088 0.155232 0.520598 0.528415 0.401332 0.389929 0.454992 0.378734 
0.319718 0.331163 0.438199 0.236020 0.448735 0.419387 0.292597 0.394758 0.363129 0.519956 
0.488069 0.722593 0.689654 0.316148 0.447320 0.314006 0.230575 0.361236 0.408772 0.501515 
1.445278 0.314709 0.234481 0.113020 0.214271 0.264251 0.305463 0.201999 0.258698 0.307873 
0.286532 0.199327 0.226184 0.430504 0.470306 0.606534 0.299698 0.460144 0.540375 0.482367 
0.419603 0.434868 0.470841 0.385937 0.339347 0.567246 0.329555 0.401806 0.702637 0.934360 
0.501082 0.571943 0.901903 0.652773 0.734095 0.809798 0.905468 0.712704 0.496704 1.130384 
0.631739 0.188897 0.137145 0.188142 0.579048 0.658828 0.552532 0.583815 0.480483 0.600169 
0.597140 1.145485 1.079584 0.209360 0.444048 0.435297 0.546708 0.269085 0.396388 0.346626 
0.488333 0.405584 0.197377 0.056099 0.221284 0.302868 0.554335 0.524638 0.368309 0.368381 
0.375640 0.252144 0.395361 0.363586 0.346478 0.795218 0.964052 0.387034 0.449935 0.387125 
1.237223 0.593877 0.364627 0.538761 0.310770 0.339343 0.256155 0.319534 0.253348 0.390300 
0.333656 0.175166 0.351742 0.368546 0.420976 0.486101 0.460847 0.240916 0.398347 0.589547 
0.432921 0.374052 0.671986 0.175182 0.385402 0.426479 0.539823 0.474120 0.491273 0.537548 
0.136512 0.408695 0.538139 0.279178 0.409364 0.471140 0.360128 0.648906 0.486868 0.640589 
0.875160 0.845960 0.610668 0.480245 0.585352 0.501121 0.644236 0.394163 0.607030 1.407336 
0.202428 0.653724 1.413298 1.001411 0.123737 0.467852 0.785441 0.203706 0.470870 0.370582 
0.348694 0.421198 0.415223 0.549929 0.420150 0.291519 0.287647 0.259080 0.507449 0.285340 
0.260851 0.296196 0.336132 0.424579 0.352225 0.449281 0.688442 0.704492 0.527845 0.242387 
0.738272 0.100981 0.285184 0.340461 0.315692 0.058000 -0.031814 0.320565 0.309884 0.550124 
0.531661 0.298131 0.284583 0.480863 0.418940 0.374641 0.429233 0.394232 0.484884 0.511836 
0.811167 0.507659 0.285965 0.177841 0.357479 0.507942 0.207382 0.347630 0.399821 0.617713 
0.658499 0.470084 0.632928 0.287793 0.359718 0.232445 0.279854 0.494592 0.434960 0.728901 
1.026632 0.782399 0.761275 0.733682 0.341975 0.180160 0.835665 0.294038 0.335418 0.808856 
0.749680 0.727106 0.445299 0.678329 0.619300 0.508196 0.478220 0.940891 0.485483 0.555187 
0.312916 0.361370 0.268259 0.368953 0.413034 0.542711 0.546884 0.383803 0.540136 0.502856 
0.047679 0.462708 0.185065 0.429224 0.394537 0.313921 0.425326 0.389451 0.603751 0.455567 
0.618985 0.375317 0.458626 0.352089 0.278857 0.140520 0.316692 0.187906 0.237279 0.286627 
0.126397 0.176416 0.367352 0.345455 0.353217 0.387784 0.584867 0.243406 0.401646 0.709597 
0.479146 0.538717 0.976972 0.472568 0.432352 0.489038 0.611147 0.368908 0.377971 0.599124 
0.528052 0.149470 0.384579 0.590432 0.599012 0.787918 0.394609 0.531454 0.541034 0.351161 
0.467023 0.522391 0.641321 0.534118 0.579692 0.674406 0.369426 0.190098 0.361131 0.479481 
0.504550 0.285846 0.101528 -0.094316 -0.026544 0.277113 0.820540 0.101818 0.286883 0.429636 
0.380025 0.643982 0.659947 0.457025 0.387425 0.447328 0.060407 -0.012287 0.474503 0.220059 
0.428232 0.423940 0.657595 0.339974 0.125057 0.240022 0.497893 0.668157 0.748954 0.284507 
0.649852 0.164414 0.285913 0.276518 0.274421 0.366798 0.117397 0.372644 0.234933 0.214862 
0.196371 0.516981 0.367371 0.193967 0.284963 0.396781 0.229102 0.180223 0.309042 0.411298 
1.132845 0.512130 0.385172 0.452294 0.405534 0.755423 0.398375 0.323316 0.349347 0.338466 
0.402150 0.718533 0.498114 0.494401 0.457944 0.648063 0.515269 0.483207 0.546645 0.364033 
0.358978 0.480270 0.457206 0.505093 0.679540 1.119978 2.342651 0.657195 0.437889 0.198180 
0.369682 0.149916 0.012797 0.007634 0.093572 0.131923 0.222597 0.736656 0.399191 0.312065 
0.399967 0.360572 -0.032043 0.215550 0.362492 0.165637 0.382693 0.403184 0.072671 0.443505 
-0.019801 0.321487 0.284527 0.431725 0.041706 0.019866 0.355652 0.465105 1.861970 2.235488 
1.104607 0.308223 0.125059 0.173470 0.191764 2.067204 0.333803 0.231986 0.312379 0.337818 
0.283743 0.359519 0.579106 0.496766 0.369658 0.366770 0.116252 0.150296 0.332809 0.429039 
0.359823 0.789092 0.480384 0.167468 0.243072 0.296527 0.319472 0.383279 0.567649 0.519635 
0.501525 0.290073 0.312640 0.425935 0.491164 0.554015 0.631550 0.380392 0.548398 0.614894 
0.472337 0.395632 0.438576 0.428137 0.560737 0.454008 0.693009 1.035511 0.725996 0.376906 
0.461715 0.530911 0.069228 0.876866 0.012533 0.290088 0.209386 0.156390 0.327460 0.069507 
0.319794 0.380374 0.539922 0.534947 0.530392 0.209661 0.291215 -0.032168 0.076617 -0.007041 
-0.023601 0.538849 0.328921 0.567650 0.466419 0.480957 0.255237 0.396358 0.415945 1.642237 
1.296891 0.150278 0.322798 0.135476 0.142212 0.273228 1.350148 0.431468 0.109212 0.332165 
0.360172 0.224690 0.408426 0.414974 0.415513 0.325129 0.718535 0.543368 0.488734 0.351997 
0.173564 0.377124 0.611659 0.455797 0.273323 0.517144 0.423027 0.362639 0.227586 0.385833 
0.417045 0.526429 0.413209 0.395879 0.350154 0.525701 0.491205 0.423035 0.374432 0.439926 
0.397759 0.422667 0.440448 0.385337 0.448882 0.604972 0.287236 0.209901 0.298826 0.381699 
0.601190 1.067504 0.277368 0.296412 0.646921 -0.074848 0.113329 0.518038 0.602926 0.490947 
0.202973 0.416255 0.346640 0.457771 0.571260 0.169087 0.029187 -0.001271 0.020339 0.243669 
0.221149 0.291663 0.124826 0.699366 0.400488 0.128086 0.357619 0.581668 0.195524 0.080447 
1.581615 0.115026 0.381220 0.094464 0.142063 0.170693 0.653823 0.680371 -0.028080 0.177044 
0.334808 0.156064 0.213141 0.171675 0.220044 0.858222 0.394273 0.068465 0.221548 0.145259 
0.309644 0.305404 0.360220 0.462619 0.378220 0.215456 0.549414 0.206404 0.267855 0.408405 
0.499035 0.410521 0.416909 0.520998 0.364970 0.460007 0.401416 0.334044 0.336405 0.409455 
0.386873 0.263524 0.343147 0.089639 0.044316 0.395606 0.414919 0.152935 0.072516 0.540993 
-0.096519 0.439513 0.057754 0.201892 0.270506 -0.144578 0.030393 0.096001 0.197816 0.024341 
0.192685 0.022818 -0.199312 0.147107 0.321767 1.181148 0.632549 0.059927 0.116513 0.377366 
0.010288 0.142568 0.606464 0.286755 0.426824 0.211773 0.480670 0.570052 0.272913 0.439314 
0.644126 0.283786 0.289791 0.296833 0.257025 0.230009 0.254497 0.357577 0.957949 0.212619 
0.318139 0.173199 0.230537 0.257098 0.272160 0.415680 0.201065 0.008508 0.339163 0.145479 
0.256948 0.265327 0.364731 0.168165 0.390981 0.378539 0.444237 0.257359 0.229502 0.295395 
0.224307 0.188625 0.219084 0.254965 0.253798 0.372486 0.340495 0.162841 0.142083 0.350679 
0.190181 0.251898 0.343472 0.217996 0.339915 0.305913 0.119938 0.274035 0.186382 0.224235 
0.183277 0.022825 -0.354263 -0.295362 0.610936 0.312636 -0.082789 0.117891 0.880282 0.497736 
-0.338080 0.406145 1.134747 0.122117 0.248343 0.011653 0.815766 0.712078 0.181633 0.132511 
0.381748 0.181400 0.284915 0.419920 0.255021 0.264408 0.392373 0.508383 0.947214 0.991832 
0.066169 0.273031 0.140118 -0.015833 0.065499 0.136619 0.094258 0.346645 0.108749 0.075584 
0.267685 0.245921 0.155301 0.173206 0.272968 1.097733 0.982856 0.044337 0.166207 0.010476 
0.230107 0.251946 0.258876 0.160621 0.245658 0.137393 0.172070 0.515229 0.064599 -0.053828 
-0.233058 0.030390 0.104994 0.059259 0.213824 0.236857 0.236351 0.475722 0.281139 0.118723 
0.011412 0.000499 0.254005 0.712482 0.163475 0.273564 0.744437 0.481776 0.188409 0.073188 
-0.025150 0.422987 0.669743 0.340244 0.453979 1.444595 0.718274 0.210926 0.374221 0.672262 
0.912862 0.251392 0.392102 0.204074 0.178387 0.347026 0.516547 0.331228 0.304209 0.485740 
0.364914 0.295959 0.369842 0.344975 0.196382 0.191765 0.290386 0.405986 0.490744 1.210310 
0.380738 -0.062542 -0.055319 -0.100060 0.015215 -0.055035 -0.080020 -0.054180 0.379851 -0.218443 
-0.026903 -0.109428 -0.182698 -0.079858 -0.067527 0.450484 0.540752 -0.158561 -0.170817 -0.180375 
-0.017530 -0.051160 0.014526 -0.152360 -0.020235 -0.043248 0.031488 0.340082 0.246021 0.221965 
0.002619 -0.154494 -0.065316 -0.254355 0.084305 -0.042964 -0.034840 -0.223792 0.137531 -0.071820 
0.066265 0.025590 -0.167937 -0.116258 -0.107804 -0.228163 0.124767 0.405540 0.124569 0.048569 
0.025619 0.022474 -0.122180 -0.125229 -0.328132 -0.049604 -0.036344 -0.123334 -0.097235 -0.027678 
0.080270 0.098155 0.026453 0.015624 -0.029807 0.006490 0.092624 0.043644 -0.048728 -0.015315 
0.011349 0.049311 0.054748 0.040015 0.034945 0.019372 -0.008930 -0.028044 0.015534 0.201851 
0.192533 0.309804 -0.357416 -0.239205 -0.436837 -0.419012 -0.244019 -0.161263 -0.220618 -0.308724 
-0.340794 -0.285742 -0.138321 -0.393614 -0.371074 -0.246634 -0.202313 -0.288600 -0.308000 -0.266904 
-0.291225 -0.254951 -0.308933 -0.257004 -0.427159 -0.432777 -0.326550 -0.516741 -0.263230 -0.064218 
-0.361935 -0.307996 -0.421515 -0.317249 -0.272048 -0.289581 -0.217617 -0.394194 -0.329948 -0.231314 
-0.312063 -0.354350 -0.403407 -0.245215 -0.248833 -0.257913 -0.218697 -0.303532 -0.367453 -0.295871 
-0.294653 -0.243799 -0.404891 -0.328008 -0.217142 -0.272716 -0.305416 -0.309144 -0.304295 -0.525788 
-0.379693 -0.178926 -0.157893 -0.480124 -0.326077 -0.105550 -0.207445 -0.325426 -0.274372 -0.247787 
-0.292581 -0.282868 -0.212161 -0.299604 -0.307549 -0.252145 -0.460742 -0.296504 0.072977 0.347736 
2.101574 0.831222 0.089133 -0.043106 -0.229353 -0.071562 0.413409 0.201483 0.133957 0.052388 
0.062619 0.001539 -0.000612 -0.169215 0.038690 0.246311 0.236436 -0.089518 -0.056052 -0.086635 
-0.070176 0.040467 -0.123494 -0.073451 -0.241863 -0.143206 0.006582 -0.247168 0.278966 0.052255 
-0.156337 -0.201177 -0.211529 0.309154 -0.014321 -0.136684 -0.157318 -0.087824 0.096813 -0.014441 
-0.077667 -0.101828 -0.124092 -0.012304 -0.045300 0.076731 0.076632 -0.049344 -0.054842 0.080803 
-0.015008 -0.015019 -0.151373 0.031287 0.118392 0.064003 -0.028718 0.070545 -0.110294 -0.232897 
0.151602 0.490422 -0.010077 -0.268849 0.103991 0.026627 -0.015907 0.021229 0.130992 0.163176 
0.067067 0.050910 0.141458 -0.034824 -0.004286 0.084073 -0.163450 0.244006 0.647863 0.397179 
3.109875 0.978300 0.502537 0.238536 0.248050 0.312259 0.526492 0.510893 0.470244 0.434935 
0.400959 0.304826 0.216861 -0.020268 0.266381 0.494397 0.539122 0.144836 0.072662 -0.040696 
-0.039461 0.121444 -0.084131 -0.063169 -0.158613 0.052658 0.215100 -0.054576 0.229804 0.014462 
-0.150023 -0.005871 -0.164455 -0.045393 -0.174384 -0.128783 0.009428 0.158557 0.153971 0.007142 
-0.067803 0.071326 0.038242 0.094535 0.032385 0.094021 0.053841 -0.102492 -0.143187 -0.057074 
-0.019302 0.073849 0.028266 0.153668 0.211005 0.107191 -0.010119 0.216046 0.109333 -0.029146 
0.093459 0.109811 -0.036503 -0.018323 0.000043 -0.116731 0.001096 0.350289 0.486849 0.379143 
0.194306 0.315640 0.397249 0.103649 0.159846 0.347548 0.041137 0.695404 1.369718 0.811743 
3.382007 0.978362 0.503387 0.093576 0.414706 0.366593 0.247246 0.243905 0.250006 0.264655 
0.258100 -0.014850 -0.123414 -0.137887 0.136407 0.417304 0.333611 0.055907 -0.129643 -0.206854 
-0.224060 -0.206919 -0.212996 -0.258235 -0.237603 -0.119021 -0.049646 -0.139135 -0.180688 -0.154709 
-0.266919 -0.295511 -0.214786 -0.247663 -0.265089 -0.199659 -0.133935 -0.044914 -0.110872 -0.152297 
-0.245211 -0.180539 -0.205202 -0.161858 -0.165474 -0.226487 -0.164028 -0.144327 -0.347767 -0.282867 
-0.245159 -0.165488 -0.167233 -0.144965 -0.153344 -0.172695 -0.238633 -0.127452 -0.134634 -0.050139 
-0.201186 -0.184867 -0.241871 -0.215687 -0.218712 -0.209545 -0.206026 0.303466 0.216103 0.108076 
-0.018044 0.060353 0.128777 -0.061096 0.007919 0.366392 0.078375 0.642544 1.231159 0.746861 
3.678711 1.093550 0.632269 0.207974 0.378959 0.410883 0.172410 0.185745 0.119831 0.139855 
0.120597 -0.123326 -0.138692 -0.149986 0.155255 0.160860 0.173892 0.050105 -0.162616 -0.201395 
-0.382325 -0.379030 -0.366503 -0.392786 -0.424696 -0.385579 -0.366541 -0.393822 -0.431628 -0.362313 
-0.479532 -0.444004 -0.438030 -0.396136 -0.527593 -0.415331 -0.345233 -0.311406 -0.343080 -0.356265 
-0.447382 -0.433189 -0.425961 -0.386693 -0.397813 -0.409454 -0.398155 -0.312123 -0.477176 -0.452205 
-0.515203 -0.415805 -0.355589 -0.355929 -0.353430 -0.272225 -0.491132 -0.463651 -0.413929 -0.336814 
-0.356997 -0.371291 -0.401962 -0.397018 -0.416368 -0.456638 -0.469460 0.781870 0.045050 -0.005692 
-0.200447 0.070838 0.181938 0.034961 0.129424 0.439830 0.142668 0.880976 1.284869 0.911478 
3.686504 1.002177 0.679353 0.317130 0.395040 0.351019 0.122125 0.172566 0.078743 0.021492 
0.071829 -0.124973 -0.074241 -0.103746 0.134956 0.039560 -0.027769 -0.024195 -0.229279 -0.247910 
-0.368367 -0.323157 -0.393188 -0.452221 -0.408314 -0.407526 -0.508659 -0.407409 -0.432175 -0.373152 
-0.463252 -0.410917 -0.395814 -0.448974 -0.531293 -0.430699 -0.383393 -0.352077 -0.386773 -0.385774 
-0.384572 -0.407658 -0.384187 -0.371521 -0.328968 -0.372530 -0.342813 -0.293114 -0.446579 -0.407771 
-0.524857 -0.363746 -0.342131 -0.358764 -0.357710 -0.268063 -0.471685 -0.496954 -0.410779 -0.345304 
-0.359561 -0.368376 -0.361361 -0.329362 -0.407229 -0.464108 -0.453472 0.901251 -0.051663 -0.122430 
-0.211201 0.448385 0.283629 0.127570 0.222384 0.482917 0.135058 0.823221 1.205449 0.911882 
3.654566 1.098440 0.732632 0.417684 0.406814 0.270199 0.172013 0.077334 -0.053878 -0.037574 
0.180396 0.065109 0.043342 0.051360 0.285477 0.056714 -0.026868 0.111297 -0.095745 -0.134911 
-0.254305 -0.221866 -0.354323 -0.392003 -0.300745 -0.311464 -0.403932 -0.312129 -0.311516 -0.262817 
-0.327828 -0.264574 -0.320941 -0.397887 -0.461611 -0.298150 -0.267568 -0.262893 0.029849 -0.120241 
-0.118396 -0.215015 -0.206754 -0.262995 -0.336888 -0.335840 -0.262361 -0.218720 -0.389414 -0.391373 
-0.417110 -0.001830 -0.164867 -0.168945 -0.242018 -0.223501 -0.334184 -0.363841 -0.236829 -0.112941 
-0.221819 -0.203405 -0.211222 -0.108625 -0.426177 -0.457657 -0.192022 1.019944 0.058283 0.010003 
0.055652 0.693583 0.390760 0.291462 0.358828 0.754594 0.221117 0.810485 1.210637 0.908222 
3.639108 1.086973 0.681810 0.354302 0.171058 -0.008756 0.028677 -0.120849 -0.387896 -0.207123 
0.163510 0.050334 -0.098842 0.024812 0.212082 -0.032239 -0.070374 0.211405 -0.089048 -0.179959 
-0.311229 -0.398313 -0.340883 -0.376648 -0.356612 -0.386076 -0.384924 -0.374327 -0.378486 -0.306010 
-0.334323 -0.240757 -0.352260 -0.445776 -0.449317 -0.253309 -0.159810 0.107858 0.162962 -0.122921 
-0.203317 -0.236405 -0.313459 -0.288578 -0.355113 -0.306792 -0.336389 -0.318846 -0.456319 -0.438064 
-0.197636 0.152969 -0.165453 -0.024317 -0.211205 -0.220488 -0.213636 -0.187120 -0.122732 -0.061132 
-0.163848 -0.072835 -0.236027 -0.121190 -0.473639 -0.375107 -0.023731 0.895589 0.192144 0.164763 
0.493843 0.690473 0.348434 0.252990 0.342562 0.855675 0.235941 0.744925 1.186839 0.940922 
3.470924 1.007144 0.695066 0.272473 0.020998 -0.052930 -0.102275 -0.194985 -0.167638 -0.253067 
0.123015 -0.045562 -0.285190 -0.248034 -0.162404 -0.265025 -0.244171 0.094857 -0.114309 -0.208320 
-0.249480 -0.307902 -0.236056 -0.269779 -0.290331 -0.282663 -0.280493 -0.237184 -0.297170 -0.252579 
-0.258718 -0.195719 -0.387544 -0.414268 -0.424720 0.014633 0.105579 0.291015 0.091288 -0.161922 
-0.288679 -0.293652 -0.262789 -0.269320 -0.332242 -0.342931 -0.440326 -0.325658 -0.112726 -0.156886 
0.243905 0.361420 0.095295 0.139542 -0.095475 -0.086747 0.002233 0.071316 0.099478 0.171016 
-0.118563 0.084556 -0.118457 -0.119891 -0.403559 -0.071489 0.085351 0.666645 0.293112 0.350615 
0.598687 0.699041 0.314674 0.260520 0.332126 0.890186 0.269269 0.761782 1.141097 0.911266 
3.470261 1.127976 0.805538 0.316408 0.076941 -0.006766 -0.002547 -0.162236 -0.344436 -0.081263 
-0.059962 -0.243698 -0.385930 -0.281091 -0.357780 -0.379162 -0.322228 -0.017979 -0.190494 -0.237548 
-0.245065 -0.142124 -0.305805 -0.252967 -0.305188 -0.294961 -0.295573 -0.222461 -0.331866 -0.292584 
-0.284994 -0.217637 -0.381845 -0.388108 -0.373539 0.274199 0.298421 -0.016405 -0.118598 -0.183652 
-0.357076 -0.266677 -0.299355 -0.322689 -0.348204 -0.344585 -0.375293 -0.337466 -0.183187 -0.062722 
0.167856 0.333943 0.246174 0.102672 -0.180761 -0.162326 0.010492 0.112824 0.012447 0.181827 
-0.011292 0.065358 -0.246004 -0.201869 -0.377878 -0.128228 -0.060055 0.826789 0.531932 0.507722 
0.543470 0.591642 0.287594 0.230498 0.283912 0.837425 0.271565 0.709127 1.176724 0.910618 
3.373280 1.399100 0.770808 0.394063 0.311224 0.312914 0.255125 -0.056640 -0.181764 0.130661 
0.007194 -0.096439 -0.260336 -0.216436 -0.292642 -0.275051 -0.226112 -0.212650 -0.248429 -0.154554 
-0.192764 -0.027823 -0.270746 -0.233259 -0.316781 -0.360798 -0.361460 -0.315047 -0.422761 -0.357156 
-0.356146 -0.277873 -0.380984 -0.416759 -0.256347 0.405487 0.305051 -0.110413 -0.251452 -0.322108 
-0.196135 -0.211893 -0.165853 -0.195671 -0.227305 -0.247543 -0.250702 -0.309333 -0.086260 -0.189161 
-0.131417 -0.029752 0.121113 -0.052683 -0.149894 -0.147384 -0.045394 -0.077025 0.049854 0.214761 
0.150789 0.276054 -0.124293 -0.152732 -0.317835 -0.196188 -0.031974 1.065893 0.731937 0.625457 
0.586723 0.752047 0.478789 0.320218 0.401505 0.810949 0.234708 0.654224 1.164489 0.925734 
3.564782 1.156360 0.796104 0.504361 0.523795 0.508361 0.337801 -0.078192 -0.190145 -0.013608 
-0.100151 -0.120754 -0.092740 0.073749 -0.092853 -0.113137 -0.132578 -0.110100 0.008235 -0.197912 
-0.197256 -0.076891 -0.292758 -0.255258 -0.351833 -0.062097 -0.356041 -0.349944 -0.286557 -0.196315 
-0.370335 -0.380436 -0.433294 -0.434778 0.101820 0.386065 0.138652 -0.103047 -0.233929 -0.360148 
-0.019368 -0.081623 0.048094 0.055315 -0.067682 -0.100856 -0.139148 -0.171687 -0.237767 -0.293119 
-0.311049 -0.350787 -0.087590 -0.106277 -0.210510 -0.152802 -0.150124 -0.235018 -0.081186 0.197018 
0.091224 0.073621 -0.167512 -0.196995 -0.339543 -0.301975 -0.035331 1.247924 0.792924 0.557516 
0.478955 0.719035 0.654906 0.440461 0.382293 0.637867 0.269026 0.649087 1.312903 0.924084 
3.710061 1.029154 0.892932 0.615104 0.670317 0.630234 0.400189 -0.002589 -0.300840 -0.247282 
-0.313038 -0.287322 0.222857 0.321303 0.139297 0.138772 0.137765 0.156049 0.202144 -0.172015 
-0.268048 -0.163410 -0.245810 -0.184045 -0.345892 0.458997 -0.042906 -0.074243 0.002476 0.291970 
-0.105486 -0.128585 -0.027388 -0.136735 0.387127 0.606432 0.197695 0.098906 -0.061528 -0.182803 
0.067129 0.084410 0.474557 0.465861 0.299849 0.324553 0.228213 0.158803 -0.105570 -0.219532 
-0.236287 -0.407586 -0.286530 -0.324832 -0.295716 -0.217702 -0.214464 -0.277427 -0.204522 0.019765 
-0.106609 -0.114357 -0.285062 -0.310696 -0.383489 -0.336461 -0.017691 1.188542 0.829470 0.511862 
0.398930 0.702725 0.720528 0.556347 0.370508 0.655089 0.331412 0.583380 1.350918 0.927194 
3.656584 1.099810 0.962686 0.686153 0.630988 0.564106 0.241711 0.022643 -0.297028 -0.206774 
-0.183935 -0.100072 0.396802 0.245139 0.229702 0.483540 0.416022 0.185990 0.021591 -0.129643 
-0.250078 -0.209098 -0.218379 -0.173770 0.378990 0.463672 0.209847 0.217072 0.530713 0.421645 
0.054363 -0.013214 -0.021221 -0.133258 0.064625 0.379077 0.249098 0.252217 -0.070798 -0.204867 
-0.092502 0.263150 0.748004 0.541319 0.441575 0.431365 0.109433 0.034217 -0.129930 -0.142790 
-0.186526 -0.341387 -0.338292 -0.395076 -0.257250 -0.040373 -0.189506 -0.229036 -0.179096 0.061815 
-0.134091 -0.159027 -0.269280 -0.329780 -0.381785 -0.371198 -0.227313 1.126803 0.888390 0.599284 
0.577898 0.781502 0.637122 0.386920 0.265575 0.696156 0.357731 0.580232 1.240347 0.909128 
3.654811 1.155430 0.780562 0.496757 0.299686 0.382137 -0.022892 -0.150532 -0.343231 0.267888 
0.246648 0.530707 0.624127 0.312528 0.344845 0.616325 0.527053 0.202883 -0.071158 -0.120559 
-0.278125 -0.236902 -0.298049 -0.331343 0.544996 0.505384 0.436931 0.359123 0.642994 0.374977 
0.087259 -0.016961 -0.144709 -0.169330 -0.041551 0.625427 0.341430 0.590653 0.077780 -0.051962 
0.036261 0.471951 0.910934 0.372179 0.348605 0.348173 0.051469 0.016067 -0.156825 -0.192410 
-0.136250 -0.132559 -0.224119 -0.262892 -0.125183 0.207066 0.094115 -0.023119 -0.013281 0.174823 
0.043332 0.057201 -0.099926 -0.158667 -0.356187 -0.343431 -0.395100 1.317183 1.025656 0.639192 
0.590240 0.800872 0.522978 0.239639 0.118114 0.518723 0.219442 0.440101 1.243163 0.978791 
3.852714 1.062896 0.394696 0.146833 0.071744 0.196115 0.004495 -0.133185 -0.027878 0.576346 
0.251273 0.587635 0.478667 0.474708 0.400504 0.476509 0.511159 0.287866 -0.016766 -0.031738 
-0.133595 -0.132442 -0.164907 -0.036926 0.486255 0.606693 0.345274 0.393372 0.385668 0.335540 
0.033024 0.004736 -0.018002 -0.148140 0.152745 0.404856 0.338565 0.753867 0.295681 -0.009721 
0.117314 0.531047 0.422976 -0.006051 0.142919 0.141516 -0.031559 0.084119 -0.097105 -0.292108 
-0.151763 -0.090542 -0.246754 -0.252647 -0.044530 0.288734 0.255879 0.131690 0.017550 0.094773 
0.037788 0.120490 -0.084726 -0.007617 -0.274952 -0.283614 -0.343890 1.423892 1.138067 0.658731 
0.534974 0.673051 0.351060 0.130226 0.190720 0.668228 0.217529 0.558580 1.238882 0.916193 
3.829287 1.011587 0.118287 -0.099160 -0.128222 0.152506 0.200487 0.201433 0.685970 0.664269 
0.429063 0.673263 0.586353 0.604617 0.401987 0.509612 0.516284 0.419333 0.142158 0.335941 
0.260365 0.135754 0.108589 0.564585 0.823528 0.748108 0.613054 0.443772 0.470284 0.455169 
0.168391 0.165017 0.288710 0.203373 0.434781 0.520554 0.634293 0.971057 0.486978 0.250756 
0.339626 0.646995 0.154762 -0.008105 -0.273379 -0.299211 -0.200636 -0.043429 -0.378527 -0.500430 
-0.417580 -0.418996 -0.448248 -0.445388 -0.298500 0.184375 0.159590 0.069596 -0.024488 0.002031 
-0.048734 0.068100 -0.110851 0.073699 -0.384091 -0.442330 -0.479286 1.401724 0.970845 0.547894 
0.565422 0.611992 0.149410 0.012177 0.122555 0.754681 0.240057 0.717771 1.331012 0.903576 
3.804268 1.088362 0.156928 0.101823 0.263740 0.016355 0.495796 0.963729 0.629163 0.550694 
0.315128 0.586923 0.594027 0.551039 0.323311 0.592510 0.372729 0.397904 0.376367 0.784378 
0.284749 0.507151 0.651385 0.423790 0.696269 0.591036 0.560074 0.445135 0.757996 0.604445 
0.245194 0.453650 0.458722 0.388698 0.724657 0.690888 0.664468 0.827550 0.616369 0.409781 
0.425538 0.713208 0.042743 0.014567 -0.256280 -0.305565 -0.133517 0.015172 -0.368287 -0.415494 
-0.412140 -0.444084 -0.476669 -0.444000 -0.390366 0.589494 0.445433 0.114895 -0.016922 0.003654 
-0.032520 0.168267 -0.038346 0.099921 -0.365338 -0.431537 -0.462054 1.795347 1.182604 0.664896 
0.494964 0.458472 0.125260 0.021425 0.281114 0.843357 0.347312 0.725999 1.267146 0.867487 
3.701689 1.166596 0.431329 0.274556 0.617351 0.272533 0.871999 0.732450 0.390035 0.293189 
0.121535 0.495051 0.633099 0.464995 0.421515 0.432625 0.188000 0.458342 0.225214 0.521336 
0.256137 0.772779 0.555270 0.427956 0.603531 0.555929 0.644944 0.605302 0.853935 0.696373 
0.571733 0.758098 0.587264 0.616688 0.679652 0.742269 0.846494 0.729563 0.702197 0.707217 
0.540305 0.656345 0.007831 -0.008343 -0.301662 -0.304480 -0.305110 -0.161352 -0.416940 -0.424225 
-0.451686 -0.469313 -0.423436 -0.362479 -0.301179 1.283669 0.510626 0.217589 0.103999 0.125057 
0.105360 0.188374 0.006650 0.139132 -0.353557 -0.421426 -0.352014 1.782412 1.119611 0.684469 
0.481898 0.484637 0.228880 0.139332 0.451290 0.860442 0.350972 0.718605 1.203060 0.873410 
3.718640 1.304356 0.732864 0.324293 0.753476 0.550837 0.590551 0.151939 0.056892 0.071125 
0.085177 0.604321 0.553803 0.398249 0.412670 0.352443 0.169709 0.224698 0.153279 0.299784 
0.393119 1.179820 0.644316 0.340346 0.495599 0.568117 0.840539 0.789926 0.888937 0.761431 
0.735756 0.763018 0.696863 0.717332 0.650803 0.613660 0.751473 0.659686 0.946847 0.866314 
0.607715 0.609518 0.053199 -0.073900 -0.270336 -0.301568 -0.308048 -0.324159 -0.442719 -0.456890 
-0.387568 -0.291179 -0.300576 -0.390185 0.208900 0.984708 0.225270 0.134148 0.207159 0.185831 
0.145349 0.268579 -0.052698 0.079969 -0.394130 -0.464681 -0.251458 1.691425 1.185543 0.746136 
0.533812 0.671253 0.464681 0.295219 0.385055 0.730363 0.289304 0.612051 1.196807 0.890713 
3.885647 1.235398 0.856855 0.734047 0.892759 0.748607 0.491405 0.040508 -0.324965 -0.274245 
-0.176583 0.794788 0.452197 0.354753 0.260934 0.276523 0.170785 0.028224 0.046959 0.368369 
1.172004 1.118936 0.793572 0.503880 0.820771 0.880559 1.067640 0.972697 0.992757 0.954222 
0.903668 0.821027 0.865473 0.756001 0.554369 0.640099 0.434959 0.556629 1.187317 0.922850 
0.772584 0.732016 0.303259 0.008703 -0.182180 -0.053626 -0.092049 -0.141810 -0.047075 -0.036578 
0.157793 0.159295 0.145963 -0.011974 0.724433 0.919168 0.389461 0.265926 0.303546 0.317364 
0.209480 0.440462 -0.010409 0.114647 -0.375411 -0.410783 -0.373894 1.769776 1.321317 0.753635 
0.660082 0.848914 0.622364 0.407628 0.388449 0.693018 0.272890 0.678841 1.232696 0.817128 
3.980374 1.101111 0.792582 0.697042 0.848171 0.673313 0.267456 0.034696 -0.348155 -0.319052 
-0.179458 0.899904 0.377964 0.217731 0.195496 0.265675 0.227709 -0.017902 0.067502 0.596885 
1.591942 0.851617 0.817492 0.757940 0.951375 0.945198 1.014608 0.924317 0.990489 0.993148 
0.959935 0.973905 0.860039 0.868133 0.368083 0.549768 0.148535 0.845872 1.454772 0.985058 
1.018349 0.899042 0.483052 0.028743 -0.047889 0.318752 0.169562 0.134722 0.210243 0.264289 
0.317854 0.288526 0.307246 0.177159 0.449465 0.485382 0.456020 0.342680 0.332264 0.323116 
0.215721 0.447288 -0.028292 0.057881 -0.417072 -0.429306 -0.321806 1.990023 1.219361 0.727107 
0.764599 0.886303 0.667837 0.394512 0.365105 0.593700 0.271687 0.610654 1.145989 0.847947 
3.890337 0.955045 0.780363 0.633742 0.818672 0.694856 0.236599 0.151955 -0.347780 -0.333635 
-0.256572 0.459359 0.177094 0.209096 0.170535 0.293279 0.291541 0.090220 0.236544 0.947674 
1.438830 1.094509 0.915308 0.981926 1.025074 0.960129 1.052665 0.826439 0.856945 0.835671 
0.964583 1.000776 0.964333 1.033800 0.488862 0.670139 0.221015 1.523137 1.498527 0.925494 
0.976712 0.853620 0.515176 -0.013594 0.044684 0.513359 0.437403 0.302069 0.277870 0.359128 
0.415571 0.135948 0.043795 0.117344 -0.083087 0.042016 0.145967 0.221164 0.229511 0.257965 
0.125548 0.305053 -0.051893 -0.001019 -0.443418 -0.420274 0.000676 1.797594 1.047636 0.717443 
0.788079 0.787491 0.652122 0.366260 0.396949 0.459260 0.172123 0.575673 1.167912 0.877139 
3.624958 0.969340 0.762902 0.537325 0.689169 0.625980 0.061144 0.225078 -0.356368 -0.377438 
-0.243515 0.496661 0.045880 0.118645 0.134180 0.336802 0.337277 0.075863 0.152322 1.118287 
1.156273 0.976323 1.047610 1.125566 1.027985 0.891939 0.806456 0.589125 0.835420 0.664457 
1.015708 0.925435 1.036346 1.094950 0.634059 0.970014 0.363503 1.454383 1.187086 0.749933 
0.835558 0.737162 0.534663 -0.048365 0.273493 0.580190 0.360541 0.142391 0.163367 0.265766 
0.234642 -0.099682 -0.209597 -0.205266 -0.298706 -0.014600 -0.017546 0.093624 0.072273 0.089423 
-0.000753 0.213499 -0.075909 -0.098546 -0.321387 -0.219389 0.286907 1.146064 0.688585 0.620931 
0.695143 0.626037 0.590675 0.364421 0.433087 0.391256 0.113912 0.469542 1.325175 0.901144 
3.415797 1.318938 0.784513 0.579472 0.777199 0.497788 0.020762 0.267364 -0.438973 -0.497243 
-0.466572 0.072737 -0.233837 -0.126724 -0.130044 0.137781 0.238476 -0.008443 0.013410 1.059802 
1.010052 0.783174 1.080882 1.202331 0.852777 0.724392 0.552941 0.380080 0.213089 -0.156054 
-0.240602 0.487768 0.593748 0.560262 0.704339 0.879096 0.835632 1.369009 0.926427 0.574959 
0.576317 0.877377 0.785498 0.115398 0.532378 0.676314 0.310333 0.167643 0.061840 0.057423 
0.022979 -0.171216 -0.352157 -0.325009 -0.365965 -0.221876 -0.224502 -0.049509 -0.199418 -0.183264 
-0.261741 0.041290 -0.190416 -0.156471 0.163595 0.233643 0.651730 0.967500 0.613708 0.583565 
0.691948 0.627259 0.720630 0.450908 0.354102 0.404093 0.178306 0.501924 1.229891 0.888634 
3.511707 1.133360 0.837987 0.591124 0.700938 0.461287 -0.122204 0.228199 -0.418197 -0.501898 
-0.459635 -0.113543 -0.279701 -0.141405 -0.189159 0.240235 0.251431 -0.046633 0.091780 1.087068 
0.893396 0.987081 1.163497 1.029585 0.763511 0.700498 0.496619 0.563747 0.576344 -0.397803 
-0.551614 -0.139100 0.782179 0.989677 1.103041 1.025984 1.126372 0.984987 0.628601 0.700237 
0.805383 0.970083 0.991703 0.363942 0.492773 0.521708 0.299952 0.187525 0.006268 -0.098402 
-0.119969 -0.190352 -0.353855 -0.328729 -0.323524 -0.154102 -0.176811 -0.123340 -0.249897 -0.209616 
-0.289939 -0.114895 -0.101059 0.065448 0.215674 0.448305 0.443581 0.760057 0.661273 0.598093 
0.674776 0.752961 0.750382 0.483844 0.378109 0.417645 0.033422 0.662175 1.343030 0.969054 
3.297441 1.039236 0.936944 0.671602 0.653123 0.482123 -0.059374 0.240331 -0.386324 -0.419074 
-0.427268 -0.210716 -0.138549 -0.105180 -0.037447 0.259808 0.356417 0.027597 0.184281 0.905650 
0.862167 1.120999 1.085648 0.975479 0.766305 0.593758 0.431978 0.311045 0.219658 -0.413479 
-0.474149 -0.295030 1.832735 1.271959 1.129722 1.005757 0.998379 0.742510 0.748473 0.698888 
0.866471 0.822352 0.912861 0.346239 0.516522 0.485382 0.327537 0.117964 0.050360 0.030994 
-0.107868 -0.134813 -0.288307 -0.300692 -0.073068 0.143437 0.124187 0.049786 -0.077846 -0.072391 
-0.076327 -0.028522 -0.046782 -0.041523 -0.050111 0.360985 0.246930 0.754015 0.797131 0.772113 
0.915159 0.997292 0.804877 0.549119 0.440515 0.602552 0.085766 0.771297 1.264122 0.908175 
3.429040 1.184369 0.996866 0.681639 0.600757 0.567856 -0.024277 0.181259 -0.429880 -0.398927 
-0.366633 -0.071740 -0.169982 -0.113418 0.181076 0.305487 0.356575 -0.008525 0.253929 0.698724 
0.908025 1.113354 1.017839 0.908961 0.831420 0.645660 0.429020 0.507829 0.485330 -0.301093 
-0.273230 -0.264151 3.587706 1.554202 1.206378 1.009466 1.000715 0.888365 0.882382 0.714736 
0.811048 0.629014 0.730404 0.324463 0.480589 0.461385 0.160535 -0.108826 -0.001346 -0.006767 
-0.204156 -0.146554 -0.260264 -0.259343 -0.010697 0.133674 0.108005 0.076801 -0.011653 -0.047247 
-0.070481 -0.066619 -0.184798 -0.221064 -0.233316 0.051062 0.161023 0.885997 1.038864 0.904076 
0.994736 1.000302 0.731026 0.576001 0.402137 0.612077 0.100645 0.811984 1.163513 0.945306 
3.768146 1.343701 0.814004 0.677871 0.657379 0.611245 0.015991 0.153106 -0.447315 -0.398869 
-0.343181 0.003269 -0.358289 -0.177811 0.238323 0.266254 0.286609 -0.032831 0.230646 0.714866 
1.059229 1.004460 0.788841 0.943242 0.841516 0.705515 0.469189 0.246859 0.486743 0.388904 
0.106619 -0.127197 3.474295 1.791695 1.283193 1.050508 0.874070 0.812793 0.675751 0.616622 
0.463179 0.279228 0.692663 0.350668 0.408232 0.287258 -0.080425 -0.257008 -0.343452 -0.300995 
-0.394307 -0.351493 -0.340307 -0.238633 -0.032849 0.046413 0.022339 0.017180 -0.034180 -0.075863 
-0.110696 -0.090749 -0.226327 -0.172790 -0.427261 -0.205237 -0.117706 0.773611 1.103904 0.897543 
0.981086 0.958262 0.654312 0.543114 0.347171 0.565887 0.074537 0.816357 1.078360 0.975487 
3.852712 1.071099 0.666074 0.565651 0.633981 0.648703 0.065175 0.223091 -0.408550 -0.387975 
-0.318745 -0.043430 -0.258337 -0.035614 0.508478 0.249934 0.258655 0.103425 0.194015 0.830186 
1.076991 0.898343 0.758783 0.962033 0.921994 0.871965 0.693074 0.426622 0.092355 -0.320421 
-0.432451 0.019273 2.836619 0.814232 1.108231 0.987316 0.848777 0.801663 0.566840 0.478945 
0.431575 0.452112 0.697545 0.541045 0.395762 0.345071 -0.016831 -0.063705 -0.380210 -0.335673 
-0.345837 -0.330213 -0.148720 -0.121338 -0.069856 -0.011734 -0.019671 0.048197 0.033701 0.016993 
0.002960 0.017238 -0.187597 -0.129671 -0.439825 -0.411107 -0.196529 0.933701 1.422596 1.016172 
0.979579 0.910930 0.683608 0.530981 0.232061 0.472306 0.053886 0.834454 1.070952 1.024082 
3.679045 0.985368 0.604950 0.573646 0.577671 0.633480 0.026665 0.062932 -0.422605 -0.418208 
-0.274349 -0.062054 -0.131920 -0.029846 0.040678 -0.002107 0.000120 -0.031339 0.009404 0.785138 
1.168232 0.859646 0.671752 0.928645 0.866424 0.748537 0.722687 0.611219 0.455932 0.487090 
-0.227924 -0.091014 0.801062 0.929825 0.868930 0.807402 0.723467 0.632085 0.533095 0.598820 
0.535181 0.648892 0.813279 0.634899 0.430202 0.471144 0.084001 -0.020377 -0.262174 -0.219001 
-0.227942 -0.209325 0.068719 0.027699 0.028629 -0.025992 -0.023077 0.039799 0.073192 0.106180 
0.042734 0.080858 -0.107173 -0.033200 -0.502238 -0.430439 -0.343342 0.941471 1.488518 0.953053 
0.790243 0.816395 0.667493 0.466505 0.123239 0.419956 -0.009547 0.761346 0.976339 1.018437 
3.521755 1.308678 0.685172 0.595702 0.570232 0.526822 0.075386 0.119306 -0.449138 -0.434304 
-0.409453 -0.362679 -0.173729 -0.154579 -0.136098 -0.146369 -0.147818 -0.151021 -0.060200 1.413805 
1.360089 0.753869 0.577253 0.919138 0.887972 0.791732 0.918591 0.675560 0.760175 0.658798 
0.572669 0.771038 0.838749 0.748102 0.824338 0.513971 0.512452 0.655898 0.635493 0.661075 
0.783976 0.739864 0.847647 0.448191 0.380274 0.529139 0.140448 -0.075511 -0.159855 -0.000009 
-0.050047 0.058988 -0.040809 -0.008578 -0.001824 -0.061979 0.020821 -0.040027 0.066487 0.129338 
-0.007059 -0.028907 -0.082472 0.001434 -0.404556 -0.374545 -0.290052 1.585970 1.121075 0.872344 
0.693708 0.998197 0.674061 0.416665 0.102708 0.412210 0.048545 0.923449 1.185029 1.054099 
3.451720 1.177947 0.758286 0.592545 0.491188 0.444756 -0.047852 0.060007 -0.377061 -0.380882 
-0.457119 -0.439417 -0.499800 -0.484782 -0.454842 -0.472284 -0.487611 -0.467776 -0.340256 1.680232 
1.325329 0.635255 0.625327 0.974102 0.824646 0.718573 0.878103 0.688279 0.752006 0.621535 
0.805752 0.827480 0.734820 0.744841 0.680903 0.148602 0.311632 0.385937 0.637958 0.572246 
0.839750 0.707839 0.587124 0.227222 0.260351 0.441675 0.163826 -0.095993 -0.091530 0.259408 
0.175662 0.160252 -0.035279 -0.062655 -0.047448 -0.063919 -0.059137 -0.178593 -0.062636 0.020265 
-0.108407 -0.187333 -0.247862 -0.174082 -0.449836 -0.478211 -0.385436 1.200316 0.904467 0.569051 
0.400942 0.876763 0.487018 0.303778 0.099067 0.529104 0.204165 0.783743 1.238598 0.886065 
3.769294 0.953418 0.707740 0.529853 0.423484 0.472841 -0.093768 0.052945 -0.411152 -0.354172 
-0.421199 -0.361673 -0.454284 -0.498570 -0.438343 -0.465353 -0.457838 -0.455208 -0.243059 1.946383 
1.207608 0.766481 0.730499 0.994612 0.680272 0.586186 0.656976 0.618303 0.815209 0.599477 
0.851397 0.787750 0.690396 0.694033 0.228313 0.006150 0.986786 0.624726 0.693539 0.645145 
0.794442 0.736880 0.465062 0.153848 0.360828 0.412199 0.220986 -0.044119 0.175690 0.193960 
0.071218 0.035660 -0.127885 0.092298 -0.040502 -0.105624 -0.054178 -0.070468 -0.063909 -0.025590 
-0.153641 -0.170672 -0.218608 -0.142482 -0.421595 -0.490557 -0.468190 1.460164 0.790693 0.422126 
0.443046 1.034881 0.500191 0.325037 0.216082 0.797800 0.378819 0.772780 1.220111 0.765143 
3.771392 0.786300 0.540158 0.450070 0.434117 0.486865 -0.057996 0.080968 -0.438630 -0.259106 
-0.304131 -0.312547 -0.402705 -0.407921 -0.369470 -0.355764 -0.380796 -0.397127 -0.317762 1.527228 
1.352623 0.898755 0.898751 0.946692 0.596817 0.468816 0.561378 0.792138 0.763049 0.730339 
0.848195 0.738419 0.754556 0.781038 0.448893 0.372348 0.698066 0.471422 0.935063 0.543313 
0.519903 0.674687 0.554024 0.196075 0.378224 0.483232 0.381371 0.085739 0.217080 0.165711 
-0.058728 -0.052949 -0.122648 0.037103 -0.045915 -0.231730 -0.091425 -0.051857 -0.076336 -0.041573 
-0.164555 -0.109444 -0.172852 -0.122035 -0.440330 -0.493176 -0.312203 1.619732 0.701552 0.520416 
0.692468 1.113153 0.493058 0.291559 0.349002 0.733458 0.377796 0.769623 1.135654 0.766591 
3.791937 0.898518 0.604753 0.402521 0.614218 0.526190 -0.087554 -0.117044 -0.280154 -0.157920 
-0.314954 -0.332288 -0.453839 -0.455670 -0.433389 -0.412537 -0.420693 -0.426834 -0.391985 1.962339 
1.600766 0.973263 0.908030 0.850757 0.452153 0.372561 0.352218 0.655995 0.754583 0.665889 
0.722961 0.713239 0.696252 0.681476 0.522518 0.736404 0.430891 0.572873 0.774508 0.474098 
0.487609 0.580360 0.550948 0.259318 0.292597 0.531353 0.485713 0.145437 0.112624 0.137145 
-0.084531 -0.103293 -0.142978 -0.147769 -0.122245 -0.221517 -0.062654 -0.058721 -0.052266 0.051014 
-0.105585 -0.035440 -0.201573 -0.181749 -0.483064 -0.427817 -0.157511 1.221645 0.647302 0.715497 
0.829022 0.936607 0.504961 0.374839 0.426211 0.757445 0.353864 0.576399 1.037813 0.881690 
3.828767 0.879816 0.642678 0.558009 0.624923 0.522062 0.053824 -0.072148 0.066973 0.174680 
-0.119710 -0.133646 -0.239444 -0.220780 -0.196315 -0.151247 -0.377234 -0.400345 -0.472416 2.051687 
1.610726 0.995780 0.902473 0.700932 0.456466 0.399139 0.420524 0.728255 0.844844 0.737208 
0.801983 0.824426 0.721655 0.866933 0.608339 0.604344 0.629492 0.705330 0.901653 0.719602 
0.682164 0.643332 0.679674 0.397641 0.408174 0.469894 0.409279 0.153875 0.060535 0.118649 
-0.077343 -0.125192 -0.240018 -0.316967 -0.235114 -0.289850 -0.225022 -0.247457 -0.205732 -0.067759 
-0.100508 0.062435 -0.160943 -0.147477 -0.282093 -0.215407 0.136998 1.056388 0.806146 0.760253 
0.736371 0.936821 0.613513 0.368882 0.480467 0.751332 0.404590 0.506858 0.881606 0.839469 
3.846156 0.877842 0.721612 0.615658 0.592349 0.434984 0.076551 -0.051890 -0.051644 0.084238 
-0.189935 -0.175414 -0.216429 -0.225371 -0.168326 -0.110519 -0.352034 -0.403297 -0.372917 2.211945 
1.719740 0.976165 0.737353 0.569232 0.373379 0.340052 0.347013 0.567496 0.629747 0.601216 
0.723193 0.733199 0.576609 0.846658 0.395663 0.383293 0.715996 0.592204 0.897202 0.732142 
0.720407 0.541033 0.621908 0.433621 0.394645 0.369337 0.252493 0.101753 0.081015 0.171316 
-0.069974 -0.128354 -0.217811 -0.264272 -0.209992 -0.266184 -0.237984 -0.255811 -0.225270 -0.010755 
-0.026430 0.126569 -0.118184 -0.115838 -0.254641 -0.044654 0.231701 0.801833 0.922303 0.673124 
0.558113 0.963496 0.623161 0.239184 0.348415 0.742606 0.480078 0.362765 0.841320 1.039774 
3.893548 0.821035 0.735113 0.620468 0.681184 0.525210 0.097438 0.072747 -0.085898 0.128640 
-0.140374 -0.188157 -0.248218 -0.277427 -0.272136 -0.229983 -0.443718 -0.485018 -0.225344 1.843859 
1.143652 0.503051 0.313902 0.199021 0.158822 0.136267 0.119042 0.122239 0.180009 0.146544 
0.369929 0.340981 0.303856 0.502991 0.098153 0.298383 0.779257 0.471073 0.905414 0.614068 
0.724855 0.519959 0.559746 0.431194 0.353720 0.378429 0.211210 0.069107 -0.003846 0.183002 
-0.004247 -0.062644 -0.106562 -0.111875 -0.182928 -0.228055 -0.234992 -0.246957 -0.238036 -0.104282 
-0.054398 0.032742 -0.193766 -0.193333 -0.344477 -0.079475 0.074249 0.612383 0.846563 0.551853 
0.452025 0.920789 0.392851 0.122190 0.173396 0.786710 0.480858 0.325464 0.904981 0.971743 
3.994882 0.750603 0.572979 0.426617 0.561802 0.543524 0.197078 0.110423 -0.041651 0.113884 
-0.117539 -0.133846 -0.275098 -0.254674 -0.375148 -0.348260 -0.543843 -0.522277 0.005940 0.401881 
0.372987 0.094456 -0.014296 -0.071151 -0.112377 -0.057922 -0.106007 -0.114663 -0.170380 -0.173119 
-0.024967 -0.030986 -0.068446 -0.089925 -0.011542 0.669010 0.597101 0.338527 0.598598 0.303264 
0.558583 0.459981 0.359242 0.318407 0.257428 0.323842 0.109365 -0.001410 -0.071788 0.132352 
0.014582 -0.077179 -0.116460 -0.133506 -0.307200 -0.269572 -0.341592 -0.295097 -0.273732 -0.178850 
-0.054027 0.048889 -0.185463 -0.183283 -0.366942 -0.242938 -0.148813 0.582796 0.768897 0.395359 
0.386415 0.628779 0.054266 -0.034600 0.137817 0.803303 0.321363 0.335886 0.901890 0.943587 
4.046422 0.927578 0.749480 0.420197 0.676132 0.750709 0.607541 0.357856 0.288869 0.334697 
0.114567 0.189787 0.128158 0.063084 -0.041865 -0.061383 0.108290 0.004612 0.200116 -0.131802 
-0.307236 -0.299928 -0.321060 -0.342880 -0.425747 -0.429129 -0.412736 -0.330512 -0.489493 -0.472811 
-0.444244 -0.428229 -0.392393 -0.398935 -0.245541 0.013348 0.208164 0.098072 0.250774 0.081265 
0.237410 0.280979 0.169874 0.178579 0.055474 0.091375 -0.097016 -0.154866 -0.277769 -0.143109 
-0.177416 -0.258168 -0.228532 -0.179088 -0.275505 -0.266022 -0.411666 -0.377194 -0.340448 -0.167497 
-0.018700 0.002143 -0.215692 -0.204727 -0.415654 -0.436435 -0.328878 0.540940 0.463234 0.061773 
0.078839 0.370364 -0.015811 0.000678 0.284223 0.631683 0.308287 0.431532 0.698935 0.930191 
3.914724 0.846341 0.853614 0.630774 0.623038 0.890856 0.649649 0.323940 0.244633 0.191658 
0.249620 0.152779 0.299251 0.283423 0.425846 0.574618 0.749142 0.386817 -0.050288 -0.275507 
-0.441960 -0.411858 -0.396369 -0.362051 -0.436543 -0.457221 -0.405688 -0.320884 -0.496709 -0.497243 
-0.489243 -0.449995 -0.437750 -0.418733 -0.303283 0.025807 0.002448 -0.015323 0.158384 0.042936 
0.188574 0.202695 0.098272 0.102321 -0.009104 0.031323 -0.138253 -0.171699 -0.329791 -0.170065 
-0.179006 -0.255457 -0.221088 -0.140798 -0.262513 -0.303913 -0.408075 -0.348344 -0.299944 -0.110541 
-0.083575 -0.085807 -0.215126 -0.182521 -0.436341 -0.450680 -0.424257 0.306929 0.155221 -0.064762 
0.107957 0.523779 0.172623 0.140864 0.204328 0.319605 0.083036 0.087837 0.643255 1.263280 
2.474462 0.656567 0.663276 0.573904 0.659704 0.582350 0.449677 0.198343 0.059095 0.098909 
0.368555 0.035701 0.293983 0.122161 -0.000228 0.337065 0.863676 0.551692 0.115995 -0.101072 
-0.195880 -0.197595 -0.276444 -0.300794 -0.406692 -0.354507 -0.293801 -0.242589 -0.399942 -0.353038 
-0.304145 -0.301413 -0.315130 -0.314495 -0.260308 -0.169980 -0.128290 -0.120376 0.085012 -0.049500 
-0.048988 -0.028603 -0.079092 0.013342 -0.029461 -0.011977 -0.157742 -0.210959 -0.300892 -0.210560 
-0.236946 -0.245743 -0.285959 -0.158676 -0.211208 -0.241621 -0.293323 -0.249066 -0.120388 -0.031646 
-0.124311 -0.138392 -0.242845 -0.218764 -0.476629 -0.466135 -0.407916 0.182312 0.135765 0.040497 
0.247867 0.628351 0.328614 0.289693 0.170296 0.104996 -0.009797 0.115604 0.577487 1.057085 
1.680946 -0.073032 0.810261 0.582067 0.250703 0.399239 0.274289 0.139555 0.023245 0.107612 
-0.255324 -0.274020 -0.398841 -0.038366 -0.145074 -0.302385 1.020936 0.567018 0.293779 0.093552 
-0.021791 -0.046772 -0.249791 -0.320446 -0.371252 -0.279821 -0.256713 -0.280689 -0.256453 -0.120272 
-0.267502 -0.317655 -0.286769 -0.302894 -0.414878 -0.343931 -0.207535 -0.258190 -0.125540 -0.164433 
-0.169433 -0.165745 -0.119076 0.068090 -0.019780 -0.052769 -0.145211 -0.191459 -0.294677 -0.286961 
-0.299114 -0.279146 -0.306964 -0.145735 -0.126882 -0.184355 -0.188117 -0.229158 -0.143795 -0.121148 
-0.181664 -0.178883 -0.229925 -0.249917 -0.464496 -0.475460 -0.402304 0.447602 0.507564 0.046511 
0.312008 0.590368 0.288684 0.181814 0.179720 0.333116 0.030811 0.117097 0.405913 1.073644 
0.249612 1.753219 0.485637 0.961097 0.034478 0.284816 -0.039060 -0.027623 -0.396750 -0.255363 
0.906145 0.291676 -0.295790 0.209152 0.164433 0.020384 0.279304 1.038147 0.930885 0.478415 
0.414259 0.375012 -0.054433 -0.099885 -0.176106 -0.110531 -0.002088 -0.045032 0.117765 0.186834 
-0.106477 -0.062060 -0.392439 -0.353722 -0.442896 -0.474124 -0.470919 -0.499504 -0.472598 -0.485615 
-0.445994 -0.455596 -0.375863 -0.104325 -0.114487 -0.180013 -0.231131 -0.241608 -0.243565 -0.253315 
-0.300829 -0.265107 -0.385050 -0.267031 -0.064541 -0.134907 -0.010592 -0.050653 -0.119865 -0.120625 
-0.224218 -0.310587 -0.216924 -0.147860 -0.482165 -0.494631 -0.405889 0.362504 0.365475 0.056529 
0.443007 0.372066 -0.057102 -0.071984 0.041114 0.447129 -0.016373 0.013138 0.214807 1.140157 
0.795941 0.433303 0.160952 1.752152 0.166683 0.326556 0.107520 -0.426704 0.700826 -0.107187 
0.238717 0.257320 -0.305143 0.749631 0.072146 -0.512672 0.564616 1.416559 1.066331 0.676311 
0.419064 0.536769 -0.017288 -0.062285 -0.188125 -0.114862 0.102161 0.212199 0.159320 0.190283 
-0.089274 0.007705 -0.358254 -0.311865 -0.418502 -0.404373 -0.430154 -0.442898 -0.432840 -0.479245 
-0.429377 -0.442135 -0.354190 -0.009851 -0.088608 -0.207291 -0.213573 -0.240909 -0.290706 -0.258115 
-0.269424 -0.271715 -0.389626 -0.249109 0.082416 -0.056984 -0.023951 -0.066205 -0.191441 -0.201220 
-0.242601 -0.251057 -0.211354 -0.150744 -0.484093 -0.494112 -0.465089 0.512026 0.653904 0.345220 
0.371065 0.166391 -0.195119 -0.269324 0.110188 0.681127 0.108848 0.072589 0.023934 1.042871 
0.318608 0.305608 0.953097 2.155995 0.110703 0.386993 0.251965 0.041703 0.443331 -0.093688 
0.140261 0.707192 -0.248858 0.094845 0.374251 -0.328955 0.882488 1.354776 1.237259 0.602036 
0.453748 0.461142 -0.052006 -0.089134 -0.200805 -0.045484 0.085673 0.227830 0.048747 0.102017 
-0.083788 -0.046941 -0.380998 -0.386077 -0.411133 -0.375517 -0.388482 -0.339378 -0.446799 -0.511968 
-0.433879 -0.432036 -0.394022 -0.252269 -0.202255 -0.311967 -0.301257 -0.303032 -0.340158 -0.329036 
-0.308675 -0.249940 -0.426790 -0.367255 -0.252795 -0.182831 -0.186783 -0.210636 -0.213791 -0.286148 
-0.302443 -0.307098 -0.224182 -0.185653 -0.495692 -0.509919 -0.446302 0.873985 0.777820 0.269570 
0.199323 0.071055 -0.241316 -0.358608 0.239684 0.651840 0.046408 0.058872 0.256195 1.107304 
1.771553 0.352772 0.045251 1.698613 0.287775 -0.005412 -0.207592 1.072942 0.550898 -0.341706 
0.342014 0.686903 -0.018056 0.769263 0.475729 0.536278 -0.040991 1.008748 1.186626 0.486005 
0.438611 0.466073 0.208299 0.054652 -0.031814 0.085359 0.084232 0.111545 0.040745 0.124838 
-0.100237 -0.047716 -0.437206 -0.423096 -0.445891 -0.441758 -0.448315 -0.394919 -0.499333 -0.451783 
-0.460544 -0.454585 -0.410072 -0.354314 -0.208926 -0.303491 -0.310983 -0.340585 -0.360965 -0.345737 
-0.349297 -0.259382 -0.445548 -0.458507 -0.350510 -0.254703 -0.250718 -0.246375 -0.235437 -0.286306 
-0.279068 -0.284876 -0.263087 -0.227387 -0.503029 -0.514312 -0.301543 0.763449 0.418865 0.228894 
0.071961 0.125468 -0.085240 -0.128597 0.082617 0.262372 0.048071 -0.004528 0.312484 0.900621 
1.068133 0.046109 0.028495 0.879844 -0.312788 0.209819 0.024355 1.175102 0.544365 -0.244484 
0.570151 0.430706 0.482975 0.387120 0.426582 0.510941 0.419985 1.245841 0.561988 0.433114 
0.333597 0.635717 0.466271 0.295608 0.391922 0.430095 0.221991 0.125637 0.006350 0.062341 
-0.116994 -0.114271 -0.287575 -0.188783 -0.231830 -0.214906 -0.246855 -0.232831 -0.319086 -0.270703 
-0.296851 -0.333452 -0.351271 -0.373488 -0.290581 -0.290964 -0.274936 -0.272713 -0.256498 -0.236061 
-0.215598 -0.161415 -0.361384 -0.412032 -0.421217 -0.260081 -0.259043 -0.276401 -0.263361 -0.349323 
-0.362548 -0.359483 -0.298719 -0.321099 -0.430992 -0.394231 -0.130242 0.805893 0.554476 0.201277 
-0.027810 0.141645 -0.023230 -0.003346 0.054667 0.103847 0.088548 -0.011261 0.238478 0.523378 
0.895035 0.321643 0.293365 0.098856 0.372014 1.189683 -0.355304 0.835825 0.616851 -0.044169 
0.012623 0.808538 0.444241 0.502242 0.069656 1.053515 0.095835 0.572413 0.989747 0.017034 
0.506862 0.731807 0.619461 0.563586 0.493292 0.468275 0.120671 -0.026138 -0.099654 -0.191520 
-0.118429 -0.104895 -0.302420 -0.247331 -0.204990 -0.156720 -0.201888 -0.170593 -0.232423 -0.273005 
-0.283291 -0.310440 -0.318674 -0.415556 -0.311017 -0.341972 -0.337239 -0.302008 -0.321464 -0.272645 
-0.328912 -0.251122 -0.393368 -0.464521 -0.428467 -0.327001 -0.229369 -0.302629 -0.257913 -0.313978 
-0.323191 -0.305054 -0.370400 -0.360705 -0.432184 -0.384918 -0.100118 1.117463 0.694278 0.329314 
0.098558 0.053736 -0.031359 -0.068988 -0.107561 -0.037390 -0.103375 0.148384 0.415210 0.735183 
1.045948 0.113451 -0.104608 0.691744 -0.136322 0.527406 0.081228 0.414647 0.853702 0.163141 
-0.204932 0.272897 0.180692 0.948676 0.011948 0.716880 1.121271 0.638759 0.256217 -0.399934 
0.911117 0.711391 0.571550 0.305075 0.407175 0.416354 -0.016458 -0.063766 -0.238683 -0.324479 
-0.351058 -0.345984 -0.359337 -0.337352 -0.316424 -0.255798 -0.312745 -0.290738 -0.355933 -0.421284 
-0.372405 -0.390498 -0.380578 -0.465262 -0.377439 -0.387145 -0.405228 -0.387006 -0.389828 -0.413770 
-0.416432 -0.323828 -0.459431 -0.516406 -0.476446 -0.391282 -0.333112 -0.382195 -0.330371 -0.322425 
-0.321472 -0.281704 -0.345321 -0.293274 -0.406307 -0.325768 -0.050026 0.930624 0.540443 0.157726 
0.046980 -0.167522 -0.049781 -0.078079 -0.132376 0.057773 0.117396 0.399936 -0.028138 0.165453 
1.029622 0.724696 -0.272226 0.108982 0.337502 0.715004 0.268127 0.256247 0.209505 0.172361 
0.077778 0.906510 0.443783 0.394850 0.104782 0.706222 0.849072 0.698693 1.028059 -0.089725 
0.428595 0.499884 0.496619 0.219334 0.403372 0.535907 -0.030573 -0.098916 -0.256283 -0.295022 
-0.339179 -0.288250 -0.221683 -0.306157 -0.317027 -0.292646 -0.373511 -0.417704 -0.443318 -0.484731 
-0.461966 -0.485692 -0.434071 -0.480532 -0.189178 -0.359025 -0.432930 -0.471502 -0.478540 -0.416033 
-0.448558 -0.422584 -0.508028 -0.487442 -0.478260 -0.404732 -0.393941 -0.387966 -0.262675 -0.296282 
-0.353644 -0.317178 -0.352563 -0.334566 -0.283477 -0.305325 -0.064986 0.297643 0.000217 0.019459 
0.056944 -0.148294 -0.073903 0.020772 0.117681 -0.182951 0.185334 0.254330 0.199891 1.271076 
1.787657 0.505528 -0.095530 0.132655 0.059605 0.703319 0.266412 0.210605 0.566995 0.259813 
0.288349 0.785909 0.661858 0.731327 0.490819 0.424021 0.614159 0.475472 0.784536 0.003662 
0.302577 0.842565 0.550868 0.178114 0.277997 0.400166 -0.041280 -0.173817 -0.257864 -0.190702 
-0.186886 0.151495 0.066812 -0.078780 -0.212947 0.002147 -0.153359 -0.219656 -0.247604 -0.052359 
-0.122664 -0.179776 -0.221204 -0.179951 -0.062138 -0.219800 -0.199123 -0.142722 -0.237244 -0.189807 
-0.287465 -0.270897 -0.159720 -0.158858 -0.091901 -0.024807 -0.121875 -0.104582 -0.000946 -0.170183 
-0.249849 -0.092722 -0.211127 -0.242323 -0.194538 -0.314506 -0.263693 -0.043350 -0.009372 -0.093222 
-0.045024 -0.115559 0.140048 0.415602 0.064078 -0.202101 0.188040 -0.131200 -0.037998 0.822810 
1.809195 0.530212 0.102482 -0.045800 0.018620 0.714930 0.568208 0.303536 0.777012 0.077844 
0.571897 0.121201 0.518762 0.364510 0.245276 0.698033 0.359678 0.604082 0.581061 0.419642 
0.110405 0.908871 0.782325 0.110330 0.327037 0.163144 -0.180212 -0.192555 -0.270079 -0.257755 
-0.095891 0.404078 0.046840 0.039435 0.095364 0.158661 -0.039085 0.147010 0.313842 0.396679 
0.276759 0.224669 0.160324 0.170357 0.066325 0.014486 0.030152 0.283595 0.154992 0.228767 
-0.002138 -0.030852 0.031711 0.086962 0.090882 0.248283 0.183945 0.097942 0.058510 0.061824 
-0.071251 -0.039695 -0.210185 -0.220371 -0.301646 -0.372759 -0.257966 0.003540 0.005070 0.018466 
0.106881 0.120627 0.269411 0.433345 0.704973 -0.234957 -0.054926 1.449738 1.365169 -0.131667 
1.508866 0.407504 0.331352 0.194611 0.058590 0.614400 0.655154 0.356703 0.634709 -0.027524 
0.761409 0.089461 0.603313 0.100928 0.251639 0.104962 0.105998 0.796031 0.889502 0.596177 
-0.004050 0.732859 0.622932 0.097809 0.463366 0.262421 -0.132607 -0.065893 -0.241233 -0.268766 
-0.055602 0.606769 0.157090 0.154667 0.333957 0.304922 0.184251 0.269680 0.486953 0.411084 
0.376076 0.388918 0.544690 0.432643 0.258920 0.184559 0.151523 0.161285 0.214613 0.191937 
-0.000599 0.142642 0.060035 0.192295 0.136924 0.225455 0.213984 0.047867 -0.121755 0.041082 
-0.162064 -0.029666 -0.129218 -0.118562 -0.165084 -0.364949 -0.426270 0.226041 0.495789 0.169830 
0.112501 0.143119 0.248997 0.841384 0.492113 -0.314658 0.438967 0.263444 0.865203 0.056663 
0.963469 0.679837 0.298847 0.368839 0.004776 0.432865 0.486152 0.244096 0.040212 0.054018 
-0.137371 0.116922 0.920029 0.477116 0.564890 -0.097245 0.161385 0.534640 0.485089 0.971832 
-0.260672 1.479685 1.026598 0.306086 0.499587 0.266753 -0.074895 -0.124210 -0.203657 -0.270467 
-0.046211 0.608189 0.214402 0.017692 0.002687 -0.030513 0.023582 0.207972 0.468557 0.203468 
0.179470 0.329685 0.446304 0.315411 0.224133 0.208330 0.138512 0.062853 0.230777 0.152561 
-0.024539 0.030996 -0.023280 0.066716 0.105803 0.231121 0.174802 -0.005893 -0.070941 0.086827 
-0.103068 0.049256 -0.072653 -0.015210 -0.398242 -0.372092 0.315559 0.687183 -0.273391 0.158455 
0.278595 -0.218904 0.081005 0.501217 0.231571 -0.273496 -0.009050 0.041344 1.123136 0.688004 
1.273250 0.193960 0.304180 0.490037 0.063672 0.347454 0.427232 -0.025955 -0.437612 -0.279022 
0.714736 0.474545 0.592228 0.094556 0.546382 -0.064661 0.481516 0.018412 0.211693 0.997507 
-0.084555 2.191089 0.879410 0.412309 0.572632 0.327025 0.078381 0.100576 0.265348 0.084466 
0.193195 0.375958 0.174980 0.084550 -0.005699 0.044545 0.013259 0.451186 0.502364 0.097222 
0.153240 0.258973 0.310142 0.306800 0.216417 0.295495 0.173868 0.034103 0.350391 0.475861 
0.241028 0.218580 0.176620 0.125458 0.132477 0.173565 0.133352 -0.032206 -0.004786 0.101497 
-0.176093 0.351464 0.110038 -0.316659 -0.414318 0.541165 0.363279 0.414401 -0.412567 0.040661 
-0.022545 -0.282650 0.155375 0.707111 -0.251818 -0.403122 0.816946 -0.282162 2.863175 0.356240 
1.351532 -0.080317 0.885266 0.021192 0.162231 0.129033 -0.061451 0.028350 0.139620 0.302344 
0.030406 -0.171749 0.741317 -0.033520 0.369624 0.005495 -0.010211 0.244894 -0.173000 0.526806 
0.098385 1.434236 0.702989 0.461272 0.325329 0.144823 0.125870 0.332861 0.298777 0.256990 
0.106019 0.267839 0.072663 0.099234 0.045930 -0.098274 -0.126337 0.436316 0.727653 0.325541 
0.117167 0.366062 0.345830 0.378547 0.205054 0.281910 0.094592 0.071541 0.248075 0.467142 
0.454650 0.291399 0.246277 0.190928 0.100732 0.079651 0.007527 -0.066723 -0.054518 0.087552 
0.012534 0.732566 0.157679 -0.429669 0.824167 1.177827 0.342043 -0.297108 0.171933 0.422744 
-0.318622 0.005950 0.240424 -0.077438 -0.502018 0.248590 -0.101802 -0.526920 1.107026 0.859046 
1.581494 -0.089321 0.241874 0.057873 -0.052082 -0.033127 0.065956 0.246075 -0.125987 -0.152590 
0.556849 0.498083 0.843844 0.165863 0.804316 0.407529 0.103075 -0.081414 0.251219 1.669919 
-0.040332 0.841415 1.299147 0.505153 0.176467 0.020013 0.025896 0.194645 0.040585 0.011686 
-0.071280 0.120879 -0.063137 -0.002164 0.319281 -0.252542 -0.219730 0.576123 1.107862 0.539133 
0.148820 0.212965 0.192938 0.221249 0.111252 0.156710 0.213790 -0.122130 0.779445 0.519249 
0.465934 0.319282 0.372810 0.255661 0.147799 0.099686 0.005225 0.009338 -0.117229 0.264589 
0.047084 0.663091 0.160338 -0.327907 0.301450 0.422745 0.218540 -0.442079 -0.261578 -0.119145 
-0.434941 1.842796 0.478823 0.275550 -0.071019 0.382443 0.208335 -0.292746 0.548040 1.048777 
1.468273 0.581139 0.439294 0.015225 -0.182947 -0.152804 0.218667 0.339029 0.227629 0.173037 
0.604829 -0.028137 0.360672 0.154217 0.465756 0.894495 -0.143739 -0.251203 -0.100497 0.226663 
0.062154 1.278243 1.084907 0.558126 0.240462 0.039894 -0.011263 0.073696 -0.150274 -0.078994 
-0.171306 -0.048708 -0.062898 -0.083424 0.094768 -0.198490 0.512605 0.607378 1.202334 0.708994 
-0.002698 0.128512 0.122339 0.051501 -0.007779 0.459816 -0.153467 0.206465 0.410785 -0.016961 
0.231117 0.490950 0.383466 0.212546 0.209000 0.059454 -0.095630 0.014471 0.136520 0.216381 
0.300862 0.303229 0.468592 0.080355 0.619413 0.320590 0.196250 -0.110855 0.563932 0.164424 
-0.361754 0.700438 0.435563 0.783131 0.199801 0.352592 0.037756 -0.119426 -0.145867 0.598137 
1.117025 0.718727 0.583687 -0.096916 -0.292845 0.262203 0.326588 0.397080 0.256349 0.333537 
0.496500 0.765172 0.318562 0.372411 0.766376 0.769560 -0.085536 -0.005701 0.199490 0.881098 
-0.259397 1.116271 1.101566 0.424584 0.127866 -0.084059 -0.121474 -0.152409 -0.099848 0.056663 
-0.136350 0.004516 0.443609 0.192518 -0.361213 -0.260775 0.154205 0.925182 1.240311 0.713639 
-0.008278 0.128514 0.162660 0.218207 0.203984 1.048700 0.273263 0.673760 0.382038 0.093994 
0.559216 0.796893 0.329409 0.181361 0.213694 0.101915 -0.301448 1.346248 -0.203248 0.387160 
0.688546 0.059889 0.620842 0.046691 0.779514 0.264296 0.484753 -0.257032 0.413961 0.276011 
0.478168 0.248645 0.118566 1.247847 0.607512 0.104505 -0.128813 0.187312 0.086233 0.578080 
1.421593 0.612176 0.253786 0.229688 -0.288253 0.299808 0.213828 0.216753 0.236325 0.334326 
0.346806 0.407767 0.108089 0.361743 0.435327 0.954044 0.036439 0.209916 -0.293551 0.125924 
0.453794 0.804409 1.086069 0.425607 0.022059 -0.172278 -0.090062 -0.025879 0.092439 0.102611 
-0.033423 0.172832 0.753649 0.437253 0.556495 0.473853 0.217580 0.173476 1.727751 0.528524 
-0.370252 1.130456 0.380145 0.300075 0.098947 0.530184 0.325949 0.558802 0.430293 -0.015016 
0.201018 0.406890 0.233994 0.102454 0.300137 0.610634 -0.165486 0.332214 -0.206661 1.001982 
0.376030 0.629451 0.858966 0.428570 0.638843 0.158490 0.590702 0.485982 0.193040 0.349817 
0.270077 -0.322182 1.429815 0.696034 0.456528 0.155319 -0.160187 -0.034081 -0.059578 0.807038 
1.707292 0.511779 0.704133 0.597082 0.226585 0.238784 0.143713 0.149306 0.271263 0.228023 
0.425013 0.546681 0.243360 0.195383 0.477693 0.989488 -0.231097 0.198823 0.396928 0.162974 
0.771256 -0.017516 1.056725 0.745438 0.247249 0.159853 0.244452 0.486758 0.341365 0.326836 
0.093427 0.146567 0.838573 0.737888 0.324322 0.415330 0.633912 0.065947 1.199285 0.392523 
0.010288 1.092381 -0.122942 0.340656 0.279114 0.781238 0.116443 0.228423 0.961833 0.570441 
-0.438386 1.256552 0.180236 0.197951 0.484141 0.444854 0.532068 0.362552 -0.288777 1.128939 
0.186717 0.519760 0.868816 0.242691 0.701576 0.462512 0.342674 0.199399 -0.043265 0.337509 
0.620571 0.060355 1.214435 0.341129 0.314140 -0.027064 -0.270928 0.068087 -0.205874 0.791731 
2.027568 0.473311 0.453451 0.503215 0.026769 0.032896 0.064968 0.145591 0.343779 0.140706 
0.291972 0.500420 0.088155 -0.022528 0.276562 0.907728 -0.091778 0.721328 0.669548 0.991204 
0.889584 -0.308877 2.107310 0.806091 0.495495 -0.105420 0.153035 0.723854 0.432264 -0.133926 
-0.110677 -0.023221 0.646007 0.980421 0.610152 0.173333 0.776342 0.308027 0.357304 0.869631 
0.242032 1.409654 0.415345 0.579032 0.416790 0.277164 0.355236 0.154344 0.628216 0.269812 
-0.457743 1.536136 0.237021 0.129210 0.584613 0.668637 0.605820 0.872282 0.043055 0.262170 
0.031268 0.495202 0.806489 0.647130 0.637669 0.540414 0.513314 0.432707 0.140769 0.576797 
0.146072 0.444435 0.209588 -0.034804 0.007586 0.081780 0.030120 -0.177978 -0.179678 0.787000 
2.203635 0.409353 0.079952 0.079946 -0.058273 0.222730 -0.074872 0.296494 0.328063 -0.102711 
0.302660 0.565300 0.085725 -0.083785 0.042367 0.683706 0.195952 0.837428 0.362973 0.684483 
0.041293 -0.151162 1.332484 -0.286522 -0.059443 0.254583 0.600780 0.669643 0.350613 -0.308811 
0.350148 -0.468448 1.285717 0.601158 0.439028 0.062118 1.731602 0.537833 0.077535 0.333417 
0.422850 0.915864 0.275856 0.902702 0.627323 0.339842 0.038808 1.074754 0.429472 0.079152 
-0.059072 0.973832 0.419794 0.007141 0.574224 0.286355 0.574860 0.784975 0.248826 0.583573 
0.042234 0.336223 0.094249 0.417967 0.714831 0.413952 0.315257 0.739736 0.367941 0.484624 
0.228252 0.347351 0.036047 0.354249 -0.044663 0.044064 -0.072367 -0.244170 -0.093780 0.777137 
2.060105 0.118252 0.136246 -0.114255 0.168992 0.343810 0.073986 0.110611 0.275119 0.150170 
0.061771 0.239095 0.054090 -0.082679 -0.036755 0.910460 0.055715 0.334413 0.067278 0.703565 
0.474722 -0.120537 0.282764 -0.189162 -0.059599 0.191431 1.022201 0.370446 -0.186154 -0.127750 
0.695604 0.367048 0.848740 0.406229 0.303259 0.367545 0.628030 0.006034 0.223500 0.905909 
0.685994 0.492307 0.345505 0.640775 0.391928 0.293697 -0.023542 1.230012 0.100189 0.885312 
0.310125 -0.322658 0.195639 0.783458 0.155788 0.931043 0.175024 0.798178 0.127357 0.553977 
0.439401 0.528607 -0.105630 0.081739 0.238063 0.673149 0.886882 0.543905 0.503823 0.497479 
-0.089598 0.026055 0.096095 0.024237 -0.087180 -0.110725 -0.410838 -0.314693 -0.157244 1.012001 
1.529883 0.068414 0.019518 -0.041591 1.155426 0.428668 0.307491 -0.006419 0.389060 0.410788 
0.084457 0.191643 -0.065852 0.056289 0.206834 0.740676 0.373253 0.308432 0.148551 0.409508 
0.663222 0.112333 0.128249 -0.253994 0.534086 0.143395 0.335255 0.718024 -0.157766 -0.470997 
0.175641 0.141743 0.445815 0.305035 0.207553 0.757475 0.709424 0.539423 0.423767 0.286522 
0.529255 0.609974 0.541802 0.837880 0.192918 0.300991 0.126695 0.506090 -0.079401 0.486073 
0.678551 -0.191549 0.613349 0.467117 0.218505 0.448146 -0.061652 0.779634 0.181797 0.438981 
0.465910 0.031733 -0.189976 0.496653 1.023205 0.532766 0.398120 0.274158 0.382612 -0.055556 
-0.081386 -0.042468 0.091762 0.217544 0.073991 -0.093741 -0.285534 -0.351065 -0.214631 0.997770 
1.106048 0.004419 0.306570 -0.169481 0.475093 0.247875 0.164774 0.007522 0.400656 0.146234 
-0.006320 0.226323 0.258503 0.088349 0.333506 0.428387 0.638669 0.341507 0.211553 0.311007 
0.283514 0.125984 0.156146 -0.029517 0.533254 0.190896 0.275438 0.282496 -0.211475 0.498717 
0.644363 0.897848 0.205272 0.159191 0.371929 0.811651 -0.146656 0.124039 0.202314 0.314748 
0.724008 0.579366 0.175284 1.032765 0.375075 1.040728 0.633763 0.289259 0.385664 0.105804 
0.280065 -0.162706 1.148511 0.344411 0.614538 0.555887 0.514347 0.618319 0.414849 0.490182 
-0.028511 -0.001428 -0.107066 0.182162 0.258460 0.306901 0.291228 0.099055 0.510899 0.320831 
-0.077056 -0.202440 0.282940 0.276850 0.170252 -0.213977 -0.363921 -0.294470 -0.171347 0.821725 
0.712594 0.367467 1.101616 0.358834 0.002280 0.022073 -0.119181 -0.075997 0.300079 -0.125102 
-0.058331 0.160660 0.522998 0.301804 0.307037 0.347136 0.294650 0.263820 0.236081 0.277183 
0.017177 0.045744 -0.139280 0.241696 0.415342 0.403616 0.425184 0.363355 0.128149 0.160784 
0.437932 0.553808 0.267937 0.431076 0.342314 0.676316 0.171324 0.431936 0.734336 0.391545 
0.099865 0.143298 0.145989 0.930286 0.182134 1.031182 0.359072 0.777652 0.467576 -0.368002 
0.711270 0.204080 0.396380 0.402195 1.231152 0.698527 0.336910 0.580808 0.354630 0.217704 
0.005743 -0.008303 0.157229 0.605783 0.477666 0.243737 0.116337 -0.070646 0.015105 0.029010 
0.015985 -0.071853 0.022940 0.014128 0.029554 -0.373969 -0.444161 -0.289547 -0.266893 0.705995 
0.868492 0.689131 1.085842 0.119923 -0.087326 -0.141287 -0.268187 -0.221814 -0.261938 -0.280941 
0.066098 0.388381 0.532860 0.007672 0.375145 0.330909 0.267236 0.349174 0.293689 0.080705 
-0.231094 0.136889 -0.288099 0.360286 0.489236 0.299489 0.096680 0.414450 0.550493 0.133299 
0.400342 0.610197 0.079479 0.916950 0.305002 0.510921 0.506296 0.289811 0.549727 0.318676 
-0.000631 0.396832 0.327635 1.034558 0.207853 1.242623 0.594851 0.727957 0.175898 -0.328280 
1.269670 -0.210148 0.236678 -0.118258 1.625337 0.590260 0.284341 0.453794 0.045520 0.062635 
0.171236 0.091765 -0.055974 0.270797 -0.008166 -0.107067 0.253559 0.187891 -0.206090 0.416704 
-0.183926 -0.065127 0.397476 0.237467 -0.043994 -0.306250 -0.373198 -0.235089 -0.093832 0.720474 
1.488084 0.982758 0.419546 0.119609 -0.200911 -0.176447 -0.377559 -0.184750 -0.332564 -0.139386 
0.445165 0.385332 0.250247 0.145183 0.394162 0.192954 0.131067 0.244701 0.321075 0.059237 
-0.263262 0.011207 -0.136386 0.800126 0.603934 -0.046106 0.116399 0.268535 0.458828 -0.083720 
0.477531 0.542324 -0.144069 0.519520 0.020205 0.610377 0.429518 0.248811 0.324596 0.117220 
-0.036475 0.035897 0.119255 0.662894 0.618772 0.475466 0.168916 0.321762 0.403672 -0.173603 
0.847855 0.030438 0.265286 -0.299357 0.516788 0.306538 -0.041674 0.202849 0.274244 0.371657 
0.036520 0.058503 0.114551 0.200570 -0.112636 -0.281535 0.302729 -0.046132 -0.226598 0.148268 
-0.279699 -0.339376 0.213288 -0.072301 -0.209940 -0.159358 -0.298305 -0.072467 -0.019408 0.700179 
1.791088 1.276361 0.116551 -0.130437 -0.201226 -0.215492 -0.263502 -0.035517 -0.309989 -0.036702 
0.487078 0.031253 0.088593 -0.029923 0.088834 0.172477 0.306836 0.283217 0.073268 0.070351 
-0.222179 -0.172137 -0.440440 0.859838 0.827402 -0.096395 0.199687 0.551886 0.620515 0.050705 
0.111415 0.486953 0.160881 0.069076 -0.034025 0.121172 0.466606 0.359268 0.323948 0.190661 
0.392812 0.133980 0.517658 0.096939 -0.203336 0.181984 -0.122576 -0.111576 0.263929 0.058631 
0.131263 -0.050134 0.292721 -0.264518 -0.009946 0.021383 0.221389 1.218342 0.301934 -0.125870 
0.100110 0.125061 0.369891 -0.001222 -0.105643 -0.037004 0.259815 0.282811 0.126244 -0.062447 
-0.350346 -0.123886 0.277308 -0.128049 -0.154977 -0.096558 -0.258526 0.196896 -0.161566 0.803699 
1.492590 0.239444 -0.166932 -0.091906 -0.200493 -0.361493 0.759181 -0.076948 -0.143325 0.024283 
0.273949 -0.110209 -0.105054 -0.143229 -0.030808 0.187478 -0.005162 -0.151120 0.005003 0.001218 
-0.212205 0.174929 -0.090319 0.310175 0.666558 0.017662 0.742197 0.517713 0.537408 0.214026 
-0.005281 0.467516 0.569283 0.385408 0.379687 0.229914 0.645441 0.461492 0.291844 0.166796 
0.407294 0.270174 0.323765 0.379079 -0.092255 -0.130650 -0.102935 -0.041791 0.276466 0.174030 
0.014088 -0.043822 -0.089514 -0.461478 -0.386239 -0.253171 0.111036 0.523175 0.283155 0.235024 
0.250167 -0.166004 0.631822 -0.019938 -0.179527 -0.178763 -0.240646 -0.129653 0.127090 0.160413 
-0.029969 -0.043962 0.190033 -0.102650 -0.335805 -0.159397 -0.190499 0.271900 -0.027935 0.925486 
1.989206 0.332304 -0.161974 -0.058425 -0.304434 -0.501047 -0.465124 0.495127 0.496303 0.293610 
0.171442 -0.140631 -0.191437 -0.211439 -0.128970 0.042416 -0.234836 -0.283226 0.028232 0.122296 
-0.180416 0.146383 0.430557 0.006844 0.364410 0.274991 0.386212 0.201488 0.472603 0.208961 
0.071891 0.451869 0.431584 0.107232 0.458509 0.287406 0.958996 0.587015 0.299941 0.265713 
0.297367 0.282367 0.298268 0.357184 -0.095289 -0.071973 -0.012403 -0.095079 -0.131959 0.035032 
-0.109810 -0.204743 -0.364764 -0.385040 -0.443501 0.277733 0.815553 0.377611 0.338116 0.198290 
0.576165 -0.053426 -0.118302 -0.086755 -0.191323 -0.253884 -0.114618 -0.156006 -0.089777 -0.469710 
-0.206397 0.280959 0.420530 -0.162792 -0.437328 0.186633 -0.040428 0.242866 0.261689 1.130959 
1.466770 -0.252409 -0.178339 -0.037830 0.500203 -0.306370 -0.425084 0.257493 0.981169 0.089538 
0.001171 -0.036622 -0.230159 -0.215881 -0.252721 -0.134785 -0.435366 0.007004 0.392420 -0.014722 
0.225849 0.364945 0.298321 -0.044098 0.373375 0.441907 0.350251 0.180542 0.514177 0.157704 
0.071029 0.118865 0.615673 0.363999 0.635663 0.165977 0.363419 0.426676 0.579932 0.574972 
0.470830 0.439306 0.301589 0.370460 -0.024005 -0.027917 0.181513 -0.059737 -0.354888 0.213395 
-0.007351 -0.405596 0.394646 -0.128871 -0.393652 0.078700 -0.111055 0.322333 0.737811 0.199774 
0.216315 0.014507 0.376076 0.278580 -0.231769 -0.256849 -0.332301 -0.500639 -0.328103 -0.504602 
0.848013 -0.070585 -0.184150 -0.326799 -0.430007 1.124762 -0.222348 0.099126 0.646595 0.810771 
1.386922 -0.138321 0.055023 -0.115009 0.726132 -0.193397 0.040068 -0.364751 0.655786 -0.192625 
-0.133041 -0.086053 -0.245102 -0.207102 -0.143558 -0.215793 -0.236252 0.357973 0.392946 -0.041914 
0.339244 0.230387 0.085138 -0.139822 0.265908 0.555532 0.212982 0.098191 0.372966 0.117611 
0.170304 0.361582 0.898119 0.405118 0.633654 0.473172 0.428200 0.322504 0.614763 0.569663 
0.481058 0.422988 0.292118 0.299442 0.020368 0.178788 0.191648 0.122011 -0.099146 0.214661 
0.164747 -0.300636 1.426899 -0.191965 -0.078133 -0.288184 -0.272181 0.858485 0.607044 -0.154315 
0.358442 0.303942 0.313099 0.454012 -0.115548 -0.331019 -0.530683 -0.553333 -0.385594 -0.219854 
0.329287 0.144132 0.385828 -0.117744 -0.476052 0.162125 -0.406440 -0.158898 0.099091 0.843612 
1.498871 0.230746 0.169196 0.193050 0.170866 -0.084390 0.166351 -0.196424 0.012955 -0.195118 
0.136508 -0.085428 -0.204779 -0.250804 -0.249363 -0.099692 -0.334809 0.965514 0.200764 0.284850 
-0.003275 -0.084354 0.035440 0.074820 0.134137 0.364803 -0.112007 0.038475 0.193147 0.258876 
0.171108 0.184188 0.674067 0.281365 0.503781 0.322281 0.344674 0.258720 0.509787 0.415748 
0.160256 0.344938 0.360209 0.030955 -0.061488 0.326280 -0.153184 -0.155104 0.282496 0.342842 
0.437182 0.668579 -0.114333 -0.196894 -0.309900 -0.221865 0.238493 1.337622 0.181329 -0.448912 
0.056017 -0.092388 0.672050 0.597853 0.337253 -0.180687 -0.451704 -0.313301 -0.244668 -0.091730 
0.116062 -0.089684 0.001960 -0.062710 -0.025195 0.062369 -0.280486 -0.219736 0.067687 0.894019 
1.566833 0.357630 0.088329 0.018126 -0.047437 -0.201004 -0.072904 -0.214427 -0.409835 -0.152818 
0.584617 -0.139705 -0.195911 -0.215636 -0.208592 -0.037407 0.447589 1.565872 0.367778 0.246943 
-0.103120 -0.162173 -0.094122 0.149785 0.019256 0.028687 -0.240430 -0.239907 -0.033600 0.018124 
-0.001454 -0.067834 0.035364 -0.026333 0.868386 0.502679 0.027803 0.089275 0.583395 0.133086 
-0.018072 0.341777 0.177388 0.091354 0.174831 0.576770 0.073673 0.446549 0.334890 -0.118822 
0.534654 0.062297 -0.257420 0.413788 -0.433774 -0.412991 -0.120637 0.365143 -0.234533 -0.511078 
0.805869 -0.071275 -0.200569 0.284045 -0.028622 -0.257935 0.077192 -0.283153 -0.069523 -0.148995 
-0.140018 0.379964 0.097285 0.083024 0.197285 0.252336 -0.147947 -0.057335 0.175989 0.552393 
1.707090 0.155842 0.154373 -0.232080 -0.308854 -0.225994 -0.225014 -0.250412 -0.510798 0.281758 
0.470844 -0.209013 -0.199035 -0.218527 -0.087234 -0.167575 0.382610 0.011739 -0.143033 -0.052910 
-0.245264 -0.291322 -0.199877 -0.107129 -0.307198 -0.284030 -0.262038 -0.203747 -0.358662 -0.411037 
-0.495215 -0.458347 -0.182080 -0.254664 0.101252 -0.154992 -0.060638 0.148493 -0.024368 -0.284698 
-0.273375 0.084204 0.110508 0.031319 -0.114199 0.210023 -0.282755 0.255452 -0.291425 -0.443344 
0.157839 0.045466 -0.300635 -0.282491 0.001250 -0.133791 -0.321481 -0.157276 -0.234221 -0.438841 
0.005335 -0.096465 -0.073586 -0.148659 -0.253044 -0.182529 0.046813 -0.052057 0.075780 0.042358 
-0.112751 0.096118 0.181023 0.040574 0.174956 0.057466 -0.027414 0.166367 0.268791 0.522396 
1.479300 0.191117 0.402074 -0.036211 -0.108560 -0.112409 -0.174257 -0.220792 -0.302290 0.644191 
0.138272 -0.110471 -0.284735 -0.187406 0.480445 -0.019223 0.516172 -0.049934 0.398315 0.175110 
-0.255687 -0.263348 -0.198456 -0.188365 -0.372046 -0.407060 -0.135149 -0.158610 -0.313604 0.021587 
-0.131972 -0.336593 -0.271764 -0.183444 0.721357 0.088180 0.001153 -0.182632 -0.092703 0.016014 
0.332246 0.184055 0.210777 0.161394 0.320569 0.402343 0.270320 0.390840 0.152676 0.073944 
0.349889 0.021525 0.030406 -0.201877 0.613848 0.221943 -0.064914 0.165235 -0.088183 -0.043761 
0.086968 0.128233 0.217032 0.142664 0.075625 0.033815 0.124710 0.358810 0.334553 0.297480 
0.420718 0.260013 0.454180 0.307534 0.423770 0.273294 0.080529 0.107508 -0.024684 1.155699 
-0.161278 -0.294501 -0.243321 -0.224600 -0.244635 -0.169515 -0.180452 -0.217353 -0.228668 -0.228206 
-0.210208 -0.189188 -0.207254 -0.246105 -0.208952 -0.215344 -0.242994 -0.232752 -0.232325 -0.242247 
-0.254821 -0.255372 -0.246423 -0.270007 -0.269375 -0.269074 -0.257471 -0.236287 -0.210920 -0.246972 
-0.305869 -0.299699 -0.261187 -0.260401 -0.293866 -0.281186 -0.299080 -0.296146 -0.266408 -0.292843 
-0.284349 -0.300225 -0.282404 -0.235776 -0.282648 -0.296068 -0.307607 -0.298719 -0.298208 -0.276041 
-0.283706 -0.285042 -0.272797 -0.244933 -0.274965 -0.271829 -0.281486 -0.298066 -0.259012 -0.255344 
-0.174961 -0.130807 -0.279045 -0.292866 -0.222659 -0.239984 -0.268141 -0.270648 -0.238708 -0.253076 
-0.249437 -0.246163 -0.249778 -0.264795 -0.261111 -0.255916 -0.238111 -0.238708 -0.261000 -0.325630 
0.084034 -0.511987 -0.451058 -0.453409 -0.413502 -0.426488 -0.340587 -0.328330 -0.368645 -0.390366 
-0.378747 -0.429503 -0.410245 -0.416361 -0.349340 -0.359029 -0.382145 -0.464364 -0.381418 -0.336716 
-0.303633 -0.272980 -0.407458 -0.341307 -0.438118 -0.359230 -0.310829 -0.437711 -0.406026 -0.465522 
-0.430485 -0.288567 -0.350817 -0.319346 -0.443623 -0.229197 0.045436 -0.261303 -0.415752 -0.409889 
-0.412879 -0.281062 -0.283882 -0.309507 -0.371152 -0.347174 -0.386055 -0.446551 -0.342947 -0.318462 
-0.403796 -0.353162 -0.342507 -0.317069 -0.349436 -0.358870 -0.440725 -0.373846 -0.461981 -0.499892 
-0.484488 -0.465499 -0.453345 -0.153194 -0.300420 -0.408920 -0.165049 -0.003634 -0.232481 -0.363749 
-0.407618 -0.375031 -0.386015 -0.437098 -0.394687 -0.388586 -0.491055 -0.467870 -0.299066 -0.470461 
0.208318 -0.441552 -0.427248 -0.429908 -0.346932 -0.415420 -0.419355 -0.367418 -0.390970 -0.408559 
-0.433889 -0.432087 -0.411409 -0.368387 -0.362529 -0.348962 -0.426891 -0.442692 -0.376181 -0.392701 
-0.381843 -0.351659 -0.393225 -0.377713 -0.388606 -0.363915 -0.405884 -0.446471 -0.434721 -0.455031 
-0.455713 -0.358564 -0.351400 -0.427082 -0.463190 -0.366819 -0.222937 -0.213577 -0.444415 -0.442292 
-0.417850 -0.410169 -0.447561 -0.432382 -0.384972 -0.414114 -0.400963 -0.445827 -0.367850 -0.350825 
-0.422799 -0.441543 -0.376113 -0.389214 -0.414359 -0.391455 -0.421987 -0.448642 -0.466549 -0.458634 
-0.446836 -0.478089 -0.472417 -0.371511 -0.403586 -0.454442 -0.335221 -0.229561 -0.345362 -0.402975 
-0.428234 -0.412672 -0.441368 -0.463697 -0.451159 -0.407066 -0.451108 -0.465714 -0.463836 -0.325458 
0.249874 -0.416917 -0.395539 -0.406944 -0.347127 -0.374395 -0.391311 -0.275533 -0.266277 -0.280366 
-0.334336 -0.376278 -0.342365 -0.229972 -0.077515 -0.077119 -0.226142 -0.346976 -0.387791 -0.380428 
-0.320307 -0.236177 -0.271670 -0.266666 -0.294816 -0.268264 -0.306330 -0.289386 -0.399299 -0.355032 
-0.255482 -0.304333 -0.278558 -0.327513 -0.128936 -0.215615 -0.293184 -0.072947 -0.239342 -0.348369 
-0.295811 -0.272278 -0.301043 -0.321151 -0.340269 -0.266508 -0.244776 -0.315267 -0.062110 0.057938 
0.634520 -0.069483 -0.228203 -0.311136 -0.356625 -0.346322 -0.006366 -0.021202 -0.090829 -0.328543 
-0.406576 -0.323541 -0.261384 -0.248435 -0.309123 -0.170432 0.061143 0.248304 -0.134321 -0.212442 
-0.271859 -0.241552 -0.300946 -0.373846 -0.379025 -0.389373 -0.406296 -0.424592 -0.446234 -0.345188 
0.350916 -0.431170 -0.410658 -0.399713 -0.373943 -0.367659 -0.369841 -0.286473 -0.233673 -0.227630 
-0.259980 -0.332578 -0.221469 -0.219128 -0.137267 -0.088121 -0.174801 -0.263431 -0.387176 -0.377944 
-0.343995 -0.324473 -0.282833 -0.252818 -0.172111 -0.251991 -0.279359 -0.306020 -0.355534 -0.391706 
-0.353486 -0.348648 -0.338268 -0.334879 -0.019866 0.531903 -0.089872 -0.236885 -0.241501 -0.376437 
-0.329060 -0.299240 -0.298576 -0.364924 -0.373732 -0.310571 -0.341242 -0.316686 -0.181912 -0.238620 
0.323355 0.810025 0.309492 -0.181734 -0.387319 -0.342535 -0.265273 0.057749 0.160142 -0.012482 
-0.323995 -0.393378 -0.304645 -0.272751 -0.243050 -0.160287 0.089840 1.227734 0.051103 -0.376759 
-0.356590 0.168200 -0.089674 -0.326740 -0.407464 -0.409689 -0.407248 -0.323548 -0.397193 -0.338087 
0.321966 -0.416363 -0.406452 -0.390994 -0.365115 -0.351241 -0.362219 -0.338600 -0.311308 -0.273188 
-0.260468 -0.333906 -0.269179 -0.278873 -0.266496 -0.269055 -0.283597 -0.308475 -0.352741 -0.353484 
-0.328239 -0.336804 -0.304227 -0.295950 -0.305283 -0.331086 -0.404917 -0.364601 -0.362642 -0.372579 
-0.342928 -0.342075 -0.300088 -0.371331 -0.285390 -0.233694 -0.282563 -0.359516 -0.358306 -0.379339 
-0.363949 -0.352906 -0.367366 -0.388591 -0.367529 -0.379215 -0.297298 -0.265874 -0.216410 -0.283378 
-0.242245 -0.010977 -0.146873 -0.331635 -0.376826 -0.303543 -0.212294 -0.284243 -0.279087 -0.299409 
-0.378963 -0.353526 -0.239612 -0.211357 -0.290040 -0.246546 -0.235955 0.036915 -0.299925 -0.406178 
-0.353958 -0.232193 -0.375492 -0.395207 -0.414440 -0.409995 -0.399950 -0.388170 -0.383281 -0.328001 
0.299049 -0.390505 -0.407854 -0.378009 -0.402143 -0.380444 -0.242041 -0.358118 -0.386742 -0.264848 
-0.047874 -0.259529 -0.322560 -0.123701 -0.312824 -0.369554 -0.315378 -0.315117 -0.365254 -0.391167 
-0.347963 -0.342132 -0.244554 -0.243702 -0.315675 -0.315123 -0.299146 -0.348737 -0.368841 -0.365629 
-0.305307 -0.371343 -0.317935 -0.283495 -0.363342 -0.276317 -0.275658 -0.368999 -0.355031 -0.379456 
-0.408224 -0.413163 -0.375216 -0.380682 -0.362107 -0.293495 -0.354453 -0.314080 -0.186595 -0.222714 
-0.192238 -0.068731 -0.209323 -0.301636 -0.390003 -0.388552 -0.300815 -0.288542 -0.312619 -0.307073 
-0.385336 -0.382944 -0.319421 -0.239297 -0.168033 -0.120454 -0.116611 -0.028713 -0.298223 -0.413906 
-0.369706 -0.389186 -0.410694 -0.415762 -0.438643 -0.431381 -0.438709 -0.423490 -0.379719 -0.290246 
0.448882 -0.403234 -0.399598 -0.390031 -0.412619 -0.402291 -0.337346 -0.323904 1.055115 1.052091 
0.466804 -0.007098 -0.272830 -0.033955 0.082912 -0.124501 -0.270669 -0.247043 -0.367900 -0.365426 
-0.344157 -0.273933 -0.187102 -0.274153 -0.375292 -0.276385 -0.311061 -0.325727 -0.369703 -0.386266 
-0.283030 -0.317137 -0.296953 -0.225329 -0.312858 -0.226906 -0.293336 -0.310963 -0.386787 -0.400452 
-0.384972 -0.399601 -0.317338 -0.347175 -0.295864 -0.334425 -0.245635 -0.296900 -0.223971 -0.187575 
-0.163158 -0.233020 -0.313423 -0.299405 -0.355465 -0.379406 -0.325751 -0.300657 -0.311150 -0.330953 
-0.393608 -0.385008 -0.313716 -0.228161 -0.054027 -0.186682 -0.218273 -0.100141 -0.362167 -0.424440 
-0.385328 -0.376806 -0.413146 -0.406152 -0.416373 -0.399063 -0.431652 -0.410730 -0.389164 -0.304199 
0.706955 -0.343541 -0.393996 -0.405349 -0.429503 -0.391450 -0.328524 -0.159420 -0.394017 -0.431774 
-0.188535 -0.056855 -0.111394 -0.102570 -0.082389 -0.063149 0.117146 0.207699 -0.263360 -0.387251 
-0.334724 -0.333937 -0.394762 -0.354891 -0.371327 -0.294319 -0.320192 -0.415705 -0.385503 -0.382552 
-0.324027 -0.291533 -0.229062 -0.282177 -0.291278 -0.169518 -0.239618 -0.350642 -0.428628 -0.402893 
-0.375819 -0.378938 -0.354270 -0.367898 -0.304954 -0.316135 -0.271904 -0.249196 -0.256834 -0.335566 
-0.403443 -0.412381 -0.433083 -0.414581 -0.425681 -0.384883 -0.391864 -0.391908 -0.427327 -0.422788 
-0.423055 -0.432363 -0.410929 -0.365466 -0.273690 -0.254645 -0.306417 -0.219151 -0.341957 -0.411345 
-0.411045 -0.419737 -0.448447 -0.433392 -0.411962 -0.364532 -0.431634 -0.423341 -0.374357 -0.257763 
0.437086 -0.280859 -0.418004 -0.422820 -0.429472 -0.429890 -0.325171 -0.358682 -0.270355 -0.360080 
-0.270929 -0.288118 -0.250119 -0.207244 -0.250099 -0.236464 -0.200890 -0.091937 -0.173179 -0.225062 
-0.355213 -0.333100 -0.357711 -0.364636 -0.381711 -0.298624 -0.347459 -0.387400 -0.364395 -0.334094 
-0.292059 -0.303188 -0.202147 -0.270012 -0.254204 -0.236526 -0.244778 -0.358082 -0.404484 -0.392849 
-0.323258 -0.371930 -0.375418 -0.363248 -0.332503 -0.255374 -0.301310 -0.322336 -0.284311 -0.201585 
-0.175143 -0.181741 -0.300268 -0.396099 -0.391372 -0.377362 -0.235152 -0.239829 -0.356880 -0.424368 
-0.366158 -0.355629 -0.392249 -0.337600 -0.262367 -0.184252 -0.137632 -0.004040 -0.290240 -0.403649 
-0.414428 -0.388109 -0.437488 -0.405131 -0.424886 -0.347865 -0.413507 -0.429348 -0.405243 -0.276324 
0.306673 -0.355088 -0.423801 -0.419634 -0.420093 -0.424698 -0.445635 -0.444073 -0.419192 -0.377439 
-0.413917 -0.386808 -0.297860 -0.316065 -0.311498 -0.301107 -0.283125 -0.321323 -0.181272 -0.231117 
-0.281049 -0.337490 -0.381290 -0.398696 -0.343271 -0.317082 -0.317815 -0.357663 -0.337144 -0.355328 
-0.303298 -0.277105 -0.221731 -0.236411 -0.314719 -0.227741 -0.268208 -0.401381 -0.378787 -0.397425 
-0.287078 -0.355942 -0.378275 -0.392764 -0.378141 -0.336317 -0.253422 -0.351759 -0.329887 -0.329219 
-0.015497 0.244827 0.176710 -0.286787 -0.367406 -0.398709 -0.321730 -0.203907 -0.186770 -0.338005 
-0.444227 -0.407876 -0.457247 -0.403889 -0.247078 -0.229720 -0.050747 0.076757 -0.289930 -0.390242 
-0.425003 -0.404381 -0.437202 -0.458341 -0.421484 -0.392825 -0.407040 -0.398131 -0.336723 -0.318747 
0.332870 -0.425906 -0.407347 -0.396904 -0.405324 -0.410282 -0.395543 -0.413920 -0.386112 -0.313627 
-0.333210 -0.371019 -0.225067 -0.239079 -0.288178 -0.335224 -0.310020 -0.316346 -0.297098 -0.358643 
-0.331257 -0.291499 -0.372835 -0.371123 -0.349499 -0.285061 -0.345101 -0.280678 -0.291812 -0.346939 
-0.267391 -0.232701 -0.179278 -0.162426 -0.196302 -0.359695 -0.389682 -0.401013 -0.347671 -0.356783 
-0.356319 -0.346751 -0.350442 -0.389801 -0.392196 -0.390146 -0.339306 -0.325254 -0.329742 -0.301548 
-0.215015 0.051782 0.612570 -0.091539 -0.178894 -0.363626 -0.361757 -0.220367 -0.156172 -0.155961 
-0.363048 -0.430875 -0.413754 -0.415582 -0.312357 -0.208443 0.019512 0.210223 -0.256337 -0.388941 
-0.392930 -0.358652 -0.424621 -0.462246 -0.441877 -0.434857 -0.402100 -0.367749 -0.360537 -0.285679 
0.305653 -0.394620 -0.384693 -0.350701 -0.361172 -0.363539 -0.405610 -0.440971 -0.283363 -0.258657 
-0.215181 -0.122477 -0.062281 -0.173994 -0.260824 -0.332558 -0.391700 -0.366316 -0.367160 -0.371661 
-0.332191 -0.296295 -0.362630 -0.345619 -0.343714 -0.247853 -0.402528 -0.376265 -0.445078 -0.424399 
-0.428320 -0.367836 -0.386888 -0.419279 -0.369884 -0.376489 -0.403145 -0.433530 -0.395730 -0.365167 
-0.329451 -0.282733 -0.304753 -0.370107 -0.422345 -0.434477 -0.440319 -0.439134 -0.402825 -0.371957 
-0.245575 -0.299455 -0.110590 -0.031906 0.012164 -0.015850 -0.356806 -0.342330 -0.363032 -0.185013 
-0.308338 -0.388066 -0.330587 -0.347531 -0.243448 -0.133948 0.066270 0.491332 -0.207535 -0.401356 
-0.400421 -0.279147 -0.351404 -0.428902 -0.466147 -0.457146 -0.411148 -0.389870 -0.368700 -0.321573 
0.331622 -0.362131 -0.380735 -0.359423 -0.346872 -0.330832 -0.347962 -0.451182 -0.087807 -0.058459 
-0.175329 -0.208524 -0.253364 -0.290900 -0.321818 -0.259851 -0.370585 -0.420112 -0.379170 -0.361237 
-0.364239 -0.329555 -0.279446 -0.313519 -0.095170 -0.364990 -0.305670 -0.386438 -0.395874 -0.423725 
-0.434896 -0.445611 -0.417889 -0.382810 -0.159532 -0.125979 -0.308461 -0.409247 -0.395446 -0.280829 
-0.283595 -0.089497 -0.149169 -0.359531 -0.401489 -0.385830 -0.443836 -0.426346 -0.404361 -0.404277 
-0.350474 -0.307061 -0.303344 -0.279210 -0.239233 -0.210398 -0.366998 -0.370755 -0.346324 -0.320537 
-0.389923 -0.383283 -0.277511 -0.318643 -0.265786 -0.160613 0.080187 0.658592 0.018595 -0.400549 
-0.401464 -0.326192 -0.371017 -0.404170 -0.403158 -0.444664 -0.427810 -0.419830 -0.303078 -0.290993 
0.523626 -0.376277 -0.389926 -0.351304 -0.342092 -0.240111 -0.321938 -0.291835 -0.076487 0.576652 
0.101750 -0.125521 -0.377480 -0.372490 -0.316866 -0.297887 -0.384559 -0.413087 -0.371297 -0.387024 
-0.294632 -0.310370 -0.226942 -0.237341 -0.111843 -0.190134 -0.286186 -0.295379 -0.425826 -0.400158 
-0.427449 -0.426142 -0.385846 -0.335467 -0.265603 0.107226 -0.069512 -0.274029 -0.422257 -0.337316 
-0.225065 -0.108321 -0.207368 -0.192835 -0.330406 -0.412900 -0.411510 -0.440303 -0.366913 -0.145292 
-0.307249 -0.405873 -0.347876 -0.342846 -0.270630 -0.274633 -0.355104 -0.409388 -0.387440 -0.399661 
-0.393918 -0.416600 -0.370038 -0.300173 -0.267540 -0.252641 0.050548 1.107522 0.322051 -0.329441 
-0.396915 -0.415758 -0.412155 -0.420144 -0.406959 -0.308420 -0.404257 -0.378485 -0.340587 -0.216325 
0.527084 -0.424552 -0.414086 -0.331041 -0.073558 0.516977 0.118821 -0.313762 -0.024875 -0.156846 
-0.277067 -0.240119 -0.371852 -0.339778 -0.327928 -0.319104 -0.363969 -0.379669 -0.361471 -0.374380 
-0.235017 -0.260933 -0.255402 -0.217774 -0.312537 -0.314535 -0.390933 -0.371053 -0.414640 -0.407755 
-0.388312 -0.409818 -0.328497 -0.390797 -0.292735 -0.289211 -0.242612 -0.245883 -0.433422 -0.401198 
-0.274501 -0.254904 -0.370443 -0.359957 0.038607 -0.211584 -0.283735 -0.431562 -0.288076 0.238499 
0.006152 -0.189257 -0.117324 -0.127064 -0.018033 0.119530 -0.137714 -0.378993 -0.425035 -0.421298 
-0.408358 -0.387729 -0.411104 -0.352319 -0.246136 -0.063848 0.164611 0.979839 0.364694 -0.326883 
-0.375716 -0.319033 -0.386770 -0.422337 -0.435737 -0.377599 -0.391207 -0.352358 -0.358431 -0.281983 
0.474286 -0.421212 -0.359876 -0.318293 -0.238400 -0.205624 0.503055 0.439602 -0.393517 -0.381128 
-0.374837 -0.272962 -0.353000 -0.398095 -0.379909 -0.251570 -0.263524 -0.359030 -0.324681 -0.343992 
-0.376495 -0.376480 -0.323643 -0.353991 -0.421701 -0.440043 -0.373400 -0.380321 -0.338550 -0.365998 
-0.380383 -0.348500 -0.343066 -0.330070 -0.362124 -0.314190 -0.250402 -0.210204 -0.346458 -0.414233 
-0.399012 -0.340799 -0.393447 -0.358075 -0.245610 -0.026048 -0.337579 -0.294463 -0.253016 -0.101245 
0.255800 0.081549 0.173852 0.070250 0.036493 0.235779 0.125717 -0.218669 -0.427611 -0.429074 
-0.392358 -0.394445 -0.381126 -0.267900 -0.142450 -0.075271 0.126669 1.306838 0.716365 -0.242850 
-0.372023 -0.358133 -0.381043 -0.441724 -0.428350 -0.405670 -0.416654 -0.374369 -0.362400 -0.298386 
0.498011 -0.411264 -0.399929 -0.352926 -0.299305 -0.337143 -0.266996 -0.086384 -0.304426 -0.326313 
-0.327968 -0.203038 -0.190682 -0.354971 -0.386918 -0.283485 -0.324142 -0.142676 -0.319521 -0.310528 
-0.381022 -0.318078 -0.332911 -0.223288 -0.176736 -0.363538 -0.356619 -0.319170 -0.289528 -0.388683 
-0.407824 -0.361971 -0.356522 -0.371529 -0.325499 -0.287847 -0.370731 -0.329885 -0.337276 -0.364879 
-0.394088 -0.342530 -0.456465 -0.348043 -0.372271 -0.328973 -0.407551 -0.287511 -0.139918 -0.223669 
-0.236758 -0.238067 -0.293279 -0.290655 -0.058338 0.230256 -0.069499 -0.299222 -0.435762 -0.420382 
-0.402500 -0.405326 -0.365085 -0.233060 -0.057933 -0.196984 0.180843 0.768312 0.123902 -0.363956 
-0.414548 -0.411936 -0.372776 -0.401730 -0.417082 -0.418301 -0.440957 -0.438995 -0.396279 -0.289995 
0.609544 -0.411871 -0.398142 -0.405329 -0.371354 -0.399167 -0.332127 -0.315234 -0.253937 -0.289416 
-0.236501 -0.192333 -0.122731 -0.170018 -0.326303 -0.384755 -0.293555 -0.185786 -0.268119 -0.212771 
-0.300258 -0.060900 -0.374461 -0.296599 -0.123319 -0.155979 -0.171666 -0.244961 -0.326865 -0.377054 
-0.312114 -0.358159 -0.395824 -0.353523 -0.318741 -0.333593 -0.344352 -0.359828 -0.318199 -0.328694 
-0.379565 -0.400177 -0.459724 -0.417696 -0.260191 -0.348535 -0.322039 -0.332188 -0.187338 -0.230722 
-0.290729 -0.274125 -0.304260 -0.232969 -0.264412 0.073975 -0.290790 -0.362070 -0.439110 -0.450602 
-0.431027 -0.425705 -0.382701 -0.267233 -0.071832 -0.162338 0.109798 0.453190 -0.002781 -0.414026 
-0.422496 -0.397799 -0.391836 -0.415581 -0.448027 -0.436501 -0.423080 -0.419393 -0.354339 -0.297818 
0.593441 -0.391796 -0.399552 -0.351767 -0.358911 -0.377895 -0.346680 -0.374545 -0.135051 -0.047835 
0.260703 0.159394 -0.211196 -0.166045 -0.214598 -0.365039 -0.335594 -0.325316 -0.260620 -0.305205 
-0.121420 -0.171360 -0.317649 -0.379841 -0.328698 -0.213516 -0.247262 -0.265394 -0.333223 -0.369112 
-0.337512 -0.368259 -0.340264 -0.361531 -0.344340 -0.155476 -0.161846 -0.297874 -0.259936 -0.333889 
-0.388902 -0.388622 -0.425369 -0.418149 -0.308361 -0.267683 -0.249745 -0.241083 -0.124212 -0.135837 
-0.171999 -0.184044 -0.239316 -0.208274 -0.157268 -0.301893 -0.404015 -0.406222 -0.440850 -0.453937 
-0.433780 -0.428937 -0.361299 -0.264482 -0.068444 -0.116186 -0.171611 0.529935 0.141928 -0.397174 
-0.417381 -0.400144 -0.417904 -0.442548 -0.472064 -0.457550 -0.419605 -0.409779 -0.345979 -0.248782 
0.330165 -0.376056 -0.414149 -0.332523 -0.384101 -0.425801 -0.402304 -0.416449 -0.175389 0.186380 
0.592374 1.206214 0.167045 -0.210750 -0.245247 -0.315393 -0.293196 -0.305969 -0.215867 -0.226745 
0.070996 -0.360611 -0.331578 -0.347302 -0.286991 -0.288142 -0.322677 -0.306743 -0.319689 -0.335091 
-0.353722 -0.324119 -0.350777 -0.412044 -0.402575 -0.309681 -0.188066 0.084144 -0.041446 -0.260798 
-0.368564 -0.361790 -0.418100 -0.422023 -0.395409 -0.374815 -0.382107 -0.381352 -0.396679 -0.376964 
-0.391800 -0.411260 -0.452268 -0.454394 -0.372515 -0.435660 -0.424252 -0.418224 -0.419251 -0.447649 
-0.421002 -0.424079 -0.435824 -0.322428 -0.171944 -0.248266 -0.242653 0.264496 -0.023807 -0.403587 
-0.419632 -0.405971 -0.435282 -0.435087 -0.471766 -0.466812 -0.425954 -0.402384 -0.354760 -0.206553 
0.236316 -0.423314 -0.380827 -0.340769 -0.368704 -0.392079 -0.393952 -0.411457 -0.202631 -0.098063 
0.112205 0.554994 0.025575 -0.230931 -0.232688 -0.239936 -0.297156 -0.337554 -0.292406 -0.192892 
-0.215108 -0.327907 -0.329280 -0.315670 -0.323464 -0.293522 -0.342761 -0.295233 -0.283362 -0.325419 
-0.300554 -0.267748 -0.330334 -0.383210 -0.365873 -0.357419 -0.389506 0.086349 -0.058305 -0.202368 
-0.284139 -0.376324 -0.409178 -0.444719 -0.350936 -0.340953 -0.362482 -0.367182 -0.406145 -0.389925 
-0.414038 -0.416641 -0.404017 -0.349628 -0.326510 -0.285030 -0.374139 -0.387615 -0.422640 -0.429284 
-0.405689 -0.404773 -0.442115 -0.358725 -0.198993 -0.273076 -0.241318 0.203655 -0.154566 -0.391634 
-0.402272 -0.391613 -0.424863 -0.457802 -0.475485 -0.466718 -0.413618 -0.392428 -0.342481 -0.267509 
0.392360 -0.434814 -0.332436 -0.244698 -0.356235 -0.370194 -0.423253 -0.406645 -0.218078 0.135514 
0.605978 0.947315 0.091410 -0.174267 -0.210268 -0.189994 -0.308834 -0.333198 -0.319512 -0.153200 
-0.404243 -0.373238 -0.323678 -0.345716 -0.328990 -0.331541 -0.277859 -0.250618 -0.218633 -0.254568 
-0.273637 -0.295552 -0.301666 -0.293282 -0.388911 -0.351582 -0.385758 -0.246009 -0.346959 -0.336449 
-0.233935 -0.361092 -0.402666 -0.443256 -0.292441 -0.247251 -0.340995 -0.375546 -0.393063 -0.383028 
-0.370394 -0.360982 -0.296024 -0.241824 -0.257655 0.520572 0.022697 -0.218138 -0.398566 -0.404192 
-0.410781 -0.337857 -0.438972 -0.357098 -0.245503 -0.296700 -0.281465 -0.055533 -0.251986 -0.410229 
-0.399293 -0.374192 -0.387828 -0.449074 -0.478635 -0.477813 -0.366625 -0.380566 -0.277228 -0.293540 
0.532811 -0.322724 -0.356488 -0.254498 -0.325247 -0.379419 -0.388927 -0.378530 -0.121193 0.251192 
0.457585 1.386107 0.608356 -0.088414 -0.170578 -0.055462 -0.212287 -0.330906 -0.164590 -0.027692 
-0.171358 -0.339374 -0.320563 -0.278793 -0.306466 -0.339136 -0.271270 -0.304744 -0.260189 -0.247325 
-0.125335 -0.191598 -0.256022 -0.244540 -0.319386 -0.400595 -0.380196 -0.297369 -0.403785 -0.355722 
-0.288836 -0.181337 -0.294104 -0.424193 -0.291331 -0.309311 -0.387444 -0.393297 -0.320020 -0.349511 
-0.364775 -0.402235 -0.255231 -0.055438 -0.190833 0.015425 0.169963 0.199644 -0.252110 -0.375803 
-0.304344 -0.171099 -0.413055 -0.405850 -0.196400 -0.247127 -0.261250 -0.280744 -0.357824 -0.419434 
-0.377490 -0.369196 -0.340269 -0.394216 -0.472701 -0.477107 -0.368322 -0.296375 -0.325671 -0.252115 
0.682473 -0.291942 -0.412102 -0.369219 -0.306137 -0.409201 -0.457418 -0.277131 -0.026631 0.477485 
0.905817 1.323468 0.565438 0.129015 -0.140092 0.210649 0.003055 -0.294558 -0.266599 0.083802 
-0.151672 -0.255030 -0.244984 -0.324204 -0.314329 -0.278864 -0.317718 -0.357334 -0.179148 -0.186906 
-0.213907 -0.325511 -0.154635 -0.094945 -0.039672 -0.246921 -0.375655 -0.407375 -0.407863 -0.311628 
-0.346608 -0.226441 -0.232925 -0.347146 -0.355086 -0.374832 -0.415811 -0.376822 -0.343892 -0.104778 
-0.255507 -0.405098 -0.234422 -0.216530 0.157415 -0.037750 -0.123657 -0.025362 -0.221392 -0.371424 
-0.219820 0.106862 -0.024369 -0.229379 -0.384787 -0.394227 -0.365537 -0.385714 -0.393412 -0.409812 
-0.385567 -0.377326 -0.341728 -0.381673 -0.452614 -0.454637 -0.339541 -0.280568 -0.228850 -0.229374 
0.238367 -0.310838 -0.424268 -0.353333 -0.375187 -0.420974 -0.373871 -0.302443 0.004552 -0.092334 
0.120256 0.503090 0.290674 -0.127606 -0.230526 -0.155728 -0.148602 -0.229869 -0.298375 -0.125460 
-0.281848 -0.245410 -0.277295 -0.319460 -0.319551 -0.261577 -0.351820 -0.389015 -0.310098 -0.485636 
2.144936 4.022769 1.515935 -0.262567 -0.173795 -0.175386 -0.285517 -0.352029 -0.339367 -0.314118 
-0.292032 -0.352626 -0.340962 -0.334238 -0.324731 -0.334469 -0.342504 -0.420120 -0.324942 -0.330383 
-0.224152 -0.353452 -0.275431 -0.308565 -0.125157 -0.129499 -0.270669 -0.290484 -0.341554 -0.385871 
-0.304082 -0.242335 -0.218415 -0.241504 -0.255035 -0.199544 -0.322395 -0.336447 -0.403093 -0.394458 
-0.376833 -0.366807 -0.394011 -0.433337 -0.451161 -0.453773 -0.375033 -0.306129 -0.350183 -0.219615 
0.255857 -0.276799 -0.367988 -0.409429 -0.427509 -0.433661 -0.420934 -0.368615 -0.184967 -0.172456 
-0.085298 0.101783 0.130331 -0.256048 -0.235013 -0.298173 -0.277097 -0.310408 -0.271987 -0.218207 
-0.188879 -0.284840 -0.341091 -0.360671 -0.351183 -0.377553 -0.375508 -0.383795 -0.397748 -0.290209 
-0.101803 -0.426648 1.432570 -0.299385 -0.147840 -0.271986 -0.304626 -0.369274 -0.345706 -0.406285 
-0.388170 -0.378345 -0.349094 -0.380336 -0.267572 -0.273230 -0.254812 -0.371722 -0.414025 -0.379324 
-0.378303 -0.387557 -0.335028 -0.339409 -0.152754 -0.061791 -0.335740 -0.411242 -0.403057 -0.411844 
-0.323359 -0.364229 -0.318549 -0.278624 -0.049019 0.176519 -0.096003 -0.145878 -0.360016 -0.396345 
-0.387630 -0.388878 -0.422007 -0.425257 -0.459189 -0.441204 -0.413051 -0.351499 -0.421289 -0.298172 
0.704754 -0.266418 -0.395341 -0.388795 -0.398705 -0.428032 -0.397941 -0.362414 -0.156992 -0.155254 
0.114357 0.372845 -0.002394 -0.125967 -0.240025 -0.280799 -0.276875 -0.329242 -0.217625 -0.256666 
-0.185746 -0.302314 -0.343665 -0.331642 -0.332458 -0.383435 -0.384362 -0.384633 -0.349163 -0.387120 
-0.284903 -0.367633 -0.144108 -0.515805 -0.338066 -0.295652 -0.340948 -0.346969 -0.356017 -0.400601 
-0.392903 -0.388564 -0.153319 -0.264667 -0.285342 -0.336500 -0.387305 -0.262376 -0.044023 -0.379646 
-0.303197 -0.239077 -0.245776 -0.273184 -0.232204 -0.035938 -0.306937 -0.393026 -0.426630 -0.416718 
-0.389597 -0.379485 -0.301026 -0.350939 0.083984 0.423300 0.223653 0.139494 -0.242715 -0.357398 
-0.400080 -0.369895 -0.411217 -0.426898 -0.452070 -0.455683 -0.390036 -0.281091 -0.383443 -0.244791 
0.536657 -0.365901 -0.407959 -0.398578 -0.411252 -0.416745 -0.426664 -0.318927 -0.184668 -0.245281 
-0.059801 -0.012980 -0.181202 0.332648 0.330403 -0.094000 -0.249699 -0.278113 -0.250309 -0.248283 
-0.242816 -0.298702 -0.340961 -0.353560 -0.384580 -0.387148 -0.412620 -0.456835 -0.439347 -0.303968 
-0.533712 -0.398442 -0.444512 -0.473365 -0.346673 -0.339336 -0.352766 -0.363218 -0.364958 -0.385528 
-0.408371 -0.367690 -0.291952 -0.157622 -0.249136 -0.290621 -0.387451 -0.261586 -0.266798 -0.140634 
-0.174409 -0.101593 0.084537 -0.003106 -0.243704 -0.005752 -0.236900 -0.356790 -0.421289 -0.417424 
-0.385488 -0.405663 -0.310481 -0.341731 -0.105391 0.207359 0.428148 0.690329 0.250942 -0.295544 
-0.321235 -0.354732 -0.371176 -0.392703 -0.444071 -0.443505 -0.383654 -0.223985 -0.358084 -0.272794 
0.210098 -0.440838 -0.378077 -0.292916 -0.403915 -0.382490 -0.435173 -0.375220 -0.218645 -0.167175 
0.051606 0.115496 -0.209306 -0.127549 -0.155833 -0.126568 -0.194225 -0.290006 -0.283589 -0.140600 
-0.269492 -0.301029 -0.337692 -0.337677 -0.345889 -0.330869 -0.377394 -0.403789 -0.471800 -0.314168 
-0.423979 -0.464364 -0.414868 -0.368631 -0.371567 -0.331984 -0.327412 -0.352422 -0.362256 -0.336685 
-0.411204 -0.340255 -0.298399 -0.308199 -0.345216 -0.306758 -0.410050 -0.343456 -0.275361 -0.295956 
-0.206201 -0.284039 -0.203466 -0.236416 -0.302379 -0.196464 -0.244794 -0.354880 -0.397225 -0.444051 
-0.401782 -0.399775 -0.368344 -0.345238 -0.221883 0.016564 0.238943 0.328592 0.117414 -0.312138 
-0.323983 -0.330572 -0.360971 -0.379902 -0.452311 -0.441594 -0.367829 -0.153624 -0.260990 -0.259629 
0.201206 -0.340379 -0.388680 -0.263655 -0.363603 -0.403173 -0.416168 -0.343110 -0.206738 -0.246116 
0.045773 0.544804 0.634289 -0.302678 -0.381199 -0.341713 -0.227552 -0.143154 -0.189236 -0.048859 
-0.230370 -0.338737 -0.336904 -0.289579 -0.290864 -0.319305 -0.295863 -0.413333 -0.478893 -0.490831 
-0.529170 -0.191626 -0.503547 -0.286445 -0.316710 -0.339488 -0.307112 -0.298540 -0.336447 -0.347525 
-0.355768 -0.392437 -0.302229 -0.305699 -0.387238 -0.353540 -0.386435 -0.425315 -0.286941 -0.346006 
-0.295739 -0.267897 -0.316381 -0.290774 -0.342630 -0.343776 -0.296262 -0.323469 -0.417164 -0.435333 
-0.421338 -0.435492 -0.405271 -0.316187 -0.245203 -0.157058 0.739033 0.859480 -0.030766 -0.314609 
-0.339523 -0.258979 -0.338874 -0.387037 -0.451737 -0.445588 -0.328371 -0.218307 -0.239322 -0.158275 
0.488223 -0.344386 -0.438592 -0.384313 -0.382133 -0.375591 -0.429075 -0.332762 -0.260166 -0.274936 
-0.131748 0.161643 0.519851 0.181458 -0.205606 -0.269290 -0.200245 -0.179494 0.341375 0.486004 
-0.085995 -0.334481 -0.372819 -0.267749 -0.281713 -0.338705 -0.281253 -0.279966 -0.388579 -0.417061 
-0.427510 -0.507799 -0.395903 -0.320438 -0.295625 -0.295745 -0.276009 -0.312333 -0.181475 -0.264962 
-0.319759 -0.377155 -0.378313 -0.319640 -0.267020 -0.314681 -0.393449 -0.414923 -0.341190 -0.333969 
-0.337202 -0.281988 -0.360026 -0.301953 -0.288315 -0.283565 -0.348181 -0.341446 -0.352790 -0.366571 
-0.428522 -0.431377 -0.412084 -0.379667 -0.225562 -0.228934 0.064239 1.012363 0.297295 -0.257216 
-0.314843 -0.197206 -0.348518 -0.352406 -0.421248 -0.424173 -0.377471 -0.313257 -0.393903 -0.260615 
0.660968 -0.301730 -0.455943 -0.401441 -0.408702 -0.421517 -0.438805 -0.402173 -0.289414 -0.353228 
-0.272346 -0.272252 -0.229723 0.190711 0.108709 -0.156703 -0.174455 -0.165883 0.438869 1.730693 
0.286309 -0.321536 -0.346659 -0.275489 -0.290140 -0.253661 -0.249177 -0.273277 -0.192859 -0.397089 
-0.300965 -0.362352 -0.343184 -0.356803 -0.391993 -0.451057 0.533362 0.167207 -0.203384 -0.135736 
-0.157086 -0.336122 -0.395080 -0.381745 -0.203335 -0.256495 -0.403508 -0.375129 -0.310121 -0.192563 
-0.381089 -0.417399 -0.390100 -0.274940 -0.306268 -0.292371 -0.367075 -0.264256 -0.317508 -0.379873 
-0.422090 -0.423300 -0.347375 -0.294948 -0.159471 -0.158274 -0.199846 0.752304 0.228057 -0.254988 
-0.277773 -0.062118 -0.309365 -0.325551 -0.389241 -0.361376 -0.347107 -0.314799 -0.395826 -0.305022 
0.429813 -0.357281 -0.414916 -0.407888 -0.405224 -0.418366 -0.389719 -0.347427 -0.311682 -0.312234 
-0.333194 -0.338654 -0.239548 -0.218357 -0.279510 -0.287607 -0.271135 -0.299043 -0.224736 0.402975 
0.396580 -0.262566 -0.377102 -0.377107 -0.376379 -0.297103 -0.214496 -0.228929 -0.247316 -0.276512 
-0.272143 -0.303541 -0.271340 -0.282669 -0.365542 -0.458234 -0.325712 -0.102789 -0.183742 -0.292884 
-0.266501 -0.294830 -0.364915 -0.386590 -0.307109 -0.282933 -0.363558 -0.419030 -0.350577 -0.327375 
-0.352281 -0.366754 -0.357444 -0.274396 -0.302279 -0.304385 -0.309135 -0.259194 -0.402856 -0.445525 
-0.422068 -0.420207 -0.343506 -0.287422 -0.150027 -0.188529 -0.220797 0.201097 -0.180135 -0.383288 
-0.312918 -0.201882 -0.327399 -0.373536 -0.411529 -0.405913 -0.403312 -0.320250 -0.304413 -0.242973 
0.331689 -0.380446 -0.365245 -0.377295 -0.351287 -0.375379 -0.442103 -0.334047 -0.280125 -0.372180 
-0.406642 -0.370572 -0.284407 -0.351575 -0.237561 -0.238468 -0.239167 -0.272537 -0.300964 0.230118 
0.006808 -0.168339 -0.332576 -0.386787 -0.417309 -0.367048 -0.311787 -0.165733 -0.183492 -0.242456 
-0.242612 -0.266055 -0.298177 -0.328286 -0.289496 -0.262324 -0.432103 -0.350297 -0.231881 -0.332679 
-0.311067 -0.198235 -0.345437 -0.358808 -0.349450 -0.301844 -0.319842 -0.404713 -0.402056 -0.399350 
-0.320607 -0.342362 -0.294240 -0.350984 -0.340405 -0.272934 -0.222945 -0.303877 -0.359255 -0.405830 
-0.400574 -0.412703 -0.340811 -0.296032 -0.174786 -0.220152 -0.223813 0.007607 -0.320828 -0.415039 
-0.385137 -0.328956 -0.371325 -0.404637 -0.410814 -0.416060 -0.390952 -0.346036 -0.284793 -0.219003 
0.430940 -0.394545 -0.428503 -0.403835 -0.372723 -0.393092 -0.470676 -0.340254 -0.243710 -0.363806 
-0.392048 -0.348481 -0.256588 -0.277632 -0.185048 -0.183402 -0.262676 -0.257412 -0.242120 0.636618 
0.306319 -0.259577 -0.301085 -0.366278 -0.389095 -0.396208 -0.377876 -0.303084 -0.265208 -0.293168 
-0.351501 -0.327723 -0.355435 -0.365134 -0.383874 -0.383729 -0.371538 -0.286383 -0.308127 -0.344163 
-0.349636 -0.252780 -0.313763 -0.374749 -0.342477 -0.332622 -0.344207 -0.410980 -0.370883 -0.371985 
-0.395710 -0.408801 -0.314356 -0.299831 -0.228412 -0.197375 -0.200640 -0.249492 -0.371862 -0.411233 
-0.408975 -0.417648 -0.366599 -0.299558 -0.173543 -0.190216 -0.270082 -0.219563 -0.350958 -0.426620 
-0.391413 -0.367610 -0.361219 -0.390516 -0.418402 -0.410442 -0.391797 -0.387621 -0.257560 -0.245855 
0.433694 -0.410514 -0.458149 -0.399218 -0.392388 -0.416789 -0.411944 -0.461369 -0.412303 -0.425134 
-0.474855 -0.465421 -0.401505 -0.433109 -0.324325 -0.290868 -0.157035 -0.260474 -0.172502 0.675677 
0.295122 -0.221754 -0.332692 -0.336359 -0.363235 -0.401699 -0.385882 -0.345967 -0.336304 -0.286705 
-0.304206 -0.311729 -0.351293 -0.331819 -0.327084 -0.337103 -0.324713 -0.291193 -0.225055 -0.277735 
-0.381848 -0.381396 -0.330548 -0.404721 -0.339094 -0.337150 -0.384217 -0.388139 -0.386120 -0.372607 
-0.418023 -0.398857 -0.356865 -0.303808 -0.197017 -0.244082 -0.174039 -0.123166 -0.207981 -0.205433 
-0.377613 -0.373271 -0.417526 -0.387059 -0.328681 -0.353920 -0.336845 -0.320677 -0.338510 -0.411856 
-0.404545 -0.353568 -0.338832 -0.388159 -0.396180 -0.375396 -0.412570 -0.402553 -0.156323 -0.051839 
0.472102 -0.381207 -0.433532 -0.409318 -0.429121 -0.419942 -0.388667 -0.469737 -0.414126 -0.408304 
-0.467182 -0.458711 -0.424682 -0.444852 -0.385481 -0.355149 -0.243859 -0.265862 -0.152092 0.715695 
0.432336 -0.246487 -0.348230 -0.331955 -0.334492 -0.337200 -0.375909 -0.318988 -0.204161 -0.208535 
-0.209413 -0.264044 -0.281724 -0.265907 -0.385334 -0.323824 -0.212603 -0.313990 -0.191691 -0.285229 
-0.307268 -0.370707 -0.341180 -0.398845 -0.366353 -0.339480 -0.372450 -0.387199 -0.359790 -0.355579 
-0.400598 -0.406369 -0.368509 -0.333300 -0.328034 -0.328081 -0.290559 -0.245783 -0.239336 -0.265315 
-0.330263 -0.387858 -0.422321 -0.416992 -0.333617 -0.228558 -0.243480 -0.097379 -0.289927 -0.369044 
-0.313395 -0.235885 -0.360963 -0.387120 -0.357375 -0.277653 -0.356367 -0.408239 -0.331994 -0.003599 
0.554815 -0.331854 -0.365085 -0.357037 -0.399192 -0.436678 -0.403348 -0.447219 -0.409358 -0.328235 
-0.451425 -0.453605 -0.377176 -0.365538 -0.263213 -0.258053 -0.166320 -0.177416 -0.187320 0.609032 
0.567962 -0.261154 -0.282633 -0.247707 -0.321606 -0.289158 -0.390213 -0.365888 -0.102440 -0.148403 
-0.118731 -0.278810 -0.277632 -0.275622 -0.063019 0.152750 -0.169760 -0.377144 -0.205555 -0.280169 
-0.277268 -0.343276 -0.371826 -0.367356 -0.394371 -0.375242 -0.401303 -0.403570 -0.362687 -0.296657 
-0.401317 -0.421619 -0.428089 -0.425979 -0.362135 -0.353293 -0.267065 -0.305914 -0.314660 -0.276899 
-0.299934 -0.352922 -0.384770 -0.388682 -0.306197 -0.120195 -0.127217 -0.014474 -0.180077 -0.354108 
-0.251502 -0.218977 -0.401516 -0.393694 -0.324127 -0.155871 -0.287592 -0.334893 -0.304946 -0.174319 
0.599368 -0.346705 -0.318832 -0.327724 -0.286326 -0.400205 -0.392264 -0.378372 -0.396004 -0.370986 
-0.461175 -0.471140 -0.404336 -0.344474 -0.230549 -0.132752 0.038140 0.028606 -0.101037 -0.264649 
0.103861 0.032816 -0.156855 -0.205484 -0.167224 -0.229488 -0.233688 -0.354922 -0.097883 0.107445 
0.365958 0.233932 0.168654 -0.054129 0.132577 0.345217 0.267015 -0.132582 -0.201253 -0.133528 
-0.182222 -0.261329 -0.323867 -0.348576 -0.336764 -0.352575 -0.400000 -0.422713 -0.353525 -0.298417 
-0.361041 -0.398873 -0.419699 -0.402085 -0.359890 -0.365626 -0.264275 -0.189160 -0.307488 -0.256919 
-0.229008 -0.322745 -0.396637 -0.370874 -0.321548 -0.269630 0.039147 0.272932 -0.007011 -0.347966 
-0.255095 -0.059087 -0.096625 -0.236818 -0.266643 -0.191754 -0.314380 -0.317404 -0.287749 -0.174098 
0.510538 -0.417299 -0.368894 -0.319833 -0.291272 -0.294650 -0.425160 -0.420985 -0.430018 -0.427884 
-0.358485 -0.416994 -0.453936 -0.460135 -0.473425 -0.469510 -0.384444 -0.361946 -0.284991 -0.301282 
-0.285279 -0.199958 -0.074384 -0.245710 -0.154811 -0.190369 -0.171470 -0.324871 -0.180494 -0.084145 
0.047920 0.424099 0.305914 -0.033852 0.164319 0.550104 0.358724 0.065124 -0.267945 -0.208493 
-0.010185 -0.041607 -0.317386 -0.361113 -0.335469 -0.318916 -0.386933 -0.409096 -0.357994 -0.129658 
-0.238513 -0.295328 -0.353071 -0.365379 -0.379933 -0.361152 -0.305639 -0.129382 -0.200392 -0.212974 
-0.294998 -0.345866 -0.399319 -0.393962 -0.309340 -0.296985 -0.117635 0.393652 -0.074663 -0.340397 
-0.258677 -0.136919 -0.173110 -0.200263 -0.293855 -0.274192 -0.286692 -0.330468 -0.248289 0.003307 
0.326615 -0.361045 -0.401245 -0.343259 -0.223075 -0.255385 -0.391233 -0.432667 -0.349471 -0.342439 
-0.357909 -0.383810 -0.343536 -0.440286 -0.444548 -0.413510 -0.464055 -0.475276 -0.419617 -0.389588 
-0.289487 -0.276518 -0.269940 -0.331232 -0.268324 -0.221272 -0.319427 -0.285256 -0.221412 -0.259381 
-0.248263 -0.229262 -0.288493 -0.312415 -0.282996 -0.101894 -0.148034 -0.202191 -0.191250 -0.278163 
-0.193741 -0.171800 -0.292259 -0.361435 -0.359991 -0.319202 -0.397407 -0.370681 -0.344857 -0.217482 
-0.300878 -0.367565 -0.326984 -0.347523 -0.381289 -0.310071 -0.319801 -0.250876 -0.283905 -0.286469 
-0.366811 -0.383697 -0.405621 -0.378408 -0.289640 -0.269282 -0.243347 0.016172 -0.227640 -0.358698 
-0.200623 -0.093033 -0.273052 -0.325797 -0.373854 -0.328956 -0.300060 -0.296841 -0.293899 -0.005907 
0.438760 -0.094519 -0.317345 -0.375760 -0.284499 -0.254363 -0.390788 -0.449992 -0.350759 -0.283540 
-0.486231 -0.381538 -0.080568 0.274090 0.179063 0.598870 -0.097718 -0.411455 -0.413537 -0.428923 
-0.309960 -0.327245 -0.337410 -0.376966 -0.303713 -0.060275 -0.243490 -0.336103 -0.275796 -0.334507 
-0.338225 -0.318474 -0.333115 -0.330700 -0.252370 -0.161419 -0.284134 -0.258435 -0.226277 -0.313216 
-0.292539 -0.242051 -0.289433 -0.287557 -0.318115 -0.329127 -0.397680 -0.371891 -0.359175 -0.307676 
-0.292433 -0.347194 -0.210875 -0.186493 -0.315910 -0.372261 -0.362001 -0.352442 -0.383588 -0.352869 
-0.411689 -0.414346 -0.379036 -0.354018 -0.214241 -0.227849 -0.221982 0.092896 -0.063267 -0.360517 
-0.307349 -0.142793 -0.155161 -0.345823 -0.382005 -0.359883 -0.329396 -0.281629 -0.289749 -0.244172 
0.260976 2.087960 0.301153 -0.260894 -0.357576 -0.261263 -0.285525 -0.289271 -0.374283 -0.230309 
0.569053 -0.138960 -0.276414 0.736967 0.475963 0.261549 0.814225 -0.247696 -0.376960 -0.381528 
-0.344301 -0.357452 -0.300470 -0.243490 -0.295489 -0.270001 -0.306496 -0.352564 -0.264604 -0.305977 
-0.357802 -0.350441 -0.317294 -0.290725 -0.241602 0.425523 0.112765 -0.044370 -0.167620 -0.127397 
-0.142704 -0.086228 -0.101687 -0.246656 -0.262604 -0.286329 -0.356689 -0.381016 -0.349716 -0.355021 
-0.332509 -0.358202 -0.131305 -0.029065 -0.144942 -0.368532 -0.373211 -0.366346 -0.390051 -0.378234 
-0.389316 -0.398203 -0.278954 -0.245205 -0.194551 -0.055599 -0.126963 -0.046272 -0.211135 -0.405768 
-0.317776 -0.192033 -0.192288 -0.283775 -0.373957 -0.336759 -0.401967 -0.366419 -0.237962 -0.086584 
-0.373538 -0.020584 3.249897 0.737097 -0.368028 -0.357726 -0.376403 -0.474977 0.196667 0.289476 
1.075521 -0.077321 -0.433680 -0.306345 -0.196837 -0.108330 1.319508 1.084082 0.223434 -0.355984 
-0.436818 -0.442430 -0.424198 -0.367444 -0.367404 -0.381795 -0.354398 -0.384193 -0.438755 -0.422300 
-0.404361 -0.358048 -0.325532 -0.293642 -0.234709 -0.146832 0.098400 0.251159 -0.007485 -0.028172 
-0.126788 -0.077704 0.020998 0.372788 -0.064391 -0.244996 -0.291672 -0.380678 -0.381233 -0.377171 
-0.331016 -0.351144 -0.207407 0.105103 0.182411 -0.218530 -0.413196 -0.416016 -0.415672 -0.413808 
-0.400015 -0.394158 -0.341925 -0.282798 -0.143342 -0.015209 0.131316 0.130235 -0.139711 -0.343705 
-0.284524 -0.284802 -0.288978 -0.187632 -0.208598 -0.335886 -0.395200 -0.396032 -0.359728 0.434177 
0.828490 -0.212888 0.996792 0.905946 -0.433617 -0.434471 -0.419504 -0.145367 0.408946 0.305381 
-0.377634 -0.018745 0.072917 -0.348823 -0.140458 -0.325435 0.298378 0.322498 -0.291898 -0.327975 
-0.400289 -0.361310 -0.456510 -0.432953 -0.371686 -0.235289 -0.275709 -0.277982 -0.381825 -0.412789 
-0.420038 -0.365457 -0.318437 -0.318342 -0.184280 -0.284024 -0.235032 -0.215069 -0.064465 -0.136561 
-0.223204 -0.163905 -0.241346 0.023303 -0.001020 -0.244879 -0.279439 -0.370652 -0.345914 -0.335615 
-0.317106 -0.333301 -0.247701 0.067608 0.122941 -0.047837 -0.293684 -0.396130 -0.395721 -0.391896 
-0.386445 -0.370439 -0.325333 -0.240901 -0.138035 -0.085582 0.088579 0.552221 0.367231 -0.233182 
-0.311439 -0.324133 -0.269478 -0.290060 0.225222 -0.016411 -0.395875 -0.374829 -0.357370 -0.115401 
0.640280 -0.039921 -0.179868 0.332767 -0.372802 -0.347345 -0.417791 0.152051 -0.224544 -0.190700 
0.065069 0.255266 -0.253933 -0.267372 -0.357588 -0.287842 -0.288116 -0.215357 0.016434 -0.277484 
-0.380370 -0.412110 -0.395696 -0.414616 -0.325366 -0.328063 -0.317849 -0.298516 -0.372351 -0.404392 
-0.415185 -0.322800 -0.250523 -0.266153 -0.272289 -0.291437 -0.257773 -0.188716 -0.210467 0.067777 
-0.088117 -0.166119 -0.168359 -0.011941 0.022971 -0.220001 -0.297757 -0.337173 -0.298739 -0.286320 
-0.284289 -0.299761 -0.134846 0.050542 0.146496 0.166221 -0.197736 -0.310984 -0.377790 -0.370921 
-0.353821 -0.344261 -0.235141 -0.269356 -0.070846 -0.156456 -0.028194 0.555208 0.069001 -0.257272 
-0.344136 -0.359683 -0.300768 -0.300460 -0.241831 0.019945 -0.157893 -0.399107 -0.359904 -0.338586 
-0.080871 -0.166031 -0.266498 0.227581 -0.054820 -0.394568 -0.179570 0.841085 -0.328550 -0.311695 
0.742697 -0.011855 -0.445589 -0.092473 -0.411580 -0.195924 -0.440515 0.372413 -0.289873 -0.358509 
-0.271382 -0.410454 -0.408347 -0.464920 -0.358320 -0.341815 -0.418115 -0.365586 -0.391153 -0.409800 
-0.426459 -0.294569 -0.179047 -0.255895 -0.238707 -0.233201 -0.160602 -0.114277 -0.047781 -0.104975 
-0.272530 -0.215307 -0.249012 -0.269315 -0.046186 -0.189822 -0.338388 -0.347106 -0.332281 -0.332980 
-0.305096 -0.271067 -0.164501 -0.113742 0.198493 0.285079 -0.055900 -0.286132 -0.370100 -0.383968 
-0.347396 -0.351408 -0.266595 -0.187543 -0.054288 -0.120576 -0.161362 -0.120142 -0.324344 -0.318717 
-0.313678 -0.237809 -0.364857 -0.364994 -0.316302 -0.280940 -0.201026 -0.267884 -0.402048 -0.352029 
-0.412547 0.157054 -0.064490 1.068822 -0.259569 0.699702 -0.267720 -0.020906 0.334187 -0.299834 
-0.062619 0.502183 0.210249 -0.296082 -0.515598 -0.305707 -0.301566 -0.262596 0.253824 0.114038 
-0.283571 -0.262949 -0.363961 -0.415650 -0.464324 -0.450917 -0.452063 -0.446744 -0.372372 -0.390622 
-0.439505 -0.380613 -0.354935 -0.393400 -0.436657 -0.418419 -0.424397 -0.420779 -0.304233 -0.314318 
-0.368782 -0.385584 -0.326898 -0.304930 -0.235255 -0.183278 -0.313331 -0.304172 -0.356217 -0.380499 
-0.375654 -0.333757 -0.175770 -0.198031 0.046593 0.312219 -0.081122 -0.344413 -0.362635 -0.333394 
-0.322652 -0.330790 -0.304845 -0.287976 -0.232790 -0.248121 -0.311283 -0.157082 -0.229750 -0.365531 
-0.341311 -0.260645 -0.296697 -0.378406 -0.381940 -0.386921 -0.397742 -0.303308 0.666646 0.071192 
-0.120547 0.060330 -0.369264 -0.263892 0.059364 -0.107225 0.247095 -0.103701 -0.032878 -0.307206 
-0.444630 -0.173526 -0.158670 0.506202 -0.049671 -0.493316 -0.047986 -0.285699 -0.235559 -0.147782 
1.688797 0.477631 -0.195757 -0.380102 -0.397674 -0.436386 -0.450867 -0.454500 -0.371442 -0.250876 
-0.214779 -0.426178 -0.357558 -0.312980 -0.170795 -0.236442 -0.371656 -0.440087 -0.430415 -0.435205 
-0.364766 -0.362500 -0.306895 -0.306895 -0.241367 -0.178850 -0.318431 -0.331684 -0.322046 -0.280732 
-0.281188 -0.352969 -0.215739 0.096688 0.128982 0.310665 0.022196 -0.309046 -0.355083 -0.355297 
-0.354994 -0.320413 -0.236209 -0.256234 -0.258282 -0.172587 -0.120640 0.169640 -0.039278 -0.366496 
-0.391081 -0.387414 -0.278352 -0.383361 -0.413275 -0.377763 -0.048573 -0.230039 -0.283046 -0.185021 
-0.057148 -0.245630 -0.320172 -0.093150 -0.138836 0.110739 -0.258029 -0.407052 -0.165286 -0.178046 
-0.432202 0.442960 -0.224859 -0.086337 -0.019987 -0.274001 -0.519646 0.087403 0.011700 -0.444319 
0.040710 -0.215154 -0.208110 -0.025920 -0.201142 -0.297216 -0.451390 -0.465023 -0.325093 -0.272319 
-0.293524 -0.215572 -0.259656 -0.269086 -0.255947 -0.269789 -0.261825 -0.303746 -0.305684 -0.306966 
-0.121088 -0.154837 -0.144088 -0.160417 0.067009 -0.028285 -0.203140 -0.250742 -0.203477 -0.128287 
-0.158230 -0.257084 -0.121435 -0.037601 0.019835 0.185596 0.061307 -0.023262 -0.130951 -0.189836 
-0.276803 -0.284727 -0.243405 -0.250788 -0.063566 0.038360 0.177465 0.241829 -0.056503 -0.298051 
-0.352571 -0.359427 -0.369203 -0.346674 -0.388681 -0.367377 0.317725 -0.144967 0.011404 0.414962 
-0.322582 0.047038 -0.309150 -0.365258 -0.343429 -0.179804 -0.130779 -0.209173 -0.290956 -0.266682 
-0.334825 -0.063440 -0.020601 -0.433449 -0.293153 0.133758 -0.490381 -0.442461 0.085418 -0.325356 
-0.047452 -0.272862 -0.369354 -0.234299 -0.228031 -0.286382 -0.452462 -0.462623 -0.342737 -0.304264 
-0.284205 -0.304432 -0.263797 -0.281875 -0.327704 -0.324545 -0.313184 -0.311788 -0.274116 -0.232563 
-0.184748 -0.218690 -0.168405 -0.185694 -0.141547 -0.222429 -0.259313 -0.239126 -0.196828 -0.165248 
-0.168546 -0.175422 -0.073604 -0.062845 -0.093859 -0.105028 -0.219580 -0.155100 -0.259368 -0.303079 
-0.294367 -0.269562 -0.193724 -0.143283 -0.103288 -0.225776 -0.234819 -0.153535 -0.208952 -0.218284 
-0.286225 -0.309793 -0.373419 -0.300754 -0.435473 -0.494338 0.222904 -0.392032 -0.394945 0.521054 
0.151098 -0.081843 -0.452666 -0.408794 -0.429503 -0.236792 -0.239519 -0.277464 -0.362239 0.072225 
-0.445370 -0.436184 -0.094839 -0.541055 -0.292890 0.332875 0.127381 -0.483094 -0.262853 -0.436732 
-0.095058 0.064809 -0.361428 -0.423080 -0.166094 -0.083130 -0.402221 -0.351061 -0.246508 -0.173059 
-0.244592 -0.257194 -0.417545 -0.389800 -0.359858 -0.328884 -0.289476 -0.290962 -0.241754 -0.234419 
-0.328047 -0.328900 -0.262593 -0.135206 -0.343743 -0.349139 -0.330330 -0.299413 -0.380855 -0.336313 
-0.313788 -0.255145 -0.243149 -0.301733 -0.311193 -0.294363 -0.336034 -0.336236 -0.330793 -0.349202 
-0.361142 -0.354504 -0.408492 -0.398678 -0.298410 -0.346213 -0.379038 -0.354389 -0.228802 -0.357675 
-0.356176 -0.451223 -0.432424 -0.404499 -0.304958 -0.062678 -0.063609 0.992579 -0.305844 -0.186455 
0.070709 -0.385652 -0.353667 -0.346350 -0.341487 -0.171846 -0.257444 -0.318076 0.012422 -0.369005 
0.350222 -0.285859 -0.351030 -0.012345 -0.177489 -0.212345 0.101922 0.216772 -0.268957 -0.163283 
-0.236363 -0.193242 -0.255884 -0.440487 -0.216120 -0.275773 -0.354095 -0.328173 -0.294367 -0.121508 
0.227366 0.018262 -0.306276 -0.269297 -0.313518 -0.336488 -0.344224 -0.310477 -0.307439 -0.431449 
-0.408134 -0.402384 -0.385370 -0.379057 -0.370904 -0.369176 -0.316761 -0.260180 -0.289333 -0.290127 
-0.322587 -0.355342 -0.353242 -0.304600 -0.311906 -0.306678 -0.348106 -0.378441 -0.367230 -0.300928 
-0.406695 -0.354904 -0.371765 -0.364056 -0.416893 -0.360144 -0.297182 0.010832 -0.121103 -0.446848 
-0.449782 -0.454846 -0.425092 -0.510587 -0.299025 -0.320189 0.401718 -0.009293 0.193871 -0.234091 
0.234472 0.375487 -0.075249 -0.367397 -0.384744 -0.421508 -0.271388 -0.033264 0.290418 -0.263316 
-0.281564 0.340030 0.450121 0.305256 -0.348194 -0.370528 -0.026448 0.061748 -0.282169 -0.468623 
-0.280297 0.049223 -0.190800 -0.313918 -0.355321 -0.348677 -0.382972 -0.417238 -0.270075 -0.193712 
-0.070738 0.514511 -0.019523 -0.341920 -0.271874 -0.289938 -0.177786 -0.280387 -0.292277 -0.336510 
-0.353876 -0.329350 -0.284203 -0.326415 -0.370355 -0.389280 -0.341874 -0.349953 -0.175191 -0.264735 
-0.278735 -0.236579 -0.241554 -0.152805 -0.235374 -0.255869 -0.292623 -0.332444 -0.348290 -0.265271 
-0.386298 -0.378349 -0.370443 -0.404885 -0.463504 -0.471566 -0.218320 -0.209780 -0.333277 0.408888 
-0.223101 -0.283535 -0.221745 -0.467715 -0.328467 -0.363374 -0.146712 0.797414 -0.006841 -0.288585 
-0.313429 -0.018165 -0.053310 -0.333046 -0.416502 -0.414512 -0.258220 -0.319720 -0.385762 0.359063 
0.674947 -0.201944 0.114316 -0.161901 -0.319762 -0.430160 0.210208 -0.098826 -0.420868 -0.432656 
-0.355808 0.625287 -0.144709 -0.383699 -0.353383 -0.405111 -0.380454 -0.377464 -0.194999 -0.154054 
-0.182294 -0.127221 -0.242349 -0.337021 -0.257982 -0.228457 -0.201166 -0.057535 -0.097101 -0.252582 
-0.197719 -0.221782 -0.267175 -0.245331 -0.263855 -0.302169 -0.354072 -0.321936 -0.259855 -0.243684 
-0.314413 -0.241483 -0.243187 -0.304821 -0.233686 -0.264704 -0.321052 -0.363261 -0.280649 -0.345667 
-0.423065 -0.330702 -0.498794 -0.440215 0.084810 -0.151209 -0.382594 0.053342 -0.091549 -0.280363 
-0.210426 -0.357148 -0.420592 1.850897 0.305384 -0.218866 0.362931 1.276286 0.788333 -0.295312 
-0.343992 -0.310009 0.554949 0.004329 -0.228487 -0.442234 -0.483301 -0.426861 -0.334322 -0.298599 
0.025913 0.012898 -0.280352 -0.093749 -0.374651 -0.435859 -0.255195 -0.403186 -0.206066 0.198296 
-0.356159 0.508219 -0.395191 -0.440227 -0.436744 -0.416993 -0.285201 -0.367176 -0.433442 -0.418087 
-0.434547 -0.415067 -0.412352 -0.416784 -0.416221 -0.173033 0.162936 -0.026777 -0.342076 -0.460338 
-0.291915 -0.239858 -0.353871 -0.327323 -0.355604 -0.350250 -0.377512 -0.408332 -0.352235 -0.354999 
-0.396717 -0.423909 -0.412417 -0.402270 -0.361318 -0.283841 -0.354056 -0.424580 -0.449531 -0.460407 
-0.496099 -0.366098 -0.498466 -0.416935 1.581545 1.268418 0.198068 -0.132192 0.270512 0.291647 
0.491974 -0.120388 -0.000427 0.006979 0.638783 0.267802 0.113463 -0.385887 3.452178 0.751155 
-0.000360 -0.374787 -0.260003 -0.265208 -0.279825 -0.329824 -0.366083 -0.207671 -0.406295 -0.289739 
-0.325229 0.234551 0.118427 -0.469862 0.268772 -0.432845 -0.360189 -0.486663 0.724156 0.223081 
-0.460103 -0.158055 -0.256531 -0.346702 -0.384839 -0.387073 -0.269204 -0.083939 -0.331602 -0.339832 
-0.313984 -0.157050 -0.367782 -0.394430 -0.091108 -0.303843 -0.283308 0.555045 0.621445 -0.228144 
-0.404294 -0.331919 -0.315360 -0.355212 -0.439927 -0.416275 -0.419717 -0.102767 0.497017 -0.168660 
-0.310568 -0.380296 -0.386455 -0.348986 -0.401249 -0.413939 -0.432425 -0.408226 -0.442753 -0.458349 
-0.446311 -0.391380 -0.467709 -0.213238 0.013950 0.038250 0.087274 -0.486589 -0.083452 -0.294501 
0.004974 1.769461 0.317697 -0.450880 -0.334298 0.228219 -0.337907 -0.191682 -0.164187 0.473287 
0.386111 -0.075691 -0.328304 -0.325785 -0.045452 -0.398345 -0.414093 -0.376730 -0.375329 -0.407212 
-0.252500 -0.316202 -0.417036 -0.372195 0.025912 0.173930 -0.499699 -0.527995 -0.381049 -0.064004 
-0.179019 0.030002 -0.009832 -0.357735 -0.352727 -0.364489 -0.328581 -0.196975 -0.224730 -0.297006 
-0.287857 -0.141422 -0.409861 -0.379373 -0.417400 0.543492 1.129902 0.197044 -0.209150 -0.224905 
-0.363117 -0.353465 -0.385065 -0.422147 -0.302173 -0.096763 -0.489126 -0.461232 -0.288921 0.473756 
0.169147 -0.256086 -0.334492 -0.437208 -0.461465 -0.468707 -0.466188 -0.392607 0.469720 -0.163149 
-0.458333 -0.389901 0.401911 0.273512 -0.397517 -0.344134 -0.190519 -0.034976 -0.146257 -0.526383 
-0.406364 1.157173 -0.213816 -0.300682 -0.406220 -0.370840 -0.336526 -0.435862 -0.368123 -0.155989 
-0.139628 0.575270 0.247104 -0.406646 -0.457849 0.860636 0.081222 -0.262246 -0.313610 -0.397556 
-0.379530 -0.215501 0.131665 -0.325358 -0.438612 -0.456203 0.110678 -0.344567 -0.138477 0.477851 
-0.462499 0.947756 0.134724 -0.328605 -0.355767 -0.371795 -0.354942 -0.353700 -0.296063 -0.163979 
-0.252728 -0.266958 -0.361153 -0.368422 -0.408503 -0.337694 0.558694 2.043346 -0.073162 -0.265884 
-0.369590 -0.327472 -0.315569 -0.391882 -0.413313 -0.075397 0.046991 -0.175306 -0.426292 -0.434433 
-0.030997 0.079149 -0.201150 -0.443511 -0.446123 -0.442604 -0.310648 -0.224186 -0.288226 -0.066094 
-0.142227 -0.479074 -0.127498 -0.195115 0.472871 -0.190141 -0.244564 -0.166697 0.110329 -0.344920 
-0.286861 -0.317134 -0.276984 0.054667 -0.041401 -0.381066 -0.246690 -0.250202 -0.367162 -0.319082 
-0.206083 0.029837 -0.069948 -0.356984 -0.398100 -0.089659 -0.244310 -0.298232 -0.355124 -0.395127 
-0.390294 -0.140152 -0.145714 0.470252 -0.456259 -0.491502 -0.326445 -0.417875 -0.360422 0.705869 
0.364464 0.304815 -0.329199 -0.292641 -0.278193 -0.366120 -0.306533 -0.308385 -0.211674 -0.259876 
-0.348249 -0.337538 -0.246780 -0.479637 -0.392089 -0.219329 0.159538 -0.074282 0.612330 -0.420024 
-0.402966 0.161880 -0.326019 -0.319637 -0.435567 -0.183728 -0.348577 0.954767 -0.063510 -0.079680 
0.402632 -0.215198 -0.338261 -0.425870 -0.419588 -0.448509 -0.539367 -0.218127 -0.090624 0.515785 
-0.426118 -0.549585 -0.210377 -0.137795 0.043858 -0.092602 -0.449725 -0.320965 0.037304 -0.468363 
-0.334926 -0.190100 -0.083453 -0.073372 -0.266567 -0.392848 -0.328401 -0.391082 -0.433977 -0.305099 
-0.257817 -0.349036 -0.193838 -0.159791 -0.311385 -0.419352 -0.365481 -0.365382 -0.268077 -0.363314 
-0.399575 -0.260914 -0.329518 0.019706 -0.247607 -0.407914 -0.378711 -0.447484 -0.364310 0.125876 
0.040526 -0.300901 -0.189722 -0.352194 -0.351397 -0.378184 -0.294000 -0.302802 -0.397512 -0.428971 
-0.451559 -0.400125 -0.314111 -0.474985 0.050611 0.213753 -0.384640 -0.455024 0.701696 -0.130750 
-0.434865 0.170020 0.079824 -0.483266 -0.449263 0.336694 0.013696 -0.305165 0.355668 -0.230324 
-0.388782 -0.084743 -0.292261 -0.185161 -0.442940 -0.231129 -0.205902 -0.247681 -0.329764 1.040817 
0.021420 0.736826 -0.457173 -0.249694 -0.428143 -0.229319 -0.125845 -0.359353 -0.373019 0.579159 
0.204691 -0.439161 0.200646 -0.320977 -0.363485 -0.300421 -0.286125 -0.279383 -0.404166 -0.081661 
-0.094916 -0.373396 -0.358700 -0.203709 -0.424569 -0.432094 -0.383659 -0.385107 -0.291411 -0.277938 
-0.213909 -0.369905 -0.392654 -0.471388 -0.362258 -0.109778 -0.333534 0.003889 -0.532608 -0.335124 
0.179813 0.074291 -0.018665 -0.286905 -0.389502 -0.469747 -0.537114 -0.010190 -0.239893 -0.385725 
-0.411652 -0.377466 -0.321884 0.724211 -0.211344 0.062800 -0.387660 -0.243626 -0.222845 -0.316294 
-0.208723 0.052831 -0.535125 -0.259580 -0.142880 -0.248874 0.021263 -0.469574 0.029366 -0.516445 
-0.470338 2.437410 -0.049677 -0.160343 -0.422751 -0.493087 0.072548 0.306903 -0.350025 0.000900 
-0.176502 0.139549 0.501755 -0.269262 -0.493623 -0.287233 -0.288290 -0.341863 -0.401814 -0.307333 
-0.107658 -0.329280 -0.262644 -0.365965 -0.320719 -0.292591 -0.206442 -0.297956 -0.322984 -0.312564 
-0.142232 -0.123517 -0.091491 -0.321695 -0.411212 -0.287762 -0.308789 -0.080561 -0.177929 -0.323535 
0.178478 0.014451 -0.103319 -0.404097 -0.418778 -0.055424 -0.534681 0.655961 -0.356890 -0.321552 
-0.494301 0.037460 2.017670 0.210332 -0.294908 0.192042 0.146291 0.214522 -0.381921 -0.005117 
0.368073 -0.266015 -0.286794 -0.420348 0.139254 0.363188 0.772916 -0.261823 -0.450136 0.016004 
-0.279943 0.230964 -0.210778 -0.002916 -0.005028 0.307881 -0.328870 -0.107077 -0.449090 -0.256435 
-0.447676 0.224749 -0.145540 -0.377656 -0.166526 -0.528834 0.059533 0.421475 0.307693 -0.081168 
-0.126417 -0.200652 -0.111478 0.522941 -0.172224 -0.373655 -0.268392 -0.345231 -0.371894 -0.349532 
-0.258790 -0.135383 -0.403681 0.600140 0.053874 -0.097133 -0.124183 -0.286918 -0.381859 -0.348702 
0.340262 -0.389918 -0.205644 -0.084162 -0.476799 -0.352932 -0.300769 -0.167541 -0.258510 -0.344602 
-0.164662 -0.033767 0.034786 -0.087657 -0.404730 -0.342464 -0.080424 -0.116474 -0.373803 -0.489397 
0.073074 -0.133958 -0.017501 -0.028637 -0.417700 -0.119155 0.657244 0.194250 -0.179318 -0.153719 
0.886765 0.443063 1.291329 -0.305589 0.242179 -0.087162 0.242748 -0.225825 0.082843 0.116657 
0.027526 -0.233514 -0.196409 0.313561 -0.367554 -0.475272 -0.546224 1.585273 -0.015619 0.091501 
-0.004693 -0.275549 -0.507807 1.160279 0.457458 -0.080649 0.130452 -0.046797 -0.267992 -0.162992 
0.030385 -0.384567 -0.184061 0.066237 -0.011929 0.615543 -0.258310 -0.104828 -0.453852 -0.270949 
-0.403703 -0.452070 -0.363959 -0.115228 -0.149921 -0.240875 -0.282061 -0.012003 -0.306243 -0.197598 
-0.110122 -0.354163 -0.442270 -0.359347 1.593907 0.029345 -0.286501 -0.345250 -0.351929 -0.236447 
-0.393384 -0.374734 -0.197962 -0.130471 0.162086 -0.270640 -0.285317 -0.264417 -0.373505 -0.503642 
-0.294914 -0.428363 -0.008832 0.188325 0.536894 -0.330745 -0.377776 -0.370117 -0.317650 0.121354 
0.051143 -0.042086 -0.232704 0.082595 0.471818 0.588274 0.300655 -0.294183 -0.351920 -0.071955 
0.492567 0.362268 -0.199550 0.199793 -0.443229 -0.485905 -0.395865 -0.021528 -0.264318 -0.388914 
-0.208520 -0.214359 -0.314991 -0.314565 -0.395724 0.344223 -0.097732 0.077570 -0.166527 -0.409338 
-0.426219 -0.398571 -0.173685 0.084066 1.189936 -0.159709 -0.189172 -0.307394 -0.352940 -0.421304 
0.093622 0.373374 -0.128602 -0.331045 -0.352837 -0.258788 -0.305982 -0.295565 -0.259349 -0.201029 
0.014229 -0.242472 -0.295459 -0.277906 0.265857 -0.282177 -0.278110 -0.285375 -0.370278 -0.381621 
-0.382658 -0.384259 -0.364374 -0.279044 -0.230891 -0.129270 -0.160755 -0.428639 -0.306280 -0.385953 
-0.377265 -0.466996 -0.367220 -0.363312 0.438274 0.067932 -0.371681 -0.410823 -0.399477 0.011372 
0.148764 0.402517 -0.418486 -0.027180 0.039811 0.029127 -0.057230 0.706723 0.070716 -0.083390 
-0.076494 -0.099330 0.178074 -0.227738 0.699816 -0.416884 -0.216052 -0.369610 -0.260040 0.001306 
-0.444463 -0.444836 1.369469 -0.209686 -0.205874 -0.299530 -0.460712 -0.114518 -0.434005 -0.233928 
-0.409219 -0.380657 -0.430860 -0.136654 0.130818 -0.171841 -0.196120 -0.131264 -0.153929 -0.327146 
-0.417740 -0.257164 1.209930 0.178369 -0.321292 -0.380165 -0.387821 -0.355383 -0.267642 -0.314117 
-0.111448 1.078727 0.343805 -0.151638 -0.344590 -0.056390 -0.196687 -0.240575 -0.042844 -0.388828 
-0.343009 -0.360081 -0.281956 -0.222731 -0.356882 -0.268159 -0.171845 -0.155884 -0.249147 -0.343364 
-0.189328 -0.221115 -0.422601 -0.460427 -0.231129 -0.297100 -0.156909 -0.435000 -0.310233 -0.381613 
-0.239638 -0.133109 0.035780 0.074665 -0.333504 -0.249269 -0.271139 -0.271695 -0.062608 -0.033276 
-0.042190 -0.304522 -0.173115 -0.040625 -0.269426 0.491872 -0.494539 -0.276678 -0.216919 -0.034639 
0.311795 -0.295593 0.512298 1.309734 -0.126422 -0.095960 -0.322051 -0.217603 -0.369321 -0.402672 
-0.228016 -0.381551 -0.263379 -0.314193 -0.476096 -0.333268 -0.194276 -0.292178 -0.011792 -0.122230 
-0.405800 -0.342974 -0.325849 -0.128826 -0.175963 -0.445260 -0.280701 -0.273849 -0.321192 -0.232889 
-0.165349 0.100169 0.298180 0.358199 -0.172342 -0.146791 -0.142473 -0.146965 -0.167282 -0.130341 
-0.153794 -0.250079 -0.199498 -0.401349 -0.305161 -0.145150 -0.104485 -0.177071 -0.276605 -0.330260 
-0.351613 -0.066165 -0.005670 -0.093102 -0.466403 -0.256173 -0.342526 -0.248787 -0.400462 -0.398544 
-0.406678 -0.457673 -0.074914 -0.332533 -0.408133 -0.392781 -0.437367 -0.480107 -0.439059 -0.228982 
0.176707 -0.071421 0.340142 1.113822 -0.277913 -0.263931 -0.421026 -0.379301 -0.270506 -0.228733 
0.156266 -0.519895 -0.306025 0.417862 1.893261 -0.102733 -0.280757 -0.188184 -0.268106 -0.184108 
-0.355748 -0.368079 -0.412525 -0.180687 -0.294907 -0.409975 -0.302171 -0.193508 -0.092562 -0.070470 
-0.270934 -0.196140 0.021542 -0.229479 -0.303148 -0.346915 -0.295419 -0.375055 -0.291197 -0.070804 
0.786123 -0.258787 -0.289234 -0.144039 -0.213994 -0.393016 -0.330695 -0.122520 -0.391201 -0.269587 
0.349630 0.157087 -0.085664 -0.316663 -0.306837 -0.293539 -0.163118 -0.210375 -0.240823 -0.379111 
-0.355497 -0.070133 -0.186234 0.802675 0.128951 -0.351376 -0.339395 -0.350797 -0.324039 -0.422391 
-0.162217 -0.219830 -0.353031 0.309587 -0.222225 -0.361427 -0.329414 -0.410778 -0.469111 -0.440058 
-0.006345 -0.079162 -0.345788 -0.045555 -0.040755 -0.271037 -0.412555 -0.474749 -0.225155 -0.152068 
0.512846 -0.397391 -0.150930 -0.232404 0.625527 -0.281611 -0.368931 -0.241859 -0.337000 0.242539 
-0.106865 -0.235987 -0.318693 -0.297425 -0.320901 -0.160784 -0.385681 -0.400258 -0.473727 0.263582 
-0.139494 0.087464 -0.136229 -0.118221 -0.280581 -0.298725 -0.435616 -0.401597 -0.372949 -0.298755 
-0.235934 0.202200 -0.365101 -0.098923 -0.253757 -0.481301 -0.390856 -0.368782 -0.377592 -0.210303 
-0.192035 -0.290924 -0.160751 -0.270076 -0.378748 -0.298190 -0.237591 -0.219833 -0.286514 -0.347702 
-0.319526 -0.023366 -0.168733 1.332894 0.252001 -0.281689 -0.204249 -0.294751 -0.258227 -0.409973 
-0.226844 -0.183269 -0.342003 -0.081068 -0.413443 0.310343 -0.331594 -0.404735 -0.407329 -0.439734 
-0.325427 -0.298672 -0.405713 -0.251219 -0.341248 0.407579 -0.368919 -0.429246 -0.390287 -0.348912 
-0.251310 -0.403696 -0.403739 -0.398083 -0.155677 -0.057415 0.108842 0.166312 -0.421394 -0.024108 
-0.205667 -0.290861 -0.038204 -0.449201 -0.384975 -0.440003 0.094360 0.209528 -0.298136 -0.044489 
-0.409021 -0.274300 0.087822 -0.271152 -0.329597 -0.418330 -0.391207 -0.417850 -0.483365 -0.215354 
-0.100950 -0.081406 -0.344522 -0.314115 -0.448573 -0.187375 2.899466 0.132141 -0.434434 -0.366858 
-0.293909 -0.236867 -0.052924 -0.247014 -0.421755 -0.363487 -0.166598 -0.306695 -0.383282 -0.377755 
-0.160536 -0.164953 -0.274182 -0.007510 0.029184 -0.374465 -0.114577 -0.152143 -0.338899 -0.360530 
-0.369139 -0.277858 -0.343391 -0.325036 -0.316341 -0.122686 0.216680 -0.351850 -0.319511 -0.376054 
-0.414587 -0.378553 -0.331099 -0.399977 -0.282543 -0.272272 1.274098 1.361192 0.575563 -0.280366 
-0.474339 -0.396682 -0.356287 -0.394058 -0.361581 -0.347815 -0.401177 0.147913 -0.184752 -0.100481 
-0.279787 -0.297439 0.363307 -0.326490 -0.333309 -0.456390 -0.415761 -0.387627 -0.137103 0.269875 
-0.203220 -0.395453 -0.010525 -0.260384 -0.392250 -0.407117 -0.418380 -0.325553 -0.238297 -0.044266 
0.153049 -0.090960 -0.346630 -0.422098 -0.444618 -0.266168 0.447645 2.215161 -0.020938 -0.428940 
-0.230785 -0.263882 -0.321562 -0.110293 -0.352152 -0.332805 -0.180618 -0.239856 -0.320462 -0.458270 
-0.449084 0.119891 0.576312 -0.240091 -0.215016 -0.295979 -0.288712 -0.332296 -0.278015 -0.367766 
-0.417880 -0.241767 -0.170757 -0.419891 -0.268021 -0.417688 0.062404 -0.117243 -0.368695 -0.352013 
-0.365903 -0.315281 -0.260577 -0.382877 -0.408631 -0.417144 -0.370777 0.556003 1.194936 -0.052263 
-0.469204 -0.495319 -0.323988 -0.375216 0.914438 0.456492 0.296728 -0.094800 -0.345275 -0.464745 
-0.325754 -0.343373 0.135897 -0.256137 -0.402214 -0.342464 -0.454174 -0.440630 -0.378249 -0.255733 
-0.061532 -0.348141 -0.192870 -0.083805 0.056819 0.126295 -0.489085 -0.447364 -0.382449 -0.107352 
-0.092213 0.167541 -0.278963 -0.341219 -0.296616 -0.150906 -0.210356 1.169857 1.001782 -0.318846 
-0.346718 -0.302691 -0.380009 -0.281805 -0.434635 -0.478412 -0.078548 0.511719 -0.054044 -0.354445 
-0.315427 -0.245669 -0.211464 -0.251000 0.225791 -0.220555 -0.324795 -0.329830 -0.186251 -0.330727 
-0.234253 -0.202829 -0.286424 -0.362743 -0.335173 -0.362352 -0.302292 -0.299803 -0.293039 -0.234540 
-0.276713 -0.286628 -0.268894 -0.340959 -0.320102 -0.316131 -0.426633 -0.357309 -0.356949 0.092052 
-0.363990 -0.404834 -0.296935 -0.300648 -0.438055 -0.167757 0.333296 -0.267798 0.372324 -0.398067 
-0.446160 -0.313423 0.021789 0.041704 -0.486978 -0.394750 -0.361752 -0.495292 -0.243474 -0.158145 
0.794199 -0.481374 -0.411195 -0.533234 -0.491567 1.609941 -0.443389 -0.486627 -0.188138 -0.370769 
-0.190413 -0.119234 0.161291 -0.196748 0.231541 -0.385991 -0.107337 -0.049992 0.208111 -0.413625 
-0.393481 -0.370151 -0.382972 -0.474406 -0.476989 -0.464723 -0.470007 -0.182784 0.566271 -0.203025 
-0.169717 -0.310934 -0.341763 -0.295764 -0.202005 -0.051473 -0.225275 -0.218169 -0.257971 -0.388465 
-0.415734 -0.185353 -0.024852 -0.176304 -0.345605 -0.344176 -0.228996 -0.354564 -0.280677 -0.214875 
-0.322306 -0.360810 -0.346096 -0.356246 -0.396239 -0.370885 -0.435290 -0.463848 -0.321474 -0.431124 
-0.403433 -0.305371 0.318386 -0.417919 -0.226702 -0.371107 -0.413812 -0.329589 -0.001632 -0.217899 
-0.482203 -0.342352 -0.247295 -0.282044 -0.463913 -0.479154 -0.391536 -0.434490 -0.452763 -0.412485 
0.379593 0.291824 0.158791 -0.270455 -0.415581 -0.313388 -0.487891 -0.408458 -0.116967 -0.368449 
-0.053911 -0.321015 0.017893 -0.232184 -0.295470 -0.411360 -0.358462 -0.401404 0.751301 -0.063335 
0.178746 -0.327424 -0.422273 -0.463815 -0.470977 -0.422488 0.273039 0.109290 -0.239635 -0.324426 
-0.276168 -0.286414 -0.131474 -0.280461 -0.215596 0.018122 -0.300054 -0.347596 0.119898 -0.136607 
-0.335514 -0.290449 0.056375 -0.285976 -0.299429 -0.360361 -0.246306 -0.221540 -0.266430 -0.279904 
-0.330771 -0.344227 -0.358572 -0.430420 -0.385263 -0.438170 -0.436191 -0.420328 0.019473 -0.467681 
-0.257538 0.169305 -0.053574 -0.310708 -0.394726 -0.481137 0.050344 0.858841 -0.468591 -0.083019 
0.063531 -0.484229 1.187228 0.338205 -0.403111 -0.426371 -0.335260 -0.333049 -0.351338 -0.476280 
-0.322894 -0.454021 -0.329528 -0.246880 -0.288450 -0.297915 -0.384452 -0.335192 -0.369051 -0.294990 
-0.216930 -0.340031 -0.293443 -0.092953 -0.399870 -0.431410 -0.428756 -0.464835 0.022558 -0.360078 
0.024149 -0.093420 -0.404077 -0.402130 -0.381804 -0.449303 0.732364 0.533913 -0.045199 0.125551 
-0.322243 -0.426055 -0.058872 -0.095005 -0.349621 -0.267398 -0.420539 0.219753 0.127593 -0.051694 
-0.293750 -0.309283 -0.172677 -0.256423 -0.021593 -0.278135 -0.332540 -0.247407 -0.043152 -0.218947 
-0.254103 -0.412977 -0.348940 -0.070638 -0.098621 -0.041402 -0.267472 -0.417999 -0.074515 -0.001284 
-0.091976 -0.282244 -0.447069 0.565097 -0.292116 -0.148309 0.025925 0.173751 -0.313982 -0.140987 
1.419114 0.182012 0.105186 0.105861 0.162784 -0.238590 -0.067916 -0.165107 -0.124109 -0.404348 
-0.399644 0.048245 -0.396435 -0.285213 -0.435569 -0.319758 -0.379758 -0.274136 -0.353444 -0.273875 
0.228175 -0.357037 -0.264060 -0.214988 -0.217502 -0.261748 -0.422209 -0.326397 -0.034991 0.034405 
-0.166833 -0.218556 -0.442341 -0.384740 -0.352993 -0.340219 0.011018 0.712897 -0.030805 -0.089878 
-0.391337 -0.450015 -0.287744 -0.166308 -0.329493 -0.419879 -0.407211 -0.016218 -0.431862 -0.397616 
-0.379236 -0.356973 -0.121845 -0.240142 -0.283106 -0.258373 -0.105548 -0.241572 0.257981 -0.456318 
-0.135704 0.056350 -0.328444 -0.250243 -0.147525 -0.290176 -0.283539 0.694336 -0.260010 -0.089460 
-0.355578 -0.336484 -0.031346 0.069082 -0.059298 -0.081671 -0.156744 -0.342918 -0.280439 -0.369843 
0.025486 -0.142968 -0.308248 -0.167621 -0.285126 -0.311242 -0.086285 -0.246224 -0.209466 -0.139748 
-0.398676 -0.106589 -0.306992 -0.389809 -0.307342 -0.336739 -0.345497 -0.428580 -0.435258 -0.168709 
0.298347 0.084249 -0.249484 -0.265026 -0.307842 -0.412410 -0.429863 -0.446956 -0.084279 0.050887 
-0.318355 -0.336319 -0.442360 -0.419597 -0.396962 -0.409836 -0.109969 -0.264382 -0.272194 -0.223883 
-0.431237 -0.444540 -0.451787 -0.343082 -0.394749 -0.451486 -0.352105 -0.502786 -0.512018 -0.445013 
-0.310746 -0.388198 -0.435979 -0.006414 0.773912 -0.226442 -0.271437 -0.262135 -0.368622 0.027066 
0.155294 -0.002165 -0.275419 -0.334286 -0.310875 -0.384592 -0.422666 -0.171120 -0.400767 -0.228395 
-0.347033 -0.389122 -0.451374 -0.420512 -0.190497 -0.456897 -0.400187 -0.373564 -0.428588 -0.410833 
-0.291189 -0.392447 -0.291268 -0.337693 -0.387331 -0.362154 -0.331700 -0.337437 -0.427050 -0.450847 
-0.412712 -0.366221 -0.436395 -0.430508 -0.352643 -0.425382 -0.422273 -0.464154 -0.480333 -0.311932 
-0.354088 -0.240043 -0.205933 -0.138119 -0.488514 -0.500002 -0.453301 -0.483371 -0.348837 -0.137037 
-0.323422 -0.408383 -0.438830 -0.480219 -0.456764 -0.415045 -0.293897 -0.441838 -0.299319 -0.096372 
-0.185693 -0.472332 -0.468601 -0.441384 -0.432927 -0.433071 -0.206006 -0.462959 -0.400103 -0.323917 
-0.426414 -0.431975 -0.455798 -0.290342 -0.233342 -0.314849 -0.297149 0.097560 -0.506741 -0.280961 
-0.384419 -0.438103 -0.259388 -0.281079 -0.290493 -0.334927 -0.258244 -0.504451 -0.453650 -0.462457 
-0.308562 -0.155983 -0.180102 -0.365592 -0.086828 -0.089000 -0.188683 -0.191171 -0.242439 -0.214802 
-0.435665 -0.438663 -0.395026 -0.254489 -0.080055 -0.374957 -0.465288 -0.353283 -0.001466 -0.144432 
-0.161444 -0.233884 -0.217978 -0.411180 -0.418124 -0.341688 -0.357686 -0.291590 -0.485051 -0.105829 
0.060091 0.650881 0.363152 0.126092 0.140777 0.389612 0.253712 0.145297 0.129156 0.076546 
0.179300 0.185157 0.232814 0.110793 0.249578 0.255532 0.146818 0.159459 0.167774 0.176419 
0.123588 0.123316 0.085996 0.077772 0.030921 0.067690 0.098908 0.171650 0.548172 0.180015 
0.093984 0.012491 0.082135 0.145496 -0.022952 0.154522 0.064043 0.011571 0.128531 0.084823 
0.066346 0.050416 0.099822 0.266441 0.207821 0.071912 0.081090 0.074412 0.067120 0.138112 
0.129772 0.109995 0.117865 0.266289 0.129363 0.118162 0.122737 0.054362 0.089120 0.123293 
0.490310 0.350175 0.045233 0.080212 0.380475 0.269974 0.053769 0.078447 0.183489 0.151098 
0.138863 0.156862 0.167113 0.124015 0.115172 0.170441 0.175426 0.179779 0.336664 0.538196 
0.480258 0.074477 -0.247483 -0.205333 -0.174048 -0.154002 -0.147615 -0.219094 -0.284624 -0.263152 
-0.250178 -0.256153 -0.217419 -0.208255 -0.245762 -0.195763 -0.258309 -0.244912 -0.291460 -0.251812 
-0.288227 -0.256488 -0.290400 -0.273451 -0.254356 -0.296638 -0.188677 -0.197746 -0.251508 -0.158579 
-0.218330 -0.324965 -0.235506 -0.310902 -0.209210 -0.302952 -0.328828 -0.257584 -0.287289 -0.273437 
-0.278559 -0.315950 -0.300786 -0.253709 -0.276840 -0.300825 -0.288320 -0.283117 -0.299846 -0.301774 
-0.286633 -0.296101 -0.282551 -0.272781 -0.245847 -0.255410 -0.274129 -0.287719 -0.268435 -0.217230 
-0.122547 -0.047151 -0.181048 -0.318131 -0.204989 -0.157536 -0.295728 -0.316640 -0.287406 -0.274669 
-0.272580 -0.291991 -0.275088 -0.263869 -0.280081 -0.253563 -0.244515 -0.255521 -0.055330 0.172967 
1.017266 0.806038 0.091163 -0.194942 -0.051944 -0.027221 -0.083334 -0.139645 -0.182077 -0.214154 
-0.156500 -0.160561 -0.122301 -0.103143 -0.081962 -0.033630 -0.182959 -0.154330 0.059219 -0.051007 
-0.119199 -0.163865 -0.142596 -0.125816 -0.100824 -0.089097 -0.143729 -0.176359 -0.100165 -0.132597 
-0.123509 -0.116714 -0.074122 -0.121639 -0.174891 -0.010343 -0.088030 -0.141906 -0.176982 -0.169261 
-0.109284 -0.124976 -0.141212 -0.169651 -0.178875 -0.180408 -0.213738 -0.240639 -0.178010 -0.139535 
-0.168246 -0.120925 -0.012160 -0.132875 -0.179977 -0.220743 -0.209198 -0.186653 -0.178355 -0.195074 
-0.070111 -0.077114 -0.158563 0.011010 -0.038695 -0.141883 -0.009290 0.136414 -0.117112 -0.161235 
-0.125018 -0.099816 -0.134684 -0.137731 -0.100098 -0.060913 -0.107139 -0.086578 -0.026720 -0.002895 
1.161508 0.632786 -0.079802 -0.176163 -0.069676 -0.091271 -0.154522 -0.120580 -0.185136 -0.218971 
-0.164682 -0.138753 -0.140322 0.019886 -0.035699 -0.032334 -0.226721 -0.206498 -0.118946 -0.159941 
-0.134291 -0.149436 -0.134207 -0.121327 -0.088014 -0.045847 -0.166612 -0.157272 -0.126339 -0.118750 
-0.077967 -0.032728 -0.080346 -0.120470 -0.099109 0.123120 -0.084399 -0.168039 -0.235722 -0.179626 
-0.157446 -0.210156 -0.197149 -0.165706 -0.199137 -0.229948 -0.229285 -0.153724 -0.008858 -0.037336 
-0.181948 -0.106098 -0.049662 -0.171610 -0.176817 -0.205051 -0.223479 -0.144565 -0.206303 -0.207349 
-0.072085 -0.124202 -0.103190 -0.060740 -0.098111 -0.017469 0.053702 0.038776 -0.157132 -0.190687 
-0.195928 -0.158004 -0.143010 -0.169779 -0.088059 -0.075018 -0.141342 -0.163328 -0.072808 0.015167 
1.046993 0.509543 -0.144155 -0.163104 -0.024225 -0.049836 -0.085565 -0.010731 0.010374 -0.061377 
-0.022737 -0.006245 0.212270 0.442982 0.209089 0.068111 -0.108383 -0.127242 -0.048460 0.009013 
0.539278 0.639426 0.294746 0.383109 0.396393 0.244240 0.061114 0.120564 0.164804 0.170876 
0.520469 0.661298 0.591117 0.676132 0.876040 0.680455 0.139748 0.074688 0.158402 0.199264 
0.423968 0.373137 0.222532 0.159533 0.206069 0.439873 0.627948 0.834896 1.018722 1.088259 
0.703590 0.479699 0.112151 0.036518 0.090769 0.187607 0.889949 1.025052 0.286200 0.283141 
0.148036 0.092823 0.637807 0.802832 0.727170 1.310439 0.973925 0.617526 -0.051800 -0.071111 
0.296840 0.414696 0.075183 0.014828 0.043715 0.023275 -0.024829 -0.003652 -0.034404 0.001957 
1.052088 0.454740 -0.095665 -0.179728 -0.072321 -0.095887 -0.127555 -0.071964 -0.039568 -0.038772 
0.016238 -0.004504 0.217108 0.383124 0.124592 0.081584 -0.125397 -0.121834 -0.026383 0.022043 
0.422224 0.513132 0.398397 0.508912 0.170736 0.105869 0.001159 0.033718 0.140665 0.095551 
0.272830 0.390371 0.459233 0.618372 0.467171 0.458039 0.065300 0.066007 0.127789 0.119236 
0.164256 0.150738 0.100004 0.077572 0.178330 0.253567 0.286612 0.344872 0.646321 0.826528 
0.412885 0.378426 0.043460 0.072505 0.026300 0.022312 0.639297 1.049163 0.166399 0.125326 
0.012676 0.010974 0.352861 0.628681 0.831836 0.861677 0.457192 0.477823 -0.050384 -0.033966 
0.269617 0.557673 0.079669 -0.074163 0.016991 0.016828 0.001968 0.001330 -0.037267 0.001035 
1.030178 0.492502 -0.097332 -0.189721 -0.161417 -0.192356 -0.267311 -0.269527 -0.147791 0.050988 
-0.057796 -0.140573 -0.095276 -0.163890 -0.246849 -0.173672 -0.095285 -0.150721 -0.111744 -0.129689 
0.164845 0.323676 0.464122 0.434339 0.065961 0.010351 -0.020333 -0.049265 0.033133 0.029968 
0.167554 0.248513 0.297367 0.413167 0.347831 0.373010 0.049050 0.060709 0.122194 0.188844 
-0.095688 -0.113237 -0.081084 -0.012678 0.224316 0.432848 0.159474 0.154088 0.496081 0.628937 
0.400151 0.360570 0.026089 0.034943 -0.038138 -0.047522 0.197166 0.406689 0.181432 0.073041 
-0.057730 -0.036627 0.063221 0.059318 0.810157 1.021294 0.317442 0.314884 -0.043965 -0.044132 
0.137884 0.161385 -0.104945 -0.136432 -0.065790 -0.096176 -0.085254 -0.084929 -0.034814 0.015298 
1.015168 0.491714 -0.095495 -0.180488 -0.147644 -0.106206 -0.038855 0.049249 -0.292946 0.121317 
-0.022899 -0.054843 -0.003224 0.188831 -0.018639 -0.178818 -0.108058 -0.041975 -0.045370 -0.077748 
0.353081 0.675317 0.563610 0.363225 0.038990 0.108425 0.011179 0.101444 0.246254 0.087274 
0.297528 0.455732 0.654423 0.693580 0.383839 0.376654 0.085543 0.072694 0.140297 0.104571 
-0.011704 -0.027357 0.235801 0.121917 0.384550 0.462423 0.281722 0.232797 0.378178 0.487637 
0.367223 0.408857 0.034725 0.047137 0.059019 -0.010025 0.191736 0.327381 0.140355 0.119733 
-0.036697 -0.046822 0.068758 0.051246 0.813946 1.398397 0.315587 0.329532 -0.089823 -0.095297 
0.142221 0.082279 -0.130024 -0.130734 -0.065798 -0.069709 -0.065090 -0.070568 -0.024448 0.011995 
1.105678 0.519071 -0.030201 -0.159305 -0.105470 0.015644 0.425733 0.753668 0.174559 1.656930 
0.350341 0.406338 0.149690 0.237600 0.233529 0.038881 0.060764 -0.022782 -0.151287 -0.119900 
0.269120 0.299331 0.007507 0.044895 0.078487 0.153505 0.212273 0.143271 0.185001 0.208390 
0.330271 0.378982 0.815987 1.032011 0.477584 0.421183 0.130846 0.167883 -0.046017 -0.024533 
0.062370 0.173538 0.250139 0.194202 0.322281 0.505561 0.461110 0.411810 0.132027 0.114537 
-0.065379 -0.060226 -0.189736 -0.174788 -0.127370 -0.089680 -0.056204 -0.025525 -0.163347 -0.152398 
-0.093257 -0.153495 -0.133169 -0.103219 0.469013 0.766554 0.108982 0.084994 -0.111754 -0.101532 
0.109529 -0.028278 -0.138500 -0.111575 0.032474 -0.012691 -0.089579 -0.124759 -0.033225 0.011687 
1.406082 0.720313 -0.020359 -0.179003 -0.115656 -0.076748 0.163649 0.366005 0.305092 0.322386 
0.205725 0.238185 0.302891 0.396214 0.232833 0.266706 0.329669 0.168973 -0.054282 0.027402 
0.290746 0.245566 0.180736 0.045685 0.122027 0.307577 0.264364 0.248949 0.310962 0.355381 
0.357711 0.423009 0.653977 0.916145 0.466997 0.469786 0.128347 0.176219 0.021518 0.060611 
0.341759 0.315454 0.162362 0.204789 0.259904 0.309549 0.341718 0.321447 0.129464 0.122469 
-0.078857 -0.075730 -0.165479 -0.162131 0.000765 0.033199 0.068927 0.019961 -0.158848 -0.147407 
-0.012424 0.009005 -0.010349 -0.078699 0.481799 0.776848 0.107804 0.149203 -0.076121 -0.095063 
0.020067 -0.036480 -0.132079 -0.055005 0.028521 -0.001402 -0.107942 -0.119135 0.000909 0.059368 
1.370327 0.714008 -0.085110 -0.181781 -0.114060 -0.093112 -0.123539 -0.112268 0.061004 0.157106 
-0.033732 -0.116800 0.091634 0.232260 0.177752 0.219098 0.275815 0.207545 0.293096 0.205313 
0.295810 0.092847 0.031592 -0.022708 0.276622 0.594589 0.489425 0.357124 0.454167 0.392433 
0.369709 0.331911 0.595204 0.730254 0.624974 0.514950 0.003613 0.085373 0.155429 0.256856 
0.436944 0.428720 0.096674 0.076991 0.102929 0.028273 0.143777 0.343699 0.112415 0.003950 
0.011532 0.016097 -0.152594 -0.150973 -0.078044 -0.059153 0.164112 0.108890 -0.148694 -0.177002 
-0.147743 -0.116313 -0.115507 -0.122290 0.421368 0.842997 0.210938 0.166921 -0.142839 -0.151006 
-0.079585 -0.094872 -0.154423 -0.157903 -0.001294 0.072331 -0.103905 -0.104401 -0.020947 0.030162 
1.170245 0.549869 -0.130002 -0.176005 -0.086614 -0.074950 -0.063836 -0.068369 0.240648 0.316101 
0.023376 0.039240 0.349001 0.374139 0.188460 0.130958 0.186896 0.231528 0.243886 0.165751 
0.173363 0.104892 0.048968 0.036294 0.346516 0.490040 0.278577 0.374420 0.416154 0.263115 
0.291827 0.254926 0.501343 0.629385 0.494820 0.515477 0.079327 0.040645 0.173365 0.378519 
0.409207 0.321233 0.065602 0.035959 0.043772 0.018559 0.075173 0.141212 0.058831 0.064182 
0.295712 0.267022 -0.135590 -0.164860 -0.035372 -0.037122 0.081935 0.093281 -0.092974 -0.179597 
-0.160897 -0.142713 -0.084482 0.018072 0.379137 0.683481 0.252646 0.163437 -0.154016 -0.146065 
-0.109574 -0.100480 -0.147128 -0.157994 -0.032145 0.008380 -0.086250 0.002411 -0.000156 0.016503 
1.104965 0.577021 -0.113978 -0.197537 -0.157293 -0.111997 -0.146311 -0.195034 0.291236 0.562538 
0.409927 0.551268 0.426844 0.306553 0.074925 -0.022749 -0.072600 -0.050147 0.017400 0.116457 
0.155370 0.162320 0.075475 0.050073 0.370070 0.387174 0.057477 0.051270 -0.042176 -0.041761 
-0.093980 -0.115565 -0.034085 -0.049669 -0.046493 0.031535 -0.070871 -0.140191 0.033199 0.222372 
0.394744 0.299101 -0.053976 -0.056484 -0.181769 -0.193204 -0.184726 -0.217304 -0.103681 0.011053 
0.421521 0.621628 0.346476 0.367637 0.312132 0.165750 0.081738 0.082543 0.087317 0.071200 
-0.007597 -0.007369 0.250824 0.335058 0.508030 0.894549 0.356420 0.179113 -0.183762 -0.171744 
-0.061811 -0.037917 -0.128346 -0.163629 -0.123609 -0.138951 -0.083922 -0.023403 0.004345 0.014302 
1.118819 0.607628 -0.129017 -0.205052 -0.174018 -0.142561 -0.138493 -0.175549 0.307679 0.665686 
0.259518 0.274522 0.296944 0.255416 0.035138 -0.003948 -0.079657 -0.106868 0.005885 0.150487 
0.183635 0.193501 0.167802 0.134860 0.317686 0.384540 0.068833 0.009985 0.013396 0.040904 
-0.114476 -0.106286 -0.015996 0.047909 -0.040087 -0.017482 -0.111100 -0.091445 0.067886 0.266896 
0.445518 0.339017 -0.079016 -0.076009 -0.171624 -0.159953 -0.171056 -0.151718 -0.007670 0.044645 
0.153123 0.204589 0.289411 0.484500 0.166184 0.131946 0.015809 -0.030029 0.070819 0.089102 
-0.018939 -0.014220 0.190121 0.247713 0.435627 0.584780 0.240499 0.252322 -0.175359 -0.190244 
-0.015014 0.047892 -0.122845 -0.186520 -0.163823 -0.151243 -0.032208 -0.056522 0.030201 -0.008350 
1.076402 0.554662 -0.162209 -0.229417 -0.168078 -0.045676 0.078066 0.079265 1.145576 1.103631 
0.136461 0.082192 -0.079676 -0.101428 0.020432 0.033670 -0.112203 -0.179105 0.025158 0.053752 
0.476588 0.562990 0.501521 0.396236 0.668696 0.618547 0.118622 0.002957 -0.072229 -0.036304 
-0.105787 -0.062669 0.200106 0.363165 0.634851 0.604280 0.031709 -0.010745 0.012608 -0.064139 
0.552945 0.664482 -0.058328 -0.118997 -0.223697 -0.192015 -0.124602 -0.167542 0.010464 0.082581 
-0.066960 -0.119177 0.021368 0.227249 0.109087 0.065129 -0.134290 -0.128283 -0.077061 -0.093586 
-0.086528 -0.105480 -0.013667 0.075422 0.386019 0.766550 0.532851 0.398611 -0.096706 -0.116845 
-0.102661 -0.093101 -0.161291 -0.148618 -0.065086 -0.014066 -0.044595 -0.001971 0.092006 0.012967 
1.073997 0.460321 -0.173169 -0.213251 -0.034521 0.186371 0.004910 0.000269 0.576439 0.871194 
0.089154 0.049526 -0.102709 -0.056329 0.011740 -0.065001 -0.153180 -0.092314 0.070125 -0.017736 
0.260337 0.574263 0.225823 0.359697 0.406151 0.390956 0.018283 0.012521 -0.057939 -0.051537 
-0.019623 -0.013450 0.175624 0.203446 0.320711 0.378541 -0.029209 -0.046742 -0.037445 -0.112925 
0.234678 0.515538 -0.055024 -0.092165 -0.226225 -0.026896 0.016625 -0.098802 0.212925 0.846923 
0.212221 -0.012017 0.260943 0.328161 0.210180 0.107777 -0.154811 -0.160460 -0.124576 -0.148152 
-0.097397 -0.056354 -0.008244 0.022088 0.549523 1.147608 0.624811 0.450669 -0.148858 -0.110829 
-0.055863 -0.042852 -0.110852 -0.068731 0.032956 0.215803 0.015618 -0.059369 0.028797 0.059063 
1.024382 0.503073 -0.072710 0.062169 0.743188 0.730483 0.258347 0.209732 -0.173549 -0.170193 
-0.196190 -0.179961 -0.173571 -0.180682 -0.058542 -0.035069 -0.077173 -0.102433 -0.000378 -0.077425 
-0.107381 -0.090012 -0.042573 0.000323 -0.162556 -0.178904 -0.178202 -0.174441 -0.177207 -0.110525 
-0.090093 -0.024179 0.087871 0.111335 -0.037233 0.066180 0.019602 -0.069824 -0.163974 -0.192975 
-0.114803 -0.067184 -0.162852 -0.183993 0.331479 1.158310 0.259371 0.199822 1.933379 2.414096 
0.703349 0.623504 0.657747 0.577222 0.410403 0.373862 -0.065612 -0.040342 -0.149366 -0.167929 
0.006278 0.053881 -0.003899 -0.020729 1.086733 2.119353 0.735136 0.561474 0.004197 -0.002565 
0.011547 -0.004349 -0.088608 -0.084262 0.111188 0.167790 -0.019424 -0.004583 0.007780 0.019649 
1.075601 0.518522 -0.055212 -0.020620 0.420789 0.153551 0.143656 0.374690 -0.158204 -0.172850 
-0.117843 -0.106905 -0.119596 -0.167160 -0.047106 0.028771 -0.052578 -0.092932 -0.090965 -0.076443 
-0.085498 -0.073302 0.031678 -0.030640 -0.160612 -0.140666 -0.092596 -0.038339 -0.079796 -0.132666 
-0.118227 -0.040061 0.126485 0.135298 0.052193 0.120245 -0.098281 -0.081302 -0.159210 -0.125402 
-0.083555 -0.065660 -0.211572 -0.132327 0.549043 1.601717 0.161343 0.185073 1.452021 1.820552 
0.459763 0.467086 0.384286 0.453450 0.372984 0.282468 -0.037289 0.011750 -0.177246 -0.151067 
-0.003187 0.004248 -0.060892 -0.071144 0.919382 2.217839 0.527498 0.509651 0.033960 0.048308 
-0.026289 -0.019957 0.090951 0.085372 0.165082 0.082004 -0.114986 -0.103338 -0.057103 0.038115 
1.072454 0.475827 -0.080494 -0.132157 0.022446 -0.018934 -0.029421 0.022369 -0.233041 -0.231193 
-0.067954 0.095094 0.101787 -0.164040 -0.056153 -0.084309 0.069901 0.029218 0.037811 -0.040454 
-0.065980 -0.015735 0.123600 0.107036 0.128048 0.061075 -0.043451 -0.038655 -0.075032 -0.161534 
-0.102532 -0.101894 -0.073077 -0.044988 -0.136677 -0.085985 -0.147733 -0.149972 -0.131095 -0.045939 
-0.100233 -0.137017 -0.213751 -0.164274 0.480016 1.004454 0.526657 0.400352 0.871758 0.871531 
0.544193 0.568680 0.438645 0.419658 0.543253 0.570189 -0.099738 -0.052298 -0.195731 -0.179734 
-0.063156 -0.033128 -0.079901 -0.082121 0.813377 1.824715 0.474334 0.534670 -0.034657 0.004895 
-0.024964 0.011495 0.105661 0.053731 0.111796 0.055614 -0.108421 -0.097957 -0.043898 -0.010004 
1.137292 0.508688 -0.049845 -0.135852 -0.009020 -0.032012 -0.057033 -0.089347 -0.207705 -0.061692 
0.080417 0.108328 -0.030150 -0.116061 -0.088930 -0.200594 -0.020161 0.046249 0.066235 -0.031917 
0.127638 0.086630 0.028206 -0.076602 0.003155 0.133932 -0.096302 -0.113813 -0.178401 -0.163138 
-0.092117 -0.095855 -0.002400 0.016455 -0.145534 -0.018094 -0.140314 -0.090356 0.002840 -0.044664 
-0.073050 -0.103460 -0.103359 -0.161696 0.333742 0.643160 0.522840 0.457153 0.654068 0.642306 
0.540350 0.549776 0.395882 0.402009 0.490918 0.600014 -0.119596 -0.081310 -0.184425 -0.188411 
-0.084693 -0.041823 -0.054505 -0.079008 0.716154 1.530884 0.548865 0.479020 -0.062887 -0.015679 
0.011521 0.007739 0.046608 -0.051122 0.007608 0.010488 -0.121560 -0.096715 -0.022625 -0.003881 
1.232576 0.645256 -0.102245 -0.123327 -0.094811 -0.173847 -0.150416 -0.184063 0.305029 0.877612 
0.575718 0.389845 -0.168456 -0.148458 -0.116591 -0.166878 0.011264 0.146934 0.155170 0.179286 
0.052371 0.082302 -0.119345 -0.099271 0.045759 0.052224 -0.142449 -0.142710 -0.209419 -0.126989 
-0.157792 -0.094677 -0.050781 -0.097254 -0.097316 0.100755 -0.035818 -0.018824 0.020224 -0.036773 
-0.158409 -0.123307 -0.147919 -0.180743 0.054377 0.204383 0.036282 0.031260 -0.048250 -0.005522 
-0.069050 -0.050948 -0.153112 -0.160347 -0.148781 -0.153333 -0.213872 -0.205143 -0.170609 -0.193843 
-0.104475 -0.095162 -0.125710 -0.150300 0.478741 0.948893 0.450087 0.440218 -0.085767 -0.079152 
-0.059428 -0.043499 -0.075470 -0.147379 -0.069459 -0.120338 -0.136924 -0.065381 -0.001144 -0.001657 
1.062753 0.490982 -0.205249 -0.174737 -0.170836 -0.193903 -0.171637 -0.180931 0.233255 0.811303 
0.558981 0.380484 -0.234582 -0.212840 -0.064712 -0.037228 0.024896 0.038191 0.045549 0.238132 
0.105617 -0.009524 -0.106423 -0.089363 -0.081415 -0.099865 -0.156258 -0.132999 -0.130977 -0.128094 
-0.142833 -0.079622 -0.125538 -0.105009 0.008549 0.079044 0.130792 0.181955 0.087913 -0.057657 
-0.145822 -0.147716 -0.150682 -0.154344 0.124401 0.281487 0.094154 0.058766 -0.015923 0.005699 
-0.132737 -0.138603 -0.167592 -0.157878 -0.102492 -0.111101 -0.203278 -0.190362 -0.175847 -0.173490 
-0.096100 -0.110473 -0.109225 -0.126158 0.534024 1.042088 0.475995 0.488956 -0.100245 -0.110754 
-0.087512 -0.083644 -0.144194 -0.154501 -0.090748 -0.109370 -0.138159 -0.013213 -0.010376 0.081338 
0.824134 0.390633 -0.107276 -0.128245 -0.195118 -0.121471 -0.179828 -0.125705 0.273799 0.628655 
0.125252 0.139261 -0.230351 -0.239147 -0.038006 0.006554 -0.075138 -0.089377 -0.027764 0.112406 
-0.184652 -0.191362 -0.206457 -0.169066 -0.088275 -0.181188 -0.079513 -0.110063 -0.174045 -0.134603 
-0.121575 -0.074071 -0.134243 -0.115274 -0.036469 -0.123930 0.154996 0.366764 0.188749 0.080347 
-0.111410 -0.156125 -0.148828 -0.146083 0.324783 0.572102 0.003787 -0.024618 -0.044124 -0.056453 
-0.109249 -0.107268 -0.081840 0.016364 0.081930 -0.101465 -0.230028 -0.201501 -0.218201 -0.243680 
-0.171444 -0.108547 -0.115413 -0.164653 0.516058 0.932124 0.361142 0.362090 -0.156952 -0.167907 
-0.111409 -0.123753 -0.198737 -0.162852 -0.146631 -0.156869 -0.085056 0.040199 0.006110 -0.009273 
1.024399 0.521021 0.001504 -0.171152 -0.198229 -0.097011 -0.144074 -0.151098 0.764848 1.351948 
0.481723 0.326830 -0.216597 -0.195222 0.137950 0.095654 0.023974 -0.060950 0.094382 0.001391 
-0.222764 -0.184174 -0.111221 -0.118437 -0.086559 -0.114634 -0.013073 -0.088963 -0.037846 0.033262 
-0.126390 -0.091371 -0.090047 -0.062356 -0.025106 -0.093803 0.123739 0.322648 0.083931 0.029598 
-0.124301 -0.182839 -0.086869 -0.071057 0.301896 0.378815 -0.023741 -0.064916 -0.060949 -0.071008 
-0.084514 -0.067912 0.186061 0.113322 0.164473 0.445479 -0.012918 -0.218235 -0.197554 -0.214988 
-0.083947 0.034449 -0.022872 -0.122503 0.369984 0.647083 0.342922 0.355080 -0.174485 -0.186635 
-0.066872 -0.066353 -0.136006 -0.139397 -0.149445 -0.133807 -0.095129 0.005216 0.000548 -0.019759 
1.228333 0.560160 -0.036273 -0.219080 -0.126761 -0.149016 -0.227994 -0.109083 1.118346 1.850633 
0.300408 0.285704 0.007070 -0.007652 0.240198 0.335163 0.075272 -0.046556 0.103958 0.097368 
-0.203136 -0.204399 -0.092724 -0.133025 -0.116631 -0.102114 -0.019799 -0.074998 -0.038565 -0.150073 
-0.133305 0.380601 0.071347 -0.042587 -0.057511 -0.042056 -0.085957 -0.059664 -0.091669 -0.058726 
0.017002 0.143244 -0.064394 -0.049261 -0.011074 -0.013584 -0.212211 -0.149316 -0.003346 -0.088397 
-0.073050 -0.026377 0.581271 0.726018 0.685191 0.435454 0.100545 0.065740 -0.011705 -0.060098 
0.302551 0.485380 0.105461 0.071965 -0.040380 -0.014375 -0.095751 -0.081362 -0.161830 -0.185254 
-0.045412 -0.043518 -0.072749 -0.113413 -0.166431 -0.120154 0.014609 0.070532 0.009131 0.006818 
1.111805 0.507329 -0.187286 -0.125916 -0.096173 -0.159994 -0.081687 -0.116956 0.572546 1.656722 
0.421737 0.310796 0.000478 -0.015737 0.188885 0.227714 0.036418 -0.023736 0.058986 0.039090 
-0.208617 -0.220258 -0.099647 -0.127974 -0.100194 -0.061112 -0.029301 -0.102311 -0.051017 -0.456850 
1.727277 -0.019321 -0.043433 -0.026667 0.002454 0.037184 -0.012092 -0.017855 0.006945 0.033276 
0.044913 -0.021038 -0.140881 -0.160877 -0.146752 -0.104289 -0.153122 -0.145456 0.077140 0.411584 
0.234306 -0.084126 0.492078 0.509176 0.370795 0.295350 -0.002624 0.044591 -0.063115 -0.101643 
0.267041 0.414410 0.075642 0.014198 -0.033452 -0.009016 -0.045025 -0.051147 -0.106285 -0.099958 
-0.016741 -0.016529 -0.071082 -0.175176 -0.166912 -0.150844 0.053019 0.103513 0.099476 0.019450 
0.896014 0.612549 -0.171801 -0.224243 -0.167295 -0.104755 -0.054451 -0.100262 0.397418 0.999178 
0.083251 0.061405 -0.055436 -0.079059 0.066577 -0.018254 -0.071185 -0.090517 -0.057751 -0.097194 
-0.210888 -0.148250 -0.123148 -0.185694 -0.118593 -0.102822 0.021651 0.033183 0.663208 0.802238 
1.843989 0.229492 -0.264401 -0.050968 0.057121 0.027978 -0.055070 -0.053533 -0.000169 -0.011677 
-0.030804 -0.101940 -0.154612 -0.050601 0.020384 -0.008550 -0.131653 -0.186408 -0.068455 0.069785 
0.005898 -0.000480 0.236790 0.376266 0.374160 0.121259 -0.161077 -0.124472 -0.156051 -0.160141 
0.060317 0.165610 -0.022596 -0.014336 0.012275 0.125705 -0.018866 -0.028711 -0.080293 -0.112032 
-0.040645 -0.088479 -0.172081 -0.204526 -0.166042 -0.144036 -0.028276 -0.038449 0.022573 -0.002910 
1.164564 0.612297 -0.091250 -0.232718 -0.159074 -0.102722 -0.025260 -0.109267 0.524685 1.159807 
0.016088 0.090217 -0.063205 -0.125468 0.003165 0.002335 -0.100699 -0.074434 0.019086 -0.029374 
-0.241935 -0.150120 -0.116818 -0.170130 -0.116213 -0.086125 0.031130 0.058538 0.491845 0.263893 
0.510787 0.026068 -0.120281 0.002192 0.062738 0.016731 -0.101983 -0.069589 -0.022209 -0.061402 
-0.100023 -0.130373 -0.136331 -0.096324 -0.004129 -0.044345 -0.141832 -0.194422 -0.121182 -0.011188 
0.072930 0.146747 0.245419 0.300070 0.139128 0.102496 -0.190204 -0.157494 -0.162752 -0.128927 
0.003680 0.043124 0.026338 0.116378 0.147021 0.209810 0.050877 0.021088 -0.041814 -0.109886 
-0.047039 -0.084915 -0.190354 -0.181317 -0.155814 -0.155472 -0.007803 -0.005014 0.035463 -0.006537 
1.326162 0.583255 -0.154628 -0.271555 -0.170022 -0.172593 -0.058416 -0.049011 0.569413 1.142062 
0.030679 0.004127 -0.113194 -0.184102 -0.134083 -0.160954 -0.111666 -0.048598 -0.040542 -0.059684 
-0.212336 -0.063497 -0.181557 -0.217203 -0.172525 -0.238134 -0.113696 -0.174617 -0.039292 0.184159 
-0.089426 -0.183456 -0.014657 0.167242 -0.121967 -0.192181 -0.209388 -0.186589 -0.119056 -0.103769 
-0.028665 -0.017064 0.062765 0.051013 -0.074364 -0.135365 -0.091532 0.104606 0.504053 0.704554 
0.556267 0.650026 0.545756 0.259255 0.030609 0.064167 -0.212429 -0.170704 -0.169198 -0.172281 
-0.069957 -0.063279 -0.037378 0.021441 0.498487 0.934880 0.338646 0.228816 -0.105437 -0.116159 
-0.080126 -0.118368 -0.178659 -0.171545 -0.148463 -0.159400 0.009978 0.031148 0.108903 0.074187 
0.899667 0.260944 -0.178719 -0.256732 -0.172227 -0.137472 -0.070842 -0.142530 0.419537 0.844039 
0.042017 -0.005448 -0.053481 0.048789 0.138892 -0.081839 -0.141314 -0.082140 0.002138 0.005215 
-0.097881 -0.146648 -0.255053 -0.220290 -0.147046 -0.217254 -0.138571 -0.201976 -0.110611 0.523411 
0.152891 -0.156647 0.713106 0.153718 -0.153991 -0.244225 -0.212205 -0.165326 -0.057218 -0.009811 
-0.011953 -0.004128 0.016093 0.002284 -0.055506 -0.148600 -0.130189 -0.115717 0.514352 0.808974 
0.363979 0.258845 0.216017 0.143655 -0.036461 0.011114 -0.181308 -0.179135 -0.158605 -0.170367 
-0.095612 -0.084717 -0.110706 -0.087100 0.261699 0.983131 0.377531 0.249295 -0.132248 -0.116120 
-0.125242 -0.125099 -0.136346 -0.168695 -0.158851 -0.142669 0.102733 0.116642 0.126814 0.018194 
0.874283 0.522216 -0.105026 -0.145158 -0.158798 -0.162365 -0.053947 -0.037567 0.727934 1.171758 
0.014237 -0.006697 -0.214614 -0.156593 -0.166458 -0.143812 -0.129340 -0.083402 -0.064957 0.005276 
-0.120922 -0.149325 -0.204664 -0.110765 -0.185882 -0.201007 -0.263099 -0.241024 -0.313922 -0.424640 
-0.382036 0.408865 -0.097165 -0.138943 -0.268645 -0.314052 -0.198779 -0.175639 -0.056470 -0.053238 
-0.051848 0.003602 0.020774 -0.072007 -0.177460 -0.163742 -0.112896 -0.173690 0.388425 0.532666 
0.140592 0.153676 -0.023368 -0.077388 -0.194749 -0.149264 -0.170959 -0.195662 -0.216623 -0.209036 
-0.112463 -0.130132 -0.132380 -0.067749 0.651719 0.948773 0.280407 0.286240 -0.097939 -0.097670 
-0.116760 -0.122246 -0.109258 -0.165714 -0.136222 -0.103336 0.267749 0.267589 0.194111 0.089236 
0.876508 0.447832 -0.194689 -0.204267 -0.179961 -0.115705 -0.053750 -0.024285 0.595230 0.909406 
0.020766 0.041509 -0.172535 -0.175367 -0.063093 -0.056178 0.072424 0.189859 0.059858 0.088066 
-0.138510 -0.212338 -0.170631 -0.091194 -0.255753 -0.213235 -0.251443 -0.247872 -0.267422 -0.275003 
-0.325320 -0.356415 -0.233536 -0.229834 -0.265272 -0.341605 -0.217820 -0.085246 -0.042621 -0.111158 
-0.065281 -0.076795 -0.112075 -0.166883 -0.203294 -0.132825 -0.111358 -0.102617 0.303189 0.350040 
0.038802 0.103028 -0.005227 -0.099591 -0.152542 -0.129675 -0.157094 -0.184209 -0.215498 -0.182813 
-0.131887 -0.135816 -0.089472 0.027601 0.642696 1.068508 0.453406 0.419231 -0.092508 -0.115321 
-0.061549 -0.026638 -0.085437 -0.185421 -0.101628 -0.075934 0.229402 0.363386 0.221577 0.107475 
1.016191 0.406241 -0.210502 -0.237936 -0.173494 -0.149666 -0.079811 -0.014326 0.482237 0.904967 
0.235446 0.144092 0.124134 0.214507 0.178478 0.304894 0.619981 0.666963 0.531339 0.410775 
-0.218309 -0.228747 -0.078024 -0.053730 -0.214492 -0.155781 -0.237532 -0.229646 -0.209939 -0.277518 
-0.199641 -0.280283 -0.228225 -0.232630 -0.202632 -0.241499 -0.026348 0.020378 0.025244 0.054541 
-0.047477 -0.138884 -0.127227 -0.131625 0.019259 -0.075181 -0.158272 -0.085701 0.265137 0.258701 
-0.159106 -0.170556 -0.123661 -0.144740 -0.135308 -0.125409 -0.126420 -0.106587 -0.084166 -0.123530 
-0.147988 -0.085965 0.091364 0.194258 0.798355 1.585948 0.586331 0.441303 0.001470 0.030075 
0.102222 0.150209 -0.010379 -0.088750 0.046466 0.055558 0.061566 0.119886 -0.041723 0.046148 
1.102761 0.437362 -0.249490 -0.239363 -0.179119 -0.089581 -0.036315 0.029627 0.709627 0.883006 
0.085235 0.022105 0.082732 0.400019 0.433210 0.258134 0.424190 0.629318 0.380283 0.323875 
-0.281888 -0.231137 -0.063014 -0.111856 -0.187886 -0.192515 -0.271856 -0.205005 -0.206298 -0.241478 
-0.218547 -0.222991 -0.238581 -0.245426 -0.221980 -0.096700 0.242758 0.217588 -0.089351 0.060798 
-0.019129 -0.173520 -0.145627 -0.172804 -0.045050 -0.080902 -0.170728 -0.141738 0.115156 0.350115 
-0.189986 -0.186230 -0.062276 -0.021175 -0.082941 -0.143757 -0.087475 -0.074855 -0.108434 -0.174302 
-0.144593 -0.103295 0.009287 -0.013857 0.505725 1.133279 0.456318 0.388956 0.044160 0.007137 
0.156358 0.186018 -0.043061 -0.075819 0.102516 0.051352 -0.026758 0.002121 -0.071343 -0.001721 
1.094708 0.548231 -0.060752 -0.207876 -0.174505 -0.103754 -0.193928 -0.203900 0.845166 1.310880 
0.009132 0.083499 0.229939 0.115221 0.170907 0.150374 0.335607 0.464703 0.318255 0.249843 
-0.132254 -0.156283 -0.089454 -0.145643 -0.183227 -0.081009 -0.087757 -0.079444 -0.145202 -0.044651 
-0.059988 -0.102204 -0.085677 -0.073558 -0.116133 -0.103788 -0.061803 -0.012513 0.041961 -0.048422 
-0.086949 -0.139817 -0.157267 -0.144084 -0.088093 -0.084049 -0.149501 -0.116945 -0.014533 0.026436 
-0.049388 -0.070715 -0.063255 -0.043957 -0.133705 -0.105638 -0.057644 -0.121710 -0.148537 -0.150712 
-0.135147 -0.106036 -0.008970 -0.041924 0.505815 1.191479 0.399863 0.388283 -0.034301 -0.038056 
0.042681 0.045463 -0.130771 -0.132570 0.083215 0.030995 -0.037119 0.031351 -0.057487 0.011516 
1.085906 0.507150 -0.147219 -0.272563 -0.175547 -0.182229 -0.209988 -0.168645 0.357360 0.756910 
0.018526 0.088940 0.171763 0.096258 0.233028 0.619293 0.671964 0.569904 0.344958 0.297075 
-0.108996 -0.161544 -0.074226 -0.163134 -0.164638 -0.114504 -0.114544 -0.077839 -0.162757 -0.143395 
-0.093322 -0.133792 -0.123450 -0.137329 -0.110871 -0.159892 -0.089998 0.002688 -0.037421 -0.034839 
-0.007650 -0.122975 -0.202460 -0.179164 -0.116199 -0.095111 -0.141987 -0.173191 -0.002404 -0.002229 
-0.061988 -0.080418 0.011168 -0.030324 -0.063953 -0.006232 -0.024306 -0.122333 -0.144274 -0.176009 
-0.137651 -0.140417 -0.053345 -0.061232 0.382712 0.692747 0.384709 0.376984 -0.050137 -0.030360 
0.025181 -0.007390 -0.134385 -0.100979 0.013466 0.006169 -0.053588 -0.015703 -0.044239 0.030417 
0.877295 0.337450 -0.232185 -0.225534 -0.140158 -0.199899 -0.245608 -0.186228 -0.113042 -0.062242 
-0.140454 -0.149490 -0.074075 -0.118970 -0.037539 -0.008954 0.515207 0.878103 0.496122 0.443975 
-0.130199 -0.144406 -0.085547 -0.207041 -0.177258 -0.159703 -0.110194 -0.133712 -0.186945 -0.126894 
-0.150421 -0.149754 -0.140642 -0.152844 -0.115035 -0.170203 -0.058154 0.016550 -0.031145 -0.079079 
-0.146341 -0.189122 -0.216083 -0.220822 -0.126740 -0.111216 -0.170005 -0.140074 0.055928 0.071998 
-0.071037 -0.064519 0.217361 0.244843 0.151300 0.112763 0.026439 -0.070768 -0.111550 -0.132634 
-0.147729 -0.120507 -0.076408 -0.110908 0.073689 0.158891 0.030379 0.061878 -0.164482 -0.141540 
-0.127110 -0.121164 -0.131240 -0.109846 -0.049488 -0.018852 -0.125066 -0.096958 0.008152 0.004905 
0.906849 0.404991 -0.212845 -0.269346 -0.211148 -0.170754 -0.228975 -0.239696 -0.040905 -0.067362 
-0.136177 -0.144878 -0.051453 -0.087816 0.006708 0.107518 0.690605 1.225969 0.462371 0.477887 
-0.128380 -0.091293 -0.140481 -0.173704 -0.127466 -0.166075 -0.098279 -0.137232 -0.222673 -0.091901 
-0.135678 -0.130919 -0.143344 -0.157006 -0.080114 0.117302 0.056288 -0.053224 -0.087267 -0.062825 
-0.198221 -0.216421 -0.218404 -0.238190 -0.148546 -0.112125 -0.142916 -0.132844 0.036551 0.053618 
-0.064348 -0.095268 0.081911 0.242690 0.089146 -0.023042 -0.040719 0.019416 -0.063232 -0.119833 
-0.114170 -0.159281 -0.123071 -0.100548 0.133327 0.265994 0.104748 0.080445 -0.167310 -0.159167 
-0.119537 -0.101754 -0.136037 -0.170285 -0.062321 -0.019624 -0.106465 -0.088291 0.147762 0.101143 
0.974041 0.486178 -0.173009 -0.280113 -0.263461 -0.192192 -0.117797 -0.176960 0.118562 0.084840 
-0.018180 -0.086474 0.081137 0.208066 0.569695 0.451981 0.810451 0.910395 0.495410 0.555150 
-0.173596 -0.125828 -0.190254 -0.257837 -0.185358 -0.215033 -0.222121 -0.219392 -0.211414 -0.136061 
-0.208908 -0.211825 -0.140907 -0.183056 -0.252211 -0.097989 -0.101926 -0.120152 -0.073150 -0.068790 
-0.209141 -0.226207 -0.232770 -0.240359 -0.179221 -0.143541 -0.115566 -0.091821 0.083430 0.068536 
-0.123540 -0.138608 -0.065652 -0.056074 -0.071706 -0.100255 -0.134731 -0.058538 -0.100500 -0.155711 
-0.156156 -0.118855 -0.076272 -0.059092 0.302598 0.387482 0.114164 0.143999 -0.166142 -0.148236 
-0.051332 -0.063896 -0.162645 -0.113517 0.105436 0.112898 -0.042074 -0.105128 0.009788 0.083110 
1.054814 0.512823 -0.176544 -0.255906 -0.163909 -0.197182 -0.124313 -0.063887 0.090848 0.032467 
-0.116290 -0.130430 0.066122 0.088451 0.233517 0.269029 0.692656 0.903992 0.557982 0.548479 
-0.180025 -0.175068 -0.084711 -0.116986 -0.118113 -0.111236 -0.118587 -0.103533 0.028479 0.131805 
-0.109008 -0.062230 -0.040585 -0.094597 0.143315 0.373726 -0.155651 -0.189723 -0.058684 -0.079321 
-0.173126 -0.224323 -0.200976 -0.252291 -0.175270 -0.133783 -0.113204 -0.037709 0.217727 0.179686 
-0.099561 -0.130097 -0.054470 -0.063956 -0.014363 -0.008174 0.081518 0.098777 -0.081402 -0.132062 
-0.087182 -0.105341 -0.090572 -0.048188 0.277236 0.612671 0.190318 0.112020 -0.168872 -0.176639 
-0.067599 -0.107265 -0.146659 -0.106492 0.163199 0.112317 -0.110492 -0.062659 0.041824 0.036497 
0.943638 0.351527 -0.190818 -0.216772 -0.214247 -0.207497 -0.242583 -0.219829 -0.213354 -0.206407 
-0.106600 -0.179035 -0.177710 -0.226362 -0.267285 -0.242823 -0.219058 -0.223782 -0.177858 -0.232243 
-0.031995 0.133580 0.155976 0.105156 0.345480 0.380859 0.274582 0.292280 0.916143 1.028168 
0.721626 0.649482 0.398506 0.318079 0.556865 0.451330 -0.057400 -0.143148 -0.038890 0.053861 
-0.084719 -0.180011 -0.170135 -0.200486 -0.119573 -0.095039 -0.055850 0.001400 0.310443 0.372756 
-0.031706 -0.060655 -0.076976 -0.080542 -0.009233 0.077057 0.249885 0.293764 0.020887 -0.008073 
-0.083276 -0.126448 -0.112357 -0.105035 0.266559 0.638267 0.531628 0.296587 -0.106323 -0.121046 
0.170531 0.436558 0.346783 0.191785 0.162603 0.122583 -0.034829 -0.118748 -0.138371 -0.070815 
0.848590 0.239590 -0.245092 -0.192970 -0.166060 -0.189416 -0.221768 -0.225937 -0.074952 -0.158185 
-0.080713 -0.190727 -0.203104 -0.188028 -0.241360 -0.235560 -0.257615 -0.256369 -0.234839 -0.219052 
0.180008 0.388242 0.077003 0.082325 0.286854 0.344951 0.071953 0.105188 0.640432 0.583128 
0.262098 0.245809 0.083767 0.067618 0.169360 0.202414 -0.104322 -0.152985 -0.118706 -0.028701 
-0.094646 -0.165202 -0.217679 -0.230713 -0.079964 -0.009505 -0.086118 0.007733 0.419678 0.455827 
-0.048249 -0.050618 -0.065241 -0.081110 -0.024983 0.063244 0.258508 0.256503 -0.032381 -0.026563 
-0.106258 -0.120832 -0.067822 0.018712 0.533850 0.787731 0.436551 0.321987 -0.095813 -0.110159 
0.269674 0.195526 -0.068968 -0.087857 0.018203 0.032607 -0.078864 -0.032264 0.202942 0.127692 
0.608318 0.113543 -0.295275 -0.253131 -0.121073 -0.163120 -0.233288 -0.261834 -0.160250 -0.107138 
-0.229564 -0.225417 -0.173229 -0.386838 -0.374939 -0.171184 -0.267766 -0.222945 -0.143085 -0.189540 
0.222591 0.343785 0.039881 0.028904 0.317228 0.439999 -0.041736 -0.069511 0.242257 0.216136 
-0.019373 0.000704 -0.061301 -0.069283 -0.097812 -0.090585 -0.140807 -0.159124 -0.145279 -0.132392 
-0.165934 -0.165050 -0.199748 -0.207357 -0.123755 -0.106869 -0.135582 -0.047890 0.264335 0.282716 
-0.085948 -0.074193 0.056090 0.077485 -0.058762 -0.063452 0.108667 0.159237 -0.045509 -0.064298 
-0.174063 -0.164554 0.039288 0.150843 0.543975 0.697183 0.309555 0.269699 -0.027516 0.005963 
0.184713 0.132827 -0.119217 -0.162301 -0.059473 -0.036277 -0.026533 -0.042251 -0.004314 -0.004197 
-0.008452 -0.258693 0.109943 -0.049820 -0.134394 -0.152683 -0.198783 -0.289281 -0.231896 0.161837 
-0.224040 -0.267515 -0.168043 0.075683 -0.142006 0.210401 -0.195995 -0.112784 -0.014567 -0.122795 
0.082684 0.021611 -0.052566 0.060013 0.383988 0.387895 -0.028781 -0.067293 0.128905 0.197674 
-0.011273 -0.015490 -0.024498 0.076694 0.068555 -0.033865 -0.102194 -0.054043 -0.028951 -0.056811 
-0.051212 -0.079817 -0.132018 -0.122447 -0.008926 -0.107504 -0.096490 -0.062301 0.200682 0.186445 
-0.022267 0.028621 0.208211 0.131865 -0.073235 -0.082665 0.034051 0.033242 -0.044637 -0.062083 
-0.157432 -0.143217 0.215618 0.493334 0.741690 0.903302 0.256150 0.304914 0.050227 0.021122 
0.104674 0.216925 -0.048901 -0.196956 -0.084536 -0.055210 -0.109495 -0.106138 0.028509 0.027050 
0.558104 2.531681 -0.282300 -0.226780 -0.151808 -0.275005 -0.138670 -0.318325 0.773149 -0.058994 
0.380323 0.058746 0.130795 0.741174 0.657744 0.953937 -0.085417 0.003811 -0.006151 -0.183413 
-0.222168 -0.286134 -0.241399 -0.231556 0.022713 0.078821 -0.127241 -0.138995 -0.203471 -0.184134 
-0.185953 -0.189144 0.307977 0.861940 0.513729 0.508147 0.480571 0.361250 0.270283 0.345436 
0.243995 0.234714 0.221140 0.160684 -0.074734 -0.057469 -0.081490 -0.115447 0.004256 0.021398 
0.005392 0.025084 0.376596 0.411602 -0.054843 -0.050136 -0.134513 -0.155978 -0.143407 -0.141179 
-0.098442 -0.036736 0.145283 0.140260 0.710423 1.017774 0.274537 0.255175 -0.054142 -0.065874 
0.041215 0.045354 -0.131986 -0.102168 -0.055105 -0.039773 -0.145528 -0.216401 0.136593 0.283110 
2.050534 0.754513 -0.301018 0.135587 0.069379 -0.300787 -0.124050 0.103307 -0.112708 -0.405361 
-0.097457 -0.414375 -0.189699 -0.146008 -0.240671 0.012720 0.059688 0.051945 -0.009855 -0.184525 
-0.282644 -0.276829 -0.186482 -0.191654 0.019469 0.177123 -0.165455 -0.123716 -0.172706 -0.196629 
-0.184062 -0.154318 0.506796 0.908163 0.423007 0.327985 0.386637 0.355006 0.238962 0.232259 
0.179281 0.147055 0.130230 0.110793 -0.137004 -0.119726 -0.094081 -0.122036 0.018452 0.003081 
0.059095 0.128146 0.350386 0.465273 -0.024009 -0.065308 -0.148520 -0.153985 -0.118046 -0.115769 
-0.047112 0.019619 0.144579 0.290324 1.030025 1.232088 0.374647 0.358364 -0.046961 0.077247 
0.024580 -0.020459 -0.022607 0.042687 -0.048323 -0.104907 -0.188260 -0.210955 0.052752 0.669996 
1.383270 1.365887 0.693091 0.121463 0.007729 -0.255167 -0.248538 0.532599 0.174569 -0.341706 
-0.373021 0.072453 -0.427476 -0.172053 0.386277 0.603149 -0.066827 0.442701 0.043615 -0.193793 
-0.301379 -0.280403 -0.082002 -0.119323 0.230166 0.379730 -0.014491 -0.082258 -0.191172 -0.205499 
-0.128075 -0.095193 0.939335 1.233889 0.370893 0.322485 0.338358 0.352668 0.587742 0.593141 
0.291657 0.335579 0.249107 0.229244 -0.038939 -0.020685 -0.026717 -0.051879 0.142757 0.174128 
0.135805 0.118239 0.441071 0.609694 0.058820 0.053024 -0.100781 -0.117068 -0.128931 -0.104377 
0.103395 0.102445 0.232003 0.298645 0.973408 1.361901 0.539260 0.472418 0.059640 0.073201 
-0.085077 -0.119133 0.032430 0.123568 0.243728 0.170006 -0.234404 -0.265953 -0.016909 0.017674 
1.170129 0.252653 -0.193837 0.529998 -0.206796 -0.307098 0.467673 0.244979 -0.444200 -0.377745 
-0.039269 -0.461168 -0.356269 0.142451 -0.245678 -0.393901 -0.217900 0.760850 -0.084993 -0.280788 
-0.334843 -0.287037 -0.076188 -0.168996 0.009586 0.126960 -0.112153 -0.085179 -0.186037 -0.196757 
-0.125816 -0.111710 0.624449 0.819340 0.328985 0.286057 0.318456 0.341913 0.449811 0.561805 
0.352420 0.311802 0.375331 0.314204 0.009980 -0.057444 -0.054356 -0.053194 0.113524 0.148558 
0.123794 0.159508 0.585527 0.815445 0.116057 0.097671 -0.149561 -0.103933 -0.100875 -0.068372 
0.053401 0.002825 0.131526 0.181667 0.581800 0.728106 0.452704 0.435067 0.018211 0.014439 
-0.030399 -0.062588 -0.163962 -0.143137 0.057849 0.113157 -0.220207 -0.221210 0.021001 -0.017033 
-0.154814 0.186534 0.227003 -0.091276 -0.492441 -0.138996 -0.128918 -0.128132 -0.339029 -0.053096 
-0.060150 -0.384036 -0.351312 -0.424092 -0.426160 -0.375113 -0.399856 -0.163044 -0.519363 -0.510429 
-0.356443 -0.166467 -0.169449 -0.259475 -0.247903 -0.253092 -0.270829 -0.281862 -0.188977 -0.182203 
-0.175250 -0.119095 0.168562 0.116217 -0.034056 -0.020907 -0.079814 -0.071037 0.030005 -0.001976 
0.019120 0.023674 0.115861 0.178362 0.122645 0.093704 -0.041395 -0.032426 -0.021316 -0.052556 
-0.024833 -0.002426 0.402929 0.833181 0.413592 0.242348 -0.000456 0.025177 -0.004173 0.045550 
0.120291 0.086434 0.148972 0.109202 0.141000 0.307177 0.057283 0.036137 -0.235696 -0.184445 
-0.112517 -0.138301 -0.292995 -0.279243 -0.295114 -0.331323 -0.275255 -0.137148 -0.135276 -0.208833 
0.235927 0.057972 -0.341242 0.439340 -0.084378 0.548106 -0.480892 -0.148037 -0.493369 -0.306714 
-0.398205 0.190736 -0.291133 -0.283154 -0.437302 -0.225034 0.036982 -0.319902 -0.293705 -0.550165 
0.419839 -0.304713 -0.206532 -0.251150 -0.241450 -0.294188 -0.252779 -0.244950 -0.173134 -0.089457 
-0.112211 -0.080440 0.293875 0.242642 -0.113358 -0.073653 -0.153421 -0.179974 -0.081386 -0.072437 
0.057004 0.137355 0.239838 0.250261 0.079078 0.036699 -0.065880 -0.069218 -0.031260 -0.035938 
0.197431 0.227689 0.572532 0.964970 0.228729 0.225130 -0.050668 -0.064041 0.006962 0.029188 
0.037585 0.035117 0.324376 0.283617 0.191547 0.285778 0.064733 0.090895 -0.239921 -0.235569 
-0.226148 -0.242797 -0.305580 -0.344223 -0.343763 -0.238860 0.129537 -0.089039 -0.140504 -0.239376 
0.110470 0.195616 -0.175042 -0.156132 0.076316 -0.012498 -0.212276 -0.338140 -0.358003 -0.448483 
-0.298689 0.004707 -0.014710 0.188928 -0.531389 -0.320162 -0.200289 -0.327661 -0.438729 -0.418720 
0.799997 0.086794 -0.095604 -0.252658 -0.270262 -0.260591 -0.238048 -0.287500 0.168434 0.667772 
0.477385 0.361542 0.417519 0.372434 0.163185 0.163377 0.074217 0.064295 0.101325 0.129191 
0.227914 0.156259 0.259937 0.289933 0.147701 0.101654 0.158082 0.113005 0.224002 0.395400 
0.405260 0.341611 0.650274 0.726609 0.491032 0.443177 0.151950 0.148118 0.140227 0.118860 
0.036474 -0.037999 0.162548 0.234912 0.259204 0.203791 0.122467 0.098102 -0.279483 -0.309679 
-0.285095 -0.209158 -0.233036 -0.278823 -0.301033 -0.189856 0.255698 0.189169 -0.444659 -0.200872 
0.255750 0.342756 -0.064820 -0.002399 -0.217108 0.188394 -0.026131 -0.416432 -0.435314 -0.457915 
-0.262726 -0.175645 -0.476472 -0.485728 -0.532792 -0.147116 -0.194549 -0.009885 -0.160941 -0.259976 
-0.440794 -0.047992 0.127278 -0.064904 -0.247250 -0.247152 -0.272720 -0.313296 0.166588 0.394434 
0.297706 0.181860 0.223530 0.278044 0.149634 0.138793 0.124832 0.191082 0.216564 0.193402 
0.195915 0.230217 0.315336 0.295743 0.172017 0.162513 0.147837 0.091724 0.107094 0.255709 
0.301820 0.197470 0.430554 0.524019 0.389596 0.444667 0.162920 0.229454 0.309342 0.144138 
0.067427 0.048770 0.168859 0.145218 0.298140 0.340246 0.014739 0.108764 -0.334711 -0.288183 
-0.204473 -0.180118 -0.323876 -0.305940 -0.334878 -0.019500 0.148990 0.439891 0.371159 0.059529 
0.006476 0.127254 -0.305110 -0.325815 -0.009949 0.020140 -0.325890 -0.297765 -0.288452 -0.496730 
-0.538438 -0.457957 -0.420941 -0.464584 0.408030 -0.358539 -0.522889 -0.295170 -0.182169 -0.364525 
-0.253541 -0.136725 -0.176374 -0.179665 -0.269982 -0.216333 -0.296481 -0.143173 0.279312 0.126601 
-0.030439 -0.067095 -0.211774 -0.181930 -0.172244 -0.162764 -0.161302 -0.227224 -0.168814 -0.109750 
-0.152473 -0.167869 -0.109562 -0.028723 -0.254137 -0.250081 -0.223820 -0.279972 -0.174765 -0.174902 
-0.171841 -0.077512 -0.087286 -0.178156 -0.135564 -0.120290 -0.167838 -0.132867 -0.223788 -0.246892 
-0.261891 -0.284728 -0.310319 -0.307469 -0.274189 -0.296109 -0.259543 -0.234046 -0.312766 -0.321030 
-0.285461 -0.266070 -0.339332 -0.362970 -0.449436 -0.211401 0.080868 -0.277692 -0.322711 0.051219 
0.086304 -0.062890 -0.281201 -0.412611 -0.194136 -0.320298 -0.407544 -0.461337 -0.418588 -0.455996 
-0.405008 -0.534833 -0.167827 0.310546 -0.387139 -0.305439 -0.463380 -0.382462 -0.287933 -0.408165 
-0.446621 -0.377584 0.494514 -0.202192 -0.114366 -0.033798 -0.197449 -0.200545 0.156426 0.374780 
-0.020018 -0.011151 -0.147277 -0.120903 -0.203207 -0.146456 -0.218496 -0.205645 -0.163865 -0.265869 
-0.289643 -0.299115 -0.297472 -0.245430 -0.203820 -0.243557 -0.182477 -0.152589 -0.207763 -0.242422 
-0.241376 -0.271229 -0.244667 -0.231255 -0.198647 -0.202088 -0.267761 -0.269864 -0.246495 -0.227588 
-0.336547 -0.317600 -0.281081 -0.286436 -0.296388 -0.257976 -0.253725 -0.352278 -0.346899 -0.369362 
-0.338521 -0.403281 -0.406380 -0.434735 -0.278842 -0.262716 -0.069475 0.673362 -0.286803 -0.396180 
0.145256 -0.254917 -0.393039 -0.392583 -0.167391 -0.306787 -0.357768 -0.200872 -0.310694 -0.352872 
-0.136670 -0.468151 -0.192083 -0.293973 -0.342632 -0.221403 -0.282114 -0.430999 -0.264498 -0.360267 
-0.252640 -0.095091 -0.032172 -0.204243 -0.296598 -0.251209 -0.245983 -0.320454 0.104101 0.458845 
0.264051 0.043387 -0.301991 -0.250048 -0.194462 -0.222895 -0.382057 -0.384387 -0.352048 -0.336140 
-0.321158 -0.283106 -0.296815 -0.301285 -0.313438 -0.332084 -0.246470 -0.246945 -0.189886 -0.201190 
-0.234714 -0.167606 -0.073685 -0.137903 -0.206192 -0.162868 -0.268665 -0.312417 -0.322293 -0.257937 
-0.285986 -0.284422 -0.265494 -0.246026 -0.233201 -0.346202 -0.425712 -0.282614 -0.387805 -0.393222 
-0.388941 -0.442294 -0.465930 -0.437284 -0.182089 -0.193818 0.676081 -0.348198 -0.080871 -0.297828 
0.210191 -0.048145 -0.471545 -0.453613 -0.137708 -0.245736 -0.233871 -0.376354 0.175200 -0.207205 
-0.447560 -0.240304 0.156783 -0.140384 -0.426490 -0.466544 0.226893 -0.039556 0.041867 -0.417131 
-0.441726 0.900422 0.300017 -0.312502 -0.274471 -0.270947 -0.214087 -0.205971 0.097816 0.339426 
0.166696 0.197483 -0.250033 -0.216603 -0.018053 0.061043 -0.040294 -0.238273 -0.218481 -0.255973 
-0.278000 -0.225481 -0.225209 -0.279615 -0.335776 -0.329738 -0.290113 -0.230567 -0.173167 -0.219538 
-0.271066 -0.196737 -0.114030 -0.255945 -0.259819 -0.263003 -0.313109 -0.329410 -0.248917 -0.263176 
-0.308142 -0.361063 -0.386248 -0.347345 -0.202588 -0.284035 0.133106 0.009236 -0.484879 -0.083634 
-0.196098 -0.534735 -0.512517 -0.373613 -0.321715 -0.260843 -0.073763 -0.239595 -0.051501 0.080353 
-0.010698 -0.080672 -0.309812 -0.355608 -0.220093 -0.373508 -0.402040 -0.305775 -0.052747 0.030291 
0.321689 -0.122958 -0.462195 -0.461360 -0.229903 -0.069378 -0.276176 -0.294417 -0.411386 -0.490270 
-0.084599 0.449726 -0.438031 -0.428629 -0.405161 -0.400912 -0.375010 -0.394745 -0.353854 -0.340819 
-0.384477 -0.353521 -0.408011 -0.419452 -0.448628 -0.419542 -0.463627 -0.511669 -0.402938 -0.428949 
-0.266717 -0.274379 -0.385510 -0.338834 -0.359899 -0.387340 -0.356908 -0.316863 -0.280300 -0.393298 
-0.402899 -0.383861 -0.380219 -0.390156 -0.320790 -0.327506 -0.445270 -0.446989 -0.430356 -0.417383 
-0.386442 -0.409494 -0.374347 -0.091657 0.170228 0.199545 -0.262676 -0.350699 -0.464068 -0.222978 
-0.359021 -0.497851 -0.351350 -0.175450 0.079152 0.366294 0.624862 0.206279 1.681596 -0.302417 
-0.103000 0.093578 -0.114608 -0.355713 -0.230853 -0.416490 -0.407669 -0.224286 -0.257510 -0.479976 
-0.423703 0.025916 -0.322743 -0.525121 -0.129948 0.184922 0.179615 -0.529261 -0.507692 -0.508276 
-0.176738 0.200373 -0.361110 -0.267073 -0.370635 -0.347246 -0.248067 -0.291667 -0.278065 -0.260528 
-0.282812 -0.297975 -0.366014 -0.422000 -0.409920 -0.445624 -0.446548 -0.459034 -0.403377 -0.448589 
-0.284832 -0.340693 -0.339040 -0.321115 -0.379250 -0.387987 -0.363728 -0.446508 -0.442534 -0.338668 
-0.330467 -0.381181 -0.334756 -0.301094 -0.355220 -0.389312 -0.446228 -0.433922 -0.410711 -0.376842 
-0.333152 -0.260900 -0.266692 0.851136 1.284240 0.147067 -0.385186 -0.457168 0.918695 -0.248701 
-0.492943 -0.338675 -0.092420 -0.121715 0.284009 0.720234 -0.085286 0.309750 0.984769 -0.166697 
-0.091403 -0.037847 0.083666 -0.232706 -0.391939 -0.393757 -0.253809 -0.351080 -0.109038 0.108872 
-0.145792 0.338308 -0.548353 -0.523630 -0.260469 -0.454837 -0.504309 -0.393158 -0.340982 -0.028379 
-0.537017 -0.104611 0.296961 -0.275477 -0.324423 -0.315806 -0.235862 -0.160338 -0.257229 -0.322921 
-0.197829 -0.158419 -0.321763 -0.320137 -0.259696 -0.278645 -0.099719 0.345713 -0.201605 -0.339753 
-0.361807 -0.391911 -0.398998 -0.432608 -0.478906 -0.472088 -0.402716 -0.144594 0.112679 -0.477170 
-0.473259 -0.431904 -0.367315 -0.365387 -0.390607 -0.363062 -0.436306 -0.456870 -0.545960 -0.504103 
-0.230314 -0.154489 -0.346918 -0.189319 -0.292820 -0.235507 -0.041018 -0.383620 0.119208 0.453291 
0.420500 -0.084559 -0.252664 -0.157292 -0.356587 -0.248399 -0.182532 -0.207485 0.057885 0.085538 
0.270008 -0.059910 -0.383340 -0.416617 -0.369087 -0.505657 -0.418000 -0.398433 -0.366218 -0.337927 
-0.290253 -0.203982 -0.477561 -0.373211 -0.332035 -0.459234 -0.199729 -0.422862 -0.539306 -0.465107 
-0.462014 0.194170 -0.243517 -0.262715 -0.278237 -0.328601 -0.261736 -0.217427 -0.270749 -0.273673 
-0.172253 -0.130339 -0.367128 -0.331547 -0.323973 0.046449 1.494820 -0.277311 -0.353777 -0.299856 
-0.398013 -0.377738 -0.192407 -0.349688 -0.387410 -0.260998 -0.479089 -0.523985 -0.376636 -0.307008 
-0.319262 -0.450956 -0.387364 -0.378351 -0.363572 -0.386126 -0.483416 -0.495817 -0.050759 -0.430923 
-0.402716 -0.402974 0.152917 -0.068080 -0.275391 -0.272966 -0.128251 -0.215095 -0.166258 -0.257093 
-0.366459 -0.361307 -0.190835 0.007806 -0.118124 -0.077829 -0.063243 -0.318543 -0.196930 0.039239 
0.771941 0.067933 0.255527 -0.281184 -0.069487 -0.077907 -0.121139 -0.275862 -0.320415 -0.271587 
-0.272807 -0.222683 -0.452585 -0.328653 -0.467554 -0.535562 -0.321339 -0.237426 -0.156878 -0.108707 
-0.209040 0.212788 -0.324963 -0.081065 -0.266593 -0.380821 -0.241771 -0.252692 -0.228688 -0.170696 
-0.292225 -0.325722 -0.402588 -0.453621 -0.421987 -0.212412 0.302653 -0.206693 -0.145882 -0.377806 
-0.548586 -0.442022 -0.379274 -0.410775 -0.506212 -0.242039 -0.356433 -0.403178 -0.273804 -0.329997 
-0.280628 -0.495121 -0.412358 -0.450121 -0.436496 -0.434632 -0.347571 -0.046868 -0.487106 -0.081491 
-0.262059 -0.445146 0.153921 -0.094513 -0.086545 -0.394001 -0.158747 -0.074422 0.130979 -0.368727 
0.312289 -0.384414 -0.106001 0.359990 -0.187089 -0.248837 -0.113952 -0.230379 -0.309793 -0.114865 
0.183679 0.041586 -0.157087 -0.231617 -0.049228 -0.255236 -0.237066 -0.300468 -0.287601 -0.306686 
-0.192257 -0.137220 -0.282231 0.005646 -0.523020 -0.532454 -0.245528 -0.522124 -0.075417 -0.152426 
0.210564 -0.444393 -0.258243 0.206427 -0.198205 -0.386192 -0.394425 -0.406332 -0.381339 -0.382727 
-0.383714 -0.374389 -0.418115 -0.427343 -0.152634 -0.199192 -0.385702 -0.003875 0.206965 -0.433312 
-0.526762 -0.460242 -0.485249 -0.362630 -0.200175 0.010556 -0.016734 -0.053061 -0.247011 -0.378706 
-0.500643 -0.258310 -0.226349 -0.435165 -0.413123 -0.394743 -0.489125 -0.294110 -0.310095 -0.308962 
-0.411068 -0.323213 -0.324132 -0.005897 -0.357937 -0.430048 -0.053552 -0.203901 -0.103192 -0.160414 
-0.317490 -0.427603 0.062689 -0.116167 -0.211654 -0.265325 -0.310116 -0.336373 -0.266047 -0.198066 
0.111905 -0.177877 -0.350998 -0.116945 -0.360946 -0.368741 -0.402793 -0.364413 -0.287219 -0.357073 
-0.383604 -0.378224 -0.351187 -0.394325 -0.372953 -0.199385 -0.437627 -0.408336 -0.118170 0.239905 
-0.151001 -0.546950 -0.411461 -0.097494 -0.515336 -0.508280 -0.517197 -0.308253 -0.399261 -0.399951 
-0.313481 -0.248403 -0.258004 -0.387730 -0.508275 -0.337255 -0.462571 -0.022357 -0.091366 -0.333305 
-0.116713 0.065910 -0.184688 -0.164426 -0.379433 0.226930 -0.209719 -0.231326 0.044537 -0.487543 
-0.287595 0.759716 -0.255822 -0.280671 -0.419477 -0.462763 -0.476871 -0.241153 -0.446056 0.401809 
-0.364589 -0.403227 -0.459555 -0.294833 -0.200857 -0.421714 0.030974 -0.019478 0.052864 -0.024496 
-0.227164 -0.037842 0.186898 -0.116653 -0.173697 -0.264395 -0.096576 0.018801 -0.207244 -0.098529 
0.132542 -0.209957 -0.273591 -0.337778 -0.380881 -0.369967 -0.236943 -0.282604 -0.367222 -0.290670 
-0.364727 -0.395146 -0.387826 -0.452333 -0.317893 -0.344789 -0.503246 0.284936 -0.423819 -0.265668 
-0.411842 0.245982 0.392413 -0.361730 -0.500855 -0.538610 -0.370963 -0.224255 -0.396024 -0.431917 
-0.421172 -0.342227 -0.279357 -0.108297 -0.480807 0.303131 -0.369615 -0.320180 -0.267195 0.033086 
-0.075227 0.129246 -0.435735 -0.254874 -0.313630 -0.393190 -0.471983 -0.497110 -0.127329 -0.477537 
-0.017779 0.621886 -0.373385 -0.358184 -0.372409 -0.513137 -0.150403 0.082659 -0.437624 -0.380389 
-0.076243 0.306604 -0.302109 -0.286693 -0.396639 -0.100280 -0.323338 -0.166195 -0.210638 -0.426235 
-0.295682 0.064457 -0.249183 -0.311297 -0.211103 -0.203196 -0.355226 -0.131960 -0.135144 -0.156018 
0.324780 -0.057575 -0.126561 -0.400666 -0.326720 -0.147287 -0.135807 -0.146867 -0.257731 -0.174794 
0.006913 -0.228656 -0.319472 -0.183231 -0.169829 -0.123912 -0.143725 -0.120448 -0.291299 -0.208632 
-0.128831 0.458425 0.156612 -0.286700 -0.253463 0.412636 0.287110 0.014804 -0.150705 -0.094682 
0.225554 -0.372823 -0.369026 -0.424407 0.130088 0.397557 0.017604 -0.409588 -0.416516 -0.159349 
-0.223069 -0.014134 -0.165021 0.154511 -0.196210 -0.470507 -0.351555 1.294362 -0.365379 0.070416 
-0.213605 0.011163 -0.417671 -0.338826 -0.504845 -0.547524 0.038166 -0.196626 0.081998 0.237362 
-0.243088 -0.031706 -0.140602 0.138283 -0.414540 -0.365752 -0.202210 -0.132126 -0.221083 -0.091528 
-0.471546 -0.249512 0.117956 0.317031 -0.183119 -0.189324 -0.152514 0.005920 -0.312575 -0.204230 
0.261210 -0.063950 -0.233791 -0.406488 -0.192188 -0.362555 -0.165301 -0.228686 -0.270124 -0.284770 
-0.370778 -0.333443 -0.253110 -0.191975 -0.167459 -0.251957 -0.248727 0.038980 0.042281 -0.285621 
-0.313071 -0.140600 0.231617 -0.088066 -0.388840 -0.034405 0.165216 -0.059646 -0.295574 -0.021892 
1.445053 -0.097516 -0.241734 -0.317608 0.016939 -0.145288 -0.310026 -0.254558 0.084460 -0.015704 
0.350052 -0.405779 -0.072220 -0.190238 -0.113412 -0.367875 -0.081241 -0.006865 -0.409416 -0.045868 
0.093375 -0.354280 -0.149443 0.401721 -0.334051 -0.393895 -0.354867 -0.346298 -0.281739 -0.247127 
-0.130309 -0.477659 -0.286744 -0.244397 -0.315319 -0.464839 -0.171139 0.012177 -0.229824 -0.203698 
-0.121200 -0.397084 -0.232737 -0.100327 -0.213168 -0.198975 -0.073241 -0.042186 -0.045653 -0.070980 
0.177710 0.325557 0.215973 0.046613 0.142313 -0.221799 -0.196347 -0.335687 -0.279549 -0.330182 
-0.384842 -0.336147 -0.178985 -0.014650 0.082618 -0.054502 -0.349851 -0.351893 -0.234124 -0.300051 
-0.219659 -0.123580 0.094012 -0.100221 0.175934 -0.012033 -0.023587 -0.224935 -0.311288 -0.095919 
0.811106 0.224244 -0.239594 0.319578 0.507214 0.292050 0.329739 -0.160457 -0.378018 -0.291960 
0.004110 -0.128641 -0.217139 -0.230260 -0.066476 -0.206718 0.235285 -0.278443 -0.433990 -0.342612 
-0.511845 -0.304202 0.436164 -0.146304 -0.070172 -0.004002 -0.365545 -0.314928 -0.214269 -0.126246 
-0.142645 -0.132216 0.014731 0.945527 -0.008697 -0.207625 -0.120577 -0.302846 -0.333792 -0.102314 
-0.057885 0.022327 -0.171187 -0.393884 -0.356736 -0.249223 -0.270619 -0.222202 0.048065 -0.126435 
0.352960 0.072750 0.072027 0.004482 0.223932 -0.176879 -0.314662 -0.292396 -0.314280 -0.363630 
-0.313653 -0.277527 -0.269068 -0.144876 -0.124442 -0.014342 -0.174699 -0.352127 -0.260635 -0.375026 
0.022524 -0.166631 -0.380207 -0.367738 0.225995 0.098584 -0.168898 -0.341931 -0.029011 0.142199 
0.143684 0.160690 -0.310638 -0.230512 0.258773 -0.030051 -0.317042 -0.186265 -0.097138 -0.238588 
0.083253 -0.229345 0.187377 0.251804 0.515544 -0.255427 -0.245557 0.061215 0.142422 -0.434735 
-0.195946 0.172090 -0.015307 -0.482715 -0.250998 -0.173670 -0.326374 -0.423749 -0.306494 -0.285723 
-0.016393 -0.144243 -0.185034 -0.232598 -0.424826 -0.328711 -0.298921 -0.045222 0.011960 -0.086438 
-0.313681 -0.077273 0.103612 -0.206924 -0.313666 -0.391085 -0.363023 -0.336555 -0.202237 -0.143803 
1.138279 1.299533 0.395871 0.043871 -0.173759 -0.190047 -0.307208 -0.195985 -0.181785 -0.235050 
-0.312233 -0.192365 -0.104852 -0.121967 -0.234916 -0.189858 -0.195309 -0.229406 -0.210487 -0.238531 
-0.217936 -0.214582 -0.311310 -0.319861 -0.316212 0.142318 -0.137344 -0.261344 -0.252957 -0.206142 
-0.283897 -0.218296 0.077436 -0.435655 -0.095371 -0.006384 -0.214431 -0.114309 -0.252891 0.123780 
0.321160 -0.185665 -0.081459 -0.374968 -0.159147 0.243631 -0.201092 -0.263307 -0.378525 -0.478415 
0.052198 -0.213934 0.756403 0.131287 0.167434 -0.235489 0.039349 -0.185785 -0.209709 -0.148531 
-0.040818 -0.141424 -0.084558 0.131502 -0.184881 -0.136392 -0.135911 -0.248581 -0.316423 -0.374842 
-0.396249 -0.434538 -0.211323 -0.346432 -0.358757 -0.218199 0.005204 -0.333280 -0.298169 -0.112486 
0.845806 0.548050 0.017023 0.118631 -0.065794 -0.177774 -0.224059 -0.108802 -0.250999 -0.212585 
0.048683 -0.244203 -0.112669 -0.132129 -0.207709 -0.151857 -0.081285 -0.226115 -0.269746 -0.282088 
-0.286005 -0.174466 -0.173195 -0.229719 -0.249603 -0.156207 -0.073898 -0.193352 -0.286654 -0.240099 
-0.363755 -0.189825 -0.456255 -0.280718 -0.277956 -0.059308 -0.273768 -0.258304 -0.254176 -0.138879 
0.141627 0.134410 0.169180 0.115443 -0.163742 -0.246743 -0.157228 -0.343924 -0.221239 -0.082714 
0.299634 -0.216557 -0.056605 0.152141 0.475835 -0.254984 0.006957 -0.142573 -0.210124 0.041607 
-0.222046 -0.222864 0.122674 0.276946 -0.036707 -0.306551 -0.382423 -0.054456 -0.014118 0.017579 
-0.393756 -0.168058 -0.161562 -0.107453 -0.309290 -0.199172 -0.281929 -0.251704 -0.188756 -0.170453 
0.492236 -0.136360 -0.062483 -0.153847 -0.343256 -0.283567 -0.179427 0.011713 -0.200035 -0.076253 
0.134800 0.031926 -0.246851 -0.218539 -0.287141 -0.288285 -0.289493 -0.275706 -0.264346 -0.341999 
-0.220832 0.013412 -0.231784 0.194492 -0.232117 -0.140459 -0.283171 -0.242086 -0.274800 -0.153495 
0.119876 -0.125075 -0.026954 0.106845 -0.178581 -0.145893 -0.194098 -0.188088 -0.134795 -0.121208 
0.074119 0.240380 0.006559 -0.012230 -0.398708 -0.365413 -0.223494 -0.142091 -0.156581 -0.053506 
0.004904 -0.477221 -0.328605 -0.074671 -0.003639 -0.359137 -0.261316 -0.341430 -0.126672 0.342515 
-0.322536 -0.303325 -0.023775 -0.286182 -0.167137 -0.282149 -0.082424 -0.154475 -0.168982 -0.191744 
-0.362009 -0.148053 -0.128858 -0.205258 -0.307596 -0.335519 -0.295707 -0.326582 -0.476370 -0.189675 
0.687343 0.710890 0.150100 -0.021744 -0.288696 -0.377090 -0.463584 -0.350475 -0.165647 -0.159253 
-0.270323 -0.117073 -0.143093 -0.280228 -0.368289 -0.312322 -0.235212 -0.215234 -0.245753 -0.252064 
-0.145565 -0.164372 0.059827 0.495906 -0.262801 -0.119224 -0.061316 -0.181794 -0.306866 -0.272719 
-0.117097 -0.290235 -0.389081 -0.203442 -0.032045 -0.002018 -0.173985 -0.185885 -0.099929 -0.253724 
-0.281794 -0.189984 -0.199889 -0.301556 -0.035159 -0.048480 -0.302491 -0.206547 -0.375368 -0.334281 
-0.389209 -0.446774 -0.293298 -0.164167 -0.129117 -0.152201 0.209611 0.253881 -0.229080 0.169122 
-0.283377 -0.276190 -0.053479 -0.128427 0.071079 -0.202384 -0.230541 -0.168719 -0.278416 -0.454247 
-0.273725 -0.204856 -0.153074 -0.253554 -0.342752 -0.283606 -0.233649 -0.273796 -0.260955 0.350010 
0.584382 0.179126 0.054052 -0.317355 -0.183339 0.324022 0.765099 -0.029988 -0.253153 -0.269302 
-0.042274 0.193135 -0.250763 -0.310414 -0.385762 -0.337273 -0.227698 -0.189675 -0.280068 -0.316922 
-0.078705 0.360547 -0.135299 -0.150241 -0.195337 -0.077724 -0.287386 -0.253806 -0.337925 -0.338080 
-0.255687 -0.110241 -0.098526 -0.261143 -0.278814 -0.182328 -0.150092 -0.241320 -0.243896 -0.192574 
-0.307676 -0.245310 -0.202255 -0.300905 -0.233723 -0.093647 0.217122 1.401016 -0.298750 -0.368428 
-0.315249 -0.378112 -0.183766 -0.198039 -0.330316 -0.358659 -0.173862 0.323758 -0.172621 -0.266387 
-0.234778 -0.318820 0.008424 -0.295242 -0.152589 -0.294587 -0.075828 0.277088 -0.201914 -0.106038 
0.500127 -0.228866 -0.262100 -0.347745 -0.353058 -0.242323 -0.323913 -0.250163 0.005576 1.328580 
1.154666 0.582203 -0.185813 -0.308726 -0.011032 1.427411 0.293816 0.366101 -0.170241 -0.202158 
-0.160703 -0.168477 -0.251893 -0.175122 -0.312493 -0.376778 -0.362256 -0.160763 -0.247147 -0.272736 
-0.137205 0.072389 -0.149287 -0.168581 -0.204617 -0.275572 -0.217458 -0.167134 -0.203343 -0.272600 
-0.203786 -0.320694 -0.129673 -0.149592 -0.192825 -0.078365 0.112746 -0.183550 -0.269553 -0.188974 
-0.257463 -0.300342 -0.258152 -0.284184 -0.225367 -0.275186 -0.030907 0.096957 -0.398153 -0.127747 
-0.309331 -0.042617 0.387032 0.772652 0.011843 -0.128308 -0.088510 -0.199402 -0.112450 -0.271861 
-0.167926 -0.099052 0.116951 0.164586 -0.057317 -0.166153 -0.315585 -0.374633 -0.416168 -0.187383 
-0.340050 -0.325753 -0.057115 -0.033567 -0.164490 -0.334908 -0.342560 -0.290963 -0.138818 -0.308824 
0.839886 0.025354 0.691771 0.004399 -0.043474 -0.041264 -0.006121 0.474745 -0.098941 -0.230022 
-0.202073 -0.270857 -0.265049 -0.297503 -0.299855 -0.317218 0.079417 1.136085 -0.207108 -0.185936 
-0.116816 -0.103009 -0.170455 0.032952 -0.131587 -0.255336 -0.364941 -0.340020 -0.250818 -0.308527 
-0.274112 -0.159856 -0.070227 -0.155700 -0.297943 -0.161862 0.064694 -0.197961 -0.213362 -0.247505 
-0.312865 -0.329389 -0.289624 -0.270182 -0.225574 -0.140630 -0.314954 -0.294959 0.024894 -0.145514 
-0.218299 0.613457 0.432891 -0.179307 -0.065632 0.101727 -0.230911 -0.069977 0.099003 -0.152345 
-0.250327 0.112177 0.185646 -0.071053 -0.111073 -0.275080 -0.051229 -0.084685 -0.139854 -0.129804 
0.160618 -0.348175 -0.221963 0.085653 -0.390682 -0.449130 -0.081850 0.098257 0.085820 -0.010041 
1.161133 0.306897 0.798256 -0.106381 0.035594 -0.178048 -0.141174 0.024629 -0.240955 -0.251642 
-0.159194 -0.186347 -0.254656 -0.299037 -0.337657 -0.131470 0.289610 -0.233064 -0.110666 -0.201388 
-0.080233 -0.201157 -0.177316 -0.153453 -0.232067 -0.289924 -0.339221 -0.319642 -0.280607 -0.291921 
-0.222110 -0.201302 -0.198915 -0.190986 -0.162713 -0.254743 -0.136597 -0.165871 -0.061498 -0.069317 
-0.277720 -0.281132 -0.265669 -0.288962 -0.238084 -0.237936 -0.222013 -0.338055 -0.393726 -0.337941 
-0.188039 -0.068082 0.009079 -0.115337 -0.282824 -0.314634 -0.375115 -0.360068 -0.341563 -0.505399 
-0.232475 -0.154616 -0.117058 -0.340499 -0.229459 0.053201 1.032606 -0.049460 -0.157427 -0.299070 
-0.138721 -0.134786 0.114468 0.082103 0.122956 0.193073 0.080302 0.025016 0.002917 0.220139 
0.498326 0.299380 0.201647 -0.088075 -0.200596 -0.265713 -0.257155 -0.347604 0.316614 0.099489 
0.104466 -0.043493 -0.222935 -0.186743 -0.139904 -0.159772 -0.336212 -0.026151 0.126569 0.050084 
-0.229092 -0.231995 -0.121333 -0.224485 -0.228943 -0.239187 -0.265824 -0.074490 -0.203180 -0.253662 
-0.226450 -0.133198 -0.137173 -0.216996 -0.266258 -0.254828 -0.145250 -0.207551 -0.283319 -0.261685 
-0.251612 -0.208026 -0.230224 -0.306499 -0.307003 -0.225612 -0.293536 0.045223 0.157491 -0.265797 
-0.239430 -0.143312 -0.487343 -0.515192 -0.363403 0.742974 -0.011261 -0.307455 -0.057885 -0.229734 
-0.049532 0.025457 1.241963 0.113501 -0.041874 -0.403880 -0.016312 -0.194791 -0.329364 -0.318058 
-0.182487 0.182288 0.082663 0.116642 -0.194264 -0.132391 -0.144011 -0.222845 -0.040865 0.071424 
0.344475 0.199969 0.116986 0.215459 -0.211410 -0.199508 -0.295460 -0.205819 0.267961 -0.136955 
-0.060534 0.073584 -0.209660 -0.192438 -0.179766 -0.091761 0.896955 0.382953 0.005289 0.031275 
-0.249178 -0.257128 -0.135642 -0.068756 -0.236611 -0.293678 -0.073213 0.483991 -0.156525 -0.168472 
-0.305551 -0.284131 -0.280518 -0.151350 0.044071 -0.277375 -0.268721 -0.229138 -0.231303 -0.327079 
-0.068370 -0.261773 -0.187620 0.195097 0.207982 -0.271126 -0.253521 1.196674 -0.256267 -0.037292 
-0.301744 -0.002404 0.047093 -0.277298 -0.373389 0.061913 0.548087 -0.530850 -0.338169 -0.168164 
0.454839 0.308595 0.147608 0.316623 -0.094638 0.095458 0.114266 -0.225583 -0.022496 0.311598 
-0.082452 0.235824 0.006040 -0.157148 -0.218018 -0.245629 -0.286442 -0.322313 -0.124479 0.414248 
0.873167 0.383315 -0.045890 -0.080000 0.023968 -0.220119 -0.237782 -0.140445 0.267906 0.152552 
0.064732 -0.058052 -0.280451 -0.287983 -0.254910 -0.170328 0.291508 -0.000325 -0.212200 -0.055146 
-0.290808 -0.269086 -0.290728 -0.284555 -0.311073 -0.357685 -0.405160 -0.429130 -0.343583 -0.425718 
-0.240295 -0.175535 -0.190697 -0.186696 -0.242746 -0.257236 -0.249863 -0.341849 -0.223155 -0.365602 
-0.228467 -0.072691 -0.189129 -0.069113 -0.035083 -0.208290 -0.103119 0.197982 -0.263220 -0.104011 
0.126837 0.041793 -0.318034 -0.310099 -0.338139 -0.281070 -0.104499 -0.116973 -0.168679 -0.089695 
-0.124860 -0.069982 -0.128533 -0.061365 -0.117233 -0.137943 -0.204951 -0.305424 -0.298585 -0.313716 
-0.339023 -0.209488 -0.353257 -0.341601 -0.208340 -0.281888 -0.310681 -0.332848 -0.299480 -0.142986 
1.302597 0.106586 0.034332 -0.244928 -0.323189 -0.360897 0.105369 0.121115 0.001346 0.446671 
-0.230322 -0.221299 -0.389054 -0.357167 0.189656 -0.002432 0.056784 0.777597 0.365778 -0.194020 
-0.379679 -0.408298 -0.220911 0.270366 0.310106 -0.218521 -0.142330 -0.219615 0.680127 0.229803 
-0.158908 -0.097983 -0.270571 -0.189059 -0.181464 -0.223954 -0.337026 -0.166947 -0.180743 0.180257 
0.258529 -0.312436 -0.250681 -0.106373 -0.271470 0.009734 -0.296755 -0.300291 -0.043719 0.011164 
-0.075754 -0.151768 -0.167134 -0.045697 -0.064344 -0.290426 -0.193813 -0.013961 -0.093396 -0.232335 
-0.233120 -0.067875 -0.091808 -0.141224 -0.226393 -0.250937 -0.111635 0.121764 -0.177693 -0.338148 
-0.232820 -0.336259 -0.301616 -0.255059 -0.238862 -0.290106 -0.303581 -0.324684 -0.038209 0.051619 
-0.265416 -0.273221 -0.021932 -0.070174 -0.028783 -0.028430 -0.166211 -0.117915 -0.077205 -0.020325 
-0.024206 -0.045703 -0.111590 -0.051217 -0.108338 -0.108576 -0.045121 -0.041222 -0.100594 -0.086099 
-0.042067 -0.049624 -0.022701 -0.107293 -0.065499 -0.156803 -0.079192 0.139820 -0.154941 -0.090314 
-0.032920 -0.112133 -0.045183 -0.165794 -0.032798 -0.104167 -0.081204 0.002119 -0.077418 -0.046603 
-0.034710 -0.022649 0.042343 0.012031 0.022494 0.007549 0.033111 -0.007375 -0.027298 -0.018131 
0.011737 -0.010791 0.030104 -0.039435 -0.013799 0.017709 0.025129 0.020657 0.077005 0.219722 
-0.047001 -0.173278 -0.109392 0.037141 -0.038074 -0.106422 -0.111826 -0.034745 0.003453 0.018210 
0.022366 0.016504 0.011334 0.037834 0.020042 0.028683 0.197198 0.062300 0.066549 0.125198 
-0.235411 -0.332442 -0.008266 -0.021400 0.018673 0.156480 -0.116873 -0.238977 -0.135678 -0.079622 
-0.112577 -0.119046 -0.085378 -0.012810 -0.064001 -0.123541 -0.169985 -0.144182 -0.178686 -0.178541 
-0.182427 -0.197196 -0.105432 -0.118905 0.027023 0.101869 0.084779 0.454347 0.360450 -0.200388 
-0.154336 -0.033921 0.388013 0.202574 -0.366059 -0.391815 -0.233098 0.033675 -0.003788 -0.230320 
-0.214611 -0.215148 -0.162791 -0.175031 -0.107029 -0.113307 -0.143894 -0.127668 -0.186843 -0.197827 
-0.159390 -0.170556 -0.053725 0.036256 -0.153673 -0.174547 -0.072820 -0.082783 0.203872 0.663378 
0.344502 -0.070512 -0.295267 -0.083231 -0.005014 -0.333626 -0.402223 -0.256613 -0.120991 -0.140789 
-0.144599 -0.139113 -0.104509 -0.115063 -0.173272 -0.140233 0.168791 0.175094 0.105014 0.252992 
0.052174 -0.094756 0.267821 0.406710 0.452547 0.535748 0.300580 0.096405 0.159613 0.221859 
0.257230 0.177640 0.074441 0.214533 0.285308 0.275131 0.288609 0.520274 0.645024 0.514950 
0.379994 0.320360 0.489384 0.510157 0.727989 0.701028 0.496792 0.803145 0.810686 0.504332 
0.762700 0.781854 0.654571 0.469360 0.533417 0.607194 0.405836 0.454131 0.602819 0.524693 
0.584969 0.556878 0.464223 0.407895 0.354132 0.252646 0.163433 0.178522 0.161292 0.187155 
0.289937 0.428484 0.580743 0.504097 0.306705 0.156402 0.199572 0.213584 0.415471 0.760438 
0.669666 0.489708 0.694258 0.645176 0.340353 0.329352 0.212033 0.185127 0.235802 0.241211 
0.245470 0.232059 0.185724 0.273099 0.215111 0.267066 0.704685 0.671923 0.236312 0.060766 
-0.018511 -0.203515 0.172120 0.432663 0.339044 0.253332 0.198490 0.025367 0.049950 0.119204 
0.183787 0.159794 0.088130 0.195388 0.090190 -0.013786 0.069216 0.299085 0.544454 0.318257 
0.129033 0.020077 0.079038 0.175745 0.182305 0.230829 0.059271 0.162162 0.395346 0.135320 
0.227712 0.158033 -0.032461 -0.104291 -0.084757 0.227954 0.184175 -0.024652 0.093837 0.154693 
0.117785 0.127018 0.258404 0.091759 -0.076903 -0.185768 -0.227362 -0.220590 -0.178847 -0.235127 
-0.314177 -0.074054 0.148905 0.145093 -0.035199 -0.246094 -0.349880 -0.294076 -0.159984 -0.017446 
0.273972 0.120636 0.043848 -0.046541 -0.205168 -0.228550 -0.190951 -0.136271 0.057013 -0.061232 
-0.168150 -0.104859 0.131963 0.365415 0.379437 0.267260 0.384650 0.424432 0.275634 0.054144 
-0.107534 -0.331257 -0.041102 0.212520 0.238158 0.151176 0.210662 0.157004 0.073796 0.049532 
0.140328 0.493174 0.367103 0.243883 0.005492 -0.153787 -0.116212 0.022499 0.251004 0.306574 
0.200527 0.011693 -0.036926 0.021312 0.005057 -0.037841 -0.038040 0.088036 0.261517 0.311409 
0.232046 0.149319 -0.108876 -0.077696 -0.145980 -0.073730 0.294124 0.144833 0.099624 0.249294 
0.268032 0.133507 0.136729 0.152770 0.188380 0.204101 0.193476 0.356681 -0.110713 -0.169468 
-0.244074 -0.286045 -0.037139 0.017823 0.149844 0.239534 -0.133307 -0.137413 -0.087266 -0.015852 
0.358073 0.265464 0.173219 -0.037112 -0.136016 -0.096944 -0.120697 -0.164021 0.097771 0.082622 
0.025618 0.030985 0.210846 0.246661 0.251023 0.211409 0.343010 0.230277 0.103048 0.102001 
-0.091893 -0.350538 -0.071930 0.163089 0.242394 0.133867 0.226976 0.195570 0.069053 0.050217 
0.203899 0.641484 0.436777 0.378545 0.225243 0.059944 0.036250 0.136084 0.526133 0.878600 
0.807060 0.560240 0.369388 0.468897 0.432362 0.335719 0.441669 0.673723 0.836449 1.042971 
1.048244 1.086652 0.882682 1.202158 0.503033 0.094741 0.515869 0.554576 0.554052 0.880400 
0.925589 0.801829 0.779533 0.578330 0.646942 0.963983 1.366219 1.570515 0.728971 0.714025 
0.180445 -0.030815 0.232689 0.383589 0.965466 1.518375 0.940812 0.508995 0.383026 0.323947 
0.820541 0.940096 1.287799 0.955204 0.481361 0.616950 0.341635 -0.141414 0.291364 0.574870 
0.846936 0.390848 0.249227 0.279975 0.364353 0.289761 0.449206 0.249902 0.071974 0.074214 
-0.096431 -0.311287 -0.097008 0.036474 0.074804 -0.122050 -0.276888 -0.301825 -0.260287 -0.151349 
0.015323 0.104609 0.075444 0.012891 0.088839 0.109860 0.057278 0.011378 0.356359 0.597366 
0.526071 0.510740 0.463838 0.343069 0.254489 0.258265 0.386354 0.386765 0.608678 0.757802 
0.906120 0.923747 0.649794 0.609682 0.348648 0.099833 0.465362 0.783493 0.744100 0.583894 
0.578776 0.471488 0.455235 0.405325 0.355548 0.397352 0.681527 1.142019 0.597253 0.539456 
0.002091 -0.203757 0.076964 0.196567 0.655614 0.976056 0.762440 0.530080 0.193219 0.128598 
0.516859 0.663445 1.251801 1.264037 0.226720 0.050121 -0.049070 -0.242925 0.185105 0.454495 
0.442594 0.399975 0.225779 0.195987 0.261258 0.136947 0.310322 0.216399 0.026462 0.051250 
-0.111775 -0.334177 -0.126997 -0.015550 0.067360 -0.055299 -0.305409 -0.379499 -0.497049 -0.174197 
-0.182502 -0.131244 -0.014982 -0.097236 -0.190806 -0.095035 0.001507 -0.033392 0.276907 0.565118 
0.787029 0.903944 0.610652 0.303377 0.186638 0.189914 0.447453 0.381372 0.372222 0.499142 
0.755635 0.735439 0.232992 0.246750 0.224824 0.126387 0.548555 0.660612 0.482508 0.301345 
0.204287 0.379167 0.736409 0.676085 0.287341 0.099304 0.183253 0.704274 0.651880 0.623198 
0.185692 -0.005041 0.273862 0.265248 0.497988 0.682167 0.662520 0.547977 0.357841 0.141603 
0.335026 0.476696 1.188782 1.483394 0.408049 0.105890 -0.023068 -0.207590 0.191162 0.397979 
0.302769 0.183782 0.088109 0.087571 0.124842 0.087374 0.287092 0.236390 0.076590 0.028727 
-0.091400 -0.359527 -0.125593 0.058471 0.243304 0.573672 0.616834 1.258674 0.624983 0.197141 
0.004097 -0.150401 -0.073099 0.022966 -0.161521 -0.247403 -0.215219 -0.186816 0.141685 0.438041 
0.529782 0.487855 0.561165 0.372498 0.320716 0.315445 0.371469 0.339441 0.321322 0.346705 
0.877806 1.247383 0.532639 0.314724 0.202478 0.096577 0.367570 0.440757 0.450483 0.223066 
0.217843 0.475907 0.633296 0.626342 0.609836 0.457983 0.354984 0.484951 0.471539 0.540864 
0.334343 0.150939 0.316714 0.231646 0.361793 0.375508 0.333173 0.478345 0.453798 0.152346 
0.087666 0.153539 0.913396 1.148038 0.422592 0.086827 -0.053181 -0.171224 0.233617 0.451552 
0.331007 0.123614 0.186017 0.188094 0.155472 0.041951 0.222724 0.201545 0.059852 0.011535 
0.033707 -0.307994 -0.122561 0.061298 0.354826 0.707715 0.599103 1.131018 1.001303 0.890029 
0.514819 0.444606 0.372428 0.280758 0.209086 0.263567 0.067261 -0.171510 -0.003802 0.362751 
0.446973 0.248814 0.259920 0.133930 0.060751 0.031604 0.198368 0.253159 0.260326 0.430877 
0.952311 1.096854 0.541891 0.339294 0.002527 -0.085586 0.168999 0.274599 0.262569 0.416344 
0.441451 0.449065 0.549079 0.731065 0.867013 0.681208 0.249999 0.070204 -0.019411 -0.110499 
-0.198465 -0.129946 0.096903 0.231270 0.335169 0.269439 0.013128 0.028350 0.272347 0.323308 
0.282659 0.208421 0.826536 1.010678 0.149871 -0.131592 -0.030158 -0.079208 0.169223 0.358319 
0.317846 0.186175 0.353362 0.334732 0.145650 -0.001734 0.132706 0.212690 0.148325 0.054759 
-0.114538 -0.348067 -0.164682 0.044232 0.213744 0.253434 0.439889 0.536840 0.653174 0.531100 
0.534913 0.431085 0.146950 0.200820 0.346928 0.367764 0.161344 0.031989 0.121447 0.279604 
0.266537 0.142028 0.262658 0.215670 0.235761 0.176693 0.162900 0.150939 0.271411 0.348096 
0.852953 1.075560 0.804487 0.474399 -0.080461 -0.224286 0.100495 0.236948 0.214902 0.431990 
0.364660 0.385172 0.496423 0.575043 0.617937 0.678080 0.354914 0.173685 0.004676 -0.158139 
-0.267211 -0.265055 -0.026930 0.144918 0.360165 0.470284 0.083630 -0.028406 0.123911 0.338525 
0.541765 0.270477 0.632378 0.817769 0.324446 -0.042601 -0.098155 -0.108136 0.122460 0.267214 
0.272062 0.153803 0.199665 0.358256 0.272959 0.058988 0.029947 0.160644 0.119901 0.047364 
-0.142965 -0.386432 -0.158922 0.033093 0.172430 0.223745 0.320197 0.299162 0.238869 0.028541 
0.064387 0.230116 0.226542 0.215709 0.291708 0.428663 0.585376 0.528804 0.290764 0.204802 
0.040294 -0.008669 0.346211 0.299718 0.389861 0.451210 0.717332 0.512482 0.480075 0.444514 
1.008657 1.153303 1.008386 0.859500 0.370938 0.061738 0.271207 0.473995 0.653540 0.649101 
0.252575 0.302951 0.348552 0.488380 0.537713 0.684707 0.814745 0.573476 0.293502 0.329716 
0.043921 -0.135712 -0.302535 -0.216561 0.012393 0.306258 0.287624 -0.007294 -0.150365 -0.108453 
0.162044 0.104111 0.291164 0.550683 0.247418 -0.008998 -0.135955 -0.215466 0.011334 0.149458 
0.107681 0.080175 0.185807 0.347224 0.357480 0.213752 0.202483 0.267424 0.083783 0.037204 
-0.153351 -0.390865 -0.175996 -0.047608 0.028074 0.044421 0.126859 0.189547 -0.073367 -0.173080 
-0.149350 0.007107 0.023017 -0.005663 0.088909 0.281174 0.487017 0.352141 0.202592 0.186164 
0.038070 0.003711 0.238398 0.477187 0.418068 0.343023 0.620111 0.515168 0.587989 0.467996 
0.817789 0.765975 0.674853 0.785368 0.374443 0.064920 0.227215 0.380876 0.752350 0.598345 
0.119301 0.169779 0.317080 0.355416 0.407551 0.378230 0.498244 0.385722 0.467713 0.807957 
0.390145 0.031507 -0.228303 -0.210749 -0.048804 0.155501 0.412207 0.143023 -0.015948 -0.009804 
0.092001 0.217525 0.433500 0.452274 0.145363 -0.044061 -0.208512 -0.293608 -0.016329 0.105001 
0.065916 0.019054 0.095596 0.185958 0.320123 0.186824 0.208159 0.268749 0.104895 0.055399 
-0.156788 -0.355242 -0.216815 -0.159872 -0.195224 -0.224009 -0.139042 -0.059428 -0.290042 -0.163922 
0.072708 0.169357 0.029765 0.038522 0.045607 0.012791 0.188448 0.254371 0.270364 0.217141 
0.007727 -0.093918 0.140658 0.592569 0.148437 -0.076913 0.100802 0.359290 0.245258 0.143914 
0.233239 0.209831 0.088363 -0.090503 -0.277453 -0.183353 0.117041 0.366242 0.723472 0.491853 
-0.077879 -0.046038 0.043568 0.139543 0.173305 0.118477 0.218781 0.225775 0.264135 0.415482 
0.596568 0.721443 0.189936 0.103887 0.214001 0.243233 0.536475 0.635832 0.499453 0.263576 
0.337408 0.531200 0.914068 0.679550 0.089716 -0.194609 -0.312772 -0.335189 -0.037520 0.221944 
0.283583 0.113737 0.000397 -0.018310 0.076316 0.031628 0.171991 0.239626 0.002849 0.024758 
-0.174925 -0.393817 -0.244740 -0.243037 -0.249058 -0.250189 0.026248 0.554186 -0.032885 -0.296921 
-0.109207 -0.041732 0.093925 0.120744 0.084543 -0.018520 0.029491 0.099546 0.260435 0.419355 
0.317345 0.062551 0.102737 0.248512 -0.007290 -0.154247 -0.052399 0.085424 0.119696 -0.010841 
0.044813 0.193976 0.176731 0.294917 -0.027851 -0.230945 -0.026346 0.146059 0.576215 0.806174 
0.144139 -0.113277 -0.068086 -0.111529 -0.086818 0.022359 0.251154 0.159216 0.125701 0.167673 
0.484320 0.484565 0.319045 0.244390 0.116673 0.183896 0.440402 0.585968 0.514913 0.336756 
0.273697 0.464008 1.112511 0.706496 -0.026791 -0.069335 -0.209831 -0.296234 -0.127609 0.111611 
0.134451 0.114857 0.080968 0.044961 0.049806 0.012119 0.152243 0.246760 0.052339 0.006025 
-0.140187 -0.416958 -0.283748 -0.387230 -0.362653 -0.320390 0.108428 1.384560 0.656622 0.007581 
-0.007550 -0.073388 0.151055 0.142075 0.006257 -0.082797 -0.011794 0.119663 0.396228 0.731378 
0.659148 0.344650 0.508457 0.168372 0.200187 0.083093 0.078029 0.050225 0.097941 0.118622 
0.242893 0.356702 0.457309 0.652309 0.361648 -0.049736 -0.013834 0.058436 0.434186 0.815456 
0.477230 0.016756 -0.045722 -0.300009 -0.416147 -0.306212 0.046752 -0.124589 -0.275847 -0.191200 
-0.324322 -0.352605 -0.244106 -0.113553 -0.199198 -0.199497 0.031058 0.279779 0.376655 0.173869 
0.115711 0.235936 0.880684 0.445601 -0.202213 -0.067988 -0.216371 -0.302538 -0.275732 -0.053573 
0.045539 0.054172 0.231860 0.416968 0.442798 0.183559 0.123619 0.211930 0.155800 0.026187 
-0.152052 -0.378676 0.117542 0.504786 0.355774 -0.031147 -0.177549 0.249848 0.415551 0.176133 
0.025913 -0.047113 0.042327 0.099188 0.084178 -0.035792 -0.089178 0.006596 0.193614 0.237436 
0.323696 0.253268 0.242293 0.290566 0.103291 -0.006147 -0.090723 -0.090153 -0.036925 0.083296 
0.252138 0.235063 0.218607 0.266632 0.053193 0.038735 -0.068359 -0.099051 0.084529 0.367571 
0.333183 0.069108 0.034573 0.075554 -0.072323 -0.081037 0.254530 0.525033 -0.126115 -0.277351 
-0.399847 -0.312435 -0.096874 -0.124819 -0.208712 -0.227285 0.029767 0.194454 0.282190 0.154583 
0.160941 0.210506 0.986004 1.042476 -0.121767 -0.327127 -0.361381 -0.369168 -0.229095 0.072207 
0.110236 -0.027078 0.064145 0.351366 0.462339 0.321809 0.307733 0.254516 0.081337 0.043627 
-0.135516 -0.372176 0.355936 0.797451 0.508305 0.565029 0.040192 -0.183174 -0.036041 -0.093952 
-0.090247 -0.128519 -0.069177 0.099020 0.236515 0.040066 -0.180181 -0.163103 -0.038734 -0.117463 
-0.051041 -0.064359 -0.173660 -0.256309 -0.253606 -0.174903 -0.104676 0.028581 0.043966 0.025119 
0.232268 0.300235 0.236771 0.221949 0.081905 -0.061980 -0.078856 -0.115565 -0.086145 0.101155 
0.182904 0.009515 0.265984 0.912230 0.519142 0.059198 0.574764 1.892201 1.068605 0.308517 
0.131929 0.190157 0.336840 0.157045 -0.137371 -0.133999 0.074094 0.156825 0.292236 0.309772 
0.263824 0.254932 1.266462 1.712778 0.445110 -0.001543 -0.272359 -0.368236 -0.131815 0.086047 
0.147091 0.100084 0.281536 0.420592 0.320058 0.187394 0.160701 0.235513 0.088791 0.016914 
-0.147609 -0.393050 0.077410 0.439452 0.446811 0.474282 0.205973 -0.096714 -0.235711 -0.254069 
-0.143332 -0.111737 -0.104723 -0.057646 0.169645 0.182576 0.036136 -0.068952 -0.087034 -0.250282 
-0.086530 -0.030975 0.104464 -0.055637 -0.274582 -0.257766 -0.109226 -0.005640 0.009836 0.060983 
0.151041 0.077388 0.084372 0.007486 -0.136997 -0.132787 -0.154794 -0.146667 -0.109733 -0.037671 
-0.024402 -0.078022 0.292341 0.991664 0.622031 0.258842 0.686293 1.783868 1.202311 0.816290 
0.443760 0.314551 0.521206 0.792543 0.056759 -0.243930 0.028946 0.097103 0.257115 0.354033 
0.254833 0.236990 1.387376 1.988386 0.880717 0.276617 -0.339468 -0.449387 -0.173170 0.102333 
0.232046 0.249387 0.383207 0.519429 0.439018 0.201952 0.122127 0.159737 0.010307 -0.010679 
-0.110378 -0.416370 -0.127681 0.198548 0.208114 0.134435 0.174729 -0.214902 -0.442246 -0.441871 
-0.386369 -0.285363 -0.069292 -0.103423 0.001851 0.105381 0.007931 -0.042948 -0.063644 -0.125866 
-0.059864 -0.087077 0.038606 0.089364 0.012191 -0.074192 -0.144754 -0.106243 -0.063333 -0.013091 
0.074843 0.150035 0.118290 -0.061028 -0.206501 -0.321705 -0.284033 -0.180414 -0.132638 -0.086729 
0.010232 -0.030066 0.287791 0.892042 0.981398 0.836017 0.914900 1.347556 1.015297 0.841465 
0.497610 0.422308 0.723817 1.102673 0.278702 -0.131944 0.105034 0.073686 0.169567 0.251779 
0.232889 0.222918 1.333628 1.905047 0.907750 0.339976 -0.321405 -0.441166 -0.180156 0.120770 
0.252014 0.240072 0.275463 0.297352 0.370070 0.208516 0.132391 0.155069 0.024912 -0.045198 
-0.041450 -0.341303 0.007581 0.186644 0.156387 0.143989 0.143359 0.030200 -0.327106 -0.369305 
-0.361392 -0.351656 -0.049612 -0.025318 -0.064234 0.043100 0.116131 0.075699 -0.093814 0.128709 
0.143212 -0.066009 -0.000356 0.289847 0.199306 0.020655 -0.057540 -0.112741 -0.136672 -0.085968 
-0.024465 0.071694 0.164578 0.291955 0.312663 -0.090714 -0.306926 -0.288060 -0.221962 -0.145458 
-0.095771 -0.049987 0.216748 0.576189 0.522505 0.417461 0.651912 0.798809 0.741126 0.668366 
0.428638 0.396912 0.484178 0.599511 0.287599 -0.009034 0.049176 0.094849 0.114829 0.136020 
0.159477 0.171909 1.129777 1.527103 0.629544 0.423379 -0.106220 -0.377986 -0.208087 0.045429 
0.209743 0.179131 0.194463 0.246655 0.288961 0.131731 0.135666 0.162148 0.074707 0.001069 
-0.119747 -0.359216 -0.170388 0.021283 0.040001 0.037136 0.316847 0.631879 0.096738 -0.169916 
-0.306551 -0.387725 -0.140242 -0.038222 -0.026244 0.042187 0.125645 0.190924 0.110271 0.217105 
-0.031807 -0.087822 -0.070107 -0.031996 -0.000965 -0.083069 -0.171586 -0.148216 -0.165075 -0.176573 
-0.157029 -0.147901 -0.009738 0.154943 0.387520 0.172899 0.126526 -0.045043 -0.247647 -0.275189 
-0.249658 -0.149226 0.020276 0.256763 0.032077 -0.024595 0.044045 0.089756 0.063908 0.003160 
-0.043670 -0.085764 -0.095022 -0.032253 -0.016147 -0.078020 0.040102 0.121875 0.104406 0.049728 
0.048798 0.050180 0.857454 1.094108 0.353181 0.275226 -0.152396 -0.392802 -0.204195 0.005849 
0.088052 0.062377 0.074392 0.203677 0.253049 0.097236 0.144108 0.221482 0.160142 0.082510 
-0.154177 -0.367896 -0.189400 -0.074605 -0.036245 0.001450 0.346579 0.666334 -0.140439 -0.336087 
-0.421942 -0.416926 -0.145379 -0.031407 -0.001011 0.036731 0.064142 0.177663 0.057784 -0.102825 
-0.082594 -0.150794 -0.153430 -0.134459 -0.142986 -0.127529 -0.177722 -0.241624 -0.257973 -0.258485 
-0.286138 -0.251879 -0.185884 -0.127847 0.284042 0.462635 0.983622 0.235114 -0.157657 -0.187523 
-0.280212 -0.211851 -0.089865 0.341644 0.049396 -0.053194 0.061987 0.049980 -0.003530 -0.030260 
-0.088289 -0.157014 -0.170796 -0.141822 -0.235797 -0.345938 -0.100385 0.000513 0.090424 -0.030497 
-0.046092 -0.003975 0.669510 1.002273 0.497620 0.350802 -0.097247 -0.379799 -0.178738 0.011275 
-0.005510 -0.074451 -0.082237 0.101075 0.212009 0.131065 0.098310 0.201072 0.046786 0.023684 
-0.073642 -0.318115 -0.093602 -0.086174 -0.046363 0.035145 0.465935 0.831315 -0.088837 -0.312229 
-0.370863 -0.379916 -0.339088 -0.236922 -0.176999 -0.137098 -0.081258 0.014872 -0.165286 -0.269269 
-0.250159 -0.098957 -0.075920 -0.122717 -0.162458 -0.124684 -0.221763 -0.207599 -0.276438 -0.361690 
-0.427976 -0.447381 -0.388768 -0.311441 -0.028949 0.291035 0.549601 0.187338 -0.036376 -0.115029 
-0.308107 -0.290055 -0.029390 0.572278 0.292835 0.046027 0.025273 -0.022703 -0.047458 -0.016247 
-0.014008 -0.068968 -0.201018 -0.220373 -0.153292 -0.262687 -0.244146 -0.260684 -0.098009 -0.184516 
-0.263036 -0.192815 0.379109 1.092252 0.751086 0.458910 0.063177 -0.252319 -0.070149 0.046231 
0.045739 -0.011308 -0.027614 0.050610 0.174726 0.173282 0.147909 0.161548 0.079088 -0.013889 
-0.046853 -0.306143 -0.116790 -0.072254 -0.034567 -0.086500 0.468535 1.432566 0.009864 -0.377397 
-0.463887 -0.439713 -0.365098 -0.301869 -0.155965 -0.166757 -0.158233 0.053927 -0.020216 -0.222899 
-0.268275 -0.138033 -0.098029 -0.170905 -0.249211 -0.186472 -0.139981 -0.215214 -0.433845 -0.521591 
-0.434215 -0.420249 -0.410768 -0.305023 -0.201771 -0.019164 0.111598 0.050407 -0.078552 -0.064012 
0.020997 -0.065752 -0.045974 0.338916 0.305930 0.018266 0.024725 0.040380 -0.144058 -0.256302 
-0.047386 0.229194 0.038232 -0.064086 -0.208833 -0.206983 -0.109806 -0.210567 -0.123183 -0.070153 
-0.184149 -0.167881 0.113673 0.547713 0.455109 0.415091 0.159320 -0.101879 -0.013620 0.085210 
0.057419 0.106090 0.052106 0.028538 0.166875 0.307494 0.263217 0.002129 0.054853 -0.002355 
-0.069231 -0.324612 -0.111515 0.009739 -0.029185 -0.046149 0.727740 1.987045 0.870667 -0.071977 
-0.402285 -0.477933 -0.197399 -0.072075 0.060681 -0.033266 -0.034882 0.118156 0.122995 -0.163405 
-0.221065 -0.161449 -0.201937 -0.167164 -0.144628 -0.088734 -0.042436 -0.138919 -0.456103 -0.432021 
-0.523706 -0.410004 -0.439825 -0.278013 -0.270019 -0.228097 -0.122758 -0.118168 -0.031698 0.117627 
0.078568 -0.054473 -0.172044 -0.135899 -0.060814 -0.063111 0.055725 0.203385 0.319353 0.045273 
0.078403 0.563986 0.423996 0.269452 -0.029162 0.032137 0.258241 0.235373 0.411938 0.496675 
0.353120 0.122027 0.019407 -0.065520 -0.196531 -0.137479 0.073498 0.032177 0.104949 0.234641 
0.190879 0.192870 0.051314 0.026849 0.115978 0.209664 0.528258 0.365877 0.049529 -0.006112 
-0.210327 -0.361212 -0.173855 -0.006983 0.014204 0.087580 0.746593 1.738650 0.591606 -0.133343 
-0.379195 -0.438330 -0.183506 -0.003166 0.091196 0.072266 0.063043 0.048543 -0.031636 -0.128804 
-0.186314 -0.113767 -0.231334 -0.187861 -0.115552 0.000876 0.156919 0.835047 2.836064 3.438036 
1.302139 -0.096613 -0.516388 -0.131845 -0.249328 -0.200174 -0.177599 -0.087398 0.021946 0.098998 
0.004383 -0.079697 -0.178010 -0.054275 -0.049270 -0.123980 -0.038161 0.185507 0.599645 0.498929 
0.291446 0.397259 0.388804 0.311508 0.004567 0.025469 0.408305 0.392003 0.561469 0.678411 
0.466435 0.166624 -0.091111 -0.179547 -0.376315 -0.327068 -0.127797 -0.072198 0.148867 0.240715 
0.171014 0.098592 0.055217 0.064148 0.110547 0.090802 0.300547 0.258387 0.112381 0.024218 
-0.065158 -0.335637 -0.160540 -0.066149 0.057753 0.154785 0.678877 1.347371 0.214385 -0.282808 
-0.442186 -0.471225 -0.275245 -0.205529 0.041001 0.099603 0.106229 0.231050 0.093597 -0.095226 
-0.170529 -0.155321 -0.215943 -0.148689 -0.082150 0.056644 0.238966 0.683717 1.204323 1.391591 
2.029146 1.213899 0.449490 -0.137784 -0.153999 -0.149383 -0.146579 -0.116660 -0.066291 -0.019846 
-0.129715 -0.226005 -0.303044 -0.076247 -0.029163 -0.121614 -0.166938 -0.308683 -0.281450 -0.131880 
-0.185289 -0.083420 0.058596 0.186482 -0.066537 -0.198261 0.125734 0.198629 0.344467 0.462125 
0.461619 0.381568 0.189794 -0.071969 -0.377083 -0.410110 -0.353055 -0.292689 -0.005650 0.153218 
0.125538 0.032569 0.016072 0.069381 0.153740 0.130645 0.266918 0.114206 0.048716 0.057944 
0.008547 -0.315965 -0.205497 -0.141874 -0.012589 0.061202 0.703843 1.336560 0.227190 -0.247966 
-0.467644 -0.478171 -0.383023 -0.411647 -0.142579 -0.076897 -0.003655 0.153169 0.087115 0.004045 
-0.110478 -0.170022 -0.240399 -0.167165 -0.170006 -0.069602 0.161708 0.239633 -0.131244 -0.211923 
0.518684 1.219589 -0.066584 -0.327762 -0.249538 -0.170415 -0.230878 -0.228546 -0.153183 -0.127554 
-0.047134 -0.016483 -0.127315 -0.181579 -0.118364 -0.093247 0.201557 0.023086 -0.277983 -0.161408 
-0.052709 -0.054869 -0.124176 -0.035909 -0.141849 -0.269889 -0.028058 0.120837 0.250744 0.277356 
0.279430 0.369881 0.372670 0.208498 -0.365874 -0.447655 -0.388395 -0.362770 -0.112854 0.061551 
0.004114 -0.046376 -0.023088 0.043353 0.145037 0.071778 0.268466 0.162225 0.144921 0.120080 
-0.137540 -0.383330 -0.233938 -0.120968 -0.015721 0.040483 0.532255 1.091722 0.151674 -0.240701 
-0.400254 -0.352313 0.147564 -0.025153 -0.064364 -0.153129 -0.174732 0.005671 0.056011 -0.021534 
-0.086442 -0.229375 -0.299397 -0.256302 -0.190360 -0.130599 -0.044545 0.090158 0.053511 -0.251177 
0.141260 0.218659 -0.387271 -0.119150 -0.192042 -0.254885 -0.239110 -0.214789 -0.116779 0.003805 
0.176259 0.189639 0.107328 -0.008968 -0.042450 -0.080602 0.331685 0.851014 0.597108 0.618104 
0.496329 0.480671 0.189351 0.080301 0.014951 -0.145813 -0.023382 0.135756 0.294542 0.270452 
0.241714 0.264038 0.490839 0.288394 -0.291258 -0.366217 -0.328615 -0.317829 -0.095845 -0.038202 
-0.099010 -0.088464 -0.034550 0.014678 0.122781 0.058004 0.351867 0.142776 0.008559 0.058308 
-0.116081 -0.326446 -0.071813 -0.069763 -0.103013 -0.071033 0.507200 1.101136 0.229416 -0.262227 
-0.417194 -0.447353 -0.251026 -0.063185 -0.020470 -0.176774 -0.201647 -0.165038 -0.140120 -0.164900 
-0.075913 -0.139115 -0.262073 -0.258773 -0.282052 -0.234811 -0.206593 -0.160909 -0.052823 -0.052163 
-0.110043 -0.313948 0.046356 -0.243123 -0.294567 -0.308086 -0.318238 -0.286177 -0.132895 -0.059190 
0.040898 0.094314 -0.044993 -0.089974 -0.045523 -0.104332 0.239279 0.850716 0.618828 0.478784 
0.408022 0.242519 0.090145 0.019088 -0.036707 -0.027945 0.006838 0.051928 0.213043 0.254497 
0.325706 0.250572 0.502253 0.570498 -0.144805 -0.356926 -0.380334 -0.343731 -0.139585 -0.077568 
-0.126436 -0.116610 -0.063998 -0.011768 0.137098 0.159538 0.449676 0.181339 0.064494 0.063986 
-0.116592 -0.329619 -0.155582 -0.070487 -0.077148 -0.054198 0.499087 1.137432 0.392030 -0.115822 
-0.389960 -0.421879 -0.414416 -0.459164 -0.399492 -0.376635 -0.364286 -0.378714 -0.394705 -0.347858 
-0.205052 -0.078658 -0.161682 -0.265046 -0.340590 -0.307662 -0.350783 -0.257236 -0.139119 -0.222263 
-0.302971 -0.142108 -0.207914 -0.273394 -0.332347 -0.404419 -0.430035 -0.352176 -0.259902 -0.212266 
-0.140864 -0.016644 -0.126987 -0.234995 -0.189717 -0.081063 0.163472 0.440055 0.367222 0.403164 
0.567688 0.244585 -0.035373 -0.111421 -0.049193 0.016942 -0.020847 -0.070846 0.118772 0.196842 
0.148732 -0.032878 0.208164 0.520507 -0.169522 -0.236341 -0.325698 -0.374969 -0.268805 -0.154736 
-0.151170 -0.141493 -0.157437 -0.078487 0.109638 0.167737 0.642393 0.468124 0.094756 0.050222 
-0.100645 -0.360006 -0.204331 -0.152633 -0.154522 -0.137505 0.305329 0.970803 0.349655 0.040416 
-0.143697 -0.346953 -0.415691 -0.456247 -0.449086 -0.389766 -0.323458 -0.320482 -0.335597 -0.346940 
-0.230050 -0.039380 -0.017279 -0.184236 -0.340680 -0.347360 -0.390445 -0.371702 -0.337619 -0.249859 
-0.284535 -0.284881 -0.270968 -0.269803 -0.339690 -0.354208 -0.393966 -0.199177 -0.207079 -0.188619 
-0.163342 -0.121994 -0.080286 -0.068074 -0.130666 -0.105662 0.149990 0.386759 0.189781 0.148777 
0.329716 0.173262 -0.001379 -0.076725 -0.011318 -0.031197 0.103089 0.106829 0.215916 0.128410 
0.048071 0.001370 0.440475 0.745924 -0.007749 -0.164010 -0.324543 -0.412761 -0.244376 -0.133584 
-0.110821 -0.111503 -0.048638 0.007639 0.217364 0.148638 0.306173 0.217877 -0.001691 -0.033106 
-0.055259 -0.393968 -0.307932 -0.138267 -0.096490 0.037411 0.529810 0.741368 0.060130 -0.077081 
0.067436 0.057936 -0.000055 -0.102507 -0.067217 0.074818 0.163194 0.263666 -0.171298 -0.356288 
-0.357350 -0.081574 0.028673 -0.087689 -0.250736 -0.348864 -0.435495 -0.443342 -0.452329 -0.396946 
-0.384613 -0.377499 -0.370757 -0.328439 -0.078350 0.592907 0.049269 -0.241544 -0.065512 -0.147511 
-0.240873 -0.217641 -0.057722 0.047813 -0.045701 -0.123133 0.065460 0.576517 0.308356 -0.085586 
-0.109880 0.049900 0.154652 0.062134 -0.043924 -0.036745 0.223287 0.255437 0.177568 0.104371 
0.119977 0.220730 0.853162 1.044732 0.232853 -0.004128 -0.141327 -0.367650 -0.078486 0.113836 
0.108832 -0.014197 0.013962 0.130972 0.281060 0.097988 -0.001053 -0.044796 -0.167149 -0.092224 
-0.119061 -0.325908 -0.142703 -0.085982 -0.108062 -0.054989 0.480899 1.043736 0.363123 -0.083403 
0.398749 0.169067 -0.002732 -0.002731 0.064826 -0.011602 -0.133236 -0.021541 -0.107930 -0.309307 
-0.287455 -0.107649 -0.058363 -0.082580 -0.073506 -0.135518 -0.271048 -0.331653 -0.307472 -0.261286 
-0.282584 -0.244742 -0.193855 -0.192942 -0.095265 0.077827 0.064899 -0.039049 -0.230622 -0.238449 
-0.222474 -0.226974 -0.063978 0.046297 0.014820 -0.027412 0.027373 0.359282 0.275981 0.121071 
0.075203 0.074081 0.083814 0.070760 0.023195 0.018666 0.114736 0.275517 0.277322 0.167844 
0.202398 0.258833 0.925086 1.161914 0.409622 0.139011 -0.182483 -0.388835 0.026277 0.223335 
0.153574 -0.020174 -0.007049 0.190047 0.243863 0.112715 0.181485 0.026780 -0.113127 -0.036192 
-0.134213 -0.331262 -0.175484 -0.144156 -0.158811 -0.186696 0.360546 1.131761 0.548062 0.132142 
0.492745 0.375163 0.471603 0.360160 0.359710 0.084205 -0.256569 -0.262655 -0.243133 -0.334337 
-0.309089 -0.135791 -0.147411 -0.064254 0.014539 0.104675 0.045955 -0.114618 -0.181843 -0.183740 
-0.142776 -0.145041 -0.134983 -0.109631 -0.072322 -0.114726 -0.017190 -0.119852 -0.169464 -0.113332 
-0.130153 -0.181883 -0.061827 0.036035 0.008738 0.002574 -0.048521 0.005797 0.083198 0.132380 
0.177306 0.043190 -0.116880 -0.156478 -0.103795 -0.056217 -0.075261 0.005348 0.136541 0.124274 
0.208299 0.209775 0.931775 1.227917 0.627559 0.377158 -0.026370 -0.283017 0.092768 0.245342 
0.132438 -0.020755 0.003853 0.170345 0.181622 0.102578 0.128429 0.135372 -0.037404 -0.067447 
-0.197351 -0.344437 -0.061099 -0.052776 -0.074149 -0.093915 0.237977 0.866444 0.559205 0.184949 
0.357219 0.313435 0.485305 0.277071 0.528385 0.469830 -0.199408 -0.197513 -0.311001 -0.431388 
-0.306034 -0.080660 -0.132495 -0.098761 0.025989 0.134894 0.109535 -0.059152 -0.199174 -0.217352 
-0.181586 -0.174248 -0.137848 -0.156955 -0.161049 -0.153850 -0.064494 -0.100756 -0.188712 -0.093226 
-0.005993 -0.067219 -0.070158 0.045826 -0.007069 -0.068672 -0.058849 0.066428 0.068523 0.088008 
0.298680 0.196223 0.047590 -0.052038 -0.154547 -0.176785 -0.248611 -0.248137 -0.102087 -0.012099 
0.248299 0.250354 0.745963 0.812079 0.234295 0.230331 -0.032706 -0.220063 -0.023421 0.109992 
0.044845 -0.055533 -0.005428 0.169687 0.096365 -0.021754 0.033567 0.078209 -0.140751 -0.172361 
-0.166637 -0.371690 -0.121923 -0.016926 -0.043934 -0.119510 -0.055063 0.071183 -0.005096 -0.099969 
0.098031 -0.041577 -0.115383 -0.329080 0.007797 0.127899 -0.165017 -0.001870 -0.307691 -0.434288 
-0.366664 -0.152174 -0.142074 -0.084183 0.055148 0.116777 0.107839 -0.123489 -0.275843 -0.240533 
-0.255359 -0.241321 -0.226373 -0.267737 -0.208270 -0.198498 -0.122991 -0.037552 -0.186884 -0.184090 
-0.123500 -0.075999 -0.072483 -0.008143 -0.016057 -0.093322 -0.035760 0.103000 0.093723 0.070170 
0.337350 0.435717 0.476347 0.255554 0.044150 0.091780 -0.054813 -0.095220 -0.035532 -0.017211 
0.078328 0.068717 0.308150 0.268367 -0.140772 -0.208876 -0.209604 -0.240543 -0.089589 -0.040126 
-0.050437 -0.102699 -0.023198 0.008676 -0.099295 -0.148842 -0.012693 0.187093 0.028529 -0.151572 
-0.154049 -0.359466 -0.158368 -0.076872 -0.039829 -0.056725 -0.047703 -0.033836 -0.025320 -0.125525 
0.037956 0.050831 0.271356 0.139141 0.606952 1.027012 0.453635 0.048927 -0.329349 -0.493384 
-0.495577 -0.308066 -0.180950 -0.132867 -0.016254 -0.043841 -0.002324 -0.077735 -0.226467 -0.294879 
-0.367677 -0.343674 -0.336915 -0.426535 -0.412972 -0.273191 -0.167751 -0.026098 -0.129260 -0.153362 
-0.166451 -0.104883 -0.067746 -0.043602 0.014981 -0.025794 0.054896 0.173980 0.099215 0.022251 
0.301046 0.428156 0.394609 0.291846 0.035624 -0.051251 -0.179334 -0.100448 -0.094431 -0.162977 
-0.043054 0.024531 0.253652 0.240112 -0.080610 -0.265129 -0.230976 -0.238123 -0.069630 0.037753 
-0.014607 -0.191917 -0.075869 0.045573 -0.015658 -0.139151 -0.125491 0.145003 0.109862 -0.134096 
-0.110063 -0.370715 -0.150539 -0.108572 -0.043419 0.093135 0.221137 0.246360 0.144718 -0.092026 
0.063495 0.317599 0.638114 0.731697 1.371130 1.710943 0.949540 0.569480 0.023444 -0.386206 
-0.479395 -0.444458 -0.291897 -0.326987 -0.351489 -0.336216 -0.317287 -0.346153 -0.381105 -0.409141 
-0.408772 -0.436752 -0.475147 -0.420221 -0.377644 -0.319832 -0.393238 -0.201494 -0.247209 -0.313774 
-0.269531 -0.197434 -0.104635 -0.148277 -0.138997 -0.137974 0.001085 0.119315 -0.084573 -0.183508 
0.008205 0.098551 0.112275 0.086413 0.002678 -0.145983 -0.265554 -0.238042 -0.066467 -0.056727 
0.033801 0.065568 0.369961 0.365124 -0.008523 -0.246185 -0.353728 -0.321434 -0.168752 -0.119178 
-0.263619 -0.377207 -0.200190 0.122901 0.111334 -0.158323 -0.091407 0.102007 -0.000308 -0.122934 
-0.108912 -0.341318 -0.048209 0.014648 -0.075602 0.018088 0.193338 0.261376 0.112773 0.115252 
0.203511 0.263965 0.351269 0.509878 0.796497 1.034947 0.956130 0.867752 0.220415 -0.113577 
-0.262073 -0.314888 -0.283490 -0.239755 -0.296581 -0.282727 -0.196537 -0.112225 -0.263861 -0.272731 
-0.267254 -0.276356 -0.231457 -0.147502 -0.276869 -0.328713 -0.270606 -0.223178 -0.189123 -0.230051 
-0.249772 -0.165841 -0.042836 -0.122839 -0.220614 -0.206049 -0.055418 -0.053837 -0.201055 -0.257345 
-0.076675 -0.006531 -0.045475 -0.019557 0.089421 -0.067650 -0.215731 -0.228142 -0.050836 -0.061191 
0.036991 -0.026149 0.152889 0.115528 -0.159796 -0.197170 -0.305635 -0.358622 -0.176874 -0.021548 
0.104009 0.171695 0.164372 0.197756 0.154283 0.007456 -0.034708 -0.066306 -0.075909 -0.105901 
-0.138197 -0.346416 -0.010206 0.027569 -0.085844 -0.093510 0.084060 0.161807 0.036013 -0.049651 
-0.100850 -0.127212 -0.216010 -0.234359 -0.165754 -0.017947 0.082608 0.039648 0.288925 0.429581 
0.243365 0.194858 0.154128 0.082147 -0.029418 0.032734 0.495358 1.003349 0.555473 0.675149 
0.707219 0.426017 0.392386 0.455640 0.081543 -0.121255 -0.108758 -0.018160 0.015514 0.059343 
-0.090932 -0.202983 -0.065651 -0.020384 -0.013893 -0.029791 0.210887 0.353872 0.103858 -0.078774 
0.020589 -0.057271 -0.163089 -0.035547 0.346075 0.275661 -0.004032 -0.085690 0.009650 -0.032507 
0.100138 -0.049939 0.115475 0.179280 -0.152326 -0.131501 -0.250451 -0.371345 -0.080931 0.071453 
0.063458 0.073029 0.188088 0.230587 0.101264 -0.049818 -0.077386 0.281450 0.282960 -0.032813 
-0.201740 -0.434107 -0.189397 -0.024020 -0.111918 -0.187949 -0.171888 -0.005623 -0.135701 -0.354968 
-0.467931 -0.495652 -0.527925 -0.546729 -0.539005 -0.422072 -0.128702 0.007893 0.323597 0.624799 
0.572778 0.279182 0.198714 0.126588 -0.127790 -0.146877 0.320801 0.725565 0.393708 0.378841 
0.513381 0.277118 0.047734 -0.045243 -0.216509 -0.309407 -0.144560 -0.106382 -0.161713 -0.100411 
-0.146957 -0.212297 -0.120205 -0.070814 0.008731 0.022363 0.263490 0.433917 0.109157 -0.090845 
-0.141541 -0.142197 -0.288256 -0.195798 0.244325 0.490277 0.254656 0.151003 0.046268 -0.027707 
0.069297 -0.028519 0.099259 0.203079 -0.267532 -0.305778 -0.306790 -0.349064 0.095567 0.332643 
0.081629 -0.079780 0.050551 0.172506 0.106465 0.022067 0.059335 0.181529 0.099397 -0.033138 
-0.264232 -0.408174 -0.437554 -0.219608 -0.082603 -0.259714 -0.338131 -0.377481 -0.423317 -0.516922 
-0.333521 0.232144 0.126804 -0.257602 -0.506178 -0.438516 -0.463036 -0.292930 0.220192 0.547278 
0.542117 0.505501 0.852000 0.923335 0.367661 0.023761 0.160630 0.593717 0.531825 0.304196 
0.382200 0.089476 -0.271380 -0.311507 -0.371173 -0.394019 -0.334371 -0.298501 -0.353272 -0.345520 
-0.351353 -0.332924 -0.302479 -0.202695 -0.043447 -0.031925 0.203809 0.470251 0.245968 0.068224 
-0.045294 -0.149989 -0.370776 -0.324248 -0.074742 0.292855 0.330438 0.277865 0.099003 -0.039025 
0.061239 0.176443 0.687222 0.581784 -0.205585 -0.176707 -0.118368 -0.217488 0.112903 0.394328 
0.274309 0.042042 -0.034615 -0.003882 0.142378 0.129171 0.226849 0.139784 -0.105066 -0.111254 
-0.160355 0.487062 -0.387552 -0.285588 -0.028962 -0.130900 -0.397153 -0.461878 -0.209734 -0.051504 
-0.373905 -0.324174 0.612928 0.314813 -0.297519 -0.387481 -0.305049 -0.411310 -0.214513 0.257978 
0.435428 0.408873 0.899726 0.827691 0.176894 0.082788 0.093602 0.275759 0.480610 0.255760 
0.321879 0.063566 -0.343703 -0.260817 -0.368998 -0.434974 -0.392821 -0.411732 -0.379901 -0.355810 
-0.297108 -0.283680 -0.301613 -0.270712 -0.079650 -0.067716 0.084329 0.358384 0.193883 0.074887 
0.077631 0.081143 -0.315556 -0.378791 -0.195915 0.100755 0.408688 0.342489 0.153263 0.004799 
0.138446 0.086571 0.487718 0.670191 -0.294599 -0.407369 -0.369727 -0.407630 0.063258 0.354614 
0.165450 -0.051040 -0.115364 -0.124986 -0.089573 0.019038 0.375590 0.346216 0.028226 -0.082777 
0.286969 0.421481 0.308384 -0.022953 0.043947 0.026280 0.601690 0.466867 -0.349564 -0.472030 
-0.368301 -0.334930 0.251964 0.198337 0.113503 0.320622 0.146130 -0.201407 -0.216047 -0.111609 
0.178923 0.132772 0.440597 0.470243 -0.064794 -0.219996 -0.156133 -0.107682 -0.025019 -0.056536 
0.328046 0.352040 -0.127686 0.069880 -0.022330 -0.004456 -0.194572 -0.323063 -0.323043 -0.263383 
0.015248 -0.047957 -0.129893 -0.251521 -0.195579 -0.097157 -0.005575 0.030963 -0.048612 -0.020263 
0.131603 0.045440 -0.295209 -0.365797 -0.366252 -0.258489 0.142960 0.192241 0.177571 0.101591 
0.235962 0.116999 0.412473 0.683632 -0.321627 -0.393562 -0.404862 -0.386967 -0.016605 0.195534 
0.143042 0.053090 -0.062855 -0.169699 -0.287996 -0.128403 0.350306 0.759884 0.934062 0.475093 
0.348804 0.601770 0.308058 -0.273374 -0.042122 -0.064039 0.413835 -0.320610 -0.353002 -0.056393 
-0.410231 -0.324367 -0.123564 0.047227 0.293309 0.406060 0.293949 -0.309440 -0.275665 -0.123930 
-0.033333 0.024107 0.299461 0.544718 0.179066 -0.111479 -0.152384 -0.190822 -0.153182 -0.135141 
0.575695 0.997235 0.280110 0.155728 0.371846 0.397034 0.347380 0.298915 -0.173542 -0.316622 
-0.051619 -0.138611 -0.181860 -0.293305 -0.246064 -0.146405 -0.069322 -0.023381 -0.092518 -0.121308 
0.061254 0.163066 -0.331538 -0.415115 -0.416202 -0.354920 0.018646 0.044616 0.191051 0.172011 
0.252518 0.282912 0.694809 1.312050 0.244552 -0.070571 -0.280307 -0.428267 -0.235019 -0.010371 
0.029289 0.098252 0.321747 0.350004 -0.055270 -0.207828 0.042114 0.455436 0.435872 0.618162 
0.316826 -0.267935 -0.301222 -0.337838 -0.424692 0.151127 -0.085488 -0.441668 -0.531694 -0.340259 
-0.381999 -0.535891 -0.071763 0.238999 -0.107980 0.025215 0.162387 -0.235976 -0.305488 -0.222077 
-0.099189 0.049033 0.251069 0.546139 0.429941 0.113807 0.046625 -0.077754 -0.143510 -0.113032 
0.755773 1.487090 0.887843 0.519873 0.589467 0.571420 0.753818 1.141950 0.831721 0.090558 
0.262945 0.221541 0.032455 -0.134085 -0.201579 -0.133794 0.041411 0.102445 0.125033 0.076467 
0.272097 0.397393 -0.309313 -0.392737 -0.432485 -0.403709 -0.090389 -0.059651 0.032918 0.009777 
0.081095 0.081821 0.669176 1.085050 0.393868 0.296952 -0.162710 -0.385822 -0.055116 0.034529 
-0.012373 -0.008487 0.221609 0.369610 0.088860 -0.155775 -0.268569 -0.164084 0.102160 0.365120 
-0.132670 0.191163 -0.116076 -0.500908 -0.132391 -0.275835 -0.371046 -0.360651 -0.478967 -0.330769 
-0.448509 -0.541871 -0.517323 -0.352903 -0.156353 -0.055866 -0.025833 -0.467696 -0.550928 -0.527967 
-0.433299 -0.157936 0.149520 0.324577 0.371385 0.205259 0.075301 -0.073003 -0.238029 -0.228532 
0.350155 0.863195 0.427036 0.204131 0.224363 0.221198 0.546082 0.697381 0.476759 0.304576 
0.239519 0.192948 0.121245 -0.041927 -0.163792 -0.153496 0.098019 0.104518 0.100700 -0.030864 
0.157053 0.259318 -0.200831 -0.225611 -0.321082 -0.374508 -0.125797 -0.069277 0.049030 0.067503 
0.045139 -0.006761 0.220435 0.396706 0.051231 -0.101973 -0.230025 -0.307592 -0.058235 0.031273 
0.026092 -0.011124 0.044494 0.043722 -0.025771 -0.363384 -0.442708 -0.437822 -0.367828 0.015303 
-0.297885 -0.485263 -0.331835 -0.355949 -0.227418 -0.474794 -0.320506 -0.050020 -0.436634 -0.383512 
-0.436750 -0.490458 -0.527284 -0.419595 -0.291876 -0.036230 -0.248464 -0.253604 -0.499250 -0.534642 
-0.528747 -0.330768 -0.163559 -0.109138 0.005534 0.043771 0.074261 -0.181809 -0.413366 -0.445969 
-0.357516 -0.132242 -0.278584 -0.417017 -0.458216 -0.452229 -0.348301 -0.310234 -0.276098 -0.229874 
-0.138102 -0.090368 -0.230942 -0.267912 -0.327014 -0.323236 -0.239113 -0.252860 -0.251291 -0.278192 
-0.158951 -0.048485 -0.243160 -0.328744 -0.403728 -0.428145 -0.241376 -0.163048 0.030552 0.158320 
0.448431 0.493277 0.348313 0.154067 -0.246404 -0.212327 -0.272845 -0.349138 -0.148016 0.022396 
-0.046072 -0.099436 -0.217199 -0.116460 -0.063875 -0.215855 0.155740 0.249926 -0.221942 -0.140376 
-0.450364 -0.397003 -0.308377 -0.241494 -0.448560 -0.400008 -0.420067 -0.536700 -0.542713 -0.523102 
-0.411239 -0.297941 -0.222130 -0.466088 -0.249073 -0.068156 -0.172204 -0.445219 -0.248798 1.030436 
0.054166 -0.270986 -0.353131 -0.333561 -0.105618 -0.084152 0.011475 -0.017381 -0.144816 -0.206569 
-0.270190 -0.079200 -0.092030 -0.228738 -0.353653 -0.392298 -0.393617 -0.402133 -0.356216 -0.318777 
-0.315517 -0.265698 -0.314272 -0.320505 -0.317943 -0.261318 -0.188336 -0.094458 0.050905 -0.079062 
0.092612 0.539885 0.256530 -0.145629 -0.283376 -0.422962 -0.300341 -0.276825 -0.135793 -0.060962 
0.066280 0.195909 0.240542 0.265631 -0.175599 -0.228165 -0.321695 -0.429370 -0.363431 -0.213605 
-0.067281 0.020467 -0.136500 -0.013042 -0.232043 -0.191760 -0.276856 -0.424346 -0.461058 -0.215474 
-0.517275 -0.294563 0.068352 -0.007507 -0.236501 -0.457232 -0.506562 -0.431692 -0.338476 -0.093380 
0.145357 -0.312287 -0.307511 -0.498222 -0.532835 -0.419630 -0.051271 -0.194562 -0.468639 -0.237797 
-0.162503 -0.286171 -0.180681 -0.278027 -0.237540 -0.184821 0.002191 0.049849 0.272552 0.403876 
0.474645 0.567057 0.501900 0.312923 0.246051 0.259573 0.341131 0.344765 0.563359 0.487035 
0.458816 0.414302 0.417931 0.332418 0.114046 0.068192 0.234603 0.327791 0.568610 0.411971 
0.668915 0.963966 0.492871 0.354862 0.138172 -0.080824 0.201496 0.211377 0.143458 0.121475 
0.281249 0.338317 0.516823 0.851896 0.074628 -0.139932 -0.357449 -0.442079 -0.390964 -0.233192 
-0.085202 0.016102 -0.073434 -0.292367 -0.104199 0.003248 -0.416303 -0.328803 -0.263188 0.097251 
-0.385434 -0.499203 -0.123518 0.120291 -0.150792 -0.350595 -0.464229 -0.472589 -0.437949 -0.419200 
-0.355205 -0.331406 -0.523585 -0.444581 -0.523643 -0.487568 -0.400686 -0.136280 -0.418428 -0.393671 
-0.291164 -0.255655 -0.184871 -0.264083 -0.364925 -0.263192 0.153840 0.163141 -0.043328 -0.155466 
-0.085041 0.009364 0.101452 0.088676 0.050326 0.023963 0.168338 0.230614 0.312893 0.398964 
0.447717 0.434647 0.306918 0.059423 0.005388 0.105274 0.203924 0.192208 0.455079 0.409100 
0.634441 0.548997 0.403361 0.318833 0.180032 0.061148 0.190829 0.252880 0.171529 0.140679 
0.217037 0.067940 0.292425 0.326119 -0.033548 -0.078870 -0.258395 -0.306755 -0.304712 -0.279130 
-0.046645 0.110450 -0.128663 -0.398189 -0.256124 0.060556 -0.294484 -0.373508 0.335895 0.264207 
-0.467859 -0.496693 -0.429203 -0.232066 -0.085438 -0.340634 -0.536323 -0.540453 -0.487474 -0.493030 
-0.555529 -0.529508 -0.446440 -0.293400 -0.440408 -0.542156 -0.523107 -0.336583 -0.272645 -0.282819 
-0.117039 -0.366268 -0.153259 0.083052 -0.088235 -0.109982 0.356200 0.285315 -0.103743 -0.291436 
-0.339820 -0.334321 -0.015783 0.085316 -0.014095 -0.036923 0.159216 0.065238 0.061024 0.177003 
0.083190 0.021321 -0.056522 0.050823 0.074919 0.125805 0.023117 -0.156947 -0.164432 -0.122154 
-0.136845 -0.186116 -0.173389 -0.171639 -0.110978 -0.158300 -0.088429 -0.064242 -0.103352 -0.130565 
-0.008058 -0.116067 0.030845 -0.072491 -0.159556 -0.146281 -0.372624 -0.407134 -0.130680 -0.015561 
0.169852 0.255189 0.108676 0.119097 -0.368540 -0.452664 -0.440484 -0.486132 -0.545262 0.210432 
-0.475313 -0.533991 -0.402874 -0.039786 -0.079383 -0.407987 -0.533244 -0.479658 -0.509156 -0.544079 
-0.493492 -0.525622 -0.426477 -0.372982 -0.220981 -0.361934 -0.350170 -0.349135 -0.301576 -0.322414 
-0.406196 -0.130296 -0.186620 -0.068282 0.009530 -0.007839 0.096738 0.239105 0.139118 -0.156340 
-0.359311 -0.424866 -0.188365 -0.051826 -0.197945 -0.308071 -0.329766 -0.270274 -0.125969 -0.086417 
-0.134414 -0.088070 -0.084306 -0.030708 0.068067 0.076825 -0.033206 -0.111688 -0.166962 -0.145597 
-0.052445 -0.108066 -0.169148 -0.130616 -0.099708 -0.095215 -0.125398 -0.096912 -0.070469 -0.029018 
0.143995 0.086216 0.029009 -0.231339 -0.237941 -0.250647 -0.140150 -0.433270 -0.437475 -0.491810 
-0.368275 -0.415204 -0.470540 -0.373510 -0.428995 -0.343359 0.024392 -0.455245 -0.339874 -0.103437 
-0.179222 -0.447581 -0.382277 -0.180337 0.134470 0.108345 -0.167724 -0.423952 -0.527899 -0.477206 
-0.407311 -0.275981 -0.404407 -0.222699 -0.328920 -0.408622 -0.401468 -0.338381 -0.267821 -0.223186 
0.004701 -0.243939 -0.217953 0.039184 0.030056 0.042237 0.278684 0.590510 0.616809 0.507228 
0.210689 -0.199045 -0.107031 -0.031386 -0.135123 -0.142823 -0.134099 -0.176273 -0.177874 -0.205839 
-0.228742 -0.139220 -0.188404 -0.216443 -0.112274 -0.063780 -0.006850 -0.046571 -0.169634 -0.120581 
-0.024961 -0.097026 -0.091452 -0.130222 -0.183545 -0.201860 -0.118329 0.002416 -0.028815 -0.151814 
-0.183903 -0.215616 -0.257629 -0.292377 -0.211369 0.051312 -0.308025 -0.409324 -0.304110 -0.429175 
-0.547208 -0.542815 -0.547440 -0.537574 -0.554567 -0.468207 -0.511231 -0.299586 -0.533364 -0.105079 
-0.334803 -0.408054 -0.488175 -0.363811 -0.105046 -0.028978 -0.236674 -0.257074 0.115123 -0.058002 
-0.251871 -0.317311 -0.408253 -0.334735 -0.061159 0.335683 -0.122217 -0.431259 -0.410128 -0.109446 
0.566502 -0.293094 -0.305470 -0.158508 -0.061756 -0.136986 -0.059645 0.131704 0.260689 0.274803 
-0.095037 -0.209661 -0.274016 -0.367089 -0.513864 -0.533262 -0.480738 -0.424572 -0.281245 -0.049739 
-0.149706 -0.181382 -0.076354 -0.147334 -0.143513 -0.162224 -0.099947 -0.027098 -0.065422 -0.117495 
-0.156322 -0.162344 -0.150558 -0.173840 -0.241354 -0.284500 -0.271406 -0.238234 -0.158103 -0.132046 
-0.038228 -0.245639 -0.069456 -0.260620 -0.463796 -0.425437 -0.295882 -0.357114 -0.498980 -0.298469 
-0.500010 -0.219471 0.099258 -0.458880 -0.419222 0.038814 -0.252069 -0.422867 -0.268881 -0.413936 
-0.374882 -0.295003 -0.227210 -0.499382 -0.459609 -0.408065 -0.166705 -0.162113 -0.296988 -0.354276 
-0.290759 -0.454417 -0.352857 -0.212710 -0.243293 0.628282 0.019215 -0.401197 -0.526815 -0.363690 
-0.007387 -0.329413 -0.308777 -0.233595 -0.121334 -0.122950 -0.212341 -0.241022 -0.149373 -0.249429 
-0.351598 -0.332633 -0.280810 -0.450964 -0.475458 -0.514452 -0.527286 -0.550962 -0.410872 -0.283055 
-0.101066 -0.066920 -0.054858 -0.094365 -0.071182 -0.158088 -0.324967 -0.512674 -0.485039 -0.269396 
-0.166457 -0.088019 -0.060053 -0.078563 -0.138870 -0.240794 -0.316403 -0.315910 -0.170979 0.064193 
0.215524 -0.245641 0.634849 0.932548 0.069593 -0.427917 -0.492497 -0.367995 -0.296656 -0.432781 
-0.485742 -0.504188 -0.179603 0.246347 0.145862 -0.170103 0.498626 1.285442 -0.356397 -0.096012 
-0.502795 -0.476950 -0.238469 -0.390502 -0.491584 -0.398977 -0.078543 0.035069 0.185316 0.401897 
-0.101720 -0.366844 -0.524451 -0.187996 -0.250192 -0.114741 0.315635 0.149822 -0.511806 -0.520974 
-0.403532 -0.430085 -0.287981 -0.171850 -0.077303 -0.031142 -0.142623 -0.319189 -0.377035 -0.301381 
-0.229695 -0.275842 -0.210362 -0.424397 -0.511397 -0.554255 -0.398908 -0.188825 -0.407886 -0.413904 
-0.237692 -0.280423 -0.315482 -0.373202 -0.493247 -0.481222 -0.127721 -0.144622 -0.431073 -0.483692 
-0.413572 -0.258461 -0.112797 -0.130944 -0.202094 -0.255701 -0.389696 -0.522569 -0.514851 -0.287797 
-0.115432 -0.388613 -0.499490 -0.150959 -0.280551 -0.424399 -0.432558 0.391126 0.629209 0.765832 
0.094845 -0.334865 -0.142609 -0.132442 -0.190595 -0.157378 -0.281586 0.305182 0.638310 0.824709 
-0.435106 -0.492306 -0.379127 -0.483598 -0.512739 -0.535754 -0.316933 -0.277155 -0.081890 -0.053451 
-0.485013 -0.469397 -0.393958 -0.199698 -0.083796 -0.054005 -0.018638 -0.315895 -0.534856 -0.542056 
-0.455501 -0.389542 -0.351572 -0.230201 -0.130422 -0.068427 -0.191450 -0.300424 -0.379799 -0.229507 
-0.103592 -0.079113 0.129106 0.262547 -0.011071 -0.339792 -0.504427 -0.530248 -0.361583 -0.365803 
-0.238414 -0.190672 -0.072522 -0.255147 -0.344726 -0.379734 -0.343686 0.155953 -0.128460 -0.253147 
-0.477935 -0.354060 -0.194382 -0.160256 -0.256491 -0.310983 -0.346567 -0.301648 -0.380925 -0.336936 
-0.140754 -0.143665 -0.431220 -0.445235 -0.429119 -0.113499 -0.174307 -0.161454 0.149535 0.086670 
-0.290633 -0.294231 -0.437144 -0.435272 -0.334458 -0.063327 -0.269848 -0.186033 -0.000229 0.379343 
0.191620 -0.134249 -0.253426 0.119505 0.835542 0.009551 -0.228407 -0.216092 -0.043379 -0.114307 
-0.248454 -0.441124 -0.480355 -0.269026 -0.056995 -0.057224 -0.315631 -0.244094 -0.468495 -0.536678 
-0.168922 -0.304362 -0.382903 -0.374886 -0.259467 -0.167748 -0.065985 0.132225 0.046200 -0.064519 
0.017910 -0.003052 -0.173443 -0.043255 0.030274 0.831187 0.232728 -0.444201 -0.412011 -0.386370 
-0.475885 -0.387189 0.236316 -0.197173 -0.246934 -0.543434 -0.428505 -0.505552 -0.344481 -0.182978 
-0.475973 -0.508697 -0.418460 -0.275825 -0.158128 -0.261878 -0.356040 -0.552755 -0.548870 -0.367707 
-0.261579 0.144396 -0.289824 -0.057166 -0.152523 -0.118440 -0.012273 -0.131874 -0.335975 -0.227246 
-0.009181 -0.385577 -0.249419 -0.289254 -0.150469 -0.029451 -0.067431 -0.157348 -0.116074 0.022276 
-0.192762 -0.401161 -0.298746 -0.057100 0.006420 -0.028746 -0.152047 -0.226799 -0.163645 -0.045449 
0.001640 -0.199750 -0.199956 -0.469573 -0.448261 -0.453326 -0.426232 0.128077 0.109455 -0.312608 
-0.368952 -0.408849 -0.257647 -0.156610 -0.098317 -0.117102 -0.118876 -0.040350 0.042852 -0.061437 
-0.163402 -0.276331 -0.416899 -0.336030 -0.471764 -0.456112 -0.266653 0.240721 -0.255985 -0.373676 
-0.059206 -0.334108 -0.445181 -0.336883 -0.467079 -0.424702 -0.082462 -0.186438 -0.343371 -0.394458 
-0.551494 -0.459200 -0.468792 -0.322562 -0.178970 -0.291268 -0.445441 -0.453785 -0.470071 -0.542985 
-0.447485 -0.347685 -0.367396 -0.412579 -0.383213 -0.219207 -0.096446 -0.202309 -0.435963 -0.479351 
-0.388370 -0.136674 -0.201144 -0.413616 -0.320322 -0.403661 -0.338648 -0.177600 0.017884 0.156919 
-0.353552 -0.361682 -0.123464 -0.233498 -0.051558 -0.236345 -0.321156 -0.267352 -0.278407 -0.303440 
-0.324726 -0.252856 -0.271151 -0.371587 -0.425375 -0.399778 -0.432797 -0.051762 0.388141 -0.389508 
-0.541757 -0.476489 -0.460282 -0.248512 -0.120613 -0.369291 -0.506404 -0.493283 -0.226077 -0.183131 
-0.079098 -0.098453 -0.383034 -0.460544 -0.523853 -0.533224 -0.361546 -0.163055 -0.431328 -0.459844 
-0.387370 -0.364194 -0.375740 -0.353234 -0.061857 -0.281103 -0.316832 0.109486 -0.369787 -0.497948 
-0.469383 -0.552339 -0.295190 -0.321249 -0.271207 -0.437584 -0.555906 -0.531372 -0.226781 -0.398441 
-0.229519 -0.468256 -0.452148 -0.328520 -0.136027 0.094519 0.019359 0.115432 0.372868 -0.130854 
-0.422619 -0.094142 -0.323696 -0.333192 -0.282288 -0.094646 -0.062978 -0.036052 0.448107 0.378668 
-0.448495 -0.508658 -0.340253 -0.314852 -0.307187 -0.382755 -0.388070 -0.344857 -0.392800 -0.447067 
-0.516516 -0.448970 -0.451751 -0.295377 -0.334212 -0.452048 -0.428642 -0.195502 0.221791 -0.337201 
-0.532671 -0.500648 -0.450346 -0.514801 -0.402688 -0.295408 -0.157356 -0.358066 -0.459045 -0.537651 
-0.515194 -0.150942 -0.269405 -0.468779 -0.542859 -0.539549 -0.552070 -0.489349 -0.356480 -0.379890 
-0.393804 -0.525366 -0.524178 -0.478801 -0.322290 -0.454239 -0.528193 -0.535816 -0.244368 -0.100345 
0.331618 -0.461464 -0.367579 -0.360096 -0.266184 -0.344810 -0.552361 -0.545017 -0.425345 -0.224969 
-0.132464 -0.113445 -0.525655 -0.508569 -0.313268 -0.357258 -0.240884 -0.041420 -0.175619 -0.284565 
-0.168257 -0.317731 -0.431029 -0.448255 -0.265539 -0.315611 -0.254023 -0.046421 0.140513 0.177583 
-0.273458 -0.334837 -0.365080 -0.486932 -0.333297 -0.147431 -0.212102 -0.185022 -0.267801 -0.159620 
-0.289540 -0.480848 -0.422857 -0.279886 -0.090581 -0.242081 -0.136129 -0.131574 -0.301059 -0.149585 
0.282008 0.511924 -0.387499 -0.302500 0.400631 0.365792 0.006230 -0.299425 -0.289593 -0.248427 
-0.500808 -0.277334 -0.432378 -0.324344 -0.348641 -0.381414 -0.500089 -0.540010 -0.456284 -0.439492 
-0.435189 -0.413565 -0.423775 -0.341014 -0.362956 -0.448470 -0.418027 -0.505808 -0.036183 0.108289 
0.106507 -0.305543 -0.498645 -0.479686 -0.286442 -0.249097 -0.378751 -0.470527 -0.455841 -0.377811 
-0.168497 -0.206834 -0.376883 -0.522794 -0.556360 -0.365535 -0.183770 -0.147263 0.070156 -0.135361 
-0.089416 -0.009679 0.237740 0.186954 -0.428961 -0.357715 -0.331850 -0.369945 -0.037035 0.118576 
-0.320610 -0.437322 -0.464602 -0.463903 -0.438488 -0.034385 -0.169093 -0.031638 -0.166154 -0.181019 
-0.129567 -0.266380 -0.259070 -0.321974 -0.090581 -0.071843 -0.304908 -0.277187 -0.166528 -0.040632 
-0.301664 -0.351515 -0.345890 -0.453386 -0.315718 0.177428 -0.330371 -0.313323 0.026244 1.433299 
0.187197 -0.345183 -0.451647 -0.374034 -0.413713 -0.465736 -0.426470 -0.254137 -0.051022 -0.360384 
-0.489534 -0.429345 -0.340176 -0.452233 -0.130657 0.270950 0.384756 -0.425949 -0.326785 -0.196993 
-0.307545 -0.211086 0.185054 0.401508 -0.461468 -0.434704 -0.316984 -0.319871 -0.311586 -0.298485 
-0.422240 -0.345354 -0.543285 -0.475071 -0.097078 -0.097064 -0.231158 -0.263043 -0.308804 -0.298820 
-0.361845 -0.443618 -0.240316 -0.068113 -0.139244 -0.221915 -0.169563 -0.213335 0.021941 0.207352 
-0.369367 -0.309913 0.139108 0.782838 0.157312 -0.358185 -0.278876 -0.115980 -0.147711 -0.118511 
-0.225965 -0.241246 -0.115981 -0.071223 -0.111284 -0.314132 -0.414325 -0.189357 -0.120029 0.050917 
0.048593 0.117010 -0.205784 -0.239067 -0.301725 -0.394022 -0.244800 -0.264546 -0.200101 -0.200808 
-0.162871 -0.285792 0.032744 0.082032 -0.066984 -0.132508 -0.377601 -0.381562 -0.199349 -0.328068 
-0.308670 -0.364550 -0.482593 -0.410936 -0.400247 -0.040725 -0.323491 -0.414727 -0.451899 -0.395065 
-0.409139 -0.388305 -0.522976 -0.351404 -0.248883 -0.397859 -0.245463 -0.059650 -0.195284 -0.121000 
0.246977 0.336628 0.172580 0.024802 -0.362291 -0.097704 -0.288439 -0.378830 -0.307237 -0.150885 
-0.254188 -0.433778 -0.436763 -0.200215 -0.144858 -0.082428 -0.156216 -0.131099 0.051072 0.218919 
-0.381367 -0.483979 -0.359424 -0.267859 -0.244270 -0.368453 -0.341718 -0.338564 -0.311928 -0.179554 
-0.282283 -0.316395 -0.201664 -0.176541 -0.276896 -0.310683 -0.404728 -0.370585 -0.269965 -0.146998 
-0.084919 -0.138327 -0.005225 0.151813 -0.219954 -0.308183 -0.261988 -0.001711 0.286859 0.206334 
0.025464 -0.408069 -0.301035 -0.042584 -0.155291 -0.407898 -0.239966 -0.089739 -0.376343 -0.489254 
-0.406150 -0.468092 -0.502847 -0.245017 -0.108179 -0.206544 -0.039849 -0.415765 -0.530935 -0.445175 
-0.272734 -0.130412 -0.431933 -0.533092 -0.513362 -0.215651 -0.316935 -0.349339 -0.169727 -0.252298 
-0.031554 0.356051 -0.012351 -0.219832 0.106453 -0.238879 -0.363554 -0.267604 -0.300363 -0.156398 
0.105034 -0.107419 -0.255058 -0.327037 -0.370147 -0.313696 -0.396907 -0.356483 -0.167872 0.054588 
-0.107207 -0.172963 -0.437714 -0.498852 -0.159761 -0.302668 -0.316996 -0.295814 -0.287149 -0.375606 
-0.362031 -0.137821 -0.175848 -0.287708 -0.387289 -0.327638 -0.156934 -0.212944 -0.098031 -0.072700 
-0.204819 -0.380669 -0.317122 -0.220370 0.240170 0.180057 0.040167 0.042394 0.406641 0.243631 
-0.153596 -0.089661 -0.369881 -0.228686 -0.214946 -0.291839 -0.109009 0.355626 -0.119004 -0.404323 
-0.428852 -0.259309 -0.179687 -0.347667 -0.074238 -0.136138 -0.100224 -0.123380 -0.474411 -0.145138 
-0.233084 -0.136188 -0.387549 -0.517497 -0.417899 -0.311445 -0.091595 -0.188381 -0.296227 -0.215738 
0.135559 0.262460 0.274114 0.372149 0.269591 0.073185 -0.223344 -0.380653 -0.483061 -0.512611 
-0.347228 -0.356416 -0.260013 -0.243532 -0.074909 0.068615 -0.213555 -0.384823 -0.283312 -0.099034 
0.204032 -0.177265 -0.190646 -0.371103 -0.220676 -0.216342 -0.353769 -0.442591 -0.298494 -0.379666 
-0.382047 -0.371011 -0.352470 0.018373 -0.097374 -0.079069 -0.121695 -0.248520 -0.126603 -0.150738 
-0.255393 -0.267490 -0.190083 -0.364121 -0.199090 0.084262 -0.062554 -0.229979 -0.255167 -0.165874 
-0.342070 -0.487997 -0.414477 -0.439753 -0.355511 -0.324275 -0.092778 0.203525 -0.099951 -0.130194 
-0.402849 -0.307743 -0.089193 -0.324674 -0.410455 -0.178725 -0.235417 -0.310299 -0.452769 -0.288559 
-0.310816 0.169220 0.281089 0.048147 -0.361009 -0.383576 -0.189027 -0.256531 -0.203925 -0.115005 
0.094171 -0.006564 0.358689 0.156955 -0.089876 -0.219302 -0.228242 -0.148900 -0.465989 -0.333522 
-0.038064 0.000972 -0.267289 -0.220880 -0.116527 0.088635 0.346076 -0.147998 -0.169028 -0.204158 
-0.375438 -0.357972 -0.417192 -0.439008 -0.301620 -0.276921 -0.346830 -0.258170 0.232392 0.322555 
-0.200032 -0.281386 -0.193501 -0.101891 -0.202996 -0.201218 -0.208563 -0.190526 -0.215364 -0.204744 
-0.245126 -0.262248 -0.175466 -0.182380 -0.445533 -0.379029 -0.344281 -0.269101 -0.188183 0.082043 
0.030298 -0.271793 -0.147378 -0.390893 -0.454135 -0.375135 -0.220359 0.046185 0.339697 0.233847 
-0.251383 -0.250339 -0.064085 -0.289746 -0.357706 -0.478465 -0.243082 -0.099940 -0.245503 -0.297057 
-0.419687 -0.335719 -0.351810 -0.242953 -0.446466 -0.507395 -0.467438 -0.433703 -0.019498 -0.296374 
-0.348196 -0.296338 -0.294223 0.214171 0.184010 -0.245210 -0.108096 0.191870 0.295755 -0.021426 
0.009650 -0.317301 -0.290032 -0.319728 -0.275878 -0.191383 -0.145580 -0.378945 -0.194337 -0.192842 
-0.085146 -0.369606 -0.265447 -0.447184 -0.420585 -0.524884 -0.543162 -0.095397 -0.120676 -0.246435 
-0.321452 -0.285193 -0.330672 -0.303737 -0.200056 -0.125571 -0.065583 -0.129548 0.013349 0.039449 
-0.171295 -0.348367 -0.112271 -0.244466 -0.426093 -0.213180 -0.197016 -0.128005 -0.118917 -0.034404 
-0.085108 -0.364215 -0.166546 -0.061773 -0.114847 -0.303407 -0.349308 0.052535 -0.064570 -0.082457 
-0.073796 -0.086790 -0.261056 -0.348858 -0.218970 -0.513899 -0.506177 -0.537432 -0.396238 -0.219917 
-0.332988 -0.372952 -0.398811 -0.404800 -0.408158 -0.368912 -0.234866 -0.090508 -0.189352 -0.160778 
-0.354793 -0.209381 -0.078888 0.243499 0.629611 0.484394 0.214243 -0.204379 -0.423723 -0.516492 
-0.340684 -0.317005 -0.372660 -0.341326 -0.329965 -0.251287 0.057410 -0.053789 0.757065 0.379939 
-0.386736 -0.417030 -0.241152 -0.163321 0.904577 0.974145 0.082332 -0.408451 -0.070940 0.089010 
-0.192096 -0.327654 -0.381271 -0.350048 -0.238697 -0.250152 -0.368617 -0.375096 -0.237520 -0.081369 
-0.267436 -0.175661 -0.432366 -0.183899 -0.220986 -0.122412 -0.096780 -0.186888 -0.177527 -0.066010 
0.026285 0.024447 -0.068251 -0.058555 -0.078282 0.193108 -0.152114 -0.174341 -0.108503 -0.079342 
-0.054834 -0.106615 -0.130219 -0.048869 0.249811 0.745279 0.543261 -0.074071 -0.462865 -0.356631 
-0.326325 -0.445673 -0.537959 -0.552222 -0.542782 -0.531245 0.055447 -0.079296 -0.172306 0.156895 
-0.028736 0.023543 -0.318308 -0.353660 -0.067303 -0.075212 0.243296 -0.124859 -0.334337 -0.206406 
-0.157903 -0.277483 -0.368883 -0.458938 -0.530222 -0.318778 0.583972 0.367275 0.385762 0.185300 
-0.303815 -0.435589 -0.407551 0.404768 1.074816 1.067952 0.068345 -0.157293 -0.360402 -0.012346 
-0.145205 -0.168804 -0.237878 -0.304737 -0.305298 -0.427486 -0.526100 -0.509930 -0.456150 -0.258424 
0.084142 -0.164095 -0.316569 -0.343125 -0.403912 -0.191203 -0.161431 -0.105070 -0.113408 -0.138211 
-0.068024 -0.039037 -0.056807 0.090800 0.154240 0.254952 0.013188 -0.194142 -0.165384 -0.145472 
-0.129313 -0.103707 -0.031979 -0.170054 0.203447 0.706371 0.369264 -0.081397 -0.236033 -0.396274 
-0.215178 0.356851 0.454201 0.792683 -0.149874 -0.078977 -0.315489 -0.281283 -0.230794 0.256834 
0.067274 -0.328735 -0.429901 -0.264847 0.048633 -0.214501 -0.416801 -0.343720 -0.366424 -0.439524 
-0.437583 0.088308 -0.070472 -0.258276 -0.454225 -0.500296 0.056685 0.021490 0.478389 0.667954 
-0.380668 -0.382942 -0.360551 -0.166984 -0.149087 0.765612 0.800386 -0.271035 -0.291530 -0.221441 
-0.116878 -0.288433 -0.225582 -0.186877 -0.323489 -0.353736 -0.371855 -0.449162 -0.448918 -0.139416 
-0.026587 -0.050093 -0.235516 -0.177291 -0.288339 -0.370359 -0.221244 -0.280714 -0.322112 -0.260725 
-0.185257 -0.191720 -0.297782 -0.126952 -0.105086 0.017355 -0.022852 -0.052374 -0.007331 -0.024085 
-0.081002 -0.039414 0.003063 -0.021636 0.190631 -0.038619 -0.193734 -0.023760 0.059850 -0.009394 
0.294028 0.987633 0.427560 1.508686 1.207877 -0.003994 -0.299595 -0.269458 -0.068894 -0.181344 
0.095942 0.131360 -0.117623 -0.205243 0.038914 0.039090 0.152708 0.487351 0.711065 0.021366 
-0.332415 -0.124769 0.121635 0.616543 0.517416 -0.403402 -0.137168 0.094432 0.167343 0.460155 
0.367395 0.063932 0.074710 0.269283 0.117363 0.134890 -0.426466 -0.348638 -0.440735 -0.385756 
-0.409838 -0.336428 -0.188977 -0.199808 -0.219444 -0.268411 -0.462344 -0.469937 -0.385047 -0.246441 
-0.132197 -0.205378 -0.286032 -0.163296 -0.114718 -0.183787 -0.335497 -0.476456 -0.408197 -0.254198 
-0.282313 -0.229701 -0.397867 -0.285899 -0.232699 -0.180588 -0.082387 -0.000938 0.058158 -0.027214 
-0.087063 -0.115619 -0.122457 -0.188849 -0.013701 -0.158960 -0.351471 -0.380346 -0.157382 -0.009932 
0.265676 0.057935 -0.413947 -0.392198 -0.177145 -0.241263 -0.229561 -0.256213 -0.400977 -0.413439 
-0.373336 -0.312761 -0.486777 -0.139601 0.164353 0.615643 1.501602 1.668823 1.919694 2.246293 
0.412344 0.129477 -0.132272 0.219043 0.314603 0.103575 0.425978 0.392166 0.454051 0.399023 
-0.136625 -0.188456 -0.270668 -0.348363 -0.024760 0.171748 0.032114 0.342353 0.045304 -0.333834 
-0.472915 -0.434547 -0.043254 -0.065473 -0.098474 -0.176959 -0.519047 -0.516613 -0.466987 -0.351450 
-0.037095 -0.177392 -0.354855 -0.301376 -0.015779 -0.218313 -0.405737 -0.374307 -0.237303 -0.438689 
-0.412689 -0.343721 -0.419743 -0.428074 -0.361005 -0.248670 -0.317041 -0.339275 -0.308247 -0.305589 
-0.369400 -0.369379 -0.443176 -0.459576 -0.223529 -0.227737 -0.055737 0.120543 -0.100530 0.108735 
-0.154562 -0.467434 -0.393683 -0.189059 0.941569 1.011467 0.060235 -0.449250 -0.308981 -0.171487 
-0.253638 0.140337 -0.204729 -0.260568 -0.430303 -0.137240 -0.148482 -0.250265 -0.200287 0.195785 
-0.250309 -0.299767 0.041059 -0.168489 -0.047302 0.068911 0.276493 0.208273 0.228435 0.526449 
-0.458885 -0.425571 -0.337184 -0.391066 -0.309246 -0.223973 -0.189897 -0.145005 -0.228180 -0.254018 
-0.435002 -0.397344 -0.034630 0.172585 0.356741 0.777306 -0.208500 -0.483972 -0.432254 -0.429216 
-0.189880 -0.244940 -0.392890 -0.393807 -0.271595 -0.113220 0.167836 -0.226792 -0.420820 -0.428342 
-0.541243 -0.543157 -0.533966 -0.488536 -0.461448 -0.429365 -0.247646 -0.122062 -0.201279 -0.485308 
-0.498690 -0.369583 0.005822 0.281440 0.365609 0.201559 0.277114 -0.099241 -0.260686 -0.258707 
-0.446643 -0.461687 -0.406145 -0.478875 -0.451368 -0.512168 -0.520214 -0.494436 -0.462112 0.153161 
-0.252460 -0.442843 -0.134904 -0.303545 -0.475442 -0.384927 -0.442219 -0.240242 -0.137595 -0.128298 
0.160933 -0.143999 -0.067231 0.020851 -0.224576 -0.234796 -0.013138 0.210720 0.323183 0.356403 
-0.472577 -0.537395 -0.476111 -0.413750 -0.387873 -0.417772 -0.441548 -0.296808 -0.429128 -0.411056 
-0.521730 -0.523127 -0.228695 0.200923 0.389474 0.727798 -0.424624 -0.550386 -0.547778 -0.555306 
-0.434421 -0.440657 -0.496870 -0.477948 -0.530423 -0.539572 -0.551853 -0.549975 -0.520726 -0.501519 
-0.507641 -0.528597 -0.527877 -0.495708 -0.511056 -0.385995 -0.087906 0.065137 -0.434895 -0.473300 
-0.445709 -0.418191 -0.399784 -0.326398 -0.360624 -0.327605 -0.339556 -0.502587 -0.521996 -0.480715 
-0.535227 -0.528204 -0.535827 -0.515923 -0.523809 -0.476847 -0.453411 -0.446435 -0.424837 -0.402141 
-0.359441 -0.430514 -0.502113 -0.489520 -0.340513 -0.338886 -0.522040 -0.531996 -0.523113 -0.432961 
-0.417448 -0.435979 -0.296382 -0.251285 -0.378348 -0.435843 -0.451598 -0.369250 -0.420556 -0.082704 
-0.518758 -0.551550 -0.554676 -0.550224 -0.408566 -0.336086 -0.324517 -0.330899 -0.472518 -0.507868 
-0.520630 -0.525451 -0.344503 0.123606 -0.183026 -0.407901 -0.468397 -0.531248 -0.528946 -0.541234 
-0.533835 -0.387855 -0.438971 -0.555232 -0.549118 -0.522944 -0.370959 0.332099 0.857252 0.534344 
0.035383 -0.347969 -0.294470 -0.481454 -0.504376 -0.532041 -0.552576 -0.474597 0.126093 -0.270377 
-0.427940 -0.554117 -0.545229 -0.555151 -0.540140 -0.538270 -0.528593 -0.537588 -0.527044 -0.487070 
-0.511915 -0.506560 -0.514389 -0.507736 -0.475253 -0.496804 -0.500213 -0.532175 -0.504720 -0.513705 
-0.515445 -0.536326 -0.530697 -0.530580 -0.536898 -0.539344 -0.546750 -0.497316 -0.524202 -0.538674 
-0.542575 -0.537347 -0.556136 -0.554976 -0.554786 -0.544482 -0.520865 -0.470202 -0.062183 -0.153726 
0.171465 0.246071 -0.213262 -0.259559 -0.323983 -0.312757 -0.249442 -0.233502 -0.271643 -0.282866 
-0.287449 -0.269677 -0.242695 -0.293872 -0.318152 -0.265927 -0.245884 -0.264501 -0.297785 -0.277440 
-0.278786 -0.272152 -0.265796 -0.269733 -0.293491 -0.351847 -0.318871 -0.290063 -0.289933 -0.192875 
-0.221431 -0.282024 -0.263991 -0.320847 -0.249689 -0.265015 -0.274379 -0.284136 -0.274178 -0.245640 
-0.243026 -0.270227 -0.307035 -0.246039 -0.202420 -0.244550 -0.231511 -0.248424 -0.301267 -0.281943 
-0.254326 -0.268742 -0.275180 -0.299464 -0.244257 -0.218226 -0.253532 -0.270486 -0.284552 -0.323925 
-0.300673 -0.195506 -0.197332 -0.318552 -0.295878 -0.201297 -0.253677 -0.281955 -0.257670 -0.231359 
-0.234425 -0.238397 -0.230470 -0.230785 -0.247468 -0.236715 -0.227629 -0.229480 -0.309183 -0.349455 
0.615481 0.437344 0.234307 0.102757 -0.110563 -0.066320 0.159910 -0.077454 -0.091957 -0.054528 
-0.034778 -0.088380 -0.142522 -0.133960 -0.119950 -0.030652 -0.030140 -0.083763 -0.086463 -0.022809 
-0.062719 -0.029340 -0.082545 -0.003757 -0.115117 -0.134547 0.026887 -0.044211 0.369886 0.245053 
0.086779 -0.003230 -0.109307 0.143421 0.088519 -0.148550 -0.219412 -0.117731 0.081536 0.091184 
-0.012884 -0.039372 -0.019732 -0.012200 -0.027581 0.005923 -0.047796 -0.040621 -0.089592 -0.104889 
-0.106957 -0.095665 -0.151294 0.004554 0.109518 -0.012098 -0.039739 -0.028284 -0.096002 -0.081916 
0.167381 0.498385 0.109752 -0.213872 -0.063161 -0.005323 -0.266607 -0.314565 -0.163889 -0.077552 
-0.063346 -0.068017 -0.023787 0.010617 -0.026087 -0.041982 -0.040130 0.034819 -0.230373 -0.047315 
0.740068 0.813901 0.550275 0.245090 -0.024533 0.175193 0.375664 0.159402 0.079443 0.034812 
-0.009525 -0.051107 -0.135026 -0.226182 -0.082711 0.098393 0.123132 -0.043610 0.059136 0.231616 
0.165618 0.098465 -0.010815 0.080767 -0.048957 0.208665 0.500243 0.150998 0.581242 0.718711 
0.156373 0.246383 0.158119 0.571237 0.436734 0.215759 0.237864 0.096187 0.274233 0.410622 
0.277455 0.262229 0.299619 0.361637 0.191945 0.190866 0.113958 -0.104318 -0.201871 -0.133612 
-0.032851 0.029748 0.059788 0.345999 0.551204 0.213487 0.002084 0.061248 0.004461 0.004979 
0.466174 0.698890 0.384748 0.124668 0.386705 0.122335 -0.117496 0.000954 0.215933 0.130769 
-0.010552 0.051574 0.132052 0.100790 0.138192 0.148491 0.044314 0.158879 -0.104500 -0.037651 
1.042411 1.088743 1.175391 0.796880 0.553446 0.583382 0.557352 0.472215 0.398166 0.293448 
0.258711 0.183198 -0.049038 -0.017448 0.112904 0.266584 0.306628 0.377763 0.641591 0.943316 
0.493064 0.204413 0.012490 0.125575 0.030848 0.178532 0.403187 0.096704 0.185316 0.369800 
0.069557 0.246686 0.116541 -0.053763 -0.303312 -0.237794 0.814100 0.934420 0.427002 0.437953 
0.383120 0.435062 0.429049 0.650711 0.490684 0.292177 -0.094316 -0.338754 -0.369714 -0.365243 
-0.414830 -0.375594 0.025996 0.643868 0.657279 0.399119 -0.241893 -0.374798 -0.321534 -0.262141 
-0.051211 0.280889 -0.001875 0.213831 0.090651 -0.281026 -0.298538 -0.191831 0.466394 0.587910 
0.089283 0.041659 0.241804 0.333174 0.533952 0.635263 0.628938 0.486309 0.016440 -0.005175 
0.950914 0.806804 0.848285 0.349404 0.249936 0.254564 0.114844 0.138161 0.122763 0.009837 
-0.044350 -0.126420 -0.098780 0.140404 0.312827 0.259215 0.062496 -0.061662 -0.044072 0.012694 
-0.185859 -0.267539 -0.320221 -0.305923 -0.290984 -0.272006 -0.263027 -0.279310 -0.284312 -0.248277 
-0.275224 -0.246223 -0.292147 -0.250749 -0.212554 -0.175978 -0.165613 0.324817 -0.004729 -0.153260 
-0.186105 -0.241661 -0.251008 -0.196650 -0.234330 -0.268412 -0.324669 -0.297555 -0.195879 -0.178758 
-0.208314 -0.195124 -0.336010 -0.087064 -0.100223 -0.167195 -0.241696 -0.193549 -0.349490 -0.313910 
-0.301560 -0.089313 -0.172727 -0.237356 -0.231566 -0.148456 -0.111495 -0.137670 -0.111525 0.305273 
0.013715 -0.105168 -0.075493 0.105982 0.341363 0.439732 0.322563 0.166476 -0.226011 -0.062797 
0.911752 0.682045 0.727503 0.213388 0.197892 0.257775 0.132548 0.173402 0.146725 0.042946 
0.041105 -0.012484 0.206451 0.463741 0.626892 0.596963 0.438253 0.327652 0.118725 0.037047 
0.157460 0.417929 0.346629 0.163893 0.332810 0.432182 0.414332 0.342287 0.400547 0.397049 
0.483680 0.737263 0.569872 0.299629 0.937832 1.007849 1.039849 1.257265 0.908853 0.580766 
0.617689 0.936538 0.986804 0.877557 0.498131 0.397608 0.595643 0.760162 0.896312 0.664604 
1.337466 1.092597 1.111159 1.276167 0.653989 0.554343 0.813147 1.079303 1.305404 1.084045 
0.948821 0.921709 0.536091 0.730521 0.379538 0.303821 0.986829 1.256211 1.193961 1.238395 
0.508001 0.850951 0.869575 0.650058 0.632371 0.533164 0.337353 0.315093 -0.156993 -0.063062 
0.854475 0.636598 0.617652 0.216468 0.141938 0.160706 -0.081847 -0.234124 -0.257005 -0.212143 
-0.150916 -0.122225 0.010954 0.067760 0.294846 0.372905 0.489540 0.405973 0.181087 0.113234 
0.147289 0.192266 0.308942 0.373670 0.621213 0.514372 0.682414 0.669793 0.515097 0.431172 
0.383187 0.529547 0.342280 0.380134 0.964598 1.000182 1.169320 1.164213 0.871630 0.838388 
0.737079 0.884826 0.892872 0.786236 0.308186 0.187623 0.212002 0.395350 0.535641 0.426383 
1.099802 1.038652 1.195431 1.335219 0.678065 0.604895 0.570239 0.812711 1.244564 0.955338 
0.857704 0.847720 0.323328 0.406524 0.356989 0.257191 0.694752 0.891616 1.209839 1.238286 
0.466073 0.803863 0.899141 0.733366 0.544272 0.503021 0.304115 0.209203 -0.183070 -0.035502 
0.830800 0.699035 0.694492 0.271349 0.084381 0.064897 -0.246119 -0.324540 -0.470499 -0.370417 
-0.271112 -0.299222 -0.192370 -0.144788 -0.200499 -0.222647 -0.062849 0.083088 0.039541 0.013236 
0.058764 0.059077 0.426079 0.810032 1.098980 0.731087 0.512448 0.547815 0.321087 0.174460 
0.108013 0.266203 0.054607 -0.021296 0.388932 0.428405 0.700864 0.879945 0.675282 0.658157 
0.576669 0.461464 0.189826 0.273118 0.234715 0.244021 0.256484 0.080390 0.279991 0.537904 
1.006894 1.010181 1.030459 1.075843 0.502725 0.430086 0.431557 0.606294 0.963405 1.044398 
0.754357 0.638933 0.264766 0.070543 0.250853 0.329589 0.855886 0.935025 0.849734 0.835397 
0.472082 0.573793 0.537213 0.323984 0.304784 0.283246 0.132204 0.032902 -0.238872 -0.029135 
0.898672 0.705653 0.623884 0.207901 0.055094 -0.021349 -0.167854 -0.018349 -0.140179 0.108624 
0.140169 -0.009649 -0.132988 -0.039780 0.095012 -0.081010 -0.120739 -0.092713 -0.116376 -0.025493 
0.153933 0.453824 0.702130 0.998949 1.041711 0.829969 0.733900 0.770740 0.704812 0.536454 
0.254255 0.322737 0.299056 0.205992 0.578637 0.584896 0.788090 0.983287 0.658399 0.654910 
0.341881 0.178284 0.331649 0.463326 0.519987 0.537909 0.609014 0.464552 0.696900 0.738227 
1.054420 1.087595 1.343172 1.293872 0.707435 0.636402 0.405930 0.500626 0.882322 1.100392 
0.909971 0.591727 0.222057 0.123055 0.266204 0.521144 1.104500 1.028011 0.965588 0.832370 
0.495139 0.536090 0.439269 0.269022 0.215406 0.174178 0.087679 -0.007441 -0.270774 -0.067059 
0.998608 0.745586 0.659138 0.245006 0.107993 0.072470 0.309441 0.495207 1.148963 1.533520 
1.692925 1.051998 0.579288 0.429050 0.418516 0.288877 0.201604 0.195635 -0.118960 -0.194977 
-0.006996 0.451422 0.669963 0.631852 0.273029 0.275894 0.225012 0.262359 0.301684 0.179250 
0.173896 0.297577 0.440582 0.467486 0.729255 0.464146 0.612880 0.788800 0.338605 0.248864 
0.032371 0.080221 0.425934 0.539098 0.493098 0.763014 1.145828 0.973961 0.972501 0.858298 
0.552978 0.509630 0.443137 0.479697 0.297319 0.324092 0.211109 0.248821 0.487318 0.737716 
0.680181 0.434696 0.093843 0.016359 0.209199 0.355622 0.620629 0.640766 0.541416 0.565245 
0.508394 0.578313 0.344292 0.383372 0.374879 0.336245 0.098267 -0.045105 -0.269651 -0.047894 
1.206252 1.071878 0.752964 0.324061 0.133993 0.168927 0.110611 0.090517 0.248016 0.733694 
0.819742 1.061562 0.942116 0.662333 0.621416 0.560716 0.853495 0.720010 0.277163 0.116896 
0.248537 0.549247 0.546581 0.554473 0.265770 0.216653 0.210860 0.182426 0.315882 0.299397 
0.327237 0.462219 0.486883 0.506405 0.982799 0.587038 0.517997 0.753865 0.267865 0.007388 
0.157546 0.388071 0.566540 0.680922 0.709426 0.790364 0.968282 0.773371 0.789915 0.505792 
0.299881 -0.046145 -0.073183 0.042706 0.092163 0.366048 0.543012 0.388866 0.357297 0.298681 
0.333363 0.605349 0.407773 0.233567 0.226728 0.317961 0.494553 0.445961 0.467738 0.540500 
0.324528 0.400923 0.241272 0.254747 0.242330 0.322778 0.089733 -0.074513 -0.268199 -0.042146 
1.102470 0.727331 0.631806 0.231640 0.121580 0.178752 0.133810 0.050448 0.115048 0.336520 
0.236168 0.080738 0.176719 0.280706 0.432628 0.462976 0.635624 0.606423 0.629746 0.569033 
0.489567 0.405678 0.347505 0.202332 -0.011568 0.245293 0.721484 0.753893 0.756645 0.783845 
0.693041 0.695595 0.729712 0.764987 1.197489 1.152072 1.123694 0.976410 0.342302 0.247708 
0.493939 0.448799 0.695174 0.865766 0.889701 0.897047 0.822837 1.111938 1.341609 0.901941 
0.449904 0.248469 -0.023806 -0.201480 -0.213579 -0.109405 0.305492 0.507737 0.392933 0.084458 
0.010972 0.264692 -0.005838 -0.118785 0.029981 0.164323 0.378730 0.389132 0.476159 0.540239 
0.211791 0.223077 0.155611 0.108099 0.208875 0.392443 0.180734 0.050926 -0.228057 -0.036482 
0.897455 0.619874 0.691315 0.163573 0.042213 0.099153 0.094963 -0.072124 -0.078111 0.038330 
-0.038401 -0.169636 -0.037302 0.277485 0.437400 0.513636 0.538827 0.598666 0.606952 0.543020 
0.533581 0.246039 0.223982 0.229803 0.212896 0.395441 0.613917 1.055193 1.123519 1.217729 
0.857689 1.079225 0.828925 0.848499 1.205988 1.268098 1.527720 1.036791 0.327333 0.581204 
0.724069 0.514992 0.774870 0.811085 0.766992 0.772452 0.596568 0.713044 0.748758 0.427850 
0.767223 0.988683 0.728529 -0.075677 -0.146748 -0.121505 0.018414 0.430494 0.511728 0.230691 
-0.066199 -0.044085 -0.133127 -0.137321 -0.082359 -0.028202 0.214140 0.242099 0.328435 0.433991 
0.161388 0.102706 -0.017693 -0.015054 0.084095 0.259000 0.123836 0.017596 -0.163589 -0.023465 
0.900377 0.664844 0.671423 0.131219 -0.083255 -0.136521 -0.214191 -0.391904 -0.361328 -0.344077 
-0.105798 0.203506 0.472099 0.386093 0.421837 0.365199 0.314927 0.351339 0.169050 0.179660 
0.158048 0.112768 0.031495 -0.039345 0.323895 0.472357 0.564681 0.709847 0.761632 0.825634 
0.628674 0.723421 0.398493 0.412756 0.221901 0.133385 0.353507 0.255569 0.170880 0.353297 
0.457545 0.318764 0.623783 0.674480 0.666853 0.655529 0.343249 0.321473 0.079642 0.032955 
0.457867 0.714259 1.089869 0.816328 0.693612 0.589148 0.499535 0.797872 0.779578 0.867905 
0.715042 0.433645 0.283729 0.461115 0.276283 0.119429 0.116541 0.073356 0.256349 0.435887 
0.233567 0.281169 0.117997 0.005010 -0.063138 -0.004956 -0.018625 -0.131667 -0.210025 -0.067352 
0.884014 0.666982 0.495974 -0.048702 -0.231310 -0.270542 -0.228137 -0.324080 -0.145628 -0.044137 
-0.032189 0.272450 0.361446 0.446049 0.491042 0.345675 0.289325 0.164490 0.062676 0.006250 
0.113884 0.114422 0.198471 0.077730 0.325906 0.325762 0.423747 0.456187 0.422045 0.530963 
0.411034 0.189788 0.007982 0.023642 0.054062 -0.017616 -0.088774 0.058233 0.023542 0.269071 
0.575348 0.551191 0.557272 0.231202 -0.025490 0.101605 -0.019460 -0.071627 -0.156368 -0.138175 
0.024635 0.290258 0.515985 0.688640 0.805324 0.564150 0.657761 0.922423 0.700210 0.817402 
0.728424 0.467338 0.266735 0.427279 0.165089 0.015800 0.050099 0.026690 0.275967 0.501918 
0.112954 0.262490 0.150887 0.036976 -0.016575 0.018244 -0.080533 -0.094712 -0.205367 -0.041959 
0.916590 0.492272 0.314403 -0.211749 -0.388762 -0.421315 -0.348573 -0.252181 0.614821 1.086479 
0.802865 0.718204 0.536511 0.481099 0.257780 0.199745 0.162174 0.032850 0.043414 0.015975 
0.210730 0.479842 0.716582 0.641753 0.526224 0.592385 0.714261 0.755477 0.306625 0.313087 
0.130210 0.093795 0.164263 0.181755 0.667885 0.807560 0.675483 0.387406 0.181661 0.201071 
0.602320 0.897075 0.818356 0.330930 -0.395814 -0.443197 -0.402700 -0.389370 -0.345119 -0.380961 
-0.385748 -0.408017 -0.336887 -0.266479 -0.047854 -0.045070 0.178077 0.439241 0.467306 0.667646 
0.405350 0.194973 -0.055790 -0.036401 -0.223459 -0.216226 -0.056111 0.064319 0.492117 0.536564 
0.041888 0.029054 -0.082621 -0.022815 0.108742 0.414663 0.261204 -0.037869 -0.165578 -0.004564 
0.811171 0.484831 0.271469 -0.184782 -0.217443 0.015557 -0.039606 -0.019842 0.158430 0.524345 
0.701978 0.612042 0.458396 0.272120 0.144409 0.140696 0.053838 -0.035057 0.086012 0.178759 
0.096184 0.263414 0.383649 0.411862 0.526135 0.498757 0.648006 0.458564 0.201128 0.188462 
0.120436 0.101678 0.186175 0.301552 0.328516 0.445198 0.470297 0.395372 0.147500 0.176974 
0.193680 0.464973 0.500183 0.003211 -0.331016 -0.317305 -0.365475 -0.362619 -0.260205 -0.153419 
-0.203073 -0.102707 -0.129631 -0.109139 -0.100141 -0.038416 0.037184 0.252734 0.186624 0.412303 
0.148498 0.078727 -0.121182 -0.282345 -0.153199 -0.078488 -0.062028 -0.014916 0.309741 0.458023 
0.061266 0.085266 -0.070287 -0.068163 0.098365 0.494052 0.417317 0.149651 -0.171847 -0.056731 
0.798335 0.473493 0.311498 0.151248 0.707747 0.833827 0.763864 0.521999 0.248283 0.378511 
0.086157 0.090552 0.064423 0.010487 0.042107 0.224285 0.120667 -0.016313 -0.030610 0.005390 
-0.133458 -0.090336 -0.080665 -0.103125 0.043636 0.046212 0.054025 0.001463 0.037190 0.022369 
0.023044 0.064015 0.104858 0.210684 0.267914 0.245426 0.281161 0.290001 0.007854 -0.019570 
-0.024282 0.255887 0.045791 -0.265439 -0.212247 0.552491 0.292668 -0.105470 0.123362 0.799072 
1.240146 0.845443 1.007355 1.008807 0.662710 0.273854 0.512743 0.871541 0.538341 0.581708 
0.250239 0.287527 0.030358 -0.249100 -0.095079 -0.010270 0.491504 0.536068 0.937075 1.037872 
0.320446 0.218675 -0.004886 -0.060151 0.170723 0.357136 0.286053 0.137514 -0.236881 -0.048720 
0.871321 0.571421 0.306568 0.223616 0.528924 0.576265 0.574497 0.306410 0.201614 -0.022545 
-0.182564 -0.153686 0.035831 -0.120577 -0.064024 0.117724 0.137002 0.058075 0.013044 -0.073719 
-0.217935 -0.214609 -0.007157 -0.004315 0.018372 -0.127488 -0.124544 -0.047346 0.129990 0.168787 
0.062865 0.113508 0.125513 0.182097 0.089112 0.098782 0.137731 0.015529 -0.080637 0.011438 
0.001068 0.206130 -0.080293 -0.320081 -0.151517 0.563013 0.515910 -0.050586 0.135191 0.642409 
1.405280 1.224369 1.178856 1.219983 1.379622 0.819218 0.514081 0.983192 0.580077 0.550826 
0.364927 0.386021 0.022151 -0.250688 -0.105319 0.148311 1.014986 0.664809 1.055053 1.172039 
0.335163 0.215825 0.139794 0.279064 0.539079 0.614468 0.332739 0.028820 -0.249322 -0.077168 
0.934629 0.606717 0.407697 0.173306 0.313153 0.345398 0.358755 0.230602 -0.276724 -0.427605 
-0.398610 -0.383326 -0.107855 0.007937 -0.053885 0.023876 0.071583 0.046169 0.089144 -0.053467 
-0.116241 -0.106471 0.101244 0.188082 0.234560 0.279589 0.139959 0.092819 0.053461 0.054203 
0.017064 0.100022 0.098831 0.116272 -0.020232 -0.097280 -0.232473 -0.244056 -0.183020 -0.132177 
-0.029048 0.064064 -0.098756 -0.270806 -0.044046 0.547435 0.740277 0.622981 0.749661 0.879714 
1.240886 1.187868 1.221501 1.074627 1.274065 0.954022 1.075998 1.164518 0.413591 0.392299 
0.299882 0.341610 0.006109 -0.205871 -0.041131 0.224383 1.077634 0.593191 0.807364 0.789540 
0.211652 0.210946 0.201569 0.221664 0.393116 0.526121 0.246803 -0.028913 -0.277899 -0.055879 
1.044693 0.661305 0.504004 0.305385 0.304387 0.238163 0.108389 -0.086371 -0.303291 -0.310163 
-0.282382 -0.270639 -0.266564 0.085892 0.068115 -0.004937 -0.064213 -0.038532 0.002564 -0.035200 
-0.001524 0.184208 0.079483 0.090904 0.122613 0.253804 0.314385 0.224844 0.094283 0.015222 
-0.082991 -0.013003 0.055235 0.096731 0.041937 0.241520 0.024302 -0.178969 -0.156531 -0.048218 
-0.038800 0.052829 -0.052672 -0.125090 0.033029 0.539486 0.776519 0.808922 0.826343 1.092578 
1.326759 1.168939 1.144671 0.873914 0.802553 0.795264 1.252116 1.037381 0.469229 0.351192 
0.176653 0.221083 0.012133 -0.124812 -0.011119 0.177677 0.959876 0.747067 1.014257 0.773790 
0.150357 0.207273 0.146317 0.160666 0.269042 0.286152 0.099498 -0.082185 -0.249254 -0.085510 
1.006363 0.725954 0.749889 0.426958 0.396419 0.297870 -0.004963 -0.276354 -0.251338 -0.168780 
-0.044289 0.048344 0.184036 0.339248 0.072455 -0.000784 -0.010646 0.081964 0.142298 0.177075 
0.371823 0.256676 0.116197 0.055832 0.126066 0.132724 0.138893 0.061364 0.003095 -0.047688 
-0.147250 -0.099043 -0.122326 -0.002172 0.110916 0.337664 0.141177 0.006511 0.033348 -0.122266 
-0.175278 -0.131631 -0.184756 -0.245317 -0.186960 0.134801 0.327677 0.335680 0.533036 0.822568 
0.838196 0.684470 0.487686 0.233259 0.245906 0.359433 0.394506 0.306488 0.370578 0.316127 
0.132856 0.133020 -0.017801 -0.201265 -0.130745 -0.026286 0.534271 0.460341 0.793438 0.666435 
0.079550 0.123405 0.050736 0.069952 0.197614 0.259005 -0.019864 -0.094535 -0.263891 -0.082371 
0.718335 0.570335 0.688025 0.157599 0.037598 -0.008181 -0.239697 -0.364153 -0.275621 -0.264568 
-0.223148 -0.177743 0.174255 0.340545 0.010249 0.112156 0.102309 0.111709 0.166454 0.229519 
0.120118 0.003494 0.006140 -0.064059 -0.057521 -0.133696 -0.027840 -0.146849 -0.181185 -0.195427 
-0.213708 -0.194810 -0.254875 -0.124125 -0.100057 0.023457 0.070862 0.711555 0.856635 0.221537 
0.029865 -0.098140 -0.188283 -0.288880 -0.111734 0.180742 0.158801 0.300292 0.342402 0.352896 
0.241267 0.049648 -0.169224 -0.167436 -0.061076 -0.245450 -0.270197 -0.045981 0.065288 0.145438 
-0.057684 -0.009386 -0.020086 -0.180716 -0.070470 0.101026 0.802898 0.682497 0.731863 0.505208 
0.036574 0.024054 -0.099634 -0.106128 0.026243 0.078819 -0.125210 -0.075238 -0.247025 -0.017244 
0.715311 0.600611 0.802192 0.285560 0.072613 -0.042000 -0.243294 -0.435037 -0.270749 -0.221786 
-0.199296 -0.244975 -0.231724 -0.047143 -0.200031 -0.172183 -0.078803 0.000555 0.052137 0.063307 
-0.010668 -0.077673 -0.095377 -0.092851 -0.117853 -0.168921 -0.072512 -0.226271 -0.320007 -0.305802 
-0.276131 -0.340461 -0.413802 -0.377310 -0.266334 -0.132205 0.082603 0.532302 0.308487 0.217612 
0.124258 -0.155760 -0.230296 -0.292307 0.166461 0.550501 0.458376 0.389127 0.217510 0.247330 
0.234051 -0.014644 -0.237703 -0.330694 -0.304191 -0.268175 -0.202622 -0.288980 -0.267306 -0.131155 
-0.357274 -0.351686 -0.281616 -0.253928 0.179735 0.500072 1.043646 0.857178 0.703677 0.456277 
0.066136 0.009977 -0.105771 -0.162569 -0.038844 -0.015208 -0.132115 -0.126338 -0.226179 -0.039116 
1.076519 0.883493 0.808404 0.516063 0.105518 -0.048868 -0.253256 -0.427578 -0.167958 -0.211160 
-0.161861 -0.130054 -0.040942 -0.064854 -0.213323 -0.184262 -0.137005 -0.063120 0.123839 0.245808 
-0.023220 -0.218093 -0.209880 -0.188181 -0.147284 -0.184736 -0.133369 -0.259143 -0.251396 -0.362079 
-0.287088 -0.373664 -0.358544 -0.302906 -0.291497 -0.164799 -0.112525 0.063232 0.071617 0.049349 
0.101137 0.001315 -0.151209 -0.109747 0.143696 0.393105 0.397889 0.234894 0.101302 -0.120097 
-0.148739 -0.190568 -0.127158 -0.142769 -0.141760 -0.085134 0.273473 0.283816 -0.148495 -0.179310 
-0.237644 -0.229579 -0.261734 -0.129373 0.065374 0.379186 0.829346 0.835673 0.923906 0.370859 
0.110903 0.081923 0.047883 0.030656 0.016959 -0.001890 0.006909 0.015136 -0.187689 -0.016404 
1.078401 0.794386 0.849076 0.471911 0.162985 0.051657 -0.274000 -0.452237 -0.104811 0.239220 
0.356720 0.202630 0.336422 0.622531 0.191962 0.370445 0.307553 0.151369 0.185568 0.419398 
0.216865 -0.077641 -0.208221 -0.245069 -0.233336 -0.201705 -0.189578 -0.254730 -0.135419 -0.543048 
-0.414606 -0.282830 -0.359212 -0.258838 -0.265423 -0.210396 -0.188361 -0.106279 -0.051598 -0.022695 
0.122141 0.167863 0.123861 -0.058084 -0.019406 0.172192 0.078054 0.043887 0.181408 0.010493 
-0.092564 -0.234544 0.121858 0.231745 0.499786 0.552652 0.724330 0.923972 0.620705 0.518385 
0.365857 0.502387 0.387839 0.311557 0.106629 0.079489 0.334500 0.577200 0.388527 0.187245 
0.177205 0.109682 0.130440 0.149150 0.133261 -0.030194 -0.014184 0.119143 -0.083273 0.042430 
0.626836 0.750495 0.821624 0.215980 0.115959 0.020653 -0.151600 -0.382481 -0.122590 0.109511 
0.353864 0.316143 0.588268 0.702225 0.291544 0.357681 0.386674 0.277283 0.275849 0.308966 
0.076060 -0.065732 -0.175171 -0.272664 -0.252805 -0.211846 -0.179938 -0.286290 -0.224645 -0.494966 
2.959615 4.773430 1.233263 -0.031960 -0.070235 -0.038678 -0.166137 -0.172655 -0.077870 0.034574 
0.098703 0.040301 -0.076980 -0.172226 -0.116295 -0.072517 -0.098295 -0.148574 -0.153426 0.308589 
0.718758 0.421369 0.293028 0.238641 0.465081 0.372838 0.709088 1.104435 0.931070 0.883513 
0.776047 0.793706 0.667037 0.406368 0.068185 -0.131511 -0.148757 0.025048 0.068693 0.128413 
0.233246 0.229035 0.177500 0.140084 0.096235 -0.036038 -0.113513 0.032504 -0.107326 -0.033659 
0.753535 0.772220 0.796005 0.361294 0.128321 -0.020657 -0.081402 -0.336823 -0.154833 -0.033810 
0.120399 0.063632 0.272371 0.426379 0.194029 0.294161 0.233841 0.206103 0.238344 0.250582 
-0.050971 -0.131300 -0.164979 -0.252041 -0.249187 -0.227112 -0.186293 -0.231949 0.360760 0.472816 
3.925429 5.445164 3.569499 0.694411 0.351173 0.135816 -0.099759 -0.107743 -0.059644 -0.020365 
-0.034886 -0.160183 -0.234436 -0.300624 -0.047225 0.130126 0.011187 -0.214137 -0.402132 -0.332695 
-0.230090 -0.290026 -0.184838 -0.058176 0.532448 0.528132 0.777043 1.058285 0.603758 0.504876 
0.483131 0.635848 0.489180 0.219533 -0.077866 -0.276322 -0.271850 -0.253925 -0.112368 0.057086 
0.151516 0.177273 0.071352 0.070766 0.047871 -0.024906 -0.122082 -0.055307 -0.210372 -0.058332 
1.245050 1.105922 0.910622 0.421448 0.108666 -0.026982 -0.115527 -0.337675 -0.127968 0.076008 
0.242044 -0.000570 0.083166 0.004018 -0.137683 0.039345 0.059275 0.053163 0.078111 0.171410 
0.080531 0.023092 -0.168189 -0.236913 -0.230461 -0.303878 -0.259185 -0.239931 0.037737 0.062012 
1.146628 1.819033 1.111277 0.705044 0.269953 0.126835 0.028023 -0.108615 -0.143762 -0.168757 
-0.146126 -0.238665 -0.139963 -0.176866 -0.113046 -0.081481 -0.103374 -0.193619 -0.284301 -0.309273 
-0.309315 -0.247326 -0.189448 -0.137842 0.249538 0.451597 0.572513 0.610413 0.217274 0.319278 
0.234903 0.211744 0.208323 0.073811 0.025363 -0.171208 -0.167454 -0.163468 -0.179864 0.053974 
0.005256 0.044678 -0.038893 -0.036886 -0.025416 -0.075891 -0.134888 -0.081858 -0.179077 0.030809 
1.205281 0.960388 1.032156 0.339236 0.012251 -0.017985 -0.143501 -0.327617 -0.089175 0.065455 
0.287917 0.054400 0.402114 0.699172 0.286658 0.138210 -0.089242 -0.114670 -0.069233 0.039293 
-0.031849 -0.008969 -0.149190 -0.259479 -0.269689 -0.339845 -0.278072 -0.182062 -0.124600 0.086527 
0.202716 -0.021575 0.421503 -0.282423 0.064663 0.155156 -0.106995 -0.209210 -0.219743 -0.219217 
-0.198346 -0.093857 0.140759 0.131405 0.240809 0.105938 -0.108334 -0.076089 0.137830 0.335394 
0.557162 0.632439 1.033713 0.958840 0.856874 0.915002 0.717662 0.645277 0.309501 0.429028 
0.365625 0.263325 0.125247 -0.045439 -0.118013 -0.106898 0.054467 0.083260 0.212620 0.237031 
-0.001467 -0.037952 -0.105260 -0.085912 -0.058274 -0.115625 -0.181376 -0.090719 -0.148061 0.028487 
0.694818 0.678709 0.778892 0.282068 0.084750 0.000975 -0.128630 -0.345519 -0.097758 0.034547 
0.245442 -0.046069 -0.057960 0.448698 0.226281 0.213544 -0.007364 -0.156706 -0.197015 -0.102842 
-0.010743 -0.011857 -0.090175 -0.196627 -0.313170 -0.314661 -0.325907 -0.281895 -0.270727 -0.105360 
-0.052062 -0.272740 -0.509961 -0.294855 -0.069125 -0.222513 -0.319133 -0.344796 -0.273753 -0.157905 
-0.107606 0.016703 0.047994 0.043877 0.070351 0.170853 -0.000826 -0.189498 0.104580 0.482742 
0.883660 0.822863 0.788059 0.733844 0.801950 0.802759 0.746820 0.516871 0.301553 0.416016 
0.284632 0.301940 0.068632 -0.126263 -0.152235 -0.116581 -0.048183 0.014141 0.341604 0.374035 
0.073201 -0.066618 -0.145662 -0.113596 -0.072595 -0.135422 -0.111523 0.039022 -0.120272 0.065069 
0.736525 0.867734 0.859920 0.478256 0.155607 -0.029378 -0.192085 -0.293610 -0.024538 0.314484 
0.500520 0.141158 -0.166576 -0.371654 -0.426854 -0.399625 -0.392621 -0.339848 -0.399042 -0.367689 
-0.261828 -0.092697 -0.122834 -0.075506 -0.293902 -0.341867 -0.376950 -0.382080 -0.286311 -0.095388 
-0.307150 -0.444292 -0.224277 -0.215420 -0.229207 -0.384064 -0.470304 -0.474452 -0.351283 -0.287380 
-0.189395 -0.114814 -0.025558 -0.066693 -0.122910 -0.065694 -0.044505 -0.229149 0.032754 0.325467 
0.678636 0.941405 0.876207 0.736687 0.469529 0.299541 0.327180 0.321343 0.203000 0.243713 
0.141406 0.177860 -0.180284 -0.352573 -0.210120 -0.140182 0.027701 -0.005303 0.050567 0.313029 
-0.085288 -0.115026 -0.168837 -0.173862 -0.140522 -0.174102 -0.071578 0.156984 -0.021628 0.139353 
0.883959 0.859902 0.668833 0.294182 -0.018705 -0.070479 -0.283025 -0.333156 -0.093536 0.248559 
0.461341 0.318221 0.101859 -0.372207 -0.317254 -0.318246 -0.221210 -0.194757 -0.164939 -0.194334 
-0.343184 -0.129120 -0.037751 -0.008993 -0.217272 -0.303271 -0.369743 -0.395803 -0.369055 -0.372662 
-0.307679 -0.261763 -0.291593 -0.312677 -0.290309 -0.434743 -0.451221 -0.387788 -0.213986 -0.175023 
-0.174860 -0.161140 -0.080818 -0.140702 -0.119866 -0.129499 -0.109766 -0.155543 0.075076 0.272037 
0.364384 0.727063 0.783996 0.548843 0.303914 0.207098 0.272274 0.245811 0.124895 0.266581 
0.154404 0.101776 -0.214897 -0.320627 -0.141423 -0.128887 0.181960 0.295465 0.564857 0.368398 
-0.071197 -0.038151 -0.102895 -0.126769 0.007383 0.023480 -0.052616 0.117890 -0.068373 0.013841 
1.006811 0.774540 0.576955 0.177159 -0.059389 -0.091076 -0.210163 -0.317256 -0.192679 -0.034778 
0.490529 0.631535 0.333585 0.215342 0.064053 -0.014801 0.122969 0.238020 0.490564 0.412861 
0.154859 0.148451 -0.029261 0.088592 -0.115549 -0.213719 -0.351286 -0.428233 -0.435958 -0.476738 
-0.468524 -0.424776 -0.384523 -0.389061 -0.439772 -0.446624 -0.304184 -0.076611 -0.063079 -0.044650 
-0.002739 -0.107826 -0.137044 -0.085236 0.122877 0.180281 -0.033809 -0.099045 0.225448 0.561526 
0.412017 0.423439 0.307940 0.342547 0.370229 0.203339 0.126239 0.260536 0.391604 0.549914 
0.287362 0.190467 -0.032353 -0.100911 -0.016089 0.011514 0.537651 0.733263 0.816189 0.831680 
0.208836 0.194052 0.005432 0.008019 0.152739 0.229816 0.038298 -0.023050 -0.289398 -0.106617 
1.029901 0.832892 0.829467 0.122163 -0.009319 -0.019016 -0.098123 -0.303156 -0.109588 0.136997 
0.595879 0.932237 0.313837 0.046602 0.045715 0.112707 0.056668 0.008113 0.255995 0.378657 
0.759932 0.245391 -0.082457 -0.027510 -0.121124 -0.099238 -0.128798 -0.248261 -0.312289 -0.296426 
-0.285331 -0.273708 -0.278959 -0.243958 -0.298606 -0.282807 -0.054077 0.015960 0.160926 -0.088223 
-0.028071 -0.105981 -0.161901 -0.020810 0.086446 0.137970 0.012947 -0.076578 0.160604 0.575246 
0.591607 0.235123 0.058992 0.308728 0.398711 0.194494 0.079669 0.277594 0.539524 0.675169 
0.415189 0.336829 0.089957 -0.040621 -0.044214 0.044503 0.712579 0.751581 0.826632 0.946373 
0.332775 0.311081 0.127682 0.020332 0.118945 0.244972 0.079923 -0.022588 -0.263101 -0.129362 
0.943363 0.781074 1.056932 0.478817 0.146532 0.024560 -0.114060 -0.277419 0.221696 0.862648 
1.365031 1.289170 0.713340 0.579049 0.161515 0.097819 0.009503 -0.141382 -0.105157 -0.042402 
0.175841 0.173503 -0.000550 -0.065540 -0.143819 -0.017673 0.048845 0.055266 -0.050805 -0.157843 
-0.110509 -0.140682 -0.153977 -0.163555 -0.180261 -0.182932 -0.169476 -0.147027 -0.070636 -0.018859 
-0.011361 -0.021869 -0.053173 0.052332 0.117778 0.176154 0.094782 -0.027737 -0.000862 0.110313 
0.304371 0.400124 0.204570 0.008312 -0.067748 -0.111077 0.010455 0.046956 0.180459 0.396690 
0.421106 0.369285 0.130573 0.091272 0.186486 0.376725 1.091377 0.925523 0.815165 0.840465 
0.360251 0.262841 0.022491 -0.035042 0.047023 0.097470 -0.007168 -0.088545 -0.286713 -0.055310 
0.876773 0.690384 0.922744 0.469431 0.244638 0.193557 -0.094146 -0.125917 0.182149 0.613940 
1.178480 1.192279 0.696101 0.783305 0.397932 0.304242 0.257751 -0.091306 0.093498 0.091690 
0.236689 0.261124 -0.055375 -0.101749 -0.158024 -0.084343 0.007994 0.054992 -0.042608 -0.141015 
-0.154230 -0.135830 -0.113395 -0.169495 -0.194086 -0.265944 -0.265076 -0.179679 -0.091869 -0.111805 
-0.011962 0.136473 0.079258 0.065360 0.103642 0.122118 0.043224 -0.081399 -0.023546 0.017067 
0.156165 0.256093 0.226647 0.111461 -0.068122 -0.061436 0.058246 -0.078822 -0.059818 0.064024 
0.085283 0.264977 0.119111 0.270090 0.221429 0.155810 0.598301 0.611329 0.822817 0.629992 
0.182465 0.108516 -0.062289 -0.043866 0.011091 0.059490 -0.069377 -0.203248 -0.269962 -0.038473 
0.782721 0.601738 0.704060 0.347803 0.273465 0.290416 0.048647 -0.001302 0.088556 0.334527 
0.623876 0.667675 0.301266 0.271726 -0.226180 -0.337598 -0.184449 -0.244521 0.088433 0.092023 
0.218684 0.269640 -0.043653 -0.086216 -0.133802 -0.131646 0.011323 0.087274 -0.139542 -0.206207 
-0.205499 -0.207171 -0.229150 -0.283133 -0.300047 -0.341963 -0.306286 -0.164673 -0.049332 -0.027960 
0.008118 0.081215 0.081342 0.064763 0.093051 0.100011 -0.041118 -0.135404 -0.074304 0.038879 
0.177823 0.340814 0.452809 0.596592 0.623472 0.508175 0.547205 0.317248 0.152597 0.178022 
0.157901 0.284392 0.147209 0.187208 -0.011853 -0.086583 0.115843 0.173185 0.318476 0.210639 
-0.004255 -0.047016 -0.144819 -0.145243 -0.064620 -0.090814 -0.162950 -0.211246 -0.264720 0.063289 
0.887540 0.633331 0.649669 0.308460 0.164387 0.155146 0.126069 -0.001789 -0.033777 -0.088161 
0.028136 0.132577 0.017814 -0.037900 -0.236008 -0.315886 -0.078321 -0.050491 0.678149 0.483106 
0.175848 0.160477 -0.220286 -0.251392 -0.220508 -0.150064 -0.123804 -0.089287 -0.253718 -0.293918 
-0.281883 -0.295526 -0.256378 -0.274643 -0.346166 -0.325112 -0.103383 -0.094466 -0.099923 -0.072612 
-0.032813 -0.027182 -0.038436 -0.046389 -0.064024 0.004790 -0.045655 -0.109818 -0.059753 0.042642 
0.187046 0.462866 0.386562 0.612396 0.800479 0.555274 0.358391 0.175562 0.375961 0.361739 
0.228326 0.266501 0.063733 0.007953 -0.073730 -0.149363 -0.057622 0.008708 0.061734 0.040043 
-0.097552 -0.088886 -0.171805 -0.182477 -0.042179 -0.055080 -0.102531 -0.235812 -0.240649 0.097362 
0.988439 0.796650 0.801421 0.328559 0.096462 0.055512 0.110860 0.121574 0.277511 0.334271 
0.258940 0.258712 0.196547 0.252924 0.342029 0.391248 0.566493 0.513322 1.092679 0.812387 
0.480619 -0.197880 -0.448742 -0.407153 -0.412774 -0.433850 -0.425911 -0.400997 -0.379013 -0.344993 
-0.369107 -0.316857 -0.382494 -0.334843 -0.338993 -0.188956 -0.313576 -0.246861 -0.151529 -0.160847 
-0.172204 -0.158102 -0.102935 -0.088028 -0.196413 -0.182454 -0.236136 -0.260702 -0.185961 -0.134066 
-0.010362 0.196698 0.258578 0.372106 0.427395 0.230621 -0.042730 -0.223656 -0.012004 0.145631 
0.131003 0.173564 0.034136 0.051088 -0.048614 -0.094174 -0.116338 -0.159004 0.005262 0.031812 
-0.112539 -0.187702 -0.332937 -0.309272 0.009843 0.190266 0.042882 -0.061659 -0.191308 0.060166 
0.971967 0.736800 0.909357 0.468893 0.101589 0.049025 0.055387 0.148961 0.228678 0.334066 
0.499376 0.324844 0.246955 0.396689 0.548596 0.537711 0.552049 0.732866 1.184331 0.882317 
1.408152 -0.024791 -0.402467 -0.384292 -0.355368 -0.376558 -0.340173 -0.347301 -0.241979 -0.243693 
-0.223246 -0.234942 -0.265116 -0.258770 -0.238296 -0.173448 -0.059460 -0.136621 -0.116530 -0.195424 
-0.211734 -0.189121 -0.136246 -0.046678 -0.180656 -0.238764 -0.280487 -0.302691 -0.256186 -0.240349 
-0.166610 0.020277 0.010606 0.087473 0.180232 0.118089 0.045159 -0.081438 0.074912 0.243345 
0.327285 0.460151 0.083687 -0.021514 -0.213150 -0.267354 -0.085728 -0.104899 -0.040106 -0.044804 
-0.150172 -0.079753 -0.122402 -0.117791 0.074882 0.254607 0.258369 0.043637 -0.230558 -0.041636 
0.924896 0.602740 0.737479 0.430155 0.256485 0.075295 -0.049335 0.011129 0.049815 -0.083430 
0.060757 0.071553 0.016045 -0.109153 -0.084623 0.123929 0.602083 0.861073 0.736228 0.626567 
0.365466 0.159200 0.278188 0.047508 -0.049261 -0.109340 0.103120 0.199064 0.432703 0.630095 
1.141837 1.511735 1.395747 1.103006 1.068966 0.927763 0.765160 0.682619 0.196645 0.199476 
0.268354 0.162664 -0.000640 0.024417 -0.040532 -0.062300 -0.119623 -0.092487 -0.003443 0.063402 
0.207138 0.420743 0.201659 0.034991 0.066428 0.259579 0.323331 0.285634 0.458759 0.548798 
0.552784 0.540134 -0.013247 -0.177812 -0.222344 -0.279332 -0.108327 0.017678 0.201219 0.128887 
-0.071039 0.084646 0.314702 0.581938 0.475827 0.380963 0.270273 0.060059 -0.219624 0.199232 
0.355737 0.317250 0.228191 0.016291 -0.032055 -0.020498 -0.180996 -0.259541 -0.173154 -0.236490 
-0.302889 -0.424798 -0.372518 -0.518925 -0.547665 -0.275416 -0.195241 0.028859 0.032619 -0.028029 
0.165218 0.347356 0.400704 0.237020 0.118020 0.049776 0.042622 0.286023 0.547335 0.590976 
0.828780 1.093667 0.972313 0.538019 0.298895 0.256090 0.499295 0.453931 0.164006 0.068865 
0.104539 0.109278 0.034693 -0.006217 -0.102665 0.021853 0.022849 0.044258 0.130102 0.300217 
0.474118 0.401214 0.130232 -0.074454 -0.055245 0.247651 0.428763 0.543291 0.800539 0.667836 
0.560129 0.473364 -0.061357 -0.243059 -0.151700 -0.207043 -0.034440 -0.002067 0.194365 0.390011 
0.214169 0.257886 0.085418 0.095789 0.166218 0.126015 0.165485 -0.016594 -0.100771 0.183046 
0.101956 -0.478150 -0.492947 -0.366340 -0.186339 -0.118294 -0.349178 -0.472431 -0.370959 -0.498604 
-0.525618 -0.521075 -0.246728 -0.272582 -0.416457 -0.467577 -0.409002 -0.414646 -0.224258 0.042439 
0.339622 0.517327 0.528116 0.538324 0.569289 0.779363 0.863273 0.556958 0.711483 0.967427 
0.945199 0.873914 0.217601 -0.184390 -0.300524 -0.330708 -0.347786 -0.385226 -0.344985 -0.358626 
-0.375794 -0.338669 -0.359452 -0.333533 -0.222780 -0.059724 -0.060682 0.057240 0.242612 0.392374 
0.500310 0.243766 -0.059369 -0.219304 -0.074475 0.150119 0.427586 0.688023 0.930406 0.818598 
0.459577 0.167654 -0.186249 -0.202457 -0.105399 -0.148874 0.032486 0.215014 0.425854 0.599554 
0.434734 0.333288 0.126218 0.087439 -0.009823 0.120343 0.241709 0.124868 -0.244736 -0.010937 
0.142965 -0.008764 -0.369680 -0.220463 -0.202857 -0.094253 -0.168320 -0.448005 -0.133672 -0.480801 
-0.234682 -0.297273 -0.330794 -0.165137 -0.056336 -0.088560 0.130013 -0.025905 -0.168265 0.131435 
0.276870 0.458442 0.452629 0.608941 0.771544 0.847111 1.213133 0.856238 0.619946 0.851122 
0.834920 0.662037 -0.058763 -0.297582 -0.345394 -0.280932 -0.218242 -0.213404 -0.233032 -0.218125 
-0.256747 -0.264792 -0.257051 -0.273385 -0.310279 -0.035721 -0.064438 -0.003696 0.157210 0.317307 
0.435578 0.223392 0.175348 -0.064772 -0.000473 0.122595 0.256618 0.675326 0.760044 0.661321 
0.479542 0.126098 -0.152809 -0.094898 -0.005646 -0.118483 -0.000985 0.013199 0.282666 0.734965 
0.317762 0.198966 0.133828 0.010850 -0.092060 0.015741 0.120583 -0.008431 -0.155768 -0.032651 
0.164119 1.097844 2.437253 0.980493 -0.101787 0.013085 -0.122876 -0.501181 0.057864 -0.035078 
0.264484 0.318908 -0.255368 0.254080 0.096819 0.511011 0.147133 0.558075 0.371163 0.396664 
0.318674 0.395634 0.215519 0.432870 0.386520 0.361234 0.564051 0.493763 0.487955 0.647470 
0.208815 -0.072920 -0.272840 -0.293201 -0.060954 0.034500 0.314084 0.206064 -0.054206 -0.123595 
0.013448 0.141984 0.181715 0.211140 0.047413 0.119223 0.055993 0.120911 0.045808 0.002401 
0.084221 0.044649 0.022298 -0.067641 0.185285 0.023577 0.195175 0.677700 0.475246 0.376535 
0.156184 0.193189 -0.089249 -0.244319 -0.095408 -0.134290 -0.069989 -0.055600 0.105774 0.551006 
0.265011 0.244123 0.013227 -0.107115 -0.151255 -0.094827 0.059330 0.259504 -0.070645 0.252412 
0.545743 1.035412 0.740760 1.246929 0.539561 0.490353 -0.307474 -0.151836 0.022355 -0.373056 
-0.319493 -0.260241 -0.170736 -0.289991 -0.184827 -0.317293 0.009580 0.396655 0.431953 0.531969 
0.364917 0.210614 0.013574 0.033210 0.171307 0.391406 0.474763 0.349069 0.212911 0.145959 
-0.176046 -0.319918 -0.237185 -0.203641 0.090759 0.258586 0.352084 0.451707 0.510851 0.137590 
0.018113 0.196708 0.080320 0.104714 0.037328 0.059963 0.012265 0.017207 -0.039237 -0.090178 
-0.135560 -0.099214 -0.068630 -0.081728 0.094396 -0.015810 0.010734 0.199619 0.041663 0.123141 
-0.003858 0.031486 -0.101405 -0.201614 0.048093 0.033103 0.529459 0.442145 0.441085 0.552217 
0.142698 0.060858 -0.018352 0.000778 0.130665 0.072317 -0.009601 0.097626 -0.069815 0.350267 
0.464365 0.336888 -0.390172 -0.001827 -0.374433 -0.382908 -0.413364 -0.165997 -0.417617 -0.338568 
-0.213095 -0.480901 -0.534805 -0.304501 -0.075967 0.030084 -0.285366 0.020077 0.038539 0.393294 
0.324285 -0.014707 -0.073418 0.057569 0.402528 0.861128 0.861138 0.732427 0.411830 0.142222 
-0.168833 -0.221501 0.168862 0.437007 0.786155 0.835592 0.762201 0.579741 0.736580 0.981735 
0.787223 0.544640 0.329644 0.280652 0.154992 0.042557 0.133228 0.208669 0.133403 0.147940 
0.086137 -0.018808 -0.049957 -0.142615 -0.101818 -0.190827 -0.079403 0.279464 -0.060583 0.037874 
0.043449 -0.006444 -0.077232 -0.088692 0.277214 0.415300 1.214018 1.062538 0.853348 0.790050 
0.081196 -0.070709 -0.098588 -0.000956 0.265205 0.295897 0.062830 -0.263221 -0.314672 -0.022290 
-0.018645 0.200550 0.167713 -0.069408 -0.365885 -0.181295 -0.398775 0.238075 -0.049832 -0.437987 
-0.230655 -0.467486 -0.461458 -0.445924 -0.209877 -0.332244 -0.547296 -0.276761 -0.292805 -0.236297 
-0.218489 -0.249877 -0.164035 0.084462 0.224990 0.621542 0.748307 0.563426 0.249883 0.064615 
-0.158072 -0.112157 0.183155 0.355408 0.765287 0.894558 0.702374 0.742851 0.680227 0.780175 
0.852107 0.576685 0.496035 0.532611 0.684307 0.353227 0.183317 0.375767 0.283234 0.375086 
0.144312 0.036233 -0.024248 -0.147767 0.133103 0.001812 0.204634 0.478905 0.070221 0.047581 
-0.040813 -0.007563 -0.150506 -0.105092 0.095089 0.107072 0.573236 0.594642 0.775883 0.651334 
0.123567 0.082873 -0.029609 -0.057170 0.008257 -0.029450 -0.142352 -0.436447 -0.456223 -0.179478 
-0.112035 -0.192567 -0.270754 -0.234550 -0.461940 0.048331 -0.446894 -0.351497 -0.336873 -0.350554 
-0.351730 -0.257081 -0.542372 -0.446687 -0.531264 -0.407065 -0.408116 -0.410114 -0.546637 -0.543347 
-0.386965 -0.342371 -0.273609 -0.033490 0.065414 0.425592 0.396402 0.343400 -0.151412 -0.337749 
-0.417547 -0.432203 -0.282856 -0.158334 0.041096 -0.068327 -0.131467 -0.069645 -0.158522 -0.211156 
-0.174765 -0.218171 -0.118197 -0.160243 -0.075559 -0.075516 -0.023795 0.022149 -0.132355 -0.156294 
-0.261432 -0.342976 -0.250499 -0.172959 -0.049364 0.064703 0.131541 0.319224 -0.012721 0.057061 
0.107517 0.252289 0.138906 0.172745 0.094158 -0.038436 0.252506 0.290372 0.288257 0.455726 
0.061376 0.061432 -0.073841 -0.123129 -0.099229 -0.253539 -0.308714 -0.474794 -0.091737 -0.208753 
-0.078003 -0.354087 -0.472854 0.003436 -0.433439 -0.458075 -0.462698 -0.463284 -0.445308 -0.516498 
-0.533118 -0.454657 -0.232475 0.058939 -0.341699 -0.166134 -0.180372 -0.431054 -0.536184 -0.468424 
0.387081 0.453888 0.036956 -0.071097 -0.066111 0.051122 -0.034504 -0.000729 -0.183707 -0.225490 
-0.243794 -0.229852 -0.227603 -0.048898 0.151640 0.017618 -0.197258 -0.283076 -0.297787 -0.286156 
-0.220187 -0.238422 -0.202630 -0.124084 -0.006303 0.081103 0.094126 -0.021213 -0.038732 -0.089036 
-0.069843 -0.096572 -0.038297 0.073883 0.396509 0.311879 0.329355 0.300935 -0.086251 0.054491 
0.011153 -0.010064 -0.001616 0.137025 0.150822 0.018925 0.251135 0.071551 0.064727 0.137222 
-0.169622 -0.132191 -0.144123 -0.157400 -0.209040 -0.150476 -0.411634 -0.087472 -0.425150 -0.363155 
-0.282125 -0.292122 -0.204225 0.312070 0.072320 -0.231193 -0.444555 -0.528990 -0.372112 -0.285673 
-0.257872 0.018784 0.150853 0.061372 -0.469897 -0.517311 -0.437049 -0.196021 -0.407850 -0.533003 
-0.190992 0.032456 0.232295 0.087740 -0.126190 0.021342 0.070520 -0.126033 -0.235922 0.077133 
0.577376 0.761842 0.849647 0.809054 0.839754 0.864481 0.783789 0.543677 0.277261 0.345488 
0.446301 0.215624 0.229557 0.376444 0.630758 0.631904 0.489265 0.280027 0.170275 0.329059 
0.384763 0.474237 0.646716 0.716191 0.959691 1.131148 0.991433 0.876051 0.511763 0.497757 
0.342338 0.203402 0.147710 0.145196 0.387717 0.317160 0.310319 0.082761 -0.131041 -0.228252 
-0.347267 -0.259809 -0.198560 -0.265181 -0.258605 -0.490224 -0.317719 -0.227365 -0.375162 -0.307160 
0.084100 -0.078943 -0.185170 -0.206011 -0.094013 -0.073143 -0.221781 -0.355778 -0.489048 -0.471880 
-0.399222 -0.374413 -0.395816 -0.458448 -0.547071 -0.514251 -0.499922 -0.367714 -0.221955 -0.409126 
-0.476751 -0.193774 -0.220168 0.369813 0.430688 0.099563 0.031257 -0.037185 -0.080960 -0.020935 
0.234428 0.454075 0.440096 0.574800 0.747394 0.574520 0.452084 0.498816 0.527409 0.717465 
0.631802 0.666836 0.704300 0.846976 0.843640 0.788441 0.622679 0.646009 0.570027 0.618137 
0.570308 0.661473 0.554264 0.750605 0.956618 1.025217 1.038704 0.884919 0.741891 0.656962 
0.547729 0.573539 0.314649 0.401594 0.522754 0.291561 0.397616 0.049528 0.127907 -0.088042 
-0.288539 -0.220208 -0.168538 -0.174293 -0.470507 -0.524267 0.211545 -0.365320 -0.501689 0.189362 
0.106009 -0.182877 -0.246390 -0.232121 -0.186382 -0.117686 -0.316753 -0.541269 -0.546579 -0.505476 
-0.547867 -0.533361 -0.398368 -0.474511 -0.410784 -0.093989 -0.504679 -0.483703 -0.411177 -0.426392 
-0.475242 -0.266465 -0.056020 0.231703 0.710405 0.401481 0.091545 0.124503 0.118063 0.134245 
0.074043 0.023592 0.196833 0.310631 0.184932 0.267999 0.301714 0.356785 0.339773 0.416880 
0.560909 0.596270 0.484173 0.424968 0.495551 0.430616 0.354781 0.300514 0.204315 0.217995 
0.263006 0.198098 0.294111 0.402336 0.468355 0.531528 0.494922 0.453037 0.237389 0.119778 
0.181857 0.288524 0.200603 0.232171 -0.025550 -0.075252 -0.171548 -0.264059 0.012348 0.014032 
-0.114699 -0.028514 0.018251 -0.112265 -0.377020 -0.404830 -0.213244 -0.058680 -0.433861 -0.514125 
0.134479 -0.223498 -0.353773 -0.248687 -0.040733 -0.130473 -0.291085 -0.555977 -0.554638 -0.535818 
-0.457624 -0.546641 -0.363384 -0.387980 -0.001327 -0.528953 -0.507458 -0.379600 -0.418281 -0.492852 
-0.540164 -0.225402 -0.323995 0.224617 0.595557 0.612840 0.534654 0.260339 -0.047440 0.052738 
0.379519 0.200700 0.046193 0.357186 0.236324 0.255468 0.186493 0.092769 0.055960 0.212703 
0.193354 0.143781 0.204932 0.218797 0.288758 0.368934 0.312499 0.145928 0.178205 0.170077 
0.114995 0.043765 0.046479 0.043939 -0.026111 0.086714 0.119955 0.121118 -0.016633 -0.018363 
0.020938 0.186397 0.035118 -0.157976 -0.365572 -0.433822 -0.400908 -0.429603 -0.354039 -0.360415 
-0.269581 -0.158204 -0.312219 -0.314439 -0.519813 -0.486515 -0.295015 -0.275853 -0.339544 -0.318751 
0.314969 0.239638 -0.489623 -0.388326 -0.099787 0.041156 -0.048591 -0.292906 -0.379040 -0.526239 
-0.508006 -0.441066 -0.160459 -0.195430 -0.265021 -0.415369 -0.330202 -0.453028 -0.424101 -0.252858 
-0.511487 -0.234383 0.163604 0.622032 0.688553 0.466009 0.296722 0.073135 0.076160 0.254599 
0.598264 0.817951 0.621915 0.208884 -0.097561 -0.125412 -0.077666 -0.033531 -0.093136 -0.094393 
-0.133785 -0.038904 0.093446 0.091821 0.124041 0.125712 0.054594 0.015657 -0.014237 -0.010395 
0.066960 0.092585 0.098345 0.091053 0.040329 0.041065 0.080669 0.093025 0.012675 0.052986 
-0.062709 -0.186446 -0.325975 -0.475490 -0.532435 -0.503832 -0.101735 -0.001884 0.205766 -0.075654 
-0.487639 -0.438257 -0.383999 -0.310881 -0.537161 -0.310143 -0.405378 -0.099065 -0.412069 -0.285856 
0.309074 0.400584 0.077440 -0.014110 -0.292029 -0.066563 -0.180028 -0.394741 -0.408383 -0.361391 
-0.181378 -0.403980 -0.325726 -0.367845 -0.260517 -0.458009 -0.003523 -0.221258 -0.259539 -0.245008 
-0.469203 0.436065 0.225816 0.598355 0.554106 0.337957 0.108755 0.057232 0.083609 0.274400 
0.440037 0.408564 0.632509 0.168537 -0.237884 -0.408221 -0.321055 -0.231908 -0.034756 -0.001829 
0.014226 -0.074959 -0.039195 0.004797 0.005196 -0.069498 -0.169578 -0.135318 0.062612 -0.014141 
-0.021807 -0.053982 -0.108158 -0.099250 0.002811 -0.007206 -0.119838 -0.178851 -0.172500 -0.111699 
-0.188472 -0.321005 -0.416626 -0.476443 -0.373731 -0.340890 -0.440456 -0.400140 -0.482087 -0.197961 
-0.404762 -0.440755 -0.254503 -0.111821 -0.257861 -0.441478 0.315731 -0.492904 0.372039 -0.106641 
-0.023868 -0.027617 -0.137253 -0.296776 -0.257621 -0.135893 -0.323752 -0.366820 -0.314053 -0.333050 
-0.354158 -0.348858 -0.357333 -0.474717 -0.419415 -0.352520 -0.000543 -0.115697 -0.448500 -0.516286 
-0.487449 0.337450 0.277160 0.526567 0.306511 0.189723 0.034283 -0.162965 -0.203389 -0.025309 
0.001898 -0.152805 -0.204019 -0.329404 -0.228831 -0.507687 -0.411859 -0.553712 -0.384900 -0.367401 
-0.179508 0.000057 -0.040333 -0.057447 -0.049693 -0.017194 -0.029299 -0.333339 -0.461227 -0.356491 
-0.166689 -0.069256 -0.040807 -0.025462 0.004871 -0.022367 -0.232758 -0.356029 -0.430668 -0.313608 
-0.288307 -0.240845 -0.290091 -0.422235 0.279818 0.270145 -0.179217 -0.540960 -0.273595 -0.244820 
-0.533092 -0.488213 -0.478249 -0.369579 -0.373869 -0.003657 0.199710 -0.093269 1.435715 -0.004288 
-0.093756 -0.391328 -0.182704 -0.037051 -0.217760 -0.285450 -0.128753 -0.072361 -0.270354 0.044198 
-0.216287 -0.517346 -0.494616 -0.427886 0.083559 -0.299943 -0.227619 -0.421518 -0.544712 -0.348232 
-0.528620 -0.486315 -0.045781 0.169214 0.338016 0.173865 0.172241 0.123522 -0.038936 -0.154826 
-0.146260 -0.161105 -0.251029 -0.287145 -0.234909 -0.411658 -0.267692 -0.419401 0.117846 0.132193 
-0.201544 -0.038975 -0.040678 -0.070629 -0.214263 -0.420508 -0.388149 -0.491204 -0.387956 -0.396640 
-0.400087 -0.239894 -0.161117 -0.023082 -0.037982 -0.090837 -0.172812 -0.316030 -0.512896 -0.432022 
-0.304566 -0.003063 -0.365188 -0.499772 0.041242 0.169476 -0.179937 -0.519076 0.080188 0.930775 
-0.056835 0.519634 -0.021957 -0.169966 -0.319921 -0.279623 -0.260373 -0.301139 -0.345025 -0.284447 
-0.031717 -0.376579 -0.438895 -0.179282 -0.067006 -0.421494 -0.444628 -0.197749 -0.078509 0.080347 
0.149770 0.201731 -0.053760 -0.419617 -0.062989 -0.220305 -0.482648 -0.380283 -0.505262 -0.542403 
-0.509591 -0.391281 -0.229099 0.100938 0.233564 0.200944 0.071843 0.080758 -0.089555 -0.243967 
-0.208131 -0.073830 -0.169003 -0.159613 -0.204067 -0.364782 0.003688 -0.212706 -0.324893 0.043599 
-0.009885 -0.147675 -0.251654 -0.289090 -0.374492 -0.484275 -0.470094 -0.491584 0.202202 0.700022 
-0.174359 -0.244712 -0.257501 -0.126076 -0.170903 -0.324900 -0.421418 -0.418057 -0.489583 -0.379178 
-0.383262 -0.301614 -0.452956 -0.406188 -0.379202 -0.337875 -0.094897 0.079732 0.154408 0.182592 
0.120745 -0.078941 -0.222327 -0.093072 -0.176569 -0.127930 -0.149670 -0.090070 -0.249215 -0.314126 
0.414517 0.646171 0.451884 0.039514 -0.182943 0.365404 0.326423 0.029292 -0.234859 -0.166124 
-0.174383 -0.240258 -0.389593 -0.202709 -0.094609 -0.325912 -0.313215 -0.352594 -0.502472 -0.231347 
-0.543486 0.083061 0.343134 0.024234 -0.000593 0.020462 -0.094299 -0.066315 0.001188 0.030014 
0.017463 0.046728 -0.056344 -0.180772 -0.468236 -0.437914 0.505752 0.900113 -0.141517 -0.184374 
-0.201493 -0.461757 -0.251410 -0.104798 -0.360637 -0.291056 -0.352611 -0.330306 -0.464372 -0.388301 
-0.074352 -0.220928 -0.253097 -0.224553 -0.235519 -0.407899 -0.495464 -0.254518 -0.456065 -0.030797 
-0.050604 -0.512923 -0.375924 -0.224644 0.171901 -0.010829 -0.059804 -0.180394 -0.073452 -0.447194 
-0.480711 -0.292143 -0.366765 0.344719 0.229652 -0.032518 0.101762 0.224932 -0.271734 -0.268502 
0.863584 0.684940 0.149231 0.372746 0.319905 0.882632 0.449042 0.167536 -0.097188 -0.134469 
-0.065123 0.090683 -0.136528 -0.124591 -0.229114 -0.520936 -0.538277 -0.495483 -0.358846 -0.480610 
-0.413093 -0.418462 -0.305303 -0.128645 -0.002482 -0.049714 -0.189971 -0.185166 -0.091831 -0.033736 
-0.065233 -0.189012 -0.331949 -0.303365 -0.382748 -0.272211 -0.098448 -0.326804 0.120298 -0.214064 
-0.472843 -0.242729 -0.507517 -0.299362 -0.370479 -0.440705 -0.285012 -0.355860 -0.281730 -0.405163 
-0.374325 -0.314986 -0.429168 -0.351083 -0.354402 -0.122438 -0.510159 -0.459964 -0.166594 -0.363364 
-0.511544 -0.324911 -0.187238 -0.045139 -0.249234 -0.255551 -0.022153 -0.109695 -0.206419 -0.404445 
-0.364317 -0.323968 0.173775 -0.255211 -0.024879 -0.090412 -0.138949 -0.174371 -0.372879 -0.255461 
0.325822 0.158394 -0.303534 -0.097218 0.128273 0.263278 -0.171409 -0.253987 -0.150998 -0.257274 
-0.320248 -0.260945 -0.320479 -0.125695 -0.210675 -0.428515 -0.507554 -0.377378 -0.364229 -0.397145 
-0.432772 -0.501533 -0.540699 -0.300820 0.283619 0.340779 -0.210295 -0.405363 -0.371571 -0.246061 
-0.146467 -0.177457 -0.256609 0.011332 -0.544257 -0.425093 -0.423237 -0.430198 -0.041722 -0.402036 
-0.416709 -0.048877 -0.511209 -0.152634 -0.342604 -0.016019 -0.129732 0.105915 0.232511 -0.401896 
-0.514876 -0.052190 -0.279221 -0.049915 -0.289622 -0.314756 -0.551810 -0.529863 -0.476512 -0.204506 
-0.479964 -0.258973 -0.434224 -0.448294 -0.185695 -0.399929 -0.003624 -0.019331 -0.056283 -0.049738 
-0.106195 -0.351923 -0.063921 -0.133204 -0.255669 -0.170929 -0.146065 -0.073321 -0.302981 -0.281267 
0.122528 0.291109 -0.115010 -0.101618 0.192614 0.017549 -0.341196 -0.371843 -0.301701 -0.209555 
-0.263446 -0.387360 -0.456882 -0.312569 -0.379515 -0.409748 -0.545764 -0.402594 -0.176207 -0.022188 
-0.460328 -0.542463 -0.140666 -0.406119 -0.265768 -0.475689 -0.544387 -0.235992 0.033741 -0.387628 
-0.422646 -0.365435 -0.151331 0.044522 -0.542956 -0.520301 -0.522018 -0.534123 -0.518558 -0.470774 
-0.438087 -0.311350 -0.384014 -0.053939 0.058561 -0.396935 -0.509241 -0.431192 -0.483327 -0.553563 
-0.458315 0.067309 -0.136724 -0.244164 -0.202880 -0.436614 -0.545855 -0.357449 -0.466941 -0.510308 
-0.143536 0.074166 -0.194061 -0.490628 -0.496737 -0.343541 -0.299320 -0.159952 0.116763 0.065830 
-0.315044 -0.168435 -0.085394 -0.217633 -0.188737 -0.127222 -0.218088 -0.195563 -0.067513 0.017113 
0.393892 0.355490 -0.048253 -0.376153 -0.401982 -0.335372 -0.275261 -0.133510 -0.058607 -0.117523 
0.122546 -0.048824 -0.321813 -0.211487 -0.303405 -0.261892 -0.326391 -0.180648 0.134522 -0.255764 
-0.411586 -0.377634 1.014961 0.247390 -0.263206 -0.279033 -0.108558 -0.043273 -0.309092 -0.477078 
-0.332766 -0.492793 0.071505 -0.296326 -0.296270 0.031780 0.109317 -0.511646 -0.547801 -0.405321 
-0.460989 -0.314230 -0.334814 -0.263741 -0.298369 -0.415676 -0.514612 -0.432941 -0.494225 -0.392045 
-0.368552 -0.014213 -0.021179 -0.319220 -0.205137 -0.453579 -0.427446 -0.329654 -0.326273 -0.218999 
-0.433072 -0.107096 -0.275538 -0.366817 -0.536598 -0.531643 -0.443389 -0.087052 -0.192852 -0.018523 
-0.407642 -0.378973 -0.337959 0.012704 -0.006626 -0.022703 -0.193609 -0.221614 -0.364270 -0.245668 
0.724975 0.416167 -0.051068 -0.360756 -0.459109 -0.399173 -0.019940 0.032532 0.065713 0.003346 
0.103845 0.348513 0.029287 -0.053514 -0.085929 0.018175 -0.057114 0.041629 -0.253867 -0.276203 
-0.303879 -0.289606 -0.494088 -0.440346 -0.359897 0.047178 0.834786 -0.131209 -0.490916 -0.547294 
0.226117 0.466267 0.607038 0.054571 -0.248271 -0.210548 -0.270679 -0.509295 -0.392850 -0.293706 
-0.353139 -0.444319 -0.307441 -0.088137 -0.249796 -0.406897 -0.350714 0.453867 0.295038 -0.159935 
-0.256806 -0.406838 -0.420205 -0.311968 -0.139502 -0.369597 -0.342306 -0.250355 -0.252487 0.142885 
0.062488 -0.289456 -0.464015 -0.378467 -0.540740 -0.519181 -0.231180 -0.181638 -0.138577 -0.308135 
-0.211736 -0.282501 -0.292570 0.500829 1.108948 0.385284 0.165785 0.318853 -0.312811 -0.135300 
0.190087 0.110815 -0.107483 -0.171367 0.352409 0.334544 -0.138003 -0.092833 0.019066 0.086223 
0.075862 -0.131056 -0.251492 0.023609 0.337458 0.343942 -0.139966 -0.337110 -0.203189 0.023971 
-0.318401 -0.299397 0.057138 -0.139806 -0.447587 -0.423112 -0.348240 -0.181642 -0.362524 -0.528813 
-0.171507 -0.292998 -0.387966 -0.190363 -0.011311 -0.081993 -0.254920 -0.382820 -0.297514 -0.106542 
0.040882 -0.096883 -0.356454 -0.404448 -0.351903 -0.395368 -0.192358 -0.357528 -0.524773 -0.388858 
-0.347184 -0.548776 0.023950 -0.293953 0.273224 0.249425 -0.366965 -0.159700 -0.211892 -0.267461 
-0.331557 -0.345522 -0.232936 -0.041217 -0.049179 0.245021 -0.121777 -0.155472 -0.276293 -0.223532 
0.053518 -0.168399 -0.302536 -0.310984 -0.171385 0.106536 0.248016 0.073602 -0.120346 0.031617 
0.217393 -0.161817 -0.195767 -0.311039 0.389703 0.390744 -0.052831 0.011565 -0.128149 -0.082259 
-0.029990 -0.198651 -0.291308 -0.221001 0.062124 0.152255 0.206676 -0.008848 -0.089285 -0.108260 
-0.060494 0.036054 0.210929 0.054885 0.403624 -0.022790 -0.217937 -0.242936 -0.237380 -0.164027 
-0.024580 0.172616 -0.202065 -0.312095 0.160301 0.028759 -0.098715 -0.012279 -0.202760 -0.520717 
-0.481522 -0.454639 -0.483415 -0.400446 -0.134340 -0.057135 -0.081578 -0.376120 -0.426223 -0.399525 
-0.419631 -0.448623 0.059963 -0.480192 -0.504831 -0.484827 -0.211467 -0.241174 -0.346465 -0.302461 
-0.232910 -0.114567 -0.076608 0.148750 -0.050326 -0.147600 -0.330809 -0.345738 -0.269287 -0.219772 
-0.078071 0.680172 0.573358 0.378213 -0.024402 -0.050668 0.072775 -0.206690 -0.280297 -0.077933 
0.478515 0.448324 0.165952 -0.127381 -0.241976 0.365553 0.216020 -0.034158 -0.021215 -0.214642 
-0.314554 -0.280610 -0.266389 -0.121281 -0.201356 -0.099972 0.267549 0.447971 0.138611 0.153244 
0.120720 0.107864 -0.087163 -0.197954 -0.345886 -0.205933 0.111005 -0.121783 -0.163873 0.285005 
0.436701 -0.251460 -0.088535 -0.302445 -0.326458 -0.256265 -0.334334 -0.329779 -0.233769 -0.437951 
-0.472542 -0.384249 -0.301230 -0.043597 -0.054642 0.513244 0.000292 -0.200560 -0.439763 -0.528740 
-0.160335 -0.424447 -0.419362 -0.374478 -0.358973 -0.336216 -0.190907 -0.134927 -0.269623 -0.407269 
-0.180192 -0.005620 -0.207062 -0.344633 -0.246692 -0.152525 -0.085195 -0.283994 -0.247189 -0.396680 
-0.287738 -0.108758 0.251413 0.682803 0.718718 0.091752 0.049947 -0.090910 -0.269394 -0.192312 
0.746368 1.311797 1.349538 0.812288 0.412509 0.903657 0.352337 -0.072197 -0.172763 -0.319480 
-0.308611 -0.393885 -0.247374 -0.194208 -0.018706 0.054830 0.356720 0.522970 0.361106 0.306957 
0.105751 0.041986 0.042918 0.051698 -0.360794 -0.152455 -0.004684 -0.021032 -0.142987 -0.106414 
-0.005323 -0.263754 -0.387892 -0.134406 -0.439112 -0.330442 -0.260219 -0.045133 -0.055556 -0.144711 
-0.101000 -0.416963 -0.156517 0.120412 -0.268719 -0.152082 -0.118002 -0.029145 -0.423597 -0.548340 
0.062479 -0.319110 -0.187447 0.042262 1.274036 0.201610 -0.157890 0.262126 -0.150422 -0.244341 
-0.158130 -0.044869 -0.156499 0.135664 0.145986 -0.060810 -0.115979 -0.221341 -0.268901 -0.283775 
-0.480700 0.106544 -0.108148 0.227439 0.363239 0.326863 0.402500 0.536085 0.102760 -0.111412 
0.970494 0.981612 0.189402 0.270621 0.163358 0.377385 0.089912 0.017601 0.127133 -0.108063 
0.285395 0.613105 0.126418 0.005806 0.288500 0.153306 0.279339 0.480939 0.219755 -0.075054 
-0.207318 0.041283 0.165866 0.851189 -0.078986 -0.197055 -0.223405 -0.239560 -0.204622 -0.143155 
0.116143 -0.100087 -0.364621 0.161286 -0.000600 -0.201861 -0.299776 -0.149374 -0.029955 -0.053582 
0.081958 -0.212885 -0.286576 -0.129952 -0.263404 -0.249210 -0.363882 -0.285482 -0.244815 -0.341280 
-0.079401 -0.174116 -0.472694 -0.536238 -0.236803 -0.274349 -0.361745 -0.386231 -0.300974 0.234525 
0.168906 -0.075062 -0.307863 -0.192144 -0.027835 0.071654 -0.031075 -0.381898 0.012488 0.938105 
1.003983 0.832114 0.456843 0.241271 0.492606 0.400511 0.041354 -0.170972 -0.424879 -0.329784 
0.652927 1.023854 0.146516 0.253381 0.059290 -0.506590 -0.384390 -0.273626 0.032818 0.239482 
0.117288 -0.060169 0.202316 0.200543 0.269500 0.229952 -0.027605 0.029775 0.039348 -0.115828 
-0.108654 0.062691 -0.008838 0.543934 0.036174 -0.217893 -0.216945 -0.000248 -0.017446 -0.035406 
0.307684 0.141958 -0.244849 -0.178555 -0.062676 0.090508 -0.017784 -0.217587 0.060285 0.016806 
0.109693 -0.112383 0.032274 0.314474 0.044972 -0.120380 -0.488340 -0.496833 -0.307018 -0.286200 
-0.193919 -0.248431 -0.481892 -0.519730 -0.442795 -0.419885 -0.258317 -0.306015 -0.389364 0.412880 
0.413208 -0.319024 -0.256195 -0.077851 0.165477 0.593845 0.760923 0.559659 -0.125616 -0.416796 
-0.399829 -0.029527 -0.152956 -0.081579 0.100132 -0.015980 -0.077551 -0.356432 -0.296314 -0.357324 
0.560666 0.156205 0.176730 0.197021 -0.130841 -0.469281 0.549070 -0.162023 -0.297365 0.111682 
0.160271 0.077296 0.170878 0.137996 -0.041604 -0.061963 -0.240445 -0.153528 -0.161334 -0.160810 
-0.010022 0.353142 -0.118072 0.118259 0.058540 -0.080323 0.248616 0.246365 0.037392 0.015436 
0.105207 0.131163 -0.110136 -0.078065 -0.097577 -0.150297 0.102224 0.062317 0.046502 0.154992 
0.102361 0.012072 0.007722 -0.031345 -0.155562 0.101077 -0.127715 0.407558 0.000087 -0.131852 
-0.291724 -0.361748 -0.414988 -0.474280 -0.372952 -0.395875 -0.352141 0.512669 0.866951 0.195195 
-0.076985 -0.522916 -0.236794 -0.313507 0.052908 0.175491 0.004764 0.130295 0.138648 -0.521675 
-0.200780 -0.109196 -0.041007 -0.129390 -0.037436 -0.135755 -0.090062 0.142404 -0.283375 0.191852 
0.388219 0.270250 -0.278041 -0.261132 -0.218568 0.490043 2.129568 1.574954 0.146488 0.350837 
0.379958 0.455282 0.575794 0.422155 -0.003926 -0.240709 -0.471080 -0.438111 -0.471002 -0.434618 
-0.273573 0.736375 1.231129 0.416918 -0.097868 -0.044376 0.207836 0.147243 0.088493 -0.037338 
0.064149 -0.020014 -0.001585 0.053233 0.093044 -0.037410 0.358284 0.236460 -0.046233 0.014029 
0.146883 0.238922 0.245612 0.124305 0.097158 0.191550 0.757142 3.194162 2.563068 0.328177 
-0.465710 -0.492224 -0.451053 -0.377987 -0.334137 -0.025816 0.085224 -0.224681 -0.255756 0.009676 
0.000806 -0.307608 -0.157146 -0.244445 -0.370558 -0.190619 -0.282063 -0.371841 -0.403652 -0.490193 
0.010112 0.525006 0.397703 0.155543 -0.010471 -0.087378 -0.306653 -0.227043 -0.194588 -0.064788 
0.900412 0.582282 0.260238 -0.088088 0.014379 0.244996 0.683600 1.461719 1.988459 1.038173 
0.520133 0.344894 0.226279 0.432492 0.082559 -0.356032 -0.465917 -0.041648 -0.176950 -0.180426 
-0.219235 0.253028 0.363979 0.506271 0.670962 0.221419 0.156770 -0.015105 -0.047099 -0.112142 
-0.047876 -0.113197 -0.122141 -0.089188 0.083250 -0.177820 0.209705 0.118205 -0.026981 0.037369 
0.007459 0.152805 0.073301 0.046430 -0.033276 0.225192 -0.048318 -0.133361 0.561101 0.421859 
-0.220843 -0.313909 -0.112050 0.689858 1.904499 1.710080 1.140664 0.354902 0.020555 -0.353872 
-0.303433 -0.122972 -0.040858 0.062293 0.002903 -0.015982 -0.454385 -0.479220 -0.385882 -0.281276 
-0.121961 -0.176440 -0.056917 0.460883 1.665193 1.571153 0.569760 -0.002320 -0.269909 -0.350358 
0.693422 0.583977 0.793757 0.651570 0.920641 0.985011 0.714734 0.181647 0.520564 0.088359 
-0.009929 0.111421 0.230127 0.310673 -0.218516 -0.389924 -0.208868 -0.115311 0.664334 0.171168 
0.213223 0.322442 0.180136 0.172281 0.627154 0.617386 0.215805 -0.193894 -0.261314 -0.318055 
-0.275249 -0.165031 -0.139983 -0.210443 -0.068586 -0.214223 -0.103014 -0.084878 -0.078710 0.092365 
0.163818 0.060403 -0.145802 -0.162558 -0.116730 0.036221 -0.279343 -0.434244 -0.442615 -0.323250 
-0.186501 0.132993 0.599554 -0.095048 0.279132 -0.368236 -0.362137 0.047083 -0.418214 -0.374738 
-0.234151 -0.346752 -0.220618 0.076826 -0.015003 -0.096576 -0.478866 -0.415427 0.538361 1.381730 
2.319156 1.614642 0.952455 0.390183 1.302077 1.351744 0.351719 0.392368 0.117401 -0.260758 
1.074078 1.421184 0.711263 0.369324 0.131626 0.364382 0.420435 -0.102385 0.380250 0.379323 
0.179422 0.000018 0.128585 0.271192 -0.051516 -0.148114 -0.232382 0.229983 -0.152826 0.106351 
0.012295 0.400490 0.102972 -0.161199 0.246749 0.230046 -0.144004 -0.393396 -0.162885 -0.173480 
-0.241154 -0.150063 -0.243975 -0.347544 -0.303683 -0.305045 -0.165435 -0.177654 -0.268965 -0.251946 
-0.186707 -0.189130 -0.279050 -0.449594 -0.436790 -0.310348 -0.455090 -0.456557 -0.321306 -0.120943 
-0.377886 -0.074140 -0.422339 -0.393541 -0.546937 -0.525375 -0.113445 0.358705 0.061007 -0.370603 
0.115461 -0.141469 0.048767 0.090992 -0.013488 -0.451466 -0.366889 0.244780 0.050337 0.155241 
0.679967 0.004968 -0.010681 0.385604 0.206370 -0.089753 -0.032732 0.440840 -0.199992 -0.354624 
0.184497 0.076986 -0.009570 0.042702 -0.035184 -0.045665 -0.102177 -0.335486 0.173885 0.195941 
0.238508 0.036752 0.120050 0.236776 -0.129194 -0.149822 0.126111 0.200674 -0.155307 0.153276 
0.209777 0.352555 -0.050194 -0.238088 -0.129620 -0.105948 -0.314317 -0.139022 -0.189422 -0.132313 
-0.440000 -0.422667 -0.439211 -0.454375 -0.394214 -0.364056 -0.359287 -0.241496 -0.116726 -0.412173 
-0.476927 -0.468447 -0.379662 -0.464358 -0.237469 -0.214268 -0.446789 0.102266 -0.037358 0.333017 
0.088249 -0.466319 -0.554131 -0.306188 -0.492805 -0.417682 -0.240390 -0.405546 -0.344445 -0.488495 
-0.047966 -0.063233 -0.225684 0.076403 -0.072725 -0.355099 -0.130201 -0.249504 -0.024465 -0.167831 
-0.178134 -0.121315 -0.116033 0.257975 0.249808 0.030049 -0.064896 0.053531 -0.381588 -0.260837 
0.387398 -0.163080 -0.307733 -0.385437 -0.133052 -0.114563 -0.211520 -0.235220 -0.234204 0.203610 
-0.189245 -0.186551 -0.297759 -0.276260 -0.207430 -0.268817 0.324140 0.286770 -0.142663 -0.117438 
-0.353113 -0.302303 -0.351273 -0.445565 -0.455840 -0.452056 -0.444613 -0.467575 -0.464647 -0.476888 
-0.528341 -0.455966 -0.367373 -0.263276 -0.400058 -0.325778 -0.224999 -0.296162 -0.162632 -0.445445 
-0.296255 -0.166023 -0.345884 -0.393711 -0.228358 0.024208 -0.423736 0.052175 -0.302666 -0.330324 
-0.461015 -0.275021 -0.325033 -0.286248 -0.251666 -0.306033 -0.367915 -0.431553 -0.353508 -0.344631 
-0.293268 -0.312139 -0.326939 -0.261086 -0.297764 -0.326181 -0.282118 -0.326618 -0.379601 -0.342363 
-0.364503 -0.326979 -0.344036 -0.239229 -0.256000 -0.373888 -0.314861 -0.380395 -0.395610 -0.193935 
0.377888 -0.119685 -0.446950 -0.476894 -0.458569 -0.409412 -0.377975 -0.340048 -0.396948 -0.087294 
-0.419676 -0.350407 -0.453315 -0.497712 -0.286163 -0.332038 -0.363833 -0.401384 -0.412779 -0.271285 
-0.516129 -0.498338 -0.464846 -0.524187 -0.446880 -0.411152 -0.272157 -0.401279 -0.436729 -0.387937 
-0.300646 -0.319536 -0.374498 -0.367795 -0.138181 -0.439744 -0.521209 -0.548485 -0.424787 -0.506691 
-0.246010 -0.442006 -0.511739 -0.441327 -0.501651 -0.486010 -0.447186 -0.430554 -0.473795 -0.489809 
-0.422777 -0.412381 -0.437437 -0.374415 -0.463958 -0.405778 -0.414353 -0.390136 -0.519306 -0.447326 
-0.403439 -0.458046 -0.487474 -0.445027 -0.426190 -0.433549 -0.447549 -0.482350 -0.376330 -0.401432 
-0.449682 -0.484106 -0.460734 -0.497662 -0.528774 -0.538176 -0.521743 -0.511890 -0.428800 -0.324800 
0.646617 0.101965 0.472615 0.510094 0.805387 1.224017 0.717403 0.471118 0.491165 0.617808 
0.774733 0.785771 0.586402 0.721430 1.030294 0.681018 0.599547 0.597841 0.695641 0.590114 
0.612611 0.560876 0.604687 0.540328 0.685696 0.977455 0.834353 1.598170 1.292867 0.469087 
0.734091 0.667321 1.027422 0.852350 0.640512 0.719636 0.520171 0.797947 0.855492 0.624128 
0.611443 0.678848 0.925475 0.906812 0.648656 0.626785 0.583289 0.633110 0.785506 0.808115 
0.753117 0.708653 0.909882 0.952924 0.627973 0.643024 0.607095 0.676538 0.832553 1.408961 
1.574903 0.607054 0.417629 0.998725 1.085191 0.555580 0.437905 0.625546 0.739667 0.633065 
0.645963 0.660530 0.579131 0.541865 0.658731 0.590001 0.763054 0.816813 0.852724 0.408833 
-0.456861 -0.433744 -0.279103 -0.080326 0.151097 0.131931 -0.004466 -0.134671 -0.100002 -0.059689 
-0.052499 -0.066076 -0.019762 0.128602 0.134306 -0.041513 -0.160447 0.029648 0.158682 0.114417 
0.067070 0.044135 0.083964 0.159168 0.424454 0.385529 0.051928 0.030590 0.077577 -0.219842 
-0.070925 0.205248 0.345681 0.209771 -0.151865 0.064488 0.303051 0.273255 0.085762 -0.012242 
0.053872 0.196190 0.067088 -0.005379 0.007977 0.001736 -0.026881 0.070636 0.129004 0.032927 
0.044607 0.139464 0.233078 0.143582 -0.062519 -0.107951 -0.000068 0.036103 0.086669 0.182875 
0.055969 -0.223091 -0.238629 0.123071 0.057445 0.038750 0.169195 0.214957 0.106754 0.004392 
0.001787 0.007935 -0.029950 -0.001700 -0.011325 -0.048352 0.003470 0.055785 -0.184338 -0.061558 
-0.472367 -0.455683 -0.400447 -0.255795 -0.187094 -0.333579 -0.317319 -0.307612 -0.277470 -0.230406 
-0.180944 -0.141970 -0.074276 -0.064034 -0.039109 -0.195975 -0.237379 -0.176478 -0.153853 -0.253861 
-0.203804 -0.150235 -0.096990 -0.002566 -0.186052 -0.178777 -0.343039 -0.348171 -0.263657 -0.328401 
-0.195527 -0.096403 -0.333574 -0.240641 -0.002160 0.247526 -0.182356 -0.358762 -0.307506 -0.233223 
-0.255591 -0.272089 -0.277758 -0.310090 -0.312071 -0.252948 -0.204141 -0.079265 0.118226 0.001344 
-0.043946 0.076879 -0.180498 -0.297786 -0.349272 -0.317169 -0.280945 -0.214061 -0.228458 -0.404071 
-0.379779 -0.377860 -0.257210 -0.184965 -0.300339 -0.051517 0.122701 -0.139687 -0.275511 -0.277242 
-0.199785 -0.230402 -0.274475 -0.263361 -0.255405 -0.277319 -0.311967 -0.351573 -0.262748 -0.153963 
-0.509587 -0.439142 -0.409609 -0.380026 -0.259244 -0.364251 -0.319620 -0.222603 -0.258039 -0.230593 
-0.219742 -0.010983 0.158345 0.032868 -0.071447 -0.247338 -0.334130 -0.339520 -0.324300 -0.319161 
-0.253952 -0.185768 -0.187207 -0.116283 -0.190481 -0.233439 -0.296285 -0.264046 -0.216728 -0.281962 
-0.285097 -0.193126 -0.127109 -0.067795 -0.034137 -0.046719 -0.288148 -0.350368 -0.376021 -0.306832 
-0.249423 -0.272356 -0.270664 -0.326376 -0.249501 -0.150203 0.190406 0.794854 0.719001 0.582616 
0.306881 0.168595 -0.113884 -0.270981 -0.312976 -0.197985 0.006694 0.183457 0.169012 0.048588 
-0.121906 -0.214357 -0.272113 -0.185146 0.000978 0.053803 0.380136 0.154892 -0.277291 -0.305028 
-0.283764 -0.131996 -0.127583 -0.215217 -0.275535 -0.374465 -0.389713 -0.376491 -0.251817 0.091614 
-0.490291 -0.461009 -0.403773 -0.300921 -0.142914 -0.181087 -0.114978 -0.003607 -0.036751 0.056588 
0.158033 0.265355 0.342821 0.030648 0.071448 -0.003137 0.046347 0.018234 0.108825 0.555898 
0.786266 0.850127 0.874556 0.947149 0.808151 0.738205 0.769801 0.662443 0.758871 0.867583 
0.930957 1.068954 1.476019 2.151311 1.792260 0.939316 0.235665 0.088951 0.167347 0.540415 
0.893038 0.683048 0.642767 0.785367 1.016938 1.473374 1.650179 1.800270 2.223565 2.331322 
1.843548 1.294338 0.750321 0.494322 0.740018 1.347537 1.608236 1.370750 1.108115 0.770359 
0.516722 0.612981 0.897933 1.378603 2.031463 2.217617 1.655969 0.781524 -0.020466 0.047435 
0.417573 0.476365 0.025650 -0.124405 -0.273586 -0.265543 -0.191746 -0.121126 -0.165924 0.131572 
-0.479800 -0.471101 -0.358644 -0.253184 -0.190757 -0.215136 -0.192392 -0.145606 -0.152009 -0.034393 
0.030438 -0.105600 0.085286 -0.090696 -0.165939 -0.188677 -0.200204 -0.186012 -0.023464 -0.036363 
-0.014037 0.013066 0.142195 0.172717 -0.004029 -0.043040 0.022136 -0.098605 -0.081423 -0.182003 
0.017049 -0.003949 0.272798 0.251517 0.105325 -0.036094 -0.267041 -0.252545 -0.209990 -0.244055 
-0.224710 -0.215519 -0.235723 -0.252446 -0.166294 -0.027364 0.092803 0.183736 0.348836 0.179061 
0.135190 0.038807 -0.194070 -0.220390 -0.191809 -0.176347 0.048767 -0.010708 -0.137159 -0.211487 
-0.278881 -0.223990 -0.003424 0.271631 0.232385 0.209030 -0.017983 0.021626 -0.328736 -0.360887 
-0.198353 -0.156621 -0.368035 -0.360087 -0.350150 -0.334303 -0.319472 -0.190906 -0.161333 0.124586 
-0.473668 -0.477877 -0.377217 -0.286748 -0.206696 -0.155319 -0.128810 0.086950 0.193124 0.431716 
0.147181 -0.167819 -0.161742 -0.209579 -0.283147 -0.244904 -0.232064 -0.302560 -0.297148 -0.274441 
-0.152269 -0.093904 -0.003944 -0.095980 -0.284663 -0.258850 -0.204150 -0.302763 -0.269298 -0.258394 
-0.171915 -0.254803 -0.180970 -0.080215 -0.180887 -0.134927 -0.291876 -0.309118 -0.358326 -0.394037 
-0.365846 -0.377350 -0.328913 -0.212565 -0.067581 -0.138992 -0.218204 -0.202439 -0.028811 -0.067869 
-0.047262 -0.044705 -0.236242 -0.280165 -0.337915 -0.340194 -0.270246 -0.231716 -0.217774 -0.265380 
-0.340751 -0.338101 -0.309320 -0.101935 0.253252 -0.038335 -0.170849 -0.124431 -0.357645 -0.398605 
-0.367415 -0.369782 -0.417953 -0.404415 -0.408923 -0.382252 -0.347248 -0.166887 -0.067421 0.154013 
-0.461083 -0.479242 -0.351444 -0.182509 0.006133 0.327839 0.664330 0.994709 1.591478 0.914041 
0.675894 0.256805 0.224381 0.347719 0.096224 0.048135 0.076672 -0.080777 -0.086993 0.025741 
0.190096 0.077117 -0.083156 -0.154010 -0.231488 -0.110621 -0.019255 -0.096885 -0.140703 -0.164756 
-0.018177 0.104841 0.217341 0.159098 -0.120897 -0.169736 -0.323718 -0.319629 -0.366821 -0.363169 
-0.296138 -0.162990 0.044038 -0.129910 -0.105431 -0.099231 -0.014906 0.077500 0.150640 0.021895 
-0.026919 -0.016204 -0.241143 -0.242423 -0.286911 -0.282512 -0.233619 -0.234064 -0.258761 -0.248907 
-0.329343 -0.311096 -0.163343 0.089637 0.369032 0.033724 -0.160741 -0.144320 -0.400853 -0.375629 
-0.306475 -0.346807 -0.365442 -0.303445 -0.306214 -0.260639 -0.229954 -0.060736 -0.066377 0.118413 
-0.422667 -0.467941 -0.294720 -0.154029 0.040050 0.466405 0.910684 0.663123 0.829565 -0.213302 
-0.177511 0.104747 0.209912 0.505219 0.390893 0.294491 0.356497 0.157747 -0.002243 -0.028060 
-0.197314 -0.264897 -0.320767 -0.292099 -0.330304 -0.268967 -0.300333 -0.340224 -0.253165 -0.166712 
-0.008613 0.215213 0.348670 -0.014958 -0.185759 -0.188605 -0.334239 -0.364205 -0.394960 -0.347826 
-0.108558 -0.106094 -0.160794 -0.160024 -0.040937 0.039831 -0.059009 -0.167840 -0.196797 -0.177442 
-0.213391 -0.240483 -0.309861 -0.377599 -0.386169 -0.351445 -0.348714 -0.356491 -0.390779 -0.374860 
-0.370925 -0.383499 -0.287154 -0.165752 -0.096461 -0.146930 -0.239647 -0.234535 -0.408736 -0.394952 
-0.388849 -0.384751 -0.311894 -0.206225 -0.268850 -0.259899 -0.245589 -0.079629 -0.063653 0.125968 
-0.418351 -0.462476 -0.395310 -0.254239 -0.156025 -0.320651 -0.227310 -0.352660 -0.190136 -0.199471 
-0.314666 -0.190133 -0.154220 -0.108311 0.091799 0.229552 0.043591 -0.119878 -0.072281 0.120842 
-0.117715 -0.233652 -0.261223 -0.268527 -0.208131 -0.140990 -0.108170 -0.173162 -0.053673 -0.030812 
0.020140 -0.147512 -0.034921 -0.081125 -0.164247 -0.213531 -0.353581 -0.366078 -0.304519 -0.095206 
0.137509 -0.105818 -0.216404 -0.203888 -0.233947 -0.237063 -0.196741 -0.209501 -0.269341 -0.258126 
-0.348745 -0.336067 -0.295088 -0.218311 -0.106779 -0.082983 -0.166745 -0.281241 -0.321703 -0.319477 
-0.215478 -0.127938 -0.181132 -0.138412 -0.098563 -0.184452 -0.279881 -0.212786 -0.411019 -0.379586 
-0.370134 -0.339696 -0.371118 -0.351613 -0.325508 -0.273989 -0.229529 -0.082887 0.011455 0.156434 
-0.487751 -0.444778 -0.407612 -0.322726 -0.259831 -0.306990 -0.331719 -0.366591 -0.392434 -0.368690 
-0.428252 -0.404713 -0.237560 -0.204485 -0.147747 -0.184124 -0.187208 0.009811 0.049372 -0.052848 
-0.225912 -0.293457 -0.258416 -0.230177 0.042021 0.145162 -0.015814 -0.053273 -0.072492 -0.180715 
-0.207379 -0.142199 -0.064198 -0.104981 -0.115554 -0.108021 -0.364733 -0.369958 -0.141341 -0.079492 
-0.049176 -0.247093 -0.338272 -0.338766 -0.324194 -0.329928 -0.250112 -0.170527 -0.234288 -0.264128 
0.040295 0.146165 0.105807 -0.012686 -0.003911 -0.115229 -0.098883 -0.219875 -0.277785 -0.286784 
-0.351999 -0.335316 -0.310884 -0.167893 0.033461 -0.066700 -0.220627 -0.198007 -0.415094 -0.385436 
-0.355078 -0.330668 -0.322891 -0.302637 -0.286279 -0.261850 -0.234695 -0.102077 -0.100782 0.068016 
-0.497472 -0.453819 -0.387279 -0.272319 -0.213141 -0.214529 -0.222480 -0.182024 -0.239437 -0.269820 
-0.313660 -0.162498 -0.027779 -0.152731 -0.239604 -0.236704 -0.268474 -0.252999 -0.247667 -0.296533 
-0.240962 -0.213209 -0.173982 -0.064647 -0.056965 -0.098635 -0.250749 -0.188247 -0.190503 -0.237214 
-0.264121 -0.220313 -0.117739 -0.122929 -0.058078 0.058838 -0.313828 -0.386545 -0.096297 -0.072357 
-0.233616 -0.293095 -0.313515 -0.336002 -0.343394 -0.333181 -0.299196 -0.276912 -0.306476 -0.127695 
0.265968 0.066416 -0.118896 0.008580 0.124671 -0.054536 -0.077024 -0.152690 -0.310012 -0.243871 
-0.262451 -0.169492 -0.047293 -0.089633 -0.060714 -0.025455 -0.162422 -0.205026 -0.417340 -0.369331 
-0.306062 -0.269775 -0.245591 -0.301242 -0.311201 -0.274912 -0.187839 -0.090364 -0.070025 0.094127 
-0.470974 -0.459867 -0.372346 -0.269124 -0.219833 -0.244829 -0.176300 -0.078097 0.152605 0.323190 
0.532298 0.371396 0.045694 -0.231468 -0.314862 -0.347127 -0.392512 -0.374214 -0.355101 -0.287228 
-0.098282 -0.075025 -0.169276 0.161507 0.099921 -0.289501 -0.358533 -0.297272 -0.272885 -0.296628 
-0.327784 -0.253901 -0.243122 -0.211320 -0.224453 -0.241335 -0.350518 -0.425995 -0.378004 -0.282036 
-0.307815 -0.334067 -0.366300 -0.385801 -0.408890 -0.409482 -0.426506 -0.428303 -0.380294 -0.343063 
-0.135924 -0.130386 0.022221 0.163558 0.289678 0.163589 -0.004836 -0.026097 -0.036355 0.042945 
-0.043216 0.108023 0.225468 0.301131 0.365638 0.235091 -0.043996 -0.136416 -0.391598 -0.305016 
-0.177022 -0.150757 -0.206521 -0.209573 -0.254961 -0.307863 -0.224689 -0.103471 -0.087317 0.094802 
-0.472088 -0.461143 -0.375567 -0.240930 -0.106551 -0.080183 0.135668 0.364291 0.759399 0.571207 
0.214966 -0.068203 -0.206275 -0.305575 -0.308132 -0.260262 -0.345920 -0.323308 -0.197761 -0.193799 
-0.141127 -0.077282 -0.045846 -0.150128 -0.093109 -0.335771 -0.377304 -0.361782 -0.378074 -0.389889 
-0.394948 -0.377722 -0.356563 -0.329069 -0.294263 -0.289752 -0.215643 -0.222793 -0.288106 -0.232585 
-0.289601 -0.321279 -0.362394 -0.394389 -0.379902 -0.342813 -0.324030 -0.269107 -0.212274 -0.231313 
-0.123985 -0.158080 -0.105390 -0.124079 -0.199770 -0.209377 -0.321027 -0.319305 -0.270038 -0.243094 
-0.353791 -0.295993 -0.096519 -0.016924 -0.063063 -0.040793 -0.089974 -0.120983 -0.416846 -0.356238 
-0.239690 -0.235844 -0.250685 -0.174411 -0.200959 -0.216113 -0.146596 -0.054903 -0.072382 0.109544 
-0.443127 -0.461078 -0.302407 -0.108874 0.279093 0.443842 0.784460 1.508738 1.193614 0.187010 
-0.157510 -0.251344 -0.383448 -0.358132 -0.298589 -0.267875 -0.316565 -0.237093 -0.050308 0.061971 
0.156984 0.087296 0.119178 0.047214 -0.079367 -0.269707 -0.348421 -0.342570 -0.347719 -0.329586 
-0.232395 -0.015992 0.240937 0.444855 0.416897 0.024771 -0.184299 -0.143028 -0.233624 -0.270592 
-0.187579 -0.300191 -0.398328 -0.331950 -0.206722 -0.039314 0.079851 0.075809 0.118238 0.030941 
-0.262214 -0.341248 -0.287862 -0.300327 -0.304781 -0.310489 -0.400018 -0.401596 -0.387291 -0.385287 
-0.420509 -0.389827 -0.311291 -0.121080 0.092068 0.617813 0.566571 0.042093 -0.441038 -0.402084 
-0.289721 -0.270660 -0.069298 0.081007 0.044393 -0.094386 -0.145779 0.064845 0.066184 0.134483 
-0.445845 -0.472301 -0.202920 0.282138 0.862114 0.757148 0.481000 0.104094 -0.008658 -0.168506 
-0.249466 -0.265422 -0.381243 -0.293935 -0.258311 -0.206031 -0.164100 -0.113969 -0.096002 -0.284230 
-0.164951 -0.200798 -0.198092 -0.064491 -0.288634 -0.301961 -0.373181 -0.360487 -0.293828 -0.250299 
-0.130667 -0.164137 -0.134097 -0.303063 -0.286521 -0.264596 -0.374057 -0.308734 -0.303079 -0.396566 
-0.330199 -0.305391 -0.398942 -0.139143 0.239743 0.349900 0.372200 0.592421 1.058808 1.114913 
0.695325 0.514078 0.444192 0.155775 -0.056991 -0.192372 -0.315648 -0.326616 -0.319151 -0.336291 
-0.320989 -0.225787 -0.100187 0.442251 0.798689 0.652405 0.359537 -0.084575 -0.449098 -0.350610 
-0.106187 -0.131922 -0.052656 -0.085708 -0.127759 -0.242029 -0.245995 -0.102579 -0.133494 0.128807 
-0.431693 -0.469550 0.050338 0.922089 0.572714 0.285198 0.057672 -0.311176 -0.367657 -0.338957 
-0.385271 -0.332063 -0.360328 -0.260655 -0.109303 -0.019182 -0.122277 -0.116342 -0.202886 -0.328373 
-0.368231 -0.373582 -0.339762 -0.346942 -0.366687 -0.408670 -0.391882 -0.348507 -0.203816 -0.204212 
-0.134616 -0.147019 -0.227390 -0.279620 -0.309527 -0.281714 -0.290378 -0.295771 -0.344719 -0.361103 
-0.371731 -0.342258 -0.270140 0.579207 1.176048 0.632138 1.112707 2.496154 3.214766 2.730808 
2.295491 2.125236 1.386779 0.672719 0.303821 0.151085 -0.169616 -0.247022 -0.245427 -0.264366 
-0.219111 -0.141923 0.175139 1.251175 2.095084 1.666586 1.002250 0.260588 -0.408591 -0.349841 
-0.201302 -0.198572 -0.136571 -0.154500 -0.277111 -0.344755 -0.277022 -0.197061 -0.131394 0.144123 
-0.418977 -0.473012 -0.288473 -0.199655 -0.243190 -0.233021 -0.141105 -0.290720 -0.375800 -0.319818 
-0.233362 -0.080120 -0.144967 -0.103655 -0.127408 -0.075773 -0.134058 -0.081330 -0.068673 -0.056133 
-0.063828 0.027431 -0.167180 -0.217992 -0.246751 -0.172490 0.046511 0.055245 -0.024736 -0.150643 
-0.113579 -0.084236 -0.151588 -0.218389 -0.239627 -0.295750 -0.259163 -0.149448 -0.051536 -0.092780 
-0.194003 -0.223739 -0.043110 -0.012477 0.063031 -0.165667 0.009065 0.295173 1.053552 0.592679 
0.149043 0.176137 -0.005781 -0.095696 -0.106869 -0.116416 -0.350037 -0.367915 -0.358714 -0.310251 
-0.291214 -0.268921 0.072127 0.636963 1.232234 0.816693 0.144074 0.011613 -0.379632 -0.428128 
-0.297798 -0.120859 0.065220 -0.058784 -0.286698 -0.385382 -0.331193 -0.147035 -0.072778 0.111929 
-0.435427 -0.475113 -0.407233 -0.395920 -0.403047 -0.422909 -0.367968 -0.363965 -0.276589 0.025252 
0.291214 0.261017 0.056401 0.063202 -0.051418 0.004267 -0.010943 0.040444 -0.010894 0.148995 
0.108357 0.200376 0.051004 0.087513 0.068094 0.009079 0.004380 -0.094355 -0.154365 -0.151374 
-0.189033 -0.239536 -0.252842 -0.237451 -0.260705 -0.289348 -0.243610 -0.164601 -0.059939 -0.130639 
-0.150909 -0.164338 -0.042743 -0.185993 -0.216680 -0.239330 -0.011541 -0.070335 0.109481 -0.083197 
-0.063742 -0.023495 -0.132687 -0.209693 -0.054894 -0.111918 -0.372429 -0.389114 -0.397057 -0.384792 
-0.377630 -0.359522 -0.196337 0.143050 0.432138 0.109928 0.030409 0.013831 -0.361529 -0.451565 
-0.311592 -0.267669 -0.327855 -0.355514 -0.418901 -0.422765 -0.352330 -0.183091 -0.049447 0.144063 
-0.407843 -0.472696 -0.299668 -0.221895 -0.254222 -0.284609 -0.249848 -0.106498 0.232726 0.597107 
0.795353 0.585459 0.231059 0.169361 -0.010290 -0.046206 0.015822 0.156950 0.038996 0.236987 
0.149246 -0.000875 -0.196254 -0.099487 0.061782 -0.044275 -0.124973 -0.142878 -0.116574 -0.108727 
-0.054768 -0.010482 -0.003037 -0.027269 0.070681 0.050914 0.136819 0.109860 0.025828 -0.091220 
-0.077858 -0.057689 -0.019564 -0.084334 -0.232690 -0.293035 -0.194385 -0.308020 -0.067362 -0.020765 
0.014129 0.022522 -0.136678 -0.178437 -0.075478 -0.075793 -0.326667 -0.371112 -0.331841 -0.332707 
-0.284268 -0.282854 -0.071327 0.283060 0.427654 0.163070 0.050755 0.032029 -0.408753 -0.443276 
-0.280907 -0.284809 -0.336910 -0.353077 -0.397614 -0.365029 -0.240088 -0.045522 0.002603 0.093863 
-0.470788 -0.477220 -0.416821 -0.366693 -0.399964 -0.393359 -0.157171 0.551239 1.344808 1.203993 
1.299329 0.693972 0.016245 -0.073446 -0.018825 -0.018125 0.058771 0.061379 0.128064 0.077177 
-0.065941 -0.329020 -0.301871 -0.303707 -0.279276 -0.351473 -0.320510 -0.263128 -0.212451 -0.207779 
-0.169217 -0.223577 -0.244320 -0.220731 -0.089789 -0.194858 -0.131881 -0.027091 -0.086949 -0.126952 
-0.148033 -0.133330 -0.158759 -0.280220 -0.326708 -0.348005 -0.248869 -0.235839 -0.178481 -0.143489 
-0.131299 -0.153336 -0.210236 -0.231230 -0.247470 -0.294255 -0.403024 -0.413332 -0.383563 -0.379218 
-0.346060 -0.341013 -0.252872 -0.183256 0.002676 -0.156796 -0.115723 -0.003756 -0.411859 -0.465082 
-0.333659 -0.321472 -0.343406 -0.327809 -0.367118 -0.375996 -0.238926 -0.054077 -0.005273 0.227603 
-0.508575 -0.470678 -0.421308 -0.366004 -0.290816 -0.258805 0.014517 0.335551 0.472092 0.415577 
0.331749 0.014288 -0.287989 -0.192902 0.058470 0.016924 0.015635 -0.015423 -0.032356 -0.193137 
-0.289111 -0.299962 -0.233472 -0.190058 -0.225358 -0.234894 -0.179613 -0.125354 -0.076246 -0.035153 
0.027375 -0.037440 -0.068925 -0.254868 -0.144749 0.137037 0.331192 0.187597 -0.198490 -0.094820 
-0.055448 -0.019296 0.010205 0.052594 -0.031688 -0.273769 -0.295545 -0.323795 -0.331976 -0.341757 
-0.345050 -0.339847 -0.333184 -0.291426 -0.299996 -0.299595 -0.234917 -0.257023 -0.270325 -0.278634 
-0.250787 -0.212662 -0.091289 0.112161 0.201676 0.006230 -0.050969 -0.067631 -0.441998 -0.435701 
-0.250271 -0.243533 -0.237885 -0.229236 -0.261995 -0.245403 -0.105872 -0.047501 0.014600 0.148631 
-0.472335 -0.483125 -0.315475 -0.211602 -0.145209 -0.160563 0.061512 0.350319 0.718319 0.567246 
0.507638 0.188910 -0.217151 -0.102750 0.030884 0.025436 -0.060990 -0.157226 -0.182024 -0.250785 
-0.352284 -0.285719 -0.168810 -0.165182 -0.111273 -0.009972 -0.031327 -0.005368 0.072909 0.044924 
0.016364 0.006172 -0.055133 -0.117396 -0.262250 -0.326018 -0.400526 -0.328723 -0.400451 -0.248978 
-0.141937 -0.051552 0.167513 0.238389 0.281395 -0.147712 -0.233325 -0.245348 -0.261122 -0.249779 
-0.205550 -0.080490 0.191745 0.256111 0.261193 0.491169 0.231143 0.174715 0.023638 -0.148726 
-0.053012 0.064985 0.045610 0.124369 0.155983 -0.106277 -0.165768 -0.162490 -0.462035 -0.386498 
-0.180360 -0.119605 -0.051656 -0.058076 -0.165236 -0.193604 -0.085714 0.029144 0.093906 0.094442 
-0.399654 -0.467303 -0.358994 -0.242019 -0.168468 -0.052537 0.230283 1.167329 1.613803 1.251115 
0.976531 0.398914 -0.203446 -0.005438 0.205871 0.259850 0.030436 0.010453 -0.036599 -0.167037 
-0.231367 -0.101882 -0.009278 0.022121 -0.090020 -0.060181 0.048400 0.230308 0.287767 0.302420 
0.170801 0.081699 0.038332 0.064972 -0.084773 -0.237269 -0.356777 -0.386637 -0.383129 -0.243283 
-0.111993 0.022555 0.186229 -0.054337 -0.130406 -0.299521 -0.341958 -0.279550 -0.234596 -0.184295 
-0.107637 0.192158 0.383024 0.510990 0.850671 0.748940 0.081644 -0.031065 -0.021477 0.000540 
0.089526 0.179628 0.020333 -0.126723 -0.035908 -0.142722 -0.125383 -0.134434 -0.462426 -0.363900 
-0.125809 -0.044313 -0.002463 -0.070573 -0.078273 -0.014221 0.071326 -0.070083 -0.046246 0.148487 
-0.421490 -0.456662 -0.438392 -0.310035 -0.186777 -0.138186 0.323385 1.341667 2.080047 1.466576 
1.281285 0.645997 0.039226 0.367134 0.434855 0.412041 0.183382 0.157533 0.161474 -0.078468 
-0.179783 -0.038401 -0.115950 -0.093703 0.012889 0.086438 0.221688 0.233304 0.398486 -0.000376 
0.580899 0.885849 0.608190 0.333322 0.084102 -0.152398 -0.339918 -0.401161 -0.357275 -0.184463 
0.049035 0.116591 -0.106041 -0.267491 -0.298955 -0.381330 -0.311288 -0.199105 -0.157056 0.039820 
0.132137 0.673405 0.934100 0.791908 0.467438 0.394153 0.204007 0.135261 0.336515 0.569726 
0.674377 0.641871 0.184046 -0.193217 -0.345634 -0.318645 -0.322102 -0.364102 -0.458750 -0.309607 
-0.124753 -0.069315 -0.015482 -0.084768 -0.124576 -0.156770 0.031644 0.069389 0.015343 0.154203 
-0.493019 -0.463280 -0.437523 -0.287242 -0.157491 -0.089522 0.286270 0.360677 0.890346 0.750157 
0.323166 0.159277 -0.183606 -0.099657 -0.015923 -0.019352 -0.130583 -0.144188 -0.151757 -0.180767 
-0.263754 -0.012126 -0.043859 0.045357 0.081695 0.112215 0.251825 0.673817 1.009230 4.588945 
2.171386 0.585834 0.676817 0.059532 0.087989 0.034677 -0.136093 -0.072506 0.025667 -0.094054 
-0.216656 -0.226032 -0.163884 -0.147109 -0.165798 -0.163595 -0.068860 -0.061602 0.425015 0.584529 
0.180405 0.037100 0.087186 0.025132 0.115264 -0.061343 -0.223257 -0.199013 -0.178601 -0.205074 
-0.077232 -0.113846 -0.269475 -0.267516 -0.309317 -0.312275 -0.361915 -0.307910 -0.270219 -0.182918 
-0.184857 -0.247441 -0.218284 -0.193553 -0.151109 -0.187863 -0.078744 0.034792 -0.119621 0.164227 
-0.474251 -0.444480 -0.383353 -0.316617 -0.237347 -0.193431 0.004488 0.025582 0.199262 0.029959 
-0.020413 0.051752 -0.205242 -0.233919 -0.184316 -0.208925 -0.249092 -0.196677 -0.170391 -0.127560 
-0.145931 -0.031475 -0.035481 0.001534 -0.008757 0.065656 0.167240 0.426682 0.176671 -0.130271 
-0.148648 -0.161381 -0.214253 -0.326656 0.043135 -0.098182 0.004776 -0.006025 -0.146667 -0.223125 
-0.192893 -0.164879 0.003658 0.182363 0.223940 0.040837 0.002650 -0.059430 -0.280674 -0.314011 
-0.250041 -0.277268 -0.013821 0.007808 -0.055156 -0.238903 -0.379985 -0.376491 -0.370724 -0.388172 
-0.303466 -0.316456 -0.282323 -0.087797 0.192042 0.267049 0.072083 0.016060 -0.203277 -0.248392 
-0.285696 -0.295609 -0.248011 -0.193252 -0.143247 -0.125907 -0.146227 -0.077415 -0.118221 0.152262 
-0.365197 -0.448795 -0.423874 -0.337102 -0.257370 -0.305723 -0.121716 0.171844 0.475913 0.112780 
-0.032062 -0.062947 -0.262928 -0.217666 -0.156987 -0.143673 -0.182467 -0.100989 0.008965 -0.089780 
-0.082084 -0.092805 -0.001010 0.041781 0.006010 -0.012165 0.073277 -0.180789 -0.261287 -0.339690 
-0.333210 -0.352678 -0.328227 -0.426332 -0.390451 -0.191924 -0.167080 -0.145209 -0.156041 -0.182432 
-0.132368 -0.026490 0.122925 -0.010297 0.016244 -0.059928 0.053155 0.302288 0.118945 -0.051429 
0.165624 0.119639 0.108607 -0.087982 -0.175958 -0.249066 -0.402548 -0.385458 -0.320848 -0.339778 
-0.298487 -0.241367 -0.001845 0.053815 0.201148 0.220403 0.066392 0.112252 -0.185735 -0.251265 
-0.276058 -0.223162 -0.167969 -0.138538 -0.099151 -0.091232 -0.091930 -0.013507 -0.101444 0.194389 
-0.480954 -0.442515 -0.463063 -0.360959 -0.206434 -0.172191 0.015468 0.220177 0.373864 0.081954 
0.063019 0.056090 -0.026274 0.106278 -0.005778 -0.037485 -0.061635 -0.085175 -0.018612 -0.148326 
-0.094915 -0.066728 0.003742 0.017815 -0.009945 -0.004625 -0.118133 -0.085499 -0.077898 -0.289478 
-0.339794 -0.254258 -0.271718 -0.359394 -0.284574 -0.333346 -0.193141 -0.080025 0.021275 0.070131 
0.290511 0.462371 0.334875 0.220929 0.114321 0.167414 0.502981 0.947033 0.979557 0.986514 
1.254599 0.971645 0.591269 0.129064 -0.118573 -0.178771 -0.357039 -0.279769 -0.257035 -0.290030 
-0.247999 -0.269973 0.022188 0.355968 0.861805 0.716516 0.406294 0.400617 -0.076374 -0.202675 
-0.174685 -0.157479 -0.067494 -0.062099 -0.029200 -0.049297 0.010405 0.125501 -0.089586 0.151252 
-0.512362 -0.448614 -0.394563 -0.217586 -0.207516 -0.174176 -0.144341 -0.100792 0.232186 0.076959 
0.034592 -0.059985 -0.182835 0.018154 -0.214791 -0.175780 -0.076867 -0.046791 0.053509 -0.075128 
-0.117422 -0.062156 -0.067237 0.033231 0.066323 0.077902 -0.004960 -0.051151 -0.259142 -0.385825 
-0.206593 -0.183005 -0.372571 -0.413200 -0.362723 -0.193808 -0.009304 0.044042 0.155448 0.148916 
0.026776 -0.087858 -0.159822 -0.152588 -0.178082 -0.088294 -0.042276 0.178524 0.345234 -0.027267 
-0.086526 -0.195199 -0.129525 -0.206596 -0.265797 -0.223787 -0.379815 -0.332337 -0.238669 -0.322707 
-0.233572 -0.210107 -0.015193 0.234616 0.557139 0.441031 0.088735 -0.038991 -0.333235 -0.356911 
-0.181814 -0.094177 -0.008813 -0.004350 0.008361 0.043038 0.002272 0.090384 -0.161077 0.146360 
-0.465848 -0.437062 -0.402297 -0.271351 -0.275160 -0.213327 0.086853 0.330057 0.387786 0.130938 
-0.060806 -0.073490 -0.295016 -0.273632 -0.123533 -0.041148 0.141211 0.125206 0.249154 0.220735 
-0.009521 0.009049 0.123603 0.134742 0.150010 0.150019 0.076675 0.005805 0.004765 -0.185883 
-0.244558 -0.236100 -0.333050 -0.294705 -0.051884 0.069445 0.144834 0.221639 0.129964 0.016911 
-0.062948 -0.071103 -0.076581 -0.147857 -0.142639 -0.107464 -0.100985 -0.175794 -0.143956 -0.287473 
-0.256904 -0.223784 -0.284392 -0.310906 -0.349360 -0.312034 -0.265211 -0.303029 -0.300038 -0.317547 
-0.273181 -0.264268 -0.079616 0.807285 0.991454 0.362371 0.152508 -0.049087 -0.384864 -0.366345 
-0.111542 0.032812 0.044324 0.101304 0.128738 0.128790 0.013938 0.182205 -0.004308 0.157871 
-0.456929 -0.459797 -0.441467 -0.313949 -0.193716 -0.101683 -0.062622 0.008244 0.131039 -0.002257 
-0.029042 -0.030804 -0.196773 0.037976 0.386708 0.466523 0.643196 0.771581 0.788829 0.497560 
-0.078146 -0.057240 0.012638 0.011657 0.087459 0.132427 0.184916 0.124040 0.007553 0.051273 
0.271702 -0.039142 -0.127945 0.148203 0.169527 0.315740 0.441536 0.447281 0.254643 0.125342 
0.026795 -0.064015 -0.077576 -0.002651 0.041770 0.060281 0.082957 -0.050991 -0.131425 -0.246573 
-0.284037 -0.252026 -0.322904 -0.274543 -0.188409 -0.222843 -0.212791 -0.200873 -0.255495 -0.239705 
-0.237039 -0.177939 0.085988 0.422297 0.958621 0.978235 0.516070 -0.064688 -0.459329 -0.332462 
-0.017003 0.030414 -0.003545 0.076667 0.065530 -0.016101 -0.169179 -0.017567 -0.160758 0.086996 
-0.435116 -0.461513 -0.382266 -0.260230 -0.110871 -0.057986 0.084421 0.062586 0.149242 0.099874 
0.141644 0.146065 0.671326 1.180158 1.764066 2.012256 2.048928 1.733274 1.167918 0.515584 
-0.017917 0.014175 0.084291 0.002860 0.124105 0.227246 0.305728 0.276044 0.133749 0.119568 
0.018281 0.068335 0.159019 0.190571 0.359487 0.965679 1.176696 0.454850 0.326501 0.267617 
0.082366 0.037445 0.133225 0.209719 0.124893 0.003763 0.030932 0.029691 -0.134263 -0.301819 
-0.383430 -0.391708 -0.329372 -0.183473 -0.169246 -0.083763 -0.032059 0.105950 -0.056993 -0.125276 
-0.046637 0.173219 0.791245 1.227110 1.424207 0.763877 0.213752 0.007305 -0.397713 -0.266902 
-0.001413 0.093227 0.108538 0.204670 0.019488 -0.067274 -0.264530 -0.251022 -0.181656 0.175828 
-0.468546 -0.467167 -0.360388 -0.128811 0.049818 -0.004032 0.141204 0.329263 0.337862 -0.054586 
-0.070776 -0.023658 0.371142 0.490243 0.482711 0.443361 0.441951 0.205454 0.051096 -0.127368 
-0.432655 -0.323555 -0.032330 0.018167 0.090063 0.164270 0.219616 0.284071 0.391093 0.373720 
0.398884 0.244057 0.281870 0.303379 0.505844 0.684996 0.449184 -0.138033 -0.130812 0.020418 
-0.038679 -0.039690 0.069475 0.013806 -0.041113 -0.039248 -0.049661 -0.127567 -0.173461 -0.310689 
-0.359449 -0.268477 -0.074877 -0.092892 -0.197165 -0.099711 -0.073715 -0.079838 -0.270369 -0.277249 
-0.147237 -0.108360 0.133406 0.494756 0.597287 0.334174 -0.024865 -0.030773 -0.427612 -0.386216 
-0.133964 -0.098466 -0.166778 -0.034704 -0.111367 -0.206802 -0.213823 -0.053446 0.025931 0.273766 
-0.482240 -0.448874 -0.348870 -0.295313 -0.157273 -0.158902 -0.041788 0.142301 0.162312 -0.199371 
-0.313005 -0.254035 -0.036345 -0.136557 0.077158 0.209235 -0.016775 -0.071605 -0.180291 -0.202887 
-0.420109 -0.271343 -0.114666 -0.028174 0.191254 0.281254 0.391952 0.274457 0.307975 0.284779 
0.235930 0.258777 0.248978 0.185068 0.119500 -0.218658 -0.226422 -0.072068 -0.205379 -0.155404 
0.054491 0.162221 0.048423 -0.008372 -0.079179 -0.093132 -0.156274 -0.305454 -0.307133 -0.301164 
-0.183369 -0.199750 -0.168642 -0.175521 -0.109471 0.064783 -0.049073 -0.111066 -0.222945 -0.280810 
-0.259734 -0.233485 -0.031187 0.228369 0.398433 0.125691 -0.090401 -0.069705 -0.395809 -0.424254 
-0.335680 -0.281031 -0.218186 -0.127007 -0.222796 -0.219774 -0.131796 -0.013171 0.076417 0.284786 
-0.477970 -0.446498 -0.400784 -0.301667 -0.169179 -0.109186 0.045294 -0.157534 -0.129936 -0.124176 
-0.281393 -0.274924 -0.017351 0.229815 0.449698 0.732580 0.250098 0.195971 0.094167 -0.042507 
-0.425173 -0.252551 -0.063104 0.029408 0.120102 0.080093 0.115969 0.005997 -0.028915 0.038042 
0.062843 0.038188 -0.014854 0.073802 0.094607 0.050173 -0.069455 -0.091098 -0.080330 0.064895 
0.091365 0.058527 -0.015741 -0.028983 -0.048874 -0.100910 -0.109782 -0.059035 -0.083086 -0.189713 
-0.159165 -0.176668 -0.062097 0.035474 0.075878 0.079021 -0.114468 -0.173096 -0.210820 -0.276147 
-0.243042 -0.188251 -0.066546 0.043052 0.078578 -0.049660 -0.088114 -0.070246 -0.412892 -0.432797 
-0.327211 -0.226659 -0.125381 -0.113674 -0.183391 -0.205532 -0.167431 -0.010805 0.045268 0.089846 
-0.447314 -0.446749 -0.392889 -0.278384 -0.257182 -0.247401 -0.179992 -0.395566 -0.369922 -0.320160 
-0.355267 -0.372745 -0.354226 -0.358922 -0.330923 -0.243878 0.261065 0.325293 0.133456 -0.032930 
-0.443780 -0.307359 -0.083215 0.026108 0.095552 0.024618 -0.003592 -0.058069 -0.024795 0.079612 
0.043662 0.068293 0.103075 0.085191 0.035515 0.127215 0.118991 0.128419 -0.002673 -0.090733 
-0.149821 -0.112270 -0.113048 -0.163733 -0.142708 -0.143006 -0.061568 -0.014024 -0.013647 -0.086839 
-0.087115 -0.094272 0.013268 0.214287 0.190027 0.192209 0.113554 0.081907 0.088782 -0.008812 
-0.140684 -0.164174 -0.264836 -0.331706 -0.242206 -0.257425 -0.248210 -0.270348 -0.433832 -0.431152 
-0.272819 -0.148722 -0.091325 -0.096070 -0.113273 -0.159090 -0.064295 0.069571 0.089985 0.133283 
-0.427853 -0.452493 -0.360631 -0.256736 -0.214806 -0.202357 -0.090454 -0.221785 -0.244420 -0.275314 
-0.310973 -0.277327 -0.209257 -0.092314 0.482252 1.137789 1.522651 1.017135 0.165694 -0.088072 
-0.435995 -0.378307 -0.028861 0.094922 0.146559 0.040113 -0.078739 -0.058410 0.025574 0.142692 
0.124074 0.097012 0.110521 0.105893 0.366397 0.473029 0.110766 -0.006425 -0.016659 -0.097047 
-0.090684 -0.094775 -0.033674 -0.098894 -0.048209 -0.047559 -0.018132 0.004500 -0.024222 -0.151490 
-0.192670 -0.198524 -0.147604 -0.105748 -0.189380 -0.163525 -0.072580 -0.009292 -0.048486 -0.156405 
-0.264009 -0.269632 -0.228118 -0.134272 0.011544 -0.096137 -0.233978 -0.232590 -0.349687 -0.223125 
-0.026051 -0.027374 -0.024248 -0.015241 -0.030604 -0.064801 -0.054611 0.256896 0.399629 0.192336 
-0.431832 -0.444091 -0.335997 -0.233960 -0.156180 -0.114370 0.002250 0.033142 0.036014 -0.015000 
-0.106335 0.027222 0.159123 0.572371 0.774653 1.085092 1.004722 0.361688 -0.031088 -0.020642 
-0.401942 -0.269729 0.270246 0.239902 0.243390 0.305798 0.258120 0.310529 0.389145 0.333687 
0.314801 0.335393 0.426558 0.420894 0.550400 0.446768 0.153182 0.132894 0.126790 -0.000320 
0.041806 0.004893 0.065633 0.010161 0.008315 0.020881 0.053810 0.118080 0.078211 -0.099242 
-0.238359 -0.301286 -0.344356 -0.356676 -0.280501 -0.302172 -0.190738 -0.128403 -0.108808 -0.160142 
-0.124934 -0.040681 0.124693 0.276241 0.369516 0.232415 -0.023182 0.044226 -0.184040 -0.090365 
0.029907 -0.026504 0.176523 0.391656 0.296973 0.074585 -0.009850 -0.011680 -0.080459 0.083992 
-0.444864 -0.419133 -0.348669 -0.253262 -0.081672 -0.105905 -0.106431 -0.135676 -0.227248 -0.263304 
-0.311422 -0.263069 -0.165986 -0.185315 -0.177838 -0.050072 0.241017 0.159410 0.138810 0.250822 
-0.353068 -0.162414 0.638806 0.609595 0.522206 0.620720 0.672873 0.724737 1.174029 1.224428 
1.365597 1.455800 1.347414 1.657758 1.384388 0.704673 0.303113 0.177907 0.146030 0.187250 
0.233513 0.156742 0.125740 0.059409 0.040950 0.066657 0.084115 0.041699 0.038331 -0.091189 
-0.221077 -0.195905 -0.214336 -0.226752 -0.077908 0.064427 0.286797 0.146527 0.121035 -0.008590 
-0.123563 -0.157518 -0.060122 -0.011589 0.154108 0.208273 0.027179 0.080333 -0.184395 -0.193718 
0.064899 0.225326 0.373251 0.466102 0.111215 -0.028669 -0.083126 0.150440 0.066655 0.135788 
-0.439989 -0.442547 -0.374146 -0.281496 -0.201281 -0.215564 -0.250506 -0.298260 -0.298193 -0.255737 
-0.233601 -0.380365 -0.409504 -0.405896 -0.352082 -0.290987 -0.208591 -0.173586 -0.178354 -0.248283 
-0.149535 0.339403 1.105226 1.294093 1.464908 1.487487 1.602726 1.995775 2.321807 2.191698 
2.129343 1.747708 1.546867 1.157938 0.822247 0.507467 0.301477 0.299113 0.411493 0.530108 
0.480976 0.313556 0.303898 0.198057 0.270971 0.387289 0.465749 0.507940 0.531547 0.427356 
0.165884 0.058983 -0.007677 -0.039672 0.066808 0.148874 0.280284 0.284157 -0.004197 -0.070124 
-0.279371 -0.280367 -0.084150 0.204071 0.507357 0.814192 0.679386 0.247554 -0.090363 0.132364 
0.580839 0.568624 0.487597 0.207688 -0.086554 -0.136914 -0.201267 -0.124442 0.115476 0.316987 
-0.471443 -0.450764 -0.391467 -0.242390 -0.139860 -0.158661 -0.112156 -0.126850 -0.120498 -0.218496 
-0.291976 -0.227513 -0.271653 -0.304044 -0.285422 -0.350372 -0.405273 -0.385273 -0.310358 -0.172836 
0.324376 0.181357 0.161788 0.151442 0.368474 0.281850 0.236318 0.324140 0.420314 0.149358 
0.035859 0.013970 -0.103833 -0.117804 -0.039804 -0.068415 -0.277238 -0.184094 -0.116403 -0.072420 
0.023889 -0.088380 -0.015227 0.075440 0.215775 0.199780 0.132336 0.223553 0.144705 -0.004962 
-0.229944 -0.218240 -0.140700 -0.099297 0.039054 0.196021 0.059135 0.015947 -0.202991 -0.225777 
-0.304773 -0.234459 0.041411 0.465738 0.687263 0.362729 0.187828 0.014861 -0.254207 -0.147862 
-0.024398 -0.150950 -0.221550 -0.188408 -0.202946 -0.170067 -0.105556 0.366642 0.343263 0.100564 
-0.317648 -0.402146 -0.250093 -0.114458 0.004110 -0.008709 0.086332 0.385172 0.304112 0.335292 
0.359790 0.564606 0.624209 0.954927 0.790633 0.437121 0.178620 -0.038966 -0.082900 -0.168761 
-0.130792 -0.215485 -0.133290 0.003700 0.286619 0.112702 -0.200546 -0.235678 -0.101305 -0.223130 
-0.239910 -0.210769 -0.237680 -0.271026 -0.183029 -0.223751 -0.285208 -0.129585 -0.084222 -0.033194 
0.146368 0.090758 0.124852 0.175711 0.150345 0.116871 0.035180 0.014028 -0.077227 -0.178029 
-0.245031 -0.163828 0.144604 0.086060 -0.072072 -0.119023 -0.193802 -0.228531 -0.296926 -0.326955 
-0.336118 -0.186678 0.342824 0.795740 0.945549 0.722326 0.298005 0.105151 -0.270467 -0.275827 
-0.191066 -0.158280 -0.184797 -0.118923 -0.022340 0.016728 0.029980 -0.031584 -0.106400 0.327137 
-0.276427 0.256059 0.715223 0.439879 0.083985 0.260756 0.378683 0.120318 0.444713 0.788070 
0.717726 0.894244 0.399730 -0.032696 -0.262177 0.093495 -0.124721 -0.052792 -0.048722 -0.305651 
-0.294867 -0.296862 -0.209486 -0.035330 -0.121007 -0.180615 -0.284041 -0.289503 -0.210014 -0.212411 
-0.290969 -0.253547 -0.154761 0.345185 0.598507 0.546409 0.520234 0.606809 0.491875 0.492745 
0.490906 0.400396 0.395408 0.317754 0.165513 0.082876 -0.038487 -0.069264 -0.061943 -0.135199 
-0.100567 0.028634 0.249767 0.158725 -0.077461 -0.207426 -0.201761 -0.252806 -0.306840 -0.298769 
-0.234924 0.101770 0.682778 0.857763 0.677088 0.366346 -0.022777 -0.104917 -0.382005 -0.369451 
-0.219095 -0.182823 -0.193477 -0.114931 -0.096364 -0.158443 -0.154755 0.173433 0.143719 0.250521 
3.379354 2.444755 -0.155843 0.078298 0.673758 0.575523 0.720221 2.473123 2.588102 1.679591 
0.463916 -0.208865 0.700280 0.849000 0.512210 0.278903 0.388697 0.148301 0.029260 -0.255048 
-0.417486 -0.427994 -0.406345 -0.422981 -0.331760 -0.324197 -0.353665 -0.355192 -0.378905 -0.369421 
-0.406189 -0.206222 0.581006 1.412361 1.850377 1.700369 1.631945 1.753116 1.791174 1.529676 
1.413559 1.207200 0.926135 0.581507 0.302349 0.247024 0.050024 -0.135845 -0.130871 -0.196893 
-0.074126 0.031241 0.287367 0.220718 -0.080745 -0.149661 -0.291910 -0.379658 -0.356109 -0.312879 
-0.108059 0.028638 0.195874 0.749816 0.959933 0.378665 -0.054305 -0.085301 -0.389434 -0.361227 
-0.229554 -0.220615 -0.034305 0.145804 0.113442 0.004174 0.076996 0.091204 0.294170 0.669626 
-0.106855 -0.407083 -0.005809 -0.378952 -0.187336 0.085793 0.792898 0.315283 -0.076425 -0.358368 
-0.444048 -0.227756 -0.104393 -0.368376 -0.255269 0.313212 0.241795 -0.282089 -0.413648 -0.390203 
-0.360751 -0.321452 -0.322814 -0.313882 -0.178176 -0.251753 -0.320574 -0.305881 -0.363310 -0.337433 
-0.058622 0.448934 0.974029 0.921465 0.941072 0.592116 0.533661 0.459520 0.234737 0.234269 
0.219365 0.071828 -0.065350 -0.041724 -0.210565 -0.106095 -0.066949 -0.118373 0.016933 -0.015306 
0.138052 0.270433 0.316136 0.196929 -0.181803 -0.215253 -0.289896 -0.332480 -0.239542 -0.149615 
-0.121005 0.054509 0.488696 1.352265 1.561062 0.844755 0.366483 0.076341 -0.347425 -0.361180 
-0.175860 -0.097783 0.290664 0.413232 0.196674 -0.077126 -0.193412 -0.131652 0.182299 0.139016 
-0.440655 -0.440354 -0.374842 -0.341617 -0.188213 -0.026829 0.401927 0.071558 0.207621 0.200566 
-0.243843 -0.186385 0.113983 0.152852 -0.084144 -0.288459 -0.291172 -0.274869 -0.248987 -0.297853 
-0.327887 -0.097081 0.001474 -0.076536 -0.074594 -0.214149 -0.305818 -0.250976 -0.229821 -0.139462 
0.274037 0.747246 0.942580 0.458519 0.180285 0.026826 -0.015885 0.075032 0.416992 0.293953 
0.012322 0.028338 -0.037067 0.091425 0.004437 0.088601 0.173578 0.107849 0.258401 0.189573 
0.161085 0.411202 0.490943 0.259737 -0.007931 0.037146 0.006636 -0.060073 0.091129 0.176608 
0.183144 0.159787 0.470690 0.910915 1.008963 0.378458 0.082704 0.008361 -0.360236 -0.388481 
-0.115299 0.110023 0.434061 0.427477 0.114329 -0.184349 -0.277161 -0.152304 -0.207756 -0.041152 
-0.240308 -0.469344 0.056940 0.236922 0.067145 0.911051 0.527936 -0.252850 -0.419197 -0.107498 
0.336997 -0.108276 0.091487 0.493434 -0.218457 -0.327503 -0.213750 0.109234 -0.366667 -0.338452 
-0.274695 -0.123660 -0.087814 -0.286351 -0.270848 -0.288282 -0.353510 -0.274965 -0.266496 -0.180200 
0.039692 0.199254 0.264508 -0.009897 -0.079103 -0.085293 -0.072072 -0.040055 0.139833 0.172631 
-0.168313 -0.094603 0.035638 0.126486 -0.091059 -0.050202 0.141152 0.106479 0.145725 0.166855 
0.276112 0.560815 0.704774 0.396930 0.199687 0.160408 -0.099891 -0.166679 -0.038226 -0.092593 
0.011256 0.039291 0.258643 0.482781 0.302110 0.070930 0.015856 0.032674 -0.320977 -0.325379 
-0.020555 0.074963 0.007651 -0.040197 0.021581 -0.043486 -0.145638 -0.099708 -0.121739 0.078967 
-0.401706 -0.201648 -0.317543 -0.174058 0.226259 0.056070 -0.291427 0.329650 -0.166980 0.421012 
0.116563 -0.011616 0.042830 0.083014 -0.125785 -0.142610 -0.187596 -0.305617 -0.118126 -0.071184 
0.335066 0.321532 -0.014063 -0.304482 -0.399224 -0.436428 -0.423434 -0.359507 -0.256128 -0.111717 
-0.110258 -0.249405 -0.253796 -0.253917 -0.220246 -0.203667 -0.232044 -0.221378 -0.207104 -0.182447 
-0.223142 -0.280796 -0.229705 -0.183789 -0.196593 -0.167755 -0.204211 -0.227179 -0.245166 -0.258624 
-0.138011 0.118457 0.603245 0.601728 0.406101 0.093849 -0.165424 -0.092660 0.197027 0.288407 
0.348063 0.385040 0.336527 0.313076 -0.014991 -0.117023 -0.173771 -0.163273 -0.357182 -0.328907 
0.020772 0.116743 0.080419 -0.080703 -0.167966 -0.138572 0.542662 1.389922 1.127019 0.382298 
-0.320754 -0.154785 0.025501 -0.067039 0.127513 0.081619 -0.042304 -0.176068 -0.308215 0.030107 
0.178921 0.172221 0.356691 0.369311 0.520514 -0.014574 -0.222827 -0.018558 0.077496 1.938847 
0.692966 0.305568 0.119683 -0.186127 -0.272743 -0.304505 -0.160590 -0.103175 0.127189 0.389425 
0.456867 0.439488 0.263780 -0.064925 -0.249159 -0.209211 -0.229008 -0.202054 -0.183939 -0.106867 
0.033976 0.179137 0.241654 0.194905 0.114444 0.170466 0.123485 0.127238 0.305304 0.526209 
0.924693 1.184408 1.425411 0.729082 0.161997 0.020284 -0.252754 -0.143022 0.047643 0.076013 
0.028433 0.259981 0.216777 -0.050503 -0.097763 -0.060924 -0.156500 -0.188445 -0.396076 -0.323739 
-0.066164 0.006469 0.092797 0.124785 0.154664 0.858823 0.746254 0.084078 -0.021104 0.569343 
-0.277467 0.630516 0.603727 0.091947 -0.161606 -0.286959 -0.244341 0.312641 0.094918 0.087569 
0.376136 0.675775 -0.062218 -0.164056 -0.182675 -0.017654 -0.009000 0.081223 0.208484 0.301014 
-0.134161 -0.131190 -0.079239 0.004629 0.153806 0.093017 0.167264 0.377462 0.825044 1.111988 
1.047333 1.050546 0.837171 0.465044 0.296576 0.322384 0.487366 0.737254 1.134945 1.160710 
0.868112 0.692519 0.794439 0.716714 0.443430 0.184065 0.250518 0.287668 0.814452 0.863110 
0.651063 1.028027 0.904271 0.553942 0.261492 0.119896 -0.111910 0.086550 0.114082 0.132621 
0.106816 0.064661 0.216979 0.550813 0.538069 0.169281 0.023775 -0.160590 -0.334149 -0.111812 
0.465903 0.692582 0.535588 0.430957 0.334591 0.396507 0.113127 0.001520 0.512011 1.326421 
-0.254049 -0.090820 -0.018904 0.059901 0.009990 0.080356 -0.047679 0.036586 -0.152874 0.193141 
-0.068500 -0.081604 -0.353155 -0.216126 0.179651 0.402957 0.348437 0.185797 -0.159985 -0.134130 
0.112748 0.032992 0.327663 0.013684 -0.131683 -0.123061 -0.081551 0.082320 0.228555 0.097427 
-0.119352 -0.227882 -0.177186 -0.206219 -0.198835 -0.192439 -0.147583 -0.041938 0.082146 0.137033 
0.181469 0.188764 0.136580 0.129845 -0.044377 -0.111607 0.028716 0.224757 0.375792 0.285101 
-0.012946 0.052474 0.253324 0.090334 0.054079 0.067650 -0.154293 -0.087790 -0.164517 -0.189662 
-0.008427 0.040690 0.082919 0.150437 0.180035 -0.118319 -0.154223 -0.124216 -0.070334 0.223175 
0.409069 0.197210 0.258576 -0.063355 0.479964 0.752364 0.260474 0.334114 1.887963 1.590417 
-0.306886 -0.267908 -0.213435 -0.058577 -0.118606 -0.000760 -0.080947 -0.035890 0.040064 -0.049416 
-0.080305 0.105307 -0.127518 1.238598 1.085557 0.289700 -0.038332 -0.153423 0.178313 0.211796 
0.687772 -0.035427 -0.012309 -0.176416 -0.124591 0.151412 0.402623 0.518629 0.080782 -0.116725 
-0.261455 -0.287980 -0.352674 -0.344374 -0.230981 -0.272341 -0.322542 -0.264881 -0.225912 -0.238035 
-0.283320 -0.262537 -0.248189 -0.176446 -0.233900 -0.280975 -0.253479 -0.296614 -0.315808 -0.303504 
-0.259308 -0.230021 -0.168267 -0.119274 -0.161036 -0.139484 -0.196349 -0.243686 -0.284251 -0.280906 
-0.331428 -0.277503 -0.331989 -0.325795 -0.259518 -0.247375 -0.083278 -0.057428 -0.091269 0.244690 
0.719071 0.630982 0.389192 0.479223 0.416163 -0.037113 -0.287383 -0.461319 -0.387252 -0.095103 
-0.409212 -0.199324 -0.076628 0.119738 0.103324 -0.078179 -0.125914 0.174195 0.139152 0.357986 
0.228980 0.256692 0.849542 0.229743 0.182748 0.115370 -0.027710 0.100252 -0.025520 -0.122425 
-0.176718 0.339051 0.074663 -0.200310 -0.194946 -0.058129 -0.029426 0.119547 0.203727 0.153982 
-0.050368 -0.097010 -0.180233 -0.111524 -0.106217 -0.166733 -0.182987 -0.145685 -0.248523 -0.344049 
-0.337459 -0.308845 -0.279992 -0.272966 -0.224296 -0.228699 -0.207182 -0.115499 -0.199021 -0.229791 
-0.269599 -0.258593 -0.276103 -0.261332 -0.290780 -0.280356 -0.291458 -0.247026 -0.120425 -0.072556 
-0.145735 -0.081555 -0.103529 -0.114429 -0.052339 -0.155340 -0.029424 -0.160444 -0.077786 0.139252 
0.033777 -0.066899 -0.010819 -0.007649 0.242144 0.460166 0.879825 0.690745 0.501528 0.134367 
-0.201950 -0.242117 0.488462 0.308527 0.085781 -0.021063 0.585449 0.455012 0.348754 0.490193 
0.775153 0.747376 0.395499 0.095739 0.182035 0.315126 0.494562 0.515663 0.048588 0.456257 
0.647534 0.697828 0.020941 -0.276700 -0.293730 -0.306985 -0.273214 -0.119633 0.324137 0.318574 
0.078034 -0.072795 -0.289506 -0.245503 -0.190059 -0.260004 -0.255144 -0.202073 -0.222321 -0.240122 
-0.203134 -0.212891 -0.253898 -0.263230 -0.256993 -0.237876 -0.166484 -0.104456 -0.053214 -0.032338 
0.038174 0.162605 0.115439 0.120515 0.032928 0.002043 -0.075913 0.007134 0.140628 0.112981 
-0.118089 -0.198339 -0.227131 -0.149338 0.280402 0.525982 0.487092 0.964076 -0.184235 -0.072492 
-0.063203 -0.231150 -0.120676 0.018319 -0.042918 0.555942 0.468059 -0.313810 -0.065753 0.340671 
-0.339634 -0.213240 0.222608 0.002047 0.292767 0.213954 -0.123931 0.074470 0.967664 0.746175 
1.108666 0.482943 0.083602 0.087951 -0.216091 0.739631 0.516080 0.228092 0.496720 0.271147 
0.891153 0.573953 -0.086721 -0.211794 -0.240186 -0.199923 0.079071 0.088765 0.161346 0.027015 
-0.108701 -0.146674 -0.334778 -0.158057 0.376387 0.722244 0.620266 0.308920 0.115155 0.118796 
0.167585 0.139015 0.043757 -0.078279 -0.080882 0.035074 0.193717 0.300701 0.213722 0.101934 
0.022351 0.055599 0.023677 0.026258 -0.009568 0.012777 0.039291 0.046711 0.108532 0.067842 
-0.067497 0.023718 0.167903 0.592216 0.602231 -0.193954 -0.253361 -0.300389 0.181475 0.432541 
0.511342 0.977621 1.177728 0.605308 0.357144 0.214504 0.416731 0.333828 0.355522 0.433634 
-0.479314 -0.285588 0.029794 -0.079303 -0.017337 -0.106788 0.034894 0.164446 0.550312 0.804002 
-0.043306 -0.306696 -0.088711 -0.029202 0.163640 0.298185 -0.000780 -0.066776 -0.055465 0.331479 
-0.113972 -0.182701 -0.422092 -0.439856 -0.310198 -0.227718 -0.159879 -0.179941 -0.289298 -0.345732 
-0.371536 -0.331660 -0.271106 -0.084992 0.436269 0.358914 0.648315 0.458296 0.078885 0.330911 
0.288166 0.149173 0.170645 0.231121 0.147281 0.030864 0.036174 0.123257 0.033319 -0.066754 
-0.109042 0.022599 0.038533 0.124252 0.130418 0.089074 0.065632 0.116486 0.138594 0.252635 
0.545238 0.297393 0.696354 1.308378 0.763951 0.506707 0.275667 0.315755 0.299003 0.147312 
0.071993 -0.060440 0.140202 0.226914 1.243206 1.684813 0.292563 1.741762 0.678191 0.804912 
-0.346673 0.124932 0.298132 -0.152261 0.046129 -0.148363 0.025366 0.355797 0.414624 0.271192 
0.391614 0.136653 0.384812 0.790505 0.548236 1.086113 0.987650 0.146272 0.692150 -0.070060 
-0.331773 0.003844 -0.329749 -0.257371 -0.025914 0.110229 0.156361 0.134473 -0.028324 -0.075313 
0.020757 0.229364 0.440934 0.469577 0.648014 0.781031 0.841617 0.617204 0.155491 0.074415 
0.143495 0.103031 0.005977 -0.020109 -0.014996 0.088700 0.083441 0.022735 0.254003 0.370190 
0.292450 0.038748 0.161961 0.099552 0.013180 0.036438 0.138301 0.353713 0.427406 0.104515 
-0.107555 -0.170076 0.542753 1.227969 0.170554 -0.420776 -0.322748 1.314408 1.104908 0.271756 
0.958173 0.478136 0.496266 0.125158 0.307780 -0.153398 -0.306614 -0.229613 -0.230314 0.745596 
-0.208759 -0.088674 0.306433 0.226961 0.058970 0.189396 0.129032 -0.092384 -0.004557 0.088797 
-0.036846 -0.124981 -0.316223 0.018410 0.244848 -0.376700 0.522643 1.003128 0.979915 0.382744 
-0.011246 0.598292 -0.105021 -0.072189 -0.097276 0.016505 0.189108 0.121481 0.062511 0.449199 
0.529953 0.708722 0.669843 0.961946 1.083862 0.923660 0.832221 0.383170 -0.132218 -0.227615 
-0.174619 -0.077997 -0.008638 0.031507 0.182938 0.560006 1.428347 2.357587 1.790739 0.290566 
0.295658 0.261171 0.112504 0.000657 0.012141 0.283681 0.438174 0.352821 1.257187 0.965578 
0.431360 0.293414 -0.199072 -0.356282 -0.387293 -0.004693 0.624327 0.095499 0.001144 0.890509 
0.194006 -0.186505 -0.356415 -0.182346 0.025345 -0.198008 -0.062652 -0.112625 -0.138892 0.007207 
0.214159 0.071945 0.137567 0.113949 0.636716 0.506671 0.382472 0.065038 -0.123518 -0.309042 
-0.341218 -0.252443 -0.071668 0.250637 0.353506 0.506239 0.155365 -0.170455 0.080776 0.114087 
-0.014746 0.688657 -0.268173 -0.141416 -0.117059 -0.062498 0.174599 0.265064 0.456949 0.591154 
0.546207 0.585403 0.365585 0.277965 0.396472 0.900302 0.515750 0.101720 -0.151875 0.080280 
0.353573 0.490660 0.651593 0.670888 1.267761 1.003270 0.086845 -0.189726 -0.328185 0.267757 
0.148161 0.256101 0.274921 0.240502 0.296268 0.305858 0.490993 1.424863 2.009887 0.674104 
-0.009945 0.448431 0.743813 0.127398 0.068026 -0.105098 -0.122018 -0.103966 -0.134488 -0.407372 
-0.119448 0.270422 -0.145399 0.148047 0.033849 0.094184 0.105363 -0.155392 0.256162 0.636586 
-0.409157 -0.408170 -0.345461 -0.045951 -0.113510 -0.269457 -0.466603 -0.203558 0.144551 0.070852 
-0.005044 -0.199458 -0.133480 -0.194229 -0.185477 -0.177847 0.572441 1.653236 0.714789 0.026125 
-0.219769 -0.024421 -0.314385 0.094233 0.141371 0.284372 0.718959 0.537547 0.353008 0.103145 
-0.072093 0.005085 -0.056879 -0.009826 0.076773 -0.168328 -0.265885 -0.403711 -0.288838 -0.162022 
0.503142 1.011834 0.735970 0.415689 0.134589 0.077550 0.059418 0.464347 0.043346 0.604102 
0.336967 -0.131622 0.162917 0.257743 0.445759 0.601213 1.534702 0.418084 -0.041690 0.025034 
-0.103168 -0.078299 -0.096502 -0.224495 -0.123616 -0.204823 -0.157889 -0.141011 -0.308520 0.147819 
0.360198 -0.106586 -0.063576 -0.175735 -0.299577 -0.307794 -0.161432 -0.167166 -0.093218 0.139522 
-0.485087 -0.423892 -0.365657 -0.308265 -0.243991 -0.209947 -0.117827 -0.050824 -0.038202 -0.061414 
0.034887 -0.075220 -0.147556 -0.040646 -0.112720 0.269221 0.593971 0.080109 0.161422 0.185863 
-0.088536 0.221983 0.062290 0.424510 0.188357 -0.055780 0.000171 -0.006359 -0.016614 -0.034647 
-0.039895 0.068315 0.327435 0.098671 0.277686 -0.000036 -0.154432 -0.046549 -0.052925 -0.136273 
0.531655 0.218298 -0.191671 0.376296 0.871167 0.539286 0.431784 0.427612 -0.205445 -0.149818 
0.121070 0.501393 0.391916 0.387713 0.292580 0.205759 0.136611 0.270706 -0.022023 0.221953 
0.104594 -0.269266 -0.382493 -0.013341 -0.055227 0.045496 0.222569 0.063157 -0.064646 0.020198 
-0.007305 0.275262 -0.125315 -0.265101 -0.180266 -0.004574 0.051753 0.229761 0.749556 0.764101 
-0.455610 -0.287604 -0.138930 -0.328369 -0.416978 -0.378067 -0.049937 0.136166 0.131085 0.119936 
-0.104245 -0.135837 0.177679 0.259979 0.160964 0.209751 0.215516 0.817981 0.159471 0.162012 
-0.264312 -0.156117 0.089630 -0.027321 -0.209085 -0.224850 0.544739 0.676380 0.402942 0.566176 
0.447975 0.979093 0.610640 0.186846 -0.177110 -0.136392 -0.256611 -0.304903 -0.097299 0.126065 
0.356055 0.692918 0.781679 0.200380 -0.225720 -0.220439 -0.247585 -0.298161 -0.105567 0.204601 
1.102313 0.783440 -0.012508 0.230422 0.270411 0.214422 0.462818 -0.083866 0.228636 0.620598 
0.177400 0.000236 -0.324214 -0.083630 -0.182721 -0.148662 -0.154920 0.172031 0.091323 -0.119367 
-0.138445 -0.152090 -0.065668 0.017723 0.152808 0.085595 0.406479 0.450503 0.495563 0.537779 
-0.452755 -0.287036 0.026401 0.123072 -0.118199 0.102837 0.414053 0.440948 -0.013768 -0.023327 
-0.009600 -0.004854 0.412983 0.497133 0.555751 0.474574 0.748020 0.604818 -0.110400 -0.098609 
0.731972 1.864710 0.548230 0.087907 0.029799 0.955423 0.686903 0.360045 -0.134026 0.144893 
0.473052 0.139089 0.546641 0.264520 0.517980 0.358316 0.118593 0.185212 0.358517 0.072052 
-0.231091 -0.222309 -0.373033 -0.203447 -0.137146 0.003878 -0.246919 0.154074 0.462467 0.747541 
0.097554 0.376735 -0.254112 0.160946 0.224462 0.029255 0.331601 0.214214 -0.058738 -0.084698 
0.159989 0.211128 -0.055611 0.333411 -0.064711 -0.074867 0.111052 -0.169077 0.013845 -0.116631 
-0.179536 -0.359485 -0.078388 0.250688 0.469078 0.218185 0.055995 0.180392 0.067190 0.220656 
-0.397295 -0.375272 -0.317057 -0.125645 0.525011 0.658767 0.339276 0.323221 0.067188 0.281904 
0.249983 -0.078254 0.086835 0.433569 1.054622 0.660633 -0.064364 0.054610 -0.190936 0.059385 
0.046017 -0.326024 -0.433164 -0.196742 1.084713 0.505669 -0.195258 -0.252830 0.936834 2.289164 
1.364240 0.566321 0.359716 -0.070336 -0.143917 -0.153057 0.103692 0.200637 0.208645 -0.088158 
-0.016181 0.066995 -0.119161 0.018174 0.083417 0.569566 2.258259 1.472894 0.107963 -0.185950 
-0.193515 -0.125691 -0.028481 0.617913 0.163645 0.459043 0.266161 -0.077145 0.169806 0.342952 
0.302099 -0.154814 -0.045756 -0.033988 0.256653 0.914900 0.151923 0.184552 -0.148890 -0.098992 
0.271047 0.296482 0.501948 0.156900 -0.256435 -0.015477 0.449221 0.286254 0.548680 0.722718 
-0.500081 -0.260847 0.281491 1.029390 0.696652 0.144790 0.088151 0.017301 0.068004 -0.034054 
-0.092309 -0.078992 -0.031794 0.018747 -0.001785 -0.010812 -0.132183 -0.224533 -0.154692 -0.098428 
-0.154817 0.017800 0.099579 -0.121167 -0.190824 -0.025924 -0.016164 -0.072178 -0.029453 0.168186 
0.072209 -0.264998 -0.262006 -0.111649 0.213339 0.151603 -0.008982 0.568434 0.487923 0.252137 
-0.170515 -0.175230 -0.240171 0.017565 -0.082322 0.041516 -0.377138 -0.178601 -0.162696 0.081293 
-0.281304 0.194385 -0.135185 0.080003 -0.294499 -0.184121 -0.250820 -0.169921 -0.251489 -0.237229 
0.042857 0.575117 0.818722 1.324536 0.939341 0.344146 -0.302904 -0.020292 0.002448 -0.032574 
-0.238580 -0.257383 -0.145065 -0.001972 -0.056207 -0.105629 -0.110350 0.135338 0.438335 0.390986 
-0.371517 0.173468 0.508074 0.055295 -0.143385 -0.398774 -0.111210 -0.095582 -0.163893 -0.240132 
-0.130453 0.008011 0.008236 -0.123327 -0.365054 -0.291658 -0.147792 -0.088866 -0.118988 0.073235 
0.238985 -0.082201 0.029484 0.222564 0.075123 -0.323762 -0.092225 0.070866 -0.197275 -0.053970 
-0.106474 -0.292199 -0.265587 0.052645 0.154563 0.176026 0.092106 0.370381 -0.106556 -0.239975 
-0.121096 -0.044829 0.196936 0.273015 0.283952 0.133876 -0.169538 0.196191 0.185468 0.575338 
0.930860 0.629499 0.065450 -0.379005 -0.338919 0.030741 0.381584 0.030727 -0.161721 -0.047002 
0.119670 0.228768 0.553822 -0.031277 -0.176474 -0.311669 -0.122852 0.163494 0.263788 0.331603 
0.566548 0.311365 0.248662 0.073406 0.103088 0.064067 -0.104444 -0.023246 0.035579 0.368229 
-0.346259 -0.025879 0.232152 0.148876 0.185219 -0.063868 -0.030931 -0.125649 -0.136055 -0.174990 
0.082915 0.218363 0.046524 -0.148669 -0.282666 -0.132857 -0.181992 -0.132041 0.119285 0.025016 
-0.144280 -0.058929 0.017000 -0.068868 -0.224654 0.033402 0.166296 0.327789 1.230847 0.490457 
-0.240228 -0.098754 -0.358903 -0.139898 -0.188372 -0.211316 0.252394 0.080564 -0.113010 0.256503 
0.295150 0.235817 0.696484 0.462935 0.162481 -0.117843 -0.191458 0.148175 -0.139711 0.924913 
0.388864 -0.145688 0.085675 0.074351 0.260105 0.456127 0.005990 0.322933 0.062192 0.221337 
-0.045958 -0.139395 -0.081817 -0.098107 -0.035641 -0.051984 0.197108 0.382768 0.224860 0.025679 
-0.183355 -0.179264 0.059716 -0.354738 -0.229169 0.035211 0.344482 0.424106 0.497431 0.642187 
0.047262 0.476504 -0.024484 -0.109227 -0.024422 -0.170569 -0.005712 0.220811 0.208289 0.129400 
0.323851 0.262448 0.233579 0.139533 0.020049 -0.041991 -0.087064 -0.181740 -0.108045 -0.200961 
-0.211613 -0.197080 -0.101707 -0.035027 0.139053 -0.005855 -0.125718 -0.260896 -0.401353 -0.353945 
-0.372845 -0.250675 -0.070565 -0.108747 -0.021672 0.155463 0.115556 0.284746 -0.021454 -0.083882 
-0.002333 0.330797 -0.093875 -0.200391 -0.348054 -0.179973 -0.118363 -0.363100 -0.250584 0.268582 
0.435085 0.801506 1.270357 0.714912 0.204577 0.247208 0.135275 -0.039939 0.026720 0.357691 
0.283932 0.026265 0.266128 0.225281 -0.106757 0.138617 -0.008336 -0.074268 -0.060550 0.104071 
0.152430 -0.240627 -0.172570 -0.198633 -0.097413 0.502579 0.745356 0.108311 0.073085 0.517919 
-0.462334 -0.432853 -0.410422 -0.253246 -0.330142 -0.301772 -0.059803 0.189282 0.398111 1.075105 
0.896785 0.461644 0.289818 0.216978 -0.075343 -0.255329 -0.307723 -0.327313 -0.282977 -0.083653 
0.125855 0.014480 -0.096506 -0.302620 -0.283250 -0.106842 0.000841 0.007427 -0.139386 -0.217398 
-0.194855 -0.219292 0.411569 0.041479 -0.058020 -0.093025 0.002143 0.061369 0.205418 0.173566 
0.344743 0.716667 0.233633 -0.062318 -0.001918 -0.085183 -0.064855 -0.127543 0.191821 0.795963 
0.094516 -0.355166 -0.233407 -0.348272 -0.174583 -0.308955 0.022311 -0.074984 0.310269 0.250956 
-0.140139 -0.239230 -0.251990 -0.218605 -0.196670 0.032707 0.277603 0.928649 1.603361 1.121930 
0.581059 0.132185 -0.097054 -0.124773 -0.304734 -0.313011 0.028114 0.063797 -0.122489 0.124907 
-0.519990 -0.475868 -0.151007 -0.183979 -0.299856 -0.195468 0.178770 0.050246 -0.148476 -0.070226 
-0.321383 -0.353059 -0.231830 -0.160698 -0.254175 -0.320733 -0.255753 -0.151487 -0.022418 0.201727 
0.469555 0.258978 0.196850 -0.159061 -0.252068 0.203449 0.312522 0.118125 0.085916 0.119273 
0.135953 -0.208868 -0.281845 -0.190506 0.033316 0.214956 -0.084583 -0.031123 -0.088372 0.118446 
-0.129871 -0.237402 -0.037438 0.034066 -0.290708 0.008219 0.015479 0.242549 -0.026707 -0.207069 
-0.145209 -0.277962 -0.156965 -0.270121 -0.060587 0.096369 0.223026 0.402141 0.259678 0.111969 
-0.369955 0.043086 0.201659 0.349468 0.572880 0.404152 -0.049444 -0.442841 -0.380736 -0.198250 
-0.371032 -0.284113 -0.337084 -0.159209 -0.214180 -0.285971 -0.195077 0.103681 0.692627 1.075484 
-0.445285 -0.493085 -0.315697 -0.264859 -0.214251 0.597535 0.779889 0.274336 0.236651 -0.191407 
-0.063167 0.109658 -0.036077 -0.083782 -0.108912 -0.089475 0.064537 -0.024431 0.151889 0.022737 
-0.189547 -0.021119 -0.047828 -0.156241 -0.132843 0.387454 0.233609 -0.069984 0.014477 -0.107346 
-0.197054 -0.095453 -0.003305 0.045363 -0.289361 -0.132103 -0.106321 -0.124684 -0.055211 -0.228222 
-0.251886 -0.092567 -0.062649 -0.103158 0.065990 0.546950 1.125401 0.674575 0.698490 0.095488 
0.042425 -0.055905 0.214695 0.291827 0.341710 0.258067 1.089100 0.591571 -0.339500 -0.268182 
-0.265047 0.080701 0.168297 -0.184588 -0.391518 -0.492212 -0.387864 -0.320890 -0.137077 0.439035 
0.230661 0.545605 0.171392 -0.077570 -0.183260 -0.126068 0.396208 0.451097 0.354229 0.748752 
-0.463347 -0.390343 0.175509 0.577970 1.726169 2.287461 0.909970 -0.084021 -0.070047 0.058456 
-0.135864 -0.115285 -0.104403 -0.083707 -0.044839 -0.082793 0.003125 0.160221 0.128943 0.023812 
0.546340 -0.023223 -0.424555 -0.347540 -0.013197 -0.057726 -0.161360 -0.190226 -0.205803 -0.130632 
-0.087839 0.006864 0.176024 0.047905 0.159922 0.101205 0.079962 -0.179456 -0.087261 -0.187023 
-0.178512 -0.199966 -0.151995 -0.068697 -0.010618 0.754871 0.546731 -0.307924 -0.413753 -0.139469 
0.384891 0.337976 0.789726 0.950677 0.720125 0.457505 -0.259291 -0.398294 -0.394152 -0.244945 
0.337403 0.763512 0.302981 0.254999 -0.169592 -0.433886 -0.054632 0.396052 1.010599 1.337767 
0.442209 0.014528 -0.112118 -0.096389 0.170135 0.256907 0.153152 -0.099074 1.135358 0.638181 
-0.237159 -0.372828 -0.126310 0.142558 -0.321222 -0.254035 -0.010557 0.084448 -0.356233 -0.206562 
-0.173186 -0.160932 -0.055369 -0.069218 -0.048541 0.123244 0.661049 0.887152 0.865200 0.060146 
-0.207671 -0.322099 -0.324011 -0.122905 -0.153367 -0.184264 -0.263569 -0.222236 -0.013101 -0.058234 
-0.103596 -0.149468 -0.222039 -0.141689 -0.249314 0.000535 -0.055327 -0.245753 -0.114781 -0.068926 
-0.023447 -0.131640 -0.112853 -0.117467 -0.131300 -0.403445 -0.373239 -0.374272 -0.174829 -0.262177 
0.436760 1.349689 1.997418 2.754342 2.698535 0.620932 -0.198425 -0.465347 -0.285830 -0.229191 
-0.076548 0.077726 0.603632 0.935787 0.980766 0.679562 0.004547 0.275483 -0.160604 -0.393047 
-0.435333 -0.281926 0.251769 0.344871 0.302471 -0.150930 -0.276354 0.059989 -0.057382 0.214904 
-0.436350 0.256999 0.973963 0.563458 -0.201333 -0.425067 -0.201437 -0.317791 -0.374582 -0.376150 
-0.346750 -0.265912 -0.220702 -0.145964 0.042391 1.008319 2.070992 1.224636 0.041101 -0.012479 
-0.066014 -0.354444 -0.295582 -0.267507 -0.351143 -0.382432 -0.278959 -0.155480 -0.109016 -0.022218 
0.077105 0.111055 -0.068965 -0.153711 -0.244413 -0.269186 -0.285737 -0.068747 0.101589 0.016515 
-0.161462 -0.159206 -0.084887 -0.100402 -0.104171 -0.264690 -0.337248 -0.363203 -0.184581 -0.167464 
0.031190 0.081965 -0.177954 -0.397462 -0.237022 -0.399503 -0.412545 -0.304316 0.401962 0.080502 
0.152124 0.024613 -0.038744 -0.232087 -0.260158 0.259992 2.228440 3.197871 2.851701 1.391069 
0.787680 -0.396861 -0.318866 -0.298667 -0.118232 -0.195658 -0.399184 0.107613 -0.163672 -0.058243 
-0.399097 -0.331955 -0.362987 -0.322676 -0.390610 -0.388165 -0.222081 -0.367994 -0.211053 -0.189046 
0.070014 -0.173511 -0.145606 -0.045541 0.643561 0.917046 0.341840 -0.293783 -0.368863 -0.300667 
-0.193824 -0.215430 -0.249656 -0.113592 -0.262059 -0.215120 -0.216452 0.066821 0.141266 0.144457 
0.093625 -0.090269 -0.084921 -0.040867 0.110683 0.083952 0.024860 -0.087018 -0.123358 -0.169582 
-0.167585 -0.158576 -0.153362 -0.105457 -0.156436 0.014129 0.141548 0.061658 -0.016811 -0.098541 
0.250072 0.016239 -0.381527 -0.483589 -0.216741 1.142916 0.490031 0.203467 -0.114461 0.464419 
-0.179762 0.213938 0.635879 -0.239488 -0.390550 -0.211645 0.218339 0.092750 -0.197302 -0.306692 
-0.318276 -0.392363 -0.210170 -0.281090 -0.285776 -0.354030 -0.254781 -0.141089 -0.142363 0.554871 
-0.466986 -0.436394 -0.304942 -0.296372 -0.311694 -0.326527 -0.183306 -0.082666 0.120281 -0.114146 
-0.087463 -0.007914 0.171562 0.276073 0.030158 -0.203064 0.066254 -0.260061 -0.006834 0.059049 
-0.181599 -0.225647 -0.112415 -0.176832 -0.150788 -0.208239 0.384711 0.816119 0.278931 0.054884 
0.115767 0.062874 0.140962 0.244268 0.250573 0.017523 0.097034 0.097407 0.075856 -0.076727 
0.021951 -0.023897 0.290364 0.676916 0.814384 0.895343 0.876177 1.208812 1.445729 0.819308 
-0.136633 -0.185145 0.266678 0.459199 0.570646 0.419785 -0.094810 -0.018102 -0.004547 0.458657 
0.387453 0.125263 -0.006072 -0.263423 -0.225839 -0.297458 -0.229133 -0.169672 -0.142645 -0.296321 
-0.219444 -0.138868 -0.064844 -0.071590 -0.216712 -0.217164 -0.303057 -0.319269 -0.054728 0.498503 
-0.449381 -0.371115 -0.065259 -0.132423 -0.117130 -0.192058 -0.173780 -0.042772 -0.028285 -0.041158 
0.027915 -0.221821 -0.277416 0.016563 0.724444 1.413597 0.904503 -0.279767 -0.352802 -0.324680 
-0.279284 -0.159811 -0.088252 -0.063919 -0.047955 0.110199 -0.064713 -0.056402 -0.009435 0.260060 
0.305369 0.217970 0.348565 0.437362 0.529431 0.121277 0.324731 0.454292 0.144122 0.416360 
0.794484 0.416746 0.655114 0.729864 0.198309 -0.329021 0.050495 -0.289302 -0.361493 -0.375419 
0.031912 0.224305 0.508517 0.208260 0.122380 0.634535 0.366276 0.085726 0.498499 0.986063 
0.225223 -0.423394 -0.106406 0.312251 0.399441 0.531838 0.312121 -0.022936 0.135377 -0.120395 
0.050565 0.081427 -0.199682 -0.309847 -0.261829 -0.188347 -0.135537 -0.047410 -0.005162 0.101864 
-0.037107 -0.201401 0.279273 0.145558 0.204817 0.065110 0.301258 0.442902 0.346148 -0.091610 
-0.079294 -0.195677 -0.173886 0.085794 -0.062359 -0.285879 -0.323007 -0.364548 -0.234073 -0.196360 
-0.133561 0.161196 0.348547 0.263726 0.163751 0.437333 0.967461 0.733231 1.993672 2.202575 
1.636766 1.604737 1.419203 0.710522 0.466456 0.339273 0.522730 0.272202 0.443548 1.009071 
0.404892 0.196512 -0.095080 -0.279462 -0.202240 -0.277089 -0.283043 -0.282716 -0.179304 0.339002 
0.070056 0.088171 0.510075 1.142997 0.764856 -0.045543 0.083984 0.514749 0.268081 0.286602 
0.307749 0.028285 0.010146 -0.004084 0.038787 -0.078515 -0.240156 -0.143277 0.007302 -0.055826 
-0.172332 -0.204093 -0.200647 -0.297545 -0.199623 -0.103555 -0.036106 0.068930 0.331379 0.743638 
-0.283999 -0.202107 0.359232 0.488142 1.017437 1.088641 1.531452 1.241926 0.676970 0.616625 
0.413366 0.330796 0.498574 0.986094 0.932100 0.752396 0.666796 1.022483 0.902213 0.651404 
0.784035 0.866189 1.623362 2.516968 2.688056 2.408349 1.751319 2.132495 1.538690 0.463355 
0.049476 -0.160042 -0.051364 -0.043483 -0.187892 0.159656 0.593037 1.169014 1.384081 0.924021 
0.359644 0.504107 0.917517 0.929508 1.188370 1.286262 1.340268 1.191411 1.962510 2.147297 
1.591632 1.753537 1.795915 1.576879 1.355072 1.338061 1.373480 1.223020 1.062548 0.993834 
1.092445 1.440110 1.697510 1.285111 1.100682 1.282110 1.895190 1.952262 1.376142 1.413799 
1.332598 1.072463 1.154516 1.142654 1.094123 1.027175 1.055714 1.204399 1.416980 0.354741 
